level_date,rolling_ordered_ladder_available,rolling_ordered_ladder_valid,rolling_ordered_ladder_median_abs_error,rolling_ordered_ladder_mean_abs_error,rolling_ordered_ladder_pct_within_3,rolling_ordered_ladder_pct_within_5,L4_rolling_price,L4_actual,L4_abs_error,L4_within_3,L4_within_5,L4_source_family,L4_source_type,L5_rolling_price,L5_actual,L5_abs_error,L5_within_3,L5_within_5,L5_source_family,L5_source_type,L6_rolling_price,L6_actual,L6_abs_error,L6_within_3,L6_within_5,L6_source_family,L6_source_type,L7_rolling_price,L7_actual,L7_abs_error,L7_within_3,L7_within_5,L7_source_family,L7_source_type,prev_date,range_bucket,close_position_bucket,rows_bucket,live_reference_price,live_reference_source,live_channel_state,live_channel_norm
2025-10-02,True,True,27.674792,27.822396,0.0,0.0,3884.8525,3867.44,17.4125,False,False,ROLLING_BASE_SUPERSET,ORIGINAL_ORACLE_PRESERVED,3871.403333,3849.38,22.023333,False,False,ROLLING_BASE_SUPERSET,ORIGINAL_ORACLE_PRESERVED,3871.3175,3832.79,38.5275,False,False,ROLLING_BASE_SUPERSET,ORIGINAL_ORACLE_PRESERVED,3850.32625,3817.0,33.32625,False,False,ROLLING_BASE_SUPERSET,ORIGINAL_ORACLE_PRESERVED,2025-10-01,RANGE_COMPRESSED_0_60,CLOSE_POS_LOWER_THIRD,ROWS_STANDARD_9_10,3865.54,PREV_CLOSE_PROXY,,NEUTRAL
2025-10-03,True,True,28.000417,24.098021,0.0,0.0,3859.91,3854.23,5.68,False,False,ROLLING_BASE_SUPERSET,EXPANDED_ORACLE_BETTER,3857.423333,3833.88,23.543333,False,False,ROLLING_BASE_SUPERSET,ORIGINAL_ORACLE_PRESERVED,3846.2075,3813.75,32.4575,False,False,ROLLING_BASE_SUPERSET,ORIGINAL_ORACLE_PRESERVED,3829.61125,3794.9,34.71125,False,False,ROLLING_BASE_SUPERSET,ORIGINAL_ORACLE_PRESERVED,2025-10-02,RANGE_NORMAL_60_120,CLOSE_POS_MIDDLE_THIRD,ROWS_STANDARD_9_10,3856.24,PREV_CLOSE_PROXY,,NEUTRAL
2025-10-06,True,True,12.66,13.466567,0.0,0.0,3855.929982,3872.61,16.680018,False,False,ROLLING_BASE_SUPERSET,ORIGINAL_ORACLE_PRESERVED,3839.41375,3851.28,11.86625,False,False,ROLLING_BASE_SUPERSET,ORIGINAL_ORACLE_PRESERVED,3818.51125,3830.61,12.09875,False,False,ROLLING_BASE_SUPERSET,ORIGINAL_ORACLE_PRESERVED,3797.60875,3810.83,13.22125,False,False,ROLLING_BASE_SUPERSET,ORIGINAL_ORACLE_PRESERVED,2025-10-03,RANGE_COMPRESSED_0_60,CLOSE_POS_UPPER_THIRD,ROWS_SPARSE_1_8,3886.43,PREV_CLOSE_PROXY,,NEUTRAL
2025-10-07,True,True,15.075,56.286563,0.0,0.0,3948.6225,3964.13,15.5075,False,False,ROLLING_BASE_SUPERSET,ORIGINAL_ORACLE_PRESERVED,3938.47,3946.24,7.77,False,False,ROLLING_BASE_SUPERSET,ORIGINAL_ORACLE_PRESERVED,3913.2875,3927.93,14.6425,False,False,ROLLING_BASE_SUPERSET,ORIGINAL_ORACLE_PRESERVED,3897.74625,3710.52,187.22625,False,False,ROLLING_BASE_SUPERSET,ORIGINAL_ORACLE_PRESERVED,2025-10-06,RANGE_NORMAL_60_120,CLOSE_POS_UPPER_THIRD,ROWS_SPARSE_1_8,3961.0,PREV_CLOSE_PROXY,,NEUTRAL
2025-10-08,True,True,0.8525,1.247994,100.0,100.0,3969.980629,3970.41,0.429371,True,True,ROLLING_CHANNEL_LEVEL_RESIDUAL,superset_base_channel_original_mean,3946.882396,3949.74,2.857604,True,True,ROLLING_SOURCE_LEVEL_RESIDUAL,superset_base_source_superset_mean,3930.865,3929.69,1.175,True,True,ROLLING_BASE_SUPERSET,ORIGINAL_ORACLE_PRESERVED,3910.8,3910.27,0.53,True,True,ROLLING_BASE_SUPERSET,ORIGINAL_ORACLE_PRESERVED,2025-10-07,RANGE_COMPRESSED_0_60,CLOSE_POS_UPPER_THIRD,ROWS_SPARSE_1_8,3984.32,PREV_CLOSE_PROXY,,NEUTRAL
2025-10-09,True,True,5.942917,36.848631,50.0,50.0,4039.386504,4038.76,0.626504,True,True,ROLLING_LEVEL_RESIDUAL,superset_base_level_original_mean,4018.186667,4019.13,0.943333,True,True,ROLLING_SOURCE_LEVEL_RESIDUAL,superset_base_source_superset_q25,3990.5775,4001.52,10.9425,False,False,ROLLING_SOURCE_LEVEL_RESIDUAL,superset_base_source_superset_q25,3850.467813,3985.35,134.882187,False,False,ROLLING_SOURCE_LEVEL_RESIDUAL,superset_base_source_superset_q75,2025-10-08,RANGE_NORMAL_60_120,CLOSE_POS_UPPER_THIRD,ROWS_SPARSE_1_8,4041.38,PREV_CLOSE_PROXY,,NEUTRAL
2025-10-10,True,True,0.766485,2.344336,75.0,75.0,3991.4675,3999.31,7.8425,False,False,ROLLING_SOURCE_LEVEL_RESIDUAL,superset_base_source_superset_q75,3980.5775,3980.31,0.2675,True,True,ROLLING_SOURCE_LEVEL_RESIDUAL,superset_base_source_superset_recent8_median,3961.971875,3961.97,0.001875,True,True,ROLLING_SOURCE_LEVEL_RESIDUAL,superset_base_source_superset_mean,3944.505469,3943.24,1.265469,True,True,ROLLING_CHANNEL_LEVEL_RESIDUAL,superset_base_channel_expanded_q75,2025-10-09,RANGE_NORMAL_60_120,CLOSE_POS_LOWER_THIRD,ROWS_STANDARD_9_10,3975.96,PREV_CLOSE_PROXY,,NEUTRAL
2025-10-13,True,True,0.13625,0.460833,100.0,100.0,4010.77625,4010.88,0.10375,True,True,ROLLING_SOURCE_LEVEL_RESIDUAL,superset_base_source_superset_recent8_median,3994.056667,3994.06,0.003333,True,True,ROLLING_BASE_SUPERSET,ORIGINAL_ORACLE_PRESERVED,3973.4025,3974.97,1.5675,True,True,ROLLING_BASE_SUPERSET,ORIGINAL_ORACLE_PRESERVED,3956.63875,3956.47,0.16875,True,True,ROLLING_BASE_SUPERSET,ORIGINAL_ORACLE_PRESERVED,2025-10-10,RANGE_NORMAL_60_120,CLOSE_POS_UPPER_THIRD,ROWS_STANDARD_9_10,4012.42,PREV_CLOSE_PROXY,,NEUTRAL
2025-10-14,True,True,11.6425,15.512852,50.0,50.0,4108.275,4108.96,0.685,True,True,ROLLING_SOURCE_LEVEL_RESIDUAL,superset_base_source_superset_q25,4095.546563,4093.64,1.906563,True,True,ROLLING_SOURCE_LEVEL_RESIDUAL,superset_base_source_expanded_q75,4056.801562,4078.18,21.378438,False,False,ROLLING_SOURCE_LEVEL_RESIDUAL,superset_base_source_superset_q75,4023.728594,4061.81,38.081406,False,False,ROLLING_LEVEL_RESIDUAL,superset_base_level_superset_q75,2025-10-13,RANGE_WIDE_120_220,CLOSE_POS_UPPER_THIRD,ROWS_SPARSE_1_8,4110.41,PREV_CLOSE_PROXY,,NEUTRAL
2025-10-15,True,True,12.20875,14.847442,25.0,25.0,4150.296017,4150.06,0.236017,True,True,ROLLING_SOURCE_LEVEL_RESIDUAL,superset_base_source_expanded_mean,4117.21875,4135.03,17.81125,False,False,ROLLING_SOURCE_LEVEL_RESIDUAL,superset_base_source_expanded_q75,4112.86375,4119.47,6.60625,False,False,ROLLING_LEVEL_RESIDUAL,superset_base_level_superset_q75,4070.31375,4105.05,34.73625,False,False,ROLLING_SOURCE_LEVEL_RESIDUAL,superset_base_source_superset_q75,2025-10-14,RANGE_NORMAL_60_120,CLOSE_POS_MIDDLE_THIRD,ROWS_STANDARD_9_10,4142.14,PREV_CLOSE_PROXY,,NEUTRAL
2025-10-16,True,True,0.756583,0.731694,100.0,100.0,4201.699375,4201.69,0.009375,True,True,ROLLING_RANGE_LEVEL_RESIDUAL,superset_base_range_superset_q25,4189.408083,4189.9,0.491917,True,True,ROLLING_ROW_LEVEL_RESIDUAL,superset_base_rows_expanded_mean,4175.865765,4177.27,1.404235,True,True,ROLLING_LEVEL_RESIDUAL,superset_base_level_superset_recent8_median,4164.01125,4162.99,1.02125,True,True,ROLLING_SOURCE_LEVEL_RESIDUAL,superset_base_source_superset_recent5_median,2025-10-15,RANGE_NORMAL_60_120,CLOSE_POS_UPPER_THIRD,ROWS_STANDARD_9_10,4208.11,PREV_CLOSE_PROXY,,NEUTRAL
2025-10-17,True,True,1.58875,4.037109,75.0,75.0,4316.730621,4305.21,11.520621,False,False,ROLLING_LEVEL_RESIDUAL,superset_base_level_expanded_q25,4287.97625,4289.52,1.54375,True,True,ROLLING_SOURCE_LEVEL_RESIDUAL,superset_base_source_expanded_q25,4274.07625,4275.71,1.63375,True,True,ROLLING_LEVEL_RESIDUAL,superset_base_level_superset_q25,4261.599687,4263.05,1.450313,True,True,ROLLING_SOURCE_LEVEL_RESIDUAL,superset_base_source_superset_q25,2025-10-16,RANGE_WIDE_120_220,CLOSE_POS_UPPER_THIRD,ROWS_EXTENDED_11_PLUS,4325.92,PREV_CLOSE_PROXY,,NEUTRAL
2025-10-20,True,True,53.521953,50.683086,0.0,0.0,4313.488125,4286.39,27.098125,False,False,ROLLING_ROW_LEVEL_RESIDUAL,superset_base_rows_original_q25,4305.143125,4249.57,55.573125,False,False,ROLLING_ROW_LEVEL_RESIDUAL,superset_base_rows_superset_q25,4270.450781,4218.98,51.470781,False,False,ROLLING_ROW_LEVEL_RESIDUAL,superset_base_rows_expanded_q25,4257.550312,4188.96,68.590312,False,False,ROLLING_ROW_LEVEL_RESIDUAL,superset_base_rows_original_q25,2025-10-17,RANGE_WIDE_120_220,CLOSE_POS_MIDDLE_THIRD,ROWS_STANDARD_9_10,4252.68,PREV_CLOSE_PROXY,,NEUTRAL
2025-10-21,True,True,13.03625,14.556598,25.0,25.0,4336.051732,4336.24,0.188268,True,True,ROLLING_LEVEL_RESIDUAL,superset_base_level_original_mean,4312.23,4302.55,9.68,False,False,ROLLING_SOURCE_LEVEL_RESIDUAL,superset_base_source_superset_q25,4292.0625,4275.67,16.3925,False,False,ROLLING_LEVEL_RESIDUAL,superset_base_level_expanded_q25,4273.435625,4241.47,31.965625,False,False,ROLLING_SOURCE_LEVEL_RESIDUAL,superset_base_source_superset_q25,2025-10-20,RANGE_WIDE_120_220,CLOSE_POS_UPPER_THIRD,ROWS_EXTENDED_11_PLUS,4356.3,PREV_CLOSE_PROXY,,NEUTRAL
2025-10-22,True,True,40.349705,38.586569,0.0,0.0,4219.622509,4243.57,23.947491,False,False,ROLLING_SOURCE_LEVEL_RESIDUAL,superset_base_source_expanded_q75,4184.370938,4216.07,31.699062,False,False,ROLLING_SOURCE_LEVEL_RESIDUAL,superset_base_source_expanded_q75,4133.909653,4182.91,49.000347,False,False,ROLLING_LEVEL_RESIDUAL,superset_base_level_superset_q75,4095.110625,4144.81,49.699375,False,False,ROLLING_SOURCE_LEVEL_RESIDUAL,superset_base_source_superset_q75,2025-10-21,RANGE_EXTREME_220_PLUS,CLOSE_POS_LOWER_THIRD,ROWS_EXTENDED_11_PLUS,4124.9,PREV_CLOSE_PROXY,,NEUTRAL
2025-10-23,True,True,69.649714,64.747119,0.0,0.0,4101.322514,4177.89,76.567487,False,False,ROLLING_SOURCE_LEVEL_RESIDUAL,superset_base_source_expanded_q75,4071.591198,4147.32,75.728802,False,False,ROLLING_SOURCE_LEVEL_RESIDUAL,superset_base_source_expanded_q75,4041.359375,4104.93,63.570625,False,False,ROLLING_LEVEL_RESIDUAL,superset_base_level_superset_q75,4025.728437,4068.85,43.121562,False,False,ROLLING_SOURCE_LEVEL_RESIDUAL,superset_base_source_expanded_q75,2025-10-22,RANGE_WIDE_120_220,CLOSE_POS_MIDDLE_THIRD,ROWS_STANDARD_9_10,4098.38,PREV_CLOSE_PROXY,,NEUTRAL
2025-10-24,True,True,4.485156,4.603874,50.0,50.0,4163.26125,4171.67,8.40875,False,False,ROLLING_SOURCE_LEVEL_RESIDUAL,superset_base_source_expanded_q75,4136.211562,4135.65,0.561563,True,True,ROLLING_ROW_LEVEL_RESIDUAL,superset_base_rows_expanded_q75,4099.636691,4099.72,0.083309,True,True,ROLLING_SOURCE_LEVEL_RESIDUAL,superset_base_source_expanded_mean,4052.078125,4061.44,9.361875,False,False,ROLLING_LEVEL_RESIDUAL,superset_base_level_superset_q25,2025-10-23,RANGE_NORMAL_60_120,CLOSE_POS_UPPER_THIRD,ROWS_STANDARD_9_10,4125.98,PREV_CLOSE_PROXY,,NEUTRAL
2025-10-27,True,True,0.14977,0.216797,100.0,100.0,4166.245148,4166.24,0.005148,True,True,ROLLING_LEVEL_RESIDUAL,superset_base_level_original_mean,4129.9225,4129.36,0.5625,True,True,ROLLING_SOURCE_LEVEL_RESIDUAL,superset_base_source_superset_recent8_median,4092.157978,4091.91,0.247978,True,True,ROLLING_RANGE_LEVEL_RESIDUAL,superset_base_range_expanded_mean,4056.551562,4056.5,0.051562,True,True,ROLLING_SOURCE_LEVEL_RESIDUAL,superset_base_source_expanded_median,2025-10-24,RANGE_NORMAL_60_120,CLOSE_POS_UPPER_THIRD,ROWS_STANDARD_9_10,4112.26,PREV_CLOSE_PROXY,,NEUTRAL
2025-10-28,True,True,0.164287,0.413614,100.0,100.0,4133.7625,4133.51,0.2525,True,True,ROLLING_SOURCE_LEVEL_RESIDUAL,superset_base_source_expanded_median,4093.404635,4092.09,1.314635,True,True,ROLLING_RANGE_LEVEL_RESIDUAL,superset_base_range_superset_mean,4059.576073,4059.5,0.076073,True,True,ROLLING_LEVEL_RESIDUAL,original_base_level_expanded_recent12_median,4025.26125,4025.25,0.01125,True,True,ROLLING_LEVEL_RESIDUAL,superset_base_level_expanded_mean,2025-10-27,RANGE_WIDE_120_220,CLOSE_POS_LOWER_THIRD,ROWS_EXTENDED_11_PLUS,3981.07,PREV_CLOSE_PROXY,,NEUTRAL
2025-10-29,True,True,0.955156,0.826012,100.0,100.0,4054.694687,4053.69,1.004687,True,True,ROLLING_SOURCE_LEVEL_RESIDUAL,superset_base_source_expanded_recent12_median,4019.814375,4020.72,0.905625,True,True,ROLLING_SOURCE_LEVEL_RESIDUAL,superset_base_source_superset_q75,3988.932172,3988.68,0.252172,True,True,ROLLING_RANGE_LEVEL_RESIDUAL,superset_base_range_original_q75,3959.238438,3960.38,1.141562,True,True,ROLLING_SOURCE_LEVEL_RESIDUAL,superset_base_source_expanded_q75,2025-10-28,RANGE_WIDE_120_220,CLOSE_POS_MIDDLE_THIRD,ROWS_STANDARD_9_10,3952.66,PREV_CLOSE_PROXY,,NEUTRAL
2025-10-30,True,True,78.788837,74.633833,0.0,0.0,4004.341875,4090.3,85.958125,False,False,ROLLING_SOURCE_LEVEL_RESIDUAL,superset_base_source_expanded_recent5_median,3970.722344,4056.8,86.077656,False,False,ROLLING_SOURCE_LEVEL_RESIDUAL,superset_base_source_expanded_q75,3952.23045,4023.85,71.61955,False,False,ROLLING_SOURCE_LEVEL_RESIDUAL,superset_base_source_superset_recent5_median,3936.39,3991.27,54.88,False,False,ROLLING_SOURCE_LEVEL_RESIDUAL,superset_base_source_superset_q75,2025-10-29,RANGE_NORMAL_60_120,CLOSE_POS_LOWER_THIRD,ROWS_EXTENDED_11_PLUS,3930.12,PREV_CLOSE_PROXY,,NEUTRAL
2025-10-31,True,True,0.143781,0.24659,100.0,100.0,4053.735409,4053.95,0.214591,True,True,ROLLING_LEVEL_RESIDUAL,superset_base_level_expanded_mean,4020.497236,4020.43,0.067236,True,True,ROLLING_SOURCE_LEVEL_RESIDUAL,superset_base_source_expanded_mean,3988.07703,3988.15,0.07297,True,True,ROLLING_ROW_LEVEL_RESIDUAL,superset_base_rows_original_q75,3959.258437,3959.89,0.631563,True,True,ROLLING_RANGE_CLOSE_LEVEL_RESIDUAL,superset_base_range_close_superset_q75,2025-10-30,RANGE_NORMAL_60_120,CLOSE_POS_UPPER_THIRD,ROWS_STANDARD_9_10,4024.28,PREV_CLOSE_PROXY,,NEUTRAL
2025-11-03,True,True,0.289971,0.463926,100.0,100.0,4042.388892,4042.58,0.191108,True,True,ROLLING_SOURCE_LEVEL_RESIDUAL,superset_base_source_expanded_mean,4013.752663,4013.99,0.237337,True,True,ROLLING_SOURCE_LEVEL_RESIDUAL,superset_base_source_superset_mean,3985.742605,3985.4,0.342605,True,True,ROLLING_RANGE_LEVEL_RESIDUAL,original_base_range_expanded_q25,3952.155347,3953.24,1.084653,True,True,ROLLING_RANGE_LEVEL_RESIDUAL,superset_base_range_expanded_mean,2025-10-31,RANGE_NORMAL_60_120,CLOSE_POS_MIDDLE_THIRD,ROWS_EXTENDED_11_PLUS,4002.19,PREV_CLOSE_PROXY,,NEUTRAL
2025-11-04,True,True,0.409218,0.543114,100.0,100.0,4037.300937,4037.15,0.150937,True,True,ROLLING_ROW_LEVEL_RESIDUAL,superset_base_rows_expanded_recent8_median,4011.40625,4011.32,0.08625,True,True,ROLLING_SOURCE_LEVEL_RESIDUAL,superset_base_source_expanded_recent20_median,3979.457769,3978.19,1.267769,True,True,ROLLING_ROW_LEVEL_RESIDUAL,superset_base_rows_superset_mean,3946.9525,3947.62,0.6675,True,True,ROLLING_ROW_LEVEL_RESIDUAL,superset_base_rows_superset_q75,2025-11-03,RANGE_NORMAL_60_120,CLOSE_POS_MIDDLE_THIRD,ROWS_STANDARD_9_10,4001.26,PREV_CLOSE_PROXY,,NEUTRAL
2025-11-05,True,True,6.434453,10.729571,50.0,50.0,3973.353123,3973.68,0.326877,True,True,ROLLING_SOURCE_LEVEL_RESIDUAL,superset_base_source_expanded_q25,3944.315938,3944.85,0.534062,True,True,ROLLING_SOURCE_LEVEL_RESIDUAL,superset_base_source_superset_q25,3929.074844,3916.74,12.334844,False,False,ROLLING_SOURCE_LEVEL_RESIDUAL,superset_base_source_expanded_q25,3918.2125,3888.49,29.7225,False,False,ROLLING_SOURCE_LEVEL_RESIDUAL,superset_base_source_expanded_q25,2025-11-04,RANGE_NORMAL_60_120,CLOSE_POS_LOWER_THIRD,ROWS_SPARSE_1_8,3931.9,PREV_CLOSE_PROXY,,NEUTRAL
2025-11-06,True,True,0.593455,0.595321,100.0,100.0,4025.40375,4026.17,0.76625,True,True,ROLLING_RANGE_CLOSE_LEVEL_RESIDUAL,superset_base_range_close_original_q25,3998.515,3999.38,0.865,True,True,ROLLING_REGIME_LEVEL_RESIDUAL,superset_base_regime_superset_q25,3971.750659,3971.33,0.42066,True,True,ROLLING_SOURCE_LEVEL_RESIDUAL,superset_base_source_expanded_recent20_median,3946.419375,3946.09,0.329375,True,True,ROLLING_LEVEL_RESIDUAL,superset_base_level_superset_median,2025-11-05,RANGE_NORMAL_60_120,CLOSE_POS_UPPER_THIRD,ROWS_STANDARD_9_10,3979.04,PREV_CLOSE_PROXY,,NEUTRAL
2025-11-07,True,True,1.255,1.337426,100.0,100.0,3994.133732,3994.41,0.276268,True,True,ROLLING_SOURCE_LEVEL_RESIDUAL,superset_base_source_superset_median,3966.45375,3965.9,0.55375,True,True,ROLLING_BASE_SUPERSET,ORIGINAL_ORACLE_PRESERVED,3941.94625,3939.99,1.95625,True,True,ROLLING_LEVEL_RESIDUAL,superset_base_level_original_recent5_median,3914.106563,3916.67,2.563437,True,True,ROLLING_LEVEL_RESIDUAL,superset_base_level_superset_q25,2025-11-06,RANGE_COMPRESSED_0_60,CLOSE_POS_LOWER_THIRD,ROWS_SPARSE_1_8,3976.93,PREV_CLOSE_PROXY,,NEUTRAL
2025-11-10,True,True,0.047418,0.075738,100.0,100.0,4017.759792,4017.8,0.040208,True,True,ROLLING_ROW_LEVEL_RESIDUAL,superset_base_rows_superset_recent5_median,3992.22224,3992.42,0.19776,True,True,ROLLING_SOURCE_LEVEL_RESIDUAL,superset_base_source_superset_mean,3968.194627,3968.14,0.054627,True,True,ROLLING_LEVEL_RESIDUAL,superset_base_level_superset_mean,3943.230357,3943.22,0.010357,True,True,ROLLING_ROW_LEVEL_RESIDUAL,superset_base_rows_original_mean,2025-11-07,RANGE_COMPRESSED_0_60,CLOSE_POS_MIDDLE_THIRD,ROWS_STANDARD_9_10,4000.84,PREV_CLOSE_PROXY,,NEUTRAL
2025-11-11,True,True,2.441426,2.841487,50.0,75.0,4158.078958,4158.14,0.061042,True,True,ROLLING_REGIME_LEVEL_RESIDUAL,superset_base_regime_original_mean,4129.929479,4131.74,1.810521,True,True,ROLLING_ROW_LEVEL_RESIDUAL,superset_base_rows_expanded_q75,4092.747945,4099.17,6.422055,False,False,ROLLING_SOURCE_LEVEL_RESIDUAL,superset_base_source_expanded_q75,4063.93767,4067.01,3.07233,False,True,ROLLING_SOURCE_LEVEL_RESIDUAL,superset_base_source_expanded_q75,2025-11-10,RANGE_NORMAL_60_120,CLOSE_POS_UPPER_THIRD,ROWS_STANDARD_9_10,4115.78,PREV_CLOSE_PROXY,,NEUTRAL
2025-11-12,True,True,7.938745,11.090957,0.0,0.0,4135.293741,4129.0,6.293741,False,False,ROLLING_RANGE_LEVEL_RESIDUAL,superset_base_range_expanded_q25,4103.699149,4097.81,5.889149,False,False,ROLLING_SOURCE_LEVEL_RESIDUAL,superset_base_source_superset_q25,4073.83375,4064.25,9.58375,False,False,ROLLING_ROW_LEVEL_RESIDUAL,superset_base_rows_expanded_q25,4057.347188,4034.75,22.597188,False,False,ROLLING_SOURCE_LEVEL_RESIDUAL,superset_base_source_expanded_q25,2025-11-11,RANGE_COMPRESSED_0_60,CLOSE_POS_MIDDLE_THIRD,ROWS_SPARSE_1_8,4126.6,PREV_CLOSE_PROXY,,NEUTRAL
2025-11-13,True,True,0.645551,1.987317,75.0,75.0,4239.81125,4233.19,6.62125,False,False,ROLLING_LEVEL_RESIDUAL,superset_base_level_expanded_q25,4203.360625,4204.6,1.239375,True,True,ROLLING_RANGE_LEVEL_RESIDUAL,superset_base_range_superset_q25,4175.846914,4175.81,0.036914,True,True,ROLLING_SOURCE_LEVEL_RESIDUAL,superset_base_source_superset_median,4146.331727,4146.28,0.051728,True,True,ROLLING_LEVEL_RESIDUAL,superset_base_level_expanded_median,2025-11-12,RANGE_NORMAL_60_120,CLOSE_POS_UPPER_THIRD,ROWS_STANDARD_9_10,4195.32,PREV_CLOSE_PROXY,,NEUTRAL
2025-11-14,True,True,24.159219,25.671414,0.0,0.0,4304.41,4270.12,34.29,False,False,ROLLING_ROW_LEVEL_RESIDUAL,superset_base_rows_original_q25,4264.281875,4239.31,24.971875,False,False,ROLLING_SOURCE_LEVEL_RESIDUAL,superset_base_source_superset_q25,4228.996562,4205.65,23.346562,False,False,ROLLING_SOURCE_LEVEL_RESIDUAL,superset_base_source_expanded_q25,4197.45722,4177.38,20.07722,False,False,ROLLING_SOURCE_LEVEL_RESIDUAL,superset_base_source_expanded_q25,2025-11-13,RANGE_NORMAL_60_120,CLOSE_POS_LOWER_THIRD,ROWS_EXTENDED_11_PLUS,4171.26,PREV_CLOSE_PROXY,,NEUTRAL
2025-11-17,True,True,83.085757,87.537879,0.0,0.0,4232.14875,4111.02,121.12875,False,False,ROLLING_RANGE_LEVEL_RESIDUAL,superset_base_range_original_q25,4168.113125,4076.11,92.003125,False,False,ROLLING_RANGE_LEVEL_RESIDUAL,superset_base_range_superset_q25,4115.75839,4041.59,74.16839,False,False,ROLLING_RANGE_LEVEL_RESIDUAL,superset_base_range_original_q25,4072.08125,4009.23,62.85125,False,False,ROLLING_RANGE_LEVEL_RESIDUAL,superset_base_range_expanded_q25,2025-11-14,RANGE_WIDE_120_220,CLOSE_POS_LOWER_THIRD,ROWS_STANDARD_9_10,4085.1,PREV_CLOSE_PROXY,,NEUTRAL
2025-11-18,True,True,0.165625,0.250573,100.0,100.0,4104.439375,4104.67,0.230625,True,True,ROLLING_RANGE_CLOSE_LEVEL_RESIDUAL,superset_base_range_close_original_q25,4068.857709,4069.43,0.572291,True,True,ROLLING_REGIME_LEVEL_RESIDUAL,superset_base_regime_superset_q25,4036.08125,4036.18,0.09875,True,True,ROLLING_LEVEL_RESIDUAL,superset_base_level_expanded_median,4005.389375,4005.49,0.100625,True,True,ROLLING_ROW_LEVEL_RESIDUAL,superset_base_rows_expanded_recent8_median,2025-11-17,RANGE_NORMAL_60_120,CLOSE_POS_MIDDLE_THIRD,ROWS_STANDARD_9_10,4045.52,PREV_CLOSE_PROXY,,NEUTRAL
2025-11-19,True,True,0.100515,0.441507,100.0,100.0,4103.84,4105.38,1.54,True,True,ROLLING_SOURCE_LEVEL_RESIDUAL,superset_base_source_superset_recent5_median,4070.675,4070.7,0.025,True,True,ROLLING_RANGE_CLOSE_LEVEL_RESIDUAL,superset_base_range_close_expanded_q25,4040.727725,4040.63,0.097725,True,True,ROLLING_ROW_LEVEL_RESIDUAL,superset_base_rows_expanded_q25,4008.206695,4008.31,0.103305,True,True,ROLLING_LEVEL_RESIDUAL,superset_base_level_superset_mean,2025-11-18,RANGE_NORMAL_60_120,CLOSE_POS_UPPER_THIRD,ROWS_STANDARD_9_10,4067.3,PREV_CLOSE_PROXY,,NEUTRAL
2025-11-20,True,True,0.026406,0.117664,100.0,100.0,4109.286533,4109.29,0.003467,True,True,ROLLING_RANGE_LEVEL_RESIDUAL,superset_base_range_superset_mean,4073.735625,4074.15,0.414375,True,True,ROLLING_RANGE_LEVEL_RESIDUAL,superset_base_range_superset_recent12_median,4040.62,4040.63,0.01,True,True,ROLLING_LEVEL_RESIDUAL,superset_base_level_superset_median,4011.047187,4011.09,0.042813,True,True,ROLLING_RANGE_LEVEL_RESIDUAL,superset_base_range_superset_q25,2025-11-19,RANGE_NORMAL_60_120,CLOSE_POS_LOWER_THIRD,ROWS_SPARSE_1_8,4077.81,PREV_CLOSE_PROXY,,NEUTRAL
2025-11-21,True,True,0.106875,0.109375,100.0,100.0,4109.47,4109.29,0.18,True,True,ROLLING_REGIME_LEVEL_RESIDUAL,superset_base_regime_original_q25,4076.12625,4075.93,0.19625,True,True,ROLLING_SOURCE_LEVEL_RESIDUAL,superset_base_source_superset_recent20_median,4043.34625,4043.38,0.03375,True,True,ROLLING_RANGE_CLOSE_LEVEL_RESIDUAL,original_base_range_close_expanded_recent8_median,4008.6575,4008.63,0.0275,True,True,ROLLING_LEVEL_RESIDUAL,superset_base_level_original_median,2025-11-20,RANGE_NORMAL_60_120,CLOSE_POS_MIDDLE_THIRD,ROWS_STANDARD_9_10,4077.2,PREV_CLOSE_PROXY,,NEUTRAL
2025-11-24,True,True,0.180317,0.151362,100.0,100.0,4112.176884,4112.0,0.176884,True,True,ROLLING_SOURCE_LEVEL_RESIDUAL,superset_base_source_superset_recent20_median,4079.68375,4079.5,0.18375,True,True,ROLLING_SOURCE_LEVEL_RESIDUAL,superset_base_source_superset_recent20_median,4046.9465,4047.0,0.0535,True,True,ROLLING_REGIME_LEVEL_RESIDUAL,superset_base_regime_original_mean,4010.651313,4010.46,0.191313,True,True,ROLLING_REGIME_LEVEL_RESIDUAL,original_base_regime_expanded_mean,2025-11-21,RANGE_NORMAL_60_120,CLOSE_POS_MIDDLE_THIRD,ROWS_STANDARD_9_10,4065.26,PREV_CLOSE_PROXY,,NEUTRAL
2025-11-25,True,True,0.309791,0.346314,100.0,100.0,4144.169375,4143.47,0.699375,True,True,ROLLING_LEVEL_RESIDUAL,superset_base_level_superset_recent8_median,4108.187917,4108.27,0.082083,True,True,ROLLING_ROW_LEVEL_RESIDUAL,superset_base_rows_superset_recent20_median,4078.2763,4078.21,0.0663,True,True,ROLLING_BASE_SUPERSET,ORIGINAL_ORACLE_PRESERVED,4045.9475,4045.41,0.5375,True,True,ROLLING_RANGE_CLOSE_LEVEL_RESIDUAL,superset_base_range_close_expanded_q25,2025-11-24,RANGE_NORMAL_60_120,CLOSE_POS_UPPER_THIRD,ROWS_STANDARD_9_10,4134.62,PREV_CLOSE_PROXY,,NEUTRAL
2025-11-26,True,True,0.264939,0.942835,75.0,100.0,4178.071041,4181.28,3.208959,False,True,ROLLING_ROW_LEVEL_RESIDUAL,superset_base_rows_expanded_q75,4146.841129,4146.58,0.261129,True,True,ROLLING_ROW_LEVEL_RESIDUAL,superset_base_rows_expanded_q75,4111.68875,4111.42,0.26875,True,True,ROLLING_SOURCE_LEVEL_RESIDUAL,superset_base_source_superset_q75,4082.0725,4082.04,0.0325,True,True,ROLLING_ROW_LEVEL_RESIDUAL,superset_base_rows_original_recent20_median,2025-11-25,RANGE_COMPRESSED_0_60,CLOSE_POS_MIDDLE_THIRD,ROWS_STANDARD_9_10,4130.64,PREV_CLOSE_PROXY,,NEUTRAL
2025-11-27,True,True,0.240393,0.286263,100.0,100.0,4172.13803,4172.25,0.11197,True,True,ROLLING_RANGE_LEVEL_RESIDUAL,superset_base_range_superset_q75,4143.039792,4143.1,0.060209,True,True,ROLLING_SOURCE_LEVEL_RESIDUAL,superset_base_source_superset_recent20_median,4108.658816,4108.29,0.368816,True,True,ROLLING_ROW_LEVEL_RESIDUAL,superset_base_rows_expanded_q25,4072.585944,4073.19,0.604056,True,True,ROLLING_SOURCE_LEVEL_RESIDUAL,superset_base_source_expanded_q25,2025-11-26,RANGE_COMPRESSED_0_60,CLOSE_POS_UPPER_THIRD,ROWS_STANDARD_9_10,4163.7,PREV_CLOSE_PROXY,,NEUTRAL
2025-11-28,True,True,1.326766,2.17885,75.0,75.0,4169.516865,4169.5,0.016865,True,True,ROLLING_LEVEL_RESIDUAL,superset_base_level_superset_recent20_median,4140.659158,4139.9,0.759158,True,True,ROLLING_SOURCE_LEVEL_RESIDUAL,superset_base_source_superset_q25,4108.195625,4110.09,1.894375,True,True,ROLLING_SOURCE_LEVEL_RESIDUAL,superset_base_source_expanded_q25,4084.625,4078.58,6.045,False,False,ROLLING_RANGE_LEVEL_RESIDUAL,superset_base_range_superset_q25,2025-11-27,RANGE_COMPRESSED_0_60,CLOSE_POS_MIDDLE_THIRD,ROWS_STANDARD_9_10,4157.37,PREV_CLOSE_PROXY,,NEUTRAL
2025-12-01,True,True,0.054687,1.035703,75.0,100.0,4237.859374,4237.83,0.029374,True,True,ROLLING_RANGE_LEVEL_RESIDUAL,superset_base_range_superset_mean,4205.154063,4209.18,4.025937,False,True,ROLLING_SOURCE_LEVEL_RESIDUAL,superset_base_source_superset_q25,4188.7775,4188.77,0.0075,True,True,ROLLING_RANGE_LEVEL_RESIDUAL,superset_base_range_expanded_recent5_median,4164.36,4164.44,0.08,True,True,ROLLING_RANGE_CLOSE_LEVEL_RESIDUAL,superset_base_range_close_superset_recent5_median,2025-11-28,RANGE_NORMAL_60_120,CLOSE_POS_UPPER_THIRD,ROWS_STANDARD_9_10,4219.51,PREV_CLOSE_PROXY,,NEUTRAL
2025-12-02,True,True,1.990775,3.712968,50.0,75.0,4233.531551,4229.6,3.931551,False,True,ROLLING_RANGE_CLOSE_LEVEL_RESIDUAL,superset_base_range_close_expanded_q25,4209.815947,4209.81,0.005947,True,True,ROLLING_SOURCE_LEVEL_RESIDUAL,superset_base_source_superset_mean,4187.27,4187.32,0.05,True,True,ROLLING_SOURCE_LEVEL_RESIDUAL,superset_base_source_superset_q75,4156.315625,4167.18,10.864375,False,False,ROLLING_SOURCE_LEVEL_RESIDUAL,superset_base_source_expanded_q75,2025-12-01,RANGE_COMPRESSED_0_60,CLOSE_POS_MIDDLE_THIRD,ROWS_SPARSE_1_8,4232.12,PREV_CLOSE_PROXY,,NEUTRAL
2025-12-03,True,True,0.087673,0.079227,100.0,100.0,4233.251562,4233.23,0.021562,True,True,ROLLING_RANGE_LEVEL_RESIDUAL,superset_base_range_original_mean,4213.36,4213.24,0.12,True,True,ROLLING_RANGE_LEVEL_RESIDUAL,superset_base_range_expanded_q25,4192.818471,4192.7,0.118471,True,True,ROLLING_ROW_LEVEL_RESIDUAL,superset_base_rows_superset_q75,4169.953125,4170.01,0.056875,True,True,ROLLING_RANGE_LEVEL_RESIDUAL,superset_base_range_expanded_recent5_median,2025-12-02,RANGE_NORMAL_60_120,CLOSE_POS_MIDDLE_THIRD,ROWS_STANDARD_9_10,4205.64,PREV_CLOSE_PROXY,,NEUTRAL
2025-12-04,True,True,1.334766,2.773353,75.0,75.0,4214.12763,4205.73,8.39763,False,False,ROLLING_RANGE_LEVEL_RESIDUAL,superset_base_range_expanded_q25,4190.36,4188.05,2.31,True,True,ROLLING_SOURCE_LEVEL_RESIDUAL,superset_base_source_superset_recent5_median,4168.279531,4167.92,0.359531,True,True,ROLLING_RANGE_LEVEL_RESIDUAL,superset_base_range_expanded_mean,4144.43625,4144.41,0.02625,True,True,ROLLING_ROW_LEVEL_RESIDUAL,superset_base_rows_superset_recent8_median,2025-12-03,RANGE_COMPRESSED_0_60,CLOSE_POS_LOWER_THIRD,ROWS_SPARSE_1_8,4202.98,PREV_CLOSE_PROXY,,NEUTRAL
2025-12-05,True,True,0.039229,0.074125,100.0,100.0,4205.563667,4205.56,0.003667,True,True,ROLLING_RANGE_LEVEL_RESIDUAL,superset_base_range_original_mean,4183.035625,4183.25,0.214375,True,True,ROLLING_SOURCE_LEVEL_RESIDUAL,superset_base_source_expanded_recent8_median,4163.96748,4164.02,0.05252,True,True,ROLLING_LEVEL_RESIDUAL,superset_base_level_expanded_mean,4143.244062,4143.27,0.025938,True,True,ROLLING_LEVEL_RESIDUAL,superset_base_level_expanded_recent20_median,2025-12-04,RANGE_COMPRESSED_0_60,CLOSE_POS_UPPER_THIRD,ROWS_SPARSE_1_8,4208.64,PREV_CLOSE_PROXY,,NEUTRAL
2025-12-08,True,True,3.3725,5.378016,50.0,50.0,4223.83675,4209.43,14.40675,False,False,ROLLING_ROW_LEVEL_RESIDUAL,superset_base_rows_superset_recent5_median,4193.924375,4188.47,5.454375,False,False,ROLLING_RANGE_CLOSE_LEVEL_RESIDUAL,superset_base_range_close_superset_q25,4170.170625,4168.88,1.290625,True,True,ROLLING_RANGE_LEVEL_RESIDUAL,superset_base_range_superset_q25,4144.009688,4144.37,0.360312,True,True,ROLLING_ROW_LEVEL_RESIDUAL,superset_base_rows_superset_q25,2025-12-05,RANGE_NORMAL_60_120,CLOSE_POS_LOWER_THIRD,ROWS_SPARSE_1_8,4199.09,PREV_CLOSE_PROXY,,NEUTRAL
2025-12-09,True,True,1.016563,1.06959,100.0,100.0,4214.156799,4214.14,0.016799,True,True,ROLLING_SOURCE_LEVEL_RESIDUAL,superset_base_source_expanded_median,4193.023437,4191.11,1.913437,True,True,ROLLING_SOURCE_LEVEL_RESIDUAL,superset_base_source_expanded_q75,4167.301562,4169.53,2.228437,True,True,ROLLING_SOURCE_LEVEL_RESIDUAL,superset_base_source_expanded_q75,4149.290312,4149.41,0.119688,True,True,ROLLING_SOURCE_LEVEL_RESIDUAL,superset_base_source_superset_q75,2025-12-08,RANGE_COMPRESSED_0_60,CLOSE_POS_MIDDLE_THIRD,ROWS_SPARSE_1_8,4190.56,PREV_CLOSE_PROXY,,NEUTRAL
2025-12-10,True,True,0.541879,0.648049,100.0,100.0,4216.513133,4215.84,0.673133,True,True,ROLLING_RANGE_LEVEL_RESIDUAL,superset_base_range_superset_q75,4192.955937,4194.44,1.484063,True,True,ROLLING_RANGE_LEVEL_RESIDUAL,superset_base_range_expanded_q75,4173.690625,4173.28,0.410625,True,True,ROLLING_SOURCE_LEVEL_RESIDUAL,superset_base_source_expanded_q75,4152.305625,4152.33,0.024375,True,True,ROLLING_LEVEL_RESIDUAL,superset_base_level_superset_q75,2025-12-09,RANGE_COMPRESSED_0_60,CLOSE_POS_UPPER_THIRD,ROWS_SPARSE_1_8,4208.1,PREV_CLOSE_PROXY,,NEUTRAL
2025-12-11,True,True,0.427625,0.538423,100.0,100.0,4211.821468,4212.52,0.698532,True,True,ROLLING_LEVEL_RESIDUAL,superset_base_level_original_recent20_median,4191.973281,4192.13,0.156719,True,True,ROLLING_REGIME_LEVEL_RESIDUAL,superset_base_regime_superset_q25,4173.91075,4173.9,0.01075,True,True,ROLLING_ROW_LEVEL_RESIDUAL,superset_base_rows_superset_mean,4155.657692,4154.37,1.287692,True,True,ROLLING_ROW_LEVEL_RESIDUAL,superset_base_rows_expanded_mean,2025-12-10,RANGE_COMPRESSED_0_60,CLOSE_POS_UPPER_THIRD,ROWS_SPARSE_1_8,4228.54,PREV_CLOSE_PROXY,,NEUTRAL
2025-12-12,True,True,0.07362,0.456511,100.0,100.0,4258.93875,4258.86,0.07875,True,True,ROLLING_REGIME_LEVEL_RESIDUAL,superset_base_regime_original_q25,4246.881303,4245.23,1.651303,True,True,ROLLING_SOURCE_LEVEL_RESIDUAL,superset_base_source_expanded_q25,4231.72849,4231.66,0.06849,True,True,ROLLING_RANGE_CLOSE_LEVEL_RESIDUAL,superset_base_range_close_superset_q25,4215.7875,4215.76,0.0275,True,True,ROLLING_ROW_LEVEL_RESIDUAL,superset_base_rows_expanded_recent20_median,2025-12-11,RANGE_NORMAL_60_120,CLOSE_POS_UPPER_THIRD,ROWS_STANDARD_9_10,4279.59,PREV_CLOSE_PROXY,,NEUTRAL
2025-12-15,True,True,0.095687,1.741724,75.0,75.0,4304.421373,4304.36,0.061373,True,True,ROLLING_LEVEL_RESIDUAL,superset_base_level_original_mean,4292.156459,4285.43,6.726459,False,False,ROLLING_RANGE_LEVEL_RESIDUAL,superset_base_range_expanded_recent5_median,4264.130938,4264.18,0.049063,True,True,ROLLING_RANGE_LEVEL_RESIDUAL,superset_base_range_expanded_recent20_median,4244.33,4244.2,0.13,True,True,ROLLING_RANGE_LEVEL_RESIDUAL,superset_base_range_original_recent20_median,2025-12-12,RANGE_NORMAL_60_120,CLOSE_POS_MIDDLE_THIRD,ROWS_SPARSE_1_8,4299.72,PREV_CLOSE_PROXY,,NEUTRAL
2025-12-16,True,True,1.297967,2.00288,75.0,75.0,4321.001837,4320.99,0.011837,True,True,ROLLING_REGIME_LEVEL_RESIDUAL,original_base_regime_superset_mean,4302.266559,4301.91,0.356559,True,True,ROLLING_RANGE_LEVEL_RESIDUAL,superset_base_range_superset_mean,4279.680625,4281.92,2.239375,True,True,ROLLING_SOURCE_LEVEL_RESIDUAL,superset_base_source_expanded_q75,4258.77625,4264.18,5.40375,False,False,ROLLING_SOURCE_LEVEL_RESIDUAL,superset_base_source_expanded_q75,2025-12-15,RANGE_NORMAL_60_120,CLOSE_POS_LOWER_THIRD,ROWS_SPARSE_1_8,4304.91,PREV_CLOSE_PROXY,,NEUTRAL
2025-12-17,True,True,0.223409,0.230897,100.0,100.0,4314.657211,4315.01,0.352789,True,True,ROLLING_RANGE_LEVEL_RESIDUAL,superset_base_range_expanded_mean,4296.789375,4297.24,0.450625,True,True,ROLLING_SOURCE_LEVEL_RESIDUAL,superset_base_source_superset_q75,4278.813854,4278.84,0.026146,True,True,ROLLING_RANGE_LEVEL_RESIDUAL,superset_base_range_expanded_q75,4258.994028,4258.9,0.094028,True,True,ROLLING_RANGE_CLOSE_LEVEL_RESIDUAL,superset_base_range_close_original_mean,2025-12-16,RANGE_NORMAL_60_120,CLOSE_POS_MIDDLE_THIRD,ROWS_SPARSE_1_8,4302.04,PREV_CLOSE_PROXY,,NEUTRAL
2025-12-19,True,True,0.090457,0.154716,100.0,100.0,4339.89299,4340.32,0.42701,True,True,ROLLING_LEVEL_RESIDUAL,superset_base_level_original_recent5_median,4324.010914,4323.86,0.150914,True,True,ROLLING_ROW_LEVEL_RESIDUAL,superset_base_rows_expanded_mean,4306.97,4306.94,0.03,True,True,ROLLING_RANGE_CLOSE_LEVEL_RESIDUAL,original_base_range_close_original_recent12_median,4290.239062,4290.25,0.010938,True,True,ROLLING_RANGE_CLOSE_LEVEL_RESIDUAL,superset_base_range_close_original_q25,2025-12-18,RANGE_NORMAL_60_120,CLOSE_POS_MIDDLE_THIRD,ROWS_SPARSE_1_8,4332.34,PREV_CLOSE_PROXY,,NEUTRAL
2025-12-22,True,True,0.077812,0.093799,100.0,100.0,4335.79168,4336.01,0.21832,True,True,ROLLING_SOURCE_LEVEL_RESIDUAL,superset_base_source_expanded_recent20_median,4317.58625,4317.56,0.02625,True,True,ROLLING_REGIME_LEVEL_RESIDUAL,original_base_regime_superset_q75,4300.17125,4300.17,0.00125,True,True,ROLLING_RANGE_LEVEL_RESIDUAL,original_base_range_superset_q25,4283.399375,4283.27,0.129375,True,True,ROLLING_SOURCE_LEVEL_RESIDUAL,superset_base_source_superset_recent8_median,2025-12-19,RANGE_COMPRESSED_0_60,CLOSE_POS_MIDDLE_THIRD,ROWS_SPARSE_1_8,4338.16,PREV_CLOSE_PROXY,,NEUTRAL
2025-12-23,True,True,6.289732,10.494927,50.0,50.0,4467.094286,4467.13,0.035714,True,True,ROLLING_SOURCE_LEVEL_RESIDUAL,superset_base_source_superset_mean,4453.341875,4453.37,0.028125,True,True,ROLLING_RANGE_CLOSE_LEVEL_RESIDUAL,superset_base_range_close_superset_q75,4428.05625,4440.6,12.54375,False,False,ROLLING_RANGE_LEVEL_RESIDUAL,superset_base_range_expanded_q75,4396.83788,4426.21,29.37212,False,False,ROLLING_SOURCE_LEVEL_RESIDUAL,superset_base_source_expanded_q75,2025-12-22,RANGE_NORMAL_60_120,CLOSE_POS_UPPER_THIRD,ROWS_STANDARD_9_10,4443.59,PREV_CLOSE_PROXY,,NEUTRAL
2025-12-24,False,False,,,,,,,,,,,,,,,,,,,,,,,,,,,,,,,,,2025-12-23,RANGE_NORMAL_60_120,CLOSE_POS_UPPER_THIRD,ROWS_SPARSE_1_8,4484.54,PREV_CLOSE_PROXY,,NEUTRAL
2025-12-26,True,True,0.10004,1.015801,75.0,100.0,4492.116875,4492.12,0.003125,True,True,ROLLING_RANGE_CLOSE_LEVEL_RESIDUAL,original_base_range_close_superset_recent8_median,4478.93617,4479.11,0.17383,True,True,ROLLING_RANGE_CLOSE_LEVEL_RESIDUAL,superset_base_range_close_superset_recent8_median,4466.24625,4466.22,0.02625,True,True,ROLLING_LEVEL_RESIDUAL,superset_base_level_original_recent5_median,4450.3,4454.16,3.86,False,True,ROLLING_SOURCE_LEVEL_RESIDUAL,superset_base_source_expanded_recent5_median,2025-12-24,RANGE_NORMAL_60_120,CLOSE_POS_MIDDLE_THIRD,ROWS_SPARSE_1_8,4479.58,PREV_CLOSE_PROXY,,NEUTRAL
2025-12-29,True,True,0.156093,0.206338,100.0,100.0,4530.369894,4530.28,0.089894,True,True,ROLLING_RANGE_LEVEL_RESIDUAL,superset_base_range_superset_recent5_median,4515.187813,4515.32,0.132187,True,True,ROLLING_LEVEL_RESIDUAL,superset_base_level_superset_recent20_median,4498.83673,4499.26,0.42327,True,True,ROLLING_LEVEL_RESIDUAL,superset_base_level_original_q25,4482.18,4482.36,0.18,True,True,ROLLING_RANGE_CLOSE_LEVEL_RESIDUAL,superset_base_range_close_superset_recent12_median,2025-12-26,RANGE_NORMAL_60_120,CLOSE_POS_UPPER_THIRD,ROWS_EXTENDED_11_PLUS,4531.0,PREV_CLOSE_PROXY,,NEUTRAL
2025-12-30,True,True,65.191888,64.044285,0.0,0.0,4433.091771,4350.13,82.961771,False,False,ROLLING_SOURCE_LEVEL_RESIDUAL,superset_base_source_expanded_q25,4400.321875,4329.56,70.761875,False,False,ROLLING_SOURCE_LEVEL_RESIDUAL,superset_base_source_expanded_q25,4372.3319,4312.71,59.6219,False,False,ROLLING_SOURCE_LEVEL_RESIDUAL,superset_base_source_expanded_q25,4339.571592,4296.74,42.831592,False,False,ROLLING_ROW_LEVEL_RESIDUAL,superset_base_rows_expanded_q25,2025-12-29,RANGE_EXTREME_220_PLUS,CLOSE_POS_LOWER_THIRD,ROWS_STANDARD_9_10,4332.04,PREV_CLOSE_PROXY,,NEUTRAL
2026-01-01,True,True,0.517284,1.514102,75.0,100.0,4363.994341,4359.13,4.864341,False,True,ROLLING_SOURCE_LEVEL_RESIDUAL,superset_base_source_expanded_q25,4341.765543,4342.0,0.234457,True,True,ROLLING_LEVEL_RESIDUAL,superset_base_level_expanded_median,4323.56989,4324.37,0.80011,True,True,ROLLING_RANGE_CLOSE_LEVEL_RESIDUAL,superset_base_range_close_expanded_q75,4308.1925,4308.35,0.1575,True,True,ROLLING_REGIME_LEVEL_RESIDUAL,superset_base_regime_expanded_recent8_median,2025-12-31,RANGE_NORMAL_60_120,CLOSE_POS_MIDDLE_THIRD,ROWS_STANDARD_9_10,4318.87,PREV_CLOSE_PROXY,,NEUTRAL
2026-01-02,True,True,0.117656,0.808501,100.0,100.0,4376.528437,4376.66,0.131563,True,True,ROLLING_RANGE_CLOSE_LEVEL_RESIDUAL,superset_base_range_close_original_recent12_median,4355.888235,4352.91,2.978235,True,True,ROLLING_LEVEL_RESIDUAL,superset_base_level_expanded_q75,4330.470456,4330.45,0.020456,True,True,ROLLING_RANGE_CLOSE_LEVEL_RESIDUAL,superset_base_range_close_expanded_mean,4308.13625,4308.24,0.10375,True,True,ROLLING_REGIME_LEVEL_RESIDUAL,superset_base_regime_original_q25,2025-12-31,RANGE_NORMAL_60_120,CLOSE_POS_MIDDLE_THIRD,ROWS_STANDARD_9_10,4318.87,PREV_CLOSE_PROXY,,NEUTRAL
2026-01-05,True,True,0.302031,1.044321,75.0,100.0,4378.423101,4375.02,3.403101,False,True,ROLLING_LEVEL_RESIDUAL,superset_base_level_expanded_q75,4350.294375,4350.66,0.365625,True,True,ROLLING_SOURCE_LEVEL_RESIDUAL,superset_base_source_superset_q75,4326.480122,4326.31,0.170122,True,True,ROLLING_LEVEL_RESIDUAL,superset_base_level_expanded_mean,4303.051563,4303.29,0.238437,True,True,ROLLING_RANGE_LEVEL_RESIDUAL,superset_base_range_expanded_q25,2026-01-02,RANGE_NORMAL_60_120,CLOSE_POS_LOWER_THIRD,ROWS_STANDARD_9_10,4332.72,PREV_CLOSE_PROXY,,NEUTRAL
2026-01-06,True,True,0.355964,0.314634,100.0,100.0,4459.8213,4459.82,0.0013,True,True,ROLLING_ROW_LEVEL_RESIDUAL,superset_base_rows_original_mean,4437.1675,4437.39,0.2225,True,True,ROLLING_RANGE_LEVEL_RESIDUAL,superset_base_range_original_q25,4417.434692,4417.98,0.545308,True,True,ROLLING_ROW_LEVEL_RESIDUAL,superset_base_rows_original_mean,4398.070572,4398.56,0.489428,True,True,ROLLING_SOURCE_LEVEL_RESIDUAL,superset_base_source_superset_q75,2026-01-05,RANGE_NORMAL_60_120,CLOSE_POS_UPPER_THIRD,ROWS_STANDARD_9_10,4448.89,PREV_CLOSE_PROXY,,NEUTRAL
2026-01-07,True,True,0.107303,0.155177,100.0,100.0,4510.093899,4510.43,0.336101,True,True,ROLLING_LEVEL_RESIDUAL,superset_base_level_superset_q25,4492.002291,4491.87,0.132292,True,True,ROLLING_LEVEL_RESIDUAL,superset_base_level_expanded_median,4475.382315,4475.3,0.082315,True,True,ROLLING_LEVEL_RESIDUAL,superset_base_level_superset_median,4455.81,4455.74,0.07,True,True,ROLLING_SOURCE_LEVEL_RESIDUAL,superset_base_source_superset_q25,2026-01-06,RANGE_NORMAL_60_120,CLOSE_POS_UPPER_THIRD,ROWS_STANDARD_9_10,4494.54,PREV_CLOSE_PROXY,,NEUTRAL
2026-01-08,True,True,0.118751,0.140467,100.0,100.0,4494.04399,4494.25,0.20601,True,True,ROLLING_SOURCE_LEVEL_RESIDUAL,superset_base_source_superset_mean,4477.38456,4477.38,0.00456,True,True,ROLLING_RANGE_CLOSE_LEVEL_RESIDUAL,superset_base_range_close_superset_median,4458.109804,4457.79,0.319804,True,True,ROLLING_ROW_LEVEL_RESIDUAL,superset_base_rows_superset_mean,4438.241493,4438.21,0.031493,True,True,ROLLING_RANGE_LEVEL_RESIDUAL,superset_base_range_superset_mean,2026-01-07,RANGE_NORMAL_60_120,CLOSE_POS_MIDDLE_THIRD,ROWS_STANDARD_9_10,4456.36,PREV_CLOSE_PROXY,,NEUTRAL
2026-01-09,True,True,0.056777,0.092555,100.0,100.0,4487.43625,4487.52,0.08375,True,True,ROLLING_RANGE_LEVEL_RESIDUAL,superset_base_range_superset_q75,4468.301667,4468.29,0.011667,True,True,ROLLING_REGIME_LEVEL_RESIDUAL,superset_base_regime_superset_q25,4447.159804,4447.13,0.029804,True,True,ROLLING_RANGE_LEVEL_RESIDUAL,superset_base_range_superset_mean,4426.865,4426.62,0.245,True,True,ROLLING_RANGE_LEVEL_RESIDUAL,superset_base_range_superset_q25,2026-01-08,RANGE_NORMAL_60_120,CLOSE_POS_UPPER_THIRD,ROWS_STANDARD_9_10,4477.28,PREV_CLOSE_PROXY,,NEUTRAL
2026-01-12,True,True,0.474847,0.670009,100.0,100.0,4543.186827,4544.9,1.713173,True,True,ROLLING_LEVEL_RESIDUAL,superset_base_level_expanded_q75,4528.494911,4528.66,0.165089,True,True,ROLLING_RANGE_CLOSE_LEVEL_RESIDUAL,superset_base_range_close_expanded_mean,4512.384605,4511.6,0.784605,True,True,ROLLING_SOURCE_LEVEL_RESIDUAL,superset_base_source_expanded_recent5_median,4491.49717,4491.48,0.01717,True,True,ROLLING_RANGE_LEVEL_RESIDUAL,superset_base_range_expanded_mean,2026-01-09,RANGE_NORMAL_60_120,CLOSE_POS_UPPER_THIRD,ROWS_STANDARD_9_10,4509.3,PREV_CLOSE_PROXY,,NEUTRAL
2026-01-13,True,True,0.281979,0.292189,100.0,100.0,4600.144265,4600.74,0.595735,True,True,ROLLING_RANGE_CLOSE_LEVEL_RESIDUAL,superset_base_range_close_superset_recent8_median,4573.35375,4572.9,0.45375,True,True,ROLLING_RANGE_CLOSE_LEVEL_RESIDUAL,superset_base_range_close_superset_q25,4546.179792,4546.29,0.110208,True,True,ROLLING_REGIME_LEVEL_RESIDUAL,superset_base_regime_superset_mean,4518.099062,4518.09,0.009062,True,True,ROLLING_LEVEL_RESIDUAL,superset_base_level_expanded_recent20_median,2026-01-12,RANGE_NORMAL_60_120,CLOSE_POS_UPPER_THIRD,ROWS_SPARSE_1_8,4597.38,PREV_CLOSE_PROXY,,NEUTRAL
2026-01-14,True,True,9.46526,12.334547,25.0,25.0,4598.403385,4597.86,0.543386,True,True,ROLLING_SOURCE_LEVEL_RESIDUAL,superset_base_source_expanded_q25,4581.19349,4575.27,5.92349,False,False,ROLLING_RANGE_CLOSE_LEVEL_RESIDUAL,superset_base_range_close_superset_q25,4559.507031,4546.5,13.007031,False,False,ROLLING_RANGE_CLOSE_LEVEL_RESIDUAL,superset_base_range_close_expanded_q25,4549.004279,4519.14,29.864279,False,False,ROLLING_ROW_LEVEL_RESIDUAL,superset_base_rows_expanded_q25,2026-01-13,RANGE_NORMAL_60_120,CLOSE_POS_LOWER_THIRD,ROWS_STANDARD_9_10,4586.3,PREV_CLOSE_PROXY,,NEUTRAL
2026-01-15,True,True,16.891074,18.474908,0.0,0.0,4611.732482,4597.72,14.012482,False,False,ROLLING_RANGE_LEVEL_RESIDUAL,superset_base_range_expanded_q25,4589.857813,4574.22,15.637813,False,False,ROLLING_SOURCE_LEVEL_RESIDUAL,superset_base_source_expanded_q25,4567.334336,4549.19,18.144336,False,False,ROLLING_SOURCE_LEVEL_RESIDUAL,superset_base_source_expanded_q25,4543.045,4516.94,26.105,False,False,ROLLING_SOURCE_LEVEL_RESIDUAL,superset_base_source_expanded_q25,2026-01-14,RANGE_COMPRESSED_0_60,CLOSE_POS_UPPER_THIRD,ROWS_SPARSE_1_8,4626.39,PREV_CLOSE_PROXY,,NEUTRAL
2026-01-16,True,True,0.22511,0.72333,100.0,100.0,4618.584155,4618.64,0.055845,True,True,ROLLING_ROW_LEVEL_RESIDUAL,superset_base_rows_superset_q75,4591.167971,4591.17,0.002029,True,True,ROLLING_ROW_LEVEL_RESIDUAL,superset_base_rows_original_mean,4566.415625,4566.81,0.394375,True,True,ROLLING_RANGE_CLOSE_LEVEL_RESIDUAL,superset_base_range_close_expanded_recent5_median,4543.561071,4541.12,2.441071,True,True,ROLLING_RANGE_CLOSE_LEVEL_RESIDUAL,superset_base_range_close_expanded_mean,2026-01-15,RANGE_COMPRESSED_0_60,CLOSE_POS_UPPER_THIRD,ROWS_SPARSE_1_8,4615.76,PREV_CLOSE_PROXY,,NEUTRAL
2026-01-19,True,True,0.224575,0.33135,100.0,100.0,4615.87375,4615.0,0.87375,True,True,ROLLING_RANGE_LEVEL_RESIDUAL,superset_base_range_expanded_q75,4592.40875,4592.49,0.08125,True,True,ROLLING_REGIME_LEVEL_RESIDUAL,original_base_regime_expanded_mean,4569.9925,4569.99,0.0025,True,True,ROLLING_ROW_LEVEL_RESIDUAL,original_base_rows_original_recent12_median,4546.4721,4546.84,0.3679,True,True,ROLLING_RANGE_CLOSE_LEVEL_RESIDUAL,superset_base_range_close_expanded_q75,2026-01-16,RANGE_NORMAL_60_120,CLOSE_POS_UPPER_THIRD,ROWS_SPARSE_1_8,4595.66,PREV_CLOSE_PROXY,,NEUTRAL
2026-01-20,True,True,0.358437,0.386406,100.0,100.0,4696.831875,4696.99,0.158125,True,True,ROLLING_ROW_LEVEL_RESIDUAL,superset_base_rows_original_recent20_median,4677.67875,4677.12,0.55875,True,True,ROLLING_RANGE_LEVEL_RESIDUAL,superset_base_range_superset_q25,4655.16375,4655.27,0.10625,True,True,ROLLING_REGIME_LEVEL_RESIDUAL,superset_base_regime_superset_q25,4632.9475,4633.67,0.7225,True,True,ROLLING_SOURCE_LEVEL_RESIDUAL,superset_base_source_superset_recent8_median,2026-01-19,RANGE_NORMAL_60_120,CLOSE_POS_UPPER_THIRD,ROWS_STANDARD_9_10,4670.86,PREV_CLOSE_PROXY,,NEUTRAL
2026-01-21,True,True,95.998582,95.911513,0.0,0.0,4768.489087,4856.21,87.720913,False,False,ROLLING_ROW_LEVEL_RESIDUAL,superset_base_rows_expanded_q75,4750.883611,4833.04,82.156389,False,False,ROLLING_ROW_LEVEL_RESIDUAL,superset_base_rows_expanded_q75,4708.14375,4812.42,104.27625,False,False,ROLLING_ROW_LEVEL_RESIDUAL,superset_base_rows_expanded_q75,4683.3975,4792.89,109.4925,False,False,ROLLING_ROW_LEVEL_RESIDUAL,superset_base_rows_superset_q75,2026-01-20,RANGE_NORMAL_60_120,CLOSE_POS_UPPER_THIRD,ROWS_EXTENDED_11_PLUS,4763.3,PREV_CLOSE_PROXY,,NEUTRAL
2026-01-22,True,True,2.837657,2.544603,50.0,100.0,4849.684687,4853.55,3.865313,False,True,ROLLING_ROW_LEVEL_RESIDUAL,superset_base_rows_expanded_q75,4823.77491,4828.22,4.44509,False,True,ROLLING_RANGE_LEVEL_RESIDUAL,superset_base_range_expanded_q75,4803.84801,4803.79,0.05801,True,True,ROLLING_ROW_LEVEL_RESIDUAL,superset_base_rows_expanded_median,4778.09,4776.28,1.81,True,True,ROLLING_REGIME_LEVEL_RESIDUAL,superset_base_regime_superset_recent8_median,2026-01-21,RANGE_WIDE_120_220,CLOSE_POS_MIDDLE_THIRD,ROWS_STANDARD_9_10,4831.03,PREV_CLOSE_PROXY,,NEUTRAL
2026-01-23,True,True,0.29859,2.083195,75.0,75.0,4918.542962,4918.05,0.492962,True,True,ROLLING_ROW_LEVEL_RESIDUAL,superset_base_rows_expanded_recent20_median,4895.729278,4895.71,0.019278,True,True,ROLLING_LEVEL_RESIDUAL,superset_base_level_superset_mean,4878.476323,4870.76,7.716323,False,False,ROLLING_SOURCE_LEVEL_RESIDUAL,superset_base_source_expanded_q25,4847.764219,4847.66,0.104219,True,True,ROLLING_SOURCE_LEVEL_RESIDUAL,superset_base_source_expanded_q25,2026-01-22,RANGE_WIDE_120_220,CLOSE_POS_UPPER_THIRD,ROWS_SPARSE_1_8,4936.06,PREV_CLOSE_PROXY,,NEUTRAL
2026-01-26,True,True,7.906379,8.640982,25.0,25.0,5066.952757,5057.59,9.362757,False,False,ROLLING_ROW_LEVEL_RESIDUAL,superset_base_rows_expanded_q25,5034.040937,5031.93,2.110937,True,True,ROLLING_ROW_LEVEL_RESIDUAL,superset_base_rows_superset_q25,5014.27,5007.82,6.45,False,False,ROLLING_ROW_LEVEL_RESIDUAL,superset_base_rows_superset_q25,5000.880235,4984.24,16.640235,False,False,ROLLING_SOURCE_LEVEL_RESIDUAL,superset_base_source_expanded_q25,2026-01-23,RANGE_NORMAL_60_120,CLOSE_POS_UPPER_THIRD,ROWS_EXTENDED_11_PLUS,4987.98,PREV_CLOSE_PROXY,,NEUTRAL
2026-01-27,True,True,0.515,0.637802,100.0,100.0,5064.243194,5064.63,0.386806,True,True,ROLLING_RANGE_LEVEL_RESIDUAL,superset_base_range_expanded_mean,5031.9825,5033.46,1.4775,True,True,ROLLING_RANGE_LEVEL_RESIDUAL,superset_base_range_expanded_recent5_median,4998.106805,4998.75,0.643195,True,True,ROLLING_LEVEL_RESIDUAL,superset_base_level_superset_q75,4958.776292,4958.82,0.043708,True,True,ROLLING_SOURCE_LEVEL_RESIDUAL,superset_base_source_expanded_mean,2026-01-26,RANGE_WIDE_120_220,CLOSE_POS_LOWER_THIRD,ROWS_STANDARD_9_10,5008.17,PREV_CLOSE_PROXY,,NEUTRAL
2026-01-28,True,True,32.225903,32.662764,0.0,0.0,5198.974219,5243.94,44.965781,False,False,ROLLING_RANGE_LEVEL_RESIDUAL,superset_base_range_expanded_q75,5164.857001,5212.86,48.002999,False,False,ROLLING_RANGE_LEVEL_RESIDUAL,superset_base_range_expanded_q75,5161.383975,5180.87,19.486025,False,False,ROLLING_RANGE_LEVEL_RESIDUAL,superset_base_range_original_q75,5134.06375,5152.26,18.19625,False,False,ROLLING_RANGE_LEVEL_RESIDUAL,superset_base_range_superset_q75,2026-01-27,RANGE_WIDE_120_220,CLOSE_POS_UPPER_THIRD,ROWS_STANDARD_9_10,5181.22,PREV_CLOSE_PROXY,,NEUTRAL
2026-01-29,True,True,10.107075,12.433655,50.0,50.0,5326.58,5354.75,28.17,False,False,ROLLING_SOURCE_LEVEL_RESIDUAL,superset_base_source_expanded_q75,5290.867187,5309.52,18.652813,False,False,ROLLING_SOURCE_LEVEL_RESIDUAL,superset_base_source_expanded_q75,5249.278663,5250.84,1.561337,True,True,ROLLING_ROW_LEVEL_RESIDUAL,superset_base_rows_original_recent12_median,5203.650469,5202.3,1.350469,True,True,ROLLING_SOURCE_LEVEL_RESIDUAL,superset_base_source_expanded_q25,2026-01-28,RANGE_EXTREME_220_PLUS,CLOSE_POS_UPPER_THIRD,ROWS_SPARSE_1_8,5417.12,PREV_CLOSE_PROXY,,NEUTRAL
2026-01-30,True,True,65.924264,61.6911,25.0,25.0,5504.259678,5502.93,1.329678,True,True,ROLLING_ROW_LEVEL_RESIDUAL,superset_base_rows_expanded_q75,5422.749752,5453.11,30.360248,False,False,ROLLING_ROW_LEVEL_RESIDUAL,superset_base_rows_expanded_q75,5287.183808,5400.77,113.586192,False,False,ROLLING_ROW_LEVEL_RESIDUAL,superset_base_rows_expanded_q75,5248.021719,5349.51,101.488281,False,False,ROLLING_ROW_LEVEL_RESIDUAL,superset_base_rows_expanded_q75,2026-01-29,RANGE_EXTREME_220_PLUS,CLOSE_POS_MIDDLE_THIRD,ROWS_STANDARD_9_10,5370.92,PREV_CLOSE_PROXY,,NEUTRAL
2026-02-02,True,True,111.539352,109.991152,0.0,0.0,5066.849375,4926.32,140.529375,False,False,ROLLING_ROW_LEVEL_RESIDUAL,superset_base_rows_superset_q25,5033.243437,4879.19,154.053437,False,False,ROLLING_ROW_LEVEL_RESIDUAL,superset_base_rows_expanded_q25,4914.499329,4831.95,82.549329,False,False,ROLLING_ROW_LEVEL_RESIDUAL,superset_base_rows_original_q25,4843.322467,4780.49,62.832467,False,False,ROLLING_ROW_LEVEL_RESIDUAL,superset_base_rows_superset_q25,2026-01-30,RANGE_EXTREME_220_PLUS,CLOSE_POS_LOWER_THIRD,ROWS_EXTENDED_11_PLUS,4885.18,PREV_CLOSE_PROXY,,NEUTRAL
2026-02-03,True,True,80.804603,80.810739,0.0,0.0,4821.625793,4884.57,62.944207,False,False,ROLLING_ROW_LEVEL_RESIDUAL,superset_base_rows_expanded_q75,4792.94,4848.53,55.59,False,False,ROLLING_SOURCE_LEVEL_RESIDUAL,superset_base_source_superset_recent5_median,4707.325,4805.99,98.665,False,False,ROLLING_SOURCE_LEVEL_RESIDUAL,superset_base_source_expanded_q75,4662.20625,4768.25,106.04375,False,False,ROLLING_SOURCE_LEVEL_RESIDUAL,superset_base_source_expanded_q75,2026-02-02,RANGE_EXTREME_220_PLUS,CLOSE_POS_MIDDLE_THIRD,ROWS_EXTENDED_11_PLUS,4660.96,PREV_CLOSE_PROXY,,NEUTRAL
2026-02-04,True,True,43.71318,56.542242,0.0,0.0,4963.775674,4996.14,32.364326,False,False,ROLLING_RANGE_LEVEL_RESIDUAL,superset_base_range_expanded_q75,4910.69,4948.43,37.74,False,False,ROLLING_SOURCE_LEVEL_RESIDUAL,superset_base_source_superset_recent5_median,4850.513641,4900.2,49.686359,False,False,ROLLING_RANGE_LEVEL_RESIDUAL,superset_base_range_expanded_q75,4745.081719,4851.46,106.378281,False,False,ROLLING_ROW_LEVEL_RESIDUAL,superset_base_rows_expanded_q75,2026-02-03,RANGE_EXTREME_220_PLUS,CLOSE_POS_UPPER_THIRD,ROWS_STANDARD_9_10,4946.72,PREV_CLOSE_PROXY,,NEUTRAL
2026-02-05,True,False,106.325601,112.778424,0.0,0.0,5076.7175,4990.45,86.2675,False,False,ROLLING_ROW_LEVEL_RESIDUAL,superset_base_rows_superset_q25,5067.981953,4944.86,123.121953,False,False,ROLLING_ROW_LEVEL_RESIDUAL,superset_base_rows_expanded_q25,4985.729249,4896.2,89.529249,False,False,ROLLING_RANGE_LEVEL_RESIDUAL,superset_base_range_superset_q25,4996.134992,4843.94,152.194992,False,False,ROLLING_ROW_LEVEL_RESIDUAL,superset_base_rows_superset_q25,2026-02-04,RANGE_EXTREME_220_PLUS,CLOSE_POS_MIDDLE_THIRD,ROWS_EXTENDED_11_PLUS,4964.74,PREV_CLOSE_PROXY,,NEUTRAL
2026-02-06,True,True,2.339453,3.871839,75.0,75.0,4899.329453,4897.44,1.889453,True,True,ROLLING_SOURCE_LEVEL_RESIDUAL,superset_base_source_expanded_q25,4856.869453,4854.08,2.789453,True,True,ROLLING_ROW_LEVEL_RESIDUAL,superset_base_rows_expanded_q25,4802.964041,4803.0,0.035959,True,True,ROLLING_SOURCE_LEVEL_RESIDUAL,superset_base_source_superset_mean,4757.562492,4746.79,10.772492,False,False,ROLLING_ROW_LEVEL_RESIDUAL,superset_base_rows_superset_q25,2026-02-05,RANGE_EXTREME_220_PLUS,CLOSE_POS_LOWER_THIRD,ROWS_EXTENDED_11_PLUS,4779.46,PREV_CLOSE_PROXY,,NEUTRAL
2026-02-09,True,True,9.291638,10.137574,0.0,25.0,4963.365151,4956.67,6.695151,False,False,ROLLING_SOURCE_LEVEL_RESIDUAL,superset_base_source_expanded_q25,4917.408125,4905.52,11.888125,False,False,ROLLING_SOURCE_LEVEL_RESIDUAL,superset_base_source_expanded_q25,4872.371149,4853.78,18.591149,False,False,ROLLING_SOURCE_LEVEL_RESIDUAL,superset_base_source_expanded_q25,4806.725871,4803.35,3.375871,False,True,ROLLING_ROW_LEVEL_RESIDUAL,superset_base_rows_expanded_q25,2026-02-06,RANGE_EXTREME_220_PLUS,CLOSE_POS_UPPER_THIRD,ROWS_STANDARD_9_10,4965.74,PREV_CLOSE_PROXY,,NEUTRAL
2026-02-10,True,True,10.701562,15.548828,50.0,50.0,5139.833437,5139.66,0.173437,True,True,ROLLING_LEVEL_RESIDUAL,superset_base_level_original_median,5100.923438,5081.07,19.853438,False,False,ROLLING_RANGE_LEVEL_RESIDUAL,superset_base_range_superset_q25,5033.070312,5034.62,1.549687,True,True,ROLLING_RANGE_LEVEL_RESIDUAL,superset_base_range_superset_q25,5027.63875,4987.02,40.61875,False,False,ROLLING_RANGE_LEVEL_RESIDUAL,superset_base_range_superset_q25,2026-02-09,RANGE_WIDE_120_220,CLOSE_POS_UPPER_THIRD,ROWS_STANDARD_9_10,5057.94,PREV_CLOSE_PROXY,,NEUTRAL
2026-02-11,True,True,2.385312,6.118947,50.0,75.0,5075.464837,5075.63,0.165163,True,True,ROLLING_RANGE_CLOSE_LEVEL_RESIDUAL,superset_base_range_close_superset_q25,5020.368125,5016.51,3.858125,False,True,ROLLING_SOURCE_LEVEL_RESIDUAL,superset_base_source_expanded_q25,4986.87,4967.33,19.54,False,False,ROLLING_SOURCE_LEVEL_RESIDUAL,superset_base_source_superset_recent5_median,4911.3775,4912.29,0.9125,True,True,ROLLING_SOURCE_LEVEL_RESIDUAL,superset_base_source_superset_recent5_median,2026-02-10,RANGE_NORMAL_60_120,CLOSE_POS_MIDDLE_THIRD,ROWS_STANDARD_9_10,5025.3,PREV_CLOSE_PROXY,,NEUTRAL
2026-02-12,True,True,0.227747,0.350179,100.0,100.0,5117.428275,5117.76,0.331725,True,True,ROLLING_ROW_LEVEL_RESIDUAL,superset_base_rows_superset_mean,5075.75377,5075.63,0.12377,True,True,ROLLING_RANGE_CLOSE_LEVEL_RESIDUAL,superset_base_range_close_expanded_median,5037.536655,5037.65,0.113345,True,True,ROLLING_RANGE_LEVEL_RESIDUAL,superset_base_range_original_recent20_median,4998.288125,4999.12,0.831875,True,True,ROLLING_RANGE_LEVEL_RESIDUAL,superset_base_range_expanded_recent12_median,2026-02-11,RANGE_NORMAL_60_120,CLOSE_POS_MIDDLE_THIRD,ROWS_EXTENDED_11_PLUS,5084.24,PREV_CLOSE_PROXY,,NEUTRAL
2026-02-13,True,True,0.306079,1.180481,75.0,100.0,4960.722843,4960.96,0.237157,True,True,ROLLING_LEVEL_RESIDUAL,superset_base_level_expanded_median,4914.398515,4914.19,0.208515,True,True,ROLLING_SOURCE_LEVEL_RESIDUAL,superset_base_source_expanded_recent8_median,4871.165,4870.79,0.375,True,True,ROLLING_LEVEL_RESIDUAL,superset_base_level_original_q25,4821.77875,4825.68,3.90125,False,True,ROLLING_RANGE_CLOSE_LEVEL_RESIDUAL,superset_base_range_close_superset_recent8_median,2026-02-12,RANGE_EXTREME_220_PLUS,CLOSE_POS_LOWER_THIRD,ROWS_SPARSE_1_8,4921.64,PREV_CLOSE_PROXY,,NEUTRAL
2026-02-16,True,True,0.334687,0.35936,100.0,100.0,5040.628223,5039.88,0.748223,True,True,ROLLING_SOURCE_LEVEL_RESIDUAL,superset_base_source_expanded_recent20_median,5001.280625,5001.35,0.069375,True,True,ROLLING_ROW_LEVEL_RESIDUAL,superset_base_rows_expanded_recent20_median,4960.55,4961.15,0.6,True,True,ROLLING_RANGE_CLOSE_LEVEL_RESIDUAL,superset_base_range_close_superset_recent5_median,4914.170156,4914.19,0.019844,True,True,ROLLING_LEVEL_RESIDUAL,superset_base_level_expanded_q25,2026-02-13,RANGE_WIDE_120_220,CLOSE_POS_UPPER_THIRD,ROWS_SPARSE_1_8,5042.46,PREV_CLOSE_PROXY,,NEUTRAL
2026-02-17,True,True,0.094714,1.326966,75.0,75.0,5037.1975,5037.25,0.0525,True,True,ROLLING_RANGE_LEVEL_RESIDUAL,superset_base_range_superset_q25,4997.473074,4997.56,0.086927,True,True,ROLLING_RANGE_CLOSE_LEVEL_RESIDUAL,superset_base_range_close_superset_recent8_median,4962.9675,4963.07,0.1025,True,True,ROLLING_SOURCE_LEVEL_RESIDUAL,superset_base_source_expanded_recent5_median,4915.504063,4920.57,5.065937,False,False,ROLLING_REGIME_LEVEL_RESIDUAL,superset_base_regime_expanded_q75,2026-02-16,RANGE_NORMAL_60_120,CLOSE_POS_MIDDLE_THIRD,ROWS_STANDARD_9_10,4993.64,PREV_CLOSE_PROXY,,NEUTRAL
2026-02-18,True,True,0.1925,0.391642,100.0,100.0,4912.9,4912.68,0.22,True,True,ROLLING_BASE_SUPERSET,ORIGINAL_ORACLE_PRESERVED,4878.565,4878.73,0.165,True,True,ROLLING_SOURCE_LEVEL_RESIDUAL,superset_base_source_superset_recent5_median,4842.5425,4842.48,0.0625,True,True,ROLLING_SOURCE_LEVEL_RESIDUAL,superset_base_source_superset_median,4806.809068,4805.69,1.119068,True,True,ROLLING_LEVEL_RESIDUAL,superset_base_level_original_mean,2026-02-17,RANGE_WIDE_120_220,CLOSE_POS_LOWER_THIRD,ROWS_STANDARD_9_10,4877.1,PREV_CLOSE_PROXY,,NEUTRAL
2026-02-19,True,True,2.422318,7.472523,75.0,75.0,5005.909543,5030.72,24.810457,False,False,ROLLING_ROW_LEVEL_RESIDUAL,superset_base_rows_expanded_q75,5002.251111,5000.02,2.231111,True,True,ROLLING_ROW_LEVEL_RESIDUAL,superset_base_rows_expanded_q75,4970.276475,4972.89,2.613525,True,True,ROLLING_RANGE_LEVEL_RESIDUAL,superset_base_range_original_q75,4944.785,4944.55,0.235,True,True,ROLLING_SOURCE_LEVEL_RESIDUAL,superset_base_source_superset_q75,2026-02-18,RANGE_WIDE_120_220,CLOSE_POS_UPPER_THIRD,ROWS_EXTENDED_11_PLUS,4977.24,PREV_CLOSE_PROXY,,NEUTRAL
2026-02-20,True,True,0.04224,0.102761,100.0,100.0,5017.887813,5017.88,0.007812,True,True,ROLLING_REGIME_LEVEL_RESIDUAL,superset_base_regime_superset_q25,4995.076354,4995.03,0.046355,True,True,ROLLING_RANGE_LEVEL_RESIDUAL,original_base_range_superset_median,4966.30875,4965.99,0.31875,True,True,ROLLING_ROW_LEVEL_RESIDUAL,superset_base_rows_superset_q25,4935.951875,4935.99,0.038125,True,True,ROLLING_LEVEL_RESIDUAL,superset_base_level_expanded_q75,2026-02-19,RANGE_NORMAL_60_120,CLOSE_POS_MIDDLE_THIRD,ROWS_STANDARD_9_10,4995.96,PREV_CLOSE_PROXY,,NEUTRAL
2026-02-23,True,True,0.971615,1.169255,100.0,100.0,5150.6025,5150.72,0.1175,True,True,ROLLING_RANGE_CLOSE_LEVEL_RESIDUAL,superset_base_range_close_superset_recent5_median,5128.736289,5126.12,2.616289,True,True,ROLLING_RANGE_LEVEL_RESIDUAL,superset_base_range_expanded_q75,5101.793438,5102.34,0.546562,True,True,ROLLING_RANGE_CLOSE_LEVEL_RESIDUAL,superset_base_range_close_superset_q75,5078.093333,5079.49,1.396667,True,True,ROLLING_SOURCE_LEVEL_RESIDUAL,superset_base_source_superset_q75,2026-02-20,RANGE_WIDE_120_220,CLOSE_POS_UPPER_THIRD,ROWS_EXTENDED_11_PLUS,5107.8,PREV_CLOSE_PROXY,,NEUTRAL
2026-02-24,True,True,0.496875,1.194531,75.0,100.0,5263.409375,5263.54,0.130625,True,True,ROLLING_LEVEL_RESIDUAL,superset_base_level_superset_q25,5235.555,5234.73,0.825,True,True,ROLLING_LEVEL_RESIDUAL,superset_base_level_superset_q75,5205.13125,5205.3,0.16875,True,True,ROLLING_SOURCE_LEVEL_RESIDUAL,superset_base_source_superset_recent5_median,5180.27375,5176.62,3.65375,False,True,ROLLING_ROW_LEVEL_RESIDUAL,superset_base_rows_superset_q75,2026-02-23,RANGE_WIDE_120_220,CLOSE_POS_UPPER_THIRD,ROWS_EXTENDED_11_PLUS,5227.5,PREV_CLOSE_PROXY,,NEUTRAL
2026-02-25,True,True,0.450827,3.225999,75.0,75.0,5264.671562,5252.87,11.801562,False,False,ROLLING_ROW_LEVEL_RESIDUAL,superset_base_rows_expanded_q25,5210.789219,5210.99,0.200781,True,True,ROLLING_ROW_LEVEL_RESIDUAL,superset_base_rows_expanded_q25,5174.95384,5174.66,0.29384,True,True,ROLLING_LEVEL_RESIDUAL,superset_base_level_expanded_q25,5141.847813,5141.24,0.607813,True,True,ROLLING_SOURCE_LEVEL_RESIDUAL,superset_base_source_expanded_recent20_median,2026-02-24,RANGE_WIDE_120_220,CLOSE_POS_LOWER_THIRD,ROWS_EXTENDED_11_PLUS,5143.76,PREV_CLOSE_PROXY,,NEUTRAL
2026-02-26,True,True,3.496666,12.635136,25.0,75.0,5167.836087,5167.75,0.086087,True,True,ROLLING_RANGE_CLOSE_LEVEL_RESIDUAL,superset_base_range_close_expanded_q25,5132.566458,5128.94,3.626458,False,True,ROLLING_SOURCE_LEVEL_RESIDUAL,superset_base_source_expanded_q25,5095.856875,5092.49,3.366875,False,True,ROLLING_RANGE_LEVEL_RESIDUAL,superset_base_range_expanded_recent5_median,5085.871124,5042.41,43.461124,False,False,ROLLING_SOURCE_LEVEL_RESIDUAL,superset_base_source_expanded_q25,2026-02-25,RANGE_NORMAL_60_120,CLOSE_POS_MIDDLE_THIRD,ROWS_SPARSE_1_8,5164.84,PREV_CLOSE_PROXY,,NEUTRAL
2026-02-27,True,True,2.53001,10.01895,50.0,75.0,5201.53875,5200.74,0.79875,True,True,ROLLING_REGIME_LEVEL_RESIDUAL,superset_base_regime_original_q25,5159.570625,5159.15,0.420625,True,True,ROLLING_LEVEL_RESIDUAL,superset_base_level_superset_q25,5124.75127,5120.49,4.26127,False,True,ROLLING_RANGE_LEVEL_RESIDUAL,superset_base_range_expanded_recent5_median,5117.225156,5082.63,34.595156,False,False,ROLLING_ROW_LEVEL_RESIDUAL,superset_base_rows_expanded_q25,2026-02-26,RANGE_NORMAL_60_120,CLOSE_POS_UPPER_THIRD,ROWS_STANDARD_9_10,5185.0,PREV_CLOSE_PROXY,,NEUTRAL
2026-03-02,True,True,0.131278,0.39734,100.0,100.0,5367.891818,5367.98,0.088182,True,True,ROLLING_RANGE_CLOSE_LEVEL_RESIDUAL,superset_base_range_close_original_mean,5326.234375,5326.06,0.174375,True,True,ROLLING_RANGE_CLOSE_LEVEL_RESIDUAL,superset_base_range_close_original_recent8_median,5290.69882,5290.73,0.03118,True,True,ROLLING_LEVEL_RESIDUAL,superset_base_level_original_mean,5258.275625,5256.98,1.295625,True,True,ROLLING_RANGE_CLOSE_LEVEL_RESIDUAL,superset_base_range_close_expanded_recent5_median,2026-02-27,RANGE_NORMAL_60_120,CLOSE_POS_UPPER_THIRD,ROWS_EXTENDED_11_PLUS,5280.0,PREV_CLOSE_PROXY,,NEUTRAL
2026-03-03,True,True,5.137106,6.86949,50.0,50.0,5326.24968,5324.04,2.20968,True,True,ROLLING_RANGE_LEVEL_RESIDUAL,superset_base_range_expanded_recent5_median,5294.704531,5286.64,8.064531,False,False,ROLLING_SOURCE_LEVEL_RESIDUAL,superset_base_source_expanded_recent5_median,5250.37375,5249.62,0.75375,True,True,ROLLING_ROW_LEVEL_RESIDUAL,superset_base_rows_expanded_recent5_median,5230.38,5213.93,16.45,False,False,ROLLING_RANGE_LEVEL_RESIDUAL,superset_base_range_original_q25,2026-03-02,RANGE_WIDE_120_220,CLOSE_POS_MIDDLE_THIRD,ROWS_STANDARD_9_10,5321.84,PREV_CLOSE_PROXY,,NEUTRAL
2026-03-04,True,True,1.381686,2.209984,75.0,75.0,5118.317812,5112.47,5.847812,False,False,ROLLING_RANGE_LEVEL_RESIDUAL,superset_base_range_superset_q75,5078.53125,5078.76,0.22875,True,True,ROLLING_LEVEL_RESIDUAL,superset_base_level_superset_q25,5041.417253,5043.41,1.992747,True,True,ROLLING_RANGE_LEVEL_RESIDUAL,superset_base_range_expanded_q75,5013.010625,5012.24,0.770625,True,True,ROLLING_LEVEL_RESIDUAL,superset_base_level_expanded_q75,2026-03-03,RANGE_EXTREME_220_PLUS,CLOSE_POS_LOWER_THIRD,ROWS_STANDARD_9_10,5088.24,PREV_CLOSE_PROXY,,NEUTRAL
2026-03-05,True,True,0.175782,0.152578,100.0,100.0,5173.350937,5173.51,0.159063,True,True,ROLLING_SOURCE_LEVEL_RESIDUAL,superset_base_source_superset_recent20_median,5139.5725,5139.59,0.0175,True,True,ROLLING_SOURCE_LEVEL_RESIDUAL,superset_base_source_superset_recent5_median,5103.90125,5103.66,0.24125,True,True,ROLLING_RANGE_LEVEL_RESIDUAL,superset_base_range_superset_recent12_median,5066.5375,5066.73,0.1925,True,True,ROLLING_ROW_LEVEL_RESIDUAL,superset_base_rows_superset_q25,2026-03-04,RANGE_WIDE_120_220,CLOSE_POS_MIDDLE_THIRD,ROWS_STANDARD_9_10,5141.1,PREV_CLOSE_PROXY,,NEUTRAL
2026-03-06,True,True,0.612344,0.647018,100.0,100.0,5107.219633,5105.9,1.319633,True,True,ROLLING_SOURCE_LEVEL_RESIDUAL,superset_base_source_expanded_q25,5071.54,5070.97,0.57,True,True,ROLLING_LEVEL_RESIDUAL,superset_base_level_superset_q25,5039.01625,5039.06,0.04375,True,True,ROLLING_LEVEL_RESIDUAL,superset_base_level_superset_q25,5004.195312,5004.85,0.654688,True,True,ROLLING_ROW_LEVEL_RESIDUAL,superset_base_rows_expanded_recent12_median,2026-03-05,RANGE_WIDE_120_220,CLOSE_POS_LOWER_THIRD,ROWS_SPARSE_1_8,5081.02,PREV_CLOSE_PROXY,,NEUTRAL
2026-03-09,True,True,0.358442,0.387307,100.0,100.0,5198.34125,5198.3,0.04125,True,True,ROLLING_SOURCE_LEVEL_RESIDUAL,superset_base_source_expanded_q75,5169.070937,5168.78,0.290937,True,True,ROLLING_ROW_LEVEL_RESIDUAL,superset_base_rows_superset_q75,5141.205948,5140.78,0.425948,True,True,ROLLING_REGIME_LEVEL_RESIDUAL,superset_base_regime_expanded_mean,5107.908906,5108.7,0.791094,True,True,ROLLING_ROW_LEVEL_RESIDUAL,superset_base_rows_expanded_q75,2026-03-06,RANGE_NORMAL_60_120,CLOSE_POS_UPPER_THIRD,ROWS_STANDARD_9_10,5174.64,PREV_CLOSE_PROXY,,NEUTRAL
2026-03-10,True,True,0.141201,0.134387,100.0,100.0,5174.691851,5174.89,0.198149,True,True,ROLLING_LEVEL_RESIDUAL,superset_base_level_expanded_q75,5145.954252,5145.87,0.084252,True,True,ROLLING_RANGE_LEVEL_RESIDUAL,superset_base_range_expanded_q75,5116.882335,5116.85,0.032335,True,True,ROLLING_SOURCE_LEVEL_RESIDUAL,superset_base_source_superset_recent20_median,5089.072813,5088.85,0.222813,True,True,ROLLING_SOURCE_LEVEL_RESIDUAL,superset_base_source_expanded_median,2026-03-09,RANGE_WIDE_120_220,CLOSE_POS_MIDDLE_THIRD,ROWS_STANDARD_9_10,5136.66,PREV_CLOSE_PROXY,,NEUTRAL
2026-03-11,True,True,0.78104,1.073098,100.0,100.0,5252.53,5249.95,2.58,True,True,ROLLING_RANGE_LEVEL_RESIDUAL,superset_base_range_expanded_recent5_median,5222.77615,5222.07,0.70615,True,True,ROLLING_SOURCE_LEVEL_RESIDUAL,superset_base_source_expanded_q25,5190.29593,5189.44,0.85593,True,True,ROLLING_ROW_LEVEL_RESIDUAL,superset_base_rows_superset_q75,5163.750313,5163.6,0.150312,True,True,ROLLING_ROW_LEVEL_RESIDUAL,superset_base_rows_expanded_median,2026-03-10,RANGE_WIDE_120_220,CLOSE_POS_MIDDLE_THIRD,ROWS_STANDARD_9_10,5192.64,PREV_CLOSE_PROXY,,NEUTRAL
2026-03-12,True,True,0.106912,0.522206,100.0,100.0,5238.403125,5238.21,0.193125,True,True,ROLLING_REGIME_LEVEL_RESIDUAL,superset_base_regime_expanded_mean,5212.615,5214.48,1.865,True,True,ROLLING_SOURCE_LEVEL_RESIDUAL,superset_base_source_expanded_recent5_median,5185.7407,5185.72,0.0207,True,True,ROLLING_RANGE_LEVEL_RESIDUAL,superset_base_range_original_mean,5157.47,5157.46,0.01,True,True,ROLLING_SOURCE_LEVEL_RESIDUAL,superset_base_source_superset_recent5_median,2026-03-11,RANGE_NORMAL_60_120,CLOSE_POS_MIDDLE_THIRD,ROWS_STANDARD_9_10,5175.96,PREV_CLOSE_PROXY,,NEUTRAL
2026-03-13,True,True,0.265625,0.271723,100.0,100.0,5107.20125,5106.89,0.31125,True,True,ROLLING_RANGE_CLOSE_LEVEL_RESIDUAL,superset_base_range_close_superset_q25,5079.456667,5079.86,0.403333,True,True,ROLLING_LEVEL_RESIDUAL,superset_base_level_original_median,5054.13231,5053.98,0.15231,True,True,ROLLING_RANGE_LEVEL_RESIDUAL,superset_base_range_superset_median,5023.28,5023.5,0.22,True,True,ROLLING_SOURCE_LEVEL_RESIDUAL,superset_base_source_expanded_median,2026-03-12,RANGE_WIDE_120_220,CLOSE_POS_LOWER_THIRD,ROWS_STANDARD_9_10,5079.04,PREV_CLOSE_PROXY,,NEUTRAL
2026-03-16,True,True,0.09173,0.294928,100.0,100.0,5080.99509,5080.85,0.145089,True,True,ROLLING_RANGE_CLOSE_LEVEL_RESIDUAL,superset_base_range_close_superset_q75,5057.271629,5057.31,0.038371,True,True,ROLLING_ROW_LEVEL_RESIDUAL,superset_base_rows_expanded_mean,5028.53375,5028.51,0.02375,True,True,ROLLING_SOURCE_LEVEL_RESIDUAL,superset_base_source_superset_recent8_median,5000.4025,4999.43,0.9725,True,True,ROLLING_SOURCE_LEVEL_RESIDUAL,superset_base_source_superset_recent12_median,2026-03-13,RANGE_NORMAL_60_120,CLOSE_POS_LOWER_THIRD,ROWS_STANDARD_9_10,5018.66,PREV_CLOSE_PROXY,,NEUTRAL
2026-03-17,True,True,0.184843,0.294068,100.0,100.0,5033.382836,5032.61,0.772836,True,True,ROLLING_RANGE_LEVEL_RESIDUAL,superset_base_range_expanded_q75,5002.225937,5002.1,0.125937,True,True,ROLLING_RANGE_LEVEL_RESIDUAL,superset_base_range_superset_q25,4972.40625,4972.65,0.24375,True,True,ROLLING_ROW_LEVEL_RESIDUAL,superset_base_rows_expanded_recent20_median,4948.55375,4948.52,0.03375,True,True,ROLLING_ROW_LEVEL_RESIDUAL,superset_base_rows_expanded_median,2026-03-16,RANGE_NORMAL_60_120,CLOSE_POS_MIDDLE_THIRD,ROWS_SPARSE_1_8,5006.25,PREV_CLOSE_PROXY,,NEUTRAL
2026-03-18,True,True,0.090312,0.401719,100.0,100.0,5031.6375,5033.04,1.4025,True,True,ROLLING_ROW_LEVEL_RESIDUAL,superset_base_rows_superset_q25,5007.455,5007.6,0.145,True,True,ROLLING_ROW_LEVEL_RESIDUAL,superset_base_rows_expanded_recent12_median,4976.485625,4976.45,0.035625,True,True,ROLLING_RANGE_LEVEL_RESIDUAL,superset_base_range_superset_recent12_median,4948.67375,4948.65,0.02375,True,True,ROLLING_RANGE_CLOSE_LEVEL_RESIDUAL,superset_base_range_close_expanded_recent8_median,2026-03-17,RANGE_NORMAL_60_120,CLOSE_POS_MIDDLE_THIRD,ROWS_EXTENDED_11_PLUS,5005.5,PREV_CLOSE_PROXY,,NEUTRAL
2026-03-19,True,True,91.012812,90.624147,0.0,0.0,4994.300986,4854.69,139.610986,False,False,ROLLING_RANGE_CLOSE_LEVEL_RESIDUAL,superset_base_range_close_expanded_q25,4942.748125,4835.57,107.178125,False,False,ROLLING_RANGE_CLOSE_LEVEL_RESIDUAL,superset_base_range_close_expanded_q25,4889.3375,4814.49,74.8475,False,False,ROLLING_RANGE_LEVEL_RESIDUAL,superset_base_range_expanded_q25,4835.259975,4794.4,40.859975,False,False,ROLLING_ROW_LEVEL_RESIDUAL,superset_base_rows_superset_q25,2026-03-18,RANGE_WIDE_120_220,CLOSE_POS_LOWER_THIRD,ROWS_EXTENDED_11_PLUS,4818.64,PREV_CLOSE_PROXY,,NEUTRAL
2026-03-20,True,True,63.825156,57.951328,0.0,0.0,4784.84,4687.79,97.05,False,False,ROLLING_SOURCE_LEVEL_RESIDUAL,superset_base_source_expanded_recent5_median,4748.252812,4666.39,81.862812,False,False,ROLLING_RANGE_LEVEL_RESIDUAL,superset_base_range_expanded_q25,4688.2175,4642.43,45.7875,False,False,ROLLING_RANGE_LEVEL_RESIDUAL,superset_base_range_superset_q25,4628.535,4621.43,7.105,False,False,ROLLING_RANGE_LEVEL_RESIDUAL,superset_base_range_superset_q25,2026-03-19,RANGE_EXTREME_220_PLUS,CLOSE_POS_MIDDLE_THIRD,ROWS_STANDARD_9_10,4650.38,PREV_CLOSE_PROXY,,NEUTRAL
2026-03-23,True,True,0.178223,0.196299,100.0,100.0,4523.93125,4524.06,0.12875,True,True,ROLLING_SOURCE_LEVEL_RESIDUAL,superset_base_source_expanded_recent8_median,4495.08,4495.38,0.3,True,True,ROLLING_SOURCE_LEVEL_RESIDUAL,superset_base_source_superset_recent12_median,4465.812278,4465.6,0.212278,True,True,ROLLING_RANGE_CLOSE_LEVEL_RESIDUAL,superset_base_range_close_superset_mean,4441.854167,4441.71,0.144167,True,True,ROLLING_RANGE_CLOSE_LEVEL_RESIDUAL,superset_base_range_close_expanded_mean,2026-03-20,RANGE_EXTREME_220_PLUS,CLOSE_POS_LOWER_THIRD,ROWS_STANDARD_9_10,4498.06,PREV_CLOSE_PROXY,,NEUTRAL
2026-03-24,True,True,17.146407,20.550686,50.0,50.0,4493.25375,4445.82,47.43375,False,False,ROLLING_RANGE_LEVEL_RESIDUAL,superset_base_range_superset_q25,4426.907813,4395.52,31.387813,False,False,ROLLING_RANGE_LEVEL_RESIDUAL,superset_base_range_superset_q25,4349.26382,4349.74,0.47618,True,True,ROLLING_RANGE_LEVEL_RESIDUAL,superset_base_range_expanded_recent8_median,4302.705,4305.61,2.905,True,True,ROLLING_BASE_SUPERSET,ORIGINAL_ORACLE_PRESERVED,2026-03-23,RANGE_EXTREME_220_PLUS,CLOSE_POS_UPPER_THIRD,ROWS_STANDARD_9_10,4406.68,PREV_CLOSE_PROXY,,NEUTRAL
2026-03-25,True,True,0.900116,3.305761,75.0,75.0,4530.627812,4530.5,0.127812,True,True,ROLLING_LEVEL_RESIDUAL,superset_base_level_expanded_q25,4479.87125,4480.55,0.67875,True,True,ROLLING_SOURCE_LEVEL_RESIDUAL,superset_base_source_expanded_q75,4438.581483,4437.46,1.121483,True,True,ROLLING_RANGE_LEVEL_RESIDUAL,superset_base_range_original_q75,4399.435,4388.14,11.295,False,False,ROLLING_SOURCE_LEVEL_RESIDUAL,superset_base_source_expanded_recent5_median,2026-03-24,RANGE_WIDE_120_220,CLOSE_POS_UPPER_THIRD,ROWS_STANDARD_9_10,4474.36,PREV_CLOSE_PROXY,,NEUTRAL
2026-03-26,True,True,0.171601,0.198769,100.0,100.0,4563.401875,4563.01,0.391875,True,True,ROLLING_LEVEL_RESIDUAL,superset_base_level_superset_recent12_median,4529.93,4529.99,0.06,True,True,ROLLING_SOURCE_LEVEL_RESIDUAL,superset_base_source_superset_recent20_median,4491.969375,4492.23,0.260625,True,True,ROLLING_SOURCE_LEVEL_RESIDUAL,superset_base_source_expanded_q75,4457.767422,4457.85,0.082578,True,True,ROLLING_RANGE_CLOSE_LEVEL_RESIDUAL,superset_base_range_close_expanded_mean,2026-03-25,RANGE_WIDE_120_220,CLOSE_POS_MIDDLE_THIRD,ROWS_STANDARD_9_10,4506.28,PREV_CLOSE_PROXY,,NEUTRAL
2026-03-27,True,True,0.416495,5.698745,75.0,75.0,4456.55424,4456.11,0.44424,True,True,ROLLING_REGIME_LEVEL_RESIDUAL,superset_base_regime_expanded_recent8_median,4424.72875,4424.34,0.38875,True,True,ROLLING_RANGE_LEVEL_RESIDUAL,superset_base_range_superset_recent8_median,4393.81355,4393.5,0.31355,True,True,ROLLING_RANGE_LEVEL_RESIDUAL,superset_base_range_original_q75,4340.851562,4362.5,21.648438,False,False,ROLLING_RANGE_LEVEL_RESIDUAL,superset_base_range_expanded_q75,2026-03-26,RANGE_WIDE_120_220,CLOSE_POS_LOWER_THIRD,ROWS_STANDARD_9_10,4378.0,PREV_CLOSE_PROXY,,NEUTRAL
2026-03-30,True,True,0.227969,0.199193,100.0,100.0,4543.2725,4543.04,0.2325,True,True,ROLLING_RANGE_CLOSE_LEVEL_RESIDUAL,original_base_range_close_superset_recent8_median,4513.243437,4513.02,0.223437,True,True,ROLLING_ROW_LEVEL_RESIDUAL,superset_base_rows_superset_q75,4484.323333,4484.03,0.293333,True,True,ROLLING_SOURCE_LEVEL_RESIDUAL,superset_base_source_superset_q75,4451.6725,4451.72,0.0475,True,True,ROLLING_RANGE_CLOSE_LEVEL_RESIDUAL,superset_base_range_close_superset_recent8_median,2026-03-27,RANGE_WIDE_120_220,CLOSE_POS_MIDDLE_THIRD,ROWS_STANDARD_9_10,4495.46,PREV_CLOSE_PROXY,,NEUTRAL
2026-03-31,True,True,0.131875,0.804447,100.0,100.0,4538.3375,4538.28,0.0575,True,True,ROLLING_RANGE_CLOSE_LEVEL_RESIDUAL,superset_base_range_close_superset_recent5_median,4509.83375,4510.04,0.20625,True,True,ROLLING_RANGE_LEVEL_RESIDUAL,superset_base_range_superset_recent5_median,4480.70721,4480.75,0.04279,True,True,ROLLING_ROW_LEVEL_RESIDUAL,superset_base_rows_original_median,4445.24875,4448.16,2.91125,True,True,ROLLING_SOURCE_LEVEL_RESIDUAL,superset_base_source_superset_recent5_median,2026-03-30,RANGE_WIDE_120_220,CLOSE_POS_MIDDLE_THIRD,ROWS_SPARSE_1_8,4511.02,PREV_CLOSE_PROXY,,NEUTRAL
2026-04-01,True,True,1.626514,7.452007,50.0,75.0,4731.47,4705.0,26.47,False,False,ROLLING_RANGE_LEVEL_RESIDUAL,superset_base_range_expanded_q25,4683.905,4683.82,0.085,True,True,ROLLING_SOURCE_LEVEL_RESIDUAL,superset_base_source_superset_recent20_median,4661.493029,4661.39,0.103029,True,True,ROLLING_RANGE_LEVEL_RESIDUAL,superset_base_range_superset_mean,4644.19,4641.04,3.15,False,True,ROLLING_RANGE_CLOSE_LEVEL_RESIDUAL,superset_base_range_close_superset_recent5_median,2026-03-31,RANGE_WIDE_120_220,CLOSE_POS_UPPER_THIRD,ROWS_STANDARD_9_10,4667.12,PREV_CLOSE_PROXY,,NEUTRAL
2026-04-02,True,True,0.488287,0.488406,100.0,100.0,4810.839595,4810.02,0.819595,True,True,ROLLING_SOURCE_LEVEL_RESIDUAL,superset_base_source_superset_recent8_median,4783.892547,4784.05,0.157453,True,True,ROLLING_RANGE_LEVEL_RESIDUAL,superset_base_range_expanded_mean,4750.21665,4749.81,0.40665,True,True,ROLLING_LEVEL_RESIDUAL,superset_base_level_superset_q75,4713.620075,4714.19,0.569925,True,True,ROLLING_ROW_LEVEL_RESIDUAL,superset_base_rows_expanded_mean,2026-04-01,RANGE_WIDE_120_220,CLOSE_POS_UPPER_THIRD,ROWS_EXTENDED_11_PLUS,4758.18,PREV_CLOSE_PROXY,,NEUTRAL
2026-04-03,True,True,2.081094,2.684286,50.0,75.0,4719.412188,4712.91,6.502188,False,False,ROLLING_RANGE_LEVEL_RESIDUAL,superset_base_range_superset_q75,4680.243438,4676.39,3.853437,False,True,ROLLING_LEVEL_RESIDUAL,superset_base_level_expanded_q75,4637.28277,4637.21,0.07277,True,True,ROLLING_RANGE_LEVEL_RESIDUAL,superset_base_range_superset_mean,4603.35125,4603.66,0.30875,True,True,ROLLING_LEVEL_RESIDUAL,superset_base_level_expanded_q25,2026-04-02,RANGE_EXTREME_220_PLUS,CLOSE_POS_MIDDLE_THIRD,ROWS_STANDARD_9_10,4676.04,PREV_CLOSE_PROXY,,NEUTRAL
2026-04-06,True,True,0.245698,0.24887,100.0,100.0,4712.843415,4712.91,0.066585,True,True,ROLLING_ROW_LEVEL_RESIDUAL,superset_base_rows_original_recent20_median,4676.602147,4676.39,0.212147,True,True,ROLLING_LEVEL_RESIDUAL,superset_base_level_superset_mean,4636.930752,4637.21,0.279248,True,True,ROLLING_SOURCE_LEVEL_RESIDUAL,superset_base_source_expanded_recent8_median,4604.0975,4603.66,0.4375,True,True,ROLLING_SOURCE_LEVEL_RESIDUAL,superset_base_source_superset_q75,2026-04-02,RANGE_EXTREME_220_PLUS,CLOSE_POS_MIDDLE_THIRD,ROWS_STANDARD_9_10,4676.04,PREV_CLOSE_PROXY,,NEUTRAL
2026-04-07,True,True,0.102795,0.407491,100.0,100.0,4686.49625,4686.47,0.02625,True,True,ROLLING_REGIME_LEVEL_RESIDUAL,superset_base_regime_original_median,4647.645,4647.73,0.085,True,True,ROLLING_RANGE_LEVEL_RESIDUAL,superset_base_range_superset_q25,4607.41059,4607.29,0.12059,True,True,ROLLING_SOURCE_LEVEL_RESIDUAL,superset_base_source_expanded_q25,4564.911875,4566.31,1.398125,True,True,ROLLING_RANGE_LEVEL_RESIDUAL,superset_base_range_superset_q75,2026-04-06,RANGE_NORMAL_60_120,CLOSE_POS_MIDDLE_THIRD,ROWS_STANDARD_9_10,4650.5,PREV_CLOSE_PROXY,,NEUTRAL
2026-04-08,True,True,0.082187,0.087859,100.0,100.0,4713.601875,4713.5,0.101875,True,True,ROLLING_RANGE_LEVEL_RESIDUAL,superset_base_range_superset_recent20_median,4677.888996,4677.93,0.041004,True,True,ROLLING_RANGE_LEVEL_RESIDUAL,superset_base_range_original_mean,4637.716056,4637.57,0.146056,True,True,ROLLING_RANGE_LEVEL_RESIDUAL,superset_base_range_expanded_q25,4597.3675,4597.43,0.0625,True,True,ROLLING_LEVEL_RESIDUAL,superset_base_level_expanded_q25,2026-04-07,RANGE_NORMAL_60_120,CLOSE_POS_UPPER_THIRD,ROWS_STANDARD_9_10,4705.73,PREV_CLOSE_PROXY,,NEUTRAL
2026-04-09,True,True,0.345625,0.324272,100.0,100.0,4766.69125,4767.19,0.49875,True,True,ROLLING_RANGE_LEVEL_RESIDUAL,superset_base_range_superset_recent20_median,4733.14375,4733.49,0.34625,True,True,ROLLING_SOURCE_LEVEL_RESIDUAL,superset_base_source_expanded_recent12_median,4693.927087,4693.82,0.107087,True,True,ROLLING_ROW_LEVEL_RESIDUAL,superset_base_rows_expanded_recent8_median,4651.475,4651.82,0.345,True,True,ROLLING_RANGE_LEVEL_RESIDUAL,superset_base_range_superset_q25,2026-04-08,RANGE_WIDE_120_220,CLOSE_POS_LOWER_THIRD,ROWS_STANDARD_9_10,4719.26,PREV_CLOSE_PROXY,,NEUTRAL
2026-04-10,True,True,0.196953,0.477119,100.0,100.0,4786.854375,4787.01,0.155625,True,True,ROLLING_ROW_LEVEL_RESIDUAL,superset_base_rows_superset_median,4746.87707,4746.82,0.05707,True,True,ROLLING_LEVEL_RESIDUAL,superset_base_level_expanded_recent12_median,4708.0975,4706.64,1.4575,True,True,ROLLING_SOURCE_LEVEL_RESIDUAL,superset_base_source_expanded_recent8_median,4671.798281,4671.56,0.238281,True,True,ROLLING_RANGE_CLOSE_LEVEL_RESIDUAL,superset_base_range_close_expanded_q75,2026-04-09,RANGE_NORMAL_60_120,CLOSE_POS_MIDDLE_THIRD,ROWS_STANDARD_9_10,4765.5,PREV_CLOSE_PROXY,,NEUTRAL
2026-04-13,True,True,0.058515,0.315396,100.0,100.0,4776.958125,4777.03,0.071875,True,True,ROLLING_SOURCE_LEVEL_RESIDUAL,superset_base_source_expanded_median,4737.628302,4737.6,0.028302,True,True,ROLLING_RANGE_LEVEL_RESIDUAL,superset_base_range_superset_mean,4695.284844,4695.33,0.045156,True,True,ROLLING_REGIME_LEVEL_RESIDUAL,superset_base_regime_expanded_q25,4652.57375,4653.69,1.11625,True,True,ROLLING_LEVEL_RESIDUAL,superset_base_level_expanded_q25,2026-04-10,RANGE_NORMAL_60_120,CLOSE_POS_LOWER_THIRD,ROWS_STANDARD_9_10,4749.18,PREV_CLOSE_PROXY,,NEUTRAL
2026-04-14,True,True,0.268955,0.42937,100.0,100.0,4767.036563,4768.21,1.173437,True,True,ROLLING_LEVEL_RESIDUAL,superset_base_level_expanded_q75,4728.166133,4728.16,0.006133,True,True,ROLLING_RANGE_CLOSE_LEVEL_RESIDUAL,superset_base_range_close_expanded_recent8_median,4688.84416,4688.7,0.14416,True,True,ROLLING_RANGE_LEVEL_RESIDUAL,superset_base_range_superset_q75,4648.54625,4648.94,0.39375,True,True,ROLLING_RANGE_LEVEL_RESIDUAL,superset_base_range_superset_recent12_median,2026-04-13,RANGE_NORMAL_60_120,CLOSE_POS_UPPER_THIRD,ROWS_STANDARD_9_10,4740.3,PREV_CLOSE_PROXY,,NEUTRAL
2026-04-15,True,True,0.072914,0.271145,100.0,100.0,4871.225828,4871.18,0.045828,True,True,ROLLING_RANGE_CLOSE_LEVEL_RESIDUAL,superset_base_range_close_expanded_recent20_median,4833.42625,4833.44,0.01375,True,True,ROLLING_RANGE_CLOSE_LEVEL_RESIDUAL,superset_base_range_close_superset_q75,4795.88,4795.98,0.1,True,True,ROLLING_RANGE_LEVEL_RESIDUAL,superset_base_range_expanded_median,4758.735,4759.66,0.925,True,True,ROLLING_ROW_LEVEL_RESIDUAL,superset_base_rows_superset_recent12_median,2026-04-14,RANGE_NORMAL_60_120,CLOSE_POS_UPPER_THIRD,ROWS_STANDARD_9_10,4841.68,PREV_CLOSE_PROXY,,NEUTRAL
2026-04-16,True,True,0.129997,0.516807,100.0,100.0,4864.567764,4866.37,1.802236,True,True,ROLLING_SOURCE_LEVEL_RESIDUAL,superset_base_source_expanded_q75,4834.042181,4833.82,0.222182,True,True,ROLLING_RANGE_LEVEL_RESIDUAL,superset_base_range_expanded_q75,4796.842188,4796.88,0.037812,True,True,ROLLING_RANGE_LEVEL_RESIDUAL,superset_base_range_superset_recent12_median,4763.585,4763.58,0.005,True,True,ROLLING_SOURCE_LEVEL_RESIDUAL,superset_base_source_expanded_median,2026-04-15,RANGE_NORMAL_60_120,CLOSE_POS_LOWER_THIRD,ROWS_STANDARD_9_10,4790.68,PREV_CLOSE_PROXY,,NEUTRAL
2026-04-17,True,True,0.184219,1.225595,75.0,100.0,4855.304566,4859.83,4.525434,False,True,ROLLING_SOURCE_LEVEL_RESIDUAL,superset_base_source_expanded_recent5_median,4822.659063,4822.32,0.339063,True,True,ROLLING_RANGE_CLOSE_LEVEL_RESIDUAL,superset_base_range_close_expanded_q75,4788.990625,4789.02,0.029375,True,True,ROLLING_SOURCE_LEVEL_RESIDUAL,superset_base_source_superset_q75,4747.748508,4747.74,0.008508,True,True,ROLLING_ROW_LEVEL_RESIDUAL,superset_base_rows_superset_mean,2026-04-16,RANGE_NORMAL_60_120,CLOSE_POS_LOWER_THIRD,ROWS_STANDARD_9_10,4790.78,PREV_CLOSE_PROXY,,NEUTRAL
2026-04-20,True,True,0.133607,0.671803,100.0,100.0,4884.077188,4884.09,0.012813,True,True,ROLLING_LEVEL_RESIDUAL,original_base_level_expanded_median,4846.4475,4846.45,0.0025,True,True,ROLLING_REGIME_LEVEL_RESIDUAL,superset_base_regime_superset_recent5_median,4808.8844,4808.63,0.2544,True,True,ROLLING_ROW_LEVEL_RESIDUAL,superset_base_rows_superset_recent12_median,4774.7075,4772.29,2.4175,True,True,ROLLING_RANGE_LEVEL_RESIDUAL,superset_base_range_superset_q75,2026-04-17,RANGE_WIDE_120_220,CLOSE_POS_MIDDLE_THIRD,ROWS_STANDARD_9_10,4832.42,PREV_CLOSE_PROXY,,NEUTRAL
2026-04-21,True,True,0.094063,0.53281,100.0,100.0,4877.34322,4875.42,1.92322,True,True,ROLLING_REGIME_LEVEL_RESIDUAL,superset_base_regime_expanded_q75,4832.11375,4831.95,0.16375,True,True,ROLLING_RANGE_LEVEL_RESIDUAL,superset_base_range_expanded_q75,4784.704375,4784.68,0.024375,True,True,ROLLING_REGIME_LEVEL_RESIDUAL,superset_base_regime_original_recent8_median,4743.469893,4743.45,0.019893,True,True,ROLLING_LEVEL_RESIDUAL,superset_base_level_original_mean,2026-04-20,RANGE_NORMAL_60_120,CLOSE_POS_UPPER_THIRD,ROWS_STANDARD_9_10,4820.66,PREV_CLOSE_PROXY,,NEUTRAL
2026-04-22,True,True,0.161709,0.211844,100.0,100.0,4780.683417,4780.53,0.153417,True,True,ROLLING_ROW_LEVEL_RESIDUAL,superset_base_rows_expanded_mean,4739.685417,4740.11,0.424583,True,True,ROLLING_SOURCE_LEVEL_RESIDUAL,superset_base_source_superset_recent12_median,4694.969375,4694.87,0.099375,True,True,ROLLING_SOURCE_LEVEL_RESIDUAL,superset_base_source_superset_q75,4636.9,4636.73,0.17,True,True,ROLLING_RANGE_LEVEL_RESIDUAL,superset_base_range_superset_median,2026-04-21,RANGE_WIDE_120_220,CLOSE_POS_LOWER_THIRD,ROWS_STANDARD_9_10,4720.06,PREV_CLOSE_PROXY,,NEUTRAL
2026-04-23,True,True,46.302807,47.893292,0.0,0.0,4810.11682,4873.73,63.61318,False,False,ROLLING_SOURCE_LEVEL_RESIDUAL,superset_base_source_expanded_recent5_median,4793.386261,4832.75,39.363739,False,False,ROLLING_ROW_LEVEL_RESIDUAL,superset_base_rows_expanded_q75,4730.208125,4783.45,53.241875,False,False,ROLLING_SOURCE_LEVEL_RESIDUAL,superset_base_source_expanded_q75,4705.565625,4740.92,35.354375,False,False,ROLLING_RANGE_CLOSE_LEVEL_RESIDUAL,superset_base_range_close_expanded_q75,2026-04-22,RANGE_COMPRESSED_0_60,CLOSE_POS_MIDDLE_THIRD,ROWS_EXTENDED_11_PLUS,4740.18,PREV_CLOSE_PROXY,,NEUTRAL
2026-04-24,True,True,7.838073,8.121579,25.0,50.0,4803.495834,4799.5,3.995834,False,True,ROLLING_SOURCE_LEVEL_RESIDUAL,superset_base_source_expanded_recent5_median,4753.21875,4769.97,16.75125,False,False,ROLLING_SOURCE_LEVEL_RESIDUAL,superset_base_source_expanded_recent5_median,4726.249688,4737.93,11.680312,False,False,ROLLING_REGIME_LEVEL_RESIDUAL,superset_base_regime_expanded_q75,4699.688921,4699.63,0.058921,True,True,ROLLING_ROW_LEVEL_RESIDUAL,superset_base_rows_superset_q75,2026-04-23,RANGE_NORMAL_60_120,CLOSE_POS_MIDDLE_THIRD,ROWS_STANDARD_9_10,4694.36,PREV_CLOSE_PROXY,,NEUTRAL
2026-04-27,True,True,22.685659,19.298976,25.0,25.0,4790.810834,4789.79,1.020834,True,True,ROLLING_RANGE_LEVEL_RESIDUAL,superset_base_range_expanded_recent5_median,4739.841026,4758.08,18.238974,False,False,ROLLING_SOURCE_LEVEL_RESIDUAL,superset_base_source_expanded_recent5_median,4691.75625,4722.56,30.80375,False,False,ROLLING_ROW_LEVEL_RESIDUAL,superset_base_rows_superset_q75,4661.437656,4688.57,27.132344,False,False,ROLLING_RANGE_CLOSE_LEVEL_RESIDUAL,superset_base_range_close_expanded_q75,2026-04-24,RANGE_NORMAL_60_120,CLOSE_POS_MIDDLE_THIRD,ROWS_EXTENDED_11_PLUS,4707.26,PREV_CLOSE_PROXY,,NEUTRAL
2026-04-28,True,True,0.250677,0.290444,100.0,100.0,4724.39187,4724.59,0.19813,True,True,ROLLING_ROW_LEVEL_RESIDUAL,superset_base_rows_superset_recent12_median,4687.462292,4687.0,0.462292,True,True,ROLLING_RANGE_LEVEL_RESIDUAL,superset_base_range_original_q25,4642.471771,4642.74,0.268229,True,True,ROLLING_RANGE_LEVEL_RESIDUAL,superset_base_range_superset_q75,4609.863125,4609.63,0.233125,True,True,ROLLING_ROW_LEVEL_RESIDUAL,superset_base_rows_superset_recent8_median,2026-04-27,RANGE_NORMAL_60_120,CLOSE_POS_LOWER_THIRD,ROWS_STANDARD_9_10,4681.76,PREV_CLOSE_PROXY,,NEUTRAL
2026-04-29,True,True,0.094062,0.40971,100.0,100.0,4645.40116,4646.78,1.37884,True,True,ROLLING_BASE_SUPERSET,ORIGINAL_ORACLE_PRESERVED,4604.0325,4603.92,0.1125,True,True,ROLLING_LEVEL_RESIDUAL,superset_base_level_original_median,4561.885625,4561.81,0.075625,True,True,ROLLING_SOURCE_LEVEL_RESIDUAL,superset_base_source_expanded_recent12_median,4527.718125,4527.79,0.071875,True,True,ROLLING_RANGE_LEVEL_RESIDUAL,original_base_range_superset_recent8_median,2026-04-28,RANGE_WIDE_120_220,CLOSE_POS_LOWER_THIRD,ROWS_STANDARD_9_10,4597.2,PREV_CLOSE_PROXY,,NEUTRAL
2026-04-30,True,True,1.390833,2.252135,75.0,75.0,4637.04,4639.2,2.16,True,True,ROLLING_SOURCE_LEVEL_RESIDUAL,superset_base_source_superset_recent5_median,4598.708334,4599.33,0.621666,True,True,ROLLING_RANGE_CLOSE_LEVEL_RESIDUAL,superset_base_range_close_expanded_recent5_median,4549.37,4555.58,6.21,False,False,ROLLING_ROW_LEVEL_RESIDUAL,superset_base_rows_expanded_q75,4521.266875,4521.25,0.016875,True,True,ROLLING_RANGE_LEVEL_RESIDUAL,superset_base_range_superset_q75,2026-04-29,RANGE_NORMAL_60_120,CLOSE_POS_LOWER_THIRD,ROWS_STANDARD_9_10,4543.48,PREV_CLOSE_PROXY,,NEUTRAL
2026-05-01,True,True,7.148594,7.216548,50.0,50.0,4639.705,4640.24,0.535,True,True,ROLLING_RANGE_LEVEL_RESIDUAL,superset_base_range_superset_q25,4600.149843,4599.79,0.359843,True,True,ROLLING_RANGE_CLOSE_LEVEL_RESIDUAL,original_base_range_close_expanded_q25,4571.049161,4556.84,14.209161,False,False,ROLLING_ROW_LEVEL_RESIDUAL,superset_base_rows_expanded_q25,4531.242188,4517.48,13.762188,False,False,ROLLING_RANGE_CLOSE_LEVEL_RESIDUAL,superset_base_range_close_expanded_recent8_median,2026-04-30,RANGE_NORMAL_60_120,CLOSE_POS_UPPER_THIRD,ROWS_STANDARD_9_10,4621.76,PREV_CLOSE_PROXY,,NEUTRAL
2026-05-04,True,True,0.069219,0.258306,100.0,100.0,4645.941985,4645.95,0.008015,True,True,ROLLING_REGIME_LEVEL_RESIDUAL,superset_base_regime_original_mean,4606.11375,4606.0,0.11375,True,True,ROLLING_RANGE_CLOSE_LEVEL_RESIDUAL,superset_base_range_close_expanded_q25,4564.46323,4565.35,0.88677,True,True,ROLLING_REGIME_LEVEL_RESIDUAL,superset_base_regime_expanded_q25,4522.814688,4522.79,0.024688,True,True,ROLLING_REGIME_LEVEL_RESIDUAL,superset_base_regime_expanded_mean,2026-05-01,RANGE_NORMAL_60_120,CLOSE_POS_MIDDLE_THIRD,ROWS_STANDARD_9_10,4615.53,PREV_CLOSE_PROXY,,NEUTRAL
2026-05-05,True,True,0.231875,0.280326,100.0,100.0,4636.440677,4636.32,0.120677,True,True,ROLLING_RANGE_CLOSE_LEVEL_RESIDUAL,superset_base_range_close_superset_mean,4598.7425,4598.4,0.3425,True,True,ROLLING_RANGE_LEVEL_RESIDUAL,superset_base_range_expanded_recent20_median,4559.526875,4558.99,0.536875,True,True,ROLLING_RANGE_LEVEL_RESIDUAL,superset_base_range_expanded_recent20_median,4518.29875,4518.42,0.12125,True,True,ROLLING_LEVEL_RESIDUAL,superset_base_level_expanded_q25,2026-05-04,RANGE_WIDE_120_220,CLOSE_POS_LOWER_THIRD,ROWS_EXTENDED_11_PLUS,4523.73,PREV_CLOSE_PROXY,,NEUTRAL
2026-05-06,True,True,0.103733,0.295304,100.0,100.0,4644.669722,4644.75,0.080278,True,True,ROLLING_ROW_LEVEL_RESIDUAL,superset_base_rows_expanded_recent5_median,4600.912812,4601.04,0.127188,True,True,ROLLING_REGIME_LEVEL_RESIDUAL,superset_base_regime_superset_q25,4556.885,4556.82,0.065,True,True,ROLLING_LEVEL_RESIDUAL,superset_base_level_superset_median,4511.32875,4510.42,0.90875,True,True,ROLLING_RANGE_LEVEL_RESIDUAL,superset_base_range_expanded_recent20_median,2026-05-05,RANGE_NORMAL_60_120,CLOSE_POS_MIDDLE_THIRD,ROWS_STANDARD_9_10,4557.19,PREV_CLOSE_PROXY,,NEUTRAL
2026-05-07,True,True,3.629687,3.694453,50.0,50.0,4735.452188,4728.08,7.372188,False,False,ROLLING_REGIME_LEVEL_RESIDUAL,superset_base_regime_superset_q25,4685.53625,4678.95,6.58625,False,False,ROLLING_RANGE_LEVEL_RESIDUAL,superset_base_range_expanded_q25,4639.393125,4638.72,0.673125,True,True,ROLLING_RANGE_LEVEL_RESIDUAL,superset_base_range_superset_q25,4599.73375,4599.88,0.14625,True,True,ROLLING_LEVEL_RESIDUAL,superset_base_level_expanded_q25,2026-05-06,RANGE_WIDE_120_220,CLOSE_POS_UPPER_THIRD,ROWS_STANDARD_9_10,4690.84,PREV_CLOSE_PROXY,,NEUTRAL
2026-05-08,True,True,0.50125,6.024844,75.0,75.0,4730.380625,4730.4,0.019375,True,True,ROLLING_RANGE_LEVEL_RESIDUAL,superset_base_range_superset_q25,4682.666875,4682.05,0.616875,True,True,ROLLING_SOURCE_LEVEL_RESIDUAL,superset_base_source_expanded_q25,4658.5675,4635.49,23.0775,False,False,ROLLING_SOURCE_LEVEL_RESIDUAL,superset_base_source_expanded_recent5_median,4595.154375,4595.54,0.385625,True,True,ROLLING_SOURCE_LEVEL_RESIDUAL,superset_base_source_expanded_recent8_median,2026-05-07,RANGE_NORMAL_60_120,CLOSE_POS_LOWER_THIRD,ROWS_STANDARD_9_10,4687.08,PREV_CLOSE_PROXY,,NEUTRAL
2026-05-11,True,True,0.083125,1.417793,75.0,75.0,4790.83375,4790.81,0.02375,True,True,ROLLING_RANGE_CLOSE_LEVEL_RESIDUAL,superset_base_range_close_expanded_q25,4751.138827,4756.62,5.481173,False,False,ROLLING_REGIME_LEVEL_RESIDUAL,superset_base_regime_expanded_q75,4721.7825,4721.87,0.0875,True,True,ROLLING_RANGE_CLOSE_LEVEL_RESIDUAL,original_base_range_close_original_q75,4684.40875,4684.33,0.07875,True,True,ROLLING_REGIME_LEVEL_RESIDUAL,superset_base_regime_original_q25,2026-05-08,RANGE_NORMAL_60_120,CLOSE_POS_MIDDLE_THIRD,ROWS_STANDARD_9_10,4715.62,PREV_CLOSE_PROXY,,NEUTRAL
2026-05-12,True,True,0.181017,0.230211,100.0,100.0,4785.780883,4786.09,0.309117,True,True,ROLLING_LEVEL_RESIDUAL,superset_base_level_expanded_q25,4752.227083,4752.28,0.052917,True,True,ROLLING_RANGE_CLOSE_LEVEL_RESIDUAL,superset_base_range_close_expanded_q75,4717.340434,4717.37,0.029566,True,True,ROLLING_SOURCE_LEVEL_RESIDUAL,superset_base_source_superset_recent20_median,4681.259244,4680.73,0.529244,True,True,ROLLING_RANGE_CLOSE_LEVEL_RESIDUAL,superset_base_range_close_expanded_q75,2026-05-11,RANGE_NORMAL_60_120,CLOSE_POS_UPPER_THIRD,ROWS_STANDARD_9_10,4734.64,PREV_CLOSE_PROXY,,NEUTRAL
2026-05-13,True,True,0.448041,0.541833,100.0,100.0,4786.11875,4786.09,0.02875,True,True,ROLLING_LEVEL_RESIDUAL,superset_base_level_original_median,4746.422188,4746.53,0.107812,True,True,ROLLING_ROW_LEVEL_RESIDUAL,superset_base_rows_expanded_q25,4708.20827,4707.42,0.78827,True,True,ROLLING_RANGE_LEVEL_RESIDUAL,superset_base_range_superset_recent20_median,4671.5125,4670.27,1.2425,True,True,ROLLING_REGIME_LEVEL_RESIDUAL,superset_base_regime_superset_q75,2026-05-12,RANGE_WIDE_120_220,CLOSE_POS_MIDDLE_THIRD,ROWS_STANDARD_9_10,4715.15,PREV_CLOSE_PROXY,,NEUTRAL
2026-05-14,True,True,5.367706,6.680508,50.0,50.0,4768.694121,4768.67,0.024121,True,True,ROLLING_RANGE_CLOSE_LEVEL_RESIDUAL,superset_base_range_close_expanded_q75,4732.570838,4734.88,2.309162,True,True,ROLLING_ROW_LEVEL_RESIDUAL,superset_base_rows_expanded_q75,4683.3675,4699.33,15.9625,False,False,ROLLING_SOURCE_LEVEL_RESIDUAL,superset_base_source_expanded_q75,4661.84375,4670.27,8.42625,False,False,ROLLING_RANGE_CLOSE_LEVEL_RESIDUAL,superset_base_range_close_expanded_q75,2026-05-13,RANGE_COMPRESSED_0_60,CLOSE_POS_MIDDLE_THIRD,ROWS_STANDARD_9_10,4688.78,PREV_CLOSE_PROXY,,NEUTRAL
2026-05-15,True,True,0.332135,0.324303,100.0,100.0,4693.84927,4693.67,0.17927,True,True,ROLLING_SOURCE_LEVEL_RESIDUAL,superset_base_source_superset_median,4665.127059,4665.63,0.502941,True,True,ROLLING_RANGE_LEVEL_RESIDUAL,superset_base_range_superset_q25,4634.785,4635.27,0.485,True,True,ROLLING_LEVEL_RESIDUAL,superset_base_level_expanded_q25,4600.49,4600.62,0.13,True,True,ROLLING_SOURCE_LEVEL_RESIDUAL,superset_base_source_expanded_recent5_median,2026-05-14,RANGE_NORMAL_60_120,CLOSE_POS_LOWER_THIRD,ROWS_STANDARD_9_10,4652.36,PREV_CLOSE_PROXY,,NEUTRAL
2026-05-18,True,True,0.076875,0.104587,100.0,100.0,4564.5621,4564.33,0.2321,True,True,ROLLING_ROW_LEVEL_RESIDUAL,superset_base_rows_original_q25,4539.1125,4539.06,0.0525,True,True,ROLLING_REGIME_LEVEL_RESIDUAL,superset_base_regime_superset_recent5_median,4511.82875,4511.93,0.10125,True,True,ROLLING_ROW_LEVEL_RESIDUAL,superset_base_rows_original_median,4481.2875,4481.32,0.0325,True,True,ROLLING_REGIME_LEVEL_RESIDUAL,superset_base_regime_original_q75,2026-05-15,RANGE_WIDE_120_220,CLOSE_POS_LOWER_THIRD,ROWS_STANDARD_9_10,4538.64,PREV_CLOSE_PROXY,,NEUTRAL
2026-05-19,True,True,1.161501,4.215963,75.0,75.0,4620.973348,4606.82,14.153348,False,False,ROLLING_SOURCE_LEVEL_RESIDUAL,superset_base_source_expanded_q25,4585.8225,4586.21,0.3875,True,True,ROLLING_SOURCE_LEVEL_RESIDUAL,superset_base_source_expanded_recent5_median,4558.349496,4558.95,0.600503,True,True,ROLLING_LEVEL_RESIDUAL,superset_base_level_original_q75,4531.1175,4532.84,1.7225,True,True,ROLLING_ROW_LEVEL_RESIDUAL,superset_base_rows_expanded_q75,2026-05-18,RANGE_NORMAL_60_120,CLOSE_POS_UPPER_THIRD,ROWS_STANDARD_9_10,4566.12,PREV_CLOSE_PROXY,,NEUTRAL
2026-05-20,True,True,0.033594,0.072958,100.0,100.0,4529.616232,4529.64,0.023768,True,True,ROLLING_RANGE_LEVEL_RESIDUAL,superset_base_range_expanded_mean,4506.399124,4506.6,0.200876,True,True,ROLLING_LEVEL_RESIDUAL,superset_base_level_original_recent20_median,4487.627188,4487.59,0.037188,True,True,ROLLING_LEVEL_RESIDUAL,superset_base_level_expanded_recent20_median,4462.03,4462.0,0.03,True,True,ROLLING_REGIME_LEVEL_RESIDUAL,superset_base_regime_expanded_q75,2026-05-19,RANGE_WIDE_120_220,CLOSE_POS_LOWER_THIRD,ROWS_STANDARD_9_10,4481.92,PREV_CLOSE_PROXY,,NEUTRAL
2026-05-21,True,True,2.33773,4.218084,50.0,75.0,4608.383125,4608.29,0.093125,True,True,ROLLING_RANGE_LEVEL_RESIDUAL,superset_base_range_superset_recent20_median,4577.67704,4582.07,4.39296,False,True,ROLLING_RANGE_LEVEL_RESIDUAL,superset_base_range_expanded_recent5_median,4542.22625,4554.33,12.10375,False,False,ROLLING_ROW_LEVEL_RESIDUAL,superset_base_rows_expanded_q75,4524.3425,4524.06,0.2825,True,True,ROLLING_RANGE_CLOSE_LEVEL_RESIDUAL,superset_base_range_close_expanded_recent20_median,2026-05-20,RANGE_NORMAL_60_120,CLOSE_POS_UPPER_THIRD,ROWS_STANDARD_9_10,4543.62,PREV_CLOSE_PROXY,,NEUTRAL
2026-05-22,True,True,0.529485,0.898063,100.0,100.0,4614.77875,4614.22,0.55875,True,True,ROLLING_BASE_SUPERSET,ORIGINAL_ORACLE_PRESERVED,4584.72704,4582.41,2.31704,True,True,ROLLING_RANGE_CLOSE_LEVEL_RESIDUAL,superset_base_range_close_expanded_recent5_median,4551.553757,4551.77,0.216243,True,True,ROLLING_SOURCE_LEVEL_RESIDUAL,superset_base_source_expanded_median,4521.05022,4520.55,0.50022,True,True,ROLLING_LEVEL_RESIDUAL,superset_base_level_original_recent20_median,2026-05-21,RANGE_NORMAL_60_120,CLOSE_POS_MIDDLE_THIRD,ROWS_STANDARD_9_10,4543.05,PREV_CLOSE_PROXY,,NEUTRAL
2026-05-25,True,True,1.045937,2.519766,75.0,75.0,4548.322812,4556.09,7.767188,False,False,ROLLING_SOURCE_LEVEL_RESIDUAL,superset_base_source_expanded_q75,4525.815625,4524.91,0.905625,True,True,ROLLING_ROW_LEVEL_RESIDUAL,superset_base_rows_superset_q75,4495.85625,4494.67,1.18625,True,True,ROLLING_ROW_LEVEL_RESIDUAL,superset_base_rows_superset_q75,4463.11,4462.89,0.22,True,True,ROLLING_RANGE_LEVEL_RESIDUAL,superset_base_range_expanded_q75,2026-05-22,RANGE_COMPRESSED_0_60,CLOSE_POS_LOWER_THIRD,ROWS_EXTENDED_11_PLUS,4507.9,PREV_CLOSE_PROXY,,NEUTRAL
2026-05-26,True,True,0.528137,1.285971,75.0,100.0,4593.338016,4593.58,0.241984,True,True,ROLLING_RANGE_LEVEL_RESIDUAL,superset_base_range_expanded_recent8_median,4561.949567,4562.44,0.490433,True,True,ROLLING_ROW_LEVEL_RESIDUAL,superset_base_rows_superset_q75,4529.334158,4529.9,0.565842,True,True,ROLLING_SOURCE_LEVEL_RESIDUAL,superset_base_source_expanded_recent5_median,4495.914375,4499.76,3.845625,False,True,ROLLING_ROW_LEVEL_RESIDUAL,superset_base_rows_expanded_recent8_median,2026-05-25,RANGE_COMPRESSED_0_60,CLOSE_POS_UPPER_THIRD,ROWS_STANDARD_9_10,4570.94,PREV_CLOSE_PROXY,,NEUTRAL
2026-05-27,True,True,0.256718,0.267016,100.0,100.0,4531.26625,4530.95,0.31625,True,True,ROLLING_RANGE_LEVEL_RESIDUAL,superset_base_range_superset_recent12_median,4496.506622,4496.68,0.173378,True,True,ROLLING_ROW_LEVEL_RESIDUAL,superset_base_rows_original_mean,4459.33875,4459.72,0.38125,True,True,ROLLING_ROW_LEVEL_RESIDUAL,superset_base_rows_original_q25,4421.072813,4421.27,0.197187,True,True,ROLLING_RANGE_CLOSE_LEVEL_RESIDUAL,superset_base_range_close_expanded_recent8_median,2026-05-26,RANGE_NORMAL_60_120,CLOSE_POS_LOWER_THIRD,ROWS_SPARSE_1_8,4507.47,PREV_CLOSE_PROXY,,NEUTRAL
2026-05-28,True,True,0.869052,5.203133,75.0,75.0,4495.184945,4495.53,0.345055,True,True,ROLLING_LEVEL_RESIDUAL,superset_base_level_expanded_q25,4466.621623,4466.16,0.461623,True,True,ROLLING_LEVEL_RESIDUAL,superset_base_level_superset_mean,4422.72352,4424.0,1.27648,True,True,ROLLING_LEVEL_RESIDUAL,superset_base_level_superset_q25,4398.139375,4379.41,18.729375,False,False,ROLLING_RANGE_LEVEL_RESIDUAL,superset_base_range_expanded_q25,2026-05-27,RANGE_WIDE_120_220,CLOSE_POS_MIDDLE_THIRD,ROWS_STANDARD_9_10,4456.18,PREV_CLOSE_PROXY,,NEUTRAL
2026-05-29,True,True,0.824375,0.732199,100.0,100.0,4587.08375,4586.39,0.69375,True,True,ROLLING_RANGE_LEVEL_RESIDUAL,superset_base_range_expanded_q75,4557.623594,4557.79,0.166406,True,True,ROLLING_REGIME_LEVEL_RESIDUAL,superset_base_regime_expanded_q75,4526.855,4527.81,0.955,True,True,ROLLING_ROW_LEVEL_RESIDUAL,superset_base_rows_superset_q75,4496.73364,4495.62,1.11364,True,True,ROLLING_SOURCE_LEVEL_RESIDUAL,superset_base_source_expanded_recent5_median,2026-05-28,RANGE_WIDE_120_220,CLOSE_POS_UPPER_THIRD,ROWS_EXTENDED_11_PLUS,4495.64,PREV_CLOSE_PROXY,,NEUTRAL
2026-06-01,True,True,0.191026,3.379758,75.0,75.0,4607.783802,4607.94,0.156198,True,True,ROLLING_LEVEL_RESIDUAL,superset_base_level_superset_q75,4593.179688,4580.08,13.099688,False,False,ROLLING_ROW_LEVEL_RESIDUAL,superset_base_rows_expanded_q25,4547.614145,4547.84,0.225855,True,True,ROLLING_SOURCE_LEVEL_RESIDUAL,superset_base_source_expanded_q25,4522.00729,4521.97,0.03729,True,True,ROLLING_ROW_LEVEL_RESIDUAL,superset_base_rows_expanded_recent20_median,2026-05-29,RANGE_NORMAL_60_120,CLOSE_POS_MIDDLE_THIRD,ROWS_EXTENDED_11_PLUS,4541.13,PREV_CLOSE_PROXY,,NEUTRAL
2026-06-02,True,True,0.323663,2.127105,75.0,75.0,4489.138333,4489.47,0.331667,True,True,ROLLING_LEVEL_RESIDUAL,superset_base_level_original_q25,4457.355938,4457.53,0.174062,True,True,ROLLING_ROW_LEVEL_RESIDUAL,superset_base_rows_superset_recent12_median,4425.85434,4426.17,0.31566,True,True,ROLLING_SOURCE_LEVEL_RESIDUAL,superset_base_source_superset_q75,4388.452969,4396.14,7.687031,False,False,ROLLING_RANGE_CLOSE_LEVEL_RESIDUAL,superset_base_range_close_expanded_q75,2026-06-01,RANGE_NORMAL_60_120,CLOSE_POS_MIDDLE_THIRD,ROWS_SPARSE_1_8,4484.66,PREV_CLOSE_PROXY,,NEUTRAL
2026-06-03,True,True,0.108602,0.117322,100.0,100.0,4538.934766,4539.09,0.155234,True,True,ROLLING_LEVEL_RESIDUAL,superset_base_level_expanded_mean,4513.202083,4513.17,0.032083,True,True,ROLLING_REGIME_LEVEL_RESIDUAL,superset_base_regime_superset_q25,4485.67197,4485.61,0.06197,True,True,ROLLING_ROW_LEVEL_RESIDUAL,original_base_rows_superset_recent12_median,4456.02,4455.8,0.22,True,True,ROLLING_RANGE_LEVEL_RESIDUAL,superset_base_range_superset_q25,2026-06-02,RANGE_NORMAL_60_120,CLOSE_POS_LOWER_THIRD,ROWS_STANDARD_9_10,4487.83,PREV_CLOSE_PROXY,,NEUTRAL
2026-06-04,True,True,0.037032,0.036823,100.0,100.0,4457.889375,4457.9,0.010625,True,True,ROLLING_SOURCE_LEVEL_RESIDUAL,original_base_source_original_q25,4427.8675,4427.93,0.0625,True,True,ROLLING_RANGE_LEVEL_RESIDUAL,original_base_range_superset_recent20_median,4398.957396,4399.02,0.062604,True,True,ROLLING_RANGE_CLOSE_LEVEL_RESIDUAL,superset_base_range_close_expanded_recent8_median,4371.448437,4371.46,0.011563,True,True,ROLLING_RANGE_CLOSE_LEVEL_RESIDUAL,superset_base_range_close_superset_q75,2026-06-03,RANGE_NORMAL_60_120,CLOSE_POS_LOWER_THIRD,ROWS_SPARSE_1_8,4434.35,PREV_CLOSE_PROXY,,NEUTRAL
2026-06-05,True,True,0.058098,0.069608,100.0,100.0,4514.11875,4514.07,0.04875,True,True,ROLLING_RANGE_LEVEL_RESIDUAL,superset_base_range_superset_recent12_median,4489.582553,4489.65,0.067447,True,True,ROLLING_RANGE_CLOSE_LEVEL_RESIDUAL,superset_base_range_close_original_mean,4460.897236,4460.74,0.157236,True,True,ROLLING_SOURCE_LEVEL_RESIDUAL,superset_base_source_expanded_recent20_median,4432.425,4432.43,0.005,True,True,ROLLING_RANGE_LEVEL_RESIDUAL,superset_base_range_superset_q25,2026-06-04,RANGE_NORMAL_60_120,CLOSE_POS_MIDDLE_THIRD,ROWS_STANDARD_9_10,4475.16,PREV_CLOSE_PROXY,,NEUTRAL
2026-06-08,True,True,0.066198,0.211178,100.0,100.0,4373.11331,4373.8,0.68669,True,True,ROLLING_RANGE_LEVEL_RESIDUAL,superset_base_range_expanded_recent12_median,4347.895625,4347.87,0.025625,True,True,ROLLING_SOURCE_LEVEL_RESIDUAL,superset_base_source_superset_q25,4310.547396,4310.51,0.037396,True,True,ROLLING_LEVEL_RESIDUAL,superset_base_level_superset_recent8_median,4281.185,4281.09,0.095,True,True,ROLLING_RANGE_CLOSE_LEVEL_RESIDUAL,superset_base_range_close_original_q75,2026-06-05,RANGE_WIDE_120_220,CLOSE_POS_LOWER_THIRD,ROWS_STANDARD_9_10,4328.02,PREV_CLOSE_PROXY,,NEUTRAL
2026-06-09,True,True,0.228125,0.343656,100.0,100.0,4370.851714,4370.04,0.811714,True,True,ROLLING_RANGE_CLOSE_LEVEL_RESIDUAL,superset_base_range_close_expanded_q75,4341.836875,4342.11,0.273125,True,True,ROLLING_RANGE_LEVEL_RESIDUAL,superset_base_range_superset_q75,4313.636658,4313.53,0.106658,True,True,ROLLING_RANGE_CLOSE_LEVEL_RESIDUAL,superset_base_range_close_superset_recent8_median,4284.756875,4284.94,0.183125,True,True,ROLLING_RANGE_CLOSE_LEVEL_RESIDUAL,superset_base_range_close_superset_q75,2026-06-08,RANGE_NORMAL_60_120,CLOSE_POS_UPPER_THIRD,ROWS_SPARSE_1_8,4329.71,PREV_CLOSE_PROXY,,NEUTRAL
2026-06-10,True,True,18.033747,15.248688,0.0,25.0,4258.30757,4253.47,4.83757,False,True,ROLLING_RANGE_CLOSE_LEVEL_RESIDUAL,superset_base_range_close_expanded_q25,4242.929688,4222.84,20.089687,False,False,ROLLING_RANGE_LEVEL_RESIDUAL,superset_base_range_expanded_q25,4203.484994,4186.38,17.104994,False,False,ROLLING_ROW_LEVEL_RESIDUAL,superset_base_rows_expanded_q25,4162.9825,4144.02,18.9625,False,False,ROLLING_RANGE_LEVEL_RESIDUAL,superset_base_range_expanded_q25,2026-06-09,RANGE_WIDE_120_220,CLOSE_POS_LOWER_THIRD,ROWS_STANDARD_9_10,4259.46,PREV_CLOSE_PROXY,,NEUTRAL
2026-06-11,True,True,10.565625,15.325234,50.0,50.0,4234.7975,4194.64,40.1575,False,False,ROLLING_REGIME_LEVEL_RESIDUAL,superset_base_regime_expanded_q25,4184.7925,4165.1,19.6925,False,False,ROLLING_ROW_LEVEL_RESIDUAL,superset_base_rows_expanded_q25,4130.767813,4130.78,0.012187,True,True,ROLLING_RANGE_LEVEL_RESIDUAL,superset_base_range_expanded_recent8_median,4095.81125,4097.25,1.43875,True,True,ROLLING_RANGE_LEVEL_RESIDUAL,superset_base_range_superset_q75,2026-06-10,RANGE_WIDE_120_220,CLOSE_POS_LOWER_THIRD,ROWS_EXTENDED_11_PLUS,4071.32,PREV_CLOSE_PROXY,,NEUTRAL
2026-06-12,True,True,0.144682,0.182245,100.0,100.0,4220.2525,4220.33,0.0775,True,True,ROLLING_RANGE_LEVEL_RESIDUAL,superset_base_range_expanded_recent5_median,4184.807188,4184.94,0.132812,True,True,ROLLING_RANGE_CLOSE_LEVEL_RESIDUAL,superset_base_range_close_expanded_q25,4161.662116,4161.3,0.362116,True,True,ROLLING_ROW_LEVEL_RESIDUAL,superset_base_rows_original_median,4130.733448,4130.89,0.156552,True,True,ROLLING_ROW_LEVEL_RESIDUAL,superset_base_rows_superset_mean,2026-06-11,RANGE_WIDE_120_220,CLOSE_POS_UPPER_THIRD,ROWS_EXTENDED_11_PLUS,4210.77,PREV_CLOSE_PROXY,,NEUTRAL
2026-06-15,True,True,16.311497,16.52093,0.0,0.0,4336.748256,4345.41,8.661744,False,False,ROLLING_ROW_LEVEL_RESIDUAL,superset_base_rows_expanded_q75,4306.281563,4313.94,7.658437,False,False,ROLLING_ROW_LEVEL_RESIDUAL,superset_base_rows_expanded_q75,4257.27875,4281.24,23.96125,False,False,ROLLING_ROW_LEVEL_RESIDUAL,superset_base_rows_expanded_q75,4222.32771,4248.13,25.80229,False,False,ROLLING_ROW_LEVEL_RESIDUAL,superset_base_rows_expanded_recent8_median,2026-06-12,RANGE_NORMAL_60_120,CLOSE_POS_MIDDLE_THIRD,ROWS_EXTENDED_11_PLUS,4218.5,PREV_CLOSE_PROXY,,NEUTRAL
2026-06-16,True,True,0.269687,0.309951,100.0,100.0,4358.7728,4358.15,0.6228,True,True,ROLLING_ROW_LEVEL_RESIDUAL,superset_base_rows_original_q25,4329.875,4329.57,0.305,True,True,ROLLING_BASE_SUPERSET,ORIGINAL_ORACLE_PRESERVED,4300.297629,4300.22,0.077629,True,True,ROLLING_RANGE_LEVEL_RESIDUAL,superset_base_range_expanded_mean,4272.144375,4271.91,0.234375,True,True,ROLLING_RANGE_CLOSE_LEVEL_RESIDUAL,superset_base_range_close_superset_recent12_median,2026-06-15,RANGE_NORMAL_60_120,CLOSE_POS_MIDDLE_THIRD,ROWS_STANDARD_9_10,4309.03,PREV_CLOSE_PROXY,,NEUTRAL
2026-06-17,True,True,0.076875,0.168626,100.0,100.0,4385.53013,4385.49,0.04013,True,True,ROLLING_RANGE_LEVEL_RESIDUAL,superset_base_range_expanded_q25,4351.420625,4350.94,0.480625,True,True,ROLLING_ROW_LEVEL_RESIDUAL,superset_base_rows_expanded_median,4322.1675,4322.25,0.0825,True,True,ROLLING_RANGE_CLOSE_LEVEL_RESIDUAL,superset_base_range_close_original_q25,4290.35125,4290.28,0.07125,True,True,ROLLING_LEVEL_RESIDUAL,superset_base_level_superset_recent20_median,2026-06-16,RANGE_COMPRESSED_0_60,CLOSE_POS_MIDDLE_THIRD,ROWS_STANDARD_9_10,4331.14,PREV_CLOSE_PROXY,,NEUTRAL
2026-06-18,True,True,3.982969,6.589727,50.0,50.0,4293.993595,4293.9,0.093595,True,True,ROLLING_LEVEL_RESIDUAL,superset_base_level_expanded_recent12_median,4262.623125,4262.79,0.166875,True,True,ROLLING_LEVEL_RESIDUAL,superset_base_level_expanded_q75,4227.880938,4235.68,7.799063,False,False,ROLLING_SOURCE_LEVEL_RESIDUAL,superset_base_source_expanded_q75,4185.250625,4203.55,18.299375,False,False,ROLLING_RANGE_LEVEL_RESIDUAL,superset_base_range_expanded_q75,2026-06-17,RANGE_WIDE_120_220,CLOSE_POS_LOWER_THIRD,ROWS_SPARSE_1_8,4257.74,PREV_CLOSE_PROXY,,NEUTRAL
2026-06-19,True,True,27.090998,26.887169,0.0,0.0,4308.311755,4332.32,24.008245,False,False,ROLLING_SOURCE_LEVEL_RESIDUAL,superset_base_source_expanded_q75,4267.760821,4301.82,34.059179,False,False,ROLLING_ROW_LEVEL_RESIDUAL,superset_base_rows_expanded_q75,4240.66625,4270.84,30.17375,False,False,ROLLING_SOURCE_LEVEL_RESIDUAL,superset_base_source_expanded_recent5_median,4221.9725,4241.28,19.3075,False,False,ROLLING_RANGE_CLOSE_LEVEL_RESIDUAL,superset_base_range_close_expanded_recent5_median,2026-06-18,RANGE_WIDE_120_220,CLOSE_POS_LOWER_THIRD,ROWS_STANDARD_9_10,4209.04,PREV_CLOSE_PROXY,,NEUTRAL
2026-06-22,True,True,0.133582,0.333354,100.0,100.0,4216.395,4216.38,0.015,True,True,ROLLING_SOURCE_LEVEL_RESIDUAL,superset_base_source_superset_median,4178.555,4178.43,0.125,True,True,ROLLING_RANGE_LEVEL_RESIDUAL,superset_base_range_original_q25,4140.942165,4140.8,0.142165,True,True,ROLLING_REGIME_LEVEL_RESIDUAL,superset_base_regime_superset_q25,4107.47125,4106.42,1.05125,True,True,ROLLING_SOURCE_LEVEL_RESIDUAL,superset_base_source_superset_q25,2026-06-19,RANGE_NORMAL_60_120,CLOSE_POS_MIDDLE_THIRD,ROWS_STANDARD_9_10,4155.81,PREV_CLOSE_PROXY,,NEUTRAL
2026-06-23,True,True,2.738225,3.661639,50.0,50.0,4212.761251,4212.81,0.048749,True,True,ROLLING_ROW_LEVEL_RESIDUAL,superset_base_rows_superset_mean,4174.236355,4174.21,0.026355,True,True,ROLLING_LEVEL_RESIDUAL,superset_base_level_expanded_mean,4142.657701,4137.23,5.427701,False,False,ROLLING_REGIME_LEVEL_RESIDUAL,superset_base_regime_expanded_q25,4111.02375,4101.88,9.14375,False,False,ROLLING_ROW_LEVEL_RESIDUAL,superset_base_rows_expanded_q25,2026-06-22,RANGE_NORMAL_60_120,CLOSE_POS_MIDDLE_THIRD,ROWS_STANDARD_9_10,4191.26,PREV_CLOSE_PROXY,,NEUTRAL
2026-06-25,True,True,0.399964,3.521618,75.0,75.0,4085.725955,4098.68,12.954045,False,False,ROLLING_SOURCE_LEVEL_RESIDUAL,superset_base_source_expanded_q75,4062.6175,4062.96,0.3425,True,True,ROLLING_REGIME_LEVEL_RESIDUAL,superset_base_regime_expanded_q25,4029.577428,4029.12,0.457428,True,True,ROLLING_ROW_LEVEL_RESIDUAL,superset_base_rows_expanded_recent8_median,3993.9275,3994.26,0.3325,True,True,ROLLING_ROW_LEVEL_RESIDUAL,superset_base_rows_superset_q25,2026-06-24,RANGE_WIDE_120_220,CLOSE_POS_LOWER_THIRD,ROWS_STANDARD_9_10,3999.01,PREV_CLOSE_PROXY,,NEUTRAL
2026-06-26,True,True,0.031816,0.126338,100.0,100.0,4103.336131,4103.3,0.036131,True,True,ROLLING_REGIME_LEVEL_RESIDUAL,superset_base_regime_expanded_recent12_median,4070.8825,4070.91,0.0275,True,True,ROLLING_RANGE_CLOSE_LEVEL_RESIDUAL,superset_base_range_close_original_q25,4036.63742,4036.2,0.43742,True,True,ROLLING_RANGE_CLOSE_LEVEL_RESIDUAL,superset_base_range_close_expanded_q75,4003.244303,4003.24,0.004303,True,True,ROLLING_RANGE_LEVEL_RESIDUAL,superset_base_range_superset_mean,2026-06-25,RANGE_NORMAL_60_120,CLOSE_POS_UPPER_THIRD,ROWS_STANDARD_9_10,4026.59,PREV_CLOSE_PROXY,,NEUTRAL
2026-06-29,True,True,0.100281,0.107916,100.0,100.0,4097.7486,4097.6,0.1486,True,True,ROLLING_RANGE_LEVEL_RESIDUAL,superset_base_range_expanded_recent20_median,4066.646446,4066.54,0.106446,True,True,ROLLING_RANGE_LEVEL_RESIDUAL,superset_base_range_expanded_q25,4039.654117,4039.56,0.094117,True,True,ROLLING_RANGE_LEVEL_RESIDUAL,superset_base_range_superset_mean,4003.8775,4003.96,0.0825,True,True,ROLLING_RANGE_CLOSE_LEVEL_RESIDUAL,superset_base_range_close_superset_recent20_median,2026-06-26,RANGE_NORMAL_60_120,CLOSE_POS_UPPER_THIRD,ROWS_STANDARD_9_10,4088.41,PREV_CLOSE_PROXY,,NEUTRAL
2026-06-30,True,True,0.257248,0.468936,100.0,100.0,4071.884375,4071.63,0.254375,True,True,ROLLING_RANGE_CLOSE_LEVEL_RESIDUAL,superset_base_range_close_superset_q25,4039.555,4039.56,0.005,True,True,ROLLING_RANGE_LEVEL_RESIDUAL,superset_base_range_expanded_median,4005.179879,4005.44,0.260121,True,True,ROLLING_REGIME_LEVEL_RESIDUAL,superset_base_regime_expanded_mean,3965.89375,3967.25,1.35625,True,True,ROLLING_SOURCE_LEVEL_RESIDUAL,superset_base_source_superset_q75,2026-06-29,RANGE_NORMAL_60_120,CLOSE_POS_LOWER_THIRD,ROWS_STANDARD_9_10,4178.97,AUTO_JSON,ema_proxy_up,UP
