level_date,prev_date,level_name,range_bucket,close_position_bucket,rows_bucket,live_reference_price,live_reference_source,live_channel_state,live_channel_norm,actual_published_level,superset_audited_candidate_price,superset_audited_abs_error,superset_audited_within_5,ladder_selector_candidate_price,ladder_selector_abs_error,ladder_selector_within_3,ladder_selector_within_5,ladder_selector_source_family,ladder_selector_source_type,ladder_selector_score,ladder_selector_valid_day
2025-10-02,2025-10-01,L4,RANGE_COMPRESSED_0_60,CLOSE_POS_LOWER_THIRD,ROWS_STANDARD_9_10,3865.54,PREV_CLOSE_PROXY,,NEUTRAL,3867.44,3884.8525,17.4125,False,3884.8525,17.4125,False,False,ROLLING_BASE_SUPERSET,ORIGINAL_ORACLE_PRESERVED,23.531719,True
2025-10-02,2025-10-01,L5,RANGE_COMPRESSED_0_60,CLOSE_POS_LOWER_THIRD,ROWS_STANDARD_9_10,3865.54,PREV_CLOSE_PROXY,,NEUTRAL,3849.38,3871.403333,22.023333,False,3871.403333,22.023333,False,False,ROLLING_BASE_SUPERSET,ORIGINAL_ORACLE_PRESERVED,23.531719,True
2025-10-02,2025-10-01,L6,RANGE_COMPRESSED_0_60,CLOSE_POS_LOWER_THIRD,ROWS_STANDARD_9_10,3865.54,PREV_CLOSE_PROXY,,NEUTRAL,3832.79,3871.3175,38.5275,False,3871.3175,38.5275,False,False,ROLLING_BASE_SUPERSET,ORIGINAL_ORACLE_PRESERVED,23.531719,True
2025-10-02,2025-10-01,L7,RANGE_COMPRESSED_0_60,CLOSE_POS_LOWER_THIRD,ROWS_STANDARD_9_10,3865.54,PREV_CLOSE_PROXY,,NEUTRAL,3817.0,3850.32625,33.32625,False,3850.32625,33.32625,False,False,ROLLING_BASE_SUPERSET,ORIGINAL_ORACLE_PRESERVED,23.531719,True
2025-10-03,2025-10-02,L4,RANGE_NORMAL_60_120,CLOSE_POS_MIDDLE_THIRD,ROWS_STANDARD_9_10,3856.24,PREV_CLOSE_PROXY,,NEUTRAL,3854.23,3859.91,5.68,False,3859.91,5.68,False,False,ROLLING_BASE_SUPERSET,EXPANDED_ORACLE_BETTER,-13.397298,True
2025-10-03,2025-10-02,L5,RANGE_NORMAL_60_120,CLOSE_POS_MIDDLE_THIRD,ROWS_STANDARD_9_10,3856.24,PREV_CLOSE_PROXY,,NEUTRAL,3833.88,3857.423333,23.543333,False,3857.423333,23.543333,False,False,ROLLING_BASE_SUPERSET,ORIGINAL_ORACLE_PRESERVED,-13.327648,True
2025-10-03,2025-10-02,L6,RANGE_NORMAL_60_120,CLOSE_POS_MIDDLE_THIRD,ROWS_STANDARD_9_10,3856.24,PREV_CLOSE_PROXY,,NEUTRAL,3813.75,3846.2075,32.4575,False,3846.2075,32.4575,False,False,ROLLING_BASE_SUPERSET,ORIGINAL_ORACLE_PRESERVED,-13.327648,True
2025-10-03,2025-10-02,L7,RANGE_NORMAL_60_120,CLOSE_POS_MIDDLE_THIRD,ROWS_STANDARD_9_10,3856.24,PREV_CLOSE_PROXY,,NEUTRAL,3794.9,3829.61125,34.71125,False,3829.61125,34.71125,False,False,ROLLING_BASE_SUPERSET,ORIGINAL_ORACLE_PRESERVED,-13.327648,True
2025-10-06,2025-10-03,L4,RANGE_COMPRESSED_0_60,CLOSE_POS_UPPER_THIRD,ROWS_SPARSE_1_8,3886.43,PREV_CLOSE_PROXY,,NEUTRAL,3872.61,3855.929982,16.680018,False,3855.929982,16.680018,False,False,ROLLING_BASE_SUPERSET,ORIGINAL_ORACLE_PRESERVED,-16.510715,True
2025-10-06,2025-10-03,L5,RANGE_COMPRESSED_0_60,CLOSE_POS_UPPER_THIRD,ROWS_SPARSE_1_8,3886.43,PREV_CLOSE_PROXY,,NEUTRAL,3851.28,3839.41375,11.86625,False,3839.41375,11.86625,False,False,ROLLING_BASE_SUPERSET,ORIGINAL_ORACLE_PRESERVED,-16.510715,True
2025-10-06,2025-10-03,L6,RANGE_COMPRESSED_0_60,CLOSE_POS_UPPER_THIRD,ROWS_SPARSE_1_8,3886.43,PREV_CLOSE_PROXY,,NEUTRAL,3830.61,3818.51125,12.09875,False,3818.51125,12.09875,False,False,ROLLING_BASE_SUPERSET,ORIGINAL_ORACLE_PRESERVED,-16.510715,True
2025-10-06,2025-10-03,L7,RANGE_COMPRESSED_0_60,CLOSE_POS_UPPER_THIRD,ROWS_SPARSE_1_8,3886.43,PREV_CLOSE_PROXY,,NEUTRAL,3810.83,3797.60875,13.22125,False,3797.60875,13.22125,False,False,ROLLING_BASE_SUPERSET,ORIGINAL_ORACLE_PRESERVED,-16.510715,True
2025-10-07,2025-10-06,L4,RANGE_NORMAL_60_120,CLOSE_POS_UPPER_THIRD,ROWS_SPARSE_1_8,3961.0,PREV_CLOSE_PROXY,,NEUTRAL,3964.13,3948.6225,15.5075,False,3948.6225,15.5075,False,False,ROLLING_BASE_SUPERSET,ORIGINAL_ORACLE_PRESERVED,-13.718633,True
2025-10-07,2025-10-06,L5,RANGE_NORMAL_60_120,CLOSE_POS_UPPER_THIRD,ROWS_SPARSE_1_8,3961.0,PREV_CLOSE_PROXY,,NEUTRAL,3946.24,3938.47,7.77,False,3938.47,7.77,False,False,ROLLING_BASE_SUPERSET,ORIGINAL_ORACLE_PRESERVED,-13.718633,True
2025-10-07,2025-10-06,L6,RANGE_NORMAL_60_120,CLOSE_POS_UPPER_THIRD,ROWS_SPARSE_1_8,3961.0,PREV_CLOSE_PROXY,,NEUTRAL,3927.93,3913.2875,14.6425,False,3913.2875,14.6425,False,False,ROLLING_BASE_SUPERSET,ORIGINAL_ORACLE_PRESERVED,-13.718633,True
2025-10-07,2025-10-06,L7,RANGE_NORMAL_60_120,CLOSE_POS_UPPER_THIRD,ROWS_SPARSE_1_8,3961.0,PREV_CLOSE_PROXY,,NEUTRAL,3710.52,3897.74625,187.22625,False,3897.74625,187.22625,False,False,ROLLING_BASE_SUPERSET,ORIGINAL_ORACLE_PRESERVED,-13.718633,True
2025-10-08,2025-10-07,L4,RANGE_COMPRESSED_0_60,CLOSE_POS_UPPER_THIRD,ROWS_SPARSE_1_8,3984.32,PREV_CLOSE_PROXY,,NEUTRAL,3970.41,3972.06,1.65,True,3971.1075,0.6975,True,True,ROLLING_CHANNEL_LEVEL_RESIDUAL,superset_base_channel_original_recent8_median,-13.94659,True
2025-10-08,2025-10-07,L5,RANGE_COMPRESSED_0_60,CLOSE_POS_UPPER_THIRD,ROWS_SPARSE_1_8,3984.32,PREV_CLOSE_PROXY,,NEUTRAL,3949.74,3953.365,3.625,True,3953.365,3.625,False,True,ROLLING_BASE_SUPERSET,ORIGINAL_ORACLE_PRESERVED,-11.057942,True
2025-10-08,2025-10-07,L6,RANGE_COMPRESSED_0_60,CLOSE_POS_UPPER_THIRD,ROWS_SPARSE_1_8,3984.32,PREV_CLOSE_PROXY,,NEUTRAL,3929.69,3930.865,1.175,True,3920.685625,9.004375,False,False,ROLLING_SOURCE_LEVEL_RESIDUAL,superset_base_source_superset_recent8_median,-13.556862,True
2025-10-08,2025-10-07,L7,RANGE_COMPRESSED_0_60,CLOSE_POS_UPPER_THIRD,ROWS_SPARSE_1_8,3984.32,PREV_CLOSE_PROXY,,NEUTRAL,3910.27,3910.8,0.53,True,3910.8,0.53,True,True,ROLLING_BASE_SUPERSET,ORIGINAL_ORACLE_PRESERVED,-41.610876,True
2025-10-09,2025-10-08,L4,RANGE_NORMAL_60_120,CLOSE_POS_UPPER_THIRD,ROWS_SPARSE_1_8,4041.38,PREV_CLOSE_PROXY,,NEUTRAL,4038.76,4041.38,2.62,True,4039.73,0.97,True,True,ROLLING_CHANNEL_LEVEL_RESIDUAL,superset_base_channel_original_recent8_median,49.75816,True
2025-10-09,2025-10-08,L5,RANGE_NORMAL_60_120,CLOSE_POS_UPPER_THIRD,ROWS_SPARSE_1_8,4041.38,PREV_CLOSE_PROXY,,NEUTRAL,4019.13,4040.21,21.08,False,4036.585,17.455,False,False,ROLLING_SOURCE_LEVEL_RESIDUAL,superset_base_source_superset_recent8_median,73.196208,True
2025-10-09,2025-10-08,L6,RANGE_NORMAL_60_120,CLOSE_POS_UPPER_THIRD,ROWS_SPARSE_1_8,4041.38,PREV_CLOSE_PROXY,,NEUTRAL,4001.52,4023.035,21.515,False,4021.86,20.34,False,False,ROLLING_LEVEL_RESIDUAL,original_base_level_superset_recent12_median,15.900953,True
2025-10-09,2025-10-08,L7,RANGE_NORMAL_60_120,CLOSE_POS_UPPER_THIRD,ROWS_SPARSE_1_8,4041.38,PREV_CLOSE_PROXY,,NEUTRAL,3985.35,3847.56,137.79,False,3850.384844,134.965156,False,False,ROLLING_SOURCE_LEVEL_RESIDUAL,superset_base_source_expanded_q75,37.292814,True
2025-10-10,2025-10-09,L4,RANGE_NORMAL_60_120,CLOSE_POS_LOWER_THIRD,ROWS_STANDARD_9_10,3975.96,PREV_CLOSE_PROXY,,NEUTRAL,3999.31,3975.96,23.35,False,3973.825,25.485,False,False,ROLLING_LEVEL_RESIDUAL,superset_base_level_superset_recent12_median,81.796259,False
2025-10-10,2025-10-09,L5,RANGE_NORMAL_60_120,CLOSE_POS_LOWER_THIRD,ROWS_STANDARD_9_10,3975.96,PREV_CLOSE_PROXY,,NEUTRAL,3980.31,3992.93,12.62,False,3984.490764,4.180764,False,True,ROLLING_CHANNEL_LEVEL_RESIDUAL,superset_base_channel_original_mean,30.13979,False
2025-10-10,2025-10-09,L6,RANGE_NORMAL_60_120,CLOSE_POS_LOWER_THIRD,ROWS_STANDARD_9_10,3975.96,PREV_CLOSE_PROXY,,NEUTRAL,3961.97,3973.1275,11.1575,False,3973.1275,11.1575,False,False,ROLLING_BASE_SUPERSET,ORIGINAL_ORACLE_PRESERVED,-0.326373,False
2025-10-10,2025-10-09,L7,RANGE_NORMAL_60_120,CLOSE_POS_LOWER_THIRD,ROWS_STANDARD_9_10,3975.96,PREV_CLOSE_PROXY,,NEUTRAL,3943.24,3941.680625,1.559375,True,3941.680625,1.559375,True,True,ROLLING_BASE_SUPERSET,EXPANDED_ORACLE_BETTER,-50.014082,False
2025-10-13,2025-10-10,L4,RANGE_NORMAL_60_120,CLOSE_POS_UPPER_THIRD,ROWS_STANDARD_9_10,4012.42,PREV_CLOSE_PROXY,,NEUTRAL,4010.88,4003.8475,7.0325,False,4002.1975,8.6825,False,False,ROLLING_LEVEL_RESIDUAL,original_base_level_superset_recent8_median,42.596667,True
2025-10-13,2025-10-10,L5,RANGE_NORMAL_60_120,CLOSE_POS_UPPER_THIRD,ROWS_STANDARD_9_10,4012.42,PREV_CLOSE_PROXY,,NEUTRAL,3994.06,3994.056667,0.003333,True,3990.431667,3.628333,False,True,ROLLING_LEVEL_RESIDUAL,superset_base_level_expanded_recent12_median,45.403151,True
2025-10-13,2025-10-10,L6,RANGE_NORMAL_60_120,CLOSE_POS_UPPER_THIRD,ROWS_STANDARD_9_10,4012.42,PREV_CLOSE_PROXY,,NEUTRAL,3974.97,3973.4025,1.5675,True,3962.245,12.725,False,False,ROLLING_LEVEL_RESIDUAL,superset_base_level_original_recent12_median,37.836394,True
2025-10-13,2025-10-10,L7,RANGE_NORMAL_60_120,CLOSE_POS_UPPER_THIRD,ROWS_STANDARD_9_10,4012.42,PREV_CLOSE_PROXY,,NEUTRAL,3956.47,3956.63875,0.16875,True,3956.10875,0.36125,True,True,ROLLING_LEVEL_RESIDUAL,superset_base_level_superset_recent12_median,28.182442,True
2025-10-14,2025-10-13,L4,RANGE_WIDE_120_220,CLOSE_POS_UPPER_THIRD,ROWS_SPARSE_1_8,4110.41,PREV_CLOSE_PROXY,,NEUTRAL,4108.96,4110.41,1.45,True,4112.181245,3.221245,False,True,ROLLING_LEVEL_RESIDUAL,superset_base_level_expanded_recent8_median,49.694543,True
2025-10-14,2025-10-13,L5,RANGE_WIDE_120_220,CLOSE_POS_UPPER_THIRD,ROWS_SPARSE_1_8,4110.41,PREV_CLOSE_PROXY,,NEUTRAL,4093.64,4086.7525,6.8875,False,4082.620521,11.019479,False,False,ROLLING_CHANNEL_LEVEL_RESIDUAL,superset_base_channel_expanded_mean,52.024286,True
2025-10-14,2025-10-13,L6,RANGE_WIDE_120_220,CLOSE_POS_UPPER_THIRD,ROWS_SPARSE_1_8,4110.41,PREV_CLOSE_PROXY,,NEUTRAL,4078.18,4052.60125,25.57875,False,4045.618906,32.561093,False,False,ROLLING_LEVEL_RESIDUAL,superset_base_level_expanded_recent8_median,33.362659,True
2025-10-14,2025-10-13,L7,RANGE_WIDE_120_220,CLOSE_POS_UPPER_THIRD,ROWS_SPARSE_1_8,4110.41,PREV_CLOSE_PROXY,,NEUTRAL,4061.81,4022.60125,39.20875,False,4022.196563,39.613437,False,False,ROLLING_LEVEL_RESIDUAL,superset_base_level_expanded_recent12_median,69.562058,True
2025-10-15,2025-10-14,L4,RANGE_NORMAL_60_120,CLOSE_POS_MIDDLE_THIRD,ROWS_STANDARD_9_10,4142.14,PREV_CLOSE_PROXY,,NEUTRAL,4150.06,4142.14,7.92,False,4140.69,9.37,False,False,ROLLING_CHANNEL_LEVEL_RESIDUAL,superset_base_channel_original_recent12_median,39.311069,True
2025-10-15,2025-10-14,L5,RANGE_NORMAL_60_120,CLOSE_POS_MIDDLE_THIRD,ROWS_STANDARD_9_10,4142.14,PREV_CLOSE_PROXY,,NEUTRAL,4135.03,4105.3525,29.6775,False,4105.355833,29.674167,False,False,ROLLING_CHANNEL_LEVEL_RESIDUAL,superset_base_channel_expanded_recent12_median,45.388711,True
2025-10-15,2025-10-14,L6,RANGE_NORMAL_60_120,CLOSE_POS_MIDDLE_THIRD,ROWS_STANDARD_9_10,4142.14,PREV_CLOSE_PROXY,,NEUTRAL,4119.47,4100.765,18.705,False,4099.404688,20.065312,False,False,ROLLING_LEVEL_RESIDUAL,superset_base_level_expanded_recent12_median,27.174429,True
2025-10-15,2025-10-14,L7,RANGE_NORMAL_60_120,CLOSE_POS_MIDDLE_THIRD,ROWS_STANDARD_9_10,4142.14,PREV_CLOSE_PROXY,,NEUTRAL,4105.05,4060.44,44.61,False,4060.27125,44.77875,False,False,ROLLING_LEVEL_RESIDUAL,superset_base_level_expanded_recent12_median,32.811339,True
2025-10-16,2025-10-15,L4,RANGE_NORMAL_60_120,CLOSE_POS_UPPER_THIRD,ROWS_STANDARD_9_10,4208.11,PREV_CLOSE_PROXY,,NEUTRAL,4201.69,4201.90625,0.21625,True,4206.41125,4.72125,False,True,ROLLING_RANGE_LEVEL_RESIDUAL,original_base_range_superset_recent12_median,72.765708,True
2025-10-16,2025-10-15,L5,RANGE_NORMAL_60_120,CLOSE_POS_UPPER_THIRD,ROWS_STANDARD_9_10,4208.11,PREV_CLOSE_PROXY,,NEUTRAL,4189.9,4189.07,0.83,True,4192.956667,3.056667,False,True,ROLLING_CHANNEL_LEVEL_RESIDUAL,superset_base_channel_expanded_recent12_median,29.236449,True
2025-10-16,2025-10-15,L6,RANGE_NORMAL_60_120,CLOSE_POS_UPPER_THIRD,ROWS_STANDARD_9_10,4208.11,PREV_CLOSE_PROXY,,NEUTRAL,4177.27,4169.03264,8.23736,False,4169.136234,8.133766,False,False,ROLLING_LEVEL_RESIDUAL,superset_base_level_expanded_recent12_median,20.615243,True
2025-10-16,2025-10-15,L7,RANGE_NORMAL_60_120,CLOSE_POS_UPPER_THIRD,ROWS_STANDARD_9_10,4208.11,PREV_CLOSE_PROXY,,NEUTRAL,4162.99,4150.79,12.2,False,4151.485312,11.504687,False,False,ROLLING_LEVEL_RESIDUAL,superset_base_level_expanded_recent12_median,24.917907,True
2025-10-17,2025-10-16,L4,RANGE_WIDE_120_220,CLOSE_POS_UPPER_THIRD,ROWS_EXTENDED_11_PLUS,4325.92,PREV_CLOSE_PROXY,,NEUTRAL,4305.21,4320.4125,15.2025,False,4327.445,22.235,False,False,ROLLING_LEVEL_RESIDUAL,original_base_level_expanded_recent12_median,48.193164,True
2025-10-17,2025-10-16,L5,RANGE_WIDE_120_220,CLOSE_POS_UPPER_THIRD,ROWS_EXTENDED_11_PLUS,4325.92,PREV_CLOSE_PROXY,,NEUTRAL,4289.52,4300.32875,10.80875,False,4301.922481,12.402481,False,False,ROLLING_CHANNEL_LEVEL_RESIDUAL,original_base_channel_expanded_mean,36.076099,True
2025-10-17,2025-10-16,L6,RANGE_WIDE_120_220,CLOSE_POS_UPPER_THIRD,ROWS_EXTENDED_11_PLUS,4325.92,PREV_CLOSE_PROXY,,NEUTRAL,4275.71,4290.4125,14.7025,False,4295.31493,19.60493,False,False,ROLLING_LEVEL_RESIDUAL,superset_base_level_expanded_recent8_median,16.163585,True
2025-10-17,2025-10-16,L7,RANGE_WIDE_120_220,CLOSE_POS_UPPER_THIRD,ROWS_EXTENDED_11_PLUS,4325.92,PREV_CLOSE_PROXY,,NEUTRAL,4263.05,4270.32875,7.27875,False,4271.888125,8.838125,False,False,ROLLING_LEVEL_RESIDUAL,original_base_level_expanded_recent12_median,10.546435,True
2025-10-20,2025-10-17,L4,RANGE_WIDE_120_220,CLOSE_POS_MIDDLE_THIRD,ROWS_STANDARD_9_10,4252.68,PREV_CLOSE_PROXY,,NEUTRAL,4286.39,4325.85875,39.46875,False,4329.266875,42.876875,False,False,ROLLING_ROW_LEVEL_RESIDUAL,superset_base_rows_superset_recent12_median,44.546198,True
2025-10-20,2025-10-17,L5,RANGE_WIDE_120_220,CLOSE_POS_MIDDLE_THIRD,ROWS_STANDARD_9_10,4252.68,PREV_CLOSE_PROXY,,NEUTRAL,4249.57,4324.815625,75.245625,False,4325.232292,75.662292,False,False,ROLLING_ROW_LEVEL_RESIDUAL,superset_base_rows_expanded_recent12_median,45.175983,True
2025-10-20,2025-10-17,L6,RANGE_WIDE_120_220,CLOSE_POS_MIDDLE_THIRD,ROWS_STANDARD_9_10,4252.68,PREV_CLOSE_PROXY,,NEUTRAL,4218.98,4297.945,78.965,False,4298.048594,79.068594,False,False,ROLLING_LEVEL_RESIDUAL,superset_base_level_expanded_recent8_median,23.277077,True
2025-10-20,2025-10-17,L7,RANGE_WIDE_120_220,CLOSE_POS_MIDDLE_THIRD,ROWS_STANDARD_9_10,4252.68,PREV_CLOSE_PROXY,,NEUTRAL,4188.96,4282.945,93.985,False,4283.640312,94.680312,False,False,ROLLING_LEVEL_RESIDUAL,original_base_level_expanded_recent12_median,17.51885,True
2025-10-21,2025-10-20,L4,RANGE_WIDE_120_220,CLOSE_POS_UPPER_THIRD,ROWS_EXTENDED_11_PLUS,4356.3,PREV_CLOSE_PROXY,,NEUTRAL,4336.24,4338.17875,1.93875,True,4339.06375,2.82375,True,True,ROLLING_LEVEL_RESIDUAL,original_base_level_expanded_recent20_median,24.842731,True
2025-10-21,2025-10-20,L5,RANGE_WIDE_120_220,CLOSE_POS_UPPER_THIRD,ROWS_EXTENDED_11_PLUS,4356.3,PREV_CLOSE_PROXY,,NEUTRAL,4302.55,4333.31,30.76,False,4333.313333,30.763333,False,False,ROLLING_CHANNEL_LEVEL_RESIDUAL,original_base_channel_expanded_median,11.885131,True
2025-10-21,2025-10-20,L6,RANGE_WIDE_120_220,CLOSE_POS_UPPER_THIRD,ROWS_EXTENDED_11_PLUS,4356.3,PREV_CLOSE_PROXY,,NEUTRAL,4275.67,4314.39875,38.72875,False,4313.889688,38.219688,False,False,ROLLING_LEVEL_RESIDUAL,original_base_level_expanded_median,0.298947,True
2025-10-21,2025-10-20,L7,RANGE_WIDE_120_220,CLOSE_POS_UPPER_THIRD,ROWS_EXTENDED_11_PLUS,4356.3,PREV_CLOSE_PROXY,,NEUTRAL,4241.47,4300.25,58.78,False,4300.08125,58.61125,False,False,ROLLING_LEVEL_RESIDUAL,original_base_level_expanded_recent12_median,-10.252449,True
2025-10-22,2025-10-21,L4,RANGE_EXTREME_220_PLUS,CLOSE_POS_LOWER_THIRD,ROWS_EXTENDED_11_PLUS,4124.9,PREV_CLOSE_PROXY,,NEUTRAL,4243.57,4203.52875,40.04125,False,4202.446698,41.123302,False,False,ROLLING_CHANNEL_LEVEL_RESIDUAL,original_base_channel_superset_mean,37.75595,True
2025-10-22,2025-10-21,L5,RANGE_EXTREME_220_PLUS,CLOSE_POS_LOWER_THIRD,ROWS_EXTENDED_11_PLUS,4124.9,PREV_CLOSE_PROXY,,NEUTRAL,4216.07,4173.52875,42.54125,False,4166.437083,49.632917,False,False,ROLLING_CHANNEL_LEVEL_RESIDUAL,original_base_channel_expanded_mean,16.398841,True
2025-10-22,2025-10-21,L6,RANGE_EXTREME_220_PLUS,CLOSE_POS_LOWER_THIRD,ROWS_EXTENDED_11_PLUS,4124.9,PREV_CLOSE_PROXY,,NEUTRAL,4182.91,4122.77625,60.13375,False,4117.98125,64.92875,False,False,ROLLING_LEVEL_RESIDUAL,original_base_level_superset_recent8_median,-0.518036,True
2025-10-22,2025-10-21,L7,RANGE_EXTREME_220_PLUS,CLOSE_POS_LOWER_THIRD,ROWS_EXTENDED_11_PLUS,4124.9,PREV_CLOSE_PROXY,,NEUTRAL,4144.81,4082.4,62.41,False,4081.995313,62.814688,False,False,ROLLING_LEVEL_RESIDUAL,original_base_level_expanded_recent20_median,-12.809193,True
2025-10-23,2025-10-22,L4,RANGE_WIDE_120_220,CLOSE_POS_MIDDLE_THIRD,ROWS_STANDARD_9_10,4098.38,PREV_CLOSE_PROXY,,NEUTRAL,4177.89,4082.975,94.915,False,4082.975,94.915,False,False,ROLLING_BASE_SUPERSET,ORIGINAL_ORACLE_PRESERVED,11.941163,True
2025-10-23,2025-10-22,L5,RANGE_WIDE_120_220,CLOSE_POS_MIDDLE_THIRD,ROWS_STANDARD_9_10,4098.38,PREV_CLOSE_PROXY,,NEUTRAL,4147.32,4056.869948,90.450052,False,4056.869948,90.450052,False,False,ROLLING_BASE_SUPERSET,ORIGINAL_ORACLE_PRESERVED,2.227799,True
2025-10-23,2025-10-22,L6,RANGE_WIDE_120_220,CLOSE_POS_MIDDLE_THIRD,ROWS_STANDARD_9_10,4098.38,PREV_CLOSE_PROXY,,NEUTRAL,4104.93,4027.98875,76.94125,False,4027.98875,76.94125,False,False,ROLLING_BASE_SUPERSET,ORIGINAL_ORACLE_PRESERVED,-6.526608,True
2025-10-23,2025-10-22,L7,RANGE_WIDE_120_220,CLOSE_POS_MIDDLE_THIRD,ROWS_STANDARD_9_10,4098.38,PREV_CLOSE_PROXY,,NEUTRAL,4068.85,4004.66,64.19,False,4004.66,64.19,False,False,ROLLING_BASE_SUPERSET,ORIGINAL_ORACLE_PRESERVED,-20.913579,True
2025-10-24,2025-10-23,L4,RANGE_NORMAL_60_120,CLOSE_POS_UPPER_THIRD,ROWS_STANDARD_9_10,4125.98,PREV_CLOSE_PROXY,,NEUTRAL,4171.67,4139.91125,31.75875,False,4144.31875,27.35125,False,False,ROLLING_RANGE_LEVEL_RESIDUAL,superset_base_range_original_mean,58.5694,True
2025-10-24,2025-10-23,L5,RANGE_NORMAL_60_120,CLOSE_POS_UPPER_THIRD,ROWS_STANDARD_9_10,4125.98,PREV_CLOSE_PROXY,,NEUTRAL,4135.65,4115.61,20.04,False,4116.44,19.21,False,False,ROLLING_RANGE_LEVEL_RESIDUAL,original_base_range_expanded_recent12_median,29.906635,True
2025-10-24,2025-10-23,L6,RANGE_NORMAL_60_120,CLOSE_POS_UPPER_THIRD,ROWS_STANDARD_9_10,4125.98,PREV_CLOSE_PROXY,,NEUTRAL,4099.72,4097.86708,1.85292,True,4099.43458,0.28542,True,True,ROLLING_RANGE_LEVEL_RESIDUAL,original_base_range_expanded_recent12_median,12.669344,True
2025-10-24,2025-10-23,L7,RANGE_NORMAL_60_120,CLOSE_POS_UPPER_THIRD,ROWS_STANDARD_9_10,4125.98,PREV_CLOSE_PROXY,,NEUTRAL,4061.44,4078.8925,17.4525,False,4083.590375,22.150375,False,False,ROLLING_RANGE_LEVEL_RESIDUAL,original_base_range_expanded_mean,21.28406,True
2025-10-27,2025-10-24,L4,RANGE_NORMAL_60_120,CLOSE_POS_UPPER_THIRD,ROWS_STANDARD_9_10,4112.26,PREV_CLOSE_PROXY,,NEUTRAL,4166.24,4158.24375,7.99625,False,4165.72,0.52,True,True,ROLLING_RANGE_LEVEL_RESIDUAL,original_base_range_expanded_recent8_median,30.053397,True
2025-10-27,2025-10-24,L5,RANGE_NORMAL_60_120,CLOSE_POS_UPPER_THIRD,ROWS_STANDARD_9_10,4112.26,PREV_CLOSE_PROXY,,NEUTRAL,4129.36,4119.4875,9.8725,False,4122.954329,6.405671,False,False,ROLLING_CHANNEL_LEVEL_RESIDUAL,original_base_channel_expanded_mean,20.703366,True
2025-10-27,2025-10-24,L6,RANGE_NORMAL_60_120,CLOSE_POS_UPPER_THIRD,ROWS_STANDARD_9_10,4112.26,PREV_CLOSE_PROXY,,NEUTRAL,4091.91,4095.73125,3.82125,True,4097.29875,5.38875,False,False,ROLLING_RANGE_CLOSE_LEVEL_RESIDUAL,superset_base_range_close_expanded_recent8_median,68.043699,True
2025-10-27,2025-10-24,L7,RANGE_NORMAL_60_120,CLOSE_POS_UPPER_THIRD,ROWS_STANDARD_9_10,4112.26,PREV_CLOSE_PROXY,,NEUTRAL,4056.5,4056.95625,0.45625,True,4056.7875,0.2875,True,True,ROLLING_LEVEL_RESIDUAL,original_base_level_expanded_recent20_median,4.903803,True
2025-10-28,2025-10-27,L4,RANGE_WIDE_120_220,CLOSE_POS_LOWER_THIRD,ROWS_EXTENDED_11_PLUS,3981.07,PREV_CLOSE_PROXY,,NEUTRAL,4133.51,4118.255,15.255,False,4116.31625,17.19375,False,False,ROLLING_RANGE_LEVEL_RESIDUAL,original_base_range_expanded_recent8_median,56.32378,True
2025-10-28,2025-10-27,L5,RANGE_WIDE_120_220,CLOSE_POS_LOWER_THIRD,ROWS_EXTENDED_11_PLUS,3981.07,PREV_CLOSE_PROXY,,NEUTRAL,4092.09,4097.3,5.21,False,4086.49125,5.59875,False,False,ROLLING_RANGE_LEVEL_RESIDUAL,original_base_range_expanded_recent12_median,21.271751,True
2025-10-28,2025-10-27,L6,RANGE_WIDE_120_220,CLOSE_POS_LOWER_THIRD,ROWS_EXTENDED_11_PLUS,3981.07,PREV_CLOSE_PROXY,,NEUTRAL,4059.5,4061.65538,2.15538,True,4041.30826,18.19174,False,False,ROLLING_RANGE_LEVEL_RESIDUAL,original_base_range_expanded_recent8_median,26.940938,True
2025-10-28,2025-10-27,L7,RANGE_WIDE_120_220,CLOSE_POS_LOWER_THIRD,ROWS_EXTENDED_11_PLUS,3981.07,PREV_CLOSE_PROXY,,NEUTRAL,4025.25,4025.39,0.14,True,4018.11125,7.13875,False,False,ROLLING_RANGE_LEVEL_RESIDUAL,original_base_range_expanded_recent12_median,42.979934,True
2025-10-29,2025-10-28,L4,RANGE_WIDE_120_220,CLOSE_POS_MIDDLE_THIRD,ROWS_STANDARD_9_10,3952.66,PREV_CLOSE_PROXY,,NEUTRAL,4053.69,4029.3325,24.3575,False,4046.9975,6.6925,False,False,ROLLING_RANGE_LEVEL_RESIDUAL,original_base_range_expanded_mean,45.552709,True
2025-10-29,2025-10-28,L5,RANGE_WIDE_120_220,CLOSE_POS_MIDDLE_THIRD,ROWS_STANDARD_9_10,3952.66,PREV_CLOSE_PROXY,,NEUTRAL,4020.72,4008.945,11.775,False,4013.683346,7.036654,False,False,ROLLING_RANGE_LEVEL_RESIDUAL,superset_base_range_expanded_mean,20.886824,True
2025-10-29,2025-10-28,L6,RANGE_WIDE_120_220,CLOSE_POS_MIDDLE_THIRD,ROWS_STANDARD_9_10,3952.66,PREV_CLOSE_PROXY,,NEUTRAL,3988.68,3968.8758,19.8042,False,3964.33609,24.34391,False,False,ROLLING_RANGE_LEVEL_RESIDUAL,superset_base_range_original_mean,31.762593,True
2025-10-29,2025-10-28,L7,RANGE_WIDE_120_220,CLOSE_POS_MIDDLE_THIRD,ROWS_STANDARD_9_10,3952.66,PREV_CLOSE_PROXY,,NEUTRAL,3960.38,3938.17,22.21,False,3928.705833,31.674167,False,False,ROLLING_RANGE_LEVEL_RESIDUAL,superset_base_range_original_mean,26.383733,True
2025-10-30,2025-10-29,L4,RANGE_NORMAL_60_120,CLOSE_POS_LOWER_THIRD,ROWS_EXTENDED_11_PLUS,3930.12,PREV_CLOSE_PROXY,,NEUTRAL,4090.3,3968.91875,121.38125,False,3980.789583,109.510417,False,False,ROLLING_RANGE_LEVEL_RESIDUAL,original_base_range_expanded_mean,30.161224,True
2025-10-30,2025-10-29,L5,RANGE_NORMAL_60_120,CLOSE_POS_LOWER_THIRD,ROWS_EXTENDED_11_PLUS,3930.12,PREV_CLOSE_PROXY,,NEUTRAL,4056.8,3950.6725,106.1275,False,3960.445,96.355,False,False,ROLLING_SOURCE_LEVEL_RESIDUAL,superset_base_source_expanded_recent20_median,25.487805,True
2025-10-30,2025-10-29,L6,RANGE_NORMAL_60_120,CLOSE_POS_LOWER_THIRD,ROWS_EXTENDED_11_PLUS,3930.12,PREV_CLOSE_PROXY,,NEUTRAL,4023.85,3932.42625,91.42375,False,3932.529844,91.320156,False,False,ROLLING_LEVEL_RESIDUAL,superset_base_level_expanded_recent20_median,26.179375,True
2025-10-30,2025-10-29,L7,RANGE_NORMAL_60_120,CLOSE_POS_LOWER_THIRD,ROWS_EXTENDED_11_PLUS,3930.12,PREV_CLOSE_PROXY,,NEUTRAL,3991.27,3914.18,77.09,False,3914.525893,76.744107,False,False,ROLLING_RANGE_LEVEL_RESIDUAL,superset_base_range_original_mean,11.446063,True
2025-10-31,2025-10-30,L4,RANGE_NORMAL_60_120,CLOSE_POS_UPPER_THIRD,ROWS_STANDARD_9_10,4024.28,PREV_CLOSE_PROXY,,NEUTRAL,4053.95,4039.49875,14.45125,False,4047.013125,6.936875,False,False,ROLLING_REGIME_LEVEL_RESIDUAL,superset_base_regime_superset_recent12_median,81.42089,True
2025-10-31,2025-10-30,L5,RANGE_NORMAL_60_120,CLOSE_POS_UPPER_THIRD,ROWS_STANDARD_9_10,4024.28,PREV_CLOSE_PROXY,,NEUTRAL,4020.43,4009.49875,10.93125,False,4014.85,5.58,False,False,ROLLING_REGIME_LEVEL_RESIDUAL,original_base_regime_superset_recent8_median,40.814717,True
2025-10-31,2025-10-30,L6,RANGE_NORMAL_60_120,CLOSE_POS_UPPER_THIRD,ROWS_STANDARD_9_10,4024.28,PREV_CLOSE_PROXY,,NEUTRAL,3988.15,3974.05625,14.09375,False,3974.611887,13.538113,False,False,ROLLING_RANGE_CLOSE_LEVEL_RESIDUAL,superset_base_range_close_expanded_mean,49.006992,True
2025-10-31,2025-10-30,L7,RANGE_NORMAL_60_120,CLOSE_POS_UPPER_THIRD,ROWS_STANDARD_9_10,4024.28,PREV_CLOSE_PROXY,,NEUTRAL,3959.89,3956.335,3.555,True,3956.0225,3.8675,False,True,ROLLING_REGIME_LEVEL_RESIDUAL,superset_base_regime_original_recent8_median,78.646288,True
2025-11-03,2025-10-31,L4,RANGE_NORMAL_60_120,CLOSE_POS_MIDDLE_THIRD,ROWS_EXTENDED_11_PLUS,4002.19,PREV_CLOSE_PROXY,,NEUTRAL,4042.58,4024.215,18.365,False,4039.85,2.73,True,True,ROLLING_RANGE_LEVEL_RESIDUAL,original_base_range_expanded_recent8_median,21.540553,False
2025-11-03,2025-10-31,L5,RANGE_NORMAL_60_120,CLOSE_POS_MIDDLE_THIRD,ROWS_EXTENDED_11_PLUS,4002.19,PREV_CLOSE_PROXY,,NEUTRAL,4013.99,4007.21375,6.77625,False,4041.928773,27.938773,False,False,ROLLING_ROW_LEVEL_RESIDUAL,original_base_rows_expanded_recent8_median,13.41692,False
2025-11-03,2025-10-31,L6,RANGE_NORMAL_60_120,CLOSE_POS_MIDDLE_THIRD,ROWS_EXTENDED_11_PLUS,4002.19,PREV_CLOSE_PROXY,,NEUTRAL,3985.4,3981.21625,4.18375,True,3984.781562,0.618438,True,True,ROLLING_LEVEL_RESIDUAL,superset_base_level_expanded_median,9.450118,False
2025-11-03,2025-10-31,L7,RANGE_NORMAL_60_120,CLOSE_POS_MIDDLE_THIRD,ROWS_EXTENDED_11_PLUS,4002.19,PREV_CLOSE_PROXY,,NEUTRAL,3953.24,3942.22,11.02,False,3952.155347,1.084653,True,True,ROLLING_RANGE_LEVEL_RESIDUAL,superset_base_range_expanded_mean,9.211893,False
2025-11-04,2025-11-03,L4,RANGE_NORMAL_60_120,CLOSE_POS_MIDDLE_THIRD,ROWS_STANDARD_9_10,4001.26,PREV_CLOSE_PROXY,,NEUTRAL,4037.15,4011.435,25.715,False,4026.96017,10.18983,False,False,ROLLING_RANGE_LEVEL_RESIDUAL,original_base_range_expanded_mean,37.083685,True
2025-11-04,2025-11-03,L5,RANGE_NORMAL_60_120,CLOSE_POS_MIDDLE_THIRD,ROWS_STANDARD_9_10,4001.26,PREV_CLOSE_PROXY,,NEUTRAL,4011.32,3993.73125,17.58875,False,4000.280482,11.039518,False,False,ROLLING_SOURCE_LEVEL_RESIDUAL,original_base_source_superset_mean,24.856791,True
2025-11-04,2025-11-03,L6,RANGE_NORMAL_60_120,CLOSE_POS_MIDDLE_THIRD,ROWS_STANDARD_9_10,4001.26,PREV_CLOSE_PROXY,,NEUTRAL,3978.19,3981.435,3.245,True,3989.623339,11.433339,False,False,ROLLING_RANGE_LEVEL_RESIDUAL,superset_base_range_expanded_mean,25.302869,True
2025-11-04,2025-11-03,L7,RANGE_NORMAL_60_120,CLOSE_POS_MIDDLE_THIRD,ROWS_STANDARD_9_10,4001.26,PREV_CLOSE_PROXY,,NEUTRAL,3947.62,3932.25,15.37,False,3942.293813,5.326187,False,False,ROLLING_RANGE_LEVEL_RESIDUAL,superset_base_range_expanded_mean,31.155498,True
2025-11-05,2025-11-04,L4,RANGE_NORMAL_60_120,CLOSE_POS_LOWER_THIRD,ROWS_SPARSE_1_8,3931.9,PREV_CLOSE_PROXY,,NEUTRAL,3973.68,3968.95125,4.72875,True,3984.45875,10.77875,False,False,ROLLING_ROW_LEVEL_RESIDUAL,original_base_rows_expanded_recent8_median,22.975954,True
2025-11-05,2025-11-04,L5,RANGE_NORMAL_60_120,CLOSE_POS_LOWER_THIRD,ROWS_SPARSE_1_8,3931.9,PREV_CLOSE_PROXY,,NEUTRAL,3944.85,3955.5775,10.7275,False,3963.3475,18.4975,False,False,ROLLING_ROW_LEVEL_RESIDUAL,original_base_rows_expanded_recent8_median,20.353938,True
2025-11-05,2025-11-04,L6,RANGE_NORMAL_60_120,CLOSE_POS_LOWER_THIRD,ROWS_SPARSE_1_8,3931.9,PREV_CLOSE_PROXY,,NEUTRAL,3916.74,3942.20375,25.46375,False,3947.077188,30.337188,False,False,ROLLING_LEVEL_RESIDUAL,superset_base_level_expanded_median,6.203347,True
2025-11-05,2025-11-04,L7,RANGE_NORMAL_60_120,CLOSE_POS_LOWER_THIRD,ROWS_SPARSE_1_8,3931.9,PREV_CLOSE_PROXY,,NEUTRAL,3888.49,3928.83,40.34,False,3942.615,54.125,False,False,ROLLING_RANGE_LEVEL_RESIDUAL,superset_base_range_expanded_recent8_median,5.699397,True
2025-11-06,2025-11-05,L4,RANGE_NORMAL_60_120,CLOSE_POS_UPPER_THIRD,ROWS_STANDARD_9_10,3979.04,PREV_CLOSE_PROXY,,NEUTRAL,4026.17,4020.51,5.66,False,4047.884375,21.714375,False,False,ROLLING_REGIME_LEVEL_RESIDUAL,superset_base_regime_expanded_recent8_median,70.571631,True
2025-11-06,2025-11-05,L5,RANGE_NORMAL_60_120,CLOSE_POS_UPPER_THIRD,ROWS_STANDARD_9_10,3979.04,PREV_CLOSE_PROXY,,NEUTRAL,3999.38,3997.685,1.695,True,4017.099583,17.719583,False,False,ROLLING_REGIME_LEVEL_RESIDUAL,superset_base_regime_expanded_recent12_median,51.671813,True
2025-11-06,2025-11-05,L6,RANGE_NORMAL_60_120,CLOSE_POS_UPPER_THIRD,ROWS_STANDARD_9_10,3979.04,PREV_CLOSE_PROXY,,NEUTRAL,3971.33,3964.850417,6.479583,False,3968.994623,2.335377,True,True,ROLLING_RANGE_CLOSE_LEVEL_RESIDUAL,superset_base_range_close_expanded_mean,38.875816,True
2025-11-06,2025-11-05,L7,RANGE_NORMAL_60_120,CLOSE_POS_UPPER_THIRD,ROWS_STANDARD_9_10,3979.04,PREV_CLOSE_PROXY,,NEUTRAL,3946.09,3944.86,1.23,True,3944.3955,1.6945,True,True,ROLLING_REGIME_LEVEL_RESIDUAL,superset_base_regime_superset_mean,69.507484,True
2025-11-07,2025-11-06,L4,RANGE_COMPRESSED_0_60,CLOSE_POS_LOWER_THIRD,ROWS_SPARSE_1_8,3976.93,PREV_CLOSE_PROXY,,NEUTRAL,3994.41,3982.909982,11.500018,False,3998.732784,4.322784,False,True,ROLLING_LEVEL_RESIDUAL,original_base_level_expanded_mean,30.242221,True
2025-11-07,2025-11-06,L5,RANGE_COMPRESSED_0_60,CLOSE_POS_LOWER_THIRD,ROWS_SPARSE_1_8,3976.93,PREV_CLOSE_PROXY,,NEUTRAL,3965.9,3966.45375,0.55375,True,3972.576388,6.676388,False,False,ROLLING_CHANNEL_LEVEL_RESIDUAL,superset_base_channel_superset_mean,21.44162,True
2025-11-07,2025-11-06,L6,RANGE_COMPRESSED_0_60,CLOSE_POS_LOWER_THIRD,ROWS_SPARSE_1_8,3976.93,PREV_CLOSE_PROXY,,NEUTRAL,3939.99,3945.19125,5.20125,False,3950.064687,10.074687,False,False,ROLLING_LEVEL_RESIDUAL,superset_base_level_expanded_median,20.857641,True
2025-11-07,2025-11-06,L7,RANGE_COMPRESSED_0_60,CLOSE_POS_LOWER_THIRD,ROWS_SPARSE_1_8,3976.93,PREV_CLOSE_PROXY,,NEUTRAL,3916.67,3923.92875,7.25875,False,3924.47375,7.80375,False,False,ROLLING_LEVEL_RESIDUAL,superset_base_level_original_median,9.402792,True
2025-11-10,2025-11-07,L4,RANGE_COMPRESSED_0_60,CLOSE_POS_MIDDLE_THIRD,ROWS_STANDARD_9_10,4000.84,PREV_CLOSE_PROXY,,NEUTRAL,4017.8,4003.308542,14.491459,False,4018.965083,1.165083,True,True,ROLLING_CHANNEL_LEVEL_RESIDUAL,original_base_channel_expanded_mean,28.936626,True
2025-11-10,2025-11-07,L5,RANGE_COMPRESSED_0_60,CLOSE_POS_MIDDLE_THIRD,ROWS_STANDARD_9_10,4000.84,PREV_CLOSE_PROXY,,NEUTRAL,3992.42,3986.346875,6.073125,False,4003.840417,11.420417,False,False,ROLLING_ROW_LEVEL_RESIDUAL,original_base_rows_expanded_recent20_median,23.899891,True
2025-11-10,2025-11-07,L6,RANGE_COMPRESSED_0_60,CLOSE_POS_MIDDLE_THIRD,ROWS_STANDARD_9_10,4000.84,PREV_CLOSE_PROXY,,NEUTRAL,3968.14,3965.2825,2.8575,True,3969.46625,1.32625,True,True,ROLLING_LEVEL_RESIDUAL,superset_base_level_expanded_median,21.738141,True
2025-11-10,2025-11-07,L7,RANGE_COMPRESSED_0_60,CLOSE_POS_MIDDLE_THIRD,ROWS_STANDARD_9_10,4000.84,PREV_CLOSE_PROXY,,NEUTRAL,3943.22,3944.54,1.32,True,3945.070625,1.850625,True,True,ROLLING_ROW_LEVEL_RESIDUAL,superset_base_rows_original_recent20_median,16.674075,True
2025-11-11,2025-11-10,L4,RANGE_NORMAL_60_120,CLOSE_POS_UPPER_THIRD,ROWS_STANDARD_9_10,4115.78,PREV_CLOSE_PROXY,,NEUTRAL,4158.14,4146.47,11.67,False,4153.984375,4.155625,False,True,ROLLING_REGIME_LEVEL_RESIDUAL,superset_base_regime_superset_recent12_median,67.219724,True
2025-11-11,2025-11-10,L5,RANGE_NORMAL_60_120,CLOSE_POS_UPPER_THIRD,ROWS_STANDARD_9_10,4115.78,PREV_CLOSE_PROXY,,NEUTRAL,4131.74,4109.315,22.425,False,4122.462951,9.277049,False,False,ROLLING_REGIME_LEVEL_RESIDUAL,superset_base_regime_expanded_mean,47.807262,True
2025-11-11,2025-11-10,L6,RANGE_NORMAL_60_120,CLOSE_POS_UPPER_THIRD,ROWS_STANDARD_9_10,4115.78,PREV_CLOSE_PROXY,,NEUTRAL,4099.17,4076.81502,22.35498,False,4081.91969,17.25031,False,False,ROLLING_RANGE_CLOSE_LEVEL_RESIDUAL,superset_base_range_close_expanded_mean,59.480424,True
2025-11-11,2025-11-10,L7,RANGE_NORMAL_60_120,CLOSE_POS_UPPER_THIRD,ROWS_STANDARD_9_10,4115.78,PREV_CLOSE_PROXY,,NEUTRAL,4067.01,4042.66142,24.34858,False,4042.479337,24.530663,False,False,ROLLING_RANGE_CLOSE_LEVEL_RESIDUAL,superset_base_range_close_superset_mean,84.117947,True
2025-11-12,2025-11-11,L4,RANGE_COMPRESSED_0_60,CLOSE_POS_MIDDLE_THIRD,ROWS_SPARSE_1_8,4126.6,PREV_CLOSE_PROXY,,NEUTRAL,4129.0,4138.78375,9.78375,False,4149.703625,20.703625,False,False,ROLLING_LEVEL_RESIDUAL,superset_base_level_superset_mean,50.230747,True
2025-11-12,2025-11-11,L5,RANGE_COMPRESSED_0_60,CLOSE_POS_MIDDLE_THIRD,ROWS_SPARSE_1_8,4126.6,PREV_CLOSE_PROXY,,NEUTRAL,4097.81,4114.426649,16.616649,False,4120.87951,23.06951,False,False,ROLLING_CHANNEL_LEVEL_RESIDUAL,superset_base_channel_original_mean,34.667707,True
2025-11-12,2025-11-11,L6,RANGE_COMPRESSED_0_60,CLOSE_POS_MIDDLE_THIRD,ROWS_SPARSE_1_8,4126.6,PREV_CLOSE_PROXY,,NEUTRAL,4064.25,4087.6025,23.3525,False,4093.165625,28.915625,False,False,ROLLING_LEVEL_RESIDUAL,superset_base_level_expanded_median,31.327551,True
2025-11-12,2025-11-11,L7,RANGE_COMPRESSED_0_60,CLOSE_POS_MIDDLE_THIRD,ROWS_SPARSE_1_8,4126.6,PREV_CLOSE_PROXY,,NEUTRAL,4034.75,4067.13,32.38,False,4066.6,31.85,False,False,ROLLING_ROW_LEVEL_RESIDUAL,original_base_rows_superset_recent20_median,26.056089,True
2025-11-13,2025-11-12,L4,RANGE_NORMAL_60_120,CLOSE_POS_UPPER_THIRD,ROWS_STANDARD_9_10,4195.32,PREV_CLOSE_PROXY,,NEUTRAL,4233.19,4241.75,8.56,False,4252.943214,19.753214,False,False,ROLLING_REGIME_LEVEL_RESIDUAL,original_base_regime_superset_mean,66.37154,True
2025-11-13,2025-11-12,L5,RANGE_NORMAL_60_120,CLOSE_POS_UPPER_THIRD,ROWS_STANDARD_9_10,4195.32,PREV_CLOSE_PROXY,,NEUTRAL,4204.6,4206.04,1.44,True,4222.842887,18.242887,False,False,ROLLING_REGIME_LEVEL_RESIDUAL,superset_base_regime_expanded_mean,41.489909,True
2025-11-13,2025-11-12,L6,RANGE_NORMAL_60_120,CLOSE_POS_UPPER_THIRD,ROWS_STANDARD_9_10,4195.32,PREV_CLOSE_PROXY,,NEUTRAL,4175.81,4174.136704,1.673296,True,4183.027641,7.217641,False,False,ROLLING_RANGE_CLOSE_LEVEL_RESIDUAL,superset_base_range_close_expanded_mean,42.929419,True
2025-11-13,2025-11-12,L7,RANGE_NORMAL_60_120,CLOSE_POS_UPPER_THIRD,ROWS_STANDARD_9_10,4195.32,PREV_CLOSE_PROXY,,NEUTRAL,4146.28,4141.17244,5.10756,False,4142.40244,3.87756,False,True,ROLLING_REGIME_LEVEL_RESIDUAL,original_base_regime_superset_recent12_median,56.23137,True
2025-11-14,2025-11-13,L4,RANGE_NORMAL_60_120,CLOSE_POS_LOWER_THIRD,ROWS_EXTENDED_11_PLUS,4171.26,PREV_CLOSE_PROXY,,NEUTRAL,4270.12,4307.45,37.33,False,4318.53375,48.41375,False,False,ROLLING_ROW_LEVEL_RESIDUAL,superset_base_rows_original_mean,17.315256,True
2025-11-14,2025-11-13,L5,RANGE_NORMAL_60_120,CLOSE_POS_LOWER_THIRD,ROWS_EXTENDED_11_PLUS,4171.26,PREV_CLOSE_PROXY,,NEUTRAL,4239.31,4275.05,35.74,False,4280.504075,41.194075,False,False,ROLLING_SOURCE_LEVEL_RESIDUAL,original_base_source_superset_mean,16.454688,True
2025-11-14,2025-11-13,L6,RANGE_NORMAL_60_120,CLOSE_POS_LOWER_THIRD,ROWS_EXTENDED_11_PLUS,4171.26,PREV_CLOSE_PROXY,,NEUTRAL,4205.65,4242.65,37.0,False,4245.300345,39.650345,False,False,ROLLING_LEVEL_RESIDUAL,superset_base_level_superset_mean,19.731357,True
2025-11-14,2025-11-13,L7,RANGE_NORMAL_60_120,CLOSE_POS_LOWER_THIRD,ROWS_EXTENDED_11_PLUS,4171.26,PREV_CLOSE_PROXY,,NEUTRAL,4177.38,4211.850033,34.470033,False,4217.290033,39.910033,False,False,ROLLING_ROW_LEVEL_RESIDUAL,original_base_rows_superset_recent20_median,19.003896,True
2025-11-17,2025-11-14,L4,RANGE_WIDE_120_220,CLOSE_POS_LOWER_THIRD,ROWS_STANDARD_9_10,4085.1,PREV_CLOSE_PROXY,,NEUTRAL,4111.02,4241.27,130.25,False,4249.337185,138.317185,False,False,ROLLING_CHANNEL_LEVEL_RESIDUAL,superset_base_channel_superset_mean,24.535887,True
2025-11-17,2025-11-14,L5,RANGE_WIDE_120_220,CLOSE_POS_LOWER_THIRD,ROWS_STANDARD_9_10,4085.1,PREV_CLOSE_PROXY,,NEUTRAL,4076.11,4188.8975,112.7875,False,4193.06426,116.95426,False,False,ROLLING_CHANNEL_LEVEL_RESIDUAL,superset_base_channel_superset_mean,18.720379,True
2025-11-17,2025-11-14,L6,RANGE_WIDE_120_220,CLOSE_POS_LOWER_THIRD,ROWS_STANDARD_9_10,4085.1,PREV_CLOSE_PROXY,,NEUTRAL,4041.59,4142.89964,101.30964,False,4144.310912,102.720912,False,False,ROLLING_LEVEL_RESIDUAL,superset_base_level_superset_mean,31.12948,True
2025-11-17,2025-11-14,L7,RANGE_WIDE_120_220,CLOSE_POS_LOWER_THIRD,ROWS_STANDARD_9_10,4085.1,PREV_CLOSE_PROXY,,NEUTRAL,4009.23,4106.78,97.55,False,4107.325,98.095,False,False,ROLLING_LEVEL_RESIDUAL,superset_base_level_superset_median,27.090132,True
2025-11-18,2025-11-17,L4,RANGE_NORMAL_60_120,CLOSE_POS_MIDDLE_THIRD,ROWS_STANDARD_9_10,4045.52,PREV_CLOSE_PROXY,,NEUTRAL,4104.67,4104.2725,0.3975,True,4112.1925,7.5225,False,False,ROLLING_REGIME_LEVEL_RESIDUAL,original_base_regime_superset_recent8_median,46.617016,True
2025-11-18,2025-11-17,L5,RANGE_NORMAL_60_120,CLOSE_POS_MIDDLE_THIRD,ROWS_STANDARD_9_10,4045.52,PREV_CLOSE_PROXY,,NEUTRAL,4069.43,4071.835,2.405,True,4082.940139,13.510139,False,False,ROLLING_REGIME_LEVEL_RESIDUAL,superset_base_regime_expanded_mean,30.870185,True
2025-11-18,2025-11-17,L6,RANGE_NORMAL_60_120,CLOSE_POS_MIDDLE_THIRD,ROWS_STANDARD_9_10,4045.52,PREV_CLOSE_PROXY,,NEUTRAL,4036.18,4031.8975,4.2825,True,4028.694063,7.485937,False,False,ROLLING_RANGE_CLOSE_LEVEL_RESIDUAL,original_base_range_close_superset_mean,48.776066,True
2025-11-18,2025-11-17,L7,RANGE_NORMAL_60_120,CLOSE_POS_MIDDLE_THIRD,ROWS_STANDARD_9_10,4045.52,PREV_CLOSE_PROXY,,NEUTRAL,4005.49,3993.17875,12.31125,False,4008.54875,3.05875,False,True,ROLLING_REGIME_LEVEL_RESIDUAL,superset_base_regime_original_recent12_median,64.766446,True
2025-11-19,2025-11-18,L4,RANGE_NORMAL_60_120,CLOSE_POS_UPPER_THIRD,ROWS_STANDARD_9_10,4067.3,PREV_CLOSE_PROXY,,NEUTRAL,4105.38,4112.4,7.02,False,4119.914375,14.534375,False,False,ROLLING_REGIME_LEVEL_RESIDUAL,original_base_regime_superset_recent8_median,51.941418,True
2025-11-19,2025-11-18,L5,RANGE_NORMAL_60_120,CLOSE_POS_UPPER_THIRD,ROWS_STANDARD_9_10,4067.3,PREV_CLOSE_PROXY,,NEUTRAL,4070.7,4068.11,2.59,True,4068.733333,1.966667,True,True,ROLLING_REGIME_LEVEL_RESIDUAL,superset_base_regime_superset_q25,36.276564,True
2025-11-19,2025-11-18,L6,RANGE_NORMAL_60_120,CLOSE_POS_UPPER_THIRD,ROWS_STANDARD_9_10,4067.3,PREV_CLOSE_PROXY,,NEUTRAL,4040.63,4049.20012,8.57012,False,4053.756684,13.126684,False,False,ROLLING_RANGE_CLOSE_LEVEL_RESIDUAL,superset_base_range_close_superset_mean,53.761888,True
2025-11-19,2025-11-18,L7,RANGE_NORMAL_60_120,CLOSE_POS_UPPER_THIRD,ROWS_STANDARD_9_10,4067.3,PREV_CLOSE_PROXY,,NEUTRAL,4008.31,4009.785,1.475,True,4012.1775,3.8675,False,True,ROLLING_REGIME_LEVEL_RESIDUAL,superset_base_regime_original_recent12_median,67.449856,True
2025-11-20,2025-11-19,L4,RANGE_NORMAL_60_120,CLOSE_POS_LOWER_THIRD,ROWS_SPARSE_1_8,4077.81,PREV_CLOSE_PROXY,,NEUTRAL,4109.29,4103.33252,5.95748,False,4110.36502,1.07502,True,True,ROLLING_CHANNEL_LEVEL_RESIDUAL,superset_base_channel_original_median,14.882142,True
2025-11-20,2025-11-19,L5,RANGE_NORMAL_60_120,CLOSE_POS_LOWER_THIRD,ROWS_SPARSE_1_8,4077.81,PREV_CLOSE_PROXY,,NEUTRAL,4074.15,4069.0525,5.0975,False,4050.6525,23.4975,False,False,ROLLING_RANGE_CLOSE_LEVEL_RESIDUAL,superset_base_range_close_original_q25,33.217668,True
2025-11-20,2025-11-19,L6,RANGE_NORMAL_60_120,CLOSE_POS_LOWER_THIRD,ROWS_SPARSE_1_8,4077.81,PREV_CLOSE_PROXY,,NEUTRAL,4040.63,4039.0525,1.5775,True,4043.141406,2.511406,True,True,ROLLING_RANGE_CLOSE_LEVEL_RESIDUAL,original_base_range_close_expanded_mean,48.315381,True
2025-11-20,2025-11-19,L7,RANGE_NORMAL_60_120,CLOSE_POS_LOWER_THIRD,ROWS_SPARSE_1_8,4077.81,PREV_CLOSE_PROXY,,NEUTRAL,4011.09,4012.2675,1.1775,True,3995.812171,15.277829,False,False,ROLLING_RANGE_CLOSE_LEVEL_RESIDUAL,original_base_range_close_superset_recent8_median,62.414439,True
2025-11-21,2025-11-20,L4,RANGE_NORMAL_60_120,CLOSE_POS_MIDDLE_THIRD,ROWS_STANDARD_9_10,4077.2,PREV_CLOSE_PROXY,,NEUTRAL,4109.29,4114.945,5.655,False,4119.10375,9.81375,False,False,ROLLING_REGIME_LEVEL_RESIDUAL,original_base_regime_superset_recent8_median,38.617703,True
2025-11-21,2025-11-20,L5,RANGE_NORMAL_60_120,CLOSE_POS_MIDDLE_THIRD,ROWS_STANDARD_9_10,4077.2,PREV_CLOSE_PROXY,,NEUTRAL,4075.93,4072.2825,3.6475,True,4064.592917,11.337083,False,False,ROLLING_REGIME_LEVEL_RESIDUAL,original_base_regime_superset_q25,34.683525,True
2025-11-21,2025-11-20,L6,RANGE_NORMAL_60_120,CLOSE_POS_MIDDLE_THIRD,ROWS_STANDARD_9_10,4077.2,PREV_CLOSE_PROXY,,NEUTRAL,4043.38,4047.42,4.04,True,4036.30425,7.07575,False,False,ROLLING_RANGE_CLOSE_LEVEL_RESIDUAL,original_base_range_close_expanded_mean,47.935992,True
2025-11-21,2025-11-20,L7,RANGE_NORMAL_60_120,CLOSE_POS_MIDDLE_THIRD,ROWS_STANDARD_9_10,4077.2,PREV_CLOSE_PROXY,,NEUTRAL,4008.63,4008.97,0.34,True,4022.810625,14.180625,False,False,ROLLING_REGIME_LEVEL_RESIDUAL,superset_base_regime_original_recent12_median,64.545563,True
2025-11-24,2025-11-21,L4,RANGE_NORMAL_60_120,CLOSE_POS_MIDDLE_THIRD,ROWS_STANDARD_9_10,4065.26,PREV_CLOSE_PROXY,,NEUTRAL,4112.0,4102.42875,9.57125,False,4096.77375,15.22625,False,False,ROLLING_REGIME_LEVEL_RESIDUAL,superset_base_regime_superset_q25,40.704906,True
2025-11-24,2025-11-21,L5,RANGE_NORMAL_60_120,CLOSE_POS_MIDDLE_THIRD,ROWS_STANDARD_9_10,4065.26,PREV_CLOSE_PROXY,,NEUTRAL,4079.5,4076.565,2.935,True,4077.361725,2.138275,True,True,ROLLING_SOURCE_LEVEL_RESIDUAL,superset_base_source_superset_mean,40.053548,True
2025-11-24,2025-11-21,L6,RANGE_NORMAL_60_120,CLOSE_POS_MIDDLE_THIRD,ROWS_STANDARD_9_10,4065.26,PREV_CLOSE_PROXY,,NEUTRAL,4047.0,4045.5725,1.4275,True,4043.477292,3.522708,False,True,ROLLING_RANGE_CLOSE_LEVEL_RESIDUAL,superset_base_range_close_superset_mean,51.1886,True
2025-11-24,2025-11-21,L7,RANGE_NORMAL_60_120,CLOSE_POS_MIDDLE_THIRD,ROWS_STANDARD_9_10,4065.26,PREV_CLOSE_PROXY,,NEUTRAL,4010.46,4012.511875,2.051875,True,4024.823125,14.363125,False,False,ROLLING_REGIME_LEVEL_RESIDUAL,superset_base_regime_original_recent12_median,55.735093,True
2025-11-25,2025-11-24,L4,RANGE_NORMAL_60_120,CLOSE_POS_UPPER_THIRD,ROWS_STANDARD_9_10,4134.62,PREV_CLOSE_PROXY,,NEUTRAL,4143.47,4150.506875,7.036875,False,4157.54393,14.07393,False,False,ROLLING_LEVEL_RESIDUAL,superset_base_level_superset_mean,47.773212,True
2025-11-25,2025-11-24,L5,RANGE_NORMAL_60_120,CLOSE_POS_UPPER_THIRD,ROWS_STANDARD_9_10,4134.62,PREV_CLOSE_PROXY,,NEUTRAL,4108.27,4104.896667,3.373333,True,4105.726667,2.543333,True,True,ROLLING_REGIME_LEVEL_RESIDUAL,superset_base_regime_original_q25,46.994082,True
2025-11-25,2025-11-24,L6,RANGE_NORMAL_60_120,CLOSE_POS_UPPER_THIRD,ROWS_STANDARD_9_10,4134.62,PREV_CLOSE_PROXY,,NEUTRAL,4078.21,4078.2763,0.0663,True,4081.639529,3.429529,False,True,ROLLING_RANGE_CLOSE_LEVEL_RESIDUAL,superset_base_range_close_superset_mean,55.334566,True
2025-11-25,2025-11-24,L7,RANGE_NORMAL_60_120,CLOSE_POS_UPPER_THIRD,ROWS_STANDARD_9_10,4134.62,PREV_CLOSE_PROXY,,NEUTRAL,4045.41,4052.66625,7.25625,False,4053.89625,8.48625,False,False,ROLLING_REGIME_LEVEL_RESIDUAL,superset_base_regime_original_recent12_median,62.106295,True
2025-11-26,2025-11-25,L4,RANGE_COMPRESSED_0_60,CLOSE_POS_MIDDLE_THIRD,ROWS_STANDARD_9_10,4130.64,PREV_CLOSE_PROXY,,NEUTRAL,4181.28,4150.110729,31.169271,False,4156.767407,24.512593,False,False,ROLLING_LEVEL_RESIDUAL,superset_base_level_superset_mean,35.991001,True
2025-11-26,2025-11-25,L5,RANGE_COMPRESSED_0_60,CLOSE_POS_MIDDLE_THIRD,ROWS_STANDARD_9_10,4130.64,PREV_CLOSE_PROXY,,NEUTRAL,4146.58,4126.22665,20.35335,False,4127.144269,19.435731,False,False,ROLLING_SOURCE_LEVEL_RESIDUAL,superset_base_source_superset_mean,40.738444,True
2025-11-26,2025-11-25,L6,RANGE_COMPRESSED_0_60,CLOSE_POS_MIDDLE_THIRD,ROWS_STANDARD_9_10,4130.64,PREV_CLOSE_PROXY,,NEUTRAL,4111.42,4099.59,11.83,False,4098.89235,12.52765,False,False,ROLLING_LEVEL_RESIDUAL,superset_base_level_original_mean,39.980065,True
2025-11-26,2025-11-25,L7,RANGE_COMPRESSED_0_60,CLOSE_POS_MIDDLE_THIRD,ROWS_STANDARD_9_10,4130.64,PREV_CLOSE_PROXY,,NEUTRAL,4082.04,4079.68,2.36,True,4079.34,2.7,True,True,ROLLING_LEVEL_RESIDUAL,superset_base_level_superset_median,29.765997,True
2025-11-27,2025-11-26,L4,RANGE_COMPRESSED_0_60,CLOSE_POS_UPPER_THIRD,ROWS_STANDARD_9_10,4163.7,PREV_CLOSE_PROXY,,NEUTRAL,4172.25,4156.552292,15.697708,False,4163.854039,8.395961,False,False,ROLLING_CHANNEL_LEVEL_RESIDUAL,superset_base_channel_superset_mean,32.662207,True
2025-11-27,2025-11-26,L5,RANGE_COMPRESSED_0_60,CLOSE_POS_UPPER_THIRD,ROWS_STANDARD_9_10,4163.7,PREV_CLOSE_PROXY,,NEUTRAL,4143.1,4139.885625,3.214375,True,4141.289138,1.810862,True,True,ROLLING_SOURCE_LEVEL_RESIDUAL,superset_base_source_superset_mean,40.923416,True
2025-11-27,2025-11-26,L6,RANGE_COMPRESSED_0_60,CLOSE_POS_UPPER_THIRD,ROWS_STANDARD_9_10,4163.7,PREV_CLOSE_PROXY,,NEUTRAL,4108.29,4118.2375,9.9475,False,4119.029883,10.739883,False,False,ROLLING_LEVEL_RESIDUAL,superset_base_level_expanded_mean,33.028145,True
2025-11-27,2025-11-26,L7,RANGE_COMPRESSED_0_60,CLOSE_POS_UPPER_THIRD,ROWS_STANDARD_9_10,4163.7,PREV_CLOSE_PROXY,,NEUTRAL,4073.19,4099.83,26.64,False,4099.575625,26.385625,False,False,ROLLING_LEVEL_RESIDUAL,superset_base_level_superset_median,37.951467,True
2025-11-28,2025-11-27,L4,RANGE_COMPRESSED_0_60,CLOSE_POS_MIDDLE_THIRD,ROWS_STANDARD_9_10,4157.37,PREV_CLOSE_PROXY,,NEUTRAL,4169.5,4161.7525,7.7475,False,4175.394857,5.894857,False,False,ROLLING_LEVEL_RESIDUAL,superset_base_level_expanded_mean,32.020528,True
2025-11-28,2025-11-27,L5,RANGE_COMPRESSED_0_60,CLOSE_POS_MIDDLE_THIRD,ROWS_STANDARD_9_10,4157.37,PREV_CLOSE_PROXY,,NEUTRAL,4139.9,4151.386658,11.486658,False,4152.834338,12.934338,False,False,ROLLING_SOURCE_LEVEL_RESIDUAL,superset_base_source_superset_mean,41.460268,True
2025-11-28,2025-11-27,L6,RANGE_COMPRESSED_0_60,CLOSE_POS_MIDDLE_THIRD,ROWS_STANDARD_9_10,4157.37,PREV_CLOSE_PROXY,,NEUTRAL,4110.09,4126.715,16.625,False,4127.245435,17.155435,False,False,ROLLING_LEVEL_RESIDUAL,superset_base_level_expanded_mean,33.685313,True
2025-11-28,2025-11-27,L7,RANGE_COMPRESSED_0_60,CLOSE_POS_MIDDLE_THIRD,ROWS_STANDARD_9_10,4157.37,PREV_CLOSE_PROXY,,NEUTRAL,4078.58,4112.7,34.12,False,4112.36,33.78,False,False,ROLLING_LEVEL_RESIDUAL,superset_base_level_superset_median,34.418217,True
2025-12-01,2025-11-28,L4,RANGE_NORMAL_60_120,CLOSE_POS_UPPER_THIRD,ROWS_STANDARD_9_10,4219.51,PREV_CLOSE_PROXY,,NEUTRAL,4237.83,4232.8175,5.0125,False,4240.340289,2.510289,True,True,ROLLING_LEVEL_RESIDUAL,superset_base_level_superset_mean,43.810807,True
2025-12-01,2025-11-28,L5,RANGE_NORMAL_60_120,CLOSE_POS_UPPER_THIRD,ROWS_STANDARD_9_10,4219.51,PREV_CLOSE_PROXY,,NEUTRAL,4209.18,4215.9425,6.7625,False,4216.98875,7.80875,False,False,ROLLING_REGIME_LEVEL_RESIDUAL,superset_base_regime_original_q25,51.937258,True
2025-12-01,2025-11-28,L6,RANGE_NORMAL_60_120,CLOSE_POS_UPPER_THIRD,ROWS_STANDARD_9_10,4219.51,PREV_CLOSE_PROXY,,NEUTRAL,4188.77,4192.8175,4.0475,True,4195.894935,7.124935,False,False,ROLLING_RANGE_CLOSE_LEVEL_RESIDUAL,superset_base_range_close_superset_mean,55.185553,True
2025-12-01,2025-11-28,L7,RANGE_NORMAL_60_120,CLOSE_POS_UPPER_THIRD,ROWS_STANDARD_9_10,4219.51,PREV_CLOSE_PROXY,,NEUTRAL,4164.44,4163.13,1.31,True,4163.660625,0.779375,True,True,ROLLING_REGIME_LEVEL_RESIDUAL,superset_base_regime_superset_recent12_median,56.206409,True
2025-12-02,2025-12-01,L4,RANGE_COMPRESSED_0_60,CLOSE_POS_MIDDLE_THIRD,ROWS_SPARSE_1_8,4232.12,PREV_CLOSE_PROXY,,NEUTRAL,4229.6,4241.97616,12.37616,False,4252.88228,23.28228,False,False,ROLLING_RANGE_CLOSE_LEVEL_RESIDUAL,superset_base_range_close_superset_mean,42.882852,True
2025-12-02,2025-12-01,L5,RANGE_COMPRESSED_0_60,CLOSE_POS_MIDDLE_THIRD,ROWS_SPARSE_1_8,4232.12,PREV_CLOSE_PROXY,,NEUTRAL,4209.81,4208.86,0.95,True,4208.440792,1.369208,True,True,ROLLING_RANGE_CLOSE_LEVEL_RESIDUAL,superset_base_range_close_superset_mean,37.575604,True
2025-12-02,2025-12-01,L6,RANGE_COMPRESSED_0_60,CLOSE_POS_MIDDLE_THIRD,ROWS_SPARSE_1_8,4232.12,PREV_CLOSE_PROXY,,NEUTRAL,4187.32,4175.44,11.88,False,4169.1175,18.2025,False,False,ROLLING_RANGE_CLOSE_LEVEL_RESIDUAL,superset_base_range_close_superset_mean,46.355426,True
2025-12-02,2025-12-01,L7,RANGE_COMPRESSED_0_60,CLOSE_POS_MIDDLE_THIRD,ROWS_SPARSE_1_8,4232.12,PREV_CLOSE_PROXY,,NEUTRAL,4167.18,4142.02,25.16,False,4125.655,41.525,False,False,ROLLING_RANGE_CLOSE_LEVEL_RESIDUAL,original_base_range_close_superset_mean,52.522446,True
2025-12-03,2025-12-02,L4,RANGE_NORMAL_60_120,CLOSE_POS_MIDDLE_THIRD,ROWS_STANDARD_9_10,4205.64,PREV_CLOSE_PROXY,,NEUTRAL,4233.23,4229.4125,3.8175,True,4234.043125,0.813125,True,True,ROLLING_REGIME_LEVEL_RESIDUAL,original_base_regime_superset_q25,42.116883,True
2025-12-03,2025-12-02,L5,RANGE_NORMAL_60_120,CLOSE_POS_MIDDLE_THIRD,ROWS_STANDARD_9_10,4205.64,PREV_CLOSE_PROXY,,NEUTRAL,4213.24,4216.345,3.105,True,4217.300812,4.060812,False,True,ROLLING_SOURCE_LEVEL_RESIDUAL,superset_base_source_superset_mean,49.694873,True
2025-12-03,2025-12-02,L6,RANGE_NORMAL_60_120,CLOSE_POS_MIDDLE_THIRD,ROWS_STANDARD_9_10,4205.64,PREV_CLOSE_PROXY,,NEUTRAL,4192.7,4185.46,7.24,False,4186.8875,5.8125,False,False,ROLLING_RANGE_CLOSE_LEVEL_RESIDUAL,original_base_range_close_superset_recent12_median,51.716603,True
2025-12-03,2025-12-02,L7,RANGE_NORMAL_60_120,CLOSE_POS_MIDDLE_THIRD,ROWS_STANDARD_9_10,4205.64,PREV_CLOSE_PROXY,,NEUTRAL,4170.01,4172.005,1.995,True,4177.869688,7.859688,False,False,ROLLING_REGIME_LEVEL_RESIDUAL,original_base_regime_superset_mean,56.418639,True
2025-12-04,2025-12-03,L4,RANGE_COMPRESSED_0_60,CLOSE_POS_LOWER_THIRD,ROWS_SPARSE_1_8,4202.98,PREV_CLOSE_PROXY,,NEUTRAL,4205.73,4223.465,17.735,False,4229.497541,23.767541,False,False,ROLLING_CHANNEL_LEVEL_RESIDUAL,superset_base_channel_original_mean,41.384871,True
2025-12-04,2025-12-03,L5,RANGE_COMPRESSED_0_60,CLOSE_POS_LOWER_THIRD,ROWS_SPARSE_1_8,4202.98,PREV_CLOSE_PROXY,,NEUTRAL,4188.05,4193.465,5.415,False,4191.461835,3.411835,False,True,ROLLING_ROW_LEVEL_RESIDUAL,superset_base_rows_original_mean,42.010227,True
2025-12-04,2025-12-03,L6,RANGE_COMPRESSED_0_60,CLOSE_POS_LOWER_THIRD,ROWS_SPARSE_1_8,4202.98,PREV_CLOSE_PROXY,,NEUTRAL,4167.92,4174.195,6.275,False,4173.597703,5.677703,False,False,ROLLING_LEVEL_RESIDUAL,superset_base_level_original_mean,30.179124,True
2025-12-04,2025-12-03,L7,RANGE_COMPRESSED_0_60,CLOSE_POS_LOWER_THIRD,ROWS_SPARSE_1_8,4202.98,PREV_CLOSE_PROXY,,NEUTRAL,4144.41,4145.29,0.88,True,4144.95,0.54,True,True,ROLLING_LEVEL_RESIDUAL,superset_base_level_superset_median,33.253307,True
2025-12-05,2025-12-04,L4,RANGE_COMPRESSED_0_60,CLOSE_POS_UPPER_THIRD,ROWS_SPARSE_1_8,4208.64,PREV_CLOSE_PROXY,,NEUTRAL,4205.56,4202.011459,3.548541,True,4208.366696,2.806696,True,True,ROLLING_CHANNEL_LEVEL_RESIDUAL,superset_base_channel_superset_mean,40.181167,True
2025-12-05,2025-12-04,L5,RANGE_COMPRESSED_0_60,CLOSE_POS_UPPER_THIRD,ROWS_SPARSE_1_8,4208.64,PREV_CLOSE_PROXY,,NEUTRAL,4183.25,4185.268125,2.018125,True,4185.997162,2.747162,True,True,ROLLING_SOURCE_LEVEL_RESIDUAL,superset_base_source_superset_mean,49.678664,True
2025-12-05,2025-12-04,L6,RANGE_COMPRESSED_0_60,CLOSE_POS_UPPER_THIRD,ROWS_SPARSE_1_8,4208.64,PREV_CLOSE_PROXY,,NEUTRAL,4164.02,4163.6675,0.3525,True,4162.200482,1.819519,True,True,ROLLING_LEVEL_RESIDUAL,superset_base_level_superset_mean,35.144866,True
2025-12-05,2025-12-04,L7,RANGE_COMPRESSED_0_60,CLOSE_POS_UPPER_THIRD,ROWS_SPARSE_1_8,4208.64,PREV_CLOSE_PROXY,,NEUTRAL,4143.27,4145.07,1.8,True,4144.671875,1.401875,True,True,ROLLING_LEVEL_RESIDUAL,superset_base_level_superset_median,38.484091,True
2025-12-08,2025-12-05,L4,RANGE_NORMAL_60_120,CLOSE_POS_LOWER_THIRD,ROWS_SPARSE_1_8,4199.09,PREV_CLOSE_PROXY,,NEUTRAL,4209.43,4233.6205,24.1905,False,4239.2805,29.8505,False,False,ROLLING_LEVEL_RESIDUAL,superset_base_level_superset_median,32.574721,True
2025-12-08,2025-12-05,L5,RANGE_NORMAL_60_120,CLOSE_POS_LOWER_THIRD,ROWS_SPARSE_1_8,4199.09,PREV_CLOSE_PROXY,,NEUTRAL,4188.47,4206.544375,18.074375,False,4207.214962,18.744962,False,False,ROLLING_SOURCE_LEVEL_RESIDUAL,superset_base_source_superset_mean,42.89048,True
2025-12-08,2025-12-05,L6,RANGE_NORMAL_60_120,CLOSE_POS_LOWER_THIRD,ROWS_SPARSE_1_8,4199.09,PREV_CLOSE_PROXY,,NEUTRAL,4168.88,4174.21625,5.33625,False,4172.787945,3.907945,False,True,ROLLING_LEVEL_RESIDUAL,superset_base_level_superset_mean,38.387554,True
2025-12-08,2025-12-05,L7,RANGE_NORMAL_60_120,CLOSE_POS_LOWER_THIRD,ROWS_SPARSE_1_8,4199.09,PREV_CLOSE_PROXY,,NEUTRAL,4144.37,4149.90375,5.53375,False,4149.4475,5.0775,False,False,ROLLING_LEVEL_RESIDUAL,superset_base_level_superset_median,38.729007,True
2025-12-09,2025-12-08,L4,RANGE_COMPRESSED_0_60,CLOSE_POS_MIDDLE_THIRD,ROWS_SPARSE_1_8,4190.56,PREV_CLOSE_PROXY,,NEUTRAL,4214.14,4202.59804,11.54196,False,4208.228224,5.911776,False,False,ROLLING_LEVEL_RESIDUAL,superset_base_level_superset_mean,34.470041,True
2025-12-09,2025-12-08,L5,RANGE_COMPRESSED_0_60,CLOSE_POS_MIDDLE_THIRD,ROWS_SPARSE_1_8,4190.56,PREV_CLOSE_PROXY,,NEUTRAL,4191.11,4173.4525,17.6575,False,4173.732567,17.377433,False,False,ROLLING_SOURCE_LEVEL_RESIDUAL,superset_base_source_superset_mean,41.436716,True
2025-12-09,2025-12-08,L6,RANGE_COMPRESSED_0_60,CLOSE_POS_MIDDLE_THIRD,ROWS_SPARSE_1_8,4190.56,PREV_CLOSE_PROXY,,NEUTRAL,4169.53,4155.2575,14.2725,False,4153.747779,15.782221,False,False,ROLLING_LEVEL_RESIDUAL,superset_base_level_superset_mean,38.136448,True
2025-12-09,2025-12-08,L7,RANGE_COMPRESSED_0_60,CLOSE_POS_MIDDLE_THIRD,ROWS_SPARSE_1_8,4190.56,PREV_CLOSE_PROXY,,NEUTRAL,4149.41,4137.0625,12.3475,False,4136.569375,12.840625,False,False,ROLLING_LEVEL_RESIDUAL,superset_base_level_superset_median,42.487105,True
2025-12-10,2025-12-09,L4,RANGE_COMPRESSED_0_60,CLOSE_POS_UPPER_THIRD,ROWS_SPARSE_1_8,4208.1,PREV_CLOSE_PROXY,,NEUTRAL,4215.84,4202.021675,13.818325,False,4202.970946,12.869054,False,False,ROLLING_REGIME_LEVEL_RESIDUAL,original_base_regime_superset_q25,45.718055,True
2025-12-10,2025-12-09,L5,RANGE_COMPRESSED_0_60,CLOSE_POS_UPPER_THIRD,ROWS_SPARSE_1_8,4208.1,PREV_CLOSE_PROXY,,NEUTRAL,4194.44,4181.53625,12.90375,False,4182.170959,12.269041,False,False,ROLLING_SOURCE_LEVEL_RESIDUAL,superset_base_source_superset_mean,52.711194,True
2025-12-10,2025-12-09,L6,RANGE_COMPRESSED_0_60,CLOSE_POS_UPPER_THIRD,ROWS_SPARSE_1_8,4208.1,PREV_CLOSE_PROXY,,NEUTRAL,4173.28,4160.365,12.915,False,4159.861094,13.418906,False,False,ROLLING_REGIME_LEVEL_RESIDUAL,superset_base_regime_expanded_q25,47.326924,True
2025-12-10,2025-12-09,L7,RANGE_COMPRESSED_0_60,CLOSE_POS_UPPER_THIRD,ROWS_SPARSE_1_8,4208.1,PREV_CLOSE_PROXY,,NEUTRAL,4152.33,4140.05,12.28,False,4139.52,12.81,False,False,ROLLING_REGIME_LEVEL_RESIDUAL,superset_base_regime_superset_recent12_median,54.214579,True
2025-12-11,2025-12-10,L4,RANGE_COMPRESSED_0_60,CLOSE_POS_UPPER_THIRD,ROWS_SPARSE_1_8,4228.54,PREV_CLOSE_PROXY,,NEUTRAL,4212.52,4217.126468,4.606468,True,4226.745386,14.225386,False,False,ROLLING_RANGE_CLOSE_LEVEL_RESIDUAL,superset_base_range_close_superset_mean,42.955281,True
2025-12-11,2025-12-10,L5,RANGE_COMPRESSED_0_60,CLOSE_POS_UPPER_THIRD,ROWS_SPARSE_1_8,4228.54,PREV_CLOSE_PROXY,,NEUTRAL,4192.13,4194.393125,2.263125,True,4195.273214,3.143214,False,True,ROLLING_SOURCE_LEVEL_RESIDUAL,superset_base_source_superset_mean,48.065242,True
2025-12-11,2025-12-10,L6,RANGE_COMPRESSED_0_60,CLOSE_POS_UPPER_THIRD,ROWS_SPARSE_1_8,4228.54,PREV_CLOSE_PROXY,,NEUTRAL,4173.9,4173.5775,0.3225,True,4172.671918,1.228082,True,True,ROLLING_LEVEL_RESIDUAL,superset_base_level_superset_mean,37.525674,True
2025-12-11,2025-12-10,L7,RANGE_COMPRESSED_0_60,CLOSE_POS_UPPER_THIRD,ROWS_SPARSE_1_8,4228.54,PREV_CLOSE_PROXY,,NEUTRAL,4154.37,4151.84,2.53,True,4150.166716,4.203284,False,True,ROLLING_LEVEL_RESIDUAL,superset_base_level_superset_mean,38.377526,True
2025-12-12,2025-12-11,L4,RANGE_NORMAL_60_120,CLOSE_POS_UPPER_THIRD,ROWS_STANDARD_9_10,4279.59,PREV_CLOSE_PROXY,,NEUTRAL,4258.86,4265.5675,6.7075,False,4271.276526,12.416526,False,False,ROLLING_LEVEL_RESIDUAL,superset_base_level_superset_mean,46.839761,True
2025-12-12,2025-12-11,L5,RANGE_NORMAL_60_120,CLOSE_POS_UPPER_THIRD,ROWS_STANDARD_9_10,4279.59,PREV_CLOSE_PROXY,,NEUTRAL,4245.23,4257.357084,12.127084,False,4258.175542,12.945542,False,False,ROLLING_SOURCE_LEVEL_RESIDUAL,superset_base_source_superset_mean,50.539514,True
2025-12-12,2025-12-11,L6,RANGE_NORMAL_60_120,CLOSE_POS_UPPER_THIRD,ROWS_STANDARD_9_10,4279.59,PREV_CLOSE_PROXY,,NEUTRAL,4231.66,4235.54974,3.88974,True,4235.230827,3.570827,False,True,ROLLING_SOURCE_LEVEL_RESIDUAL,superset_base_source_superset_mean,52.331672,True
2025-12-12,2025-12-11,L7,RANGE_NORMAL_60_120,CLOSE_POS_UPPER_THIRD,ROWS_STANDARD_9_10,4279.59,PREV_CLOSE_PROXY,,NEUTRAL,4215.76,4215.4075,0.3525,True,4216.6375,0.8775,True,True,ROLLING_REGIME_LEVEL_RESIDUAL,superset_base_regime_superset_recent12_median,64.20483,True
2025-12-15,2025-12-12,L4,RANGE_NORMAL_60_120,CLOSE_POS_MIDDLE_THIRD,ROWS_SPARSE_1_8,4299.72,PREV_CLOSE_PROXY,,NEUTRAL,4304.36,4299.72,4.64,True,4305.180696,0.820696,True,True,ROLLING_LEVEL_RESIDUAL,superset_base_level_superset_mean,44.202637,False
2025-12-15,2025-12-12,L5,RANGE_NORMAL_60_120,CLOSE_POS_MIDDLE_THIRD,ROWS_SPARSE_1_8,4299.72,PREV_CLOSE_PROXY,,NEUTRAL,4285.43,4305.058542,19.628542,False,4305.628047,20.198047,False,False,ROLLING_SOURCE_LEVEL_RESIDUAL,superset_base_source_superset_mean,50.362146,False
2025-12-15,2025-12-12,L6,RANGE_NORMAL_60_120,CLOSE_POS_MIDDLE_THIRD,ROWS_SPARSE_1_8,4299.72,PREV_CLOSE_PROXY,,NEUTRAL,4264.18,4259.2575,4.9225,True,4262.063125,2.116875,True,True,ROLLING_RANGE_CLOSE_LEVEL_RESIDUAL,original_base_range_close_superset_recent8_median,50.189423,False
2025-12-15,2025-12-12,L7,RANGE_NORMAL_60_120,CLOSE_POS_MIDDLE_THIRD,ROWS_SPARSE_1_8,4299.72,PREV_CLOSE_PROXY,,NEUTRAL,4244.2,4243.53875,0.66125,True,4241.990047,2.209953,True,True,ROLLING_LEVEL_RESIDUAL,superset_base_level_superset_mean,52.75522,False
2025-12-16,2025-12-15,L4,RANGE_NORMAL_60_120,CLOSE_POS_LOWER_THIRD,ROWS_SPARSE_1_8,4304.91,PREV_CLOSE_PROXY,,NEUTRAL,4320.99,4317.19125,3.79875,True,4322.20375,1.21375,True,True,ROLLING_LEVEL_RESIDUAL,superset_base_level_superset_median,37.530667,True
2025-12-16,2025-12-15,L5,RANGE_NORMAL_60_120,CLOSE_POS_LOWER_THIRD,ROWS_SPARSE_1_8,4304.91,PREV_CLOSE_PROXY,,NEUTRAL,4301.91,4299.365625,2.544375,True,4284.964687,16.945312,False,False,ROLLING_REGIME_LEVEL_RESIDUAL,original_base_regime_superset_q25,36.072794,True
2025-12-16,2025-12-15,L6,RANGE_NORMAL_60_120,CLOSE_POS_LOWER_THIRD,ROWS_SPARSE_1_8,4304.91,PREV_CLOSE_PROXY,,NEUTRAL,4281.92,4267.17375,14.74625,False,4266.992725,14.927275,False,False,ROLLING_LEVEL_RESIDUAL,superset_base_level_original_mean,43.329366,True
2025-12-16,2025-12-15,L7,RANGE_NORMAL_60_120,CLOSE_POS_LOWER_THIRD,ROWS_SPARSE_1_8,4304.91,PREV_CLOSE_PROXY,,NEUTRAL,4264.18,4243.40625,20.77375,False,4237.8725,26.3075,False,False,ROLLING_REGIME_LEVEL_RESIDUAL,superset_base_regime_superset_recent8_median,62.595814,True
2025-12-17,2025-12-16,L4,RANGE_NORMAL_60_120,CLOSE_POS_MIDDLE_THIRD,ROWS_SPARSE_1_8,4302.04,PREV_CLOSE_PROXY,,NEUTRAL,4315.01,4306.63375,8.37625,False,4312.046702,2.963298,True,True,ROLLING_LEVEL_RESIDUAL,superset_base_level_superset_mean,47.336996,True
2025-12-17,2025-12-16,L5,RANGE_NORMAL_60_120,CLOSE_POS_MIDDLE_THIRD,ROWS_SPARSE_1_8,4302.04,PREV_CLOSE_PROXY,,NEUTRAL,4297.24,4287.4425,9.7975,False,4287.674539,9.565461,False,False,ROLLING_SOURCE_LEVEL_RESIDUAL,superset_base_source_superset_mean,48.094446,True
2025-12-17,2025-12-16,L6,RANGE_NORMAL_60_120,CLOSE_POS_MIDDLE_THIRD,ROWS_SPARSE_1_8,4302.04,PREV_CLOSE_PROXY,,NEUTRAL,4278.84,4264.9425,13.8975,False,4269.175625,9.664375,False,False,ROLLING_RANGE_CLOSE_LEVEL_RESIDUAL,original_base_range_close_superset_recent8_median,46.952857,True
2025-12-17,2025-12-16,L7,RANGE_NORMAL_60_120,CLOSE_POS_MIDDLE_THIRD,ROWS_SPARSE_1_8,4302.04,PREV_CLOSE_PROXY,,NEUTRAL,4258.9,4253.25125,5.64875,False,4253.096875,5.803125,False,False,ROLLING_LEVEL_RESIDUAL,superset_base_level_superset_median,46.972621,True
2025-12-19,2025-12-18,L4,RANGE_NORMAL_60_120,CLOSE_POS_MIDDLE_THIRD,ROWS_SPARSE_1_8,4332.34,PREV_CLOSE_PROXY,,NEUTRAL,4340.32,4344.40625,4.08625,True,4351.153,10.833,False,False,ROLLING_RANGE_CLOSE_LEVEL_RESIDUAL,superset_base_range_close_superset_mean,49.582832,True
2025-12-19,2025-12-18,L5,RANGE_NORMAL_60_120,CLOSE_POS_MIDDLE_THIRD,ROWS_SPARSE_1_8,4332.34,PREV_CLOSE_PROXY,,NEUTRAL,4323.86,4324.8675,1.0075,True,4325.273456,1.413456,True,True,ROLLING_SOURCE_LEVEL_RESIDUAL,superset_base_source_superset_mean,44.995642,True
2025-12-19,2025-12-18,L6,RANGE_NORMAL_60_120,CLOSE_POS_MIDDLE_THIRD,ROWS_SPARSE_1_8,4332.34,PREV_CLOSE_PROXY,,NEUTRAL,4306.94,4309.473125,2.533125,True,4312.175,5.235,False,False,ROLLING_RANGE_CLOSE_LEVEL_RESIDUAL,original_base_range_close_expanded_recent12_median,49.797252,True
2025-12-19,2025-12-18,L7,RANGE_NORMAL_60_120,CLOSE_POS_MIDDLE_THIRD,ROWS_SPARSE_1_8,4332.34,PREV_CLOSE_PROXY,,NEUTRAL,4290.25,4290.32875,0.07875,True,4290.18875,0.06125,True,True,ROLLING_LEVEL_RESIDUAL,superset_base_level_superset_median,50.956864,True
2025-12-22,2025-12-19,L4,RANGE_COMPRESSED_0_60,CLOSE_POS_MIDDLE_THIRD,ROWS_SPARSE_1_8,4338.16,PREV_CLOSE_PROXY,,NEUTRAL,4336.01,4338.51668,2.50668,True,4345.99293,9.98293,False,False,ROLLING_LEVEL_RESIDUAL,superset_base_level_expanded_median,42.636662,True
2025-12-22,2025-12-19,L5,RANGE_COMPRESSED_0_60,CLOSE_POS_MIDDLE_THIRD,ROWS_SPARSE_1_8,4338.16,PREV_CLOSE_PROXY,,NEUTRAL,4317.56,4317.94,0.38,True,4318.320716,0.760716,True,True,ROLLING_CHANNEL_LEVEL_RESIDUAL,superset_base_channel_superset_mean,45.428048,True
2025-12-22,2025-12-19,L6,RANGE_COMPRESSED_0_60,CLOSE_POS_MIDDLE_THIRD,ROWS_SPARSE_1_8,4338.16,PREV_CLOSE_PROXY,,NEUTRAL,4300.17,4293.834375,6.335625,False,4315.62625,15.45625,False,False,ROLLING_RANGE_CLOSE_LEVEL_RESIDUAL,original_base_range_close_superset_recent8_median,40.815474,True
2025-12-22,2025-12-19,L7,RANGE_COMPRESSED_0_60,CLOSE_POS_MIDDLE_THIRD,ROWS_SPARSE_1_8,4338.16,PREV_CLOSE_PROXY,,NEUTRAL,4283.27,4279.31,3.96,True,4279.200625,4.069375,False,True,ROLLING_LEVEL_RESIDUAL,superset_base_level_superset_median,44.131693,True
2025-12-23,2025-12-22,L4,RANGE_NORMAL_60_120,CLOSE_POS_UPPER_THIRD,ROWS_STANDARD_9_10,4443.59,PREV_CLOSE_PROXY,,NEUTRAL,4467.13,4461.6425,5.4875,False,4466.792624,0.337376,True,True,ROLLING_LEVEL_RESIDUAL,superset_base_level_superset_mean,50.649371,True
2025-12-23,2025-12-22,L5,RANGE_NORMAL_60_120,CLOSE_POS_UPPER_THIRD,ROWS_STANDARD_9_10,4443.59,PREV_CLOSE_PROXY,,NEUTRAL,4453.37,4443.995,9.375,False,4444.375716,8.994284,False,False,ROLLING_SOURCE_LEVEL_RESIDUAL,superset_base_source_superset_mean,50.439493,True
2025-12-23,2025-12-22,L6,RANGE_NORMAL_60_120,CLOSE_POS_UPPER_THIRD,ROWS_STANDARD_9_10,4443.59,PREV_CLOSE_PROXY,,NEUTRAL,4440.6,4413.995,26.605,False,4414.307763,26.292237,False,False,ROLLING_SOURCE_LEVEL_RESIDUAL,superset_base_source_superset_mean,53.454751,True
2025-12-23,2025-12-22,L7,RANGE_NORMAL_60_120,CLOSE_POS_UPPER_THIRD,ROWS_STANDARD_9_10,4443.59,PREV_CLOSE_PROXY,,NEUTRAL,4426.21,4379.64038,46.56962,False,4380.43163,45.77837,False,False,ROLLING_REGIME_LEVEL_RESIDUAL,superset_base_regime_superset_recent12_median,63.746792,True
2025-12-26,2025-12-24,L4,RANGE_NORMAL_60_120,CLOSE_POS_MIDDLE_THIRD,ROWS_SPARSE_1_8,4479.58,PREV_CLOSE_PROXY,,NEUTRAL,4492.12,4493.934076,1.814076,True,4498.935271,6.815271,False,False,ROLLING_LEVEL_RESIDUAL,superset_base_level_superset_mean,55.484659,True
2025-12-26,2025-12-24,L5,RANGE_NORMAL_60_120,CLOSE_POS_MIDDLE_THIRD,ROWS_SPARSE_1_8,4479.58,PREV_CLOSE_PROXY,,NEUTRAL,4479.11,4477.97242,1.13758,True,4478.51093,0.59907,True,True,ROLLING_SOURCE_LEVEL_RESIDUAL,superset_base_source_superset_mean,50.326529,True
2025-12-26,2025-12-24,L6,RANGE_NORMAL_60_120,CLOSE_POS_MIDDLE_THIRD,ROWS_SPARSE_1_8,4479.58,PREV_CLOSE_PROXY,,NEUTRAL,4466.22,4458.10375,8.11625,False,4462.2875,3.9325,False,True,ROLLING_RANGE_CLOSE_LEVEL_RESIDUAL,original_base_range_close_superset_recent12_median,50.213197,True
2025-12-26,2025-12-24,L7,RANGE_NORMAL_60_120,CLOSE_POS_MIDDLE_THIRD,ROWS_SPARSE_1_8,4479.58,PREV_CLOSE_PROXY,,NEUTRAL,4454.16,4431.85375,22.30625,False,4431.990625,22.169375,False,False,ROLLING_LEVEL_RESIDUAL,superset_base_level_superset_median,50.786417,True
2025-12-29,2025-12-26,L4,RANGE_NORMAL_60_120,CLOSE_POS_UPPER_THIRD,ROWS_EXTENDED_11_PLUS,4531.0,PREV_CLOSE_PROXY,,NEUTRAL,4530.28,4532.18397,1.90397,True,4537.43397,7.15397,False,False,ROLLING_RANGE_CLOSE_LEVEL_RESIDUAL,superset_base_range_close_superset_median,46.922387,True
2025-12-29,2025-12-26,L5,RANGE_NORMAL_60_120,CLOSE_POS_UPPER_THIRD,ROWS_EXTENDED_11_PLUS,4531.0,PREV_CLOSE_PROXY,,NEUTRAL,4515.32,4516.700625,1.380625,True,4516.343125,1.023125,True,True,ROLLING_RANGE_CLOSE_LEVEL_RESIDUAL,superset_base_range_close_original_q25,44.973576,True
2025-12-29,2025-12-26,L6,RANGE_NORMAL_60_120,CLOSE_POS_UPPER_THIRD,ROWS_EXTENDED_11_PLUS,4531.0,PREV_CLOSE_PROXY,,NEUTRAL,4499.26,4505.571105,6.311105,False,4507.191503,7.931503,False,False,ROLLING_RANGE_CLOSE_LEVEL_RESIDUAL,superset_base_range_close_superset_recent20_median,48.230733,True
2025-12-29,2025-12-26,L7,RANGE_NORMAL_60_120,CLOSE_POS_UPPER_THIRD,ROWS_EXTENDED_11_PLUS,4531.0,PREV_CLOSE_PROXY,,NEUTRAL,4482.36,4480.91,1.45,True,4482.14,0.22,True,True,ROLLING_RANGE_CLOSE_LEVEL_RESIDUAL,superset_base_range_close_superset_recent20_median,47.555019,True
2025-12-30,2025-12-29,L4,RANGE_EXTREME_220_PLUS,CLOSE_POS_LOWER_THIRD,ROWS_STANDARD_9_10,4332.04,PREV_CLOSE_PROXY,,NEUTRAL,4350.13,4441.09,90.96,False,4448.455402,98.325402,False,False,ROLLING_ROW_LEVEL_RESIDUAL,superset_base_rows_original_mean,38.238499,True
2025-12-30,2025-12-29,L5,RANGE_EXTREME_220_PLUS,CLOSE_POS_LOWER_THIRD,ROWS_STANDARD_9_10,4332.04,PREV_CLOSE_PROXY,,NEUTRAL,4329.56,4411.09,81.53,False,4410.533468,80.973468,False,False,ROLLING_ROW_LEVEL_RESIDUAL,superset_base_rows_original_mean,38.912459,True
2025-12-30,2025-12-29,L6,RANGE_EXTREME_220_PLUS,CLOSE_POS_LOWER_THIRD,ROWS_STANDARD_9_10,4332.04,PREV_CLOSE_PROXY,,NEUTRAL,4312.71,4384.883251,72.173251,False,4383.277173,70.567173,False,False,ROLLING_ROW_LEVEL_RESIDUAL,superset_base_rows_original_mean,36.086012,True
2025-12-30,2025-12-29,L7,RANGE_EXTREME_220_PLUS,CLOSE_POS_LOWER_THIRD,ROWS_STANDARD_9_10,4332.04,PREV_CLOSE_PROXY,,NEUTRAL,4296.74,4364.28,67.54,False,4364.371875,67.631875,False,False,ROLLING_ROW_LEVEL_RESIDUAL,superset_base_rows_original_median,39.301983,True
2026-01-01,2025-12-31,L4,RANGE_NORMAL_60_120,CLOSE_POS_MIDDLE_THIRD,ROWS_STANDARD_9_10,4318.87,PREV_CLOSE_PROXY,,NEUTRAL,4359.13,4372.0925,12.9625,False,4373.945082,14.815082,False,False,ROLLING_RANGE_LEVEL_RESIDUAL,superset_base_range_original_mean,48.052278,True
2026-01-01,2025-12-31,L5,RANGE_NORMAL_60_120,CLOSE_POS_MIDDLE_THIRD,ROWS_STANDARD_9_10,4318.87,PREV_CLOSE_PROXY,,NEUTRAL,4342.0,4337.915543,4.084457,True,4335.335543,6.664457,False,False,ROLLING_RANGE_CLOSE_LEVEL_RESIDUAL,superset_base_range_close_superset_q25,48.353445,True
2026-01-01,2025-12-31,L6,RANGE_NORMAL_60_120,CLOSE_POS_MIDDLE_THIRD,ROWS_STANDARD_9_10,4318.87,PREV_CLOSE_PROXY,,NEUTRAL,4324.37,4309.50864,14.86136,False,4316.967703,7.402297,False,False,ROLLING_RANGE_CLOSE_LEVEL_RESIDUAL,original_base_range_close_superset_q75,53.185633,True
2026-01-01,2025-12-31,L7,RANGE_NORMAL_60_120,CLOSE_POS_MIDDLE_THIRD,ROWS_STANDARD_9_10,4318.87,PREV_CLOSE_PROXY,,NEUTRAL,4308.35,4292.8225,15.5275,False,4298.885052,9.464948,False,False,ROLLING_RANGE_CLOSE_LEVEL_RESIDUAL,original_base_range_close_superset_mean,47.905235,True
2026-01-02,2025-12-31,L4,RANGE_NORMAL_60_120,CLOSE_POS_MIDDLE_THIRD,ROWS_STANDARD_9_10,4318.87,PREV_CLOSE_PROXY,,NEUTRAL,4376.66,4372.0925,4.5675,True,4380.46875,3.80875,False,True,ROLLING_SOURCE_LEVEL_RESIDUAL,original_base_source_expanded_median,43.135768,True
2026-01-02,2025-12-31,L5,RANGE_NORMAL_60_120,CLOSE_POS_MIDDLE_THIRD,ROWS_STANDARD_9_10,4318.87,PREV_CLOSE_PROXY,,NEUTRAL,4352.91,4338.27136,14.63864,False,4337.500975,15.409025,False,False,ROLLING_SOURCE_LEVEL_RESIDUAL,superset_base_source_superset_mean,54.164549,True
2026-01-02,2025-12-31,L6,RANGE_NORMAL_60_120,CLOSE_POS_MIDDLE_THIRD,ROWS_STANDARD_9_10,4318.87,PREV_CLOSE_PROXY,,NEUTRAL,4330.45,4323.89,6.56,False,4332.00625,1.55625,True,True,ROLLING_RANGE_CLOSE_LEVEL_RESIDUAL,original_base_range_close_superset_q75,52.11615,True
2026-01-02,2025-12-31,L7,RANGE_NORMAL_60_120,CLOSE_POS_MIDDLE_THIRD,ROWS_STANDARD_9_10,4318.87,PREV_CLOSE_PROXY,,NEUTRAL,4308.24,4308.89,0.65,True,4315.680625,7.440625,False,False,ROLLING_RANGE_CLOSE_LEVEL_RESIDUAL,original_base_range_close_superset_mean,46.949015,True
2026-01-05,2026-01-02,L4,RANGE_NORMAL_60_120,CLOSE_POS_LOWER_THIRD,ROWS_STANDARD_9_10,4332.72,PREV_CLOSE_PROXY,,NEUTRAL,4375.02,4355.89875,19.12125,False,4356.006495,19.013505,False,False,ROLLING_RANGE_CLOSE_LEVEL_RESIDUAL,superset_base_range_close_original_recent8_median,42.226515,True
2026-01-05,2026-01-02,L5,RANGE_NORMAL_60_120,CLOSE_POS_LOWER_THIRD,ROWS_STANDARD_9_10,4332.72,PREV_CLOSE_PROXY,,NEUTRAL,4350.66,4340.6025,10.0575,False,4340.080648,10.579352,False,False,ROLLING_SOURCE_LEVEL_RESIDUAL,superset_base_source_superset_mean,36.805555,True
2026-01-05,2026-01-02,L6,RANGE_NORMAL_60_120,CLOSE_POS_LOWER_THIRD,ROWS_STANDARD_9_10,4332.72,PREV_CLOSE_PROXY,,NEUTRAL,4326.31,4325.30625,1.00375,True,4325.326721,0.983279,True,True,ROLLING_LEVEL_RESIDUAL,superset_base_level_original_mean,39.677812,True
2026-01-05,2026-01-02,L7,RANGE_NORMAL_60_120,CLOSE_POS_LOWER_THIRD,ROWS_STANDARD_9_10,4332.72,PREV_CLOSE_PROXY,,NEUTRAL,4303.29,4310.01,6.72,False,4309.84125,6.55125,False,False,ROLLING_ROW_LEVEL_RESIDUAL,superset_base_rows_original_median,45.687746,True
2026-01-06,2026-01-05,L4,RANGE_NORMAL_60_120,CLOSE_POS_UPPER_THIRD,ROWS_STANDARD_9_10,4448.89,PREV_CLOSE_PROXY,,NEUTRAL,4459.82,4455.78,4.04,True,4460.359087,0.539087,True,True,ROLLING_REGIME_LEVEL_RESIDUAL,superset_base_regime_superset_mean,47.30795,True
2026-01-06,2026-01-05,L5,RANGE_NORMAL_60_120,CLOSE_POS_UPPER_THIRD,ROWS_STANDARD_9_10,4448.89,PREV_CLOSE_PROXY,,NEUTRAL,4437.39,4439.9225,2.5325,True,4439.568574,2.178574,True,True,ROLLING_SOURCE_LEVEL_RESIDUAL,superset_base_source_superset_mean,47.411079,True
2026-01-06,2026-01-05,L6,RANGE_NORMAL_60_120,CLOSE_POS_UPPER_THIRD,ROWS_STANDARD_9_10,4448.89,PREV_CLOSE_PROXY,,NEUTRAL,4417.98,4420.315,2.335,True,4420.207632,2.227632,True,True,ROLLING_SOURCE_LEVEL_RESIDUAL,superset_base_source_superset_mean,48.058981,True
2026-01-06,2026-01-05,L7,RANGE_NORMAL_60_120,CLOSE_POS_UPPER_THIRD,ROWS_STANDARD_9_10,4448.89,PREV_CLOSE_PROXY,,NEUTRAL,4398.56,4385.75026,12.80974,False,4387.02026,11.53974,False,False,ROLLING_RANGE_CLOSE_LEVEL_RESIDUAL,superset_base_range_close_superset_recent20_median,54.67824,True
2026-01-07,2026-01-06,L4,RANGE_NORMAL_60_120,CLOSE_POS_UPPER_THIRD,ROWS_STANDARD_9_10,4494.54,PREV_CLOSE_PROXY,,NEUTRAL,4510.43,4514.9625,4.5325,True,4520.2125,9.7825,False,False,ROLLING_REGIME_LEVEL_RESIDUAL,superset_base_regime_superset_median,50.841404,True
2026-01-07,2026-01-06,L5,RANGE_NORMAL_60_120,CLOSE_POS_UPPER_THIRD,ROWS_STANDARD_9_10,4494.54,PREV_CLOSE_PROXY,,NEUTRAL,4491.87,4486.8375,5.0325,False,4484.578125,7.291875,False,False,ROLLING_RANGE_CLOSE_LEVEL_RESIDUAL,superset_base_range_close_superset_q25,48.821449,True
2026-01-07,2026-01-06,L6,RANGE_NORMAL_60_120,CLOSE_POS_UPPER_THIRD,ROWS_STANDARD_9_10,4494.54,PREV_CLOSE_PROXY,,NEUTRAL,4475.3,4474.16669,1.13331,True,4474.020241,1.279759,True,True,ROLLING_SOURCE_LEVEL_RESIDUAL,superset_base_source_superset_mean,50.694018,True
2026-01-07,2026-01-06,L7,RANGE_NORMAL_60_120,CLOSE_POS_UPPER_THIRD,ROWS_STANDARD_9_10,4494.54,PREV_CLOSE_PROXY,,NEUTRAL,4455.74,4462.53,6.79,False,4463.84,8.1,False,False,ROLLING_RANGE_CLOSE_LEVEL_RESIDUAL,superset_base_range_close_superset_median,51.48588,True
2026-01-08,2026-01-07,L4,RANGE_NORMAL_60_120,CLOSE_POS_MIDDLE_THIRD,ROWS_STANDARD_9_10,4456.36,PREV_CLOSE_PROXY,,NEUTRAL,4494.25,4490.95375,3.29625,True,4494.751762,0.501762,True,True,ROLLING_RANGE_CLOSE_LEVEL_RESIDUAL,superset_base_range_close_superset_mean,48.569487,True
2026-01-08,2026-01-07,L5,RANGE_NORMAL_60_120,CLOSE_POS_MIDDLE_THIRD,ROWS_STANDARD_9_10,4456.36,PREV_CLOSE_PROXY,,NEUTRAL,4477.38,4474.09331,3.28669,True,4473.788735,3.591265,False,True,ROLLING_SOURCE_LEVEL_RESIDUAL,superset_base_source_superset_mean,54.061097,True
2026-01-08,2026-01-07,L6,RANGE_NORMAL_60_120,CLOSE_POS_MIDDLE_THIRD,ROWS_STANDARD_9_10,4456.36,PREV_CLOSE_PROXY,,NEUTRAL,4457.79,4462.045,4.255,True,4469.942187,12.152187,False,False,ROLLING_RANGE_CLOSE_LEVEL_RESIDUAL,original_base_range_close_superset_q75,58.974674,True
2026-01-08,2026-01-07,L7,RANGE_NORMAL_60_120,CLOSE_POS_MIDDLE_THIRD,ROWS_STANDARD_9_10,4456.36,PREV_CLOSE_PROXY,,NEUTRAL,4438.21,4433.65875,4.55125,True,4433.404375,4.805625,False,True,ROLLING_ROW_LEVEL_RESIDUAL,superset_base_rows_original_median,49.568487,True
2026-01-09,2026-01-08,L4,RANGE_NORMAL_60_120,CLOSE_POS_UPPER_THIRD,ROWS_STANDARD_9_10,4477.28,PREV_CLOSE_PROXY,,NEUTRAL,4487.52,4479.44,8.08,False,4482.931732,4.588268,False,True,ROLLING_RANGE_CLOSE_LEVEL_RESIDUAL,superset_base_range_close_superset_mean,53.125897,True
2026-01-09,2026-01-08,L5,RANGE_NORMAL_60_120,CLOSE_POS_UPPER_THIRD,ROWS_STANDARD_9_10,4477.28,PREV_CLOSE_PROXY,,NEUTRAL,4468.29,4469.02,0.73,True,4468.991737,0.701737,True,True,ROLLING_LEVEL_RESIDUAL,original_base_level_original_mean,53.906345,True
2026-01-09,2026-01-08,L6,RANGE_NORMAL_60_120,CLOSE_POS_UPPER_THIRD,ROWS_STANDARD_9_10,4477.28,PREV_CLOSE_PROXY,,NEUTRAL,4447.13,4444.472112,2.657888,True,4443.870158,3.259842,False,True,ROLLING_LEVEL_RESIDUAL,superset_base_level_superset_mean,52.554776,True
2026-01-09,2026-01-08,L7,RANGE_NORMAL_60_120,CLOSE_POS_UPPER_THIRD,ROWS_STANDARD_9_10,4477.28,PREV_CLOSE_PROXY,,NEUTRAL,4426.62,4428.6,1.98,True,4429.87,3.25,False,True,ROLLING_RANGE_CLOSE_LEVEL_RESIDUAL,superset_base_range_close_superset_recent20_median,54.267457,True
2026-01-12,2026-01-09,L4,RANGE_NORMAL_60_120,CLOSE_POS_UPPER_THIRD,ROWS_STANDARD_9_10,4509.3,PREV_CLOSE_PROXY,,NEUTRAL,4544.9,4523.6025,21.2975,False,4528.8525,16.0475,False,False,ROLLING_REGIME_LEVEL_RESIDUAL,superset_base_regime_superset_median,55.145851,True
2026-01-12,2026-01-09,L5,RANGE_NORMAL_60_120,CLOSE_POS_UPPER_THIRD,ROWS_STANDARD_9_10,4509.3,PREV_CLOSE_PROXY,,NEUTRAL,4528.66,4523.6025,5.0575,False,4525.763229,2.896771,True,True,ROLLING_RANGE_CLOSE_LEVEL_RESIDUAL,original_base_range_close_superset_mean,55.784587,True
2026-01-12,2026-01-09,L6,RANGE_NORMAL_60_120,CLOSE_POS_UPPER_THIRD,ROWS_STANDARD_9_10,4509.3,PREV_CLOSE_PROXY,,NEUTRAL,4511.6,4495.753355,15.846645,False,4497.10376,14.49624,False,False,ROLLING_RANGE_CLOSE_LEVEL_RESIDUAL,superset_base_range_close_superset_median,56.388566,True
2026-01-12,2026-01-09,L7,RANGE_NORMAL_60_120,CLOSE_POS_UPPER_THIRD,ROWS_STANDARD_9_10,4509.3,PREV_CLOSE_PROXY,,NEUTRAL,4491.48,4485.730625,5.749375,False,4485.8675,5.6125,False,False,ROLLING_LEVEL_RESIDUAL,superset_base_level_superset_median,58.752608,True
2026-01-13,2026-01-12,L4,RANGE_NORMAL_60_120,CLOSE_POS_UPPER_THIRD,ROWS_SPARSE_1_8,4597.38,PREV_CLOSE_PROXY,,NEUTRAL,4600.74,4599.07625,1.66375,True,4602.507096,1.767096,True,True,ROLLING_LEVEL_RESIDUAL,superset_base_level_superset_mean,47.707424,True
2026-01-13,2026-01-12,L5,RANGE_NORMAL_60_120,CLOSE_POS_UPPER_THIRD,ROWS_SPARSE_1_8,4597.38,PREV_CLOSE_PROXY,,NEUTRAL,4572.9,4574.79375,1.89375,True,4578.175556,5.275556,False,False,ROLLING_RANGE_LEVEL_RESIDUAL,original_base_range_original_mean,57.530881,True
2026-01-13,2026-01-12,L6,RANGE_NORMAL_60_120,CLOSE_POS_UPPER_THIRD,ROWS_SPARSE_1_8,4597.38,PREV_CLOSE_PROXY,,NEUTRAL,4546.29,4549.3575,3.0675,True,4549.037095,2.747095,True,True,ROLLING_LEVEL_RESIDUAL,superset_base_level_superset_mean,51.014339,True
2026-01-13,2026-01-12,L7,RANGE_NORMAL_60_120,CLOSE_POS_UPPER_THIRD,ROWS_SPARSE_1_8,4597.38,PREV_CLOSE_PROXY,,NEUTRAL,4518.09,4512.4,5.69,False,4513.67,4.42,False,True,ROLLING_RANGE_CLOSE_LEVEL_RESIDUAL,superset_base_range_close_superset_median,56.301816,True
2026-01-14,2026-01-13,L4,RANGE_NORMAL_60_120,CLOSE_POS_LOWER_THIRD,ROWS_STANDARD_9_10,4586.3,PREV_CLOSE_PROXY,,NEUTRAL,4597.86,4605.32625,7.46625,False,4609.682675,11.822675,False,False,ROLLING_ROW_LEVEL_RESIDUAL,superset_base_rows_original_mean,43.438058,True
2026-01-14,2026-01-13,L5,RANGE_NORMAL_60_120,CLOSE_POS_LOWER_THIRD,ROWS_STANDARD_9_10,4586.3,PREV_CLOSE_PROXY,,NEUTRAL,4575.27,4595.177084,19.907084,False,4601.010209,25.740209,False,False,ROLLING_RANGE_CLOSE_LEVEL_RESIDUAL,original_base_range_close_superset_mean,46.619976,True
2026-01-14,2026-01-13,L6,RANGE_NORMAL_60_120,CLOSE_POS_LOWER_THIRD,ROWS_STANDARD_9_10,4586.3,PREV_CLOSE_PROXY,,NEUTRAL,4546.5,4575.32625,28.82625,False,4576.999546,30.499546,False,False,ROLLING_ROW_LEVEL_RESIDUAL,superset_base_rows_original_median,44.403297,True
2026-01-14,2026-01-13,L7,RANGE_NORMAL_60_120,CLOSE_POS_LOWER_THIRD,ROWS_STANDARD_9_10,4586.3,PREV_CLOSE_PROXY,,NEUTRAL,4519.14,4569.72,50.58,False,4566.225654,47.085654,False,False,ROLLING_ROW_LEVEL_RESIDUAL,superset_base_rows_original_mean,48.468923,True
2026-01-15,2026-01-14,L4,RANGE_COMPRESSED_0_60,CLOSE_POS_UPPER_THIRD,ROWS_SPARSE_1_8,4626.39,PREV_CLOSE_PROXY,,NEUTRAL,4597.72,4622.040009,24.320009,False,4625.83428,28.11428,False,False,ROLLING_CHANNEL_LEVEL_RESIDUAL,superset_base_channel_original_median,47.577911,True
2026-01-15,2026-01-14,L5,RANGE_COMPRESSED_0_60,CLOSE_POS_UPPER_THIRD,ROWS_SPARSE_1_8,4626.39,PREV_CLOSE_PROXY,,NEUTRAL,4574.22,4600.64625,26.42625,False,4600.160764,25.940764,False,False,ROLLING_SOURCE_LEVEL_RESIDUAL,superset_base_source_original_mean,55.47534,True
2026-01-15,2026-01-14,L6,RANGE_COMPRESSED_0_60,CLOSE_POS_UPPER_THIRD,ROWS_SPARSE_1_8,4626.39,PREV_CLOSE_PROXY,,NEUTRAL,4549.19,4579.665,30.475,False,4578.910526,29.720526,False,False,ROLLING_LEVEL_RESIDUAL,superset_base_level_superset_mean,47.985416,True
2026-01-15,2026-01-14,L7,RANGE_COMPRESSED_0_60,CLOSE_POS_UPPER_THIRD,ROWS_SPARSE_1_8,4626.39,PREV_CLOSE_PROXY,,NEUTRAL,4516.94,4558.59,41.65,False,4558.9425,42.0025,False,False,ROLLING_LEVEL_RESIDUAL,superset_base_level_superset_median,47.653512,True
2026-01-16,2026-01-15,L4,RANGE_COMPRESSED_0_60,CLOSE_POS_UPPER_THIRD,ROWS_SPARSE_1_8,4615.76,PREV_CLOSE_PROXY,,NEUTRAL,4618.64,4612.626675,6.013325,False,4614.921645,3.718355,False,True,ROLLING_CHANNEL_LEVEL_RESIDUAL,superset_base_channel_original_mean,37.485284,True
2026-01-16,2026-01-15,L5,RANGE_COMPRESSED_0_60,CLOSE_POS_UPPER_THIRD,ROWS_SPARSE_1_8,4615.76,PREV_CLOSE_PROXY,,NEUTRAL,4591.17,4592.693125,1.523125,True,4591.842276,0.672276,True,True,ROLLING_SOURCE_LEVEL_RESIDUAL,superset_base_source_original_mean,45.820055,True
2026-01-16,2026-01-15,L6,RANGE_COMPRESSED_0_60,CLOSE_POS_UPPER_THIRD,ROWS_SPARSE_1_8,4615.76,PREV_CLOSE_PROXY,,NEUTRAL,4566.81,4571.5275,4.7175,True,4570.365896,3.555896,False,True,ROLLING_LEVEL_RESIDUAL,superset_base_level_superset_mean,38.02712,True
2026-01-16,2026-01-15,L7,RANGE_COMPRESSED_0_60,CLOSE_POS_UPPER_THIRD,ROWS_SPARSE_1_8,4615.76,PREV_CLOSE_PROXY,,NEUTRAL,4541.12,4551.19,10.07,False,4551.326875,10.206875,False,False,ROLLING_LEVEL_RESIDUAL,superset_base_level_superset_median,36.068897,True
2026-01-19,2026-01-16,L4,RANGE_NORMAL_60_120,CLOSE_POS_UPPER_THIRD,ROWS_SPARSE_1_8,4595.66,PREV_CLOSE_PROXY,,NEUTRAL,4615.0,4596.7525,18.2475,False,4599.657894,15.342106,False,False,ROLLING_LEVEL_RESIDUAL,superset_base_level_superset_mean,54.539458,True
2026-01-19,2026-01-16,L5,RANGE_NORMAL_60_120,CLOSE_POS_UPPER_THIRD,ROWS_SPARSE_1_8,4595.66,PREV_CLOSE_PROXY,,NEUTRAL,4592.49,4589.2525,3.2375,True,4591.360606,1.129394,True,True,ROLLING_RANGE_CLOSE_LEVEL_RESIDUAL,superset_base_range_close_superset_mean,57.944236,True
2026-01-19,2026-01-16,L6,RANGE_NORMAL_60_120,CLOSE_POS_UPPER_THIRD,ROWS_SPARSE_1_8,4595.66,PREV_CLOSE_PROXY,,NEUTRAL,4569.99,4568.62125,1.36875,True,4569.971655,0.018345,True,True,ROLLING_RANGE_CLOSE_LEVEL_RESIDUAL,superset_base_range_close_superset_median,55.235848,True
2026-01-19,2026-01-16,L7,RANGE_NORMAL_60_120,CLOSE_POS_UPPER_THIRD,ROWS_SPARSE_1_8,4595.66,PREV_CLOSE_PROXY,,NEUTRAL,4546.84,4535.9925,10.8475,False,4537.3025,9.5375,False,False,ROLLING_RANGE_CLOSE_LEVEL_RESIDUAL,superset_base_range_close_superset_recent20_median,55.648632,True
2026-01-20,2026-01-19,L4,RANGE_NORMAL_60_120,CLOSE_POS_UPPER_THIRD,ROWS_STANDARD_9_10,4670.86,PREV_CLOSE_PROXY,,NEUTRAL,4696.99,4693.16375,3.82625,True,4698.191213,1.201213,True,True,ROLLING_RANGE_CLOSE_LEVEL_RESIDUAL,superset_base_range_close_superset_mean,49.273792,True
2026-01-20,2026-01-19,L5,RANGE_NORMAL_60_120,CLOSE_POS_UPPER_THIRD,ROWS_STANDARD_9_10,4670.86,PREV_CLOSE_PROXY,,NEUTRAL,4677.12,4680.4975,3.3775,True,4682.65471,5.53471,False,False,ROLLING_RANGE_CLOSE_LEVEL_RESIDUAL,superset_base_range_close_superset_mean,55.049013,True
2026-01-20,2026-01-19,L6,RANGE_NORMAL_60_120,CLOSE_POS_UPPER_THIRD,ROWS_STANDARD_9_10,4670.86,PREV_CLOSE_PROXY,,NEUTRAL,4655.27,4657.49875,2.22875,True,4658.8675,3.5975,False,True,ROLLING_RANGE_CLOSE_LEVEL_RESIDUAL,superset_base_range_close_superset_median,54.490407,True
2026-01-20,2026-01-19,L7,RANGE_NORMAL_60_120,CLOSE_POS_UPPER_THIRD,ROWS_STANDARD_9_10,4670.86,PREV_CLOSE_PROXY,,NEUTRAL,4633.67,4637.3325,3.6625,True,4638.5625,4.8925,False,True,ROLLING_REGIME_LEVEL_RESIDUAL,superset_base_regime_superset_recent20_median,52.484056,True
2026-01-21,2026-01-20,L4,RANGE_NORMAL_60_120,CLOSE_POS_UPPER_THIRD,ROWS_EXTENDED_11_PLUS,4763.3,PREV_CLOSE_PROXY,,NEUTRAL,4856.21,4727.915,128.295,False,4732.892413,123.317587,False,False,ROLLING_RANGE_CLOSE_LEVEL_RESIDUAL,superset_base_range_close_superset_mean,54.573029,True
2026-01-21,2026-01-20,L5,RANGE_NORMAL_60_120,CLOSE_POS_UPPER_THIRD,ROWS_EXTENDED_11_PLUS,4763.3,PREV_CLOSE_PROXY,,NEUTRAL,4833.04,4712.915,120.125,False,4714.841597,118.198403,False,False,ROLLING_RANGE_CLOSE_LEVEL_RESIDUAL,superset_base_range_close_superset_mean,59.650801,True
2026-01-21,2026-01-20,L6,RANGE_NORMAL_60_120,CLOSE_POS_UPPER_THIRD,ROWS_EXTENDED_11_PLUS,4763.3,PREV_CLOSE_PROXY,,NEUTRAL,4812.42,4686.2225,126.1975,False,4687.47353,124.94647,False,False,ROLLING_RANGE_CLOSE_LEVEL_RESIDUAL,superset_base_range_close_superset_median,57.493639,True
2026-01-21,2026-01-20,L7,RANGE_NORMAL_60_120,CLOSE_POS_UPPER_THIRD,ROWS_EXTENDED_11_PLUS,4763.3,PREV_CLOSE_PROXY,,NEUTRAL,4792.89,4659.53,133.36,False,4660.84,132.05,False,False,ROLLING_RANGE_CLOSE_LEVEL_RESIDUAL,superset_base_range_close_superset_median,58.909414,True
2026-01-22,2026-01-21,L4,RANGE_WIDE_120_220,CLOSE_POS_MIDDLE_THIRD,ROWS_STANDARD_9_10,4831.03,PREV_CLOSE_PROXY,,NEUTRAL,4853.55,4822.115,31.435,False,4846.4725,7.0775,False,False,ROLLING_REGIME_LEVEL_RESIDUAL,superset_base_regime_superset_recent12_median,42.088334,False
2026-01-22,2026-01-21,L5,RANGE_WIDE_120_220,CLOSE_POS_MIDDLE_THIRD,ROWS_STANDARD_9_10,4831.03,PREV_CLOSE_PROXY,,NEUTRAL,4828.22,4800.036623,28.183377,False,4811.811623,16.408377,False,False,ROLLING_REGIME_LEVEL_RESIDUAL,superset_base_regime_superset_recent8_median,42.751309,False
2026-01-22,2026-01-21,L6,RANGE_WIDE_120_220,CLOSE_POS_MIDDLE_THIRD,ROWS_STANDARD_9_10,4831.03,PREV_CLOSE_PROXY,,NEUTRAL,4803.79,4795.99295,7.79705,False,4815.79715,12.00715,False,False,ROLLING_REGIME_LEVEL_RESIDUAL,superset_base_regime_superset_recent8_median,41.594849,False
2026-01-22,2026-01-21,L7,RANGE_WIDE_120_220,CLOSE_POS_MIDDLE_THIRD,ROWS_STANDARD_9_10,4831.03,PREV_CLOSE_PROXY,,NEUTRAL,4776.28,4755.88,20.4,False,4778.09,1.81,True,True,ROLLING_REGIME_LEVEL_RESIDUAL,superset_base_regime_superset_recent12_median,41.577016,False
2026-01-23,2026-01-22,L4,RANGE_WIDE_120_220,CLOSE_POS_UPPER_THIRD,ROWS_SPARSE_1_8,4936.06,PREV_CLOSE_PROXY,,NEUTRAL,4918.05,4921.01,2.96,True,4925.05,7.0,False,False,ROLLING_LEVEL_RESIDUAL,superset_base_level_superset_median,39.594452,True
2026-01-23,2026-01-22,L5,RANGE_WIDE_120_220,CLOSE_POS_UPPER_THIRD,ROWS_SPARSE_1_8,4936.06,PREV_CLOSE_PROXY,,NEUTRAL,4895.71,4896.235,0.525,True,4895.2275,0.4825,True,True,ROLLING_ROW_LEVEL_RESIDUAL,superset_base_rows_original_median,37.413253,True
2026-01-23,2026-01-22,L6,RANGE_WIDE_120_220,CLOSE_POS_UPPER_THIRD,ROWS_SPARSE_1_8,4936.06,PREV_CLOSE_PROXY,,NEUTRAL,4870.76,4891.01,20.25,False,4892.5875,21.8275,False,False,ROLLING_ROW_LEVEL_RESIDUAL,superset_base_rows_original_median,30.442605,True
2026-01-23,2026-01-22,L7,RANGE_WIDE_120_220,CLOSE_POS_UPPER_THIRD,ROWS_SPARSE_1_8,4936.06,PREV_CLOSE_PROXY,,NEUTRAL,4847.66,4866.235,18.575,False,4867.830625,20.170625,False,False,ROLLING_ROW_LEVEL_RESIDUAL,superset_base_rows_original_median,33.069849,True
2026-01-26,2026-01-23,L4,RANGE_NORMAL_60_120,CLOSE_POS_UPPER_THIRD,ROWS_EXTENDED_11_PLUS,4987.98,PREV_CLOSE_PROXY,,NEUTRAL,5057.59,5079.925,22.335,False,5083.342594,25.752594,False,False,ROLLING_LEVEL_RESIDUAL,superset_base_level_superset_mean,29.240868,True
2026-01-26,2026-01-23,L5,RANGE_NORMAL_60_120,CLOSE_POS_UPPER_THIRD,ROWS_EXTENDED_11_PLUS,4987.98,PREV_CLOSE_PROXY,,NEUTRAL,5031.93,5049.8375,17.9075,False,5050.254166,18.324166,False,False,ROLLING_LEVEL_RESIDUAL,superset_base_level_superset_median,35.544275,True
2026-01-26,2026-01-23,L6,RANGE_NORMAL_60_120,CLOSE_POS_UPPER_THIRD,ROWS_EXTENDED_11_PLUS,4987.98,PREV_CLOSE_PROXY,,NEUTRAL,5007.82,5034.546875,26.726875,False,5034.546875,26.726875,False,False,ROLLING_BASE_SUPERSET,EXPANDED_ORACLE_BETTER,36.373719,True
2026-01-26,2026-01-23,L7,RANGE_NORMAL_60_120,CLOSE_POS_UPPER_THIRD,ROWS_EXTENDED_11_PLUS,4987.98,PREV_CLOSE_PROXY,,NEUTRAL,4984.24,5019.75,35.51,False,5019.170616,34.930616,False,False,ROLLING_LEVEL_RESIDUAL,superset_base_level_expanded_mean,26.691831,True
2026-01-27,2026-01-26,L4,RANGE_WIDE_120_220,CLOSE_POS_LOWER_THIRD,ROWS_STANDARD_9_10,5008.17,PREV_CLOSE_PROXY,,NEUTRAL,5064.63,5046.59625,18.03375,False,5049.679394,14.950606,False,False,ROLLING_LEVEL_RESIDUAL,superset_base_level_superset_mean,15.8484,True
2026-01-27,2026-01-26,L5,RANGE_WIDE_120_220,CLOSE_POS_LOWER_THIRD,ROWS_STANDARD_9_10,5008.17,PREV_CLOSE_PROXY,,NEUTRAL,5033.46,5020.2075,13.2525,False,5020.2075,13.2525,False,False,ROLLING_BASE_SUPERSET,ORIGINAL_ORACLE_PRESERVED,22.864417,True
2026-01-27,2026-01-26,L6,RANGE_WIDE_120_220,CLOSE_POS_LOWER_THIRD,ROWS_STANDARD_9_10,5008.17,PREV_CLOSE_PROXY,,NEUTRAL,4998.75,4989.93,8.82,False,4988.29007,10.45993,False,False,ROLLING_LEVEL_RESIDUAL,superset_base_level_superset_mean,24.210024,True
2026-01-27,2026-01-26,L7,RANGE_WIDE_120_220,CLOSE_POS_LOWER_THIRD,ROWS_STANDARD_9_10,5008.17,PREV_CLOSE_PROXY,,NEUTRAL,4958.82,4959.93,1.11,True,4959.820625,1.000625,True,True,ROLLING_LEVEL_RESIDUAL,superset_base_level_superset_median,22.147449,True
2026-01-28,2026-01-27,L4,RANGE_WIDE_120_220,CLOSE_POS_UPPER_THIRD,ROWS_STANDARD_9_10,5181.22,PREV_CLOSE_PROXY,,NEUTRAL,5243.94,5168.534375,75.405625,False,5173.567063,70.372937,False,False,ROLLING_ROW_LEVEL_RESIDUAL,superset_base_rows_original_mean,47.188813,True
2026-01-28,2026-01-27,L5,RANGE_WIDE_120_220,CLOSE_POS_UPPER_THIRD,ROWS_STANDARD_9_10,5181.22,PREV_CLOSE_PROXY,,NEUTRAL,5212.86,5140.725625,72.134375,False,5143.94,68.92,False,False,ROLLING_ROW_LEVEL_RESIDUAL,superset_base_rows_original_median,52.130907,True
2026-01-28,2026-01-27,L6,RANGE_WIDE_120_220,CLOSE_POS_UPPER_THIRD,ROWS_STANDARD_9_10,5181.22,PREV_CLOSE_PROXY,,NEUTRAL,5180.87,5138.6925,42.1775,False,5140.365796,40.504204,False,False,ROLLING_ROW_LEVEL_RESIDUAL,superset_base_rows_original_median,36.560911,True
2026-01-28,2026-01-27,L7,RANGE_WIDE_120_220,CLOSE_POS_UPPER_THIRD,ROWS_STANDARD_9_10,5181.22,PREV_CLOSE_PROXY,,NEUTRAL,5152.26,5112.75875,39.50125,False,5112.41875,39.84125,False,False,ROLLING_ROW_LEVEL_RESIDUAL,superset_base_rows_original_median,41.642236,True
2026-01-29,2026-01-28,L4,RANGE_EXTREME_220_PLUS,CLOSE_POS_UPPER_THIRD,ROWS_SPARSE_1_8,5417.12,PREV_CLOSE_PROXY,,NEUTRAL,5354.75,5303.23,51.52,False,5307.417867,47.332133,False,False,ROLLING_LEVEL_RESIDUAL,superset_base_level_superset_mean,27.32597,True
2026-01-29,2026-01-28,L5,RANGE_EXTREME_220_PLUS,CLOSE_POS_UPPER_THIRD,ROWS_SPARSE_1_8,5417.12,PREV_CLOSE_PROXY,,NEUTRAL,5309.52,5273.23,36.29,False,5274.06,35.46,False,False,ROLLING_CHANNEL_LEVEL_RESIDUAL,superset_base_channel_superset_median,32.754397,True
2026-01-29,2026-01-28,L6,RANGE_EXTREME_220_PLUS,CLOSE_POS_UPPER_THIRD,ROWS_SPARSE_1_8,5417.12,PREV_CLOSE_PROXY,,NEUTRAL,5250.84,5244.619913,6.220087,False,5243.650074,7.189926,False,False,ROLLING_LEVEL_RESIDUAL,superset_base_level_superset_mean,30.726442,True
2026-01-29,2026-01-28,L7,RANGE_EXTREME_220_PLUS,CLOSE_POS_UPPER_THIRD,ROWS_SPARSE_1_8,5417.12,PREV_CLOSE_PROXY,,NEUTRAL,5202.3,5222.815,20.515,False,5222.705625,20.405625,False,False,ROLLING_LEVEL_RESIDUAL,superset_base_level_superset_median,31.154022,True
2026-01-30,2026-01-29,L4,RANGE_EXTREME_220_PLUS,CLOSE_POS_MIDDLE_THIRD,ROWS_STANDARD_9_10,5370.92,PREV_CLOSE_PROXY,,NEUTRAL,5502.93,5475.085,27.845,False,5479.864519,23.065481,False,False,ROLLING_LEVEL_RESIDUAL,superset_base_level_superset_mean,27.048482,True
2026-01-30,2026-01-29,L5,RANGE_EXTREME_220_PLUS,CLOSE_POS_MIDDLE_THIRD,ROWS_STANDARD_9_10,5370.92,PREV_CLOSE_PROXY,,NEUTRAL,5453.11,5402.1875,50.9225,False,5403.0775,50.0325,False,False,ROLLING_LEVEL_RESIDUAL,superset_base_level_superset_median,32.992786,True
2026-01-30,2026-01-29,L6,RANGE_EXTREME_220_PLUS,CLOSE_POS_MIDDLE_THIRD,ROWS_STANDARD_9_10,5370.92,PREV_CLOSE_PROXY,,NEUTRAL,5400.77,5269.593169,131.176831,False,5268.711012,132.058988,False,False,ROLLING_LEVEL_RESIDUAL,superset_base_level_superset_mean,38.786233,True
2026-01-30,2026-01-29,L7,RANGE_EXTREME_220_PLUS,CLOSE_POS_MIDDLE_THIRD,ROWS_STANDARD_9_10,5370.92,PREV_CLOSE_PROXY,,NEUTRAL,5349.51,5228.495,121.015,False,5228.240625,121.269375,False,False,ROLLING_ROW_LEVEL_RESIDUAL,superset_base_rows_original_median,34.320279,True
2026-02-02,2026-01-30,L4,RANGE_EXTREME_220_PLUS,CLOSE_POS_LOWER_THIRD,ROWS_EXTENDED_11_PLUS,4885.18,PREV_CLOSE_PROXY,,NEUTRAL,4926.32,5083.835,157.515,False,5088.899278,162.579278,False,False,ROLLING_LEVEL_RESIDUAL,superset_base_level_superset_mean,10.520917,True
2026-02-02,2026-01-30,L5,RANGE_EXTREME_220_PLUS,CLOSE_POS_LOWER_THIRD,ROWS_EXTENDED_11_PLUS,4885.18,PREV_CLOSE_PROXY,,NEUTRAL,4879.19,5053.835,174.645,False,5054.785,175.595,False,False,ROLLING_LEVEL_RESIDUAL,superset_base_level_superset_median,9.446199,True
2026-02-02,2026-01-30,L6,RANGE_EXTREME_220_PLUS,CLOSE_POS_LOWER_THIRD,ROWS_EXTENDED_11_PLUS,4885.18,PREV_CLOSE_PROXY,,NEUTRAL,4831.95,4941.473079,109.523079,False,4941.473079,109.523079,False,False,ROLLING_BASE_SUPERSET,ORIGINAL_ORACLE_PRESERVED,5.429817,True
2026-02-02,2026-01-30,L7,RANGE_EXTREME_220_PLUS,CLOSE_POS_LOWER_THIRD,ROWS_EXTENDED_11_PLUS,4885.18,PREV_CLOSE_PROXY,,NEUTRAL,4780.49,4877.7925,97.3025,False,4877.7925,97.3025,False,False,ROLLING_BASE_SUPERSET,ORIGINAL_ORACLE_PRESERVED,1.478544,True
2026-02-03,2026-02-02,L4,RANGE_EXTREME_220_PLUS,CLOSE_POS_MIDDLE_THIRD,ROWS_EXTENDED_11_PLUS,4660.96,PREV_CLOSE_PROXY,,NEUTRAL,4884.57,4786.65,97.92,False,4786.65,97.92,False,False,ROLLING_BASE_SUPERSET,ORIGINAL_ORACLE_PRESERVED,-0.246516,True
2026-02-03,2026-02-02,L5,RANGE_EXTREME_220_PLUS,CLOSE_POS_MIDDLE_THIRD,ROWS_EXTENDED_11_PLUS,4660.96,PREV_CLOSE_PROXY,,NEUTRAL,4848.53,4756.65,91.88,False,4756.65,91.88,False,False,ROLLING_BASE_SUPERSET,ORIGINAL_ORACLE_PRESERVED,6.729292,True
2026-02-03,2026-02-02,L6,RANGE_EXTREME_220_PLUS,CLOSE_POS_MIDDLE_THIRD,ROWS_EXTENDED_11_PLUS,4660.96,PREV_CLOSE_PROXY,,NEUTRAL,4805.99,4692.705,113.285,False,4692.705,113.285,False,False,ROLLING_BASE_SUPERSET,ORIGINAL_ORACLE_PRESERVED,7.224097,True
2026-02-03,2026-02-02,L7,RANGE_EXTREME_220_PLUS,CLOSE_POS_MIDDLE_THIRD,ROWS_EXTENDED_11_PLUS,4660.96,PREV_CLOSE_PROXY,,NEUTRAL,4768.25,4643.76,124.49,False,4643.76,124.49,False,False,ROLLING_BASE_SUPERSET,ORIGINAL_ORACLE_PRESERVED,3.52775,True
2026-02-04,2026-02-03,L4,RANGE_EXTREME_220_PLUS,CLOSE_POS_UPPER_THIRD,ROWS_STANDARD_9_10,4946.72,PREV_CLOSE_PROXY,,NEUTRAL,4996.14,4912.005,84.135,False,4937.27825,58.86175,False,False,ROLLING_RANGE_LEVEL_RESIDUAL,superset_base_range_original_mean,11.533828,True
2026-02-04,2026-02-03,L5,RANGE_EXTREME_220_PLUS,CLOSE_POS_UPPER_THIRD,ROWS_STANDARD_9_10,4946.72,PREV_CLOSE_PROXY,,NEUTRAL,4948.43,4859.7675,88.6625,False,4902.30875,46.12125,False,False,ROLLING_RANGE_LEVEL_RESIDUAL,superset_base_range_superset_median,12.327639,True
2026-02-04,2026-02-03,L6,RANGE_EXTREME_220_PLUS,CLOSE_POS_UPPER_THIRD,ROWS_STANDARD_9_10,4946.72,PREV_CLOSE_PROXY,,NEUTRAL,4900.2,4775.379891,124.820109,False,4781.599978,118.600022,False,False,ROLLING_RANGE_LEVEL_RESIDUAL,superset_base_range_superset_median,15.586132,True
2026-02-04,2026-02-03,L7,RANGE_EXTREME_220_PLUS,CLOSE_POS_UPPER_THIRD,ROWS_STANDARD_9_10,4946.72,PREV_CLOSE_PROXY,,NEUTRAL,4851.46,4725.555,125.905,False,4725.555,125.905,False,False,ROLLING_BASE_SUPERSET,ORIGINAL_ORACLE_PRESERVED,5.276536,True
2026-02-05,2026-02-04,L4,RANGE_EXTREME_220_PLUS,CLOSE_POS_MIDDLE_THIRD,ROWS_EXTENDED_11_PLUS,4964.74,PREV_CLOSE_PROXY,,NEUTRAL,4990.45,5091.92,101.47,False,5137.700625,147.250625,False,False,ROLLING_RANGE_LEVEL_RESIDUAL,superset_base_range_original_median,6.487419,True
2026-02-05,2026-02-04,L5,RANGE_EXTREME_220_PLUS,CLOSE_POS_MIDDLE_THIRD,ROWS_EXTENDED_11_PLUS,4964.74,PREV_CLOSE_PROXY,,NEUTRAL,4944.86,5087.9025,143.0425,False,5134.634375,189.774375,False,False,ROLLING_RANGE_LEVEL_RESIDUAL,superset_base_range_original_median,11.273713,True
2026-02-05,2026-02-04,L6,RANGE_EXTREME_220_PLUS,CLOSE_POS_MIDDLE_THIRD,ROWS_EXTENDED_11_PLUS,4964.74,PREV_CLOSE_PROXY,,NEUTRAL,4896.2,5057.9025,161.7025,False,5064.122587,167.922587,False,False,ROLLING_RANGE_LEVEL_RESIDUAL,superset_base_range_superset_median,-4.580752,True
2026-02-05,2026-02-04,L7,RANGE_EXTREME_220_PLUS,CLOSE_POS_MIDDLE_THIRD,ROWS_EXTENDED_11_PLUS,4964.74,PREV_CLOSE_PROXY,,NEUTRAL,4843.94,5031.385,187.445,False,5031.385,187.445,False,False,ROLLING_BASE_SUPERSET,ORIGINAL_ORACLE_PRESERVED,-12.453519,True
2026-02-06,2026-02-05,L4,RANGE_EXTREME_220_PLUS,CLOSE_POS_LOWER_THIRD,ROWS_EXTENDED_11_PLUS,4779.46,PREV_CLOSE_PROXY,,NEUTRAL,4897.44,4906.79,9.35,False,4922.365893,24.925893,False,False,ROLLING_RANGE_LEVEL_RESIDUAL,superset_base_range_original_mean,-19.714648,True
2026-02-06,2026-02-05,L5,RANGE_EXTREME_220_PLUS,CLOSE_POS_LOWER_THIRD,ROWS_EXTENDED_11_PLUS,4779.46,PREV_CLOSE_PROXY,,NEUTRAL,4854.08,4876.79,22.71,False,4876.79,22.71,False,False,ROLLING_BASE_SUPERSET,ORIGINAL_ORACLE_PRESERVED,-23.273082,True
2026-02-06,2026-02-05,L6,RANGE_EXTREME_220_PLUS,CLOSE_POS_LOWER_THIRD,ROWS_EXTENDED_11_PLUS,4779.46,PREV_CLOSE_PROXY,,NEUTRAL,4803.0,4803.305,0.305,True,4803.305,0.305,True,True,ROLLING_BASE_SUPERSET,ORIGINAL_ORACLE_PRESERVED,-21.897188,True
2026-02-06,2026-02-05,L7,RANGE_EXTREME_220_PLUS,CLOSE_POS_LOWER_THIRD,ROWS_EXTENDED_11_PLUS,4779.46,PREV_CLOSE_PROXY,,NEUTRAL,4746.79,4792.8125,46.0225,False,4792.8125,46.0225,False,False,ROLLING_BASE_SUPERSET,ORIGINAL_ORACLE_PRESERVED,-24.787714,True
2026-02-09,2026-02-06,L4,RANGE_EXTREME_220_PLUS,CLOSE_POS_UPPER_THIRD,ROWS_STANDARD_9_10,4965.74,PREV_CLOSE_PROXY,,NEUTRAL,4956.67,4971.43,14.76,False,4980.291301,23.621301,False,False,ROLLING_ROW_LEVEL_RESIDUAL,superset_base_rows_original_mean,4.624016,True
2026-02-09,2026-02-06,L5,RANGE_EXTREME_220_PLUS,CLOSE_POS_UPPER_THIRD,ROWS_STANDARD_9_10,4965.74,PREV_CLOSE_PROXY,,NEUTRAL,4905.52,4928.17625,22.65625,False,4931.506262,25.986262,False,False,ROLLING_ROW_LEVEL_RESIDUAL,superset_base_rows_original_median,6.042133,True
2026-02-09,2026-02-06,L6,RANGE_EXTREME_220_PLUS,CLOSE_POS_UPPER_THIRD,ROWS_STANDARD_9_10,4965.74,PREV_CLOSE_PROXY,,NEUTRAL,4853.78,4884.9225,31.1425,False,4884.112148,30.332148,False,False,ROLLING_LEVEL_RESIDUAL,superset_base_level_superset_mean,7.586994,True
2026-02-09,2026-02-06,L7,RANGE_EXTREME_220_PLUS,CLOSE_POS_UPPER_THIRD,ROWS_STANDARD_9_10,4965.74,PREV_CLOSE_PROXY,,NEUTRAL,4803.35,4828.415,25.065,False,4782.3925,20.9575,False,False,ROLLING_RANGE_LEVEL_RESIDUAL,superset_base_range_superset_median,6.396971,True
2026-02-10,2026-02-09,L4,RANGE_WIDE_120_220,CLOSE_POS_UPPER_THIRD,ROWS_STANDARD_9_10,5057.94,PREV_CLOSE_PROXY,,NEUTRAL,5139.66,5135.6975,3.9625,True,5140.00125,0.34125,True,True,ROLLING_LEVEL_RESIDUAL,superset_base_level_superset_median,20.007049,True
2026-02-10,2026-02-09,L5,RANGE_WIDE_120_220,CLOSE_POS_UPPER_THIRD,ROWS_STANDARD_9_10,5057.94,PREV_CLOSE_PROXY,,NEUTRAL,5081.07,5116.72,35.65,False,5120.00669,38.93669,False,False,ROLLING_ROW_LEVEL_RESIDUAL,superset_base_rows_original_median,18.565837,True
2026-02-10,2026-02-09,L6,RANGE_WIDE_120_220,CLOSE_POS_UPPER_THIRD,ROWS_STANDARD_9_10,5057.94,PREV_CLOSE_PROXY,,NEUTRAL,5034.62,5057.94,23.32,False,5056.776948,22.156948,False,False,ROLLING_LEVEL_RESIDUAL,superset_base_level_superset_mean,15.458186,True
2026-02-10,2026-02-09,L7,RANGE_WIDE_120_220,CLOSE_POS_UPPER_THIRD,ROWS_STANDARD_9_10,5057.94,PREV_CLOSE_PROXY,,NEUTRAL,4987.02,5056.265,69.245,False,5056.010625,68.990625,False,False,ROLLING_LEVEL_RESIDUAL,superset_base_level_superset_median,18.330105,True
2026-02-11,2026-02-10,L4,RANGE_NORMAL_60_120,CLOSE_POS_MIDDLE_THIRD,ROWS_STANDARD_9_10,5025.3,PREV_CLOSE_PROXY,,NEUTRAL,5075.63,5078.415,2.785,True,5078.89525,3.26525,False,True,ROLLING_REGIME_LEVEL_RESIDUAL,superset_base_regime_original_mean,45.05511,True
2026-02-11,2026-02-10,L5,RANGE_NORMAL_60_120,CLOSE_POS_MIDDLE_THIRD,ROWS_STANDARD_9_10,5025.3,PREV_CLOSE_PROXY,,NEUTRAL,5016.51,5031.7725,15.2625,False,5035.239595,18.729595,False,False,ROLLING_REGIME_LEVEL_RESIDUAL,superset_base_regime_superset_recent8_median,45.303768,True
2026-02-11,2026-02-10,L6,RANGE_NORMAL_60_120,CLOSE_POS_MIDDLE_THIRD,ROWS_STANDARD_9_10,5025.3,PREV_CLOSE_PROXY,,NEUTRAL,4967.33,5010.19,42.86,False,5017.26,49.93,False,False,ROLLING_REGIME_LEVEL_RESIDUAL,original_base_regime_superset_q75,44.126395,True
2026-02-11,2026-02-10,L7,RANGE_NORMAL_60_120,CLOSE_POS_MIDDLE_THIRD,ROWS_STANDARD_9_10,5025.3,PREV_CLOSE_PROXY,,NEUTRAL,4912.29,4957.4,45.11,False,4956.8275,44.5375,False,False,ROLLING_REGIME_LEVEL_RESIDUAL,superset_base_regime_original_q25,41.000087,True
2026-02-12,2026-02-11,L4,RANGE_NORMAL_60_120,CLOSE_POS_MIDDLE_THIRD,ROWS_EXTENDED_11_PLUS,5084.24,PREV_CLOSE_PROXY,,NEUTRAL,5117.76,5119.06,1.3,True,5122.415214,4.655214,False,True,ROLLING_RANGE_CLOSE_LEVEL_RESIDUAL,original_base_range_close_superset_mean,35.49034,True
2026-02-12,2026-02-11,L5,RANGE_NORMAL_60_120,CLOSE_POS_MIDDLE_THIRD,ROWS_EXTENDED_11_PLUS,5084.24,PREV_CLOSE_PROXY,,NEUTRAL,5075.63,5067.735,7.895,False,5069.523624,6.106376,False,False,ROLLING_RANGE_CLOSE_LEVEL_RESIDUAL,superset_base_range_close_superset_mean,34.17128,True
2026-02-12,2026-02-11,L6,RANGE_NORMAL_60_120,CLOSE_POS_MIDDLE_THIRD,ROWS_EXTENDED_11_PLUS,5084.24,PREV_CLOSE_PROXY,,NEUTRAL,5037.65,5035.205,2.445,True,5039.438125,1.788125,True,True,ROLLING_RANGE_CLOSE_LEVEL_RESIDUAL,original_base_range_close_superset_recent20_median,28.053112,True
2026-02-12,2026-02-11,L7,RANGE_NORMAL_60_120,CLOSE_POS_MIDDLE_THIRD,ROWS_EXTENDED_11_PLUS,5084.24,PREV_CLOSE_PROXY,,NEUTRAL,4999.12,5005.205,6.085,False,5004.806875,5.686875,False,False,ROLLING_LEVEL_RESIDUAL,superset_base_level_superset_median,29.476959,True
2026-02-13,2026-02-12,L4,RANGE_EXTREME_220_PLUS,CLOSE_POS_LOWER_THIRD,ROWS_SPARSE_1_8,4921.64,PREV_CLOSE_PROXY,,NEUTRAL,4960.96,4952.346593,8.613407,False,4961.782287,0.822287,True,True,ROLLING_RANGE_LEVEL_RESIDUAL,superset_base_range_original_mean,15.526217,True
2026-02-13,2026-02-12,L5,RANGE_EXTREME_220_PLUS,CLOSE_POS_LOWER_THIRD,ROWS_SPARSE_1_8,4921.64,PREV_CLOSE_PROXY,,NEUTRAL,4914.19,4921.64,7.45,False,4944.565,30.375,False,False,ROLLING_RANGE_LEVEL_RESIDUAL,superset_base_range_original_mean,10.288312,True
2026-02-13,2026-02-12,L6,RANGE_EXTREME_220_PLUS,CLOSE_POS_LOWER_THIRD,ROWS_SPARSE_1_8,4921.64,PREV_CLOSE_PROXY,,NEUTRAL,4870.79,4879.98,9.19,False,4843.740874,27.049126,False,False,ROLLING_RANGE_CLOSE_LEVEL_RESIDUAL,superset_base_range_close_superset_recent20_median,37.998608,True
2026-02-13,2026-02-12,L7,RANGE_EXTREME_220_PLUS,CLOSE_POS_LOWER_THIRD,ROWS_SPARSE_1_8,4921.64,PREV_CLOSE_PROXY,,NEUTRAL,4825.68,4878.56,52.88,False,4821.77875,3.90125,False,True,ROLLING_RANGE_CLOSE_LEVEL_RESIDUAL,superset_base_range_close_superset_recent8_median,27.402031,True
2026-02-16,2026-02-13,L4,RANGE_WIDE_120_220,CLOSE_POS_UPPER_THIRD,ROWS_SPARSE_1_8,5042.46,PREV_CLOSE_PROXY,,NEUTRAL,5039.88,5027.2375,12.6425,False,5031.23875,8.64125,False,False,ROLLING_LEVEL_RESIDUAL,superset_base_level_superset_median,33.09502,True
2026-02-16,2026-02-13,L5,RANGE_WIDE_120_220,CLOSE_POS_UPPER_THIRD,ROWS_SPARSE_1_8,5042.46,PREV_CLOSE_PROXY,,NEUTRAL,5001.35,5004.625,3.275,True,5006.822088,5.472088,False,False,ROLLING_LEVEL_RESIDUAL,superset_base_level_superset_mean,25.165212,True
2026-02-16,2026-02-13,L6,RANGE_WIDE_120_220,CLOSE_POS_UPPER_THIRD,ROWS_SPARSE_1_8,5042.46,PREV_CLOSE_PROXY,,NEUTRAL,4961.15,4980.8,19.65,False,4978.878362,17.728362,False,False,ROLLING_LEVEL_RESIDUAL,superset_base_level_superset_mean,25.195689,True
2026-02-16,2026-02-13,L7,RANGE_WIDE_120_220,CLOSE_POS_UPPER_THIRD,ROWS_SPARSE_1_8,5042.46,PREV_CLOSE_PROXY,,NEUTRAL,4914.19,4938.4,24.21,False,4956.975,42.785,False,False,ROLLING_BASE_ORIGINAL,MODE_C_BALANCED,19.751683,True
2026-02-17,2026-02-16,L4,RANGE_NORMAL_60_120,CLOSE_POS_MIDDLE_THIRD,ROWS_STANDARD_9_10,4993.64,PREV_CLOSE_PROXY,,NEUTRAL,5037.25,5041.18125,3.93125,True,5041.364659,4.114659,False,True,ROLLING_REGIME_LEVEL_RESIDUAL,superset_base_regime_original_mean,48.014264,True
2026-02-17,2026-02-16,L5,RANGE_NORMAL_60_120,CLOSE_POS_MIDDLE_THIRD,ROWS_STANDARD_9_10,4993.64,PREV_CLOSE_PROXY,,NEUTRAL,4997.56,4993.7875,3.7725,True,4997.07419,0.48581,True,True,ROLLING_RANGE_CLOSE_LEVEL_RESIDUAL,superset_base_range_close_superset_recent20_median,46.368891,True
2026-02-17,2026-02-16,L6,RANGE_NORMAL_60_120,CLOSE_POS_MIDDLE_THIRD,ROWS_STANDARD_9_10,4993.64,PREV_CLOSE_PROXY,,NEUTRAL,4963.07,4986.2875,23.2175,False,4990.47125,27.40125,False,False,ROLLING_RANGE_CLOSE_LEVEL_RESIDUAL,original_base_range_close_superset_recent20_median,45.188127,True
2026-02-17,2026-02-16,L7,RANGE_NORMAL_60_120,CLOSE_POS_MIDDLE_THIRD,ROWS_STANDARD_9_10,4993.64,PREV_CLOSE_PROXY,,NEUTRAL,4920.57,4890.14375,30.42625,False,4890.650625,29.919375,False,False,ROLLING_RANGE_LEVEL_RESIDUAL,superset_base_range_original_median,39.633135,True
2026-02-18,2026-02-17,L4,RANGE_WIDE_120_220,CLOSE_POS_LOWER_THIRD,ROWS_STANDARD_9_10,4877.1,PREV_CLOSE_PROXY,,NEUTRAL,4912.68,4912.9,0.22,True,4918.42711,5.74711,False,False,ROLLING_SOURCE_LEVEL_RESIDUAL,superset_base_source_superset_mean,20.428753,True
2026-02-18,2026-02-17,L5,RANGE_WIDE_120_220,CLOSE_POS_LOWER_THIRD,ROWS_STANDARD_9_10,4877.1,PREV_CLOSE_PROXY,,NEUTRAL,4878.73,4881.84,3.11,True,4883.854865,5.124865,False,False,ROLLING_ROW_LEVEL_RESIDUAL,superset_base_rows_original_mean,26.334358,True
2026-02-18,2026-02-17,L6,RANGE_WIDE_120_220,CLOSE_POS_LOWER_THIRD,ROWS_STANDARD_9_10,4877.1,PREV_CLOSE_PROXY,,NEUTRAL,4842.48,4842.22,0.26,True,4839.874185,2.605815,True,True,ROLLING_LEVEL_RESIDUAL,superset_base_level_superset_mean,25.587411,True
2026-02-18,2026-02-17,L7,RANGE_WIDE_120_220,CLOSE_POS_LOWER_THIRD,ROWS_STANDARD_9_10,4877.1,PREV_CLOSE_PROXY,,NEUTRAL,4805.69,4812.22,6.53,False,4811.821875,6.131875,False,False,ROLLING_ROW_LEVEL_RESIDUAL,superset_base_rows_original_median,19.411993,True
2026-02-19,2026-02-18,L4,RANGE_WIDE_120_220,CLOSE_POS_UPPER_THIRD,ROWS_EXTENDED_11_PLUS,4977.24,PREV_CLOSE_PROXY,,NEUTRAL,5030.72,4970.93375,59.78625,False,4974.89625,55.82375,False,False,ROLLING_LEVEL_RESIDUAL,superset_base_level_superset_median,32.783059,True
2026-02-19,2026-02-18,L5,RANGE_WIDE_120_220,CLOSE_POS_UPPER_THIRD,ROWS_EXTENDED_11_PLUS,4977.24,PREV_CLOSE_PROXY,,NEUTRAL,5000.02,4964.2825,35.7375,False,4961.0075,39.0125,False,False,ROLLING_RANGE_CLOSE_LEVEL_RESIDUAL,superset_base_range_close_superset_recent20_median,30.683631,True
2026-02-19,2026-02-18,L6,RANGE_WIDE_120_220,CLOSE_POS_UPPER_THIRD,ROWS_EXTENDED_11_PLUS,4977.24,PREV_CLOSE_PROXY,,NEUTRAL,4972.89,4947.585,25.305,False,4927.935,44.955,False,False,ROLLING_RANGE_CLOSE_LEVEL_RESIDUAL,superset_base_range_close_superset_recent12_median,24.928545,True
2026-02-19,2026-02-18,L7,RANGE_WIDE_120_220,CLOSE_POS_UPPER_THIRD,ROWS_EXTENDED_11_PLUS,4977.24,PREV_CLOSE_PROXY,,NEUTRAL,4944.55,4932.585,11.965,False,4927.321585,17.228415,False,False,ROLLING_LEVEL_RESIDUAL,superset_base_level_superset_mean,13.250028,True
2026-02-20,2026-02-19,L4,RANGE_NORMAL_60_120,CLOSE_POS_MIDDLE_THIRD,ROWS_STANDARD_9_10,4995.96,PREV_CLOSE_PROXY,,NEUTRAL,5017.88,5022.25,4.37,True,5022.090521,4.210521,False,True,ROLLING_REGIME_LEVEL_RESIDUAL,superset_base_regime_original_mean,50.371775,True
2026-02-20,2026-02-19,L5,RANGE_NORMAL_60_120,CLOSE_POS_MIDDLE_THIRD,ROWS_STANDARD_9_10,4995.96,PREV_CLOSE_PROXY,,NEUTRAL,4995.03,4995.16372,0.13372,True,4998.106654,3.076654,False,True,ROLLING_REGIME_LEVEL_RESIDUAL,superset_base_regime_original_mean,52.706792,True
2026-02-20,2026-02-19,L6,RANGE_NORMAL_60_120,CLOSE_POS_MIDDLE_THIRD,ROWS_STANDARD_9_10,4995.96,PREV_CLOSE_PROXY,,NEUTRAL,4965.99,4976.25625,10.26625,False,4979.570625,13.580625,False,False,ROLLING_RANGE_CLOSE_LEVEL_RESIDUAL,original_base_range_close_superset_recent20_median,38.13837,True
2026-02-20,2026-02-19,L7,RANGE_NORMAL_60_120,CLOSE_POS_MIDDLE_THIRD,ROWS_STANDARD_9_10,4995.96,PREV_CLOSE_PROXY,,NEUTRAL,4935.99,4919.21125,16.77875,False,4919.8725,16.1175,False,False,ROLLING_RANGE_LEVEL_RESIDUAL,superset_base_range_original_median,36.808261,True
2026-02-23,2026-02-20,L4,RANGE_WIDE_120_220,CLOSE_POS_UPPER_THIRD,ROWS_EXTENDED_11_PLUS,5107.8,PREV_CLOSE_PROXY,,NEUTRAL,5150.72,5137.96,12.76,False,5151.807917,1.087917,True,True,ROLLING_REGIME_LEVEL_RESIDUAL,superset_base_regime_original_mean,46.464877,True
2026-02-23,2026-02-20,L5,RANGE_WIDE_120_220,CLOSE_POS_UPPER_THIRD,ROWS_EXTENDED_11_PLUS,5107.8,PREV_CLOSE_PROXY,,NEUTRAL,5126.12,5098.92,27.2,False,5088.11125,38.00875,False,False,ROLLING_REGIME_LEVEL_RESIDUAL,superset_base_regime_superset_recent8_median,50.338834,True
2026-02-23,2026-02-20,L6,RANGE_WIDE_120_220,CLOSE_POS_UPPER_THIRD,ROWS_EXTENDED_11_PLUS,5107.8,PREV_CLOSE_PROXY,,NEUTRAL,5102.34,5076.42,25.92,False,5061.7175,40.6225,False,False,ROLLING_REGIME_LEVEL_RESIDUAL,superset_base_regime_superset_recent8_median,37.890425,True
2026-02-23,2026-02-20,L7,RANGE_WIDE_120_220,CLOSE_POS_UPPER_THIRD,ROWS_EXTENDED_11_PLUS,5107.8,PREV_CLOSE_PROXY,,NEUTRAL,5079.49,5065.853333,13.636667,False,5058.574583,20.915417,False,False,ROLLING_REGIME_LEVEL_RESIDUAL,superset_base_regime_original_recent20_median,39.694644,True
2026-02-24,2026-02-23,L4,RANGE_WIDE_120_220,CLOSE_POS_UPPER_THIRD,ROWS_EXTENDED_11_PLUS,5227.5,PREV_CLOSE_PROXY,,NEUTRAL,5263.54,5267.82,4.28,True,5281.395937,17.855937,False,False,ROLLING_REGIME_LEVEL_RESIDUAL,superset_base_regime_original_mean,33.44225,True
2026-02-24,2026-02-23,L5,RANGE_WIDE_120_220,CLOSE_POS_UPPER_THIRD,ROWS_EXTENDED_11_PLUS,5227.5,PREV_CLOSE_PROXY,,NEUTRAL,5234.73,5225.6825,9.0475,False,5233.878125,0.851875,True,True,ROLLING_REGIME_LEVEL_RESIDUAL,superset_base_regime_superset_recent8_median,21.717592,True
2026-02-24,2026-02-23,L6,RANGE_WIDE_120_220,CLOSE_POS_UPPER_THIRD,ROWS_EXTENDED_11_PLUS,5227.5,PREV_CLOSE_PROXY,,NEUTRAL,5205.3,5203.7625,1.5375,True,5189.06,16.24,False,False,ROLLING_RANGE_CLOSE_LEVEL_RESIDUAL,superset_base_range_close_superset_recent12_median,19.914708,True
2026-02-24,2026-02-23,L7,RANGE_WIDE_120_220,CLOSE_POS_UPPER_THIRD,ROWS_EXTENDED_11_PLUS,5227.5,PREV_CLOSE_PROXY,,NEUTRAL,5176.62,5168.545,8.075,False,5170.888125,5.731875,False,False,ROLLING_REGIME_LEVEL_RESIDUAL,superset_base_regime_original_recent20_median,20.050429,True
2026-02-25,2026-02-24,L4,RANGE_WIDE_120_220,CLOSE_POS_LOWER_THIRD,ROWS_EXTENDED_11_PLUS,5143.76,PREV_CLOSE_PROXY,,NEUTRAL,5252.87,5279.68,26.81,False,5283.6425,30.7725,False,False,ROLLING_LEVEL_RESIDUAL,superset_base_level_original_median,24.66193,True
2026-02-25,2026-02-24,L5,RANGE_WIDE_120_220,CLOSE_POS_LOWER_THIRD,ROWS_EXTENDED_11_PLUS,5143.76,PREV_CLOSE_PROXY,,NEUTRAL,5210.99,5230.03875,19.04875,False,5203.075,7.915,False,False,ROLLING_RANGE_CLOSE_LEVEL_RESIDUAL,superset_base_range_close_superset_mean,31.345016,True
2026-02-25,2026-02-24,L6,RANGE_WIDE_120_220,CLOSE_POS_LOWER_THIRD,ROWS_EXTENDED_11_PLUS,5143.76,PREV_CLOSE_PROXY,,NEUTRAL,5174.66,5189.65634,14.99634,False,5188.70865,14.04865,False,False,ROLLING_RANGE_CLOSE_LEVEL_RESIDUAL,superset_base_range_close_superset_recent8_median,26.857435,True
2026-02-25,2026-02-24,L7,RANGE_WIDE_120_220,CLOSE_POS_LOWER_THIRD,ROWS_EXTENDED_11_PLUS,5143.76,PREV_CLOSE_PROXY,,NEUTRAL,5141.24,5156.115,14.875,False,5152.295,11.055,False,False,ROLLING_RANGE_CLOSE_LEVEL_RESIDUAL,superset_base_range_close_superset_recent8_median,26.478669,True
2026-02-26,2026-02-25,L4,RANGE_NORMAL_60_120,CLOSE_POS_MIDDLE_THIRD,ROWS_SPARSE_1_8,5164.84,PREV_CLOSE_PROXY,,NEUTRAL,5167.75,5169.393125,1.643125,True,5171.713239,3.963239,False,True,ROLLING_RANGE_CLOSE_LEVEL_RESIDUAL,original_base_range_close_superset_mean,45.315142,True
2026-02-26,2026-02-25,L5,RANGE_NORMAL_60_120,CLOSE_POS_MIDDLE_THIRD,ROWS_SPARSE_1_8,5164.84,PREV_CLOSE_PROXY,,NEUTRAL,5128.94,5145.8075,16.8675,False,5145.87254,16.93254,False,False,ROLLING_REGIME_LEVEL_RESIDUAL,superset_base_regime_superset_recent8_median,49.00881,True
2026-02-26,2026-02-25,L6,RANGE_NORMAL_60_120,CLOSE_POS_MIDDLE_THIRD,ROWS_SPARSE_1_8,5164.84,PREV_CLOSE_PROXY,,NEUTRAL,5092.49,5122.58375,30.09375,False,5125.02875,32.53875,False,False,ROLLING_RANGE_CLOSE_LEVEL_RESIDUAL,original_base_range_close_superset_recent20_median,43.391125,True
2026-02-26,2026-02-25,L7,RANGE_NORMAL_60_120,CLOSE_POS_MIDDLE_THIRD,ROWS_SPARSE_1_8,5164.84,PREV_CLOSE_PROXY,,NEUTRAL,5042.41,5107.58375,65.17375,False,5108.529375,66.119375,False,False,ROLLING_RANGE_LEVEL_RESIDUAL,superset_base_range_superset_median,37.417159,True
2026-02-27,2026-02-26,L4,RANGE_NORMAL_60_120,CLOSE_POS_UPPER_THIRD,ROWS_STANDARD_9_10,5185.0,PREV_CLOSE_PROXY,,NEUTRAL,5200.74,5207.35,6.61,False,5212.47441,11.73441,False,False,ROLLING_REGIME_LEVEL_RESIDUAL,superset_base_regime_superset_mean,51.534883,True
2026-02-27,2026-02-26,L5,RANGE_NORMAL_60_120,CLOSE_POS_UPPER_THIRD,ROWS_STANDARD_9_10,5185.0,PREV_CLOSE_PROXY,,NEUTRAL,5159.15,5167.84,8.69,False,5171.409768,12.259768,False,False,ROLLING_REGIME_LEVEL_RESIDUAL,original_base_regime_original_mean,46.502023,True
2026-02-27,2026-02-26,L6,RANGE_NORMAL_60_120,CLOSE_POS_UPPER_THIRD,ROWS_STANDARD_9_10,5185.0,PREV_CLOSE_PROXY,,NEUTRAL,5120.49,5158.94752,38.45752,False,5160.567918,40.077918,False,False,ROLLING_REGIME_LEVEL_RESIDUAL,superset_base_regime_superset_median,40.652173,True
2026-02-27,2026-02-26,L7,RANGE_NORMAL_60_120,CLOSE_POS_UPPER_THIRD,ROWS_STANDARD_9_10,5185.0,PREV_CLOSE_PROXY,,NEUTRAL,5082.63,5141.455,58.825,False,5142.24625,59.61625,False,False,ROLLING_REGIME_LEVEL_RESIDUAL,superset_base_regime_original_median,42.41392,True
2026-03-02,2026-02-27,L4,RANGE_NORMAL_60_120,CLOSE_POS_UPPER_THIRD,ROWS_EXTENDED_11_PLUS,5280.0,PREV_CLOSE_PROXY,,NEUTRAL,5367.98,5364.85,3.13,True,5366.350829,1.629171,True,True,ROLLING_RANGE_LEVEL_RESIDUAL,superset_base_range_original_mean,29.496146,True
2026-03-02,2026-02-27,L5,RANGE_NORMAL_60_120,CLOSE_POS_UPPER_THIRD,ROWS_EXTENDED_11_PLUS,5280.0,PREV_CLOSE_PROXY,,NEUTRAL,5326.06,5328.87,2.81,True,5329.625417,3.565417,False,True,ROLLING_RANGE_CLOSE_LEVEL_RESIDUAL,superset_base_range_close_superset_mean,32.772035,True
2026-03-02,2026-02-27,L6,RANGE_NORMAL_60_120,CLOSE_POS_UPPER_THIRD,ROWS_EXTENDED_11_PLUS,5280.0,PREV_CLOSE_PROXY,,NEUTRAL,5290.73,5292.643125,1.913125,True,5292.643125,1.913125,True,True,ROLLING_BASE_SUPERSET,EXPANDED_ORACLE_BETTER,28.903823,True
2026-03-02,2026-02-27,L7,RANGE_NORMAL_60_120,CLOSE_POS_UPPER_THIRD,ROWS_EXTENDED_11_PLUS,5280.0,PREV_CLOSE_PROXY,,NEUTRAL,5256.98,5280.0,23.02,False,5280.506875,23.526875,False,False,ROLLING_RANGE_LEVEL_RESIDUAL,superset_base_range_superset_median,20.417232,True
2026-03-03,2026-03-02,L4,RANGE_WIDE_120_220,CLOSE_POS_MIDDLE_THIRD,ROWS_STANDARD_9_10,5321.84,PREV_CLOSE_PROXY,,NEUTRAL,5324.04,5340.1,16.06,False,5367.99625,43.95625,False,False,ROLLING_RANGE_CLOSE_LEVEL_RESIDUAL,original_base_range_close_superset_recent5_median,38.296302,True
2026-03-03,2026-03-02,L5,RANGE_WIDE_120_220,CLOSE_POS_MIDDLE_THIRD,ROWS_STANDARD_9_10,5321.84,PREV_CLOSE_PROXY,,NEUTRAL,5286.64,5313.753281,27.113281,False,5327.543982,40.903982,False,False,ROLLING_RANGE_CLOSE_LEVEL_RESIDUAL,superset_base_range_close_superset_mean,39.761138,True
2026-03-03,2026-03-02,L6,RANGE_WIDE_120_220,CLOSE_POS_MIDDLE_THIRD,ROWS_STANDARD_9_10,5321.84,PREV_CLOSE_PROXY,,NEUTRAL,5249.62,5284.57,34.95,False,5290.964375,41.344375,False,False,ROLLING_RANGE_CLOSE_LEVEL_RESIDUAL,superset_base_range_close_superset_mean,32.052215,True
2026-03-03,2026-03-02,L7,RANGE_WIDE_120_220,CLOSE_POS_MIDDLE_THIRD,ROWS_STANDARD_9_10,5321.84,PREV_CLOSE_PROXY,,NEUTRAL,5213.93,5261.06,47.13,False,5282.365,68.435,False,False,ROLLING_REGIME_LEVEL_RESIDUAL,superset_base_regime_original_recent12_median,24.729615,True
2026-03-04,2026-03-03,L4,RANGE_EXTREME_220_PLUS,CLOSE_POS_LOWER_THIRD,ROWS_STANDARD_9_10,5088.24,PREV_CLOSE_PROXY,,NEUTRAL,5112.47,5069.6675,42.8025,False,5069.299203,43.170797,False,False,ROLLING_RANGE_CLOSE_LEVEL_RESIDUAL,original_base_range_close_superset_recent5_median,25.91487,False
2026-03-04,2026-03-03,L5,RANGE_EXTREME_220_PLUS,CLOSE_POS_LOWER_THIRD,ROWS_STANDARD_9_10,5088.24,PREV_CLOSE_PROXY,,NEUTRAL,5078.76,5088.24,9.48,False,5070.952812,7.807188,False,False,ROLLING_RANGE_CLOSE_LEVEL_RESIDUAL,superset_base_range_close_superset_mean,25.487929,False
2026-03-04,2026-03-03,L6,RANGE_EXTREME_220_PLUS,CLOSE_POS_LOWER_THIRD,ROWS_STANDARD_9_10,5088.24,PREV_CLOSE_PROXY,,NEUTRAL,5043.41,5017.96875,25.44125,False,5015.091599,28.318401,False,False,ROLLING_LEVEL_RESIDUAL,superset_base_level_superset_mean,17.362489,False
2026-03-04,2026-03-03,L7,RANGE_EXTREME_220_PLUS,CLOSE_POS_LOWER_THIRD,ROWS_STANDARD_9_10,5088.24,PREV_CLOSE_PROXY,,NEUTRAL,5012.24,4996.27,15.97,False,4943.39,68.85,False,False,ROLLING_RANGE_CLOSE_LEVEL_RESIDUAL,superset_base_range_close_superset_recent8_median,18.127482,False
2026-03-05,2026-03-04,L4,RANGE_WIDE_120_220,CLOSE_POS_MIDDLE_THIRD,ROWS_STANDARD_9_10,5141.1,PREV_CLOSE_PROXY,,NEUTRAL,5173.51,5175.565,2.055,True,5194.60075,21.09075,False,False,ROLLING_REGIME_LEVEL_RESIDUAL,superset_base_regime_original_mean,20.391011,True
2026-03-05,2026-03-04,L5,RANGE_WIDE_120_220,CLOSE_POS_MIDDLE_THIRD,ROWS_STANDARD_9_10,5141.1,PREV_CLOSE_PROXY,,NEUTRAL,5139.59,5149.0525,9.4625,False,5160.8275,21.2375,False,False,ROLLING_REGIME_LEVEL_RESIDUAL,superset_base_regime_superset_recent8_median,20.650047,True
2026-03-05,2026-03-04,L6,RANGE_WIDE_120_220,CLOSE_POS_MIDDLE_THIRD,ROWS_STANDARD_9_10,5141.1,PREV_CLOSE_PROXY,,NEUTRAL,5103.66,5103.0025,0.6575,True,5110.79955,7.13955,False,False,ROLLING_REGIME_LEVEL_RESIDUAL,superset_base_regime_superset_recent8_median,13.522319,True
2026-03-05,2026-03-04,L7,RANGE_WIDE_120_220,CLOSE_POS_MIDDLE_THIRD,ROWS_STANDARD_9_10,5141.1,PREV_CLOSE_PROXY,,NEUTRAL,5066.73,5083.99,17.26,False,5104.39,37.66,False,False,ROLLING_REGIME_LEVEL_RESIDUAL,superset_base_regime_superset_recent12_median,13.621979,True
2026-03-06,2026-03-05,L4,RANGE_WIDE_120_220,CLOSE_POS_LOWER_THIRD,ROWS_SPARSE_1_8,5081.02,PREV_CLOSE_PROXY,,NEUTRAL,5105.9,5116.265,10.365,False,5119.687396,13.787396,False,False,ROLLING_LEVEL_RESIDUAL,superset_base_level_original_median,30.627512,True
2026-03-06,2026-03-05,L5,RANGE_WIDE_120_220,CLOSE_POS_LOWER_THIRD,ROWS_SPARSE_1_8,5081.02,PREV_CLOSE_PROXY,,NEUTRAL,5070.97,5081.02,10.05,False,5080.64,9.67,False,False,ROLLING_LEVEL_RESIDUAL,superset_base_level_superset_median,30.788456,True
2026-03-06,2026-03-05,L6,RANGE_WIDE_120_220,CLOSE_POS_LOWER_THIRD,ROWS_SPARSE_1_8,5081.02,PREV_CLOSE_PROXY,,NEUTRAL,5039.06,5051.06,12.0,False,5048.489128,9.429128,False,False,ROLLING_LEVEL_RESIDUAL,superset_base_level_superset_mean,29.34783,True
2026-03-06,2026-03-05,L7,RANGE_WIDE_120_220,CLOSE_POS_LOWER_THIRD,ROWS_SPARSE_1_8,5081.02,PREV_CLOSE_PROXY,,NEUTRAL,5004.85,5021.06,16.21,False,5014.634496,9.784496,False,False,ROLLING_LEVEL_RESIDUAL,superset_base_level_original_mean,28.328887,True
2026-03-09,2026-03-06,L4,RANGE_NORMAL_60_120,CLOSE_POS_UPPER_THIRD,ROWS_STANDARD_9_10,5174.64,PREV_CLOSE_PROXY,,NEUTRAL,5198.3,5174.78,23.52,False,5179.827136,18.472864,False,False,ROLLING_LEVEL_RESIDUAL,superset_base_level_superset_mean,43.33694,True
2026-03-09,2026-03-06,L5,RANGE_NORMAL_60_120,CLOSE_POS_UPPER_THIRD,ROWS_STANDARD_9_10,5174.64,PREV_CLOSE_PROXY,,NEUTRAL,5168.78,5158.795,9.985,False,5158.3425,10.4375,False,False,ROLLING_LEVEL_RESIDUAL,superset_base_level_superset_median,48.047017,True
2026-03-09,2026-03-06,L6,RANGE_NORMAL_60_120,CLOSE_POS_UPPER_THIRD,ROWS_STANDARD_9_10,5174.64,PREV_CLOSE_PROXY,,NEUTRAL,5140.78,5137.153371,3.626629,True,5134.546391,6.233609,False,False,ROLLING_SOURCE_LEVEL_RESIDUAL,superset_base_source_original_mean,45.469361,True
2026-03-09,2026-03-06,L7,RANGE_NORMAL_60_120,CLOSE_POS_UPPER_THIRD,ROWS_STANDARD_9_10,5174.64,PREV_CLOSE_PROXY,,NEUTRAL,5108.7,5087.8,20.9,False,5081.84015,26.85985,False,False,ROLLING_LEVEL_RESIDUAL,superset_base_level_expanded_mean,38.976312,True
2026-03-10,2026-03-09,L4,RANGE_WIDE_120_220,CLOSE_POS_MIDDLE_THIRD,ROWS_STANDARD_9_10,5136.66,PREV_CLOSE_PROXY,,NEUTRAL,5174.89,5152.1675,22.7225,False,5167.688125,7.201875,False,False,ROLLING_REGIME_LEVEL_RESIDUAL,superset_base_regime_original_mean,23.476509,False
2026-03-10,2026-03-09,L5,RANGE_WIDE_120_220,CLOSE_POS_MIDDLE_THIRD,ROWS_STANDARD_9_10,5136.66,PREV_CLOSE_PROXY,,NEUTRAL,5145.87,5118.04625,27.82375,False,5121.144087,24.725913,False,False,ROLLING_REGIME_LEVEL_RESIDUAL,superset_base_regime_original_mean,23.032347,False
2026-03-10,2026-03-09,L6,RANGE_WIDE_120_220,CLOSE_POS_MIDDLE_THIRD,ROWS_STANDARD_9_10,5136.66,PREV_CLOSE_PROXY,,NEUTRAL,5116.85,5128.01546,11.16546,False,5126.56296,9.71296,False,False,ROLLING_REGIME_LEVEL_RESIDUAL,superset_base_regime_superset_mean,32.76621,False
2026-03-10,2026-03-09,L7,RANGE_WIDE_120_220,CLOSE_POS_MIDDLE_THIRD,ROWS_STANDARD_9_10,5136.66,PREV_CLOSE_PROXY,,NEUTRAL,5088.85,5091.425,2.575,True,5092.995,4.145,False,True,ROLLING_REGIME_LEVEL_RESIDUAL,superset_base_regime_superset_recent12_median,17.151299,False
2026-03-11,2026-03-10,L4,RANGE_WIDE_120_220,CLOSE_POS_MIDDLE_THIRD,ROWS_STANDARD_9_10,5192.64,PREV_CLOSE_PROXY,,NEUTRAL,5249.95,5268.59,18.64,False,5285.139464,35.189464,False,False,ROLLING_REGIME_LEVEL_RESIDUAL,superset_base_regime_original_mean,26.179033,True
2026-03-11,2026-03-10,L5,RANGE_WIDE_120_220,CLOSE_POS_MIDDLE_THIRD,ROWS_STANDARD_9_10,5192.64,PREV_CLOSE_PROXY,,NEUTRAL,5222.07,5238.59,16.52,False,5245.22011,23.15011,False,False,ROLLING_REGIME_LEVEL_RESIDUAL,original_base_regime_superset_mean,21.887131,True
2026-03-11,2026-03-10,L6,RANGE_WIDE_120_220,CLOSE_POS_MIDDLE_THIRD,ROWS_STANDARD_9_10,5192.64,PREV_CLOSE_PROXY,,NEUTRAL,5189.44,5182.916667,6.523333,False,5180.076601,9.363399,False,False,ROLLING_REGIME_LEVEL_RESIDUAL,superset_base_regime_superset_mean,28.277083,True
2026-03-11,2026-03-10,L7,RANGE_WIDE_120_220,CLOSE_POS_MIDDLE_THIRD,ROWS_STANDARD_9_10,5192.64,PREV_CLOSE_PROXY,,NEUTRAL,5163.6,5163.055,0.545,True,5160.48,3.12,False,True,ROLLING_REGIME_LEVEL_RESIDUAL,superset_base_regime_superset_recent12_median,24.86026,True
2026-03-12,2026-03-11,L4,RANGE_NORMAL_60_120,CLOSE_POS_MIDDLE_THIRD,ROWS_STANDARD_9_10,5175.96,PREV_CLOSE_PROXY,,NEUTRAL,5238.21,5227.055,11.155,False,5228.978121,9.231879,False,False,ROLLING_RANGE_LEVEL_RESIDUAL,superset_base_range_original_mean,42.321812,True
2026-03-12,2026-03-11,L5,RANGE_NORMAL_60_120,CLOSE_POS_MIDDLE_THIRD,ROWS_STANDARD_9_10,5175.96,PREV_CLOSE_PROXY,,NEUTRAL,5214.48,5199.0525,15.4275,False,5200.76755,13.71245,False,False,ROLLING_LEVEL_RESIDUAL,superset_base_level_superset_mean,42.639045,True
2026-03-12,2026-03-11,L6,RANGE_NORMAL_60_120,CLOSE_POS_MIDDLE_THIRD,ROWS_STANDARD_9_10,5175.96,PREV_CLOSE_PROXY,,NEUTRAL,5185.72,5186.05,0.33,True,5187.6175,1.8975,True,True,ROLLING_RANGE_LEVEL_RESIDUAL,superset_base_range_original_median,35.278465,True
2026-03-12,2026-03-11,L7,RANGE_NORMAL_60_120,CLOSE_POS_MIDDLE_THIRD,ROWS_STANDARD_9_10,5175.96,PREV_CLOSE_PROXY,,NEUTRAL,5157.46,5160.045,2.585,True,5159.58875,2.12875,True,True,ROLLING_ROW_LEVEL_RESIDUAL,superset_base_rows_original_median,35.97672,True
2026-03-13,2026-03-12,L4,RANGE_WIDE_120_220,CLOSE_POS_LOWER_THIRD,ROWS_STANDARD_9_10,5079.04,PREV_CLOSE_PROXY,,NEUTRAL,5106.89,5117.56625,10.67625,False,5117.34625,10.45625,False,False,ROLLING_RANGE_CLOSE_LEVEL_RESIDUAL,original_base_range_close_superset_recent5_median,28.499257,True
2026-03-13,2026-03-12,L5,RANGE_WIDE_120_220,CLOSE_POS_LOWER_THIRD,ROWS_STANDARD_9_10,5079.04,PREV_CLOSE_PROXY,,NEUTRAL,5079.86,5079.04,0.82,True,5075.93,3.93,False,True,ROLLING_REGIME_LEVEL_RESIDUAL,superset_base_regime_superset_recent8_median,35.229626,True
2026-03-13,2026-03-12,L6,RANGE_WIDE_120_220,CLOSE_POS_LOWER_THIRD,ROWS_STANDARD_9_10,5079.04,PREV_CLOSE_PROXY,,NEUTRAL,5053.98,5055.08,1.1,True,5055.34,1.36,True,True,ROLLING_REGIME_LEVEL_RESIDUAL,superset_base_regime_superset_recent8_median,33.713463,True
2026-03-13,2026-03-12,L7,RANGE_WIDE_120_220,CLOSE_POS_LOWER_THIRD,ROWS_STANDARD_9_10,5079.04,PREV_CLOSE_PROXY,,NEUTRAL,5023.5,5025.08,1.58,True,5018.961187,4.538813,False,True,ROLLING_LEVEL_RESIDUAL,superset_base_level_original_mean,33.84176,True
2026-03-16,2026-03-13,L4,RANGE_NORMAL_60_120,CLOSE_POS_LOWER_THIRD,ROWS_STANDARD_9_10,5018.66,PREV_CLOSE_PROXY,,NEUTRAL,5080.85,5071.746667,9.103334,False,5083.415,2.565,True,True,ROLLING_REGIME_LEVEL_RESIDUAL,superset_base_regime_original_mean,36.164915,True
2026-03-16,2026-03-13,L5,RANGE_NORMAL_60_120,CLOSE_POS_LOWER_THIRD,ROWS_STANDARD_9_10,5018.66,PREV_CLOSE_PROXY,,NEUTRAL,5057.31,5052.273333,5.036667,False,5052.139613,5.170387,False,False,ROLLING_LEVEL_RESIDUAL,superset_base_level_superset_median,32.990323,True
2026-03-16,2026-03-13,L6,RANGE_NORMAL_60_120,CLOSE_POS_LOWER_THIRD,ROWS_STANDARD_9_10,5018.66,PREV_CLOSE_PROXY,,NEUTRAL,5028.51,5028.37,0.14,True,5025.874487,2.635513,True,True,ROLLING_SOURCE_LEVEL_RESIDUAL,superset_base_source_original_mean,36.837835,True
2026-03-16,2026-03-13,L7,RANGE_NORMAL_60_120,CLOSE_POS_LOWER_THIRD,ROWS_STANDARD_9_10,5018.66,PREV_CLOSE_PROXY,,NEUTRAL,4999.43,5009.8,10.37,False,5004.325157,4.895157,False,True,ROLLING_ROW_LEVEL_RESIDUAL,superset_base_rows_original_mean,33.173152,True
2026-03-17,2026-03-16,L4,RANGE_NORMAL_60_120,CLOSE_POS_MIDDLE_THIRD,ROWS_SPARSE_1_8,5006.25,PREV_CLOSE_PROXY,,NEUTRAL,5032.61,5014.480023,18.129977,False,5011.269317,21.340683,False,False,ROLLING_RANGE_LEVEL_RESIDUAL,superset_base_range_expanded_q25,46.244555,True
2026-03-17,2026-03-16,L5,RANGE_NORMAL_60_120,CLOSE_POS_MIDDLE_THIRD,ROWS_SPARSE_1_8,5006.25,PREV_CLOSE_PROXY,,NEUTRAL,5002.1,5006.25,4.15,True,5007.075,4.975,False,True,ROLLING_LEVEL_RESIDUAL,superset_base_level_original_median,45.489476,True
2026-03-17,2026-03-16,L6,RANGE_NORMAL_60_120,CLOSE_POS_MIDDLE_THIRD,ROWS_SPARSE_1_8,5006.25,PREV_CLOSE_PROXY,,NEUTRAL,4972.65,4976.2925,3.6425,True,4975.915394,3.265394,False,True,ROLLING_RANGE_CLOSE_LEVEL_RESIDUAL,original_base_range_close_expanded_mean,45.966289,True
2026-03-17,2026-03-16,L7,RANGE_NORMAL_60_120,CLOSE_POS_MIDDLE_THIRD,ROWS_SPARSE_1_8,5006.25,PREV_CLOSE_PROXY,,NEUTRAL,4948.52,4950.0425,1.5225,True,4950.179375,1.659375,True,True,ROLLING_RANGE_LEVEL_RESIDUAL,superset_base_range_original_median,38.5564,True
2026-03-18,2026-03-17,L4,RANGE_NORMAL_60_120,CLOSE_POS_MIDDLE_THIRD,ROWS_EXTENDED_11_PLUS,5005.5,PREV_CLOSE_PROXY,,NEUTRAL,5033.04,5046.84,13.8,False,5050.100183,17.060183,False,False,ROLLING_RANGE_CLOSE_LEVEL_RESIDUAL,original_base_range_close_superset_mean,40.713935,True
2026-03-18,2026-03-17,L5,RANGE_NORMAL_60_120,CLOSE_POS_MIDDLE_THIRD,ROWS_EXTENDED_11_PLUS,5005.5,PREV_CLOSE_PROXY,,NEUTRAL,5007.6,5009.41,1.81,True,5010.98099,3.38099,False,True,ROLLING_RANGE_CLOSE_LEVEL_RESIDUAL,superset_base_range_close_superset_mean,43.915474,True
2026-03-18,2026-03-17,L6,RANGE_NORMAL_60_120,CLOSE_POS_MIDDLE_THIRD,ROWS_EXTENDED_11_PLUS,5005.5,PREV_CLOSE_PROXY,,NEUTRAL,4976.45,4983.44,6.99,False,4983.596285,7.146285,False,False,ROLLING_RANGE_CLOSE_LEVEL_RESIDUAL,original_base_range_close_expanded_mean,44.855815,True
2026-03-18,2026-03-17,L7,RANGE_NORMAL_60_120,CLOSE_POS_MIDDLE_THIRD,ROWS_EXTENDED_11_PLUS,5005.5,PREV_CLOSE_PROXY,,NEUTRAL,4948.65,4955.76,7.11,False,4949.686409,1.036409,True,True,ROLLING_LEVEL_RESIDUAL,superset_base_level_original_mean,40.843085,True
2026-03-19,2026-03-18,L4,RANGE_WIDE_120_220,CLOSE_POS_LOWER_THIRD,ROWS_EXTENDED_11_PLUS,4818.64,PREV_CLOSE_PROXY,,NEUTRAL,4854.69,5016.38,161.69,False,5011.0875,156.3975,False,False,ROLLING_RANGE_CLOSE_LEVEL_RESIDUAL,superset_base_range_close_superset_recent8_median,27.164634,True
2026-03-19,2026-03-18,L5,RANGE_WIDE_120_220,CLOSE_POS_LOWER_THIRD,ROWS_EXTENDED_11_PLUS,4818.64,PREV_CLOSE_PROXY,,NEUTRAL,4835.57,4964.0425,128.4725,False,4964.454166,128.884166,False,False,ROLLING_LEVEL_RESIDUAL,superset_base_level_original_median,36.582978,True
2026-03-19,2026-03-18,L6,RANGE_WIDE_120_220,CLOSE_POS_LOWER_THIRD,ROWS_EXTENDED_11_PLUS,4818.64,PREV_CLOSE_PROXY,,NEUTRAL,4814.49,4911.705,97.215,False,4909.118198,94.628198,False,False,ROLLING_LEVEL_RESIDUAL,superset_base_level_superset_mean,35.773126,True
2026-03-19,2026-03-18,L7,RANGE_WIDE_120_220,CLOSE_POS_LOWER_THIRD,ROWS_EXTENDED_11_PLUS,4818.64,PREV_CLOSE_PROXY,,NEUTRAL,4794.4,4866.8675,72.4675,False,4860.7844,66.3844,False,False,ROLLING_LEVEL_RESIDUAL,superset_base_level_original_mean,38.336359,True
2026-03-20,2026-03-19,L4,RANGE_EXTREME_220_PLUS,CLOSE_POS_MIDDLE_THIRD,ROWS_STANDARD_9_10,4650.38,PREV_CLOSE_PROXY,,NEUTRAL,4687.79,4798.64,110.85,False,4798.64,110.85,False,False,ROLLING_BASE_SUPERSET,ORIGINAL_ORACLE_PRESERVED,-9.282562,True
2026-03-20,2026-03-19,L5,RANGE_EXTREME_220_PLUS,CLOSE_POS_MIDDLE_THIRD,ROWS_STANDARD_9_10,4650.38,PREV_CLOSE_PROXY,,NEUTRAL,4666.39,4768.64,102.25,False,4768.64,102.25,False,False,ROLLING_BASE_SUPERSET,ORIGINAL_ORACLE_PRESERVED,-7.255199,True
2026-03-20,2026-03-19,L6,RANGE_EXTREME_220_PLUS,CLOSE_POS_MIDDLE_THIRD,ROWS_STANDARD_9_10,4650.38,PREV_CLOSE_PROXY,,NEUTRAL,4642.43,4719.36,76.93,False,4719.36,76.93,False,False,ROLLING_BASE_SUPERSET,ORIGINAL_ORACLE_PRESERVED,-10.864206,True
2026-03-20,2026-03-19,L7,RANGE_EXTREME_220_PLUS,CLOSE_POS_MIDDLE_THIRD,ROWS_STANDARD_9_10,4650.38,PREV_CLOSE_PROXY,,NEUTRAL,4621.43,4685.08,63.65,False,4649.53625,28.10625,False,False,ROLLING_RANGE_LEVEL_RESIDUAL,superset_base_range_original_recent20_median,-6.612868,True
2026-03-23,2026-03-20,L4,RANGE_EXTREME_220_PLUS,CLOSE_POS_LOWER_THIRD,ROWS_STANDARD_9_10,4498.06,PREV_CLOSE_PROXY,,NEUTRAL,4524.06,4519.47,4.59,True,4528.083407,4.023407,False,True,ROLLING_RANGE_CLOSE_LEVEL_RESIDUAL,superset_base_range_close_superset_recent8_median,-3.634841,True
2026-03-23,2026-03-20,L5,RANGE_EXTREME_220_PLUS,CLOSE_POS_LOWER_THIRD,ROWS_STANDARD_9_10,4498.06,PREV_CLOSE_PROXY,,NEUTRAL,4495.38,4498.06,2.68,True,4482.33425,13.04575,False,False,ROLLING_RANGE_CLOSE_LEVEL_RESIDUAL,superset_base_range_close_superset_mean,8.860444,True
2026-03-23,2026-03-20,L6,RANGE_EXTREME_220_PLUS,CLOSE_POS_LOWER_THIRD,ROWS_STANDARD_9_10,4498.06,PREV_CLOSE_PROXY,,NEUTRAL,4465.6,4483.415,17.815,False,4478.6675,13.0675,False,False,ROLLING_RANGE_CLOSE_LEVEL_RESIDUAL,superset_base_range_close_superset_recent8_median,8.445876,True
2026-03-23,2026-03-20,L7,RANGE_EXTREME_220_PLUS,CLOSE_POS_LOWER_THIRD,ROWS_STANDARD_9_10,4498.06,PREV_CLOSE_PROXY,,NEUTRAL,4441.71,4477.36,35.65,False,4427.90875,13.80125,False,False,ROLLING_RANGE_CLOSE_LEVEL_RESIDUAL,superset_base_range_close_superset_recent8_median,8.501641,True
2026-03-24,2026-03-23,L4,RANGE_EXTREME_220_PLUS,CLOSE_POS_UPPER_THIRD,ROWS_STANDARD_9_10,4406.68,PREV_CLOSE_PROXY,,NEUTRAL,4445.82,4508.01375,62.19375,False,4512.059001,66.239001,False,False,ROLLING_LEVEL_RESIDUAL,superset_base_level_superset_mean,15.112282,True
2026-03-24,2026-03-23,L5,RANGE_EXTREME_220_PLUS,CLOSE_POS_UPPER_THIRD,ROWS_STANDARD_9_10,4406.68,PREV_CLOSE_PROXY,,NEUTRAL,4395.52,4449.5775,54.0575,False,4449.316667,53.796667,False,False,ROLLING_LEVEL_RESIDUAL,superset_base_level_original_median,22.00906,True
2026-03-24,2026-03-23,L6,RANGE_EXTREME_220_PLUS,CLOSE_POS_UPPER_THIRD,ROWS_STANDARD_9_10,4406.68,PREV_CLOSE_PROXY,,NEUTRAL,4349.74,4369.32882,19.58882,False,4369.36567,19.62567,False,False,ROLLING_LEVEL_RESIDUAL,superset_base_level_original_median,17.651699,True
2026-03-24,2026-03-23,L7,RANGE_EXTREME_220_PLUS,CLOSE_POS_UPPER_THIRD,ROWS_STANDARD_9_10,4406.68,PREV_CLOSE_PROXY,,NEUTRAL,4305.61,4302.705,2.905,True,4261.86875,43.74125,False,False,ROLLING_RANGE_LEVEL_RESIDUAL,superset_base_range_original_recent20_median,14.996976,True
2026-03-25,2026-03-24,L4,RANGE_WIDE_120_220,CLOSE_POS_UPPER_THIRD,ROWS_STANDARD_9_10,4474.36,PREV_CLOSE_PROXY,,NEUTRAL,4530.5,4540.08625,9.58625,False,4553.958813,23.458813,False,False,ROLLING_RANGE_CLOSE_LEVEL_RESIDUAL,original_base_range_close_superset_mean,20.218713,False
2026-03-25,2026-03-24,L5,RANGE_WIDE_120_220,CLOSE_POS_UPPER_THIRD,ROWS_STANDARD_9_10,4474.36,PREV_CLOSE_PROXY,,NEUTRAL,4480.55,4462.0975,18.4525,False,4469.096312,11.453688,False,False,ROLLING_RANGE_CLOSE_LEVEL_RESIDUAL,superset_base_range_close_superset_mean,23.271517,False
2026-03-25,2026-03-24,L6,RANGE_WIDE_120_220,CLOSE_POS_UPPER_THIRD,ROWS_STANDARD_9_10,4474.36,PREV_CLOSE_PROXY,,NEUTRAL,4437.46,4421.523333,15.936667,False,4417.022205,20.437795,False,False,ROLLING_SOURCE_LEVEL_RESIDUAL,superset_base_source_original_mean,27.686724,False
2026-03-25,2026-03-24,L7,RANGE_WIDE_120_220,CLOSE_POS_UPPER_THIRD,ROWS_STANDARD_9_10,4474.36,PREV_CLOSE_PROXY,,NEUTRAL,4388.14,4439.5975,51.4575,False,4438.4875,50.3475,False,False,ROLLING_ROW_LEVEL_RESIDUAL,superset_base_rows_original_median,19.646907,False
2026-03-26,2026-03-25,L4,RANGE_WIDE_120_220,CLOSE_POS_MIDDLE_THIRD,ROWS_STANDARD_9_10,4506.28,PREV_CLOSE_PROXY,,NEUTRAL,4563.01,4565.9,2.89,True,4578.050781,15.040781,False,False,ROLLING_REGIME_LEVEL_RESIDUAL,superset_base_regime_original_mean,23.144555,True
2026-03-26,2026-03-25,L5,RANGE_WIDE_120_220,CLOSE_POS_MIDDLE_THIRD,ROWS_STANDARD_9_10,4506.28,PREV_CLOSE_PROXY,,NEUTRAL,4529.99,4536.35,6.36,False,4537.50625,7.51625,False,False,ROLLING_REGIME_LEVEL_RESIDUAL,superset_base_regime_superset_recent8_median,24.730319,True
2026-03-26,2026-03-25,L6,RANGE_WIDE_120_220,CLOSE_POS_MIDDLE_THIRD,ROWS_STANDARD_9_10,4506.28,PREV_CLOSE_PROXY,,NEUTRAL,4492.23,4478.15,14.08,False,4476.480359,15.749641,False,False,ROLLING_REGIME_LEVEL_RESIDUAL,superset_base_regime_superset_mean,29.723648,True
2026-03-26,2026-03-25,L7,RANGE_WIDE_120_220,CLOSE_POS_MIDDLE_THIRD,ROWS_STANDARD_9_10,4506.28,PREV_CLOSE_PROXY,,NEUTRAL,4457.85,4456.1,1.75,True,4455.085,2.765,True,True,ROLLING_REGIME_LEVEL_RESIDUAL,superset_base_regime_superset_recent8_median,33.910731,True
2026-03-27,2026-03-26,L4,RANGE_WIDE_120_220,CLOSE_POS_LOWER_THIRD,ROWS_STANDARD_9_10,4378.0,PREV_CLOSE_PROXY,,NEUTRAL,4456.11,4470.40456,14.29456,False,4472.783727,16.673727,False,False,ROLLING_REGIME_LEVEL_RESIDUAL,superset_base_regime_original_mean,35.875818,True
2026-03-27,2026-03-26,L5,RANGE_WIDE_120_220,CLOSE_POS_LOWER_THIRD,ROWS_STANDARD_9_10,4378.0,PREV_CLOSE_PROXY,,NEUTRAL,4424.34,4432.64,8.3,False,4431.495,7.155,False,False,ROLLING_REGIME_LEVEL_RESIDUAL,superset_base_regime_superset_recent8_median,39.895364,True
2026-03-27,2026-03-26,L6,RANGE_WIDE_120_220,CLOSE_POS_LOWER_THIRD,ROWS_STANDARD_9_10,4378.0,PREV_CLOSE_PROXY,,NEUTRAL,4393.5,4376.91,16.59,False,4376.49,17.01,False,False,ROLLING_REGIME_LEVEL_RESIDUAL,superset_base_regime_superset_recent8_median,35.64286,True
2026-03-27,2026-03-26,L7,RANGE_WIDE_120_220,CLOSE_POS_LOWER_THIRD,ROWS_STANDARD_9_10,4378.0,PREV_CLOSE_PROXY,,NEUTRAL,4362.5,4321.18,41.32,False,4317.125,45.375,False,False,ROLLING_REGIME_LEVEL_RESIDUAL,superset_base_regime_superset_recent8_median,42.618647,True
2026-03-30,2026-03-27,L4,RANGE_WIDE_120_220,CLOSE_POS_MIDDLE_THIRD,ROWS_STANDARD_9_10,4495.46,PREV_CLOSE_PROXY,,NEUTRAL,4543.04,4534.828125,8.211875,False,4532.93875,10.10125,False,False,ROLLING_BASE_ORIGINAL,MODE_B_EMA_CHANNEL_DIRECTION_HEAVY,29.812731,True
2026-03-30,2026-03-27,L5,RANGE_WIDE_120_220,CLOSE_POS_MIDDLE_THIRD,ROWS_STANDARD_9_10,4495.46,PREV_CLOSE_PROXY,,NEUTRAL,4513.02,4502.9675,10.0525,False,4502.428125,10.591875,False,False,ROLLING_LEVEL_RESIDUAL,superset_base_level_original_median,24.588653,True
2026-03-30,2026-03-27,L6,RANGE_WIDE_120_220,CLOSE_POS_MIDDLE_THIRD,ROWS_STANDARD_9_10,4495.46,PREV_CLOSE_PROXY,,NEUTRAL,4484.03,4475.503333,8.526667,False,4475.583652,8.446348,False,False,ROLLING_REGIME_LEVEL_RESIDUAL,superset_base_regime_superset_mean,23.804097,True
2026-03-30,2026-03-27,L7,RANGE_WIDE_120_220,CLOSE_POS_MIDDLE_THIRD,ROWS_STANDARD_9_10,4495.46,PREV_CLOSE_PROXY,,NEUTRAL,4451.72,4450.525,1.195,True,4451.07,0.65,True,True,ROLLING_REGIME_LEVEL_RESIDUAL,superset_base_regime_superset_recent12_median,28.040758,True
2026-03-31,2026-03-30,L4,RANGE_WIDE_120_220,CLOSE_POS_MIDDLE_THIRD,ROWS_SPARSE_1_8,4511.02,PREV_CLOSE_PROXY,,NEUTRAL,4538.28,4540.3925,2.1125,True,4543.95375,5.67375,False,False,ROLLING_SOURCE_LEVEL_RESIDUAL,superset_base_source_superset_median,26.492928,True
2026-03-31,2026-03-30,L5,RANGE_WIDE_120_220,CLOSE_POS_MIDDLE_THIRD,ROWS_SPARSE_1_8,4511.02,PREV_CLOSE_PROXY,,NEUTRAL,4510.04,4509.01375,1.02625,True,4508.48875,1.55125,True,True,ROLLING_LEVEL_RESIDUAL,superset_base_level_original_median,25.950247,True
2026-03-31,2026-03-30,L6,RANGE_WIDE_120_220,CLOSE_POS_MIDDLE_THIRD,ROWS_SPARSE_1_8,4511.02,PREV_CLOSE_PROXY,,NEUTRAL,4480.75,4481.13346,0.38346,True,4482.058414,1.308414,True,True,ROLLING_RANGE_CLOSE_LEVEL_RESIDUAL,superset_base_range_close_superset_mean,28.555151,True
2026-03-31,2026-03-30,L7,RANGE_WIDE_120_220,CLOSE_POS_MIDDLE_THIRD,ROWS_SPARSE_1_8,4511.02,PREV_CLOSE_PROXY,,NEUTRAL,4448.16,4443.49875,4.66125,True,4444.36875,3.79125,False,True,ROLLING_RANGE_CLOSE_LEVEL_RESIDUAL,superset_base_range_close_superset_recent8_median,31.657105,True
2026-04-01,2026-03-31,L4,RANGE_WIDE_120_220,CLOSE_POS_UPPER_THIRD,ROWS_STANDARD_9_10,4667.12,PREV_CLOSE_PROXY,,NEUTRAL,4705.0,4746.6725,41.6725,False,4769.933125,64.933125,False,False,ROLLING_REGIME_LEVEL_RESIDUAL,superset_base_regime_original_mean,30.416732,True
2026-04-01,2026-03-31,L5,RANGE_WIDE_120_220,CLOSE_POS_UPPER_THIRD,ROWS_STANDARD_9_10,4667.12,PREV_CLOSE_PROXY,,NEUTRAL,4683.82,4687.32,3.5,True,4705.7725,21.9525,False,False,ROLLING_REGIME_LEVEL_RESIDUAL,superset_base_regime_superset_recent8_median,32.650102,True
2026-04-01,2026-03-31,L6,RANGE_WIDE_120_220,CLOSE_POS_UPPER_THIRD,ROWS_STANDARD_9_10,4667.12,PREV_CLOSE_PROXY,,NEUTRAL,4661.39,4667.12,5.73,False,4683.056667,21.666667,False,False,ROLLING_REGIME_LEVEL_RESIDUAL,superset_base_regime_superset_recent8_median,30.864056,True
2026-04-01,2026-03-31,L7,RANGE_WIDE_120_220,CLOSE_POS_UPPER_THIRD,ROWS_STANDARD_9_10,4667.12,PREV_CLOSE_PROXY,,NEUTRAL,4641.04,4636.115,4.925,True,4584.6575,56.3825,False,False,ROLLING_REGIME_LEVEL_RESIDUAL,superset_base_regime_superset_recent8_median,29.058351,True
2026-04-02,2026-04-01,L4,RANGE_WIDE_120_220,CLOSE_POS_UPPER_THIRD,ROWS_EXTENDED_11_PLUS,4758.18,PREV_CLOSE_PROXY,,NEUTRAL,4810.02,4822.78,12.76,False,4816.096875,6.076875,False,False,ROLLING_LEVEL_RESIDUAL,original_base_level_superset_q25,20.089553,True
2026-04-02,2026-04-01,L5,RANGE_WIDE_120_220,CLOSE_POS_UPPER_THIRD,ROWS_EXTENDED_11_PLUS,4758.18,PREV_CLOSE_PROXY,,NEUTRAL,4784.05,4782.52,1.53,True,4781.995,2.055,True,True,ROLLING_LEVEL_RESIDUAL,superset_base_level_original_median,27.73504,True
2026-04-02,2026-04-01,L6,RANGE_WIDE_120_220,CLOSE_POS_UPPER_THIRD,ROWS_EXTENDED_11_PLUS,4758.18,PREV_CLOSE_PROXY,,NEUTRAL,4749.81,4742.26,7.55,False,4743.7975,6.0125,False,False,ROLLING_REGIME_LEVEL_RESIDUAL,superset_base_regime_superset_recent8_median,26.528869,True
2026-04-02,2026-04-01,L7,RANGE_WIDE_120_220,CLOSE_POS_UPPER_THIRD,ROWS_EXTENDED_11_PLUS,4758.18,PREV_CLOSE_PROXY,,NEUTRAL,4714.19,4727.26,13.07,False,4736.72125,22.53125,False,False,ROLLING_LEVEL_RESIDUAL,superset_base_level_superset_q75,20.576185,True
2026-04-03,2026-04-02,L4,RANGE_EXTREME_220_PLUS,CLOSE_POS_MIDDLE_THIRD,ROWS_STANDARD_9_10,4676.04,PREV_CLOSE_PROXY,,NEUTRAL,4712.91,4677.3,35.61,False,4640.4875,72.4225,False,False,ROLLING_RANGE_CLOSE_LEVEL_RESIDUAL,original_base_range_close_superset_recent5_median,23.937832,False
2026-04-03,2026-04-02,L5,RANGE_EXTREME_220_PLUS,CLOSE_POS_MIDDLE_THIRD,ROWS_STANDARD_9_10,4676.04,PREV_CLOSE_PROXY,,NEUTRAL,4676.39,4662.3,14.09,False,4661.8475,14.5425,False,False,ROLLING_LEVEL_RESIDUAL,superset_base_level_superset_median,7.27114,False
2026-04-03,2026-04-02,L6,RANGE_EXTREME_220_PLUS,CLOSE_POS_MIDDLE_THIRD,ROWS_STANDARD_9_10,4676.04,PREV_CLOSE_PROXY,,NEUTRAL,4637.21,4648.2484,11.0384,False,4637.28277,0.07277,True,True,ROLLING_RANGE_LEVEL_RESIDUAL,superset_base_range_original_mean,3.558305,False
2026-04-03,2026-04-02,L7,RANGE_EXTREME_220_PLUS,CLOSE_POS_MIDDLE_THIRD,ROWS_STANDARD_9_10,4676.04,PREV_CLOSE_PROXY,,NEUTRAL,4603.66,4627.775,24.115,False,4592.125,11.535,False,False,ROLLING_RANGE_LEVEL_RESIDUAL,superset_base_range_superset_median,8.547294,False
2026-04-06,2026-04-02,L4,RANGE_EXTREME_220_PLUS,CLOSE_POS_MIDDLE_THIRD,ROWS_STANDARD_9_10,4676.04,PREV_CLOSE_PROXY,,NEUTRAL,4712.91,4718.333415,5.423415,False,4702.535082,10.374918,False,False,ROLLING_REGIME_LEVEL_RESIDUAL,superset_base_regime_original_mean,26.82918,True
2026-04-06,2026-04-02,L5,RANGE_EXTREME_220_PLUS,CLOSE_POS_MIDDLE_THIRD,ROWS_STANDARD_9_10,4676.04,PREV_CLOSE_PROXY,,NEUTRAL,4676.39,4676.04,0.35,True,4690.13,13.74,False,False,ROLLING_REGIME_LEVEL_RESIDUAL,superset_base_regime_superset_recent8_median,32.505936,True
2026-04-06,2026-04-02,L6,RANGE_EXTREME_220_PLUS,CLOSE_POS_MIDDLE_THIRD,ROWS_STANDARD_9_10,4676.04,PREV_CLOSE_PROXY,,NEUTRAL,4637.21,4636.266585,0.943415,True,4625.295357,11.914643,False,False,ROLLING_RANGE_LEVEL_RESIDUAL,superset_base_range_original_mean,7.264911,True
2026-04-06,2026-04-02,L7,RANGE_EXTREME_220_PLUS,CLOSE_POS_MIDDLE_THIRD,ROWS_STANDARD_9_10,4676.04,PREV_CLOSE_PROXY,,NEUTRAL,4603.66,4593.25,10.41,False,4562.8925,40.7675,False,False,ROLLING_RANGE_LEVEL_RESIDUAL,superset_base_range_superset_median,9.633656,True
2026-04-07,2026-04-06,L4,RANGE_NORMAL_60_120,CLOSE_POS_MIDDLE_THIRD,ROWS_STANDARD_9_10,4650.5,PREV_CLOSE_PROXY,,NEUTRAL,4686.47,4687.69,1.22,True,4690.72992,4.25992,False,True,ROLLING_ROW_LEVEL_RESIDUAL,superset_base_rows_original_mean,41.469877,True
2026-04-07,2026-04-06,L5,RANGE_NORMAL_60_120,CLOSE_POS_MIDDLE_THIRD,ROWS_STANDARD_9_10,4650.5,PREV_CLOSE_PROXY,,NEUTRAL,4647.73,4651.795,4.065,True,4651.971667,4.241667,False,True,ROLLING_LEVEL_RESIDUAL,superset_base_level_original_median,52.959295,True
2026-04-07,2026-04-06,L6,RANGE_NORMAL_60_120,CLOSE_POS_MIDDLE_THIRD,ROWS_STANDARD_9_10,4650.5,PREV_CLOSE_PROXY,,NEUTRAL,4607.29,4627.33,20.04,False,4627.025,19.735,False,False,ROLLING_SOURCE_LEVEL_RESIDUAL,superset_base_source_superset_median,43.129443,True
2026-04-07,2026-04-06,L7,RANGE_NORMAL_60_120,CLOSE_POS_MIDDLE_THIRD,ROWS_STANDARD_9_10,4650.5,PREV_CLOSE_PROXY,,NEUTRAL,4566.31,4553.935,12.375,False,4553.381875,12.928125,False,False,ROLLING_ROW_LEVEL_RESIDUAL,superset_base_rows_original_median,38.815084,True
2026-04-08,2026-04-07,L4,RANGE_NORMAL_60_120,CLOSE_POS_UPPER_THIRD,ROWS_STANDARD_9_10,4705.73,PREV_CLOSE_PROXY,,NEUTRAL,4713.5,4713.38,0.12,True,4718.837469,5.337469,False,False,ROLLING_REGIME_LEVEL_RESIDUAL,superset_base_regime_superset_mean,43.002182,True
2026-04-08,2026-04-07,L5,RANGE_NORMAL_60_120,CLOSE_POS_UPPER_THIRD,ROWS_STANDARD_9_10,4705.73,PREV_CLOSE_PROXY,,NEUTRAL,4677.93,4676.46086,1.46914,True,4676.08086,1.84914,True,True,ROLLING_LEVEL_RESIDUAL,superset_base_level_superset_median,46.378746,True
2026-04-08,2026-04-07,L6,RANGE_NORMAL_60_120,CLOSE_POS_UPPER_THIRD,ROWS_STANDARD_9_10,4705.73,PREV_CLOSE_PROXY,,NEUTRAL,4637.57,4650.04672,12.47672,False,4651.667118,14.097118,False,False,ROLLING_REGIME_LEVEL_RESIDUAL,superset_base_regime_superset_recent20_median,41.51794,True
2026-04-08,2026-04-07,L7,RANGE_NORMAL_60_120,CLOSE_POS_UPPER_THIRD,ROWS_STANDARD_9_10,4705.73,PREV_CLOSE_PROXY,,NEUTRAL,4597.43,4621.53,24.1,False,4622.32125,24.89125,False,False,ROLLING_REGIME_LEVEL_RESIDUAL,superset_base_regime_original_median,43.409861,True
2026-04-09,2026-04-08,L4,RANGE_WIDE_120_220,CLOSE_POS_LOWER_THIRD,ROWS_STANDARD_9_10,4719.26,PREV_CLOSE_PROXY,,NEUTRAL,4767.19,4770.27625,3.08625,True,4768.486985,1.296985,True,True,ROLLING_REGIME_LEVEL_RESIDUAL,superset_base_regime_original_mean,33.353679,True
2026-04-09,2026-04-08,L5,RANGE_WIDE_120_220,CLOSE_POS_LOWER_THIRD,ROWS_STANDARD_9_10,4719.26,PREV_CLOSE_PROXY,,NEUTRAL,4733.49,4739.3675,5.8775,False,4739.106667,5.616667,False,False,ROLLING_LEVEL_RESIDUAL,superset_base_level_original_median,33.617627,True
2026-04-09,2026-04-08,L6,RANGE_WIDE_120_220,CLOSE_POS_LOWER_THIRD,ROWS_STANDARD_9_10,4719.26,PREV_CLOSE_PROXY,,NEUTRAL,4693.82,4700.05,6.23,False,4700.08685,6.26685,False,False,ROLLING_LEVEL_RESIDUAL,superset_base_level_original_median,29.358325,True
2026-04-09,2026-04-08,L7,RANGE_WIDE_120_220,CLOSE_POS_LOWER_THIRD,ROWS_STANDARD_9_10,4719.26,PREV_CLOSE_PROXY,,NEUTRAL,4651.82,4670.05,18.23,False,4668.47,16.65,False,False,ROLLING_REGIME_LEVEL_RESIDUAL,superset_base_regime_superset_recent8_median,24.950969,True
2026-04-10,2026-04-09,L4,RANGE_NORMAL_60_120,CLOSE_POS_MIDDLE_THIRD,ROWS_STANDARD_9_10,4765.5,PREV_CLOSE_PROXY,,NEUTRAL,4787.01,4782.96,4.05,True,4783.203417,3.806583,False,True,ROLLING_REGIME_LEVEL_RESIDUAL,superset_base_regime_original_mean,48.548892,True
2026-04-10,2026-04-09,L5,RANGE_NORMAL_60_120,CLOSE_POS_MIDDLE_THIRD,ROWS_STANDARD_9_10,4765.5,PREV_CLOSE_PROXY,,NEUTRAL,4746.82,4748.175,1.355,True,4747.341661,0.521661,True,True,ROLLING_ROW_LEVEL_RESIDUAL,superset_base_rows_original_mean,49.396662,True
2026-04-10,2026-04-09,L6,RANGE_NORMAL_60_120,CLOSE_POS_MIDDLE_THIRD,ROWS_STANDARD_9_10,4765.5,PREV_CLOSE_PROXY,,NEUTRAL,4706.64,4724.08,17.44,False,4719.000316,12.360316,False,False,ROLLING_SOURCE_LEVEL_RESIDUAL,superset_base_source_expanded_median,42.217075,True
2026-04-10,2026-04-09,L7,RANGE_NORMAL_60_120,CLOSE_POS_MIDDLE_THIRD,ROWS_STANDARD_9_10,4765.5,PREV_CLOSE_PROXY,,NEUTRAL,4671.56,4651.795,19.765,False,4652.802214,18.757786,False,False,ROLLING_RANGE_CLOSE_LEVEL_RESIDUAL,original_base_range_close_superset_mean,38.00695,True
2026-04-13,2026-04-10,L4,RANGE_NORMAL_60_120,CLOSE_POS_LOWER_THIRD,ROWS_STANDARD_9_10,4749.18,PREV_CLOSE_PROXY,,NEUTRAL,4777.03,4768.91375,8.11625,False,4771.789724,5.240276,False,False,ROLLING_ROW_LEVEL_RESIDUAL,superset_base_rows_original_mean,35.765786,True
2026-04-13,2026-04-10,L5,RANGE_NORMAL_60_120,CLOSE_POS_LOWER_THIRD,ROWS_STANDARD_9_10,4749.18,PREV_CLOSE_PROXY,,NEUTRAL,4737.6,4736.2625,1.3375,True,4735.723125,1.876875,True,True,ROLLING_LEVEL_RESIDUAL,superset_base_level_original_median,43.090427,True
2026-04-13,2026-04-10,L6,RANGE_NORMAL_60_120,CLOSE_POS_LOWER_THIRD,ROWS_STANDARD_9_10,4749.18,PREV_CLOSE_PROXY,,NEUTRAL,4695.33,4712.7275,17.3975,False,4709.253343,13.923343,False,False,ROLLING_LEVEL_RESIDUAL,superset_base_level_original_mean,39.153669,True
2026-04-13,2026-04-10,L7,RANGE_NORMAL_60_120,CLOSE_POS_LOWER_THIRD,ROWS_STANDARD_9_10,4749.18,PREV_CLOSE_PROXY,,NEUTRAL,4653.69,4677.425,23.735,False,4668.88,15.19,False,False,ROLLING_REGIME_LEVEL_RESIDUAL,superset_base_regime_superset_recent8_median,30.79996,True
2026-04-14,2026-04-13,L4,RANGE_NORMAL_60_120,CLOSE_POS_UPPER_THIRD,ROWS_STANDARD_9_10,4740.3,PREV_CLOSE_PROXY,,NEUTRAL,4768.21,4748.13375,20.07625,False,4752.792976,15.417024,False,False,ROLLING_REGIME_LEVEL_RESIDUAL,superset_base_regime_original_mean,47.071837,True
2026-04-14,2026-04-13,L5,RANGE_NORMAL_60_120,CLOSE_POS_UPPER_THIRD,ROWS_STANDARD_9_10,4740.3,PREV_CLOSE_PROXY,,NEUTRAL,4728.16,4733.13375,4.97375,True,4732.75375,4.59375,False,True,ROLLING_LEVEL_RESIDUAL,superset_base_level_superset_median,49.956951,True
2026-04-14,2026-04-13,L6,RANGE_NORMAL_60_120,CLOSE_POS_UPPER_THIRD,ROWS_STANDARD_9_10,4740.3,PREV_CLOSE_PROXY,,NEUTRAL,4688.7,4684.56166,4.13834,True,4680.37007,8.32993,False,False,ROLLING_SOURCE_LEVEL_RESIDUAL,superset_base_source_original_mean,44.429278,True
2026-04-14,2026-04-13,L7,RANGE_NORMAL_60_120,CLOSE_POS_UPPER_THIRD,ROWS_STANDARD_9_10,4740.3,PREV_CLOSE_PROXY,,NEUTRAL,4648.94,4657.28625,8.34625,False,4657.63875,8.69875,False,False,ROLLING_REGIME_LEVEL_RESIDUAL,superset_base_regime_original_median,43.205764,True
2026-04-15,2026-04-14,L4,RANGE_NORMAL_60_120,CLOSE_POS_UPPER_THIRD,ROWS_STANDARD_9_10,4841.68,PREV_CLOSE_PROXY,,NEUTRAL,4871.18,4859.8475,11.3325,False,4865.2075,5.9725,False,False,ROLLING_REGIME_LEVEL_RESIDUAL,superset_base_regime_original_mean,44.511841,True
2026-04-15,2026-04-14,L5,RANGE_NORMAL_60_120,CLOSE_POS_UPPER_THIRD,ROWS_STANDARD_9_10,4841.68,PREV_CLOSE_PROXY,,NEUTRAL,4833.44,4828.375,5.065,False,4823.800312,9.639688,False,False,ROLLING_RANGE_CLOSE_LEVEL_RESIDUAL,superset_base_range_close_original_q25,51.263213,True
2026-04-15,2026-04-14,L6,RANGE_NORMAL_60_120,CLOSE_POS_UPPER_THIRD,ROWS_STANDARD_9_10,4841.68,PREV_CLOSE_PROXY,,NEUTRAL,4795.98,4794.69375,1.28625,True,4796.314148,0.334148,True,True,ROLLING_REGIME_LEVEL_RESIDUAL,superset_base_regime_superset_median,46.105202,True
2026-04-15,2026-04-14,L7,RANGE_NORMAL_60_120,CLOSE_POS_UPPER_THIRD,ROWS_STANDARD_9_10,4841.68,PREV_CLOSE_PROXY,,NEUTRAL,4759.66,4757.2625,2.3975,True,4757.354375,2.305625,True,True,ROLLING_REGIME_LEVEL_RESIDUAL,superset_base_regime_original_median,46.491975,True
2026-04-16,2026-04-15,L4,RANGE_NORMAL_60_120,CLOSE_POS_LOWER_THIRD,ROWS_STANDARD_9_10,4790.68,PREV_CLOSE_PROXY,,NEUTRAL,4866.37,4841.20636,25.16364,False,4847.75661,18.61339,False,False,ROLLING_REGIME_LEVEL_RESIDUAL,superset_base_regime_original_mean,38.785823,True
2026-04-16,2026-04-15,L5,RANGE_NORMAL_60_120,CLOSE_POS_LOWER_THIRD,ROWS_STANDARD_9_10,4790.68,PREV_CLOSE_PROXY,,NEUTRAL,4833.82,4816.54864,17.27136,False,4816.02364,17.79636,False,False,ROLLING_LEVEL_RESIDUAL,superset_base_level_original_median,42.21792,True
2026-04-16,2026-04-15,L6,RANGE_NORMAL_60_120,CLOSE_POS_LOWER_THIRD,ROWS_STANDARD_9_10,4790.68,PREV_CLOSE_PROXY,,NEUTRAL,4796.88,4799.62,2.74,True,4796.134186,0.745814,True,True,ROLLING_LEVEL_RESIDUAL,superset_base_level_original_mean,36.190666,True
2026-04-16,2026-04-15,L7,RANGE_NORMAL_60_120,CLOSE_POS_LOWER_THIRD,ROWS_STANDARD_9_10,4790.68,PREV_CLOSE_PROXY,,NEUTRAL,4763.58,4770.115,6.535,False,4759.745,3.835,False,True,ROLLING_REGIME_LEVEL_RESIDUAL,superset_base_regime_original_recent20_median,31.75071,True
2026-04-17,2026-04-16,L4,RANGE_NORMAL_60_120,CLOSE_POS_LOWER_THIRD,ROWS_STANDARD_9_10,4790.78,PREV_CLOSE_PROXY,,NEUTRAL,4859.83,4820.245,39.585,False,4829.897482,29.932518,False,False,ROLLING_REGIME_LEVEL_RESIDUAL,superset_base_regime_original_mean,36.113836,True
2026-04-17,2026-04-16,L5,RANGE_NORMAL_60_120,CLOSE_POS_LOWER_THIRD,ROWS_STANDARD_9_10,4790.78,PREV_CLOSE_PROXY,,NEUTRAL,4822.32,4808.20125,14.11875,False,4807.940417,14.379583,False,False,ROLLING_LEVEL_RESIDUAL,superset_base_level_original_median,38.903983,True
2026-04-17,2026-04-16,L6,RANGE_NORMAL_60_120,CLOSE_POS_LOWER_THIRD,ROWS_STANDARD_9_10,4790.78,PREV_CLOSE_PROXY,,NEUTRAL,4789.02,4781.1575,7.8625,False,4777.677252,11.342748,False,False,ROLLING_LEVEL_RESIDUAL,superset_base_level_original_mean,43.027033,True
2026-04-17,2026-04-16,L7,RANGE_NORMAL_60_120,CLOSE_POS_LOWER_THIRD,ROWS_STANDARD_9_10,4790.78,PREV_CLOSE_PROXY,,NEUTRAL,4747.74,4754.11375,6.37375,False,4747.803981,0.063981,True,True,ROLLING_ROW_LEVEL_RESIDUAL,superset_base_rows_original_mean,39.241604,True
2026-04-20,2026-04-17,L4,RANGE_WIDE_120_220,CLOSE_POS_MIDDLE_THIRD,ROWS_STANDARD_9_10,4832.42,PREV_CLOSE_PROXY,,NEUTRAL,4884.09,4881.4575,2.6325,True,4876.095,7.995,False,False,ROLLING_BASE_ORIGINAL,MODE_C_BALANCED,28.450244,True
2026-04-20,2026-04-17,L5,RANGE_WIDE_120_220,CLOSE_POS_MIDDLE_THIRD,ROWS_STANDARD_9_10,4832.42,PREV_CLOSE_PROXY,,NEUTRAL,4846.45,4852.8075,6.3575,False,4852.8075,6.3575,False,False,ROLLING_BASE_SUPERSET,EXPANDED_ORACLE_BETTER,36.132704,True
2026-04-20,2026-04-17,L6,RANGE_WIDE_120_220,CLOSE_POS_MIDDLE_THIRD,ROWS_STANDARD_9_10,4832.42,PREV_CLOSE_PROXY,,NEUTRAL,4808.63,4814.8644,6.2344,False,4815.670407,7.040407,False,False,ROLLING_RANGE_CLOSE_LEVEL_RESIDUAL,superset_base_range_close_superset_mean,28.685631,True
2026-04-20,2026-04-17,L7,RANGE_WIDE_120_220,CLOSE_POS_MIDDLE_THIRD,ROWS_STANDARD_9_10,4832.42,PREV_CLOSE_PROXY,,NEUTRAL,4772.29,4767.42,4.87,True,4768.29,4.0,False,True,ROLLING_REGIME_LEVEL_RESIDUAL,superset_base_regime_original_recent20_median,41.141778,True
2026-04-21,2026-04-20,L4,RANGE_NORMAL_60_120,CLOSE_POS_UPPER_THIRD,ROWS_STANDARD_9_10,4820.66,PREV_CLOSE_PROXY,,NEUTRAL,4875.42,4842.5325,32.8875,False,4848.02,27.4,False,False,ROLLING_REGIME_LEVEL_RESIDUAL,superset_base_regime_original_median,43.368022,True
2026-04-21,2026-04-20,L5,RANGE_NORMAL_60_120,CLOSE_POS_UPPER_THIRD,ROWS_STANDARD_9_10,4820.66,PREV_CLOSE_PROXY,,NEUTRAL,4831.95,4814.34,17.61,False,4814.343333,17.606667,False,False,ROLLING_SOURCE_LEVEL_RESIDUAL,superset_base_source_superset_median,45.428579,True
2026-04-21,2026-04-20,L6,RANGE_NORMAL_60_120,CLOSE_POS_UPPER_THIRD,ROWS_STANDARD_9_10,4820.66,PREV_CLOSE_PROXY,,NEUTRAL,4784.68,4782.29625,2.38375,True,4783.86375,0.81625,True,True,ROLLING_REGIME_LEVEL_RESIDUAL,superset_base_regime_superset_median,46.501801,True
2026-04-21,2026-04-20,L7,RANGE_NORMAL_60_120,CLOSE_POS_UPPER_THIRD,ROWS_STANDARD_9_10,4820.66,PREV_CLOSE_PROXY,,NEUTRAL,4743.45,4750.32,6.87,False,4750.6725,7.2225,False,False,ROLLING_REGIME_LEVEL_RESIDUAL,superset_base_regime_original_median,47.550358,True
2026-04-22,2026-04-21,L4,RANGE_WIDE_120_220,CLOSE_POS_LOWER_THIRD,ROWS_STANDARD_9_10,4720.06,PREV_CLOSE_PROXY,,NEUTRAL,4780.53,4770.33876,10.19124,False,4768.290098,12.239902,False,False,ROLLING_REGIME_LEVEL_RESIDUAL,superset_base_regime_original_mean,36.036213,True
2026-04-22,2026-04-21,L5,RANGE_WIDE_120_220,CLOSE_POS_LOWER_THIRD,ROWS_STANDARD_9_10,4720.06,PREV_CLOSE_PROXY,,NEUTRAL,4740.11,4738.251667,1.858333,True,4733.757917,6.352083,False,False,ROLLING_REGIME_LEVEL_RESIDUAL,superset_base_regime_superset_recent8_median,41.33044,True
2026-04-22,2026-04-21,L6,RANGE_WIDE_120_220,CLOSE_POS_LOWER_THIRD,ROWS_STANDARD_9_10,4720.06,PREV_CLOSE_PROXY,,NEUTRAL,4694.87,4687.185,7.685,False,4686.765,8.105,False,False,ROLLING_REGIME_LEVEL_RESIDUAL,superset_base_regime_superset_recent8_median,37.777749,True
2026-04-22,2026-04-21,L7,RANGE_WIDE_120_220,CLOSE_POS_LOWER_THIRD,ROWS_STANDARD_9_10,4720.06,PREV_CLOSE_PROXY,,NEUTRAL,4636.73,4638.48,1.75,True,4631.629743,5.100257,False,False,ROLLING_LEVEL_RESIDUAL,superset_base_level_original_mean,33.891329,True
2026-04-23,2026-04-22,L4,RANGE_COMPRESSED_0_60,CLOSE_POS_MIDDLE_THIRD,ROWS_EXTENDED_11_PLUS,4740.18,PREV_CLOSE_PROXY,,NEUTRAL,4873.73,4772.34,101.39,False,4776.234375,97.495625,False,False,ROLLING_SOURCE_LEVEL_RESIDUAL,superset_base_source_superset_median,36.065218,True
2026-04-23,2026-04-22,L5,RANGE_COMPRESSED_0_60,CLOSE_POS_MIDDLE_THIRD,ROWS_EXTENDED_11_PLUS,4740.18,PREV_CLOSE_PROXY,,NEUTRAL,4832.75,4758.16,74.59,False,4758.336667,74.413333,False,False,ROLLING_LEVEL_RESIDUAL,superset_base_level_original_median,41.910302,True
2026-04-23,2026-04-22,L6,RANGE_COMPRESSED_0_60,CLOSE_POS_MIDDLE_THIRD,ROWS_EXTENDED_11_PLUS,4740.18,PREV_CLOSE_PROXY,,NEUTRAL,4783.45,4716.88,66.57,False,4716.91685,66.53315,False,False,ROLLING_LEVEL_RESIDUAL,superset_base_level_original_median,34.662633,True
2026-04-23,2026-04-22,L7,RANGE_COMPRESSED_0_60,CLOSE_POS_MIDDLE_THIRD,ROWS_EXTENDED_11_PLUS,4740.18,PREV_CLOSE_PROXY,,NEUTRAL,4740.92,4685.62,55.3,False,4684.37125,56.54875,False,False,ROLLING_LEVEL_RESIDUAL,superset_base_level_superset_median,36.898461,True
2026-04-24,2026-04-23,L4,RANGE_NORMAL_60_120,CLOSE_POS_MIDDLE_THIRD,ROWS_STANDARD_9_10,4694.36,PREV_CLOSE_PROXY,,NEUTRAL,4799.5,4754.0,45.5,False,4754.481328,45.018672,False,False,ROLLING_REGIME_LEVEL_RESIDUAL,superset_base_regime_original_mean,43.19239,True
2026-04-24,2026-04-23,L5,RANGE_NORMAL_60_120,CLOSE_POS_MIDDLE_THIRD,ROWS_STANDARD_9_10,4694.36,PREV_CLOSE_PROXY,,NEUTRAL,4769.97,4724.1,45.87,False,4727.210845,42.759155,False,False,ROLLING_REGIME_LEVEL_RESIDUAL,superset_base_regime_superset_recent20_median,45.388561,True
2026-04-24,2026-04-23,L6,RANGE_NORMAL_60_120,CLOSE_POS_MIDDLE_THIRD,ROWS_STANDARD_9_10,4694.36,PREV_CLOSE_PROXY,,NEUTRAL,4737.93,4709.1,28.83,False,4707.3125,30.6175,False,False,ROLLING_REGIME_LEVEL_RESIDUAL,superset_base_regime_original_recent20_median,37.23604,True
2026-04-24,2026-04-23,L7,RANGE_NORMAL_60_120,CLOSE_POS_MIDDLE_THIRD,ROWS_STANDARD_9_10,4694.36,PREV_CLOSE_PROXY,,NEUTRAL,4699.63,4694.1,5.53,False,4693.11375,6.51625,False,False,ROLLING_REGIME_LEVEL_RESIDUAL,superset_base_regime_original_q25,36.535342,True
2026-04-27,2026-04-24,L4,RANGE_NORMAL_60_120,CLOSE_POS_MIDDLE_THIRD,ROWS_EXTENDED_11_PLUS,4707.26,PREV_CLOSE_PROXY,,NEUTRAL,4789.79,4741.315,48.475,False,4745.578155,44.211845,False,False,ROLLING_RANGE_LEVEL_RESIDUAL,superset_base_range_original_mean,29.679651,True
2026-04-27,2026-04-24,L5,RANGE_NORMAL_60_120,CLOSE_POS_MIDDLE_THIRD,ROWS_EXTENDED_11_PLUS,4707.26,PREV_CLOSE_PROXY,,NEUTRAL,4758.08,4700.884166,57.195833,False,4701.469166,56.610834,False,False,ROLLING_LEVEL_RESIDUAL,superset_base_level_original_median,36.864625,True
2026-04-27,2026-04-24,L6,RANGE_NORMAL_60_120,CLOSE_POS_MIDDLE_THIRD,ROWS_EXTENDED_11_PLUS,4707.26,PREV_CLOSE_PROXY,,NEUTRAL,4722.56,4670.89,51.67,False,4668.323883,54.236117,False,False,ROLLING_LEVEL_RESIDUAL,superset_base_level_original_mean,33.514109,True
2026-04-27,2026-04-24,L7,RANGE_NORMAL_60_120,CLOSE_POS_MIDDLE_THIRD,ROWS_EXTENDED_11_PLUS,4707.26,PREV_CLOSE_PROXY,,NEUTRAL,4688.57,4641.805,46.765,False,4644.41125,44.15875,False,False,ROLLING_RANGE_CLOSE_LEVEL_RESIDUAL,superset_base_range_close_superset_median,33.719318,True
2026-04-28,2026-04-27,L4,RANGE_NORMAL_60_120,CLOSE_POS_LOWER_THIRD,ROWS_STANDARD_9_10,4681.76,PREV_CLOSE_PROXY,,NEUTRAL,4724.59,4713.63,10.96,False,4719.173236,5.416764,False,False,ROLLING_ROW_LEVEL_RESIDUAL,superset_base_rows_superset_mean,25.338696,True
2026-04-28,2026-04-27,L5,RANGE_NORMAL_60_120,CLOSE_POS_LOWER_THIRD,ROWS_STANDARD_9_10,4681.76,PREV_CLOSE_PROXY,,NEUTRAL,4687.0,4691.700834,4.700834,True,4692.520834,5.520834,False,False,ROLLING_LEVEL_RESIDUAL,superset_base_level_original_median,32.32248,True
2026-04-28,2026-04-27,L6,RANGE_NORMAL_60_120,CLOSE_POS_LOWER_THIRD,ROWS_STANDARD_9_10,4681.76,PREV_CLOSE_PROXY,,NEUTRAL,4642.74,4637.16,5.58,False,4634.978536,7.761464,False,False,ROLLING_LEVEL_RESIDUAL,superset_base_level_original_mean,31.818351,True
2026-04-28,2026-04-27,L7,RANGE_NORMAL_60_120,CLOSE_POS_LOWER_THIRD,ROWS_STANDARD_9_10,4681.76,PREV_CLOSE_PROXY,,NEUTRAL,4609.63,4613.925,4.295,True,4607.205,2.425,True,True,ROLLING_REGIME_LEVEL_RESIDUAL,superset_base_regime_superset_recent8_median,34.979125,True
2026-04-29,2026-04-28,L4,RANGE_WIDE_120_220,CLOSE_POS_LOWER_THIRD,ROWS_STANDARD_9_10,4597.2,PREV_CLOSE_PROXY,,NEUTRAL,4646.78,4645.40116,1.37884,True,4645.392482,1.387518,True,True,ROLLING_REGIME_LEVEL_RESIDUAL,superset_base_regime_original_mean,34.075984,True
2026-04-29,2026-04-28,L5,RANGE_WIDE_120_220,CLOSE_POS_LOWER_THIRD,ROWS_STANDARD_9_10,4597.2,PREV_CLOSE_PROXY,,NEUTRAL,4603.92,4603.4475,0.4725,True,4600.3375,3.5825,False,True,ROLLING_REGIME_LEVEL_RESIDUAL,superset_base_regime_original_recent5_median,40.607003,True
2026-04-29,2026-04-28,L6,RANGE_WIDE_120_220,CLOSE_POS_LOWER_THIRD,ROWS_STANDARD_9_10,4597.2,PREV_CLOSE_PROXY,,NEUTRAL,4561.81,4554.79,7.02,False,4552.663194,9.146806,False,False,ROLLING_LEVEL_RESIDUAL,superset_base_level_original_mean,34.314201,True
2026-04-29,2026-04-28,L7,RANGE_WIDE_120_220,CLOSE_POS_LOWER_THIRD,ROWS_STANDARD_9_10,4597.2,PREV_CLOSE_PROXY,,NEUTRAL,4527.79,4528.75125,0.96125,True,4527.00125,0.78875,True,True,ROLLING_REGIME_LEVEL_RESIDUAL,superset_base_regime_superset_recent8_median,38.059333,True
2026-04-30,2026-04-29,L4,RANGE_NORMAL_60_120,CLOSE_POS_LOWER_THIRD,ROWS_STANDARD_9_10,4543.48,PREV_CLOSE_PROXY,,NEUTRAL,4639.2,4591.54,47.66,False,4605.097486,34.102514,False,False,ROLLING_REGIME_LEVEL_RESIDUAL,superset_base_regime_original_mean,37.518293,True
2026-04-30,2026-04-29,L5,RANGE_NORMAL_60_120,CLOSE_POS_LOWER_THIRD,ROWS_STANDARD_9_10,4543.48,PREV_CLOSE_PROXY,,NEUTRAL,4599.33,4585.29,14.04,False,4586.985,12.345,False,False,ROLLING_ROW_LEVEL_RESIDUAL,superset_base_rows_original_median,37.369338,True
2026-04-30,2026-04-29,L6,RANGE_NORMAL_60_120,CLOSE_POS_LOWER_THIRD,ROWS_STANDARD_9_10,4543.48,PREV_CLOSE_PROXY,,NEUTRAL,4555.58,4535.29,20.29,False,4536.233415,19.346585,False,False,ROLLING_ROW_LEVEL_RESIDUAL,superset_base_rows_original_median,43.326245,True
2026-04-30,2026-04-29,L7,RANGE_NORMAL_60_120,CLOSE_POS_LOWER_THIRD,ROWS_STANDARD_9_10,4543.48,PREV_CLOSE_PROXY,,NEUTRAL,4521.25,4510.29,10.96,False,4503.6625,17.5875,False,False,ROLLING_REGIME_LEVEL_RESIDUAL,superset_base_regime_superset_recent8_median,45.406441,True
2026-05-01,2026-04-30,L4,RANGE_NORMAL_60_120,CLOSE_POS_UPPER_THIRD,ROWS_STANDARD_9_10,4621.76,PREV_CLOSE_PROXY,,NEUTRAL,4640.24,4642.49,2.25,True,4648.06375,7.82375,False,False,ROLLING_REGIME_LEVEL_RESIDUAL,superset_base_regime_original_median,37.623809,True
2026-05-01,2026-04-30,L5,RANGE_NORMAL_60_120,CLOSE_POS_UPPER_THIRD,ROWS_STANDARD_9_10,4621.76,PREV_CLOSE_PROXY,,NEUTRAL,4599.79,4604.90118,5.11118,False,4608.206225,8.416225,False,False,ROLLING_RANGE_LEVEL_RESIDUAL,superset_base_range_original_mean,46.283892,True
2026-05-01,2026-04-30,L6,RANGE_NORMAL_60_120,CLOSE_POS_UPPER_THIRD,ROWS_STANDARD_9_10,4621.76,PREV_CLOSE_PROXY,,NEUTRAL,4556.84,4593.12,36.28,False,4594.740398,37.900398,False,False,ROLLING_REGIME_LEVEL_RESIDUAL,superset_base_regime_superset_median,43.569218,True
2026-05-01,2026-04-30,L7,RANGE_NORMAL_60_120,CLOSE_POS_UPPER_THIRD,ROWS_STANDARD_9_10,4621.76,PREV_CLOSE_PROXY,,NEUTRAL,4517.48,4556.875,39.395,False,4556.966875,39.486875,False,False,ROLLING_REGIME_LEVEL_RESIDUAL,superset_base_regime_original_median,44.640148,True
2026-05-04,2026-05-01,L4,RANGE_NORMAL_60_120,CLOSE_POS_MIDDLE_THIRD,ROWS_STANDARD_9_10,4615.53,PREV_CLOSE_PROXY,,NEUTRAL,4645.95,4642.8125,3.1375,True,4645.941985,0.008015,True,True,ROLLING_REGIME_LEVEL_RESIDUAL,superset_base_regime_original_mean,36.69861,True
2026-05-04,2026-05-01,L5,RANGE_NORMAL_60_120,CLOSE_POS_MIDDLE_THIRD,ROWS_STANDARD_9_10,4615.53,PREV_CLOSE_PROXY,,NEUTRAL,4606.0,4609.05125,3.05125,True,4609.87625,3.87625,False,True,ROLLING_SOURCE_LEVEL_RESIDUAL,superset_base_source_superset_median,43.927938,True
2026-05-04,2026-05-01,L6,RANGE_NORMAL_60_120,CLOSE_POS_MIDDLE_THIRD,ROWS_STANDARD_9_10,4615.53,PREV_CLOSE_PROXY,,NEUTRAL,4565.35,4596.90323,31.55323,False,4597.797425,32.447425,False,False,ROLLING_RANGE_CLOSE_LEVEL_RESIDUAL,original_base_range_close_expanded_mean,30.616039,True
2026-05-04,2026-05-01,L7,RANGE_NORMAL_60_120,CLOSE_POS_MIDDLE_THIRD,ROWS_STANDARD_9_10,4615.53,PREV_CLOSE_PROXY,,NEUTRAL,4522.79,4514.03625,8.75375,False,4512.92625,9.86375,False,False,ROLLING_ROW_LEVEL_RESIDUAL,superset_base_rows_original_median,29.291781,True
2026-05-05,2026-05-04,L4,RANGE_WIDE_120_220,CLOSE_POS_LOWER_THIRD,ROWS_EXTENDED_11_PLUS,4523.73,PREV_CLOSE_PROXY,,NEUTRAL,4636.32,4638.5,2.18,True,4636.440677,0.120677,True,True,ROLLING_RANGE_CLOSE_LEVEL_RESIDUAL,original_base_range_close_superset_mean,22.236114,True
2026-05-05,2026-05-04,L5,RANGE_WIDE_120_220,CLOSE_POS_LOWER_THIRD,ROWS_EXTENDED_11_PLUS,4523.73,PREV_CLOSE_PROXY,,NEUTRAL,4598.4,4603.995,5.595,False,4599.50125,1.10125,True,True,ROLLING_RANGE_CLOSE_LEVEL_RESIDUAL,superset_base_range_close_superset_recent8_median,29.985947,True
2026-05-05,2026-05-04,L6,RANGE_WIDE_120_220,CLOSE_POS_LOWER_THIRD,ROWS_EXTENDED_11_PLUS,4523.73,PREV_CLOSE_PROXY,,NEUTRAL,4558.99,4569.49,10.5,False,4567.143906,8.153906,False,False,ROLLING_LEVEL_RESIDUAL,superset_base_level_original_mean,23.632828,True
2026-05-05,2026-05-04,L7,RANGE_WIDE_120_220,CLOSE_POS_LOWER_THIRD,ROWS_EXTENDED_11_PLUS,4523.73,PREV_CLOSE_PROXY,,NEUTRAL,4518.42,4542.485,24.065,False,4527.61,9.19,False,False,ROLLING_REGIME_LEVEL_RESIDUAL,superset_base_regime_superset_recent8_median,34.558566,True
2026-05-06,2026-05-05,L4,RANGE_NORMAL_60_120,CLOSE_POS_MIDDLE_THIRD,ROWS_STANDARD_9_10,4557.19,PREV_CLOSE_PROXY,,NEUTRAL,4644.75,4629.5575,15.1925,False,4632.687431,12.062569,False,False,ROLLING_REGIME_LEVEL_RESIDUAL,superset_base_regime_original_mean,47.979806,True
2026-05-06,2026-05-05,L5,RANGE_NORMAL_60_120,CLOSE_POS_MIDDLE_THIRD,ROWS_STANDARD_9_10,4557.19,PREV_CLOSE_PROXY,,NEUTRAL,4601.04,4603.8025,2.7625,True,4605.83879,4.79879,False,True,ROLLING_RANGE_CLOSE_LEVEL_RESIDUAL,superset_base_range_close_superset_median,47.307542,True
2026-05-06,2026-05-05,L6,RANGE_NORMAL_60_120,CLOSE_POS_MIDDLE_THIRD,ROWS_STANDARD_9_10,4557.19,PREV_CLOSE_PROXY,,NEUTRAL,4556.82,4557.19,0.37,True,4556.083162,0.736838,True,True,ROLLING_RANGE_CLOSE_LEVEL_RESIDUAL,original_base_range_close_expanded_mean,37.139843,True
2026-05-06,2026-05-05,L7,RANGE_NORMAL_60_120,CLOSE_POS_MIDDLE_THIRD,ROWS_STANDARD_9_10,4557.19,PREV_CLOSE_PROXY,,NEUTRAL,4510.42,4522.2925,11.8725,False,4529.434375,19.014375,False,False,ROLLING_REGIME_LEVEL_RESIDUAL,superset_base_regime_original_median,36.94175,True
2026-05-07,2026-05-06,L4,RANGE_WIDE_120_220,CLOSE_POS_UPPER_THIRD,ROWS_STANDARD_9_10,4690.84,PREV_CLOSE_PROXY,,NEUTRAL,4728.08,4753.06,24.98,False,4757.36875,29.28875,False,False,ROLLING_ROW_LEVEL_RESIDUAL,superset_base_rows_original_median,30.444223,True
2026-05-07,2026-05-06,L5,RANGE_WIDE_120_220,CLOSE_POS_UPPER_THIRD,ROWS_STANDARD_9_10,4690.84,PREV_CLOSE_PROXY,,NEUTRAL,4678.95,4701.385,22.435,False,4701.710243,22.760243,False,False,ROLLING_ROW_LEVEL_RESIDUAL,superset_base_rows_original_mean,37.443734,True
2026-05-07,2026-05-06,L6,RANGE_WIDE_120_220,CLOSE_POS_UPPER_THIRD,ROWS_STANDARD_9_10,4690.84,PREV_CLOSE_PROXY,,NEUTRAL,4638.72,4653.42,14.7,False,4650.633638,11.913638,False,False,ROLLING_SOURCE_LEVEL_RESIDUAL,superset_base_source_original_mean,30.343721,True
2026-05-07,2026-05-06,L7,RANGE_WIDE_120_220,CLOSE_POS_UPPER_THIRD,ROWS_STANDARD_9_10,4690.84,PREV_CLOSE_PROXY,,NEUTRAL,4599.88,4623.8725,23.9925,False,4617.921888,18.041888,False,False,ROLLING_ROW_LEVEL_RESIDUAL,superset_base_rows_original_mean,22.531882,True
2026-05-08,2026-05-07,L4,RANGE_NORMAL_60_120,CLOSE_POS_LOWER_THIRD,ROWS_STANDARD_9_10,4687.08,PREV_CLOSE_PROXY,,NEUTRAL,4730.4,4733.041875,2.641875,True,4750.388529,19.988529,False,False,ROLLING_REGIME_LEVEL_RESIDUAL,superset_base_regime_original_mean,29.685608,True
2026-05-08,2026-05-07,L5,RANGE_NORMAL_60_120,CLOSE_POS_LOWER_THIRD,ROWS_STANDARD_9_10,4687.08,PREV_CLOSE_PROXY,,NEUTRAL,4682.05,4696.31625,14.26625,False,4696.319583,14.269583,False,False,ROLLING_LEVEL_RESIDUAL,superset_base_level_original_median,35.401414,True
2026-05-08,2026-05-07,L6,RANGE_NORMAL_60_120,CLOSE_POS_LOWER_THIRD,ROWS_STANDARD_9_10,4687.08,PREV_CLOSE_PROXY,,NEUTRAL,4635.49,4697.04375,61.55375,False,4694.573282,59.083282,False,False,ROLLING_LEVEL_RESIDUAL,superset_base_level_original_mean,36.439661,True
2026-05-08,2026-05-07,L7,RANGE_NORMAL_60_120,CLOSE_POS_LOWER_THIRD,ROWS_STANDARD_9_10,4687.08,PREV_CLOSE_PROXY,,NEUTRAL,4595.54,4600.425,4.885,True,4593.7975,1.7425,True,True,ROLLING_REGIME_LEVEL_RESIDUAL,superset_base_regime_superset_recent8_median,39.007883,True
2026-05-11,2026-05-08,L4,RANGE_NORMAL_60_120,CLOSE_POS_MIDDLE_THIRD,ROWS_STANDARD_9_10,4715.62,PREV_CLOSE_PROXY,,NEUTRAL,4790.81,4792.13375,1.32375,True,4795.898553,5.088553,False,False,ROLLING_REGIME_LEVEL_RESIDUAL,superset_base_regime_original_mean,40.548067,True
2026-05-11,2026-05-08,L5,RANGE_NORMAL_60_120,CLOSE_POS_MIDDLE_THIRD,ROWS_STANDARD_9_10,4715.62,PREV_CLOSE_PROXY,,NEUTRAL,4756.62,4728.465,28.155,False,4728.204167,28.415833,False,False,ROLLING_LEVEL_RESIDUAL,superset_base_level_original_median,46.913037,True
2026-05-11,2026-05-08,L6,RANGE_NORMAL_60_120,CLOSE_POS_MIDDLE_THIRD,ROWS_STANDARD_9_10,4715.62,PREV_CLOSE_PROXY,,NEUTRAL,4721.87,4717.565625,4.304375,True,4713.554303,8.315697,False,False,ROLLING_RANGE_CLOSE_LEVEL_RESIDUAL,original_base_range_close_expanded_mean,35.550352,True
2026-05-11,2026-05-08,L7,RANGE_NORMAL_60_120,CLOSE_POS_MIDDLE_THIRD,ROWS_STANDARD_9_10,4715.62,PREV_CLOSE_PROXY,,NEUTRAL,4684.33,4685.73125,1.40125,True,4685.39125,1.06125,True,True,ROLLING_RANGE_LEVEL_RESIDUAL,superset_base_range_original_median,39.65285,True
2026-05-12,2026-05-11,L4,RANGE_NORMAL_60_120,CLOSE_POS_UPPER_THIRD,ROWS_STANDARD_9_10,4734.64,PREV_CLOSE_PROXY,,NEUTRAL,4786.09,4794.82625,8.73625,False,4800.31375,14.22375,False,False,ROLLING_REGIME_LEVEL_RESIDUAL,superset_base_regime_original_median,41.293006,True
2026-05-12,2026-05-11,L5,RANGE_NORMAL_60_120,CLOSE_POS_UPPER_THIRD,ROWS_STANDARD_9_10,4734.64,PREV_CLOSE_PROXY,,NEUTRAL,4752.28,4732.8125,19.4675,False,4732.989167,19.290833,False,False,ROLLING_SOURCE_LEVEL_RESIDUAL,superset_base_source_superset_median,40.252916,True
2026-05-12,2026-05-11,L6,RANGE_NORMAL_60_120,CLOSE_POS_UPPER_THIRD,ROWS_STANDARD_9_10,4734.64,PREV_CLOSE_PROXY,,NEUTRAL,4717.37,4715.505434,1.864566,True,4716.638744,0.731256,True,True,ROLLING_RANGE_CLOSE_LEVEL_RESIDUAL,superset_base_range_close_superset_median,40.226009,True
2026-05-12,2026-05-11,L7,RANGE_NORMAL_60_120,CLOSE_POS_UPPER_THIRD,ROWS_STANDARD_9_10,4734.64,PREV_CLOSE_PROXY,,NEUTRAL,4680.73,4673.2525,7.4775,False,4673.08375,7.64625,False,False,ROLLING_REGIME_LEVEL_RESIDUAL,superset_base_regime_original_median,44.122927,True
2026-05-13,2026-05-12,L4,RANGE_WIDE_120_220,CLOSE_POS_MIDDLE_THIRD,ROWS_STANDARD_9_10,4715.15,PREV_CLOSE_PROXY,,NEUTRAL,4786.09,4782.8225,3.2675,True,4793.041818,6.951818,False,False,ROLLING_REGIME_LEVEL_RESIDUAL,original_base_regime_original_mean,27.178198,True
2026-05-13,2026-05-12,L5,RANGE_WIDE_120_220,CLOSE_POS_MIDDLE_THIRD,ROWS_STANDARD_9_10,4715.15,PREV_CLOSE_PROXY,,NEUTRAL,4746.53,4756.5725,10.0425,False,4753.38,6.85,False,False,ROLLING_RANGE_LEVEL_RESIDUAL,superset_base_range_superset_median,29.695235,True
2026-05-13,2026-05-12,L6,RANGE_WIDE_120_220,CLOSE_POS_MIDDLE_THIRD,ROWS_STANDARD_9_10,4715.15,PREV_CLOSE_PROXY,,NEUTRAL,4707.42,4708.95,1.53,True,4700.65,6.77,False,False,ROLLING_RANGE_LEVEL_RESIDUAL,superset_base_range_expanded_median,30.97338,True
2026-05-13,2026-05-12,L7,RANGE_WIDE_120_220,CLOSE_POS_MIDDLE_THIRD,ROWS_STANDARD_9_10,4715.15,PREV_CLOSE_PROXY,,NEUTRAL,4670.27,4658.8775,11.3925,False,4660.0725,10.1975,False,False,ROLLING_REGIME_LEVEL_RESIDUAL,superset_base_regime_original_median,39.384875,True
2026-05-14,2026-05-13,L4,RANGE_COMPRESSED_0_60,CLOSE_POS_MIDDLE_THIRD,ROWS_STANDARD_9_10,4688.78,PREV_CLOSE_PROXY,,NEUTRAL,4768.67,4745.86625,22.80375,False,4749.4275,19.2425,False,False,ROLLING_SOURCE_LEVEL_RESIDUAL,original_base_source_superset_median,30.93593,True
2026-05-14,2026-05-13,L5,RANGE_COMPRESSED_0_60,CLOSE_POS_MIDDLE_THIRD,ROWS_STANDARD_9_10,4688.78,PREV_CLOSE_PROXY,,NEUTRAL,4734.88,4712.4525,22.4275,False,4718.525625,16.354375,False,False,ROLLING_REGIME_LEVEL_RESIDUAL,superset_base_regime_superset_recent8_median,33.557394,True
2026-05-14,2026-05-13,L6,RANGE_COMPRESSED_0_60,CLOSE_POS_MIDDLE_THIRD,ROWS_STANDARD_9_10,4688.78,PREV_CLOSE_PROXY,,NEUTRAL,4699.33,4669.47,29.86,False,4669.61,29.72,False,False,ROLLING_LEVEL_RESIDUAL,superset_base_level_original_median,33.019068,True
2026-05-14,2026-05-13,L7,RANGE_COMPRESSED_0_60,CLOSE_POS_MIDDLE_THIRD,ROWS_STANDARD_9_10,4688.78,PREV_CLOSE_PROXY,,NEUTRAL,4670.27,4639.47,30.8,False,4638.15,32.12,False,False,ROLLING_REGIME_LEVEL_RESIDUAL,superset_base_regime_superset_recent8_median,29.370204,True
2026-05-15,2026-05-14,L4,RANGE_NORMAL_60_120,CLOSE_POS_LOWER_THIRD,ROWS_STANDARD_9_10,4652.36,PREV_CLOSE_PROXY,,NEUTRAL,4693.67,4690.75875,2.91125,True,4706.779114,13.109114,False,False,ROLLING_REGIME_LEVEL_RESIDUAL,superset_base_regime_original_mean,31.734788,True
2026-05-15,2026-05-14,L5,RANGE_NORMAL_60_120,CLOSE_POS_LOWER_THIRD,ROWS_STANDARD_9_10,4652.36,PREV_CLOSE_PROXY,,NEUTRAL,4665.63,4669.213309,3.583309,True,4669.389976,3.759976,False,True,ROLLING_LEVEL_RESIDUAL,superset_base_level_original_median,33.810967,True
2026-05-15,2026-05-14,L6,RANGE_NORMAL_60_120,CLOSE_POS_LOWER_THIRD,ROWS_STANDARD_9_10,4652.36,PREV_CLOSE_PROXY,,NEUTRAL,4635.27,4655.515,20.245,False,4656.1725,20.9025,False,False,ROLLING_ROW_LEVEL_RESIDUAL,superset_base_rows_original_median,30.37379,True
2026-05-15,2026-05-14,L7,RANGE_NORMAL_60_120,CLOSE_POS_LOWER_THIRD,ROWS_STANDARD_9_10,4652.36,PREV_CLOSE_PROXY,,NEUTRAL,4600.62,4588.325,12.295,False,4581.870625,18.749375,False,False,ROLLING_REGIME_LEVEL_RESIDUAL,superset_base_regime_original_median,38.068372,True
2026-05-18,2026-05-15,L4,RANGE_WIDE_120_220,CLOSE_POS_LOWER_THIRD,ROWS_STANDARD_9_10,4538.64,PREV_CLOSE_PROXY,,NEUTRAL,4564.33,4570.2171,5.8871,False,4570.406639,6.076639,False,False,ROLLING_REGIME_LEVEL_RESIDUAL,superset_base_regime_original_mean,35.40561,True
2026-05-18,2026-05-15,L5,RANGE_WIDE_120_220,CLOSE_POS_LOWER_THIRD,ROWS_STANDARD_9_10,4538.64,PREV_CLOSE_PROXY,,NEUTRAL,4539.06,4538.64,0.42,True,4539.1125,0.0525,True,True,ROLLING_REGIME_LEVEL_RESIDUAL,superset_base_regime_superset_recent5_median,38.942493,True
2026-05-18,2026-05-15,L6,RANGE_WIDE_120_220,CLOSE_POS_LOWER_THIRD,ROWS_STANDARD_9_10,4538.64,PREV_CLOSE_PROXY,,NEUTRAL,4511.93,4511.37,0.56,True,4519.33875,7.40875,False,False,ROLLING_REGIME_LEVEL_RESIDUAL,original_base_regime_superset_q75,30.795315,True
2026-05-18,2026-05-15,L7,RANGE_WIDE_120_220,CLOSE_POS_LOWER_THIRD,ROWS_STANDARD_9_10,4538.64,PREV_CLOSE_PROXY,,NEUTRAL,4481.32,4481.37,0.05,True,4479.705,1.615,True,True,ROLLING_REGIME_LEVEL_RESIDUAL,superset_base_regime_superset_recent8_median,35.381388,True
2026-05-19,2026-05-18,L4,RANGE_NORMAL_60_120,CLOSE_POS_UPPER_THIRD,ROWS_STANDARD_9_10,4566.12,PREV_CLOSE_PROXY,,NEUTRAL,4606.82,4630.96,24.14,False,4635.72375,28.90375,False,False,ROLLING_REGIME_LEVEL_RESIDUAL,superset_base_regime_original_median,40.943782,True
2026-05-19,2026-05-18,L5,RANGE_NORMAL_60_120,CLOSE_POS_UPPER_THIRD,ROWS_STANDARD_9_10,4566.12,PREV_CLOSE_PROXY,,NEUTRAL,4586.21,4567.675,18.535,False,4568.025,18.185,False,False,ROLLING_SOURCE_LEVEL_RESIDUAL,superset_base_source_superset_median,44.920597,True
2026-05-19,2026-05-18,L6,RANGE_NORMAL_60_120,CLOSE_POS_UPPER_THIRD,ROWS_STANDARD_9_10,4566.12,PREV_CLOSE_PROXY,,NEUTRAL,4558.95,4550.226684,8.723316,False,4551.847082,7.102918,False,False,ROLLING_REGIME_LEVEL_RESIDUAL,superset_base_regime_superset_median,46.726328,True
2026-05-19,2026-05-18,L7,RANGE_NORMAL_60_120,CLOSE_POS_UPPER_THIRD,ROWS_STANDARD_9_10,4566.12,PREV_CLOSE_PROXY,,NEUTRAL,4532.84,4513.92,18.92,False,4514.011875,18.828125,False,False,ROLLING_REGIME_LEVEL_RESIDUAL,superset_base_regime_original_median,46.787402,True
2026-05-20,2026-05-19,L4,RANGE_WIDE_120_220,CLOSE_POS_LOWER_THIRD,ROWS_STANDARD_9_10,4481.92,PREV_CLOSE_PROXY,,NEUTRAL,4529.64,4526.32,3.32,True,4523.23375,6.40625,False,False,ROLLING_REGIME_LEVEL_RESIDUAL,superset_base_regime_superset_recent5_median,33.426181,True
2026-05-20,2026-05-19,L5,RANGE_WIDE_120_220,CLOSE_POS_LOWER_THIRD,ROWS_STANDARD_9_10,4481.92,PREV_CLOSE_PROXY,,NEUTRAL,4506.6,4505.259958,1.340042,True,4505.679958,0.920042,True,True,ROLLING_REGIME_LEVEL_RESIDUAL,superset_base_regime_superset_recent5_median,42.516623,True
2026-05-20,2026-05-19,L6,RANGE_WIDE_120_220,CLOSE_POS_LOWER_THIRD,ROWS_STANDARD_9_10,4481.92,PREV_CLOSE_PROXY,,NEUTRAL,4487.59,4482.685,4.905,True,4480.117528,7.472472,False,False,ROLLING_LEVEL_RESIDUAL,superset_base_level_original_mean,36.179876,True
2026-05-20,2026-05-19,L7,RANGE_WIDE_120_220,CLOSE_POS_LOWER_THIRD,ROWS_STANDARD_9_10,4481.92,PREV_CLOSE_PROXY,,NEUTRAL,4462.0,4463.14,1.14,True,4461.56,0.44,True,True,ROLLING_REGIME_LEVEL_RESIDUAL,superset_base_regime_original_median,39.263923,True
2026-05-21,2026-05-20,L4,RANGE_NORMAL_60_120,CLOSE_POS_UPPER_THIRD,ROWS_STANDARD_9_10,4543.62,PREV_CLOSE_PROXY,,NEUTRAL,4608.29,4598.845,9.445,False,4603.721603,4.568397,False,True,ROLLING_SOURCE_LEVEL_RESIDUAL,superset_base_source_superset_mean,38.805445,False
2026-05-21,2026-05-20,L5,RANGE_NORMAL_60_120,CLOSE_POS_UPPER_THIRD,ROWS_STANDARD_9_10,4543.62,PREV_CLOSE_PROXY,,NEUTRAL,4582.07,4537.285,44.785,False,4537.705,44.365,False,False,ROLLING_SOURCE_LEVEL_RESIDUAL,superset_base_source_superset_median,45.430758,False
2026-05-21,2026-05-20,L6,RANGE_NORMAL_60_120,CLOSE_POS_UPPER_THIRD,ROWS_STANDARD_9_10,4543.62,PREV_CLOSE_PROXY,,NEUTRAL,4554.33,4527.91,26.42,False,4529.583296,24.746704,False,False,ROLLING_REGIME_LEVEL_RESIDUAL,superset_base_regime_superset_median,46.866638,False
2026-05-21,2026-05-20,L7,RANGE_NORMAL_60_120,CLOSE_POS_UPPER_THIRD,ROWS_STANDARD_9_10,4543.62,PREV_CLOSE_PROXY,,NEUTRAL,4524.06,4534.265,10.205,False,4534.6175,10.5575,False,False,ROLLING_REGIME_LEVEL_RESIDUAL,superset_base_regime_original_median,46.529742,False
2026-05-22,2026-05-21,L4,RANGE_NORMAL_60_120,CLOSE_POS_MIDDLE_THIRD,ROWS_STANDARD_9_10,4543.05,PREV_CLOSE_PROXY,,NEUTRAL,4614.22,4614.77875,0.55875,True,4618.289125,4.069125,False,True,ROLLING_REGIME_LEVEL_RESIDUAL,superset_base_regime_original_mean,45.296269,False
2026-05-22,2026-05-21,L5,RANGE_NORMAL_60_120,CLOSE_POS_MIDDLE_THIRD,ROWS_STANDARD_9_10,4543.05,PREV_CLOSE_PROXY,,NEUTRAL,4582.41,4544.335,38.075,False,4544.755,37.655,False,False,ROLLING_LEVEL_RESIDUAL,superset_base_level_original_median,41.21893,False
2026-05-22,2026-05-21,L6,RANGE_NORMAL_60_120,CLOSE_POS_MIDDLE_THIRD,ROWS_STANDARD_9_10,4543.05,PREV_CLOSE_PROXY,,NEUTRAL,4551.77,4556.60125,4.83125,True,4553.830047,2.060047,True,True,ROLLING_SOURCE_LEVEL_RESIDUAL,superset_base_source_original_mean,35.618263,False
2026-05-22,2026-05-21,L7,RANGE_NORMAL_60_120,CLOSE_POS_MIDDLE_THIRD,ROWS_STANDARD_9_10,4543.05,PREV_CLOSE_PROXY,,NEUTRAL,4520.55,4519.57522,0.97478,True,4519.320845,1.229155,True,True,ROLLING_RANGE_LEVEL_RESIDUAL,superset_base_range_original_median,38.89125,False
2026-05-25,2026-05-22,L4,RANGE_COMPRESSED_0_60,CLOSE_POS_LOWER_THIRD,ROWS_EXTENDED_11_PLUS,4507.9,PREV_CLOSE_PROXY,,NEUTRAL,4556.09,4522.2125,33.8775,False,4525.50875,30.58125,False,False,ROLLING_LEVEL_RESIDUAL,superset_base_level_superset_median,35.815346,True
2026-05-25,2026-05-22,L5,RANGE_COMPRESSED_0_60,CLOSE_POS_LOWER_THIRD,ROWS_EXTENDED_11_PLUS,4507.9,PREV_CLOSE_PROXY,,NEUTRAL,4524.91,4492.2125,32.6975,False,4492.8325,32.0775,False,False,ROLLING_LEVEL_RESIDUAL,superset_base_level_original_median,31.03977,True
2026-05-25,2026-05-22,L6,RANGE_COMPRESSED_0_60,CLOSE_POS_LOWER_THIRD,ROWS_EXTENDED_11_PLUS,4507.9,PREV_CLOSE_PROXY,,NEUTRAL,4494.67,4470.3975,24.2725,False,4470.735,23.935,False,False,ROLLING_RANGE_LEVEL_RESIDUAL,superset_base_range_superset_median,33.86171,True
2026-05-25,2026-05-22,L7,RANGE_COMPRESSED_0_60,CLOSE_POS_LOWER_THIRD,ROWS_EXTENDED_11_PLUS,4507.9,PREV_CLOSE_PROXY,,NEUTRAL,4462.89,4448.5825,14.3075,False,4447.546875,15.343125,False,False,ROLLING_LEVEL_RESIDUAL,superset_base_level_superset_median,38.125757,True
2026-05-26,2026-05-25,L4,RANGE_COMPRESSED_0_60,CLOSE_POS_UPPER_THIRD,ROWS_STANDARD_9_10,4570.94,PREV_CLOSE_PROXY,,NEUTRAL,4593.58,4581.478854,12.101146,False,4584.760729,8.819271,False,False,ROLLING_CHANNEL_LEVEL_RESIDUAL,superset_base_channel_original_median,40.389821,True
2026-05-26,2026-05-25,L5,RANGE_COMPRESSED_0_60,CLOSE_POS_UPPER_THIRD,ROWS_STANDARD_9_10,4570.94,PREV_CLOSE_PROXY,,NEUTRAL,4562.44,4548.303317,14.136683,False,4549.128317,13.311683,False,False,ROLLING_SOURCE_LEVEL_RESIDUAL,superset_base_source_superset_median,44.028979,True
2026-05-26,2026-05-25,L6,RANGE_COMPRESSED_0_60,CLOSE_POS_UPPER_THIRD,ROWS_STANDARD_9_10,4570.94,PREV_CLOSE_PROXY,,NEUTRAL,4529.9,4512.1075,17.7925,False,4509.919135,19.980865,False,False,ROLLING_LEVEL_RESIDUAL,superset_base_level_original_mean,38.055215,True
2026-05-26,2026-05-25,L7,RANGE_COMPRESSED_0_60,CLOSE_POS_UPPER_THIRD,ROWS_STANDARD_9_10,4570.94,PREV_CLOSE_PROXY,,NEUTRAL,4499.76,4473.2375,26.5225,False,4472.2425,27.5175,False,False,ROLLING_SOURCE_LEVEL_RESIDUAL,superset_base_source_superset_median,35.980015,True
2026-05-27,2026-05-26,L4,RANGE_NORMAL_60_120,CLOSE_POS_LOWER_THIRD,ROWS_SPARSE_1_8,4507.47,PREV_CLOSE_PROXY,,NEUTRAL,4530.95,4530.09,0.86,True,4533.41,2.46,True,True,ROLLING_LEVEL_RESIDUAL,superset_base_level_superset_median,36.098496,True
2026-05-27,2026-05-26,L5,RANGE_NORMAL_60_120,CLOSE_POS_LOWER_THIRD,ROWS_SPARSE_1_8,4507.47,PREV_CLOSE_PROXY,,NEUTRAL,4496.68,4497.99,1.31,True,4498.815,2.135,True,True,ROLLING_LEVEL_RESIDUAL,superset_base_level_original_median,39.714962,True
2026-05-27,2026-05-26,L6,RANGE_NORMAL_60_120,CLOSE_POS_LOWER_THIRD,ROWS_SPARSE_1_8,4507.47,PREV_CLOSE_PROXY,,NEUTRAL,4459.72,4467.99,8.27,False,4465.924974,6.204974,False,False,ROLLING_LEVEL_RESIDUAL,superset_base_level_original_mean,36.364491,True
2026-05-27,2026-05-26,L7,RANGE_NORMAL_60_120,CLOSE_POS_LOWER_THIRD,ROWS_SPARSE_1_8,4507.47,PREV_CLOSE_PROXY,,NEUTRAL,4421.27,4435.89,14.62,False,4431.011203,9.741203,False,False,ROLLING_LEVEL_RESIDUAL,superset_base_level_superset_mean,33.900923,True
2026-05-28,2026-05-27,L4,RANGE_WIDE_120_220,CLOSE_POS_MIDDLE_THIRD,ROWS_STANDARD_9_10,4456.18,PREV_CLOSE_PROXY,,NEUTRAL,4495.53,4503.77,8.24,False,4506.4025,10.8725,False,False,ROLLING_REGIME_LEVEL_RESIDUAL,superset_base_regime_superset_recent5_median,35.769737,True
2026-05-28,2026-05-27,L5,RANGE_WIDE_120_220,CLOSE_POS_MIDDLE_THIRD,ROWS_STANDARD_9_10,4456.18,PREV_CLOSE_PROXY,,NEUTRAL,4466.16,4463.885,2.275,True,4457.8875,8.2725,False,False,ROLLING_ROW_LEVEL_RESIDUAL,superset_base_rows_superset_q25,32.181779,True
2026-05-28,2026-05-27,L6,RANGE_WIDE_120_220,CLOSE_POS_MIDDLE_THIRD,ROWS_STANDARD_9_10,4456.18,PREV_CLOSE_PROXY,,NEUTRAL,4424.0,4433.885,9.885,False,4435.835625,11.835625,False,False,ROLLING_ROW_LEVEL_RESIDUAL,superset_base_rows_expanded_median,35.875504,True
2026-05-28,2026-05-27,L7,RANGE_WIDE_120_220,CLOSE_POS_MIDDLE_THIRD,ROWS_STANDARD_9_10,4456.18,PREV_CLOSE_PROXY,,NEUTRAL,4379.41,4422.295,42.885,False,4423.7675,44.3575,False,False,ROLLING_REGIME_LEVEL_RESIDUAL,superset_base_regime_original_recent12_median,42.169497,True
2026-05-29,2026-05-28,L4,RANGE_WIDE_120_220,CLOSE_POS_UPPER_THIRD,ROWS_EXTENDED_11_PLUS,4495.64,PREV_CLOSE_PROXY,,NEUTRAL,4586.39,4569.05,17.34,False,4558.685,27.705,False,False,ROLLING_RANGE_LEVEL_RESIDUAL,original_base_range_superset_q25,25.34153,True
2026-05-29,2026-05-28,L5,RANGE_WIDE_120_220,CLOSE_POS_UPPER_THIRD,ROWS_EXTENDED_11_PLUS,4495.64,PREV_CLOSE_PROXY,,NEUTRAL,4557.79,4524.05,33.74,False,4522.2325,35.5575,False,False,ROLLING_RANGE_LEVEL_RESIDUAL,superset_base_range_superset_median,28.041057,True
2026-05-29,2026-05-28,L6,RANGE_WIDE_120_220,CLOSE_POS_UPPER_THIRD,ROWS_EXTENDED_11_PLUS,4495.64,PREV_CLOSE_PROXY,,NEUTRAL,4527.81,4501.55,26.26,False,4501.16654,26.64346,False,False,ROLLING_RANGE_LEVEL_RESIDUAL,superset_base_range_superset_median,25.527441,True
2026-05-29,2026-05-28,L7,RANGE_WIDE_120_220,CLOSE_POS_UPPER_THIRD,ROWS_EXTENDED_11_PLUS,4495.64,PREV_CLOSE_PROXY,,NEUTRAL,4495.62,4479.05,16.57,False,4479.448125,16.171875,False,False,ROLLING_REGIME_LEVEL_RESIDUAL,superset_base_regime_original_recent12_median,17.914027,True
2026-06-01,2026-05-29,L4,RANGE_NORMAL_60_120,CLOSE_POS_MIDDLE_THIRD,ROWS_EXTENDED_11_PLUS,4541.13,PREV_CLOSE_PROXY,,NEUTRAL,4607.94,4593.3225,14.6175,False,4598.063998,9.876002,False,False,ROLLING_RANGE_LEVEL_RESIDUAL,superset_base_range_original_mean,34.033884,False
2026-06-01,2026-05-29,L5,RANGE_NORMAL_60_120,CLOSE_POS_MIDDLE_THIRD,ROWS_EXTENDED_11_PLUS,4541.13,PREV_CLOSE_PROXY,,NEUTRAL,4580.08,4608.3225,28.2425,False,4608.795,28.715,False,False,ROLLING_LEVEL_RESIDUAL,superset_base_level_superset_median,37.210147,False
2026-06-01,2026-05-29,L6,RANGE_NORMAL_60_120,CLOSE_POS_MIDDLE_THIRD,ROWS_EXTENDED_11_PLUS,4541.13,PREV_CLOSE_PROXY,,NEUTRAL,4547.84,4568.795,20.955,False,4566.642762,18.802762,False,False,ROLLING_RANGE_CLOSE_LEVEL_RESIDUAL,superset_base_range_close_superset_mean,36.286631,False
2026-06-01,2026-05-29,L7,RANGE_NORMAL_60_120,CLOSE_POS_MIDDLE_THIRD,ROWS_EXTENDED_11_PLUS,4541.13,PREV_CLOSE_PROXY,,NEUTRAL,4521.97,4529.70604,7.73604,False,4524.600004,2.630004,True,True,ROLLING_LEVEL_RESIDUAL,superset_base_level_original_mean,34.837955,False
2026-06-02,2026-06-01,L4,RANGE_NORMAL_60_120,CLOSE_POS_MIDDLE_THIRD,ROWS_SPARSE_1_8,4484.66,PREV_CLOSE_PROXY,,NEUTRAL,4489.47,4494.793333,5.323333,False,4498.619583,9.149583,False,False,ROLLING_RANGE_LEVEL_RESIDUAL,original_base_range_original_median,42.370154,True
2026-06-02,2026-06-01,L5,RANGE_NORMAL_60_120,CLOSE_POS_MIDDLE_THIRD,ROWS_SPARSE_1_8,4484.66,PREV_CLOSE_PROXY,,NEUTRAL,4457.53,4459.755,2.225,True,4460.20125,2.67125,True,True,ROLLING_LEVEL_RESIDUAL,superset_base_level_superset_median,36.937659,True
2026-06-02,2026-06-01,L6,RANGE_NORMAL_60_120,CLOSE_POS_MIDDLE_THIRD,ROWS_SPARSE_1_8,4484.66,PREV_CLOSE_PROXY,,NEUTRAL,4426.17,4417.4,8.77,False,4416.493548,9.676452,False,False,ROLLING_RANGE_CLOSE_LEVEL_RESIDUAL,original_base_range_close_expanded_mean,37.714114,True
2026-06-02,2026-06-01,L7,RANGE_NORMAL_60_120,CLOSE_POS_MIDDLE_THIRD,ROWS_SPARSE_1_8,4484.66,PREV_CLOSE_PROXY,,NEUTRAL,4396.14,4369.085,27.055,False,4368.745,27.395,False,False,ROLLING_RANGE_LEVEL_RESIDUAL,superset_base_range_original_median,37.210454,True
2026-06-03,2026-06-02,L4,RANGE_NORMAL_60_120,CLOSE_POS_LOWER_THIRD,ROWS_STANDARD_9_10,4487.83,PREV_CLOSE_PROXY,,NEUTRAL,4539.09,4530.79375,8.29625,False,4535.78463,3.30537,False,True,ROLLING_ROW_LEVEL_RESIDUAL,superset_base_rows_superset_mean,36.308584,True
2026-06-03,2026-06-02,L5,RANGE_NORMAL_60_120,CLOSE_POS_LOWER_THIRD,ROWS_STANDARD_9_10,4487.83,PREV_CLOSE_PROXY,,NEUTRAL,4513.17,4521.8625,8.6925,False,4523.202542,10.032542,False,False,ROLLING_ROW_LEVEL_RESIDUAL,superset_base_rows_superset_median,41.198313,True
2026-06-03,2026-06-02,L6,RANGE_NORMAL_60_120,CLOSE_POS_LOWER_THIRD,ROWS_STANDARD_9_10,4487.83,PREV_CLOSE_PROXY,,NEUTRAL,4485.61,4486.035208,0.425208,True,4486.692708,1.082708,True,True,ROLLING_ROW_LEVEL_RESIDUAL,superset_base_rows_original_median,36.488154,True
2026-06-03,2026-06-02,L7,RANGE_NORMAL_60_120,CLOSE_POS_LOWER_THIRD,ROWS_STANDARD_9_10,4487.83,PREV_CLOSE_PROXY,,NEUTRAL,4455.8,4462.95,7.15,False,4456.57625,0.77625,True,True,ROLLING_REGIME_LEVEL_RESIDUAL,superset_base_regime_original_recent20_median,35.382022,True
2026-06-04,2026-06-03,L4,RANGE_NORMAL_60_120,CLOSE_POS_LOWER_THIRD,ROWS_SPARSE_1_8,4434.35,PREV_CLOSE_PROXY,,NEUTRAL,4457.9,4460.31375,2.41375,True,4463.63375,5.73375,False,False,ROLLING_LEVEL_RESIDUAL,superset_base_level_superset_median,43.047843,True
2026-06-04,2026-06-03,L5,RANGE_NORMAL_60_120,CLOSE_POS_LOWER_THIRD,ROWS_SPARSE_1_8,4434.35,PREV_CLOSE_PROXY,,NEUTRAL,4427.93,4432.7525,4.8225,True,4433.3725,5.4425,False,False,ROLLING_LEVEL_RESIDUAL,superset_base_level_original_median,40.951558,True
2026-06-04,2026-06-03,L6,RANGE_NORMAL_60_120,CLOSE_POS_LOWER_THIRD,ROWS_SPARSE_1_8,4434.35,PREV_CLOSE_PROXY,,NEUTRAL,4399.02,4396.38,2.64,True,4393.975177,5.044823,False,False,ROLLING_SOURCE_LEVEL_RESIDUAL,superset_base_source_original_mean,39.854544,True
2026-06-04,2026-06-03,L7,RANGE_NORMAL_60_120,CLOSE_POS_LOWER_THIRD,ROWS_SPARSE_1_8,4434.35,PREV_CLOSE_PROXY,,NEUTRAL,4371.46,4371.2575,0.2025,True,4365.72375,5.73625,False,False,ROLLING_REGIME_LEVEL_RESIDUAL,superset_base_regime_original_recent20_median,40.292916,True
2026-06-05,2026-06-04,L4,RANGE_NORMAL_60_120,CLOSE_POS_MIDDLE_THIRD,ROWS_STANDARD_9_10,4475.16,PREV_CLOSE_PROXY,,NEUTRAL,4514.07,4515.06,0.99,True,4518.376607,4.306607,False,True,ROLLING_REGIME_LEVEL_RESIDUAL,superset_base_regime_original_mean,46.083772,True
2026-06-05,2026-06-04,L5,RANGE_NORMAL_60_120,CLOSE_POS_MIDDLE_THIRD,ROWS_STANDARD_9_10,4475.16,PREV_CLOSE_PROXY,,NEUTRAL,4489.65,4484.67,4.98,True,4485.02,4.63,False,True,ROLLING_LEVEL_RESIDUAL,superset_base_level_superset_median,44.756715,True
2026-06-05,2026-06-04,L6,RANGE_NORMAL_60_120,CLOSE_POS_MIDDLE_THIRD,ROWS_STANDARD_9_10,4475.16,PREV_CLOSE_PROXY,,NEUTRAL,4460.74,4454.67,6.07,False,4454.70685,6.03315,False,False,ROLLING_SOURCE_LEVEL_RESIDUAL,superset_base_source_superset_median,41.309937,True
2026-06-05,2026-06-04,L7,RANGE_NORMAL_60_120,CLOSE_POS_MIDDLE_THIRD,ROWS_STANDARD_9_10,4475.16,PREV_CLOSE_PROXY,,NEUTRAL,4432.43,4439.475,7.045,False,4439.220625,6.790625,False,False,ROLLING_RANGE_LEVEL_RESIDUAL,superset_base_range_original_median,40.287933,True
2026-06-08,2026-06-05,L4,RANGE_WIDE_120_220,CLOSE_POS_LOWER_THIRD,ROWS_STANDARD_9_10,4328.02,PREV_CLOSE_PROXY,,NEUTRAL,4373.8,4377.54456,3.74456,True,4377.911746,4.111746,False,True,ROLLING_REGIME_LEVEL_RESIDUAL,superset_base_regime_original_mean,42.437435,True
2026-06-08,2026-06-05,L5,RANGE_WIDE_120_220,CLOSE_POS_LOWER_THIRD,ROWS_STANDARD_9_10,4328.02,PREV_CLOSE_PROXY,,NEUTRAL,4347.87,4354.83,6.96,False,4355.3025,7.4325,False,False,ROLLING_REGIME_LEVEL_RESIDUAL,superset_base_regime_superset_recent5_median,46.105359,True
2026-06-08,2026-06-05,L6,RANGE_WIDE_120_220,CLOSE_POS_LOWER_THIRD,ROWS_STANDARD_9_10,4328.02,PREV_CLOSE_PROXY,,NEUTRAL,4310.51,4309.44,1.07,True,4309.89625,0.61375,True,True,ROLLING_LEVEL_RESIDUAL,superset_base_level_original_median,41.262292,True
2026-06-08,2026-06-05,L7,RANGE_WIDE_120_220,CLOSE_POS_LOWER_THIRD,ROWS_STANDARD_9_10,4328.02,PREV_CLOSE_PROXY,,NEUTRAL,4281.09,4281.81,0.72,True,4280.45,0.64,True,True,ROLLING_REGIME_LEVEL_RESIDUAL,superset_base_regime_original_median,44.040186,True
2026-06-09,2026-06-08,L4,RANGE_NORMAL_60_120,CLOSE_POS_UPPER_THIRD,ROWS_SPARSE_1_8,4329.71,PREV_CLOSE_PROXY,,NEUTRAL,4370.04,4342.7725,27.2675,False,4346.06875,23.97125,False,False,ROLLING_RANGE_LEVEL_RESIDUAL,superset_base_range_original_median,42.213245,True
2026-06-09,2026-06-08,L5,RANGE_NORMAL_60_120,CLOSE_POS_UPPER_THIRD,ROWS_SPARSE_1_8,4329.71,PREV_CLOSE_PROXY,,NEUTRAL,4342.11,4332.145,9.965,False,4328.368438,13.741562,False,False,ROLLING_RANGE_CLOSE_LEVEL_RESIDUAL,superset_base_range_close_original_q25,46.557375,True
2026-06-09,2026-06-08,L6,RANGE_NORMAL_60_120,CLOSE_POS_UPPER_THIRD,ROWS_SPARSE_1_8,4329.71,PREV_CLOSE_PROXY,,NEUTRAL,4313.53,4311.5125,2.0175,True,4312.84,0.69,True,True,ROLLING_RANGE_CLOSE_LEVEL_RESIDUAL,superset_base_range_close_superset_median,49.147706,True
2026-06-09,2026-06-08,L7,RANGE_NORMAL_60_120,CLOSE_POS_UPPER_THIRD,ROWS_SPARSE_1_8,4329.71,PREV_CLOSE_PROXY,,NEUTRAL,4284.94,4279.0075,5.9325,False,4279.36,5.58,False,False,ROLLING_RANGE_CLOSE_LEVEL_RESIDUAL,superset_base_range_close_superset_median,40.870793,True
2026-06-10,2026-06-09,L4,RANGE_WIDE_120_220,CLOSE_POS_LOWER_THIRD,ROWS_STANDARD_9_10,4259.46,PREV_CLOSE_PROXY,,NEUTRAL,4253.47,4279.123291,25.653291,False,4279.079302,25.609302,False,False,ROLLING_REGIME_LEVEL_RESIDUAL,superset_base_regime_original_mean,41.485988,True
2026-06-10,2026-06-09,L5,RANGE_WIDE_120_220,CLOSE_POS_LOWER_THIRD,ROWS_STANDARD_9_10,4259.46,PREV_CLOSE_PROXY,,NEUTRAL,4222.84,4259.46,36.62,False,4259.88,37.04,False,False,ROLLING_REGIME_LEVEL_RESIDUAL,superset_base_regime_original_recent20_median,45.183913,True
2026-06-10,2026-06-09,L6,RANGE_WIDE_120_220,CLOSE_POS_LOWER_THIRD,ROWS_STANDARD_9_10,4259.46,PREV_CLOSE_PROXY,,NEUTRAL,4186.38,4226.4275,40.0475,False,4227.4975,41.1175,False,False,ROLLING_REGIME_LEVEL_RESIDUAL,superset_base_regime_original_median,44.921432,True
2026-06-10,2026-06-09,L7,RANGE_WIDE_120_220,CLOSE_POS_LOWER_THIRD,ROWS_STANDARD_9_10,4259.46,PREV_CLOSE_PROXY,,NEUTRAL,4144.02,4187.1925,43.1725,False,4186.0525,42.0325,False,False,ROLLING_REGIME_LEVEL_RESIDUAL,superset_base_regime_original_median,52.022297,True
2026-06-11,2026-06-10,L4,RANGE_WIDE_120_220,CLOSE_POS_LOWER_THIRD,ROWS_EXTENDED_11_PLUS,4071.32,PREV_CLOSE_PROXY,,NEUTRAL,4194.64,4257.92,63.28,False,4255.74,61.1,False,False,ROLLING_REGIME_LEVEL_RESIDUAL,superset_base_regime_original_recent8_median,28.575412,True
2026-06-11,2026-06-10,L5,RANGE_WIDE_120_220,CLOSE_POS_LOWER_THIRD,ROWS_EXTENDED_11_PLUS,4071.32,PREV_CLOSE_PROXY,,NEUTRAL,4165.1,4202.7,37.6,False,4197.105,32.005,False,False,ROLLING_REGIME_LEVEL_RESIDUAL,superset_base_regime_superset_recent8_median,26.791563,True
2026-06-11,2026-06-10,L6,RANGE_WIDE_120_220,CLOSE_POS_LOWER_THIRD,ROWS_EXTENDED_11_PLUS,4071.32,PREV_CLOSE_PROXY,,NEUTRAL,4130.78,4149.87,19.09,False,4137.12183,6.34183,False,False,ROLLING_REGIME_LEVEL_RESIDUAL,superset_base_regime_superset_recent8_median,24.776044,True
2026-06-11,2026-06-10,L7,RANGE_WIDE_120_220,CLOSE_POS_LOWER_THIRD,ROWS_EXTENDED_11_PLUS,4071.32,PREV_CLOSE_PROXY,,NEUTRAL,4097.25,4090.9,6.35,False,4071.43,25.82,False,False,ROLLING_REGIME_LEVEL_RESIDUAL,superset_base_regime_original_median,27.836707,True
2026-06-12,2026-06-11,L4,RANGE_WIDE_120_220,CLOSE_POS_UPPER_THIRD,ROWS_EXTENDED_11_PLUS,4210.77,PREV_CLOSE_PROXY,,NEUTRAL,4220.33,4250.14,29.81,False,4244.816667,24.486667,False,False,ROLLING_LEVEL_RESIDUAL,original_base_level_superset_q25,20.23609,True
2026-06-12,2026-06-11,L5,RANGE_WIDE_120_220,CLOSE_POS_UPPER_THIRD,ROWS_EXTENDED_11_PLUS,4210.77,PREV_CLOSE_PROXY,,NEUTRAL,4184.94,4192.285313,7.345313,False,4192.285313,7.345313,False,False,ROLLING_BASE_SUPERSET,EXPANDED_ORACLE_BETTER,29.771078,True
2026-06-12,2026-06-11,L6,RANGE_WIDE_120_220,CLOSE_POS_UPPER_THIRD,ROWS_EXTENDED_11_PLUS,4210.77,PREV_CLOSE_PROXY,,NEUTRAL,4161.3,4162.894616,1.594616,True,4165.28875,3.98875,False,True,ROLLING_BASE_ORIGINAL,MODE_C_BALANCED,30.540334,True
2026-06-12,2026-06-11,L7,RANGE_WIDE_120_220,CLOSE_POS_UPPER_THIRD,ROWS_EXTENDED_11_PLUS,4210.77,PREV_CLOSE_PROXY,,NEUTRAL,4130.89,4135.28875,4.39875,True,4146.026875,15.136875,False,False,ROLLING_LEVEL_RESIDUAL,superset_base_level_superset_q75,21.818003,True
2026-06-15,2026-06-12,L4,RANGE_NORMAL_60_120,CLOSE_POS_MIDDLE_THIRD,ROWS_EXTENDED_11_PLUS,4218.5,PREV_CLOSE_PROXY,,NEUTRAL,4345.41,4289.91875,55.49125,False,4288.600938,56.809062,False,False,ROLLING_RANGE_LEVEL_RESIDUAL,superset_base_range_expanded_q25,34.445897,True
2026-06-15,2026-06-12,L5,RANGE_NORMAL_60_120,CLOSE_POS_MIDDLE_THIRD,ROWS_EXTENDED_11_PLUS,4218.5,PREV_CLOSE_PROXY,,NEUTRAL,4313.94,4263.34125,50.59875,False,4263.344583,50.595417,False,False,ROLLING_LEVEL_RESIDUAL,superset_base_level_superset_median,41.853075,True
2026-06-15,2026-06-12,L6,RANGE_NORMAL_60_120,CLOSE_POS_MIDDLE_THIRD,ROWS_EXTENDED_11_PLUS,4218.5,PREV_CLOSE_PROXY,,NEUTRAL,4281.24,4227.5525,53.6875,False,4225.341525,55.898475,False,False,ROLLING_LEVEL_RESIDUAL,superset_base_level_original_mean,38.973696,True
2026-06-15,2026-06-12,L7,RANGE_NORMAL_60_120,CLOSE_POS_MIDDLE_THIRD,ROWS_EXTENDED_11_PLUS,4218.5,PREV_CLOSE_PROXY,,NEUTRAL,4248.13,4198.18396,49.94604,False,4193.197094,54.932906,False,False,ROLLING_LEVEL_RESIDUAL,superset_base_level_original_mean,40.832508,True
2026-06-16,2026-06-15,L4,RANGE_NORMAL_60_120,CLOSE_POS_MIDDLE_THIRD,ROWS_STANDARD_9_10,4309.03,PREV_CLOSE_PROXY,,NEUTRAL,4358.15,4364.7475,6.5975,False,4367.868352,9.718352,False,False,ROLLING_REGIME_LEVEL_RESIDUAL,superset_base_regime_original_mean,35.949799,True
2026-06-16,2026-06-15,L5,RANGE_NORMAL_60_120,CLOSE_POS_MIDDLE_THIRD,ROWS_STANDARD_9_10,4309.03,PREV_CLOSE_PROXY,,NEUTRAL,4329.57,4329.875,0.305,True,4330.051667,0.481667,True,True,ROLLING_LEVEL_RESIDUAL,superset_base_level_superset_median,34.523559,True
2026-06-16,2026-06-15,L6,RANGE_NORMAL_60_120,CLOSE_POS_MIDDLE_THIRD,ROWS_STANDARD_9_10,4309.03,PREV_CLOSE_PROXY,,NEUTRAL,4300.22,4300.91509,0.69509,True,4302.41259,2.19259,True,True,ROLLING_RANGE_LEVEL_RESIDUAL,superset_base_range_original_median,28.299555,True
2026-06-16,2026-06-15,L7,RANGE_NORMAL_60_120,CLOSE_POS_MIDDLE_THIRD,ROWS_STANDARD_9_10,4309.03,PREV_CLOSE_PROXY,,NEUTRAL,4271.91,4265.0025,6.9075,False,4263.8925,8.0175,False,False,ROLLING_ROW_LEVEL_RESIDUAL,superset_base_rows_original_median,29.268519,True
2026-06-17,2026-06-16,L4,RANGE_COMPRESSED_0_60,CLOSE_POS_MIDDLE_THIRD,ROWS_STANDARD_9_10,4331.14,PREV_CLOSE_PROXY,,NEUTRAL,4385.49,4394.8675,9.3775,False,4398.977998,13.487998,False,False,ROLLING_ROW_LEVEL_RESIDUAL,superset_base_rows_original_mean,32.577705,True
2026-06-17,2026-06-16,L5,RANGE_COMPRESSED_0_60,CLOSE_POS_MIDDLE_THIRD,ROWS_STANDARD_9_10,4331.14,PREV_CLOSE_PROXY,,NEUTRAL,4350.94,4342.615,8.325,False,4343.69875,7.24125,False,False,ROLLING_ROW_LEVEL_RESIDUAL,superset_base_rows_superset_median,35.380303,True
2026-06-17,2026-06-16,L6,RANGE_COMPRESSED_0_60,CLOSE_POS_MIDDLE_THIRD,ROWS_STANDARD_9_10,4331.14,PREV_CLOSE_PROXY,,NEUTRAL,4322.25,4330.28,8.03,False,4330.6325,8.3825,False,False,ROLLING_LEVEL_RESIDUAL,superset_base_level_original_median,34.659472,True
2026-06-17,2026-06-16,L7,RANGE_COMPRESSED_0_60,CLOSE_POS_MIDDLE_THIRD,ROWS_STANDARD_9_10,4331.14,PREV_CLOSE_PROXY,,NEUTRAL,4290.28,4290.61,0.33,True,4275.61,14.67,False,False,ROLLING_BASE_ORIGINAL,MODE_B_EMA_CHANNEL_DIRECTION_HEAVY,34.553422,True
2026-06-18,2026-06-17,L4,RANGE_WIDE_120_220,CLOSE_POS_LOWER_THIRD,ROWS_SPARSE_1_8,4257.74,PREV_CLOSE_PROXY,,NEUTRAL,4293.9,4281.47172,12.42828,False,4284.60172,9.29828,False,False,ROLLING_LEVEL_RESIDUAL,superset_base_level_original_median,26.128113,True
2026-06-18,2026-06-17,L5,RANGE_WIDE_120_220,CLOSE_POS_LOWER_THIRD,ROWS_SPARSE_1_8,4257.74,PREV_CLOSE_PROXY,,NEUTRAL,4262.79,4243.2125,19.5775,False,4240.714995,22.075005,False,False,ROLLING_RANGE_LEVEL_RESIDUAL,superset_base_range_original_mean,36.285689,True
2026-06-18,2026-06-17,L6,RANGE_WIDE_120_220,CLOSE_POS_LOWER_THIRD,ROWS_SPARSE_1_8,4257.74,PREV_CLOSE_PROXY,,NEUTRAL,4235.68,4213.2125,22.4675,False,4213.55,22.13,False,False,ROLLING_LEVEL_RESIDUAL,superset_base_level_original_median,38.303181,True
2026-06-18,2026-06-17,L7,RANGE_WIDE_120_220,CLOSE_POS_LOWER_THIRD,ROWS_SPARSE_1_8,4257.74,PREV_CLOSE_PROXY,,NEUTRAL,4203.55,4164.8475,38.7025,False,4164.0475,39.5025,False,False,ROLLING_LEVEL_RESIDUAL,superset_base_level_superset_median,36.136215,True
2026-06-19,2026-06-18,L4,RANGE_WIDE_120_220,CLOSE_POS_LOWER_THIRD,ROWS_STANDARD_9_10,4209.04,PREV_CLOSE_PROXY,,NEUTRAL,4332.32,4280.91738,51.40262,False,4278.545273,53.774727,False,False,ROLLING_REGIME_LEVEL_RESIDUAL,superset_base_regime_original_mean,29.976549,True
2026-06-19,2026-06-18,L5,RANGE_WIDE_120_220,CLOSE_POS_LOWER_THIRD,ROWS_STANDARD_9_10,4209.04,PREV_CLOSE_PROXY,,NEUTRAL,4301.82,4247.564146,54.255854,False,4246.219146,55.600854,False,False,ROLLING_REGIME_LEVEL_RESIDUAL,superset_base_regime_superset_recent12_median,39.140619,True
2026-06-19,2026-06-18,L6,RANGE_WIDE_120_220,CLOSE_POS_LOWER_THIRD,ROWS_STANDARD_9_10,4209.04,PREV_CLOSE_PROXY,,NEUTRAL,4270.84,4221.36125,49.47875,False,4222.17625,48.66375,False,False,ROLLING_REGIME_LEVEL_RESIDUAL,superset_base_regime_original_recent20_median,34.232251,True
2026-06-19,2026-06-18,L7,RANGE_WIDE_120_220,CLOSE_POS_LOWER_THIRD,ROWS_STANDARD_9_10,4209.04,PREV_CLOSE_PROXY,,NEUTRAL,4241.28,4201.56,39.72,False,4200.2,41.08,False,False,ROLLING_REGIME_LEVEL_RESIDUAL,superset_base_regime_original_recent20_median,41.441037,True
2026-06-22,2026-06-19,L4,RANGE_NORMAL_60_120,CLOSE_POS_MIDDLE_THIRD,ROWS_STANDARD_9_10,4155.81,PREV_CLOSE_PROXY,,NEUTRAL,4216.38,4213.1275,3.2525,True,4215.825815,0.554185,True,True,ROLLING_REGIME_LEVEL_RESIDUAL,superset_base_regime_original_mean,35.712668,True
2026-06-22,2026-06-19,L5,RANGE_NORMAL_60_120,CLOSE_POS_MIDDLE_THIRD,ROWS_STANDARD_9_10,4155.81,PREV_CLOSE_PROXY,,NEUTRAL,4178.43,4182.705,4.275,True,4183.09,4.66,False,True,ROLLING_LEVEL_RESIDUAL,superset_base_level_superset_median,38.889517,True
2026-06-22,2026-06-19,L6,RANGE_NORMAL_60_120,CLOSE_POS_MIDDLE_THIRD,ROWS_STANDARD_9_10,4155.81,PREV_CLOSE_PROXY,,NEUTRAL,4140.8,4154.79529,13.99529,False,4154.99529,14.19529,False,False,ROLLING_SOURCE_LEVEL_RESIDUAL,superset_base_source_superset_median,32.772815,True
2026-06-22,2026-06-19,L7,RANGE_NORMAL_60_120,CLOSE_POS_MIDDLE_THIRD,ROWS_STANDARD_9_10,4155.81,PREV_CLOSE_PROXY,,NEUTRAL,4106.42,4122.2825,15.8625,False,4118.289272,11.869272,False,False,ROLLING_LEVEL_RESIDUAL,superset_base_level_original_mean,31.685437,True
2026-06-23,2026-06-22,L4,RANGE_NORMAL_60_120,CLOSE_POS_MIDDLE_THIRD,ROWS_STANDARD_9_10,4191.26,PREV_CLOSE_PROXY,,NEUTRAL,4212.81,4207.97875,4.83125,True,4210.700156,2.109844,True,True,ROLLING_REGIME_LEVEL_RESIDUAL,superset_base_regime_original_mean,48.056059,True
2026-06-23,2026-06-22,L5,RANGE_NORMAL_60_120,CLOSE_POS_MIDDLE_THIRD,ROWS_STANDARD_9_10,4191.26,PREV_CLOSE_PROXY,,NEUTRAL,4174.21,4168.59562,5.61438,False,4168.94562,5.26438,False,False,ROLLING_LEVEL_RESIDUAL,superset_base_level_superset_median,43.019211,True
2026-06-23,2026-06-22,L6,RANGE_NORMAL_60_120,CLOSE_POS_MIDDLE_THIRD,ROWS_STANDARD_9_10,4191.26,PREV_CLOSE_PROXY,,NEUTRAL,4137.23,4166.10531,28.87531,False,4165.73531,28.50531,False,False,ROLLING_RANGE_CLOSE_LEVEL_RESIDUAL,superset_base_range_close_superset_median,36.654325,True
2026-06-23,2026-06-22,L7,RANGE_NORMAL_60_120,CLOSE_POS_MIDDLE_THIRD,ROWS_STANDARD_9_10,4191.26,PREV_CLOSE_PROXY,,NEUTRAL,4101.88,4134.8875,33.0075,False,4134.1675,32.2875,False,False,ROLLING_ROW_LEVEL_RESIDUAL,superset_base_rows_original_median,34.414246,True
2026-06-25,2026-06-24,L4,RANGE_WIDE_120_220,CLOSE_POS_LOWER_THIRD,ROWS_STANDARD_9_10,3999.01,PREV_CLOSE_PROXY,,NEUTRAL,4098.68,4058.29158,40.38842,False,4060.4007,38.2793,False,False,ROLLING_REGIME_LEVEL_RESIDUAL,superset_base_regime_original_mean,33.223679,False
2026-06-25,2026-06-24,L5,RANGE_WIDE_120_220,CLOSE_POS_LOWER_THIRD,ROWS_STANDARD_9_10,3999.01,PREV_CLOSE_PROXY,,NEUTRAL,4062.96,4078.16375,15.20375,False,4078.54875,15.58875,False,False,ROLLING_LEVEL_RESIDUAL,superset_base_level_superset_median,36.615831,False
2026-06-25,2026-06-24,L6,RANGE_WIDE_120_220,CLOSE_POS_LOWER_THIRD,ROWS_STANDARD_9_10,3999.01,PREV_CLOSE_PROXY,,NEUTRAL,4029.12,4048.16375,19.04375,False,4049.23375,20.11375,False,False,ROLLING_REGIME_LEVEL_RESIDUAL,superset_base_regime_original_median,28.262411,False
2026-06-25,2026-06-24,L7,RANGE_WIDE_120_220,CLOSE_POS_LOWER_THIRD,ROWS_STANDARD_9_10,3999.01,PREV_CLOSE_PROXY,,NEUTRAL,3994.26,4006.7975,12.5375,False,4005.6575,11.3975,False,False,ROLLING_REGIME_LEVEL_RESIDUAL,superset_base_regime_original_median,32.785641,False
2026-06-26,2026-06-25,L4,RANGE_NORMAL_60_120,CLOSE_POS_UPPER_THIRD,ROWS_STANDARD_9_10,4026.59,PREV_CLOSE_PROXY,,NEUTRAL,4103.3,4088.15625,15.14375,False,4093.029777,10.270223,False,False,ROLLING_REGIME_LEVEL_RESIDUAL,superset_base_regime_original_mean,33.933048,True
2026-06-26,2026-06-25,L5,RANGE_NORMAL_60_120,CLOSE_POS_UPPER_THIRD,ROWS_STANDARD_9_10,4026.59,PREV_CLOSE_PROXY,,NEUTRAL,4070.91,4074.26,3.35,True,4070.8825,0.0275,True,True,ROLLING_RANGE_CLOSE_LEVEL_RESIDUAL,superset_base_range_close_original_q25,39.859002,True
2026-06-26,2026-06-25,L6,RANGE_NORMAL_60_120,CLOSE_POS_UPPER_THIRD,ROWS_STANDARD_9_10,4026.59,PREV_CLOSE_PROXY,,NEUTRAL,4036.2,4023.9675,12.2325,False,4025.33625,10.86375,False,False,ROLLING_RANGE_CLOSE_LEVEL_RESIDUAL,superset_base_range_close_superset_median,42.856986,True
2026-06-26,2026-06-25,L7,RANGE_NORMAL_60_120,CLOSE_POS_UPPER_THIRD,ROWS_STANDARD_9_10,4026.59,PREV_CLOSE_PROXY,,NEUTRAL,4003.24,4003.675,0.435,True,4003.766875,0.526875,True,True,ROLLING_REGIME_LEVEL_RESIDUAL,superset_base_regime_original_median,41.079036,True
2026-06-29,2026-06-26,L4,RANGE_NORMAL_60_120,CLOSE_POS_UPPER_THIRD,ROWS_STANDARD_9_10,4088.41,PREV_CLOSE_PROXY,,NEUTRAL,4097.6,4090.2975,7.3025,False,4095.525172,2.074828,True,True,ROLLING_REGIME_LEVEL_RESIDUAL,superset_base_regime_original_mean,40.988414,True
2026-06-29,2026-06-26,L5,RANGE_NORMAL_60_120,CLOSE_POS_UPPER_THIRD,ROWS_STANDARD_9_10,4088.41,PREV_CLOSE_PROXY,,NEUTRAL,4066.54,4072.43125,5.89125,False,4073.25125,6.71125,False,False,ROLLING_SOURCE_LEVEL_RESIDUAL,superset_base_source_superset_median,42.293536,True
2026-06-29,2026-06-26,L6,RANGE_NORMAL_60_120,CLOSE_POS_UPPER_THIRD,ROWS_STANDARD_9_10,4088.41,PREV_CLOSE_PROXY,,NEUTRAL,4039.56,4040.998125,1.438125,True,4042.46625,2.90625,True,True,ROLLING_RANGE_CLOSE_LEVEL_RESIDUAL,superset_base_range_close_superset_median,42.761763,True
2026-06-29,2026-06-26,L7,RANGE_NORMAL_60_120,CLOSE_POS_UPPER_THIRD,ROWS_STANDARD_9_10,4088.41,PREV_CLOSE_PROXY,,NEUTRAL,4003.96,4006.69875,2.73875,True,4006.53,2.57,True,True,ROLLING_REGIME_LEVEL_RESIDUAL,superset_base_regime_original_median,44.966667,True
2026-06-30,2026-06-29,L4,RANGE_NORMAL_60_120,CLOSE_POS_LOWER_THIRD,ROWS_STANDARD_9_10,4178.97,AUTO_JSON,ema_proxy_up,UP,4071.63,4072.66125,1.03125,True,4077.862164,6.232164,False,False,ROLLING_ROW_LEVEL_RESIDUAL,superset_base_rows_superset_mean,39.568313,True
2026-06-30,2026-06-29,L5,RANGE_NORMAL_60_120,CLOSE_POS_LOWER_THIRD,ROWS_STANDARD_9_10,4178.97,AUTO_JSON,ema_proxy_up,UP,4039.56,4031.785,7.775,False,4032.205,7.355,False,False,ROLLING_LEVEL_RESIDUAL,superset_base_level_original_median,44.21926,True
2026-06-30,2026-06-29,L6,RANGE_NORMAL_60_120,CLOSE_POS_LOWER_THIRD,ROWS_STANDARD_9_10,4178.97,AUTO_JSON,ema_proxy_up,UP,4005.44,4012.28125,6.84125,False,4010.545402,5.105402,False,False,ROLLING_LEVEL_RESIDUAL,superset_base_level_original_mean,41.848439,True
2026-06-30,2026-06-29,L7,RANGE_NORMAL_60_120,CLOSE_POS_LOWER_THIRD,ROWS_STANDARD_9_10,4178.97,AUTO_JSON,ema_proxy_up,UP,3967.25,3954.90375,12.34625,False,3949.769486,17.480514,False,False,ROLLING_ROW_LEVEL_RESIDUAL,superset_base_rows_superset_mean,46.724519,True
