level_date,prev_date,level_name,range_bucket,close_position_bucket,rows_bucket,live_reference_price,live_reference_source,live_channel_state,live_channel_norm,actual_published_level,original_oracle_candidate_price,original_oracle_abs_error,original_oracle_within_3,original_oracle_within_5,original_oracle_mode,original_oracle_rank,original_oracle_keys,expanded_oracle_candidate_price,expanded_oracle_abs_error,expanded_oracle_within_3,expanded_oracle_within_5,expanded_oracle_source_families,expanded_oracle_source_types,superset_audited_candidate_price,superset_audited_abs_error,superset_audited_within_3,superset_audited_within_5,superset_audited_source,expanded_minus_original_error,superset_violation,superset_lost_original_within_5,superset_audit_status,candidate_generation_recovered_within_5,candidate_generation_recovered_within_3
2025-10-02,2025-10-01,L4,RANGE_COMPRESSED_0_60,CLOSE_POS_LOWER_THIRD,ROWS_STANDARD_9_10,3865.54,PREV_CLOSE_PROXY,,NEUTRAL,3867.44,3884.8525,17.4125,False,False,MODE_C_BALANCED,1.0,prior_range_fraction::prev_range_0.75,3884.8525,17.4125,False,False,MICRO_OFFSET | MID_GAP | ORIGINAL_CLUSTER | QUARTER_ROUNDING,adjacent_cluster_midpoint | base_cluster | base_plus_+11 | base_plus_+13 | base_plus_+3 | base_plus_+5 | base_plus_+8 | base_plus_-11 | base_plus_-13 | base_plus_-3 | base_plus_-5 | base_plus_-8 | nearest_quarter_variant,3884.8525,17.4125,False,False,ORIGINAL_ORACLE_PRESERVED,0.0,False,False,SUPERSET_OK_GT10,False,False
2025-10-02,2025-10-01,L5,RANGE_COMPRESSED_0_60,CLOSE_POS_LOWER_THIRD,ROWS_STANDARD_9_10,3865.54,PREV_CLOSE_PROXY,,NEUTRAL,3849.38,3871.403333,22.023333,False,False,MODE_C_BALANCED,1.0,prior_hlc::previous_pivot_hlc3,3871.403333,22.023333,False,False,MICRO_OFFSET | MID_GAP | ORIGINAL_CLUSTER | QUARTER_ROUNDING,adjacent_cluster_midpoint | base_cluster | base_plus_+11 | base_plus_+13 | base_plus_+3 | base_plus_+5 | base_plus_+8 | base_plus_-11 | base_plus_-13 | base_plus_-3 | base_plus_-5 | base_plus_-8 | nearest_quarter_variant,3871.403333,22.023333,False,False,ORIGINAL_ORACLE_PRESERVED,0.0,False,False,SUPERSET_OK_GT10,False,False
2025-10-02,2025-10-01,L6,RANGE_COMPRESSED_0_60,CLOSE_POS_LOWER_THIRD,ROWS_STANDARD_9_10,3865.54,PREV_CLOSE_PROXY,,NEUTRAL,3832.79,3871.3175,38.5275,False,False,MODE_C_BALANCED,1.0,green_box_midline::green_mid_1,3871.3175,38.5275,False,False,MICRO_OFFSET | MID_GAP | ORIGINAL_CLUSTER | QUARTER_ROUNDING,adjacent_cluster_midpoint | base_cluster | base_plus_+11 | base_plus_+13 | base_plus_+3 | base_plus_+5 | base_plus_+8 | base_plus_-11 | base_plus_-13 | base_plus_-3 | base_plus_-5 | base_plus_-8 | nearest_quarter_variant,3871.3175,38.5275,False,False,ORIGINAL_ORACLE_PRESERVED,0.0,False,False,SUPERSET_OK_GT10,False,False
2025-10-02,2025-10-01,L7,RANGE_COMPRESSED_0_60,CLOSE_POS_LOWER_THIRD,ROWS_STANDARD_9_10,3865.54,PREV_CLOSE_PROXY,,NEUTRAL,3817.0,3850.32625,33.32625,False,False,MODE_C_BALANCED,1.0,red_box_quarter::red_box_2_25pct,3850.32625,33.32625,False,False,MICRO_OFFSET | MID_GAP | ORIGINAL_CLUSTER | QUARTER_ROUNDING,adjacent_cluster_midpoint | base_cluster | base_plus_+11 | base_plus_+13 | base_plus_+3 | base_plus_+5 | base_plus_+8 | base_plus_-11 | base_plus_-13 | base_plus_-3 | base_plus_-5 | base_plus_-8 | nearest_quarter_variant,3850.32625,33.32625,False,False,ORIGINAL_ORACLE_PRESERVED,0.0,False,False,SUPERSET_OK_GT10,False,False
2025-10-03,2025-10-02,L5,RANGE_NORMAL_60_120,CLOSE_POS_MIDDLE_THIRD,ROWS_STANDARD_9_10,3856.24,PREV_CLOSE_PROXY,,NEUTRAL,3833.88,3857.423333,23.543333,False,False,MODE_C_BALANCED,1.0,prior_hlc::previous_pivot_hlc3,3857.423333,23.543333,False,False,MICRO_OFFSET | MID_GAP | ORIGINAL_CLUSTER | QUARTER_ROUNDING,adjacent_cluster_midpoint | base_cluster | base_plus_+11 | base_plus_+13 | base_plus_+3 | base_plus_+5 | base_plus_+8 | base_plus_-11 | base_plus_-13 | base_plus_-3 | base_plus_-5 | base_plus_-8 | nearest_quarter_variant,3857.423333,23.543333,False,False,ORIGINAL_ORACLE_PRESERVED,0.0,False,False,SUPERSET_OK_GT10,False,False
2025-10-03,2025-10-02,L6,RANGE_NORMAL_60_120,CLOSE_POS_MIDDLE_THIRD,ROWS_STANDARD_9_10,3856.24,PREV_CLOSE_PROXY,,NEUTRAL,3813.75,3846.2075,32.4575,False,False,MODE_C_BALANCED,1.0,green_box_midline::green_mid_1,3846.2075,32.4575,False,False,MICRO_OFFSET | MID_GAP | ORIGINAL_CLUSTER | QUARTER_ROUNDING,adjacent_cluster_midpoint | base_cluster | base_plus_+11 | base_plus_+13 | base_plus_+3 | base_plus_+5 | base_plus_+8 | base_plus_-11 | base_plus_-13 | base_plus_-3 | base_plus_-5 | base_plus_-8 | nearest_quarter_variant,3846.2075,32.4575,False,False,ORIGINAL_ORACLE_PRESERVED,0.0,False,False,SUPERSET_OK_GT10,False,False
2025-10-03,2025-10-02,L7,RANGE_NORMAL_60_120,CLOSE_POS_MIDDLE_THIRD,ROWS_STANDARD_9_10,3856.24,PREV_CLOSE_PROXY,,NEUTRAL,3794.9,3829.61125,34.71125,False,False,MODE_C_BALANCED,1.0,red_box_quarter::red_box_2_25pct,3829.61125,34.71125,False,False,MICRO_OFFSET | MID_GAP | ORIGINAL_CLUSTER | QUARTER_ROUNDING,adjacent_cluster_midpoint | base_cluster | base_plus_+11 | base_plus_+13 | base_plus_+3 | base_plus_+5 | base_plus_+8 | base_plus_-11 | base_plus_-13 | base_plus_-3 | base_plus_-5 | base_plus_-8 | nearest_quarter_variant,3829.61125,34.71125,False,False,ORIGINAL_ORACLE_PRESERVED,0.0,False,False,SUPERSET_OK_GT10,False,False
2025-10-06,2025-10-03,L4,RANGE_COMPRESSED_0_60,CLOSE_POS_UPPER_THIRD,ROWS_SPARSE_1_8,3886.43,PREV_CLOSE_PROXY,,NEUTRAL,3872.61,3855.929982,16.680018,False,False,MODE_E_SPACING_PRESERVATION,1.0,prior_range_fraction::prev_range_0.333333,3855.929982,16.680018,False,False,MICRO_OFFSET | MID_GAP | ORIGINAL_CLUSTER | QUARTER_ROUNDING,adjacent_cluster_midpoint | base_cluster | base_plus_+11 | base_plus_+13 | base_plus_+3 | base_plus_+5 | base_plus_+8 | base_plus_-11 | base_plus_-13 | base_plus_-3 | base_plus_-5 | base_plus_-8 | nearest_quarter_variant,3855.929982,16.680018,False,False,ORIGINAL_ORACLE_PRESERVED,0.0,False,False,SUPERSET_OK_GT10,False,False
2025-10-06,2025-10-03,L5,RANGE_COMPRESSED_0_60,CLOSE_POS_UPPER_THIRD,ROWS_SPARSE_1_8,3886.43,PREV_CLOSE_PROXY,,NEUTRAL,3851.28,3839.41375,11.86625,False,False,MODE_B_EMA_CHANNEL_DIRECTION_HEAVY,1.0,red_box_quarter::red_box_2_25pct,3839.41375,11.86625,False,False,MICRO_OFFSET | MID_GAP | ORIGINAL_CLUSTER | QUARTER_ROUNDING,adjacent_cluster_midpoint | base_cluster | base_plus_+11 | base_plus_+13 | base_plus_+3 | base_plus_+5 | base_plus_+8 | base_plus_-11 | base_plus_-13 | base_plus_-3 | base_plus_-5 | base_plus_-8 | nearest_quarter_variant,3839.41375,11.86625,False,False,ORIGINAL_ORACLE_PRESERVED,0.0,False,False,SUPERSET_OK_GT10,False,False
2025-10-06,2025-10-03,L6,RANGE_COMPRESSED_0_60,CLOSE_POS_UPPER_THIRD,ROWS_SPARSE_1_8,3886.43,PREV_CLOSE_PROXY,,NEUTRAL,3830.61,3818.51125,12.09875,False,False,MODE_B_EMA_CHANNEL_DIRECTION_HEAVY,1.0,red_box_quarter::red_box_2_75pct,3818.51125,12.09875,False,False,MICRO_OFFSET | MID_GAP | ORIGINAL_CLUSTER | QUARTER_ROUNDING,adjacent_cluster_midpoint | base_cluster | base_plus_+11 | base_plus_+13 | base_plus_+3 | base_plus_+5 | base_plus_+8 | base_plus_-11 | base_plus_-13 | base_plus_-3 | base_plus_-5 | base_plus_-8 | nearest_quarter_variant,3818.51125,12.09875,False,False,ORIGINAL_ORACLE_PRESERVED,0.0,False,False,SUPERSET_OK_GT10,False,False
2025-10-06,2025-10-03,L7,RANGE_COMPRESSED_0_60,CLOSE_POS_UPPER_THIRD,ROWS_SPARSE_1_8,3886.43,PREV_CLOSE_PROXY,,NEUTRAL,3810.83,3797.60875,13.22125,False,False,MODE_B_EMA_CHANNEL_DIRECTION_HEAVY,1.0,red_box_quarter::red_box_3_25pct,3797.60875,13.22125,False,False,MICRO_OFFSET | MID_GAP | ORIGINAL_CLUSTER | QUARTER_ROUNDING,adjacent_cluster_midpoint | base_cluster | base_plus_+11 | base_plus_+13 | base_plus_+3 | base_plus_+5 | base_plus_+8 | base_plus_-11 | base_plus_-13 | base_plus_-3 | base_plus_-5 | base_plus_-8 | nearest_quarter_variant,3797.60875,13.22125,False,False,ORIGINAL_ORACLE_PRESERVED,0.0,False,False,SUPERSET_OK_GT10,False,False
2025-10-07,2025-10-06,L4,RANGE_NORMAL_60_120,CLOSE_POS_UPPER_THIRD,ROWS_SPARSE_1_8,3961.0,PREV_CLOSE_PROXY,,NEUTRAL,3964.13,3948.6225,15.5075,False,False,MODE_C_BALANCED,1.0,prior_range_fraction::prev_range_0.75,3948.6225,15.5075,False,False,MICRO_OFFSET | MID_GAP | ORIGINAL_CLUSTER | QUARTER_ROUNDING | RESIDUAL_LEVEL,adjacent_cluster_midpoint | base_cluster | base_plus_+11 | base_plus_+13 | base_plus_+3 | base_plus_+5 | base_plus_+8 | base_plus_-11 | base_plus_-13 | base_plus_-3 | base_plus_-5 | base_plus_-8 | nearest_quarter_variant | prior_level_median_residual,3948.6225,15.5075,False,False,ORIGINAL_ORACLE_PRESERVED,0.0,False,False,SUPERSET_OK_GT10,False,False
2025-10-07,2025-10-06,L5,RANGE_NORMAL_60_120,CLOSE_POS_UPPER_THIRD,ROWS_SPARSE_1_8,3961.0,PREV_CLOSE_PROXY,,NEUTRAL,3946.24,3938.47,7.77,False,False,MODE_C_BALANCED,1.0,prior_hlc::previous_pivot_hlc3,3938.47,7.77,False,False,MICRO_OFFSET | MID_GAP | ORIGINAL_CLUSTER | QUARTER_ROUNDING | RESIDUAL_LEVEL,adjacent_cluster_midpoint | base_cluster | base_plus_+11 | base_plus_+13 | base_plus_+3 | base_plus_+5 | base_plus_+8 | base_plus_-11 | base_plus_-13 | base_plus_-3 | base_plus_-5 | base_plus_-8 | nearest_quarter_variant | prior_level_median_residual,3938.47,7.77,False,False,ORIGINAL_ORACLE_PRESERVED,0.0,False,False,SUPERSET_OK_WITHIN_10,False,False
2025-10-07,2025-10-06,L6,RANGE_NORMAL_60_120,CLOSE_POS_UPPER_THIRD,ROWS_SPARSE_1_8,3961.0,PREV_CLOSE_PROXY,,NEUTRAL,3927.93,3913.2875,14.6425,False,False,MODE_C_BALANCED,1.0,green_box_midline::green_mid_1,3913.2875,14.6425,False,False,MICRO_OFFSET | MID_GAP | ORIGINAL_CLUSTER | QUARTER_ROUNDING | RESIDUAL_LEVEL,adjacent_cluster_midpoint | base_cluster | base_plus_+11 | base_plus_+13 | base_plus_+3 | base_plus_+5 | base_plus_+8 | base_plus_-11 | base_plus_-13 | base_plus_-3 | base_plus_-5 | base_plus_-8 | nearest_quarter_variant | prior_level_median_residual,3913.2875,14.6425,False,False,ORIGINAL_ORACLE_PRESERVED,0.0,False,False,SUPERSET_OK_GT10,False,False
2025-10-07,2025-10-06,L7,RANGE_NORMAL_60_120,CLOSE_POS_UPPER_THIRD,ROWS_SPARSE_1_8,3961.0,PREV_CLOSE_PROXY,,NEUTRAL,3710.52,3897.74625,187.22625,False,False,MODE_C_BALANCED,1.0,red_box_quarter::red_box_2_25pct,3897.856875,187.336875,False,False,MICRO_OFFSET | MID_GAP | ORIGINAL_CLUSTER | QUARTER_ROUNDING | RESIDUAL_LEVEL,adjacent_cluster_midpoint | base_cluster | base_plus_+11 | base_plus_+13 | base_plus_+3 | base_plus_+5 | base_plus_+8 | base_plus_-11 | base_plus_-13 | base_plus_-3 | base_plus_-5 | base_plus_-8 | nearest_quarter_variant | prior_level_median_residual,3897.74625,187.22625,False,False,ORIGINAL_ORACLE_PRESERVED,0.110625,True,False,EXPANSION_SUPERSET_VIOLATION_WORSE_ERROR,False,False
2025-10-08,2025-10-07,L4,RANGE_COMPRESSED_0_60,CLOSE_POS_UPPER_THIRD,ROWS_SPARSE_1_8,3984.32,PREV_CLOSE_PROXY,,NEUTRAL,3970.41,3972.06,1.65,True,True,MODE_C_BALANCED,1.0,prior_hlc::previous_pivot_hlc3,3973.900009,3.490009,False,True,MICRO_OFFSET | MID_GAP | ORIGINAL_CLUSTER | QUARTER_ROUNDING | RESIDUAL_LEVEL | RESIDUAL_REGIME_LEVEL,adjacent_cluster_midpoint | base_cluster | base_plus_+11 | base_plus_+13 | base_plus_+3 | base_plus_+5 | base_plus_+8 | base_plus_-11 | base_plus_-13 | base_plus_-3 | base_plus_-5 | base_plus_-8 | nearest_quarter_variant | prior_level_median_residual | prior_regime_level_median_residual,3972.06,1.65,True,True,ORIGINAL_ORACLE_PRESERVED,1.840009,True,False,EXPANSION_SUPERSET_VIOLATION_WORSE_ERROR,False,False
2025-10-08,2025-10-07,L5,RANGE_COMPRESSED_0_60,CLOSE_POS_UPPER_THIRD,ROWS_SPARSE_1_8,3984.32,PREV_CLOSE_PROXY,,NEUTRAL,3949.74,3953.365,3.625,False,True,MODE_C_BALANCED,1.0,prior_range_fraction::prev_range_0.25,3953.365,3.625,False,True,MICRO_OFFSET | MID_GAP | ORIGINAL_CLUSTER | QUARTER_ROUNDING | RESIDUAL_LEVEL | RESIDUAL_REGIME_LEVEL,adjacent_cluster_midpoint | base_cluster | base_plus_+11 | base_plus_+13 | base_plus_+3 | base_plus_+5 | base_plus_+8 | base_plus_-11 | base_plus_-13 | base_plus_-3 | base_plus_-5 | base_plus_-8 | nearest_quarter_variant | prior_level_median_residual | prior_regime_level_median_residual,3953.365,3.625,False,True,ORIGINAL_ORACLE_PRESERVED,0.0,False,False,SUPERSET_OK_WITHIN_5,False,False
2025-10-08,2025-10-07,L6,RANGE_COMPRESSED_0_60,CLOSE_POS_UPPER_THIRD,ROWS_SPARSE_1_8,3984.32,PREV_CLOSE_PROXY,,NEUTRAL,3929.69,3930.865,1.175,True,True,MODE_B_EMA_CHANNEL_DIRECTION_HEAVY,1.0,red_box_midline::red_mid_2,3931.050312,1.360312,True,True,MICRO_OFFSET | MID_GAP | ORIGINAL_CLUSTER | QUARTER_ROUNDING | RESIDUAL_LEVEL | RESIDUAL_REGIME_LEVEL,adjacent_cluster_midpoint | base_cluster | base_plus_+11 | base_plus_+13 | base_plus_+3 | base_plus_+5 | base_plus_+8 | base_plus_-11 | base_plus_-13 | base_plus_-3 | base_plus_-5 | base_plus_-8 | nearest_quarter_variant | prior_level_median_residual | prior_regime_level_median_residual,3930.865,1.175,True,True,ORIGINAL_ORACLE_PRESERVED,0.185312,True,False,EXPANSION_SUPERSET_VIOLATION_WORSE_ERROR,False,False
2025-10-08,2025-10-07,L7,RANGE_COMPRESSED_0_60,CLOSE_POS_UPPER_THIRD,ROWS_SPARSE_1_8,3984.32,PREV_CLOSE_PROXY,,NEUTRAL,3910.27,3910.8,0.53,True,True,MODE_B_EMA_CHANNEL_DIRECTION_HEAVY,1.0,red_box_edge::red_edge_2,3910.910625,0.640625,True,True,MICRO_OFFSET | MID_GAP | ORIGINAL_CLUSTER | QUARTER_ROUNDING | RESIDUAL_LEVEL | RESIDUAL_REGIME_LEVEL,adjacent_cluster_midpoint | base_cluster | base_plus_+11 | base_plus_+13 | base_plus_+3 | base_plus_+5 | base_plus_+8 | base_plus_-11 | base_plus_-13 | base_plus_-3 | base_plus_-5 | base_plus_-8 | nearest_quarter_variant | prior_level_median_residual | prior_regime_level_median_residual,3910.8,0.53,True,True,ORIGINAL_ORACLE_PRESERVED,0.110625,True,False,EXPANSION_SUPERSET_VIOLATION_WORSE_ERROR,False,False
2025-10-09,2025-10-08,L4,RANGE_NORMAL_60_120,CLOSE_POS_UPPER_THIRD,ROWS_SPARSE_1_8,4041.38,PREV_CLOSE_PROXY,,NEUTRAL,4038.76,4041.38,2.62,True,True,MODE_C_BALANCED,1.0,prior_hlc::previous_close,4042.63375,3.87375,False,True,MICRO_OFFSET | MID_GAP | ORIGINAL_CLUSTER | QUARTER_ROUNDING | RESIDUAL_LEVEL | RESIDUAL_REGIME_LEVEL,adjacent_cluster_midpoint | base_cluster | base_plus_+11 | base_plus_+13 | base_plus_+3 | base_plus_+5 | base_plus_+8 | base_plus_-11 | base_plus_-13 | base_plus_-3 | base_plus_-5 | base_plus_-8 | nearest_quarter_variant | prior_level_median_residual | prior_regime_level_median_residual,4041.38,2.62,True,True,ORIGINAL_ORACLE_PRESERVED,1.25375,True,False,EXPANSION_SUPERSET_VIOLATION_WORSE_ERROR,False,False
2025-10-09,2025-10-08,L5,RANGE_NORMAL_60_120,CLOSE_POS_UPPER_THIRD,ROWS_SPARSE_1_8,4041.38,PREV_CLOSE_PROXY,,NEUTRAL,4019.13,4040.21,21.08,False,False,MODE_C_BALANCED,1.0,prior_range_fraction::prev_range_0.75,4040.21,21.08,False,False,MICRO_OFFSET | MID_GAP | ORIGINAL_CLUSTER | QUARTER_ROUNDING | RESIDUAL_LEVEL | RESIDUAL_REGIME_LEVEL,adjacent_cluster_midpoint | base_cluster | base_plus_+11 | base_plus_+13 | base_plus_+3 | base_plus_+5 | base_plus_+8 | base_plus_-11 | base_plus_-13 | base_plus_-3 | base_plus_-5 | base_plus_-8 | nearest_quarter_variant | prior_level_median_residual | prior_regime_level_median_residual,4040.21,21.08,False,False,ORIGINAL_ORACLE_PRESERVED,0.0,False,False,SUPERSET_OK_GT10,False,False
2025-10-09,2025-10-08,L6,RANGE_NORMAL_60_120,CLOSE_POS_UPPER_THIRD,ROWS_SPARSE_1_8,4041.38,PREV_CLOSE_PROXY,,NEUTRAL,4001.52,4023.035,21.515,False,False,MODE_C_BALANCED,1.0,green_box_quarter::green_box_1_75pct,4023.85625,22.33625,False,False,MICRO_OFFSET | MID_GAP | ORIGINAL_CLUSTER | QUARTER_ROUNDING | RESIDUAL_LEVEL | RESIDUAL_REGIME_LEVEL,adjacent_cluster_midpoint | base_cluster | base_plus_+11 | base_plus_+13 | base_plus_+3 | base_plus_+5 | base_plus_+8 | base_plus_-11 | base_plus_-13 | base_plus_-3 | base_plus_-5 | base_plus_-8 | nearest_quarter_variant | prior_level_median_residual | prior_regime_level_median_residual,4023.035,21.515,False,False,ORIGINAL_ORACLE_PRESERVED,0.82125,True,False,EXPANSION_SUPERSET_VIOLATION_WORSE_ERROR,False,False
2025-10-09,2025-10-08,L7,RANGE_NORMAL_60_120,CLOSE_POS_UPPER_THIRD,ROWS_SPARSE_1_8,4041.38,PREV_CLOSE_PROXY,,NEUTRAL,3985.35,3847.56,137.79,False,False,MODE_B_EMA_CHANNEL_DIRECTION_HEAVY,1.0,red_box_edge::red_edge_4,3847.56,137.79,False,False,MICRO_OFFSET | MID_GAP | ORIGINAL_CLUSTER | QUARTER_ROUNDING | RESIDUAL_LEVEL,adjacent_cluster_midpoint | base_cluster | base_plus_+11 | base_plus_+13 | base_plus_+3 | base_plus_+5 | base_plus_+8 | base_plus_-11 | base_plus_-13 | base_plus_-3 | base_plus_-5 | base_plus_-8 | nearest_quarter_variant | prior_level_median_residual,3847.56,137.79,False,False,ORIGINAL_ORACLE_PRESERVED,0.0,False,False,SUPERSET_OK_GT10,False,False
2025-10-10,2025-10-09,L4,RANGE_NORMAL_60_120,CLOSE_POS_LOWER_THIRD,ROWS_STANDARD_9_10,3975.96,PREV_CLOSE_PROXY,,NEUTRAL,3999.31,3975.96,23.35,False,False,MODE_A_LIVE_PROXIMITY_HEAVY,2.0,prior_hlc::previous_close,3975.96,23.35,False,False,MICRO_OFFSET | MID_GAP | ORIGINAL_CLUSTER | QUARTER_ROUNDING | RESIDUAL_LEVEL,adjacent_cluster_midpoint | base_cluster | base_plus_+11 | base_plus_+13 | base_plus_+3 | base_plus_+5 | base_plus_+8 | base_plus_-11 | base_plus_-13 | base_plus_-3 | base_plus_-5 | base_plus_-8 | nearest_quarter_variant | prior_level_median_residual,3975.96,23.35,False,False,ORIGINAL_ORACLE_PRESERVED,0.0,False,False,SUPERSET_OK_GT10,False,False
2025-10-10,2025-10-09,L5,RANGE_NORMAL_60_120,CLOSE_POS_LOWER_THIRD,ROWS_STANDARD_9_10,3975.96,PREV_CLOSE_PROXY,,NEUTRAL,3980.31,3992.93,12.62,False,False,MODE_C_BALANCED,2.0,prior_hlc::previous_pivot_hlc3,3962.73375,17.57625,False,False,MICRO_OFFSET | MID_GAP | ORIGINAL_CLUSTER | QUARTER_ROUNDING | RESIDUAL_LEVEL,adjacent_cluster_midpoint | base_cluster | base_plus_+11 | base_plus_+13 | base_plus_+3 | base_plus_+5 | base_plus_+8 | base_plus_-11 | base_plus_-13 | base_plus_-3 | base_plus_-5 | base_plus_-8 | nearest_quarter_variant | prior_level_median_residual,3992.93,12.62,False,False,ORIGINAL_ORACLE_PRESERVED,4.95625,True,False,EXPANSION_SUPERSET_VIOLATION_WORSE_ERROR,False,False
2025-10-10,2025-10-09,L6,RANGE_NORMAL_60_120,CLOSE_POS_LOWER_THIRD,ROWS_STANDARD_9_10,3975.96,PREV_CLOSE_PROXY,,NEUTRAL,3961.97,3973.1275,11.1575,False,False,MODE_C_BALANCED,1.0,prior_range_fraction::prev_range_0.25,3974.574375,12.604375,False,False,MICRO_OFFSET | MID_GAP | ORIGINAL_CLUSTER | QUARTER_ROUNDING | RESIDUAL_LEVEL,adjacent_cluster_midpoint | base_cluster | base_plus_+11 | base_plus_+13 | base_plus_+3 | base_plus_+5 | base_plus_+8 | base_plus_-11 | base_plus_-13 | base_plus_-3 | base_plus_-5 | base_plus_-8 | nearest_quarter_variant | prior_level_median_residual,3973.1275,11.1575,False,False,ORIGINAL_ORACLE_PRESERVED,1.446875,True,False,EXPANSION_SUPERSET_VIOLATION_WORSE_ERROR,False,False
2025-10-13,2025-10-10,L4,RANGE_NORMAL_60_120,CLOSE_POS_UPPER_THIRD,ROWS_STANDARD_9_10,4012.42,PREV_CLOSE_PROXY,,NEUTRAL,4010.88,4003.8475,7.0325,False,False,MODE_C_BALANCED,1.0,prior_range_fraction::prev_range_0.75,4003.8475,7.0325,False,False,MICRO_OFFSET | MID_GAP | ORIGINAL_CLUSTER | QUARTER_ROUNDING | RESIDUAL_LEVEL,adjacent_cluster_midpoint | base_cluster | base_plus_+11 | base_plus_+13 | base_plus_+3 | base_plus_+5 | base_plus_+8 | base_plus_-11 | base_plus_-13 | base_plus_-3 | base_plus_-5 | base_plus_-8 | nearest_quarter_variant | prior_level_median_residual,4003.8475,7.0325,False,False,ORIGINAL_ORACLE_PRESERVED,0.0,False,False,SUPERSET_OK_WITHIN_10,False,False
2025-10-13,2025-10-10,L5,RANGE_NORMAL_60_120,CLOSE_POS_UPPER_THIRD,ROWS_STANDARD_9_10,4012.42,PREV_CLOSE_PROXY,,NEUTRAL,3994.06,3994.056667,0.003333,True,True,MODE_C_BALANCED,1.0,prior_hlc::previous_pivot_hlc3,3994.056667,0.003333,True,True,MICRO_OFFSET | MID_GAP | ORIGINAL_CLUSTER | QUARTER_ROUNDING | RESIDUAL_LEVEL,adjacent_cluster_midpoint | base_cluster | base_plus_+11 | base_plus_+13 | base_plus_+3 | base_plus_+5 | base_plus_+8 | base_plus_-11 | base_plus_-13 | base_plus_-3 | base_plus_-5 | base_plus_-8 | nearest_quarter_variant | prior_level_median_residual,3994.056667,0.003333,True,True,ORIGINAL_ORACLE_PRESERVED,0.0,False,False,SUPERSET_OK_WITHIN_3,False,False
2025-10-13,2025-10-10,L6,RANGE_NORMAL_60_120,CLOSE_POS_UPPER_THIRD,ROWS_STANDARD_9_10,4012.42,PREV_CLOSE_PROXY,,NEUTRAL,3974.97,3973.4025,1.5675,True,True,MODE_C_BALANCED,1.0,green_box_midline::green_mid_1,3973.4025,1.5675,True,True,MICRO_OFFSET | MID_GAP | ORIGINAL_CLUSTER | QUARTER_ROUNDING | RESIDUAL_LEVEL,adjacent_cluster_midpoint | base_cluster | base_plus_+11 | base_plus_+13 | base_plus_+3 | base_plus_+5 | base_plus_+8 | base_plus_-11 | base_plus_-13 | base_plus_-3 | base_plus_-5 | base_plus_-8 | nearest_quarter_variant | prior_level_median_residual,3973.4025,1.5675,True,True,ORIGINAL_ORACLE_PRESERVED,0.0,False,False,SUPERSET_OK_WITHIN_3,False,False
2025-10-13,2025-10-10,L7,RANGE_NORMAL_60_120,CLOSE_POS_UPPER_THIRD,ROWS_STANDARD_9_10,4012.42,PREV_CLOSE_PROXY,,NEUTRAL,3956.47,3956.63875,0.16875,True,True,MODE_C_BALANCED,1.0,red_box_quarter::red_box_2_25pct,3956.63875,0.16875,True,True,MICRO_OFFSET | MID_GAP | ORIGINAL_CLUSTER | QUARTER_ROUNDING | RESIDUAL_LEVEL,adjacent_cluster_midpoint | base_cluster | base_plus_+11 | base_plus_+13 | base_plus_+3 | base_plus_+5 | base_plus_+8 | base_plus_-11 | base_plus_-13 | base_plus_-3 | base_plus_-5 | base_plus_-8 | nearest_quarter_variant | prior_level_median_residual,3956.63875,0.16875,True,True,ORIGINAL_ORACLE_PRESERVED,0.0,False,False,SUPERSET_OK_WITHIN_3,False,False
2025-10-14,2025-10-13,L4,RANGE_WIDE_120_220,CLOSE_POS_UPPER_THIRD,ROWS_SPARSE_1_8,4110.41,PREV_CLOSE_PROXY,,NEUTRAL,4108.96,4110.41,1.45,True,True,MODE_C_BALANCED,1.0,prior_hlc::previous_close,4081.505625,27.454375,False,False,MICRO_OFFSET | MID_GAP | ORIGINAL_CLUSTER | QUARTER_ROUNDING | RESIDUAL_LEVEL,adjacent_cluster_midpoint | base_cluster | base_plus_+11 | base_plus_+13 | base_plus_+3 | base_plus_+5 | base_plus_+8 | base_plus_-11 | base_plus_-13 | base_plus_-3 | base_plus_-5 | base_plus_-8 | nearest_quarter_variant | prior_level_median_residual,4110.41,1.45,True,True,ORIGINAL_ORACLE_PRESERVED,26.004375,True,True,EXPANSION_SUPERSET_VIOLATION_LOST_WITHIN_5,False,False
2025-10-14,2025-10-13,L5,RANGE_WIDE_120_220,CLOSE_POS_UPPER_THIRD,ROWS_SPARSE_1_8,4110.41,PREV_CLOSE_PROXY,,NEUTRAL,4093.64,4086.7525,6.8875,False,False,MODE_D_NEAREST_VALID_LADDER,1.0,prior_range_fraction::prev_range_0.75,4073.560625,20.079375,False,False,MICRO_OFFSET | MID_GAP | ORIGINAL_CLUSTER | QUARTER_ROUNDING | RESIDUAL_LEVEL,adjacent_cluster_midpoint | base_cluster | base_plus_+11 | base_plus_+13 | base_plus_+3 | base_plus_+5 | base_plus_+8 | base_plus_-11 | base_plus_-13 | base_plus_-3 | base_plus_-5 | base_plus_-8 | nearest_quarter_variant | prior_level_median_residual,4086.7525,6.8875,False,False,ORIGINAL_ORACLE_PRESERVED,13.191875,True,False,EXPANSION_SUPERSET_VIOLATION_WORSE_ERROR,False,False
2025-10-14,2025-10-13,L6,RANGE_WIDE_120_220,CLOSE_POS_UPPER_THIRD,ROWS_SPARSE_1_8,4110.41,PREV_CLOSE_PROXY,,NEUTRAL,4078.18,4052.60125,25.57875,False,False,MODE_C_BALANCED,1.0,green_box_quarter::green_box_1_75pct,4028.159375,50.020625,False,False,MICRO_OFFSET | MID_GAP | ORIGINAL_CLUSTER | QUARTER_ROUNDING | RESIDUAL_LEVEL,adjacent_cluster_midpoint | base_cluster | base_plus_+11 | base_plus_+13 | base_plus_+3 | base_plus_+5 | base_plus_+8 | base_plus_-11 | base_plus_-13 | base_plus_-3 | base_plus_-5 | base_plus_-8 | nearest_quarter_variant | prior_level_median_residual,4052.60125,25.57875,False,False,ORIGINAL_ORACLE_PRESERVED,24.441875,True,False,EXPANSION_SUPERSET_VIOLATION_WORSE_ERROR,False,False
2025-10-14,2025-10-13,L7,RANGE_WIDE_120_220,CLOSE_POS_UPPER_THIRD,ROWS_SPARSE_1_8,4110.41,PREV_CLOSE_PROXY,,NEUTRAL,4061.81,4022.60125,39.20875,False,False,MODE_C_BALANCED,1.0,red_box_quarter::red_box_2_25pct,3994.275625,67.534375,False,False,MICRO_OFFSET | MID_GAP | ORIGINAL_CLUSTER | QUARTER_ROUNDING | RESIDUAL_LEVEL,adjacent_cluster_midpoint | base_cluster | base_plus_+11 | base_plus_+13 | base_plus_+3 | base_plus_+5 | base_plus_+8 | base_plus_-11 | base_plus_-13 | base_plus_-3 | base_plus_-5 | base_plus_-8 | nearest_quarter_variant | prior_level_median_residual,4022.60125,39.20875,False,False,ORIGINAL_ORACLE_PRESERVED,28.325625,True,False,EXPANSION_SUPERSET_VIOLATION_WORSE_ERROR,False,False
2025-10-15,2025-10-14,L4,RANGE_NORMAL_60_120,CLOSE_POS_MIDDLE_THIRD,ROWS_STANDARD_9_10,4142.14,PREV_CLOSE_PROXY,,NEUTRAL,4150.06,4142.14,7.92,False,False,MODE_C_BALANCED,1.0,prior_hlc::previous_close,4142.14,7.92,False,False,MICRO_OFFSET | MID_GAP | ORIGINAL_CLUSTER | QUARTER_ROUNDING | RESIDUAL_LEVEL,adjacent_cluster_midpoint | base_cluster | base_plus_+11 | base_plus_+13 | base_plus_+3 | base_plus_+5 | base_plus_+8 | base_plus_-11 | base_plus_-13 | base_plus_-3 | base_plus_-5 | base_plus_-8 | nearest_quarter_variant | prior_level_median_residual,4142.14,7.92,False,False,ORIGINAL_ORACLE_PRESERVED,0.0,False,False,SUPERSET_OK_WITHIN_10,False,False
2025-10-15,2025-10-14,L5,RANGE_NORMAL_60_120,CLOSE_POS_MIDDLE_THIRD,ROWS_STANDARD_9_10,4142.14,PREV_CLOSE_PROXY,,NEUTRAL,4135.03,4105.3525,29.6775,False,False,MODE_C_BALANCED,1.0,green_box_quarter::green_box_1_25pct,4105.3525,29.6775,False,False,MICRO_OFFSET | MID_GAP | ORIGINAL_CLUSTER | QUARTER_ROUNDING | RESIDUAL_LEVEL,adjacent_cluster_midpoint | base_cluster | base_plus_+11 | base_plus_+13 | base_plus_+3 | base_plus_+5 | base_plus_+8 | base_plus_-11 | base_plus_-13 | base_plus_-3 | base_plus_-5 | base_plus_-8 | nearest_quarter_variant | prior_level_median_residual,4105.3525,29.6775,False,False,ORIGINAL_ORACLE_PRESERVED,0.0,False,False,SUPERSET_OK_GT10,False,False
2025-10-15,2025-10-14,L7,RANGE_NORMAL_60_120,CLOSE_POS_MIDDLE_THIRD,ROWS_STANDARD_9_10,4142.14,PREV_CLOSE_PROXY,,NEUTRAL,4105.05,4060.44,44.61,False,False,MODE_B_EMA_CHANNEL_DIRECTION_HEAVY,1.0,red_box_edge::red_edge_2,4060.44,44.61,False,False,MICRO_OFFSET | MID_GAP | ORIGINAL_CLUSTER | QUARTER_ROUNDING | RESIDUAL_LEVEL,adjacent_cluster_midpoint | base_cluster | base_plus_+11 | base_plus_+13 | base_plus_+3 | base_plus_+5 | base_plus_+8 | base_plus_-11 | base_plus_-13 | base_plus_-3 | base_plus_-5 | base_plus_-8 | nearest_quarter_variant | prior_level_median_residual,4060.44,44.61,False,False,ORIGINAL_ORACLE_PRESERVED,0.0,False,False,SUPERSET_OK_GT10,False,False
2025-10-16,2025-10-15,L5,RANGE_NORMAL_60_120,CLOSE_POS_UPPER_THIRD,ROWS_STANDARD_9_10,4208.11,PREV_CLOSE_PROXY,,NEUTRAL,4189.9,4189.07,0.83,True,True,MODE_C_BALANCED,1.0,prior_hlc::previous_pivot_hlc3,4189.07,0.83,True,True,MICRO_OFFSET | MID_GAP | ORIGINAL_CLUSTER | QUARTER_ROUNDING | RESIDUAL_LEVEL | RESIDUAL_REGIME_LEVEL,adjacent_cluster_midpoint | base_cluster | base_plus_+11 | base_plus_+13 | base_plus_+3 | base_plus_+5 | base_plus_+8 | base_plus_-11 | base_plus_-13 | base_plus_-3 | base_plus_-5 | base_plus_-8 | nearest_quarter_variant | prior_level_median_residual | prior_regime_level_median_residual,4189.07,0.83,True,True,ORIGINAL_ORACLE_PRESERVED,0.0,False,False,SUPERSET_OK_WITHIN_3,False,False
2025-10-16,2025-10-15,L6,RANGE_NORMAL_60_120,CLOSE_POS_UPPER_THIRD,ROWS_STANDARD_9_10,4208.11,PREV_CLOSE_PROXY,,NEUTRAL,4177.27,4169.03264,8.23736,False,False,MODE_C_BALANCED,1.0,green_box_midline::green_mid_1 | prior_range_fraction::prev_range_0.382,4169.03264,8.23736,False,False,MICRO_OFFSET | MID_GAP | ORIGINAL_CLUSTER | QUARTER_ROUNDING | RESIDUAL_LEVEL | RESIDUAL_REGIME_LEVEL,adjacent_cluster_midpoint | base_cluster | base_plus_+11 | base_plus_+13 | base_plus_+3 | base_plus_+5 | base_plus_+8 | base_plus_-11 | base_plus_-13 | base_plus_-3 | base_plus_-5 | base_plus_-8 | nearest_quarter_variant | prior_level_median_residual | prior_regime_level_median_residual,4169.03264,8.23736,False,False,ORIGINAL_ORACLE_PRESERVED,0.0,False,False,SUPERSET_OK_WITHIN_10,False,False
2025-10-16,2025-10-15,L7,RANGE_NORMAL_60_120,CLOSE_POS_UPPER_THIRD,ROWS_STANDARD_9_10,4208.11,PREV_CLOSE_PROXY,,NEUTRAL,4162.99,4150.79,12.2,False,False,MODE_C_BALANCED,1.0,prior_range_fraction::prev_range_0.125 | red_box_quarter::red_box_2_25pct,4150.79,12.2,False,False,MICRO_OFFSET | MID_GAP | ORIGINAL_CLUSTER | QUARTER_ROUNDING | RESIDUAL_LEVEL | RESIDUAL_REGIME_LEVEL,adjacent_cluster_midpoint | base_cluster | base_plus_+11 | base_plus_+13 | base_plus_+3 | base_plus_+5 | base_plus_+8 | base_plus_-11 | base_plus_-13 | base_plus_-3 | base_plus_-5 | base_plus_-8 | nearest_quarter_variant | prior_level_median_residual | prior_regime_level_median_residual,4150.79,12.2,False,False,ORIGINAL_ORACLE_PRESERVED,0.0,False,False,SUPERSET_OK_GT10,False,False
2025-10-17,2025-10-16,L4,RANGE_WIDE_120_220,CLOSE_POS_UPPER_THIRD,ROWS_EXTENDED_11_PLUS,4325.92,PREV_CLOSE_PROXY,,NEUTRAL,4305.21,4320.4125,15.2025,False,False,MODE_C_BALANCED,1.0,green_box_midline::green_mid_2,4320.4125,15.2025,False,False,MICRO_OFFSET | MID_GAP | ORIGINAL_CLUSTER | QUARTER_ROUNDING | RESIDUAL_LEVEL,adjacent_cluster_midpoint | base_cluster | base_plus_+11 | base_plus_+13 | base_plus_+3 | base_plus_+5 | base_plus_+8 | base_plus_-11 | base_plus_-13 | base_plus_-3 | base_plus_-5 | base_plus_-8 | nearest_quarter_variant | prior_level_median_residual,4320.4125,15.2025,False,False,ORIGINAL_ORACLE_PRESERVED,0.0,False,False,SUPERSET_OK_GT10,False,False
2025-10-17,2025-10-16,L5,RANGE_WIDE_120_220,CLOSE_POS_UPPER_THIRD,ROWS_EXTENDED_11_PLUS,4325.92,PREV_CLOSE_PROXY,,NEUTRAL,4289.52,4300.32875,10.80875,False,False,MODE_C_BALANCED,1.0,green_box_quarter::green_box_2_25pct,4300.32875,10.80875,False,False,MICRO_OFFSET | MID_GAP | ORIGINAL_CLUSTER | QUARTER_ROUNDING | RESIDUAL_LEVEL,adjacent_cluster_midpoint | base_cluster | base_plus_+11 | base_plus_+13 | base_plus_+3 | base_plus_+5 | base_plus_+8 | base_plus_-11 | base_plus_-13 | base_plus_-3 | base_plus_-5 | base_plus_-8 | nearest_quarter_variant | prior_level_median_residual,4300.32875,10.80875,False,False,ORIGINAL_ORACLE_PRESERVED,0.0,False,False,SUPERSET_OK_GT10,False,False
2025-10-17,2025-10-16,L6,RANGE_WIDE_120_220,CLOSE_POS_UPPER_THIRD,ROWS_EXTENDED_11_PLUS,4325.92,PREV_CLOSE_PROXY,,NEUTRAL,4275.71,4290.4125,14.7025,False,False,MODE_C_BALANCED,1.0,red_box_midline::red_mid_1,4290.4125,14.7025,False,False,MICRO_OFFSET | MID_GAP | ORIGINAL_CLUSTER | QUARTER_ROUNDING | RESIDUAL_LEVEL,adjacent_cluster_midpoint | base_cluster | base_plus_+11 | base_plus_+13 | base_plus_+3 | base_plus_+5 | base_plus_+8 | base_plus_-11 | base_plus_-13 | base_plus_-3 | base_plus_-5 | base_plus_-8 | nearest_quarter_variant | prior_level_median_residual,4290.4125,14.7025,False,False,ORIGINAL_ORACLE_PRESERVED,0.0,False,False,SUPERSET_OK_GT10,False,False
2025-10-17,2025-10-16,L7,RANGE_WIDE_120_220,CLOSE_POS_UPPER_THIRD,ROWS_EXTENDED_11_PLUS,4325.92,PREV_CLOSE_PROXY,,NEUTRAL,4263.05,4270.32875,7.27875,False,False,MODE_C_BALANCED,1.0,red_box_quarter::red_box_1_75pct,4270.32875,7.27875,False,False,MICRO_OFFSET | MID_GAP | ORIGINAL_CLUSTER | QUARTER_ROUNDING | RESIDUAL_LEVEL,adjacent_cluster_midpoint | base_cluster | base_plus_+11 | base_plus_+13 | base_plus_+3 | base_plus_+5 | base_plus_+8 | base_plus_-11 | base_plus_-13 | base_plus_-3 | base_plus_-5 | base_plus_-8 | nearest_quarter_variant | prior_level_median_residual,4270.32875,7.27875,False,False,ORIGINAL_ORACLE_PRESERVED,0.0,False,False,SUPERSET_OK_WITHIN_10,False,False
2025-10-20,2025-10-17,L4,RANGE_WIDE_120_220,CLOSE_POS_MIDDLE_THIRD,ROWS_STANDARD_9_10,4252.68,PREV_CLOSE_PROXY,,NEUTRAL,4286.39,4325.85875,39.46875,False,False,MODE_C_BALANCED,2.0,green_box_quarter::green_box_2_25pct,4339.815625,53.425625,False,False,MICRO_OFFSET | MID_GAP | ORIGINAL_CLUSTER | QUARTER_ROUNDING | RESIDUAL_LEVEL,adjacent_cluster_midpoint | base_cluster | base_plus_+11 | base_plus_+13 | base_plus_+3 | base_plus_+5 | base_plus_+8 | base_plus_-11 | base_plus_-13 | base_plus_-3 | base_plus_-5 | base_plus_-8 | nearest_quarter_variant | prior_level_median_residual,4325.85875,39.46875,False,False,ORIGINAL_ORACLE_PRESERVED,13.956875,True,False,EXPANSION_SUPERSET_VIOLATION_WORSE_ERROR,False,False
2025-10-20,2025-10-17,L5,RANGE_WIDE_120_220,CLOSE_POS_MIDDLE_THIRD,ROWS_STANDARD_9_10,4252.68,PREV_CLOSE_PROXY,,NEUTRAL,4249.57,4324.815625,75.245625,False,False,MODE_C_BALANCED,1.0,red_box_midline::red_mid_1 | green_box_quarter::green_box_2_25pct,4324.815625,75.245625,False,False,MICRO_OFFSET | MID_GAP | ORIGINAL_CLUSTER | QUARTER_ROUNDING | RESIDUAL_LEVEL,adjacent_cluster_midpoint | base_cluster | base_plus_+11 | base_plus_+13 | base_plus_+3 | base_plus_+5 | base_plus_+8 | base_plus_-11 | base_plus_-13 | base_plus_-3 | base_plus_-5 | base_plus_-8 | nearest_quarter_variant | prior_level_median_residual,4324.815625,75.245625,False,False,ORIGINAL_ORACLE_PRESERVED,0.0,False,False,SUPERSET_OK_GT10,False,False
2025-10-20,2025-10-17,L6,RANGE_WIDE_120_220,CLOSE_POS_MIDDLE_THIRD,ROWS_STANDARD_9_10,4252.68,PREV_CLOSE_PROXY,,NEUTRAL,4218.98,4297.945,78.965,False,False,MODE_A_LIVE_PROXIMITY_HEAVY,1.0,green_box_edge::green_edge_1,4310.85875,91.87875,False,False,MICRO_OFFSET | MID_GAP | ORIGINAL_CLUSTER | QUARTER_ROUNDING | RESIDUAL_LEVEL,adjacent_cluster_midpoint | base_cluster | base_plus_+11 | base_plus_+13 | base_plus_+3 | base_plus_+5 | base_plus_+8 | base_plus_-11 | base_plus_-13 | base_plus_-3 | base_plus_-5 | base_plus_-8 | nearest_quarter_variant | prior_level_median_residual,4297.945,78.965,False,False,ORIGINAL_ORACLE_PRESERVED,12.91375,True,False,EXPANSION_SUPERSET_VIOLATION_WORSE_ERROR,False,False
2025-10-20,2025-10-17,L7,RANGE_WIDE_120_220,CLOSE_POS_MIDDLE_THIRD,ROWS_STANDARD_9_10,4252.68,PREV_CLOSE_PROXY,,NEUTRAL,4188.96,4282.945,93.985,False,False,MODE_A_LIVE_PROXIMITY_HEAVY,1.0,prior_hlc::previous_mid,4289.401875,100.441875,False,False,MICRO_OFFSET | MID_GAP | ORIGINAL_CLUSTER | QUARTER_ROUNDING | RESIDUAL_LEVEL,adjacent_cluster_midpoint | base_cluster | base_plus_+11 | base_plus_+13 | base_plus_+3 | base_plus_+5 | base_plus_+8 | base_plus_-11 | base_plus_-13 | base_plus_-3 | base_plus_-5 | base_plus_-8 | nearest_quarter_variant | prior_level_median_residual,4282.945,93.985,False,False,ORIGINAL_ORACLE_PRESERVED,6.456875,True,False,EXPANSION_SUPERSET_VIOLATION_WORSE_ERROR,False,False
2025-10-21,2025-10-20,L5,RANGE_WIDE_120_220,CLOSE_POS_UPPER_THIRD,ROWS_EXTENDED_11_PLUS,4356.3,PREV_CLOSE_PROXY,,NEUTRAL,4302.55,4333.31,30.76,False,False,MODE_C_BALANCED,1.0,red_box_midline::red_mid_1,4333.31,30.76,False,False,MICRO_OFFSET | MID_GAP | ORIGINAL_CLUSTER | QUARTER_ROUNDING | RESIDUAL_LEVEL | RESIDUAL_REGIME_LEVEL,adjacent_cluster_midpoint | base_cluster | base_plus_+11 | base_plus_+13 | base_plus_+3 | base_plus_+5 | base_plus_+8 | base_plus_-11 | base_plus_-13 | base_plus_-3 | base_plus_-5 | base_plus_-8 | nearest_quarter_variant | prior_level_median_residual | prior_regime_level_median_residual,4333.31,30.76,False,False,ORIGINAL_ORACLE_PRESERVED,0.0,False,False,SUPERSET_OK_GT10,False,False
2025-10-21,2025-10-20,L7,RANGE_WIDE_120_220,CLOSE_POS_UPPER_THIRD,ROWS_EXTENDED_11_PLUS,4356.3,PREV_CLOSE_PROXY,,NEUTRAL,4241.47,4300.25,58.78,False,False,MODE_C_BALANCED,1.0,prior_hlc::previous_mid,4300.25,58.78,False,False,MICRO_OFFSET | MID_GAP | ORIGINAL_CLUSTER | QUARTER_ROUNDING | RESIDUAL_LEVEL | RESIDUAL_REGIME_LEVEL,adjacent_cluster_midpoint | base_cluster | base_plus_+11 | base_plus_+13 | base_plus_+3 | base_plus_+5 | base_plus_+8 | base_plus_-11 | base_plus_-13 | base_plus_-3 | base_plus_-5 | base_plus_-8 | nearest_quarter_variant | prior_level_median_residual | prior_regime_level_median_residual,4300.25,58.78,False,False,ORIGINAL_ORACLE_PRESERVED,0.0,False,False,SUPERSET_OK_GT10,False,False
2025-10-22,2025-10-21,L4,RANGE_EXTREME_220_PLUS,CLOSE_POS_LOWER_THIRD,ROWS_EXTENDED_11_PLUS,4124.9,PREV_CLOSE_PROXY,,NEUTRAL,4243.57,4203.52875,40.04125,False,False,MODE_B_EMA_CHANNEL_DIRECTION_HEAVY,1.0,green_box_quarter::green_box_1_75pct,4191.799326,51.770674,False,False,MICRO_OFFSET | MID_GAP | ORIGINAL_CLUSTER | QUARTER_ROUNDING | RESIDUAL_LEVEL,adjacent_cluster_midpoint | base_cluster | base_plus_+11 | base_plus_+13 | base_plus_+3 | base_plus_+5 | base_plus_+8 | base_plus_-11 | base_plus_-13 | base_plus_-3 | base_plus_-5 | base_plus_-8 | nearest_quarter_variant | prior_level_median_residual,4203.52875,40.04125,False,False,ORIGINAL_ORACLE_PRESERVED,11.729424,True,False,EXPANSION_SUPERSET_VIOLATION_WORSE_ERROR,False,False
2025-10-22,2025-10-21,L5,RANGE_EXTREME_220_PLUS,CLOSE_POS_LOWER_THIRD,ROWS_EXTENDED_11_PLUS,4124.9,PREV_CLOSE_PROXY,,NEUTRAL,4216.07,4173.52875,42.54125,False,False,MODE_C_BALANCED,1.0,red_box_quarter::red_box_2_25pct,4168.340625,47.729375,False,False,MICRO_OFFSET | MID_GAP | ORIGINAL_CLUSTER | QUARTER_ROUNDING | RESIDUAL_LEVEL,adjacent_cluster_midpoint | base_cluster | base_plus_+11 | base_plus_+13 | base_plus_+3 | base_plus_+5 | base_plus_+8 | base_plus_-11 | base_plus_-13 | base_plus_-3 | base_plus_-5 | base_plus_-8 | nearest_quarter_variant | prior_level_median_residual,4173.52875,42.54125,False,False,ORIGINAL_ORACLE_PRESERVED,5.188125,True,False,EXPANSION_SUPERSET_VIOLATION_WORSE_ERROR,False,False
2025-10-22,2025-10-21,L6,RANGE_EXTREME_220_PLUS,CLOSE_POS_LOWER_THIRD,ROWS_EXTENDED_11_PLUS,4124.9,PREV_CLOSE_PROXY,,NEUTRAL,4182.91,4122.77625,60.13375,False,False,MODE_C_BALANCED,2.0,green_box_quarter::green_box_1_25pct,4107.77625,75.13375,False,False,MICRO_OFFSET | MID_GAP | ORIGINAL_CLUSTER | QUARTER_ROUNDING | RESIDUAL_LEVEL,adjacent_cluster_midpoint | base_cluster | base_plus_+11 | base_plus_+13 | base_plus_+3 | base_plus_+5 | base_plus_+8 | base_plus_-11 | base_plus_-13 | base_plus_-3 | base_plus_-5 | base_plus_-8 | nearest_quarter_variant | prior_level_median_residual,4122.77625,60.13375,False,False,ORIGINAL_ORACLE_PRESERVED,15.0,True,False,EXPANSION_SUPERSET_VIOLATION_WORSE_ERROR,False,False
2025-10-22,2025-10-21,L7,RANGE_EXTREME_220_PLUS,CLOSE_POS_LOWER_THIRD,ROWS_EXTENDED_11_PLUS,4124.9,PREV_CLOSE_PROXY,,NEUTRAL,4144.81,4082.4,62.41,False,False,MODE_B_EMA_CHANNEL_DIRECTION_HEAVY,1.0,prior_hlc::previous_low,4082.4,62.41,False,False,MICRO_OFFSET | MID_GAP | ORIGINAL_CLUSTER | QUARTER_ROUNDING | RESIDUAL_LEVEL,adjacent_cluster_midpoint | base_cluster | base_plus_+11 | base_plus_+13 | base_plus_+3 | base_plus_+5 | base_plus_+8 | base_plus_-11 | base_plus_-13 | base_plus_-3 | base_plus_-5 | base_plus_-8 | nearest_quarter_variant | prior_level_median_residual,4082.4,62.41,False,False,ORIGINAL_ORACLE_PRESERVED,0.0,False,False,SUPERSET_OK_GT10,False,False
2025-10-23,2025-10-22,L4,RANGE_WIDE_120_220,CLOSE_POS_MIDDLE_THIRD,ROWS_STANDARD_9_10,4098.38,PREV_CLOSE_PROXY,,NEUTRAL,4177.89,4082.975,94.915,False,False,MODE_C_BALANCED,1.0,prior_hlc::previous_mid,4082.975,94.915,False,False,MICRO_OFFSET | MID_GAP | ORIGINAL_CLUSTER | QUARTER_ROUNDING | RESIDUAL_LEVEL,adjacent_cluster_midpoint | base_cluster | base_plus_+11 | base_plus_+13 | base_plus_+3 | base_plus_+5 | base_plus_+8 | base_plus_-11 | base_plus_-13 | base_plus_-3 | base_plus_-5 | base_plus_-8 | nearest_quarter_variant | prior_level_median_residual,4082.975,94.915,False,False,ORIGINAL_ORACLE_PRESERVED,0.0,False,False,SUPERSET_OK_GT10,False,False
2025-10-23,2025-10-22,L5,RANGE_WIDE_120_220,CLOSE_POS_MIDDLE_THIRD,ROWS_STANDARD_9_10,4098.38,PREV_CLOSE_PROXY,,NEUTRAL,4147.32,4056.869948,90.450052,False,False,MODE_C_BALANCED,1.0,prior_range_fraction::prev_range_0.333333,4056.869948,90.450052,False,False,MICRO_OFFSET | MID_GAP | ORIGINAL_CLUSTER | QUARTER_ROUNDING | RESIDUAL_LEVEL,adjacent_cluster_midpoint | base_cluster | base_plus_+11 | base_plus_+13 | base_plus_+3 | base_plus_+5 | base_plus_+8 | base_plus_-11 | base_plus_-13 | base_plus_-3 | base_plus_-5 | base_plus_-8 | nearest_quarter_variant | prior_level_median_residual,4056.869948,90.450052,False,False,ORIGINAL_ORACLE_PRESERVED,0.0,False,False,SUPERSET_OK_GT10,False,False
2025-10-23,2025-10-22,L6,RANGE_WIDE_120_220,CLOSE_POS_MIDDLE_THIRD,ROWS_STANDARD_9_10,4098.38,PREV_CLOSE_PROXY,,NEUTRAL,4104.93,4027.98875,76.94125,False,False,MODE_B_EMA_CHANNEL_DIRECTION_HEAVY,1.0,green_box_quarter::green_box_1_25pct,4027.98875,76.94125,False,False,MICRO_OFFSET | MID_GAP | ORIGINAL_CLUSTER | QUARTER_ROUNDING | RESIDUAL_LEVEL,adjacent_cluster_midpoint | base_cluster | base_plus_+11 | base_plus_+13 | base_plus_+3 | base_plus_+5 | base_plus_+8 | base_plus_-11 | base_plus_-13 | base_plus_-3 | base_plus_-5 | base_plus_-8 | nearest_quarter_variant | prior_level_median_residual,4027.98875,76.94125,False,False,ORIGINAL_ORACLE_PRESERVED,0.0,False,False,SUPERSET_OK_GT10,False,False
2025-10-23,2025-10-22,L7,RANGE_WIDE_120_220,CLOSE_POS_MIDDLE_THIRD,ROWS_STANDARD_9_10,4098.38,PREV_CLOSE_PROXY,,NEUTRAL,4068.85,4004.66,64.19,False,False,MODE_C_BALANCED,1.0,prior_hlc::previous_low,4004.66,64.19,False,False,MICRO_OFFSET | MID_GAP | ORIGINAL_CLUSTER | QUARTER_ROUNDING | RESIDUAL_LEVEL,adjacent_cluster_midpoint | base_cluster | base_plus_+11 | base_plus_+13 | base_plus_+3 | base_plus_+5 | base_plus_+8 | base_plus_-11 | base_plus_-13 | base_plus_-3 | base_plus_-5 | base_plus_-8 | nearest_quarter_variant | prior_level_median_residual,4004.66,64.19,False,False,ORIGINAL_ORACLE_PRESERVED,0.0,False,False,SUPERSET_OK_GT10,False,False
2025-10-24,2025-10-23,L4,RANGE_NORMAL_60_120,CLOSE_POS_UPPER_THIRD,ROWS_STANDARD_9_10,4125.98,PREV_CLOSE_PROXY,,NEUTRAL,4171.67,4139.91125,31.75875,False,False,MODE_C_BALANCED,1.0,red_box_quarter::red_box_1_25pct,4136.246875,35.423125,False,False,MICRO_OFFSET | MID_GAP | ORIGINAL_CLUSTER | QUARTER_ROUNDING | RESIDUAL_LEVEL | RESIDUAL_REGIME_LEVEL,adjacent_cluster_midpoint | base_cluster | base_plus_+11 | base_plus_+13 | base_plus_+3 | base_plus_+5 | base_plus_+8 | base_plus_-11 | base_plus_-13 | base_plus_-3 | base_plus_-5 | base_plus_-8 | nearest_quarter_variant | prior_level_median_residual | prior_regime_level_median_residual,4139.91125,31.75875,False,False,ORIGINAL_ORACLE_PRESERVED,3.664375,True,False,EXPANSION_SUPERSET_VIOLATION_WORSE_ERROR,False,False
2025-10-24,2025-10-23,L5,RANGE_NORMAL_60_120,CLOSE_POS_UPPER_THIRD,ROWS_STANDARD_9_10,4125.98,PREV_CLOSE_PROXY,,NEUTRAL,4135.65,4115.61,20.04,False,False,MODE_C_BALANCED,1.0,prior_hlc::previous_pivot_hlc3,4115.61,20.04,False,False,MICRO_OFFSET | MID_GAP | ORIGINAL_CLUSTER | QUARTER_ROUNDING | RESIDUAL_LEVEL | RESIDUAL_REGIME_LEVEL,adjacent_cluster_midpoint | base_cluster | base_plus_+11 | base_plus_+13 | base_plus_+3 | base_plus_+5 | base_plus_+8 | base_plus_-11 | base_plus_-13 | base_plus_-3 | base_plus_-5 | base_plus_-8 | nearest_quarter_variant | prior_level_median_residual | prior_regime_level_median_residual,4115.61,20.04,False,False,ORIGINAL_ORACLE_PRESERVED,0.0,False,False,SUPERSET_OK_GT10,False,False
2025-10-24,2025-10-23,L6,RANGE_NORMAL_60_120,CLOSE_POS_UPPER_THIRD,ROWS_STANDARD_9_10,4125.98,PREV_CLOSE_PROXY,,NEUTRAL,4099.72,4097.86708,1.85292,True,True,MODE_C_BALANCED,2.0,green_box_midline::green_mid_1 | prior_range_fraction::prev_range_0.382,4104.060415,4.340415,False,True,MICRO_OFFSET | MID_GAP | ORIGINAL_CLUSTER | QUARTER_ROUNDING | RESIDUAL_LEVEL | RESIDUAL_REGIME_LEVEL,adjacent_cluster_midpoint | base_cluster | base_plus_+11 | base_plus_+13 | base_plus_+3 | base_plus_+5 | base_plus_+8 | base_plus_-11 | base_plus_-13 | base_plus_-3 | base_plus_-5 | base_plus_-8 | nearest_quarter_variant | prior_level_median_residual | prior_regime_level_median_residual,4097.86708,1.85292,True,True,ORIGINAL_ORACLE_PRESERVED,2.487495,True,False,EXPANSION_SUPERSET_VIOLATION_WORSE_ERROR,False,False
2025-10-24,2025-10-23,L7,RANGE_NORMAL_60_120,CLOSE_POS_UPPER_THIRD,ROWS_STANDARD_9_10,4125.98,PREV_CLOSE_PROXY,,NEUTRAL,4061.44,4078.8925,17.4525,False,False,MODE_C_BALANCED,1.0,prior_range_fraction::prev_range_0.125 | red_box_quarter::red_box_2_25pct,4087.15875,25.71875,False,False,MICRO_OFFSET | MID_GAP | ORIGINAL_CLUSTER | QUARTER_ROUNDING | RESIDUAL_LEVEL | RESIDUAL_REGIME_LEVEL,adjacent_cluster_midpoint | base_cluster | base_plus_+11 | base_plus_+13 | base_plus_+3 | base_plus_+5 | base_plus_+8 | base_plus_-11 | base_plus_-13 | base_plus_-3 | base_plus_-5 | base_plus_-8 | nearest_quarter_variant | prior_level_median_residual | prior_regime_level_median_residual,4078.8925,17.4525,False,False,ORIGINAL_ORACLE_PRESERVED,8.26625,True,False,EXPANSION_SUPERSET_VIOLATION_WORSE_ERROR,False,False
2025-10-27,2025-10-24,L4,RANGE_NORMAL_60_120,CLOSE_POS_UPPER_THIRD,ROWS_STANDARD_9_10,4112.26,PREV_CLOSE_PROXY,,NEUTRAL,4166.24,4158.24375,7.99625,False,False,MODE_B_EMA_CHANNEL_DIRECTION_HEAVY,1.0,green_box_quarter::green_box_2_75pct,4138.865625,27.374375,False,False,MICRO_OFFSET | MID_GAP | ORIGINAL_CLUSTER | QUARTER_ROUNDING | RESIDUAL_LEVEL | RESIDUAL_REGIME_LEVEL,adjacent_cluster_midpoint | base_cluster | base_plus_+11 | base_plus_+13 | base_plus_+3 | base_plus_+5 | base_plus_+8 | base_plus_-11 | base_plus_-13 | base_plus_-3 | base_plus_-5 | base_plus_-8 | nearest_quarter_variant | prior_level_median_residual | prior_regime_level_median_residual,4158.24375,7.99625,False,False,ORIGINAL_ORACLE_PRESERVED,19.378125,True,False,EXPANSION_SUPERSET_VIOLATION_WORSE_ERROR,False,False
2025-10-27,2025-10-24,L5,RANGE_NORMAL_60_120,CLOSE_POS_UPPER_THIRD,ROWS_STANDARD_9_10,4112.26,PREV_CLOSE_PROXY,,NEUTRAL,4129.36,4119.4875,9.8725,False,False,MODE_C_BALANCED,1.0,prior_range_fraction::prev_range_0.75,4109.945417,19.414583,False,False,MICRO_OFFSET | MID_GAP | ORIGINAL_CLUSTER | QUARTER_ROUNDING | RESIDUAL_LEVEL | RESIDUAL_REGIME_LEVEL,adjacent_cluster_midpoint | base_cluster | base_plus_+11 | base_plus_+13 | base_plus_+3 | base_plus_+5 | base_plus_+8 | base_plus_-11 | base_plus_-13 | base_plus_-3 | base_plus_-5 | base_plus_-8 | nearest_quarter_variant | prior_level_median_residual | prior_regime_level_median_residual,4119.4875,9.8725,False,False,ORIGINAL_ORACLE_PRESERVED,9.542083,True,False,EXPANSION_SUPERSET_VIOLATION_WORSE_ERROR,False,False
2025-10-27,2025-10-24,L6,RANGE_NORMAL_60_120,CLOSE_POS_UPPER_THIRD,ROWS_STANDARD_9_10,4112.26,PREV_CLOSE_PROXY,,NEUTRAL,4091.91,4095.73125,3.82125,False,True,MODE_D_NEAREST_VALID_LADDER,1.0,red_box_quarter::red_box_1_75pct,4086.346875,5.563125,False,False,MICRO_OFFSET | MID_GAP | ORIGINAL_CLUSTER | QUARTER_ROUNDING | RESIDUAL_LEVEL | RESIDUAL_REGIME_LEVEL,adjacent_cluster_midpoint | base_cluster | base_plus_+11 | base_plus_+13 | base_plus_+3 | base_plus_+5 | base_plus_+8 | base_plus_-11 | base_plus_-13 | base_plus_-3 | base_plus_-5 | base_plus_-8 | nearest_quarter_variant | prior_level_median_residual | prior_regime_level_median_residual,4095.73125,3.82125,False,True,ORIGINAL_ORACLE_PRESERVED,1.741875,True,True,EXPANSION_SUPERSET_VIOLATION_LOST_WITHIN_5,False,False
2025-10-27,2025-10-24,L7,RANGE_NORMAL_60_120,CLOSE_POS_UPPER_THIRD,ROWS_STANDARD_9_10,4112.26,PREV_CLOSE_PROXY,,NEUTRAL,4056.5,4056.95625,0.45625,True,True,MODE_C_BALANCED,1.0,prior_range_fraction::prev_range_0.125,4063.21875,6.71875,False,False,MICRO_OFFSET | MID_GAP | ORIGINAL_CLUSTER | QUARTER_ROUNDING | RESIDUAL_LEVEL | RESIDUAL_REGIME_LEVEL,adjacent_cluster_midpoint | base_cluster | base_plus_+11 | base_plus_+13 | base_plus_+3 | base_plus_+5 | base_plus_+8 | base_plus_-11 | base_plus_-13 | base_plus_-3 | base_plus_-5 | base_plus_-8 | nearest_quarter_variant | prior_level_median_residual | prior_regime_level_median_residual,4056.95625,0.45625,True,True,ORIGINAL_ORACLE_PRESERVED,6.2625,True,True,EXPANSION_SUPERSET_VIOLATION_LOST_WITHIN_5,False,False
2025-10-28,2025-10-27,L4,RANGE_WIDE_120_220,CLOSE_POS_LOWER_THIRD,ROWS_EXTENDED_11_PLUS,3981.07,PREV_CLOSE_PROXY,,NEUTRAL,4133.51,4118.255,15.255,False,False,MODE_B_EMA_CHANNEL_DIRECTION_HEAVY,5.0,green_box_quarter::green_box_2_75pct,4079.3225,54.1875,False,False,MICRO_OFFSET | MID_GAP | ORIGINAL_CLUSTER | QUARTER_ROUNDING | RESIDUAL_LEVEL,adjacent_cluster_midpoint | base_cluster | base_plus_+11 | base_plus_+13 | base_plus_+3 | base_plus_+5 | base_plus_+8 | base_plus_-11 | base_plus_-13 | base_plus_-3 | base_plus_-5 | base_plus_-8 | nearest_quarter_variant | prior_level_median_residual,4118.255,15.255,False,False,ORIGINAL_ORACLE_PRESERVED,38.9325,True,False,EXPANSION_SUPERSET_VIOLATION_WORSE_ERROR,False,False
2025-10-28,2025-10-27,L5,RANGE_WIDE_120_220,CLOSE_POS_LOWER_THIRD,ROWS_EXTENDED_11_PLUS,3981.07,PREV_CLOSE_PROXY,,NEUTRAL,4092.09,4097.3,5.21,False,False,MODE_B_EMA_CHANNEL_DIRECTION_HEAVY,4.0,green_box_midline::green_mid_2,4057.374977,34.715023,False,False,MICRO_OFFSET | MID_GAP | ORIGINAL_CLUSTER | QUARTER_ROUNDING | RESIDUAL_LEVEL,adjacent_cluster_midpoint | base_cluster | base_plus_+11 | base_plus_+13 | base_plus_+3 | base_plus_+5 | base_plus_+8 | base_plus_-11 | base_plus_-13 | base_plus_-3 | base_plus_-5 | base_plus_-8 | nearest_quarter_variant | prior_level_median_residual,4097.3,5.21,False,False,ORIGINAL_ORACLE_PRESERVED,29.505023,True,False,EXPANSION_SUPERSET_VIOLATION_WORSE_ERROR,False,False
2025-10-28,2025-10-27,L7,RANGE_WIDE_120_220,CLOSE_POS_LOWER_THIRD,ROWS_EXTENDED_11_PLUS,3981.07,PREV_CLOSE_PROXY,,NEUTRAL,4025.25,4025.39,0.14,True,True,MODE_B_EMA_CHANNEL_DIRECTION_HEAVY,2.0,red_box_edge::red_edge_1,4035.8675,10.6175,False,False,MICRO_OFFSET | MID_GAP | ORIGINAL_CLUSTER | QUARTER_ROUNDING | RESIDUAL_LEVEL,adjacent_cluster_midpoint | base_cluster | base_plus_+11 | base_plus_+13 | base_plus_+3 | base_plus_+5 | base_plus_+8 | base_plus_-11 | base_plus_-13 | base_plus_-3 | base_plus_-5 | base_plus_-8 | nearest_quarter_variant | prior_level_median_residual,4025.39,0.14,True,True,ORIGINAL_ORACLE_PRESERVED,10.4775,True,True,EXPANSION_SUPERSET_VIOLATION_LOST_WITHIN_5,False,False
2025-10-29,2025-10-28,L4,RANGE_WIDE_120_220,CLOSE_POS_MIDDLE_THIRD,ROWS_STANDARD_9_10,3952.66,PREV_CLOSE_PROXY,,NEUTRAL,4053.69,4029.3325,24.3575,False,False,MODE_C_BALANCED,1.0,green_box_quarter::green_box_2_75pct,4029.3325,24.3575,False,False,MICRO_OFFSET | MID_GAP | ORIGINAL_CLUSTER | QUARTER_ROUNDING | RESIDUAL_LEVEL,adjacent_cluster_midpoint | base_cluster | base_plus_+11 | base_plus_+13 | base_plus_+3 | base_plus_+5 | base_plus_+8 | base_plus_-11 | base_plus_-13 | base_plus_-3 | base_plus_-5 | base_plus_-8 | nearest_quarter_variant | prior_level_median_residual,4029.3325,24.3575,False,False,ORIGINAL_ORACLE_PRESERVED,0.0,False,False,SUPERSET_OK_GT10,False,False
2025-10-29,2025-10-28,L5,RANGE_WIDE_120_220,CLOSE_POS_MIDDLE_THIRD,ROWS_STANDARD_9_10,3952.66,PREV_CLOSE_PROXY,,NEUTRAL,4020.72,4008.945,11.775,False,False,MODE_B_EMA_CHANNEL_DIRECTION_HEAVY,1.0,green_box_midline::green_mid_2,4008.945,11.775,False,False,MICRO_OFFSET | MID_GAP | ORIGINAL_CLUSTER | QUARTER_ROUNDING | RESIDUAL_LEVEL,adjacent_cluster_midpoint | base_cluster | base_plus_+11 | base_plus_+13 | base_plus_+3 | base_plus_+5 | base_plus_+8 | base_plus_-11 | base_plus_-13 | base_plus_-3 | base_plus_-5 | base_plus_-8 | nearest_quarter_variant | prior_level_median_residual,4008.945,11.775,False,False,ORIGINAL_ORACLE_PRESERVED,0.0,False,False,SUPERSET_OK_GT10,False,False
2025-10-29,2025-10-28,L6,RANGE_WIDE_120_220,CLOSE_POS_MIDDLE_THIRD,ROWS_STANDARD_9_10,3952.66,PREV_CLOSE_PROXY,,NEUTRAL,3988.68,3968.8758,19.8042,False,False,MODE_A_LIVE_PROXIMITY_HEAVY,2.0,prior_range_fraction::prev_range_0.618,3968.8758,19.8042,False,False,MICRO_OFFSET | MID_GAP | ORIGINAL_CLUSTER | QUARTER_ROUNDING | RESIDUAL_LEVEL,adjacent_cluster_midpoint | base_cluster | base_plus_+11 | base_plus_+13 | base_plus_+3 | base_plus_+5 | base_plus_+8 | base_plus_-11 | base_plus_-13 | base_plus_-3 | base_plus_-5 | base_plus_-8 | nearest_quarter_variant | prior_level_median_residual,3968.8758,19.8042,False,False,ORIGINAL_ORACLE_PRESERVED,0.0,False,False,SUPERSET_OK_GT10,False,False
2025-10-29,2025-10-28,L7,RANGE_WIDE_120_220,CLOSE_POS_MIDDLE_THIRD,ROWS_STANDARD_9_10,3952.66,PREV_CLOSE_PROXY,,NEUTRAL,3960.38,3938.17,22.21,False,False,MODE_B_EMA_CHANNEL_DIRECTION_HEAVY,2.0,red_box_edge::red_edge_1,3938.17,22.21,False,False,MICRO_OFFSET | MID_GAP | ORIGINAL_CLUSTER | QUARTER_ROUNDING | RESIDUAL_LEVEL,adjacent_cluster_midpoint | base_cluster | base_plus_+11 | base_plus_+13 | base_plus_+3 | base_plus_+5 | base_plus_+8 | base_plus_-11 | base_plus_-13 | base_plus_-3 | base_plus_-5 | base_plus_-8 | nearest_quarter_variant | prior_level_median_residual,3938.17,22.21,False,False,ORIGINAL_ORACLE_PRESERVED,0.0,False,False,SUPERSET_OK_GT10,False,False
2025-10-30,2025-10-29,L4,RANGE_NORMAL_60_120,CLOSE_POS_LOWER_THIRD,ROWS_EXTENDED_11_PLUS,3930.12,PREV_CLOSE_PROXY,,NEUTRAL,4090.3,3968.91875,121.38125,False,False,MODE_C_BALANCED,1.0,green_box_quarter::green_box_1_75pct,3968.91875,121.38125,False,False,MICRO_OFFSET | MID_GAP | ORIGINAL_CLUSTER | QUARTER_ROUNDING | RESIDUAL_LEVEL,adjacent_cluster_midpoint | base_cluster | base_plus_+11 | base_plus_+13 | base_plus_+3 | base_plus_+5 | base_plus_+8 | base_plus_-11 | base_plus_-13 | base_plus_-3 | base_plus_-5 | base_plus_-8 | nearest_quarter_variant | prior_level_median_residual,3968.91875,121.38125,False,False,ORIGINAL_ORACLE_PRESERVED,0.0,False,False,SUPERSET_OK_GT10,False,False
2025-10-30,2025-10-29,L5,RANGE_NORMAL_60_120,CLOSE_POS_LOWER_THIRD,ROWS_EXTENDED_11_PLUS,3930.12,PREV_CLOSE_PROXY,,NEUTRAL,4056.8,3950.6725,106.1275,False,False,MODE_C_BALANCED,1.0,green_box_midline::green_mid_1,3950.6725,106.1275,False,False,MICRO_OFFSET | MID_GAP | ORIGINAL_CLUSTER | QUARTER_ROUNDING | RESIDUAL_LEVEL,adjacent_cluster_midpoint | base_cluster | base_plus_+11 | base_plus_+13 | base_plus_+3 | base_plus_+5 | base_plus_+8 | base_plus_-11 | base_plus_-13 | base_plus_-3 | base_plus_-5 | base_plus_-8 | nearest_quarter_variant | prior_level_median_residual,3950.6725,106.1275,False,False,ORIGINAL_ORACLE_PRESERVED,0.0,False,False,SUPERSET_OK_GT10,False,False
2025-10-30,2025-10-29,L6,RANGE_NORMAL_60_120,CLOSE_POS_LOWER_THIRD,ROWS_EXTENDED_11_PLUS,3930.12,PREV_CLOSE_PROXY,,NEUTRAL,4023.85,3932.42625,91.42375,False,False,MODE_C_BALANCED,1.0,green_box_quarter::green_box_1_25pct,3932.42625,91.42375,False,False,MICRO_OFFSET | MID_GAP | ORIGINAL_CLUSTER | QUARTER_ROUNDING | RESIDUAL_LEVEL,adjacent_cluster_midpoint | base_cluster | base_plus_+11 | base_plus_+13 | base_plus_+3 | base_plus_+5 | base_plus_+8 | base_plus_-11 | base_plus_-13 | base_plus_-3 | base_plus_-5 | base_plus_-8 | nearest_quarter_variant | prior_level_median_residual,3932.42625,91.42375,False,False,ORIGINAL_ORACLE_PRESERVED,0.0,False,False,SUPERSET_OK_GT10,False,False
2025-10-30,2025-10-29,L7,RANGE_NORMAL_60_120,CLOSE_POS_LOWER_THIRD,ROWS_EXTENDED_11_PLUS,3930.12,PREV_CLOSE_PROXY,,NEUTRAL,3991.27,3914.18,77.09,False,False,MODE_B_EMA_CHANNEL_DIRECTION_HEAVY,1.0,prior_hlc::previous_low,3914.18,77.09,False,False,MICRO_OFFSET | MID_GAP | ORIGINAL_CLUSTER | QUARTER_ROUNDING | RESIDUAL_LEVEL,adjacent_cluster_midpoint | base_cluster | base_plus_+11 | base_plus_+13 | base_plus_+3 | base_plus_+5 | base_plus_+8 | base_plus_-11 | base_plus_-13 | base_plus_-3 | base_plus_-5 | base_plus_-8 | nearest_quarter_variant | prior_level_median_residual,3914.18,77.09,False,False,ORIGINAL_ORACLE_PRESERVED,0.0,False,False,SUPERSET_OK_GT10,False,False
2025-10-31,2025-10-30,L4,RANGE_NORMAL_60_120,CLOSE_POS_UPPER_THIRD,ROWS_STANDARD_9_10,4024.28,PREV_CLOSE_PROXY,,NEUTRAL,4053.95,4039.49875,14.45125,False,False,MODE_B_EMA_CHANNEL_DIRECTION_HEAVY,1.0,green_box_quarter::green_box_2_75pct,4019.388125,34.561875,False,False,MICRO_OFFSET | MID_GAP | ORIGINAL_CLUSTER | QUARTER_ROUNDING | RESIDUAL_LEVEL | RESIDUAL_REGIME_LEVEL,adjacent_cluster_midpoint | base_cluster | base_plus_+11 | base_plus_+13 | base_plus_+3 | base_plus_+5 | base_plus_+8 | base_plus_-11 | base_plus_-13 | base_plus_-3 | base_plus_-5 | base_plus_-8 | nearest_quarter_variant | prior_level_median_residual | prior_regime_level_median_residual,4039.49875,14.45125,False,False,ORIGINAL_ORACLE_PRESERVED,20.110625,True,False,EXPANSION_SUPERSET_VIOLATION_WORSE_ERROR,False,False
2025-10-31,2025-10-30,L5,RANGE_NORMAL_60_120,CLOSE_POS_UPPER_THIRD,ROWS_STANDARD_9_10,4024.28,PREV_CLOSE_PROXY,,NEUTRAL,4020.43,4009.49875,10.93125,False,False,MODE_C_BALANCED,1.0,red_box_quarter::red_box_1_25pct,3999.241042,21.188958,False,False,MICRO_OFFSET | MID_GAP | ORIGINAL_CLUSTER | QUARTER_ROUNDING | RESIDUAL_LEVEL | RESIDUAL_REGIME_LEVEL,adjacent_cluster_midpoint | base_cluster | base_plus_+11 | base_plus_+13 | base_plus_+3 | base_plus_+5 | base_plus_+8 | base_plus_-11 | base_plus_-13 | base_plus_-3 | base_plus_-5 | base_plus_-8 | nearest_quarter_variant | prior_level_median_residual | prior_regime_level_median_residual,4009.49875,10.93125,False,False,ORIGINAL_ORACLE_PRESERVED,10.257708,True,False,EXPANSION_SUPERSET_VIOLATION_WORSE_ERROR,False,False
2025-10-31,2025-10-30,L6,RANGE_NORMAL_60_120,CLOSE_POS_UPPER_THIRD,ROWS_STANDARD_9_10,4024.28,PREV_CLOSE_PROXY,,NEUTRAL,3988.15,3974.05625,14.09375,False,False,MODE_C_BALANCED,1.0,red_box_quarter::red_box_1_75pct,3962.474375,25.675625,False,False,MICRO_OFFSET | MID_GAP | ORIGINAL_CLUSTER | QUARTER_ROUNDING | RESIDUAL_LEVEL | RESIDUAL_REGIME_LEVEL,adjacent_cluster_midpoint | base_cluster | base_plus_+11 | base_plus_+13 | base_plus_+3 | base_plus_+5 | base_plus_+8 | base_plus_-11 | base_plus_-13 | base_plus_-3 | base_plus_-5 | base_plus_-8 | nearest_quarter_variant | prior_level_median_residual | prior_regime_level_median_residual,3974.05625,14.09375,False,False,ORIGINAL_ORACLE_PRESERVED,11.581875,True,False,EXPANSION_SUPERSET_VIOLATION_WORSE_ERROR,False,False
2025-10-31,2025-10-30,L7,RANGE_NORMAL_60_120,CLOSE_POS_UPPER_THIRD,ROWS_STANDARD_9_10,4024.28,PREV_CLOSE_PROXY,,NEUTRAL,3959.89,3956.335,3.555,False,True,MODE_C_BALANCED,1.0,red_box_edge::red_edge_1,3938.61375,21.27625,False,False,MICRO_OFFSET | MID_GAP | ORIGINAL_CLUSTER | QUARTER_ROUNDING | RESIDUAL_LEVEL | RESIDUAL_REGIME_LEVEL,adjacent_cluster_midpoint | base_cluster | base_plus_+11 | base_plus_+13 | base_plus_+3 | base_plus_+5 | base_plus_+8 | base_plus_-11 | base_plus_-13 | base_plus_-3 | base_plus_-5 | base_plus_-8 | nearest_quarter_variant | prior_level_median_residual | prior_regime_level_median_residual,3956.335,3.555,False,True,ORIGINAL_ORACLE_PRESERVED,17.72125,True,True,EXPANSION_SUPERSET_VIOLATION_LOST_WITHIN_5,False,False
2025-11-03,2025-10-31,L4,RANGE_NORMAL_60_120,CLOSE_POS_MIDDLE_THIRD,ROWS_EXTENDED_11_PLUS,4002.19,PREV_CLOSE_PROXY,,NEUTRAL,4042.58,4024.215,18.365,False,False,MODE_C_BALANCED,1.0,green_box_edge::green_edge_1,4013.2025,29.3775,False,False,MICRO_OFFSET | MID_GAP | ORIGINAL_CLUSTER | QUARTER_ROUNDING | RESIDUAL_LEVEL,adjacent_cluster_midpoint | base_cluster | base_plus_+11 | base_plus_+13 | base_plus_+3 | base_plus_+5 | base_plus_+8 | base_plus_-11 | base_plus_-13 | base_plus_-3 | base_plus_-5 | base_plus_-8 | nearest_quarter_variant | prior_level_median_residual,4024.215,18.365,False,False,ORIGINAL_ORACLE_PRESERVED,11.0125,True,False,EXPANSION_SUPERSET_VIOLATION_WORSE_ERROR,False,False
2025-11-03,2025-10-31,L5,RANGE_NORMAL_60_120,CLOSE_POS_MIDDLE_THIRD,ROWS_EXTENDED_11_PLUS,4002.19,PREV_CLOSE_PROXY,,NEUTRAL,4013.99,4007.21375,6.77625,False,False,MODE_C_BALANCED,1.0,red_box_quarter::red_box_1_75pct,3996.21625,17.77375,False,False,MICRO_OFFSET | MID_GAP | ORIGINAL_CLUSTER | QUARTER_ROUNDING | RESIDUAL_LEVEL,adjacent_cluster_midpoint | base_cluster | base_plus_+11 | base_plus_+13 | base_plus_+3 | base_plus_+5 | base_plus_+8 | base_plus_-11 | base_plus_-13 | base_plus_-3 | base_plus_-5 | base_plus_-8 | nearest_quarter_variant | prior_level_median_residual,4007.21375,6.77625,False,False,ORIGINAL_ORACLE_PRESERVED,10.9975,True,False,EXPANSION_SUPERSET_VIOLATION_WORSE_ERROR,False,False
2025-11-03,2025-10-31,L7,RANGE_NORMAL_60_120,CLOSE_POS_MIDDLE_THIRD,ROWS_EXTENDED_11_PLUS,4002.19,PREV_CLOSE_PROXY,,NEUTRAL,3953.24,3942.22,11.02,False,False,MODE_B_EMA_CHANNEL_DIRECTION_HEAVY,2.0,red_box_edge::red_edge_2,3942.22,11.02,False,False,MICRO_OFFSET | MID_GAP | ORIGINAL_CLUSTER | QUARTER_ROUNDING | RESIDUAL_LEVEL,adjacent_cluster_midpoint | base_cluster | base_plus_+11 | base_plus_+13 | base_plus_+3 | base_plus_+5 | base_plus_+8 | base_plus_-11 | base_plus_-13 | base_plus_-3 | base_plus_-5 | base_plus_-8 | nearest_quarter_variant | prior_level_median_residual,3942.22,11.02,False,False,ORIGINAL_ORACLE_PRESERVED,0.0,False,False,SUPERSET_OK_GT10,False,False
2025-11-04,2025-11-03,L4,RANGE_NORMAL_60_120,CLOSE_POS_MIDDLE_THIRD,ROWS_STANDARD_9_10,4001.26,PREV_CLOSE_PROXY,,NEUTRAL,4037.15,4011.435,25.715,False,False,MODE_C_BALANCED,1.0,green_box_edge::green_edge_1,4006.3475,30.8025,False,False,MICRO_OFFSET | MID_GAP | ORIGINAL_CLUSTER | QUARTER_ROUNDING | RESIDUAL_LEVEL | RESIDUAL_REGIME_LEVEL,adjacent_cluster_midpoint | base_cluster | base_plus_+11 | base_plus_+13 | base_plus_+3 | base_plus_+5 | base_plus_+8 | base_plus_-11 | base_plus_-13 | base_plus_-3 | base_plus_-5 | base_plus_-8 | nearest_quarter_variant | prior_level_median_residual | prior_regime_level_median_residual,4011.435,25.715,False,False,ORIGINAL_ORACLE_PRESERVED,5.0875,True,False,EXPANSION_SUPERSET_VIOLATION_WORSE_ERROR,False,False
2025-11-04,2025-11-03,L5,RANGE_NORMAL_60_120,CLOSE_POS_MIDDLE_THIRD,ROWS_STANDARD_9_10,4001.26,PREV_CLOSE_PROXY,,NEUTRAL,4011.32,3993.73125,17.58875,False,False,MODE_C_BALANCED,1.0,red_box_quarter::red_box_1_75pct,3984.13875,27.18125,False,False,MICRO_OFFSET | MID_GAP | ORIGINAL_CLUSTER | QUARTER_ROUNDING | RESIDUAL_LEVEL,adjacent_cluster_midpoint | base_cluster | base_plus_+11 | base_plus_+13 | base_plus_+3 | base_plus_+5 | base_plus_+8 | base_plus_-11 | base_plus_-13 | base_plus_-3 | base_plus_-5 | base_plus_-8 | nearest_quarter_variant | prior_level_median_residual,3993.73125,17.58875,False,False,ORIGINAL_ORACLE_PRESERVED,9.5925,True,False,EXPANSION_SUPERSET_VIOLATION_WORSE_ERROR,False,False
2025-11-04,2025-11-03,L6,RANGE_NORMAL_60_120,CLOSE_POS_MIDDLE_THIRD,ROWS_STANDARD_9_10,4001.26,PREV_CLOSE_PROXY,,NEUTRAL,3978.19,3981.435,3.245,False,True,MODE_C_BALANCED,1.0,red_box_edge::red_edge_1,3969.13875,9.05125,False,False,MICRO_OFFSET | MID_GAP | ORIGINAL_CLUSTER | QUARTER_ROUNDING | RESIDUAL_LEVEL,adjacent_cluster_midpoint | base_cluster | base_plus_+11 | base_plus_+13 | base_plus_+3 | base_plus_+5 | base_plus_+8 | base_plus_-11 | base_plus_-13 | base_plus_-3 | base_plus_-5 | base_plus_-8 | nearest_quarter_variant | prior_level_median_residual,3981.435,3.245,False,True,ORIGINAL_ORACLE_PRESERVED,5.80625,True,True,EXPANSION_SUPERSET_VIOLATION_LOST_WITHIN_5,False,False
2025-11-04,2025-11-03,L7,RANGE_NORMAL_60_120,CLOSE_POS_MIDDLE_THIRD,ROWS_STANDARD_9_10,4001.26,PREV_CLOSE_PROXY,,NEUTRAL,3947.62,3932.25,15.37,False,False,MODE_B_EMA_CHANNEL_DIRECTION_HEAVY,2.0,red_box_edge::red_edge_2,3932.25,15.37,False,False,MICRO_OFFSET | MID_GAP | ORIGINAL_CLUSTER | QUARTER_ROUNDING | RESIDUAL_LEVEL,adjacent_cluster_midpoint | base_cluster | base_plus_+11 | base_plus_+13 | base_plus_+3 | base_plus_+5 | base_plus_+8 | base_plus_-11 | base_plus_-13 | base_plus_-3 | base_plus_-5 | base_plus_-8 | nearest_quarter_variant | prior_level_median_residual,3932.25,15.37,False,False,ORIGINAL_ORACLE_PRESERVED,0.0,False,False,SUPERSET_OK_GT10,False,False
2025-11-05,2025-11-04,L4,RANGE_NORMAL_60_120,CLOSE_POS_LOWER_THIRD,ROWS_SPARSE_1_8,3931.9,PREV_CLOSE_PROXY,,NEUTRAL,3973.68,3968.95125,4.72875,False,True,MODE_C_BALANCED,1.0,green_box_quarter::green_box_1_75pct,3968.95125,4.72875,False,True,MICRO_OFFSET | MID_GAP | ORIGINAL_CLUSTER | QUARTER_ROUNDING | RESIDUAL_LEVEL,adjacent_cluster_midpoint | base_cluster | base_plus_+11 | base_plus_+13 | base_plus_+3 | base_plus_+5 | base_plus_+8 | base_plus_-11 | base_plus_-13 | base_plus_-3 | base_plus_-5 | base_plus_-8 | nearest_quarter_variant | prior_level_median_residual,3968.95125,4.72875,False,True,ORIGINAL_ORACLE_PRESERVED,0.0,False,False,SUPERSET_OK_WITHIN_5,False,False
2025-11-05,2025-11-04,L5,RANGE_NORMAL_60_120,CLOSE_POS_LOWER_THIRD,ROWS_SPARSE_1_8,3931.9,PREV_CLOSE_PROXY,,NEUTRAL,3944.85,3955.5775,10.7275,False,False,MODE_C_BALANCED,1.0,green_box_midline::green_mid_1,3955.5775,10.7275,False,False,MICRO_OFFSET | MID_GAP | ORIGINAL_CLUSTER | QUARTER_ROUNDING | RESIDUAL_LEVEL,adjacent_cluster_midpoint | base_cluster | base_plus_+11 | base_plus_+13 | base_plus_+3 | base_plus_+5 | base_plus_+8 | base_plus_-11 | base_plus_-13 | base_plus_-3 | base_plus_-5 | base_plus_-8 | nearest_quarter_variant | prior_level_median_residual,3955.5775,10.7275,False,False,ORIGINAL_ORACLE_PRESERVED,0.0,False,False,SUPERSET_OK_GT10,False,False
2025-11-05,2025-11-04,L6,RANGE_NORMAL_60_120,CLOSE_POS_LOWER_THIRD,ROWS_SPARSE_1_8,3931.9,PREV_CLOSE_PROXY,,NEUTRAL,3916.74,3942.20375,25.46375,False,False,MODE_C_BALANCED,1.0,green_box_quarter::green_box_1_25pct,3942.20375,25.46375,False,False,MICRO_OFFSET | MID_GAP | ORIGINAL_CLUSTER | QUARTER_ROUNDING | RESIDUAL_LEVEL,adjacent_cluster_midpoint | base_cluster | base_plus_+11 | base_plus_+13 | base_plus_+3 | base_plus_+5 | base_plus_+8 | base_plus_-11 | base_plus_-13 | base_plus_-3 | base_plus_-5 | base_plus_-8 | nearest_quarter_variant | prior_level_median_residual,3942.20375,25.46375,False,False,ORIGINAL_ORACLE_PRESERVED,0.0,False,False,SUPERSET_OK_GT10,False,False
2025-11-05,2025-11-04,L7,RANGE_NORMAL_60_120,CLOSE_POS_LOWER_THIRD,ROWS_SPARSE_1_8,3931.9,PREV_CLOSE_PROXY,,NEUTRAL,3888.49,3928.83,40.34,False,False,MODE_C_BALANCED,1.0,prior_hlc::previous_low,3928.83,40.34,False,False,MICRO_OFFSET | MID_GAP | ORIGINAL_CLUSTER | QUARTER_ROUNDING | RESIDUAL_LEVEL,adjacent_cluster_midpoint | base_cluster | base_plus_+11 | base_plus_+13 | base_plus_+3 | base_plus_+5 | base_plus_+8 | base_plus_-11 | base_plus_-13 | base_plus_-3 | base_plus_-5 | base_plus_-8 | nearest_quarter_variant | prior_level_median_residual,3928.83,40.34,False,False,ORIGINAL_ORACLE_PRESERVED,0.0,False,False,SUPERSET_OK_GT10,False,False
2025-11-06,2025-11-05,L4,RANGE_NORMAL_60_120,CLOSE_POS_UPPER_THIRD,ROWS_STANDARD_9_10,3979.04,PREV_CLOSE_PROXY,,NEUTRAL,4026.17,4020.51,5.66,False,False,MODE_D_NEAREST_VALID_LADDER,1.0,green_box_edge::green_edge_2,4014.80375,11.36625,False,False,MICRO_OFFSET | MID_GAP | ORIGINAL_CLUSTER | QUARTER_ROUNDING | RESIDUAL_LEVEL | RESIDUAL_REGIME_LEVEL,adjacent_cluster_midpoint | base_cluster | base_plus_+11 | base_plus_+13 | base_plus_+3 | base_plus_+5 | base_plus_+8 | base_plus_-11 | base_plus_-13 | base_plus_-3 | base_plus_-5 | base_plus_-8 | nearest_quarter_variant | prior_level_median_residual | prior_regime_level_median_residual,4020.51,5.66,False,False,ORIGINAL_ORACLE_PRESERVED,5.70625,True,False,EXPANSION_SUPERSET_VIOLATION_WORSE_ERROR,False,False
2025-11-06,2025-11-05,L5,RANGE_NORMAL_60_120,CLOSE_POS_UPPER_THIRD,ROWS_STANDARD_9_10,3979.04,PREV_CLOSE_PROXY,,NEUTRAL,3999.38,3997.685,1.695,True,True,MODE_D_NEAREST_VALID_LADDER,1.0,green_box_midline::green_mid_2,3981.969167,17.410834,False,False,MICRO_OFFSET | MID_GAP | ORIGINAL_CLUSTER | QUARTER_ROUNDING | RESIDUAL_LEVEL | RESIDUAL_REGIME_LEVEL,adjacent_cluster_midpoint | base_cluster | base_plus_+11 | base_plus_+13 | base_plus_+3 | base_plus_+5 | base_plus_+8 | base_plus_-11 | base_plus_-13 | base_plus_-3 | base_plus_-5 | base_plus_-8 | nearest_quarter_variant | prior_level_median_residual | prior_regime_level_median_residual,3997.685,1.695,True,True,ORIGINAL_ORACLE_PRESERVED,15.715834,True,True,EXPANSION_SUPERSET_VIOLATION_LOST_WITHIN_5,False,False
2025-11-06,2025-11-05,L6,RANGE_NORMAL_60_120,CLOSE_POS_UPPER_THIRD,ROWS_STANDARD_9_10,3979.04,PREV_CLOSE_PROXY,,NEUTRAL,3971.33,3964.850417,6.479583,False,False,MODE_D_NEAREST_VALID_LADDER,1.0,green_box_quarter::green_box_1_75pct | prior_hlc::previous_pivot_hlc3,3959.502084,11.827916,False,False,MICRO_OFFSET | MID_GAP | ORIGINAL_CLUSTER | QUARTER_ROUNDING | RESIDUAL_LEVEL | RESIDUAL_REGIME_LEVEL,adjacent_cluster_midpoint | base_cluster | base_plus_+11 | base_plus_+13 | base_plus_+3 | base_plus_+5 | base_plus_+8 | base_plus_-11 | base_plus_-13 | base_plus_-3 | base_plus_-5 | base_plus_-8 | nearest_quarter_variant | prior_level_median_residual | prior_regime_level_median_residual,3964.850417,6.479583,False,False,ORIGINAL_ORACLE_PRESERVED,5.348333,True,False,EXPANSION_SUPERSET_VIOLATION_WORSE_ERROR,False,False
2025-11-06,2025-11-05,L7,RANGE_NORMAL_60_120,CLOSE_POS_UPPER_THIRD,ROWS_STANDARD_9_10,3979.04,PREV_CLOSE_PROXY,,NEUTRAL,3946.09,3944.86,1.23,True,True,MODE_C_BALANCED,1.0,red_box_edge::red_edge_1,3937.3308,8.7592,False,False,MICRO_OFFSET | MID_GAP | ORIGINAL_CLUSTER | QUARTER_ROUNDING | RESIDUAL_LEVEL | RESIDUAL_REGIME_LEVEL,adjacent_cluster_midpoint | base_cluster | base_plus_+11 | base_plus_+13 | base_plus_+3 | base_plus_+5 | base_plus_+8 | base_plus_-11 | base_plus_-13 | base_plus_-3 | base_plus_-5 | base_plus_-8 | nearest_quarter_variant | prior_level_median_residual | prior_regime_level_median_residual,3944.86,1.23,True,True,ORIGINAL_ORACLE_PRESERVED,7.5292,True,True,EXPANSION_SUPERSET_VIOLATION_LOST_WITHIN_5,False,False
2025-11-07,2025-11-06,L4,RANGE_COMPRESSED_0_60,CLOSE_POS_LOWER_THIRD,ROWS_SPARSE_1_8,3976.93,PREV_CLOSE_PROXY,,NEUTRAL,3994.41,3982.909982,11.500018,False,False,MODE_B_EMA_CHANNEL_DIRECTION_HEAVY,1.0,prior_range_fraction::prev_range_0.333333,3982.909982,11.500018,False,False,MICRO_OFFSET | MID_GAP | ORIGINAL_CLUSTER | QUARTER_ROUNDING | RESIDUAL_LEVEL,adjacent_cluster_midpoint | base_cluster | base_plus_+11 | base_plus_+13 | base_plus_+3 | base_plus_+5 | base_plus_+8 | base_plus_-11 | base_plus_-13 | base_plus_-3 | base_plus_-5 | base_plus_-8 | nearest_quarter_variant | prior_level_median_residual,3982.909982,11.500018,False,False,ORIGINAL_ORACLE_PRESERVED,0.0,False,False,SUPERSET_OK_GT10,False,False
2025-11-07,2025-11-06,L5,RANGE_COMPRESSED_0_60,CLOSE_POS_LOWER_THIRD,ROWS_SPARSE_1_8,3976.93,PREV_CLOSE_PROXY,,NEUTRAL,3965.9,3966.45375,0.55375,True,True,MODE_A_LIVE_PROXIMITY_HEAVY,1.0,red_box_quarter::red_box_2_25pct,3966.45375,0.55375,True,True,MICRO_OFFSET | MID_GAP | ORIGINAL_CLUSTER | QUARTER_ROUNDING | RESIDUAL_LEVEL,adjacent_cluster_midpoint | base_cluster | base_plus_+11 | base_plus_+13 | base_plus_+3 | base_plus_+5 | base_plus_+8 | base_plus_-11 | base_plus_-13 | base_plus_-3 | base_plus_-5 | base_plus_-8 | nearest_quarter_variant | prior_level_median_residual,3966.45375,0.55375,True,True,ORIGINAL_ORACLE_PRESERVED,0.0,False,False,SUPERSET_OK_WITHIN_3,False,False
2025-11-07,2025-11-06,L6,RANGE_COMPRESSED_0_60,CLOSE_POS_LOWER_THIRD,ROWS_SPARSE_1_8,3976.93,PREV_CLOSE_PROXY,,NEUTRAL,3939.99,3945.19125,5.20125,False,False,MODE_B_EMA_CHANNEL_DIRECTION_HEAVY,1.0,red_box_quarter::red_box_2_75pct,3945.19125,5.20125,False,False,MICRO_OFFSET | MID_GAP | ORIGINAL_CLUSTER | QUARTER_ROUNDING | RESIDUAL_LEVEL,adjacent_cluster_midpoint | base_cluster | base_plus_+11 | base_plus_+13 | base_plus_+3 | base_plus_+5 | base_plus_+8 | base_plus_-11 | base_plus_-13 | base_plus_-3 | base_plus_-5 | base_plus_-8 | nearest_quarter_variant | prior_level_median_residual,3945.19125,5.20125,False,False,ORIGINAL_ORACLE_PRESERVED,0.0,False,False,SUPERSET_OK_WITHIN_10,False,False
2025-11-07,2025-11-06,L7,RANGE_COMPRESSED_0_60,CLOSE_POS_LOWER_THIRD,ROWS_SPARSE_1_8,3976.93,PREV_CLOSE_PROXY,,NEUTRAL,3916.67,3923.92875,7.25875,False,False,MODE_B_EMA_CHANNEL_DIRECTION_HEAVY,1.0,red_box_quarter::red_box_3_25pct,3923.92875,7.25875,False,False,MICRO_OFFSET | MID_GAP | ORIGINAL_CLUSTER | QUARTER_ROUNDING | RESIDUAL_LEVEL,adjacent_cluster_midpoint | base_cluster | base_plus_+11 | base_plus_+13 | base_plus_+3 | base_plus_+5 | base_plus_+8 | base_plus_-11 | base_plus_-13 | base_plus_-3 | base_plus_-5 | base_plus_-8 | nearest_quarter_variant | prior_level_median_residual,3923.92875,7.25875,False,False,ORIGINAL_ORACLE_PRESERVED,0.0,False,False,SUPERSET_OK_WITHIN_10,False,False
2025-11-10,2025-11-07,L4,RANGE_COMPRESSED_0_60,CLOSE_POS_MIDDLE_THIRD,ROWS_STANDARD_9_10,4000.84,PREV_CLOSE_PROXY,,NEUTRAL,4017.8,4003.308542,14.491459,False,False,MODE_C_BALANCED,1.0,prior_hlc::previous_pivot_hlc3 | green_box_quarter::green_box_1_75pct,3997.752596,20.047405,False,False,MICRO_OFFSET | MID_GAP | ORIGINAL_CLUSTER | QUARTER_ROUNDING | RESIDUAL_LEVEL,adjacent_cluster_midpoint | base_cluster | base_plus_+11 | base_plus_+13 | base_plus_+3 | base_plus_+5 | base_plus_+8 | base_plus_-11 | base_plus_-13 | base_plus_-3 | base_plus_-5 | base_plus_-8 | nearest_quarter_variant | prior_level_median_residual,4003.308542,14.491459,False,False,ORIGINAL_ORACLE_PRESERVED,5.555946,True,False,EXPANSION_SUPERSET_VIOLATION_WORSE_ERROR,False,False
2025-11-10,2025-11-07,L5,RANGE_COMPRESSED_0_60,CLOSE_POS_MIDDLE_THIRD,ROWS_STANDARD_9_10,4000.84,PREV_CLOSE_PROXY,,NEUTRAL,3992.42,3986.346875,6.073125,False,False,MODE_D_NEAREST_VALID_LADDER,1.0,green_box_quarter::green_box_1_25pct | prior_range_fraction::prev_range_0.25,3981.000313,11.419687,False,False,MICRO_OFFSET | MID_GAP | ORIGINAL_CLUSTER | QUARTER_ROUNDING | RESIDUAL_LEVEL,adjacent_cluster_midpoint | base_cluster | base_plus_+11 | base_plus_+13 | base_plus_+3 | base_plus_+5 | base_plus_+8 | base_plus_-11 | base_plus_-13 | base_plus_-3 | base_plus_-5 | base_plus_-8 | nearest_quarter_variant | prior_level_median_residual,3986.346875,6.073125,False,False,ORIGINAL_ORACLE_PRESERVED,5.346562,True,False,EXPANSION_SUPERSET_VIOLATION_WORSE_ERROR,False,False
2025-11-10,2025-11-07,L6,RANGE_COMPRESSED_0_60,CLOSE_POS_MIDDLE_THIRD,ROWS_STANDARD_9_10,4000.84,PREV_CLOSE_PROXY,,NEUTRAL,3968.14,3965.2825,2.8575,True,True,MODE_B_EMA_CHANNEL_DIRECTION_HEAVY,1.0,red_box_midline::red_mid_2,3960.096875,8.043125,False,False,MICRO_OFFSET | MID_GAP | ORIGINAL_CLUSTER | QUARTER_ROUNDING | RESIDUAL_LEVEL,adjacent_cluster_midpoint | base_cluster | base_plus_+11 | base_plus_+13 | base_plus_+3 | base_plus_+5 | base_plus_+8 | base_plus_-11 | base_plus_-13 | base_plus_-3 | base_plus_-5 | base_plus_-8 | nearest_quarter_variant | prior_level_median_residual,3965.2825,2.8575,True,True,ORIGINAL_ORACLE_PRESERVED,5.185625,True,True,EXPANSION_SUPERSET_VIOLATION_LOST_WITHIN_5,False,False
2025-11-10,2025-11-07,L7,RANGE_COMPRESSED_0_60,CLOSE_POS_MIDDLE_THIRD,ROWS_STANDARD_9_10,4000.84,PREV_CLOSE_PROXY,,NEUTRAL,3943.22,3944.54,1.32,True,True,MODE_B_EMA_CHANNEL_DIRECTION_HEAVY,1.0,red_box_edge::red_edge_2,3934.16875,9.05125,False,False,MICRO_OFFSET | MID_GAP | ORIGINAL_CLUSTER | QUARTER_ROUNDING | RESIDUAL_LEVEL,adjacent_cluster_midpoint | base_cluster | base_plus_+11 | base_plus_+13 | base_plus_+3 | base_plus_+5 | base_plus_+8 | base_plus_-11 | base_plus_-13 | base_plus_-3 | base_plus_-5 | base_plus_-8 | nearest_quarter_variant | prior_level_median_residual,3944.54,1.32,True,True,ORIGINAL_ORACLE_PRESERVED,7.73125,True,True,EXPANSION_SUPERSET_VIOLATION_LOST_WITHIN_5,False,False
2025-11-11,2025-11-10,L4,RANGE_NORMAL_60_120,CLOSE_POS_UPPER_THIRD,ROWS_STANDARD_9_10,4115.78,PREV_CLOSE_PROXY,,NEUTRAL,4158.14,4146.47,11.67,False,False,MODE_D_NEAREST_VALID_LADDER,1.0,green_box_edge::green_edge_2,4116.6425,41.4975,False,False,MICRO_OFFSET | MID_GAP | ORIGINAL_CLUSTER | QUARTER_ROUNDING | RESIDUAL_LEVEL | RESIDUAL_REGIME_LEVEL,adjacent_cluster_midpoint | base_cluster | base_plus_+11 | base_plus_+13 | base_plus_+3 | base_plus_+5 | base_plus_+8 | base_plus_-11 | base_plus_-13 | base_plus_-3 | base_plus_-5 | base_plus_-8 | nearest_quarter_variant | prior_level_median_residual | prior_regime_level_median_residual,4146.47,11.67,False,False,ORIGINAL_ORACLE_PRESERVED,29.8275,True,False,EXPANSION_SUPERSET_VIOLATION_WORSE_ERROR,False,False
2025-11-11,2025-11-10,L5,RANGE_NORMAL_60_120,CLOSE_POS_UPPER_THIRD,ROWS_STANDARD_9_10,4115.78,PREV_CLOSE_PROXY,,NEUTRAL,4131.74,4109.315,22.425,False,False,MODE_D_NEAREST_VALID_LADDER,1.0,green_box_midline::green_mid_2,4093.0075,38.7325,False,False,MICRO_OFFSET | MID_GAP | ORIGINAL_CLUSTER | QUARTER_ROUNDING | RESIDUAL_LEVEL | RESIDUAL_REGIME_LEVEL,adjacent_cluster_midpoint | base_cluster | base_plus_+11 | base_plus_+13 | base_plus_+3 | base_plus_+5 | base_plus_+8 | base_plus_-11 | base_plus_-13 | base_plus_-3 | base_plus_-5 | base_plus_-8 | nearest_quarter_variant | prior_level_median_residual | prior_regime_level_median_residual,4109.315,22.425,False,False,ORIGINAL_ORACLE_PRESERVED,16.3075,True,False,EXPANSION_SUPERSET_VIOLATION_WORSE_ERROR,False,False
2025-11-11,2025-11-10,L6,RANGE_NORMAL_60_120,CLOSE_POS_UPPER_THIRD,ROWS_STANDARD_9_10,4115.78,PREV_CLOSE_PROXY,,NEUTRAL,4099.17,4076.81502,22.35498,False,False,MODE_C_BALANCED,1.0,prior_hlc::previous_pivot_hlc3 | prior_range_fraction::prev_range_0.666667,4059.98893,39.18107,False,False,MICRO_OFFSET | MID_GAP | ORIGINAL_CLUSTER | QUARTER_ROUNDING | RESIDUAL_LEVEL | RESIDUAL_REGIME_LEVEL,adjacent_cluster_midpoint | base_cluster | base_plus_+11 | base_plus_+13 | base_plus_+3 | base_plus_+5 | base_plus_+8 | base_plus_-11 | base_plus_-13 | base_plus_-3 | base_plus_-5 | base_plus_-8 | nearest_quarter_variant | prior_level_median_residual | prior_regime_level_median_residual,4076.81502,22.35498,False,False,ORIGINAL_ORACLE_PRESERVED,16.82609,True,False,EXPANSION_SUPERSET_VIOLATION_WORSE_ERROR,False,False
2025-11-11,2025-11-10,L7,RANGE_NORMAL_60_120,CLOSE_POS_UPPER_THIRD,ROWS_STANDARD_9_10,4115.78,PREV_CLOSE_PROXY,,NEUTRAL,4067.01,4042.66142,24.34858,False,False,MODE_C_BALANCED,1.0,red_box_edge::red_edge_1 | prior_range_fraction::prev_range_0.382,4023.83321,43.17679,False,False,MICRO_OFFSET | MID_GAP | ORIGINAL_CLUSTER | QUARTER_ROUNDING | RESIDUAL_LEVEL | RESIDUAL_REGIME_LEVEL,adjacent_cluster_midpoint | base_cluster | base_plus_+11 | base_plus_+13 | base_plus_+3 | base_plus_+5 | base_plus_+8 | base_plus_-11 | base_plus_-13 | base_plus_-3 | base_plus_-5 | base_plus_-8 | nearest_quarter_variant | prior_level_median_residual | prior_regime_level_median_residual,4042.66142,24.34858,False,False,ORIGINAL_ORACLE_PRESERVED,18.82821,True,False,EXPANSION_SUPERSET_VIOLATION_WORSE_ERROR,False,False
2025-11-12,2025-11-11,L4,RANGE_COMPRESSED_0_60,CLOSE_POS_MIDDLE_THIRD,ROWS_SPARSE_1_8,4126.6,PREV_CLOSE_PROXY,,NEUTRAL,4129.0,4138.78375,9.78375,False,False,MODE_C_BALANCED,1.0,red_box_quarter::red_box_1_25pct,4138.78375,9.78375,False,False,MICRO_OFFSET | MID_GAP | ORIGINAL_CLUSTER | QUARTER_ROUNDING | RESIDUAL_LEVEL,adjacent_cluster_midpoint | base_cluster | base_plus_+11 | base_plus_+13 | base_plus_+3 | base_plus_+5 | base_plus_+8 | base_plus_-11 | base_plus_-13 | base_plus_-3 | base_plus_-5 | base_plus_-8 | nearest_quarter_variant | prior_level_median_residual,4138.78375,9.78375,False,False,ORIGINAL_ORACLE_PRESERVED,0.0,False,False,SUPERSET_OK_WITHIN_10,False,False
2025-11-12,2025-11-11,L5,RANGE_COMPRESSED_0_60,CLOSE_POS_MIDDLE_THIRD,ROWS_SPARSE_1_8,4126.6,PREV_CLOSE_PROXY,,NEUTRAL,4097.81,4114.426649,16.616649,False,False,MODE_C_BALANCED,1.0,prior_range_fraction::prev_range_0.333333,4114.426649,16.616649,False,False,MICRO_OFFSET | MID_GAP | ORIGINAL_CLUSTER | QUARTER_ROUNDING | RESIDUAL_LEVEL,adjacent_cluster_midpoint | base_cluster | base_plus_+11 | base_plus_+13 | base_plus_+3 | base_plus_+5 | base_plus_+8 | base_plus_-11 | base_plus_-13 | base_plus_-3 | base_plus_-5 | base_plus_-8 | nearest_quarter_variant | prior_level_median_residual,4114.426649,16.616649,False,False,ORIGINAL_ORACLE_PRESERVED,0.0,False,False,SUPERSET_OK_GT10,False,False
2025-11-12,2025-11-11,L6,RANGE_COMPRESSED_0_60,CLOSE_POS_MIDDLE_THIRD,ROWS_SPARSE_1_8,4126.6,PREV_CLOSE_PROXY,,NEUTRAL,4064.25,4087.6025,23.3525,False,False,MODE_B_EMA_CHANNEL_DIRECTION_HEAVY,1.0,red_box_midline::red_mid_2,4087.6025,23.3525,False,False,MICRO_OFFSET | MID_GAP | ORIGINAL_CLUSTER | QUARTER_ROUNDING | RESIDUAL_LEVEL,adjacent_cluster_midpoint | base_cluster | base_plus_+11 | base_plus_+13 | base_plus_+3 | base_plus_+5 | base_plus_+8 | base_plus_-11 | base_plus_-13 | base_plus_-3 | base_plus_-5 | base_plus_-8 | nearest_quarter_variant | prior_level_median_residual,4087.6025,23.3525,False,False,ORIGINAL_ORACLE_PRESERVED,0.0,False,False,SUPERSET_OK_GT10,False,False
2025-11-12,2025-11-11,L7,RANGE_COMPRESSED_0_60,CLOSE_POS_MIDDLE_THIRD,ROWS_SPARSE_1_8,4126.6,PREV_CLOSE_PROXY,,NEUTRAL,4034.75,4067.13,32.38,False,False,MODE_B_EMA_CHANNEL_DIRECTION_HEAVY,1.0,red_box_edge::red_edge_2,4067.13,32.38,False,False,MICRO_OFFSET | MID_GAP | ORIGINAL_CLUSTER | QUARTER_ROUNDING | RESIDUAL_LEVEL,adjacent_cluster_midpoint | base_cluster | base_plus_+11 | base_plus_+13 | base_plus_+3 | base_plus_+5 | base_plus_+8 | base_plus_-11 | base_plus_-13 | base_plus_-3 | base_plus_-5 | base_plus_-8 | nearest_quarter_variant | prior_level_median_residual,4067.13,32.38,False,False,ORIGINAL_ORACLE_PRESERVED,0.0,False,False,SUPERSET_OK_GT10,False,False
2025-11-13,2025-11-12,L4,RANGE_NORMAL_60_120,CLOSE_POS_UPPER_THIRD,ROWS_STANDARD_9_10,4195.32,PREV_CLOSE_PROXY,,NEUTRAL,4233.19,4241.75,8.56,False,False,MODE_A_LIVE_PROXIMITY_HEAVY,1.0,green_box_edge::green_edge_2,4221.5725,11.6175,False,False,MICRO_OFFSET | MID_GAP | ORIGINAL_CLUSTER | QUARTER_ROUNDING | RESIDUAL_LEVEL | RESIDUAL_REGIME_LEVEL,adjacent_cluster_midpoint | base_cluster | base_plus_+11 | base_plus_+13 | base_plus_+3 | base_plus_+5 | base_plus_+8 | base_plus_-11 | base_plus_-13 | base_plus_-3 | base_plus_-5 | base_plus_-8 | nearest_quarter_variant | prior_level_median_residual | prior_regime_level_median_residual,4241.75,8.56,False,False,ORIGINAL_ORACLE_PRESERVED,3.0575,True,False,EXPANSION_SUPERSET_VIOLATION_WORSE_ERROR,False,False
2025-11-13,2025-11-12,L5,RANGE_NORMAL_60_120,CLOSE_POS_UPPER_THIRD,ROWS_STANDARD_9_10,4195.32,PREV_CLOSE_PROXY,,NEUTRAL,4204.6,4206.04,1.44,True,True,MODE_C_BALANCED,1.0,green_box_midline::green_mid_2,4196.2775,8.3225,False,False,MICRO_OFFSET | MID_GAP | ORIGINAL_CLUSTER | QUARTER_ROUNDING | RESIDUAL_LEVEL | RESIDUAL_REGIME_LEVEL,adjacent_cluster_midpoint | base_cluster | base_plus_+11 | base_plus_+13 | base_plus_+3 | base_plus_+5 | base_plus_+8 | base_plus_-11 | base_plus_-13 | base_plus_-3 | base_plus_-5 | base_plus_-8 | nearest_quarter_variant | prior_level_median_residual | prior_regime_level_median_residual,4206.04,1.44,True,True,ORIGINAL_ORACLE_PRESERVED,6.8825,True,True,EXPANSION_SUPERSET_VIOLATION_LOST_WITHIN_5,False,False
2025-11-13,2025-11-12,L6,RANGE_NORMAL_60_120,CLOSE_POS_UPPER_THIRD,ROWS_STANDARD_9_10,4195.32,PREV_CLOSE_PROXY,,NEUTRAL,4175.81,4174.136704,1.673296,True,True,MODE_D_NEAREST_VALID_LADDER,2.0,prior_range_fraction::prev_range_0.666667,4167.95494,7.85506,False,False,MICRO_OFFSET | MID_GAP | ORIGINAL_CLUSTER | QUARTER_ROUNDING | RESIDUAL_LEVEL | RESIDUAL_REGIME_LEVEL,adjacent_cluster_midpoint | base_cluster | base_plus_+11 | base_plus_+13 | base_plus_+3 | base_plus_+5 | base_plus_+8 | base_plus_-11 | base_plus_-13 | base_plus_-3 | base_plus_-5 | base_plus_-8 | nearest_quarter_variant | prior_level_median_residual | prior_regime_level_median_residual,4174.136704,1.673296,True,True,ORIGINAL_ORACLE_PRESERVED,6.181764,True,True,EXPANSION_SUPERSET_VIOLATION_LOST_WITHIN_5,False,False
2025-11-13,2025-11-12,L7,RANGE_NORMAL_60_120,CLOSE_POS_UPPER_THIRD,ROWS_STANDARD_9_10,4195.32,PREV_CLOSE_PROXY,,NEUTRAL,4146.28,4141.17244,5.10756,False,False,MODE_C_BALANCED,1.0,red_box_edge::red_edge_1 | prior_range_fraction::prev_range_0.382,4140.83006,5.44994,False,False,MICRO_OFFSET | MID_GAP | ORIGINAL_CLUSTER | QUARTER_ROUNDING | RESIDUAL_LEVEL | RESIDUAL_REGIME_LEVEL,adjacent_cluster_midpoint | base_cluster | base_plus_+11 | base_plus_+13 | base_plus_+3 | base_plus_+5 | base_plus_+8 | base_plus_-11 | base_plus_-13 | base_plus_-3 | base_plus_-5 | base_plus_-8 | nearest_quarter_variant | prior_level_median_residual | prior_regime_level_median_residual,4141.17244,5.10756,False,False,ORIGINAL_ORACLE_PRESERVED,0.34238,True,False,EXPANSION_SUPERSET_VIOLATION_WORSE_ERROR,False,False
2025-11-14,2025-11-13,L4,RANGE_NORMAL_60_120,CLOSE_POS_LOWER_THIRD,ROWS_EXTENDED_11_PLUS,4171.26,PREV_CLOSE_PROXY,,NEUTRAL,4270.12,4307.45,37.33,False,False,MODE_B_EMA_CHANNEL_DIRECTION_HEAVY,1.0,green_box_midline::green_mid_3,4307.45,37.33,False,False,MICRO_OFFSET | MID_GAP | ORIGINAL_CLUSTER | QUARTER_ROUNDING | RESIDUAL_LEVEL,adjacent_cluster_midpoint | base_cluster | base_plus_+11 | base_plus_+13 | base_plus_+3 | base_plus_+5 | base_plus_+8 | base_plus_-11 | base_plus_-13 | base_plus_-3 | base_plus_-5 | base_plus_-8 | nearest_quarter_variant | prior_level_median_residual,4307.45,37.33,False,False,ORIGINAL_ORACLE_PRESERVED,0.0,False,False,SUPERSET_OK_GT10,False,False
2025-11-14,2025-11-13,L5,RANGE_NORMAL_60_120,CLOSE_POS_LOWER_THIRD,ROWS_EXTENDED_11_PLUS,4171.26,PREV_CLOSE_PROXY,,NEUTRAL,4239.31,4275.05,35.74,False,False,MODE_B_EMA_CHANNEL_DIRECTION_HEAVY,1.0,green_box_edge::green_edge_2,4275.05,35.74,False,False,MICRO_OFFSET | MID_GAP | ORIGINAL_CLUSTER | QUARTER_ROUNDING | RESIDUAL_LEVEL,adjacent_cluster_midpoint | base_cluster | base_plus_+11 | base_plus_+13 | base_plus_+3 | base_plus_+5 | base_plus_+8 | base_plus_-11 | base_plus_-13 | base_plus_-3 | base_plus_-5 | base_plus_-8 | nearest_quarter_variant | prior_level_median_residual,4275.05,35.74,False,False,ORIGINAL_ORACLE_PRESERVED,0.0,False,False,SUPERSET_OK_GT10,False,False
2025-11-14,2025-11-13,L6,RANGE_NORMAL_60_120,CLOSE_POS_LOWER_THIRD,ROWS_EXTENDED_11_PLUS,4171.26,PREV_CLOSE_PROXY,,NEUTRAL,4205.65,4242.65,37.0,False,False,MODE_B_EMA_CHANNEL_DIRECTION_HEAVY,1.0,green_box_midline::green_mid_2,4242.65,37.0,False,False,MICRO_OFFSET | MID_GAP | ORIGINAL_CLUSTER | QUARTER_ROUNDING | RESIDUAL_LEVEL,adjacent_cluster_midpoint | base_cluster | base_plus_+11 | base_plus_+13 | base_plus_+3 | base_plus_+5 | base_plus_+8 | base_plus_-11 | base_plus_-13 | base_plus_-3 | base_plus_-5 | base_plus_-8 | nearest_quarter_variant | prior_level_median_residual,4242.65,37.0,False,False,ORIGINAL_ORACLE_PRESERVED,0.0,False,False,SUPERSET_OK_GT10,False,False
2025-11-14,2025-11-13,L7,RANGE_NORMAL_60_120,CLOSE_POS_LOWER_THIRD,ROWS_EXTENDED_11_PLUS,4171.26,PREV_CLOSE_PROXY,,NEUTRAL,4177.38,4211.850033,34.470033,False,False,MODE_B_EMA_CHANNEL_DIRECTION_HEAVY,1.0,prior_range_fraction::prev_range_0.666667,4211.850033,34.470033,False,False,MICRO_OFFSET | MID_GAP | ORIGINAL_CLUSTER | QUARTER_ROUNDING | RESIDUAL_LEVEL,adjacent_cluster_midpoint | base_cluster | base_plus_+11 | base_plus_+13 | base_plus_+3 | base_plus_+5 | base_plus_+8 | base_plus_-11 | base_plus_-13 | base_plus_-3 | base_plus_-5 | base_plus_-8 | nearest_quarter_variant | prior_level_median_residual,4211.850033,34.470033,False,False,ORIGINAL_ORACLE_PRESERVED,0.0,False,False,SUPERSET_OK_GT10,False,False
2025-11-17,2025-11-14,L4,RANGE_WIDE_120_220,CLOSE_POS_LOWER_THIRD,ROWS_STANDARD_9_10,4085.1,PREV_CLOSE_PROXY,,NEUTRAL,4111.02,4241.27,130.25,False,False,MODE_B_EMA_CHANNEL_DIRECTION_HEAVY,1.0,green_box_edge::green_edge_2,4241.27,130.25,False,False,MICRO_OFFSET | MID_GAP | ORIGINAL_CLUSTER | QUARTER_ROUNDING | RESIDUAL_LEVEL,adjacent_cluster_midpoint | base_cluster | base_plus_+11 | base_plus_+13 | base_plus_+3 | base_plus_+5 | base_plus_+8 | base_plus_-11 | base_plus_-13 | base_plus_-3 | base_plus_-5 | base_plus_-8 | nearest_quarter_variant | prior_level_median_residual,4241.27,130.25,False,False,ORIGINAL_ORACLE_PRESERVED,0.0,False,False,SUPERSET_OK_GT10,False,False
2025-11-17,2025-11-14,L5,RANGE_WIDE_120_220,CLOSE_POS_LOWER_THIRD,ROWS_STANDARD_9_10,4085.1,PREV_CLOSE_PROXY,,NEUTRAL,4076.11,4188.8975,112.7875,False,False,MODE_B_EMA_CHANNEL_DIRECTION_HEAVY,1.0,prior_range_fraction::prev_range_0.875,4188.8975,112.7875,False,False,MICRO_OFFSET | MID_GAP | ORIGINAL_CLUSTER | QUARTER_ROUNDING | RESIDUAL_LEVEL,adjacent_cluster_midpoint | base_cluster | base_plus_+11 | base_plus_+13 | base_plus_+3 | base_plus_+5 | base_plus_+8 | base_plus_-11 | base_plus_-13 | base_plus_-3 | base_plus_-5 | base_plus_-8 | nearest_quarter_variant | prior_level_median_residual,4188.8975,112.7875,False,False,ORIGINAL_ORACLE_PRESERVED,0.0,False,False,SUPERSET_OK_GT10,False,False
2025-11-17,2025-11-14,L6,RANGE_WIDE_120_220,CLOSE_POS_LOWER_THIRD,ROWS_STANDARD_9_10,4085.1,PREV_CLOSE_PROXY,,NEUTRAL,4041.59,4142.89964,101.30964,False,False,MODE_B_EMA_CHANNEL_DIRECTION_HEAVY,1.0,prior_range_fraction::prev_range_0.618,4142.89964,101.30964,False,False,MICRO_OFFSET | MID_GAP | ORIGINAL_CLUSTER | QUARTER_ROUNDING | RESIDUAL_LEVEL,adjacent_cluster_midpoint | base_cluster | base_plus_+11 | base_plus_+13 | base_plus_+3 | base_plus_+5 | base_plus_+8 | base_plus_-11 | base_plus_-13 | base_plus_-3 | base_plus_-5 | base_plus_-8 | nearest_quarter_variant | prior_level_median_residual,4142.89964,101.30964,False,False,ORIGINAL_ORACLE_PRESERVED,0.0,False,False,SUPERSET_OK_GT10,False,False
2025-11-17,2025-11-14,L7,RANGE_WIDE_120_220,CLOSE_POS_LOWER_THIRD,ROWS_STANDARD_9_10,4085.1,PREV_CLOSE_PROXY,,NEUTRAL,4009.23,4106.78,97.55,False,False,MODE_C_BALANCED,1.0,red_box_edge::red_edge_1,4106.78,97.55,False,False,MICRO_OFFSET | MID_GAP | ORIGINAL_CLUSTER | QUARTER_ROUNDING | RESIDUAL_LEVEL,adjacent_cluster_midpoint | base_cluster | base_plus_+11 | base_plus_+13 | base_plus_+3 | base_plus_+5 | base_plus_+8 | base_plus_-11 | base_plus_-13 | base_plus_-3 | base_plus_-5 | base_plus_-8 | nearest_quarter_variant | prior_level_median_residual,4106.78,97.55,False,False,ORIGINAL_ORACLE_PRESERVED,0.0,False,False,SUPERSET_OK_GT10,False,False
2025-11-18,2025-11-17,L4,RANGE_NORMAL_60_120,CLOSE_POS_MIDDLE_THIRD,ROWS_STANDARD_9_10,4045.52,PREV_CLOSE_PROXY,,NEUTRAL,4104.67,4104.2725,0.3975,True,True,MODE_C_BALANCED,1.0,green_box_midline::green_mid_2,4104.2725,0.3975,True,True,MICRO_OFFSET | MID_GAP | ORIGINAL_CLUSTER | QUARTER_ROUNDING | RESIDUAL_LEVEL | RESIDUAL_REGIME_LEVEL,adjacent_cluster_midpoint | base_cluster | base_plus_+11 | base_plus_+13 | base_plus_+3 | base_plus_+5 | base_plus_+8 | base_plus_-11 | base_plus_-13 | base_plus_-3 | base_plus_-5 | base_plus_-8 | nearest_quarter_variant | prior_level_median_residual | prior_regime_level_median_residual,4104.2725,0.3975,True,True,ORIGINAL_ORACLE_PRESERVED,0.0,False,False,SUPERSET_OK_WITHIN_3,False,False
2025-11-18,2025-11-17,L5,RANGE_NORMAL_60_120,CLOSE_POS_MIDDLE_THIRD,ROWS_STANDARD_9_10,4045.52,PREV_CLOSE_PROXY,,NEUTRAL,4069.43,4071.835,2.405,True,True,MODE_C_BALANCED,1.0,green_box_edge::green_edge_1,4064.944375,4.485625,False,True,MICRO_OFFSET | MID_GAP | ORIGINAL_CLUSTER | QUARTER_ROUNDING | RESIDUAL_LEVEL | RESIDUAL_REGIME_LEVEL,adjacent_cluster_midpoint | base_cluster | base_plus_+11 | base_plus_+13 | base_plus_+3 | base_plus_+5 | base_plus_+8 | base_plus_-11 | base_plus_-13 | base_plus_-3 | base_plus_-5 | base_plus_-8 | nearest_quarter_variant | prior_level_median_residual | prior_regime_level_median_residual,4071.835,2.405,True,True,ORIGINAL_ORACLE_PRESERVED,2.080625,True,False,EXPANSION_SUPERSET_VIOLATION_WORSE_ERROR,False,False
2025-11-18,2025-11-17,L6,RANGE_NORMAL_60_120,CLOSE_POS_MIDDLE_THIRD,ROWS_STANDARD_9_10,4045.52,PREV_CLOSE_PROXY,,NEUTRAL,4036.18,4031.8975,4.2825,False,True,MODE_C_BALANCED,1.0,prior_range_fraction::prev_range_0.25,4025.61625,10.56375,False,False,MICRO_OFFSET | MID_GAP | ORIGINAL_CLUSTER | QUARTER_ROUNDING | RESIDUAL_LEVEL | RESIDUAL_REGIME_LEVEL,adjacent_cluster_midpoint | base_cluster | base_plus_+11 | base_plus_+13 | base_plus_+3 | base_plus_+5 | base_plus_+8 | base_plus_-11 | base_plus_-13 | base_plus_-3 | base_plus_-5 | base_plus_-8 | nearest_quarter_variant | prior_level_median_residual | prior_regime_level_median_residual,4031.8975,4.2825,False,True,ORIGINAL_ORACLE_PRESERVED,6.28125,True,True,EXPANSION_SUPERSET_VIOLATION_LOST_WITHIN_5,False,False
2025-11-18,2025-11-17,L7,RANGE_NORMAL_60_120,CLOSE_POS_MIDDLE_THIRD,ROWS_STANDARD_9_10,4045.52,PREV_CLOSE_PROXY,,NEUTRAL,4005.49,3993.17875,12.31125,False,False,MODE_D_NEAREST_VALID_LADDER,1.0,red_box_quarter::red_box_2_75pct,3986.254375,19.235625,False,False,MICRO_OFFSET | MID_GAP | ORIGINAL_CLUSTER | QUARTER_ROUNDING | RESIDUAL_LEVEL | RESIDUAL_REGIME_LEVEL,adjacent_cluster_midpoint | base_cluster | base_plus_+11 | base_plus_+13 | base_plus_+3 | base_plus_+5 | base_plus_+8 | base_plus_-11 | base_plus_-13 | base_plus_-3 | base_plus_-5 | base_plus_-8 | nearest_quarter_variant | prior_level_median_residual | prior_regime_level_median_residual,3993.17875,12.31125,False,False,ORIGINAL_ORACLE_PRESERVED,6.924375,True,False,EXPANSION_SUPERSET_VIOLATION_WORSE_ERROR,False,False
2025-11-19,2025-11-18,L4,RANGE_NORMAL_60_120,CLOSE_POS_UPPER_THIRD,ROWS_STANDARD_9_10,4067.3,PREV_CLOSE_PROXY,,NEUTRAL,4105.38,4112.4,7.02,False,False,MODE_D_NEAREST_VALID_LADDER,1.0,green_box_edge::green_edge_2,4094.005,11.375,False,False,MICRO_OFFSET | MID_GAP | ORIGINAL_CLUSTER | QUARTER_ROUNDING | RESIDUAL_LEVEL | RESIDUAL_REGIME_LEVEL,adjacent_cluster_midpoint | base_cluster | base_plus_+11 | base_plus_+13 | base_plus_+3 | base_plus_+5 | base_plus_+8 | base_plus_-11 | base_plus_-13 | base_plus_-3 | base_plus_-5 | base_plus_-8 | nearest_quarter_variant | prior_level_median_residual | prior_regime_level_median_residual,4112.4,7.02,False,False,ORIGINAL_ORACLE_PRESERVED,4.355,True,False,EXPANSION_SUPERSET_VIOLATION_WORSE_ERROR,False,False
2025-11-19,2025-11-18,L5,RANGE_NORMAL_60_120,CLOSE_POS_UPPER_THIRD,ROWS_STANDARD_9_10,4067.3,PREV_CLOSE_PROXY,,NEUTRAL,4070.7,4068.11,2.59,True,True,MODE_C_BALANCED,2.0,red_box_quarter::red_box_1_25pct,4073.685,2.985,True,True,MICRO_OFFSET | MID_GAP | ORIGINAL_CLUSTER | QUARTER_ROUNDING | RESIDUAL_LEVEL | RESIDUAL_REGIME_LEVEL,adjacent_cluster_midpoint | base_cluster | base_plus_+11 | base_plus_+13 | base_plus_+3 | base_plus_+5 | base_plus_+8 | base_plus_-11 | base_plus_-13 | base_plus_-3 | base_plus_-5 | base_plus_-8 | nearest_quarter_variant | prior_level_median_residual | prior_regime_level_median_residual,4068.11,2.59,True,True,ORIGINAL_ORACLE_PRESERVED,0.395,True,False,EXPANSION_SUPERSET_VIOLATION_WORSE_ERROR,False,False
2025-11-19,2025-11-18,L7,RANGE_NORMAL_60_120,CLOSE_POS_UPPER_THIRD,ROWS_STANDARD_9_10,4067.3,PREV_CLOSE_PROXY,,NEUTRAL,4008.31,4009.785,1.475,True,True,MODE_B_EMA_CHANNEL_DIRECTION_HEAVY,1.0,prior_range_fraction::prev_range_0.125 | red_box_quarter::red_box_2_25pct,4029.98738,21.67738,False,False,MICRO_OFFSET | MID_GAP | ORIGINAL_CLUSTER | QUARTER_ROUNDING | RESIDUAL_LEVEL | RESIDUAL_REGIME_LEVEL,adjacent_cluster_midpoint | base_cluster | base_plus_+11 | base_plus_+13 | base_plus_+3 | base_plus_+5 | base_plus_+8 | base_plus_-11 | base_plus_-13 | base_plus_-3 | base_plus_-5 | base_plus_-8 | nearest_quarter_variant | prior_level_median_residual | prior_regime_level_median_residual,4009.785,1.475,True,True,ORIGINAL_ORACLE_PRESERVED,20.20238,True,True,EXPANSION_SUPERSET_VIOLATION_LOST_WITHIN_5,False,False
2025-11-20,2025-11-19,L4,RANGE_NORMAL_60_120,CLOSE_POS_LOWER_THIRD,ROWS_SPARSE_1_8,4077.81,PREV_CLOSE_PROXY,,NEUTRAL,4109.29,4103.33252,5.95748,False,False,MODE_C_BALANCED,1.0,prior_range_fraction::prev_range_0.618,4103.33252,5.95748,False,False,MICRO_OFFSET | MID_GAP | ORIGINAL_CLUSTER | QUARTER_ROUNDING | RESIDUAL_LEVEL | RESIDUAL_REGIME_LEVEL,adjacent_cluster_midpoint | base_cluster | base_plus_+11 | base_plus_+13 | base_plus_+3 | base_plus_+5 | base_plus_+8 | base_plus_-11 | base_plus_-13 | base_plus_-3 | base_plus_-5 | base_plus_-8 | nearest_quarter_variant | prior_level_median_residual | prior_regime_level_median_residual,4103.33252,5.95748,False,False,ORIGINAL_ORACLE_PRESERVED,0.0,False,False,SUPERSET_OK_WITHIN_10,False,False
2025-11-20,2025-11-19,L5,RANGE_NORMAL_60_120,CLOSE_POS_LOWER_THIRD,ROWS_SPARSE_1_8,4077.81,PREV_CLOSE_PROXY,,NEUTRAL,4074.15,4069.0525,5.0975,False,False,MODE_D_NEAREST_VALID_LADDER,1.0,green_box_quarter::green_box_1_25pct,4069.0525,5.0975,False,False,MICRO_OFFSET | MID_GAP | ORIGINAL_CLUSTER | QUARTER_ROUNDING | RESIDUAL_LEVEL | RESIDUAL_REGIME_LEVEL,adjacent_cluster_midpoint | base_cluster | base_plus_+11 | base_plus_+13 | base_plus_+3 | base_plus_+5 | base_plus_+8 | base_plus_-11 | base_plus_-13 | base_plus_-3 | base_plus_-5 | base_plus_-8 | nearest_quarter_variant | prior_level_median_residual | prior_regime_level_median_residual,4069.0525,5.0975,False,False,ORIGINAL_ORACLE_PRESERVED,0.0,False,False,SUPERSET_OK_WITHIN_10,False,False
2025-11-20,2025-11-19,L6,RANGE_NORMAL_60_120,CLOSE_POS_LOWER_THIRD,ROWS_SPARSE_1_8,4077.81,PREV_CLOSE_PROXY,,NEUTRAL,4040.63,4039.0525,1.5775,True,True,MODE_B_EMA_CHANNEL_DIRECTION_HEAVY,1.0,red_box_quarter::red_box_2_75pct,4039.0525,1.5775,True,True,MICRO_OFFSET | MID_GAP | ORIGINAL_CLUSTER | QUARTER_ROUNDING | RESIDUAL_LEVEL,adjacent_cluster_midpoint | base_cluster | base_plus_+11 | base_plus_+13 | base_plus_+3 | base_plus_+5 | base_plus_+8 | base_plus_-11 | base_plus_-13 | base_plus_-3 | base_plus_-5 | base_plus_-8 | nearest_quarter_variant | prior_level_median_residual,4039.0525,1.5775,True,True,ORIGINAL_ORACLE_PRESERVED,0.0,False,False,SUPERSET_OK_WITHIN_3,False,False
2025-11-20,2025-11-19,L7,RANGE_NORMAL_60_120,CLOSE_POS_LOWER_THIRD,ROWS_SPARSE_1_8,4077.81,PREV_CLOSE_PROXY,,NEUTRAL,4011.09,4012.2675,1.1775,True,True,MODE_B_EMA_CHANNEL_DIRECTION_HEAVY,1.0,red_box_quarter::red_box_3_25pct,4012.2675,1.1775,True,True,MICRO_OFFSET | MID_GAP | ORIGINAL_CLUSTER | QUARTER_ROUNDING | RESIDUAL_LEVEL,adjacent_cluster_midpoint | base_cluster | base_plus_+11 | base_plus_+13 | base_plus_+3 | base_plus_+5 | base_plus_+8 | base_plus_-11 | base_plus_-13 | base_plus_-3 | base_plus_-5 | base_plus_-8 | nearest_quarter_variant | prior_level_median_residual,4012.2675,1.1775,True,True,ORIGINAL_ORACLE_PRESERVED,0.0,False,False,SUPERSET_OK_WITHIN_3,False,False
2025-11-21,2025-11-20,L4,RANGE_NORMAL_60_120,CLOSE_POS_MIDDLE_THIRD,ROWS_STANDARD_9_10,4077.2,PREV_CLOSE_PROXY,,NEUTRAL,4109.29,4114.945,5.655,False,False,MODE_B_EMA_CHANNEL_DIRECTION_HEAVY,1.0,green_box_midline::green_mid_2,4096.0725,13.2175,False,False,MICRO_OFFSET | MID_GAP | ORIGINAL_CLUSTER | QUARTER_ROUNDING | RESIDUAL_LEVEL | RESIDUAL_REGIME_LEVEL,adjacent_cluster_midpoint | base_cluster | base_plus_+11 | base_plus_+13 | base_plus_+3 | base_plus_+5 | base_plus_+8 | base_plus_-11 | base_plus_-13 | base_plus_-3 | base_plus_-5 | base_plus_-8 | nearest_quarter_variant | prior_level_median_residual | prior_regime_level_median_residual,4114.945,5.655,False,False,ORIGINAL_ORACLE_PRESERVED,7.5625,True,False,EXPANSION_SUPERSET_VIOLATION_WORSE_ERROR,False,False
2025-11-21,2025-11-20,L5,RANGE_NORMAL_60_120,CLOSE_POS_MIDDLE_THIRD,ROWS_STANDARD_9_10,4077.2,PREV_CLOSE_PROXY,,NEUTRAL,4075.93,4072.2825,3.6475,False,True,MODE_C_BALANCED,3.0,red_box_quarter::red_box_1_75pct,4070.62625,5.30375,False,False,MICRO_OFFSET | MID_GAP | ORIGINAL_CLUSTER | QUARTER_ROUNDING | RESIDUAL_LEVEL | RESIDUAL_REGIME_LEVEL,adjacent_cluster_midpoint | base_cluster | base_plus_+11 | base_plus_+13 | base_plus_+3 | base_plus_+5 | base_plus_+8 | base_plus_-11 | base_plus_-13 | base_plus_-3 | base_plus_-5 | base_plus_-8 | nearest_quarter_variant | prior_level_median_residual | prior_regime_level_median_residual,4072.2825,3.6475,False,True,ORIGINAL_ORACLE_PRESERVED,1.65625,True,True,EXPANSION_SUPERSET_VIOLATION_LOST_WITHIN_5,False,False
2025-11-21,2025-11-20,L7,RANGE_NORMAL_60_120,CLOSE_POS_MIDDLE_THIRD,ROWS_STANDARD_9_10,4077.2,PREV_CLOSE_PROXY,,NEUTRAL,4008.63,4008.97,0.34,True,True,MODE_B_EMA_CHANNEL_DIRECTION_HEAVY,4.0,red_box_edge::red_edge_2,4028.384062,19.754062,False,False,MICRO_OFFSET | MID_GAP | ORIGINAL_CLUSTER | QUARTER_ROUNDING | RESIDUAL_LEVEL | RESIDUAL_REGIME_LEVEL,adjacent_cluster_midpoint | base_cluster | base_plus_+11 | base_plus_+13 | base_plus_+3 | base_plus_+5 | base_plus_+8 | base_plus_-11 | base_plus_-13 | base_plus_-3 | base_plus_-5 | base_plus_-8 | nearest_quarter_variant | prior_level_median_residual | prior_regime_level_median_residual,4008.97,0.34,True,True,ORIGINAL_ORACLE_PRESERVED,19.414062,True,True,EXPANSION_SUPERSET_VIOLATION_LOST_WITHIN_5,False,False
2025-11-24,2025-11-21,L4,RANGE_NORMAL_60_120,CLOSE_POS_MIDDLE_THIRD,ROWS_STANDARD_9_10,4065.26,PREV_CLOSE_PROXY,,NEUTRAL,4112.0,4102.42875,9.57125,False,False,MODE_C_BALANCED,1.0,prior_hlc::previous_high | green_box_midline::green_mid_2,4083.844375,28.155625,False,False,MICRO_OFFSET | MID_GAP | ORIGINAL_CLUSTER | QUARTER_ROUNDING | RESIDUAL_LEVEL | RESIDUAL_REGIME_LEVEL,adjacent_cluster_midpoint | base_cluster | base_plus_+11 | base_plus_+13 | base_plus_+3 | base_plus_+5 | base_plus_+8 | base_plus_-11 | base_plus_-13 | base_plus_-3 | base_plus_-5 | base_plus_-8 | nearest_quarter_variant | prior_level_median_residual | prior_regime_level_median_residual,4102.42875,9.57125,False,False,ORIGINAL_ORACLE_PRESERVED,18.584375,True,False,EXPANSION_SUPERSET_VIOLATION_WORSE_ERROR,False,False
2025-11-24,2025-11-21,L5,RANGE_NORMAL_60_120,CLOSE_POS_MIDDLE_THIRD,ROWS_STANDARD_9_10,4065.26,PREV_CLOSE_PROXY,,NEUTRAL,4079.5,4076.565,2.935,True,True,MODE_C_BALANCED,1.0,green_box_edge::green_edge_1,4056.133125,23.366875,False,False,MICRO_OFFSET | MID_GAP | ORIGINAL_CLUSTER | QUARTER_ROUNDING | RESIDUAL_LEVEL | RESIDUAL_REGIME_LEVEL,adjacent_cluster_midpoint | base_cluster | base_plus_+11 | base_plus_+13 | base_plus_+3 | base_plus_+5 | base_plus_+8 | base_plus_-11 | base_plus_-13 | base_plus_-3 | base_plus_-5 | base_plus_-8 | nearest_quarter_variant | prior_level_median_residual | prior_regime_level_median_residual,4076.565,2.935,True,True,ORIGINAL_ORACLE_PRESERVED,20.431875,True,True,EXPANSION_SUPERSET_VIOLATION_LOST_WITHIN_5,False,False
2025-11-24,2025-11-21,L6,RANGE_NORMAL_60_120,CLOSE_POS_MIDDLE_THIRD,ROWS_STANDARD_9_10,4065.26,PREV_CLOSE_PROXY,,NEUTRAL,4047.0,4045.5725,1.4275,True,True,MODE_C_BALANCED,1.0,prior_range_fraction::prev_range_0.25 | red_box_edge::red_edge_1 | green_box_midline::green_mid_1,4032.4475,14.5525,False,False,MICRO_OFFSET | MID_GAP | ORIGINAL_CLUSTER | QUARTER_ROUNDING | RESIDUAL_LEVEL | RESIDUAL_REGIME_LEVEL,adjacent_cluster_midpoint | base_cluster | base_plus_+11 | base_plus_+13 | base_plus_+3 | base_plus_+5 | base_plus_+8 | base_plus_-11 | base_plus_-13 | base_plus_-3 | base_plus_-5 | base_plus_-8 | nearest_quarter_variant | prior_level_median_residual | prior_regime_level_median_residual,4045.5725,1.4275,True,True,ORIGINAL_ORACLE_PRESERVED,13.125,True,True,EXPANSION_SUPERSET_VIOLATION_LOST_WITHIN_5,False,False
2025-11-25,2025-11-24,L5,RANGE_NORMAL_60_120,CLOSE_POS_UPPER_THIRD,ROWS_STANDARD_9_10,4134.62,PREV_CLOSE_PROXY,,NEUTRAL,4108.27,4104.896667,3.373333,False,True,MODE_C_BALANCED,3.0,prior_hlc::previous_pivot_hlc3,4121.172083,12.902083,False,False,MICRO_OFFSET | MID_GAP | ORIGINAL_CLUSTER | QUARTER_ROUNDING | RESIDUAL_LEVEL | RESIDUAL_REGIME_LEVEL,adjacent_cluster_midpoint | base_cluster | base_plus_+11 | base_plus_+13 | base_plus_+3 | base_plus_+5 | base_plus_+8 | base_plus_-11 | base_plus_-13 | base_plus_-3 | base_plus_-5 | base_plus_-8 | nearest_quarter_variant | prior_level_median_residual | prior_regime_level_median_residual,4104.896667,3.373333,False,True,ORIGINAL_ORACLE_PRESERVED,9.52875,True,True,EXPANSION_SUPERSET_VIOLATION_LOST_WITHIN_5,False,False
2025-11-25,2025-11-24,L6,RANGE_NORMAL_60_120,CLOSE_POS_UPPER_THIRD,ROWS_STANDARD_9_10,4134.62,PREV_CLOSE_PROXY,,NEUTRAL,4078.21,4078.2763,0.0663,True,True,MODE_C_BALANCED,3.0,prior_range_fraction::prev_range_0.382,4100.965025,22.755025,False,False,MICRO_OFFSET | MID_GAP | ORIGINAL_CLUSTER | QUARTER_ROUNDING | RESIDUAL_LEVEL | RESIDUAL_REGIME_LEVEL,adjacent_cluster_midpoint | base_cluster | base_plus_+11 | base_plus_+13 | base_plus_+3 | base_plus_+5 | base_plus_+8 | base_plus_-11 | base_plus_-13 | base_plus_-3 | base_plus_-5 | base_plus_-8 | nearest_quarter_variant | prior_level_median_residual | prior_regime_level_median_residual,4078.2763,0.0663,True,True,ORIGINAL_ORACLE_PRESERVED,22.688725,True,True,EXPANSION_SUPERSET_VIOLATION_LOST_WITHIN_5,False,False
2025-11-25,2025-11-24,L7,RANGE_NORMAL_60_120,CLOSE_POS_UPPER_THIRD,ROWS_STANDARD_9_10,4134.62,PREV_CLOSE_PROXY,,NEUTRAL,4045.41,4052.66625,7.25625,False,False,MODE_B_EMA_CHANNEL_DIRECTION_HEAVY,2.0,prior_range_fraction::prev_range_0.125,4077.229975,31.819975,False,False,MICRO_OFFSET | MID_GAP | ORIGINAL_CLUSTER | QUARTER_ROUNDING | RESIDUAL_LEVEL | RESIDUAL_REGIME_LEVEL,adjacent_cluster_midpoint | base_cluster | base_plus_+11 | base_plus_+13 | base_plus_+3 | base_plus_+5 | base_plus_+8 | base_plus_-11 | base_plus_-13 | base_plus_-3 | base_plus_-5 | base_plus_-8 | nearest_quarter_variant | prior_level_median_residual | prior_regime_level_median_residual,4052.66625,7.25625,False,False,ORIGINAL_ORACLE_PRESERVED,24.563725,True,False,EXPANSION_SUPERSET_VIOLATION_WORSE_ERROR,False,False
2025-11-26,2025-11-25,L5,RANGE_COMPRESSED_0_60,CLOSE_POS_MIDDLE_THIRD,ROWS_STANDARD_9_10,4130.64,PREV_CLOSE_PROXY,,NEUTRAL,4146.58,4126.22665,20.35335,False,False,MODE_D_NEAREST_VALID_LADDER,1.0,prior_range_fraction::prev_range_0.333333,4126.22665,20.35335,False,False,MICRO_OFFSET | MID_GAP | ORIGINAL_CLUSTER | QUARTER_ROUNDING | RESIDUAL_LEVEL | RESIDUAL_REGIME_LEVEL,adjacent_cluster_midpoint | base_cluster | base_plus_+11 | base_plus_+13 | base_plus_+3 | base_plus_+5 | base_plus_+8 | base_plus_-11 | base_plus_-13 | base_plus_-3 | base_plus_-5 | base_plus_-8 | nearest_quarter_variant | prior_level_median_residual | prior_regime_level_median_residual,4126.22665,20.35335,False,False,ORIGINAL_ORACLE_PRESERVED,0.0,False,False,SUPERSET_OK_GT10,False,False
2025-11-26,2025-11-25,L6,RANGE_COMPRESSED_0_60,CLOSE_POS_MIDDLE_THIRD,ROWS_STANDARD_9_10,4130.64,PREV_CLOSE_PROXY,,NEUTRAL,4111.42,4099.59,11.83,False,False,MODE_B_EMA_CHANNEL_DIRECTION_HEAVY,1.0,red_box_midline::red_mid_2,4099.59,11.83,False,False,MICRO_OFFSET | MID_GAP | ORIGINAL_CLUSTER | QUARTER_ROUNDING | RESIDUAL_LEVEL | RESIDUAL_REGIME_LEVEL,adjacent_cluster_midpoint | base_cluster | base_plus_+11 | base_plus_+13 | base_plus_+3 | base_plus_+5 | base_plus_+8 | base_plus_-11 | base_plus_-13 | base_plus_-3 | base_plus_-5 | base_plus_-8 | nearest_quarter_variant | prior_level_median_residual | prior_regime_level_median_residual,4099.59,11.83,False,False,ORIGINAL_ORACLE_PRESERVED,0.0,False,False,SUPERSET_OK_GT10,False,False
2025-11-26,2025-11-25,L7,RANGE_COMPRESSED_0_60,CLOSE_POS_MIDDLE_THIRD,ROWS_STANDARD_9_10,4130.64,PREV_CLOSE_PROXY,,NEUTRAL,4082.04,4079.68,2.36,True,True,MODE_B_EMA_CHANNEL_DIRECTION_HEAVY,1.0,red_box_edge::red_edge_2,4079.68,2.36,True,True,MICRO_OFFSET | MID_GAP | ORIGINAL_CLUSTER | QUARTER_ROUNDING | RESIDUAL_LEVEL | RESIDUAL_REGIME_LEVEL,adjacent_cluster_midpoint | base_cluster | base_plus_+11 | base_plus_+13 | base_plus_+3 | base_plus_+5 | base_plus_+8 | base_plus_-11 | base_plus_-13 | base_plus_-3 | base_plus_-5 | base_plus_-8 | nearest_quarter_variant | prior_level_median_residual | prior_regime_level_median_residual,4079.68,2.36,True,True,ORIGINAL_ORACLE_PRESERVED,0.0,False,False,SUPERSET_OK_WITHIN_3,False,False
2025-11-27,2025-11-26,L4,RANGE_COMPRESSED_0_60,CLOSE_POS_UPPER_THIRD,ROWS_STANDARD_9_10,4163.7,PREV_CLOSE_PROXY,,NEUTRAL,4172.25,4156.552292,15.697708,False,False,MODE_C_BALANCED,1.0,prior_hlc::previous_pivot_hlc3 | green_box_quarter::green_box_1_75pct,4156.552292,15.697708,False,False,MICRO_OFFSET | MID_GAP | ORIGINAL_CLUSTER | QUARTER_ROUNDING | RESIDUAL_LEVEL,adjacent_cluster_midpoint | base_cluster | base_plus_+11 | base_plus_+13 | base_plus_+3 | base_plus_+5 | base_plus_+8 | base_plus_-11 | base_plus_-13 | base_plus_-3 | base_plus_-5 | base_plus_-8 | nearest_quarter_variant | prior_level_median_residual,4156.552292,15.697708,False,False,ORIGINAL_ORACLE_PRESERVED,0.0,False,False,SUPERSET_OK_GT10,False,False
2025-11-27,2025-11-26,L5,RANGE_COMPRESSED_0_60,CLOSE_POS_UPPER_THIRD,ROWS_STANDARD_9_10,4163.7,PREV_CLOSE_PROXY,,NEUTRAL,4143.1,4139.885625,3.214375,False,True,MODE_C_BALANCED,1.0,green_box_quarter::green_box_1_25pct | prior_range_fraction::prev_range_0.25,4139.885625,3.214375,False,True,MICRO_OFFSET | MID_GAP | ORIGINAL_CLUSTER | QUARTER_ROUNDING | RESIDUAL_LEVEL,adjacent_cluster_midpoint | base_cluster | base_plus_+11 | base_plus_+13 | base_plus_+3 | base_plus_+5 | base_plus_+8 | base_plus_-11 | base_plus_-13 | base_plus_-3 | base_plus_-5 | base_plus_-8 | nearest_quarter_variant | prior_level_median_residual,4139.885625,3.214375,False,True,ORIGINAL_ORACLE_PRESERVED,0.0,False,False,SUPERSET_OK_WITHIN_5,False,False
2025-11-27,2025-11-26,L6,RANGE_COMPRESSED_0_60,CLOSE_POS_UPPER_THIRD,ROWS_STANDARD_9_10,4163.7,PREV_CLOSE_PROXY,,NEUTRAL,4108.29,4118.2375,9.9475,False,False,MODE_B_EMA_CHANNEL_DIRECTION_HEAVY,1.0,red_box_midline::red_mid_2,4118.2375,9.9475,False,False,MICRO_OFFSET | MID_GAP | ORIGINAL_CLUSTER | QUARTER_ROUNDING | RESIDUAL_LEVEL,adjacent_cluster_midpoint | base_cluster | base_plus_+11 | base_plus_+13 | base_plus_+3 | base_plus_+5 | base_plus_+8 | base_plus_-11 | base_plus_-13 | base_plus_-3 | base_plus_-5 | base_plus_-8 | nearest_quarter_variant | prior_level_median_residual,4118.2375,9.9475,False,False,ORIGINAL_ORACLE_PRESERVED,0.0,False,False,SUPERSET_OK_WITHIN_10,False,False
2025-11-27,2025-11-26,L7,RANGE_COMPRESSED_0_60,CLOSE_POS_UPPER_THIRD,ROWS_STANDARD_9_10,4163.7,PREV_CLOSE_PROXY,,NEUTRAL,4073.19,4099.83,26.64,False,False,MODE_B_EMA_CHANNEL_DIRECTION_HEAVY,1.0,red_box_edge::red_edge_2,4099.83,26.64,False,False,MICRO_OFFSET | MID_GAP | ORIGINAL_CLUSTER | QUARTER_ROUNDING | RESIDUAL_LEVEL,adjacent_cluster_midpoint | base_cluster | base_plus_+11 | base_plus_+13 | base_plus_+3 | base_plus_+5 | base_plus_+8 | base_plus_-11 | base_plus_-13 | base_plus_-3 | base_plus_-5 | base_plus_-8 | nearest_quarter_variant | prior_level_median_residual,4099.83,26.64,False,False,ORIGINAL_ORACLE_PRESERVED,0.0,False,False,SUPERSET_OK_GT10,False,False
2025-11-28,2025-11-27,L4,RANGE_COMPRESSED_0_60,CLOSE_POS_MIDDLE_THIRD,ROWS_STANDARD_9_10,4157.37,PREV_CLOSE_PROXY,,NEUTRAL,4169.5,4161.7525,7.7475,False,False,MODE_C_BALANCED,1.0,red_box_quarter::red_box_1_25pct,4177.498229,7.998229,False,False,MICRO_OFFSET | MID_GAP | ORIGINAL_CLUSTER | QUARTER_ROUNDING | RESIDUAL_LEVEL | RESIDUAL_REGIME_LEVEL,adjacent_cluster_midpoint | base_cluster | base_plus_+11 | base_plus_+13 | base_plus_+3 | base_plus_+5 | base_plus_+8 | base_plus_-11 | base_plus_-13 | base_plus_-3 | base_plus_-5 | base_plus_-8 | nearest_quarter_variant | prior_level_median_residual | prior_regime_level_median_residual,4161.7525,7.7475,False,False,ORIGINAL_ORACLE_PRESERVED,0.250729,True,False,EXPANSION_SUPERSET_VIOLATION_WORSE_ERROR,False,False
2025-11-28,2025-11-27,L5,RANGE_COMPRESSED_0_60,CLOSE_POS_MIDDLE_THIRD,ROWS_STANDARD_9_10,4157.37,PREV_CLOSE_PROXY,,NEUTRAL,4139.9,4151.386658,11.486658,False,False,MODE_D_NEAREST_VALID_LADDER,2.0,prior_range_fraction::prev_range_0.333333,4156.815829,16.915829,False,False,MICRO_OFFSET | MID_GAP | ORIGINAL_CLUSTER | QUARTER_ROUNDING | RESIDUAL_LEVEL | RESIDUAL_REGIME_LEVEL,adjacent_cluster_midpoint | base_cluster | base_plus_+11 | base_plus_+13 | base_plus_+3 | base_plus_+5 | base_plus_+8 | base_plus_-11 | base_plus_-13 | base_plus_-3 | base_plus_-5 | base_plus_-8 | nearest_quarter_variant | prior_level_median_residual | prior_regime_level_median_residual,4151.386658,11.486658,False,False,ORIGINAL_ORACLE_PRESERVED,5.429171,True,False,EXPANSION_SUPERSET_VIOLATION_WORSE_ERROR,False,False
2025-11-28,2025-11-27,L6,RANGE_COMPRESSED_0_60,CLOSE_POS_MIDDLE_THIRD,ROWS_STANDARD_9_10,4157.37,PREV_CLOSE_PROXY,,NEUTRAL,4110.09,4126.715,16.625,False,False,MODE_B_EMA_CHANNEL_DIRECTION_HEAVY,2.0,red_box_midline::red_mid_2,4134.7075,24.6175,False,False,MICRO_OFFSET | MID_GAP | ORIGINAL_CLUSTER | QUARTER_ROUNDING | RESIDUAL_LEVEL | RESIDUAL_REGIME_LEVEL,adjacent_cluster_midpoint | base_cluster | base_plus_+11 | base_plus_+13 | base_plus_+3 | base_plus_+5 | base_plus_+8 | base_plus_-11 | base_plus_-13 | base_plus_-3 | base_plus_-5 | base_plus_-8 | nearest_quarter_variant | prior_level_median_residual | prior_regime_level_median_residual,4126.715,16.625,False,False,ORIGINAL_ORACLE_PRESERVED,7.9925,True,False,EXPANSION_SUPERSET_VIOLATION_WORSE_ERROR,False,False
2025-11-28,2025-11-27,L7,RANGE_COMPRESSED_0_60,CLOSE_POS_MIDDLE_THIRD,ROWS_STANDARD_9_10,4157.37,PREV_CLOSE_PROXY,,NEUTRAL,4078.58,4112.7,34.12,False,False,MODE_B_EMA_CHANNEL_DIRECTION_HEAVY,1.0,red_box_edge::red_edge_2,4112.7,34.12,False,False,MICRO_OFFSET | MID_GAP | ORIGINAL_CLUSTER | QUARTER_ROUNDING | RESIDUAL_LEVEL | RESIDUAL_REGIME_LEVEL,adjacent_cluster_midpoint | base_cluster | base_plus_+11 | base_plus_+13 | base_plus_+3 | base_plus_+5 | base_plus_+8 | base_plus_-11 | base_plus_-13 | base_plus_-3 | base_plus_-5 | base_plus_-8 | nearest_quarter_variant | prior_level_median_residual | prior_regime_level_median_residual,4112.7,34.12,False,False,ORIGINAL_ORACLE_PRESERVED,0.0,False,False,SUPERSET_OK_GT10,False,False
2025-12-01,2025-11-28,L5,RANGE_NORMAL_60_120,CLOSE_POS_UPPER_THIRD,ROWS_STANDARD_9_10,4219.51,PREV_CLOSE_PROXY,,NEUTRAL,4209.18,4215.9425,6.7625,False,False,MODE_C_BALANCED,2.0,red_box_quarter::red_box_1_25pct | prior_range_fraction::prev_range_0.875,4216.005417,6.825416,False,False,MICRO_OFFSET | MID_GAP | ORIGINAL_CLUSTER | QUARTER_ROUNDING | RESIDUAL_LEVEL | RESIDUAL_REGIME_LEVEL,adjacent_cluster_midpoint | base_cluster | base_plus_+11 | base_plus_+13 | base_plus_+3 | base_plus_+5 | base_plus_+8 | base_plus_-11 | base_plus_-13 | base_plus_-3 | base_plus_-5 | base_plus_-8 | nearest_quarter_variant | prior_level_median_residual | prior_regime_level_median_residual,4215.9425,6.7625,False,False,ORIGINAL_ORACLE_PRESERVED,0.062916,True,False,EXPANSION_SUPERSET_VIOLATION_WORSE_ERROR,False,False
2025-12-01,2025-11-28,L6,RANGE_NORMAL_60_120,CLOSE_POS_UPPER_THIRD,ROWS_STANDARD_9_10,4219.51,PREV_CLOSE_PROXY,,NEUTRAL,4188.77,4192.8175,4.0475,False,True,MODE_C_BALANCED,2.0,green_box_quarter::green_box_1_75pct,4198.07125,9.30125,False,False,MICRO_OFFSET | MID_GAP | ORIGINAL_CLUSTER | QUARTER_ROUNDING | RESIDUAL_LEVEL | RESIDUAL_REGIME_LEVEL,adjacent_cluster_midpoint | base_cluster | base_plus_+11 | base_plus_+13 | base_plus_+3 | base_plus_+5 | base_plus_+8 | base_plus_-11 | base_plus_-13 | base_plus_-3 | base_plus_-5 | base_plus_-8 | nearest_quarter_variant | prior_level_median_residual | prior_regime_level_median_residual,4192.8175,4.0475,False,True,ORIGINAL_ORACLE_PRESERVED,5.25375,True,True,EXPANSION_SUPERSET_VIOLATION_LOST_WITHIN_5,False,False
2025-12-01,2025-11-28,L7,RANGE_NORMAL_60_120,CLOSE_POS_UPPER_THIRD,ROWS_STANDARD_9_10,4219.51,PREV_CLOSE_PROXY,,NEUTRAL,4164.44,4163.13,1.31,True,True,MODE_B_EMA_CHANNEL_DIRECTION_HEAVY,1.0,red_box_quarter::red_box_2_25pct | prior_range_fraction::prev_range_0.125,4166.04,1.6,True,True,MICRO_OFFSET | MID_GAP | ORIGINAL_CLUSTER | QUARTER_ROUNDING | RESIDUAL_LEVEL | RESIDUAL_REGIME_LEVEL,adjacent_cluster_midpoint | base_cluster | base_plus_+11 | base_plus_+13 | base_plus_+3 | base_plus_+5 | base_plus_+8 | base_plus_-11 | base_plus_-13 | base_plus_-3 | base_plus_-5 | base_plus_-8 | nearest_quarter_variant | prior_level_median_residual | prior_regime_level_median_residual,4163.13,1.31,True,True,ORIGINAL_ORACLE_PRESERVED,0.29,True,False,EXPANSION_SUPERSET_VIOLATION_WORSE_ERROR,False,False
2025-12-02,2025-12-01,L4,RANGE_COMPRESSED_0_60,CLOSE_POS_MIDDLE_THIRD,ROWS_SPARSE_1_8,4232.12,PREV_CLOSE_PROXY,,NEUTRAL,4229.6,4241.97616,12.37616,False,False,MODE_C_BALANCED,1.0,prior_range_fraction::prev_range_0.618,4241.97616,12.37616,False,False,MICRO_OFFSET | MID_GAP | ORIGINAL_CLUSTER | QUARTER_ROUNDING | RESIDUAL_LEVEL | RESIDUAL_REGIME_LEVEL,adjacent_cluster_midpoint | base_cluster | base_plus_+11 | base_plus_+13 | base_plus_+3 | base_plus_+5 | base_plus_+8 | base_plus_-11 | base_plus_-13 | base_plus_-3 | base_plus_-5 | base_plus_-8 | nearest_quarter_variant | prior_level_median_residual | prior_regime_level_median_residual,4241.97616,12.37616,False,False,ORIGINAL_ORACLE_PRESERVED,0.0,False,False,SUPERSET_OK_GT10,False,False
2025-12-02,2025-12-01,L5,RANGE_COMPRESSED_0_60,CLOSE_POS_MIDDLE_THIRD,ROWS_SPARSE_1_8,4232.12,PREV_CLOSE_PROXY,,NEUTRAL,4209.81,4208.86,0.95,True,True,MODE_A_LIVE_PROXIMITY_HEAVY,1.0,red_box_quarter::red_box_2_25pct,4208.86,0.95,True,True,MICRO_OFFSET | MID_GAP | ORIGINAL_CLUSTER | QUARTER_ROUNDING | RESIDUAL_LEVEL,adjacent_cluster_midpoint | base_cluster | base_plus_+11 | base_plus_+13 | base_plus_+3 | base_plus_+5 | base_plus_+8 | base_plus_-11 | base_plus_-13 | base_plus_-3 | base_plus_-5 | base_plus_-8 | nearest_quarter_variant | prior_level_median_residual,4208.86,0.95,True,True,ORIGINAL_ORACLE_PRESERVED,0.0,False,False,SUPERSET_OK_WITHIN_3,False,False
2025-12-02,2025-12-01,L6,RANGE_COMPRESSED_0_60,CLOSE_POS_MIDDLE_THIRD,ROWS_SPARSE_1_8,4232.12,PREV_CLOSE_PROXY,,NEUTRAL,4187.32,4175.44,11.88,False,False,MODE_B_EMA_CHANNEL_DIRECTION_HEAVY,1.0,red_box_edge::red_edge_2,4175.44,11.88,False,False,MICRO_OFFSET | MID_GAP | ORIGINAL_CLUSTER | QUARTER_ROUNDING | RESIDUAL_LEVEL,adjacent_cluster_midpoint | base_cluster | base_plus_+11 | base_plus_+13 | base_plus_+3 | base_plus_+5 | base_plus_+8 | base_plus_-11 | base_plus_-13 | base_plus_-3 | base_plus_-5 | base_plus_-8 | nearest_quarter_variant | prior_level_median_residual,4175.44,11.88,False,False,ORIGINAL_ORACLE_PRESERVED,0.0,False,False,SUPERSET_OK_GT10,False,False
2025-12-02,2025-12-01,L7,RANGE_COMPRESSED_0_60,CLOSE_POS_MIDDLE_THIRD,ROWS_SPARSE_1_8,4232.12,PREV_CLOSE_PROXY,,NEUTRAL,4167.18,4142.02,25.16,False,False,MODE_B_EMA_CHANNEL_DIRECTION_HEAVY,1.0,red_box_quarter::red_box_3_75pct,4142.02,25.16,False,False,MICRO_OFFSET | MID_GAP | ORIGINAL_CLUSTER | QUARTER_ROUNDING | RESIDUAL_LEVEL,adjacent_cluster_midpoint | base_cluster | base_plus_+11 | base_plus_+13 | base_plus_+3 | base_plus_+5 | base_plus_+8 | base_plus_-11 | base_plus_-13 | base_plus_-3 | base_plus_-5 | base_plus_-8 | nearest_quarter_variant | prior_level_median_residual,4142.02,25.16,False,False,ORIGINAL_ORACLE_PRESERVED,0.0,False,False,SUPERSET_OK_GT10,False,False
2025-12-03,2025-12-02,L5,RANGE_NORMAL_60_120,CLOSE_POS_MIDDLE_THIRD,ROWS_STANDARD_9_10,4205.64,PREV_CLOSE_PROXY,,NEUTRAL,4213.24,4216.345,3.105,False,True,MODE_C_BALANCED,1.0,green_box_edge::green_edge_1 | prior_range_fraction::prev_range_0.75,4208.007917,5.232083,False,False,MICRO_OFFSET | MID_GAP | ORIGINAL_CLUSTER | QUARTER_ROUNDING | RESIDUAL_LEVEL | RESIDUAL_REGIME_LEVEL,adjacent_cluster_midpoint | base_cluster | base_plus_+11 | base_plus_+13 | base_plus_+3 | base_plus_+5 | base_plus_+8 | base_plus_-11 | base_plus_-13 | base_plus_-3 | base_plus_-5 | base_plus_-8 | nearest_quarter_variant | prior_level_median_residual | prior_regime_level_median_residual,4216.345,3.105,False,True,ORIGINAL_ORACLE_PRESERVED,2.127083,True,True,EXPANSION_SUPERSET_VIOLATION_LOST_WITHIN_5,False,False
2025-12-03,2025-12-02,L6,RANGE_NORMAL_60_120,CLOSE_POS_MIDDLE_THIRD,ROWS_STANDARD_9_10,4205.64,PREV_CLOSE_PROXY,,NEUTRAL,4192.7,4185.46,7.24,False,False,MODE_C_BALANCED,1.0,prior_range_fraction::prev_range_0.25 | red_box_edge::red_edge_1 | green_box_midline::green_mid_1,4172.335,20.365,False,False,MICRO_OFFSET | MID_GAP | ORIGINAL_CLUSTER | QUARTER_ROUNDING | RESIDUAL_LEVEL | RESIDUAL_REGIME_LEVEL,adjacent_cluster_midpoint | base_cluster | base_plus_+11 | base_plus_+13 | base_plus_+3 | base_plus_+5 | base_plus_+8 | base_plus_-11 | base_plus_-13 | base_plus_-3 | base_plus_-5 | base_plus_-8 | nearest_quarter_variant | prior_level_median_residual | prior_regime_level_median_residual,4185.46,7.24,False,False,ORIGINAL_ORACLE_PRESERVED,13.125,True,False,EXPANSION_SUPERSET_VIOLATION_WORSE_ERROR,False,False
2025-12-03,2025-12-02,L7,RANGE_NORMAL_60_120,CLOSE_POS_MIDDLE_THIRD,ROWS_STANDARD_9_10,4205.64,PREV_CLOSE_PROXY,,NEUTRAL,4170.01,4172.005,1.995,True,True,MODE_C_BALANCED,1.0,red_box_quarter::red_box_2_25pct,4152.8125,17.1975,False,False,MICRO_OFFSET | MID_GAP | ORIGINAL_CLUSTER | QUARTER_ROUNDING | RESIDUAL_LEVEL | RESIDUAL_REGIME_LEVEL,adjacent_cluster_midpoint | base_cluster | base_plus_+11 | base_plus_+13 | base_plus_+3 | base_plus_+5 | base_plus_+8 | base_plus_-11 | base_plus_-13 | base_plus_-3 | base_plus_-5 | base_plus_-8 | nearest_quarter_variant | prior_level_median_residual | prior_regime_level_median_residual,4172.005,1.995,True,True,ORIGINAL_ORACLE_PRESERVED,15.2025,True,True,EXPANSION_SUPERSET_VIOLATION_LOST_WITHIN_5,False,False
2025-12-04,2025-12-03,L4,RANGE_COMPRESSED_0_60,CLOSE_POS_LOWER_THIRD,ROWS_SPARSE_1_8,4202.98,PREV_CLOSE_PROXY,,NEUTRAL,4205.73,4223.465,17.735,False,False,MODE_C_BALANCED,1.0,green_box_quarter::green_box_1_75pct,4223.465,17.735,False,False,MICRO_OFFSET | MID_GAP | ORIGINAL_CLUSTER | QUARTER_ROUNDING | RESIDUAL_LEVEL | RESIDUAL_REGIME_LEVEL,adjacent_cluster_midpoint | base_cluster | base_plus_+11 | base_plus_+13 | base_plus_+3 | base_plus_+5 | base_plus_+8 | base_plus_-11 | base_plus_-13 | base_plus_-3 | base_plus_-5 | base_plus_-8 | nearest_quarter_variant | prior_level_median_residual | prior_regime_level_median_residual,4223.465,17.735,False,False,ORIGINAL_ORACLE_PRESERVED,0.0,False,False,SUPERSET_OK_GT10,False,False
2025-12-04,2025-12-03,L5,RANGE_COMPRESSED_0_60,CLOSE_POS_LOWER_THIRD,ROWS_SPARSE_1_8,4202.98,PREV_CLOSE_PROXY,,NEUTRAL,4188.05,4193.465,5.415,False,False,MODE_A_LIVE_PROXIMITY_HEAVY,1.0,red_box_quarter::red_box_2_25pct,4193.465,5.415,False,False,MICRO_OFFSET | MID_GAP | ORIGINAL_CLUSTER | QUARTER_ROUNDING | RESIDUAL_LEVEL | RESIDUAL_REGIME_LEVEL,adjacent_cluster_midpoint | base_cluster | base_plus_+11 | base_plus_+13 | base_plus_+3 | base_plus_+5 | base_plus_+8 | base_plus_-11 | base_plus_-13 | base_plus_-3 | base_plus_-5 | base_plus_-8 | nearest_quarter_variant | prior_level_median_residual | prior_regime_level_median_residual,4193.465,5.415,False,False,ORIGINAL_ORACLE_PRESERVED,0.0,False,False,SUPERSET_OK_WITHIN_10,False,False
2025-12-04,2025-12-03,L6,RANGE_COMPRESSED_0_60,CLOSE_POS_LOWER_THIRD,ROWS_SPARSE_1_8,4202.98,PREV_CLOSE_PROXY,,NEUTRAL,4167.92,4174.195,6.275,False,False,MODE_D_NEAREST_VALID_LADDER,1.0,red_box_quarter::red_box_2_75pct,4174.195,6.275,False,False,MICRO_OFFSET | MID_GAP | ORIGINAL_CLUSTER | QUARTER_ROUNDING | RESIDUAL_LEVEL | RESIDUAL_REGIME_LEVEL,adjacent_cluster_midpoint | base_cluster | base_plus_+11 | base_plus_+13 | base_plus_+3 | base_plus_+5 | base_plus_+8 | base_plus_-11 | base_plus_-13 | base_plus_-3 | base_plus_-5 | base_plus_-8 | nearest_quarter_variant | prior_level_median_residual | prior_regime_level_median_residual,4174.195,6.275,False,False,ORIGINAL_ORACLE_PRESERVED,0.0,False,False,SUPERSET_OK_WITHIN_10,False,False
2025-12-04,2025-12-03,L7,RANGE_COMPRESSED_0_60,CLOSE_POS_LOWER_THIRD,ROWS_SPARSE_1_8,4202.98,PREV_CLOSE_PROXY,,NEUTRAL,4144.41,4145.29,0.88,True,True,MODE_B_EMA_CHANNEL_DIRECTION_HEAVY,1.0,red_box_midline::red_mid_3,4145.29,0.88,True,True,MICRO_OFFSET | MID_GAP | ORIGINAL_CLUSTER | QUARTER_ROUNDING | RESIDUAL_LEVEL | RESIDUAL_REGIME_LEVEL,adjacent_cluster_midpoint | base_cluster | base_plus_+11 | base_plus_+13 | base_plus_+3 | base_plus_+5 | base_plus_+8 | base_plus_-11 | base_plus_-13 | base_plus_-3 | base_plus_-5 | base_plus_-8 | nearest_quarter_variant | prior_level_median_residual | prior_regime_level_median_residual,4145.29,0.88,True,True,ORIGINAL_ORACLE_PRESERVED,0.0,False,False,SUPERSET_OK_WITHIN_3,False,False
2025-12-05,2025-12-04,L5,RANGE_COMPRESSED_0_60,CLOSE_POS_UPPER_THIRD,ROWS_SPARSE_1_8,4208.64,PREV_CLOSE_PROXY,,NEUTRAL,4183.25,4185.268125,2.018125,True,True,MODE_C_BALANCED,1.0,green_box_quarter::green_box_1_25pct | prior_range_fraction::prev_range_0.25,4185.268125,2.018125,True,True,MICRO_OFFSET | MID_GAP | ORIGINAL_CLUSTER | QUARTER_ROUNDING | RESIDUAL_LEVEL | RESIDUAL_REGIME_LEVEL,adjacent_cluster_midpoint | base_cluster | base_plus_+11 | base_plus_+13 | base_plus_+3 | base_plus_+5 | base_plus_+8 | base_plus_-11 | base_plus_-13 | base_plus_-3 | base_plus_-5 | base_plus_-8 | nearest_quarter_variant | prior_level_median_residual | prior_regime_level_median_residual,4185.268125,2.018125,True,True,ORIGINAL_ORACLE_PRESERVED,0.0,False,False,SUPERSET_OK_WITHIN_3,False,False
2025-12-05,2025-12-04,L6,RANGE_COMPRESSED_0_60,CLOSE_POS_UPPER_THIRD,ROWS_SPARSE_1_8,4208.64,PREV_CLOSE_PROXY,,NEUTRAL,4164.02,4163.6675,0.3525,True,True,MODE_B_EMA_CHANNEL_DIRECTION_HEAVY,1.0,red_box_midline::red_mid_2,4163.6675,0.3525,True,True,MICRO_OFFSET | MID_GAP | ORIGINAL_CLUSTER | QUARTER_ROUNDING | RESIDUAL_LEVEL | RESIDUAL_REGIME_LEVEL,adjacent_cluster_midpoint | base_cluster | base_plus_+11 | base_plus_+13 | base_plus_+3 | base_plus_+5 | base_plus_+8 | base_plus_-11 | base_plus_-13 | base_plus_-3 | base_plus_-5 | base_plus_-8 | nearest_quarter_variant | prior_level_median_residual | prior_regime_level_median_residual,4163.6675,0.3525,True,True,ORIGINAL_ORACLE_PRESERVED,0.0,False,False,SUPERSET_OK_WITHIN_3,False,False
2025-12-05,2025-12-04,L7,RANGE_COMPRESSED_0_60,CLOSE_POS_UPPER_THIRD,ROWS_SPARSE_1_8,4208.64,PREV_CLOSE_PROXY,,NEUTRAL,4143.27,4145.07,1.8,True,True,MODE_B_EMA_CHANNEL_DIRECTION_HEAVY,1.0,red_box_edge::red_edge_2,4145.07,1.8,True,True,MICRO_OFFSET | MID_GAP | ORIGINAL_CLUSTER | QUARTER_ROUNDING | RESIDUAL_LEVEL | RESIDUAL_REGIME_LEVEL,adjacent_cluster_midpoint | base_cluster | base_plus_+11 | base_plus_+13 | base_plus_+3 | base_plus_+5 | base_plus_+8 | base_plus_-11 | base_plus_-13 | base_plus_-3 | base_plus_-5 | base_plus_-8 | nearest_quarter_variant | prior_level_median_residual | prior_regime_level_median_residual,4145.07,1.8,True,True,ORIGINAL_ORACLE_PRESERVED,0.0,False,False,SUPERSET_OK_WITHIN_3,False,False
2025-12-08,2025-12-05,L4,RANGE_NORMAL_60_120,CLOSE_POS_LOWER_THIRD,ROWS_SPARSE_1_8,4199.09,PREV_CLOSE_PROXY,,NEUTRAL,4209.43,4233.6205,24.1905,False,False,MODE_C_BALANCED,2.0,prior_range_fraction::prev_range_0.618,4237.15275,27.72275,False,False,MICRO_OFFSET | MID_GAP | ORIGINAL_CLUSTER | QUARTER_ROUNDING | RESIDUAL_LEVEL | RESIDUAL_REGIME_LEVEL,adjacent_cluster_midpoint | base_cluster | base_plus_+11 | base_plus_+13 | base_plus_+3 | base_plus_+5 | base_plus_+8 | base_plus_-11 | base_plus_-13 | base_plus_-3 | base_plus_-5 | base_plus_-8 | nearest_quarter_variant | prior_level_median_residual | prior_regime_level_median_residual,4233.6205,24.1905,False,False,ORIGINAL_ORACLE_PRESERVED,3.53225,True,False,EXPANSION_SUPERSET_VIOLATION_WORSE_ERROR,False,False
2025-12-08,2025-12-05,L5,RANGE_NORMAL_60_120,CLOSE_POS_LOWER_THIRD,ROWS_SPARSE_1_8,4199.09,PREV_CLOSE_PROXY,,NEUTRAL,4188.47,4206.544375,18.074375,False,False,MODE_C_BALANCED,1.0,green_box_quarter::green_box_1_25pct | prior_range_fraction::prev_range_0.25,4206.544375,18.074375,False,False,MICRO_OFFSET | MID_GAP | ORIGINAL_CLUSTER | QUARTER_ROUNDING | RESIDUAL_LEVEL | RESIDUAL_REGIME_LEVEL,adjacent_cluster_midpoint | base_cluster | base_plus_+11 | base_plus_+13 | base_plus_+3 | base_plus_+5 | base_plus_+8 | base_plus_-11 | base_plus_-13 | base_plus_-3 | base_plus_-5 | base_plus_-8 | nearest_quarter_variant | prior_level_median_residual | prior_regime_level_median_residual,4206.544375,18.074375,False,False,ORIGINAL_ORACLE_PRESERVED,0.0,False,False,SUPERSET_OK_GT10,False,False
2025-12-08,2025-12-05,L6,RANGE_NORMAL_60_120,CLOSE_POS_LOWER_THIRD,ROWS_SPARSE_1_8,4199.09,PREV_CLOSE_PROXY,,NEUTRAL,4168.88,4174.21625,5.33625,False,False,MODE_D_NEAREST_VALID_LADDER,1.0,red_box_quarter::red_box_2_75pct,4174.21625,5.33625,False,False,MICRO_OFFSET | MID_GAP | ORIGINAL_CLUSTER | QUARTER_ROUNDING | RESIDUAL_LEVEL | RESIDUAL_REGIME_LEVEL,adjacent_cluster_midpoint | base_cluster | base_plus_+11 | base_plus_+13 | base_plus_+3 | base_plus_+5 | base_plus_+8 | base_plus_-11 | base_plus_-13 | base_plus_-3 | base_plus_-5 | base_plus_-8 | nearest_quarter_variant | prior_level_median_residual | prior_regime_level_median_residual,4174.21625,5.33625,False,False,ORIGINAL_ORACLE_PRESERVED,0.0,False,False,SUPERSET_OK_WITHIN_10,False,False
2025-12-08,2025-12-05,L7,RANGE_NORMAL_60_120,CLOSE_POS_LOWER_THIRD,ROWS_SPARSE_1_8,4199.09,PREV_CLOSE_PROXY,,NEUTRAL,4144.37,4149.90375,5.53375,False,False,MODE_B_EMA_CHANNEL_DIRECTION_HEAVY,1.0,red_box_quarter::red_box_3_25pct,4149.90375,5.53375,False,False,MICRO_OFFSET | MID_GAP | ORIGINAL_CLUSTER | QUARTER_ROUNDING | RESIDUAL_LEVEL | RESIDUAL_REGIME_LEVEL,adjacent_cluster_midpoint | base_cluster | base_plus_+11 | base_plus_+13 | base_plus_+3 | base_plus_+5 | base_plus_+8 | base_plus_-11 | base_plus_-13 | base_plus_-3 | base_plus_-5 | base_plus_-8 | nearest_quarter_variant | prior_level_median_residual | prior_regime_level_median_residual,4149.90375,5.53375,False,False,ORIGINAL_ORACLE_PRESERVED,0.0,False,False,SUPERSET_OK_WITHIN_10,False,False
2025-12-09,2025-12-08,L4,RANGE_COMPRESSED_0_60,CLOSE_POS_MIDDLE_THIRD,ROWS_SPARSE_1_8,4190.56,PREV_CLOSE_PROXY,,NEUTRAL,4214.14,4202.59804,11.54196,False,False,MODE_C_BALANCED,1.0,prior_range_fraction::prev_range_0.618,4197.12277,17.01723,False,False,MICRO_OFFSET | MID_GAP | ORIGINAL_CLUSTER | QUARTER_ROUNDING | RESIDUAL_LEVEL | RESIDUAL_REGIME_LEVEL,adjacent_cluster_midpoint | base_cluster | base_plus_+11 | base_plus_+13 | base_plus_+3 | base_plus_+5 | base_plus_+8 | base_plus_-11 | base_plus_-13 | base_plus_-3 | base_plus_-5 | base_plus_-8 | nearest_quarter_variant | prior_level_median_residual | prior_regime_level_median_residual,4202.59804,11.54196,False,False,ORIGINAL_ORACLE_PRESERVED,5.47527,True,False,EXPANSION_SUPERSET_VIOLATION_WORSE_ERROR,False,False
2025-12-09,2025-12-08,L5,RANGE_COMPRESSED_0_60,CLOSE_POS_MIDDLE_THIRD,ROWS_SPARSE_1_8,4190.56,PREV_CLOSE_PROXY,,NEUTRAL,4191.11,4173.4525,17.6575,False,False,MODE_A_LIVE_PROXIMITY_HEAVY,1.0,red_box_quarter::red_box_2_25pct,4173.4525,17.6575,False,False,MICRO_OFFSET | MID_GAP | ORIGINAL_CLUSTER | QUARTER_ROUNDING | RESIDUAL_LEVEL | RESIDUAL_REGIME_LEVEL,adjacent_cluster_midpoint | base_cluster | base_plus_+11 | base_plus_+13 | base_plus_+3 | base_plus_+5 | base_plus_+8 | base_plus_-11 | base_plus_-13 | base_plus_-3 | base_plus_-5 | base_plus_-8 | nearest_quarter_variant | prior_level_median_residual | prior_regime_level_median_residual,4173.4525,17.6575,False,False,ORIGINAL_ORACLE_PRESERVED,0.0,False,False,SUPERSET_OK_GT10,False,False
2025-12-09,2025-12-08,L6,RANGE_COMPRESSED_0_60,CLOSE_POS_MIDDLE_THIRD,ROWS_SPARSE_1_8,4190.56,PREV_CLOSE_PROXY,,NEUTRAL,4169.53,4155.2575,14.2725,False,False,MODE_B_EMA_CHANNEL_DIRECTION_HEAVY,1.0,red_box_quarter::red_box_2_75pct,4150.70875,18.82125,False,False,MICRO_OFFSET | MID_GAP | ORIGINAL_CLUSTER | QUARTER_ROUNDING | RESIDUAL_LEVEL | RESIDUAL_REGIME_LEVEL,adjacent_cluster_midpoint | base_cluster | base_plus_+11 | base_plus_+13 | base_plus_+3 | base_plus_+5 | base_plus_+8 | base_plus_-11 | base_plus_-13 | base_plus_-3 | base_plus_-5 | base_plus_-8 | nearest_quarter_variant | prior_level_median_residual | prior_regime_level_median_residual,4155.2575,14.2725,False,False,ORIGINAL_ORACLE_PRESERVED,4.54875,True,False,EXPANSION_SUPERSET_VIOLATION_WORSE_ERROR,False,False
2025-12-09,2025-12-08,L7,RANGE_COMPRESSED_0_60,CLOSE_POS_MIDDLE_THIRD,ROWS_SPARSE_1_8,4190.56,PREV_CLOSE_PROXY,,NEUTRAL,4149.41,4137.0625,12.3475,False,False,MODE_C_BALANCED,1.0,red_box_quarter::red_box_3_25pct,4127.965,21.445,False,False,MICRO_OFFSET | MID_GAP | ORIGINAL_CLUSTER | QUARTER_ROUNDING | RESIDUAL_LEVEL,adjacent_cluster_midpoint | base_cluster | base_plus_+11 | base_plus_+13 | base_plus_+3 | base_plus_+5 | base_plus_+8 | base_plus_-11 | base_plus_-13 | base_plus_-3 | base_plus_-5 | base_plus_-8 | nearest_quarter_variant | prior_level_median_residual,4137.0625,12.3475,False,False,ORIGINAL_ORACLE_PRESERVED,9.0975,True,False,EXPANSION_SUPERSET_VIOLATION_WORSE_ERROR,False,False
2025-12-10,2025-12-09,L4,RANGE_COMPRESSED_0_60,CLOSE_POS_UPPER_THIRD,ROWS_SPARSE_1_8,4208.1,PREV_CLOSE_PROXY,,NEUTRAL,4215.84,4202.021675,13.818325,False,False,MODE_C_BALANCED,1.0,prior_hlc::previous_pivot_hlc3 | green_box_quarter::green_box_1_75pct | prior_range_fraction::prev_range_0.666667,4202.021675,13.818325,False,False,MICRO_OFFSET | MID_GAP | ORIGINAL_CLUSTER | QUARTER_ROUNDING | RESIDUAL_LEVEL | RESIDUAL_REGIME_LEVEL,adjacent_cluster_midpoint | base_cluster | base_plus_+11 | base_plus_+13 | base_plus_+3 | base_plus_+5 | base_plus_+8 | base_plus_-11 | base_plus_-13 | base_plus_-3 | base_plus_-5 | base_plus_-8 | nearest_quarter_variant | prior_level_median_residual | prior_regime_level_median_residual,4202.021675,13.818325,False,False,ORIGINAL_ORACLE_PRESERVED,0.0,False,False,SUPERSET_OK_GT10,False,False
2025-12-10,2025-12-09,L5,RANGE_COMPRESSED_0_60,CLOSE_POS_UPPER_THIRD,ROWS_SPARSE_1_8,4208.1,PREV_CLOSE_PROXY,,NEUTRAL,4194.44,4181.53625,12.90375,False,False,MODE_C_BALANCED,1.0,green_box_quarter::green_box_1_25pct | red_box_edge::red_edge_1 | prior_range_fraction::prev_range_0.25,4181.53625,12.90375,False,False,MICRO_OFFSET | MID_GAP | ORIGINAL_CLUSTER | QUARTER_ROUNDING | RESIDUAL_LEVEL | RESIDUAL_REGIME_LEVEL,adjacent_cluster_midpoint | base_cluster | base_plus_+11 | base_plus_+13 | base_plus_+3 | base_plus_+5 | base_plus_+8 | base_plus_-11 | base_plus_-13 | base_plus_-3 | base_plus_-5 | base_plus_-8 | nearest_quarter_variant | prior_level_median_residual | prior_regime_level_median_residual,4181.53625,12.90375,False,False,ORIGINAL_ORACLE_PRESERVED,0.0,False,False,SUPERSET_OK_GT10,False,False
2025-12-10,2025-12-09,L6,RANGE_COMPRESSED_0_60,CLOSE_POS_UPPER_THIRD,ROWS_SPARSE_1_8,4208.1,PREV_CLOSE_PROXY,,NEUTRAL,4173.28,4160.365,12.915,False,False,MODE_B_EMA_CHANNEL_DIRECTION_HEAVY,1.0,red_box_midline::red_mid_2,4160.365,12.915,False,False,MICRO_OFFSET | MID_GAP | ORIGINAL_CLUSTER | QUARTER_ROUNDING | RESIDUAL_LEVEL | RESIDUAL_REGIME_LEVEL,adjacent_cluster_midpoint | base_cluster | base_plus_+11 | base_plus_+13 | base_plus_+3 | base_plus_+5 | base_plus_+8 | base_plus_-11 | base_plus_-13 | base_plus_-3 | base_plus_-5 | base_plus_-8 | nearest_quarter_variant | prior_level_median_residual | prior_regime_level_median_residual,4160.365,12.915,False,False,ORIGINAL_ORACLE_PRESERVED,0.0,False,False,SUPERSET_OK_GT10,False,False
2025-12-10,2025-12-09,L7,RANGE_COMPRESSED_0_60,CLOSE_POS_UPPER_THIRD,ROWS_SPARSE_1_8,4208.1,PREV_CLOSE_PROXY,,NEUTRAL,4152.33,4140.05,12.28,False,False,MODE_B_EMA_CHANNEL_DIRECTION_HEAVY,1.0,red_box_edge::red_edge_2,4140.05,12.28,False,False,MICRO_OFFSET | MID_GAP | ORIGINAL_CLUSTER | QUARTER_ROUNDING | RESIDUAL_LEVEL | RESIDUAL_REGIME_LEVEL,adjacent_cluster_midpoint | base_cluster | base_plus_+11 | base_plus_+13 | base_plus_+3 | base_plus_+5 | base_plus_+8 | base_plus_-11 | base_plus_-13 | base_plus_-3 | base_plus_-5 | base_plus_-8 | nearest_quarter_variant | prior_level_median_residual | prior_regime_level_median_residual,4140.05,12.28,False,False,ORIGINAL_ORACLE_PRESERVED,0.0,False,False,SUPERSET_OK_GT10,False,False
2025-12-11,2025-12-10,L4,RANGE_COMPRESSED_0_60,CLOSE_POS_UPPER_THIRD,ROWS_SPARSE_1_8,4228.54,PREV_CLOSE_PROXY,,NEUTRAL,4212.52,4217.126468,4.606468,False,True,MODE_C_BALANCED,2.0,green_box_quarter::green_box_1_75pct | prior_hlc::previous_pivot_hlc3 | prior_range_fraction::prev_range_0.666667,4224.398859,11.878859,False,False,MICRO_OFFSET | MID_GAP | ORIGINAL_CLUSTER | QUARTER_ROUNDING | RESIDUAL_LEVEL | RESIDUAL_REGIME_LEVEL,adjacent_cluster_midpoint | base_cluster | base_plus_+11 | base_plus_+13 | base_plus_+3 | base_plus_+5 | base_plus_+8 | base_plus_-11 | base_plus_-13 | base_plus_-3 | base_plus_-5 | base_plus_-8 | nearest_quarter_variant | prior_level_median_residual | prior_regime_level_median_residual,4217.126468,4.606468,False,True,ORIGINAL_ORACLE_PRESERVED,7.272391,True,True,EXPANSION_SUPERSET_VIOLATION_LOST_WITHIN_5,False,False
2025-12-11,2025-12-10,L5,RANGE_COMPRESSED_0_60,CLOSE_POS_UPPER_THIRD,ROWS_SPARSE_1_8,4228.54,PREV_CLOSE_PROXY,,NEUTRAL,4192.13,4194.393125,2.263125,True,True,MODE_C_BALANCED,2.0,green_box_quarter::green_box_1_25pct | red_box_edge::red_edge_1 | prior_range_fraction::prev_range_0.25,4202.354062,10.224062,False,False,MICRO_OFFSET | MID_GAP | ORIGINAL_CLUSTER | QUARTER_ROUNDING | RESIDUAL_LEVEL | RESIDUAL_REGIME_LEVEL,adjacent_cluster_midpoint | base_cluster | base_plus_+11 | base_plus_+13 | base_plus_+3 | base_plus_+5 | base_plus_+8 | base_plus_-11 | base_plus_-13 | base_plus_-3 | base_plus_-5 | base_plus_-8 | nearest_quarter_variant | prior_level_median_residual | prior_regime_level_median_residual,4194.393125,2.263125,True,True,ORIGINAL_ORACLE_PRESERVED,7.960937,True,True,EXPANSION_SUPERSET_VIOLATION_LOST_WITHIN_5,False,False
2025-12-11,2025-12-10,L6,RANGE_COMPRESSED_0_60,CLOSE_POS_UPPER_THIRD,ROWS_SPARSE_1_8,4228.54,PREV_CLOSE_PROXY,,NEUTRAL,4173.9,4173.5775,0.3225,True,True,MODE_B_EMA_CHANNEL_DIRECTION_HEAVY,2.0,red_box_midline::red_mid_2,4179.011875,5.111875,False,False,MICRO_OFFSET | MID_GAP | ORIGINAL_CLUSTER | QUARTER_ROUNDING | RESIDUAL_LEVEL | RESIDUAL_REGIME_LEVEL,adjacent_cluster_midpoint | base_cluster | base_plus_+11 | base_plus_+13 | base_plus_+3 | base_plus_+5 | base_plus_+8 | base_plus_-11 | base_plus_-13 | base_plus_-3 | base_plus_-5 | base_plus_-8 | nearest_quarter_variant | prior_level_median_residual | prior_regime_level_median_residual,4173.5775,0.3225,True,True,ORIGINAL_ORACLE_PRESERVED,4.789375,True,True,EXPANSION_SUPERSET_VIOLATION_LOST_WITHIN_5,False,False
2025-12-11,2025-12-10,L7,RANGE_COMPRESSED_0_60,CLOSE_POS_UPPER_THIRD,ROWS_SPARSE_1_8,4228.54,PREV_CLOSE_PROXY,,NEUTRAL,4154.37,4151.84,2.53,True,True,MODE_B_EMA_CHANNEL_DIRECTION_HEAVY,1.0,red_box_edge::red_edge_2,4157.274375,2.904375,True,True,MICRO_OFFSET | MID_GAP | ORIGINAL_CLUSTER | QUARTER_ROUNDING | RESIDUAL_LEVEL | RESIDUAL_REGIME_LEVEL,adjacent_cluster_midpoint | base_cluster | base_plus_+11 | base_plus_+13 | base_plus_+3 | base_plus_+5 | base_plus_+8 | base_plus_-11 | base_plus_-13 | base_plus_-3 | base_plus_-5 | base_plus_-8 | nearest_quarter_variant | prior_level_median_residual | prior_regime_level_median_residual,4151.84,2.53,True,True,ORIGINAL_ORACLE_PRESERVED,0.374375,True,False,EXPANSION_SUPERSET_VIOLATION_WORSE_ERROR,False,False
2025-12-12,2025-12-11,L4,RANGE_NORMAL_60_120,CLOSE_POS_UPPER_THIRD,ROWS_STANDARD_9_10,4279.59,PREV_CLOSE_PROXY,,NEUTRAL,4258.86,4265.5675,6.7075,False,False,MODE_C_BALANCED,5.0,prior_range_fraction::prev_range_0.75,4290.76375,31.90375,False,False,MICRO_OFFSET | MID_GAP | ORIGINAL_CLUSTER | QUARTER_ROUNDING | RESIDUAL_LEVEL | RESIDUAL_REGIME_LEVEL,adjacent_cluster_midpoint | base_cluster | base_plus_+11 | base_plus_+13 | base_plus_+3 | base_plus_+5 | base_plus_+8 | base_plus_-11 | base_plus_-13 | base_plus_-3 | base_plus_-5 | base_plus_-8 | nearest_quarter_variant | prior_level_median_residual | prior_regime_level_median_residual,4265.5675,6.7075,False,False,ORIGINAL_ORACLE_PRESERVED,25.19625,True,False,EXPANSION_SUPERSET_VIOLATION_WORSE_ERROR,False,False
2025-12-12,2025-12-11,L5,RANGE_NORMAL_60_120,CLOSE_POS_UPPER_THIRD,ROWS_STANDARD_9_10,4279.59,PREV_CLOSE_PROXY,,NEUTRAL,4245.23,4257.357084,12.127084,False,False,MODE_C_BALANCED,2.0,prior_hlc::previous_pivot_hlc3 | red_box_midline::red_mid_1,4272.712292,27.482292,False,False,MICRO_OFFSET | MID_GAP | ORIGINAL_CLUSTER | QUARTER_ROUNDING | RESIDUAL_LEVEL | RESIDUAL_REGIME_LEVEL,adjacent_cluster_midpoint | base_cluster | base_plus_+11 | base_plus_+13 | base_plus_+3 | base_plus_+5 | base_plus_+8 | base_plus_-11 | base_plus_-13 | base_plus_-3 | base_plus_-5 | base_plus_-8 | nearest_quarter_variant | prior_level_median_residual | prior_regime_level_median_residual,4257.357084,12.127084,False,False,ORIGINAL_ORACLE_PRESERVED,15.355208,True,False,EXPANSION_SUPERSET_VIOLATION_WORSE_ERROR,False,False
2025-12-12,2025-12-11,L6,RANGE_NORMAL_60_120,CLOSE_POS_UPPER_THIRD,ROWS_STANDARD_9_10,4279.59,PREV_CLOSE_PROXY,,NEUTRAL,4231.66,4235.54974,3.88974,False,True,MODE_C_BALANCED,3.0,prior_range_fraction::prev_range_0.382,4246.453412,14.793412,False,False,MICRO_OFFSET | MID_GAP | ORIGINAL_CLUSTER | QUARTER_ROUNDING | RESIDUAL_LEVEL | RESIDUAL_REGIME_LEVEL,adjacent_cluster_midpoint | base_cluster | base_plus_+11 | base_plus_+13 | base_plus_+3 | base_plus_+5 | base_plus_+8 | base_plus_-11 | base_plus_-13 | base_plus_-3 | base_plus_-5 | base_plus_-8 | nearest_quarter_variant | prior_level_median_residual | prior_regime_level_median_residual,4235.54974,3.88974,False,True,ORIGINAL_ORACLE_PRESERVED,10.903672,True,True,EXPANSION_SUPERSET_VIOLATION_LOST_WITHIN_5,False,False
2025-12-12,2025-12-11,L7,RANGE_NORMAL_60_120,CLOSE_POS_UPPER_THIRD,ROWS_STANDARD_9_10,4279.59,PREV_CLOSE_PROXY,,NEUTRAL,4215.76,4215.4075,0.3525,True,True,MODE_C_BALANCED,2.0,prior_range_fraction::prev_range_0.125 | red_box_quarter::red_box_2_25pct,4218.91612,3.15612,False,True,MICRO_OFFSET | MID_GAP | ORIGINAL_CLUSTER | QUARTER_ROUNDING | RESIDUAL_LEVEL | RESIDUAL_REGIME_LEVEL,adjacent_cluster_midpoint | base_cluster | base_plus_+11 | base_plus_+13 | base_plus_+3 | base_plus_+5 | base_plus_+8 | base_plus_-11 | base_plus_-13 | base_plus_-3 | base_plus_-5 | base_plus_-8 | nearest_quarter_variant | prior_level_median_residual | prior_regime_level_median_residual,4215.4075,0.3525,True,True,ORIGINAL_ORACLE_PRESERVED,2.80362,True,False,EXPANSION_SUPERSET_VIOLATION_WORSE_ERROR,False,False
2025-12-15,2025-12-12,L4,RANGE_NORMAL_60_120,CLOSE_POS_MIDDLE_THIRD,ROWS_SPARSE_1_8,4299.72,PREV_CLOSE_PROXY,,NEUTRAL,4304.36,4299.72,4.64,False,True,MODE_A_LIVE_PROXIMITY_HEAVY,4.0,prior_hlc::previous_close,4310.2075,5.8475,False,False,MICRO_OFFSET | MID_GAP | ORIGINAL_CLUSTER | QUARTER_ROUNDING | RESIDUAL_LEVEL,adjacent_cluster_midpoint | base_cluster | base_plus_+11 | base_plus_+13 | base_plus_+3 | base_plus_+5 | base_plus_+8 | base_plus_-11 | base_plus_-13 | base_plus_-3 | base_plus_-5 | base_plus_-8 | nearest_quarter_variant | prior_level_median_residual,4299.72,4.64,False,True,ORIGINAL_ORACLE_PRESERVED,1.2075,True,True,EXPANSION_SUPERSET_VIOLATION_LOST_WITHIN_5,False,False
2025-12-15,2025-12-12,L5,RANGE_NORMAL_60_120,CLOSE_POS_MIDDLE_THIRD,ROWS_SPARSE_1_8,4299.72,PREV_CLOSE_PROXY,,NEUTRAL,4285.43,4305.058542,19.628542,False,False,MODE_C_BALANCED,2.0,prior_hlc::previous_pivot_hlc3 | red_box_quarter::red_box_1_75pct,4312.190987,26.760987,False,False,MICRO_OFFSET | MID_GAP | ORIGINAL_CLUSTER | QUARTER_ROUNDING | RESIDUAL_LEVEL,adjacent_cluster_midpoint | base_cluster | base_plus_+11 | base_plus_+13 | base_plus_+3 | base_plus_+5 | base_plus_+8 | base_plus_-11 | base_plus_-13 | base_plus_-3 | base_plus_-5 | base_plus_-8 | nearest_quarter_variant | prior_level_median_residual,4305.058542,19.628542,False,False,ORIGINAL_ORACLE_PRESERVED,7.132445,True,False,EXPANSION_SUPERSET_VIOLATION_WORSE_ERROR,False,False
2025-12-15,2025-12-12,L6,RANGE_NORMAL_60_120,CLOSE_POS_MIDDLE_THIRD,ROWS_SPARSE_1_8,4299.72,PREV_CLOSE_PROXY,,NEUTRAL,4264.18,4259.2575,4.9225,False,True,MODE_B_EMA_CHANNEL_DIRECTION_HEAVY,4.0,red_box_midline::red_mid_2,4275.901625,11.721625,False,False,MICRO_OFFSET | MID_GAP | ORIGINAL_CLUSTER | QUARTER_ROUNDING | RESIDUAL_LEVEL,adjacent_cluster_midpoint | base_cluster | base_plus_+11 | base_plus_+13 | base_plus_+3 | base_plus_+5 | base_plus_+8 | base_plus_-11 | base_plus_-13 | base_plus_-3 | base_plus_-5 | base_plus_-8 | nearest_quarter_variant | prior_level_median_residual,4259.2575,4.9225,False,True,ORIGINAL_ORACLE_PRESERVED,6.799125,True,True,EXPANSION_SUPERSET_VIOLATION_LOST_WITHIN_5,False,False
2025-12-15,2025-12-12,L7,RANGE_NORMAL_60_120,CLOSE_POS_MIDDLE_THIRD,ROWS_SPARSE_1_8,4299.72,PREV_CLOSE_PROXY,,NEUTRAL,4244.2,4243.53875,0.66125,True,True,MODE_D_NEAREST_VALID_LADDER,2.0,red_box_quarter::red_box_2_75pct,4251.398125,7.198125,False,False,MICRO_OFFSET | MID_GAP | ORIGINAL_CLUSTER | QUARTER_ROUNDING | RESIDUAL_LEVEL,adjacent_cluster_midpoint | base_cluster | base_plus_+11 | base_plus_+13 | base_plus_+3 | base_plus_+5 | base_plus_+8 | base_plus_-11 | base_plus_-13 | base_plus_-3 | base_plus_-5 | base_plus_-8 | nearest_quarter_variant | prior_level_median_residual,4243.53875,0.66125,True,True,ORIGINAL_ORACLE_PRESERVED,6.536875,True,True,EXPANSION_SUPERSET_VIOLATION_LOST_WITHIN_5,False,False
2025-12-16,2025-12-15,L5,RANGE_NORMAL_60_120,CLOSE_POS_LOWER_THIRD,ROWS_SPARSE_1_8,4304.91,PREV_CLOSE_PROXY,,NEUTRAL,4301.91,4299.365625,2.544375,True,True,MODE_D_NEAREST_VALID_LADDER,1.0,green_box_quarter::green_box_1_25pct | prior_range_fraction::prev_range_0.25,4289.211563,12.698437,False,False,MICRO_OFFSET | MID_GAP | ORIGINAL_CLUSTER | QUARTER_ROUNDING | RESIDUAL_LEVEL | RESIDUAL_REGIME_LEVEL,adjacent_cluster_midpoint | base_cluster | base_plus_+11 | base_plus_+13 | base_plus_+3 | base_plus_+5 | base_plus_+8 | base_plus_-11 | base_plus_-13 | base_plus_-3 | base_plus_-5 | base_plus_-8 | nearest_quarter_variant | prior_level_median_residual | prior_regime_level_median_residual,4299.365625,2.544375,True,True,ORIGINAL_ORACLE_PRESERVED,10.154062,True,True,EXPANSION_SUPERSET_VIOLATION_LOST_WITHIN_5,False,False
2025-12-16,2025-12-15,L6,RANGE_NORMAL_60_120,CLOSE_POS_LOWER_THIRD,ROWS_SPARSE_1_8,4304.91,PREV_CLOSE_PROXY,,NEUTRAL,4281.92,4267.17375,14.74625,False,False,MODE_B_EMA_CHANNEL_DIRECTION_HEAVY,1.0,red_box_quarter::red_box_2_75pct,4267.17375,14.74625,False,False,MICRO_OFFSET | MID_GAP | ORIGINAL_CLUSTER | QUARTER_ROUNDING | RESIDUAL_LEVEL | RESIDUAL_REGIME_LEVEL,adjacent_cluster_midpoint | base_cluster | base_plus_+11 | base_plus_+13 | base_plus_+3 | base_plus_+5 | base_plus_+8 | base_plus_-11 | base_plus_-13 | base_plus_-3 | base_plus_-5 | base_plus_-8 | nearest_quarter_variant | prior_level_median_residual | prior_regime_level_median_residual,4267.17375,14.74625,False,False,ORIGINAL_ORACLE_PRESERVED,0.0,False,False,SUPERSET_OK_GT10,False,False
2025-12-16,2025-12-15,L7,RANGE_NORMAL_60_120,CLOSE_POS_LOWER_THIRD,ROWS_SPARSE_1_8,4304.91,PREV_CLOSE_PROXY,,NEUTRAL,4264.18,4243.40625,20.77375,False,False,MODE_B_EMA_CHANNEL_DIRECTION_HEAVY,1.0,red_box_quarter::red_box_3_25pct,4243.40625,20.77375,False,False,MICRO_OFFSET | MID_GAP | ORIGINAL_CLUSTER | QUARTER_ROUNDING | RESIDUAL_LEVEL | RESIDUAL_REGIME_LEVEL,adjacent_cluster_midpoint | base_cluster | base_plus_+11 | base_plus_+13 | base_plus_+3 | base_plus_+5 | base_plus_+8 | base_plus_-11 | base_plus_-13 | base_plus_-3 | base_plus_-5 | base_plus_-8 | nearest_quarter_variant | prior_level_median_residual | prior_regime_level_median_residual,4243.40625,20.77375,False,False,ORIGINAL_ORACLE_PRESERVED,0.0,False,False,SUPERSET_OK_GT10,False,False
2025-12-17,2025-12-16,L4,RANGE_NORMAL_60_120,CLOSE_POS_MIDDLE_THIRD,ROWS_SPARSE_1_8,4302.04,PREV_CLOSE_PROXY,,NEUTRAL,4315.01,4306.63375,8.37625,False,False,MODE_B_EMA_CHANNEL_DIRECTION_HEAVY,1.0,green_box_quarter::green_box_1_75pct,4306.63375,8.37625,False,False,MICRO_OFFSET | MID_GAP | ORIGINAL_CLUSTER | QUARTER_ROUNDING | RESIDUAL_LEVEL | RESIDUAL_REGIME_LEVEL,adjacent_cluster_midpoint | base_cluster | base_plus_+11 | base_plus_+13 | base_plus_+3 | base_plus_+5 | base_plus_+8 | base_plus_-11 | base_plus_-13 | base_plus_-3 | base_plus_-5 | base_plus_-8 | nearest_quarter_variant | prior_level_median_residual | prior_regime_level_median_residual,4306.63375,8.37625,False,False,ORIGINAL_ORACLE_PRESERVED,0.0,False,False,SUPERSET_OK_WITHIN_10,False,False
2025-12-17,2025-12-16,L5,RANGE_NORMAL_60_120,CLOSE_POS_MIDDLE_THIRD,ROWS_SPARSE_1_8,4302.04,PREV_CLOSE_PROXY,,NEUTRAL,4297.24,4287.4425,9.7975,False,False,MODE_A_LIVE_PROXIMITY_HEAVY,1.0,prior_range_fraction::prev_range_0.25,4287.4425,9.7975,False,False,MICRO_OFFSET | MID_GAP | ORIGINAL_CLUSTER | QUARTER_ROUNDING | RESIDUAL_LEVEL,adjacent_cluster_midpoint | base_cluster | base_plus_+11 | base_plus_+13 | base_plus_+3 | base_plus_+5 | base_plus_+8 | base_plus_-11 | base_plus_-13 | base_plus_-3 | base_plus_-5 | base_plus_-8 | nearest_quarter_variant | prior_level_median_residual,4287.4425,9.7975,False,False,ORIGINAL_ORACLE_PRESERVED,0.0,False,False,SUPERSET_OK_WITHIN_10,False,False
2025-12-17,2025-12-16,L6,RANGE_NORMAL_60_120,CLOSE_POS_MIDDLE_THIRD,ROWS_SPARSE_1_8,4302.04,PREV_CLOSE_PROXY,,NEUTRAL,4278.84,4264.9425,13.8975,False,False,MODE_B_EMA_CHANNEL_DIRECTION_HEAVY,1.0,red_box_midline::red_mid_2,4264.9425,13.8975,False,False,MICRO_OFFSET | MID_GAP | ORIGINAL_CLUSTER | QUARTER_ROUNDING | RESIDUAL_LEVEL | RESIDUAL_REGIME_LEVEL,adjacent_cluster_midpoint | base_cluster | base_plus_+11 | base_plus_+13 | base_plus_+3 | base_plus_+5 | base_plus_+8 | base_plus_-11 | base_plus_-13 | base_plus_-3 | base_plus_-5 | base_plus_-8 | nearest_quarter_variant | prior_level_median_residual | prior_regime_level_median_residual,4264.9425,13.8975,False,False,ORIGINAL_ORACLE_PRESERVED,0.0,False,False,SUPERSET_OK_GT10,False,False
2025-12-17,2025-12-16,L7,RANGE_NORMAL_60_120,CLOSE_POS_MIDDLE_THIRD,ROWS_SPARSE_1_8,4302.04,PREV_CLOSE_PROXY,,NEUTRAL,4258.9,4253.25125,5.64875,False,False,MODE_B_EMA_CHANNEL_DIRECTION_HEAVY,1.0,red_box_quarter::red_box_2_75pct,4253.25125,5.64875,False,False,MICRO_OFFSET | MID_GAP | ORIGINAL_CLUSTER | QUARTER_ROUNDING | RESIDUAL_LEVEL | RESIDUAL_REGIME_LEVEL,adjacent_cluster_midpoint | base_cluster | base_plus_+11 | base_plus_+13 | base_plus_+3 | base_plus_+5 | base_plus_+8 | base_plus_-11 | base_plus_-13 | base_plus_-3 | base_plus_-5 | base_plus_-8 | nearest_quarter_variant | prior_level_median_residual | prior_regime_level_median_residual,4253.25125,5.64875,False,False,ORIGINAL_ORACLE_PRESERVED,0.0,False,False,SUPERSET_OK_WITHIN_10,False,False
2025-12-19,2025-12-18,L4,RANGE_NORMAL_60_120,CLOSE_POS_MIDDLE_THIRD,ROWS_SPARSE_1_8,4332.34,PREV_CLOSE_PROXY,,NEUTRAL,4340.32,4344.40625,4.08625,False,True,MODE_B_EMA_CHANNEL_DIRECTION_HEAVY,1.0,green_box_quarter::green_box_1_75pct,4348.451469,8.13147,False,False,MICRO_OFFSET | MID_GAP | ORIGINAL_CLUSTER | QUARTER_ROUNDING | RESIDUAL_LEVEL | RESIDUAL_REGIME_LEVEL,adjacent_cluster_midpoint | base_cluster | base_plus_+11 | base_plus_+13 | base_plus_+3 | base_plus_+5 | base_plus_+8 | base_plus_-11 | base_plus_-13 | base_plus_-3 | base_plus_-5 | base_plus_-8 | nearest_quarter_variant | prior_level_median_residual | prior_regime_level_median_residual,4344.40625,4.08625,False,True,ORIGINAL_ORACLE_PRESERVED,4.04522,True,True,EXPANSION_SUPERSET_VIOLATION_LOST_WITHIN_5,False,False
2025-12-19,2025-12-18,L5,RANGE_NORMAL_60_120,CLOSE_POS_MIDDLE_THIRD,ROWS_SPARSE_1_8,4332.34,PREV_CLOSE_PROXY,,NEUTRAL,4323.86,4324.8675,1.0075,True,True,MODE_D_NEAREST_VALID_LADDER,2.0,prior_range_fraction::prev_range_0.25,4329.24396,5.38396,False,False,MICRO_OFFSET | MID_GAP | ORIGINAL_CLUSTER | QUARTER_ROUNDING | RESIDUAL_LEVEL | RESIDUAL_REGIME_LEVEL,adjacent_cluster_midpoint | base_cluster | base_plus_+11 | base_plus_+13 | base_plus_+3 | base_plus_+5 | base_plus_+8 | base_plus_-11 | base_plus_-13 | base_plus_-3 | base_plus_-5 | base_plus_-8 | nearest_quarter_variant | prior_level_median_residual | prior_regime_level_median_residual,4324.8675,1.0075,True,True,ORIGINAL_ORACLE_PRESERVED,4.37646,True,True,EXPANSION_SUPERSET_VIOLATION_LOST_WITHIN_5,False,False
2025-12-19,2025-12-18,L7,RANGE_NORMAL_60_120,CLOSE_POS_MIDDLE_THIRD,ROWS_SPARSE_1_8,4332.34,PREV_CLOSE_PROXY,,NEUTRAL,4290.25,4290.32875,0.07875,True,True,MODE_B_EMA_CHANNEL_DIRECTION_HEAVY,1.0,red_box_quarter::red_box_2_75pct,4290.32875,0.07875,True,True,MICRO_OFFSET | MID_GAP | ORIGINAL_CLUSTER | QUARTER_ROUNDING | RESIDUAL_LEVEL | RESIDUAL_REGIME_LEVEL,adjacent_cluster_midpoint | base_cluster | base_plus_+11 | base_plus_+13 | base_plus_+3 | base_plus_+5 | base_plus_+8 | base_plus_-11 | base_plus_-13 | base_plus_-3 | base_plus_-5 | base_plus_-8 | nearest_quarter_variant | prior_level_median_residual | prior_regime_level_median_residual,4290.32875,0.07875,True,True,ORIGINAL_ORACLE_PRESERVED,0.0,False,False,SUPERSET_OK_WITHIN_3,False,False
2025-12-22,2025-12-19,L4,RANGE_COMPRESSED_0_60,CLOSE_POS_MIDDLE_THIRD,ROWS_SPARSE_1_8,4338.16,PREV_CLOSE_PROXY,,NEUTRAL,4336.01,4338.51668,2.50668,True,True,MODE_C_BALANCED,2.0,prior_range_fraction::prev_range_0.618,4339.13,3.12,False,True,MICRO_OFFSET | MID_GAP | ORIGINAL_CLUSTER | QUARTER_ROUNDING | RESIDUAL_LEVEL | RESIDUAL_REGIME_LEVEL,adjacent_cluster_midpoint | base_cluster | base_plus_+11 | base_plus_+13 | base_plus_+3 | base_plus_+5 | base_plus_+8 | base_plus_-11 | base_plus_-13 | base_plus_-3 | base_plus_-5 | base_plus_-8 | nearest_quarter_variant | prior_level_median_residual | prior_regime_level_median_residual,4338.51668,2.50668,True,True,ORIGINAL_ORACLE_PRESERVED,0.61332,True,False,EXPANSION_SUPERSET_VIOLATION_WORSE_ERROR,False,False
2025-12-22,2025-12-19,L7,RANGE_COMPRESSED_0_60,CLOSE_POS_MIDDLE_THIRD,ROWS_SPARSE_1_8,4338.16,PREV_CLOSE_PROXY,,NEUTRAL,4283.27,4279.31,3.96,False,True,MODE_D_NEAREST_VALID_LADDER,1.0,red_box_edge::red_edge_2,4264.82375,18.44625,False,False,MICRO_OFFSET | MID_GAP | ORIGINAL_CLUSTER | QUARTER_ROUNDING | RESIDUAL_LEVEL | RESIDUAL_REGIME_LEVEL,adjacent_cluster_midpoint | base_cluster | base_plus_+11 | base_plus_+13 | base_plus_+3 | base_plus_+5 | base_plus_+8 | base_plus_-11 | base_plus_-13 | base_plus_-3 | base_plus_-5 | base_plus_-8 | nearest_quarter_variant | prior_level_median_residual | prior_regime_level_median_residual,4279.31,3.96,False,True,ORIGINAL_ORACLE_PRESERVED,14.48625,True,True,EXPANSION_SUPERSET_VIOLATION_LOST_WITHIN_5,False,False
2025-12-23,2025-12-22,L4,RANGE_NORMAL_60_120,CLOSE_POS_UPPER_THIRD,ROWS_STANDARD_9_10,4443.59,PREV_CLOSE_PROXY,,NEUTRAL,4467.13,4461.6425,5.4875,False,False,MODE_B_EMA_CHANNEL_DIRECTION_HEAVY,1.0,green_box_quarter::green_box_2_75pct,4436.936268,30.193732,False,False,MICRO_OFFSET | MID_GAP | ORIGINAL_CLUSTER | QUARTER_ROUNDING | RESIDUAL_LEVEL | RESIDUAL_REGIME_LEVEL,adjacent_cluster_midpoint | base_cluster | base_plus_+11 | base_plus_+13 | base_plus_+3 | base_plus_+5 | base_plus_+8 | base_plus_-11 | base_plus_-13 | base_plus_-3 | base_plus_-5 | base_plus_-8 | nearest_quarter_variant | prior_level_median_residual | prior_regime_level_median_residual,4461.6425,5.4875,False,False,ORIGINAL_ORACLE_PRESERVED,24.706232,True,False,EXPANSION_SUPERSET_VIOLATION_WORSE_ERROR,False,False
2025-12-23,2025-12-22,L5,RANGE_NORMAL_60_120,CLOSE_POS_UPPER_THIRD,ROWS_STANDARD_9_10,4443.59,PREV_CLOSE_PROXY,,NEUTRAL,4453.37,4443.995,9.375,False,False,MODE_D_NEAREST_VALID_LADDER,1.0,green_box_midline::green_mid_2,4418.8475,34.5225,False,False,MICRO_OFFSET | MID_GAP | ORIGINAL_CLUSTER | QUARTER_ROUNDING | RESIDUAL_LEVEL | RESIDUAL_REGIME_LEVEL,adjacent_cluster_midpoint | base_cluster | base_plus_+11 | base_plus_+13 | base_plus_+3 | base_plus_+5 | base_plus_+8 | base_plus_-11 | base_plus_-13 | base_plus_-3 | base_plus_-5 | base_plus_-8 | nearest_quarter_variant | prior_level_median_residual | prior_regime_level_median_residual,4443.995,9.375,False,False,ORIGINAL_ORACLE_PRESERVED,25.1475,True,False,EXPANSION_SUPERSET_VIOLATION_WORSE_ERROR,False,False
2025-12-23,2025-12-22,L6,RANGE_NORMAL_60_120,CLOSE_POS_UPPER_THIRD,ROWS_STANDARD_9_10,4443.59,PREV_CLOSE_PROXY,,NEUTRAL,4440.6,4413.995,26.605,False,False,MODE_D_NEAREST_VALID_LADDER,1.0,red_box_midline::red_mid_1,4394.582481,46.017519,False,False,MICRO_OFFSET | MID_GAP | ORIGINAL_CLUSTER | QUARTER_ROUNDING | RESIDUAL_LEVEL | RESIDUAL_REGIME_LEVEL,adjacent_cluster_midpoint | base_cluster | base_plus_+11 | base_plus_+13 | base_plus_+3 | base_plus_+5 | base_plus_+8 | base_plus_-11 | base_plus_-13 | base_plus_-3 | base_plus_-5 | base_plus_-8 | nearest_quarter_variant | prior_level_median_residual | prior_regime_level_median_residual,4413.995,26.605,False,False,ORIGINAL_ORACLE_PRESERVED,19.412519,True,False,EXPANSION_SUPERSET_VIOLATION_WORSE_ERROR,False,False
2025-12-23,2025-12-22,L7,RANGE_NORMAL_60_120,CLOSE_POS_UPPER_THIRD,ROWS_STANDARD_9_10,4443.59,PREV_CLOSE_PROXY,,NEUTRAL,4426.21,4379.64038,46.56962,False,False,MODE_C_BALANCED,1.0,red_box_edge::red_edge_1 | prior_range_fraction::prev_range_0.382,4361.52269,64.68731,False,False,MICRO_OFFSET | MID_GAP | ORIGINAL_CLUSTER | QUARTER_ROUNDING | RESIDUAL_LEVEL | RESIDUAL_REGIME_LEVEL,adjacent_cluster_midpoint | base_cluster | base_plus_+11 | base_plus_+13 | base_plus_+3 | base_plus_+5 | base_plus_+8 | base_plus_-11 | base_plus_-13 | base_plus_-3 | base_plus_-5 | base_plus_-8 | nearest_quarter_variant | prior_level_median_residual | prior_regime_level_median_residual,4379.64038,46.56962,False,False,ORIGINAL_ORACLE_PRESERVED,18.11769,True,False,EXPANSION_SUPERSET_VIOLATION_WORSE_ERROR,False,False
2025-12-24,2025-12-23,L4,RANGE_NORMAL_60_120,CLOSE_POS_UPPER_THIRD,ROWS_SPARSE_1_8,4484.54,PREV_CLOSE_PROXY,,NEUTRAL,4479.79,4483.46625,3.67625,False,True,MODE_C_BALANCED,1.0,prior_range_fraction::prev_range_0.75 | prior_hlc::previous_close,4483.46625,3.67625,False,True,MICRO_OFFSET | MID_GAP | ORIGINAL_CLUSTER | QUARTER_ROUNDING | RESIDUAL_LEVEL | RESIDUAL_REGIME_LEVEL,adjacent_cluster_midpoint | base_cluster | base_plus_+11 | base_plus_+13 | base_plus_+3 | base_plus_+5 | base_plus_+8 | base_plus_-11 | base_plus_-13 | base_plus_-3 | base_plus_-5 | base_plus_-8 | nearest_quarter_variant | prior_level_median_residual | prior_regime_level_median_residual,4483.46625,3.67625,False,True,ORIGINAL_ORACLE_PRESERVED,0.0,False,False,SUPERSET_OK_WITHIN_5,False,False
2025-12-26,2025-12-24,L5,RANGE_NORMAL_60_120,CLOSE_POS_MIDDLE_THIRD,ROWS_SPARSE_1_8,4479.58,PREV_CLOSE_PROXY,,NEUTRAL,4479.11,4477.97242,1.13758,True,True,MODE_C_BALANCED,1.0,prior_range_fraction::prev_range_0.382,4472.86996,6.24004,False,False,MICRO_OFFSET | MID_GAP | ORIGINAL_CLUSTER | QUARTER_ROUNDING | RESIDUAL_LEVEL | RESIDUAL_REGIME_LEVEL,adjacent_cluster_midpoint | base_cluster | base_plus_+11 | base_plus_+13 | base_plus_+3 | base_plus_+5 | base_plus_+8 | base_plus_-11 | base_plus_-13 | base_plus_-3 | base_plus_-5 | base_plus_-8 | nearest_quarter_variant | prior_level_median_residual | prior_regime_level_median_residual,4477.97242,1.13758,True,True,ORIGINAL_ORACLE_PRESERVED,5.10246,True,True,EXPANSION_SUPERSET_VIOLATION_LOST_WITHIN_5,False,False
2025-12-26,2025-12-24,L6,RANGE_NORMAL_60_120,CLOSE_POS_MIDDLE_THIRD,ROWS_SPARSE_1_8,4479.58,PREV_CLOSE_PROXY,,NEUTRAL,4466.22,4458.10375,8.11625,False,False,MODE_C_BALANCED,1.0,prior_range_fraction::prev_range_0.125,4452.47875,13.74125,False,False,MICRO_OFFSET | MID_GAP | ORIGINAL_CLUSTER | QUARTER_ROUNDING | RESIDUAL_LEVEL | RESIDUAL_REGIME_LEVEL,adjacent_cluster_midpoint | base_cluster | base_plus_+11 | base_plus_+13 | base_plus_+3 | base_plus_+5 | base_plus_+8 | base_plus_-11 | base_plus_-13 | base_plus_-3 | base_plus_-5 | base_plus_-8 | nearest_quarter_variant | prior_level_median_residual | prior_regime_level_median_residual,4458.10375,8.11625,False,False,ORIGINAL_ORACLE_PRESERVED,5.625,True,False,EXPANSION_SUPERSET_VIOLATION_WORSE_ERROR,False,False
2025-12-26,2025-12-24,L7,RANGE_NORMAL_60_120,CLOSE_POS_MIDDLE_THIRD,ROWS_SPARSE_1_8,4479.58,PREV_CLOSE_PROXY,,NEUTRAL,4454.16,4431.85375,22.30625,False,False,MODE_C_BALANCED,1.0,red_box_quarter::red_box_2_75pct,4431.85375,22.30625,False,False,MICRO_OFFSET | MID_GAP | ORIGINAL_CLUSTER | QUARTER_ROUNDING | RESIDUAL_LEVEL | RESIDUAL_REGIME_LEVEL,adjacent_cluster_midpoint | base_cluster | base_plus_+11 | base_plus_+13 | base_plus_+3 | base_plus_+5 | base_plus_+8 | base_plus_-11 | base_plus_-13 | base_plus_-3 | base_plus_-5 | base_plus_-8 | nearest_quarter_variant | prior_level_median_residual | prior_regime_level_median_residual,4431.85375,22.30625,False,False,ORIGINAL_ORACLE_PRESERVED,0.0,False,False,SUPERSET_OK_GT10,False,False
2025-12-29,2025-12-26,L4,RANGE_NORMAL_60_120,CLOSE_POS_UPPER_THIRD,ROWS_EXTENDED_11_PLUS,4531.0,PREV_CLOSE_PROXY,,NEUTRAL,4530.28,4532.18397,1.90397,True,True,MODE_C_BALANCED,1.0,prior_range_fraction::prev_range_0.666667 | green_box_edge::green_edge_1 | prior_range_fraction::prev_range_0.75 | red_box_quarter::red_box_1_25pct,4541.021985,10.741985,False,False,MICRO_OFFSET | MID_GAP | ORIGINAL_CLUSTER | QUARTER_ROUNDING | RESIDUAL_LEVEL,adjacent_cluster_midpoint | base_cluster | base_plus_+11 | base_plus_+13 | base_plus_+3 | base_plus_+5 | base_plus_+8 | base_plus_-11 | base_plus_-13 | base_plus_-3 | base_plus_-5 | base_plus_-8 | nearest_quarter_variant | prior_level_median_residual,4532.18397,1.90397,True,True,ORIGINAL_ORACLE_PRESERVED,8.838015,True,True,EXPANSION_SUPERSET_VIOLATION_LOST_WITHIN_5,False,False
2025-12-29,2025-12-26,L5,RANGE_NORMAL_60_120,CLOSE_POS_UPPER_THIRD,ROWS_EXTENDED_11_PLUS,4531.0,PREV_CLOSE_PROXY,,NEUTRAL,4515.32,4516.700625,1.380625,True,True,MODE_E_SPACING_PRESERVATION,3.0,prior_hlc::previous_mid | green_box_quarter::green_box_1_75pct,4535.911563,20.591563,False,False,MICRO_OFFSET | MID_GAP | ORIGINAL_CLUSTER | QUARTER_ROUNDING | RESIDUAL_LEVEL,adjacent_cluster_midpoint | base_cluster | base_plus_+11 | base_plus_+13 | base_plus_+3 | base_plus_+5 | base_plus_+8 | base_plus_-11 | base_plus_-13 | base_plus_-3 | base_plus_-5 | base_plus_-8 | nearest_quarter_variant | prior_level_median_residual,4516.700625,1.380625,True,True,ORIGINAL_ORACLE_PRESERVED,19.210938,True,True,EXPANSION_SUPERSET_VIOLATION_LOST_WITHIN_5,False,False
2025-12-29,2025-12-26,L6,RANGE_NORMAL_60_120,CLOSE_POS_UPPER_THIRD,ROWS_EXTENDED_11_PLUS,4531.0,PREV_CLOSE_PROXY,,NEUTRAL,4499.26,4505.571105,6.311105,False,False,MODE_E_SPACING_PRESERVATION,1.0,prior_range_fraction::prev_range_0.333333 | green_box_midline::green_mid_1 | prior_range_fraction::prev_range_0.382,4511.793677,12.533677,False,False,MICRO_OFFSET | MID_GAP | ORIGINAL_CLUSTER | QUARTER_ROUNDING | RESIDUAL_LEVEL,adjacent_cluster_midpoint | base_cluster | base_plus_+11 | base_plus_+13 | base_plus_+3 | base_plus_+5 | base_plus_+8 | base_plus_-11 | base_plus_-13 | base_plus_-3 | base_plus_-5 | base_plus_-8 | nearest_quarter_variant | prior_level_median_residual,4505.571105,6.311105,False,False,ORIGINAL_ORACLE_PRESERVED,6.222572,True,False,EXPANSION_SUPERSET_VIOLATION_WORSE_ERROR,False,False
2025-12-29,2025-12-26,L7,RANGE_NORMAL_60_120,CLOSE_POS_UPPER_THIRD,ROWS_EXTENDED_11_PLUS,4531.0,PREV_CLOSE_PROXY,,NEUTRAL,4482.36,4480.91,1.45,True,True,MODE_C_BALANCED,3.0,prior_hlc::previous_low,4490.6475,8.2875,False,False,MICRO_OFFSET | MID_GAP | ORIGINAL_CLUSTER | QUARTER_ROUNDING | RESIDUAL_LEVEL,adjacent_cluster_midpoint | base_cluster | base_plus_+11 | base_plus_+13 | base_plus_+3 | base_plus_+5 | base_plus_+8 | base_plus_-11 | base_plus_-13 | base_plus_-3 | base_plus_-5 | base_plus_-8 | nearest_quarter_variant | prior_level_median_residual,4480.91,1.45,True,True,ORIGINAL_ORACLE_PRESERVED,6.8375,True,True,EXPANSION_SUPERSET_VIOLATION_LOST_WITHIN_5,False,False
2025-12-30,2025-12-29,L4,RANGE_EXTREME_220_PLUS,CLOSE_POS_LOWER_THIRD,ROWS_STANDARD_9_10,4332.04,PREV_CLOSE_PROXY,,NEUTRAL,4350.13,4441.09,90.96,False,False,MODE_C_BALANCED,1.0,green_box_edge::green_edge_1,4441.09,90.96,False,False,MICRO_OFFSET | MID_GAP | ORIGINAL_CLUSTER | QUARTER_ROUNDING | RESIDUAL_LEVEL,adjacent_cluster_midpoint | base_cluster | base_plus_+11 | base_plus_+13 | base_plus_+3 | base_plus_+5 | base_plus_+8 | base_plus_-11 | base_plus_-13 | base_plus_-3 | base_plus_-5 | base_plus_-8 | nearest_quarter_variant | prior_level_median_residual,4441.09,90.96,False,False,ORIGINAL_ORACLE_PRESERVED,0.0,False,False,SUPERSET_OK_GT10,False,False
2025-12-30,2025-12-29,L5,RANGE_EXTREME_220_PLUS,CLOSE_POS_LOWER_THIRD,ROWS_STANDARD_9_10,4332.04,PREV_CLOSE_PROXY,,NEUTRAL,4329.56,4411.09,81.53,False,False,MODE_C_BALANCED,1.0,red_box_edge::red_edge_1,4411.09,81.53,False,False,MICRO_OFFSET | MID_GAP | ORIGINAL_CLUSTER | QUARTER_ROUNDING | RESIDUAL_LEVEL,adjacent_cluster_midpoint | base_cluster | base_plus_+11 | base_plus_+13 | base_plus_+3 | base_plus_+5 | base_plus_+8 | base_plus_-11 | base_plus_-13 | base_plus_-3 | base_plus_-5 | base_plus_-8 | nearest_quarter_variant | prior_level_median_residual,4411.09,81.53,False,False,ORIGINAL_ORACLE_PRESERVED,0.0,False,False,SUPERSET_OK_GT10,False,False
2025-12-30,2025-12-29,L6,RANGE_EXTREME_220_PLUS,CLOSE_POS_LOWER_THIRD,ROWS_STANDARD_9_10,4332.04,PREV_CLOSE_PROXY,,NEUTRAL,4312.71,4384.883251,72.173251,False,False,MODE_C_BALANCED,1.0,prior_range_fraction::prev_range_0.333333,4384.883251,72.173251,False,False,MICRO_OFFSET | MID_GAP | ORIGINAL_CLUSTER | QUARTER_ROUNDING | RESIDUAL_LEVEL,adjacent_cluster_midpoint | base_cluster | base_plus_+11 | base_plus_+13 | base_plus_+3 | base_plus_+5 | base_plus_+8 | base_plus_-11 | base_plus_-13 | base_plus_-3 | base_plus_-5 | base_plus_-8 | nearest_quarter_variant | prior_level_median_residual,4384.883251,72.173251,False,False,ORIGINAL_ORACLE_PRESERVED,0.0,False,False,SUPERSET_OK_GT10,False,False
2025-12-30,2025-12-29,L7,RANGE_EXTREME_220_PLUS,CLOSE_POS_LOWER_THIRD,ROWS_STANDARD_9_10,4332.04,PREV_CLOSE_PROXY,,NEUTRAL,4296.74,4364.28,67.54,False,False,MODE_C_BALANCED,1.0,prior_range_fraction::prev_range_0.25,4364.28,67.54,False,False,MICRO_OFFSET | MID_GAP | ORIGINAL_CLUSTER | QUARTER_ROUNDING | RESIDUAL_LEVEL,adjacent_cluster_midpoint | base_cluster | base_plus_+11 | base_plus_+13 | base_plus_+3 | base_plus_+5 | base_plus_+8 | base_plus_-11 | base_plus_-13 | base_plus_-3 | base_plus_-5 | base_plus_-8 | nearest_quarter_variant | prior_level_median_residual,4364.28,67.54,False,False,ORIGINAL_ORACLE_PRESERVED,0.0,False,False,SUPERSET_OK_GT10,False,False
2026-01-01,2025-12-31,L4,RANGE_NORMAL_60_120,CLOSE_POS_MIDDLE_THIRD,ROWS_STANDARD_9_10,4318.87,PREV_CLOSE_PROXY,,NEUTRAL,4359.13,4372.0925,12.9625,False,False,MODE_C_BALANCED,1.0,green_box_midline::green_mid_2 | prior_hlc::previous_high,4379.5925,20.4625,False,False,MICRO_OFFSET | MID_GAP | ORIGINAL_CLUSTER | QUARTER_ROUNDING | RESIDUAL_LEVEL | RESIDUAL_REGIME_LEVEL,adjacent_cluster_midpoint | base_cluster | base_plus_+11 | base_plus_+13 | base_plus_+3 | base_plus_+5 | base_plus_+8 | base_plus_-11 | base_plus_-13 | base_plus_-3 | base_plus_-5 | base_plus_-8 | nearest_quarter_variant | prior_level_median_residual | prior_regime_level_median_residual,4372.0925,12.9625,False,False,ORIGINAL_ORACLE_PRESERVED,7.5,True,False,EXPANSION_SUPERSET_VIOLATION_WORSE_ERROR,False,False
2026-01-01,2025-12-31,L5,RANGE_NORMAL_60_120,CLOSE_POS_MIDDLE_THIRD,ROWS_STANDARD_9_10,4318.87,PREV_CLOSE_PROXY,,NEUTRAL,4342.0,4337.915543,4.084457,False,True,MODE_C_BALANCED,1.0,prior_range_fraction::prev_range_0.618 | green_box_edge::green_edge_1 | prior_range_fraction::prev_range_0.666667,4330.751313,11.248687,False,False,MICRO_OFFSET | MID_GAP | ORIGINAL_CLUSTER | QUARTER_ROUNDING | RESIDUAL_LEVEL | RESIDUAL_REGIME_LEVEL,adjacent_cluster_midpoint | base_cluster | base_plus_+11 | base_plus_+13 | base_plus_+3 | base_plus_+5 | base_plus_+8 | base_plus_-11 | base_plus_-13 | base_plus_-3 | base_plus_-5 | base_plus_-8 | nearest_quarter_variant | prior_level_median_residual | prior_regime_level_median_residual,4337.915543,4.084457,False,True,ORIGINAL_ORACLE_PRESERVED,7.16423,True,True,EXPANSION_SUPERSET_VIOLATION_LOST_WITHIN_5,False,False
2026-01-01,2025-12-31,L6,RANGE_NORMAL_60_120,CLOSE_POS_MIDDLE_THIRD,ROWS_STANDARD_9_10,4318.87,PREV_CLOSE_PROXY,,NEUTRAL,4324.37,4309.50864,14.86136,False,False,MODE_C_BALANCED,1.0,green_box_midline::green_mid_1 | red_box_edge::red_edge_1 | prior_range_fraction::prev_range_0.382,4293.13182,31.23818,False,False,MICRO_OFFSET | MID_GAP | ORIGINAL_CLUSTER | QUARTER_ROUNDING | RESIDUAL_LEVEL | RESIDUAL_REGIME_LEVEL,adjacent_cluster_midpoint | base_cluster | base_plus_+11 | base_plus_+13 | base_plus_+3 | base_plus_+5 | base_plus_+8 | base_plus_-11 | base_plus_-13 | base_plus_-3 | base_plus_-5 | base_plus_-8 | nearest_quarter_variant | prior_level_median_residual | prior_regime_level_median_residual,4309.50864,14.86136,False,False,ORIGINAL_ORACLE_PRESERVED,16.37682,True,False,EXPANSION_SUPERSET_VIOLATION_WORSE_ERROR,False,False
2026-01-01,2025-12-31,L7,RANGE_NORMAL_60_120,CLOSE_POS_MIDDLE_THIRD,ROWS_STANDARD_9_10,4318.87,PREV_CLOSE_PROXY,,NEUTRAL,4308.35,4292.8225,15.5275,False,False,MODE_C_BALANCED,1.0,red_box_quarter::red_box_2_25pct,4268.72125,39.62875,False,False,MICRO_OFFSET | MID_GAP | ORIGINAL_CLUSTER | QUARTER_ROUNDING | RESIDUAL_LEVEL | RESIDUAL_REGIME_LEVEL,adjacent_cluster_midpoint | base_cluster | base_plus_+11 | base_plus_+13 | base_plus_+3 | base_plus_+5 | base_plus_+8 | base_plus_-11 | base_plus_-13 | base_plus_-3 | base_plus_-5 | base_plus_-8 | nearest_quarter_variant | prior_level_median_residual | prior_regime_level_median_residual,4292.8225,15.5275,False,False,ORIGINAL_ORACLE_PRESERVED,24.10125,True,False,EXPANSION_SUPERSET_VIOLATION_WORSE_ERROR,False,False
2026-01-02,2025-12-31,L4,RANGE_NORMAL_60_120,CLOSE_POS_MIDDLE_THIRD,ROWS_STANDARD_9_10,4318.87,PREV_CLOSE_PROXY,,NEUTRAL,4376.66,4372.0925,4.5675,False,True,MODE_C_BALANCED,1.0,green_box_midline::green_mid_2 | prior_hlc::previous_high,4345.48125,31.17875,False,False,MICRO_OFFSET | MID_GAP | ORIGINAL_CLUSTER | QUARTER_ROUNDING | RESIDUAL_LEVEL | RESIDUAL_REGIME_LEVEL,adjacent_cluster_midpoint | base_cluster | base_plus_+11 | base_plus_+13 | base_plus_+3 | base_plus_+5 | base_plus_+8 | base_plus_-11 | base_plus_-13 | base_plus_-3 | base_plus_-5 | base_plus_-8 | nearest_quarter_variant | prior_level_median_residual | prior_regime_level_median_residual,4372.0925,4.5675,False,True,ORIGINAL_ORACLE_PRESERVED,26.61125,True,True,EXPANSION_SUPERSET_VIOLATION_LOST_WITHIN_5,False,False
2026-01-02,2025-12-31,L5,RANGE_NORMAL_60_120,CLOSE_POS_MIDDLE_THIRD,ROWS_STANDARD_9_10,4318.87,PREV_CLOSE_PROXY,,NEUTRAL,4352.91,4338.27136,14.63864,False,False,MODE_C_BALANCED,1.0,prior_range_fraction::prev_range_0.618 | green_box_edge::green_edge_1 | red_box_midline::red_mid_1,4330.929222,21.980778,False,False,MICRO_OFFSET | MID_GAP | ORIGINAL_CLUSTER | QUARTER_ROUNDING | RESIDUAL_LEVEL | RESIDUAL_REGIME_LEVEL,adjacent_cluster_midpoint | base_cluster | base_plus_+11 | base_plus_+13 | base_plus_+3 | base_plus_+5 | base_plus_+8 | base_plus_-11 | base_plus_-13 | base_plus_-3 | base_plus_-5 | base_plus_-8 | nearest_quarter_variant | prior_level_median_residual | prior_regime_level_median_residual,4338.27136,14.63864,False,False,ORIGINAL_ORACLE_PRESERVED,7.342138,True,False,EXPANSION_SUPERSET_VIOLATION_WORSE_ERROR,False,False
2026-01-02,2025-12-31,L6,RANGE_NORMAL_60_120,CLOSE_POS_MIDDLE_THIRD,ROWS_STANDARD_9_10,4318.87,PREV_CLOSE_PROXY,,NEUTRAL,4330.45,4323.89,6.56,False,False,MODE_C_BALANCED,3.0,prior_hlc::previous_mid,4300.3225,30.1275,False,False,MICRO_OFFSET | MID_GAP | ORIGINAL_CLUSTER | QUARTER_ROUNDING | RESIDUAL_LEVEL | RESIDUAL_REGIME_LEVEL,adjacent_cluster_midpoint | base_cluster | base_plus_+11 | base_plus_+13 | base_plus_+3 | base_plus_+5 | base_plus_+8 | base_plus_-11 | base_plus_-13 | base_plus_-3 | base_plus_-5 | base_plus_-8 | nearest_quarter_variant | prior_level_median_residual | prior_regime_level_median_residual,4323.89,6.56,False,False,ORIGINAL_ORACLE_PRESERVED,23.5675,True,False,EXPANSION_SUPERSET_VIOLATION_WORSE_ERROR,False,False
2026-01-02,2025-12-31,L7,RANGE_NORMAL_60_120,CLOSE_POS_MIDDLE_THIRD,ROWS_STANDARD_9_10,4318.87,PREV_CLOSE_PROXY,,NEUTRAL,4308.24,4308.89,0.65,True,True,MODE_B_EMA_CHANNEL_DIRECTION_HEAVY,3.0,red_box_edge::red_edge_1,4276.755,31.485,False,False,MICRO_OFFSET | MID_GAP | ORIGINAL_CLUSTER | QUARTER_ROUNDING | RESIDUAL_LEVEL | RESIDUAL_REGIME_LEVEL,adjacent_cluster_midpoint | base_cluster | base_plus_+11 | base_plus_+13 | base_plus_+3 | base_plus_+5 | base_plus_+8 | base_plus_-11 | base_plus_-13 | base_plus_-3 | base_plus_-5 | base_plus_-8 | nearest_quarter_variant | prior_level_median_residual | prior_regime_level_median_residual,4308.89,0.65,True,True,ORIGINAL_ORACLE_PRESERVED,30.835,True,True,EXPANSION_SUPERSET_VIOLATION_LOST_WITHIN_5,False,False
2026-01-05,2026-01-02,L4,RANGE_NORMAL_60_120,CLOSE_POS_LOWER_THIRD,ROWS_STANDARD_9_10,4332.72,PREV_CLOSE_PROXY,,NEUTRAL,4375.02,4355.89875,19.12125,False,False,MODE_B_EMA_CHANNEL_DIRECTION_HEAVY,1.0,green_box_quarter::green_box_1_75pct,4355.89875,19.12125,False,False,MICRO_OFFSET | MID_GAP | ORIGINAL_CLUSTER | QUARTER_ROUNDING | RESIDUAL_LEVEL,adjacent_cluster_midpoint | base_cluster | base_plus_+11 | base_plus_+13 | base_plus_+3 | base_plus_+5 | base_plus_+8 | base_plus_-11 | base_plus_-13 | base_plus_-3 | base_plus_-5 | base_plus_-8 | nearest_quarter_variant | prior_level_median_residual,4355.89875,19.12125,False,False,ORIGINAL_ORACLE_PRESERVED,0.0,False,False,SUPERSET_OK_GT10,False,False
2026-01-05,2026-01-02,L5,RANGE_NORMAL_60_120,CLOSE_POS_LOWER_THIRD,ROWS_STANDARD_9_10,4332.72,PREV_CLOSE_PROXY,,NEUTRAL,4350.66,4340.6025,10.0575,False,False,MODE_C_BALANCED,1.0,green_box_midline::green_mid_1,4340.6025,10.0575,False,False,MICRO_OFFSET | MID_GAP | ORIGINAL_CLUSTER | QUARTER_ROUNDING | RESIDUAL_LEVEL | RESIDUAL_REGIME_LEVEL,adjacent_cluster_midpoint | base_cluster | base_plus_+11 | base_plus_+13 | base_plus_+3 | base_plus_+5 | base_plus_+8 | base_plus_-11 | base_plus_-13 | base_plus_-3 | base_plus_-5 | base_plus_-8 | nearest_quarter_variant | prior_level_median_residual | prior_regime_level_median_residual,4340.6025,10.0575,False,False,ORIGINAL_ORACLE_PRESERVED,0.0,False,False,SUPERSET_OK_GT10,False,False
2026-01-05,2026-01-02,L6,RANGE_NORMAL_60_120,CLOSE_POS_LOWER_THIRD,ROWS_STANDARD_9_10,4332.72,PREV_CLOSE_PROXY,,NEUTRAL,4326.31,4325.30625,1.00375,True,True,MODE_C_BALANCED,1.0,green_box_quarter::green_box_1_25pct,4325.30625,1.00375,True,True,MICRO_OFFSET | MID_GAP | ORIGINAL_CLUSTER | QUARTER_ROUNDING | RESIDUAL_LEVEL | RESIDUAL_REGIME_LEVEL,adjacent_cluster_midpoint | base_cluster | base_plus_+11 | base_plus_+13 | base_plus_+3 | base_plus_+5 | base_plus_+8 | base_plus_-11 | base_plus_-13 | base_plus_-3 | base_plus_-5 | base_plus_-8 | nearest_quarter_variant | prior_level_median_residual | prior_regime_level_median_residual,4325.30625,1.00375,True,True,ORIGINAL_ORACLE_PRESERVED,0.0,False,False,SUPERSET_OK_WITHIN_3,False,False
2026-01-05,2026-01-02,L7,RANGE_NORMAL_60_120,CLOSE_POS_LOWER_THIRD,ROWS_STANDARD_9_10,4332.72,PREV_CLOSE_PROXY,,NEUTRAL,4303.29,4310.01,6.72,False,False,MODE_B_EMA_CHANNEL_DIRECTION_HEAVY,1.0,prior_hlc::previous_low,4310.01,6.72,False,False,MICRO_OFFSET | MID_GAP | ORIGINAL_CLUSTER | QUARTER_ROUNDING | RESIDUAL_LEVEL | RESIDUAL_REGIME_LEVEL,adjacent_cluster_midpoint | base_cluster | base_plus_+11 | base_plus_+13 | base_plus_+3 | base_plus_+5 | base_plus_+8 | base_plus_-11 | base_plus_-13 | base_plus_-3 | base_plus_-5 | base_plus_-8 | nearest_quarter_variant | prior_level_median_residual | prior_regime_level_median_residual,4310.01,6.72,False,False,ORIGINAL_ORACLE_PRESERVED,0.0,False,False,SUPERSET_OK_WITHIN_10,False,False
2026-01-06,2026-01-05,L4,RANGE_NORMAL_60_120,CLOSE_POS_UPPER_THIRD,ROWS_STANDARD_9_10,4448.89,PREV_CLOSE_PROXY,,NEUTRAL,4459.82,4455.78,4.04,False,True,MODE_B_EMA_CHANNEL_DIRECTION_HEAVY,2.0,prior_hlc::previous_high,4443.270435,16.549565,False,False,MICRO_OFFSET | MID_GAP | ORIGINAL_CLUSTER | QUARTER_ROUNDING | RESIDUAL_LEVEL | RESIDUAL_REGIME_LEVEL,adjacent_cluster_midpoint | base_cluster | base_plus_+11 | base_plus_+13 | base_plus_+3 | base_plus_+5 | base_plus_+8 | base_plus_-11 | base_plus_-13 | base_plus_-3 | base_plus_-5 | base_plus_-8 | nearest_quarter_variant | prior_level_median_residual | prior_regime_level_median_residual,4455.78,4.04,False,True,ORIGINAL_ORACLE_PRESERVED,12.509565,True,True,EXPANSION_SUPERSET_VIOLATION_LOST_WITHIN_5,False,False
2026-01-06,2026-01-05,L5,RANGE_NORMAL_60_120,CLOSE_POS_UPPER_THIRD,ROWS_STANDARD_9_10,4448.89,PREV_CLOSE_PROXY,,NEUTRAL,4437.39,4439.9225,2.5325,True,True,MODE_D_NEAREST_VALID_LADDER,2.0,red_box_quarter::red_box_1_25pct | prior_range_fraction::prev_range_0.875,4425.0825,12.3075,False,False,MICRO_OFFSET | MID_GAP | ORIGINAL_CLUSTER | QUARTER_ROUNDING | RESIDUAL_LEVEL | RESIDUAL_REGIME_LEVEL,adjacent_cluster_midpoint | base_cluster | base_plus_+11 | base_plus_+13 | base_plus_+3 | base_plus_+5 | base_plus_+8 | base_plus_-11 | base_plus_-13 | base_plus_-3 | base_plus_-5 | base_plus_-8 | nearest_quarter_variant | prior_level_median_residual | prior_regime_level_median_residual,4439.9225,2.5325,True,True,ORIGINAL_ORACLE_PRESERVED,9.775,True,True,EXPANSION_SUPERSET_VIOLATION_LOST_WITHIN_5,False,False
2026-01-06,2026-01-05,L6,RANGE_NORMAL_60_120,CLOSE_POS_UPPER_THIRD,ROWS_STANDARD_9_10,4448.89,PREV_CLOSE_PROXY,,NEUTRAL,4417.98,4420.315,2.335,True,True,MODE_D_NEAREST_VALID_LADDER,1.0,red_box_midline::red_mid_1,4400.760814,17.219186,False,False,MICRO_OFFSET | MID_GAP | ORIGINAL_CLUSTER | QUARTER_ROUNDING | RESIDUAL_LEVEL | RESIDUAL_REGIME_LEVEL,adjacent_cluster_midpoint | base_cluster | base_plus_+11 | base_plus_+13 | base_plus_+3 | base_plus_+5 | base_plus_+8 | base_plus_-11 | base_plus_-13 | base_plus_-3 | base_plus_-5 | base_plus_-8 | nearest_quarter_variant | prior_level_median_residual | prior_regime_level_median_residual,4420.315,2.335,True,True,ORIGINAL_ORACLE_PRESERVED,14.884186,True,True,EXPANSION_SUPERSET_VIOLATION_LOST_WITHIN_5,False,False
2026-01-06,2026-01-05,L7,RANGE_NORMAL_60_120,CLOSE_POS_UPPER_THIRD,ROWS_STANDARD_9_10,4448.89,PREV_CLOSE_PROXY,,NEUTRAL,4398.56,4385.75026,12.80974,False,False,MODE_C_BALANCED,1.0,red_box_edge::red_edge_1 | prior_range_fraction::prev_range_0.382,4371.82638,26.73362,False,False,MICRO_OFFSET | MID_GAP | ORIGINAL_CLUSTER | QUARTER_ROUNDING | RESIDUAL_LEVEL | RESIDUAL_REGIME_LEVEL,adjacent_cluster_midpoint | base_cluster | base_plus_+11 | base_plus_+13 | base_plus_+3 | base_plus_+5 | base_plus_+8 | base_plus_-11 | base_plus_-13 | base_plus_-3 | base_plus_-5 | base_plus_-8 | nearest_quarter_variant | prior_level_median_residual | prior_regime_level_median_residual,4385.75026,12.80974,False,False,ORIGINAL_ORACLE_PRESERVED,13.92388,True,False,EXPANSION_SUPERSET_VIOLATION_WORSE_ERROR,False,False
2026-01-07,2026-01-06,L4,RANGE_NORMAL_60_120,CLOSE_POS_UPPER_THIRD,ROWS_STANDARD_9_10,4494.54,PREV_CLOSE_PROXY,,NEUTRAL,4510.43,4514.9625,4.5325,False,True,MODE_B_EMA_CHANNEL_DIRECTION_HEAVY,1.0,green_box_quarter::green_box_2_75pct,4494.564595,15.865405,False,False,MICRO_OFFSET | MID_GAP | ORIGINAL_CLUSTER | QUARTER_ROUNDING | RESIDUAL_LEVEL | RESIDUAL_REGIME_LEVEL,adjacent_cluster_midpoint | base_cluster | base_plus_+11 | base_plus_+13 | base_plus_+3 | base_plus_+5 | base_plus_+8 | base_plus_-11 | base_plus_-13 | base_plus_-3 | base_plus_-5 | base_plus_-8 | nearest_quarter_variant | prior_level_median_residual | prior_regime_level_median_residual,4514.9625,4.5325,False,True,ORIGINAL_ORACLE_PRESERVED,11.332905,True,True,EXPANSION_SUPERSET_VIOLATION_LOST_WITHIN_5,False,False
2026-01-07,2026-01-06,L5,RANGE_NORMAL_60_120,CLOSE_POS_UPPER_THIRD,ROWS_STANDARD_9_10,4494.54,PREV_CLOSE_PROXY,,NEUTRAL,4491.87,4486.8375,5.0325,False,False,MODE_D_NEAREST_VALID_LADDER,2.0,red_box_quarter::red_box_1_25pct | prior_range_fraction::prev_range_0.875,4482.5075,9.3625,False,False,MICRO_OFFSET | MID_GAP | ORIGINAL_CLUSTER | QUARTER_ROUNDING | RESIDUAL_LEVEL | RESIDUAL_REGIME_LEVEL,adjacent_cluster_midpoint | base_cluster | base_plus_+11 | base_plus_+13 | base_plus_+3 | base_plus_+5 | base_plus_+8 | base_plus_-11 | base_plus_-13 | base_plus_-3 | base_plus_-5 | base_plus_-8 | nearest_quarter_variant | prior_level_median_residual | prior_regime_level_median_residual,4486.8375,5.0325,False,False,ORIGINAL_ORACLE_PRESERVED,4.33,True,False,EXPANSION_SUPERSET_VIOLATION_WORSE_ERROR,False,False
2026-01-07,2026-01-06,L6,RANGE_NORMAL_60_120,CLOSE_POS_UPPER_THIRD,ROWS_STANDARD_9_10,4494.54,PREV_CLOSE_PROXY,,NEUTRAL,4475.3,4474.16669,1.13331,True,True,MODE_D_NEAREST_VALID_LADDER,1.0,prior_range_fraction::prev_range_0.666667,4463.379483,11.920517,False,False,MICRO_OFFSET | MID_GAP | ORIGINAL_CLUSTER | QUARTER_ROUNDING | RESIDUAL_LEVEL | RESIDUAL_REGIME_LEVEL,adjacent_cluster_midpoint | base_cluster | base_plus_+11 | base_plus_+13 | base_plus_+3 | base_plus_+5 | base_plus_+8 | base_plus_-11 | base_plus_-13 | base_plus_-3 | base_plus_-5 | base_plus_-8 | nearest_quarter_variant | prior_level_median_residual | prior_regime_level_median_residual,4474.16669,1.13331,True,True,ORIGINAL_ORACLE_PRESERVED,10.787207,True,True,EXPANSION_SUPERSET_VIOLATION_LOST_WITHIN_5,False,False
2026-01-07,2026-01-06,L7,RANGE_NORMAL_60_120,CLOSE_POS_UPPER_THIRD,ROWS_STANDARD_9_10,4494.54,PREV_CLOSE_PROXY,,NEUTRAL,4455.74,4462.53,6.79,False,False,MODE_A_LIVE_PROXIMITY_HEAVY,2.0,prior_hlc::previous_mid,4462.85375,7.11375,False,False,MICRO_OFFSET | MID_GAP | ORIGINAL_CLUSTER | QUARTER_ROUNDING | RESIDUAL_LEVEL | RESIDUAL_REGIME_LEVEL,adjacent_cluster_midpoint | base_cluster | base_plus_+11 | base_plus_+13 | base_plus_+3 | base_plus_+5 | base_plus_+8 | base_plus_-11 | base_plus_-13 | base_plus_-3 | base_plus_-5 | base_plus_-8 | nearest_quarter_variant | prior_level_median_residual | prior_regime_level_median_residual,4462.53,6.79,False,False,ORIGINAL_ORACLE_PRESERVED,0.32375,True,False,EXPANSION_SUPERSET_VIOLATION_WORSE_ERROR,False,False
2026-01-08,2026-01-07,L4,RANGE_NORMAL_60_120,CLOSE_POS_MIDDLE_THIRD,ROWS_STANDARD_9_10,4456.36,PREV_CLOSE_PROXY,,NEUTRAL,4494.25,4490.95375,3.29625,False,True,MODE_C_BALANCED,2.0,prior_range_fraction::prev_range_0.875,4479.281875,14.968125,False,False,MICRO_OFFSET | MID_GAP | ORIGINAL_CLUSTER | QUARTER_ROUNDING | RESIDUAL_LEVEL | RESIDUAL_REGIME_LEVEL,adjacent_cluster_midpoint | base_cluster | base_plus_+11 | base_plus_+13 | base_plus_+3 | base_plus_+5 | base_plus_+8 | base_plus_-11 | base_plus_-13 | base_plus_-3 | base_plus_-5 | base_plus_-8 | nearest_quarter_variant | prior_level_median_residual | prior_regime_level_median_residual,4490.95375,3.29625,False,True,ORIGINAL_ORACLE_PRESERVED,11.671875,True,True,EXPANSION_SUPERSET_VIOLATION_LOST_WITHIN_5,False,False
2026-01-08,2026-01-07,L5,RANGE_NORMAL_60_120,CLOSE_POS_MIDDLE_THIRD,ROWS_STANDARD_9_10,4456.36,PREV_CLOSE_PROXY,,NEUTRAL,4477.38,4474.09331,3.28669,False,True,MODE_C_BALANCED,1.0,prior_range_fraction::prev_range_0.618 | red_box_midline::red_mid_1 | green_box_edge::green_edge_1,4467.191967,10.188033,False,False,MICRO_OFFSET | MID_GAP | ORIGINAL_CLUSTER | QUARTER_ROUNDING | RESIDUAL_LEVEL | RESIDUAL_REGIME_LEVEL,adjacent_cluster_midpoint | base_cluster | base_plus_+11 | base_plus_+13 | base_plus_+3 | base_plus_+5 | base_plus_+8 | base_plus_-11 | base_plus_-13 | base_plus_-3 | base_plus_-5 | base_plus_-8 | nearest_quarter_variant | prior_level_median_residual | prior_regime_level_median_residual,4474.09331,3.28669,False,True,ORIGINAL_ORACLE_PRESERVED,6.901343,True,True,EXPANSION_SUPERSET_VIOLATION_LOST_WITHIN_5,False,False
2026-01-08,2026-01-07,L6,RANGE_NORMAL_60_120,CLOSE_POS_MIDDLE_THIRD,ROWS_STANDARD_9_10,4456.36,PREV_CLOSE_PROXY,,NEUTRAL,4457.79,4462.045,4.255,False,True,MODE_C_BALANCED,3.0,prior_hlc::previous_mid,4441.15875,16.63125,False,False,MICRO_OFFSET | MID_GAP | ORIGINAL_CLUSTER | QUARTER_ROUNDING | RESIDUAL_LEVEL | RESIDUAL_REGIME_LEVEL,adjacent_cluster_midpoint | base_cluster | base_plus_+11 | base_plus_+13 | base_plus_+3 | base_plus_+5 | base_plus_+8 | base_plus_-11 | base_plus_-13 | base_plus_-3 | base_plus_-5 | base_plus_-8 | nearest_quarter_variant | prior_level_median_residual | prior_regime_level_median_residual,4462.045,4.255,False,True,ORIGINAL_ORACLE_PRESERVED,12.37625,True,True,EXPANSION_SUPERSET_VIOLATION_LOST_WITHIN_5,False,False
2026-01-08,2026-01-07,L7,RANGE_NORMAL_60_120,CLOSE_POS_MIDDLE_THIRD,ROWS_STANDARD_9_10,4456.36,PREV_CLOSE_PROXY,,NEUTRAL,4438.21,4433.65875,4.55125,False,True,MODE_C_BALANCED,1.0,red_box_quarter::red_box_2_25pct,4420.2725,17.9375,False,False,MICRO_OFFSET | MID_GAP | ORIGINAL_CLUSTER | QUARTER_ROUNDING | RESIDUAL_LEVEL | RESIDUAL_REGIME_LEVEL,adjacent_cluster_midpoint | base_cluster | base_plus_+11 | base_plus_+13 | base_plus_+3 | base_plus_+5 | base_plus_+8 | base_plus_-11 | base_plus_-13 | base_plus_-3 | base_plus_-5 | base_plus_-8 | nearest_quarter_variant | prior_level_median_residual | prior_regime_level_median_residual,4433.65875,4.55125,False,True,ORIGINAL_ORACLE_PRESERVED,13.38625,True,True,EXPANSION_SUPERSET_VIOLATION_LOST_WITHIN_5,False,False
2026-01-09,2026-01-08,L4,RANGE_NORMAL_60_120,CLOSE_POS_UPPER_THIRD,ROWS_STANDARD_9_10,4477.28,PREV_CLOSE_PROXY,,NEUTRAL,4487.52,4479.44,8.08,False,False,MODE_C_BALANCED,2.0,prior_hlc::previous_high,4476.138345,11.381655,False,False,MICRO_OFFSET | MID_GAP | ORIGINAL_CLUSTER | QUARTER_ROUNDING | RESIDUAL_LEVEL | RESIDUAL_REGIME_LEVEL,adjacent_cluster_midpoint | base_cluster | base_plus_+11 | base_plus_+13 | base_plus_+3 | base_plus_+5 | base_plus_+8 | base_plus_-11 | base_plus_-13 | base_plus_-3 | base_plus_-5 | base_plus_-8 | nearest_quarter_variant | prior_level_median_residual | prior_regime_level_median_residual,4479.44,8.08,False,False,ORIGINAL_ORACLE_PRESERVED,3.301655,True,False,EXPANSION_SUPERSET_VIOLATION_WORSE_ERROR,False,False
2026-01-09,2026-01-08,L5,RANGE_NORMAL_60_120,CLOSE_POS_UPPER_THIRD,ROWS_STANDARD_9_10,4477.28,PREV_CLOSE_PROXY,,NEUTRAL,4468.29,4469.02,0.73,True,True,MODE_C_BALANCED,2.0,red_box_quarter::red_box_1_25pct | green_box_quarter::green_box_2_25pct,4463.81,4.48,False,True,MICRO_OFFSET | MID_GAP | ORIGINAL_CLUSTER | QUARTER_ROUNDING | RESIDUAL_LEVEL | RESIDUAL_REGIME_LEVEL,adjacent_cluster_midpoint | base_cluster | base_plus_+11 | base_plus_+13 | base_plus_+3 | base_plus_+5 | base_plus_+8 | base_plus_-11 | base_plus_-13 | base_plus_-3 | base_plus_-5 | base_plus_-8 | nearest_quarter_variant | prior_level_median_residual | prior_regime_level_median_residual,4469.02,0.73,True,True,ORIGINAL_ORACLE_PRESERVED,3.75,True,False,EXPANSION_SUPERSET_VIOLATION_WORSE_ERROR,False,False
2026-01-09,2026-01-08,L7,RANGE_NORMAL_60_120,CLOSE_POS_UPPER_THIRD,ROWS_STANDARD_9_10,4477.28,PREV_CLOSE_PROXY,,NEUTRAL,4426.62,4428.6,1.98,True,True,MODE_C_BALANCED,1.0,red_box_edge::red_edge_1,4443.8075,17.1875,False,False,MICRO_OFFSET | MID_GAP | ORIGINAL_CLUSTER | QUARTER_ROUNDING | RESIDUAL_LEVEL | RESIDUAL_REGIME_LEVEL,adjacent_cluster_midpoint | base_cluster | base_plus_+11 | base_plus_+13 | base_plus_+3 | base_plus_+5 | base_plus_+8 | base_plus_-11 | base_plus_-13 | base_plus_-3 | base_plus_-5 | base_plus_-8 | nearest_quarter_variant | prior_level_median_residual | prior_regime_level_median_residual,4428.6,1.98,True,True,ORIGINAL_ORACLE_PRESERVED,15.2075,True,True,EXPANSION_SUPERSET_VIOLATION_LOST_WITHIN_5,False,False
2026-01-12,2026-01-09,L4,RANGE_NORMAL_60_120,CLOSE_POS_UPPER_THIRD,ROWS_STANDARD_9_10,4509.3,PREV_CLOSE_PROXY,,NEUTRAL,4544.9,4523.6025,21.2975,False,False,MODE_D_NEAREST_VALID_LADDER,1.0,green_box_midline::green_mid_2,4509.677927,35.222072,False,False,MICRO_OFFSET | MID_GAP | ORIGINAL_CLUSTER | QUARTER_ROUNDING | RESIDUAL_LEVEL | RESIDUAL_REGIME_LEVEL,adjacent_cluster_midpoint | base_cluster | base_plus_+11 | base_plus_+13 | base_plus_+3 | base_plus_+5 | base_plus_+8 | base_plus_-11 | base_plus_-13 | base_plus_-3 | base_plus_-5 | base_plus_-8 | nearest_quarter_variant | prior_level_median_residual | prior_regime_level_median_residual,4523.6025,21.2975,False,False,ORIGINAL_ORACLE_PRESERVED,13.924572,True,False,EXPANSION_SUPERSET_VIOLATION_WORSE_ERROR,False,False
2026-01-12,2026-01-09,L5,RANGE_NORMAL_60_120,CLOSE_POS_UPPER_THIRD,ROWS_STANDARD_9_10,4509.3,PREV_CLOSE_PROXY,,NEUTRAL,4528.66,4523.6025,5.0575,False,False,MODE_D_NEAREST_VALID_LADDER,1.0,green_box_midline::green_mid_2,4504.32875,24.33125,False,False,MICRO_OFFSET | MID_GAP | ORIGINAL_CLUSTER | QUARTER_ROUNDING | RESIDUAL_LEVEL | RESIDUAL_REGIME_LEVEL,adjacent_cluster_midpoint | base_cluster | base_plus_+11 | base_plus_+13 | base_plus_+3 | base_plus_+5 | base_plus_+8 | base_plus_-11 | base_plus_-13 | base_plus_-3 | base_plus_-5 | base_plus_-8 | nearest_quarter_variant | prior_level_median_residual | prior_regime_level_median_residual,4523.6025,5.0575,False,False,ORIGINAL_ORACLE_PRESERVED,19.27375,True,False,EXPANSION_SUPERSET_VIOLATION_WORSE_ERROR,False,False
2026-01-12,2026-01-09,L6,RANGE_NORMAL_60_120,CLOSE_POS_UPPER_THIRD,ROWS_STANDARD_9_10,4509.3,PREV_CLOSE_PROXY,,NEUTRAL,4511.6,4495.753355,15.846645,False,False,MODE_D_NEAREST_VALID_LADDER,1.0,prior_range_fraction::prev_range_0.666667,4486.923027,24.676973,False,False,MICRO_OFFSET | MID_GAP | ORIGINAL_CLUSTER | QUARTER_ROUNDING | RESIDUAL_LEVEL | RESIDUAL_REGIME_LEVEL,adjacent_cluster_midpoint | base_cluster | base_plus_+11 | base_plus_+13 | base_plus_+3 | base_plus_+5 | base_plus_+8 | base_plus_-11 | base_plus_-13 | base_plus_-3 | base_plus_-5 | base_plus_-8 | nearest_quarter_variant | prior_level_median_residual | prior_regime_level_median_residual,4495.753355,15.846645,False,False,ORIGINAL_ORACLE_PRESERVED,8.830328,True,False,EXPANSION_SUPERSET_VIOLATION_WORSE_ERROR,False,False
2026-01-13,2026-01-12,L4,RANGE_NORMAL_60_120,CLOSE_POS_UPPER_THIRD,ROWS_SPARSE_1_8,4597.38,PREV_CLOSE_PROXY,,NEUTRAL,4600.74,4599.07625,1.66375,True,True,MODE_C_BALANCED,1.0,prior_hlc::previous_close | prior_range_fraction::prev_range_0.75,4592.695625,8.044375,False,False,MICRO_OFFSET | MID_GAP | ORIGINAL_CLUSTER | QUARTER_ROUNDING | RESIDUAL_LEVEL | RESIDUAL_REGIME_LEVEL,adjacent_cluster_midpoint | base_cluster | base_plus_+11 | base_plus_+13 | base_plus_+3 | base_plus_+5 | base_plus_+8 | base_plus_-11 | base_plus_-13 | base_plus_-3 | base_plus_-5 | base_plus_-8 | nearest_quarter_variant | prior_level_median_residual | prior_regime_level_median_residual,4599.07625,1.66375,True,True,ORIGINAL_ORACLE_PRESERVED,6.380625,True,True,EXPANSION_SUPERSET_VIOLATION_LOST_WITHIN_5,False,False
2026-01-13,2026-01-12,L5,RANGE_NORMAL_60_120,CLOSE_POS_UPPER_THIRD,ROWS_SPARSE_1_8,4597.38,PREV_CLOSE_PROXY,,NEUTRAL,4572.9,4574.79375,1.89375,True,True,MODE_C_BALANCED,2.0,red_box_quarter::red_box_1_75pct,4584.304375,11.404375,False,False,MICRO_OFFSET | MID_GAP | ORIGINAL_CLUSTER | QUARTER_ROUNDING | RESIDUAL_LEVEL | RESIDUAL_REGIME_LEVEL,adjacent_cluster_midpoint | base_cluster | base_plus_+11 | base_plus_+13 | base_plus_+3 | base_plus_+5 | base_plus_+8 | base_plus_-11 | base_plus_-13 | base_plus_-3 | base_plus_-5 | base_plus_-8 | nearest_quarter_variant | prior_level_median_residual | prior_regime_level_median_residual,4574.79375,1.89375,True,True,ORIGINAL_ORACLE_PRESERVED,9.510625,True,True,EXPANSION_SUPERSET_VIOLATION_LOST_WITHIN_5,False,False
2026-01-13,2026-01-12,L6,RANGE_NORMAL_60_120,CLOSE_POS_UPPER_THIRD,ROWS_SPARSE_1_8,4597.38,PREV_CLOSE_PROXY,,NEUTRAL,4546.29,4549.3575,3.0675,False,True,MODE_C_BALANCED,2.0,green_box_midline::green_mid_1,4554.846875,8.556875,False,False,MICRO_OFFSET | MID_GAP | ORIGINAL_CLUSTER | QUARTER_ROUNDING | RESIDUAL_LEVEL | RESIDUAL_REGIME_LEVEL,adjacent_cluster_midpoint | base_cluster | base_plus_+11 | base_plus_+13 | base_plus_+3 | base_plus_+5 | base_plus_+8 | base_plus_-11 | base_plus_-13 | base_plus_-3 | base_plus_-5 | base_plus_-8 | nearest_quarter_variant | prior_level_median_residual | prior_regime_level_median_residual,4549.3575,3.0675,False,True,ORIGINAL_ORACLE_PRESERVED,5.489375,True,True,EXPANSION_SUPERSET_VIOLATION_LOST_WITHIN_5,False,False
2026-01-13,2026-01-12,L7,RANGE_NORMAL_60_120,CLOSE_POS_UPPER_THIRD,ROWS_SPARSE_1_8,4597.38,PREV_CLOSE_PROXY,,NEUTRAL,4518.09,4512.4,5.69,False,False,MODE_B_EMA_CHANNEL_DIRECTION_HEAVY,1.0,prior_hlc::previous_low,4512.4,5.69,False,False,MICRO_OFFSET | MID_GAP | ORIGINAL_CLUSTER | QUARTER_ROUNDING | RESIDUAL_LEVEL,adjacent_cluster_midpoint | base_cluster | base_plus_+11 | base_plus_+13 | base_plus_+3 | base_plus_+5 | base_plus_+8 | base_plus_-11 | base_plus_-13 | base_plus_-3 | base_plus_-5 | base_plus_-8 | nearest_quarter_variant | prior_level_median_residual,4512.4,5.69,False,False,ORIGINAL_ORACLE_PRESERVED,0.0,False,False,SUPERSET_OK_WITHIN_10,False,False
2026-01-14,2026-01-13,L4,RANGE_NORMAL_60_120,CLOSE_POS_LOWER_THIRD,ROWS_STANDARD_9_10,4586.3,PREV_CLOSE_PROXY,,NEUTRAL,4597.86,4605.32625,7.46625,False,False,MODE_C_BALANCED,1.0,green_box_quarter::green_box_1_75pct,4608.386875,10.526875,False,False,MICRO_OFFSET | MID_GAP | ORIGINAL_CLUSTER | QUARTER_ROUNDING | RESIDUAL_LEVEL | RESIDUAL_REGIME_LEVEL,adjacent_cluster_midpoint | base_cluster | base_plus_+11 | base_plus_+13 | base_plus_+3 | base_plus_+5 | base_plus_+8 | base_plus_-11 | base_plus_-13 | base_plus_-3 | base_plus_-5 | base_plus_-8 | nearest_quarter_variant | prior_level_median_residual | prior_regime_level_median_residual,4605.32625,7.46625,False,False,ORIGINAL_ORACLE_PRESERVED,3.060625,True,False,EXPANSION_SUPERSET_VIOLATION_WORSE_ERROR,False,False
2026-01-14,2026-01-13,L5,RANGE_NORMAL_60_120,CLOSE_POS_LOWER_THIRD,ROWS_STANDARD_9_10,4586.3,PREV_CLOSE_PROXY,,NEUTRAL,4575.27,4595.177084,19.907084,False,False,MODE_C_BALANCED,1.0,green_box_midline::green_mid_1 | prior_hlc::previous_pivot_hlc3,4595.177084,19.907084,False,False,MICRO_OFFSET | MID_GAP | ORIGINAL_CLUSTER | QUARTER_ROUNDING | RESIDUAL_LEVEL | RESIDUAL_REGIME_LEVEL,adjacent_cluster_midpoint | base_cluster | base_plus_+11 | base_plus_+13 | base_plus_+3 | base_plus_+5 | base_plus_+8 | base_plus_-11 | base_plus_-13 | base_plus_-3 | base_plus_-5 | base_plus_-8 | nearest_quarter_variant | prior_level_median_residual | prior_regime_level_median_residual,4595.177084,19.907084,False,False,ORIGINAL_ORACLE_PRESERVED,0.0,False,False,SUPERSET_OK_GT10,False,False
2026-01-14,2026-01-13,L6,RANGE_NORMAL_60_120,CLOSE_POS_LOWER_THIRD,ROWS_STANDARD_9_10,4586.3,PREV_CLOSE_PROXY,,NEUTRAL,4546.5,4575.32625,28.82625,False,False,MODE_C_BALANCED,1.0,red_box_quarter::red_box_2_25pct,4578.4575,31.9575,False,False,MICRO_OFFSET | MID_GAP | ORIGINAL_CLUSTER | QUARTER_ROUNDING | RESIDUAL_LEVEL | RESIDUAL_REGIME_LEVEL,adjacent_cluster_midpoint | base_cluster | base_plus_+11 | base_plus_+13 | base_plus_+3 | base_plus_+5 | base_plus_+8 | base_plus_-11 | base_plus_-13 | base_plus_-3 | base_plus_-5 | base_plus_-8 | nearest_quarter_variant | prior_level_median_residual | prior_regime_level_median_residual,4575.32625,28.82625,False,False,ORIGINAL_ORACLE_PRESERVED,3.13125,True,False,EXPANSION_SUPERSET_VIOLATION_WORSE_ERROR,False,False
2026-01-14,2026-01-13,L7,RANGE_NORMAL_60_120,CLOSE_POS_LOWER_THIRD,ROWS_STANDARD_9_10,4586.3,PREV_CLOSE_PROXY,,NEUTRAL,4519.14,4569.72,50.58,False,False,MODE_C_BALANCED,1.0,prior_hlc::previous_low,4569.72,50.58,False,False,MICRO_OFFSET | MID_GAP | ORIGINAL_CLUSTER | QUARTER_ROUNDING | RESIDUAL_LEVEL | RESIDUAL_REGIME_LEVEL,adjacent_cluster_midpoint | base_cluster | base_plus_+11 | base_plus_+13 | base_plus_+3 | base_plus_+5 | base_plus_+8 | base_plus_-11 | base_plus_-13 | base_plus_-3 | base_plus_-5 | base_plus_-8 | nearest_quarter_variant | prior_level_median_residual | prior_regime_level_median_residual,4569.72,50.58,False,False,ORIGINAL_ORACLE_PRESERVED,0.0,False,False,SUPERSET_OK_GT10,False,False
2026-01-15,2026-01-14,L4,RANGE_COMPRESSED_0_60,CLOSE_POS_UPPER_THIRD,ROWS_SPARSE_1_8,4626.39,PREV_CLOSE_PROXY,,NEUTRAL,4597.72,4622.040009,24.320009,False,False,MODE_C_BALANCED,2.0,prior_hlc::previous_pivot_hlc3 | green_box_quarter::green_box_1_75pct | prior_range_fraction::prev_range_0.666667,4629.071255,31.351255,False,False,MICRO_OFFSET | MID_GAP | ORIGINAL_CLUSTER | QUARTER_ROUNDING | RESIDUAL_LEVEL | RESIDUAL_REGIME_LEVEL,adjacent_cluster_midpoint | base_cluster | base_plus_+11 | base_plus_+13 | base_plus_+3 | base_plus_+5 | base_plus_+8 | base_plus_-11 | base_plus_-13 | base_plus_-3 | base_plus_-5 | base_plus_-8 | nearest_quarter_variant | prior_level_median_residual | prior_regime_level_median_residual,4622.040009,24.320009,False,False,ORIGINAL_ORACLE_PRESERVED,7.031246,True,False,EXPANSION_SUPERSET_VIOLATION_WORSE_ERROR,False,False
2026-01-15,2026-01-14,L5,RANGE_COMPRESSED_0_60,CLOSE_POS_UPPER_THIRD,ROWS_SPARSE_1_8,4626.39,PREV_CLOSE_PROXY,,NEUTRAL,4574.22,4600.64625,26.42625,False,False,MODE_B_EMA_CHANNEL_DIRECTION_HEAVY,1.0,green_box_quarter::green_box_1_25pct | red_box_edge::red_edge_1 | prior_range_fraction::prev_range_0.25,4608.193125,33.973125,False,False,MICRO_OFFSET | MID_GAP | ORIGINAL_CLUSTER | QUARTER_ROUNDING | RESIDUAL_LEVEL | RESIDUAL_REGIME_LEVEL,adjacent_cluster_midpoint | base_cluster | base_plus_+11 | base_plus_+13 | base_plus_+3 | base_plus_+5 | base_plus_+8 | base_plus_-11 | base_plus_-13 | base_plus_-3 | base_plus_-5 | base_plus_-8 | nearest_quarter_variant | prior_level_median_residual | prior_regime_level_median_residual,4600.64625,26.42625,False,False,ORIGINAL_ORACLE_PRESERVED,7.546875,True,False,EXPANSION_SUPERSET_VIOLATION_WORSE_ERROR,False,False
2026-01-15,2026-01-14,L6,RANGE_COMPRESSED_0_60,CLOSE_POS_UPPER_THIRD,ROWS_SPARSE_1_8,4626.39,PREV_CLOSE_PROXY,,NEUTRAL,4549.19,4579.665,30.475,False,False,MODE_B_EMA_CHANNEL_DIRECTION_HEAVY,2.0,red_box_midline::red_mid_2,4584.93375,35.74375,False,False,MICRO_OFFSET | MID_GAP | ORIGINAL_CLUSTER | QUARTER_ROUNDING | RESIDUAL_LEVEL | RESIDUAL_REGIME_LEVEL,adjacent_cluster_midpoint | base_cluster | base_plus_+11 | base_plus_+13 | base_plus_+3 | base_plus_+5 | base_plus_+8 | base_plus_-11 | base_plus_-13 | base_plus_-3 | base_plus_-5 | base_plus_-8 | nearest_quarter_variant | prior_level_median_residual | prior_regime_level_median_residual,4579.665,30.475,False,False,ORIGINAL_ORACLE_PRESERVED,5.26875,True,False,EXPANSION_SUPERSET_VIOLATION_WORSE_ERROR,False,False
2026-01-15,2026-01-14,L7,RANGE_COMPRESSED_0_60,CLOSE_POS_UPPER_THIRD,ROWS_SPARSE_1_8,4626.39,PREV_CLOSE_PROXY,,NEUTRAL,4516.94,4558.59,41.65,False,False,MODE_B_EMA_CHANNEL_DIRECTION_HEAVY,1.0,red_box_edge::red_edge_2,4563.85875,46.91875,False,False,MICRO_OFFSET | MID_GAP | ORIGINAL_CLUSTER | QUARTER_ROUNDING | RESIDUAL_LEVEL | RESIDUAL_REGIME_LEVEL,adjacent_cluster_midpoint | base_cluster | base_plus_+11 | base_plus_+13 | base_plus_+3 | base_plus_+5 | base_plus_+8 | base_plus_-11 | base_plus_-13 | base_plus_-3 | base_plus_-5 | base_plus_-8 | nearest_quarter_variant | prior_level_median_residual | prior_regime_level_median_residual,4558.59,41.65,False,False,ORIGINAL_ORACLE_PRESERVED,5.26875,True,False,EXPANSION_SUPERSET_VIOLATION_WORSE_ERROR,False,False
2026-01-16,2026-01-15,L4,RANGE_COMPRESSED_0_60,CLOSE_POS_UPPER_THIRD,ROWS_SPARSE_1_8,4615.76,PREV_CLOSE_PROXY,,NEUTRAL,4618.64,4612.626675,6.013325,False,False,MODE_C_BALANCED,2.0,prior_hlc::previous_pivot_hlc3 | green_box_quarter::green_box_1_75pct | prior_range_fraction::prev_range_0.666667,4608.74,9.9,False,False,MICRO_OFFSET | MID_GAP | ORIGINAL_CLUSTER | QUARTER_ROUNDING | RESIDUAL_LEVEL | RESIDUAL_REGIME_LEVEL,adjacent_cluster_midpoint | base_cluster | base_plus_+11 | base_plus_+13 | base_plus_+3 | base_plus_+5 | base_plus_+8 | base_plus_-11 | base_plus_-13 | base_plus_-3 | base_plus_-5 | base_plus_-8 | nearest_quarter_variant | prior_level_median_residual | prior_regime_level_median_residual,4612.626675,6.013325,False,False,ORIGINAL_ORACLE_PRESERVED,3.886675,True,False,EXPANSION_SUPERSET_VIOLATION_WORSE_ERROR,False,False
2026-01-16,2026-01-15,L5,RANGE_COMPRESSED_0_60,CLOSE_POS_UPPER_THIRD,ROWS_SPARSE_1_8,4615.76,PREV_CLOSE_PROXY,,NEUTRAL,4591.17,4592.693125,1.523125,True,True,MODE_B_EMA_CHANNEL_DIRECTION_HEAVY,1.0,green_box_quarter::green_box_1_25pct | red_box_edge::red_edge_1 | prior_range_fraction::prev_range_0.25,4599.779062,8.609062,False,False,MICRO_OFFSET | MID_GAP | ORIGINAL_CLUSTER | QUARTER_ROUNDING | RESIDUAL_LEVEL | RESIDUAL_REGIME_LEVEL,adjacent_cluster_midpoint | base_cluster | base_plus_+11 | base_plus_+13 | base_plus_+3 | base_plus_+5 | base_plus_+8 | base_plus_-11 | base_plus_-13 | base_plus_-3 | base_plus_-5 | base_plus_-8 | nearest_quarter_variant | prior_level_median_residual | prior_regime_level_median_residual,4592.693125,1.523125,True,True,ORIGINAL_ORACLE_PRESERVED,7.085937,True,True,EXPANSION_SUPERSET_VIOLATION_LOST_WITHIN_5,False,False
2026-01-16,2026-01-15,L6,RANGE_COMPRESSED_0_60,CLOSE_POS_UPPER_THIRD,ROWS_SPARSE_1_8,4615.76,PREV_CLOSE_PROXY,,NEUTRAL,4566.81,4571.5275,4.7175,False,True,MODE_B_EMA_CHANNEL_DIRECTION_HEAVY,1.0,red_box_midline::red_mid_2,4576.611875,9.801875,False,False,MICRO_OFFSET | MID_GAP | ORIGINAL_CLUSTER | QUARTER_ROUNDING | RESIDUAL_LEVEL | RESIDUAL_REGIME_LEVEL,adjacent_cluster_midpoint | base_cluster | base_plus_+11 | base_plus_+13 | base_plus_+3 | base_plus_+5 | base_plus_+8 | base_plus_-11 | base_plus_-13 | base_plus_-3 | base_plus_-5 | base_plus_-8 | nearest_quarter_variant | prior_level_median_residual | prior_regime_level_median_residual,4571.5275,4.7175,False,True,ORIGINAL_ORACLE_PRESERVED,5.084375,True,True,EXPANSION_SUPERSET_VIOLATION_LOST_WITHIN_5,False,False
2026-01-16,2026-01-15,L7,RANGE_COMPRESSED_0_60,CLOSE_POS_UPPER_THIRD,ROWS_SPARSE_1_8,4615.76,PREV_CLOSE_PROXY,,NEUTRAL,4541.12,4551.19,10.07,False,False,MODE_B_EMA_CHANNEL_DIRECTION_HEAVY,1.0,red_box_edge::red_edge_2,4556.274375,15.154375,False,False,MICRO_OFFSET | MID_GAP | ORIGINAL_CLUSTER | QUARTER_ROUNDING | RESIDUAL_LEVEL | RESIDUAL_REGIME_LEVEL,adjacent_cluster_midpoint | base_cluster | base_plus_+11 | base_plus_+13 | base_plus_+3 | base_plus_+5 | base_plus_+8 | base_plus_-11 | base_plus_-13 | base_plus_-3 | base_plus_-5 | base_plus_-8 | nearest_quarter_variant | prior_level_median_residual | prior_regime_level_median_residual,4551.19,10.07,False,False,ORIGINAL_ORACLE_PRESERVED,5.084375,True,False,EXPANSION_SUPERSET_VIOLATION_WORSE_ERROR,False,False
2026-01-19,2026-01-16,L4,RANGE_NORMAL_60_120,CLOSE_POS_UPPER_THIRD,ROWS_SPARSE_1_8,4595.66,PREV_CLOSE_PROXY,,NEUTRAL,4615.0,4596.7525,18.2475,False,False,MODE_C_BALANCED,1.0,green_box_edge::green_edge_1 | prior_hlc::previous_close | prior_range_fraction::prev_range_0.75,4596.7525,18.2475,False,False,MICRO_OFFSET | MID_GAP | ORIGINAL_CLUSTER | QUARTER_ROUNDING | RESIDUAL_LEVEL | RESIDUAL_REGIME_LEVEL,adjacent_cluster_midpoint | base_cluster | base_plus_+11 | base_plus_+13 | base_plus_+3 | base_plus_+5 | base_plus_+8 | base_plus_-11 | base_plus_-13 | base_plus_-3 | base_plus_-5 | base_plus_-8 | nearest_quarter_variant | prior_level_median_residual | prior_regime_level_median_residual,4596.7525,18.2475,False,False,ORIGINAL_ORACLE_PRESERVED,0.0,False,False,SUPERSET_OK_GT10,False,False
2026-01-19,2026-01-16,L7,RANGE_NORMAL_60_120,CLOSE_POS_UPPER_THIRD,ROWS_SPARSE_1_8,4595.66,PREV_CLOSE_PROXY,,NEUTRAL,4546.84,4535.9925,10.8475,False,False,MODE_C_BALANCED,1.0,red_box_midline::red_mid_2 | prior_hlc::previous_low,4535.9925,10.8475,False,False,MICRO_OFFSET | MID_GAP | ORIGINAL_CLUSTER | QUARTER_ROUNDING | RESIDUAL_LEVEL | RESIDUAL_REGIME_LEVEL,adjacent_cluster_midpoint | base_cluster | base_plus_+11 | base_plus_+13 | base_plus_+3 | base_plus_+5 | base_plus_+8 | base_plus_-11 | base_plus_-13 | base_plus_-3 | base_plus_-5 | base_plus_-8 | nearest_quarter_variant | prior_level_median_residual | prior_regime_level_median_residual,4535.9925,10.8475,False,False,ORIGINAL_ORACLE_PRESERVED,0.0,False,False,SUPERSET_OK_GT10,False,False
2026-01-20,2026-01-19,L4,RANGE_NORMAL_60_120,CLOSE_POS_UPPER_THIRD,ROWS_STANDARD_9_10,4670.86,PREV_CLOSE_PROXY,,NEUTRAL,4696.99,4693.16375,3.82625,False,True,MODE_B_EMA_CHANNEL_DIRECTION_HEAVY,2.0,prior_hlc::previous_high | green_box_midline::green_mid_2,4680.108554,16.881446,False,False,MICRO_OFFSET | MID_GAP | ORIGINAL_CLUSTER | QUARTER_ROUNDING | RESIDUAL_LEVEL | RESIDUAL_REGIME_LEVEL,adjacent_cluster_midpoint | base_cluster | base_plus_+11 | base_plus_+13 | base_plus_+3 | base_plus_+5 | base_plus_+8 | base_plus_-11 | base_plus_-13 | base_plus_-3 | base_plus_-5 | base_plus_-8 | nearest_quarter_variant | prior_level_median_residual | prior_regime_level_median_residual,4693.16375,3.82625,False,True,ORIGINAL_ORACLE_PRESERVED,13.055196,True,True,EXPANSION_SUPERSET_VIOLATION_LOST_WITHIN_5,False,False
2026-01-20,2026-01-19,L5,RANGE_NORMAL_60_120,CLOSE_POS_UPPER_THIRD,ROWS_STANDARD_9_10,4670.86,PREV_CLOSE_PROXY,,NEUTRAL,4677.12,4680.4975,3.3775,False,True,MODE_C_BALANCED,1.0,red_box_quarter::red_box_1_25pct | prior_range_fraction::prev_range_0.875 | green_box_quarter::green_box_2_25pct,4667.83125,9.28875,False,False,MICRO_OFFSET | MID_GAP | ORIGINAL_CLUSTER | QUARTER_ROUNDING | RESIDUAL_LEVEL | RESIDUAL_REGIME_LEVEL,adjacent_cluster_midpoint | base_cluster | base_plus_+11 | base_plus_+13 | base_plus_+3 | base_plus_+5 | base_plus_+8 | base_plus_-11 | base_plus_-13 | base_plus_-3 | base_plus_-5 | base_plus_-8 | nearest_quarter_variant | prior_level_median_residual | prior_regime_level_median_residual,4680.4975,3.3775,False,True,ORIGINAL_ORACLE_PRESERVED,5.91125,True,True,EXPANSION_SUPERSET_VIOLATION_LOST_WITHIN_5,False,False
2026-01-20,2026-01-19,L6,RANGE_NORMAL_60_120,CLOSE_POS_UPPER_THIRD,ROWS_STANDARD_9_10,4670.86,PREV_CLOSE_PROXY,,NEUTRAL,4655.27,4657.49875,2.22875,True,True,MODE_C_BALANCED,1.0,green_box_quarter::green_box_1_75pct,4663.921801,8.6518,False,False,MICRO_OFFSET | MID_GAP | ORIGINAL_CLUSTER | QUARTER_ROUNDING | RESIDUAL_LEVEL | RESIDUAL_REGIME_LEVEL,adjacent_cluster_midpoint | base_cluster | base_plus_+11 | base_plus_+13 | base_plus_+3 | base_plus_+5 | base_plus_+8 | base_plus_-11 | base_plus_-13 | base_plus_-3 | base_plus_-5 | base_plus_-8 | nearest_quarter_variant | prior_level_median_residual | prior_regime_level_median_residual,4657.49875,2.22875,True,True,ORIGINAL_ORACLE_PRESERVED,6.42305,True,True,EXPANSION_SUPERSET_VIOLATION_LOST_WITHIN_5,False,False
2026-01-20,2026-01-19,L7,RANGE_NORMAL_60_120,CLOSE_POS_UPPER_THIRD,ROWS_STANDARD_9_10,4670.86,PREV_CLOSE_PROXY,,NEUTRAL,4633.67,4637.3325,3.6625,False,True,MODE_C_BALANCED,2.0,prior_range_fraction::prev_range_0.25,4655.394375,21.724375,False,False,MICRO_OFFSET | MID_GAP | ORIGINAL_CLUSTER | QUARTER_ROUNDING | RESIDUAL_LEVEL | RESIDUAL_REGIME_LEVEL,adjacent_cluster_midpoint | base_cluster | base_plus_+11 | base_plus_+13 | base_plus_+3 | base_plus_+5 | base_plus_+8 | base_plus_-11 | base_plus_-13 | base_plus_-3 | base_plus_-5 | base_plus_-8 | nearest_quarter_variant | prior_level_median_residual | prior_regime_level_median_residual,4637.3325,3.6625,False,True,ORIGINAL_ORACLE_PRESERVED,18.061875,True,True,EXPANSION_SUPERSET_VIOLATION_LOST_WITHIN_5,False,False
2026-01-21,2026-01-20,L4,RANGE_NORMAL_60_120,CLOSE_POS_UPPER_THIRD,ROWS_EXTENDED_11_PLUS,4763.3,PREV_CLOSE_PROXY,,NEUTRAL,4856.21,4727.915,128.295,False,False,MODE_C_BALANCED,1.0,green_box_edge::green_edge_1,4727.915,128.295,False,False,MICRO_OFFSET | MID_GAP | ORIGINAL_CLUSTER | QUARTER_ROUNDING | RESIDUAL_LEVEL | RESIDUAL_REGIME_LEVEL,adjacent_cluster_midpoint | base_cluster | base_plus_+11 | base_plus_+13 | base_plus_+3 | base_plus_+5 | base_plus_+8 | base_plus_-11 | base_plus_-13 | base_plus_-3 | base_plus_-5 | base_plus_-8 | nearest_quarter_variant | prior_level_median_residual | prior_regime_level_median_residual,4727.915,128.295,False,False,ORIGINAL_ORACLE_PRESERVED,0.0,False,False,SUPERSET_OK_GT10,False,False
2026-01-21,2026-01-20,L5,RANGE_NORMAL_60_120,CLOSE_POS_UPPER_THIRD,ROWS_EXTENDED_11_PLUS,4763.3,PREV_CLOSE_PROXY,,NEUTRAL,4833.04,4712.915,120.125,False,False,MODE_C_BALANCED,1.0,prior_hlc::previous_mid,4712.915,120.125,False,False,MICRO_OFFSET | MID_GAP | ORIGINAL_CLUSTER | QUARTER_ROUNDING | RESIDUAL_LEVEL | RESIDUAL_REGIME_LEVEL,adjacent_cluster_midpoint | base_cluster | base_plus_+11 | base_plus_+13 | base_plus_+3 | base_plus_+5 | base_plus_+8 | base_plus_-11 | base_plus_-13 | base_plus_-3 | base_plus_-5 | base_plus_-8 | nearest_quarter_variant | prior_level_median_residual | prior_regime_level_median_residual,4712.915,120.125,False,False,ORIGINAL_ORACLE_PRESERVED,0.0,False,False,SUPERSET_OK_GT10,False,False
2026-01-21,2026-01-20,L6,RANGE_NORMAL_60_120,CLOSE_POS_UPPER_THIRD,ROWS_EXTENDED_11_PLUS,4763.3,PREV_CLOSE_PROXY,,NEUTRAL,4812.42,4686.2225,126.1975,False,False,MODE_B_EMA_CHANNEL_DIRECTION_HEAVY,1.0,prior_range_fraction::prev_range_0.25,4685.975625,126.444375,False,False,MICRO_OFFSET | MID_GAP | ORIGINAL_CLUSTER | QUARTER_ROUNDING | RESIDUAL_LEVEL | RESIDUAL_REGIME_LEVEL,adjacent_cluster_midpoint | base_cluster | base_plus_+11 | base_plus_+13 | base_plus_+3 | base_plus_+5 | base_plus_+8 | base_plus_-11 | base_plus_-13 | base_plus_-3 | base_plus_-5 | base_plus_-8 | nearest_quarter_variant | prior_level_median_residual | prior_regime_level_median_residual,4686.2225,126.1975,False,False,ORIGINAL_ORACLE_PRESERVED,0.246875,True,False,EXPANSION_SUPERSET_VIOLATION_WORSE_ERROR,False,False
2026-01-21,2026-01-20,L7,RANGE_NORMAL_60_120,CLOSE_POS_UPPER_THIRD,ROWS_EXTENDED_11_PLUS,4763.3,PREV_CLOSE_PROXY,,NEUTRAL,4792.89,4659.53,133.36,False,False,MODE_B_EMA_CHANNEL_DIRECTION_HEAVY,1.0,prior_hlc::previous_low,4659.53,133.36,False,False,MICRO_OFFSET | MID_GAP | ORIGINAL_CLUSTER | QUARTER_ROUNDING | RESIDUAL_LEVEL | RESIDUAL_REGIME_LEVEL,adjacent_cluster_midpoint | base_cluster | base_plus_+11 | base_plus_+13 | base_plus_+3 | base_plus_+5 | base_plus_+8 | base_plus_-11 | base_plus_-13 | base_plus_-3 | base_plus_-5 | base_plus_-8 | nearest_quarter_variant | prior_level_median_residual | prior_regime_level_median_residual,4659.53,133.36,False,False,ORIGINAL_ORACLE_PRESERVED,0.0,False,False,SUPERSET_OK_GT10,False,False
2026-01-22,2026-01-21,L4,RANGE_WIDE_120_220,CLOSE_POS_MIDDLE_THIRD,ROWS_STANDARD_9_10,4831.03,PREV_CLOSE_PROXY,,NEUTRAL,4853.55,4822.115,31.435,False,False,MODE_A_LIVE_PROXIMITY_HEAVY,3.0,prior_hlc::previous_mid,4822.115,31.435,False,False,MICRO_OFFSET | MID_GAP | ORIGINAL_CLUSTER | QUARTER_ROUNDING | RESIDUAL_LEVEL,adjacent_cluster_midpoint | base_cluster | base_plus_+11 | base_plus_+13 | base_plus_+3 | base_plus_+5 | base_plus_+8 | base_plus_-11 | base_plus_-13 | base_plus_-3 | base_plus_-5 | base_plus_-8 | nearest_quarter_variant | prior_level_median_residual,4822.115,31.435,False,False,ORIGINAL_ORACLE_PRESERVED,0.0,False,False,SUPERSET_OK_GT10,False,False
2026-01-22,2026-01-21,L5,RANGE_WIDE_120_220,CLOSE_POS_MIDDLE_THIRD,ROWS_STANDARD_9_10,4831.03,PREV_CLOSE_PROXY,,NEUTRAL,4828.22,4800.036623,28.183377,False,False,MODE_C_BALANCED,3.0,prior_range_fraction::prev_range_0.333333,4800.036623,28.183377,False,False,MICRO_OFFSET | MID_GAP | ORIGINAL_CLUSTER | QUARTER_ROUNDING | RESIDUAL_LEVEL | RESIDUAL_REGIME_LEVEL,adjacent_cluster_midpoint | base_cluster | base_plus_+11 | base_plus_+13 | base_plus_+3 | base_plus_+5 | base_plus_+8 | base_plus_-11 | base_plus_-13 | base_plus_-3 | base_plus_-5 | base_plus_-8 | nearest_quarter_variant | prior_level_median_residual | prior_regime_level_median_residual,4800.036623,28.183377,False,False,ORIGINAL_ORACLE_PRESERVED,0.0,False,False,SUPERSET_OK_GT10,False,False
2026-01-22,2026-01-21,L7,RANGE_WIDE_120_220,CLOSE_POS_MIDDLE_THIRD,ROWS_STANDARD_9_10,4831.03,PREV_CLOSE_PROXY,,NEUTRAL,4776.28,4755.88,20.4,False,False,MODE_C_BALANCED,1.0,prior_hlc::previous_low,4755.88,20.4,False,False,MICRO_OFFSET | MID_GAP | ORIGINAL_CLUSTER | QUARTER_ROUNDING | RESIDUAL_LEVEL,adjacent_cluster_midpoint | base_cluster | base_plus_+11 | base_plus_+13 | base_plus_+3 | base_plus_+5 | base_plus_+8 | base_plus_-11 | base_plus_-13 | base_plus_-3 | base_plus_-5 | base_plus_-8 | nearest_quarter_variant | prior_level_median_residual,4755.88,20.4,False,False,ORIGINAL_ORACLE_PRESERVED,0.0,False,False,SUPERSET_OK_GT10,False,False
2026-01-23,2026-01-22,L4,RANGE_WIDE_120_220,CLOSE_POS_UPPER_THIRD,ROWS_SPARSE_1_8,4936.06,PREV_CLOSE_PROXY,,NEUTRAL,4918.05,4921.01,2.96,True,True,MODE_C_BALANCED,1.0,green_box_midline::green_mid_2,4921.01,2.96,True,True,MICRO_OFFSET | MID_GAP | ORIGINAL_CLUSTER | QUARTER_ROUNDING | RESIDUAL_LEVEL | RESIDUAL_REGIME_LEVEL,adjacent_cluster_midpoint | base_cluster | base_plus_+11 | base_plus_+13 | base_plus_+3 | base_plus_+5 | base_plus_+8 | base_plus_-11 | base_plus_-13 | base_plus_-3 | base_plus_-5 | base_plus_-8 | nearest_quarter_variant | prior_level_median_residual | prior_regime_level_median_residual,4921.01,2.96,True,True,ORIGINAL_ORACLE_PRESERVED,0.0,False,False,SUPERSET_OK_WITHIN_3,False,False
2026-01-23,2026-01-22,L5,RANGE_WIDE_120_220,CLOSE_POS_UPPER_THIRD,ROWS_SPARSE_1_8,4936.06,PREV_CLOSE_PROXY,,NEUTRAL,4895.71,4896.235,0.525,True,True,MODE_C_BALANCED,1.0,green_box_quarter::green_box_2_25pct,4896.251875,0.541875,True,True,MICRO_OFFSET | MID_GAP | ORIGINAL_CLUSTER | QUARTER_ROUNDING | RESIDUAL_LEVEL | RESIDUAL_REGIME_LEVEL,adjacent_cluster_midpoint | base_cluster | base_plus_+11 | base_plus_+13 | base_plus_+3 | base_plus_+5 | base_plus_+8 | base_plus_-11 | base_plus_-13 | base_plus_-3 | base_plus_-5 | base_plus_-8 | nearest_quarter_variant | prior_level_median_residual | prior_regime_level_median_residual,4896.235,0.525,True,True,ORIGINAL_ORACLE_PRESERVED,0.016875,True,False,EXPANSION_SUPERSET_VIOLATION_WORSE_ERROR,False,False
2026-01-23,2026-01-22,L6,RANGE_WIDE_120_220,CLOSE_POS_UPPER_THIRD,ROWS_SPARSE_1_8,4936.06,PREV_CLOSE_PROXY,,NEUTRAL,4870.76,4891.01,20.25,False,False,MODE_C_BALANCED,1.0,red_box_midline::red_mid_1,4891.01,20.25,False,False,MICRO_OFFSET | MID_GAP | ORIGINAL_CLUSTER | QUARTER_ROUNDING | RESIDUAL_LEVEL,adjacent_cluster_midpoint | base_cluster | base_plus_+11 | base_plus_+13 | base_plus_+3 | base_plus_+5 | base_plus_+8 | base_plus_-11 | base_plus_-13 | base_plus_-3 | base_plus_-5 | base_plus_-8 | nearest_quarter_variant | prior_level_median_residual,4891.01,20.25,False,False,ORIGINAL_ORACLE_PRESERVED,0.0,False,False,SUPERSET_OK_GT10,False,False
2026-01-23,2026-01-22,L7,RANGE_WIDE_120_220,CLOSE_POS_UPPER_THIRD,ROWS_SPARSE_1_8,4936.06,PREV_CLOSE_PROXY,,NEUTRAL,4847.66,4866.235,18.575,False,False,MODE_C_BALANCED,1.0,red_box_quarter::red_box_1_75pct,4866.235,18.575,False,False,MICRO_OFFSET | MID_GAP | ORIGINAL_CLUSTER | QUARTER_ROUNDING | RESIDUAL_LEVEL,adjacent_cluster_midpoint | base_cluster | base_plus_+11 | base_plus_+13 | base_plus_+3 | base_plus_+5 | base_plus_+8 | base_plus_-11 | base_plus_-13 | base_plus_-3 | base_plus_-5 | base_plus_-8 | nearest_quarter_variant | prior_level_median_residual,4866.235,18.575,False,False,ORIGINAL_ORACLE_PRESERVED,0.0,False,False,SUPERSET_OK_GT10,False,False
2026-01-26,2026-01-23,L4,RANGE_NORMAL_60_120,CLOSE_POS_UPPER_THIRD,ROWS_EXTENDED_11_PLUS,4987.98,PREV_CLOSE_PROXY,,NEUTRAL,5057.59,5079.925,22.335,False,False,MODE_B_EMA_CHANNEL_DIRECTION_HEAVY,1.0,green_box_edge::green_edge_3,5079.925,22.335,False,False,MICRO_OFFSET | MID_GAP | ORIGINAL_CLUSTER | QUARTER_ROUNDING | RESIDUAL_LEVEL | RESIDUAL_REGIME_LEVEL,adjacent_cluster_midpoint | base_cluster | base_plus_+11 | base_plus_+13 | base_plus_+3 | base_plus_+5 | base_plus_+8 | base_plus_-11 | base_plus_-13 | base_plus_-3 | base_plus_-5 | base_plus_-8 | nearest_quarter_variant | prior_level_median_residual | prior_regime_level_median_residual,5079.925,22.335,False,False,ORIGINAL_ORACLE_PRESERVED,0.0,False,False,SUPERSET_OK_GT10,False,False
2026-01-26,2026-01-23,L5,RANGE_NORMAL_60_120,CLOSE_POS_UPPER_THIRD,ROWS_EXTENDED_11_PLUS,4987.98,PREV_CLOSE_PROXY,,NEUTRAL,5031.93,5049.8375,17.9075,False,False,MODE_B_EMA_CHANNEL_DIRECTION_HEAVY,1.0,green_box_midline::green_mid_3,5049.8375,17.9075,False,False,MICRO_OFFSET | MID_GAP | ORIGINAL_CLUSTER | QUARTER_ROUNDING | RESIDUAL_LEVEL | RESIDUAL_REGIME_LEVEL,adjacent_cluster_midpoint | base_cluster | base_plus_+11 | base_plus_+13 | base_plus_+3 | base_plus_+5 | base_plus_+8 | base_plus_-11 | base_plus_-13 | base_plus_-3 | base_plus_-5 | base_plus_-8 | nearest_quarter_variant | prior_level_median_residual | prior_regime_level_median_residual,5049.8375,17.9075,False,False,ORIGINAL_ORACLE_PRESERVED,0.0,False,False,SUPERSET_OK_GT10,False,False
2026-01-26,2026-01-23,L7,RANGE_NORMAL_60_120,CLOSE_POS_UPPER_THIRD,ROWS_EXTENDED_11_PLUS,4987.98,PREV_CLOSE_PROXY,,NEUTRAL,4984.24,5019.75,35.51,False,False,MODE_A_LIVE_PROXIMITY_HEAVY,2.0,green_box_edge::green_edge_2,5019.75,35.51,False,False,MICRO_OFFSET | MID_GAP | ORIGINAL_CLUSTER | QUARTER_ROUNDING | RESIDUAL_LEVEL | RESIDUAL_REGIME_LEVEL,adjacent_cluster_midpoint | base_cluster | base_plus_+11 | base_plus_+13 | base_plus_+3 | base_plus_+5 | base_plus_+8 | base_plus_-11 | base_plus_-13 | base_plus_-3 | base_plus_-5 | base_plus_-8 | nearest_quarter_variant | prior_level_median_residual | prior_regime_level_median_residual,5019.75,35.51,False,False,ORIGINAL_ORACLE_PRESERVED,0.0,False,False,SUPERSET_OK_GT10,False,False
2026-01-27,2026-01-26,L4,RANGE_WIDE_120_220,CLOSE_POS_LOWER_THIRD,ROWS_STANDARD_9_10,5008.17,PREV_CLOSE_PROXY,,NEUTRAL,5064.63,5046.59625,18.03375,False,False,MODE_B_EMA_CHANNEL_DIRECTION_HEAVY,1.0,green_box_quarter::green_box_1_75pct,5046.59625,18.03375,False,False,MICRO_OFFSET | MID_GAP | ORIGINAL_CLUSTER | QUARTER_ROUNDING | RESIDUAL_LEVEL,adjacent_cluster_midpoint | base_cluster | base_plus_+11 | base_plus_+13 | base_plus_+3 | base_plus_+5 | base_plus_+8 | base_plus_-11 | base_plus_-13 | base_plus_-3 | base_plus_-5 | base_plus_-8 | nearest_quarter_variant | prior_level_median_residual,5046.59625,18.03375,False,False,ORIGINAL_ORACLE_PRESERVED,0.0,False,False,SUPERSET_OK_GT10,False,False
2026-01-27,2026-01-26,L5,RANGE_WIDE_120_220,CLOSE_POS_LOWER_THIRD,ROWS_STANDARD_9_10,5008.17,PREV_CLOSE_PROXY,,NEUTRAL,5033.46,5020.2075,13.2525,False,False,MODE_C_BALANCED,1.0,prior_range_fraction::prev_range_0.25,5020.2075,13.2525,False,False,MICRO_OFFSET | MID_GAP | ORIGINAL_CLUSTER | QUARTER_ROUNDING | RESIDUAL_LEVEL,adjacent_cluster_midpoint | base_cluster | base_plus_+11 | base_plus_+13 | base_plus_+3 | base_plus_+5 | base_plus_+8 | base_plus_-11 | base_plus_-13 | base_plus_-3 | base_plus_-5 | base_plus_-8 | nearest_quarter_variant | prior_level_median_residual,5020.2075,13.2525,False,False,ORIGINAL_ORACLE_PRESERVED,0.0,False,False,SUPERSET_OK_GT10,False,False
2026-01-27,2026-01-26,L6,RANGE_WIDE_120_220,CLOSE_POS_LOWER_THIRD,ROWS_STANDARD_9_10,5008.17,PREV_CLOSE_PROXY,,NEUTRAL,4998.75,4989.93,8.82,False,False,MODE_D_NEAREST_VALID_LADDER,1.0,prior_hlc::previous_low,4989.93,8.82,False,False,MICRO_OFFSET | MID_GAP | ORIGINAL_CLUSTER | QUARTER_ROUNDING | RESIDUAL_LEVEL,adjacent_cluster_midpoint | base_cluster | base_plus_+11 | base_plus_+13 | base_plus_+3 | base_plus_+5 | base_plus_+8 | base_plus_-11 | base_plus_-13 | base_plus_-3 | base_plus_-5 | base_plus_-8 | nearest_quarter_variant | prior_level_median_residual,4989.93,8.82,False,False,ORIGINAL_ORACLE_PRESERVED,0.0,False,False,SUPERSET_OK_WITHIN_10,False,False
2026-01-27,2026-01-26,L7,RANGE_WIDE_120_220,CLOSE_POS_LOWER_THIRD,ROWS_STANDARD_9_10,5008.17,PREV_CLOSE_PROXY,,NEUTRAL,4958.82,4959.93,1.11,True,True,MODE_B_EMA_CHANNEL_DIRECTION_HEAVY,1.0,red_box_edge::red_edge_2,4959.93,1.11,True,True,MICRO_OFFSET | MID_GAP | ORIGINAL_CLUSTER | QUARTER_ROUNDING | RESIDUAL_LEVEL,adjacent_cluster_midpoint | base_cluster | base_plus_+11 | base_plus_+13 | base_plus_+3 | base_plus_+5 | base_plus_+8 | base_plus_-11 | base_plus_-13 | base_plus_-3 | base_plus_-5 | base_plus_-8 | nearest_quarter_variant | prior_level_median_residual,4959.93,1.11,True,True,ORIGINAL_ORACLE_PRESERVED,0.0,False,False,SUPERSET_OK_WITHIN_3,False,False
2026-01-28,2026-01-27,L4,RANGE_WIDE_120_220,CLOSE_POS_UPPER_THIRD,ROWS_STANDARD_9_10,5181.22,PREV_CLOSE_PROXY,,NEUTRAL,5243.94,5168.534375,75.405625,False,False,MODE_C_BALANCED,1.0,prior_range_fraction::prev_range_0.875 | green_box_midline::green_mid_2,5154.63,89.31,False,False,MICRO_OFFSET | MID_GAP | ORIGINAL_CLUSTER | QUARTER_ROUNDING | RESIDUAL_LEVEL,adjacent_cluster_midpoint | base_cluster | base_plus_+11 | base_plus_+13 | base_plus_+3 | base_plus_+5 | base_plus_+8 | base_plus_-11 | base_plus_-13 | base_plus_-3 | base_plus_-5 | base_plus_-8 | nearest_quarter_variant | prior_level_median_residual,5168.534375,75.405625,False,False,ORIGINAL_ORACLE_PRESERVED,13.904375,True,False,EXPANSION_SUPERSET_VIOLATION_WORSE_ERROR,False,False
2026-01-28,2026-01-27,L5,RANGE_WIDE_120_220,CLOSE_POS_UPPER_THIRD,ROWS_STANDARD_9_10,5181.22,PREV_CLOSE_PROXY,,NEUTRAL,5212.86,5140.725625,72.134375,False,False,MODE_C_BALANCED,1.0,red_box_midline::red_mid_1 | green_box_quarter::green_box_2_25pct,5140.725625,72.134375,False,False,MICRO_OFFSET | MID_GAP | ORIGINAL_CLUSTER | QUARTER_ROUNDING | RESIDUAL_LEVEL,adjacent_cluster_midpoint | base_cluster | base_plus_+11 | base_plus_+13 | base_plus_+3 | base_plus_+5 | base_plus_+8 | base_plus_-11 | base_plus_-13 | base_plus_-3 | base_plus_-5 | base_plus_-8 | nearest_quarter_variant | prior_level_median_residual,5140.725625,72.134375,False,False,ORIGINAL_ORACLE_PRESERVED,0.0,False,False,SUPERSET_OK_GT10,False,False
2026-01-28,2026-01-27,L6,RANGE_WIDE_120_220,CLOSE_POS_UPPER_THIRD,ROWS_STANDARD_9_10,5181.22,PREV_CLOSE_PROXY,,NEUTRAL,5180.87,5138.6925,42.1775,False,False,MODE_C_BALANCED,1.0,red_box_midline::red_mid_1,5127.75875,53.11125,False,False,MICRO_OFFSET | MID_GAP | ORIGINAL_CLUSTER | QUARTER_ROUNDING | RESIDUAL_LEVEL,adjacent_cluster_midpoint | base_cluster | base_plus_+11 | base_plus_+13 | base_plus_+3 | base_plus_+5 | base_plus_+8 | base_plus_-11 | base_plus_-13 | base_plus_-3 | base_plus_-5 | base_plus_-8 | nearest_quarter_variant | prior_level_median_residual,5138.6925,42.1775,False,False,ORIGINAL_ORACLE_PRESERVED,10.93375,True,False,EXPANSION_SUPERSET_VIOLATION_WORSE_ERROR,False,False
2026-01-28,2026-01-27,L7,RANGE_WIDE_120_220,CLOSE_POS_UPPER_THIRD,ROWS_STANDARD_9_10,5181.22,PREV_CLOSE_PROXY,,NEUTRAL,5152.26,5112.75875,39.50125,False,False,MODE_B_EMA_CHANNEL_DIRECTION_HEAVY,2.0,red_box_quarter::red_box_1_75pct,5101.825,50.435,False,False,MICRO_OFFSET | MID_GAP | ORIGINAL_CLUSTER | QUARTER_ROUNDING | RESIDUAL_LEVEL,adjacent_cluster_midpoint | base_cluster | base_plus_+11 | base_plus_+13 | base_plus_+3 | base_plus_+5 | base_plus_+8 | base_plus_-11 | base_plus_-13 | base_plus_-3 | base_plus_-5 | base_plus_-8 | nearest_quarter_variant | prior_level_median_residual,5112.75875,39.50125,False,False,ORIGINAL_ORACLE_PRESERVED,10.93375,True,False,EXPANSION_SUPERSET_VIOLATION_WORSE_ERROR,False,False
2026-01-29,2026-01-28,L4,RANGE_EXTREME_220_PLUS,CLOSE_POS_UPPER_THIRD,ROWS_SPARSE_1_8,5417.12,PREV_CLOSE_PROXY,,NEUTRAL,5354.75,5303.23,51.52,False,False,MODE_C_BALANCED,1.0,green_box_edge::green_edge_1,5303.23,51.52,False,False,MICRO_OFFSET | MID_GAP | ORIGINAL_CLUSTER | QUARTER_ROUNDING | RESIDUAL_LEVEL,adjacent_cluster_midpoint | base_cluster | base_plus_+11 | base_plus_+13 | base_plus_+3 | base_plus_+5 | base_plus_+8 | base_plus_-11 | base_plus_-13 | base_plus_-3 | base_plus_-5 | base_plus_-8 | nearest_quarter_variant | prior_level_median_residual,5303.23,51.52,False,False,ORIGINAL_ORACLE_PRESERVED,0.0,False,False,SUPERSET_OK_GT10,False,False
2026-01-29,2026-01-28,L5,RANGE_EXTREME_220_PLUS,CLOSE_POS_UPPER_THIRD,ROWS_SPARSE_1_8,5417.12,PREV_CLOSE_PROXY,,NEUTRAL,5309.52,5273.23,36.29,False,False,MODE_B_EMA_CHANNEL_DIRECTION_HEAVY,2.0,red_box_edge::red_edge_1,5273.23,36.29,False,False,MICRO_OFFSET | MID_GAP | ORIGINAL_CLUSTER | QUARTER_ROUNDING | RESIDUAL_LEVEL,adjacent_cluster_midpoint | base_cluster | base_plus_+11 | base_plus_+13 | base_plus_+3 | base_plus_+5 | base_plus_+8 | base_plus_-11 | base_plus_-13 | base_plus_-3 | base_plus_-5 | base_plus_-8 | nearest_quarter_variant | prior_level_median_residual,5273.23,36.29,False,False,ORIGINAL_ORACLE_PRESERVED,0.0,False,False,SUPERSET_OK_GT10,False,False
2026-01-29,2026-01-28,L6,RANGE_EXTREME_220_PLUS,CLOSE_POS_UPPER_THIRD,ROWS_SPARSE_1_8,5417.12,PREV_CLOSE_PROXY,,NEUTRAL,5250.84,5244.619913,6.220087,False,False,MODE_B_EMA_CHANNEL_DIRECTION_HEAVY,1.0,prior_range_fraction::prev_range_0.333333,5244.619913,6.220087,False,False,MICRO_OFFSET | MID_GAP | ORIGINAL_CLUSTER | QUARTER_ROUNDING | RESIDUAL_LEVEL,adjacent_cluster_midpoint | base_cluster | base_plus_+11 | base_plus_+13 | base_plus_+3 | base_plus_+5 | base_plus_+8 | base_plus_-11 | base_plus_-13 | base_plus_-3 | base_plus_-5 | base_plus_-8 | nearest_quarter_variant | prior_level_median_residual,5244.619913,6.220087,False,False,ORIGINAL_ORACLE_PRESERVED,0.0,False,False,SUPERSET_OK_WITHIN_10,False,False
2026-01-29,2026-01-28,L7,RANGE_EXTREME_220_PLUS,CLOSE_POS_UPPER_THIRD,ROWS_SPARSE_1_8,5417.12,PREV_CLOSE_PROXY,,NEUTRAL,5202.3,5222.815,20.515,False,False,MODE_B_EMA_CHANNEL_DIRECTION_HEAVY,1.0,prior_range_fraction::prev_range_0.25,5222.815,20.515,False,False,MICRO_OFFSET | MID_GAP | ORIGINAL_CLUSTER | QUARTER_ROUNDING | RESIDUAL_LEVEL,adjacent_cluster_midpoint | base_cluster | base_plus_+11 | base_plus_+13 | base_plus_+3 | base_plus_+5 | base_plus_+8 | base_plus_-11 | base_plus_-13 | base_plus_-3 | base_plus_-5 | base_plus_-8 | nearest_quarter_variant | prior_level_median_residual,5222.815,20.515,False,False,ORIGINAL_ORACLE_PRESERVED,0.0,False,False,SUPERSET_OK_GT10,False,False
2026-01-30,2026-01-29,L4,RANGE_EXTREME_220_PLUS,CLOSE_POS_MIDDLE_THIRD,ROWS_STANDARD_9_10,5370.92,PREV_CLOSE_PROXY,,NEUTRAL,5502.93,5475.085,27.845,False,False,MODE_B_EMA_CHANNEL_DIRECTION_HEAVY,1.0,prior_range_fraction::prev_range_0.75,5475.085,27.845,False,False,MICRO_OFFSET | MID_GAP | ORIGINAL_CLUSTER | QUARTER_ROUNDING | RESIDUAL_LEVEL,adjacent_cluster_midpoint | base_cluster | base_plus_+11 | base_plus_+13 | base_plus_+3 | base_plus_+5 | base_plus_+8 | base_plus_-11 | base_plus_-13 | base_plus_-3 | base_plus_-5 | base_plus_-8 | nearest_quarter_variant | prior_level_median_residual,5475.085,27.845,False,False,ORIGINAL_ORACLE_PRESERVED,0.0,False,False,SUPERSET_OK_GT10,False,False
2026-01-30,2026-01-29,L5,RANGE_EXTREME_220_PLUS,CLOSE_POS_MIDDLE_THIRD,ROWS_STANDARD_9_10,5370.92,PREV_CLOSE_PROXY,,NEUTRAL,5453.11,5402.1875,50.9225,False,False,MODE_B_EMA_CHANNEL_DIRECTION_HEAVY,1.0,red_box_quarter::red_box_1_75pct,5402.1875,50.9225,False,False,MICRO_OFFSET | MID_GAP | ORIGINAL_CLUSTER | QUARTER_ROUNDING | RESIDUAL_LEVEL,adjacent_cluster_midpoint | base_cluster | base_plus_+11 | base_plus_+13 | base_plus_+3 | base_plus_+5 | base_plus_+8 | base_plus_-11 | base_plus_-13 | base_plus_-3 | base_plus_-5 | base_plus_-8 | nearest_quarter_variant | prior_level_median_residual,5402.1875,50.9225,False,False,ORIGINAL_ORACLE_PRESERVED,0.0,False,False,SUPERSET_OK_GT10,False,False
2026-01-30,2026-01-29,L6,RANGE_EXTREME_220_PLUS,CLOSE_POS_MIDDLE_THIRD,ROWS_STANDARD_9_10,5370.92,PREV_CLOSE_PROXY,,NEUTRAL,5400.77,5269.593169,131.176831,False,False,MODE_C_BALANCED,1.0,prior_range_fraction::prev_range_0.333333,5269.593169,131.176831,False,False,MICRO_OFFSET | MID_GAP | ORIGINAL_CLUSTER | QUARTER_ROUNDING | RESIDUAL_LEVEL,adjacent_cluster_midpoint | base_cluster | base_plus_+11 | base_plus_+13 | base_plus_+3 | base_plus_+5 | base_plus_+8 | base_plus_-11 | base_plus_-13 | base_plus_-3 | base_plus_-5 | base_plus_-8 | nearest_quarter_variant | prior_level_median_residual,5269.593169,131.176831,False,False,ORIGINAL_ORACLE_PRESERVED,0.0,False,False,SUPERSET_OK_GT10,False,False
2026-01-30,2026-01-29,L7,RANGE_EXTREME_220_PLUS,CLOSE_POS_MIDDLE_THIRD,ROWS_STANDARD_9_10,5370.92,PREV_CLOSE_PROXY,,NEUTRAL,5349.51,5228.495,121.015,False,False,MODE_B_EMA_CHANNEL_DIRECTION_HEAVY,3.0,prior_range_fraction::prev_range_0.25,5217.245,132.265,False,False,MICRO_OFFSET | MID_GAP | ORIGINAL_CLUSTER | QUARTER_ROUNDING | RESIDUAL_LEVEL,adjacent_cluster_midpoint | base_cluster | base_plus_+11 | base_plus_+13 | base_plus_+3 | base_plus_+5 | base_plus_+8 | base_plus_-11 | base_plus_-13 | base_plus_-3 | base_plus_-5 | base_plus_-8 | nearest_quarter_variant | prior_level_median_residual,5228.495,121.015,False,False,ORIGINAL_ORACLE_PRESERVED,11.25,True,False,EXPANSION_SUPERSET_VIOLATION_WORSE_ERROR,False,False
2026-02-02,2026-01-30,L4,RANGE_EXTREME_220_PLUS,CLOSE_POS_LOWER_THIRD,ROWS_EXTENDED_11_PLUS,4885.18,PREV_CLOSE_PROXY,,NEUTRAL,4926.32,5083.835,157.515,False,False,MODE_B_EMA_CHANNEL_DIRECTION_HEAVY,1.0,green_box_edge::green_edge_1,5083.835,157.515,False,False,MICRO_OFFSET | MID_GAP | ORIGINAL_CLUSTER | QUARTER_ROUNDING | RESIDUAL_LEVEL,adjacent_cluster_midpoint | base_cluster | base_plus_+11 | base_plus_+13 | base_plus_+3 | base_plus_+5 | base_plus_+8 | base_plus_-11 | base_plus_-13 | base_plus_-3 | base_plus_-5 | base_plus_-8 | nearest_quarter_variant | prior_level_median_residual,5083.835,157.515,False,False,ORIGINAL_ORACLE_PRESERVED,0.0,False,False,SUPERSET_OK_GT10,False,False
2026-02-02,2026-01-30,L5,RANGE_EXTREME_220_PLUS,CLOSE_POS_LOWER_THIRD,ROWS_EXTENDED_11_PLUS,4885.18,PREV_CLOSE_PROXY,,NEUTRAL,4879.19,5053.835,174.645,False,False,MODE_C_BALANCED,1.0,red_box_edge::red_edge_1,5053.835,174.645,False,False,MICRO_OFFSET | MID_GAP | ORIGINAL_CLUSTER | QUARTER_ROUNDING | RESIDUAL_LEVEL,adjacent_cluster_midpoint | base_cluster | base_plus_+11 | base_plus_+13 | base_plus_+3 | base_plus_+5 | base_plus_+8 | base_plus_-11 | base_plus_-13 | base_plus_-3 | base_plus_-5 | base_plus_-8 | nearest_quarter_variant | prior_level_median_residual,5053.835,174.645,False,False,ORIGINAL_ORACLE_PRESERVED,0.0,False,False,SUPERSET_OK_GT10,False,False
2026-02-02,2026-01-30,L6,RANGE_EXTREME_220_PLUS,CLOSE_POS_LOWER_THIRD,ROWS_EXTENDED_11_PLUS,4885.18,PREV_CLOSE_PROXY,,NEUTRAL,4831.95,4941.473079,109.523079,False,False,MODE_C_BALANCED,1.0,prior_range_fraction::prev_range_0.333333,4941.473079,109.523079,False,False,MICRO_OFFSET | MID_GAP | ORIGINAL_CLUSTER | QUARTER_ROUNDING | RESIDUAL_LEVEL,adjacent_cluster_midpoint | base_cluster | base_plus_+11 | base_plus_+13 | base_plus_+3 | base_plus_+5 | base_plus_+8 | base_plus_-11 | base_plus_-13 | base_plus_-3 | base_plus_-5 | base_plus_-8 | nearest_quarter_variant | prior_level_median_residual,4941.473079,109.523079,False,False,ORIGINAL_ORACLE_PRESERVED,0.0,False,False,SUPERSET_OK_GT10,False,False
2026-02-02,2026-01-30,L7,RANGE_EXTREME_220_PLUS,CLOSE_POS_LOWER_THIRD,ROWS_EXTENDED_11_PLUS,4885.18,PREV_CLOSE_PROXY,,NEUTRAL,4780.49,4877.7925,97.3025,False,False,MODE_B_EMA_CHANNEL_DIRECTION_HEAVY,1.0,prior_range_fraction::prev_range_0.25,4877.7925,97.3025,False,False,MICRO_OFFSET | MID_GAP | ORIGINAL_CLUSTER | QUARTER_ROUNDING | RESIDUAL_LEVEL,adjacent_cluster_midpoint | base_cluster | base_plus_+11 | base_plus_+13 | base_plus_+3 | base_plus_+5 | base_plus_+8 | base_plus_-11 | base_plus_-13 | base_plus_-3 | base_plus_-5 | base_plus_-8 | nearest_quarter_variant | prior_level_median_residual,4877.7925,97.3025,False,False,ORIGINAL_ORACLE_PRESERVED,0.0,False,False,SUPERSET_OK_GT10,False,False
2026-02-03,2026-02-02,L4,RANGE_EXTREME_220_PLUS,CLOSE_POS_MIDDLE_THIRD,ROWS_EXTENDED_11_PLUS,4660.96,PREV_CLOSE_PROXY,,NEUTRAL,4884.57,4786.65,97.92,False,False,MODE_B_EMA_CHANNEL_DIRECTION_HEAVY,1.0,green_box_midline::green_mid_2,4786.65,97.92,False,False,MICRO_OFFSET | MID_GAP | ORIGINAL_CLUSTER | QUARTER_ROUNDING | RESIDUAL_LEVEL,adjacent_cluster_midpoint | base_cluster | base_plus_+11 | base_plus_+13 | base_plus_+3 | base_plus_+5 | base_plus_+8 | base_plus_-11 | base_plus_-13 | base_plus_-3 | base_plus_-5 | base_plus_-8 | nearest_quarter_variant | prior_level_median_residual,4786.65,97.92,False,False,ORIGINAL_ORACLE_PRESERVED,0.0,False,False,SUPERSET_OK_GT10,False,False
2026-02-03,2026-02-02,L5,RANGE_EXTREME_220_PLUS,CLOSE_POS_MIDDLE_THIRD,ROWS_EXTENDED_11_PLUS,4660.96,PREV_CLOSE_PROXY,,NEUTRAL,4848.53,4756.65,91.88,False,False,MODE_C_BALANCED,1.0,red_box_midline::red_mid_1,4756.65,91.88,False,False,MICRO_OFFSET | MID_GAP | ORIGINAL_CLUSTER | QUARTER_ROUNDING | RESIDUAL_LEVEL,adjacent_cluster_midpoint | base_cluster | base_plus_+11 | base_plus_+13 | base_plus_+3 | base_plus_+5 | base_plus_+8 | base_plus_-11 | base_plus_-13 | base_plus_-3 | base_plus_-5 | base_plus_-8 | nearest_quarter_variant | prior_level_median_residual,4756.65,91.88,False,False,ORIGINAL_ORACLE_PRESERVED,0.0,False,False,SUPERSET_OK_GT10,False,False
2026-02-03,2026-02-02,L6,RANGE_EXTREME_220_PLUS,CLOSE_POS_MIDDLE_THIRD,ROWS_EXTENDED_11_PLUS,4660.96,PREV_CLOSE_PROXY,,NEUTRAL,4805.99,4692.705,113.285,False,False,MODE_B_EMA_CHANNEL_DIRECTION_HEAVY,1.0,red_box_quarter::red_box_1_75pct,4692.705,113.285,False,False,MICRO_OFFSET | MID_GAP | ORIGINAL_CLUSTER | QUARTER_ROUNDING | RESIDUAL_LEVEL,adjacent_cluster_midpoint | base_cluster | base_plus_+11 | base_plus_+13 | base_plus_+3 | base_plus_+5 | base_plus_+8 | base_plus_-11 | base_plus_-13 | base_plus_-3 | base_plus_-5 | base_plus_-8 | nearest_quarter_variant | prior_level_median_residual,4692.705,113.285,False,False,ORIGINAL_ORACLE_PRESERVED,0.0,False,False,SUPERSET_OK_GT10,False,False
2026-02-03,2026-02-02,L7,RANGE_EXTREME_220_PLUS,CLOSE_POS_MIDDLE_THIRD,ROWS_EXTENDED_11_PLUS,4660.96,PREV_CLOSE_PROXY,,NEUTRAL,4768.25,4643.76,124.49,False,False,MODE_B_EMA_CHANNEL_DIRECTION_HEAVY,1.0,prior_hlc::previous_mid,4643.76,124.49,False,False,MICRO_OFFSET | MID_GAP | ORIGINAL_CLUSTER | QUARTER_ROUNDING | RESIDUAL_LEVEL,adjacent_cluster_midpoint | base_cluster | base_plus_+11 | base_plus_+13 | base_plus_+3 | base_plus_+5 | base_plus_+8 | base_plus_-11 | base_plus_-13 | base_plus_-3 | base_plus_-5 | base_plus_-8 | nearest_quarter_variant | prior_level_median_residual,4643.76,124.49,False,False,ORIGINAL_ORACLE_PRESERVED,0.0,False,False,SUPERSET_OK_GT10,False,False
2026-02-04,2026-02-03,L4,RANGE_EXTREME_220_PLUS,CLOSE_POS_UPPER_THIRD,ROWS_STANDARD_9_10,4946.72,PREV_CLOSE_PROXY,,NEUTRAL,4996.14,4912.005,84.135,False,False,MODE_C_BALANCED,1.0,prior_range_fraction::prev_range_0.75,4912.005,84.135,False,False,MICRO_OFFSET | MID_GAP | ORIGINAL_CLUSTER | QUARTER_ROUNDING | RESIDUAL_LEVEL,adjacent_cluster_midpoint | base_cluster | base_plus_+11 | base_plus_+13 | base_plus_+3 | base_plus_+5 | base_plus_+8 | base_plus_-11 | base_plus_-13 | base_plus_-3 | base_plus_-5 | base_plus_-8 | nearest_quarter_variant | prior_level_median_residual,4912.005,84.135,False,False,ORIGINAL_ORACLE_PRESERVED,0.0,False,False,SUPERSET_OK_GT10,False,False
2026-02-04,2026-02-03,L5,RANGE_EXTREME_220_PLUS,CLOSE_POS_UPPER_THIRD,ROWS_STANDARD_9_10,4946.72,PREV_CLOSE_PROXY,,NEUTRAL,4948.43,4859.7675,88.6625,False,False,MODE_C_BALANCED,1.0,red_box_quarter::red_box_1_75pct,4859.7675,88.6625,False,False,MICRO_OFFSET | MID_GAP | ORIGINAL_CLUSTER | QUARTER_ROUNDING | RESIDUAL_LEVEL,adjacent_cluster_midpoint | base_cluster | base_plus_+11 | base_plus_+13 | base_plus_+3 | base_plus_+5 | base_plus_+8 | base_plus_-11 | base_plus_-13 | base_plus_-3 | base_plus_-5 | base_plus_-8 | nearest_quarter_variant | prior_level_median_residual,4859.7675,88.6625,False,False,ORIGINAL_ORACLE_PRESERVED,0.0,False,False,SUPERSET_OK_GT10,False,False
2026-02-04,2026-02-03,L6,RANGE_EXTREME_220_PLUS,CLOSE_POS_UPPER_THIRD,ROWS_STANDARD_9_10,4946.72,PREV_CLOSE_PROXY,,NEUTRAL,4900.2,4775.379891,124.820109,False,False,MODE_B_EMA_CHANNEL_DIRECTION_HEAVY,1.0,prior_range_fraction::prev_range_0.333333,4775.379891,124.820109,False,False,MICRO_OFFSET | MID_GAP | ORIGINAL_CLUSTER | QUARTER_ROUNDING | RESIDUAL_LEVEL,adjacent_cluster_midpoint | base_cluster | base_plus_+11 | base_plus_+13 | base_plus_+3 | base_plus_+5 | base_plus_+8 | base_plus_-11 | base_plus_-13 | base_plus_-3 | base_plus_-5 | base_plus_-8 | nearest_quarter_variant | prior_level_median_residual,4775.379891,124.820109,False,False,ORIGINAL_ORACLE_PRESERVED,0.0,False,False,SUPERSET_OK_GT10,False,False
2026-02-04,2026-02-03,L7,RANGE_EXTREME_220_PLUS,CLOSE_POS_UPPER_THIRD,ROWS_STANDARD_9_10,4946.72,PREV_CLOSE_PROXY,,NEUTRAL,4851.46,4725.555,125.905,False,False,MODE_B_EMA_CHANNEL_DIRECTION_HEAVY,1.0,red_box_midline::red_mid_2,4725.555,125.905,False,False,MICRO_OFFSET | MID_GAP | ORIGINAL_CLUSTER | QUARTER_ROUNDING | RESIDUAL_LEVEL,adjacent_cluster_midpoint | base_cluster | base_plus_+11 | base_plus_+13 | base_plus_+3 | base_plus_+5 | base_plus_+8 | base_plus_-11 | base_plus_-13 | base_plus_-3 | base_plus_-5 | base_plus_-8 | nearest_quarter_variant | prior_level_median_residual,4725.555,125.905,False,False,ORIGINAL_ORACLE_PRESERVED,0.0,False,False,SUPERSET_OK_GT10,False,False
2026-02-05,2026-02-04,L4,RANGE_EXTREME_220_PLUS,CLOSE_POS_MIDDLE_THIRD,ROWS_EXTENDED_11_PLUS,4964.74,PREV_CLOSE_PROXY,,NEUTRAL,4990.45,5091.92,101.47,False,False,MODE_C_BALANCED,1.0,prior_hlc::previous_high,5091.92,101.47,False,False,MICRO_OFFSET | MID_GAP | ORIGINAL_CLUSTER | QUARTER_ROUNDING | RESIDUAL_LEVEL,adjacent_cluster_midpoint | base_cluster | base_plus_+11 | base_plus_+13 | base_plus_+3 | base_plus_+5 | base_plus_+8 | base_plus_-11 | base_plus_-13 | base_plus_-3 | base_plus_-5 | base_plus_-8 | nearest_quarter_variant | prior_level_median_residual,5091.92,101.47,False,False,ORIGINAL_ORACLE_PRESERVED,0.0,False,False,SUPERSET_OK_GT10,False,False
2026-02-05,2026-02-04,L5,RANGE_EXTREME_220_PLUS,CLOSE_POS_MIDDLE_THIRD,ROWS_EXTENDED_11_PLUS,4964.74,PREV_CLOSE_PROXY,,NEUTRAL,4944.86,5087.9025,143.0425,False,False,MODE_B_EMA_CHANNEL_DIRECTION_HEAVY,1.0,green_box_quarter::green_box_2_75pct,5087.9025,143.0425,False,False,MICRO_OFFSET | MID_GAP | ORIGINAL_CLUSTER | QUARTER_ROUNDING | RESIDUAL_LEVEL,adjacent_cluster_midpoint | base_cluster | base_plus_+11 | base_plus_+13 | base_plus_+3 | base_plus_+5 | base_plus_+8 | base_plus_-11 | base_plus_-13 | base_plus_-3 | base_plus_-5 | base_plus_-8 | nearest_quarter_variant | prior_level_median_residual,5087.9025,143.0425,False,False,ORIGINAL_ORACLE_PRESERVED,0.0,False,False,SUPERSET_OK_GT10,False,False
2026-02-05,2026-02-04,L6,RANGE_EXTREME_220_PLUS,CLOSE_POS_MIDDLE_THIRD,ROWS_EXTENDED_11_PLUS,4964.74,PREV_CLOSE_PROXY,,NEUTRAL,4896.2,5057.9025,161.7025,False,False,MODE_B_EMA_CHANNEL_DIRECTION_HEAVY,1.0,red_box_quarter::red_box_1_25pct,5057.9025,161.7025,False,False,MICRO_OFFSET | MID_GAP | ORIGINAL_CLUSTER | QUARTER_ROUNDING | RESIDUAL_LEVEL,adjacent_cluster_midpoint | base_cluster | base_plus_+11 | base_plus_+13 | base_plus_+3 | base_plus_+5 | base_plus_+8 | base_plus_-11 | base_plus_-13 | base_plus_-3 | base_plus_-5 | base_plus_-8 | nearest_quarter_variant | prior_level_median_residual,5057.9025,161.7025,False,False,ORIGINAL_ORACLE_PRESERVED,0.0,False,False,SUPERSET_OK_GT10,False,False
2026-02-05,2026-02-04,L7,RANGE_EXTREME_220_PLUS,CLOSE_POS_MIDDLE_THIRD,ROWS_EXTENDED_11_PLUS,4964.74,PREV_CLOSE_PROXY,,NEUTRAL,4843.94,5031.385,187.445,False,False,MODE_E_SPACING_PRESERVATION,1.0,prior_range_fraction::prev_range_0.75,5031.385,187.445,False,False,MICRO_OFFSET | MID_GAP | ORIGINAL_CLUSTER | QUARTER_ROUNDING | RESIDUAL_LEVEL,adjacent_cluster_midpoint | base_cluster | base_plus_+11 | base_plus_+13 | base_plus_+3 | base_plus_+5 | base_plus_+8 | base_plus_-11 | base_plus_-13 | base_plus_-3 | base_plus_-5 | base_plus_-8 | nearest_quarter_variant | prior_level_median_residual,5031.385,187.445,False,False,ORIGINAL_ORACLE_PRESERVED,0.0,False,False,SUPERSET_OK_GT10,False,False
2026-02-06,2026-02-05,L4,RANGE_EXTREME_220_PLUS,CLOSE_POS_LOWER_THIRD,ROWS_EXTENDED_11_PLUS,4779.46,PREV_CLOSE_PROXY,,NEUTRAL,4897.44,4906.79,9.35,False,False,MODE_C_BALANCED,1.0,green_box_edge::green_edge_1,4906.79,9.35,False,False,MICRO_OFFSET | MID_GAP | ORIGINAL_CLUSTER | QUARTER_ROUNDING | RESIDUAL_LEVEL,adjacent_cluster_midpoint | base_cluster | base_plus_+11 | base_plus_+13 | base_plus_+3 | base_plus_+5 | base_plus_+8 | base_plus_-11 | base_plus_-13 | base_plus_-3 | base_plus_-5 | base_plus_-8 | nearest_quarter_variant | prior_level_median_residual,4906.79,9.35,False,False,ORIGINAL_ORACLE_PRESERVED,0.0,False,False,SUPERSET_OK_WITHIN_10,False,False
2026-02-06,2026-02-05,L5,RANGE_EXTREME_220_PLUS,CLOSE_POS_LOWER_THIRD,ROWS_EXTENDED_11_PLUS,4779.46,PREV_CLOSE_PROXY,,NEUTRAL,4854.08,4876.79,22.71,False,False,MODE_C_BALANCED,2.0,red_box_edge::red_edge_1,4876.79,22.71,False,False,MICRO_OFFSET | MID_GAP | ORIGINAL_CLUSTER | QUARTER_ROUNDING | RESIDUAL_LEVEL,adjacent_cluster_midpoint | base_cluster | base_plus_+11 | base_plus_+13 | base_plus_+3 | base_plus_+5 | base_plus_+8 | base_plus_-11 | base_plus_-13 | base_plus_-3 | base_plus_-5 | base_plus_-8 | nearest_quarter_variant | prior_level_median_residual,4876.79,22.71,False,False,ORIGINAL_ORACLE_PRESERVED,0.0,False,False,SUPERSET_OK_GT10,False,False
2026-02-06,2026-02-05,L6,RANGE_EXTREME_220_PLUS,CLOSE_POS_LOWER_THIRD,ROWS_EXTENDED_11_PLUS,4779.46,PREV_CLOSE_PROXY,,NEUTRAL,4803.0,4803.305,0.305,True,True,MODE_A_LIVE_PROXIMITY_HEAVY,1.0,red_box_midline::red_mid_2,4803.305,0.305,True,True,MICRO_OFFSET | MID_GAP | ORIGINAL_CLUSTER | QUARTER_ROUNDING | RESIDUAL_LEVEL,adjacent_cluster_midpoint | base_cluster | base_plus_+11 | base_plus_+13 | base_plus_+3 | base_plus_+5 | base_plus_+8 | base_plus_-11 | base_plus_-13 | base_plus_-3 | base_plus_-5 | base_plus_-8 | nearest_quarter_variant | prior_level_median_residual,4803.305,0.305,True,True,ORIGINAL_ORACLE_PRESERVED,0.0,False,False,SUPERSET_OK_WITHIN_3,False,False
2026-02-06,2026-02-05,L7,RANGE_EXTREME_220_PLUS,CLOSE_POS_LOWER_THIRD,ROWS_EXTENDED_11_PLUS,4779.46,PREV_CLOSE_PROXY,,NEUTRAL,4746.79,4792.8125,46.0225,False,False,MODE_C_BALANCED,1.0,prior_range_fraction::prev_range_0.125,4792.8125,46.0225,False,False,MICRO_OFFSET | MID_GAP | ORIGINAL_CLUSTER | QUARTER_ROUNDING | RESIDUAL_LEVEL,adjacent_cluster_midpoint | base_cluster | base_plus_+11 | base_plus_+13 | base_plus_+3 | base_plus_+5 | base_plus_+8 | base_plus_-11 | base_plus_-13 | base_plus_-3 | base_plus_-5 | base_plus_-8 | nearest_quarter_variant | prior_level_median_residual,4792.8125,46.0225,False,False,ORIGINAL_ORACLE_PRESERVED,0.0,False,False,SUPERSET_OK_GT10,False,False
2026-02-09,2026-02-06,L4,RANGE_EXTREME_220_PLUS,CLOSE_POS_UPPER_THIRD,ROWS_STANDARD_9_10,4965.74,PREV_CLOSE_PROXY,,NEUTRAL,4956.67,4971.43,14.76,False,False,MODE_B_EMA_CHANNEL_DIRECTION_HEAVY,1.0,prior_hlc::previous_high,4971.43,14.76,False,False,MICRO_OFFSET | MID_GAP | ORIGINAL_CLUSTER | QUARTER_ROUNDING | RESIDUAL_LEVEL,adjacent_cluster_midpoint | base_cluster | base_plus_+11 | base_plus_+13 | base_plus_+3 | base_plus_+5 | base_plus_+8 | base_plus_-11 | base_plus_-13 | base_plus_-3 | base_plus_-5 | base_plus_-8 | nearest_quarter_variant | prior_level_median_residual,4971.43,14.76,False,False,ORIGINAL_ORACLE_PRESERVED,0.0,False,False,SUPERSET_OK_GT10,False,False
2026-02-09,2026-02-06,L5,RANGE_EXTREME_220_PLUS,CLOSE_POS_UPPER_THIRD,ROWS_STANDARD_9_10,4965.74,PREV_CLOSE_PROXY,,NEUTRAL,4905.52,4928.17625,22.65625,False,False,MODE_B_EMA_CHANNEL_DIRECTION_HEAVY,1.0,red_box_quarter::red_box_1_25pct,4928.17625,22.65625,False,False,MICRO_OFFSET | MID_GAP | ORIGINAL_CLUSTER | QUARTER_ROUNDING | RESIDUAL_LEVEL,adjacent_cluster_midpoint | base_cluster | base_plus_+11 | base_plus_+13 | base_plus_+3 | base_plus_+5 | base_plus_+8 | base_plus_-11 | base_plus_-13 | base_plus_-3 | base_plus_-5 | base_plus_-8 | nearest_quarter_variant | prior_level_median_residual,4928.17625,22.65625,False,False,ORIGINAL_ORACLE_PRESERVED,0.0,False,False,SUPERSET_OK_GT10,False,False
2026-02-09,2026-02-06,L6,RANGE_EXTREME_220_PLUS,CLOSE_POS_UPPER_THIRD,ROWS_STANDARD_9_10,4965.74,PREV_CLOSE_PROXY,,NEUTRAL,4853.78,4884.9225,31.1425,False,False,MODE_C_BALANCED,1.0,red_box_midline::red_mid_1,4884.9225,31.1425,False,False,MICRO_OFFSET | MID_GAP | ORIGINAL_CLUSTER | QUARTER_ROUNDING | RESIDUAL_LEVEL,adjacent_cluster_midpoint | base_cluster | base_plus_+11 | base_plus_+13 | base_plus_+3 | base_plus_+5 | base_plus_+8 | base_plus_-11 | base_plus_-13 | base_plus_-3 | base_plus_-5 | base_plus_-8 | nearest_quarter_variant | prior_level_median_residual,4884.9225,31.1425,False,False,ORIGINAL_ORACLE_PRESERVED,0.0,False,False,SUPERSET_OK_GT10,False,False
2026-02-09,2026-02-06,L7,RANGE_EXTREME_220_PLUS,CLOSE_POS_UPPER_THIRD,ROWS_STANDARD_9_10,4965.74,PREV_CLOSE_PROXY,,NEUTRAL,4803.35,4828.415,25.065,False,False,MODE_C_BALANCED,1.0,green_box_edge::green_edge_1,4828.415,25.065,False,False,MICRO_OFFSET | MID_GAP | ORIGINAL_CLUSTER | QUARTER_ROUNDING | RESIDUAL_LEVEL,adjacent_cluster_midpoint | base_cluster | base_plus_+11 | base_plus_+13 | base_plus_+3 | base_plus_+5 | base_plus_+8 | base_plus_-11 | base_plus_-13 | base_plus_-3 | base_plus_-5 | base_plus_-8 | nearest_quarter_variant | prior_level_median_residual,4828.415,25.065,False,False,ORIGINAL_ORACLE_PRESERVED,0.0,False,False,SUPERSET_OK_GT10,False,False
2026-02-10,2026-02-09,L4,RANGE_WIDE_120_220,CLOSE_POS_UPPER_THIRD,ROWS_STANDARD_9_10,5057.94,PREV_CLOSE_PROXY,,NEUTRAL,5139.66,5135.6975,3.9625,False,True,MODE_B_EMA_CHANNEL_DIRECTION_HEAVY,1.0,green_box_quarter::green_box_3_25pct,5135.6975,3.9625,False,True,MICRO_OFFSET | MID_GAP | ORIGINAL_CLUSTER | QUARTER_ROUNDING | RESIDUAL_LEVEL,adjacent_cluster_midpoint | base_cluster | base_plus_+11 | base_plus_+13 | base_plus_+3 | base_plus_+5 | base_plus_+8 | base_plus_-11 | base_plus_-13 | base_plus_-3 | base_plus_-5 | base_plus_-8 | nearest_quarter_variant | prior_level_median_residual,5135.6975,3.9625,False,True,ORIGINAL_ORACLE_PRESERVED,0.0,False,False,SUPERSET_OK_WITHIN_5,False,False
2026-02-10,2026-02-09,L5,RANGE_WIDE_120_220,CLOSE_POS_UPPER_THIRD,ROWS_STANDARD_9_10,5057.94,PREV_CLOSE_PROXY,,NEUTRAL,5081.07,5116.72,35.65,False,False,MODE_B_EMA_CHANNEL_DIRECTION_HEAVY,1.0,green_box_edge::green_edge_2,5116.72,35.65,False,False,MICRO_OFFSET | MID_GAP | ORIGINAL_CLUSTER | QUARTER_ROUNDING | RESIDUAL_LEVEL,adjacent_cluster_midpoint | base_cluster | base_plus_+11 | base_plus_+13 | base_plus_+3 | base_plus_+5 | base_plus_+8 | base_plus_-11 | base_plus_-13 | base_plus_-3 | base_plus_-5 | base_plus_-8 | nearest_quarter_variant | prior_level_median_residual,5116.72,35.65,False,False,ORIGINAL_ORACLE_PRESERVED,0.0,False,False,SUPERSET_OK_GT10,False,False
2026-02-10,2026-02-09,L6,RANGE_WIDE_120_220,CLOSE_POS_UPPER_THIRD,ROWS_STANDARD_9_10,5057.94,PREV_CLOSE_PROXY,,NEUTRAL,5034.62,5057.94,23.32,False,False,MODE_D_NEAREST_VALID_LADDER,1.0,prior_hlc::previous_close,5057.94,23.32,False,False,MICRO_OFFSET | MID_GAP | ORIGINAL_CLUSTER | QUARTER_ROUNDING | RESIDUAL_LEVEL,adjacent_cluster_midpoint | base_cluster | base_plus_+11 | base_plus_+13 | base_plus_+3 | base_plus_+5 | base_plus_+8 | base_plus_-11 | base_plus_-13 | base_plus_-3 | base_plus_-5 | base_plus_-8 | nearest_quarter_variant | prior_level_median_residual,5057.94,23.32,False,False,ORIGINAL_ORACLE_PRESERVED,0.0,False,False,SUPERSET_OK_GT10,False,False
2026-02-10,2026-02-09,L7,RANGE_WIDE_120_220,CLOSE_POS_UPPER_THIRD,ROWS_STANDARD_9_10,5057.94,PREV_CLOSE_PROXY,,NEUTRAL,4987.02,5056.265,69.245,False,False,MODE_A_LIVE_PROXIMITY_HEAVY,1.0,prior_range_fraction::prev_range_0.75,5056.265,69.245,False,False,MICRO_OFFSET | MID_GAP | ORIGINAL_CLUSTER | QUARTER_ROUNDING | RESIDUAL_LEVEL,adjacent_cluster_midpoint | base_cluster | base_plus_+11 | base_plus_+13 | base_plus_+3 | base_plus_+5 | base_plus_+8 | base_plus_-11 | base_plus_-13 | base_plus_-3 | base_plus_-5 | base_plus_-8 | nearest_quarter_variant | prior_level_median_residual,5056.265,69.245,False,False,ORIGINAL_ORACLE_PRESERVED,0.0,False,False,SUPERSET_OK_GT10,False,False
2026-02-11,2026-02-10,L4,RANGE_NORMAL_60_120,CLOSE_POS_MIDDLE_THIRD,ROWS_STANDARD_9_10,5025.3,PREV_CLOSE_PROXY,,NEUTRAL,5075.63,5078.415,2.785,True,True,MODE_C_BALANCED,1.0,green_box_midline::green_mid_2 | prior_hlc::previous_high,5051.8575,23.7725,False,False,MICRO_OFFSET | MID_GAP | ORIGINAL_CLUSTER | QUARTER_ROUNDING | RESIDUAL_LEVEL | RESIDUAL_REGIME_LEVEL,adjacent_cluster_midpoint | base_cluster | base_plus_+11 | base_plus_+13 | base_plus_+3 | base_plus_+5 | base_plus_+8 | base_plus_-11 | base_plus_-13 | base_plus_-3 | base_plus_-5 | base_plus_-8 | nearest_quarter_variant | prior_level_median_residual | prior_regime_level_median_residual,5078.415,2.785,True,True,ORIGINAL_ORACLE_PRESERVED,20.9875,True,True,EXPANSION_SUPERSET_VIOLATION_LOST_WITHIN_5,False,False
2026-02-11,2026-02-10,L5,RANGE_NORMAL_60_120,CLOSE_POS_MIDDLE_THIRD,ROWS_STANDARD_9_10,5025.3,PREV_CLOSE_PROXY,,NEUTRAL,5016.51,5031.7725,15.2625,False,False,MODE_C_BALANCED,2.0,prior_hlc::previous_pivot_hlc3 | red_box_quarter::red_box_1_75pct,5038.88797,22.37797,False,False,MICRO_OFFSET | MID_GAP | ORIGINAL_CLUSTER | QUARTER_ROUNDING | RESIDUAL_LEVEL | RESIDUAL_REGIME_LEVEL,adjacent_cluster_midpoint | base_cluster | base_plus_+11 | base_plus_+13 | base_plus_+3 | base_plus_+5 | base_plus_+8 | base_plus_-11 | base_plus_-13 | base_plus_-3 | base_plus_-5 | base_plus_-8 | nearest_quarter_variant | prior_level_median_residual | prior_regime_level_median_residual,5031.7725,15.2625,False,False,ORIGINAL_ORACLE_PRESERVED,7.11547,True,False,EXPANSION_SUPERSET_VIOLATION_WORSE_ERROR,False,False
2026-02-11,2026-02-10,L6,RANGE_NORMAL_60_120,CLOSE_POS_MIDDLE_THIRD,ROWS_STANDARD_9_10,5025.3,PREV_CLOSE_PROXY,,NEUTRAL,4967.33,5010.19,42.86,False,False,MODE_C_BALANCED,1.0,prior_range_fraction::prev_range_0.25,5021.585,54.255,False,False,MICRO_OFFSET | MID_GAP | ORIGINAL_CLUSTER | QUARTER_ROUNDING | RESIDUAL_LEVEL | RESIDUAL_REGIME_LEVEL,adjacent_cluster_midpoint | base_cluster | base_plus_+11 | base_plus_+13 | base_plus_+3 | base_plus_+5 | base_plus_+8 | base_plus_-11 | base_plus_-13 | base_plus_-3 | base_plus_-5 | base_plus_-8 | nearest_quarter_variant | prior_level_median_residual | prior_regime_level_median_residual,5010.19,42.86,False,False,ORIGINAL_ORACLE_PRESERVED,11.395,True,False,EXPANSION_SUPERSET_VIOLATION_WORSE_ERROR,False,False
2026-02-11,2026-02-10,L7,RANGE_NORMAL_60_120,CLOSE_POS_MIDDLE_THIRD,ROWS_STANDARD_9_10,5025.3,PREV_CLOSE_PROXY,,NEUTRAL,4912.29,4957.4,45.11,False,False,MODE_B_EMA_CHANNEL_DIRECTION_HEAVY,4.0,red_box_edge::red_edge_2,4987.69,75.4,False,False,MICRO_OFFSET | MID_GAP | ORIGINAL_CLUSTER | QUARTER_ROUNDING | RESIDUAL_LEVEL | RESIDUAL_REGIME_LEVEL,adjacent_cluster_midpoint | base_cluster | base_plus_+11 | base_plus_+13 | base_plus_+3 | base_plus_+5 | base_plus_+8 | base_plus_-11 | base_plus_-13 | base_plus_-3 | base_plus_-5 | base_plus_-8 | nearest_quarter_variant | prior_level_median_residual | prior_regime_level_median_residual,4957.4,45.11,False,False,ORIGINAL_ORACLE_PRESERVED,30.29,True,False,EXPANSION_SUPERSET_VIOLATION_WORSE_ERROR,False,False
2026-02-12,2026-02-11,L4,RANGE_NORMAL_60_120,CLOSE_POS_MIDDLE_THIRD,ROWS_EXTENDED_11_PLUS,5084.24,PREV_CLOSE_PROXY,,NEUTRAL,5117.76,5119.06,1.3,True,True,MODE_B_EMA_CHANNEL_DIRECTION_HEAVY,1.0,prior_hlc::previous_high,5119.06,1.3,True,True,MICRO_OFFSET | MID_GAP | ORIGINAL_CLUSTER | QUARTER_ROUNDING | RESIDUAL_LEVEL,adjacent_cluster_midpoint | base_cluster | base_plus_+11 | base_plus_+13 | base_plus_+3 | base_plus_+5 | base_plus_+8 | base_plus_-11 | base_plus_-13 | base_plus_-3 | base_plus_-5 | base_plus_-8 | nearest_quarter_variant | prior_level_median_residual,5119.06,1.3,True,True,ORIGINAL_ORACLE_PRESERVED,0.0,False,False,SUPERSET_OK_WITHIN_3,False,False
2026-02-12,2026-02-11,L5,RANGE_NORMAL_60_120,CLOSE_POS_MIDDLE_THIRD,ROWS_EXTENDED_11_PLUS,5084.24,PREV_CLOSE_PROXY,,NEUTRAL,5075.63,5067.735,7.895,False,False,MODE_C_BALANCED,1.0,green_box_quarter::green_box_1_75pct,5067.735,7.895,False,False,MICRO_OFFSET | MID_GAP | ORIGINAL_CLUSTER | QUARTER_ROUNDING | RESIDUAL_LEVEL | RESIDUAL_REGIME_LEVEL,adjacent_cluster_midpoint | base_cluster | base_plus_+11 | base_plus_+13 | base_plus_+3 | base_plus_+5 | base_plus_+8 | base_plus_-11 | base_plus_-13 | base_plus_-3 | base_plus_-5 | base_plus_-8 | nearest_quarter_variant | prior_level_median_residual | prior_regime_level_median_residual,5067.735,7.895,False,False,ORIGINAL_ORACLE_PRESERVED,0.0,False,False,SUPERSET_OK_WITHIN_10,False,False
2026-02-12,2026-02-11,L6,RANGE_NORMAL_60_120,CLOSE_POS_MIDDLE_THIRD,ROWS_EXTENDED_11_PLUS,5084.24,PREV_CLOSE_PROXY,,NEUTRAL,5037.65,5035.205,2.445,True,True,MODE_C_BALANCED,1.0,green_box_quarter::green_box_1_25pct,5035.205,2.445,True,True,MICRO_OFFSET | MID_GAP | ORIGINAL_CLUSTER | QUARTER_ROUNDING | RESIDUAL_LEVEL | RESIDUAL_REGIME_LEVEL,adjacent_cluster_midpoint | base_cluster | base_plus_+11 | base_plus_+13 | base_plus_+3 | base_plus_+5 | base_plus_+8 | base_plus_-11 | base_plus_-13 | base_plus_-3 | base_plus_-5 | base_plus_-8 | nearest_quarter_variant | prior_level_median_residual | prior_regime_level_median_residual,5035.205,2.445,True,True,ORIGINAL_ORACLE_PRESERVED,0.0,False,False,SUPERSET_OK_WITHIN_3,False,False
2026-02-12,2026-02-11,L7,RANGE_NORMAL_60_120,CLOSE_POS_MIDDLE_THIRD,ROWS_EXTENDED_11_PLUS,5084.24,PREV_CLOSE_PROXY,,NEUTRAL,4999.12,5005.205,6.085,False,False,MODE_B_EMA_CHANNEL_DIRECTION_HEAVY,1.0,red_box_quarter::red_box_2_75pct,5005.205,6.085,False,False,MICRO_OFFSET | MID_GAP | ORIGINAL_CLUSTER | QUARTER_ROUNDING | RESIDUAL_LEVEL | RESIDUAL_REGIME_LEVEL,adjacent_cluster_midpoint | base_cluster | base_plus_+11 | base_plus_+13 | base_plus_+3 | base_plus_+5 | base_plus_+8 | base_plus_-11 | base_plus_-13 | base_plus_-3 | base_plus_-5 | base_plus_-8 | nearest_quarter_variant | prior_level_median_residual | prior_regime_level_median_residual,5005.205,6.085,False,False,ORIGINAL_ORACLE_PRESERVED,0.0,False,False,SUPERSET_OK_WITHIN_10,False,False
2026-02-13,2026-02-12,L4,RANGE_EXTREME_220_PLUS,CLOSE_POS_LOWER_THIRD,ROWS_SPARSE_1_8,4921.64,PREV_CLOSE_PROXY,,NEUTRAL,4960.96,4952.346593,8.613407,False,False,MODE_B_EMA_CHANNEL_DIRECTION_HEAVY,3.0,prior_range_fraction::prev_range_0.333333,4952.346593,8.613407,False,False,MICRO_OFFSET | MID_GAP | ORIGINAL_CLUSTER | QUARTER_ROUNDING | RESIDUAL_LEVEL,adjacent_cluster_midpoint | base_cluster | base_plus_+11 | base_plus_+13 | base_plus_+3 | base_plus_+5 | base_plus_+8 | base_plus_-11 | base_plus_-13 | base_plus_-3 | base_plus_-5 | base_plus_-8 | nearest_quarter_variant | prior_level_median_residual,4952.346593,8.613407,False,False,ORIGINAL_ORACLE_PRESERVED,0.0,False,False,SUPERSET_OK_WITHIN_10,False,False
2026-02-13,2026-02-12,L5,RANGE_EXTREME_220_PLUS,CLOSE_POS_LOWER_THIRD,ROWS_SPARSE_1_8,4921.64,PREV_CLOSE_PROXY,,NEUTRAL,4914.19,4921.64,7.45,False,False,MODE_D_NEAREST_VALID_LADDER,4.0,prior_hlc::previous_close,4927.77,13.58,False,False,MICRO_OFFSET | MID_GAP | ORIGINAL_CLUSTER | QUARTER_ROUNDING | RESIDUAL_LEVEL,adjacent_cluster_midpoint | base_cluster | base_plus_+11 | base_plus_+13 | base_plus_+3 | base_plus_+5 | base_plus_+8 | base_plus_-11 | base_plus_-13 | base_plus_-3 | base_plus_-5 | base_plus_-8 | nearest_quarter_variant | prior_level_median_residual,4921.64,7.45,False,False,ORIGINAL_ORACLE_PRESERVED,6.13,True,False,EXPANSION_SUPERSET_VIOLATION_WORSE_ERROR,False,False
2026-02-13,2026-02-12,L6,RANGE_EXTREME_220_PLUS,CLOSE_POS_LOWER_THIRD,ROWS_SPARSE_1_8,4921.64,PREV_CLOSE_PROXY,,NEUTRAL,4870.79,4879.98,9.19,False,False,MODE_C_BALANCED,1.0,red_box_quarter::red_box_2_75pct,4879.98,9.19,False,False,MICRO_OFFSET | MID_GAP | ORIGINAL_CLUSTER | QUARTER_ROUNDING | RESIDUAL_LEVEL,adjacent_cluster_midpoint | base_cluster | base_plus_+11 | base_plus_+13 | base_plus_+3 | base_plus_+5 | base_plus_+8 | base_plus_-11 | base_plus_-13 | base_plus_-3 | base_plus_-5 | base_plus_-8 | nearest_quarter_variant | prior_level_median_residual,4879.98,9.19,False,False,ORIGINAL_ORACLE_PRESERVED,0.0,False,False,SUPERSET_OK_WITHIN_10,False,False
2026-02-13,2026-02-12,L7,RANGE_EXTREME_220_PLUS,CLOSE_POS_LOWER_THIRD,ROWS_SPARSE_1_8,4921.64,PREV_CLOSE_PROXY,,NEUTRAL,4825.68,4878.56,52.88,False,False,MODE_B_EMA_CHANNEL_DIRECTION_HEAVY,2.0,prior_hlc::previous_low,4906.23,80.55,False,False,MICRO_OFFSET | MID_GAP | ORIGINAL_CLUSTER | QUARTER_ROUNDING | RESIDUAL_LEVEL,adjacent_cluster_midpoint | base_cluster | base_plus_+11 | base_plus_+13 | base_plus_+3 | base_plus_+5 | base_plus_+8 | base_plus_-11 | base_plus_-13 | base_plus_-3 | base_plus_-5 | base_plus_-8 | nearest_quarter_variant | prior_level_median_residual,4878.56,52.88,False,False,ORIGINAL_ORACLE_PRESERVED,27.67,True,False,EXPANSION_SUPERSET_VIOLATION_WORSE_ERROR,False,False
2026-02-16,2026-02-13,L4,RANGE_WIDE_120_220,CLOSE_POS_UPPER_THIRD,ROWS_SPARSE_1_8,5042.46,PREV_CLOSE_PROXY,,NEUTRAL,5039.88,5027.2375,12.6425,False,False,MODE_C_BALANCED,1.0,prior_range_fraction::prev_range_0.875 | green_box_midline::green_mid_2,5027.2375,12.6425,False,False,MICRO_OFFSET | MID_GAP | ORIGINAL_CLUSTER | QUARTER_ROUNDING | RESIDUAL_LEVEL | RESIDUAL_REGIME_LEVEL,adjacent_cluster_midpoint | base_cluster | base_plus_+11 | base_plus_+13 | base_plus_+3 | base_plus_+5 | base_plus_+8 | base_plus_-11 | base_plus_-13 | base_plus_-3 | base_plus_-5 | base_plus_-8 | nearest_quarter_variant | prior_level_median_residual | prior_regime_level_median_residual,5027.2375,12.6425,False,False,ORIGINAL_ORACLE_PRESERVED,0.0,False,False,SUPERSET_OK_GT10,False,False
2026-02-16,2026-02-13,L5,RANGE_WIDE_120_220,CLOSE_POS_UPPER_THIRD,ROWS_SPARSE_1_8,5042.46,PREV_CLOSE_PROXY,,NEUTRAL,5001.35,5004.625,3.275,False,True,MODE_C_BALANCED,1.0,green_box_quarter::green_box_2_25pct,5004.625,3.275,False,True,MICRO_OFFSET | MID_GAP | ORIGINAL_CLUSTER | QUARTER_ROUNDING | RESIDUAL_LEVEL | RESIDUAL_REGIME_LEVEL,adjacent_cluster_midpoint | base_cluster | base_plus_+11 | base_plus_+13 | base_plus_+3 | base_plus_+5 | base_plus_+8 | base_plus_-11 | base_plus_-13 | base_plus_-3 | base_plus_-5 | base_plus_-8 | nearest_quarter_variant | prior_level_median_residual | prior_regime_level_median_residual,5004.625,3.275,False,True,ORIGINAL_ORACLE_PRESERVED,0.0,False,False,SUPERSET_OK_WITHIN_5,False,False
2026-02-16,2026-02-13,L6,RANGE_WIDE_120_220,CLOSE_POS_UPPER_THIRD,ROWS_SPARSE_1_8,5042.46,PREV_CLOSE_PROXY,,NEUTRAL,4961.15,4980.8,19.65,False,False,MODE_C_BALANCED,2.0,green_box_edge::green_edge_1,4989.625,28.475,False,False,MICRO_OFFSET | MID_GAP | ORIGINAL_CLUSTER | QUARTER_ROUNDING | RESIDUAL_LEVEL,adjacent_cluster_midpoint | base_cluster | base_plus_+11 | base_plus_+13 | base_plus_+3 | base_plus_+5 | base_plus_+8 | base_plus_-11 | base_plus_-13 | base_plus_-3 | base_plus_-5 | base_plus_-8 | nearest_quarter_variant | prior_level_median_residual,4980.8,19.65,False,False,ORIGINAL_ORACLE_PRESERVED,8.825,True,False,EXPANSION_SUPERSET_VIOLATION_WORSE_ERROR,False,False
2026-02-17,2026-02-16,L4,RANGE_NORMAL_60_120,CLOSE_POS_MIDDLE_THIRD,ROWS_STANDARD_9_10,4993.64,PREV_CLOSE_PROXY,,NEUTRAL,5037.25,5041.18125,3.93125,False,True,MODE_D_NEAREST_VALID_LADDER,2.0,prior_range_fraction::prev_range_0.875,5023.035625,14.214375,False,False,MICRO_OFFSET | MID_GAP | ORIGINAL_CLUSTER | QUARTER_ROUNDING | RESIDUAL_LEVEL | RESIDUAL_REGIME_LEVEL,adjacent_cluster_midpoint | base_cluster | base_plus_+11 | base_plus_+13 | base_plus_+3 | base_plus_+5 | base_plus_+8 | base_plus_-11 | base_plus_-13 | base_plus_-3 | base_plus_-5 | base_plus_-8 | nearest_quarter_variant | prior_level_median_residual | prior_regime_level_median_residual,5041.18125,3.93125,False,True,ORIGINAL_ORACLE_PRESERVED,10.283125,True,True,EXPANSION_SUPERSET_VIOLATION_LOST_WITHIN_5,False,False
2026-02-17,2026-02-16,L5,RANGE_NORMAL_60_120,CLOSE_POS_MIDDLE_THIRD,ROWS_STANDARD_9_10,4993.64,PREV_CLOSE_PROXY,,NEUTRAL,4997.56,4993.7875,3.7725,False,True,MODE_C_BALANCED,3.0,green_box_midline::green_mid_1,5008.380625,10.820625,False,False,MICRO_OFFSET | MID_GAP | ORIGINAL_CLUSTER | QUARTER_ROUNDING | RESIDUAL_LEVEL | RESIDUAL_REGIME_LEVEL,adjacent_cluster_midpoint | base_cluster | base_plus_+11 | base_plus_+13 | base_plus_+3 | base_plus_+5 | base_plus_+8 | base_plus_-11 | base_plus_-13 | base_plus_-3 | base_plus_-5 | base_plus_-8 | nearest_quarter_variant | prior_level_median_residual | prior_regime_level_median_residual,4993.7875,3.7725,False,True,ORIGINAL_ORACLE_PRESERVED,7.048125,True,True,EXPANSION_SUPERSET_VIOLATION_LOST_WITHIN_5,False,False
2026-02-17,2026-02-16,L6,RANGE_NORMAL_60_120,CLOSE_POS_MIDDLE_THIRD,ROWS_STANDARD_9_10,4993.64,PREV_CLOSE_PROXY,,NEUTRAL,4963.07,4986.2875,23.2175,False,False,MODE_D_NEAREST_VALID_LADDER,1.0,prior_range_fraction::prev_range_0.25,4997.26625,34.19625,False,False,MICRO_OFFSET | MID_GAP | ORIGINAL_CLUSTER | QUARTER_ROUNDING | RESIDUAL_LEVEL | RESIDUAL_REGIME_LEVEL,adjacent_cluster_midpoint | base_cluster | base_plus_+11 | base_plus_+13 | base_plus_+3 | base_plus_+5 | base_plus_+8 | base_plus_-11 | base_plus_-13 | base_plus_-3 | base_plus_-5 | base_plus_-8 | nearest_quarter_variant | prior_level_median_residual | prior_regime_level_median_residual,4986.2875,23.2175,False,False,ORIGINAL_ORACLE_PRESERVED,10.97875,True,False,EXPANSION_SUPERSET_VIOLATION_WORSE_ERROR,False,False
2026-02-17,2026-02-16,L7,RANGE_NORMAL_60_120,CLOSE_POS_MIDDLE_THIRD,ROWS_STANDARD_9_10,4993.64,PREV_CLOSE_PROXY,,NEUTRAL,4920.57,4890.14375,30.42625,False,False,MODE_B_EMA_CHANNEL_DIRECTION_HEAVY,3.0,red_box_quarter::red_box_3_75pct,4890.14375,30.42625,False,False,MICRO_OFFSET | MID_GAP | ORIGINAL_CLUSTER | QUARTER_ROUNDING | RESIDUAL_LEVEL | RESIDUAL_REGIME_LEVEL,adjacent_cluster_midpoint | base_cluster | base_plus_+11 | base_plus_+13 | base_plus_+3 | base_plus_+5 | base_plus_+8 | base_plus_-11 | base_plus_-13 | base_plus_-3 | base_plus_-5 | base_plus_-8 | nearest_quarter_variant | prior_level_median_residual | prior_regime_level_median_residual,4890.14375,30.42625,False,False,ORIGINAL_ORACLE_PRESERVED,0.0,False,False,SUPERSET_OK_GT10,False,False
2026-02-18,2026-02-17,L4,RANGE_WIDE_120_220,CLOSE_POS_LOWER_THIRD,ROWS_STANDARD_9_10,4877.1,PREV_CLOSE_PROXY,,NEUTRAL,4912.68,4912.9,0.22,True,True,MODE_B_EMA_CHANNEL_DIRECTION_HEAVY,2.0,green_box_quarter::green_box_1_75pct,4926.53032,13.85032,False,False,MICRO_OFFSET | MID_GAP | ORIGINAL_CLUSTER | QUARTER_ROUNDING | RESIDUAL_LEVEL | RESIDUAL_REGIME_LEVEL,adjacent_cluster_midpoint | base_cluster | base_plus_+11 | base_plus_+13 | base_plus_+3 | base_plus_+5 | base_plus_+8 | base_plus_-11 | base_plus_-13 | base_plus_-3 | base_plus_-5 | base_plus_-8 | nearest_quarter_variant | prior_level_median_residual | prior_regime_level_median_residual,4912.9,0.22,True,True,ORIGINAL_ORACLE_PRESERVED,13.63032,True,True,EXPANSION_SUPERSET_VIOLATION_LOST_WITHIN_5,False,False
2026-02-18,2026-02-17,L5,RANGE_WIDE_120_220,CLOSE_POS_LOWER_THIRD,ROWS_STANDARD_9_10,4877.1,PREV_CLOSE_PROXY,,NEUTRAL,4878.73,4881.84,3.11,False,True,MODE_C_BALANCED,2.0,prior_range_fraction::prev_range_0.25,4894.27625,15.54625,False,False,MICRO_OFFSET | MID_GAP | ORIGINAL_CLUSTER | QUARTER_ROUNDING | RESIDUAL_LEVEL | RESIDUAL_REGIME_LEVEL,adjacent_cluster_midpoint | base_cluster | base_plus_+11 | base_plus_+13 | base_plus_+3 | base_plus_+5 | base_plus_+8 | base_plus_-11 | base_plus_-13 | base_plus_-3 | base_plus_-5 | base_plus_-8 | nearest_quarter_variant | prior_level_median_residual | prior_regime_level_median_residual,4881.84,3.11,False,True,ORIGINAL_ORACLE_PRESERVED,12.43625,True,True,EXPANSION_SUPERSET_VIOLATION_LOST_WITHIN_5,False,False
2026-02-18,2026-02-17,L6,RANGE_WIDE_120_220,CLOSE_POS_LOWER_THIRD,ROWS_STANDARD_9_10,4877.1,PREV_CLOSE_PROXY,,NEUTRAL,4842.48,4842.22,0.26,True,True,MODE_C_BALANCED,2.0,prior_hlc::previous_low,4850.78,8.3,False,False,MICRO_OFFSET | MID_GAP | ORIGINAL_CLUSTER | QUARTER_ROUNDING | RESIDUAL_LEVEL | RESIDUAL_REGIME_LEVEL,adjacent_cluster_midpoint | base_cluster | base_plus_+11 | base_plus_+13 | base_plus_+3 | base_plus_+5 | base_plus_+8 | base_plus_-11 | base_plus_-13 | base_plus_-3 | base_plus_-5 | base_plus_-8 | nearest_quarter_variant | prior_level_median_residual | prior_regime_level_median_residual,4842.22,0.26,True,True,ORIGINAL_ORACLE_PRESERVED,8.04,True,True,EXPANSION_SUPERSET_VIOLATION_LOST_WITHIN_5,False,False
2026-02-18,2026-02-17,L7,RANGE_WIDE_120_220,CLOSE_POS_LOWER_THIRD,ROWS_STANDARD_9_10,4877.1,PREV_CLOSE_PROXY,,NEUTRAL,4805.69,4812.22,6.53,False,False,MODE_B_EMA_CHANNEL_DIRECTION_HEAVY,1.0,red_box_edge::red_edge_2,4812.22,6.53,False,False,MICRO_OFFSET | MID_GAP | ORIGINAL_CLUSTER | QUARTER_ROUNDING | RESIDUAL_LEVEL | RESIDUAL_REGIME_LEVEL,adjacent_cluster_midpoint | base_cluster | base_plus_+11 | base_plus_+13 | base_plus_+3 | base_plus_+5 | base_plus_+8 | base_plus_-11 | base_plus_-13 | base_plus_-3 | base_plus_-5 | base_plus_-8 | nearest_quarter_variant | prior_level_median_residual | prior_regime_level_median_residual,4812.22,6.53,False,False,ORIGINAL_ORACLE_PRESERVED,0.0,False,False,SUPERSET_OK_WITHIN_10,False,False
2026-02-19,2026-02-18,L4,RANGE_WIDE_120_220,CLOSE_POS_UPPER_THIRD,ROWS_EXTENDED_11_PLUS,4977.24,PREV_CLOSE_PROXY,,NEUTRAL,5030.72,4970.93375,59.78625,False,False,MODE_A_LIVE_PROXIMITY_HEAVY,1.0,green_box_quarter::green_box_2_25pct,4967.608125,63.111875,False,False,MICRO_OFFSET | MID_GAP | ORIGINAL_CLUSTER | QUARTER_ROUNDING | RESIDUAL_LEVEL | RESIDUAL_REGIME_LEVEL,adjacent_cluster_midpoint | base_cluster | base_plus_+11 | base_plus_+13 | base_plus_+3 | base_plus_+5 | base_plus_+8 | base_plus_-11 | base_plus_-13 | base_plus_-3 | base_plus_-5 | base_plus_-8 | nearest_quarter_variant | prior_level_median_residual | prior_regime_level_median_residual,4970.93375,59.78625,False,False,ORIGINAL_ORACLE_PRESERVED,3.325625,True,False,EXPANSION_SUPERSET_VIOLATION_WORSE_ERROR,False,False
2026-02-19,2026-02-18,L5,RANGE_WIDE_120_220,CLOSE_POS_UPPER_THIRD,ROWS_EXTENDED_11_PLUS,4977.24,PREV_CLOSE_PROXY,,NEUTRAL,5000.02,4964.2825,35.7375,False,False,MODE_C_BALANCED,1.0,red_box_midline::red_mid_1,4964.2825,35.7375,False,False,MICRO_OFFSET | MID_GAP | ORIGINAL_CLUSTER | QUARTER_ROUNDING | RESIDUAL_LEVEL | RESIDUAL_REGIME_LEVEL,adjacent_cluster_midpoint | base_cluster | base_plus_+11 | base_plus_+13 | base_plus_+3 | base_plus_+5 | base_plus_+8 | base_plus_-11 | base_plus_-13 | base_plus_-3 | base_plus_-5 | base_plus_-8 | nearest_quarter_variant | prior_level_median_residual | prior_regime_level_median_residual,4964.2825,35.7375,False,False,ORIGINAL_ORACLE_PRESERVED,0.0,False,False,SUPERSET_OK_GT10,False,False
2026-02-19,2026-02-18,L6,RANGE_WIDE_120_220,CLOSE_POS_UPPER_THIRD,ROWS_EXTENDED_11_PLUS,4977.24,PREV_CLOSE_PROXY,,NEUTRAL,4972.89,4947.585,25.305,False,False,MODE_C_BALANCED,1.0,green_box_edge::green_edge_1,4946.73375,26.15625,False,False,MICRO_OFFSET | MID_GAP | ORIGINAL_CLUSTER | QUARTER_ROUNDING | RESIDUAL_LEVEL | RESIDUAL_REGIME_LEVEL,adjacent_cluster_midpoint | base_cluster | base_plus_+11 | base_plus_+13 | base_plus_+3 | base_plus_+5 | base_plus_+8 | base_plus_-11 | base_plus_-13 | base_plus_-3 | base_plus_-5 | base_plus_-8 | nearest_quarter_variant | prior_level_median_residual | prior_regime_level_median_residual,4947.585,25.305,False,False,ORIGINAL_ORACLE_PRESERVED,0.85125,True,False,EXPANSION_SUPERSET_VIOLATION_WORSE_ERROR,False,False
2026-02-19,2026-02-18,L7,RANGE_WIDE_120_220,CLOSE_POS_UPPER_THIRD,ROWS_EXTENDED_11_PLUS,4977.24,PREV_CLOSE_PROXY,,NEUTRAL,4944.55,4932.585,11.965,False,False,MODE_A_LIVE_PROXIMITY_HEAVY,1.0,prior_hlc::previous_mid,4932.585,11.965,False,False,MICRO_OFFSET | MID_GAP | ORIGINAL_CLUSTER | QUARTER_ROUNDING | RESIDUAL_LEVEL | RESIDUAL_REGIME_LEVEL,adjacent_cluster_midpoint | base_cluster | base_plus_+11 | base_plus_+13 | base_plus_+3 | base_plus_+5 | base_plus_+8 | base_plus_-11 | base_plus_-13 | base_plus_-3 | base_plus_-5 | base_plus_-8 | nearest_quarter_variant | prior_level_median_residual | prior_regime_level_median_residual,4932.585,11.965,False,False,ORIGINAL_ORACLE_PRESERVED,0.0,False,False,SUPERSET_OK_GT10,False,False
2026-02-20,2026-02-19,L4,RANGE_NORMAL_60_120,CLOSE_POS_MIDDLE_THIRD,ROWS_STANDARD_9_10,4995.96,PREV_CLOSE_PROXY,,NEUTRAL,5017.88,5022.25,4.37,False,True,MODE_C_BALANCED,3.0,prior_hlc::previous_high,5012.65625,5.22375,False,False,MICRO_OFFSET | MID_GAP | ORIGINAL_CLUSTER | QUARTER_ROUNDING | RESIDUAL_LEVEL | RESIDUAL_REGIME_LEVEL,adjacent_cluster_midpoint | base_cluster | base_plus_+11 | base_plus_+13 | base_plus_+3 | base_plus_+5 | base_plus_+8 | base_plus_-11 | base_plus_-13 | base_plus_-3 | base_plus_-5 | base_plus_-8 | nearest_quarter_variant | prior_level_median_residual | prior_regime_level_median_residual,5022.25,4.37,False,True,ORIGINAL_ORACLE_PRESERVED,0.85375,True,True,EXPANSION_SUPERSET_VIOLATION_LOST_WITHIN_5,False,False
2026-02-20,2026-02-19,L6,RANGE_NORMAL_60_120,CLOSE_POS_MIDDLE_THIRD,ROWS_STANDARD_9_10,4995.96,PREV_CLOSE_PROXY,,NEUTRAL,4965.99,4976.25625,10.26625,False,False,MODE_C_BALANCED,1.0,prior_range_fraction::prev_range_0.25 | red_box_edge::red_edge_1,4984.981875,18.991875,False,False,MICRO_OFFSET | MID_GAP | ORIGINAL_CLUSTER | QUARTER_ROUNDING | RESIDUAL_LEVEL | RESIDUAL_REGIME_LEVEL,adjacent_cluster_midpoint | base_cluster | base_plus_+11 | base_plus_+13 | base_plus_+3 | base_plus_+5 | base_plus_+8 | base_plus_-11 | base_plus_-13 | base_plus_-3 | base_plus_-5 | base_plus_-8 | nearest_quarter_variant | prior_level_median_residual | prior_regime_level_median_residual,4976.25625,10.26625,False,False,ORIGINAL_ORACLE_PRESERVED,8.725625,True,False,EXPANSION_SUPERSET_VIOLATION_WORSE_ERROR,False,False
2026-02-20,2026-02-19,L7,RANGE_NORMAL_60_120,CLOSE_POS_MIDDLE_THIRD,ROWS_STANDARD_9_10,4995.96,PREV_CLOSE_PROXY,,NEUTRAL,4935.99,4919.21125,16.77875,False,False,MODE_B_EMA_CHANNEL_DIRECTION_HEAVY,3.0,red_box_quarter::red_box_3_25pct,4907.7625,28.2275,False,False,MICRO_OFFSET | MID_GAP | ORIGINAL_CLUSTER | QUARTER_ROUNDING | RESIDUAL_LEVEL | RESIDUAL_REGIME_LEVEL,adjacent_cluster_midpoint | base_cluster | base_plus_+11 | base_plus_+13 | base_plus_+3 | base_plus_+5 | base_plus_+8 | base_plus_-11 | base_plus_-13 | base_plus_-3 | base_plus_-5 | base_plus_-8 | nearest_quarter_variant | prior_level_median_residual | prior_regime_level_median_residual,4919.21125,16.77875,False,False,ORIGINAL_ORACLE_PRESERVED,11.44875,True,False,EXPANSION_SUPERSET_VIOLATION_WORSE_ERROR,False,False
2026-02-23,2026-02-20,L4,RANGE_WIDE_120_220,CLOSE_POS_UPPER_THIRD,ROWS_EXTENDED_11_PLUS,5107.8,PREV_CLOSE_PROXY,,NEUTRAL,5150.72,5137.96,12.76,False,False,MODE_B_EMA_CHANNEL_DIRECTION_HEAVY,1.0,green_box_edge::green_edge_2,5137.96,12.76,False,False,MICRO_OFFSET | MID_GAP | ORIGINAL_CLUSTER | QUARTER_ROUNDING | RESIDUAL_LEVEL | RESIDUAL_REGIME_LEVEL,adjacent_cluster_midpoint | base_cluster | base_plus_+11 | base_plus_+13 | base_plus_+3 | base_plus_+5 | base_plus_+8 | base_plus_-11 | base_plus_-13 | base_plus_-3 | base_plus_-5 | base_plus_-8 | nearest_quarter_variant | prior_level_median_residual | prior_regime_level_median_residual,5137.96,12.76,False,False,ORIGINAL_ORACLE_PRESERVED,0.0,False,False,SUPERSET_OK_GT10,False,False
2026-02-23,2026-02-20,L5,RANGE_WIDE_120_220,CLOSE_POS_UPPER_THIRD,ROWS_EXTENDED_11_PLUS,5107.8,PREV_CLOSE_PROXY,,NEUTRAL,5126.12,5098.92,27.2,False,False,MODE_D_NEAREST_VALID_LADDER,1.0,green_box_midline::green_mid_2,5071.9,54.22,False,False,MICRO_OFFSET | MID_GAP | ORIGINAL_CLUSTER | QUARTER_ROUNDING | RESIDUAL_LEVEL | RESIDUAL_REGIME_LEVEL,adjacent_cluster_midpoint | base_cluster | base_plus_+11 | base_plus_+13 | base_plus_+3 | base_plus_+5 | base_plus_+8 | base_plus_-11 | base_plus_-13 | base_plus_-3 | base_plus_-5 | base_plus_-8 | nearest_quarter_variant | prior_level_median_residual | prior_regime_level_median_residual,5098.92,27.2,False,False,ORIGINAL_ORACLE_PRESERVED,27.02,True,False,EXPANSION_SUPERSET_VIOLATION_WORSE_ERROR,False,False
2026-02-23,2026-02-20,L6,RANGE_WIDE_120_220,CLOSE_POS_UPPER_THIRD,ROWS_EXTENDED_11_PLUS,5107.8,PREV_CLOSE_PROXY,,NEUTRAL,5102.34,5076.42,25.92,False,False,MODE_C_BALANCED,1.0,prior_range_fraction::prev_range_0.75,5067.29875,35.04125,False,False,MICRO_OFFSET | MID_GAP | ORIGINAL_CLUSTER | QUARTER_ROUNDING | RESIDUAL_LEVEL | RESIDUAL_REGIME_LEVEL,adjacent_cluster_midpoint | base_cluster | base_plus_+11 | base_plus_+13 | base_plus_+3 | base_plus_+5 | base_plus_+8 | base_plus_-11 | base_plus_-13 | base_plus_-3 | base_plus_-5 | base_plus_-8 | nearest_quarter_variant | prior_level_median_residual | prior_regime_level_median_residual,5076.42,25.92,False,False,ORIGINAL_ORACLE_PRESERVED,9.12125,True,False,EXPANSION_SUPERSET_VIOLATION_WORSE_ERROR,False,False
2026-02-23,2026-02-20,L7,RANGE_WIDE_120_220,CLOSE_POS_UPPER_THIRD,ROWS_EXTENDED_11_PLUS,5107.8,PREV_CLOSE_PROXY,,NEUTRAL,5079.49,5065.853333,13.636667,False,False,MODE_D_NEAREST_VALID_LADDER,2.0,prior_hlc::previous_pivot_hlc3,5055.366667,24.123333,False,False,MICRO_OFFSET | MID_GAP | ORIGINAL_CLUSTER | QUARTER_ROUNDING | RESIDUAL_LEVEL | RESIDUAL_REGIME_LEVEL,adjacent_cluster_midpoint | base_cluster | base_plus_+11 | base_plus_+13 | base_plus_+3 | base_plus_+5 | base_plus_+8 | base_plus_-11 | base_plus_-13 | base_plus_-3 | base_plus_-5 | base_plus_-8 | nearest_quarter_variant | prior_level_median_residual | prior_regime_level_median_residual,5065.853333,13.636667,False,False,ORIGINAL_ORACLE_PRESERVED,10.486666,True,False,EXPANSION_SUPERSET_VIOLATION_WORSE_ERROR,False,False
2026-02-24,2026-02-23,L4,RANGE_WIDE_120_220,CLOSE_POS_UPPER_THIRD,ROWS_EXTENDED_11_PLUS,5227.5,PREV_CLOSE_PROXY,,NEUTRAL,5263.54,5267.82,4.28,False,True,MODE_B_EMA_CHANNEL_DIRECTION_HEAVY,2.0,green_box_edge::green_edge_2,5278.354375,14.814375,False,False,MICRO_OFFSET | MID_GAP | ORIGINAL_CLUSTER | QUARTER_ROUNDING | RESIDUAL_LEVEL | RESIDUAL_REGIME_LEVEL,adjacent_cluster_midpoint | base_cluster | base_plus_+11 | base_plus_+13 | base_plus_+3 | base_plus_+5 | base_plus_+8 | base_plus_-11 | base_plus_-13 | base_plus_-3 | base_plus_-5 | base_plus_-8 | nearest_quarter_variant | prior_level_median_residual | prior_regime_level_median_residual,5267.82,4.28,False,True,ORIGINAL_ORACLE_PRESERVED,10.534375,True,True,EXPANSION_SUPERSET_VIOLATION_LOST_WITHIN_5,False,False
2026-02-24,2026-02-23,L5,RANGE_WIDE_120_220,CLOSE_POS_UPPER_THIRD,ROWS_EXTENDED_11_PLUS,5227.5,PREV_CLOSE_PROXY,,NEUTRAL,5234.73,5225.6825,9.0475,False,False,MODE_D_NEAREST_VALID_LADDER,2.0,green_box_midline::green_mid_2,5207.648125,27.081875,False,False,MICRO_OFFSET | MID_GAP | ORIGINAL_CLUSTER | QUARTER_ROUNDING | RESIDUAL_LEVEL | RESIDUAL_REGIME_LEVEL,adjacent_cluster_midpoint | base_cluster | base_plus_+11 | base_plus_+13 | base_plus_+3 | base_plus_+5 | base_plus_+8 | base_plus_-11 | base_plus_-13 | base_plus_-3 | base_plus_-5 | base_plus_-8 | nearest_quarter_variant | prior_level_median_residual | prior_regime_level_median_residual,5225.6825,9.0475,False,False,ORIGINAL_ORACLE_PRESERVED,18.034375,True,False,EXPANSION_SUPERSET_VIOLATION_WORSE_ERROR,False,False
2026-02-24,2026-02-23,L7,RANGE_WIDE_120_220,CLOSE_POS_UPPER_THIRD,ROWS_EXTENDED_11_PLUS,5227.5,PREV_CLOSE_PROXY,,NEUTRAL,5176.62,5168.545,8.075,False,False,MODE_C_BALANCED,1.0,prior_hlc::previous_mid,5186.579375,9.959375,False,False,MICRO_OFFSET | MID_GAP | ORIGINAL_CLUSTER | QUARTER_ROUNDING | RESIDUAL_LEVEL | RESIDUAL_REGIME_LEVEL,adjacent_cluster_midpoint | base_cluster | base_plus_+11 | base_plus_+13 | base_plus_+3 | base_plus_+5 | base_plus_+8 | base_plus_-11 | base_plus_-13 | base_plus_-3 | base_plus_-5 | base_plus_-8 | nearest_quarter_variant | prior_level_median_residual | prior_regime_level_median_residual,5168.545,8.075,False,False,ORIGINAL_ORACLE_PRESERVED,1.884375,True,False,EXPANSION_SUPERSET_VIOLATION_WORSE_ERROR,False,False
2026-02-25,2026-02-24,L4,RANGE_WIDE_120_220,CLOSE_POS_LOWER_THIRD,ROWS_EXTENDED_11_PLUS,5143.76,PREV_CLOSE_PROXY,,NEUTRAL,5252.87,5279.68,26.81,False,False,MODE_B_EMA_CHANNEL_DIRECTION_HEAVY,1.0,green_box_edge::green_edge_2,5280.8075,27.9375,False,False,MICRO_OFFSET | MID_GAP | ORIGINAL_CLUSTER | QUARTER_ROUNDING | RESIDUAL_LEVEL | RESIDUAL_REGIME_LEVEL,adjacent_cluster_midpoint | base_cluster | base_plus_+11 | base_plus_+13 | base_plus_+3 | base_plus_+5 | base_plus_+8 | base_plus_-11 | base_plus_-13 | base_plus_-3 | base_plus_-5 | base_plus_-8 | nearest_quarter_variant | prior_level_median_residual | prior_regime_level_median_residual,5279.68,26.81,False,False,ORIGINAL_ORACLE_PRESERVED,1.1275,True,False,EXPANSION_SUPERSET_VIOLATION_WORSE_ERROR,False,False
2026-02-25,2026-02-24,L5,RANGE_WIDE_120_220,CLOSE_POS_LOWER_THIRD,ROWS_EXTENDED_11_PLUS,5143.76,PREV_CLOSE_PROXY,,NEUTRAL,5210.99,5230.03875,19.04875,False,False,MODE_B_EMA_CHANNEL_DIRECTION_HEAVY,1.0,prior_range_fraction::prev_range_0.875,5230.03875,19.04875,False,False,MICRO_OFFSET | MID_GAP | ORIGINAL_CLUSTER | QUARTER_ROUNDING | RESIDUAL_LEVEL | RESIDUAL_REGIME_LEVEL,adjacent_cluster_midpoint | base_cluster | base_plus_+11 | base_plus_+13 | base_plus_+3 | base_plus_+5 | base_plus_+8 | base_plus_-11 | base_plus_-13 | base_plus_-3 | base_plus_-5 | base_plus_-8 | nearest_quarter_variant | prior_level_median_residual | prior_regime_level_median_residual,5230.03875,19.04875,False,False,ORIGINAL_ORACLE_PRESERVED,0.0,False,False,SUPERSET_OK_GT10,False,False
2026-02-25,2026-02-24,L6,RANGE_WIDE_120_220,CLOSE_POS_LOWER_THIRD,ROWS_EXTENDED_11_PLUS,5143.76,PREV_CLOSE_PROXY,,NEUTRAL,5174.66,5189.65634,14.99634,False,False,MODE_C_BALANCED,1.0,prior_range_fraction::prev_range_0.618,5189.65634,14.99634,False,False,MICRO_OFFSET | MID_GAP | ORIGINAL_CLUSTER | QUARTER_ROUNDING | RESIDUAL_LEVEL | RESIDUAL_REGIME_LEVEL,adjacent_cluster_midpoint | base_cluster | base_plus_+11 | base_plus_+13 | base_plus_+3 | base_plus_+5 | base_plus_+8 | base_plus_-11 | base_plus_-13 | base_plus_-3 | base_plus_-5 | base_plus_-8 | nearest_quarter_variant | prior_level_median_residual | prior_regime_level_median_residual,5189.65634,14.99634,False,False,ORIGINAL_ORACLE_PRESERVED,0.0,False,False,SUPERSET_OK_GT10,False,False
2026-02-25,2026-02-24,L7,RANGE_WIDE_120_220,CLOSE_POS_LOWER_THIRD,ROWS_EXTENDED_11_PLUS,5143.76,PREV_CLOSE_PROXY,,NEUTRAL,5141.24,5156.115,14.875,False,False,MODE_C_BALANCED,1.0,red_box_edge::red_edge_1,5156.115,14.875,False,False,MICRO_OFFSET | MID_GAP | ORIGINAL_CLUSTER | QUARTER_ROUNDING | RESIDUAL_LEVEL | RESIDUAL_REGIME_LEVEL,adjacent_cluster_midpoint | base_cluster | base_plus_+11 | base_plus_+13 | base_plus_+3 | base_plus_+5 | base_plus_+8 | base_plus_-11 | base_plus_-13 | base_plus_-3 | base_plus_-5 | base_plus_-8 | nearest_quarter_variant | prior_level_median_residual | prior_regime_level_median_residual,5156.115,14.875,False,False,ORIGINAL_ORACLE_PRESERVED,0.0,False,False,SUPERSET_OK_GT10,False,False
2026-02-26,2026-02-25,L4,RANGE_NORMAL_60_120,CLOSE_POS_MIDDLE_THIRD,ROWS_SPARSE_1_8,5164.84,PREV_CLOSE_PROXY,,NEUTRAL,5167.75,5169.393125,1.643125,True,True,MODE_B_EMA_CHANNEL_DIRECTION_HEAVY,2.0,green_box_quarter::green_box_1_75pct | prior_hlc::previous_mid,5177.556578,9.806578,False,False,MICRO_OFFSET | MID_GAP | ORIGINAL_CLUSTER | QUARTER_ROUNDING | RESIDUAL_LEVEL | RESIDUAL_REGIME_LEVEL,adjacent_cluster_midpoint | base_cluster | base_plus_+11 | base_plus_+13 | base_plus_+3 | base_plus_+5 | base_plus_+8 | base_plus_-11 | base_plus_-13 | base_plus_-3 | base_plus_-5 | base_plus_-8 | nearest_quarter_variant | prior_level_median_residual | prior_regime_level_median_residual,5169.393125,1.643125,True,True,ORIGINAL_ORACLE_PRESERVED,8.163453,True,True,EXPANSION_SUPERSET_VIOLATION_LOST_WITHIN_5,False,False
2026-02-26,2026-02-25,L5,RANGE_NORMAL_60_120,CLOSE_POS_MIDDLE_THIRD,ROWS_SPARSE_1_8,5164.84,PREV_CLOSE_PROXY,,NEUTRAL,5128.94,5145.8075,16.8675,False,False,MODE_A_LIVE_PROXIMITY_HEAVY,3.0,prior_range_fraction::prev_range_0.25,5155.32375,26.38375,False,False,MICRO_OFFSET | MID_GAP | ORIGINAL_CLUSTER | QUARTER_ROUNDING | RESIDUAL_LEVEL | RESIDUAL_REGIME_LEVEL,adjacent_cluster_midpoint | base_cluster | base_plus_+11 | base_plus_+13 | base_plus_+3 | base_plus_+5 | base_plus_+8 | base_plus_-11 | base_plus_-13 | base_plus_-3 | base_plus_-5 | base_plus_-8 | nearest_quarter_variant | prior_level_median_residual | prior_regime_level_median_residual,5145.8075,16.8675,False,False,ORIGINAL_ORACLE_PRESERVED,9.51625,True,False,EXPANSION_SUPERSET_VIOLATION_WORSE_ERROR,False,False
2026-02-26,2026-02-25,L6,RANGE_NORMAL_60_120,CLOSE_POS_MIDDLE_THIRD,ROWS_SPARSE_1_8,5164.84,PREV_CLOSE_PROXY,,NEUTRAL,5092.49,5122.58375,30.09375,False,False,MODE_B_EMA_CHANNEL_DIRECTION_HEAVY,3.0,prior_hlc::previous_low | red_box_midline::red_mid_2,5134.195625,41.705625,False,False,MICRO_OFFSET | MID_GAP | ORIGINAL_CLUSTER | QUARTER_ROUNDING | RESIDUAL_LEVEL | RESIDUAL_REGIME_LEVEL,adjacent_cluster_midpoint | base_cluster | base_plus_+11 | base_plus_+13 | base_plus_+3 | base_plus_+5 | base_plus_+8 | base_plus_-11 | base_plus_-13 | base_plus_-3 | base_plus_-5 | base_plus_-8 | nearest_quarter_variant | prior_level_median_residual | prior_regime_level_median_residual,5122.58375,30.09375,False,False,ORIGINAL_ORACLE_PRESERVED,11.611875,True,False,EXPANSION_SUPERSET_VIOLATION_WORSE_ERROR,False,False
2026-02-26,2026-02-25,L7,RANGE_NORMAL_60_120,CLOSE_POS_MIDDLE_THIRD,ROWS_SPARSE_1_8,5164.84,PREV_CLOSE_PROXY,,NEUTRAL,5042.41,5107.58375,65.17375,False,False,MODE_C_BALANCED,1.0,red_box_quarter::red_box_2_75pct,5120.70875,78.29875,False,False,MICRO_OFFSET | MID_GAP | ORIGINAL_CLUSTER | QUARTER_ROUNDING | RESIDUAL_LEVEL | RESIDUAL_REGIME_LEVEL,adjacent_cluster_midpoint | base_cluster | base_plus_+11 | base_plus_+13 | base_plus_+3 | base_plus_+5 | base_plus_+8 | base_plus_-11 | base_plus_-13 | base_plus_-3 | base_plus_-5 | base_plus_-8 | nearest_quarter_variant | prior_level_median_residual | prior_regime_level_median_residual,5107.58375,65.17375,False,False,ORIGINAL_ORACLE_PRESERVED,13.125,True,False,EXPANSION_SUPERSET_VIOLATION_WORSE_ERROR,False,False
2026-02-27,2026-02-26,L4,RANGE_NORMAL_60_120,CLOSE_POS_UPPER_THIRD,ROWS_STANDARD_9_10,5185.0,PREV_CLOSE_PROXY,,NEUTRAL,5200.74,5207.35,6.61,False,False,MODE_B_EMA_CHANNEL_DIRECTION_HEAVY,2.0,prior_hlc::previous_high | green_box_midline::green_mid_2,5193.875013,6.864987,False,False,MICRO_OFFSET | MID_GAP | ORIGINAL_CLUSTER | QUARTER_ROUNDING | RESIDUAL_LEVEL | RESIDUAL_REGIME_LEVEL,adjacent_cluster_midpoint | base_cluster | base_plus_+11 | base_plus_+13 | base_plus_+3 | base_plus_+5 | base_plus_+8 | base_plus_-11 | base_plus_-13 | base_plus_-3 | base_plus_-5 | base_plus_-8 | nearest_quarter_variant | prior_level_median_residual | prior_regime_level_median_residual,5207.35,6.61,False,False,ORIGINAL_ORACLE_PRESERVED,0.254987,True,False,EXPANSION_SUPERSET_VIOLATION_WORSE_ERROR,False,False
2026-02-27,2026-02-26,L5,RANGE_NORMAL_60_120,CLOSE_POS_UPPER_THIRD,ROWS_STANDARD_9_10,5185.0,PREV_CLOSE_PROXY,,NEUTRAL,5159.15,5167.84,8.69,False,False,MODE_C_BALANCED,3.0,prior_hlc::previous_mid,5181.0325,21.8825,False,False,MICRO_OFFSET | MID_GAP | ORIGINAL_CLUSTER | QUARTER_ROUNDING | RESIDUAL_LEVEL | RESIDUAL_REGIME_LEVEL,adjacent_cluster_midpoint | base_cluster | base_plus_+11 | base_plus_+13 | base_plus_+3 | base_plus_+5 | base_plus_+8 | base_plus_-11 | base_plus_-13 | base_plus_-3 | base_plus_-5 | base_plus_-8 | nearest_quarter_variant | prior_level_median_residual | prior_regime_level_median_residual,5167.84,8.69,False,False,ORIGINAL_ORACLE_PRESERVED,13.1925,True,False,EXPANSION_SUPERSET_VIOLATION_WORSE_ERROR,False,False
2026-02-27,2026-02-26,L6,RANGE_NORMAL_60_120,CLOSE_POS_UPPER_THIRD,ROWS_STANDARD_9_10,5185.0,PREV_CLOSE_PROXY,,NEUTRAL,5120.49,5158.94752,38.45752,False,False,MODE_C_BALANCED,2.0,prior_range_fraction::prev_range_0.382,5177.47876,56.98876,False,False,MICRO_OFFSET | MID_GAP | ORIGINAL_CLUSTER | QUARTER_ROUNDING | RESIDUAL_LEVEL | RESIDUAL_REGIME_LEVEL,adjacent_cluster_midpoint | base_cluster | base_plus_+11 | base_plus_+13 | base_plus_+3 | base_plus_+5 | base_plus_+8 | base_plus_-11 | base_plus_-13 | base_plus_-3 | base_plus_-5 | base_plus_-8 | nearest_quarter_variant | prior_level_median_residual | prior_regime_level_median_residual,5158.94752,38.45752,False,False,ORIGINAL_ORACLE_PRESERVED,18.53124,True,False,EXPANSION_SUPERSET_VIOLATION_WORSE_ERROR,False,False
2026-02-27,2026-02-26,L7,RANGE_NORMAL_60_120,CLOSE_POS_UPPER_THIRD,ROWS_STANDARD_9_10,5185.0,PREV_CLOSE_PROXY,,NEUTRAL,5082.63,5141.455,58.825,False,False,MODE_C_BALANCED,1.0,prior_range_fraction::prev_range_0.125 | red_box_quarter::red_box_2_25pct | green_box_quarter::green_box_1_25pct,5145.2275,62.5975,False,False,MICRO_OFFSET | MID_GAP | ORIGINAL_CLUSTER | QUARTER_ROUNDING | RESIDUAL_LEVEL | RESIDUAL_REGIME_LEVEL,adjacent_cluster_midpoint | base_cluster | base_plus_+11 | base_plus_+13 | base_plus_+3 | base_plus_+5 | base_plus_+8 | base_plus_-11 | base_plus_-13 | base_plus_-3 | base_plus_-5 | base_plus_-8 | nearest_quarter_variant | prior_level_median_residual | prior_regime_level_median_residual,5141.455,58.825,False,False,ORIGINAL_ORACLE_PRESERVED,3.7725,True,False,EXPANSION_SUPERSET_VIOLATION_WORSE_ERROR,False,False
2026-03-02,2026-02-27,L4,RANGE_NORMAL_60_120,CLOSE_POS_UPPER_THIRD,ROWS_EXTENDED_11_PLUS,5280.0,PREV_CLOSE_PROXY,,NEUTRAL,5367.98,5364.85,3.13,False,True,MODE_B_EMA_CHANNEL_DIRECTION_HEAVY,1.0,green_box_quarter::green_box_3_75pct,5373.845,5.865,False,False,MICRO_OFFSET | MID_GAP | ORIGINAL_CLUSTER | QUARTER_ROUNDING | RESIDUAL_LEVEL | RESIDUAL_REGIME_LEVEL,adjacent_cluster_midpoint | base_cluster | base_plus_+11 | base_plus_+13 | base_plus_+3 | base_plus_+5 | base_plus_+8 | base_plus_-11 | base_plus_-13 | base_plus_-3 | base_plus_-5 | base_plus_-8 | nearest_quarter_variant | prior_level_median_residual | prior_regime_level_median_residual,5364.85,3.13,False,True,ORIGINAL_ORACLE_PRESERVED,2.735,True,True,EXPANSION_SUPERSET_VIOLATION_LOST_WITHIN_5,False,False
2026-03-02,2026-02-27,L5,RANGE_NORMAL_60_120,CLOSE_POS_UPPER_THIRD,ROWS_EXTENDED_11_PLUS,5280.0,PREV_CLOSE_PROXY,,NEUTRAL,5326.06,5328.87,2.81,True,True,MODE_B_EMA_CHANNEL_DIRECTION_HEAVY,1.0,green_box_quarter::green_box_3_25pct,5337.865,11.805,False,False,MICRO_OFFSET | MID_GAP | ORIGINAL_CLUSTER | QUARTER_ROUNDING | RESIDUAL_LEVEL | RESIDUAL_REGIME_LEVEL,adjacent_cluster_midpoint | base_cluster | base_plus_+11 | base_plus_+13 | base_plus_+3 | base_plus_+5 | base_plus_+8 | base_plus_-11 | base_plus_-13 | base_plus_-3 | base_plus_-5 | base_plus_-8 | nearest_quarter_variant | prior_level_median_residual | prior_regime_level_median_residual,5328.87,2.81,True,True,ORIGINAL_ORACLE_PRESERVED,8.995,True,True,EXPANSION_SUPERSET_VIOLATION_LOST_WITHIN_5,False,False
2026-03-02,2026-02-27,L7,RANGE_NORMAL_60_120,CLOSE_POS_UPPER_THIRD,ROWS_EXTENDED_11_PLUS,5280.0,PREV_CLOSE_PROXY,,NEUTRAL,5256.98,5280.0,23.02,False,False,MODE_A_LIVE_PROXIMITY_HEAVY,1.0,prior_hlc::previous_close,5280.0,23.02,False,False,MICRO_OFFSET | MID_GAP | ORIGINAL_CLUSTER | QUARTER_ROUNDING | RESIDUAL_LEVEL | RESIDUAL_REGIME_LEVEL,adjacent_cluster_midpoint | base_cluster | base_plus_+11 | base_plus_+13 | base_plus_+3 | base_plus_+5 | base_plus_+8 | base_plus_-11 | base_plus_-13 | base_plus_-3 | base_plus_-5 | base_plus_-8 | nearest_quarter_variant | prior_level_median_residual | prior_regime_level_median_residual,5280.0,23.02,False,False,ORIGINAL_ORACLE_PRESERVED,0.0,False,False,SUPERSET_OK_GT10,False,False
2026-03-03,2026-03-02,L4,RANGE_WIDE_120_220,CLOSE_POS_MIDDLE_THIRD,ROWS_STANDARD_9_10,5321.84,PREV_CLOSE_PROXY,,NEUTRAL,5324.04,5340.1,16.06,False,False,MODE_A_LIVE_PROXIMITY_HEAVY,2.0,prior_hlc::previous_mid,5340.1,16.06,False,False,MICRO_OFFSET | MID_GAP | ORIGINAL_CLUSTER | QUARTER_ROUNDING | RESIDUAL_LEVEL,adjacent_cluster_midpoint | base_cluster | base_plus_+11 | base_plus_+13 | base_plus_+3 | base_plus_+5 | base_plus_+8 | base_plus_-11 | base_plus_-13 | base_plus_-3 | base_plus_-5 | base_plus_-8 | nearest_quarter_variant | prior_level_median_residual,5340.1,16.06,False,False,ORIGINAL_ORACLE_PRESERVED,0.0,False,False,SUPERSET_OK_GT10,False,False
2026-03-03,2026-03-02,L5,RANGE_WIDE_120_220,CLOSE_POS_MIDDLE_THIRD,ROWS_STANDARD_9_10,5321.84,PREV_CLOSE_PROXY,,NEUTRAL,5286.64,5313.753281,27.113281,False,False,MODE_D_NEAREST_VALID_LADDER,2.0,prior_range_fraction::prev_range_0.333333,5313.753281,27.113281,False,False,MICRO_OFFSET | MID_GAP | ORIGINAL_CLUSTER | QUARTER_ROUNDING | RESIDUAL_LEVEL | RESIDUAL_REGIME_LEVEL,adjacent_cluster_midpoint | base_cluster | base_plus_+11 | base_plus_+13 | base_plus_+3 | base_plus_+5 | base_plus_+8 | base_plus_-11 | base_plus_-13 | base_plus_-3 | base_plus_-5 | base_plus_-8 | nearest_quarter_variant | prior_level_median_residual | prior_regime_level_median_residual,5313.753281,27.113281,False,False,ORIGINAL_ORACLE_PRESERVED,0.0,False,False,SUPERSET_OK_GT10,False,False
2026-03-03,2026-03-02,L6,RANGE_WIDE_120_220,CLOSE_POS_MIDDLE_THIRD,ROWS_STANDARD_9_10,5321.84,PREV_CLOSE_PROXY,,NEUTRAL,5249.62,5284.57,34.95,False,False,MODE_C_BALANCED,2.0,green_box_quarter::green_box_1_25pct,5284.57,34.95,False,False,MICRO_OFFSET | MID_GAP | ORIGINAL_CLUSTER | QUARTER_ROUNDING | RESIDUAL_LEVEL,adjacent_cluster_midpoint | base_cluster | base_plus_+11 | base_plus_+13 | base_plus_+3 | base_plus_+5 | base_plus_+8 | base_plus_-11 | base_plus_-13 | base_plus_-3 | base_plus_-5 | base_plus_-8 | nearest_quarter_variant | prior_level_median_residual,5284.57,34.95,False,False,ORIGINAL_ORACLE_PRESERVED,0.0,False,False,SUPERSET_OK_GT10,False,False
2026-03-03,2026-03-02,L7,RANGE_WIDE_120_220,CLOSE_POS_MIDDLE_THIRD,ROWS_STANDARD_9_10,5321.84,PREV_CLOSE_PROXY,,NEUTRAL,5213.93,5261.06,47.13,False,False,MODE_D_NEAREST_VALID_LADDER,1.0,prior_hlc::previous_low,5272.815,58.885,False,False,MICRO_OFFSET | MID_GAP | ORIGINAL_CLUSTER | QUARTER_ROUNDING | RESIDUAL_LEVEL,adjacent_cluster_midpoint | base_cluster | base_plus_+11 | base_plus_+13 | base_plus_+3 | base_plus_+5 | base_plus_+8 | base_plus_-11 | base_plus_-13 | base_plus_-3 | base_plus_-5 | base_plus_-8 | nearest_quarter_variant | prior_level_median_residual,5261.06,47.13,False,False,ORIGINAL_ORACLE_PRESERVED,11.755,True,False,EXPANSION_SUPERSET_VIOLATION_WORSE_ERROR,False,False
2026-03-04,2026-03-03,L4,RANGE_EXTREME_220_PLUS,CLOSE_POS_LOWER_THIRD,ROWS_STANDARD_9_10,5088.24,PREV_CLOSE_PROXY,,NEUTRAL,5112.47,5069.6675,42.8025,False,False,MODE_A_LIVE_PROXIMITY_HEAVY,1.0,red_box_midline::red_mid_2,5069.6675,42.8025,False,False,MICRO_OFFSET | MID_GAP | ORIGINAL_CLUSTER | QUARTER_ROUNDING | RESIDUAL_LEVEL,adjacent_cluster_midpoint | base_cluster | base_plus_+11 | base_plus_+13 | base_plus_+3 | base_plus_+5 | base_plus_+8 | base_plus_-11 | base_plus_-13 | base_plus_-3 | base_plus_-5 | base_plus_-8 | nearest_quarter_variant | prior_level_median_residual,5069.6675,42.8025,False,False,ORIGINAL_ORACLE_PRESERVED,0.0,False,False,SUPERSET_OK_GT10,False,False
2026-03-04,2026-03-03,L5,RANGE_EXTREME_220_PLUS,CLOSE_POS_LOWER_THIRD,ROWS_STANDARD_9_10,5088.24,PREV_CLOSE_PROXY,,NEUTRAL,5078.76,5088.24,9.48,False,False,MODE_B_EMA_CHANNEL_DIRECTION_HEAVY,1.0,prior_hlc::previous_close,5088.24,9.48,False,False,MICRO_OFFSET | MID_GAP | ORIGINAL_CLUSTER | QUARTER_ROUNDING | RESIDUAL_LEVEL,adjacent_cluster_midpoint | base_cluster | base_plus_+11 | base_plus_+13 | base_plus_+3 | base_plus_+5 | base_plus_+8 | base_plus_-11 | base_plus_-13 | base_plus_-3 | base_plus_-5 | base_plus_-8 | nearest_quarter_variant | prior_level_median_residual,5088.24,9.48,False,False,ORIGINAL_ORACLE_PRESERVED,0.0,False,False,SUPERSET_OK_WITHIN_10,False,False
2026-03-04,2026-03-03,L6,RANGE_EXTREME_220_PLUS,CLOSE_POS_LOWER_THIRD,ROWS_STANDARD_9_10,5088.24,PREV_CLOSE_PROXY,,NEUTRAL,5043.41,5017.96875,25.44125,False,False,MODE_C_BALANCED,1.0,red_box_quarter::red_box_2_75pct,5017.96875,25.44125,False,False,MICRO_OFFSET | MID_GAP | ORIGINAL_CLUSTER | QUARTER_ROUNDING | RESIDUAL_LEVEL,adjacent_cluster_midpoint | base_cluster | base_plus_+11 | base_plus_+13 | base_plus_+3 | base_plus_+5 | base_plus_+8 | base_plus_-11 | base_plus_-13 | base_plus_-3 | base_plus_-5 | base_plus_-8 | nearest_quarter_variant | prior_level_median_residual,5017.96875,25.44125,False,False,ORIGINAL_ORACLE_PRESERVED,0.0,False,False,SUPERSET_OK_GT10,False,False
2026-03-04,2026-03-03,L7,RANGE_EXTREME_220_PLUS,CLOSE_POS_LOWER_THIRD,ROWS_STANDARD_9_10,5088.24,PREV_CLOSE_PROXY,,NEUTRAL,5012.24,4996.27,15.97,False,False,MODE_B_EMA_CHANNEL_DIRECTION_HEAVY,1.0,prior_hlc::previous_low,4996.27,15.97,False,False,MICRO_OFFSET | MID_GAP | ORIGINAL_CLUSTER | QUARTER_ROUNDING | RESIDUAL_LEVEL,adjacent_cluster_midpoint | base_cluster | base_plus_+11 | base_plus_+13 | base_plus_+3 | base_plus_+5 | base_plus_+8 | base_plus_-11 | base_plus_-13 | base_plus_-3 | base_plus_-5 | base_plus_-8 | nearest_quarter_variant | prior_level_median_residual,4996.27,15.97,False,False,ORIGINAL_ORACLE_PRESERVED,0.0,False,False,SUPERSET_OK_GT10,False,False
2026-03-05,2026-03-04,L4,RANGE_WIDE_120_220,CLOSE_POS_MIDDLE_THIRD,ROWS_STANDARD_9_10,5141.1,PREV_CLOSE_PROXY,,NEUTRAL,5173.51,5175.565,2.055,True,True,MODE_C_BALANCED,1.0,prior_range_fraction::prev_range_0.75,5175.565,2.055,True,True,MICRO_OFFSET | MID_GAP | ORIGINAL_CLUSTER | QUARTER_ROUNDING | RESIDUAL_LEVEL,adjacent_cluster_midpoint | base_cluster | base_plus_+11 | base_plus_+13 | base_plus_+3 | base_plus_+5 | base_plus_+8 | base_plus_-11 | base_plus_-13 | base_plus_-3 | base_plus_-5 | base_plus_-8 | nearest_quarter_variant | prior_level_median_residual,5175.565,2.055,True,True,ORIGINAL_ORACLE_PRESERVED,0.0,False,False,SUPERSET_OK_WITHIN_3,False,False
2026-03-05,2026-03-04,L5,RANGE_WIDE_120_220,CLOSE_POS_MIDDLE_THIRD,ROWS_STANDARD_9_10,5141.1,PREV_CLOSE_PROXY,,NEUTRAL,5139.59,5149.0525,9.4625,False,False,MODE_C_BALANCED,1.0,red_box_quarter::red_box_1_75pct,5126.0275,13.5625,False,False,MICRO_OFFSET | MID_GAP | ORIGINAL_CLUSTER | QUARTER_ROUNDING | RESIDUAL_LEVEL | RESIDUAL_REGIME_LEVEL,adjacent_cluster_midpoint | base_cluster | base_plus_+11 | base_plus_+13 | base_plus_+3 | base_plus_+5 | base_plus_+8 | base_plus_-11 | base_plus_-13 | base_plus_-3 | base_plus_-5 | base_plus_-8 | nearest_quarter_variant | prior_level_median_residual | prior_regime_level_median_residual,5149.0525,9.4625,False,False,ORIGINAL_ORACLE_PRESERVED,4.1,True,False,EXPANSION_SUPERSET_VIOLATION_WORSE_ERROR,False,False
2026-03-05,2026-03-04,L6,RANGE_WIDE_120_220,CLOSE_POS_MIDDLE_THIRD,ROWS_STANDARD_9_10,5141.1,PREV_CLOSE_PROXY,,NEUTRAL,5103.66,5103.0025,0.6575,True,True,MODE_C_BALANCED,2.0,green_box_quarter::green_box_1_25pct,5126.0275,22.3675,False,False,MICRO_OFFSET | MID_GAP | ORIGINAL_CLUSTER | QUARTER_ROUNDING | RESIDUAL_LEVEL | RESIDUAL_REGIME_LEVEL,adjacent_cluster_midpoint | base_cluster | base_plus_+11 | base_plus_+13 | base_plus_+3 | base_plus_+5 | base_plus_+8 | base_plus_-11 | base_plus_-13 | base_plus_-3 | base_plus_-5 | base_plus_-8 | nearest_quarter_variant | prior_level_median_residual | prior_regime_level_median_residual,5103.0025,0.6575,True,True,ORIGINAL_ORACLE_PRESERVED,21.71,True,True,EXPANSION_SUPERSET_VIOLATION_LOST_WITHIN_5,False,False
2026-03-05,2026-03-04,L7,RANGE_WIDE_120_220,CLOSE_POS_MIDDLE_THIRD,ROWS_STANDARD_9_10,5141.1,PREV_CLOSE_PROXY,,NEUTRAL,5066.73,5083.99,17.26,False,False,MODE_D_NEAREST_VALID_LADDER,1.0,prior_hlc::previous_low,5034.9775,31.7525,False,False,MICRO_OFFSET | MID_GAP | ORIGINAL_CLUSTER | QUARTER_ROUNDING | RESIDUAL_LEVEL,adjacent_cluster_midpoint | base_cluster | base_plus_+11 | base_plus_+13 | base_plus_+3 | base_plus_+5 | base_plus_+8 | base_plus_-11 | base_plus_-13 | base_plus_-3 | base_plus_-5 | base_plus_-8 | nearest_quarter_variant | prior_level_median_residual,5083.99,17.26,False,False,ORIGINAL_ORACLE_PRESERVED,14.4925,True,False,EXPANSION_SUPERSET_VIOLATION_WORSE_ERROR,False,False
2026-03-06,2026-03-05,L4,RANGE_WIDE_120_220,CLOSE_POS_LOWER_THIRD,ROWS_SPARSE_1_8,5081.02,PREV_CLOSE_PROXY,,NEUTRAL,5105.9,5116.265,10.365,False,False,MODE_B_EMA_CHANNEL_DIRECTION_HEAVY,2.0,green_box_quarter::green_box_1_75pct,5128.12142,22.22142,False,False,MICRO_OFFSET | MID_GAP | ORIGINAL_CLUSTER | QUARTER_ROUNDING | RESIDUAL_LEVEL,adjacent_cluster_midpoint | base_cluster | base_plus_+11 | base_plus_+13 | base_plus_+3 | base_plus_+5 | base_plus_+8 | base_plus_-11 | base_plus_-13 | base_plus_-3 | base_plus_-5 | base_plus_-8 | nearest_quarter_variant | prior_level_median_residual,5116.265,10.365,False,False,ORIGINAL_ORACLE_PRESERVED,11.85642,True,False,EXPANSION_SUPERSET_VIOLATION_WORSE_ERROR,False,False
2026-03-06,2026-03-05,L5,RANGE_WIDE_120_220,CLOSE_POS_LOWER_THIRD,ROWS_SPARSE_1_8,5081.02,PREV_CLOSE_PROXY,,NEUTRAL,5070.97,5081.02,10.05,False,False,MODE_D_NEAREST_VALID_LADDER,3.0,prior_hlc::previous_close,5094.51,23.54,False,False,MICRO_OFFSET | MID_GAP | ORIGINAL_CLUSTER | QUARTER_ROUNDING | RESIDUAL_LEVEL,adjacent_cluster_midpoint | base_cluster | base_plus_+11 | base_plus_+13 | base_plus_+3 | base_plus_+5 | base_plus_+8 | base_plus_-11 | base_plus_-13 | base_plus_-3 | base_plus_-5 | base_plus_-8 | nearest_quarter_variant | prior_level_median_residual,5081.02,10.05,False,False,ORIGINAL_ORACLE_PRESERVED,13.49,True,False,EXPANSION_SUPERSET_VIOLATION_WORSE_ERROR,False,False
2026-03-06,2026-03-05,L6,RANGE_WIDE_120_220,CLOSE_POS_LOWER_THIRD,ROWS_SPARSE_1_8,5081.02,PREV_CLOSE_PROXY,,NEUTRAL,5039.06,5051.06,12.0,False,False,MODE_C_BALANCED,2.0,prior_hlc::previous_low,5057.795,18.735,False,False,MICRO_OFFSET | MID_GAP | ORIGINAL_CLUSTER | QUARTER_ROUNDING | RESIDUAL_LEVEL,adjacent_cluster_midpoint | base_cluster | base_plus_+11 | base_plus_+13 | base_plus_+3 | base_plus_+5 | base_plus_+8 | base_plus_-11 | base_plus_-13 | base_plus_-3 | base_plus_-5 | base_plus_-8 | nearest_quarter_variant | prior_level_median_residual,5051.06,12.0,False,False,ORIGINAL_ORACLE_PRESERVED,6.735,True,False,EXPANSION_SUPERSET_VIOLATION_WORSE_ERROR,False,False
2026-03-06,2026-03-05,L7,RANGE_WIDE_120_220,CLOSE_POS_LOWER_THIRD,ROWS_SPARSE_1_8,5081.02,PREV_CLOSE_PROXY,,NEUTRAL,5004.85,5021.06,16.21,False,False,MODE_B_EMA_CHANNEL_DIRECTION_HEAVY,1.0,red_box_edge::red_edge_2,5021.06,16.21,False,False,MICRO_OFFSET | MID_GAP | ORIGINAL_CLUSTER | QUARTER_ROUNDING | RESIDUAL_LEVEL,adjacent_cluster_midpoint | base_cluster | base_plus_+11 | base_plus_+13 | base_plus_+3 | base_plus_+5 | base_plus_+8 | base_plus_-11 | base_plus_-13 | base_plus_-3 | base_plus_-5 | base_plus_-8 | nearest_quarter_variant | prior_level_median_residual,5021.06,16.21,False,False,ORIGINAL_ORACLE_PRESERVED,0.0,False,False,SUPERSET_OK_GT10,False,False
2026-03-09,2026-03-06,L4,RANGE_NORMAL_60_120,CLOSE_POS_UPPER_THIRD,ROWS_STANDARD_9_10,5174.64,PREV_CLOSE_PROXY,,NEUTRAL,5198.3,5174.78,23.52,False,False,MODE_B_EMA_CHANNEL_DIRECTION_HEAVY,1.0,prior_hlc::previous_high,5155.966685,42.333315,False,False,MICRO_OFFSET | MID_GAP | ORIGINAL_CLUSTER | QUARTER_ROUNDING | RESIDUAL_LEVEL | RESIDUAL_REGIME_LEVEL,adjacent_cluster_midpoint | base_cluster | base_plus_+11 | base_plus_+13 | base_plus_+3 | base_plus_+5 | base_plus_+8 | base_plus_-11 | base_plus_-13 | base_plus_-3 | base_plus_-5 | base_plus_-8 | nearest_quarter_variant | prior_level_median_residual | prior_regime_level_median_residual,5174.78,23.52,False,False,ORIGINAL_ORACLE_PRESERVED,18.813315,True,False,EXPANSION_SUPERSET_VIOLATION_WORSE_ERROR,False,False
2026-03-09,2026-03-06,L5,RANGE_NORMAL_60_120,CLOSE_POS_UPPER_THIRD,ROWS_STANDARD_9_10,5174.64,PREV_CLOSE_PROXY,,NEUTRAL,5168.78,5158.795,9.985,False,False,MODE_C_BALANCED,1.0,red_box_quarter::red_box_1_25pct | prior_range_fraction::prev_range_0.875,5131.90758,36.87242,False,False,MICRO_OFFSET | MID_GAP | ORIGINAL_CLUSTER | QUARTER_ROUNDING | RESIDUAL_LEVEL | RESIDUAL_REGIME_LEVEL,adjacent_cluster_midpoint | base_cluster | base_plus_+11 | base_plus_+13 | base_plus_+3 | base_plus_+5 | base_plus_+8 | base_plus_-11 | base_plus_-13 | base_plus_-3 | base_plus_-5 | base_plus_-8 | nearest_quarter_variant | prior_level_median_residual | prior_regime_level_median_residual,5158.795,9.985,False,False,ORIGINAL_ORACLE_PRESERVED,26.88742,True,False,EXPANSION_SUPERSET_VIOLATION_WORSE_ERROR,False,False
2026-03-09,2026-03-06,L6,RANGE_NORMAL_60_120,CLOSE_POS_UPPER_THIRD,ROWS_STANDARD_9_10,5174.64,PREV_CLOSE_PROXY,,NEUTRAL,5140.78,5137.153371,3.626629,False,True,MODE_E_SPACING_PRESERVATION,1.0,prior_range_fraction::prev_range_0.666667,5128.11008,12.66992,False,False,MICRO_OFFSET | MID_GAP | ORIGINAL_CLUSTER | QUARTER_ROUNDING | RESIDUAL_LEVEL | RESIDUAL_REGIME_LEVEL,adjacent_cluster_midpoint | base_cluster | base_plus_+11 | base_plus_+13 | base_plus_+3 | base_plus_+5 | base_plus_+8 | base_plus_-11 | base_plus_-13 | base_plus_-3 | base_plus_-5 | base_plus_-8 | nearest_quarter_variant | prior_level_median_residual | prior_regime_level_median_residual,5137.153371,3.626629,False,True,ORIGINAL_ORACLE_PRESERVED,9.043291,True,True,EXPANSION_SUPERSET_VIOLATION_LOST_WITHIN_5,False,False
2026-03-09,2026-03-06,L7,RANGE_NORMAL_60_120,CLOSE_POS_UPPER_THIRD,ROWS_STANDARD_9_10,5174.64,PREV_CLOSE_PROXY,,NEUTRAL,5108.7,5087.8,20.9,False,False,MODE_C_BALANCED,1.0,red_box_quarter::red_box_2_25pct | prior_range_fraction::prev_range_0.25,5082.8425,25.8575,False,False,MICRO_OFFSET | MID_GAP | ORIGINAL_CLUSTER | QUARTER_ROUNDING | RESIDUAL_LEVEL | RESIDUAL_REGIME_LEVEL,adjacent_cluster_midpoint | base_cluster | base_plus_+11 | base_plus_+13 | base_plus_+3 | base_plus_+5 | base_plus_+8 | base_plus_-11 | base_plus_-13 | base_plus_-3 | base_plus_-5 | base_plus_-8 | nearest_quarter_variant | prior_level_median_residual | prior_regime_level_median_residual,5087.8,20.9,False,False,ORIGINAL_ORACLE_PRESERVED,4.9575,True,False,EXPANSION_SUPERSET_VIOLATION_WORSE_ERROR,False,False
2026-03-10,2026-03-09,L4,RANGE_WIDE_120_220,CLOSE_POS_MIDDLE_THIRD,ROWS_STANDARD_9_10,5136.66,PREV_CLOSE_PROXY,,NEUTRAL,5174.89,5152.1675,22.7225,False,False,MODE_B_EMA_CHANNEL_DIRECTION_HEAVY,1.0,prior_range_fraction::prev_range_0.75,5152.1675,22.7225,False,False,MICRO_OFFSET | MID_GAP | ORIGINAL_CLUSTER | QUARTER_ROUNDING | RESIDUAL_LEVEL | RESIDUAL_REGIME_LEVEL,adjacent_cluster_midpoint | base_cluster | base_plus_+11 | base_plus_+13 | base_plus_+3 | base_plus_+5 | base_plus_+8 | base_plus_-11 | base_plus_-13 | base_plus_-3 | base_plus_-5 | base_plus_-8 | nearest_quarter_variant | prior_level_median_residual | prior_regime_level_median_residual,5152.1675,22.7225,False,False,ORIGINAL_ORACLE_PRESERVED,0.0,False,False,SUPERSET_OK_GT10,False,False
2026-03-10,2026-03-09,L5,RANGE_WIDE_120_220,CLOSE_POS_MIDDLE_THIRD,ROWS_STANDARD_9_10,5136.66,PREV_CLOSE_PROXY,,NEUTRAL,5145.87,5118.04625,27.82375,False,False,MODE_C_BALANCED,2.0,red_box_quarter::red_box_1_75pct,5096.988095,48.881905,False,False,MICRO_OFFSET | MID_GAP | ORIGINAL_CLUSTER | QUARTER_ROUNDING | RESIDUAL_LEVEL | RESIDUAL_REGIME_LEVEL,adjacent_cluster_midpoint | base_cluster | base_plus_+11 | base_plus_+13 | base_plus_+3 | base_plus_+5 | base_plus_+8 | base_plus_-11 | base_plus_-13 | base_plus_-3 | base_plus_-5 | base_plus_-8 | nearest_quarter_variant | prior_level_median_residual | prior_regime_level_median_residual,5118.04625,27.82375,False,False,ORIGINAL_ORACLE_PRESERVED,21.058155,True,False,EXPANSION_SUPERSET_VIOLATION_WORSE_ERROR,False,False
2026-03-10,2026-03-09,L6,RANGE_WIDE_120_220,CLOSE_POS_MIDDLE_THIRD,ROWS_STANDARD_9_10,5136.66,PREV_CLOSE_PROXY,,NEUTRAL,5116.85,5128.01546,11.16546,False,False,MODE_D_NEAREST_VALID_LADDER,2.0,prior_range_fraction::prev_range_0.618,5138.030855,21.180855,False,False,MICRO_OFFSET | MID_GAP | ORIGINAL_CLUSTER | QUARTER_ROUNDING | RESIDUAL_LEVEL | RESIDUAL_REGIME_LEVEL,adjacent_cluster_midpoint | base_cluster | base_plus_+11 | base_plus_+13 | base_plus_+3 | base_plus_+5 | base_plus_+8 | base_plus_-11 | base_plus_-13 | base_plus_-3 | base_plus_-5 | base_plus_-8 | nearest_quarter_variant | prior_level_median_residual | prior_regime_level_median_residual,5128.01546,11.16546,False,False,ORIGINAL_ORACLE_PRESERVED,10.015395,True,False,EXPANSION_SUPERSET_VIOLATION_WORSE_ERROR,False,False
2026-03-10,2026-03-09,L7,RANGE_WIDE_120_220,CLOSE_POS_MIDDLE_THIRD,ROWS_STANDARD_9_10,5136.66,PREV_CLOSE_PROXY,,NEUTRAL,5088.85,5091.425,2.575,True,True,MODE_B_EMA_CHANNEL_DIRECTION_HEAVY,2.0,red_box_edge::red_edge_1,5074.165,14.685,False,False,RESIDUAL_REGIME_LEVEL,prior_regime_level_median_residual,5091.425,2.575,True,True,ORIGINAL_ORACLE_PRESERVED,12.11,True,True,EXPANSION_SUPERSET_VIOLATION_LOST_WITHIN_5,False,False
2026-03-11,2026-03-10,L4,RANGE_WIDE_120_220,CLOSE_POS_MIDDLE_THIRD,ROWS_STANDARD_9_10,5192.64,PREV_CLOSE_PROXY,,NEUTRAL,5249.95,5268.59,18.64,False,False,MODE_D_NEAREST_VALID_LADDER,2.0,green_box_edge::green_edge_2,5268.59,18.64,False,False,MICRO_OFFSET | MID_GAP | ORIGINAL_CLUSTER | QUARTER_ROUNDING | RESIDUAL_LEVEL | RESIDUAL_REGIME_LEVEL,adjacent_cluster_midpoint | base_cluster | base_plus_+11 | base_plus_+13 | base_plus_+3 | base_plus_+5 | base_plus_+8 | base_plus_-11 | base_plus_-13 | base_plus_-3 | base_plus_-5 | base_plus_-8 | nearest_quarter_variant | prior_level_median_residual | prior_regime_level_median_residual,5268.59,18.64,False,False,ORIGINAL_ORACLE_PRESERVED,0.0,False,False,SUPERSET_OK_GT10,False,False
2026-03-11,2026-03-10,L5,RANGE_WIDE_120_220,CLOSE_POS_MIDDLE_THIRD,ROWS_STANDARD_9_10,5192.64,PREV_CLOSE_PROXY,,NEUTRAL,5222.07,5238.59,16.52,False,False,MODE_B_EMA_CHANNEL_DIRECTION_HEAVY,2.0,prior_hlc::previous_high,5238.59,16.52,False,False,MICRO_OFFSET | MID_GAP | ORIGINAL_CLUSTER | QUARTER_ROUNDING | RESIDUAL_LEVEL | RESIDUAL_REGIME_LEVEL,adjacent_cluster_midpoint | base_cluster | base_plus_+11 | base_plus_+13 | base_plus_+3 | base_plus_+5 | base_plus_+8 | base_plus_-11 | base_plus_-13 | base_plus_-3 | base_plus_-5 | base_plus_-8 | nearest_quarter_variant | prior_level_median_residual | prior_regime_level_median_residual,5238.59,16.52,False,False,ORIGINAL_ORACLE_PRESERVED,0.0,False,False,SUPERSET_OK_GT10,False,False
2026-03-11,2026-03-10,L6,RANGE_WIDE_120_220,CLOSE_POS_MIDDLE_THIRD,ROWS_STANDARD_9_10,5192.64,PREV_CLOSE_PROXY,,NEUTRAL,5189.44,5182.916667,6.523333,False,False,MODE_B_EMA_CHANNEL_DIRECTION_HEAVY,1.0,prior_hlc::previous_pivot_hlc3,5159.17125,30.26875,False,False,MICRO_OFFSET | MID_GAP | ORIGINAL_CLUSTER | QUARTER_ROUNDING | RESIDUAL_LEVEL | RESIDUAL_REGIME_LEVEL,adjacent_cluster_midpoint | base_cluster | base_plus_+11 | base_plus_+13 | base_plus_+3 | base_plus_+5 | base_plus_+8 | base_plus_-11 | base_plus_-13 | base_plus_-3 | base_plus_-5 | base_plus_-8 | nearest_quarter_variant | prior_level_median_residual | prior_regime_level_median_residual,5182.916667,6.523333,False,False,ORIGINAL_ORACLE_PRESERVED,23.745417,True,False,EXPANSION_SUPERSET_VIOLATION_WORSE_ERROR,False,False
2026-03-11,2026-03-10,L7,RANGE_WIDE_120_220,CLOSE_POS_MIDDLE_THIRD,ROWS_STANDARD_9_10,5192.64,PREV_CLOSE_PROXY,,NEUTRAL,5163.6,5163.055,0.545,True,True,MODE_B_EMA_CHANNEL_DIRECTION_HEAVY,2.0,red_box_edge::red_edge_1,5144.17125,19.42875,False,False,MICRO_OFFSET | MID_GAP | ORIGINAL_CLUSTER | QUARTER_ROUNDING | RESIDUAL_LEVEL | RESIDUAL_REGIME_LEVEL,adjacent_cluster_midpoint | base_cluster | base_plus_+11 | base_plus_+13 | base_plus_+3 | base_plus_+5 | base_plus_+8 | base_plus_-11 | base_plus_-13 | base_plus_-3 | base_plus_-5 | base_plus_-8 | nearest_quarter_variant | prior_level_median_residual | prior_regime_level_median_residual,5163.055,0.545,True,True,ORIGINAL_ORACLE_PRESERVED,18.88375,True,True,EXPANSION_SUPERSET_VIOLATION_LOST_WITHIN_5,False,False
2026-03-12,2026-03-11,L4,RANGE_NORMAL_60_120,CLOSE_POS_MIDDLE_THIRD,ROWS_STANDARD_9_10,5175.96,PREV_CLOSE_PROXY,,NEUTRAL,5238.21,5227.055,11.155,False,False,MODE_D_NEAREST_VALID_LADDER,2.0,green_box_midline::green_mid_2,5201.5075,36.7025,False,False,MICRO_OFFSET | MID_GAP | ORIGINAL_CLUSTER | QUARTER_ROUNDING | RESIDUAL_LEVEL | RESIDUAL_REGIME_LEVEL,adjacent_cluster_midpoint | base_cluster | base_plus_+11 | base_plus_+13 | base_plus_+3 | base_plus_+5 | base_plus_+8 | base_plus_-11 | base_plus_-13 | base_plus_-3 | base_plus_-5 | base_plus_-8 | nearest_quarter_variant | prior_level_median_residual | prior_regime_level_median_residual,5227.055,11.155,False,False,ORIGINAL_ORACLE_PRESERVED,25.5475,True,False,EXPANSION_SUPERSET_VIOLATION_WORSE_ERROR,False,False
2026-03-12,2026-03-11,L5,RANGE_NORMAL_60_120,CLOSE_POS_MIDDLE_THIRD,ROWS_STANDARD_9_10,5175.96,PREV_CLOSE_PROXY,,NEUTRAL,5214.48,5199.0525,15.4275,False,False,MODE_C_BALANCED,2.0,red_box_midline::red_mid_1 | green_box_edge::green_edge_1,5187.61641,26.86359,False,False,MICRO_OFFSET | MID_GAP | ORIGINAL_CLUSTER | QUARTER_ROUNDING | RESIDUAL_LEVEL | RESIDUAL_REGIME_LEVEL,adjacent_cluster_midpoint | base_cluster | base_plus_+11 | base_plus_+13 | base_plus_+3 | base_plus_+5 | base_plus_+8 | base_plus_-11 | base_plus_-13 | base_plus_-3 | base_plus_-5 | base_plus_-8 | nearest_quarter_variant | prior_level_median_residual | prior_regime_level_median_residual,5199.0525,15.4275,False,False,ORIGINAL_ORACLE_PRESERVED,11.43609,True,False,EXPANSION_SUPERSET_VIOLATION_WORSE_ERROR,False,False
2026-03-12,2026-03-11,L6,RANGE_NORMAL_60_120,CLOSE_POS_MIDDLE_THIRD,ROWS_STANDARD_9_10,5175.96,PREV_CLOSE_PROXY,,NEUTRAL,5185.72,5186.05,0.33,True,True,MODE_C_BALANCED,2.0,prior_hlc::previous_mid,5179.24016,6.47984,False,False,MICRO_OFFSET | MID_GAP | ORIGINAL_CLUSTER | QUARTER_ROUNDING | RESIDUAL_LEVEL | RESIDUAL_REGIME_LEVEL,adjacent_cluster_midpoint | base_cluster | base_plus_+11 | base_plus_+13 | base_plus_+3 | base_plus_+5 | base_plus_+8 | base_plus_-11 | base_plus_-13 | base_plus_-3 | base_plus_-5 | base_plus_-8 | nearest_quarter_variant | prior_level_median_residual | prior_regime_level_median_residual,5186.05,0.33,True,True,ORIGINAL_ORACLE_PRESERVED,6.14984,True,True,EXPANSION_SUPERSET_VIOLATION_LOST_WITHIN_5,False,False
2026-03-12,2026-03-11,L7,RANGE_NORMAL_60_120,CLOSE_POS_MIDDLE_THIRD,ROWS_STANDARD_9_10,5175.96,PREV_CLOSE_PROXY,,NEUTRAL,5157.46,5160.045,2.585,True,True,MODE_C_BALANCED,1.0,red_box_quarter::red_box_2_25pct | green_box_quarter::green_box_1_25pct,5165.5475,8.0875,False,False,MICRO_OFFSET | MID_GAP | ORIGINAL_CLUSTER | QUARTER_ROUNDING | RESIDUAL_LEVEL | RESIDUAL_REGIME_LEVEL,adjacent_cluster_midpoint | base_cluster | base_plus_+11 | base_plus_+13 | base_plus_+3 | base_plus_+5 | base_plus_+8 | base_plus_-11 | base_plus_-13 | base_plus_-3 | base_plus_-5 | base_plus_-8 | nearest_quarter_variant | prior_level_median_residual | prior_regime_level_median_residual,5160.045,2.585,True,True,ORIGINAL_ORACLE_PRESERVED,5.5025,True,True,EXPANSION_SUPERSET_VIOLATION_LOST_WITHIN_5,False,False
2026-03-13,2026-03-12,L4,RANGE_WIDE_120_220,CLOSE_POS_LOWER_THIRD,ROWS_STANDARD_9_10,5079.04,PREV_CLOSE_PROXY,,NEUTRAL,5106.89,5117.56625,10.67625,False,False,MODE_B_EMA_CHANNEL_DIRECTION_HEAVY,2.0,green_box_quarter::green_box_1_75pct,5128.541795,21.651795,False,False,MICRO_OFFSET | MID_GAP | ORIGINAL_CLUSTER | QUARTER_ROUNDING | RESIDUAL_LEVEL | RESIDUAL_REGIME_LEVEL,adjacent_cluster_midpoint | base_cluster | base_plus_+11 | base_plus_+13 | base_plus_+3 | base_plus_+5 | base_plus_+8 | base_plus_-11 | base_plus_-13 | base_plus_-3 | base_plus_-5 | base_plus_-8 | nearest_quarter_variant | prior_level_median_residual | prior_regime_level_median_residual,5117.56625,10.67625,False,False,ORIGINAL_ORACLE_PRESERVED,10.975545,True,False,EXPANSION_SUPERSET_VIOLATION_WORSE_ERROR,False,False
2026-03-13,2026-03-12,L5,RANGE_WIDE_120_220,CLOSE_POS_LOWER_THIRD,ROWS_STANDARD_9_10,5079.04,PREV_CLOSE_PROXY,,NEUTRAL,5079.86,5079.04,0.82,True,True,MODE_D_NEAREST_VALID_LADDER,3.0,prior_hlc::previous_close,5093.7175,13.8575,False,False,MICRO_OFFSET | MID_GAP | ORIGINAL_CLUSTER | QUARTER_ROUNDING | RESIDUAL_LEVEL | RESIDUAL_REGIME_LEVEL,adjacent_cluster_midpoint | base_cluster | base_plus_+11 | base_plus_+13 | base_plus_+3 | base_plus_+5 | base_plus_+8 | base_plus_-11 | base_plus_-13 | base_plus_-3 | base_plus_-5 | base_plus_-8 | nearest_quarter_variant | prior_level_median_residual | prior_regime_level_median_residual,5079.04,0.82,True,True,ORIGINAL_ORACLE_PRESERVED,13.0375,True,True,EXPANSION_SUPERSET_VIOLATION_LOST_WITHIN_5,False,False
2026-03-13,2026-03-12,L6,RANGE_WIDE_120_220,CLOSE_POS_LOWER_THIRD,ROWS_STANDARD_9_10,5079.04,PREV_CLOSE_PROXY,,NEUTRAL,5053.98,5055.08,1.1,True,True,MODE_C_BALANCED,2.0,prior_hlc::previous_low,5060.90875,6.92875,False,False,MICRO_OFFSET | MID_GAP | ORIGINAL_CLUSTER | QUARTER_ROUNDING | RESIDUAL_LEVEL | RESIDUAL_REGIME_LEVEL,adjacent_cluster_midpoint | base_cluster | base_plus_+11 | base_plus_+13 | base_plus_+3 | base_plus_+5 | base_plus_+8 | base_plus_-11 | base_plus_-13 | base_plus_-3 | base_plus_-5 | base_plus_-8 | nearest_quarter_variant | prior_level_median_residual | prior_regime_level_median_residual,5055.08,1.1,True,True,ORIGINAL_ORACLE_PRESERVED,5.82875,True,True,EXPANSION_SUPERSET_VIOLATION_LOST_WITHIN_5,False,False
2026-03-13,2026-03-12,L7,RANGE_WIDE_120_220,CLOSE_POS_LOWER_THIRD,ROWS_STANDARD_9_10,5079.04,PREV_CLOSE_PROXY,,NEUTRAL,5023.5,5025.08,1.58,True,True,MODE_B_EMA_CHANNEL_DIRECTION_HEAVY,1.0,red_box_edge::red_edge_2,5025.08,1.58,True,True,MICRO_OFFSET | MID_GAP | ORIGINAL_CLUSTER | QUARTER_ROUNDING | RESIDUAL_LEVEL | RESIDUAL_REGIME_LEVEL,adjacent_cluster_midpoint | base_cluster | base_plus_+11 | base_plus_+13 | base_plus_+3 | base_plus_+5 | base_plus_+8 | base_plus_-11 | base_plus_-13 | base_plus_-3 | base_plus_-5 | base_plus_-8 | nearest_quarter_variant | prior_level_median_residual | prior_regime_level_median_residual,5025.08,1.58,True,True,ORIGINAL_ORACLE_PRESERVED,0.0,False,False,SUPERSET_OK_WITHIN_3,False,False
2026-03-16,2026-03-13,L5,RANGE_NORMAL_60_120,CLOSE_POS_LOWER_THIRD,ROWS_STANDARD_9_10,5018.66,PREV_CLOSE_PROXY,,NEUTRAL,5057.31,5052.273333,5.036667,False,False,MODE_C_BALANCED,2.0,prior_hlc::previous_pivot_hlc3,5043.891666,13.418334,False,False,MICRO_OFFSET | MID_GAP | ORIGINAL_CLUSTER | QUARTER_ROUNDING | RESIDUAL_LEVEL | RESIDUAL_REGIME_LEVEL,adjacent_cluster_midpoint | base_cluster | base_plus_+11 | base_plus_+13 | base_plus_+3 | base_plus_+5 | base_plus_+8 | base_plus_-11 | base_plus_-13 | base_plus_-3 | base_plus_-5 | base_plus_-8 | nearest_quarter_variant | prior_level_median_residual | prior_regime_level_median_residual,5052.273333,5.036667,False,False,ORIGINAL_ORACLE_PRESERVED,8.381667,True,False,EXPANSION_SUPERSET_VIOLATION_WORSE_ERROR,False,False
2026-03-16,2026-03-13,L6,RANGE_NORMAL_60_120,CLOSE_POS_LOWER_THIRD,ROWS_STANDARD_9_10,5018.66,PREV_CLOSE_PROXY,,NEUTRAL,5028.51,5028.37,0.14,True,True,MODE_D_NEAREST_VALID_LADDER,2.0,green_box_quarter::green_box_1_25pct,5016.94,11.57,False,False,MICRO_OFFSET | MID_GAP | ORIGINAL_CLUSTER | QUARTER_ROUNDING | RESIDUAL_LEVEL | RESIDUAL_REGIME_LEVEL,adjacent_cluster_midpoint | base_cluster | base_plus_+11 | base_plus_+13 | base_plus_+3 | base_plus_+5 | base_plus_+8 | base_plus_-11 | base_plus_-13 | base_plus_-3 | base_plus_-5 | base_plus_-8 | nearest_quarter_variant | prior_level_median_residual | prior_regime_level_median_residual,5028.37,0.14,True,True,ORIGINAL_ORACLE_PRESERVED,11.43,True,True,EXPANSION_SUPERSET_VIOLATION_LOST_WITHIN_5,False,False
2026-03-16,2026-03-13,L7,RANGE_NORMAL_60_120,CLOSE_POS_LOWER_THIRD,ROWS_STANDARD_9_10,5018.66,PREV_CLOSE_PROXY,,NEUTRAL,4999.43,5009.8,10.37,False,False,MODE_B_EMA_CHANNEL_DIRECTION_HEAVY,1.0,prior_hlc::previous_low,5009.8,10.37,False,False,MICRO_OFFSET | MID_GAP | ORIGINAL_CLUSTER | QUARTER_ROUNDING | RESIDUAL_LEVEL | RESIDUAL_REGIME_LEVEL,adjacent_cluster_midpoint | base_cluster | base_plus_+11 | base_plus_+13 | base_plus_+3 | base_plus_+5 | base_plus_+8 | base_plus_-11 | base_plus_-13 | base_plus_-3 | base_plus_-5 | base_plus_-8 | nearest_quarter_variant | prior_level_median_residual | prior_regime_level_median_residual,5009.8,10.37,False,False,ORIGINAL_ORACLE_PRESERVED,0.0,False,False,SUPERSET_OK_GT10,False,False
2026-03-17,2026-03-16,L4,RANGE_NORMAL_60_120,CLOSE_POS_MIDDLE_THIRD,ROWS_SPARSE_1_8,5006.25,PREV_CLOSE_PROXY,,NEUTRAL,5032.61,5014.480023,18.129977,False,False,MODE_C_BALANCED,1.0,prior_range_fraction::prev_range_0.666667,5009.214386,23.395613,False,False,MICRO_OFFSET | MID_GAP | ORIGINAL_CLUSTER | QUARTER_ROUNDING | RESIDUAL_LEVEL | RESIDUAL_REGIME_LEVEL,adjacent_cluster_midpoint | base_cluster | base_plus_+11 | base_plus_+13 | base_plus_+3 | base_plus_+5 | base_plus_+8 | base_plus_-11 | base_plus_-13 | base_plus_-3 | base_plus_-5 | base_plus_-8 | nearest_quarter_variant | prior_level_median_residual | prior_regime_level_median_residual,5014.480023,18.129977,False,False,ORIGINAL_ORACLE_PRESERVED,5.265636,True,False,EXPANSION_SUPERSET_VIOLATION_WORSE_ERROR,False,False
2026-03-17,2026-03-16,L5,RANGE_NORMAL_60_120,CLOSE_POS_MIDDLE_THIRD,ROWS_SPARSE_1_8,5006.25,PREV_CLOSE_PROXY,,NEUTRAL,5002.1,5006.25,4.15,False,True,MODE_C_BALANCED,1.0,prior_hlc::previous_close,4991.27125,10.82875,False,False,MICRO_OFFSET | MID_GAP | ORIGINAL_CLUSTER | QUARTER_ROUNDING | RESIDUAL_LEVEL | RESIDUAL_REGIME_LEVEL,adjacent_cluster_midpoint | base_cluster | base_plus_+11 | base_plus_+13 | base_plus_+3 | base_plus_+5 | base_plus_+8 | base_plus_-11 | base_plus_-13 | base_plus_-3 | base_plus_-5 | base_plus_-8 | nearest_quarter_variant | prior_level_median_residual | prior_regime_level_median_residual,5006.25,4.15,False,True,ORIGINAL_ORACLE_PRESERVED,6.67875,True,True,EXPANSION_SUPERSET_VIOLATION_LOST_WITHIN_5,False,False
2026-03-17,2026-03-16,L6,RANGE_NORMAL_60_120,CLOSE_POS_MIDDLE_THIRD,ROWS_SPARSE_1_8,5006.25,PREV_CLOSE_PROXY,,NEUTRAL,4972.65,4976.2925,3.6425,False,True,MODE_C_BALANCED,2.0,prior_range_fraction::prev_range_0.125,4961.2925,11.3575,False,False,MICRO_OFFSET | MID_GAP | ORIGINAL_CLUSTER | QUARTER_ROUNDING | RESIDUAL_LEVEL | RESIDUAL_REGIME_LEVEL,adjacent_cluster_midpoint | base_cluster | base_plus_+11 | base_plus_+13 | base_plus_+3 | base_plus_+5 | base_plus_+8 | base_plus_-11 | base_plus_-13 | base_plus_-3 | base_plus_-5 | base_plus_-8 | nearest_quarter_variant | prior_level_median_residual | prior_regime_level_median_residual,4976.2925,3.6425,False,True,ORIGINAL_ORACLE_PRESERVED,7.715,True,True,EXPANSION_SUPERSET_VIOLATION_LOST_WITHIN_5,False,False
2026-03-17,2026-03-16,L7,RANGE_NORMAL_60_120,CLOSE_POS_MIDDLE_THIRD,ROWS_SPARSE_1_8,5006.25,PREV_CLOSE_PROXY,,NEUTRAL,4948.52,4950.0425,1.5225,True,True,MODE_B_EMA_CHANNEL_DIRECTION_HEAVY,1.0,red_box_quarter::red_box_2_75pct,4963.1675,14.6475,False,False,MICRO_OFFSET | MID_GAP | ORIGINAL_CLUSTER | QUARTER_ROUNDING | RESIDUAL_LEVEL | RESIDUAL_REGIME_LEVEL,adjacent_cluster_midpoint | base_cluster | base_plus_+11 | base_plus_+13 | base_plus_+3 | base_plus_+5 | base_plus_+8 | base_plus_-11 | base_plus_-13 | base_plus_-3 | base_plus_-5 | base_plus_-8 | nearest_quarter_variant | prior_level_median_residual | prior_regime_level_median_residual,4950.0425,1.5225,True,True,ORIGINAL_ORACLE_PRESERVED,13.125,True,True,EXPANSION_SUPERSET_VIOLATION_LOST_WITHIN_5,False,False
2026-03-18,2026-03-17,L4,RANGE_NORMAL_60_120,CLOSE_POS_MIDDLE_THIRD,ROWS_EXTENDED_11_PLUS,5005.5,PREV_CLOSE_PROXY,,NEUTRAL,5033.04,5046.84,13.8,False,False,MODE_C_BALANCED,1.0,prior_hlc::previous_high | green_box_midline::green_mid_2,5046.84,13.8,False,False,MICRO_OFFSET | MID_GAP | ORIGINAL_CLUSTER | QUARTER_ROUNDING | RESIDUAL_LEVEL | RESIDUAL_REGIME_LEVEL,adjacent_cluster_midpoint | base_cluster | base_plus_+11 | base_plus_+13 | base_plus_+3 | base_plus_+5 | base_plus_+8 | base_plus_-11 | base_plus_-13 | base_plus_-3 | base_plus_-5 | base_plus_-8 | nearest_quarter_variant | prior_level_median_residual | prior_regime_level_median_residual,5046.84,13.8,False,False,ORIGINAL_ORACLE_PRESERVED,0.0,False,False,SUPERSET_OK_GT10,False,False
2026-03-18,2026-03-17,L5,RANGE_NORMAL_60_120,CLOSE_POS_MIDDLE_THIRD,ROWS_EXTENDED_11_PLUS,5005.5,PREV_CLOSE_PROXY,,NEUTRAL,5007.6,5009.41,1.81,True,True,MODE_C_BALANCED,1.0,prior_hlc::previous_pivot_hlc3 | green_box_quarter::green_box_1_75pct,5009.41,1.81,True,True,MICRO_OFFSET | MID_GAP | ORIGINAL_CLUSTER | QUARTER_ROUNDING | RESIDUAL_LEVEL | RESIDUAL_REGIME_LEVEL,adjacent_cluster_midpoint | base_cluster | base_plus_+11 | base_plus_+13 | base_plus_+3 | base_plus_+5 | base_plus_+8 | base_plus_-11 | base_plus_-13 | base_plus_-3 | base_plus_-5 | base_plus_-8 | nearest_quarter_variant | prior_level_median_residual | prior_regime_level_median_residual,5009.41,1.81,True,True,ORIGINAL_ORACLE_PRESERVED,0.0,False,False,SUPERSET_OK_WITHIN_3,False,False
2026-03-18,2026-03-17,L6,RANGE_NORMAL_60_120,CLOSE_POS_MIDDLE_THIRD,ROWS_EXTENDED_11_PLUS,5005.5,PREV_CLOSE_PROXY,,NEUTRAL,4976.45,4983.44,6.99,False,False,MODE_C_BALANCED,1.0,red_box_quarter::red_box_2_25pct | green_box_quarter::green_box_1_25pct,4983.44,6.99,False,False,MICRO_OFFSET | MID_GAP | ORIGINAL_CLUSTER | QUARTER_ROUNDING | RESIDUAL_LEVEL | RESIDUAL_REGIME_LEVEL,adjacent_cluster_midpoint | base_cluster | base_plus_+11 | base_plus_+13 | base_plus_+3 | base_plus_+5 | base_plus_+8 | base_plus_-11 | base_plus_-13 | base_plus_-3 | base_plus_-5 | base_plus_-8 | nearest_quarter_variant | prior_level_median_residual | prior_regime_level_median_residual,4983.44,6.99,False,False,ORIGINAL_ORACLE_PRESERVED,0.0,False,False,SUPERSET_OK_WITHIN_10,False,False
2026-03-18,2026-03-17,L7,RANGE_NORMAL_60_120,CLOSE_POS_MIDDLE_THIRD,ROWS_EXTENDED_11_PLUS,5005.5,PREV_CLOSE_PROXY,,NEUTRAL,4948.65,4955.76,7.11,False,False,MODE_B_EMA_CHANNEL_DIRECTION_HEAVY,1.0,red_box_quarter::red_box_2_75pct,4955.76,7.11,False,False,MICRO_OFFSET | MID_GAP | ORIGINAL_CLUSTER | QUARTER_ROUNDING | RESIDUAL_LEVEL | RESIDUAL_REGIME_LEVEL,adjacent_cluster_midpoint | base_cluster | base_plus_+11 | base_plus_+13 | base_plus_+3 | base_plus_+5 | base_plus_+8 | base_plus_-11 | base_plus_-13 | base_plus_-3 | base_plus_-5 | base_plus_-8 | nearest_quarter_variant | prior_level_median_residual | prior_regime_level_median_residual,4955.76,7.11,False,False,ORIGINAL_ORACLE_PRESERVED,0.0,False,False,SUPERSET_OK_WITHIN_10,False,False
2026-03-19,2026-03-18,L4,RANGE_WIDE_120_220,CLOSE_POS_LOWER_THIRD,ROWS_EXTENDED_11_PLUS,4818.64,PREV_CLOSE_PROXY,,NEUTRAL,4854.69,5016.38,161.69,False,False,MODE_B_EMA_CHANNEL_DIRECTION_HEAVY,1.0,prior_hlc::previous_high,5032.5075,177.8175,False,False,MICRO_OFFSET | MID_GAP | ORIGINAL_CLUSTER | QUARTER_ROUNDING | RESIDUAL_LEVEL | RESIDUAL_REGIME_LEVEL,adjacent_cluster_midpoint | base_cluster | base_plus_+11 | base_plus_+13 | base_plus_+3 | base_plus_+5 | base_plus_+8 | base_plus_-11 | base_plus_-13 | base_plus_-3 | base_plus_-5 | base_plus_-8 | nearest_quarter_variant | prior_level_median_residual | prior_regime_level_median_residual,5016.38,161.69,False,False,ORIGINAL_ORACLE_PRESERVED,16.1275,True,False,EXPANSION_SUPERSET_VIOLATION_WORSE_ERROR,False,False
2026-03-19,2026-03-18,L5,RANGE_WIDE_120_220,CLOSE_POS_LOWER_THIRD,ROWS_EXTENDED_11_PLUS,4818.64,PREV_CLOSE_PROXY,,NEUTRAL,4835.57,4964.0425,128.4725,False,False,MODE_B_EMA_CHANNEL_DIRECTION_HEAVY,1.0,prior_range_fraction::prev_range_0.75,4977.126875,141.556875,False,False,MICRO_OFFSET | MID_GAP | ORIGINAL_CLUSTER | QUARTER_ROUNDING | RESIDUAL_LEVEL | RESIDUAL_REGIME_LEVEL,adjacent_cluster_midpoint | base_cluster | base_plus_+11 | base_plus_+13 | base_plus_+3 | base_plus_+5 | base_plus_+8 | base_plus_-11 | base_plus_-13 | base_plus_-3 | base_plus_-5 | base_plus_-8 | nearest_quarter_variant | prior_level_median_residual | prior_regime_level_median_residual,4964.0425,128.4725,False,False,ORIGINAL_ORACLE_PRESERVED,13.084375,True,False,EXPANSION_SUPERSET_VIOLATION_WORSE_ERROR,False,False
2026-03-19,2026-03-18,L6,RANGE_WIDE_120_220,CLOSE_POS_LOWER_THIRD,ROWS_EXTENDED_11_PLUS,4818.64,PREV_CLOSE_PROXY,,NEUTRAL,4814.49,4911.705,97.215,False,False,MODE_B_EMA_CHANNEL_DIRECTION_HEAVY,2.0,prior_hlc::previous_mid,4924.05665,109.56665,False,False,MICRO_OFFSET | MID_GAP | ORIGINAL_CLUSTER | QUARTER_ROUNDING | RESIDUAL_LEVEL | RESIDUAL_REGIME_LEVEL,adjacent_cluster_midpoint | base_cluster | base_plus_+11 | base_plus_+13 | base_plus_+3 | base_plus_+5 | base_plus_+8 | base_plus_-11 | base_plus_-13 | base_plus_-3 | base_plus_-5 | base_plus_-8 | nearest_quarter_variant | prior_level_median_residual | prior_regime_level_median_residual,4911.705,97.215,False,False,ORIGINAL_ORACLE_PRESERVED,12.35165,True,False,EXPANSION_SUPERSET_VIOLATION_WORSE_ERROR,False,False
2026-03-19,2026-03-18,L7,RANGE_WIDE_120_220,CLOSE_POS_LOWER_THIRD,ROWS_EXTENDED_11_PLUS,4818.64,PREV_CLOSE_PROXY,,NEUTRAL,4794.4,4866.8675,72.4675,False,False,MODE_C_BALANCED,1.0,green_box_midline::green_mid_1,4880.84875,86.44875,False,False,MICRO_OFFSET | MID_GAP | ORIGINAL_CLUSTER | QUARTER_ROUNDING | RESIDUAL_LEVEL | RESIDUAL_REGIME_LEVEL,adjacent_cluster_midpoint | base_cluster | base_plus_+11 | base_plus_+13 | base_plus_+3 | base_plus_+5 | base_plus_+8 | base_plus_-11 | base_plus_-13 | base_plus_-3 | base_plus_-5 | base_plus_-8 | nearest_quarter_variant | prior_level_median_residual | prior_regime_level_median_residual,4866.8675,72.4675,False,False,ORIGINAL_ORACLE_PRESERVED,13.98125,True,False,EXPANSION_SUPERSET_VIOLATION_WORSE_ERROR,False,False
2026-03-20,2026-03-19,L4,RANGE_EXTREME_220_PLUS,CLOSE_POS_MIDDLE_THIRD,ROWS_STANDARD_9_10,4650.38,PREV_CLOSE_PROXY,,NEUTRAL,4687.79,4798.64,110.85,False,False,MODE_C_BALANCED,1.0,green_box_midline::green_mid_2,4798.64,110.85,False,False,MICRO_OFFSET | MID_GAP | ORIGINAL_CLUSTER | QUARTER_ROUNDING | RESIDUAL_LEVEL,adjacent_cluster_midpoint | base_cluster | base_plus_+11 | base_plus_+13 | base_plus_+3 | base_plus_+5 | base_plus_+8 | base_plus_-11 | base_plus_-13 | base_plus_-3 | base_plus_-5 | base_plus_-8 | nearest_quarter_variant | prior_level_median_residual,4798.64,110.85,False,False,ORIGINAL_ORACLE_PRESERVED,0.0,False,False,SUPERSET_OK_GT10,False,False
2026-03-20,2026-03-19,L5,RANGE_EXTREME_220_PLUS,CLOSE_POS_MIDDLE_THIRD,ROWS_STANDARD_9_10,4650.38,PREV_CLOSE_PROXY,,NEUTRAL,4666.39,4768.64,102.25,False,False,MODE_B_EMA_CHANNEL_DIRECTION_HEAVY,1.0,red_box_midline::red_mid_1,4768.64,102.25,False,False,MICRO_OFFSET | MID_GAP | ORIGINAL_CLUSTER | QUARTER_ROUNDING | RESIDUAL_LEVEL,adjacent_cluster_midpoint | base_cluster | base_plus_+11 | base_plus_+13 | base_plus_+3 | base_plus_+5 | base_plus_+8 | base_plus_-11 | base_plus_-13 | base_plus_-3 | base_plus_-5 | base_plus_-8 | nearest_quarter_variant | prior_level_median_residual,4768.64,102.25,False,False,ORIGINAL_ORACLE_PRESERVED,0.0,False,False,SUPERSET_OK_GT10,False,False
2026-03-20,2026-03-19,L6,RANGE_EXTREME_220_PLUS,CLOSE_POS_MIDDLE_THIRD,ROWS_STANDARD_9_10,4650.38,PREV_CLOSE_PROXY,,NEUTRAL,4642.43,4719.36,76.93,False,False,MODE_B_EMA_CHANNEL_DIRECTION_HEAVY,1.0,red_box_quarter::red_box_1_75pct,4719.36,76.93,False,False,MICRO_OFFSET | MID_GAP | ORIGINAL_CLUSTER | QUARTER_ROUNDING | RESIDUAL_LEVEL,adjacent_cluster_midpoint | base_cluster | base_plus_+11 | base_plus_+13 | base_plus_+3 | base_plus_+5 | base_plus_+8 | base_plus_-11 | base_plus_-13 | base_plus_-3 | base_plus_-5 | base_plus_-8 | nearest_quarter_variant | prior_level_median_residual,4719.36,76.93,False,False,ORIGINAL_ORACLE_PRESERVED,0.0,False,False,SUPERSET_OK_GT10,False,False
2026-03-20,2026-03-19,L7,RANGE_EXTREME_220_PLUS,CLOSE_POS_MIDDLE_THIRD,ROWS_STANDARD_9_10,4650.38,PREV_CLOSE_PROXY,,NEUTRAL,4621.43,4685.08,63.65,False,False,MODE_C_BALANCED,1.0,prior_hlc::previous_mid,4685.08,63.65,False,False,MICRO_OFFSET | MID_GAP | ORIGINAL_CLUSTER | QUARTER_ROUNDING | RESIDUAL_LEVEL,adjacent_cluster_midpoint | base_cluster | base_plus_+11 | base_plus_+13 | base_plus_+3 | base_plus_+5 | base_plus_+8 | base_plus_-11 | base_plus_-13 | base_plus_-3 | base_plus_-5 | base_plus_-8 | nearest_quarter_variant | prior_level_median_residual,4685.08,63.65,False,False,ORIGINAL_ORACLE_PRESERVED,0.0,False,False,SUPERSET_OK_GT10,False,False
2026-03-23,2026-03-20,L4,RANGE_EXTREME_220_PLUS,CLOSE_POS_LOWER_THIRD,ROWS_STANDARD_9_10,4498.06,PREV_CLOSE_PROXY,,NEUTRAL,4524.06,4519.47,4.59,False,True,MODE_B_EMA_CHANNEL_DIRECTION_HEAVY,2.0,red_box_midline::red_mid_2,4519.47,4.59,False,True,MICRO_OFFSET | MID_GAP | ORIGINAL_CLUSTER | QUARTER_ROUNDING | RESIDUAL_LEVEL,adjacent_cluster_midpoint | base_cluster | base_plus_+11 | base_plus_+13 | base_plus_+3 | base_plus_+5 | base_plus_+8 | base_plus_-11 | base_plus_-13 | base_plus_-3 | base_plus_-5 | base_plus_-8 | nearest_quarter_variant | prior_level_median_residual,4519.47,4.59,False,True,ORIGINAL_ORACLE_PRESERVED,0.0,False,False,SUPERSET_OK_WITHIN_5,False,False
2026-03-23,2026-03-20,L5,RANGE_EXTREME_220_PLUS,CLOSE_POS_LOWER_THIRD,ROWS_STANDARD_9_10,4498.06,PREV_CLOSE_PROXY,,NEUTRAL,4495.38,4498.06,2.68,True,True,MODE_D_NEAREST_VALID_LADDER,1.0,prior_hlc::previous_close,4508.765,13.385,False,False,MICRO_OFFSET | MID_GAP | ORIGINAL_CLUSTER | QUARTER_ROUNDING | RESIDUAL_LEVEL | RESIDUAL_REGIME_LEVEL,adjacent_cluster_midpoint | base_cluster | base_plus_+11 | base_plus_+13 | base_plus_+3 | base_plus_+5 | base_plus_+8 | base_plus_-11 | base_plus_-13 | base_plus_-3 | base_plus_-5 | base_plus_-8 | nearest_quarter_variant | prior_level_median_residual | prior_regime_level_median_residual,4498.06,2.68,True,True,ORIGINAL_ORACLE_PRESERVED,10.705,True,True,EXPANSION_SUPERSET_VIOLATION_LOST_WITHIN_5,False,False
2026-03-23,2026-03-20,L6,RANGE_EXTREME_220_PLUS,CLOSE_POS_LOWER_THIRD,ROWS_STANDARD_9_10,4498.06,PREV_CLOSE_PROXY,,NEUTRAL,4465.6,4483.415,17.815,False,False,MODE_B_EMA_CHANNEL_DIRECTION_HEAVY,1.0,red_box_quarter::red_box_2_75pct,4496.54,30.94,False,False,MICRO_OFFSET | MID_GAP | ORIGINAL_CLUSTER | QUARTER_ROUNDING | RESIDUAL_LEVEL,adjacent_cluster_midpoint | base_cluster | base_plus_+11 | base_plus_+13 | base_plus_+3 | base_plus_+5 | base_plus_+8 | base_plus_-11 | base_plus_-13 | base_plus_-3 | base_plus_-5 | base_plus_-8 | nearest_quarter_variant | prior_level_median_residual,4483.415,17.815,False,False,ORIGINAL_ORACLE_PRESERVED,13.125,True,False,EXPANSION_SUPERSET_VIOLATION_WORSE_ERROR,False,False
2026-03-23,2026-03-20,L7,RANGE_EXTREME_220_PLUS,CLOSE_POS_LOWER_THIRD,ROWS_STANDARD_9_10,4498.06,PREV_CLOSE_PROXY,,NEUTRAL,4441.71,4477.36,35.65,False,False,MODE_B_EMA_CHANNEL_DIRECTION_HEAVY,2.0,prior_hlc::previous_low,4481.8725,40.1625,False,False,MICRO_OFFSET | MID_GAP | ORIGINAL_CLUSTER | QUARTER_ROUNDING | RESIDUAL_LEVEL | RESIDUAL_REGIME_LEVEL,adjacent_cluster_midpoint | base_cluster | base_plus_+11 | base_plus_+13 | base_plus_+3 | base_plus_+5 | base_plus_+8 | base_plus_-11 | base_plus_-13 | base_plus_-3 | base_plus_-5 | base_plus_-8 | nearest_quarter_variant | prior_level_median_residual | prior_regime_level_median_residual,4477.36,35.65,False,False,ORIGINAL_ORACLE_PRESERVED,4.5125,True,False,EXPANSION_SUPERSET_VIOLATION_WORSE_ERROR,False,False
2026-03-24,2026-03-23,L4,RANGE_EXTREME_220_PLUS,CLOSE_POS_UPPER_THIRD,ROWS_STANDARD_9_10,4406.68,PREV_CLOSE_PROXY,,NEUTRAL,4445.82,4508.01375,62.19375,False,False,MODE_B_EMA_CHANNEL_DIRECTION_HEAVY,1.0,green_box_quarter::green_box_2_75pct,4521.351875,75.531875,False,False,MICRO_OFFSET | MID_GAP | ORIGINAL_CLUSTER | QUARTER_ROUNDING | RESIDUAL_LEVEL | RESIDUAL_REGIME_LEVEL,adjacent_cluster_midpoint | base_cluster | base_plus_+11 | base_plus_+13 | base_plus_+3 | base_plus_+5 | base_plus_+8 | base_plus_-11 | base_plus_-13 | base_plus_-3 | base_plus_-5 | base_plus_-8 | nearest_quarter_variant | prior_level_median_residual | prior_regime_level_median_residual,4508.01375,62.19375,False,False,ORIGINAL_ORACLE_PRESERVED,13.338125,True,False,EXPANSION_SUPERSET_VIOLATION_WORSE_ERROR,False,False
2026-03-24,2026-03-23,L5,RANGE_EXTREME_220_PLUS,CLOSE_POS_UPPER_THIRD,ROWS_STANDARD_9_10,4406.68,PREV_CLOSE_PROXY,,NEUTRAL,4395.52,4449.5775,54.0575,False,False,MODE_B_EMA_CHANNEL_DIRECTION_HEAVY,2.0,green_box_midline::green_mid_2,4463.795625,68.275625,False,False,MICRO_OFFSET | MID_GAP | ORIGINAL_CLUSTER | QUARTER_ROUNDING | RESIDUAL_LEVEL,adjacent_cluster_midpoint | base_cluster | base_plus_+11 | base_plus_+13 | base_plus_+3 | base_plus_+5 | base_plus_+8 | base_plus_-11 | base_plus_-13 | base_plus_-3 | base_plus_-5 | base_plus_-8 | nearest_quarter_variant | prior_level_median_residual,4449.5775,54.0575,False,False,ORIGINAL_ORACLE_PRESERVED,14.218125,True,False,EXPANSION_SUPERSET_VIOLATION_WORSE_ERROR,False,False
2026-03-24,2026-03-23,L6,RANGE_EXTREME_220_PLUS,CLOSE_POS_UPPER_THIRD,ROWS_STANDARD_9_10,4406.68,PREV_CLOSE_PROXY,,NEUTRAL,4349.74,4369.32882,19.58882,False,False,MODE_B_EMA_CHANNEL_DIRECTION_HEAVY,1.0,prior_range_fraction::prev_range_0.618,4369.32882,19.58882,False,False,MICRO_OFFSET | MID_GAP | ORIGINAL_CLUSTER | QUARTER_ROUNDING | RESIDUAL_LEVEL,adjacent_cluster_midpoint | base_cluster | base_plus_+11 | base_plus_+13 | base_plus_+3 | base_plus_+5 | base_plus_+8 | base_plus_-11 | base_plus_-13 | base_plus_-3 | base_plus_-5 | base_plus_-8 | nearest_quarter_variant | prior_level_median_residual,4369.32882,19.58882,False,False,ORIGINAL_ORACLE_PRESERVED,0.0,False,False,SUPERSET_OK_GT10,False,False
2026-03-24,2026-03-23,L7,RANGE_EXTREME_220_PLUS,CLOSE_POS_UPPER_THIRD,ROWS_STANDARD_9_10,4406.68,PREV_CLOSE_PROXY,,NEUTRAL,4305.61,4302.705,2.905,True,True,MODE_B_EMA_CHANNEL_DIRECTION_HEAVY,1.0,red_box_edge::red_edge_1,4317.705,12.095,False,False,MICRO_OFFSET | MID_GAP | ORIGINAL_CLUSTER | QUARTER_ROUNDING | RESIDUAL_LEVEL,adjacent_cluster_midpoint | base_cluster | base_plus_+11 | base_plus_+13 | base_plus_+3 | base_plus_+5 | base_plus_+8 | base_plus_-11 | base_plus_-13 | base_plus_-3 | base_plus_-5 | base_plus_-8 | nearest_quarter_variant | prior_level_median_residual,4302.705,2.905,True,True,ORIGINAL_ORACLE_PRESERVED,9.19,True,True,EXPANSION_SUPERSET_VIOLATION_LOST_WITHIN_5,False,False
2026-03-25,2026-03-24,L4,RANGE_WIDE_120_220,CLOSE_POS_UPPER_THIRD,ROWS_STANDARD_9_10,4474.36,PREV_CLOSE_PROXY,,NEUTRAL,4530.5,4540.08625,9.58625,False,False,MODE_B_EMA_CHANNEL_DIRECTION_HEAVY,1.0,green_box_quarter::green_box_3_25pct,4540.08625,9.58625,False,False,MICRO_OFFSET | MID_GAP | ORIGINAL_CLUSTER | QUARTER_ROUNDING | RESIDUAL_LEVEL | RESIDUAL_REGIME_LEVEL,adjacent_cluster_midpoint | base_cluster | base_plus_+11 | base_plus_+13 | base_plus_+3 | base_plus_+5 | base_plus_+8 | base_plus_-11 | base_plus_-13 | base_plus_-3 | base_plus_-5 | base_plus_-8 | nearest_quarter_variant | prior_level_median_residual | prior_regime_level_median_residual,4540.08625,9.58625,False,False,ORIGINAL_ORACLE_PRESERVED,0.0,False,False,SUPERSET_OK_WITHIN_10,False,False
2026-03-25,2026-03-24,L5,RANGE_WIDE_120_220,CLOSE_POS_UPPER_THIRD,ROWS_STANDARD_9_10,4474.36,PREV_CLOSE_PROXY,,NEUTRAL,4480.55,4462.0975,18.4525,False,False,MODE_C_BALANCED,2.0,green_box_midline::green_mid_2,4462.0975,18.4525,False,False,MICRO_OFFSET | MID_GAP | ORIGINAL_CLUSTER | QUARTER_ROUNDING | RESIDUAL_LEVEL,adjacent_cluster_midpoint | base_cluster | base_plus_+11 | base_plus_+13 | base_plus_+3 | base_plus_+5 | base_plus_+8 | base_plus_-11 | base_plus_-13 | base_plus_-3 | base_plus_-5 | base_plus_-8 | nearest_quarter_variant | prior_level_median_residual,4462.0975,18.4525,False,False,ORIGINAL_ORACLE_PRESERVED,0.0,False,False,SUPERSET_OK_GT10,False,False
2026-03-25,2026-03-24,L6,RANGE_WIDE_120_220,CLOSE_POS_UPPER_THIRD,ROWS_STANDARD_9_10,4474.36,PREV_CLOSE_PROXY,,NEUTRAL,4437.46,4421.523333,15.936667,False,False,MODE_C_BALANCED,1.0,prior_hlc::previous_pivot_hlc3,4421.523333,15.936667,False,False,MICRO_OFFSET | MID_GAP | ORIGINAL_CLUSTER | QUARTER_ROUNDING | RESIDUAL_LEVEL,adjacent_cluster_midpoint | base_cluster | base_plus_+11 | base_plus_+13 | base_plus_+3 | base_plus_+5 | base_plus_+8 | base_plus_-11 | base_plus_-13 | base_plus_-3 | base_plus_-5 | base_plus_-8 | nearest_quarter_variant | prior_level_median_residual,4421.523333,15.936667,False,False,ORIGINAL_ORACLE_PRESERVED,0.0,False,False,SUPERSET_OK_GT10,False,False
2026-03-25,2026-03-24,L7,RANGE_WIDE_120_220,CLOSE_POS_UPPER_THIRD,ROWS_STANDARD_9_10,4474.36,PREV_CLOSE_PROXY,,NEUTRAL,4388.14,4439.5975,51.4575,False,False,MODE_D_NEAREST_VALID_LADDER,1.0,prior_range_fraction::prev_range_0.75,4439.5975,51.4575,False,False,MICRO_OFFSET | MID_GAP | ORIGINAL_CLUSTER | QUARTER_ROUNDING | RESIDUAL_LEVEL,adjacent_cluster_midpoint | base_cluster | base_plus_+11 | base_plus_+13 | base_plus_+3 | base_plus_+5 | base_plus_+8 | base_plus_-11 | base_plus_-13 | base_plus_-3 | base_plus_-5 | base_plus_-8 | nearest_quarter_variant | prior_level_median_residual,4439.5975,51.4575,False,False,ORIGINAL_ORACLE_PRESERVED,0.0,False,False,SUPERSET_OK_GT10,False,False
2026-03-26,2026-03-25,L4,RANGE_WIDE_120_220,CLOSE_POS_MIDDLE_THIRD,ROWS_STANDARD_9_10,4506.28,PREV_CLOSE_PROXY,,NEUTRAL,4563.01,4565.9,2.89,True,True,MODE_C_BALANCED,2.0,prior_range_fraction::prev_range_0.75,4549.84,13.17,False,False,RESIDUAL_REGIME_LEVEL,prior_regime_level_median_residual,4565.9,2.89,True,True,ORIGINAL_ORACLE_PRESERVED,10.28,True,True,EXPANSION_SUPERSET_VIOLATION_LOST_WITHIN_5,False,False
2026-03-26,2026-03-25,L5,RANGE_WIDE_120_220,CLOSE_POS_MIDDLE_THIRD,ROWS_STANDARD_9_10,4506.28,PREV_CLOSE_PROXY,,NEUTRAL,4529.99,4536.35,6.36,False,False,MODE_C_BALANCED,1.0,red_box_quarter::red_box_1_75pct,4562.375,32.385,False,False,MICRO_OFFSET | MID_GAP | ORIGINAL_CLUSTER | QUARTER_ROUNDING | RESIDUAL_LEVEL | RESIDUAL_REGIME_LEVEL,adjacent_cluster_midpoint | base_cluster | base_plus_+11 | base_plus_+13 | base_plus_+3 | base_plus_+5 | base_plus_+8 | base_plus_-11 | base_plus_-13 | base_plus_-3 | base_plus_-5 | base_plus_-8 | nearest_quarter_variant | prior_level_median_residual | prior_regime_level_median_residual,4536.35,6.36,False,False,ORIGINAL_ORACLE_PRESERVED,26.025,True,False,EXPANSION_SUPERSET_VIOLATION_WORSE_ERROR,False,False
2026-03-26,2026-03-25,L6,RANGE_WIDE_120_220,CLOSE_POS_MIDDLE_THIRD,ROWS_STANDARD_9_10,4506.28,PREV_CLOSE_PROXY,,NEUTRAL,4492.23,4478.15,14.08,False,False,MODE_C_BALANCED,1.0,green_box_quarter::green_box_1_25pct,4478.15,14.08,False,False,MICRO_OFFSET | MID_GAP | ORIGINAL_CLUSTER | QUARTER_ROUNDING | RESIDUAL_LEVEL | RESIDUAL_REGIME_LEVEL,adjacent_cluster_midpoint | base_cluster | base_plus_+11 | base_plus_+13 | base_plus_+3 | base_plus_+5 | base_plus_+8 | base_plus_-11 | base_plus_-13 | base_plus_-3 | base_plus_-5 | base_plus_-8 | nearest_quarter_variant | prior_level_median_residual | prior_regime_level_median_residual,4478.15,14.08,False,False,ORIGINAL_ORACLE_PRESERVED,0.0,False,False,SUPERSET_OK_GT10,False,False
2026-03-26,2026-03-25,L7,RANGE_WIDE_120_220,CLOSE_POS_MIDDLE_THIRD,ROWS_STANDARD_9_10,4506.28,PREV_CLOSE_PROXY,,NEUTRAL,4457.85,4456.1,1.75,True,True,MODE_D_NEAREST_VALID_LADDER,1.0,prior_hlc::previous_low,4467.125,9.275,False,False,MICRO_OFFSET | MID_GAP | ORIGINAL_CLUSTER | QUARTER_ROUNDING | RESIDUAL_LEVEL | RESIDUAL_REGIME_LEVEL,adjacent_cluster_midpoint | base_cluster | base_plus_+11 | base_plus_+13 | base_plus_+3 | base_plus_+5 | base_plus_+8 | base_plus_-11 | base_plus_-13 | base_plus_-3 | base_plus_-5 | base_plus_-8 | nearest_quarter_variant | prior_level_median_residual | prior_regime_level_median_residual,4456.1,1.75,True,True,ORIGINAL_ORACLE_PRESERVED,7.525,True,True,EXPANSION_SUPERSET_VIOLATION_LOST_WITHIN_5,False,False
2026-03-27,2026-03-26,L4,RANGE_WIDE_120_220,CLOSE_POS_LOWER_THIRD,ROWS_STANDARD_9_10,4378.0,PREV_CLOSE_PROXY,,NEUTRAL,4456.11,4470.40456,14.29456,False,False,MODE_C_BALANCED,1.0,prior_range_fraction::prev_range_0.618,4470.40456,14.29456,False,False,MICRO_OFFSET | MID_GAP | ORIGINAL_CLUSTER | QUARTER_ROUNDING | RESIDUAL_LEVEL | RESIDUAL_REGIME_LEVEL,adjacent_cluster_midpoint | base_cluster | base_plus_+11 | base_plus_+13 | base_plus_+3 | base_plus_+5 | base_plus_+8 | base_plus_-11 | base_plus_-13 | base_plus_-3 | base_plus_-5 | base_plus_-8 | nearest_quarter_variant | prior_level_median_residual | prior_regime_level_median_residual,4470.40456,14.29456,False,False,ORIGINAL_ORACLE_PRESERVED,0.0,False,False,SUPERSET_OK_GT10,False,False
2026-03-27,2026-03-26,L5,RANGE_WIDE_120_220,CLOSE_POS_LOWER_THIRD,ROWS_STANDARD_9_10,4378.0,PREV_CLOSE_PROXY,,NEUTRAL,4424.34,4432.64,8.3,False,False,MODE_C_BALANCED,1.0,red_box_edge::red_edge_1,4432.64,8.3,False,False,MICRO_OFFSET | MID_GAP | ORIGINAL_CLUSTER | QUARTER_ROUNDING | RESIDUAL_LEVEL | RESIDUAL_REGIME_LEVEL,adjacent_cluster_midpoint | base_cluster | base_plus_+11 | base_plus_+13 | base_plus_+3 | base_plus_+5 | base_plus_+8 | base_plus_-11 | base_plus_-13 | base_plus_-3 | base_plus_-5 | base_plus_-8 | nearest_quarter_variant | prior_level_median_residual | prior_regime_level_median_residual,4432.64,8.3,False,False,ORIGINAL_ORACLE_PRESERVED,0.0,False,False,SUPERSET_OK_WITHIN_10,False,False
2026-03-27,2026-03-26,L6,RANGE_WIDE_120_220,CLOSE_POS_LOWER_THIRD,ROWS_STANDARD_9_10,4378.0,PREV_CLOSE_PROXY,,NEUTRAL,4393.5,4376.91,16.59,False,False,MODE_C_BALANCED,2.0,red_box_midline::red_mid_2,4364.045,29.455,False,False,MICRO_OFFSET | MID_GAP | ORIGINAL_CLUSTER | QUARTER_ROUNDING | RESIDUAL_LEVEL | RESIDUAL_REGIME_LEVEL,adjacent_cluster_midpoint | base_cluster | base_plus_+11 | base_plus_+13 | base_plus_+3 | base_plus_+5 | base_plus_+8 | base_plus_-11 | base_plus_-13 | base_plus_-3 | base_plus_-5 | base_plus_-8 | nearest_quarter_variant | prior_level_median_residual | prior_regime_level_median_residual,4376.91,16.59,False,False,ORIGINAL_ORACLE_PRESERVED,12.865,True,False,EXPANSION_SUPERSET_VIOLATION_WORSE_ERROR,False,False
2026-03-27,2026-03-26,L7,RANGE_WIDE_120_220,CLOSE_POS_LOWER_THIRD,ROWS_STANDARD_9_10,4378.0,PREV_CLOSE_PROXY,,NEUTRAL,4362.5,4321.18,41.32,False,False,MODE_B_EMA_CHANNEL_DIRECTION_HEAVY,1.0,red_box_edge::red_edge_2,4321.18,41.32,False,False,MICRO_OFFSET | MID_GAP | ORIGINAL_CLUSTER | QUARTER_ROUNDING | RESIDUAL_LEVEL | RESIDUAL_REGIME_LEVEL,adjacent_cluster_midpoint | base_cluster | base_plus_+11 | base_plus_+13 | base_plus_+3 | base_plus_+5 | base_plus_+8 | base_plus_-11 | base_plus_-13 | base_plus_-3 | base_plus_-5 | base_plus_-8 | nearest_quarter_variant | prior_level_median_residual | prior_regime_level_median_residual,4321.18,41.32,False,False,ORIGINAL_ORACLE_PRESERVED,0.0,False,False,SUPERSET_OK_GT10,False,False
2026-03-30,2026-03-27,L5,RANGE_WIDE_120_220,CLOSE_POS_MIDDLE_THIRD,ROWS_STANDARD_9_10,4495.46,PREV_CLOSE_PROXY,,NEUTRAL,4513.02,4502.9675,10.0525,False,False,MODE_C_BALANCED,2.0,red_box_midline::red_mid_1,4493.62125,19.39875,False,False,MICRO_OFFSET | MID_GAP | ORIGINAL_CLUSTER | QUARTER_ROUNDING | RESIDUAL_LEVEL | RESIDUAL_REGIME_LEVEL,adjacent_cluster_midpoint | base_cluster | base_plus_+11 | base_plus_+13 | base_plus_+3 | base_plus_+5 | base_plus_+8 | base_plus_-11 | base_plus_-13 | base_plus_-3 | base_plus_-5 | base_plus_-8 | nearest_quarter_variant | prior_level_median_residual | prior_regime_level_median_residual,4502.9675,10.0525,False,False,ORIGINAL_ORACLE_PRESERVED,9.34625,True,False,EXPANSION_SUPERSET_VIOLATION_WORSE_ERROR,False,False
2026-03-30,2026-03-27,L6,RANGE_WIDE_120_220,CLOSE_POS_MIDDLE_THIRD,ROWS_STANDARD_9_10,4495.46,PREV_CLOSE_PROXY,,NEUTRAL,4484.03,4475.503333,8.526667,False,False,MODE_C_BALANCED,1.0,prior_hlc::previous_pivot_hlc3,4475.503333,8.526667,False,False,MICRO_OFFSET | MID_GAP | ORIGINAL_CLUSTER | QUARTER_ROUNDING | RESIDUAL_LEVEL | RESIDUAL_REGIME_LEVEL,adjacent_cluster_midpoint | base_cluster | base_plus_+11 | base_plus_+13 | base_plus_+3 | base_plus_+5 | base_plus_+8 | base_plus_-11 | base_plus_-13 | base_plus_-3 | base_plus_-5 | base_plus_-8 | nearest_quarter_variant | prior_level_median_residual | prior_regime_level_median_residual,4475.503333,8.526667,False,False,ORIGINAL_ORACLE_PRESERVED,0.0,False,False,SUPERSET_OK_WITHIN_10,False,False
2026-03-30,2026-03-27,L7,RANGE_WIDE_120_220,CLOSE_POS_MIDDLE_THIRD,ROWS_STANDARD_9_10,4495.46,PREV_CLOSE_PROXY,,NEUTRAL,4451.72,4450.525,1.195,True,True,MODE_D_NEAREST_VALID_LADDER,3.0,red_box_edge::red_edge_1,4460.529195,8.809195,False,False,MICRO_OFFSET | MID_GAP | ORIGINAL_CLUSTER | QUARTER_ROUNDING | RESIDUAL_LEVEL | RESIDUAL_REGIME_LEVEL,adjacent_cluster_midpoint | base_cluster | base_plus_+11 | base_plus_+13 | base_plus_+3 | base_plus_+5 | base_plus_+8 | base_plus_-11 | base_plus_-13 | base_plus_-3 | base_plus_-5 | base_plus_-8 | nearest_quarter_variant | prior_level_median_residual | prior_regime_level_median_residual,4450.525,1.195,True,True,ORIGINAL_ORACLE_PRESERVED,7.614195,True,True,EXPANSION_SUPERSET_VIOLATION_LOST_WITHIN_5,False,False
2026-03-31,2026-03-30,L4,RANGE_WIDE_120_220,CLOSE_POS_MIDDLE_THIRD,ROWS_SPARSE_1_8,4511.02,PREV_CLOSE_PROXY,,NEUTRAL,4538.28,4540.3925,2.1125,True,True,MODE_B_EMA_CHANNEL_DIRECTION_HEAVY,2.0,prior_range_fraction::prev_range_0.75,4563.581875,25.301875,False,False,MICRO_OFFSET | MID_GAP | ORIGINAL_CLUSTER | QUARTER_ROUNDING | RESIDUAL_LEVEL,adjacent_cluster_midpoint | base_cluster | base_plus_+11 | base_plus_+13 | base_plus_+3 | base_plus_+5 | base_plus_+8 | base_plus_-11 | base_plus_-13 | base_plus_-3 | base_plus_-5 | base_plus_-8 | nearest_quarter_variant | prior_level_median_residual,4540.3925,2.1125,True,True,ORIGINAL_ORACLE_PRESERVED,23.189375,True,True,EXPANSION_SUPERSET_VIOLATION_LOST_WITHIN_5,False,False
2026-03-31,2026-03-30,L5,RANGE_WIDE_120_220,CLOSE_POS_MIDDLE_THIRD,ROWS_SPARSE_1_8,4511.02,PREV_CLOSE_PROXY,,NEUTRAL,4510.04,4509.01375,1.02625,True,True,MODE_C_BALANCED,2.0,red_box_quarter::red_box_1_75pct,4525.88875,15.84875,False,False,MICRO_OFFSET | MID_GAP | ORIGINAL_CLUSTER | QUARTER_ROUNDING | RESIDUAL_LEVEL,adjacent_cluster_midpoint | base_cluster | base_plus_+11 | base_plus_+13 | base_plus_+3 | base_plus_+5 | base_plus_+8 | base_plus_-11 | base_plus_-13 | base_plus_-3 | base_plus_-5 | base_plus_-8 | nearest_quarter_variant | prior_level_median_residual,4509.01375,1.02625,True,True,ORIGINAL_ORACLE_PRESERVED,14.8225,True,True,EXPANSION_SUPERSET_VIOLATION_LOST_WITHIN_5,False,False
2026-03-31,2026-03-30,L6,RANGE_WIDE_120_220,CLOSE_POS_MIDDLE_THIRD,ROWS_SPARSE_1_8,4511.02,PREV_CLOSE_PROXY,,NEUTRAL,4480.75,4481.13346,0.38346,True,True,MODE_C_BALANCED,1.0,prior_range_fraction::prev_range_0.382,4500.135,19.385,False,False,MICRO_OFFSET | MID_GAP | ORIGINAL_CLUSTER | QUARTER_ROUNDING | RESIDUAL_LEVEL,adjacent_cluster_midpoint | base_cluster | base_plus_+11 | base_plus_+13 | base_plus_+3 | base_plus_+5 | base_plus_+8 | base_plus_-11 | base_plus_-13 | base_plus_-3 | base_plus_-5 | base_plus_-8 | nearest_quarter_variant | prior_level_median_residual,4481.13346,0.38346,True,True,ORIGINAL_ORACLE_PRESERVED,19.00154,True,True,EXPANSION_SUPERSET_VIOLATION_LOST_WITHIN_5,False,False
2026-03-31,2026-03-30,L7,RANGE_WIDE_120_220,CLOSE_POS_MIDDLE_THIRD,ROWS_SPARSE_1_8,4511.02,PREV_CLOSE_PROXY,,NEUTRAL,4448.16,4443.49875,4.66125,False,True,MODE_C_BALANCED,1.0,green_box_quarter::green_box_1_25pct,4431.559375,16.600625,False,False,MICRO_OFFSET | MID_GAP | ORIGINAL_CLUSTER | QUARTER_ROUNDING | RESIDUAL_LEVEL,adjacent_cluster_midpoint | base_cluster | base_plus_+11 | base_plus_+13 | base_plus_+3 | base_plus_+5 | base_plus_+8 | base_plus_-11 | base_plus_-13 | base_plus_-3 | base_plus_-5 | base_plus_-8 | nearest_quarter_variant | prior_level_median_residual,4443.49875,4.66125,False,True,ORIGINAL_ORACLE_PRESERVED,11.939375,True,True,EXPANSION_SUPERSET_VIOLATION_LOST_WITHIN_5,False,False
2026-04-01,2026-03-31,L4,RANGE_WIDE_120_220,CLOSE_POS_UPPER_THIRD,ROWS_STANDARD_9_10,4667.12,PREV_CLOSE_PROXY,,NEUTRAL,4705.0,4746.6725,41.6725,False,False,MODE_B_EMA_CHANNEL_DIRECTION_HEAVY,1.0,green_box_quarter::green_box_3_25pct,4746.6725,41.6725,False,False,MICRO_OFFSET | MID_GAP | ORIGINAL_CLUSTER | QUARTER_ROUNDING | RESIDUAL_LEVEL | RESIDUAL_REGIME_LEVEL,adjacent_cluster_midpoint | base_cluster | base_plus_+11 | base_plus_+13 | base_plus_+3 | base_plus_+5 | base_plus_+8 | base_plus_-11 | base_plus_-13 | base_plus_-3 | base_plus_-5 | base_plus_-8 | nearest_quarter_variant | prior_level_median_residual | prior_regime_level_median_residual,4746.6725,41.6725,False,False,ORIGINAL_ORACLE_PRESERVED,0.0,False,False,SUPERSET_OK_GT10,False,False
2026-04-01,2026-03-31,L5,RANGE_WIDE_120_220,CLOSE_POS_UPPER_THIRD,ROWS_STANDARD_9_10,4667.12,PREV_CLOSE_PROXY,,NEUTRAL,4683.82,4687.32,3.5,False,True,MODE_B_EMA_CHANNEL_DIRECTION_HEAVY,1.0,prior_hlc::previous_high,4687.9675,4.1475,False,True,MICRO_OFFSET | MID_GAP | ORIGINAL_CLUSTER | QUARTER_ROUNDING | RESIDUAL_LEVEL | RESIDUAL_REGIME_LEVEL,adjacent_cluster_midpoint | base_cluster | base_plus_+11 | base_plus_+13 | base_plus_+3 | base_plus_+5 | base_plus_+8 | base_plus_-11 | base_plus_-13 | base_plus_-3 | base_plus_-5 | base_plus_-8 | nearest_quarter_variant | prior_level_median_residual | prior_regime_level_median_residual,4687.32,3.5,False,True,ORIGINAL_ORACLE_PRESERVED,0.6475,True,False,EXPANSION_SUPERSET_VIOLATION_WORSE_ERROR,False,False
2026-04-01,2026-03-31,L6,RANGE_WIDE_120_220,CLOSE_POS_UPPER_THIRD,ROWS_STANDARD_9_10,4667.12,PREV_CLOSE_PROXY,,NEUTRAL,4661.39,4667.12,5.73,False,False,MODE_D_NEAREST_VALID_LADDER,3.0,prior_hlc::previous_close,4668.588333,7.198333,False,False,MICRO_OFFSET | MID_GAP | ORIGINAL_CLUSTER | QUARTER_ROUNDING | RESIDUAL_LEVEL | RESIDUAL_REGIME_LEVEL,adjacent_cluster_midpoint | base_cluster | base_plus_+11 | base_plus_+13 | base_plus_+3 | base_plus_+5 | base_plus_+8 | base_plus_-11 | base_plus_-13 | base_plus_-3 | base_plus_-5 | base_plus_-8 | nearest_quarter_variant | prior_level_median_residual | prior_regime_level_median_residual,4667.12,5.73,False,False,ORIGINAL_ORACLE_PRESERVED,1.468333,True,False,EXPANSION_SUPERSET_VIOLATION_WORSE_ERROR,False,False
2026-04-01,2026-03-31,L7,RANGE_WIDE_120_220,CLOSE_POS_UPPER_THIRD,ROWS_STANDARD_9_10,4667.12,PREV_CLOSE_PROXY,,NEUTRAL,4641.04,4636.115,4.925,False,True,MODE_A_LIVE_PROXIMITY_HEAVY,2.0,prior_range_fraction::prev_range_0.75,4636.115,4.925,False,True,MICRO_OFFSET | MID_GAP | ORIGINAL_CLUSTER | QUARTER_ROUNDING | RESIDUAL_LEVEL,adjacent_cluster_midpoint | base_cluster | base_plus_+11 | base_plus_+13 | base_plus_+3 | base_plus_+5 | base_plus_+8 | base_plus_-11 | base_plus_-13 | base_plus_-3 | base_plus_-5 | base_plus_-8 | nearest_quarter_variant | prior_level_median_residual,4636.115,4.925,False,True,ORIGINAL_ORACLE_PRESERVED,0.0,False,False,SUPERSET_OK_WITHIN_5,False,False
2026-04-02,2026-04-01,L4,RANGE_WIDE_120_220,CLOSE_POS_UPPER_THIRD,ROWS_EXTENDED_11_PLUS,4758.18,PREV_CLOSE_PROXY,,NEUTRAL,4810.02,4822.78,12.76,False,False,MODE_B_EMA_CHANNEL_DIRECTION_HEAVY,1.0,green_box_edge::green_edge_2,4832.845,22.825,False,False,MICRO_OFFSET | MID_GAP | ORIGINAL_CLUSTER | QUARTER_ROUNDING | RESIDUAL_LEVEL | RESIDUAL_REGIME_LEVEL,adjacent_cluster_midpoint | base_cluster | base_plus_+11 | base_plus_+13 | base_plus_+3 | base_plus_+5 | base_plus_+8 | base_plus_-11 | base_plus_-13 | base_plus_-3 | base_plus_-5 | base_plus_-8 | nearest_quarter_variant | prior_level_median_residual | prior_regime_level_median_residual,4822.78,12.76,False,False,ORIGINAL_ORACLE_PRESERVED,10.065,True,False,EXPANSION_SUPERSET_VIOLATION_WORSE_ERROR,False,False
2026-04-02,2026-04-01,L5,RANGE_WIDE_120_220,CLOSE_POS_UPPER_THIRD,ROWS_EXTENDED_11_PLUS,4758.18,PREV_CLOSE_PROXY,,NEUTRAL,4784.05,4782.52,1.53,True,True,MODE_D_NEAREST_VALID_LADDER,1.0,green_box_midline::green_mid_2,4764.955,19.095,False,False,MICRO_OFFSET | MID_GAP | ORIGINAL_CLUSTER | QUARTER_ROUNDING | RESIDUAL_LEVEL | RESIDUAL_REGIME_LEVEL,adjacent_cluster_midpoint | base_cluster | base_plus_+11 | base_plus_+13 | base_plus_+3 | base_plus_+5 | base_plus_+8 | base_plus_-11 | base_plus_-13 | base_plus_-3 | base_plus_-5 | base_plus_-8 | nearest_quarter_variant | prior_level_median_residual | prior_regime_level_median_residual,4782.52,1.53,True,True,ORIGINAL_ORACLE_PRESERVED,17.565,True,True,EXPANSION_SUPERSET_VIOLATION_LOST_WITHIN_5,False,False
2026-04-02,2026-04-01,L6,RANGE_WIDE_120_220,CLOSE_POS_UPPER_THIRD,ROWS_EXTENDED_11_PLUS,4758.18,PREV_CLOSE_PROXY,,NEUTRAL,4749.81,4742.26,7.55,False,False,MODE_C_BALANCED,2.0,green_box_edge::green_edge_1,4762.39,12.58,False,False,MICRO_OFFSET | MID_GAP | ORIGINAL_CLUSTER | QUARTER_ROUNDING | RESIDUAL_LEVEL | RESIDUAL_REGIME_LEVEL,adjacent_cluster_midpoint | base_cluster | base_plus_+11 | base_plus_+13 | base_plus_+3 | base_plus_+5 | base_plus_+8 | base_plus_-11 | base_plus_-13 | base_plus_-3 | base_plus_-5 | base_plus_-8 | nearest_quarter_variant | prior_level_median_residual | prior_regime_level_median_residual,4742.26,7.55,False,False,ORIGINAL_ORACLE_PRESERVED,5.03,True,False,EXPANSION_SUPERSET_VIOLATION_WORSE_ERROR,False,False
2026-04-02,2026-04-01,L7,RANGE_WIDE_120_220,CLOSE_POS_UPPER_THIRD,ROWS_EXTENDED_11_PLUS,4758.18,PREV_CLOSE_PROXY,,NEUTRAL,4714.19,4727.26,13.07,False,False,MODE_D_NEAREST_VALID_LADDER,2.0,prior_hlc::previous_mid,4744.825,30.635,False,False,MICRO_OFFSET | MID_GAP | ORIGINAL_CLUSTER | QUARTER_ROUNDING | RESIDUAL_LEVEL | RESIDUAL_REGIME_LEVEL,adjacent_cluster_midpoint | base_cluster | base_plus_+11 | base_plus_+13 | base_plus_+3 | base_plus_+5 | base_plus_+8 | base_plus_-11 | base_plus_-13 | base_plus_-3 | base_plus_-5 | base_plus_-8 | nearest_quarter_variant | prior_level_median_residual | prior_regime_level_median_residual,4727.26,13.07,False,False,ORIGINAL_ORACLE_PRESERVED,17.565,True,False,EXPANSION_SUPERSET_VIOLATION_WORSE_ERROR,False,False
2026-04-03,2026-04-02,L4,RANGE_EXTREME_220_PLUS,CLOSE_POS_MIDDLE_THIRD,ROWS_STANDARD_9_10,4676.04,PREV_CLOSE_PROXY,,NEUTRAL,4712.91,4677.3,35.61,False,False,MODE_B_EMA_CHANNEL_DIRECTION_HEAVY,2.0,prior_hlc::previous_mid,4677.3,35.61,False,False,MICRO_OFFSET | MID_GAP | ORIGINAL_CLUSTER | QUARTER_ROUNDING | RESIDUAL_LEVEL,adjacent_cluster_midpoint | base_cluster | base_plus_+11 | base_plus_+13 | base_plus_+3 | base_plus_+5 | base_plus_+8 | base_plus_-11 | base_plus_-13 | base_plus_-3 | base_plus_-5 | base_plus_-8 | nearest_quarter_variant | prior_level_median_residual,4677.3,35.61,False,False,ORIGINAL_ORACLE_PRESERVED,0.0,False,False,SUPERSET_OK_GT10,False,False
2026-04-03,2026-04-02,L5,RANGE_EXTREME_220_PLUS,CLOSE_POS_MIDDLE_THIRD,ROWS_STANDARD_9_10,4676.04,PREV_CLOSE_PROXY,,NEUTRAL,4676.39,4662.3,14.09,False,False,MODE_C_BALANCED,2.0,red_box_edge::red_edge_1,4662.3,14.09,False,False,MICRO_OFFSET | MID_GAP | ORIGINAL_CLUSTER | QUARTER_ROUNDING | RESIDUAL_LEVEL,adjacent_cluster_midpoint | base_cluster | base_plus_+11 | base_plus_+13 | base_plus_+3 | base_plus_+5 | base_plus_+8 | base_plus_-11 | base_plus_-13 | base_plus_-3 | base_plus_-5 | base_plus_-8 | nearest_quarter_variant | prior_level_median_residual,4662.3,14.09,False,False,ORIGINAL_ORACLE_PRESERVED,0.0,False,False,SUPERSET_OK_GT10,False,False
2026-04-03,2026-04-02,L6,RANGE_EXTREME_220_PLUS,CLOSE_POS_MIDDLE_THIRD,ROWS_STANDARD_9_10,4676.04,PREV_CLOSE_PROXY,,NEUTRAL,4637.21,4648.2484,11.0384,False,False,MODE_C_BALANCED,1.0,prior_range_fraction::prev_range_0.382,4648.2484,11.0384,False,False,MICRO_OFFSET | MID_GAP | ORIGINAL_CLUSTER | QUARTER_ROUNDING | RESIDUAL_LEVEL,adjacent_cluster_midpoint | base_cluster | base_plus_+11 | base_plus_+13 | base_plus_+3 | base_plus_+5 | base_plus_+8 | base_plus_-11 | base_plus_-13 | base_plus_-3 | base_plus_-5 | base_plus_-8 | nearest_quarter_variant | prior_level_median_residual,4648.2484,11.0384,False,False,ORIGINAL_ORACLE_PRESERVED,0.0,False,False,SUPERSET_OK_GT10,False,False
2026-04-03,2026-04-02,L7,RANGE_EXTREME_220_PLUS,CLOSE_POS_MIDDLE_THIRD,ROWS_STANDARD_9_10,4676.04,PREV_CLOSE_PROXY,,NEUTRAL,4603.66,4627.775,24.115,False,False,MODE_B_EMA_CHANNEL_DIRECTION_HEAVY,1.0,red_box_quarter::red_box_2_25pct,4627.775,24.115,False,False,MICRO_OFFSET | MID_GAP | ORIGINAL_CLUSTER | QUARTER_ROUNDING | RESIDUAL_LEVEL,adjacent_cluster_midpoint | base_cluster | base_plus_+11 | base_plus_+13 | base_plus_+3 | base_plus_+5 | base_plus_+8 | base_plus_-11 | base_plus_-13 | base_plus_-3 | base_plus_-5 | base_plus_-8 | nearest_quarter_variant | prior_level_median_residual,4627.775,24.115,False,False,ORIGINAL_ORACLE_PRESERVED,0.0,False,False,SUPERSET_OK_GT10,False,False
2026-04-06,2026-04-02,L4,RANGE_EXTREME_220_PLUS,CLOSE_POS_MIDDLE_THIRD,ROWS_STANDARD_9_10,4676.04,PREV_CLOSE_PROXY,,NEUTRAL,4712.91,4718.333415,5.423415,False,False,MODE_B_EMA_CHANNEL_DIRECTION_HEAVY,2.0,prior_range_fraction::prev_range_0.666667,4718.333415,5.423415,False,False,MICRO_OFFSET | MID_GAP | ORIGINAL_CLUSTER | QUARTER_ROUNDING | RESIDUAL_LEVEL,adjacent_cluster_midpoint | base_cluster | base_plus_+11 | base_plus_+13 | base_plus_+3 | base_plus_+5 | base_plus_+8 | base_plus_-11 | base_plus_-13 | base_plus_-3 | base_plus_-5 | base_plus_-8 | nearest_quarter_variant | prior_level_median_residual,4718.333415,5.423415,False,False,ORIGINAL_ORACLE_PRESERVED,0.0,False,False,SUPERSET_OK_WITHIN_10,False,False
2026-04-06,2026-04-02,L5,RANGE_EXTREME_220_PLUS,CLOSE_POS_MIDDLE_THIRD,ROWS_STANDARD_9_10,4676.04,PREV_CLOSE_PROXY,,NEUTRAL,4676.39,4676.04,0.35,True,True,MODE_C_BALANCED,1.0,prior_hlc::previous_close,4669.715,6.675,False,False,MICRO_OFFSET | MID_GAP | ORIGINAL_CLUSTER | QUARTER_ROUNDING | RESIDUAL_LEVEL | RESIDUAL_REGIME_LEVEL,adjacent_cluster_midpoint | base_cluster | base_plus_+11 | base_plus_+13 | base_plus_+3 | base_plus_+5 | base_plus_+8 | base_plus_-11 | base_plus_-13 | base_plus_-3 | base_plus_-5 | base_plus_-8 | nearest_quarter_variant | prior_level_median_residual | prior_regime_level_median_residual,4676.04,0.35,True,True,ORIGINAL_ORACLE_PRESERVED,6.325,True,True,EXPANSION_SUPERSET_VIOLATION_LOST_WITHIN_5,False,False
2026-04-06,2026-04-02,L6,RANGE_EXTREME_220_PLUS,CLOSE_POS_MIDDLE_THIRD,ROWS_STANDARD_9_10,4676.04,PREV_CLOSE_PROXY,,NEUTRAL,4637.21,4636.266585,0.943415,True,True,MODE_C_BALANCED,1.0,prior_range_fraction::prev_range_0.333333,4642.257493,5.047493,False,False,MICRO_OFFSET | MID_GAP | ORIGINAL_CLUSTER | QUARTER_ROUNDING | RESIDUAL_LEVEL | RESIDUAL_REGIME_LEVEL,adjacent_cluster_midpoint | base_cluster | base_plus_+11 | base_plus_+13 | base_plus_+3 | base_plus_+5 | base_plus_+8 | base_plus_-11 | base_plus_-13 | base_plus_-3 | base_plus_-5 | base_plus_-8 | nearest_quarter_variant | prior_level_median_residual | prior_regime_level_median_residual,4636.266585,0.943415,True,True,ORIGINAL_ORACLE_PRESERVED,4.104078,True,True,EXPANSION_SUPERSET_VIOLATION_LOST_WITHIN_5,False,False
2026-04-06,2026-04-02,L7,RANGE_EXTREME_220_PLUS,CLOSE_POS_MIDDLE_THIRD,ROWS_STANDARD_9_10,4676.04,PREV_CLOSE_PROXY,,NEUTRAL,4603.66,4593.25,10.41,False,False,MODE_D_NEAREST_VALID_LADDER,1.0,red_box_midline::red_mid_2,4593.25,10.41,False,False,MICRO_OFFSET | MID_GAP | ORIGINAL_CLUSTER | QUARTER_ROUNDING | RESIDUAL_LEVEL,adjacent_cluster_midpoint | base_cluster | base_plus_+11 | base_plus_+13 | base_plus_+3 | base_plus_+5 | base_plus_+8 | base_plus_-11 | base_plus_-13 | base_plus_-3 | base_plus_-5 | base_plus_-8 | nearest_quarter_variant | prior_level_median_residual,4593.25,10.41,False,False,ORIGINAL_ORACLE_PRESERVED,0.0,False,False,SUPERSET_OK_GT10,False,False
2026-04-07,2026-04-06,L4,RANGE_NORMAL_60_120,CLOSE_POS_MIDDLE_THIRD,ROWS_STANDARD_9_10,4650.5,PREV_CLOSE_PROXY,,NEUTRAL,4686.47,4687.69,1.22,True,True,MODE_C_BALANCED,1.0,green_box_quarter::green_box_2_25pct | red_box_quarter::red_box_1_25pct,4676.595,9.875,False,False,MICRO_OFFSET | MID_GAP | ORIGINAL_CLUSTER | QUARTER_ROUNDING | RESIDUAL_LEVEL | RESIDUAL_REGIME_LEVEL,adjacent_cluster_midpoint | base_cluster | base_plus_+11 | base_plus_+13 | base_plus_+3 | base_plus_+5 | base_plus_+8 | base_plus_-11 | base_plus_-13 | base_plus_-3 | base_plus_-5 | base_plus_-8 | nearest_quarter_variant | prior_level_median_residual | prior_regime_level_median_residual,4687.69,1.22,True,True,ORIGINAL_ORACLE_PRESERVED,8.655,True,True,EXPANSION_SUPERSET_VIOLATION_LOST_WITHIN_5,False,False
2026-04-07,2026-04-06,L6,RANGE_NORMAL_60_120,CLOSE_POS_MIDDLE_THIRD,ROWS_STANDARD_9_10,4650.5,PREV_CLOSE_PROXY,,NEUTRAL,4607.29,4627.33,20.04,False,False,MODE_C_BALANCED,2.0,prior_range_fraction::prev_range_0.25,4639.73,32.44,False,False,MICRO_OFFSET | MID_GAP | ORIGINAL_CLUSTER | QUARTER_ROUNDING | RESIDUAL_LEVEL | RESIDUAL_REGIME_LEVEL,adjacent_cluster_midpoint | base_cluster | base_plus_+11 | base_plus_+13 | base_plus_+3 | base_plus_+5 | base_plus_+8 | base_plus_-11 | base_plus_-13 | base_plus_-3 | base_plus_-5 | base_plus_-8 | nearest_quarter_variant | prior_level_median_residual | prior_regime_level_median_residual,4627.33,20.04,False,False,ORIGINAL_ORACLE_PRESERVED,12.4,True,False,EXPANSION_SUPERSET_VIOLATION_WORSE_ERROR,False,False
2026-04-07,2026-04-06,L7,RANGE_NORMAL_60_120,CLOSE_POS_MIDDLE_THIRD,ROWS_STANDARD_9_10,4650.5,PREV_CLOSE_PROXY,,NEUTRAL,4566.31,4553.935,12.375,False,False,MODE_B_EMA_CHANNEL_DIRECTION_HEAVY,3.0,red_box_quarter::red_box_3_25pct,4553.935,12.375,False,False,MICRO_OFFSET | MID_GAP | ORIGINAL_CLUSTER | QUARTER_ROUNDING | RESIDUAL_LEVEL | RESIDUAL_REGIME_LEVEL,adjacent_cluster_midpoint | base_cluster | base_plus_+11 | base_plus_+13 | base_plus_+3 | base_plus_+5 | base_plus_+8 | base_plus_-11 | base_plus_-13 | base_plus_-3 | base_plus_-5 | base_plus_-8 | nearest_quarter_variant | prior_level_median_residual | prior_regime_level_median_residual,4553.935,12.375,False,False,ORIGINAL_ORACLE_PRESERVED,0.0,False,False,SUPERSET_OK_GT10,False,False
2026-04-08,2026-04-07,L4,RANGE_NORMAL_60_120,CLOSE_POS_UPPER_THIRD,ROWS_STANDARD_9_10,4705.73,PREV_CLOSE_PROXY,,NEUTRAL,4713.5,4713.38,0.12,True,True,MODE_B_EMA_CHANNEL_DIRECTION_HEAVY,1.0,green_box_midline::green_mid_2,4700.126685,13.373315,False,False,MICRO_OFFSET | MID_GAP | ORIGINAL_CLUSTER | QUARTER_ROUNDING | RESIDUAL_LEVEL | RESIDUAL_REGIME_LEVEL,adjacent_cluster_midpoint | base_cluster | base_plus_+11 | base_plus_+13 | base_plus_+3 | base_plus_+5 | base_plus_+8 | base_plus_-11 | base_plus_-13 | base_plus_-3 | base_plus_-5 | base_plus_-8 | nearest_quarter_variant | prior_level_median_residual | prior_regime_level_median_residual,4713.38,0.12,True,True,ORIGINAL_ORACLE_PRESERVED,13.253315,True,True,EXPANSION_SUPERSET_VIOLATION_LOST_WITHIN_5,False,False
2026-04-08,2026-04-07,L6,RANGE_NORMAL_60_120,CLOSE_POS_UPPER_THIRD,ROWS_STANDARD_9_10,4705.73,PREV_CLOSE_PROXY,,NEUTRAL,4637.57,4650.04672,12.47672,False,False,MODE_B_EMA_CHANNEL_DIRECTION_HEAVY,2.0,prior_range_fraction::prev_range_0.382,4666.276703,28.706703,False,False,MICRO_OFFSET | MID_GAP | ORIGINAL_CLUSTER | QUARTER_ROUNDING | RESIDUAL_LEVEL | RESIDUAL_REGIME_LEVEL,adjacent_cluster_midpoint | base_cluster | base_plus_+11 | base_plus_+13 | base_plus_+3 | base_plus_+5 | base_plus_+8 | base_plus_-11 | base_plus_-13 | base_plus_-3 | base_plus_-5 | base_plus_-8 | nearest_quarter_variant | prior_level_median_residual | prior_regime_level_median_residual,4650.04672,12.47672,False,False,ORIGINAL_ORACLE_PRESERVED,16.229983,True,False,EXPANSION_SUPERSET_VIOLATION_WORSE_ERROR,False,False
2026-04-08,2026-04-07,L7,RANGE_NORMAL_60_120,CLOSE_POS_UPPER_THIRD,ROWS_STANDARD_9_10,4705.73,PREV_CLOSE_PROXY,,NEUTRAL,4597.43,4621.53,24.1,False,False,MODE_C_BALANCED,2.0,prior_range_fraction::prev_range_0.125,4627.245,29.815,False,False,MICRO_OFFSET | MID_GAP | ORIGINAL_CLUSTER | QUARTER_ROUNDING | RESIDUAL_LEVEL | RESIDUAL_REGIME_LEVEL,adjacent_cluster_midpoint | base_cluster | base_plus_+11 | base_plus_+13 | base_plus_+3 | base_plus_+5 | base_plus_+8 | base_plus_-11 | base_plus_-13 | base_plus_-3 | base_plus_-5 | base_plus_-8 | nearest_quarter_variant | prior_level_median_residual | prior_regime_level_median_residual,4621.53,24.1,False,False,ORIGINAL_ORACLE_PRESERVED,5.715,True,False,EXPANSION_SUPERSET_VIOLATION_WORSE_ERROR,False,False
2026-04-09,2026-04-08,L4,RANGE_WIDE_120_220,CLOSE_POS_LOWER_THIRD,ROWS_STANDARD_9_10,4719.26,PREV_CLOSE_PROXY,,NEUTRAL,4767.19,4770.27625,3.08625,False,True,MODE_B_EMA_CHANNEL_DIRECTION_HEAVY,2.0,green_box_quarter::green_box_1_75pct,4778.685,11.495,False,False,MICRO_OFFSET | MID_GAP | ORIGINAL_CLUSTER | QUARTER_ROUNDING | RESIDUAL_LEVEL | RESIDUAL_REGIME_LEVEL,adjacent_cluster_midpoint | base_cluster | base_plus_+11 | base_plus_+13 | base_plus_+3 | base_plus_+5 | base_plus_+8 | base_plus_-11 | base_plus_-13 | base_plus_-3 | base_plus_-5 | base_plus_-8 | nearest_quarter_variant | prior_level_median_residual | prior_regime_level_median_residual,4770.27625,3.08625,False,True,ORIGINAL_ORACLE_PRESERVED,8.40875,True,True,EXPANSION_SUPERSET_VIOLATION_LOST_WITHIN_5,False,False
2026-04-09,2026-04-08,L5,RANGE_WIDE_120_220,CLOSE_POS_LOWER_THIRD,ROWS_STANDARD_9_10,4719.26,PREV_CLOSE_PROXY,,NEUTRAL,4733.49,4739.3675,5.8775,False,False,MODE_D_NEAREST_VALID_LADDER,1.0,prior_range_fraction::prev_range_0.25,4740.270417,6.780417,False,False,MICRO_OFFSET | MID_GAP | ORIGINAL_CLUSTER | QUARTER_ROUNDING | RESIDUAL_LEVEL | RESIDUAL_REGIME_LEVEL,adjacent_cluster_midpoint | base_cluster | base_plus_+11 | base_plus_+13 | base_plus_+3 | base_plus_+5 | base_plus_+8 | base_plus_-11 | base_plus_-13 | base_plus_-3 | base_plus_-5 | base_plus_-8 | nearest_quarter_variant | prior_level_median_residual | prior_regime_level_median_residual,4739.3675,5.8775,False,False,ORIGINAL_ORACLE_PRESERVED,0.902917,True,False,EXPANSION_SUPERSET_VIOLATION_WORSE_ERROR,False,False
2026-04-09,2026-04-08,L6,RANGE_WIDE_120_220,CLOSE_POS_LOWER_THIRD,ROWS_STANDARD_9_10,4719.26,PREV_CLOSE_PROXY,,NEUTRAL,4693.82,4700.05,6.23,False,False,MODE_C_BALANCED,1.0,prior_hlc::previous_low,4719.70875,25.88875,False,False,MICRO_OFFSET | MID_GAP | ORIGINAL_CLUSTER | QUARTER_ROUNDING | RESIDUAL_LEVEL | RESIDUAL_REGIME_LEVEL,adjacent_cluster_midpoint | base_cluster | base_plus_+11 | base_plus_+13 | base_plus_+3 | base_plus_+5 | base_plus_+8 | base_plus_-11 | base_plus_-13 | base_plus_-3 | base_plus_-5 | base_plus_-8 | nearest_quarter_variant | prior_level_median_residual | prior_regime_level_median_residual,4700.05,6.23,False,False,ORIGINAL_ORACLE_PRESERVED,19.65875,True,False,EXPANSION_SUPERSET_VIOLATION_WORSE_ERROR,False,False
2026-04-09,2026-04-08,L7,RANGE_WIDE_120_220,CLOSE_POS_LOWER_THIRD,ROWS_STANDARD_9_10,4719.26,PREV_CLOSE_PROXY,,NEUTRAL,4651.82,4670.05,18.23,False,False,MODE_B_EMA_CHANNEL_DIRECTION_HEAVY,1.0,red_box_edge::red_edge_2,4685.05,33.23,False,False,MICRO_OFFSET | MID_GAP | ORIGINAL_CLUSTER | QUARTER_ROUNDING | RESIDUAL_LEVEL | RESIDUAL_REGIME_LEVEL,adjacent_cluster_midpoint | base_cluster | base_plus_+11 | base_plus_+13 | base_plus_+3 | base_plus_+5 | base_plus_+8 | base_plus_-11 | base_plus_-13 | base_plus_-3 | base_plus_-5 | base_plus_-8 | nearest_quarter_variant | prior_level_median_residual | prior_regime_level_median_residual,4670.05,18.23,False,False,ORIGINAL_ORACLE_PRESERVED,15.0,True,False,EXPANSION_SUPERSET_VIOLATION_WORSE_ERROR,False,False
2026-04-10,2026-04-09,L4,RANGE_NORMAL_60_120,CLOSE_POS_MIDDLE_THIRD,ROWS_STANDARD_9_10,4765.5,PREV_CLOSE_PROXY,,NEUTRAL,4787.01,4782.96,4.05,False,True,MODE_B_EMA_CHANNEL_DIRECTION_HEAVY,1.0,green_box_quarter::green_box_2_25pct | red_box_quarter::red_box_1_25pct,4781.5475,5.4625,False,False,MICRO_OFFSET | MID_GAP | ORIGINAL_CLUSTER | QUARTER_ROUNDING | RESIDUAL_LEVEL | RESIDUAL_REGIME_LEVEL,adjacent_cluster_midpoint | base_cluster | base_plus_+11 | base_plus_+13 | base_plus_+3 | base_plus_+5 | base_plus_+8 | base_plus_-11 | base_plus_-13 | base_plus_-3 | base_plus_-5 | base_plus_-8 | nearest_quarter_variant | prior_level_median_residual | prior_regime_level_median_residual,4782.96,4.05,False,True,ORIGINAL_ORACLE_PRESERVED,1.4125,True,True,EXPANSION_SUPERSET_VIOLATION_LOST_WITHIN_5,False,False
2026-04-10,2026-04-09,L5,RANGE_NORMAL_60_120,CLOSE_POS_MIDDLE_THIRD,ROWS_STANDARD_9_10,4765.5,PREV_CLOSE_PROXY,,NEUTRAL,4746.82,4748.175,1.355,True,True,MODE_C_BALANCED,2.0,green_box_quarter::green_box_1_75pct,4748.175,1.355,True,True,MICRO_OFFSET | MID_GAP | ORIGINAL_CLUSTER | QUARTER_ROUNDING | RESIDUAL_LEVEL | RESIDUAL_REGIME_LEVEL,adjacent_cluster_midpoint | base_cluster | base_plus_+11 | base_plus_+13 | base_plus_+3 | base_plus_+5 | base_plus_+8 | base_plus_-11 | base_plus_-13 | base_plus_-3 | base_plus_-5 | base_plus_-8 | nearest_quarter_variant | prior_level_median_residual | prior_regime_level_median_residual,4748.175,1.355,True,True,ORIGINAL_ORACLE_PRESERVED,0.0,False,False,SUPERSET_OK_WITHIN_3,False,False
2026-04-10,2026-04-09,L6,RANGE_NORMAL_60_120,CLOSE_POS_MIDDLE_THIRD,ROWS_STANDARD_9_10,4765.5,PREV_CLOSE_PROXY,,NEUTRAL,4706.64,4724.08,17.44,False,False,MODE_C_BALANCED,3.0,prior_range_fraction::prev_range_0.25,4744.79,38.15,False,False,MICRO_OFFSET | MID_GAP | ORIGINAL_CLUSTER | QUARTER_ROUNDING | RESIDUAL_LEVEL | RESIDUAL_REGIME_LEVEL,adjacent_cluster_midpoint | base_cluster | base_plus_+11 | base_plus_+13 | base_plus_+3 | base_plus_+5 | base_plus_+8 | base_plus_-11 | base_plus_-13 | base_plus_-3 | base_plus_-5 | base_plus_-8 | nearest_quarter_variant | prior_level_median_residual | prior_regime_level_median_residual,4724.08,17.44,False,False,ORIGINAL_ORACLE_PRESERVED,20.71,True,False,EXPANSION_SUPERSET_VIOLATION_WORSE_ERROR,False,False
2026-04-10,2026-04-09,L7,RANGE_NORMAL_60_120,CLOSE_POS_MIDDLE_THIRD,ROWS_STANDARD_9_10,4765.5,PREV_CLOSE_PROXY,,NEUTRAL,4671.56,4651.795,19.765,False,False,MODE_B_EMA_CHANNEL_DIRECTION_HEAVY,3.0,red_box_quarter::red_box_3_25pct,4651.795,19.765,False,False,MICRO_OFFSET | MID_GAP | ORIGINAL_CLUSTER | QUARTER_ROUNDING | RESIDUAL_LEVEL | RESIDUAL_REGIME_LEVEL,adjacent_cluster_midpoint | base_cluster | base_plus_+11 | base_plus_+13 | base_plus_+3 | base_plus_+5 | base_plus_+8 | base_plus_-11 | base_plus_-13 | base_plus_-3 | base_plus_-5 | base_plus_-8 | nearest_quarter_variant | prior_level_median_residual | prior_regime_level_median_residual,4651.795,19.765,False,False,ORIGINAL_ORACLE_PRESERVED,0.0,False,False,SUPERSET_OK_GT10,False,False
2026-04-13,2026-04-10,L4,RANGE_NORMAL_60_120,CLOSE_POS_LOWER_THIRD,ROWS_STANDARD_9_10,4749.18,PREV_CLOSE_PROXY,,NEUTRAL,4777.03,4768.91375,8.11625,False,False,MODE_C_BALANCED,1.0,green_box_quarter::green_box_1_75pct | prior_range_fraction::prev_range_0.618 | red_box_midline::red_mid_1,4763.663542,13.366458,False,False,MICRO_OFFSET | MID_GAP | ORIGINAL_CLUSTER | QUARTER_ROUNDING | RESIDUAL_LEVEL | RESIDUAL_REGIME_LEVEL,adjacent_cluster_midpoint | base_cluster | base_plus_+11 | base_plus_+13 | base_plus_+3 | base_plus_+5 | base_plus_+8 | base_plus_-11 | base_plus_-13 | base_plus_-3 | base_plus_-5 | base_plus_-8 | nearest_quarter_variant | prior_level_median_residual | prior_regime_level_median_residual,4768.91375,8.11625,False,False,ORIGINAL_ORACLE_PRESERVED,5.250208,True,False,EXPANSION_SUPERSET_VIOLATION_WORSE_ERROR,False,False
2026-04-13,2026-04-10,L5,RANGE_NORMAL_60_120,CLOSE_POS_LOWER_THIRD,ROWS_STANDARD_9_10,4749.18,PREV_CLOSE_PROXY,,NEUTRAL,4737.6,4736.2625,1.3375,True,True,MODE_A_LIVE_PROXIMITY_HEAVY,2.0,red_box_quarter::red_box_2_25pct,4746.358333,8.758333,False,False,MICRO_OFFSET | MID_GAP | ORIGINAL_CLUSTER | QUARTER_ROUNDING | RESIDUAL_LEVEL | RESIDUAL_REGIME_LEVEL,adjacent_cluster_midpoint | base_cluster | base_plus_+11 | base_plus_+13 | base_plus_+3 | base_plus_+5 | base_plus_+8 | base_plus_-11 | base_plus_-13 | base_plus_-3 | base_plus_-5 | base_plus_-8 | nearest_quarter_variant | prior_level_median_residual | prior_regime_level_median_residual,4736.2625,1.3375,True,True,ORIGINAL_ORACLE_PRESERVED,7.420833,True,True,EXPANSION_SUPERSET_VIOLATION_LOST_WITHIN_5,False,False
2026-04-13,2026-04-10,L6,RANGE_NORMAL_60_120,CLOSE_POS_LOWER_THIRD,ROWS_STANDARD_9_10,4749.18,PREV_CLOSE_PROXY,,NEUTRAL,4695.33,4712.7275,17.3975,False,False,MODE_B_EMA_CHANNEL_DIRECTION_HEAVY,3.0,red_box_quarter::red_box_2_75pct,4727.7275,32.3975,False,False,MICRO_OFFSET | MID_GAP | ORIGINAL_CLUSTER | QUARTER_ROUNDING | RESIDUAL_LEVEL | RESIDUAL_REGIME_LEVEL,adjacent_cluster_midpoint | base_cluster | base_plus_+11 | base_plus_+13 | base_plus_+3 | base_plus_+5 | base_plus_+8 | base_plus_-11 | base_plus_-13 | base_plus_-3 | base_plus_-5 | base_plus_-8 | nearest_quarter_variant | prior_level_median_residual | prior_regime_level_median_residual,4712.7275,17.3975,False,False,ORIGINAL_ORACLE_PRESERVED,15.0,True,False,EXPANSION_SUPERSET_VIOLATION_WORSE_ERROR,False,False
2026-04-13,2026-04-10,L7,RANGE_NORMAL_60_120,CLOSE_POS_LOWER_THIRD,ROWS_STANDARD_9_10,4749.18,PREV_CLOSE_PROXY,,NEUTRAL,4653.69,4677.425,23.735,False,False,MODE_B_EMA_CHANNEL_DIRECTION_HEAVY,3.0,red_box_midline::red_mid_3,4677.425,23.735,False,False,MICRO_OFFSET | MID_GAP | ORIGINAL_CLUSTER | QUARTER_ROUNDING | RESIDUAL_LEVEL | RESIDUAL_REGIME_LEVEL,adjacent_cluster_midpoint | base_cluster | base_plus_+11 | base_plus_+13 | base_plus_+3 | base_plus_+5 | base_plus_+8 | base_plus_-11 | base_plus_-13 | base_plus_-3 | base_plus_-5 | base_plus_-8 | nearest_quarter_variant | prior_level_median_residual | prior_regime_level_median_residual,4677.425,23.735,False,False,ORIGINAL_ORACLE_PRESERVED,0.0,False,False,SUPERSET_OK_GT10,False,False
2026-04-14,2026-04-13,L4,RANGE_NORMAL_60_120,CLOSE_POS_UPPER_THIRD,ROWS_STANDARD_9_10,4740.3,PREV_CLOSE_PROXY,,NEUTRAL,4768.21,4748.13375,20.07625,False,False,MODE_B_EMA_CHANNEL_DIRECTION_HEAVY,1.0,green_box_midline::green_mid_2 | prior_hlc::previous_high,4731.453559,36.756441,False,False,MICRO_OFFSET | MID_GAP | ORIGINAL_CLUSTER | QUARTER_ROUNDING | RESIDUAL_LEVEL | RESIDUAL_REGIME_LEVEL,adjacent_cluster_midpoint | base_cluster | base_plus_+11 | base_plus_+13 | base_plus_+3 | base_plus_+5 | base_plus_+8 | base_plus_-11 | base_plus_-13 | base_plus_-3 | base_plus_-5 | base_plus_-8 | nearest_quarter_variant | prior_level_median_residual | prior_regime_level_median_residual,4748.13375,20.07625,False,False,ORIGINAL_ORACLE_PRESERVED,16.680191,True,False,EXPANSION_SUPERSET_VIOLATION_WORSE_ERROR,False,False
2026-04-14,2026-04-13,L5,RANGE_NORMAL_60_120,CLOSE_POS_UPPER_THIRD,ROWS_STANDARD_9_10,4740.3,PREV_CLOSE_PROXY,,NEUTRAL,4728.16,4733.13375,4.97375,False,True,MODE_C_BALANCED,1.0,red_box_quarter::red_box_1_25pct,4708.847705,19.312295,False,False,MICRO_OFFSET | MID_GAP | ORIGINAL_CLUSTER | QUARTER_ROUNDING | RESIDUAL_LEVEL | RESIDUAL_REGIME_LEVEL,adjacent_cluster_midpoint | base_cluster | base_plus_+11 | base_plus_+13 | base_plus_+3 | base_plus_+5 | base_plus_+8 | base_plus_-11 | base_plus_-13 | base_plus_-3 | base_plus_-5 | base_plus_-8 | nearest_quarter_variant | prior_level_median_residual | prior_regime_level_median_residual,4733.13375,4.97375,False,True,ORIGINAL_ORACLE_PRESERVED,14.338545,True,True,EXPANSION_SUPERSET_VIOLATION_LOST_WITHIN_5,False,False
2026-04-14,2026-04-13,L6,RANGE_NORMAL_60_120,CLOSE_POS_UPPER_THIRD,ROWS_STANDARD_9_10,4740.3,PREV_CLOSE_PROXY,,NEUTRAL,4688.7,4684.56166,4.13834,False,True,MODE_C_BALANCED,3.0,prior_range_fraction::prev_range_0.382,4700.003547,11.303547,False,False,MICRO_OFFSET | MID_GAP | ORIGINAL_CLUSTER | QUARTER_ROUNDING | RESIDUAL_LEVEL | RESIDUAL_REGIME_LEVEL,adjacent_cluster_midpoint | base_cluster | base_plus_+11 | base_plus_+13 | base_plus_+3 | base_plus_+5 | base_plus_+8 | base_plus_-11 | base_plus_-13 | base_plus_-3 | base_plus_-5 | base_plus_-8 | nearest_quarter_variant | prior_level_median_residual | prior_regime_level_median_residual,4684.56166,4.13834,False,True,ORIGINAL_ORACLE_PRESERVED,7.165207,True,True,EXPANSION_SUPERSET_VIOLATION_LOST_WITHIN_5,False,False
2026-04-14,2026-04-13,L7,RANGE_NORMAL_60_120,CLOSE_POS_UPPER_THIRD,ROWS_STANDARD_9_10,4740.3,PREV_CLOSE_PROXY,,NEUTRAL,4648.94,4657.28625,8.34625,False,False,MODE_C_BALANCED,3.0,prior_range_fraction::prev_range_0.125,4677.185625,28.245625,False,False,MICRO_OFFSET | MID_GAP | ORIGINAL_CLUSTER | QUARTER_ROUNDING | RESIDUAL_LEVEL | RESIDUAL_REGIME_LEVEL,adjacent_cluster_midpoint | base_cluster | base_plus_+11 | base_plus_+13 | base_plus_+3 | base_plus_+5 | base_plus_+8 | base_plus_-11 | base_plus_-13 | base_plus_-3 | base_plus_-5 | base_plus_-8 | nearest_quarter_variant | prior_level_median_residual | prior_regime_level_median_residual,4657.28625,8.34625,False,False,ORIGINAL_ORACLE_PRESERVED,19.899375,True,False,EXPANSION_SUPERSET_VIOLATION_WORSE_ERROR,False,False
2026-04-15,2026-04-14,L4,RANGE_NORMAL_60_120,CLOSE_POS_UPPER_THIRD,ROWS_STANDARD_9_10,4841.68,PREV_CLOSE_PROXY,,NEUTRAL,4871.18,4859.8475,11.3325,False,False,MODE_B_EMA_CHANNEL_DIRECTION_HEAVY,1.0,green_box_quarter::green_box_2_75pct,4836.120434,35.059567,False,False,MICRO_OFFSET | MID_GAP | ORIGINAL_CLUSTER | QUARTER_ROUNDING | RESIDUAL_LEVEL | RESIDUAL_REGIME_LEVEL,adjacent_cluster_midpoint | base_cluster | base_plus_+11 | base_plus_+13 | base_plus_+3 | base_plus_+5 | base_plus_+8 | base_plus_-11 | base_plus_-13 | base_plus_-3 | base_plus_-5 | base_plus_-8 | nearest_quarter_variant | prior_level_median_residual | prior_regime_level_median_residual,4859.8475,11.3325,False,False,ORIGINAL_ORACLE_PRESERVED,23.727067,True,False,EXPANSION_SUPERSET_VIOLATION_WORSE_ERROR,False,False
2026-04-15,2026-04-14,L5,RANGE_NORMAL_60_120,CLOSE_POS_UPPER_THIRD,ROWS_STANDARD_9_10,4841.68,PREV_CLOSE_PROXY,,NEUTRAL,4833.44,4828.375,5.065,False,False,MODE_D_NEAREST_VALID_LADDER,1.0,green_box_quarter::green_box_2_25pct | red_box_quarter::red_box_1_25pct,4805.89748,27.54252,False,False,MICRO_OFFSET | MID_GAP | ORIGINAL_CLUSTER | QUARTER_ROUNDING | RESIDUAL_LEVEL | RESIDUAL_REGIME_LEVEL,adjacent_cluster_midpoint | base_cluster | base_plus_+11 | base_plus_+13 | base_plus_+3 | base_plus_+5 | base_plus_+8 | base_plus_-11 | base_plus_-13 | base_plus_-3 | base_plus_-5 | base_plus_-8 | nearest_quarter_variant | prior_level_median_residual | prior_regime_level_median_residual,4828.375,5.065,False,False,ORIGINAL_ORACLE_PRESERVED,22.47752,True,False,EXPANSION_SUPERSET_VIOLATION_WORSE_ERROR,False,False
2026-04-15,2026-04-14,L6,RANGE_NORMAL_60_120,CLOSE_POS_UPPER_THIRD,ROWS_STANDARD_9_10,4841.68,PREV_CLOSE_PROXY,,NEUTRAL,4795.98,4794.69375,1.28625,True,True,MODE_C_BALANCED,2.0,green_box_quarter::green_box_1_75pct | prior_hlc::previous_mid,4810.798125,14.818125,False,False,MICRO_OFFSET | MID_GAP | ORIGINAL_CLUSTER | QUARTER_ROUNDING | RESIDUAL_LEVEL | RESIDUAL_REGIME_LEVEL,adjacent_cluster_midpoint | base_cluster | base_plus_+11 | base_plus_+13 | base_plus_+3 | base_plus_+5 | base_plus_+8 | base_plus_-11 | base_plus_-13 | base_plus_-3 | base_plus_-5 | base_plus_-8 | nearest_quarter_variant | prior_level_median_residual | prior_regime_level_median_residual,4794.69375,1.28625,True,True,ORIGINAL_ORACLE_PRESERVED,13.531875,True,True,EXPANSION_SUPERSET_VIOLATION_LOST_WITHIN_5,False,False
2026-04-15,2026-04-14,L7,RANGE_NORMAL_60_120,CLOSE_POS_UPPER_THIRD,ROWS_STANDARD_9_10,4841.68,PREV_CLOSE_PROXY,,NEUTRAL,4759.66,4757.2625,2.3975,True,True,MODE_C_BALANCED,3.0,prior_range_fraction::prev_range_0.125,4776.34625,16.68625,False,False,MICRO_OFFSET | MID_GAP | ORIGINAL_CLUSTER | QUARTER_ROUNDING | RESIDUAL_LEVEL | RESIDUAL_REGIME_LEVEL,adjacent_cluster_midpoint | base_cluster | base_plus_+11 | base_plus_+13 | base_plus_+3 | base_plus_+5 | base_plus_+8 | base_plus_-11 | base_plus_-13 | base_plus_-3 | base_plus_-5 | base_plus_-8 | nearest_quarter_variant | prior_level_median_residual | prior_regime_level_median_residual,4757.2625,2.3975,True,True,ORIGINAL_ORACLE_PRESERVED,14.28875,True,True,EXPANSION_SUPERSET_VIOLATION_LOST_WITHIN_5,False,False
2026-04-16,2026-04-15,L4,RANGE_NORMAL_60_120,CLOSE_POS_LOWER_THIRD,ROWS_STANDARD_9_10,4790.68,PREV_CLOSE_PROXY,,NEUTRAL,4866.37,4841.20636,25.16364,False,False,MODE_C_BALANCED,1.0,prior_range_fraction::prev_range_0.618 | red_box_midline::red_mid_1 | green_box_edge::green_edge_1,4828.59318,37.77682,False,False,MICRO_OFFSET | MID_GAP | ORIGINAL_CLUSTER | QUARTER_ROUNDING | RESIDUAL_LEVEL | RESIDUAL_REGIME_LEVEL,adjacent_cluster_midpoint | base_cluster | base_plus_+11 | base_plus_+13 | base_plus_+3 | base_plus_+5 | base_plus_+8 | base_plus_-11 | base_plus_-13 | base_plus_-3 | base_plus_-5 | base_plus_-8 | nearest_quarter_variant | prior_level_median_residual | prior_regime_level_median_residual,4841.20636,25.16364,False,False,ORIGINAL_ORACLE_PRESERVED,12.61318,True,False,EXPANSION_SUPERSET_VIOLATION_WORSE_ERROR,False,False
2026-04-16,2026-04-15,L5,RANGE_NORMAL_60_120,CLOSE_POS_LOWER_THIRD,ROWS_STANDARD_9_10,4790.68,PREV_CLOSE_PROXY,,NEUTRAL,4833.82,4816.54864,17.27136,False,False,MODE_C_BALANCED,1.0,green_box_midline::green_mid_1 | prior_hlc::previous_pivot_hlc3 | prior_range_fraction::prev_range_0.382,4807.83682,25.98318,False,False,MICRO_OFFSET | MID_GAP | ORIGINAL_CLUSTER | QUARTER_ROUNDING | RESIDUAL_LEVEL | RESIDUAL_REGIME_LEVEL,adjacent_cluster_midpoint | base_cluster | base_plus_+11 | base_plus_+13 | base_plus_+3 | base_plus_+5 | base_plus_+8 | base_plus_-11 | base_plus_-13 | base_plus_-3 | base_plus_-5 | base_plus_-8 | nearest_quarter_variant | prior_level_median_residual | prior_regime_level_median_residual,4816.54864,17.27136,False,False,ORIGINAL_ORACLE_PRESERVED,8.71182,True,False,EXPANSION_SUPERSET_VIOLATION_WORSE_ERROR,False,False
2026-04-16,2026-04-15,L6,RANGE_NORMAL_60_120,CLOSE_POS_LOWER_THIRD,ROWS_STANDARD_9_10,4790.68,PREV_CLOSE_PROXY,,NEUTRAL,4796.88,4799.62,2.74,True,True,MODE_C_BALANCED,1.0,red_box_quarter::red_box_2_25pct | green_box_quarter::green_box_1_25pct,4777.615,19.265,False,False,MICRO_OFFSET | MID_GAP | ORIGINAL_CLUSTER | QUARTER_ROUNDING | RESIDUAL_LEVEL | RESIDUAL_REGIME_LEVEL,adjacent_cluster_midpoint | base_cluster | base_plus_+11 | base_plus_+13 | base_plus_+3 | base_plus_+5 | base_plus_+8 | base_plus_-11 | base_plus_-13 | base_plus_-3 | base_plus_-5 | base_plus_-8 | nearest_quarter_variant | prior_level_median_residual | prior_regime_level_median_residual,4799.62,2.74,True,True,ORIGINAL_ORACLE_PRESERVED,16.525,True,True,EXPANSION_SUPERSET_VIOLATION_LOST_WITHIN_5,False,False
2026-04-16,2026-04-15,L7,RANGE_NORMAL_60_120,CLOSE_POS_LOWER_THIRD,ROWS_STANDARD_9_10,4790.68,PREV_CLOSE_PROXY,,NEUTRAL,4763.58,4770.115,6.535,False,False,MODE_B_EMA_CHANNEL_DIRECTION_HEAVY,1.0,red_box_quarter::red_box_2_75pct,4777.8625,14.2825,False,False,MICRO_OFFSET | MID_GAP | ORIGINAL_CLUSTER | QUARTER_ROUNDING | RESIDUAL_LEVEL | RESIDUAL_REGIME_LEVEL,adjacent_cluster_midpoint | base_cluster | base_plus_+11 | base_plus_+13 | base_plus_+3 | base_plus_+5 | base_plus_+8 | base_plus_-11 | base_plus_-13 | base_plus_-3 | base_plus_-5 | base_plus_-8 | nearest_quarter_variant | prior_level_median_residual | prior_regime_level_median_residual,4770.115,6.535,False,False,ORIGINAL_ORACLE_PRESERVED,7.7475,True,False,EXPANSION_SUPERSET_VIOLATION_WORSE_ERROR,False,False
2026-04-17,2026-04-16,L4,RANGE_NORMAL_60_120,CLOSE_POS_LOWER_THIRD,ROWS_STANDARD_9_10,4790.78,PREV_CLOSE_PROXY,,NEUTRAL,4859.83,4820.245,39.585,False,False,MODE_C_BALANCED,1.0,green_box_edge::green_edge_1,4810.334166,49.495834,False,False,MICRO_OFFSET | MID_GAP | ORIGINAL_CLUSTER | QUARTER_ROUNDING | RESIDUAL_LEVEL | RESIDUAL_REGIME_LEVEL,adjacent_cluster_midpoint | base_cluster | base_plus_+11 | base_plus_+13 | base_plus_+3 | base_plus_+5 | base_plus_+8 | base_plus_-11 | base_plus_-13 | base_plus_-3 | base_plus_-5 | base_plus_-8 | nearest_quarter_variant | prior_level_median_residual | prior_regime_level_median_residual,4820.245,39.585,False,False,ORIGINAL_ORACLE_PRESERVED,9.910834,True,False,EXPANSION_SUPERSET_VIOLATION_WORSE_ERROR,False,False
2026-04-17,2026-04-16,L5,RANGE_NORMAL_60_120,CLOSE_POS_LOWER_THIRD,ROWS_STANDARD_9_10,4790.78,PREV_CLOSE_PROXY,,NEUTRAL,4822.32,4808.20125,14.11875,False,False,MODE_C_BALANCED,2.0,green_box_quarter::green_box_1_75pct,4793.20125,29.11875,False,False,MICRO_OFFSET | MID_GAP | ORIGINAL_CLUSTER | QUARTER_ROUNDING | RESIDUAL_LEVEL | RESIDUAL_REGIME_LEVEL,adjacent_cluster_midpoint | base_cluster | base_plus_+11 | base_plus_+13 | base_plus_+3 | base_plus_+5 | base_plus_+8 | base_plus_-11 | base_plus_-13 | base_plus_-3 | base_plus_-5 | base_plus_-8 | nearest_quarter_variant | prior_level_median_residual | prior_regime_level_median_residual,4808.20125,14.11875,False,False,ORIGINAL_ORACLE_PRESERVED,15.0,True,False,EXPANSION_SUPERSET_VIOLATION_WORSE_ERROR,False,False
2026-04-17,2026-04-16,L6,RANGE_NORMAL_60_120,CLOSE_POS_LOWER_THIRD,ROWS_STANDARD_9_10,4790.78,PREV_CLOSE_PROXY,,NEUTRAL,4789.02,4781.1575,7.8625,False,False,MODE_C_BALANCED,1.0,red_box_quarter::red_box_2_25pct | prior_range_fraction::prev_range_0.125 | green_box_quarter::green_box_1_25pct,4761.61375,27.40625,False,False,MICRO_OFFSET | MID_GAP | ORIGINAL_CLUSTER | QUARTER_ROUNDING | RESIDUAL_LEVEL | RESIDUAL_REGIME_LEVEL,adjacent_cluster_midpoint | base_cluster | base_plus_+11 | base_plus_+13 | base_plus_+3 | base_plus_+5 | base_plus_+8 | base_plus_-11 | base_plus_-13 | base_plus_-3 | base_plus_-5 | base_plus_-8 | nearest_quarter_variant | prior_level_median_residual | prior_regime_level_median_residual,4781.1575,7.8625,False,False,ORIGINAL_ORACLE_PRESERVED,19.54375,True,False,EXPANSION_SUPERSET_VIOLATION_WORSE_ERROR,False,False
2026-04-17,2026-04-16,L7,RANGE_NORMAL_60_120,CLOSE_POS_LOWER_THIRD,ROWS_STANDARD_9_10,4790.78,PREV_CLOSE_PROXY,,NEUTRAL,4747.74,4754.11375,6.37375,False,False,MODE_D_NEAREST_VALID_LADDER,1.0,red_box_quarter::red_box_2_75pct,4763.091875,15.351875,False,False,MICRO_OFFSET | MID_GAP | ORIGINAL_CLUSTER | QUARTER_ROUNDING | RESIDUAL_LEVEL | RESIDUAL_REGIME_LEVEL,adjacent_cluster_midpoint | base_cluster | base_plus_+11 | base_plus_+13 | base_plus_+3 | base_plus_+5 | base_plus_+8 | base_plus_-11 | base_plus_-13 | base_plus_-3 | base_plus_-5 | base_plus_-8 | nearest_quarter_variant | prior_level_median_residual | prior_regime_level_median_residual,4754.11375,6.37375,False,False,ORIGINAL_ORACLE_PRESERVED,8.978125,True,False,EXPANSION_SUPERSET_VIOLATION_WORSE_ERROR,False,False
2026-04-20,2026-04-17,L6,RANGE_WIDE_120_220,CLOSE_POS_MIDDLE_THIRD,ROWS_STANDARD_9_10,4832.42,PREV_CLOSE_PROXY,,NEUTRAL,4808.63,4814.8644,6.2344,False,False,MODE_D_NEAREST_VALID_LADDER,1.0,prior_range_fraction::prev_range_0.382,4829.52,20.89,False,False,MICRO_OFFSET | MID_GAP | ORIGINAL_CLUSTER | QUARTER_ROUNDING | RESIDUAL_LEVEL | RESIDUAL_REGIME_LEVEL,adjacent_cluster_midpoint | base_cluster | base_plus_+11 | base_plus_+13 | base_plus_+3 | base_plus_+5 | base_plus_+8 | base_plus_-11 | base_plus_-13 | base_plus_-3 | base_plus_-5 | base_plus_-8 | nearest_quarter_variant | prior_level_median_residual | prior_regime_level_median_residual,4814.8644,6.2344,False,False,ORIGINAL_ORACLE_PRESERVED,14.6556,True,False,EXPANSION_SUPERSET_VIOLATION_WORSE_ERROR,False,False
2026-04-20,2026-04-17,L7,RANGE_WIDE_120_220,CLOSE_POS_MIDDLE_THIRD,ROWS_STANDARD_9_10,4832.42,PREV_CLOSE_PROXY,,NEUTRAL,4772.29,4767.42,4.87,False,True,MODE_E_SPACING_PRESERVATION,1.0,prior_hlc::previous_low,4800.6075,28.3175,False,False,MICRO_OFFSET | MID_GAP | ORIGINAL_CLUSTER | QUARTER_ROUNDING | RESIDUAL_LEVEL | RESIDUAL_REGIME_LEVEL,adjacent_cluster_midpoint | base_cluster | base_plus_+11 | base_plus_+13 | base_plus_+3 | base_plus_+5 | base_plus_+8 | base_plus_-11 | base_plus_-13 | base_plus_-3 | base_plus_-5 | base_plus_-8 | nearest_quarter_variant | prior_level_median_residual | prior_regime_level_median_residual,4767.42,4.87,False,True,ORIGINAL_ORACLE_PRESERVED,23.4475,True,True,EXPANSION_SUPERSET_VIOLATION_LOST_WITHIN_5,False,False
2026-04-21,2026-04-20,L4,RANGE_NORMAL_60_120,CLOSE_POS_UPPER_THIRD,ROWS_STANDARD_9_10,4820.66,PREV_CLOSE_PROXY,,NEUTRAL,4875.42,4842.5325,32.8875,False,False,MODE_B_EMA_CHANNEL_DIRECTION_HEAVY,2.0,green_box_quarter::green_box_2_75pct,4819.976265,55.443735,False,False,MICRO_OFFSET | MID_GAP | ORIGINAL_CLUSTER | QUARTER_ROUNDING | RESIDUAL_LEVEL | RESIDUAL_REGIME_LEVEL,adjacent_cluster_midpoint | base_cluster | base_plus_+11 | base_plus_+13 | base_plus_+3 | base_plus_+5 | base_plus_+8 | base_plus_-11 | base_plus_-13 | base_plus_-3 | base_plus_-5 | base_plus_-8 | nearest_quarter_variant | prior_level_median_residual | prior_regime_level_median_residual,4842.5325,32.8875,False,False,ORIGINAL_ORACLE_PRESERVED,22.556235,True,False,EXPANSION_SUPERSET_VIOLATION_WORSE_ERROR,False,False
2026-04-21,2026-04-20,L5,RANGE_NORMAL_60_120,CLOSE_POS_UPPER_THIRD,ROWS_STANDARD_9_10,4820.66,PREV_CLOSE_PROXY,,NEUTRAL,4831.95,4814.34,17.61,False,False,MODE_C_BALANCED,1.0,green_box_quarter::green_box_2_25pct | red_box_quarter::red_box_1_25pct | prior_range_fraction::prev_range_0.875,4792.99314,38.95686,False,False,MICRO_OFFSET | MID_GAP | ORIGINAL_CLUSTER | QUARTER_ROUNDING | RESIDUAL_LEVEL | RESIDUAL_REGIME_LEVEL,adjacent_cluster_midpoint | base_cluster | base_plus_+11 | base_plus_+13 | base_plus_+3 | base_plus_+5 | base_plus_+8 | base_plus_-11 | base_plus_-13 | base_plus_-3 | base_plus_-5 | base_plus_-8 | nearest_quarter_variant | prior_level_median_residual | prior_regime_level_median_residual,4814.34,17.61,False,False,ORIGINAL_ORACLE_PRESERVED,21.34686,True,False,EXPANSION_SUPERSET_VIOLATION_WORSE_ERROR,False,False
2026-04-21,2026-04-20,L6,RANGE_NORMAL_60_120,CLOSE_POS_UPPER_THIRD,ROWS_STANDARD_9_10,4820.66,PREV_CLOSE_PROXY,,NEUTRAL,4784.68,4782.29625,2.38375,True,True,MODE_C_BALANCED,1.0,green_box_quarter::green_box_1_75pct | prior_hlc::previous_mid,4797.346875,12.666875,False,False,MICRO_OFFSET | MID_GAP | ORIGINAL_CLUSTER | QUARTER_ROUNDING | RESIDUAL_LEVEL | RESIDUAL_REGIME_LEVEL,adjacent_cluster_midpoint | base_cluster | base_plus_+11 | base_plus_+13 | base_plus_+3 | base_plus_+5 | base_plus_+8 | base_plus_-11 | base_plus_-13 | base_plus_-3 | base_plus_-5 | base_plus_-8 | nearest_quarter_variant | prior_level_median_residual | prior_regime_level_median_residual,4782.29625,2.38375,True,True,ORIGINAL_ORACLE_PRESERVED,10.283125,True,True,EXPANSION_SUPERSET_VIOLATION_LOST_WITHIN_5,False,False
2026-04-21,2026-04-20,L7,RANGE_NORMAL_60_120,CLOSE_POS_UPPER_THIRD,ROWS_STANDARD_9_10,4820.66,PREV_CLOSE_PROXY,,NEUTRAL,4743.45,4750.32,6.87,False,False,MODE_C_BALANCED,1.0,prior_range_fraction::prev_range_0.125 | green_box_quarter::green_box_1_25pct | red_box_quarter::red_box_2_25pct,4755.0075,11.5575,False,False,MICRO_OFFSET | MID_GAP | ORIGINAL_CLUSTER | QUARTER_ROUNDING | RESIDUAL_LEVEL | RESIDUAL_REGIME_LEVEL,adjacent_cluster_midpoint | base_cluster | base_plus_+11 | base_plus_+13 | base_plus_+3 | base_plus_+5 | base_plus_+8 | base_plus_-11 | base_plus_-13 | base_plus_-3 | base_plus_-5 | base_plus_-8 | nearest_quarter_variant | prior_level_median_residual | prior_regime_level_median_residual,4750.32,6.87,False,False,ORIGINAL_ORACLE_PRESERVED,4.6875,True,False,EXPANSION_SUPERSET_VIOLATION_WORSE_ERROR,False,False
2026-04-22,2026-04-21,L4,RANGE_WIDE_120_220,CLOSE_POS_LOWER_THIRD,ROWS_STANDARD_9_10,4720.06,PREV_CLOSE_PROXY,,NEUTRAL,4780.53,4770.33876,10.19124,False,False,MODE_C_BALANCED,1.0,prior_range_fraction::prev_range_0.618,4750.89,29.64,False,False,MICRO_OFFSET | MID_GAP | ORIGINAL_CLUSTER | QUARTER_ROUNDING | RESIDUAL_LEVEL | RESIDUAL_REGIME_LEVEL,adjacent_cluster_midpoint | base_cluster | base_plus_+11 | base_plus_+13 | base_plus_+3 | base_plus_+5 | base_plus_+8 | base_plus_-11 | base_plus_-13 | base_plus_-3 | base_plus_-5 | base_plus_-8 | nearest_quarter_variant | prior_level_median_residual | prior_regime_level_median_residual,4770.33876,10.19124,False,False,ORIGINAL_ORACLE_PRESERVED,19.44876,True,False,EXPANSION_SUPERSET_VIOLATION_WORSE_ERROR,False,False
2026-04-22,2026-04-21,L5,RANGE_WIDE_120_220,CLOSE_POS_LOWER_THIRD,ROWS_STANDARD_9_10,4720.06,PREV_CLOSE_PROXY,,NEUTRAL,4740.11,4738.251667,1.858333,True,True,MODE_C_BALANCED,1.0,red_box_edge::red_edge_1 | prior_hlc::previous_pivot_hlc3,4723.968334,16.141666,False,False,MICRO_OFFSET | MID_GAP | ORIGINAL_CLUSTER | QUARTER_ROUNDING | RESIDUAL_LEVEL | RESIDUAL_REGIME_LEVEL,adjacent_cluster_midpoint | base_cluster | base_plus_+11 | base_plus_+13 | base_plus_+3 | base_plus_+5 | base_plus_+8 | base_plus_-11 | base_plus_-13 | base_plus_-3 | base_plus_-5 | base_plus_-8 | nearest_quarter_variant | prior_level_median_residual | prior_regime_level_median_residual,4738.251667,1.858333,True,True,ORIGINAL_ORACLE_PRESERVED,14.283333,True,True,EXPANSION_SUPERSET_VIOLATION_LOST_WITHIN_5,False,False
2026-04-22,2026-04-21,L6,RANGE_WIDE_120_220,CLOSE_POS_LOWER_THIRD,ROWS_STANDARD_9_10,4720.06,PREV_CLOSE_PROXY,,NEUTRAL,4694.87,4687.185,7.685,False,False,MODE_C_BALANCED,1.0,red_box_midline::red_mid_2,4686.25875,8.61125,False,False,MICRO_OFFSET | MID_GAP | ORIGINAL_CLUSTER | QUARTER_ROUNDING | RESIDUAL_LEVEL | RESIDUAL_REGIME_LEVEL,adjacent_cluster_midpoint | base_cluster | base_plus_+11 | base_plus_+13 | base_plus_+3 | base_plus_+5 | base_plus_+8 | base_plus_-11 | base_plus_-13 | base_plus_-3 | base_plus_-5 | base_plus_-8 | nearest_quarter_variant | prior_level_median_residual | prior_regime_level_median_residual,4687.185,7.685,False,False,ORIGINAL_ORACLE_PRESERVED,0.92625,True,False,EXPANSION_SUPERSET_VIOLATION_WORSE_ERROR,False,False
2026-04-22,2026-04-21,L7,RANGE_WIDE_120_220,CLOSE_POS_LOWER_THIRD,ROWS_STANDARD_9_10,4720.06,PREV_CLOSE_PROXY,,NEUTRAL,4636.73,4638.48,1.75,True,True,MODE_C_BALANCED,1.0,red_box_edge::red_edge_2,4641.30375,4.57375,False,True,MICRO_OFFSET | MID_GAP | ORIGINAL_CLUSTER | QUARTER_ROUNDING | RESIDUAL_LEVEL | RESIDUAL_REGIME_LEVEL,adjacent_cluster_midpoint | base_cluster | base_plus_+11 | base_plus_+13 | base_plus_+3 | base_plus_+5 | base_plus_+8 | base_plus_-11 | base_plus_-13 | base_plus_-3 | base_plus_-5 | base_plus_-8 | nearest_quarter_variant | prior_level_median_residual | prior_regime_level_median_residual,4638.48,1.75,True,True,ORIGINAL_ORACLE_PRESERVED,2.82375,True,False,EXPANSION_SUPERSET_VIOLATION_WORSE_ERROR,False,False
2026-04-23,2026-04-22,L4,RANGE_COMPRESSED_0_60,CLOSE_POS_MIDDLE_THIRD,ROWS_EXTENDED_11_PLUS,4740.18,PREV_CLOSE_PROXY,,NEUTRAL,4873.73,4772.34,101.39,False,False,MODE_D_NEAREST_VALID_LADDER,1.0,prior_hlc::previous_high,4761.50324,112.22676,False,False,MICRO_OFFSET | MID_GAP | ORIGINAL_CLUSTER | QUARTER_ROUNDING | RESIDUAL_LEVEL,adjacent_cluster_midpoint | base_cluster | base_plus_+11 | base_plus_+13 | base_plus_+3 | base_plus_+5 | base_plus_+8 | base_plus_-11 | base_plus_-13 | base_plus_-3 | base_plus_-5 | base_plus_-8 | nearest_quarter_variant | prior_level_median_residual,4772.34,101.39,False,False,ORIGINAL_ORACLE_PRESERVED,10.83676,True,False,EXPANSION_SUPERSET_VIOLATION_WORSE_ERROR,False,False
2026-04-23,2026-04-22,L5,RANGE_COMPRESSED_0_60,CLOSE_POS_MIDDLE_THIRD,ROWS_EXTENDED_11_PLUS,4740.18,PREV_CLOSE_PROXY,,NEUTRAL,4832.75,4758.16,74.59,False,False,MODE_C_BALANCED,1.0,prior_range_fraction::prev_range_0.75,4738.15,94.6,False,False,MICRO_OFFSET | MID_GAP | ORIGINAL_CLUSTER | QUARTER_ROUNDING | RESIDUAL_LEVEL,adjacent_cluster_midpoint | base_cluster | base_plus_+11 | base_plus_+13 | base_plus_+3 | base_plus_+5 | base_plus_+8 | base_plus_-11 | base_plus_-13 | base_plus_-3 | base_plus_-5 | base_plus_-8 | nearest_quarter_variant | prior_level_median_residual,4758.16,74.59,False,False,ORIGINAL_ORACLE_PRESERVED,20.01,True,False,EXPANSION_SUPERSET_VIOLATION_WORSE_ERROR,False,False
2026-04-23,2026-04-22,L6,RANGE_COMPRESSED_0_60,CLOSE_POS_MIDDLE_THIRD,ROWS_EXTENDED_11_PLUS,4740.18,PREV_CLOSE_PROXY,,NEUTRAL,4783.45,4716.88,66.57,False,False,MODE_D_NEAREST_VALID_LADDER,1.0,prior_hlc::previous_low | red_box_quarter::red_box_2_25pct,4701.25,82.2,False,False,MICRO_OFFSET | MID_GAP | ORIGINAL_CLUSTER | QUARTER_ROUNDING | RESIDUAL_LEVEL,adjacent_cluster_midpoint | base_cluster | base_plus_+11 | base_plus_+13 | base_plus_+3 | base_plus_+5 | base_plus_+8 | base_plus_-11 | base_plus_-13 | base_plus_-3 | base_plus_-5 | base_plus_-8 | nearest_quarter_variant | prior_level_median_residual,4716.88,66.57,False,False,ORIGINAL_ORACLE_PRESERVED,15.63,True,False,EXPANSION_SUPERSET_VIOLATION_WORSE_ERROR,False,False
2026-04-23,2026-04-22,L7,RANGE_COMPRESSED_0_60,CLOSE_POS_MIDDLE_THIRD,ROWS_EXTENDED_11_PLUS,4740.18,PREV_CLOSE_PROXY,,NEUTRAL,4740.92,4685.62,55.3,False,False,MODE_D_NEAREST_VALID_LADDER,1.0,red_box_edge::red_edge_2,4658.52,82.4,False,False,MICRO_OFFSET | MID_GAP | ORIGINAL_CLUSTER | QUARTER_ROUNDING | RESIDUAL_LEVEL,adjacent_cluster_midpoint | base_cluster | base_plus_+11 | base_plus_+13 | base_plus_+3 | base_plus_+5 | base_plus_+8 | base_plus_-11 | base_plus_-13 | base_plus_-3 | base_plus_-5 | base_plus_-8 | nearest_quarter_variant | prior_level_median_residual,4685.62,55.3,False,False,ORIGINAL_ORACLE_PRESERVED,27.1,True,False,EXPANSION_SUPERSET_VIOLATION_WORSE_ERROR,False,False
2026-04-24,2026-04-23,L4,RANGE_NORMAL_60_120,CLOSE_POS_MIDDLE_THIRD,ROWS_STANDARD_9_10,4694.36,PREV_CLOSE_PROXY,,NEUTRAL,4799.5,4754.0,45.5,False,False,MODE_D_NEAREST_VALID_LADDER,2.0,green_box_midline::green_mid_2,4739.05,60.45,False,False,MICRO_OFFSET | MID_GAP | ORIGINAL_CLUSTER | QUARTER_ROUNDING | RESIDUAL_LEVEL | RESIDUAL_REGIME_LEVEL,adjacent_cluster_midpoint | base_cluster | base_plus_+11 | base_plus_+13 | base_plus_+3 | base_plus_+5 | base_plus_+8 | base_plus_-11 | base_plus_-13 | base_plus_-3 | base_plus_-5 | base_plus_-8 | nearest_quarter_variant | prior_level_median_residual | prior_regime_level_median_residual,4754.0,45.5,False,False,ORIGINAL_ORACLE_PRESERVED,14.95,True,False,EXPANSION_SUPERSET_VIOLATION_WORSE_ERROR,False,False
2026-04-24,2026-04-23,L5,RANGE_NORMAL_60_120,CLOSE_POS_MIDDLE_THIRD,ROWS_STANDARD_9_10,4694.36,PREV_CLOSE_PROXY,,NEUTRAL,4769.97,4724.1,45.87,False,False,MODE_B_EMA_CHANNEL_DIRECTION_HEAVY,1.0,green_box_edge::green_edge_1,4710.2318,59.7382,False,False,MICRO_OFFSET | MID_GAP | ORIGINAL_CLUSTER | QUARTER_ROUNDING | RESIDUAL_LEVEL | RESIDUAL_REGIME_LEVEL,adjacent_cluster_midpoint | base_cluster | base_plus_+11 | base_plus_+13 | base_plus_+3 | base_plus_+5 | base_plus_+8 | base_plus_-11 | base_plus_-13 | base_plus_-3 | base_plus_-5 | base_plus_-8 | nearest_quarter_variant | prior_level_median_residual | prior_regime_level_median_residual,4724.1,45.87,False,False,ORIGINAL_ORACLE_PRESERVED,13.8682,True,False,EXPANSION_SUPERSET_VIOLATION_WORSE_ERROR,False,False
2026-04-24,2026-04-23,L6,RANGE_NORMAL_60_120,CLOSE_POS_MIDDLE_THIRD,ROWS_STANDARD_9_10,4694.36,PREV_CLOSE_PROXY,,NEUTRAL,4737.93,4709.1,28.83,False,False,MODE_C_BALANCED,3.0,prior_hlc::previous_mid,4697.9,40.03,False,False,MICRO_OFFSET | MID_GAP | ORIGINAL_CLUSTER | QUARTER_ROUNDING | RESIDUAL_LEVEL | RESIDUAL_REGIME_LEVEL,adjacent_cluster_midpoint | base_cluster | base_plus_+11 | base_plus_+13 | base_plus_+3 | base_plus_+5 | base_plus_+8 | base_plus_-11 | base_plus_-13 | base_plus_-3 | base_plus_-5 | base_plus_-8 | nearest_quarter_variant | prior_level_median_residual | prior_regime_level_median_residual,4709.1,28.83,False,False,ORIGINAL_ORACLE_PRESERVED,11.2,True,False,EXPANSION_SUPERSET_VIOLATION_WORSE_ERROR,False,False
2026-04-24,2026-04-23,L7,RANGE_NORMAL_60_120,CLOSE_POS_MIDDLE_THIRD,ROWS_STANDARD_9_10,4694.36,PREV_CLOSE_PROXY,,NEUTRAL,4699.63,4694.1,5.53,False,False,MODE_C_BALANCED,2.0,red_box_edge::red_edge_1,4686.65,12.98,False,False,MICRO_OFFSET | MID_GAP | ORIGINAL_CLUSTER | QUARTER_ROUNDING | RESIDUAL_LEVEL | RESIDUAL_REGIME_LEVEL,adjacent_cluster_midpoint | base_cluster | base_plus_+11 | base_plus_+13 | base_plus_+3 | base_plus_+5 | base_plus_+8 | base_plus_-11 | base_plus_-13 | base_plus_-3 | base_plus_-5 | base_plus_-8 | nearest_quarter_variant | prior_level_median_residual | prior_regime_level_median_residual,4694.1,5.53,False,False,ORIGINAL_ORACLE_PRESERVED,7.45,True,False,EXPANSION_SUPERSET_VIOLATION_WORSE_ERROR,False,False
2026-04-27,2026-04-24,L4,RANGE_NORMAL_60_120,CLOSE_POS_MIDDLE_THIRD,ROWS_EXTENDED_11_PLUS,4707.26,PREV_CLOSE_PROXY,,NEUTRAL,4789.79,4741.315,48.475,False,False,MODE_D_NEAREST_VALID_LADDER,1.0,prior_hlc::previous_high | green_box_midline::green_mid_2,4733.815,55.975,False,False,MICRO_OFFSET | MID_GAP | ORIGINAL_CLUSTER | QUARTER_ROUNDING | RESIDUAL_LEVEL | RESIDUAL_REGIME_LEVEL,adjacent_cluster_midpoint | base_cluster | base_plus_+11 | base_plus_+13 | base_plus_+3 | base_plus_+5 | base_plus_+8 | base_plus_-11 | base_plus_-13 | base_plus_-3 | base_plus_-5 | base_plus_-8 | nearest_quarter_variant | prior_level_median_residual | prior_regime_level_median_residual,4741.315,48.475,False,False,ORIGINAL_ORACLE_PRESERVED,7.5,True,False,EXPANSION_SUPERSET_VIOLATION_WORSE_ERROR,False,False
2026-04-27,2026-04-24,L5,RANGE_NORMAL_60_120,CLOSE_POS_MIDDLE_THIRD,ROWS_EXTENDED_11_PLUS,4707.26,PREV_CLOSE_PROXY,,NEUTRAL,4758.08,4700.884166,57.195833,False,False,MODE_C_BALANCED,1.0,green_box_quarter::green_box_1_75pct | prior_hlc::previous_pivot_hlc3,4700.884166,57.195834,False,False,MICRO_OFFSET | MID_GAP | ORIGINAL_CLUSTER | QUARTER_ROUNDING | RESIDUAL_LEVEL | RESIDUAL_REGIME_LEVEL,adjacent_cluster_midpoint | base_cluster | base_plus_+11 | base_plus_+13 | base_plus_+3 | base_plus_+5 | base_plus_+8 | base_plus_-11 | base_plus_-13 | base_plus_-3 | base_plus_-5 | base_plus_-8 | nearest_quarter_variant | prior_level_median_residual | prior_regime_level_median_residual,4700.884166,57.195833,False,False,ORIGINAL_ORACLE_PRESERVED,1e-06,True,False,EXPANSION_SUPERSET_VIOLATION_WORSE_ERROR,False,False
2026-04-27,2026-04-24,L6,RANGE_NORMAL_60_120,CLOSE_POS_MIDDLE_THIRD,ROWS_EXTENDED_11_PLUS,4707.26,PREV_CLOSE_PROXY,,NEUTRAL,4722.56,4670.89,51.67,False,False,MODE_C_BALANCED,1.0,red_box_quarter::red_box_2_25pct | green_box_quarter::green_box_1_25pct,4664.305,58.255,False,False,MICRO_OFFSET | MID_GAP | ORIGINAL_CLUSTER | QUARTER_ROUNDING | RESIDUAL_LEVEL | RESIDUAL_REGIME_LEVEL,adjacent_cluster_midpoint | base_cluster | base_plus_+11 | base_plus_+13 | base_plus_+3 | base_plus_+5 | base_plus_+8 | base_plus_-11 | base_plus_-13 | base_plus_-3 | base_plus_-5 | base_plus_-8 | nearest_quarter_variant | prior_level_median_residual | prior_regime_level_median_residual,4670.89,51.67,False,False,ORIGINAL_ORACLE_PRESERVED,6.585,True,False,EXPANSION_SUPERSET_VIOLATION_WORSE_ERROR,False,False
2026-04-27,2026-04-24,L7,RANGE_NORMAL_60_120,CLOSE_POS_MIDDLE_THIRD,ROWS_EXTENDED_11_PLUS,4707.26,PREV_CLOSE_PROXY,,NEUTRAL,4688.57,4641.805,46.765,False,False,MODE_B_EMA_CHANNEL_DIRECTION_HEAVY,1.0,red_box_quarter::red_box_2_75pct,4634.7625,53.8075,False,False,MICRO_OFFSET | MID_GAP | ORIGINAL_CLUSTER | QUARTER_ROUNDING | RESIDUAL_LEVEL | RESIDUAL_REGIME_LEVEL,adjacent_cluster_midpoint | base_cluster | base_plus_+11 | base_plus_+13 | base_plus_+3 | base_plus_+5 | base_plus_+8 | base_plus_-11 | base_plus_-13 | base_plus_-3 | base_plus_-5 | base_plus_-8 | nearest_quarter_variant | prior_level_median_residual | prior_regime_level_median_residual,4641.805,46.765,False,False,ORIGINAL_ORACLE_PRESERVED,7.0425,True,False,EXPANSION_SUPERSET_VIOLATION_WORSE_ERROR,False,False
2026-04-28,2026-04-27,L4,RANGE_NORMAL_60_120,CLOSE_POS_LOWER_THIRD,ROWS_STANDARD_9_10,4681.76,PREV_CLOSE_PROXY,,NEUTRAL,4724.59,4713.63,10.96,False,False,MODE_C_BALANCED,1.0,green_box_edge::green_edge_1,4703.318333,21.271667,False,False,MICRO_OFFSET | MID_GAP | ORIGINAL_CLUSTER | QUARTER_ROUNDING | RESIDUAL_LEVEL | RESIDUAL_REGIME_LEVEL,adjacent_cluster_midpoint | base_cluster | base_plus_+11 | base_plus_+13 | base_plus_+3 | base_plus_+5 | base_plus_+8 | base_plus_-11 | base_plus_-13 | base_plus_-3 | base_plus_-5 | base_plus_-8 | nearest_quarter_variant | prior_level_median_residual | prior_regime_level_median_residual,4713.63,10.96,False,False,ORIGINAL_ORACLE_PRESERVED,10.311667,True,False,EXPANSION_SUPERSET_VIOLATION_WORSE_ERROR,False,False
2026-04-28,2026-04-27,L5,RANGE_NORMAL_60_120,CLOSE_POS_LOWER_THIRD,ROWS_STANDARD_9_10,4681.76,PREV_CLOSE_PROXY,,NEUTRAL,4687.0,4691.700834,4.700834,False,True,MODE_C_BALANCED,1.0,green_box_midline::green_mid_1 | prior_range_fraction::prev_range_0.382 | prior_hlc::previous_pivot_hlc3,4693.18875,6.18875,False,False,MICRO_OFFSET | MID_GAP | ORIGINAL_CLUSTER | QUARTER_ROUNDING | RESIDUAL_LEVEL | RESIDUAL_REGIME_LEVEL,adjacent_cluster_midpoint | base_cluster | base_plus_+11 | base_plus_+13 | base_plus_+3 | base_plus_+5 | base_plus_+8 | base_plus_-11 | base_plus_-13 | base_plus_-3 | base_plus_-5 | base_plus_-8 | nearest_quarter_variant | prior_level_median_residual | prior_regime_level_median_residual,4691.700834,4.700834,False,True,ORIGINAL_ORACLE_PRESERVED,1.487916,True,True,EXPANSION_SUPERSET_VIOLATION_LOST_WITHIN_5,False,False
2026-04-28,2026-04-27,L6,RANGE_NORMAL_60_120,CLOSE_POS_LOWER_THIRD,ROWS_STANDARD_9_10,4681.76,PREV_CLOSE_PROXY,,NEUTRAL,4642.74,4637.16,5.58,False,False,MODE_B_EMA_CHANNEL_DIRECTION_HEAVY,2.0,red_box_edge::red_edge_2,4637.16,5.58,False,False,MICRO_OFFSET | MID_GAP | ORIGINAL_CLUSTER | QUARTER_ROUNDING | RESIDUAL_LEVEL | RESIDUAL_REGIME_LEVEL,adjacent_cluster_midpoint | base_cluster | base_plus_+11 | base_plus_+13 | base_plus_+3 | base_plus_+5 | base_plus_+8 | base_plus_-11 | base_plus_-13 | base_plus_-3 | base_plus_-5 | base_plus_-8 | nearest_quarter_variant | prior_level_median_residual | prior_regime_level_median_residual,4637.16,5.58,False,False,ORIGINAL_ORACLE_PRESERVED,0.0,False,False,SUPERSET_OK_WITHIN_10,False,False
2026-04-28,2026-04-27,L7,RANGE_NORMAL_60_120,CLOSE_POS_LOWER_THIRD,ROWS_STANDARD_9_10,4681.76,PREV_CLOSE_PROXY,,NEUTRAL,4609.63,4613.925,4.295,False,True,MODE_B_EMA_CHANNEL_DIRECTION_HEAVY,4.0,red_box_midline::red_mid_3,4628.925,19.295,False,False,MICRO_OFFSET | MID_GAP | ORIGINAL_CLUSTER | QUARTER_ROUNDING | RESIDUAL_LEVEL | RESIDUAL_REGIME_LEVEL,adjacent_cluster_midpoint | base_cluster | base_plus_+11 | base_plus_+13 | base_plus_+3 | base_plus_+5 | base_plus_+8 | base_plus_-11 | base_plus_-13 | base_plus_-3 | base_plus_-5 | base_plus_-8 | nearest_quarter_variant | prior_level_median_residual | prior_regime_level_median_residual,4613.925,4.295,False,True,ORIGINAL_ORACLE_PRESERVED,15.0,True,True,EXPANSION_SUPERSET_VIOLATION_LOST_WITHIN_5,False,False
2026-04-29,2026-04-28,L4,RANGE_WIDE_120_220,CLOSE_POS_LOWER_THIRD,ROWS_STANDARD_9_10,4597.2,PREV_CLOSE_PROXY,,NEUTRAL,4646.78,4645.40116,1.37884,True,True,MODE_C_BALANCED,1.0,prior_range_fraction::prev_range_0.618,4631.667778,15.112222,False,False,MICRO_OFFSET | MID_GAP | ORIGINAL_CLUSTER | QUARTER_ROUNDING | RESIDUAL_LEVEL | RESIDUAL_REGIME_LEVEL,adjacent_cluster_midpoint | base_cluster | base_plus_+11 | base_plus_+13 | base_plus_+3 | base_plus_+5 | base_plus_+8 | base_plus_-11 | base_plus_-13 | base_plus_-3 | base_plus_-5 | base_plus_-8 | nearest_quarter_variant | prior_level_median_residual | prior_regime_level_median_residual,4645.40116,1.37884,True,True,ORIGINAL_ORACLE_PRESERVED,13.733382,True,True,EXPANSION_SUPERSET_VIOLATION_LOST_WITHIN_5,False,False
2026-04-29,2026-04-28,L6,RANGE_WIDE_120_220,CLOSE_POS_LOWER_THIRD,ROWS_STANDARD_9_10,4597.2,PREV_CLOSE_PROXY,,NEUTRAL,4561.81,4554.79,7.02,False,False,MODE_D_NEAREST_VALID_LADDER,3.0,prior_hlc::previous_low,4569.15625,7.34625,False,False,MICRO_OFFSET | MID_GAP | ORIGINAL_CLUSTER | QUARTER_ROUNDING | RESIDUAL_LEVEL | RESIDUAL_REGIME_LEVEL,adjacent_cluster_midpoint | base_cluster | base_plus_+11 | base_plus_+13 | base_plus_+3 | base_plus_+5 | base_plus_+8 | base_plus_-11 | base_plus_-13 | base_plus_-3 | base_plus_-5 | base_plus_-8 | nearest_quarter_variant | prior_level_median_residual | prior_regime_level_median_residual,4554.79,7.02,False,False,ORIGINAL_ORACLE_PRESERVED,0.32625,True,False,EXPANSION_SUPERSET_VIOLATION_WORSE_ERROR,False,False
2026-04-30,2026-04-29,L4,RANGE_NORMAL_60_120,CLOSE_POS_LOWER_THIRD,ROWS_STANDARD_9_10,4543.48,PREV_CLOSE_PROXY,,NEUTRAL,4639.2,4591.54,47.66,False,False,MODE_C_BALANCED,1.0,green_box_quarter::green_box_2_25pct,4574.201667,64.998333,False,False,MICRO_OFFSET | MID_GAP | ORIGINAL_CLUSTER | QUARTER_ROUNDING | RESIDUAL_LEVEL | RESIDUAL_REGIME_LEVEL,adjacent_cluster_midpoint | base_cluster | base_plus_+11 | base_plus_+13 | base_plus_+3 | base_plus_+5 | base_plus_+8 | base_plus_-11 | base_plus_-13 | base_plus_-3 | base_plus_-5 | base_plus_-8 | nearest_quarter_variant | prior_level_median_residual | prior_regime_level_median_residual,4591.54,47.66,False,False,ORIGINAL_ORACLE_PRESERVED,17.338333,True,False,EXPANSION_SUPERSET_VIOLATION_WORSE_ERROR,False,False
2026-04-30,2026-04-29,L5,RANGE_NORMAL_60_120,CLOSE_POS_LOWER_THIRD,ROWS_STANDARD_9_10,4543.48,PREV_CLOSE_PROXY,,NEUTRAL,4599.33,4585.29,14.04,False,False,MODE_C_BALANCED,1.0,prior_range_fraction::prev_range_0.75,4585.29,14.04,False,False,MICRO_OFFSET | MID_GAP | ORIGINAL_CLUSTER | QUARTER_ROUNDING | RESIDUAL_LEVEL | RESIDUAL_REGIME_LEVEL,adjacent_cluster_midpoint | base_cluster | base_plus_+11 | base_plus_+13 | base_plus_+3 | base_plus_+5 | base_plus_+8 | base_plus_-11 | base_plus_-13 | base_plus_-3 | base_plus_-5 | base_plus_-8 | nearest_quarter_variant | prior_level_median_residual | prior_regime_level_median_residual,4585.29,14.04,False,False,ORIGINAL_ORACLE_PRESERVED,0.0,False,False,SUPERSET_OK_GT10,False,False
2026-04-30,2026-04-29,L6,RANGE_NORMAL_60_120,CLOSE_POS_LOWER_THIRD,ROWS_STANDARD_9_10,4543.48,PREV_CLOSE_PROXY,,NEUTRAL,4555.58,4535.29,20.29,False,False,MODE_C_BALANCED,2.0,prior_range_fraction::prev_range_0.25,4530.6025,24.9775,False,False,MICRO_OFFSET | MID_GAP | ORIGINAL_CLUSTER | QUARTER_ROUNDING | RESIDUAL_LEVEL | RESIDUAL_REGIME_LEVEL,adjacent_cluster_midpoint | base_cluster | base_plus_+11 | base_plus_+13 | base_plus_+3 | base_plus_+5 | base_plus_+8 | base_plus_-11 | base_plus_-13 | base_plus_-3 | base_plus_-5 | base_plus_-8 | nearest_quarter_variant | prior_level_median_residual | prior_regime_level_median_residual,4535.29,20.29,False,False,ORIGINAL_ORACLE_PRESERVED,4.6875,True,False,EXPANSION_SUPERSET_VIOLATION_WORSE_ERROR,False,False
2026-04-30,2026-04-29,L7,RANGE_NORMAL_60_120,CLOSE_POS_LOWER_THIRD,ROWS_STANDARD_9_10,4543.48,PREV_CLOSE_PROXY,,NEUTRAL,4521.25,4510.29,10.96,False,False,MODE_B_EMA_CHANNEL_DIRECTION_HEAVY,2.0,prior_hlc::previous_low,4495.29,25.96,False,False,MICRO_OFFSET | MID_GAP | ORIGINAL_CLUSTER | QUARTER_ROUNDING | RESIDUAL_LEVEL | RESIDUAL_REGIME_LEVEL,adjacent_cluster_midpoint | base_cluster | base_plus_+11 | base_plus_+13 | base_plus_+3 | base_plus_+5 | base_plus_+8 | base_plus_-11 | base_plus_-13 | base_plus_-3 | base_plus_-5 | base_plus_-8 | nearest_quarter_variant | prior_level_median_residual | prior_regime_level_median_residual,4510.29,10.96,False,False,ORIGINAL_ORACLE_PRESERVED,15.0,True,False,EXPANSION_SUPERSET_VIOLATION_WORSE_ERROR,False,False
2026-05-01,2026-04-30,L4,RANGE_NORMAL_60_120,CLOSE_POS_UPPER_THIRD,ROWS_STANDARD_9_10,4621.76,PREV_CLOSE_PROXY,,NEUTRAL,4640.24,4642.49,2.25,True,True,MODE_B_EMA_CHANNEL_DIRECTION_HEAVY,1.0,green_box_midline::green_mid_2,4626.761684,13.478316,False,False,MICRO_OFFSET | MID_GAP | ORIGINAL_CLUSTER | QUARTER_ROUNDING | RESIDUAL_LEVEL | RESIDUAL_REGIME_LEVEL,adjacent_cluster_midpoint | base_cluster | base_plus_+11 | base_plus_+13 | base_plus_+3 | base_plus_+5 | base_plus_+8 | base_plus_-11 | base_plus_-13 | base_plus_-3 | base_plus_-5 | base_plus_-8 | nearest_quarter_variant | prior_level_median_residual | prior_regime_level_median_residual,4642.49,2.25,True,True,ORIGINAL_ORACLE_PRESERVED,11.228316,True,True,EXPANSION_SUPERSET_VIOLATION_LOST_WITHIN_5,False,False
2026-05-01,2026-04-30,L6,RANGE_NORMAL_60_120,CLOSE_POS_UPPER_THIRD,ROWS_STANDARD_9_10,4621.76,PREV_CLOSE_PROXY,,NEUTRAL,4556.84,4593.12,36.28,False,False,MODE_C_BALANCED,1.0,green_box_quarter::green_box_1_75pct | prior_hlc::previous_mid | red_box_quarter::red_box_1_75pct,4602.440842,45.600842,False,False,MICRO_OFFSET | MID_GAP | ORIGINAL_CLUSTER | QUARTER_ROUNDING | RESIDUAL_LEVEL | RESIDUAL_REGIME_LEVEL,adjacent_cluster_midpoint | base_cluster | base_plus_+11 | base_plus_+13 | base_plus_+3 | base_plus_+5 | base_plus_+8 | base_plus_-11 | base_plus_-13 | base_plus_-3 | base_plus_-5 | base_plus_-8 | nearest_quarter_variant | prior_level_median_residual | prior_regime_level_median_residual,4593.12,36.28,False,False,ORIGINAL_ORACLE_PRESERVED,9.320842,True,False,EXPANSION_SUPERSET_VIOLATION_WORSE_ERROR,False,False
2026-05-01,2026-04-30,L7,RANGE_NORMAL_60_120,CLOSE_POS_UPPER_THIRD,ROWS_STANDARD_9_10,4621.76,PREV_CLOSE_PROXY,,NEUTRAL,4517.48,4556.875,39.395,False,False,MODE_C_BALANCED,1.0,prior_range_fraction::prev_range_0.125 | green_box_quarter::green_box_1_25pct | red_box_quarter::red_box_2_25pct,4561.5625,44.0825,False,False,MICRO_OFFSET | MID_GAP | ORIGINAL_CLUSTER | QUARTER_ROUNDING | RESIDUAL_LEVEL | RESIDUAL_REGIME_LEVEL,adjacent_cluster_midpoint | base_cluster | base_plus_+11 | base_plus_+13 | base_plus_+3 | base_plus_+5 | base_plus_+8 | base_plus_-11 | base_plus_-13 | base_plus_-3 | base_plus_-5 | base_plus_-8 | nearest_quarter_variant | prior_level_median_residual | prior_regime_level_median_residual,4556.875,39.395,False,False,ORIGINAL_ORACLE_PRESERVED,4.6875,True,False,EXPANSION_SUPERSET_VIOLATION_WORSE_ERROR,False,False
2026-05-04,2026-05-01,L4,RANGE_NORMAL_60_120,CLOSE_POS_MIDDLE_THIRD,ROWS_STANDARD_9_10,4615.53,PREV_CLOSE_PROXY,,NEUTRAL,4645.95,4642.8125,3.1375,False,True,MODE_C_BALANCED,1.0,green_box_quarter::green_box_2_25pct | red_box_quarter::red_box_1_25pct,4641.55875,4.39125,False,True,MICRO_OFFSET | MID_GAP | ORIGINAL_CLUSTER | QUARTER_ROUNDING | RESIDUAL_LEVEL | RESIDUAL_REGIME_LEVEL,adjacent_cluster_midpoint | base_cluster | base_plus_+11 | base_plus_+13 | base_plus_+3 | base_plus_+5 | base_plus_+8 | base_plus_-11 | base_plus_-13 | base_plus_-3 | base_plus_-5 | base_plus_-8 | nearest_quarter_variant | prior_level_median_residual | prior_regime_level_median_residual,4642.8125,3.1375,False,True,ORIGINAL_ORACLE_PRESERVED,1.25375,True,False,EXPANSION_SUPERSET_VIOLATION_WORSE_ERROR,False,False
2026-05-04,2026-05-01,L5,RANGE_NORMAL_60_120,CLOSE_POS_MIDDLE_THIRD,ROWS_STANDARD_9_10,4615.53,PREV_CLOSE_PROXY,,NEUTRAL,4606.0,4609.05125,3.05125,False,True,MODE_C_BALANCED,2.0,green_box_quarter::green_box_1_75pct,4609.05125,3.05125,False,True,MICRO_OFFSET | MID_GAP | ORIGINAL_CLUSTER | QUARTER_ROUNDING | RESIDUAL_LEVEL | RESIDUAL_REGIME_LEVEL,adjacent_cluster_midpoint | base_cluster | base_plus_+11 | base_plus_+13 | base_plus_+3 | base_plus_+5 | base_plus_+8 | base_plus_-11 | base_plus_-13 | base_plus_-3 | base_plus_-5 | base_plus_-8 | nearest_quarter_variant | prior_level_median_residual | prior_regime_level_median_residual,4609.05125,3.05125,False,True,ORIGINAL_ORACLE_PRESERVED,0.0,False,False,SUPERSET_OK_WITHIN_5,False,False
2026-05-04,2026-05-01,L6,RANGE_NORMAL_60_120,CLOSE_POS_MIDDLE_THIRD,ROWS_STANDARD_9_10,4615.53,PREV_CLOSE_PROXY,,NEUTRAL,4565.35,4596.90323,31.55323,False,False,MODE_C_BALANCED,1.0,red_box_edge::red_edge_1 | prior_range_fraction::prev_range_0.382,4620.48474,55.13474,False,False,MICRO_OFFSET | MID_GAP | ORIGINAL_CLUSTER | QUARTER_ROUNDING | RESIDUAL_LEVEL | RESIDUAL_REGIME_LEVEL,adjacent_cluster_midpoint | base_cluster | base_plus_+11 | base_plus_+13 | base_plus_+3 | base_plus_+5 | base_plus_+8 | base_plus_-11 | base_plus_-13 | base_plus_-3 | base_plus_-5 | base_plus_-8 | nearest_quarter_variant | prior_level_median_residual | prior_regime_level_median_residual,4596.90323,31.55323,False,False,ORIGINAL_ORACLE_PRESERVED,23.58151,True,False,EXPANSION_SUPERSET_VIOLATION_WORSE_ERROR,False,False
2026-05-04,2026-05-01,L7,RANGE_NORMAL_60_120,CLOSE_POS_MIDDLE_THIRD,ROWS_STANDARD_9_10,4615.53,PREV_CLOSE_PROXY,,NEUTRAL,4522.79,4514.03625,8.75375,False,False,MODE_B_EMA_CHANNEL_DIRECTION_HEAVY,3.0,red_box_quarter::red_box_3_25pct,4514.03625,8.75375,False,False,MICRO_OFFSET | MID_GAP | ORIGINAL_CLUSTER | QUARTER_ROUNDING | RESIDUAL_LEVEL | RESIDUAL_REGIME_LEVEL,adjacent_cluster_midpoint | base_cluster | base_plus_+11 | base_plus_+13 | base_plus_+3 | base_plus_+5 | base_plus_+8 | base_plus_-11 | base_plus_-13 | base_plus_-3 | base_plus_-5 | base_plus_-8 | nearest_quarter_variant | prior_level_median_residual | prior_regime_level_median_residual,4514.03625,8.75375,False,False,ORIGINAL_ORACLE_PRESERVED,0.0,False,False,SUPERSET_OK_WITHIN_10,False,False
2026-05-05,2026-05-04,L4,RANGE_WIDE_120_220,CLOSE_POS_LOWER_THIRD,ROWS_EXTENDED_11_PLUS,4523.73,PREV_CLOSE_PROXY,,NEUTRAL,4636.32,4638.5,2.18,True,True,MODE_B_EMA_CHANNEL_DIRECTION_HEAVY,1.0,prior_hlc::previous_high,4654.6275,18.3075,False,False,MICRO_OFFSET | MID_GAP | ORIGINAL_CLUSTER | QUARTER_ROUNDING | RESIDUAL_LEVEL | RESIDUAL_REGIME_LEVEL,adjacent_cluster_midpoint | base_cluster | base_plus_+11 | base_plus_+13 | base_plus_+3 | base_plus_+5 | base_plus_+8 | base_plus_-11 | base_plus_-13 | base_plus_-3 | base_plus_-5 | base_plus_-8 | nearest_quarter_variant | prior_level_median_residual | prior_regime_level_median_residual,4638.5,2.18,True,True,ORIGINAL_ORACLE_PRESERVED,16.1275,True,True,EXPANSION_SUPERSET_VIOLATION_LOST_WITHIN_5,False,False
2026-05-05,2026-05-04,L5,RANGE_WIDE_120_220,CLOSE_POS_LOWER_THIRD,ROWS_EXTENDED_11_PLUS,4523.73,PREV_CLOSE_PROXY,,NEUTRAL,4598.4,4603.995,5.595,False,False,MODE_B_EMA_CHANNEL_DIRECTION_HEAVY,1.0,prior_range_fraction::prev_range_0.75,4612.62125,14.22125,False,False,MICRO_OFFSET | MID_GAP | ORIGINAL_CLUSTER | QUARTER_ROUNDING | RESIDUAL_LEVEL | RESIDUAL_REGIME_LEVEL,adjacent_cluster_midpoint | base_cluster | base_plus_+11 | base_plus_+13 | base_plus_+3 | base_plus_+5 | base_plus_+8 | base_plus_-11 | base_plus_-13 | base_plus_-3 | base_plus_-5 | base_plus_-8 | nearest_quarter_variant | prior_level_median_residual | prior_regime_level_median_residual,4603.995,5.595,False,False,ORIGINAL_ORACLE_PRESERVED,8.62625,True,False,EXPANSION_SUPERSET_VIOLATION_WORSE_ERROR,False,False
2026-05-05,2026-05-04,L6,RANGE_WIDE_120_220,CLOSE_POS_LOWER_THIRD,ROWS_EXTENDED_11_PLUS,4523.73,PREV_CLOSE_PROXY,,NEUTRAL,4558.99,4569.49,10.5,False,False,MODE_C_BALANCED,2.0,prior_hlc::previous_mid,4577.63318,18.64318,False,False,MICRO_OFFSET | MID_GAP | ORIGINAL_CLUSTER | QUARTER_ROUNDING | RESIDUAL_LEVEL | RESIDUAL_REGIME_LEVEL,adjacent_cluster_midpoint | base_cluster | base_plus_+11 | base_plus_+13 | base_plus_+3 | base_plus_+5 | base_plus_+8 | base_plus_-11 | base_plus_-13 | base_plus_-3 | base_plus_-5 | base_plus_-8 | nearest_quarter_variant | prior_level_median_residual | prior_regime_level_median_residual,4569.49,10.5,False,False,ORIGINAL_ORACLE_PRESERVED,8.14318,True,False,EXPANSION_SUPERSET_VIOLATION_WORSE_ERROR,False,False
2026-05-05,2026-05-04,L7,RANGE_WIDE_120_220,CLOSE_POS_LOWER_THIRD,ROWS_EXTENDED_11_PLUS,4523.73,PREV_CLOSE_PROXY,,NEUTRAL,4518.42,4542.485,24.065,False,False,MODE_A_LIVE_PROXIMITY_HEAVY,2.0,green_box_midline::green_mid_1,4490.545,27.875,False,False,MICRO_OFFSET | MID_GAP | ORIGINAL_CLUSTER | QUARTER_ROUNDING | RESIDUAL_LEVEL | RESIDUAL_REGIME_LEVEL,adjacent_cluster_midpoint | base_cluster | base_plus_+11 | base_plus_+13 | base_plus_+3 | base_plus_+5 | base_plus_+8 | base_plus_-11 | base_plus_-13 | base_plus_-3 | base_plus_-5 | base_plus_-8 | nearest_quarter_variant | prior_level_median_residual | prior_regime_level_median_residual,4542.485,24.065,False,False,ORIGINAL_ORACLE_PRESERVED,3.81,True,False,EXPANSION_SUPERSET_VIOLATION_WORSE_ERROR,False,False
2026-05-06,2026-05-05,L4,RANGE_NORMAL_60_120,CLOSE_POS_MIDDLE_THIRD,ROWS_STANDARD_9_10,4557.19,PREV_CLOSE_PROXY,,NEUTRAL,4644.75,4629.5575,15.1925,False,False,MODE_B_EMA_CHANNEL_DIRECTION_HEAVY,4.0,green_box_quarter::green_box_3_25pct,4629.5575,15.1925,False,False,MICRO_OFFSET | MID_GAP | ORIGINAL_CLUSTER | QUARTER_ROUNDING | RESIDUAL_LEVEL | RESIDUAL_REGIME_LEVEL,adjacent_cluster_midpoint | base_cluster | base_plus_+11 | base_plus_+13 | base_plus_+3 | base_plus_+5 | base_plus_+8 | base_plus_-11 | base_plus_-13 | base_plus_-3 | base_plus_-5 | base_plus_-8 | nearest_quarter_variant | prior_level_median_residual | prior_regime_level_median_residual,4629.5575,15.1925,False,False,ORIGINAL_ORACLE_PRESERVED,0.0,False,False,SUPERSET_OK_GT10,False,False
2026-05-06,2026-05-05,L5,RANGE_NORMAL_60_120,CLOSE_POS_MIDDLE_THIRD,ROWS_STANDARD_9_10,4557.19,PREV_CLOSE_PROXY,,NEUTRAL,4601.04,4603.8025,2.7625,True,True,MODE_B_EMA_CHANNEL_DIRECTION_HEAVY,2.0,green_box_quarter::green_box_2_75pct,4603.8025,2.7625,True,True,MICRO_OFFSET | MID_GAP | ORIGINAL_CLUSTER | QUARTER_ROUNDING | RESIDUAL_LEVEL | RESIDUAL_REGIME_LEVEL,adjacent_cluster_midpoint | base_cluster | base_plus_+11 | base_plus_+13 | base_plus_+3 | base_plus_+5 | base_plus_+8 | base_plus_-11 | base_plus_-13 | base_plus_-3 | base_plus_-5 | base_plus_-8 | nearest_quarter_variant | prior_level_median_residual | prior_regime_level_median_residual,4603.8025,2.7625,True,True,ORIGINAL_ORACLE_PRESERVED,0.0,False,False,SUPERSET_OK_WITHIN_3,False,False
2026-05-06,2026-05-05,L6,RANGE_NORMAL_60_120,CLOSE_POS_MIDDLE_THIRD,ROWS_STANDARD_9_10,4557.19,PREV_CLOSE_PROXY,,NEUTRAL,4556.82,4557.19,0.37,True,True,MODE_D_NEAREST_VALID_LADDER,4.0,prior_hlc::previous_close,4554.48625,2.33375,True,True,MICRO_OFFSET | MID_GAP | ORIGINAL_CLUSTER | QUARTER_ROUNDING | RESIDUAL_LEVEL | RESIDUAL_REGIME_LEVEL,adjacent_cluster_midpoint | base_cluster | base_plus_+11 | base_plus_+13 | base_plus_+3 | base_plus_+5 | base_plus_+8 | base_plus_-11 | base_plus_-13 | base_plus_-3 | base_plus_-5 | base_plus_-8 | nearest_quarter_variant | prior_level_median_residual | prior_regime_level_median_residual,4557.19,0.37,True,True,ORIGINAL_ORACLE_PRESERVED,1.96375,True,False,EXPANSION_SUPERSET_VIOLATION_WORSE_ERROR,False,False
2026-05-06,2026-05-05,L7,RANGE_NORMAL_60_120,CLOSE_POS_MIDDLE_THIRD,ROWS_STANDARD_9_10,4557.19,PREV_CLOSE_PROXY,,NEUTRAL,4510.42,4522.2925,11.8725,False,False,MODE_C_BALANCED,1.0,red_box_quarter::red_box_2_25pct,4531.92307,21.50307,False,False,MICRO_OFFSET | MID_GAP | ORIGINAL_CLUSTER | QUARTER_ROUNDING | RESIDUAL_LEVEL | RESIDUAL_REGIME_LEVEL,adjacent_cluster_midpoint | base_cluster | base_plus_+11 | base_plus_+13 | base_plus_+3 | base_plus_+5 | base_plus_+8 | base_plus_-11 | base_plus_-13 | base_plus_-3 | base_plus_-5 | base_plus_-8 | nearest_quarter_variant | prior_level_median_residual | prior_regime_level_median_residual,4522.2925,11.8725,False,False,ORIGINAL_ORACLE_PRESERVED,9.63057,True,False,EXPANSION_SUPERSET_VIOLATION_WORSE_ERROR,False,False
2026-05-07,2026-05-06,L4,RANGE_WIDE_120_220,CLOSE_POS_UPPER_THIRD,ROWS_STANDARD_9_10,4690.84,PREV_CLOSE_PROXY,,NEUTRAL,4728.08,4753.06,24.98,False,False,MODE_B_EMA_CHANNEL_DIRECTION_HEAVY,2.0,green_box_edge::green_edge_2,4765.97875,37.89875,False,False,MICRO_OFFSET | MID_GAP | ORIGINAL_CLUSTER | QUARTER_ROUNDING | RESIDUAL_LEVEL | RESIDUAL_REGIME_LEVEL,adjacent_cluster_midpoint | base_cluster | base_plus_+11 | base_plus_+13 | base_plus_+3 | base_plus_+5 | base_plus_+8 | base_plus_-11 | base_plus_-13 | base_plus_-3 | base_plus_-5 | base_plus_-8 | nearest_quarter_variant | prior_level_median_residual | prior_regime_level_median_residual,4753.06,24.98,False,False,ORIGINAL_ORACLE_PRESERVED,12.91875,True,False,EXPANSION_SUPERSET_VIOLATION_WORSE_ERROR,False,False
2026-05-07,2026-05-06,L5,RANGE_WIDE_120_220,CLOSE_POS_UPPER_THIRD,ROWS_STANDARD_9_10,4690.84,PREV_CLOSE_PROXY,,NEUTRAL,4678.95,4701.385,22.435,False,False,MODE_C_BALANCED,1.0,green_box_midline::green_mid_2,4727.2225,48.2725,False,False,MICRO_OFFSET | MID_GAP | ORIGINAL_CLUSTER | QUARTER_ROUNDING | RESIDUAL_LEVEL | RESIDUAL_REGIME_LEVEL,adjacent_cluster_midpoint | base_cluster | base_plus_+11 | base_plus_+13 | base_plus_+3 | base_plus_+5 | base_plus_+8 | base_plus_-11 | base_plus_-13 | base_plus_-3 | base_plus_-5 | base_plus_-8 | nearest_quarter_variant | prior_level_median_residual | prior_regime_level_median_residual,4701.385,22.435,False,False,ORIGINAL_ORACLE_PRESERVED,25.8375,True,False,EXPANSION_SUPERSET_VIOLATION_WORSE_ERROR,False,False
2026-05-07,2026-05-06,L6,RANGE_WIDE_120_220,CLOSE_POS_UPPER_THIRD,ROWS_STANDARD_9_10,4690.84,PREV_CLOSE_PROXY,,NEUTRAL,4638.72,4653.42,14.7,False,False,MODE_C_BALANCED,1.0,prior_hlc::previous_pivot_hlc3,4677.19625,38.47625,False,False,MICRO_OFFSET | MID_GAP | ORIGINAL_CLUSTER | QUARTER_ROUNDING | RESIDUAL_LEVEL | RESIDUAL_REGIME_LEVEL,adjacent_cluster_midpoint | base_cluster | base_plus_+11 | base_plus_+13 | base_plus_+3 | base_plus_+5 | base_plus_+8 | base_plus_-11 | base_plus_-13 | base_plus_-3 | base_plus_-5 | base_plus_-8 | nearest_quarter_variant | prior_level_median_residual | prior_regime_level_median_residual,4653.42,14.7,False,False,ORIGINAL_ORACLE_PRESERVED,23.77625,True,False,EXPANSION_SUPERSET_VIOLATION_WORSE_ERROR,False,False
2026-05-07,2026-05-06,L7,RANGE_WIDE_120_220,CLOSE_POS_UPPER_THIRD,ROWS_STANDARD_9_10,4690.84,PREV_CLOSE_PROXY,,NEUTRAL,4599.88,4623.8725,23.9925,False,False,MODE_C_BALANCED,1.0,green_box_quarter::green_box_1_75pct,4623.8725,23.9925,False,False,MICRO_OFFSET | MID_GAP | ORIGINAL_CLUSTER | QUARTER_ROUNDING | RESIDUAL_LEVEL | RESIDUAL_REGIME_LEVEL,adjacent_cluster_midpoint | base_cluster | base_plus_+11 | base_plus_+13 | base_plus_+3 | base_plus_+5 | base_plus_+8 | base_plus_-11 | base_plus_-13 | base_plus_-3 | base_plus_-5 | base_plus_-8 | nearest_quarter_variant | prior_level_median_residual | prior_regime_level_median_residual,4623.8725,23.9925,False,False,ORIGINAL_ORACLE_PRESERVED,0.0,False,False,SUPERSET_OK_GT10,False,False
2026-05-08,2026-05-07,L5,RANGE_NORMAL_60_120,CLOSE_POS_LOWER_THIRD,ROWS_STANDARD_9_10,4687.08,PREV_CLOSE_PROXY,,NEUTRAL,4682.05,4696.31625,14.26625,False,False,MODE_D_NEAREST_VALID_LADDER,1.0,red_box_quarter::red_box_2_25pct,4704.249993,22.199993,False,False,MICRO_OFFSET | MID_GAP | ORIGINAL_CLUSTER | QUARTER_ROUNDING | RESIDUAL_LEVEL | RESIDUAL_REGIME_LEVEL,adjacent_cluster_midpoint | base_cluster | base_plus_+11 | base_plus_+13 | base_plus_+3 | base_plus_+5 | base_plus_+8 | base_plus_-11 | base_plus_-13 | base_plus_-3 | base_plus_-5 | base_plus_-8 | nearest_quarter_variant | prior_level_median_residual | prior_regime_level_median_residual,4696.31625,14.26625,False,False,ORIGINAL_ORACLE_PRESERVED,7.933743,True,False,EXPANSION_SUPERSET_VIOLATION_WORSE_ERROR,False,False
2026-05-08,2026-05-07,L6,RANGE_NORMAL_60_120,CLOSE_POS_LOWER_THIRD,ROWS_STANDARD_9_10,4687.08,PREV_CLOSE_PROXY,,NEUTRAL,4635.49,4697.04375,61.55375,False,False,MODE_C_BALANCED,1.0,prior_range_fraction::prev_range_0.125 | red_box_quarter::red_box_2_25pct | green_box_quarter::green_box_1_25pct,4704.706875,69.216875,False,False,MICRO_OFFSET | MID_GAP | ORIGINAL_CLUSTER | QUARTER_ROUNDING | RESIDUAL_LEVEL | RESIDUAL_REGIME_LEVEL,adjacent_cluster_midpoint | base_cluster | base_plus_+11 | base_plus_+13 | base_plus_+3 | base_plus_+5 | base_plus_+8 | base_plus_-11 | base_plus_-13 | base_plus_-3 | base_plus_-5 | base_plus_-8 | nearest_quarter_variant | prior_level_median_residual | prior_regime_level_median_residual,4697.04375,61.55375,False,False,ORIGINAL_ORACLE_PRESERVED,7.663125,True,False,EXPANSION_SUPERSET_VIOLATION_WORSE_ERROR,False,False
2026-05-08,2026-05-07,L7,RANGE_NORMAL_60_120,CLOSE_POS_LOWER_THIRD,ROWS_STANDARD_9_10,4687.08,PREV_CLOSE_PROXY,,NEUTRAL,4595.54,4600.425,4.885,False,True,MODE_B_EMA_CHANNEL_DIRECTION_HEAVY,1.0,red_box_edge::red_edge_3,4614.12375,18.58375,False,False,MICRO_OFFSET | MID_GAP | ORIGINAL_CLUSTER | QUARTER_ROUNDING | RESIDUAL_LEVEL | RESIDUAL_REGIME_LEVEL,adjacent_cluster_midpoint | base_cluster | base_plus_+11 | base_plus_+13 | base_plus_+3 | base_plus_+5 | base_plus_+8 | base_plus_-11 | base_plus_-13 | base_plus_-3 | base_plus_-5 | base_plus_-8 | nearest_quarter_variant | prior_level_median_residual | prior_regime_level_median_residual,4600.425,4.885,False,True,ORIGINAL_ORACLE_PRESERVED,13.69875,True,True,EXPANSION_SUPERSET_VIOLATION_LOST_WITHIN_5,False,False
2026-05-11,2026-05-08,L4,RANGE_NORMAL_60_120,CLOSE_POS_MIDDLE_THIRD,ROWS_STANDARD_9_10,4715.62,PREV_CLOSE_PROXY,,NEUTRAL,4790.81,4792.13375,1.32375,True,True,MODE_B_EMA_CHANNEL_DIRECTION_HEAVY,4.0,green_box_quarter::green_box_3_25pct,4792.13375,1.32375,True,True,MICRO_OFFSET | MID_GAP | ORIGINAL_CLUSTER | QUARTER_ROUNDING | RESIDUAL_LEVEL | RESIDUAL_REGIME_LEVEL,adjacent_cluster_midpoint | base_cluster | base_plus_+11 | base_plus_+13 | base_plus_+3 | base_plus_+5 | base_plus_+8 | base_plus_-11 | base_plus_-13 | base_plus_-3 | base_plus_-5 | base_plus_-8 | nearest_quarter_variant | prior_level_median_residual | prior_regime_level_median_residual,4792.13375,1.32375,True,True,ORIGINAL_ORACLE_PRESERVED,0.0,False,False,SUPERSET_OK_WITHIN_3,False,False
2026-05-11,2026-05-08,L5,RANGE_NORMAL_60_120,CLOSE_POS_MIDDLE_THIRD,ROWS_STANDARD_9_10,4715.62,PREV_CLOSE_PROXY,,NEUTRAL,4756.62,4728.465,28.155,False,False,MODE_C_BALANCED,1.0,green_box_edge::green_edge_1,4716.22796,40.39204,False,False,MICRO_OFFSET | MID_GAP | ORIGINAL_CLUSTER | QUARTER_ROUNDING | RESIDUAL_LEVEL | RESIDUAL_REGIME_LEVEL,adjacent_cluster_midpoint | base_cluster | base_plus_+11 | base_plus_+13 | base_plus_+3 | base_plus_+5 | base_plus_+8 | base_plus_-11 | base_plus_-13 | base_plus_-3 | base_plus_-5 | base_plus_-8 | nearest_quarter_variant | prior_level_median_residual | prior_regime_level_median_residual,4728.465,28.155,False,False,ORIGINAL_ORACLE_PRESERVED,12.23704,True,False,EXPANSION_SUPERSET_VIOLATION_WORSE_ERROR,False,False
2026-05-11,2026-05-08,L7,RANGE_NORMAL_60_120,CLOSE_POS_MIDDLE_THIRD,ROWS_STANDARD_9_10,4715.62,PREV_CLOSE_PROXY,,NEUTRAL,4684.33,4685.73125,1.40125,True,True,MODE_C_BALANCED,1.0,red_box_quarter::red_box_2_25pct,4688.99092,4.66092,False,True,MICRO_OFFSET | MID_GAP | ORIGINAL_CLUSTER | QUARTER_ROUNDING | RESIDUAL_LEVEL | RESIDUAL_REGIME_LEVEL,adjacent_cluster_midpoint | base_cluster | base_plus_+11 | base_plus_+13 | base_plus_+3 | base_plus_+5 | base_plus_+8 | base_plus_-11 | base_plus_-13 | base_plus_-3 | base_plus_-5 | base_plus_-8 | nearest_quarter_variant | prior_level_median_residual | prior_regime_level_median_residual,4685.73125,1.40125,True,True,ORIGINAL_ORACLE_PRESERVED,3.25967,True,False,EXPANSION_SUPERSET_VIOLATION_WORSE_ERROR,False,False
2026-05-12,2026-05-11,L4,RANGE_NORMAL_60_120,CLOSE_POS_UPPER_THIRD,ROWS_STANDARD_9_10,4734.64,PREV_CLOSE_PROXY,,NEUTRAL,4786.09,4794.82625,8.73625,False,False,MODE_D_NEAREST_VALID_LADDER,1.0,green_box_quarter::green_box_3_25pct,4794.82625,8.73625,False,False,MICRO_OFFSET | MID_GAP | ORIGINAL_CLUSTER | QUARTER_ROUNDING | RESIDUAL_LEVEL | RESIDUAL_REGIME_LEVEL,adjacent_cluster_midpoint | base_cluster | base_plus_+11 | base_plus_+13 | base_plus_+3 | base_plus_+5 | base_plus_+8 | base_plus_-11 | base_plus_-13 | base_plus_-3 | base_plus_-5 | base_plus_-8 | nearest_quarter_variant | prior_level_median_residual | prior_regime_level_median_residual,4794.82625,8.73625,False,False,ORIGINAL_ORACLE_PRESERVED,0.0,False,False,SUPERSET_OK_WITHIN_10,False,False
2026-05-12,2026-05-11,L5,RANGE_NORMAL_60_120,CLOSE_POS_UPPER_THIRD,ROWS_STANDARD_9_10,4734.64,PREV_CLOSE_PROXY,,NEUTRAL,4752.28,4732.8125,19.4675,False,False,MODE_C_BALANCED,1.0,green_box_quarter::green_box_2_25pct | red_box_quarter::red_box_1_25pct | prior_range_fraction::prev_range_0.875,4709.65692,42.62308,False,False,MICRO_OFFSET | MID_GAP | ORIGINAL_CLUSTER | QUARTER_ROUNDING | RESIDUAL_LEVEL | RESIDUAL_REGIME_LEVEL,adjacent_cluster_midpoint | base_cluster | base_plus_+11 | base_plus_+13 | base_plus_+3 | base_plus_+5 | base_plus_+8 | base_plus_-11 | base_plus_-13 | base_plus_-3 | base_plus_-5 | base_plus_-8 | nearest_quarter_variant | prior_level_median_residual | prior_regime_level_median_residual,4732.8125,19.4675,False,False,ORIGINAL_ORACLE_PRESERVED,23.15558,True,False,EXPANSION_SUPERSET_VIOLATION_WORSE_ERROR,False,False
2026-05-12,2026-05-11,L6,RANGE_NORMAL_60_120,CLOSE_POS_UPPER_THIRD,ROWS_STANDARD_9_10,4734.64,PREV_CLOSE_PROXY,,NEUTRAL,4717.37,4715.505434,1.864566,True,True,MODE_D_NEAREST_VALID_LADDER,1.0,prior_range_fraction::prev_range_0.666667 | red_box_midline::red_mid_1,4707.249279,10.120721,False,False,MICRO_OFFSET | MID_GAP | ORIGINAL_CLUSTER | QUARTER_ROUNDING | RESIDUAL_LEVEL | RESIDUAL_REGIME_LEVEL,adjacent_cluster_midpoint | base_cluster | base_plus_+11 | base_plus_+13 | base_plus_+3 | base_plus_+5 | base_plus_+8 | base_plus_-11 | base_plus_-13 | base_plus_-3 | base_plus_-5 | base_plus_-8 | nearest_quarter_variant | prior_level_median_residual | prior_regime_level_median_residual,4715.505434,1.864566,True,True,ORIGINAL_ORACLE_PRESERVED,8.256155,True,True,EXPANSION_SUPERSET_VIOLATION_LOST_WITHIN_5,False,False
2026-05-12,2026-05-11,L7,RANGE_NORMAL_60_120,CLOSE_POS_UPPER_THIRD,ROWS_STANDARD_9_10,4734.64,PREV_CLOSE_PROXY,,NEUTRAL,4680.73,4673.2525,7.4775,False,False,MODE_C_BALANCED,1.0,prior_range_fraction::prev_range_0.25,4668.565,12.165,False,False,MICRO_OFFSET | MID_GAP | ORIGINAL_CLUSTER | QUARTER_ROUNDING | RESIDUAL_LEVEL | RESIDUAL_REGIME_LEVEL,adjacent_cluster_midpoint | base_cluster | base_plus_+11 | base_plus_+13 | base_plus_+3 | base_plus_+5 | base_plus_+8 | base_plus_-11 | base_plus_-13 | base_plus_-3 | base_plus_-5 | base_plus_-8 | nearest_quarter_variant | prior_level_median_residual | prior_regime_level_median_residual,4673.2525,7.4775,False,False,ORIGINAL_ORACLE_PRESERVED,4.6875,True,False,EXPANSION_SUPERSET_VIOLATION_WORSE_ERROR,False,False
2026-05-13,2026-05-12,L4,RANGE_WIDE_120_220,CLOSE_POS_MIDDLE_THIRD,ROWS_STANDARD_9_10,4715.15,PREV_CLOSE_PROXY,,NEUTRAL,4786.09,4782.8225,3.2675,False,True,MODE_D_NEAREST_VALID_LADDER,1.0,green_box_quarter::green_box_2_75pct,4761.24375,24.84625,False,False,MICRO_OFFSET | MID_GAP | ORIGINAL_CLUSTER | QUARTER_ROUNDING | RESIDUAL_LEVEL | RESIDUAL_REGIME_LEVEL,adjacent_cluster_midpoint | base_cluster | base_plus_+11 | base_plus_+13 | base_plus_+3 | base_plus_+5 | base_plus_+8 | base_plus_-11 | base_plus_-13 | base_plus_-3 | base_plus_-5 | base_plus_-8 | nearest_quarter_variant | prior_level_median_residual | prior_regime_level_median_residual,4782.8225,3.2675,False,True,ORIGINAL_ORACLE_PRESERVED,21.57875,True,True,EXPANSION_SUPERSET_VIOLATION_LOST_WITHIN_5,False,False
2026-05-13,2026-05-12,L5,RANGE_WIDE_120_220,CLOSE_POS_MIDDLE_THIRD,ROWS_STANDARD_9_10,4715.15,PREV_CLOSE_PROXY,,NEUTRAL,4746.53,4756.5725,10.0425,False,False,MODE_B_EMA_CHANNEL_DIRECTION_HEAVY,2.0,prior_range_fraction::prev_range_0.875,4728.3825,18.1475,False,False,MICRO_OFFSET | MID_GAP | ORIGINAL_CLUSTER | QUARTER_ROUNDING | RESIDUAL_LEVEL | RESIDUAL_REGIME_LEVEL,adjacent_cluster_midpoint | base_cluster | base_plus_+11 | base_plus_+13 | base_plus_+3 | base_plus_+5 | base_plus_+8 | base_plus_-11 | base_plus_-13 | base_plus_-3 | base_plus_-5 | base_plus_-8 | nearest_quarter_variant | prior_level_median_residual | prior_regime_level_median_residual,4756.5725,10.0425,False,False,ORIGINAL_ORACLE_PRESERVED,8.105,True,False,EXPANSION_SUPERSET_VIOLATION_WORSE_ERROR,False,False
2026-05-13,2026-05-12,L6,RANGE_WIDE_120_220,CLOSE_POS_MIDDLE_THIRD,ROWS_STANDARD_9_10,4715.15,PREV_CLOSE_PROXY,,NEUTRAL,4707.42,4708.95,1.53,True,True,MODE_D_NEAREST_VALID_LADDER,3.0,prior_hlc::previous_pivot_hlc3,4689.57125,17.84875,False,False,MICRO_OFFSET | MID_GAP | ORIGINAL_CLUSTER | QUARTER_ROUNDING | RESIDUAL_LEVEL | RESIDUAL_REGIME_LEVEL,adjacent_cluster_midpoint | base_cluster | base_plus_+11 | base_plus_+13 | base_plus_+3 | base_plus_+5 | base_plus_+8 | base_plus_-11 | base_plus_-13 | base_plus_-3 | base_plus_-5 | base_plus_-8 | nearest_quarter_variant | prior_level_median_residual | prior_regime_level_median_residual,4708.95,1.53,True,True,ORIGINAL_ORACLE_PRESERVED,16.31875,True,True,EXPANSION_SUPERSET_VIOLATION_LOST_WITHIN_5,False,False
2026-05-13,2026-05-12,L7,RANGE_WIDE_120_220,CLOSE_POS_MIDDLE_THIRD,ROWS_STANDARD_9_10,4715.15,PREV_CLOSE_PROXY,,NEUTRAL,4670.27,4658.8775,11.3925,False,False,MODE_C_BALANCED,1.0,green_box_quarter::green_box_1_25pct,4648.54875,21.72125,False,False,MICRO_OFFSET | MID_GAP | ORIGINAL_CLUSTER | QUARTER_ROUNDING | RESIDUAL_LEVEL | RESIDUAL_REGIME_LEVEL,adjacent_cluster_midpoint | base_cluster | base_plus_+11 | base_plus_+13 | base_plus_+3 | base_plus_+5 | base_plus_+8 | base_plus_-11 | base_plus_-13 | base_plus_-3 | base_plus_-5 | base_plus_-8 | nearest_quarter_variant | prior_level_median_residual | prior_regime_level_median_residual,4658.8775,11.3925,False,False,ORIGINAL_ORACLE_PRESERVED,10.32875,True,False,EXPANSION_SUPERSET_VIOLATION_WORSE_ERROR,False,False
2026-05-14,2026-05-13,L4,RANGE_COMPRESSED_0_60,CLOSE_POS_MIDDLE_THIRD,ROWS_STANDARD_9_10,4688.78,PREV_CLOSE_PROXY,,NEUTRAL,4768.67,4745.86625,22.80375,False,False,MODE_B_EMA_CHANNEL_DIRECTION_HEAVY,3.0,green_box_quarter::green_box_2_75pct,4730.86625,37.80375,False,False,MICRO_OFFSET | MID_GAP | ORIGINAL_CLUSTER | QUARTER_ROUNDING | RESIDUAL_LEVEL | RESIDUAL_REGIME_LEVEL,adjacent_cluster_midpoint | base_cluster | base_plus_+11 | base_plus_+13 | base_plus_+3 | base_plus_+5 | base_plus_+8 | base_plus_-11 | base_plus_-13 | base_plus_-3 | base_plus_-5 | base_plus_-8 | nearest_quarter_variant | prior_level_median_residual | prior_regime_level_median_residual,4745.86625,22.80375,False,False,ORIGINAL_ORACLE_PRESERVED,15.0,True,False,EXPANSION_SUPERSET_VIOLATION_WORSE_ERROR,False,False
2026-05-14,2026-05-13,L5,RANGE_COMPRESSED_0_60,CLOSE_POS_MIDDLE_THIRD,ROWS_STANDARD_9_10,4688.78,PREV_CLOSE_PROXY,,NEUTRAL,4734.88,4712.4525,22.4275,False,False,MODE_C_BALANCED,1.0,prior_range_fraction::prev_range_0.75,4697.78875,37.09125,False,False,MICRO_OFFSET | MID_GAP | ORIGINAL_CLUSTER | QUARTER_ROUNDING | RESIDUAL_LEVEL | RESIDUAL_REGIME_LEVEL,adjacent_cluster_midpoint | base_cluster | base_plus_+11 | base_plus_+13 | base_plus_+3 | base_plus_+5 | base_plus_+8 | base_plus_-11 | base_plus_-13 | base_plus_-3 | base_plus_-5 | base_plus_-8 | nearest_quarter_variant | prior_level_median_residual | prior_regime_level_median_residual,4712.4525,22.4275,False,False,ORIGINAL_ORACLE_PRESERVED,14.66375,True,False,EXPANSION_SUPERSET_VIOLATION_WORSE_ERROR,False,False
2026-05-14,2026-05-13,L6,RANGE_COMPRESSED_0_60,CLOSE_POS_MIDDLE_THIRD,ROWS_STANDARD_9_10,4688.78,PREV_CLOSE_PROXY,,NEUTRAL,4699.33,4669.47,29.86,False,False,MODE_C_BALANCED,1.0,prior_hlc::previous_low,4654.47,44.86,False,False,MICRO_OFFSET | MID_GAP | ORIGINAL_CLUSTER | QUARTER_ROUNDING | RESIDUAL_LEVEL | RESIDUAL_REGIME_LEVEL,adjacent_cluster_midpoint | base_cluster | base_plus_+11 | base_plus_+13 | base_plus_+3 | base_plus_+5 | base_plus_+8 | base_plus_-11 | base_plus_-13 | base_plus_-3 | base_plus_-5 | base_plus_-8 | nearest_quarter_variant | prior_level_median_residual | prior_regime_level_median_residual,4669.47,29.86,False,False,ORIGINAL_ORACLE_PRESERVED,15.0,True,False,EXPANSION_SUPERSET_VIOLATION_WORSE_ERROR,False,False
2026-05-14,2026-05-13,L7,RANGE_COMPRESSED_0_60,CLOSE_POS_MIDDLE_THIRD,ROWS_STANDARD_9_10,4688.78,PREV_CLOSE_PROXY,,NEUTRAL,4670.27,4639.47,30.8,False,False,MODE_B_EMA_CHANNEL_DIRECTION_HEAVY,1.0,red_box_edge::red_edge_2,4639.47,30.8,False,False,MICRO_OFFSET | MID_GAP | ORIGINAL_CLUSTER | QUARTER_ROUNDING | RESIDUAL_LEVEL | RESIDUAL_REGIME_LEVEL,adjacent_cluster_midpoint | base_cluster | base_plus_+11 | base_plus_+13 | base_plus_+3 | base_plus_+5 | base_plus_+8 | base_plus_-11 | base_plus_-13 | base_plus_-3 | base_plus_-5 | base_plus_-8 | nearest_quarter_variant | prior_level_median_residual | prior_regime_level_median_residual,4639.47,30.8,False,False,ORIGINAL_ORACLE_PRESERVED,0.0,False,False,SUPERSET_OK_GT10,False,False
2026-05-15,2026-05-14,L5,RANGE_NORMAL_60_120,CLOSE_POS_LOWER_THIRD,ROWS_STANDARD_9_10,4652.36,PREV_CLOSE_PROXY,,NEUTRAL,4665.63,4669.213309,3.583309,False,True,MODE_C_BALANCED,1.0,prior_range_fraction::prev_range_0.333333,4654.864155,10.765846,False,False,MICRO_OFFSET | MID_GAP | ORIGINAL_CLUSTER | QUARTER_ROUNDING | RESIDUAL_LEVEL | RESIDUAL_REGIME_LEVEL,adjacent_cluster_midpoint | base_cluster | base_plus_+11 | base_plus_+13 | base_plus_+3 | base_plus_+5 | base_plus_+8 | base_plus_-11 | base_plus_-13 | base_plus_-3 | base_plus_-5 | base_plus_-8 | nearest_quarter_variant | prior_level_median_residual | prior_regime_level_median_residual,4669.213309,3.583309,False,True,ORIGINAL_ORACLE_PRESERVED,7.182537,True,True,EXPANSION_SUPERSET_VIOLATION_LOST_WITHIN_5,False,False
2026-05-15,2026-05-14,L6,RANGE_NORMAL_60_120,CLOSE_POS_LOWER_THIRD,ROWS_STANDARD_9_10,4652.36,PREV_CLOSE_PROXY,,NEUTRAL,4635.27,4655.515,20.245,False,False,MODE_C_BALANCED,1.0,red_box_quarter::red_box_2_25pct | prior_range_fraction::prev_range_0.125 | green_box_quarter::green_box_1_25pct,4663.6875,28.4175,False,False,MICRO_OFFSET | MID_GAP | ORIGINAL_CLUSTER | QUARTER_ROUNDING | RESIDUAL_LEVEL | RESIDUAL_REGIME_LEVEL,adjacent_cluster_midpoint | base_cluster | base_plus_+11 | base_plus_+13 | base_plus_+3 | base_plus_+5 | base_plus_+8 | base_plus_-11 | base_plus_-13 | base_plus_-3 | base_plus_-5 | base_plus_-8 | nearest_quarter_variant | prior_level_median_residual | prior_regime_level_median_residual,4655.515,20.245,False,False,ORIGINAL_ORACLE_PRESERVED,8.1725,True,False,EXPANSION_SUPERSET_VIOLATION_WORSE_ERROR,False,False
2026-05-15,2026-05-14,L7,RANGE_NORMAL_60_120,CLOSE_POS_LOWER_THIRD,ROWS_STANDARD_9_10,4652.36,PREV_CLOSE_PROXY,,NEUTRAL,4600.62,4588.325,12.295,False,False,MODE_B_EMA_CHANNEL_DIRECTION_HEAVY,4.0,red_box_midline::red_mid_3,4575.2775,25.3425,False,False,MICRO_OFFSET | MID_GAP | ORIGINAL_CLUSTER | QUARTER_ROUNDING | RESIDUAL_LEVEL | RESIDUAL_REGIME_LEVEL,adjacent_cluster_midpoint | base_cluster | base_plus_+11 | base_plus_+13 | base_plus_+3 | base_plus_+5 | base_plus_+8 | base_plus_-11 | base_plus_-13 | base_plus_-3 | base_plus_-5 | base_plus_-8 | nearest_quarter_variant | prior_level_median_residual | prior_regime_level_median_residual,4588.325,12.295,False,False,ORIGINAL_ORACLE_PRESERVED,13.0475,True,False,EXPANSION_SUPERSET_VIOLATION_WORSE_ERROR,False,False
2026-05-18,2026-05-15,L4,RANGE_WIDE_120_220,CLOSE_POS_LOWER_THIRD,ROWS_STANDARD_9_10,4538.64,PREV_CLOSE_PROXY,,NEUTRAL,4564.33,4570.2171,5.8871,False,False,MODE_B_EMA_CHANNEL_DIRECTION_HEAVY,4.0,prior_range_fraction::prev_range_0.382,4592.143576,27.813576,False,False,MICRO_OFFSET | MID_GAP | ORIGINAL_CLUSTER | QUARTER_ROUNDING | RESIDUAL_LEVEL | RESIDUAL_REGIME_LEVEL,adjacent_cluster_midpoint | base_cluster | base_plus_+11 | base_plus_+13 | base_plus_+3 | base_plus_+5 | base_plus_+8 | base_plus_-11 | base_plus_-13 | base_plus_-3 | base_plus_-5 | base_plus_-8 | nearest_quarter_variant | prior_level_median_residual | prior_regime_level_median_residual,4570.2171,5.8871,False,False,ORIGINAL_ORACLE_PRESERVED,21.926476,True,False,EXPANSION_SUPERSET_VIOLATION_WORSE_ERROR,False,False
2026-05-18,2026-05-15,L5,RANGE_WIDE_120_220,CLOSE_POS_LOWER_THIRD,ROWS_STANDARD_9_10,4538.64,PREV_CLOSE_PROXY,,NEUTRAL,4539.06,4538.64,0.42,True,True,MODE_A_LIVE_PROXIMITY_HEAVY,3.0,prior_hlc::previous_close,4555.62125,16.56125,False,False,MICRO_OFFSET | MID_GAP | ORIGINAL_CLUSTER | QUARTER_ROUNDING | RESIDUAL_LEVEL | RESIDUAL_REGIME_LEVEL,adjacent_cluster_midpoint | base_cluster | base_plus_+11 | base_plus_+13 | base_plus_+3 | base_plus_+5 | base_plus_+8 | base_plus_-11 | base_plus_-13 | base_plus_-3 | base_plus_-5 | base_plus_-8 | nearest_quarter_variant | prior_level_median_residual | prior_regime_level_median_residual,4538.64,0.42,True,True,ORIGINAL_ORACLE_PRESERVED,16.14125,True,True,EXPANSION_SUPERSET_VIOLATION_LOST_WITHIN_5,False,False
2026-05-18,2026-05-15,L6,RANGE_WIDE_120_220,CLOSE_POS_LOWER_THIRD,ROWS_STANDARD_9_10,4538.64,PREV_CLOSE_PROXY,,NEUTRAL,4511.93,4511.37,0.56,True,True,MODE_D_NEAREST_VALID_LADDER,3.0,prior_hlc::previous_low,4527.129375,15.199375,False,False,MICRO_OFFSET | MID_GAP | ORIGINAL_CLUSTER | QUARTER_ROUNDING | RESIDUAL_LEVEL | RESIDUAL_REGIME_LEVEL,adjacent_cluster_midpoint | base_cluster | base_plus_+11 | base_plus_+13 | base_plus_+3 | base_plus_+5 | base_plus_+8 | base_plus_-11 | base_plus_-13 | base_plus_-3 | base_plus_-5 | base_plus_-8 | nearest_quarter_variant | prior_level_median_residual | prior_regime_level_median_residual,4511.37,0.56,True,True,ORIGINAL_ORACLE_PRESERVED,14.639375,True,True,EXPANSION_SUPERSET_VIOLATION_LOST_WITHIN_5,False,False
2026-05-18,2026-05-15,L7,RANGE_WIDE_120_220,CLOSE_POS_LOWER_THIRD,ROWS_STANDARD_9_10,4538.64,PREV_CLOSE_PROXY,,NEUTRAL,4481.32,4481.37,0.05,True,True,MODE_B_EMA_CHANNEL_DIRECTION_HEAVY,1.0,red_box_edge::red_edge_2,4484.866875,3.546875,False,True,MICRO_OFFSET | MID_GAP | ORIGINAL_CLUSTER | QUARTER_ROUNDING | RESIDUAL_LEVEL | RESIDUAL_REGIME_LEVEL,adjacent_cluster_midpoint | base_cluster | base_plus_+11 | base_plus_+13 | base_plus_+3 | base_plus_+5 | base_plus_+8 | base_plus_-11 | base_plus_-13 | base_plus_-3 | base_plus_-5 | base_plus_-8 | nearest_quarter_variant | prior_level_median_residual | prior_regime_level_median_residual,4481.37,0.05,True,True,ORIGINAL_ORACLE_PRESERVED,3.496875,True,False,EXPANSION_SUPERSET_VIOLATION_WORSE_ERROR,False,False
2026-05-19,2026-05-18,L4,RANGE_NORMAL_60_120,CLOSE_POS_UPPER_THIRD,ROWS_STANDARD_9_10,4566.12,PREV_CLOSE_PROXY,,NEUTRAL,4606.82,4630.96,24.14,False,False,MODE_D_NEAREST_VALID_LADDER,1.0,green_box_quarter::green_box_3_25pct,4630.96,24.14,False,False,MICRO_OFFSET | MID_GAP | ORIGINAL_CLUSTER | QUARTER_ROUNDING | RESIDUAL_LEVEL | RESIDUAL_REGIME_LEVEL,adjacent_cluster_midpoint | base_cluster | base_plus_+11 | base_plus_+13 | base_plus_+3 | base_plus_+5 | base_plus_+8 | base_plus_-11 | base_plus_-13 | base_plus_-3 | base_plus_-5 | base_plus_-8 | nearest_quarter_variant | prior_level_median_residual | prior_regime_level_median_residual,4630.96,24.14,False,False,ORIGINAL_ORACLE_PRESERVED,0.0,False,False,SUPERSET_OK_GT10,False,False
2026-05-19,2026-05-18,L5,RANGE_NORMAL_60_120,CLOSE_POS_UPPER_THIRD,ROWS_STANDARD_9_10,4566.12,PREV_CLOSE_PROXY,,NEUTRAL,4586.21,4567.675,18.535,False,False,MODE_C_BALANCED,1.0,green_box_quarter::green_box_2_25pct | red_box_quarter::red_box_1_25pct | prior_range_fraction::prev_range_0.875,4543.89566,42.31434,False,False,MICRO_OFFSET | MID_GAP | ORIGINAL_CLUSTER | QUARTER_ROUNDING | RESIDUAL_LEVEL | RESIDUAL_REGIME_LEVEL,adjacent_cluster_midpoint | base_cluster | base_plus_+11 | base_plus_+13 | base_plus_+3 | base_plus_+5 | base_plus_+8 | base_plus_-11 | base_plus_-13 | base_plus_-3 | base_plus_-5 | base_plus_-8 | nearest_quarter_variant | prior_level_median_residual | prior_regime_level_median_residual,4567.675,18.535,False,False,ORIGINAL_ORACLE_PRESERVED,23.77934,True,False,EXPANSION_SUPERSET_VIOLATION_WORSE_ERROR,False,False
2026-05-19,2026-05-18,L6,RANGE_NORMAL_60_120,CLOSE_POS_UPPER_THIRD,ROWS_STANDARD_9_10,4566.12,PREV_CLOSE_PROXY,,NEUTRAL,4558.95,4550.226684,8.723316,False,False,MODE_D_NEAREST_VALID_LADDER,1.0,prior_range_fraction::prev_range_0.666667 | red_box_midline::red_mid_1,4541.723342,17.226658,False,False,MICRO_OFFSET | MID_GAP | ORIGINAL_CLUSTER | QUARTER_ROUNDING | RESIDUAL_LEVEL | RESIDUAL_REGIME_LEVEL,adjacent_cluster_midpoint | base_cluster | base_plus_+11 | base_plus_+13 | base_plus_+3 | base_plus_+5 | base_plus_+8 | base_plus_-11 | base_plus_-13 | base_plus_-3 | base_plus_-5 | base_plus_-8 | nearest_quarter_variant | prior_level_median_residual | prior_regime_level_median_residual,4550.226684,8.723316,False,False,ORIGINAL_ORACLE_PRESERVED,8.503342,True,False,EXPANSION_SUPERSET_VIOLATION_WORSE_ERROR,False,False
2026-05-19,2026-05-18,L7,RANGE_NORMAL_60_120,CLOSE_POS_UPPER_THIRD,ROWS_STANDARD_9_10,4566.12,PREV_CLOSE_PROXY,,NEUTRAL,4532.84,4513.92,18.92,False,False,MODE_C_BALANCED,1.0,green_box_midline::green_mid_1,4505.4825,27.3575,False,False,MICRO_OFFSET | MID_GAP | ORIGINAL_CLUSTER | QUARTER_ROUNDING | RESIDUAL_LEVEL | RESIDUAL_REGIME_LEVEL,adjacent_cluster_midpoint | base_cluster | base_plus_+11 | base_plus_+13 | base_plus_+3 | base_plus_+5 | base_plus_+8 | base_plus_-11 | base_plus_-13 | base_plus_-3 | base_plus_-5 | base_plus_-8 | nearest_quarter_variant | prior_level_median_residual | prior_regime_level_median_residual,4513.92,18.92,False,False,ORIGINAL_ORACLE_PRESERVED,8.4375,True,False,EXPANSION_SUPERSET_VIOLATION_WORSE_ERROR,False,False
2026-05-20,2026-05-19,L5,RANGE_WIDE_120_220,CLOSE_POS_LOWER_THIRD,ROWS_STANDARD_9_10,4481.92,PREV_CLOSE_PROXY,,NEUTRAL,4506.6,4505.259958,1.340042,True,True,MODE_C_BALANCED,2.0,prior_range_fraction::prev_range_0.333333,4496.67,9.93,False,False,MICRO_OFFSET | MID_GAP | ORIGINAL_CLUSTER | QUARTER_ROUNDING | RESIDUAL_LEVEL | RESIDUAL_REGIME_LEVEL,adjacent_cluster_midpoint | base_cluster | base_plus_+11 | base_plus_+13 | base_plus_+3 | base_plus_+5 | base_plus_+8 | base_plus_-11 | base_plus_-13 | base_plus_-3 | base_plus_-5 | base_plus_-8 | nearest_quarter_variant | prior_level_median_residual | prior_regime_level_median_residual,4505.259958,1.340042,True,True,ORIGINAL_ORACLE_PRESERVED,8.589958,True,True,EXPANSION_SUPERSET_VIOLATION_LOST_WITHIN_5,False,False
2026-05-20,2026-05-19,L6,RANGE_WIDE_120_220,CLOSE_POS_LOWER_THIRD,ROWS_STANDARD_9_10,4481.92,PREV_CLOSE_PROXY,,NEUTRAL,4487.59,4482.685,4.905,False,True,MODE_C_BALANCED,4.0,green_box_quarter::green_box_1_25pct,4473.7075,13.8825,False,False,MICRO_OFFSET | MID_GAP | ORIGINAL_CLUSTER | QUARTER_ROUNDING | RESIDUAL_LEVEL | RESIDUAL_REGIME_LEVEL,adjacent_cluster_midpoint | base_cluster | base_plus_+11 | base_plus_+13 | base_plus_+3 | base_plus_+5 | base_plus_+8 | base_plus_-11 | base_plus_-13 | base_plus_-3 | base_plus_-5 | base_plus_-8 | nearest_quarter_variant | prior_level_median_residual | prior_regime_level_median_residual,4482.685,4.905,False,True,ORIGINAL_ORACLE_PRESERVED,8.9775,True,True,EXPANSION_SUPERSET_VIOLATION_LOST_WITHIN_5,False,False
2026-05-20,2026-05-19,L7,RANGE_WIDE_120_220,CLOSE_POS_LOWER_THIRD,ROWS_STANDARD_9_10,4481.92,PREV_CLOSE_PROXY,,NEUTRAL,4462.0,4463.14,1.14,True,True,MODE_B_EMA_CHANNEL_DIRECTION_HEAVY,3.0,prior_hlc::previous_low,4438.3675,23.6325,False,False,MICRO_OFFSET | MID_GAP | ORIGINAL_CLUSTER | QUARTER_ROUNDING | RESIDUAL_LEVEL | RESIDUAL_REGIME_LEVEL,adjacent_cluster_midpoint | base_cluster | base_plus_+11 | base_plus_+13 | base_plus_+3 | base_plus_+5 | base_plus_+8 | base_plus_-11 | base_plus_-13 | base_plus_-3 | base_plus_-5 | base_plus_-8 | nearest_quarter_variant | prior_level_median_residual | prior_regime_level_median_residual,4463.14,1.14,True,True,ORIGINAL_ORACLE_PRESERVED,22.4925,True,True,EXPANSION_SUPERSET_VIOLATION_LOST_WITHIN_5,False,False
2026-05-21,2026-05-20,L4,RANGE_NORMAL_60_120,CLOSE_POS_UPPER_THIRD,ROWS_STANDARD_9_10,4543.62,PREV_CLOSE_PROXY,,NEUTRAL,4608.29,4598.845,9.445,False,False,MODE_D_NEAREST_VALID_LADDER,1.0,green_box_quarter::green_box_3_25pct,4598.845,9.445,False,False,MICRO_OFFSET | MID_GAP | ORIGINAL_CLUSTER | QUARTER_ROUNDING | RESIDUAL_LEVEL | RESIDUAL_REGIME_LEVEL,adjacent_cluster_midpoint | base_cluster | base_plus_+11 | base_plus_+13 | base_plus_+3 | base_plus_+5 | base_plus_+8 | base_plus_-11 | base_plus_-13 | base_plus_-3 | base_plus_-5 | base_plus_-8 | nearest_quarter_variant | prior_level_median_residual | prior_regime_level_median_residual,4598.845,9.445,False,False,ORIGINAL_ORACLE_PRESERVED,0.0,False,False,SUPERSET_OK_WITHIN_10,False,False
2026-05-21,2026-05-20,L5,RANGE_NORMAL_60_120,CLOSE_POS_UPPER_THIRD,ROWS_STANDARD_9_10,4543.62,PREV_CLOSE_PROXY,,NEUTRAL,4582.07,4537.285,44.785,False,False,MODE_C_BALANCED,1.0,green_box_quarter::green_box_2_25pct | red_box_quarter::red_box_1_25pct | prior_range_fraction::prev_range_0.875,4514.35206,67.71794,False,False,MICRO_OFFSET | MID_GAP | ORIGINAL_CLUSTER | QUARTER_ROUNDING | RESIDUAL_LEVEL | RESIDUAL_REGIME_LEVEL,adjacent_cluster_midpoint | base_cluster | base_plus_+11 | base_plus_+13 | base_plus_+3 | base_plus_+5 | base_plus_+8 | base_plus_-11 | base_plus_-13 | base_plus_-3 | base_plus_-5 | base_plus_-8 | nearest_quarter_variant | prior_level_median_residual | prior_regime_level_median_residual,4537.285,44.785,False,False,ORIGINAL_ORACLE_PRESERVED,22.93294,True,False,EXPANSION_SUPERSET_VIOLATION_WORSE_ERROR,False,False
2026-05-21,2026-05-20,L6,RANGE_NORMAL_60_120,CLOSE_POS_UPPER_THIRD,ROWS_STANDARD_9_10,4543.62,PREV_CLOSE_PROXY,,NEUTRAL,4554.33,4527.91,26.42,False,False,MODE_D_NEAREST_VALID_LADDER,2.0,prior_range_fraction::prev_range_0.75,4515.80125,38.52875,False,False,MICRO_OFFSET | MID_GAP | ORIGINAL_CLUSTER | QUARTER_ROUNDING | RESIDUAL_LEVEL | RESIDUAL_REGIME_LEVEL,adjacent_cluster_midpoint | base_cluster | base_plus_+11 | base_plus_+13 | base_plus_+3 | base_plus_+5 | base_plus_+8 | base_plus_-11 | base_plus_-13 | base_plus_-3 | base_plus_-5 | base_plus_-8 | nearest_quarter_variant | prior_level_median_residual | prior_regime_level_median_residual,4527.91,26.42,False,False,ORIGINAL_ORACLE_PRESERVED,12.10875,True,False,EXPANSION_SUPERSET_VIOLATION_WORSE_ERROR,False,False
2026-05-21,2026-05-20,L7,RANGE_NORMAL_60_120,CLOSE_POS_UPPER_THIRD,ROWS_STANDARD_9_10,4543.62,PREV_CLOSE_PROXY,,NEUTRAL,4524.06,4534.265,10.205,False,False,MODE_B_EMA_CHANNEL_DIRECTION_HEAVY,4.0,green_box_quarter::green_box_2_25pct,4534.265,10.205,False,False,MICRO_OFFSET | MID_GAP | ORIGINAL_CLUSTER | QUARTER_ROUNDING | RESIDUAL_LEVEL | RESIDUAL_REGIME_LEVEL,adjacent_cluster_midpoint | base_cluster | base_plus_+11 | base_plus_+13 | base_plus_+3 | base_plus_+5 | base_plus_+8 | base_plus_-11 | base_plus_-13 | base_plus_-3 | base_plus_-5 | base_plus_-8 | nearest_quarter_variant | prior_level_median_residual | prior_regime_level_median_residual,4534.265,10.205,False,False,ORIGINAL_ORACLE_PRESERVED,0.0,False,False,SUPERSET_OK_GT10,False,False
2026-05-22,2026-05-21,L4,RANGE_NORMAL_60_120,CLOSE_POS_MIDDLE_THIRD,ROWS_STANDARD_9_10,4543.05,PREV_CLOSE_PROXY,,NEUTRAL,4614.22,4614.77875,0.55875,True,True,MODE_B_EMA_CHANNEL_DIRECTION_HEAVY,3.0,green_box_quarter::green_box_3_25pct,4614.77875,0.55875,True,True,MICRO_OFFSET | MID_GAP | ORIGINAL_CLUSTER | QUARTER_ROUNDING | RESIDUAL_LEVEL | RESIDUAL_REGIME_LEVEL,adjacent_cluster_midpoint | base_cluster | base_plus_+11 | base_plus_+13 | base_plus_+3 | base_plus_+5 | base_plus_+8 | base_plus_-11 | base_plus_-13 | base_plus_-3 | base_plus_-5 | base_plus_-8 | nearest_quarter_variant | prior_level_median_residual | prior_regime_level_median_residual,4614.77875,0.55875,True,True,ORIGINAL_ORACLE_PRESERVED,0.0,False,False,SUPERSET_OK_WITHIN_3,False,False
2026-05-22,2026-05-21,L5,RANGE_NORMAL_60_120,CLOSE_POS_MIDDLE_THIRD,ROWS_STANDARD_9_10,4543.05,PREV_CLOSE_PROXY,,NEUTRAL,4582.41,4544.335,38.075,False,False,MODE_C_BALANCED,1.0,green_box_edge::green_edge_1,4531.10068,51.30932,False,False,MICRO_OFFSET | MID_GAP | ORIGINAL_CLUSTER | QUARTER_ROUNDING | RESIDUAL_LEVEL | RESIDUAL_REGIME_LEVEL,adjacent_cluster_midpoint | base_cluster | base_plus_+11 | base_plus_+13 | base_plus_+3 | base_plus_+5 | base_plus_+8 | base_plus_-11 | base_plus_-13 | base_plus_-3 | base_plus_-5 | base_plus_-8 | nearest_quarter_variant | prior_level_median_residual | prior_regime_level_median_residual,4544.335,38.075,False,False,ORIGINAL_ORACLE_PRESERVED,13.23432,True,False,EXPANSION_SUPERSET_VIOLATION_WORSE_ERROR,False,False
2026-05-22,2026-05-21,L6,RANGE_NORMAL_60_120,CLOSE_POS_MIDDLE_THIRD,ROWS_STANDARD_9_10,4543.05,PREV_CLOSE_PROXY,,NEUTRAL,4551.77,4556.60125,4.83125,False,True,MODE_D_NEAREST_VALID_LADDER,5.0,red_box_quarter::red_box_1_25pct,4535.468125,16.301875,False,False,MICRO_OFFSET | MID_GAP | ORIGINAL_CLUSTER | QUARTER_ROUNDING | RESIDUAL_LEVEL | RESIDUAL_REGIME_LEVEL,adjacent_cluster_midpoint | base_cluster | base_plus_+11 | base_plus_+13 | base_plus_+3 | base_plus_+5 | base_plus_+8 | base_plus_-11 | base_plus_-13 | base_plus_-3 | base_plus_-5 | base_plus_-8 | nearest_quarter_variant | prior_level_median_residual | prior_regime_level_median_residual,4556.60125,4.83125,False,True,ORIGINAL_ORACLE_PRESERVED,11.470625,True,True,EXPANSION_SUPERSET_VIOLATION_LOST_WITHIN_5,False,False
2026-05-22,2026-05-21,L7,RANGE_NORMAL_60_120,CLOSE_POS_MIDDLE_THIRD,ROWS_STANDARD_9_10,4543.05,PREV_CLOSE_PROXY,,NEUTRAL,4520.55,4519.57522,0.97478,True,True,MODE_C_BALANCED,4.0,prior_range_fraction::prev_range_0.382,4502.86636,17.68364,False,False,MICRO_OFFSET | MID_GAP | ORIGINAL_CLUSTER | QUARTER_ROUNDING | RESIDUAL_LEVEL | RESIDUAL_REGIME_LEVEL,adjacent_cluster_midpoint | base_cluster | base_plus_+11 | base_plus_+13 | base_plus_+3 | base_plus_+5 | base_plus_+8 | base_plus_-11 | base_plus_-13 | base_plus_-3 | base_plus_-5 | base_plus_-8 | nearest_quarter_variant | prior_level_median_residual | prior_regime_level_median_residual,4519.57522,0.97478,True,True,ORIGINAL_ORACLE_PRESERVED,16.70886,True,True,EXPANSION_SUPERSET_VIOLATION_LOST_WITHIN_5,False,False
2026-05-25,2026-05-22,L4,RANGE_COMPRESSED_0_60,CLOSE_POS_LOWER_THIRD,ROWS_EXTENDED_11_PLUS,4507.9,PREV_CLOSE_PROXY,,NEUTRAL,4556.09,4522.2125,33.8775,False,False,MODE_C_BALANCED,1.0,green_box_quarter::green_box_1_75pct,4514.201662,41.888338,False,False,MICRO_OFFSET | MID_GAP | ORIGINAL_CLUSTER | QUARTER_ROUNDING | RESIDUAL_LEVEL,adjacent_cluster_midpoint | base_cluster | base_plus_+11 | base_plus_+13 | base_plus_+3 | base_plus_+5 | base_plus_+8 | base_plus_-11 | base_plus_-13 | base_plus_-3 | base_plus_-5 | base_plus_-8 | nearest_quarter_variant | prior_level_median_residual,4522.2125,33.8775,False,False,ORIGINAL_ORACLE_PRESERVED,8.010838,True,False,EXPANSION_SUPERSET_VIOLATION_WORSE_ERROR,False,False
2026-05-25,2026-05-22,L5,RANGE_COMPRESSED_0_60,CLOSE_POS_LOWER_THIRD,ROWS_EXTENDED_11_PLUS,4507.9,PREV_CLOSE_PROXY,,NEUTRAL,4524.91,4492.2125,32.6975,False,False,MODE_A_LIVE_PROXIMITY_HEAVY,1.0,red_box_quarter::red_box_2_25pct,4486.75875,38.15125,False,False,MICRO_OFFSET | MID_GAP | ORIGINAL_CLUSTER | QUARTER_ROUNDING | RESIDUAL_LEVEL,adjacent_cluster_midpoint | base_cluster | base_plus_+11 | base_plus_+13 | base_plus_+3 | base_plus_+5 | base_plus_+8 | base_plus_-11 | base_plus_-13 | base_plus_-3 | base_plus_-5 | base_plus_-8 | nearest_quarter_variant | prior_level_median_residual,4492.2125,32.6975,False,False,ORIGINAL_ORACLE_PRESERVED,5.45375,True,False,EXPANSION_SUPERSET_VIOLATION_WORSE_ERROR,False,False
2026-05-25,2026-05-22,L6,RANGE_COMPRESSED_0_60,CLOSE_POS_LOWER_THIRD,ROWS_EXTENDED_11_PLUS,4507.9,PREV_CLOSE_PROXY,,NEUTRAL,4494.67,4470.3975,24.2725,False,False,MODE_B_EMA_CHANNEL_DIRECTION_HEAVY,1.0,red_box_quarter::red_box_2_75pct,4464.94375,29.72625,False,False,MICRO_OFFSET | MID_GAP | ORIGINAL_CLUSTER | QUARTER_ROUNDING | RESIDUAL_LEVEL,adjacent_cluster_midpoint | base_cluster | base_plus_+11 | base_plus_+13 | base_plus_+3 | base_plus_+5 | base_plus_+8 | base_plus_-11 | base_plus_-13 | base_plus_-3 | base_plus_-5 | base_plus_-8 | nearest_quarter_variant | prior_level_median_residual,4470.3975,24.2725,False,False,ORIGINAL_ORACLE_PRESERVED,5.45375,True,False,EXPANSION_SUPERSET_VIOLATION_WORSE_ERROR,False,False
2026-05-25,2026-05-22,L7,RANGE_COMPRESSED_0_60,CLOSE_POS_LOWER_THIRD,ROWS_EXTENDED_11_PLUS,4507.9,PREV_CLOSE_PROXY,,NEUTRAL,4462.89,4448.5825,14.3075,False,False,MODE_B_EMA_CHANNEL_DIRECTION_HEAVY,1.0,red_box_quarter::red_box_3_25pct,4443.12875,19.76125,False,False,MICRO_OFFSET | MID_GAP | ORIGINAL_CLUSTER | QUARTER_ROUNDING | RESIDUAL_LEVEL,adjacent_cluster_midpoint | base_cluster | base_plus_+11 | base_plus_+13 | base_plus_+3 | base_plus_+5 | base_plus_+8 | base_plus_-11 | base_plus_-13 | base_plus_-3 | base_plus_-5 | base_plus_-8 | nearest_quarter_variant | prior_level_median_residual,4448.5825,14.3075,False,False,ORIGINAL_ORACLE_PRESERVED,5.45375,True,False,EXPANSION_SUPERSET_VIOLATION_WORSE_ERROR,False,False
2026-05-26,2026-05-25,L5,RANGE_COMPRESSED_0_60,CLOSE_POS_UPPER_THIRD,ROWS_STANDARD_9_10,4570.94,PREV_CLOSE_PROXY,,NEUTRAL,4562.44,4548.303317,14.136683,False,False,MODE_C_BALANCED,1.0,prior_range_fraction::prev_range_0.333333,4548.303317,14.136683,False,False,MICRO_OFFSET | MID_GAP | ORIGINAL_CLUSTER | QUARTER_ROUNDING | RESIDUAL_LEVEL | RESIDUAL_REGIME_LEVEL,adjacent_cluster_midpoint | base_cluster | base_plus_+11 | base_plus_+13 | base_plus_+3 | base_plus_+5 | base_plus_+8 | base_plus_-11 | base_plus_-13 | base_plus_-3 | base_plus_-5 | base_plus_-8 | nearest_quarter_variant | prior_level_median_residual | prior_regime_level_median_residual,4548.303317,14.136683,False,False,ORIGINAL_ORACLE_PRESERVED,0.0,False,False,SUPERSET_OK_GT10,False,False
2026-05-26,2026-05-25,L6,RANGE_COMPRESSED_0_60,CLOSE_POS_UPPER_THIRD,ROWS_STANDARD_9_10,4570.94,PREV_CLOSE_PROXY,,NEUTRAL,4529.9,4512.1075,17.7925,False,False,MODE_B_EMA_CHANNEL_DIRECTION_HEAVY,1.0,red_box_quarter::red_box_2_75pct,4512.1075,17.7925,False,False,MICRO_OFFSET | MID_GAP | ORIGINAL_CLUSTER | QUARTER_ROUNDING | RESIDUAL_LEVEL | RESIDUAL_REGIME_LEVEL,adjacent_cluster_midpoint | base_cluster | base_plus_+11 | base_plus_+13 | base_plus_+3 | base_plus_+5 | base_plus_+8 | base_plus_-11 | base_plus_-13 | base_plus_-3 | base_plus_-5 | base_plus_-8 | nearest_quarter_variant | prior_level_median_residual | prior_regime_level_median_residual,4512.1075,17.7925,False,False,ORIGINAL_ORACLE_PRESERVED,0.0,False,False,SUPERSET_OK_GT10,False,False
2026-05-26,2026-05-25,L7,RANGE_COMPRESSED_0_60,CLOSE_POS_UPPER_THIRD,ROWS_STANDARD_9_10,4570.94,PREV_CLOSE_PROXY,,NEUTRAL,4499.76,4473.2375,26.5225,False,False,MODE_B_EMA_CHANNEL_DIRECTION_HEAVY,1.0,red_box_quarter::red_box_3_75pct,4473.2375,26.5225,False,False,MICRO_OFFSET | MID_GAP | ORIGINAL_CLUSTER | QUARTER_ROUNDING | RESIDUAL_LEVEL,adjacent_cluster_midpoint | base_cluster | base_plus_+11 | base_plus_+13 | base_plus_+3 | base_plus_+5 | base_plus_+8 | base_plus_-11 | base_plus_-13 | base_plus_-3 | base_plus_-5 | base_plus_-8 | nearest_quarter_variant | prior_level_median_residual,4473.2375,26.5225,False,False,ORIGINAL_ORACLE_PRESERVED,0.0,False,False,SUPERSET_OK_GT10,False,False
2026-05-27,2026-05-26,L4,RANGE_NORMAL_60_120,CLOSE_POS_LOWER_THIRD,ROWS_SPARSE_1_8,4507.47,PREV_CLOSE_PROXY,,NEUTRAL,4530.95,4530.09,0.86,True,True,MODE_B_EMA_CHANNEL_DIRECTION_HEAVY,2.0,green_box_quarter::green_box_1_75pct,4525.4928,5.4572,False,False,MICRO_OFFSET | MID_GAP | ORIGINAL_CLUSTER | QUARTER_ROUNDING | RESIDUAL_LEVEL | RESIDUAL_REGIME_LEVEL,adjacent_cluster_midpoint | base_cluster | base_plus_+11 | base_plus_+13 | base_plus_+3 | base_plus_+5 | base_plus_+8 | base_plus_-11 | base_plus_-13 | base_plus_-3 | base_plus_-5 | base_plus_-8 | nearest_quarter_variant | prior_level_median_residual | prior_regime_level_median_residual,4530.09,0.86,True,True,ORIGINAL_ORACLE_PRESERVED,4.5972,True,True,EXPANSION_SUPERSET_VIOLATION_LOST_WITHIN_5,False,False
2026-05-27,2026-05-26,L5,RANGE_NORMAL_60_120,CLOSE_POS_LOWER_THIRD,ROWS_SPARSE_1_8,4507.47,PREV_CLOSE_PROXY,,NEUTRAL,4496.68,4497.99,1.31,True,True,MODE_D_NEAREST_VALID_LADDER,2.0,green_box_quarter::green_box_1_25pct,4495.29,1.39,True,True,MICRO_OFFSET | MID_GAP | ORIGINAL_CLUSTER | QUARTER_ROUNDING | RESIDUAL_LEVEL | RESIDUAL_REGIME_LEVEL,adjacent_cluster_midpoint | base_cluster | base_plus_+11 | base_plus_+13 | base_plus_+3 | base_plus_+5 | base_plus_+8 | base_plus_-11 | base_plus_-13 | base_plus_-3 | base_plus_-5 | base_plus_-8 | nearest_quarter_variant | prior_level_median_residual | prior_regime_level_median_residual,4497.99,1.31,True,True,ORIGINAL_ORACLE_PRESERVED,0.08,True,False,EXPANSION_SUPERSET_VIOLATION_WORSE_ERROR,False,False
2026-05-27,2026-05-26,L6,RANGE_NORMAL_60_120,CLOSE_POS_LOWER_THIRD,ROWS_SPARSE_1_8,4507.47,PREV_CLOSE_PROXY,,NEUTRAL,4459.72,4467.99,8.27,False,False,MODE_B_EMA_CHANNEL_DIRECTION_HEAVY,2.0,red_box_quarter::red_box_2_75pct,4476.015,16.295,False,False,MICRO_OFFSET | MID_GAP | ORIGINAL_CLUSTER | QUARTER_ROUNDING | RESIDUAL_LEVEL | RESIDUAL_REGIME_LEVEL,adjacent_cluster_midpoint | base_cluster | base_plus_+11 | base_plus_+13 | base_plus_+3 | base_plus_+5 | base_plus_+8 | base_plus_-11 | base_plus_-13 | base_plus_-3 | base_plus_-5 | base_plus_-8 | nearest_quarter_variant | prior_level_median_residual | prior_regime_level_median_residual,4467.99,8.27,False,False,ORIGINAL_ORACLE_PRESERVED,8.025,True,False,EXPANSION_SUPERSET_VIOLATION_WORSE_ERROR,False,False
2026-05-27,2026-05-26,L7,RANGE_NORMAL_60_120,CLOSE_POS_LOWER_THIRD,ROWS_SPARSE_1_8,4507.47,PREV_CLOSE_PROXY,,NEUTRAL,4421.27,4435.89,14.62,False,False,MODE_B_EMA_CHANNEL_DIRECTION_HEAVY,2.0,red_box_quarter::red_box_3_25pct,4435.89,14.62,False,False,MICRO_OFFSET | MID_GAP | ORIGINAL_CLUSTER | QUARTER_ROUNDING | RESIDUAL_LEVEL | RESIDUAL_REGIME_LEVEL,adjacent_cluster_midpoint | base_cluster | base_plus_+11 | base_plus_+13 | base_plus_+3 | base_plus_+5 | base_plus_+8 | base_plus_-11 | base_plus_-13 | base_plus_-3 | base_plus_-5 | base_plus_-8 | nearest_quarter_variant | prior_level_median_residual | prior_regime_level_median_residual,4435.89,14.62,False,False,ORIGINAL_ORACLE_PRESERVED,0.0,False,False,SUPERSET_OK_GT10,False,False
2026-05-28,2026-05-27,L4,RANGE_WIDE_120_220,CLOSE_POS_MIDDLE_THIRD,ROWS_STANDARD_9_10,4456.18,PREV_CLOSE_PROXY,,NEUTRAL,4495.53,4503.77,8.24,False,False,MODE_C_BALANCED,2.0,prior_range_fraction::prev_range_0.75,4525.4175,29.8875,False,False,MICRO_OFFSET | MID_GAP | ORIGINAL_CLUSTER | QUARTER_ROUNDING | RESIDUAL_LEVEL | RESIDUAL_REGIME_LEVEL,adjacent_cluster_midpoint | base_cluster | base_plus_+11 | base_plus_+13 | base_plus_+3 | base_plus_+5 | base_plus_+8 | base_plus_-11 | base_plus_-13 | base_plus_-3 | base_plus_-5 | base_plus_-8 | nearest_quarter_variant | prior_level_median_residual | prior_regime_level_median_residual,4503.77,8.24,False,False,ORIGINAL_ORACLE_PRESERVED,21.6475,True,False,EXPANSION_SUPERSET_VIOLATION_WORSE_ERROR,False,False
2026-05-28,2026-05-27,L5,RANGE_WIDE_120_220,CLOSE_POS_MIDDLE_THIRD,ROWS_STANDARD_9_10,4456.18,PREV_CLOSE_PROXY,,NEUTRAL,4466.16,4463.885,2.275,True,True,MODE_B_EMA_CHANNEL_DIRECTION_HEAVY,3.0,green_box_quarter::green_box_1_75pct,4492.35,26.19,False,False,MICRO_OFFSET | MID_GAP | ORIGINAL_CLUSTER | QUARTER_ROUNDING | RESIDUAL_LEVEL | RESIDUAL_REGIME_LEVEL,adjacent_cluster_midpoint | base_cluster | base_plus_+11 | base_plus_+13 | base_plus_+3 | base_plus_+5 | base_plus_+8 | base_plus_-11 | base_plus_-13 | base_plus_-3 | base_plus_-5 | base_plus_-8 | nearest_quarter_variant | prior_level_median_residual | prior_regime_level_median_residual,4463.885,2.275,True,True,ORIGINAL_ORACLE_PRESERVED,23.915,True,True,EXPANSION_SUPERSET_VIOLATION_LOST_WITHIN_5,False,False
2026-05-28,2026-05-27,L6,RANGE_WIDE_120_220,CLOSE_POS_MIDDLE_THIRD,ROWS_STANDARD_9_10,4456.18,PREV_CLOSE_PROXY,,NEUTRAL,4424.0,4433.885,9.885,False,False,MODE_C_BALANCED,1.0,red_box_quarter::red_box_2_25pct,4449.5325,25.5325,False,False,MICRO_OFFSET | MID_GAP | ORIGINAL_CLUSTER | QUARTER_ROUNDING | RESIDUAL_LEVEL | RESIDUAL_REGIME_LEVEL,adjacent_cluster_midpoint | base_cluster | base_plus_+11 | base_plus_+13 | base_plus_+3 | base_plus_+5 | base_plus_+8 | base_plus_-11 | base_plus_-13 | base_plus_-3 | base_plus_-5 | base_plus_-8 | nearest_quarter_variant | prior_level_median_residual | prior_regime_level_median_residual,4433.885,9.885,False,False,ORIGINAL_ORACLE_PRESERVED,15.6475,True,False,EXPANSION_SUPERSET_VIOLATION_WORSE_ERROR,False,False
2026-05-28,2026-05-27,L7,RANGE_WIDE_120_220,CLOSE_POS_MIDDLE_THIRD,ROWS_STANDARD_9_10,4456.18,PREV_CLOSE_PROXY,,NEUTRAL,4379.41,4422.295,42.885,False,False,MODE_D_NEAREST_VALID_LADDER,1.0,green_box_quarter::green_box_1_25pct,4448.885,69.475,False,False,MICRO_OFFSET | MID_GAP | ORIGINAL_CLUSTER | QUARTER_ROUNDING | RESIDUAL_LEVEL | RESIDUAL_REGIME_LEVEL,adjacent_cluster_midpoint | base_cluster | base_plus_+11 | base_plus_+13 | base_plus_+3 | base_plus_+5 | base_plus_+8 | base_plus_-11 | base_plus_-13 | base_plus_-3 | base_plus_-5 | base_plus_-8 | nearest_quarter_variant | prior_level_median_residual | prior_regime_level_median_residual,4422.295,42.885,False,False,ORIGINAL_ORACLE_PRESERVED,26.59,True,False,EXPANSION_SUPERSET_VIOLATION_WORSE_ERROR,False,False
2026-05-29,2026-05-28,L4,RANGE_WIDE_120_220,CLOSE_POS_UPPER_THIRD,ROWS_EXTENDED_11_PLUS,4495.64,PREV_CLOSE_PROXY,,NEUTRAL,4586.39,4569.05,17.34,False,False,MODE_D_NEAREST_VALID_LADDER,1.0,green_box_quarter::green_box_3_25pct,4546.55,39.84,False,False,MICRO_OFFSET | MID_GAP | ORIGINAL_CLUSTER | QUARTER_ROUNDING | RESIDUAL_LEVEL | RESIDUAL_REGIME_LEVEL,adjacent_cluster_midpoint | base_cluster | base_plus_+11 | base_plus_+13 | base_plus_+3 | base_plus_+5 | base_plus_+8 | base_plus_-11 | base_plus_-13 | base_plus_-3 | base_plus_-5 | base_plus_-8 | nearest_quarter_variant | prior_level_median_residual | prior_regime_level_median_residual,4569.05,17.34,False,False,ORIGINAL_ORACLE_PRESERVED,22.5,True,False,EXPANSION_SUPERSET_VIOLATION_WORSE_ERROR,False,False
2026-05-29,2026-05-28,L5,RANGE_WIDE_120_220,CLOSE_POS_UPPER_THIRD,ROWS_EXTENDED_11_PLUS,4495.64,PREV_CLOSE_PROXY,,NEUTRAL,4557.79,4524.05,33.74,False,False,MODE_D_NEAREST_VALID_LADDER,3.0,green_box_quarter::green_box_2_75pct,4482.8,74.99,False,False,MICRO_OFFSET | MID_GAP | ORIGINAL_CLUSTER | QUARTER_ROUNDING | RESIDUAL_LEVEL | RESIDUAL_REGIME_LEVEL,adjacent_cluster_midpoint | base_cluster | base_plus_+11 | base_plus_+13 | base_plus_+3 | base_plus_+5 | base_plus_+8 | base_plus_-11 | base_plus_-13 | base_plus_-3 | base_plus_-5 | base_plus_-8 | nearest_quarter_variant | prior_level_median_residual | prior_regime_level_median_residual,4524.05,33.74,False,False,ORIGINAL_ORACLE_PRESERVED,41.25,True,False,EXPANSION_SUPERSET_VIOLATION_WORSE_ERROR,False,False
2026-05-29,2026-05-28,L6,RANGE_WIDE_120_220,CLOSE_POS_UPPER_THIRD,ROWS_EXTENDED_11_PLUS,4495.64,PREV_CLOSE_PROXY,,NEUTRAL,4527.81,4501.55,26.26,False,False,MODE_D_NEAREST_VALID_LADDER,3.0,green_box_midline::green_mid_2,4484.050025,43.759975,False,False,MICRO_OFFSET | MID_GAP | ORIGINAL_CLUSTER | QUARTER_ROUNDING | RESIDUAL_LEVEL | RESIDUAL_REGIME_LEVEL,adjacent_cluster_midpoint | base_cluster | base_plus_+11 | base_plus_+13 | base_plus_+3 | base_plus_+5 | base_plus_+8 | base_plus_-11 | base_plus_-13 | base_plus_-3 | base_plus_-5 | base_plus_-8 | nearest_quarter_variant | prior_level_median_residual | prior_regime_level_median_residual,4501.55,26.26,False,False,ORIGINAL_ORACLE_PRESERVED,17.499975,True,False,EXPANSION_SUPERSET_VIOLATION_WORSE_ERROR,False,False
2026-05-29,2026-05-28,L7,RANGE_WIDE_120_220,CLOSE_POS_UPPER_THIRD,ROWS_EXTENDED_11_PLUS,4495.64,PREV_CLOSE_PROXY,,NEUTRAL,4495.62,4479.05,16.57,False,False,MODE_B_EMA_CHANNEL_DIRECTION_HEAVY,4.0,green_box_quarter::green_box_2_25pct,4452.8,42.82,False,False,MICRO_OFFSET | MID_GAP | ORIGINAL_CLUSTER | QUARTER_ROUNDING | RESIDUAL_LEVEL | RESIDUAL_REGIME_LEVEL,adjacent_cluster_midpoint | base_cluster | base_plus_+11 | base_plus_+13 | base_plus_+3 | base_plus_+5 | base_plus_+8 | base_plus_-11 | base_plus_-13 | base_plus_-3 | base_plus_-5 | base_plus_-8 | nearest_quarter_variant | prior_level_median_residual | prior_regime_level_median_residual,4479.05,16.57,False,False,ORIGINAL_ORACLE_PRESERVED,26.25,True,False,EXPANSION_SUPERSET_VIOLATION_WORSE_ERROR,False,False
2026-06-01,2026-05-29,L4,RANGE_NORMAL_60_120,CLOSE_POS_MIDDLE_THIRD,ROWS_EXTENDED_11_PLUS,4541.13,PREV_CLOSE_PROXY,,NEUTRAL,4607.94,4593.3225,14.6175,False,False,MODE_C_BALANCED,2.0,green_box_midline::green_mid_2 | prior_hlc::previous_high,4585.8225,22.1175,False,False,MICRO_OFFSET | MID_GAP | ORIGINAL_CLUSTER | QUARTER_ROUNDING | RESIDUAL_LEVEL | RESIDUAL_REGIME_LEVEL,adjacent_cluster_midpoint | base_cluster | base_plus_+11 | base_plus_+13 | base_plus_+3 | base_plus_+5 | base_plus_+8 | base_plus_-11 | base_plus_-13 | base_plus_-3 | base_plus_-5 | base_plus_-8 | nearest_quarter_variant | prior_level_median_residual | prior_regime_level_median_residual,4593.3225,14.6175,False,False,ORIGINAL_ORACLE_PRESERVED,7.5,True,False,EXPANSION_SUPERSET_VIOLATION_WORSE_ERROR,False,False
2026-06-01,2026-05-29,L5,RANGE_NORMAL_60_120,CLOSE_POS_MIDDLE_THIRD,ROWS_EXTENDED_11_PLUS,4541.13,PREV_CLOSE_PROXY,,NEUTRAL,4580.08,4608.3225,28.2425,False,False,MODE_B_EMA_CHANNEL_DIRECTION_HEAVY,2.0,green_box_quarter::green_box_2_75pct,4608.3225,28.2425,False,False,MICRO_OFFSET | MID_GAP | ORIGINAL_CLUSTER | QUARTER_ROUNDING | RESIDUAL_LEVEL | RESIDUAL_REGIME_LEVEL,adjacent_cluster_midpoint | base_cluster | base_plus_+11 | base_plus_+13 | base_plus_+3 | base_plus_+5 | base_plus_+8 | base_plus_-11 | base_plus_-13 | base_plus_-3 | base_plus_-5 | base_plus_-8 | nearest_quarter_variant | prior_level_median_residual | prior_regime_level_median_residual,4608.3225,28.2425,False,False,ORIGINAL_ORACLE_PRESERVED,0.0,False,False,SUPERSET_OK_GT10,False,False
2026-06-01,2026-05-29,L6,RANGE_NORMAL_60_120,CLOSE_POS_MIDDLE_THIRD,ROWS_EXTENDED_11_PLUS,4541.13,PREV_CLOSE_PROXY,,NEUTRAL,4547.84,4568.795,20.955,False,False,MODE_C_BALANCED,3.0,prior_range_fraction::prev_range_0.75,4568.795,20.955,False,False,MICRO_OFFSET | MID_GAP | ORIGINAL_CLUSTER | QUARTER_ROUNDING | RESIDUAL_LEVEL | RESIDUAL_REGIME_LEVEL,adjacent_cluster_midpoint | base_cluster | base_plus_+11 | base_plus_+13 | base_plus_+3 | base_plus_+5 | base_plus_+8 | base_plus_-11 | base_plus_-13 | base_plus_-3 | base_plus_-5 | base_plus_-8 | nearest_quarter_variant | prior_level_median_residual | prior_regime_level_median_residual,4568.795,20.955,False,False,ORIGINAL_ORACLE_PRESERVED,0.0,False,False,SUPERSET_OK_GT10,False,False
2026-06-01,2026-05-29,L7,RANGE_NORMAL_60_120,CLOSE_POS_MIDDLE_THIRD,ROWS_EXTENDED_11_PLUS,4541.13,PREV_CLOSE_PROXY,,NEUTRAL,4521.97,4529.70604,7.73604,False,False,MODE_B_EMA_CHANNEL_DIRECTION_HEAVY,1.0,prior_range_fraction::prev_range_0.382,4529.70604,7.73604,False,False,MICRO_OFFSET | MID_GAP | ORIGINAL_CLUSTER | QUARTER_ROUNDING | RESIDUAL_LEVEL | RESIDUAL_REGIME_LEVEL,adjacent_cluster_midpoint | base_cluster | base_plus_+11 | base_plus_+13 | base_plus_+3 | base_plus_+5 | base_plus_+8 | base_plus_-11 | base_plus_-13 | base_plus_-3 | base_plus_-5 | base_plus_-8 | nearest_quarter_variant | prior_level_median_residual | prior_regime_level_median_residual,4529.70604,7.73604,False,False,ORIGINAL_ORACLE_PRESERVED,0.0,False,False,SUPERSET_OK_WITHIN_10,False,False
2026-06-02,2026-06-01,L4,RANGE_NORMAL_60_120,CLOSE_POS_MIDDLE_THIRD,ROWS_SPARSE_1_8,4484.66,PREV_CLOSE_PROXY,,NEUTRAL,4489.47,4494.793333,5.323333,False,False,MODE_B_EMA_CHANNEL_DIRECTION_HEAVY,3.0,prior_hlc::previous_pivot_hlc3 | green_box_quarter::green_box_1_75pct | prior_hlc::previous_mid,4511.359167,21.889167,False,False,MICRO_OFFSET | MID_GAP | ORIGINAL_CLUSTER | QUARTER_ROUNDING | RESIDUAL_LEVEL | RESIDUAL_REGIME_LEVEL,adjacent_cluster_midpoint | base_cluster | base_plus_+11 | base_plus_+13 | base_plus_+3 | base_plus_+5 | base_plus_+8 | base_plus_-11 | base_plus_-13 | base_plus_-3 | base_plus_-5 | base_plus_-8 | nearest_quarter_variant | prior_level_median_residual | prior_regime_level_median_residual,4494.793333,5.323333,False,False,ORIGINAL_ORACLE_PRESERVED,16.565834,True,False,EXPANSION_SUPERSET_VIOLATION_WORSE_ERROR,False,False
2026-06-02,2026-06-01,L5,RANGE_NORMAL_60_120,CLOSE_POS_MIDDLE_THIRD,ROWS_SPARSE_1_8,4484.66,PREV_CLOSE_PROXY,,NEUTRAL,4457.53,4459.755,2.225,True,True,MODE_A_LIVE_PROXIMITY_HEAVY,4.0,prior_range_fraction::prev_range_0.125,4478.2875,20.7575,False,False,MICRO_OFFSET | MID_GAP | ORIGINAL_CLUSTER | QUARTER_ROUNDING | RESIDUAL_LEVEL | RESIDUAL_REGIME_LEVEL,adjacent_cluster_midpoint | base_cluster | base_plus_+11 | base_plus_+13 | base_plus_+3 | base_plus_+5 | base_plus_+8 | base_plus_-11 | base_plus_-13 | base_plus_-3 | base_plus_-5 | base_plus_-8 | nearest_quarter_variant | prior_level_median_residual | prior_regime_level_median_residual,4459.755,2.225,True,True,ORIGINAL_ORACLE_PRESERVED,18.5325,True,True,EXPANSION_SUPERSET_VIOLATION_LOST_WITHIN_5,False,False
2026-06-02,2026-06-01,L6,RANGE_NORMAL_60_120,CLOSE_POS_MIDDLE_THIRD,ROWS_SPARSE_1_8,4484.66,PREV_CLOSE_PROXY,,NEUTRAL,4426.17,4417.4,8.77,False,False,MODE_B_EMA_CHANNEL_DIRECTION_HEAVY,5.0,red_box_edge::red_edge_2,4444.755,18.585,False,False,MICRO_OFFSET | MID_GAP | ORIGINAL_CLUSTER | QUARTER_ROUNDING | RESIDUAL_LEVEL | RESIDUAL_REGIME_LEVEL,adjacent_cluster_midpoint | base_cluster | base_plus_+11 | base_plus_+13 | base_plus_+3 | base_plus_+5 | base_plus_+8 | base_plus_-11 | base_plus_-13 | base_plus_-3 | base_plus_-5 | base_plus_-8 | nearest_quarter_variant | prior_level_median_residual | prior_regime_level_median_residual,4417.4,8.77,False,False,ORIGINAL_ORACLE_PRESERVED,9.815,True,False,EXPANSION_SUPERSET_VIOLATION_WORSE_ERROR,False,False
2026-06-02,2026-06-01,L7,RANGE_NORMAL_60_120,CLOSE_POS_MIDDLE_THIRD,ROWS_SPARSE_1_8,4484.66,PREV_CLOSE_PROXY,,NEUTRAL,4396.14,4369.085,27.055,False,False,MODE_B_EMA_CHANNEL_DIRECTION_HEAVY,3.0,red_box_quarter::red_box_3_75pct,4369.085,27.055,False,False,MICRO_OFFSET | MID_GAP | ORIGINAL_CLUSTER | QUARTER_ROUNDING | RESIDUAL_LEVEL | RESIDUAL_REGIME_LEVEL,adjacent_cluster_midpoint | base_cluster | base_plus_+11 | base_plus_+13 | base_plus_+3 | base_plus_+5 | base_plus_+8 | base_plus_-11 | base_plus_-13 | base_plus_-3 | base_plus_-5 | base_plus_-8 | nearest_quarter_variant | prior_level_median_residual | prior_regime_level_median_residual,4369.085,27.055,False,False,ORIGINAL_ORACLE_PRESERVED,0.0,False,False,SUPERSET_OK_GT10,False,False
2026-06-03,2026-06-02,L4,RANGE_NORMAL_60_120,CLOSE_POS_LOWER_THIRD,ROWS_STANDARD_9_10,4487.83,PREV_CLOSE_PROXY,,NEUTRAL,4539.09,4530.79375,8.29625,False,False,MODE_D_NEAREST_VALID_LADDER,1.0,green_box_quarter::green_box_2_25pct,4514.110209,24.979791,False,False,MICRO_OFFSET | MID_GAP | ORIGINAL_CLUSTER | QUARTER_ROUNDING | RESIDUAL_LEVEL | RESIDUAL_REGIME_LEVEL,adjacent_cluster_midpoint | base_cluster | base_plus_+11 | base_plus_+13 | base_plus_+3 | base_plus_+5 | base_plus_+8 | base_plus_-11 | base_plus_-13 | base_plus_-3 | base_plus_-5 | base_plus_-8 | nearest_quarter_variant | prior_level_median_residual | prior_regime_level_median_residual,4530.79375,8.29625,False,False,ORIGINAL_ORACLE_PRESERVED,16.683541,True,False,EXPANSION_SUPERSET_VIOLATION_WORSE_ERROR,False,False
2026-06-03,2026-06-02,L5,RANGE_NORMAL_60_120,CLOSE_POS_LOWER_THIRD,ROWS_STANDARD_9_10,4487.83,PREV_CLOSE_PROXY,,NEUTRAL,4513.17,4521.8625,8.6925,False,False,MODE_C_BALANCED,1.0,prior_range_fraction::prev_range_0.75,4521.8625,8.6925,False,False,MICRO_OFFSET | MID_GAP | ORIGINAL_CLUSTER | QUARTER_ROUNDING | RESIDUAL_LEVEL | RESIDUAL_REGIME_LEVEL,adjacent_cluster_midpoint | base_cluster | base_plus_+11 | base_plus_+13 | base_plus_+3 | base_plus_+5 | base_plus_+8 | base_plus_-11 | base_plus_-13 | base_plus_-3 | base_plus_-5 | base_plus_-8 | nearest_quarter_variant | prior_level_median_residual | prior_regime_level_median_residual,4521.8625,8.6925,False,False,ORIGINAL_ORACLE_PRESERVED,0.0,False,False,SUPERSET_OK_WITHIN_10,False,False
2026-06-03,2026-06-02,L7,RANGE_NORMAL_60_120,CLOSE_POS_LOWER_THIRD,ROWS_STANDARD_9_10,4487.83,PREV_CLOSE_PROXY,,NEUTRAL,4455.8,4462.95,7.15,False,False,MODE_C_BALANCED,2.0,prior_hlc::previous_low,4446.075,9.725,False,False,MICRO_OFFSET | MID_GAP | ORIGINAL_CLUSTER | QUARTER_ROUNDING | RESIDUAL_LEVEL | RESIDUAL_REGIME_LEVEL,adjacent_cluster_midpoint | base_cluster | base_plus_+11 | base_plus_+13 | base_plus_+3 | base_plus_+5 | base_plus_+8 | base_plus_-11 | base_plus_-13 | base_plus_-3 | base_plus_-5 | base_plus_-8 | nearest_quarter_variant | prior_level_median_residual | prior_regime_level_median_residual,4462.95,7.15,False,False,ORIGINAL_ORACLE_PRESERVED,2.575,True,False,EXPANSION_SUPERSET_VIOLATION_WORSE_ERROR,False,False
2026-06-04,2026-06-03,L6,RANGE_NORMAL_60_120,CLOSE_POS_LOWER_THIRD,ROWS_SPARSE_1_8,4434.35,PREV_CLOSE_PROXY,,NEUTRAL,4399.02,4396.38,2.64,True,True,MODE_B_EMA_CHANNEL_DIRECTION_HEAVY,3.0,red_box_edge::red_edge_2,4408.94125,9.92125,False,False,MICRO_OFFSET | MID_GAP | ORIGINAL_CLUSTER | QUARTER_ROUNDING | RESIDUAL_LEVEL | RESIDUAL_REGIME_LEVEL,adjacent_cluster_midpoint | base_cluster | base_plus_+11 | base_plus_+13 | base_plus_+3 | base_plus_+5 | base_plus_+8 | base_plus_-11 | base_plus_-13 | base_plus_-3 | base_plus_-5 | base_plus_-8 | nearest_quarter_variant | prior_level_median_residual | prior_regime_level_median_residual,4396.38,2.64,True,True,ORIGINAL_ORACLE_PRESERVED,7.28125,True,True,EXPANSION_SUPERSET_VIOLATION_LOST_WITHIN_5,False,False
2026-06-04,2026-06-03,L7,RANGE_NORMAL_60_120,CLOSE_POS_LOWER_THIRD,ROWS_SPARSE_1_8,4434.35,PREV_CLOSE_PROXY,,NEUTRAL,4371.46,4371.2575,0.2025,True,True,MODE_B_EMA_CHANNEL_DIRECTION_HEAVY,1.0,red_box_midline::red_mid_3,4390.099375,18.639375,False,False,MICRO_OFFSET | MID_GAP | ORIGINAL_CLUSTER | QUARTER_ROUNDING | RESIDUAL_LEVEL | RESIDUAL_REGIME_LEVEL,adjacent_cluster_midpoint | base_cluster | base_plus_+11 | base_plus_+13 | base_plus_+3 | base_plus_+5 | base_plus_+8 | base_plus_-11 | base_plus_-13 | base_plus_-3 | base_plus_-5 | base_plus_-8 | nearest_quarter_variant | prior_level_median_residual | prior_regime_level_median_residual,4371.2575,0.2025,True,True,ORIGINAL_ORACLE_PRESERVED,18.436875,True,True,EXPANSION_SUPERSET_VIOLATION_LOST_WITHIN_5,False,False
2026-06-05,2026-06-04,L4,RANGE_NORMAL_60_120,CLOSE_POS_MIDDLE_THIRD,ROWS_STANDARD_9_10,4475.16,PREV_CLOSE_PROXY,,NEUTRAL,4514.07,4515.06,0.99,True,True,MODE_C_BALANCED,2.0,green_box_midline::green_mid_2,4499.865,14.205,False,False,MICRO_OFFSET | MID_GAP | ORIGINAL_CLUSTER | QUARTER_ROUNDING | RESIDUAL_LEVEL | RESIDUAL_REGIME_LEVEL,adjacent_cluster_midpoint | base_cluster | base_plus_+11 | base_plus_+13 | base_plus_+3 | base_plus_+5 | base_plus_+8 | base_plus_-11 | base_plus_-13 | base_plus_-3 | base_plus_-5 | base_plus_-8 | nearest_quarter_variant | prior_level_median_residual | prior_regime_level_median_residual,4515.06,0.99,True,True,ORIGINAL_ORACLE_PRESERVED,13.215,True,True,EXPANSION_SUPERSET_VIOLATION_LOST_WITHIN_5,False,False
2026-06-05,2026-06-04,L5,RANGE_NORMAL_60_120,CLOSE_POS_MIDDLE_THIRD,ROWS_STANDARD_9_10,4475.16,PREV_CLOSE_PROXY,,NEUTRAL,4489.65,4484.67,4.98,False,True,MODE_C_BALANCED,1.0,green_box_edge::green_edge_1,4470.62148,19.02852,False,False,MICRO_OFFSET | MID_GAP | ORIGINAL_CLUSTER | QUARTER_ROUNDING | RESIDUAL_LEVEL | RESIDUAL_REGIME_LEVEL,adjacent_cluster_midpoint | base_cluster | base_plus_+11 | base_plus_+13 | base_plus_+3 | base_plus_+5 | base_plus_+8 | base_plus_-11 | base_plus_-13 | base_plus_-3 | base_plus_-5 | base_plus_-8 | nearest_quarter_variant | prior_level_median_residual | prior_regime_level_median_residual,4484.67,4.98,False,True,ORIGINAL_ORACLE_PRESERVED,14.04852,True,True,EXPANSION_SUPERSET_VIOLATION_LOST_WITHIN_5,False,False
2026-06-05,2026-06-04,L6,RANGE_NORMAL_60_120,CLOSE_POS_MIDDLE_THIRD,ROWS_STANDARD_9_10,4475.16,PREV_CLOSE_PROXY,,NEUTRAL,4460.74,4454.67,6.07,False,False,MODE_C_BALANCED,1.0,red_box_edge::red_edge_1,4477.4625,16.7225,False,False,MICRO_OFFSET | MID_GAP | ORIGINAL_CLUSTER | QUARTER_ROUNDING | RESIDUAL_LEVEL | RESIDUAL_REGIME_LEVEL,adjacent_cluster_midpoint | base_cluster | base_plus_+11 | base_plus_+13 | base_plus_+3 | base_plus_+5 | base_plus_+8 | base_plus_-11 | base_plus_-13 | base_plus_-3 | base_plus_-5 | base_plus_-8 | nearest_quarter_variant | prior_level_median_residual | prior_regime_level_median_residual,4454.67,6.07,False,False,ORIGINAL_ORACLE_PRESERVED,10.6525,True,False,EXPANSION_SUPERSET_VIOLATION_WORSE_ERROR,False,False
2026-06-05,2026-06-04,L7,RANGE_NORMAL_60_120,CLOSE_POS_MIDDLE_THIRD,ROWS_STANDARD_9_10,4475.16,PREV_CLOSE_PROXY,,NEUTRAL,4432.43,4439.475,7.045,False,False,MODE_C_BALANCED,1.0,red_box_quarter::red_box_2_25pct,4440.52398,8.09398,False,False,MICRO_OFFSET | MID_GAP | ORIGINAL_CLUSTER | QUARTER_ROUNDING | RESIDUAL_LEVEL | RESIDUAL_REGIME_LEVEL,adjacent_cluster_midpoint | base_cluster | base_plus_+11 | base_plus_+13 | base_plus_+3 | base_plus_+5 | base_plus_+8 | base_plus_-11 | base_plus_-13 | base_plus_-3 | base_plus_-5 | base_plus_-8 | nearest_quarter_variant | prior_level_median_residual | prior_regime_level_median_residual,4439.475,7.045,False,False,ORIGINAL_ORACLE_PRESERVED,1.04898,True,False,EXPANSION_SUPERSET_VIOLATION_WORSE_ERROR,False,False
2026-06-08,2026-06-05,L4,RANGE_WIDE_120_220,CLOSE_POS_LOWER_THIRD,ROWS_STANDARD_9_10,4328.02,PREV_CLOSE_PROXY,,NEUTRAL,4373.8,4377.54456,3.74456,False,True,MODE_B_EMA_CHANNEL_DIRECTION_HEAVY,4.0,prior_range_fraction::prev_range_0.382,4378.379972,4.579972,False,True,MICRO_OFFSET | MID_GAP | ORIGINAL_CLUSTER | QUARTER_ROUNDING | RESIDUAL_LEVEL | RESIDUAL_REGIME_LEVEL,adjacent_cluster_midpoint | base_cluster | base_plus_+11 | base_plus_+13 | base_plus_+3 | base_plus_+5 | base_plus_+8 | base_plus_-11 | base_plus_-13 | base_plus_-3 | base_plus_-5 | base_plus_-8 | nearest_quarter_variant | prior_level_median_residual | prior_regime_level_median_residual,4377.54456,3.74456,False,True,ORIGINAL_ORACLE_PRESERVED,0.835412,True,False,EXPANSION_SUPERSET_VIOLATION_WORSE_ERROR,False,False
2026-06-08,2026-06-05,L5,RANGE_WIDE_120_220,CLOSE_POS_LOWER_THIRD,ROWS_STANDARD_9_10,4328.02,PREV_CLOSE_PROXY,,NEUTRAL,4347.87,4354.83,6.96,False,False,MODE_D_NEAREST_VALID_LADDER,3.0,prior_range_fraction::prev_range_0.25,4355.435,7.565,False,False,MICRO_OFFSET | MID_GAP | ORIGINAL_CLUSTER | QUARTER_ROUNDING | RESIDUAL_LEVEL | RESIDUAL_REGIME_LEVEL,adjacent_cluster_midpoint | base_cluster | base_plus_+11 | base_plus_+13 | base_plus_+3 | base_plus_+5 | base_plus_+8 | base_plus_-11 | base_plus_-13 | base_plus_-3 | base_plus_-5 | base_plus_-8 | nearest_quarter_variant | prior_level_median_residual | prior_regime_level_median_residual,4354.83,6.96,False,False,ORIGINAL_ORACLE_PRESERVED,0.605,True,False,EXPANSION_SUPERSET_VIOLATION_WORSE_ERROR,False,False
2026-06-08,2026-06-05,L6,RANGE_WIDE_120_220,CLOSE_POS_LOWER_THIRD,ROWS_STANDARD_9_10,4328.02,PREV_CLOSE_PROXY,,NEUTRAL,4310.51,4309.44,1.07,True,True,MODE_C_BALANCED,1.0,red_box_quarter::red_box_2_75pct | prior_hlc::previous_low,4333.515,23.005,False,False,MICRO_OFFSET | MID_GAP | ORIGINAL_CLUSTER | QUARTER_ROUNDING | RESIDUAL_LEVEL | RESIDUAL_REGIME_LEVEL,adjacent_cluster_midpoint | base_cluster | base_plus_+11 | base_plus_+13 | base_plus_+3 | base_plus_+5 | base_plus_+8 | base_plus_-11 | base_plus_-13 | base_plus_-3 | base_plus_-5 | base_plus_-8 | nearest_quarter_variant | prior_level_median_residual | prior_regime_level_median_residual,4309.44,1.07,True,True,ORIGINAL_ORACLE_PRESERVED,21.935,True,True,EXPANSION_SUPERSET_VIOLATION_LOST_WITHIN_5,False,False
2026-06-08,2026-06-05,L7,RANGE_WIDE_120_220,CLOSE_POS_LOWER_THIRD,ROWS_STANDARD_9_10,4328.02,PREV_CLOSE_PROXY,,NEUTRAL,4281.09,4281.81,0.72,True,True,MODE_B_EMA_CHANNEL_DIRECTION_HEAVY,1.0,red_box_edge::red_edge_2,4284.18,3.09,False,True,MICRO_OFFSET | MID_GAP | ORIGINAL_CLUSTER | QUARTER_ROUNDING | RESIDUAL_LEVEL | RESIDUAL_REGIME_LEVEL,adjacent_cluster_midpoint | base_cluster | base_plus_+11 | base_plus_+13 | base_plus_+3 | base_plus_+5 | base_plus_+8 | base_plus_-11 | base_plus_-13 | base_plus_-3 | base_plus_-5 | base_plus_-8 | nearest_quarter_variant | prior_level_median_residual | prior_regime_level_median_residual,4281.81,0.72,True,True,ORIGINAL_ORACLE_PRESERVED,2.37,True,False,EXPANSION_SUPERSET_VIOLATION_WORSE_ERROR,False,False
2026-06-09,2026-06-08,L4,RANGE_NORMAL_60_120,CLOSE_POS_UPPER_THIRD,ROWS_SPARSE_1_8,4329.71,PREV_CLOSE_PROXY,,NEUTRAL,4370.04,4342.7725,27.2675,False,False,MODE_B_EMA_CHANNEL_DIRECTION_HEAVY,1.0,prior_range_fraction::prev_range_0.875,4335.895,34.145,False,False,MICRO_OFFSET | MID_GAP | ORIGINAL_CLUSTER | QUARTER_ROUNDING | RESIDUAL_LEVEL | RESIDUAL_REGIME_LEVEL,adjacent_cluster_midpoint | base_cluster | base_plus_+11 | base_plus_+13 | base_plus_+3 | base_plus_+5 | base_plus_+8 | base_plus_-11 | base_plus_-13 | base_plus_-3 | base_plus_-5 | base_plus_-8 | nearest_quarter_variant | prior_level_median_residual | prior_regime_level_median_residual,4342.7725,27.2675,False,False,ORIGINAL_ORACLE_PRESERVED,6.8775,True,False,EXPANSION_SUPERSET_VIOLATION_WORSE_ERROR,False,False
2026-06-09,2026-06-08,L5,RANGE_NORMAL_60_120,CLOSE_POS_UPPER_THIRD,ROWS_SPARSE_1_8,4329.71,PREV_CLOSE_PROXY,,NEUTRAL,4342.11,4332.145,9.965,False,False,MODE_D_NEAREST_VALID_LADDER,1.0,prior_range_fraction::prev_range_0.75,4321.5175,20.5925,False,False,MICRO_OFFSET | MID_GAP | ORIGINAL_CLUSTER | QUARTER_ROUNDING | RESIDUAL_LEVEL | RESIDUAL_REGIME_LEVEL,adjacent_cluster_midpoint | base_cluster | base_plus_+11 | base_plus_+13 | base_plus_+3 | base_plus_+5 | base_plus_+8 | base_plus_-11 | base_plus_-13 | base_plus_-3 | base_plus_-5 | base_plus_-8 | nearest_quarter_variant | prior_level_median_residual | prior_regime_level_median_residual,4332.145,9.965,False,False,ORIGINAL_ORACLE_PRESERVED,10.6275,True,False,EXPANSION_SUPERSET_VIOLATION_WORSE_ERROR,False,False
2026-06-09,2026-06-08,L6,RANGE_NORMAL_60_120,CLOSE_POS_UPPER_THIRD,ROWS_SPARSE_1_8,4329.71,PREV_CLOSE_PROXY,,NEUTRAL,4313.53,4311.5125,2.0175,True,True,MODE_C_BALANCED,1.0,green_box_quarter::green_box_1_75pct,4300.57375,12.95625,False,False,MICRO_OFFSET | MID_GAP | ORIGINAL_CLUSTER | QUARTER_ROUNDING | RESIDUAL_LEVEL | RESIDUAL_REGIME_LEVEL,adjacent_cluster_midpoint | base_cluster | base_plus_+11 | base_plus_+13 | base_plus_+3 | base_plus_+5 | base_plus_+8 | base_plus_-11 | base_plus_-13 | base_plus_-3 | base_plus_-5 | base_plus_-8 | nearest_quarter_variant | prior_level_median_residual | prior_regime_level_median_residual,4311.5125,2.0175,True,True,ORIGINAL_ORACLE_PRESERVED,10.93875,True,True,EXPANSION_SUPERSET_VIOLATION_LOST_WITHIN_5,False,False
2026-06-09,2026-06-08,L7,RANGE_NORMAL_60_120,CLOSE_POS_UPPER_THIRD,ROWS_SPARSE_1_8,4329.71,PREV_CLOSE_PROXY,,NEUTRAL,4284.94,4279.0075,5.9325,False,False,MODE_C_BALANCED,1.0,prior_range_fraction::prev_range_0.125,4273.3825,11.5575,False,False,MICRO_OFFSET | MID_GAP | ORIGINAL_CLUSTER | QUARTER_ROUNDING | RESIDUAL_LEVEL | RESIDUAL_REGIME_LEVEL,adjacent_cluster_midpoint | base_cluster | base_plus_+11 | base_plus_+13 | base_plus_+3 | base_plus_+5 | base_plus_+8 | base_plus_-11 | base_plus_-13 | base_plus_-3 | base_plus_-5 | base_plus_-8 | nearest_quarter_variant | prior_level_median_residual | prior_regime_level_median_residual,4279.0075,5.9325,False,False,ORIGINAL_ORACLE_PRESERVED,5.625,True,False,EXPANSION_SUPERSET_VIOLATION_WORSE_ERROR,False,False
2026-06-10,2026-06-09,L4,RANGE_WIDE_120_220,CLOSE_POS_LOWER_THIRD,ROWS_STANDARD_9_10,4259.46,PREV_CLOSE_PROXY,,NEUTRAL,4253.47,4279.123291,25.653291,False,False,MODE_B_EMA_CHANNEL_DIRECTION_HEAVY,4.0,prior_range_fraction::prev_range_0.333333,4297.191106,43.721105,False,False,MICRO_OFFSET | MID_GAP | ORIGINAL_CLUSTER | QUARTER_ROUNDING | RESIDUAL_LEVEL | RESIDUAL_REGIME_LEVEL,adjacent_cluster_midpoint | base_cluster | base_plus_+11 | base_plus_+13 | base_plus_+3 | base_plus_+5 | base_plus_+8 | base_plus_-11 | base_plus_-13 | base_plus_-3 | base_plus_-5 | base_plus_-8 | nearest_quarter_variant | prior_level_median_residual | prior_regime_level_median_residual,4279.123291,25.653291,False,False,ORIGINAL_ORACLE_PRESERVED,18.067814,True,False,EXPANSION_SUPERSET_VIOLATION_WORSE_ERROR,False,False
2026-06-10,2026-06-09,L5,RANGE_WIDE_120_220,CLOSE_POS_LOWER_THIRD,ROWS_STANDARD_9_10,4259.46,PREV_CLOSE_PROXY,,NEUTRAL,4222.84,4259.46,36.62,False,False,MODE_D_NEAREST_VALID_LADDER,3.0,prior_hlc::previous_close,4272.718333,49.878333,False,False,MICRO_OFFSET | MID_GAP | ORIGINAL_CLUSTER | QUARTER_ROUNDING | RESIDUAL_LEVEL | RESIDUAL_REGIME_LEVEL,adjacent_cluster_midpoint | base_cluster | base_plus_+11 | base_plus_+13 | base_plus_+3 | base_plus_+5 | base_plus_+8 | base_plus_-11 | base_plus_-13 | base_plus_-3 | base_plus_-5 | base_plus_-8 | nearest_quarter_variant | prior_level_median_residual | prior_regime_level_median_residual,4259.46,36.62,False,False,ORIGINAL_ORACLE_PRESERVED,13.258333,True,False,EXPANSION_SUPERSET_VIOLATION_WORSE_ERROR,False,False
2026-06-10,2026-06-09,L6,RANGE_WIDE_120_220,CLOSE_POS_LOWER_THIRD,ROWS_STANDARD_9_10,4259.46,PREV_CLOSE_PROXY,,NEUTRAL,4186.38,4226.4275,40.0475,False,False,MODE_B_EMA_CHANNEL_DIRECTION_HEAVY,1.0,red_box_quarter::red_box_2_75pct,4246.045,59.665,False,False,MICRO_OFFSET | MID_GAP | ORIGINAL_CLUSTER | QUARTER_ROUNDING | RESIDUAL_LEVEL | RESIDUAL_REGIME_LEVEL,adjacent_cluster_midpoint | base_cluster | base_plus_+11 | base_plus_+13 | base_plus_+3 | base_plus_+5 | base_plus_+8 | base_plus_-11 | base_plus_-13 | base_plus_-3 | base_plus_-5 | base_plus_-8 | nearest_quarter_variant | prior_level_median_residual | prior_regime_level_median_residual,4226.4275,40.0475,False,False,ORIGINAL_ORACLE_PRESERVED,19.6175,True,False,EXPANSION_SUPERSET_VIOLATION_WORSE_ERROR,False,False
2026-06-10,2026-06-09,L7,RANGE_WIDE_120_220,CLOSE_POS_LOWER_THIRD,ROWS_STANDARD_9_10,4259.46,PREV_CLOSE_PROXY,,NEUTRAL,4144.02,4187.1925,43.1725,False,False,MODE_D_NEAREST_VALID_LADDER,2.0,red_box_quarter::red_box_3_25pct,4212.00125,67.98125,False,False,MICRO_OFFSET | MID_GAP | ORIGINAL_CLUSTER | QUARTER_ROUNDING | RESIDUAL_LEVEL | RESIDUAL_REGIME_LEVEL,adjacent_cluster_midpoint | base_cluster | base_plus_+11 | base_plus_+13 | base_plus_+3 | base_plus_+5 | base_plus_+8 | base_plus_-11 | base_plus_-13 | base_plus_-3 | base_plus_-5 | base_plus_-8 | nearest_quarter_variant | prior_level_median_residual | prior_regime_level_median_residual,4187.1925,43.1725,False,False,ORIGINAL_ORACLE_PRESERVED,24.80875,True,False,EXPANSION_SUPERSET_VIOLATION_WORSE_ERROR,False,False
2026-06-11,2026-06-10,L4,RANGE_WIDE_120_220,CLOSE_POS_LOWER_THIRD,ROWS_EXTENDED_11_PLUS,4071.32,PREV_CLOSE_PROXY,,NEUTRAL,4194.64,4257.92,63.28,False,False,MODE_B_EMA_CHANNEL_DIRECTION_HEAVY,1.0,prior_hlc::previous_high,4272.92,78.28,False,False,MICRO_OFFSET | MID_GAP | ORIGINAL_CLUSTER | QUARTER_ROUNDING | RESIDUAL_LEVEL | RESIDUAL_REGIME_LEVEL,adjacent_cluster_midpoint | base_cluster | base_plus_+11 | base_plus_+13 | base_plus_+3 | base_plus_+5 | base_plus_+8 | base_plus_-11 | base_plus_-13 | base_plus_-3 | base_plus_-5 | base_plus_-8 | nearest_quarter_variant | prior_level_median_residual | prior_regime_level_median_residual,4257.92,63.28,False,False,ORIGINAL_ORACLE_PRESERVED,15.0,True,False,EXPANSION_SUPERSET_VIOLATION_WORSE_ERROR,False,False
2026-06-11,2026-06-10,L5,RANGE_WIDE_120_220,CLOSE_POS_LOWER_THIRD,ROWS_EXTENDED_11_PLUS,4071.32,PREV_CLOSE_PROXY,,NEUTRAL,4165.1,4202.7,37.6,False,False,MODE_B_EMA_CHANNEL_DIRECTION_HEAVY,3.0,red_box_midline::red_mid_1,4218.38,53.28,False,False,MICRO_OFFSET | MID_GAP | ORIGINAL_CLUSTER | QUARTER_ROUNDING | RESIDUAL_LEVEL | RESIDUAL_REGIME_LEVEL,adjacent_cluster_midpoint | base_cluster | base_plus_+11 | base_plus_+13 | base_plus_+3 | base_plus_+5 | base_plus_+8 | base_plus_-11 | base_plus_-13 | base_plus_-3 | base_plus_-5 | base_plus_-8 | nearest_quarter_variant | prior_level_median_residual | prior_regime_level_median_residual,4202.7,37.6,False,False,ORIGINAL_ORACLE_PRESERVED,15.68,True,False,EXPANSION_SUPERSET_VIOLATION_WORSE_ERROR,False,False
2026-06-11,2026-06-10,L6,RANGE_WIDE_120_220,CLOSE_POS_LOWER_THIRD,ROWS_EXTENDED_11_PLUS,4071.32,PREV_CLOSE_PROXY,,NEUTRAL,4130.78,4149.87,19.09,False,False,MODE_A_LIVE_PROXIMITY_HEAVY,2.0,green_box_quarter::green_box_1_75pct,4167.43692,36.65692,False,False,MICRO_OFFSET | MID_GAP | ORIGINAL_CLUSTER | QUARTER_ROUNDING | RESIDUAL_LEVEL | RESIDUAL_REGIME_LEVEL,adjacent_cluster_midpoint | base_cluster | base_plus_+11 | base_plus_+13 | base_plus_+3 | base_plus_+5 | base_plus_+8 | base_plus_-11 | base_plus_-13 | base_plus_-3 | base_plus_-5 | base_plus_-8 | nearest_quarter_variant | prior_level_median_residual | prior_regime_level_median_residual,4149.87,19.09,False,False,ORIGINAL_ORACLE_PRESERVED,17.56692,True,False,EXPANSION_SUPERSET_VIOLATION_WORSE_ERROR,False,False
2026-06-11,2026-06-10,L7,RANGE_WIDE_120_220,CLOSE_POS_LOWER_THIRD,ROWS_EXTENDED_11_PLUS,4071.32,PREV_CLOSE_PROXY,,NEUTRAL,4097.25,4090.9,6.35,False,False,MODE_C_BALANCED,1.0,prior_range_fraction::prev_range_0.125,4076.8375,20.4125,False,False,MICRO_OFFSET | MID_GAP | ORIGINAL_CLUSTER | QUARTER_ROUNDING | RESIDUAL_LEVEL | RESIDUAL_REGIME_LEVEL,adjacent_cluster_midpoint | base_cluster | base_plus_+11 | base_plus_+13 | base_plus_+3 | base_plus_+5 | base_plus_+8 | base_plus_-11 | base_plus_-13 | base_plus_-3 | base_plus_-5 | base_plus_-8 | nearest_quarter_variant | prior_level_median_residual | prior_regime_level_median_residual,4090.9,6.35,False,False,ORIGINAL_ORACLE_PRESERVED,14.0625,True,False,EXPANSION_SUPERSET_VIOLATION_WORSE_ERROR,False,False
2026-06-12,2026-06-11,L4,RANGE_WIDE_120_220,CLOSE_POS_UPPER_THIRD,ROWS_EXTENDED_11_PLUS,4210.77,PREV_CLOSE_PROXY,,NEUTRAL,4220.33,4250.14,29.81,False,False,MODE_B_EMA_CHANNEL_DIRECTION_HEAVY,2.0,green_box_edge::green_edge_2,4164.430625,55.899375,False,False,MICRO_OFFSET | MID_GAP | ORIGINAL_CLUSTER | QUARTER_ROUNDING | RESIDUAL_LEVEL | RESIDUAL_REGIME_LEVEL,adjacent_cluster_midpoint | base_cluster | base_plus_+11 | base_plus_+13 | base_plus_+3 | base_plus_+5 | base_plus_+8 | base_plus_-11 | base_plus_-13 | base_plus_-3 | base_plus_-5 | base_plus_-8 | nearest_quarter_variant | prior_level_median_residual | prior_regime_level_median_residual,4250.14,29.81,False,False,ORIGINAL_ORACLE_PRESERVED,26.089375,True,False,EXPANSION_SUPERSET_VIOLATION_WORSE_ERROR,False,False
2026-06-12,2026-06-11,L7,RANGE_WIDE_120_220,CLOSE_POS_UPPER_THIRD,ROWS_EXTENDED_11_PLUS,4210.77,PREV_CLOSE_PROXY,,NEUTRAL,4130.89,4135.28875,4.39875,False,True,MODE_B_EMA_CHANNEL_DIRECTION_HEAVY,2.0,red_box_quarter::red_box_1_75pct,4136.146875,5.256875,False,False,MICRO_OFFSET | MID_GAP | ORIGINAL_CLUSTER | QUARTER_ROUNDING | RESIDUAL_LEVEL | RESIDUAL_REGIME_LEVEL,adjacent_cluster_midpoint | base_cluster | base_plus_+11 | base_plus_+13 | base_plus_+3 | base_plus_+5 | base_plus_+8 | base_plus_-11 | base_plus_-13 | base_plus_-3 | base_plus_-5 | base_plus_-8 | nearest_quarter_variant | prior_level_median_residual | prior_regime_level_median_residual,4135.28875,4.39875,False,True,ORIGINAL_ORACLE_PRESERVED,0.858125,True,True,EXPANSION_SUPERSET_VIOLATION_LOST_WITHIN_5,False,False
2026-06-15,2026-06-12,L4,RANGE_NORMAL_60_120,CLOSE_POS_MIDDLE_THIRD,ROWS_EXTENDED_11_PLUS,4218.5,PREV_CLOSE_PROXY,,NEUTRAL,4345.41,4289.91875,55.49125,False,False,MODE_B_EMA_CHANNEL_DIRECTION_HEAVY,4.0,green_box_quarter::green_box_3_25pct,4261.63,83.78,False,False,MICRO_OFFSET | MID_GAP | ORIGINAL_CLUSTER | QUARTER_ROUNDING | RESIDUAL_LEVEL | RESIDUAL_REGIME_LEVEL,adjacent_cluster_midpoint | base_cluster | base_plus_+11 | base_plus_+13 | base_plus_+3 | base_plus_+5 | base_plus_+8 | base_plus_-11 | base_plus_-13 | base_plus_-3 | base_plus_-5 | base_plus_-8 | nearest_quarter_variant | prior_level_median_residual | prior_regime_level_median_residual,4289.91875,55.49125,False,False,ORIGINAL_ORACLE_PRESERVED,28.28875,True,False,EXPANSION_SUPERSET_VIOLATION_WORSE_ERROR,False,False
2026-06-15,2026-06-12,L5,RANGE_NORMAL_60_120,CLOSE_POS_MIDDLE_THIRD,ROWS_EXTENDED_11_PLUS,4218.5,PREV_CLOSE_PROXY,,NEUTRAL,4313.94,4263.34125,50.59875,False,False,MODE_B_EMA_CHANNEL_DIRECTION_HEAVY,2.0,green_box_quarter::green_box_2_75pct,4237.171354,76.768646,False,False,MICRO_OFFSET | MID_GAP | ORIGINAL_CLUSTER | QUARTER_ROUNDING | RESIDUAL_LEVEL | RESIDUAL_REGIME_LEVEL,adjacent_cluster_midpoint | base_cluster | base_plus_+11 | base_plus_+13 | base_plus_+3 | base_plus_+5 | base_plus_+8 | base_plus_-11 | base_plus_-13 | base_plus_-3 | base_plus_-5 | base_plus_-8 | nearest_quarter_variant | prior_level_median_residual | prior_regime_level_median_residual,4263.34125,50.59875,False,False,ORIGINAL_ORACLE_PRESERVED,26.169896,True,False,EXPANSION_SUPERSET_VIOLATION_WORSE_ERROR,False,False
2026-06-15,2026-06-12,L6,RANGE_NORMAL_60_120,CLOSE_POS_MIDDLE_THIRD,ROWS_EXTENDED_11_PLUS,4218.5,PREV_CLOSE_PROXY,,NEUTRAL,4281.24,4227.5525,53.6875,False,False,MODE_D_NEAREST_VALID_LADDER,3.0,prior_range_fraction::prev_range_0.75,4198.93625,82.30375,False,False,MICRO_OFFSET | MID_GAP | ORIGINAL_CLUSTER | QUARTER_ROUNDING | RESIDUAL_LEVEL | RESIDUAL_REGIME_LEVEL,adjacent_cluster_midpoint | base_cluster | base_plus_+11 | base_plus_+13 | base_plus_+3 | base_plus_+5 | base_plus_+8 | base_plus_-11 | base_plus_-13 | base_plus_-3 | base_plus_-5 | base_plus_-8 | nearest_quarter_variant | prior_level_median_residual | prior_regime_level_median_residual,4227.5525,53.6875,False,False,ORIGINAL_ORACLE_PRESERVED,28.61625,True,False,EXPANSION_SUPERSET_VIOLATION_WORSE_ERROR,False,False
2026-06-15,2026-06-12,L7,RANGE_NORMAL_60_120,CLOSE_POS_MIDDLE_THIRD,ROWS_EXTENDED_11_PLUS,4218.5,PREV_CLOSE_PROXY,,NEUTRAL,4248.13,4198.18396,49.94604,False,False,MODE_C_BALANCED,1.0,green_box_midline::green_mid_1 | prior_range_fraction::prev_range_0.382,4198.18396,49.94604,False,False,MICRO_OFFSET | MID_GAP | ORIGINAL_CLUSTER | QUARTER_ROUNDING | RESIDUAL_LEVEL | RESIDUAL_REGIME_LEVEL,adjacent_cluster_midpoint | base_cluster | base_plus_+11 | base_plus_+13 | base_plus_+3 | base_plus_+5 | base_plus_+8 | base_plus_-11 | base_plus_-13 | base_plus_-3 | base_plus_-5 | base_plus_-8 | nearest_quarter_variant | prior_level_median_residual | prior_regime_level_median_residual,4198.18396,49.94604,False,False,ORIGINAL_ORACLE_PRESERVED,0.0,False,False,SUPERSET_OK_GT10,False,False
2026-06-16,2026-06-15,L4,RANGE_NORMAL_60_120,CLOSE_POS_MIDDLE_THIRD,ROWS_STANDARD_9_10,4309.03,PREV_CLOSE_PROXY,,NEUTRAL,4358.15,4364.7475,6.5975,False,False,MODE_C_BALANCED,1.0,green_box_midline::green_mid_2,4347.31125,10.83875,False,False,MICRO_OFFSET | MID_GAP | ORIGINAL_CLUSTER | QUARTER_ROUNDING | RESIDUAL_LEVEL | RESIDUAL_REGIME_LEVEL,adjacent_cluster_midpoint | base_cluster | base_plus_+11 | base_plus_+13 | base_plus_+3 | base_plus_+5 | base_plus_+8 | base_plus_-11 | base_plus_-13 | base_plus_-3 | base_plus_-5 | base_plus_-8 | nearest_quarter_variant | prior_level_median_residual | prior_regime_level_median_residual,4364.7475,6.5975,False,False,ORIGINAL_ORACLE_PRESERVED,4.24125,True,False,EXPANSION_SUPERSET_VIOLATION_WORSE_ERROR,False,False
2026-06-16,2026-06-15,L5,RANGE_NORMAL_60_120,CLOSE_POS_MIDDLE_THIRD,ROWS_STANDARD_9_10,4309.03,PREV_CLOSE_PROXY,,NEUTRAL,4329.57,4329.875,0.305,True,True,MODE_C_BALANCED,1.0,green_box_edge::green_edge_1,4312.43875,17.13125,False,False,MICRO_OFFSET | MID_GAP | ORIGINAL_CLUSTER | QUARTER_ROUNDING | RESIDUAL_LEVEL | RESIDUAL_REGIME_LEVEL,adjacent_cluster_midpoint | base_cluster | base_plus_+11 | base_plus_+13 | base_plus_+3 | base_plus_+5 | base_plus_+8 | base_plus_-11 | base_plus_-13 | base_plus_-3 | base_plus_-5 | base_plus_-8 | nearest_quarter_variant | prior_level_median_residual | prior_regime_level_median_residual,4329.875,0.305,True,True,ORIGINAL_ORACLE_PRESERVED,16.82625,True,True,EXPANSION_SUPERSET_VIOLATION_LOST_WITHIN_5,False,False
2026-06-16,2026-06-15,L6,RANGE_NORMAL_60_120,CLOSE_POS_MIDDLE_THIRD,ROWS_STANDARD_9_10,4309.03,PREV_CLOSE_PROXY,,NEUTRAL,4300.22,4300.91509,0.69509,True,True,MODE_C_BALANCED,1.0,red_box_edge::red_edge_1 | prior_range_fraction::prev_range_0.382,4307.895045,7.675045,False,False,MICRO_OFFSET | MID_GAP | ORIGINAL_CLUSTER | QUARTER_ROUNDING | RESIDUAL_LEVEL | RESIDUAL_REGIME_LEVEL,adjacent_cluster_midpoint | base_cluster | base_plus_+11 | base_plus_+13 | base_plus_+3 | base_plus_+5 | base_plus_+8 | base_plus_-11 | base_plus_-13 | base_plus_-3 | base_plus_-5 | base_plus_-8 | nearest_quarter_variant | prior_level_median_residual | prior_regime_level_median_residual,4300.91509,0.69509,True,True,ORIGINAL_ORACLE_PRESERVED,6.979955,True,True,EXPANSION_SUPERSET_VIOLATION_LOST_WITHIN_5,False,False
2026-06-16,2026-06-15,L7,RANGE_NORMAL_60_120,CLOSE_POS_MIDDLE_THIRD,ROWS_STANDARD_9_10,4309.03,PREV_CLOSE_PROXY,,NEUTRAL,4271.91,4265.0025,6.9075,False,False,MODE_D_NEAREST_VALID_LADDER,1.0,red_box_midline::red_mid_2,4282.958795,11.048795,False,False,MICRO_OFFSET | MID_GAP | ORIGINAL_CLUSTER | QUARTER_ROUNDING | RESIDUAL_LEVEL | RESIDUAL_REGIME_LEVEL,adjacent_cluster_midpoint | base_cluster | base_plus_+11 | base_plus_+13 | base_plus_+3 | base_plus_+5 | base_plus_+8 | base_plus_-11 | base_plus_-13 | base_plus_-3 | base_plus_-5 | base_plus_-8 | nearest_quarter_variant | prior_level_median_residual | prior_regime_level_median_residual,4265.0025,6.9075,False,False,ORIGINAL_ORACLE_PRESERVED,4.141295,True,False,EXPANSION_SUPERSET_VIOLATION_WORSE_ERROR,False,False
2026-06-17,2026-06-16,L4,RANGE_COMPRESSED_0_60,CLOSE_POS_MIDDLE_THIRD,ROWS_STANDARD_9_10,4331.14,PREV_CLOSE_PROXY,,NEUTRAL,4385.49,4394.8675,9.3775,False,False,MODE_B_EMA_CHANNEL_DIRECTION_HEAVY,3.0,green_box_quarter::green_box_3_25pct,4369.95,15.54,False,False,MICRO_OFFSET | MID_GAP | ORIGINAL_CLUSTER | QUARTER_ROUNDING | RESIDUAL_LEVEL | RESIDUAL_REGIME_LEVEL,adjacent_cluster_midpoint | base_cluster | base_plus_+11 | base_plus_+13 | base_plus_+3 | base_plus_+5 | base_plus_+8 | base_plus_-11 | base_plus_-13 | base_plus_-3 | base_plus_-5 | base_plus_-8 | nearest_quarter_variant | prior_level_median_residual | prior_regime_level_median_residual,4394.8675,9.3775,False,False,ORIGINAL_ORACLE_PRESERVED,6.1625,True,False,EXPANSION_SUPERSET_VIOLATION_WORSE_ERROR,False,False
2026-06-17,2026-06-16,L5,RANGE_COMPRESSED_0_60,CLOSE_POS_MIDDLE_THIRD,ROWS_STANDARD_9_10,4331.14,PREV_CLOSE_PROXY,,NEUTRAL,4350.94,4342.615,8.325,False,False,MODE_C_BALANCED,1.0,prior_range_fraction::prev_range_0.75,4340.1975,10.7425,False,False,MICRO_OFFSET | MID_GAP | ORIGINAL_CLUSTER | QUARTER_ROUNDING | RESIDUAL_LEVEL | RESIDUAL_REGIME_LEVEL,adjacent_cluster_midpoint | base_cluster | base_plus_+11 | base_plus_+13 | base_plus_+3 | base_plus_+5 | base_plus_+8 | base_plus_-11 | base_plus_-13 | base_plus_-3 | base_plus_-5 | base_plus_-8 | nearest_quarter_variant | prior_level_median_residual | prior_regime_level_median_residual,4342.615,8.325,False,False,ORIGINAL_ORACLE_PRESERVED,2.4175,True,False,EXPANSION_SUPERSET_VIOLATION_WORSE_ERROR,False,False
2026-06-17,2026-06-16,L6,RANGE_COMPRESSED_0_60,CLOSE_POS_MIDDLE_THIRD,ROWS_STANDARD_9_10,4331.14,PREV_CLOSE_PROXY,,NEUTRAL,4322.25,4330.28,8.03,False,False,MODE_C_BALANCED,1.0,prior_hlc::previous_mid,4302.945,19.305,False,False,MICRO_OFFSET | MID_GAP | ORIGINAL_CLUSTER | QUARTER_ROUNDING | RESIDUAL_LEVEL | RESIDUAL_REGIME_LEVEL,adjacent_cluster_midpoint | base_cluster | base_plus_+11 | base_plus_+13 | base_plus_+3 | base_plus_+5 | base_plus_+8 | base_plus_-11 | base_plus_-13 | base_plus_-3 | base_plus_-5 | base_plus_-8 | nearest_quarter_variant | prior_level_median_residual | prior_regime_level_median_residual,4330.28,8.03,False,False,ORIGINAL_ORACLE_PRESERVED,11.275,True,False,EXPANSION_SUPERSET_VIOLATION_WORSE_ERROR,False,False
2026-06-18,2026-06-17,L4,RANGE_WIDE_120_220,CLOSE_POS_LOWER_THIRD,ROWS_SPARSE_1_8,4257.74,PREV_CLOSE_PROXY,,NEUTRAL,4293.9,4281.47172,12.42828,False,False,MODE_B_EMA_CHANNEL_DIRECTION_HEAVY,1.0,prior_range_fraction::prev_range_0.382,4281.47172,12.42828,False,False,MICRO_OFFSET | MID_GAP | ORIGINAL_CLUSTER | QUARTER_ROUNDING | RESIDUAL_LEVEL | RESIDUAL_REGIME_LEVEL,adjacent_cluster_midpoint | base_cluster | base_plus_+11 | base_plus_+13 | base_plus_+3 | base_plus_+5 | base_plus_+8 | base_plus_-11 | base_plus_-13 | base_plus_-3 | base_plus_-5 | base_plus_-8 | nearest_quarter_variant | prior_level_median_residual | prior_regime_level_median_residual,4281.47172,12.42828,False,False,ORIGINAL_ORACLE_PRESERVED,0.0,False,False,SUPERSET_OK_GT10,False,False
2026-06-18,2026-06-17,L5,RANGE_WIDE_120_220,CLOSE_POS_LOWER_THIRD,ROWS_SPARSE_1_8,4257.74,PREV_CLOSE_PROXY,,NEUTRAL,4262.79,4243.2125,19.5775,False,False,MODE_C_BALANCED,1.0,green_box_quarter::green_box_1_25pct,4243.185,19.605,False,False,MICRO_OFFSET | MID_GAP | ORIGINAL_CLUSTER | QUARTER_ROUNDING | RESIDUAL_LEVEL | RESIDUAL_REGIME_LEVEL,adjacent_cluster_midpoint | base_cluster | base_plus_+11 | base_plus_+13 | base_plus_+3 | base_plus_+5 | base_plus_+8 | base_plus_-11 | base_plus_-13 | base_plus_-3 | base_plus_-5 | base_plus_-8 | nearest_quarter_variant | prior_level_median_residual | prior_regime_level_median_residual,4243.2125,19.5775,False,False,ORIGINAL_ORACLE_PRESERVED,0.0275,True,False,EXPANSION_SUPERSET_VIOLATION_WORSE_ERROR,False,False
2026-06-18,2026-06-17,L6,RANGE_WIDE_120_220,CLOSE_POS_LOWER_THIRD,ROWS_SPARSE_1_8,4257.74,PREV_CLOSE_PROXY,,NEUTRAL,4235.68,4213.2125,22.4675,False,False,MODE_C_BALANCED,1.0,red_box_quarter::red_box_2_75pct,4213.2125,22.4675,False,False,MICRO_OFFSET | MID_GAP | ORIGINAL_CLUSTER | QUARTER_ROUNDING | RESIDUAL_LEVEL | RESIDUAL_REGIME_LEVEL,adjacent_cluster_midpoint | base_cluster | base_plus_+11 | base_plus_+13 | base_plus_+3 | base_plus_+5 | base_plus_+8 | base_plus_-11 | base_plus_-13 | base_plus_-3 | base_plus_-5 | base_plus_-8 | nearest_quarter_variant | prior_level_median_residual | prior_regime_level_median_residual,4213.2125,22.4675,False,False,ORIGINAL_ORACLE_PRESERVED,0.0,False,False,SUPERSET_OK_GT10,False,False
2026-06-18,2026-06-17,L7,RANGE_WIDE_120_220,CLOSE_POS_LOWER_THIRD,ROWS_SPARSE_1_8,4257.74,PREV_CLOSE_PROXY,,NEUTRAL,4203.55,4164.8475,38.7025,False,False,MODE_B_EMA_CHANNEL_DIRECTION_HEAVY,1.0,red_box_quarter::red_box_3_25pct,4164.8475,38.7025,False,False,MICRO_OFFSET | MID_GAP | ORIGINAL_CLUSTER | QUARTER_ROUNDING | RESIDUAL_LEVEL,adjacent_cluster_midpoint | base_cluster | base_plus_+11 | base_plus_+13 | base_plus_+3 | base_plus_+5 | base_plus_+8 | base_plus_-11 | base_plus_-13 | base_plus_-3 | base_plus_-5 | base_plus_-8 | nearest_quarter_variant | prior_level_median_residual,4164.8475,38.7025,False,False,ORIGINAL_ORACLE_PRESERVED,0.0,False,False,SUPERSET_OK_GT10,False,False
2026-06-19,2026-06-18,L4,RANGE_WIDE_120_220,CLOSE_POS_LOWER_THIRD,ROWS_STANDARD_9_10,4209.04,PREV_CLOSE_PROXY,,NEUTRAL,4332.32,4280.91738,51.40262,False,False,MODE_C_BALANCED,1.0,prior_range_fraction::prev_range_0.618,4280.91738,51.40262,False,False,MICRO_OFFSET | MID_GAP | ORIGINAL_CLUSTER | QUARTER_ROUNDING | RESIDUAL_LEVEL | RESIDUAL_REGIME_LEVEL,adjacent_cluster_midpoint | base_cluster | base_plus_+11 | base_plus_+13 | base_plus_+3 | base_plus_+5 | base_plus_+8 | base_plus_-11 | base_plus_-13 | base_plus_-3 | base_plus_-5 | base_plus_-8 | nearest_quarter_variant | prior_level_median_residual | prior_regime_level_median_residual,4280.91738,51.40262,False,False,ORIGINAL_ORACLE_PRESERVED,0.0,False,False,SUPERSET_OK_GT10,False,False
2026-06-19,2026-06-18,L5,RANGE_WIDE_120_220,CLOSE_POS_LOWER_THIRD,ROWS_STANDARD_9_10,4209.04,PREV_CLOSE_PROXY,,NEUTRAL,4301.82,4247.564146,54.255854,False,False,MODE_C_BALANCED,1.0,prior_range_fraction::prev_range_0.333333 | prior_hlc::previous_pivot_hlc3 | red_box_edge::red_edge_1,4247.564146,54.255854,False,False,MICRO_OFFSET | MID_GAP | ORIGINAL_CLUSTER | QUARTER_ROUNDING | RESIDUAL_LEVEL | RESIDUAL_REGIME_LEVEL,adjacent_cluster_midpoint | base_cluster | base_plus_+11 | base_plus_+13 | base_plus_+3 | base_plus_+5 | base_plus_+8 | base_plus_-11 | base_plus_-13 | base_plus_-3 | base_plus_-5 | base_plus_-8 | nearest_quarter_variant | prior_level_median_residual | prior_regime_level_median_residual,4247.564146,54.255854,False,False,ORIGINAL_ORACLE_PRESERVED,0.0,False,False,SUPERSET_OK_GT10,False,False
2026-06-19,2026-06-18,L6,RANGE_WIDE_120_220,CLOSE_POS_LOWER_THIRD,ROWS_STANDARD_9_10,4209.04,PREV_CLOSE_PROXY,,NEUTRAL,4270.84,4221.36125,49.47875,False,False,MODE_C_BALANCED,5.0,green_box_quarter::green_box_1_25pct,4206.36125,64.47875,False,False,MICRO_OFFSET | MID_GAP | ORIGINAL_CLUSTER | QUARTER_ROUNDING | RESIDUAL_LEVEL | RESIDUAL_REGIME_LEVEL,adjacent_cluster_midpoint | base_cluster | base_plus_+11 | base_plus_+13 | base_plus_+3 | base_plus_+5 | base_plus_+8 | base_plus_-11 | base_plus_-13 | base_plus_-3 | base_plus_-5 | base_plus_-8 | nearest_quarter_variant | prior_level_median_residual | prior_regime_level_median_residual,4221.36125,49.47875,False,False,ORIGINAL_ORACLE_PRESERVED,15.0,True,False,EXPANSION_SUPERSET_VIOLATION_WORSE_ERROR,False,False
2026-06-19,2026-06-18,L7,RANGE_WIDE_120_220,CLOSE_POS_LOWER_THIRD,ROWS_STANDARD_9_10,4209.04,PREV_CLOSE_PROXY,,NEUTRAL,4241.28,4201.56,39.72,False,False,MODE_B_EMA_CHANNEL_DIRECTION_HEAVY,2.0,prior_hlc::previous_low,4176.659375,64.620625,False,False,MICRO_OFFSET | MID_GAP | ORIGINAL_CLUSTER | QUARTER_ROUNDING | RESIDUAL_LEVEL | RESIDUAL_REGIME_LEVEL,adjacent_cluster_midpoint | base_cluster | base_plus_+11 | base_plus_+13 | base_plus_+3 | base_plus_+5 | base_plus_+8 | base_plus_-11 | base_plus_-13 | base_plus_-3 | base_plus_-5 | base_plus_-8 | nearest_quarter_variant | prior_level_median_residual | prior_regime_level_median_residual,4201.56,39.72,False,False,ORIGINAL_ORACLE_PRESERVED,24.900625,True,False,EXPANSION_SUPERSET_VIOLATION_WORSE_ERROR,False,False
2026-06-22,2026-06-19,L4,RANGE_NORMAL_60_120,CLOSE_POS_MIDDLE_THIRD,ROWS_STANDARD_9_10,4155.81,PREV_CLOSE_PROXY,,NEUTRAL,4216.38,4213.1275,3.2525,False,True,MODE_C_BALANCED,2.0,green_box_midline::green_mid_2,4197.91625,18.46375,False,False,MICRO_OFFSET | MID_GAP | ORIGINAL_CLUSTER | QUARTER_ROUNDING | RESIDUAL_LEVEL | RESIDUAL_REGIME_LEVEL,adjacent_cluster_midpoint | base_cluster | base_plus_+11 | base_plus_+13 | base_plus_+3 | base_plus_+5 | base_plus_+8 | base_plus_-11 | base_plus_-13 | base_plus_-3 | base_plus_-5 | base_plus_-8 | nearest_quarter_variant | prior_level_median_residual | prior_regime_level_median_residual,4213.1275,3.2525,False,True,ORIGINAL_ORACLE_PRESERVED,15.21125,True,True,EXPANSION_SUPERSET_VIOLATION_LOST_WITHIN_5,False,False
2026-06-22,2026-06-19,L5,RANGE_NORMAL_60_120,CLOSE_POS_MIDDLE_THIRD,ROWS_STANDARD_9_10,4155.81,PREV_CLOSE_PROXY,,NEUTRAL,4178.43,4182.705,4.275,False,True,MODE_C_BALANCED,1.0,green_box_edge::green_edge_1,4168.64452,9.78548,False,False,MICRO_OFFSET | MID_GAP | ORIGINAL_CLUSTER | QUARTER_ROUNDING | RESIDUAL_LEVEL | RESIDUAL_REGIME_LEVEL,adjacent_cluster_midpoint | base_cluster | base_plus_+11 | base_plus_+13 | base_plus_+3 | base_plus_+5 | base_plus_+8 | base_plus_-11 | base_plus_-13 | base_plus_-3 | base_plus_-5 | base_plus_-8 | nearest_quarter_variant | prior_level_median_residual | prior_regime_level_median_residual,4182.705,4.275,False,True,ORIGINAL_ORACLE_PRESERVED,5.51048,True,True,EXPANSION_SUPERSET_VIOLATION_LOST_WITHIN_5,False,False
2026-06-22,2026-06-19,L6,RANGE_NORMAL_60_120,CLOSE_POS_MIDDLE_THIRD,ROWS_STANDARD_9_10,4155.81,PREV_CLOSE_PROXY,,NEUTRAL,4140.8,4154.79529,13.99529,False,False,MODE_C_BALANCED,1.0,red_box_edge::red_edge_1 | prior_hlc::previous_close | prior_range_fraction::prev_range_0.382,4161.250145,20.450145,False,False,MICRO_OFFSET | MID_GAP | ORIGINAL_CLUSTER | QUARTER_ROUNDING | RESIDUAL_LEVEL | RESIDUAL_REGIME_LEVEL,adjacent_cluster_midpoint | base_cluster | base_plus_+11 | base_plus_+13 | base_plus_+3 | base_plus_+5 | base_plus_+8 | base_plus_-11 | base_plus_-13 | base_plus_-3 | base_plus_-5 | base_plus_-8 | nearest_quarter_variant | prior_level_median_residual | prior_regime_level_median_residual,4154.79529,13.99529,False,False,ORIGINAL_ORACLE_PRESERVED,6.454855,True,False,EXPANSION_SUPERSET_VIOLATION_WORSE_ERROR,False,False
2026-06-22,2026-06-19,L7,RANGE_NORMAL_60_120,CLOSE_POS_MIDDLE_THIRD,ROWS_STANDARD_9_10,4155.81,PREV_CLOSE_PROXY,,NEUTRAL,4106.42,4122.2825,15.8625,False,False,MODE_D_NEAREST_VALID_LADDER,1.0,red_box_midline::red_mid_2,4138.538895,32.118895,False,False,MICRO_OFFSET | MID_GAP | ORIGINAL_CLUSTER | QUARTER_ROUNDING | RESIDUAL_LEVEL | RESIDUAL_REGIME_LEVEL,adjacent_cluster_midpoint | base_cluster | base_plus_+11 | base_plus_+13 | base_plus_+3 | base_plus_+5 | base_plus_+8 | base_plus_-11 | base_plus_-13 | base_plus_-3 | base_plus_-5 | base_plus_-8 | nearest_quarter_variant | prior_level_median_residual | prior_regime_level_median_residual,4122.2825,15.8625,False,False,ORIGINAL_ORACLE_PRESERVED,16.256395,True,False,EXPANSION_SUPERSET_VIOLATION_WORSE_ERROR,False,False
2026-06-23,2026-06-22,L5,RANGE_NORMAL_60_120,CLOSE_POS_MIDDLE_THIRD,ROWS_STANDARD_9_10,4191.26,PREV_CLOSE_PROXY,,NEUTRAL,4174.21,4168.59562,5.61438,False,False,MODE_C_BALANCED,3.0,prior_range_fraction::prev_range_0.382,4179.860155,5.650155,False,False,MICRO_OFFSET | MID_GAP | ORIGINAL_CLUSTER | QUARTER_ROUNDING | RESIDUAL_LEVEL | RESIDUAL_REGIME_LEVEL,adjacent_cluster_midpoint | base_cluster | base_plus_+11 | base_plus_+13 | base_plus_+3 | base_plus_+5 | base_plus_+8 | base_plus_-11 | base_plus_-13 | base_plus_-3 | base_plus_-5 | base_plus_-8 | nearest_quarter_variant | prior_level_median_residual | prior_regime_level_median_residual,4168.59562,5.61438,False,False,ORIGINAL_ORACLE_PRESERVED,0.035775,True,False,EXPANSION_SUPERSET_VIOLATION_WORSE_ERROR,False,False
2026-06-23,2026-06-22,L6,RANGE_NORMAL_60_120,CLOSE_POS_MIDDLE_THIRD,ROWS_STANDARD_9_10,4191.26,PREV_CLOSE_PROXY,,NEUTRAL,4137.23,4166.10531,28.87531,False,False,MODE_C_BALANCED,1.0,red_box_edge::red_edge_1 | prior_range_fraction::prev_range_0.382,4186.40578,49.17578,False,False,MICRO_OFFSET | MID_GAP | ORIGINAL_CLUSTER | QUARTER_ROUNDING | RESIDUAL_LEVEL | RESIDUAL_REGIME_LEVEL,adjacent_cluster_midpoint | base_cluster | base_plus_+11 | base_plus_+13 | base_plus_+3 | base_plus_+5 | base_plus_+8 | base_plus_-11 | base_plus_-13 | base_plus_-3 | base_plus_-5 | base_plus_-8 | nearest_quarter_variant | prior_level_median_residual | prior_regime_level_median_residual,4166.10531,28.87531,False,False,ORIGINAL_ORACLE_PRESERVED,20.30047,True,False,EXPANSION_SUPERSET_VIOLATION_WORSE_ERROR,False,False
2026-06-23,2026-06-22,L7,RANGE_NORMAL_60_120,CLOSE_POS_MIDDLE_THIRD,ROWS_STANDARD_9_10,4191.26,PREV_CLOSE_PROXY,,NEUTRAL,4101.88,4134.8875,33.0075,False,False,MODE_C_BALANCED,2.0,red_box_midline::red_mid_2,4063.06875,38.81125,False,False,MICRO_OFFSET | MID_GAP | ORIGINAL_CLUSTER | QUARTER_ROUNDING | RESIDUAL_LEVEL | RESIDUAL_REGIME_LEVEL,adjacent_cluster_midpoint | base_cluster | base_plus_+11 | base_plus_+13 | base_plus_+3 | base_plus_+5 | base_plus_+8 | base_plus_-11 | base_plus_-13 | base_plus_-3 | base_plus_-5 | base_plus_-8 | nearest_quarter_variant | prior_level_median_residual | prior_regime_level_median_residual,4134.8875,33.0075,False,False,ORIGINAL_ORACLE_PRESERVED,5.80375,True,False,EXPANSION_SUPERSET_VIOLATION_WORSE_ERROR,False,False
2026-06-25,2026-06-24,L4,RANGE_WIDE_120_220,CLOSE_POS_LOWER_THIRD,ROWS_STANDARD_9_10,3999.01,PREV_CLOSE_PROXY,,NEUTRAL,4098.68,4058.29158,40.38842,False,False,MODE_C_BALANCED,1.0,prior_range_fraction::prev_range_0.618,4058.29158,40.38842,False,False,MICRO_OFFSET | MID_GAP | ORIGINAL_CLUSTER | QUARTER_ROUNDING | RESIDUAL_LEVEL | RESIDUAL_REGIME_LEVEL,adjacent_cluster_midpoint | base_cluster | base_plus_+11 | base_plus_+13 | base_plus_+3 | base_plus_+5 | base_plus_+8 | base_plus_-11 | base_plus_-13 | base_plus_-3 | base_plus_-5 | base_plus_-8 | nearest_quarter_variant | prior_level_median_residual | prior_regime_level_median_residual,4058.29158,40.38842,False,False,ORIGINAL_ORACLE_PRESERVED,0.0,False,False,SUPERSET_OK_GT10,False,False
2026-06-25,2026-06-24,L5,RANGE_WIDE_120_220,CLOSE_POS_LOWER_THIRD,ROWS_STANDARD_9_10,3999.01,PREV_CLOSE_PROXY,,NEUTRAL,4062.96,4078.16375,15.20375,False,False,MODE_B_EMA_CHANNEL_DIRECTION_HEAVY,3.0,green_box_quarter::green_box_2_25pct,4078.16375,15.20375,False,False,MICRO_OFFSET | MID_GAP | ORIGINAL_CLUSTER | QUARTER_ROUNDING | RESIDUAL_LEVEL | RESIDUAL_REGIME_LEVEL,adjacent_cluster_midpoint | base_cluster | base_plus_+11 | base_plus_+13 | base_plus_+3 | base_plus_+5 | base_plus_+8 | base_plus_-11 | base_plus_-13 | base_plus_-3 | base_plus_-5 | base_plus_-8 | nearest_quarter_variant | prior_level_median_residual | prior_regime_level_median_residual,4078.16375,15.20375,False,False,ORIGINAL_ORACLE_PRESERVED,0.0,False,False,SUPERSET_OK_GT10,False,False
2026-06-25,2026-06-24,L6,RANGE_WIDE_120_220,CLOSE_POS_LOWER_THIRD,ROWS_STANDARD_9_10,3999.01,PREV_CLOSE_PROXY,,NEUTRAL,4029.12,4048.16375,19.04375,False,False,MODE_C_BALANCED,5.0,red_box_quarter::red_box_1_75pct,4048.16375,19.04375,False,False,MICRO_OFFSET | MID_GAP | ORIGINAL_CLUSTER | QUARTER_ROUNDING | RESIDUAL_LEVEL | RESIDUAL_REGIME_LEVEL,adjacent_cluster_midpoint | base_cluster | base_plus_+11 | base_plus_+13 | base_plus_+3 | base_plus_+5 | base_plus_+8 | base_plus_-11 | base_plus_-13 | base_plus_-3 | base_plus_-5 | base_plus_-8 | nearest_quarter_variant | prior_level_median_residual | prior_regime_level_median_residual,4048.16375,19.04375,False,False,ORIGINAL_ORACLE_PRESERVED,0.0,False,False,SUPERSET_OK_GT10,False,False
2026-06-25,2026-06-24,L7,RANGE_WIDE_120_220,CLOSE_POS_LOWER_THIRD,ROWS_STANDARD_9_10,3999.01,PREV_CLOSE_PROXY,,NEUTRAL,3994.26,4006.7975,12.5375,False,False,MODE_C_BALANCED,4.0,green_box_midline::green_mid_1,4006.7975,12.5375,False,False,MICRO_OFFSET | MID_GAP | ORIGINAL_CLUSTER | QUARTER_ROUNDING | RESIDUAL_LEVEL | RESIDUAL_REGIME_LEVEL,adjacent_cluster_midpoint | base_cluster | base_plus_+11 | base_plus_+13 | base_plus_+3 | base_plus_+5 | base_plus_+8 | base_plus_-11 | base_plus_-13 | base_plus_-3 | base_plus_-5 | base_plus_-8 | nearest_quarter_variant | prior_level_median_residual | prior_regime_level_median_residual,4006.7975,12.5375,False,False,ORIGINAL_ORACLE_PRESERVED,0.0,False,False,SUPERSET_OK_GT10,False,False
2026-06-26,2026-06-25,L4,RANGE_NORMAL_60_120,CLOSE_POS_UPPER_THIRD,ROWS_STANDARD_9_10,4026.59,PREV_CLOSE_PROXY,,NEUTRAL,4103.3,4088.15625,15.14375,False,False,MODE_B_EMA_CHANNEL_DIRECTION_HEAVY,2.0,green_box_quarter::green_box_3_25pct,4088.15625,15.14375,False,False,MICRO_OFFSET | MID_GAP | ORIGINAL_CLUSTER | QUARTER_ROUNDING | RESIDUAL_LEVEL | RESIDUAL_REGIME_LEVEL,adjacent_cluster_midpoint | base_cluster | base_plus_+11 | base_plus_+13 | base_plus_+3 | base_plus_+5 | base_plus_+8 | base_plus_-11 | base_plus_-13 | base_plus_-3 | base_plus_-5 | base_plus_-8 | nearest_quarter_variant | prior_level_median_residual | prior_regime_level_median_residual,4088.15625,15.14375,False,False,ORIGINAL_ORACLE_PRESERVED,0.0,False,False,SUPERSET_OK_GT10,False,False
2026-06-26,2026-06-25,L5,RANGE_NORMAL_60_120,CLOSE_POS_UPPER_THIRD,ROWS_STANDARD_9_10,4026.59,PREV_CLOSE_PROXY,,NEUTRAL,4070.91,4074.26,3.35,False,True,MODE_B_EMA_CHANNEL_DIRECTION_HEAVY,2.0,green_box_edge::green_edge_2,4074.26,3.35,False,True,MICRO_OFFSET | MID_GAP | ORIGINAL_CLUSTER | QUARTER_ROUNDING | RESIDUAL_LEVEL | RESIDUAL_REGIME_LEVEL,adjacent_cluster_midpoint | base_cluster | base_plus_+11 | base_plus_+13 | base_plus_+3 | base_plus_+5 | base_plus_+8 | base_plus_-11 | base_plus_-13 | base_plus_-3 | base_plus_-5 | base_plus_-8 | nearest_quarter_variant | prior_level_median_residual | prior_regime_level_median_residual,4074.26,3.35,False,True,ORIGINAL_ORACLE_PRESERVED,0.0,False,False,SUPERSET_OK_WITHIN_5,False,False
2026-06-26,2026-06-25,L6,RANGE_NORMAL_60_120,CLOSE_POS_UPPER_THIRD,ROWS_STANDARD_9_10,4026.59,PREV_CLOSE_PROXY,,NEUTRAL,4036.2,4023.9675,12.2325,False,False,MODE_D_NEAREST_VALID_LADDER,3.0,prior_range_fraction::prev_range_0.75,4000.476875,35.723125,False,False,MICRO_OFFSET | MID_GAP | ORIGINAL_CLUSTER | QUARTER_ROUNDING | RESIDUAL_LEVEL | RESIDUAL_REGIME_LEVEL,adjacent_cluster_midpoint | base_cluster | base_plus_+11 | base_plus_+13 | base_plus_+3 | base_plus_+5 | base_plus_+8 | base_plus_-11 | base_plus_-13 | base_plus_-3 | base_plus_-5 | base_plus_-8 | nearest_quarter_variant | prior_level_median_residual | prior_regime_level_median_residual,4023.9675,12.2325,False,False,ORIGINAL_ORACLE_PRESERVED,23.490625,True,False,EXPANSION_SUPERSET_VIOLATION_WORSE_ERROR,False,False
2026-06-26,2026-06-25,L7,RANGE_NORMAL_60_120,CLOSE_POS_UPPER_THIRD,ROWS_STANDARD_9_10,4026.59,PREV_CLOSE_PROXY,,NEUTRAL,4003.24,4003.675,0.435,True,True,MODE_C_BALANCED,3.0,prior_hlc::previous_mid,4004.226875,0.986875,True,True,MICRO_OFFSET | MID_GAP | ORIGINAL_CLUSTER | QUARTER_ROUNDING | RESIDUAL_LEVEL | RESIDUAL_REGIME_LEVEL,adjacent_cluster_midpoint | base_cluster | base_plus_+11 | base_plus_+13 | base_plus_+3 | base_plus_+5 | base_plus_+8 | base_plus_-11 | base_plus_-13 | base_plus_-3 | base_plus_-5 | base_plus_-8 | nearest_quarter_variant | prior_level_median_residual | prior_regime_level_median_residual,4003.675,0.435,True,True,ORIGINAL_ORACLE_PRESERVED,0.551875,True,False,EXPANSION_SUPERSET_VIOLATION_WORSE_ERROR,False,False
2026-06-29,2026-06-26,L4,RANGE_NORMAL_60_120,CLOSE_POS_UPPER_THIRD,ROWS_STANDARD_9_10,4088.41,PREV_CLOSE_PROXY,,NEUTRAL,4097.6,4090.2975,7.3025,False,False,MODE_C_BALANCED,2.0,green_box_midline::green_mid_2,4074.342102,23.257898,False,False,MICRO_OFFSET | MID_GAP | ORIGINAL_CLUSTER | QUARTER_ROUNDING | RESIDUAL_LEVEL | RESIDUAL_REGIME_LEVEL,adjacent_cluster_midpoint | base_cluster | base_plus_+11 | base_plus_+13 | base_plus_+3 | base_plus_+5 | base_plus_+8 | base_plus_-11 | base_plus_-13 | base_plus_-3 | base_plus_-5 | base_plus_-8 | nearest_quarter_variant | prior_level_median_residual | prior_regime_level_median_residual,4090.2975,7.3025,False,False,ORIGINAL_ORACLE_PRESERVED,15.955398,True,False,EXPANSION_SUPERSET_VIOLATION_WORSE_ERROR,False,False
2026-06-29,2026-06-26,L5,RANGE_NORMAL_60_120,CLOSE_POS_UPPER_THIRD,ROWS_STANDARD_9_10,4088.41,PREV_CLOSE_PROXY,,NEUTRAL,4066.54,4072.43125,5.89125,False,False,MODE_D_NEAREST_VALID_LADDER,2.0,green_box_quarter::green_box_2_25pct,4053.139005,13.400995,False,False,MICRO_OFFSET | MID_GAP | ORIGINAL_CLUSTER | QUARTER_ROUNDING | RESIDUAL_LEVEL | RESIDUAL_REGIME_LEVEL,adjacent_cluster_midpoint | base_cluster | base_plus_+11 | base_plus_+13 | base_plus_+3 | base_plus_+5 | base_plus_+8 | base_plus_-11 | base_plus_-13 | base_plus_-3 | base_plus_-5 | base_plus_-8 | nearest_quarter_variant | prior_level_median_residual | prior_regime_level_median_residual,4072.43125,5.89125,False,False,ORIGINAL_ORACLE_PRESERVED,7.509745,True,False,EXPANSION_SUPERSET_VIOLATION_WORSE_ERROR,False,False
2026-06-29,2026-06-26,L6,RANGE_NORMAL_60_120,CLOSE_POS_UPPER_THIRD,ROWS_STANDARD_9_10,4088.41,PREV_CLOSE_PROXY,,NEUTRAL,4039.56,4040.998125,1.438125,True,True,MODE_C_BALANCED,1.0,prior_hlc::previous_mid | red_box_quarter::red_box_1_75pct,4054.397813,14.837813,False,False,MICRO_OFFSET | MID_GAP | ORIGINAL_CLUSTER | QUARTER_ROUNDING | RESIDUAL_LEVEL | RESIDUAL_REGIME_LEVEL,adjacent_cluster_midpoint | base_cluster | base_plus_+11 | base_plus_+13 | base_plus_+3 | base_plus_+5 | base_plus_+8 | base_plus_-11 | base_plus_-13 | base_plus_-3 | base_plus_-5 | base_plus_-8 | nearest_quarter_variant | prior_level_median_residual | prior_regime_level_median_residual,4040.998125,1.438125,True,True,ORIGINAL_ORACLE_PRESERVED,13.399688,True,True,EXPANSION_SUPERSET_VIOLATION_LOST_WITHIN_5,False,False
2026-06-29,2026-06-26,L7,RANGE_NORMAL_60_120,CLOSE_POS_UPPER_THIRD,ROWS_STANDARD_9_10,4088.41,PREV_CLOSE_PROXY,,NEUTRAL,4003.96,4006.69875,2.73875,True,True,MODE_C_BALANCED,3.0,red_box_quarter::red_box_2_25pct,4020.265625,16.305625,False,False,MICRO_OFFSET | MID_GAP | ORIGINAL_CLUSTER | QUARTER_ROUNDING | RESIDUAL_LEVEL | RESIDUAL_REGIME_LEVEL,adjacent_cluster_midpoint | base_cluster | base_plus_+11 | base_plus_+13 | base_plus_+3 | base_plus_+5 | base_plus_+8 | base_plus_-11 | base_plus_-13 | base_plus_-3 | base_plus_-5 | base_plus_-8 | nearest_quarter_variant | prior_level_median_residual | prior_regime_level_median_residual,4006.69875,2.73875,True,True,ORIGINAL_ORACLE_PRESERVED,13.566875,True,True,EXPANSION_SUPERSET_VIOLATION_LOST_WITHIN_5,False,False
2026-06-30,2026-06-29,L4,RANGE_NORMAL_60_120,CLOSE_POS_LOWER_THIRD,ROWS_STANDARD_9_10,4178.97,AUTO_JSON,ema_proxy_up,UP,4071.63,4072.66125,1.03125,True,True,MODE_C_BALANCED,2.0,green_box_quarter::green_box_2_25pct,4053.433958,18.196042,False,False,MICRO_OFFSET | MID_GAP | ORIGINAL_CLUSTER | QUARTER_ROUNDING | RESIDUAL_LEVEL | RESIDUAL_REGIME_LEVEL,adjacent_cluster_midpoint | base_cluster | base_plus_+11 | base_plus_+13 | base_plus_+3 | base_plus_+5 | base_plus_+8 | base_plus_-11 | base_plus_-13 | base_plus_-3 | base_plus_-5 | base_plus_-8 | nearest_quarter_variant | prior_level_median_residual | prior_regime_level_median_residual,4072.66125,1.03125,True,True,ORIGINAL_ORACLE_PRESERVED,17.164792,True,True,EXPANSION_SUPERSET_VIOLATION_LOST_WITHIN_5,False,False
2026-06-30,2026-06-29,L6,RANGE_NORMAL_60_120,CLOSE_POS_LOWER_THIRD,ROWS_STANDARD_9_10,4178.97,AUTO_JSON,ema_proxy_up,UP,4005.44,4012.28125,6.84125,False,False,MODE_B_EMA_CHANNEL_DIRECTION_HEAVY,2.0,prior_range_fraction::prev_range_0.125 | green_box_quarter::green_box_1_25pct,4023.243959,17.803959,False,False,MICRO_OFFSET | MID_GAP | ORIGINAL_CLUSTER | QUARTER_ROUNDING | RESIDUAL_LEVEL | RESIDUAL_REGIME_LEVEL,adjacent_cluster_midpoint | base_cluster | base_plus_+11 | base_plus_+13 | base_plus_+3 | base_plus_+5 | base_plus_+8 | base_plus_-11 | base_plus_-13 | base_plus_-3 | base_plus_-5 | base_plus_-8 | nearest_quarter_variant | prior_level_median_residual | prior_regime_level_median_residual,4012.28125,6.84125,False,False,ORIGINAL_ORACLE_PRESERVED,10.962709,True,False,EXPANSION_SUPERSET_VIOLATION_WORSE_ERROR,False,False
2026-06-30,2026-06-29,L7,RANGE_NORMAL_60_120,CLOSE_POS_LOWER_THIRD,ROWS_STANDARD_9_10,4178.97,AUTO_JSON,ema_proxy_up,UP,3967.25,3954.90375,12.34625,False,False,MODE_B_EMA_CHANNEL_DIRECTION_HEAVY,2.0,red_box_quarter::red_box_3_25pct,3982.655,15.405,False,False,MICRO_OFFSET | MID_GAP | ORIGINAL_CLUSTER | QUARTER_ROUNDING | RESIDUAL_LEVEL | RESIDUAL_REGIME_LEVEL,adjacent_cluster_midpoint | base_cluster | base_plus_+11 | base_plus_+13 | base_plus_+3 | base_plus_+5 | base_plus_+8 | base_plus_-11 | base_plus_-13 | base_plus_-3 | base_plus_-5 | base_plus_-8 | nearest_quarter_variant | prior_level_median_residual | prior_regime_level_median_residual,3954.90375,12.34625,False,False,ORIGINAL_ORACLE_PRESERVED,3.05875,True,False,EXPANSION_SUPERSET_VIOLATION_WORSE_ERROR,False,False
