level_date,prev_date,level_name,range_bucket,close_position_bucket,rows_bucket,live_reference_price,live_reference_source,live_channel_state,live_channel_norm,actual_published_level,superset_audited_candidate_price,superset_audited_abs_error,superset_audited_within_5,original_oracle_candidate_price,original_oracle_abs_error,original_oracle_mode,original_oracle_keys,superset_audited_source,selector_candidate_pool_count,rolling_oracle_candidate_price,rolling_oracle_abs_error,rolling_oracle_within_3,rolling_oracle_within_5,rolling_oracle_source_family,rolling_oracle_source_type,selector_candidate_price,selector_abs_error,selector_within_3,selector_within_5,selector_source_family,selector_source_type,selector_residual_col,selector_adjustment,selector_prior_sample_count,selector_candidate_generation_lookback_days,selector_calibrated_score,selector_learned_score,selector_static_score,selector_primary_feature,selector_primary_prior_sample_count,selector_primary_prior_within_5_pct,selector_primary_prior_mean_error,selector_max_performance_date,selector_performance_lookback_days,selector_date_safe,selector_recovered_within_5,selector_recovered_within_3,selector_better_than_superset,selector_status
2025-10-02,2025-10-01,L4,RANGE_COMPRESSED_0_60,CLOSE_POS_LOWER_THIRD,ROWS_STANDARD_9_10,3865.54,PREV_CLOSE_PROXY,,NEUTRAL,3867.44,3884.8525,17.4125,False,3884.8525,17.4125,MODE_C_BALANCED,prior_range_fraction::prev_range_0.75,ORIGINAL_ORACLE_PRESERVED,1,3884.8525,17.4125,False,False,ROLLING_BASE_SUPERSET,ORIGINAL_ORACLE_PRESERVED,3884.8525,17.4125,False,False,ROLLING_BASE_SUPERSET,ORIGINAL_ORACLE_PRESERVED,,0.0,,,23.531719,24.731719,1.8,NO_PRIOR_FEATURE,0,22.646307,,,,True,False,False,False,SELECTOR_GT10
2025-10-02,2025-10-01,L5,RANGE_COMPRESSED_0_60,CLOSE_POS_LOWER_THIRD,ROWS_STANDARD_9_10,3865.54,PREV_CLOSE_PROXY,,NEUTRAL,3849.38,3871.403333,22.023333,False,3871.403333,22.023333,MODE_C_BALANCED,prior_hlc::previous_pivot_hlc3,ORIGINAL_ORACLE_PRESERVED,1,3871.403333,22.023333,False,False,ROLLING_BASE_SUPERSET,ORIGINAL_ORACLE_PRESERVED,3871.403333,22.023333,False,False,ROLLING_BASE_SUPERSET,ORIGINAL_ORACLE_PRESERVED,,0.0,,,23.531719,24.731719,1.8,NO_PRIOR_FEATURE,0,22.646307,,,,True,False,False,False,SELECTOR_GT10
2025-10-02,2025-10-01,L6,RANGE_COMPRESSED_0_60,CLOSE_POS_LOWER_THIRD,ROWS_STANDARD_9_10,3865.54,PREV_CLOSE_PROXY,,NEUTRAL,3832.79,3871.3175,38.5275,False,3871.3175,38.5275,MODE_C_BALANCED,green_box_midline::green_mid_1,ORIGINAL_ORACLE_PRESERVED,1,3871.3175,38.5275,False,False,ROLLING_BASE_SUPERSET,ORIGINAL_ORACLE_PRESERVED,3871.3175,38.5275,False,False,ROLLING_BASE_SUPERSET,ORIGINAL_ORACLE_PRESERVED,,0.0,,,23.531719,24.731719,1.8,NO_PRIOR_FEATURE,0,22.646307,,,,True,False,False,False,SELECTOR_GT10
2025-10-02,2025-10-01,L7,RANGE_COMPRESSED_0_60,CLOSE_POS_LOWER_THIRD,ROWS_STANDARD_9_10,3865.54,PREV_CLOSE_PROXY,,NEUTRAL,3817.0,3850.32625,33.32625,False,3850.32625,33.32625,MODE_C_BALANCED,red_box_quarter::red_box_2_25pct,ORIGINAL_ORACLE_PRESERVED,1,3850.32625,33.32625,False,False,ROLLING_BASE_SUPERSET,ORIGINAL_ORACLE_PRESERVED,3850.32625,33.32625,False,False,ROLLING_BASE_SUPERSET,ORIGINAL_ORACLE_PRESERVED,,0.0,,,23.531719,24.731719,1.8,NO_PRIOR_FEATURE,0,22.646307,,,,True,False,False,False,SELECTOR_GT10
2025-10-03,2025-10-02,L4,RANGE_NORMAL_60_120,CLOSE_POS_MIDDLE_THIRD,ROWS_STANDARD_9_10,3856.24,PREV_CLOSE_PROXY,,NEUTRAL,3854.23,3859.91,5.68,False,3877.3225,23.0925,MODE_C_BALANCED,prior_range_fraction::prev_range_0.75,EXPANDED_ORACLE_BETTER,2,3859.91,5.68,False,False,ROLLING_BASE_SUPERSET,EXPANDED_ORACLE_BETTER,3859.91,5.68,False,False,ROLLING_BASE_SUPERSET,EXPANDED_ORACLE_BETTER,,0.0,,,-13.397298,-12.127648,1.73035,global,4,15.097538,27.822396,2025-10-02,1.0,True,False,False,False,SELECTOR_WITHIN_10
2025-10-03,2025-10-02,L5,RANGE_NORMAL_60_120,CLOSE_POS_MIDDLE_THIRD,ROWS_STANDARD_9_10,3856.24,PREV_CLOSE_PROXY,,NEUTRAL,3833.88,3857.423333,23.543333,False,3857.423333,23.543333,MODE_C_BALANCED,prior_hlc::previous_pivot_hlc3,ORIGINAL_ORACLE_PRESERVED,1,3857.423333,23.543333,False,False,ROLLING_BASE_SUPERSET,ORIGINAL_ORACLE_PRESERVED,3857.423333,23.543333,False,False,ROLLING_BASE_SUPERSET,ORIGINAL_ORACLE_PRESERVED,,0.0,,,-13.327648,-12.127648,1.8,global,4,15.097538,27.822396,2025-10-02,1.0,True,False,False,False,SELECTOR_GT10
2025-10-03,2025-10-02,L6,RANGE_NORMAL_60_120,CLOSE_POS_MIDDLE_THIRD,ROWS_STANDARD_9_10,3856.24,PREV_CLOSE_PROXY,,NEUTRAL,3813.75,3846.2075,32.4575,False,3846.2075,32.4575,MODE_C_BALANCED,green_box_midline::green_mid_1,ORIGINAL_ORACLE_PRESERVED,1,3846.2075,32.4575,False,False,ROLLING_BASE_SUPERSET,ORIGINAL_ORACLE_PRESERVED,3846.2075,32.4575,False,False,ROLLING_BASE_SUPERSET,ORIGINAL_ORACLE_PRESERVED,,0.0,,,-13.327648,-12.127648,1.8,global,4,15.097538,27.822396,2025-10-02,1.0,True,False,False,False,SELECTOR_GT10
2025-10-03,2025-10-02,L7,RANGE_NORMAL_60_120,CLOSE_POS_MIDDLE_THIRD,ROWS_STANDARD_9_10,3856.24,PREV_CLOSE_PROXY,,NEUTRAL,3794.9,3829.61125,34.71125,False,3829.61125,34.71125,MODE_C_BALANCED,red_box_quarter::red_box_2_25pct,ORIGINAL_ORACLE_PRESERVED,1,3829.61125,34.71125,False,False,ROLLING_BASE_SUPERSET,ORIGINAL_ORACLE_PRESERVED,3829.61125,34.71125,False,False,ROLLING_BASE_SUPERSET,ORIGINAL_ORACLE_PRESERVED,,0.0,,,-13.327648,-12.127648,1.8,global,4,15.097538,27.822396,2025-10-02,1.0,True,False,False,False,SELECTOR_GT10
2025-10-06,2025-10-03,L4,RANGE_COMPRESSED_0_60,CLOSE_POS_UPPER_THIRD,ROWS_SPARSE_1_8,3886.43,PREV_CLOSE_PROXY,,NEUTRAL,3872.61,3855.929982,16.680018,False,3855.929982,16.680018,MODE_E_SPACING_PRESERVATION,prior_range_fraction::prev_range_0.333333,ORIGINAL_ORACLE_PRESERVED,1,3855.929982,16.680018,False,False,ROLLING_BASE_SUPERSET,ORIGINAL_ORACLE_PRESERVED,3855.929982,16.680018,False,False,ROLLING_BASE_SUPERSET,ORIGINAL_ORACLE_PRESERVED,,0.0,,,-16.510715,-15.310715,1.8,global,9,10.657086,25.641574,2025-10-03,3.0,True,False,False,False,SELECTOR_GT10
2025-10-06,2025-10-03,L5,RANGE_COMPRESSED_0_60,CLOSE_POS_UPPER_THIRD,ROWS_SPARSE_1_8,3886.43,PREV_CLOSE_PROXY,,NEUTRAL,3851.28,3839.41375,11.86625,False,3839.41375,11.86625,MODE_B_EMA_CHANNEL_DIRECTION_HEAVY,red_box_quarter::red_box_2_25pct,ORIGINAL_ORACLE_PRESERVED,1,3839.41375,11.86625,False,False,ROLLING_BASE_SUPERSET,ORIGINAL_ORACLE_PRESERVED,3839.41375,11.86625,False,False,ROLLING_BASE_SUPERSET,ORIGINAL_ORACLE_PRESERVED,,0.0,,,-16.510715,-15.310715,1.8,global,9,10.657086,25.641574,2025-10-03,3.0,True,False,False,False,SELECTOR_GT10
2025-10-06,2025-10-03,L6,RANGE_COMPRESSED_0_60,CLOSE_POS_UPPER_THIRD,ROWS_SPARSE_1_8,3886.43,PREV_CLOSE_PROXY,,NEUTRAL,3830.61,3818.51125,12.09875,False,3818.51125,12.09875,MODE_B_EMA_CHANNEL_DIRECTION_HEAVY,red_box_quarter::red_box_2_75pct,ORIGINAL_ORACLE_PRESERVED,1,3818.51125,12.09875,False,False,ROLLING_BASE_SUPERSET,ORIGINAL_ORACLE_PRESERVED,3818.51125,12.09875,False,False,ROLLING_BASE_SUPERSET,ORIGINAL_ORACLE_PRESERVED,,0.0,,,-16.510715,-15.310715,1.8,global,9,10.657086,25.641574,2025-10-03,3.0,True,False,False,False,SELECTOR_GT10
2025-10-06,2025-10-03,L7,RANGE_COMPRESSED_0_60,CLOSE_POS_UPPER_THIRD,ROWS_SPARSE_1_8,3886.43,PREV_CLOSE_PROXY,,NEUTRAL,3810.83,3797.60875,13.22125,False,3797.60875,13.22125,MODE_B_EMA_CHANNEL_DIRECTION_HEAVY,red_box_quarter::red_box_3_25pct,ORIGINAL_ORACLE_PRESERVED,1,3797.60875,13.22125,False,False,ROLLING_BASE_SUPERSET,ORIGINAL_ORACLE_PRESERVED,3797.60875,13.22125,False,False,ROLLING_BASE_SUPERSET,ORIGINAL_ORACLE_PRESERVED,,0.0,,,-16.510715,-15.310715,1.8,global,9,10.657086,25.641574,2025-10-03,3.0,True,False,False,False,SELECTOR_GT10
2025-10-07,2025-10-06,L4,RANGE_NORMAL_60_120,CLOSE_POS_UPPER_THIRD,ROWS_SPARSE_1_8,3961.0,PREV_CLOSE_PROXY,,NEUTRAL,3964.13,3948.6225,15.5075,False,3948.6225,15.5075,MODE_C_BALANCED,prior_range_fraction::prev_range_0.75,ORIGINAL_ORACLE_PRESERVED,1,3948.6225,15.5075,False,False,ROLLING_BASE_SUPERSET,ORIGINAL_ORACLE_PRESERVED,3948.6225,15.5075,False,False,ROLLING_BASE_SUPERSET,ORIGINAL_ORACLE_PRESERVED,,0.0,,,-13.718633,-12.518633,1.8,global,13,8.627165,21.895418,2025-10-06,1.0,True,False,False,False,SELECTOR_GT10
2025-10-07,2025-10-06,L5,RANGE_NORMAL_60_120,CLOSE_POS_UPPER_THIRD,ROWS_SPARSE_1_8,3961.0,PREV_CLOSE_PROXY,,NEUTRAL,3946.24,3938.47,7.77,False,3938.47,7.77,MODE_C_BALANCED,prior_hlc::previous_pivot_hlc3,ORIGINAL_ORACLE_PRESERVED,1,3938.47,7.77,False,False,ROLLING_BASE_SUPERSET,ORIGINAL_ORACLE_PRESERVED,3938.47,7.77,False,False,ROLLING_BASE_SUPERSET,ORIGINAL_ORACLE_PRESERVED,,0.0,,,-13.718633,-12.518633,1.8,global,13,8.627165,21.895418,2025-10-06,1.0,True,False,False,False,SELECTOR_WITHIN_10
2025-10-07,2025-10-06,L6,RANGE_NORMAL_60_120,CLOSE_POS_UPPER_THIRD,ROWS_SPARSE_1_8,3961.0,PREV_CLOSE_PROXY,,NEUTRAL,3927.93,3913.2875,14.6425,False,3913.2875,14.6425,MODE_C_BALANCED,green_box_midline::green_mid_1,ORIGINAL_ORACLE_PRESERVED,1,3913.2875,14.6425,False,False,ROLLING_BASE_SUPERSET,ORIGINAL_ORACLE_PRESERVED,3913.2875,14.6425,False,False,ROLLING_BASE_SUPERSET,ORIGINAL_ORACLE_PRESERVED,,0.0,,,-13.718633,-12.518633,1.8,global,13,8.627165,21.895418,2025-10-06,1.0,True,False,False,False,SELECTOR_GT10
2025-10-07,2025-10-06,L7,RANGE_NORMAL_60_120,CLOSE_POS_UPPER_THIRD,ROWS_SPARSE_1_8,3961.0,PREV_CLOSE_PROXY,,NEUTRAL,3710.52,3897.74625,187.22625,False,3897.74625,187.22625,MODE_C_BALANCED,red_box_quarter::red_box_2_25pct,ORIGINAL_ORACLE_PRESERVED,1,3897.74625,187.22625,False,False,ROLLING_BASE_SUPERSET,ORIGINAL_ORACLE_PRESERVED,3897.74625,187.22625,False,False,ROLLING_BASE_SUPERSET,ORIGINAL_ORACLE_PRESERVED,,0.0,,,-13.718633,-12.518633,1.8,global,13,8.627165,21.895418,2025-10-06,1.0,True,False,False,False,SELECTOR_GT10
2025-10-08,2025-10-07,L4,RANGE_COMPRESSED_0_60,CLOSE_POS_UPPER_THIRD,ROWS_SPARSE_1_8,3984.32,PREV_CLOSE_PROXY,,NEUTRAL,3970.41,3972.06,1.65,True,3972.06,1.65,MODE_C_BALANCED,prior_hlc::previous_pivot_hlc3,ORIGINAL_ORACLE_PRESERVED,49,3969.980629,0.429371,True,True,ROLLING_CHANNEL_LEVEL_RESIDUAL,superset_base_channel_original_mean,3971.1075,0.6975,True,True,ROLLING_CHANNEL_LEVEL_RESIDUAL,superset_base_channel_original_recent8_median,original_residual,-0.9525,4.0,1.0,-13.94659,-22.079208,7.132618,global,17,7.246818,29.987452,2025-10-07,1.0,True,False,False,True,SELECTOR_WITHIN_3
2025-10-08,2025-10-07,L5,RANGE_COMPRESSED_0_60,CLOSE_POS_UPPER_THIRD,ROWS_SPARSE_1_8,3984.32,PREV_CLOSE_PROXY,,NEUTRAL,3949.74,3953.365,3.625,True,3953.365,3.625,MODE_C_BALANCED,prior_range_fraction::prev_range_0.25,ORIGINAL_ORACLE_PRESERVED,97,3946.882396,2.857604,True,True,ROLLING_SOURCE_LEVEL_RESIDUAL,superset_base_source_superset_mean,3953.365,3.625,False,True,ROLLING_BASE_SUPERSET,ORIGINAL_ORACLE_PRESERVED,,0.0,,,-11.057942,-9.857942,1.8,level_source_family,4,15.097538,16.300729,2025-10-07,1.0,True,False,False,False,SELECTOR_WITHIN_5
2025-10-08,2025-10-07,L6,RANGE_COMPRESSED_0_60,CLOSE_POS_UPPER_THIRD,ROWS_SPARSE_1_8,3984.32,PREV_CLOSE_PROXY,,NEUTRAL,3929.69,3930.865,1.175,True,3930.865,1.175,MODE_B_EMA_CHANNEL_DIRECTION_HEAVY,red_box_midline::red_mid_2,ORIGINAL_ORACLE_PRESERVED,97,3930.865,1.175,True,True,ROLLING_BASE_SUPERSET,ORIGINAL_ORACLE_PRESERVED,3920.685625,9.004375,False,False,ROLLING_SOURCE_LEVEL_RESIDUAL,superset_base_source_superset_recent8_median,superset_residual,-10.179375,4.0,1.0,-13.556862,-22.079208,7.522347,global,17,7.246818,29.987452,2025-10-07,1.0,True,False,False,False,SELECTOR_WITHIN_10
2025-10-08,2025-10-07,L7,RANGE_COMPRESSED_0_60,CLOSE_POS_UPPER_THIRD,ROWS_SPARSE_1_8,3984.32,PREV_CLOSE_PROXY,,NEUTRAL,3910.27,3910.8,0.53,True,3910.8,0.53,MODE_B_EMA_CHANNEL_DIRECTION_HEAVY,red_box_edge::red_edge_2,ORIGINAL_ORACLE_PRESERVED,1,3910.8,0.53,True,True,ROLLING_BASE_SUPERSET,ORIGINAL_ORACLE_PRESERVED,3910.8,0.53,True,True,ROLLING_BASE_SUPERSET,ORIGINAL_ORACLE_PRESERVED,,0.0,,,-41.610876,-40.410876,1.8,global,17,7.246818,29.987452,2025-10-07,1.0,True,False,False,False,SELECTOR_WITHIN_3
2025-10-09,2025-10-08,L4,RANGE_NORMAL_60_120,CLOSE_POS_UPPER_THIRD,ROWS_SPARSE_1_8,4041.38,PREV_CLOSE_PROXY,,NEUTRAL,4038.76,4041.38,2.62,True,4041.38,2.62,MODE_C_BALANCED,prior_hlc::previous_close,ORIGINAL_ORACLE_PRESERVED,145,4039.386504,0.626504,True,True,ROLLING_CHANNEL_LEVEL_RESIDUAL,superset_base_channel_original_mean,4039.73,0.97,True,True,ROLLING_CHANNEL_LEVEL_RESIDUAL,superset_base_channel_original_recent8_median,original_residual,-1.65,5.0,1.0,49.75816,41.38458,7.37358,level_family_residual,16,57.548769,4.81875,2025-10-08,1.0,True,False,False,True,SELECTOR_WITHIN_3
2025-10-09,2025-10-08,L5,RANGE_NORMAL_60_120,CLOSE_POS_UPPER_THIRD,ROWS_SPARSE_1_8,4041.38,PREV_CLOSE_PROXY,,NEUTRAL,4019.13,4040.21,21.08,False,4040.21,21.08,MODE_C_BALANCED,prior_range_fraction::prev_range_0.75,ORIGINAL_ORACLE_PRESERVED,145,4018.186667,0.943333,True,True,ROLLING_SOURCE_LEVEL_RESIDUAL,superset_base_source_superset_q25,4036.585,17.455,False,False,ROLLING_SOURCE_LEVEL_RESIDUAL,superset_base_source_superset_recent8_median,superset_residual,-3.625,5.0,1.0,73.196208,64.079008,8.1172,level_rows_family,48,67.520901,6.445417,2025-10-08,1.0,True,False,False,True,SELECTOR_GT10
2025-10-09,2025-10-08,L6,RANGE_NORMAL_60_120,CLOSE_POS_UPPER_THIRD,ROWS_SPARSE_1_8,4041.38,PREV_CLOSE_PROXY,,NEUTRAL,4001.52,4023.035,21.515,False,4023.035,21.515,MODE_C_BALANCED,green_box_quarter::green_box_1_75pct,ORIGINAL_ORACLE_PRESERVED,145,3990.5775,10.9425,False,False,ROLLING_LEVEL_RESIDUAL,superset_base_level_superset_q25,4021.86,20.34,False,False,ROLLING_LEVEL_RESIDUAL,superset_base_level_superset_recent8_median,superset_residual,-1.175,5.0,1.0,15.900953,7.024193,7.87676,global,261,34.87424,10.255409,2025-10-08,1.0,True,False,False,True,SELECTOR_GT10
2025-10-09,2025-10-08,L7,RANGE_NORMAL_60_120,CLOSE_POS_UPPER_THIRD,ROWS_SPARSE_1_8,4041.38,PREV_CLOSE_PROXY,,NEUTRAL,3985.35,3847.56,137.79,False,3847.56,137.79,MODE_B_EMA_CHANNEL_DIRECTION_HEAVY,red_box_edge::red_edge_4,ORIGINAL_ORACLE_PRESERVED,97,3850.467813,134.882187,False,False,ROLLING_SOURCE_LEVEL_RESIDUAL,superset_base_source_superset_q75,3850.384844,134.965156,False,False,ROLLING_SOURCE_LEVEL_RESIDUAL,superset_base_source_expanded_q75,expanded_residual,2.824844,4.0,1.0,37.292814,28.741567,7.551248,family,96,36.357408,9.573802,2025-10-08,1.0,True,False,False,True,SELECTOR_GT10
2025-10-10,2025-10-09,L4,RANGE_NORMAL_60_120,CLOSE_POS_LOWER_THIRD,ROWS_STANDARD_9_10,3975.96,PREV_CLOSE_PROXY,,NEUTRAL,3999.31,3975.96,23.35,False,3975.96,23.35,MODE_A_LIVE_PROXIMITY_HEAVY,prior_hlc::previous_close,ORIGINAL_ORACLE_PRESERVED,145,3991.4675,7.8425,False,False,ROLLING_SOURCE_LEVEL_RESIDUAL,superset_base_source_superset_q75,3973.825,25.485,False,False,ROLLING_LEVEL_RESIDUAL,superset_base_level_superset_recent8_median,superset_residual,-2.135,6.0,1.0,81.796259,72.691347,8.104912,level_source_family,48,74.663758,4.075898,2025-10-09,1.0,True,False,False,False,SELECTOR_GT10
2025-10-10,2025-10-09,L5,RANGE_NORMAL_60_120,CLOSE_POS_LOWER_THIRD,ROWS_STANDARD_9_10,3975.96,PREV_CLOSE_PROXY,,NEUTRAL,3980.31,3992.93,12.62,False,3992.93,12.62,MODE_C_BALANCED,prior_hlc::previous_pivot_hlc3,ORIGINAL_ORACLE_PRESERVED,145,3980.5775,0.2675,True,True,ROLLING_CHANNEL_LEVEL_RESIDUAL,superset_base_channel_original_recent8_median,3984.490764,4.180764,False,True,ROLLING_CHANNEL_LEVEL_RESIDUAL,superset_base_channel_original_mean,original_residual,-8.439236,6.0,1.0,30.13979,22.122524,7.017265,level_source_family,96,42.126639,11.487537,2025-10-09,1.0,True,True,False,True,SELECTOR_WITHIN_5
2025-10-10,2025-10-09,L6,RANGE_NORMAL_60_120,CLOSE_POS_LOWER_THIRD,ROWS_STANDARD_9_10,3975.96,PREV_CLOSE_PROXY,,NEUTRAL,3961.97,3973.1275,11.1575,False,3973.1275,11.1575,MODE_C_BALANCED,prior_range_fraction::prev_range_0.25,ORIGINAL_ORACLE_PRESERVED,145,3961.971875,0.001875,True,True,ROLLING_LEVEL_RESIDUAL,superset_base_level_superset_mean,3973.1275,11.1575,False,False,ROLLING_BASE_SUPERSET,ORIGINAL_ORACLE_PRESERVED,,0.0,,,-0.326373,0.873627,1.8,level_family_type,6,20.083604,20.069375,2025-10-09,1.0,True,False,False,False,SELECTOR_GT10
2025-10-10,2025-10-09,L7,RANGE_NORMAL_60_120,CLOSE_POS_LOWER_THIRD,ROWS_STANDARD_9_10,3975.96,PREV_CLOSE_PROXY,,NEUTRAL,3943.24,3941.680625,1.559375,True,3944.84,1.6,MODE_B_EMA_CHANNEL_DIRECTION_HEAVY,prior_hlc::previous_low,EXPANDED_ORACLE_BETTER,50,3944.505469,1.265469,True,True,ROLLING_CHANNEL_LEVEL_RESIDUAL,superset_base_channel_expanded_q75,3941.680625,1.559375,True,True,ROLLING_BASE_SUPERSET,EXPANDED_ORACLE_BETTER,,0.0,,,-50.014082,-48.801445,1.787362,family,24,21.286577,28.194966,2025-10-09,1.0,True,False,False,False,SELECTOR_WITHIN_3
2025-10-13,2025-10-10,L4,RANGE_NORMAL_60_120,CLOSE_POS_UPPER_THIRD,ROWS_STANDARD_9_10,4012.42,PREV_CLOSE_PROXY,,NEUTRAL,4010.88,4003.8475,7.0325,False,4003.8475,7.0325,MODE_C_BALANCED,prior_range_fraction::prev_range_0.75,ORIGINAL_ORACLE_PRESERVED,145,4010.77625,0.10375,True,True,ROLLING_SOURCE_LEVEL_RESIDUAL,superset_base_source_superset_recent8_median,4002.1975,8.6825,False,False,ROLLING_LEVEL_RESIDUAL,superset_base_level_superset_recent8_median,superset_residual,-1.65,7.0,3.0,42.596667,33.244887,8.35178,level_range_close_family,48,74.663758,4.075898,2025-10-10,3.0,True,False,False,False,SELECTOR_WITHIN_10
2025-10-13,2025-10-10,L5,RANGE_NORMAL_60_120,CLOSE_POS_UPPER_THIRD,ROWS_STANDARD_9_10,4012.42,PREV_CLOSE_PROXY,,NEUTRAL,3994.06,3994.056667,0.003333,True,3994.056667,0.003333,MODE_C_BALANCED,prior_hlc::previous_pivot_hlc3,ORIGINAL_ORACLE_PRESERVED,145,3994.056667,0.003333,True,True,ROLLING_BASE_SUPERSET,ORIGINAL_ORACLE_PRESERVED,3990.431667,3.628333,False,True,ROLLING_LEVEL_RESIDUAL,superset_base_level_expanded_recent8_median,expanded_residual,-3.625,7.0,3.0,45.403151,36.147751,8.2554,level_rows_family,48,56.806615,5.119314,2025-10-10,3.0,True,False,False,False,SELECTOR_WITHIN_5
2025-10-13,2025-10-10,L6,RANGE_NORMAL_60_120,CLOSE_POS_UPPER_THIRD,ROWS_STANDARD_9_10,4012.42,PREV_CLOSE_PROXY,,NEUTRAL,3974.97,3973.4025,1.5675,True,3973.4025,1.5675,MODE_C_BALANCED,green_box_midline::green_mid_1,ORIGINAL_ORACLE_PRESERVED,145,3973.4025,1.5675,True,True,ROLLING_BASE_SUPERSET,ORIGINAL_ORACLE_PRESERVED,3962.245,12.725,False,False,ROLLING_LEVEL_RESIDUAL,superset_base_level_original_recent8_median,original_residual,-11.1575,7.0,3.0,37.836394,28.94858,7.887814,level_rows_family,48,56.806615,6.244187,2025-10-10,3.0,True,False,False,False,SELECTOR_GT10
2025-10-13,2025-10-10,L7,RANGE_NORMAL_60_120,CLOSE_POS_UPPER_THIRD,ROWS_STANDARD_9_10,4012.42,PREV_CLOSE_PROXY,,NEUTRAL,3956.47,3956.63875,0.16875,True,3956.63875,0.16875,MODE_C_BALANCED,red_box_quarter::red_box_2_25pct,ORIGINAL_ORACLE_PRESERVED,145,3956.63875,0.16875,True,True,ROLLING_BASE_SUPERSET,ORIGINAL_ORACLE_PRESERVED,3956.10875,0.36125,True,True,ROLLING_LEVEL_RESIDUAL,superset_base_level_superset_recent8_median,superset_residual,-0.53,5.0,3.0,28.182442,19.326006,7.856436,family_type,6,34.369318,10.784167,2025-10-10,3.0,True,False,False,False,SELECTOR_WITHIN_3
2025-10-14,2025-10-13,L4,RANGE_WIDE_120_220,CLOSE_POS_UPPER_THIRD,ROWS_SPARSE_1_8,4110.41,PREV_CLOSE_PROXY,,NEUTRAL,4108.96,4110.41,1.45,True,4110.41,1.45,MODE_C_BALANCED,prior_hlc::previous_close,ORIGINAL_ORACLE_PRESERVED,145,4108.275,0.685,True,True,ROLLING_SOURCE_LEVEL_RESIDUAL,superset_base_source_original_q25,4112.181245,3.221245,False,True,ROLLING_LEVEL_RESIDUAL,superset_base_level_expanded_recent8_median,expanded_residual,1.771246,8.0,1.0,49.694543,40.021879,8.672663,level_rows_family,48,74.663758,4.075898,2025-10-13,1.0,True,False,False,False,SELECTOR_WITHIN_5
2025-10-14,2025-10-13,L5,RANGE_WIDE_120_220,CLOSE_POS_UPPER_THIRD,ROWS_SPARSE_1_8,4110.41,PREV_CLOSE_PROXY,,NEUTRAL,4093.64,4086.7525,6.8875,False,4086.7525,6.8875,MODE_D_NEAREST_VALID_LADDER,prior_range_fraction::prev_range_0.75,ORIGINAL_ORACLE_PRESERVED,145,4095.546563,1.906563,True,True,ROLLING_CHANNEL_LEVEL_RESIDUAL,superset_base_channel_expanded_q75,4082.620521,11.019479,False,False,ROLLING_CHANNEL_LEVEL_RESIDUAL,superset_base_channel_expanded_mean,expanded_residual,-4.131979,8.0,1.0,52.024286,43.246826,7.777459,level_family_type,4,40.097538,6.733339,2025-10-13,1.0,True,False,False,False,SELECTOR_GT10
2025-10-14,2025-10-13,L6,RANGE_WIDE_120_220,CLOSE_POS_UPPER_THIRD,ROWS_SPARSE_1_8,4110.41,PREV_CLOSE_PROXY,,NEUTRAL,4078.18,4052.60125,25.57875,False,4052.60125,25.57875,MODE_C_BALANCED,green_box_quarter::green_box_1_75pct,ORIGINAL_ORACLE_PRESERVED,145,4056.801562,21.378438,False,False,ROLLING_LEVEL_RESIDUAL,superset_base_level_original_q75,4045.618906,32.561093,False,False,ROLLING_LEVEL_RESIDUAL,superset_base_level_expanded_recent8_median,expanded_residual,-6.982344,8.0,1.0,33.362659,23.944298,8.418362,family_type,10,37.842803,9.526445,2025-10-13,1.0,True,False,False,False,SELECTOR_GT10
2025-10-14,2025-10-13,L7,RANGE_WIDE_120_220,CLOSE_POS_UPPER_THIRD,ROWS_SPARSE_1_8,4110.41,PREV_CLOSE_PROXY,,NEUTRAL,4061.81,4022.60125,39.20875,False,4022.60125,39.20875,MODE_C_BALANCED,red_box_quarter::red_box_2_25pct,ORIGINAL_ORACLE_PRESERVED,145,4023.728594,38.081406,False,False,ROLLING_LEVEL_RESIDUAL,superset_base_level_superset_q75,4022.196563,39.613437,False,False,ROLLING_LEVEL_RESIDUAL,superset_base_level_expanded_recent8_median,expanded_residual,-0.404688,6.0,1.0,69.562058,60.372706,8.189351,level_source_family,48,67.520901,6.126323,2025-10-13,1.0,True,False,False,False,SELECTOR_GT10
2025-10-15,2025-10-14,L4,RANGE_NORMAL_60_120,CLOSE_POS_MIDDLE_THIRD,ROWS_STANDARD_9_10,4142.14,PREV_CLOSE_PROXY,,NEUTRAL,4150.06,4142.14,7.92,False,4142.14,7.92,MODE_C_BALANCED,prior_hlc::previous_close,ORIGINAL_ORACLE_PRESERVED,193,4150.296017,0.236017,True,True,ROLLING_SOURCE_LEVEL_RESIDUAL,superset_base_source_expanded_mean,4140.69,9.37,False,False,ROLLING_CHANNEL_LEVEL_RESIDUAL,superset_base_channel_original_recent12_median,original_residual,-1.45,9.0,1.0,39.311069,29.827729,8.48334,level_family_type,5,37.013112,7.99525,2025-10-14,1.0,True,False,False,False,SELECTOR_WITHIN_10
2025-10-15,2025-10-14,L5,RANGE_NORMAL_60_120,CLOSE_POS_MIDDLE_THIRD,ROWS_STANDARD_9_10,4142.14,PREV_CLOSE_PROXY,,NEUTRAL,4135.03,4105.3525,29.6775,False,4105.3525,29.6775,MODE_C_BALANCED,green_box_quarter::green_box_1_25pct,ORIGINAL_ORACLE_PRESERVED,193,4117.21875,17.81125,False,False,ROLLING_CHANNEL_LEVEL_RESIDUAL,superset_base_channel_expanded_q75,4105.355833,29.674167,False,False,ROLLING_CHANNEL_LEVEL_RESIDUAL,superset_base_channel_expanded_recent12_median,expanded_residual,0.003333,9.0,1.0,45.388711,35.834774,8.553937,level_rows_family,96,47.89587,7.39189,2025-10-14,1.0,True,False,False,True,SELECTOR_GT10
2025-10-15,2025-10-14,L6,RANGE_NORMAL_60_120,CLOSE_POS_MIDDLE_THIRD,ROWS_STANDARD_9_10,4142.14,PREV_CLOSE_PROXY,,NEUTRAL,4119.47,4100.765,18.705,False,4090.265,29.205,MODE_B_EMA_CHANNEL_DIRECTION_HEAVY,red_box_midline::red_mid_2,EXPANDED_ORACLE_BETTER,146,4112.86375,6.60625,False,False,ROLLING_LEVEL_RESIDUAL,superset_base_level_superset_q75,4099.404688,20.065312,False,False,ROLLING_LEVEL_RESIDUAL,superset_base_level_expanded_recent12_median,expanded_residual,-1.360312,9.0,1.0,27.174429,17.23783,8.936599,level_rows_family,96,42.126639,9.43633,2025-10-14,1.0,True,False,False,False,SELECTOR_GT10
2025-10-15,2025-10-14,L7,RANGE_NORMAL_60_120,CLOSE_POS_MIDDLE_THIRD,ROWS_STANDARD_9_10,4142.14,PREV_CLOSE_PROXY,,NEUTRAL,4105.05,4060.44,44.61,False,4060.44,44.61,MODE_B_EMA_CHANNEL_DIRECTION_HEAVY,red_box_edge::red_edge_2,ORIGINAL_ORACLE_PRESERVED,145,4070.31375,34.73625,False,False,ROLLING_SOURCE_LEVEL_RESIDUAL,superset_base_source_original_q75,4060.27125,44.77875,False,False,ROLLING_LEVEL_RESIDUAL,superset_base_level_expanded_recent8_median,expanded_residual,-0.16875,7.0,1.0,32.811339,23.335474,8.475865,level_rows_family,48,67.520901,6.126323,2025-10-14,1.0,True,False,False,False,SELECTOR_GT10
2025-10-16,2025-10-15,L4,RANGE_NORMAL_60_120,CLOSE_POS_UPPER_THIRD,ROWS_STANDARD_9_10,4208.11,PREV_CLOSE_PROXY,,NEUTRAL,4201.69,4201.90625,0.21625,True,4198.935,2.755,MODE_C_BALANCED,prior_range_fraction::prev_range_0.75,EXPANDED_ORACLE_BETTER,194,4201.699375,0.009375,True,True,ROLLING_RANGE_LEVEL_RESIDUAL,superset_base_range_superset_q25,4206.41125,4.72125,False,True,ROLLING_RANGE_LEVEL_RESIDUAL,original_base_range_superset_recent8_median,superset_residual,7.47625,6.0,1.0,72.765708,64.731737,7.033971,level_rows_family,48,67.520901,3.078667,2025-10-15,1.0,True,False,False,False,SELECTOR_WITHIN_5
2025-10-16,2025-10-15,L5,RANGE_NORMAL_60_120,CLOSE_POS_UPPER_THIRD,ROWS_STANDARD_9_10,4208.11,PREV_CLOSE_PROXY,,NEUTRAL,4189.9,4189.07,0.83,True,4189.07,0.83,MODE_C_BALANCED,prior_hlc::previous_pivot_hlc3,ORIGINAL_ORACLE_PRESERVED,241,4189.408083,0.491917,True,True,ROLLING_ROW_LEVEL_RESIDUAL,superset_base_rows_expanded_mean,4192.956667,3.056667,False,True,ROLLING_CHANNEL_LEVEL_RESIDUAL,superset_base_channel_expanded_recent12_median,expanded_residual,3.886667,10.0,1.0,29.236449,19.597018,8.639431,level_family_type,6,34.369318,10.5375,2025-10-15,1.0,True,False,False,False,SELECTOR_WITHIN_5
2025-10-16,2025-10-15,L6,RANGE_NORMAL_60_120,CLOSE_POS_UPPER_THIRD,ROWS_STANDARD_9_10,4208.11,PREV_CLOSE_PROXY,,NEUTRAL,4177.27,4169.03264,8.23736,False,4169.03264,8.23736,MODE_C_BALANCED,green_box_midline::green_mid_1 | prior_range_fraction::prev_range_0.382,ORIGINAL_ORACLE_PRESERVED,241,4175.865765,1.404235,True,True,ROLLING_LEVEL_RESIDUAL,superset_base_level_expanded_recent8_median,4169.136234,8.133766,False,False,ROLLING_LEVEL_RESIDUAL,superset_base_level_expanded_recent12_median,expanded_residual,0.103594,10.0,1.0,20.615243,10.311198,9.304045,range_close_family,336,34.247589,11.11813,2025-10-15,1.0,True,False,False,True,SELECTOR_WITHIN_10
2025-10-16,2025-10-15,L7,RANGE_NORMAL_60_120,CLOSE_POS_UPPER_THIRD,ROWS_STANDARD_9_10,4208.11,PREV_CLOSE_PROXY,,NEUTRAL,4162.99,4150.79,12.2,False,4150.79,12.2,MODE_C_BALANCED,prior_range_fraction::prev_range_0.125 | red_box_quarter::red_box_2_25pct,ORIGINAL_ORACLE_PRESERVED,193,4164.01125,1.02125,True,True,ROLLING_SOURCE_LEVEL_RESIDUAL,superset_base_source_expanded_recent5_median,4151.485312,11.504687,False,False,ROLLING_LEVEL_RESIDUAL,superset_base_level_expanded_recent12_median,expanded_residual,0.695312,8.0,1.0,24.917907,15.192738,8.725169,level_range_close_family,48,67.520901,6.126323,2025-10-15,1.0,True,False,False,True,SELECTOR_GT10
2025-10-17,2025-10-16,L4,RANGE_WIDE_120_220,CLOSE_POS_UPPER_THIRD,ROWS_EXTENDED_11_PLUS,4325.92,PREV_CLOSE_PROXY,,NEUTRAL,4305.21,4320.4125,15.2025,False,4320.4125,15.2025,MODE_C_BALANCED,green_box_midline::green_mid_2,ORIGINAL_ORACLE_PRESERVED,145,4316.730621,11.520621,False,False,ROLLING_LEVEL_RESIDUAL,superset_base_level_expanded_q25,4327.445,22.235,False,False,ROLLING_LEVEL_RESIDUAL,original_base_level_expanded_recent12_median,expanded_residual,7.0325,11.0,1.0,48.193164,37.99725,9.195914,level_range_close_family,48,60.378044,6.161764,2025-10-16,1.0,True,False,False,False,SELECTOR_GT10
2025-10-17,2025-10-16,L5,RANGE_WIDE_120_220,CLOSE_POS_UPPER_THIRD,ROWS_EXTENDED_11_PLUS,4325.92,PREV_CLOSE_PROXY,,NEUTRAL,4289.52,4300.32875,10.80875,False,4300.32875,10.80875,MODE_C_BALANCED,green_box_quarter::green_box_2_25pct,ORIGINAL_ORACLE_PRESERVED,145,4287.97625,1.54375,True,True,ROLLING_CHANNEL_LEVEL_RESIDUAL,superset_base_channel_expanded_q25,4301.922481,12.402481,False,False,ROLLING_CHANNEL_LEVEL_RESIDUAL,original_base_channel_expanded_mean,expanded_residual,1.593731,11.0,1.0,36.076099,26.394773,8.681326,level_family_type,7,38.744697,9.987467,2025-10-16,1.0,True,False,False,False,SELECTOR_GT10
2025-10-17,2025-10-16,L6,RANGE_WIDE_120_220,CLOSE_POS_UPPER_THIRD,ROWS_EXTENDED_11_PLUS,4325.92,PREV_CLOSE_PROXY,,NEUTRAL,4275.71,4290.4125,14.7025,False,4290.4125,14.7025,MODE_C_BALANCED,red_box_midline::red_mid_1,ORIGINAL_ORACLE_PRESERVED,145,4274.07625,1.63375,True,True,ROLLING_LEVEL_RESIDUAL,superset_base_level_superset_q25,4295.31493,19.60493,False,False,ROLLING_LEVEL_RESIDUAL,superset_base_level_expanded_recent8_median,expanded_residual,4.90243,8.0,1.0,16.163585,6.643723,8.519861,level_family_type,6,27.226461,14.597346,2025-10-16,1.0,True,False,False,False,SELECTOR_GT10
2025-10-17,2025-10-16,L7,RANGE_WIDE_120_220,CLOSE_POS_UPPER_THIRD,ROWS_EXTENDED_11_PLUS,4325.92,PREV_CLOSE_PROXY,,NEUTRAL,4263.05,4270.32875,7.27875,False,4270.32875,7.27875,MODE_C_BALANCED,red_box_quarter::red_box_1_75pct,ORIGINAL_ORACLE_PRESERVED,145,4261.599687,1.450313,True,True,ROLLING_SOURCE_LEVEL_RESIDUAL,superset_base_source_superset_q25,4271.888125,8.838125,False,False,ROLLING_LEVEL_RESIDUAL,original_base_level_expanded_recent12_median,expanded_residual,1.559375,9.0,1.0,10.546435,0.633433,8.913002,family_type,22,36.039015,14.212757,2025-10-16,1.0,True,False,False,False,SELECTOR_WITHIN_10
2025-10-20,2025-10-17,L4,RANGE_WIDE_120_220,CLOSE_POS_MIDDLE_THIRD,ROWS_STANDARD_9_10,4252.68,PREV_CLOSE_PROXY,,NEUTRAL,4286.39,4325.85875,39.46875,False,4325.85875,39.46875,MODE_C_BALANCED,green_box_quarter::green_box_2_25pct,ORIGINAL_ORACLE_PRESERVED,193,4313.488125,27.098125,False,False,ROLLING_ROW_LEVEL_RESIDUAL,superset_base_rows_original_q25,4329.266875,42.876875,False,False,ROLLING_ROW_LEVEL_RESIDUAL,superset_base_rows_superset_recent8_median,superset_residual,3.408125,6.0,4.0,44.546198,36.301115,7.245084,level_rows_family,48,40.735187,6.009771,2025-10-17,3.0,True,False,False,False,SELECTOR_GT10
2025-10-20,2025-10-17,L5,RANGE_WIDE_120_220,CLOSE_POS_MIDDLE_THIRD,ROWS_STANDARD_9_10,4252.68,PREV_CLOSE_PROXY,,NEUTRAL,4249.57,4324.815625,75.245625,False,4324.815625,75.245625,MODE_C_BALANCED,red_box_midline::red_mid_1 | green_box_quarter::green_box_2_25pct,ORIGINAL_ORACLE_PRESERVED,193,4305.143125,55.573125,False,False,ROLLING_ROW_LEVEL_RESIDUAL,superset_base_rows_superset_q25,4325.232292,75.662292,False,False,ROLLING_ROW_LEVEL_RESIDUAL,superset_base_rows_expanded_recent8_median,expanded_residual,0.416667,6.0,4.0,45.175983,36.784917,7.391067,level_family_residual,16,57.548769,5.528104,2025-10-17,3.0,True,False,False,False,SELECTOR_GT10
2025-10-20,2025-10-17,L6,RANGE_WIDE_120_220,CLOSE_POS_MIDDLE_THIRD,ROWS_STANDARD_9_10,4252.68,PREV_CLOSE_PROXY,,NEUTRAL,4218.98,4297.945,78.965,False,4297.945,78.965,MODE_A_LIVE_PROXIMITY_HEAVY,green_box_edge::green_edge_1,ORIGINAL_ORACLE_PRESERVED,193,4270.450781,51.470781,False,False,ROLLING_ROW_LEVEL_RESIDUAL,superset_base_rows_expanded_q25,4298.048594,79.068594,False,False,ROLLING_LEVEL_RESIDUAL,superset_base_level_expanded_recent8_median,expanded_residual,0.103594,8.0,3.0,23.277077,13.574832,8.702245,level_family_type,7,25.411364,15.312715,2025-10-17,3.0,True,False,False,False,SELECTOR_GT10
2025-10-20,2025-10-17,L7,RANGE_WIDE_120_220,CLOSE_POS_MIDDLE_THIRD,ROWS_STANDARD_9_10,4252.68,PREV_CLOSE_PROXY,,NEUTRAL,4188.96,4282.945,93.985,False,4282.945,93.985,MODE_A_LIVE_PROXIMITY_HEAVY,prior_hlc::previous_mid,ORIGINAL_ORACLE_PRESERVED,193,4257.550312,68.590312,False,False,ROLLING_ROW_LEVEL_RESIDUAL,superset_base_rows_original_q25,4283.640312,94.680312,False,False,ROLLING_LEVEL_RESIDUAL,original_base_level_expanded_recent12_median,expanded_residual,0.695312,10.0,3.0,17.51885,7.340481,9.178369,family_type,26,31.799131,14.294713,2025-10-17,3.0,True,False,False,False,SELECTOR_GT10
2025-10-21,2025-10-20,L4,RANGE_WIDE_120_220,CLOSE_POS_UPPER_THIRD,ROWS_EXTENDED_11_PLUS,4356.3,PREV_CLOSE_PROXY,,NEUTRAL,4336.24,4338.17875,1.93875,True,4339.28,3.04,MODE_C_BALANCED,green_box_quarter::green_box_2_25pct,EXPANDED_ORACLE_BETTER,98,4336.051732,0.188268,True,True,ROLLING_CHANNEL_LEVEL_RESIDUAL,superset_base_channel_original_mean,4339.06375,2.82375,True,True,ROLLING_LEVEL_RESIDUAL,original_base_level_expanded_median,expanded_residual,-0.21625,13.0,1.0,24.842731,13.890871,9.951859,level_source_family,48,51.449472,5.449636,2025-10-20,1.0,True,False,False,False,SELECTOR_WITHIN_3
2025-10-21,2025-10-20,L5,RANGE_WIDE_120_220,CLOSE_POS_UPPER_THIRD,ROWS_EXTENDED_11_PLUS,4356.3,PREV_CLOSE_PROXY,,NEUTRAL,4302.55,4333.31,30.76,False,4333.31,30.76,MODE_C_BALANCED,red_box_midline::red_mid_1,ORIGINAL_ORACLE_PRESERVED,145,4312.23,9.68,False,False,ROLLING_SOURCE_LEVEL_RESIDUAL,superset_base_source_expanded_q25,4333.313333,30.763333,False,False,ROLLING_CHANNEL_LEVEL_RESIDUAL,original_base_channel_expanded_median,expanded_residual,0.003333,13.0,1.0,11.885131,1.396194,9.488937,level_family_type,9,34.186497,17.064745,2025-10-20,1.0,True,False,False,False,SELECTOR_GT10
2025-10-21,2025-10-20,L6,RANGE_WIDE_120_220,CLOSE_POS_UPPER_THIRD,ROWS_EXTENDED_11_PLUS,4356.3,PREV_CLOSE_PROXY,,NEUTRAL,4275.67,4314.39875,38.72875,False,4315.25,39.58,MODE_C_BALANCED,green_box_edge::green_edge_1,EXPANDED_ORACLE_BETTER,98,4292.0625,16.3925,False,False,ROLLING_LEVEL_RESIDUAL,superset_base_level_expanded_q25,4313.889688,38.219688,False,False,ROLLING_LEVEL_RESIDUAL,original_base_level_expanded_median,expanded_residual,-1.360312,13.0,1.0,0.298947,-10.612282,9.911229,family_type,30,28.451854,22.131687,2025-10-20,1.0,True,False,False,True,SELECTOR_GT10
2025-10-21,2025-10-20,L7,RANGE_WIDE_120_220,CLOSE_POS_UPPER_THIRD,ROWS_EXTENDED_11_PLUS,4356.3,PREV_CLOSE_PROXY,,NEUTRAL,4241.47,4300.25,58.78,False,4300.25,58.78,MODE_C_BALANCED,prior_hlc::previous_mid,ORIGINAL_ORACLE_PRESERVED,145,4273.435625,31.965625,False,False,ROLLING_SOURCE_LEVEL_RESIDUAL,superset_base_source_expanded_q25,4300.08125,58.61125,False,False,ROLLING_LEVEL_RESIDUAL,original_base_level_expanded_recent12_median,expanded_residual,-0.16875,11.0,1.0,-10.252449,-20.783314,9.530865,family_type,30,28.451854,22.131687,2025-10-20,1.0,True,False,False,True,SELECTOR_GT10
2025-10-22,2025-10-21,L4,RANGE_EXTREME_220_PLUS,CLOSE_POS_LOWER_THIRD,ROWS_EXTENDED_11_PLUS,4124.9,PREV_CLOSE_PROXY,,NEUTRAL,4243.57,4203.52875,40.04125,False,4203.52875,40.04125,MODE_B_EMA_CHANNEL_DIRECTION_HEAVY,green_box_quarter::green_box_1_75pct,ORIGINAL_ORACLE_PRESERVED,145,4219.622509,23.947491,False,False,ROLLING_SOURCE_LEVEL_RESIDUAL,superset_base_source_expanded_q75,4202.446698,41.123302,False,False,ROLLING_CHANNEL_LEVEL_RESIDUAL,original_base_channel_superset_mean,superset_residual,-1.082052,14.0,1.0,37.75595,27.179654,9.576296,level_family_type,10,43.398359,10.767148,2025-10-21,1.0,True,False,False,False,SELECTOR_GT10
2025-10-22,2025-10-21,L5,RANGE_EXTREME_220_PLUS,CLOSE_POS_LOWER_THIRD,ROWS_EXTENDED_11_PLUS,4124.9,PREV_CLOSE_PROXY,,NEUTRAL,4216.07,4173.52875,42.54125,False,4173.52875,42.54125,MODE_C_BALANCED,red_box_quarter::red_box_2_25pct,ORIGINAL_ORACLE_PRESERVED,145,4184.370938,31.699062,False,False,ROLLING_SOURCE_LEVEL_RESIDUAL,superset_base_source_expanded_q75,4166.437083,49.632917,False,False,ROLLING_CHANNEL_LEVEL_RESIDUAL,original_base_channel_expanded_mean,expanded_residual,-7.091667,14.0,1.0,16.398841,6.160815,9.238027,level_family_type,10,32.287248,18.360954,2025-10-21,1.0,True,False,False,False,SELECTOR_GT10
2025-10-22,2025-10-21,L6,RANGE_EXTREME_220_PLUS,CLOSE_POS_LOWER_THIRD,ROWS_EXTENDED_11_PLUS,4124.9,PREV_CLOSE_PROXY,,NEUTRAL,4182.91,4122.77625,60.13375,False,4122.77625,60.13375,MODE_C_BALANCED,green_box_quarter::green_box_1_25pct,ORIGINAL_ORACLE_PRESERVED,145,4133.909653,49.000347,False,False,ROLLING_LEVEL_RESIDUAL,superset_base_level_superset_q75,4117.98125,64.92875,False,False,ROLLING_LEVEL_RESIDUAL,original_base_level_superset_recent8_median,superset_residual,-4.795,8.0,1.0,-0.518036,-10.04314,8.525104,family_type,34,25.742154,23.462408,2025-10-21,1.0,True,False,False,False,SELECTOR_GT10
2025-10-22,2025-10-21,L7,RANGE_EXTREME_220_PLUS,CLOSE_POS_LOWER_THIRD,ROWS_EXTENDED_11_PLUS,4124.9,PREV_CLOSE_PROXY,,NEUTRAL,4144.81,4082.4,62.41,False,4082.4,62.41,MODE_B_EMA_CHANNEL_DIRECTION_HEAVY,prior_hlc::previous_low,ORIGINAL_ORACLE_PRESERVED,145,4095.110625,49.699375,False,False,ROLLING_SOURCE_LEVEL_RESIDUAL,superset_base_source_original_q75,4081.995313,62.814688,False,False,ROLLING_LEVEL_RESIDUAL,original_base_level_expanded_median,expanded_residual,-0.404688,12.0,1.0,-12.809193,-23.483544,9.674351,family_type,34,28.123106,23.363783,2025-10-21,1.0,True,False,False,False,SELECTOR_GT10
2025-10-23,2025-10-22,L4,RANGE_WIDE_120_220,CLOSE_POS_MIDDLE_THIRD,ROWS_STANDARD_9_10,4098.38,PREV_CLOSE_PROXY,,NEUTRAL,4177.89,4082.975,94.915,False,4082.975,94.915,MODE_C_BALANCED,prior_hlc::previous_mid,ORIGINAL_ORACLE_PRESERVED,193,4101.322514,76.567487,False,False,ROLLING_SOURCE_LEVEL_RESIDUAL,superset_base_source_expanded_q75,4082.975,94.915,False,False,ROLLING_BASE_SUPERSET,ORIGINAL_ORACLE_PRESERVED,,0.0,,,11.941163,13.141163,1.8,level_family_residual,15,29.616107,13.078001,2025-10-22,1.0,True,False,False,False,SELECTOR_GT10
2025-10-23,2025-10-22,L5,RANGE_WIDE_120_220,CLOSE_POS_MIDDLE_THIRD,ROWS_STANDARD_9_10,4098.38,PREV_CLOSE_PROXY,,NEUTRAL,4147.32,4056.869948,90.450052,False,4056.869948,90.450052,MODE_C_BALANCED,prior_range_fraction::prev_range_0.333333,ORIGINAL_ORACLE_PRESERVED,193,4071.591198,75.728802,False,False,ROLLING_SOURCE_LEVEL_RESIDUAL,superset_base_source_expanded_q75,4056.869948,90.450052,False,False,ROLLING_BASE_SUPERSET,ORIGINAL_ORACLE_PRESERVED,,0.0,,,2.227799,3.427799,1.8,level_rows_family,7,25.411364,23.420446,2025-10-22,1.0,True,False,False,False,SELECTOR_GT10
2025-10-23,2025-10-22,L6,RANGE_WIDE_120_220,CLOSE_POS_MIDDLE_THIRD,ROWS_STANDARD_9_10,4098.38,PREV_CLOSE_PROXY,,NEUTRAL,4104.93,4027.98875,76.94125,False,4027.98875,76.94125,MODE_B_EMA_CHANNEL_DIRECTION_HEAVY,green_box_quarter::green_box_1_25pct,ORIGINAL_ORACLE_PRESERVED,193,4041.359375,63.570625,False,False,ROLLING_LEVEL_RESIDUAL,superset_base_level_superset_q75,4027.98875,76.94125,False,False,ROLLING_BASE_SUPERSET,ORIGINAL_ORACLE_PRESERVED,,0.0,,,-6.526608,-5.326608,1.8,family,60,21.781918,26.677498,2025-10-22,1.0,True,False,False,False,SELECTOR_GT10
2025-10-23,2025-10-22,L7,RANGE_WIDE_120_220,CLOSE_POS_MIDDLE_THIRD,ROWS_STANDARD_9_10,4098.38,PREV_CLOSE_PROXY,,NEUTRAL,4068.85,4004.66,64.19,False,4004.66,64.19,MODE_C_BALANCED,prior_hlc::previous_low,ORIGINAL_ORACLE_PRESERVED,193,4025.728437,43.121562,False,False,ROLLING_SOURCE_LEVEL_RESIDUAL,superset_base_source_expanded_q75,4004.66,64.19,False,False,ROLLING_BASE_SUPERSET,ORIGINAL_ORACLE_PRESERVED,,0.0,,,-20.913579,-19.713579,1.8,level_rows_family,7,25.411364,31.508661,2025-10-22,1.0,True,False,False,False,SELECTOR_GT10
2025-10-24,2025-10-23,L4,RANGE_NORMAL_60_120,CLOSE_POS_UPPER_THIRD,ROWS_STANDARD_9_10,4125.98,PREV_CLOSE_PROXY,,NEUTRAL,4171.67,4139.91125,31.75875,False,4139.91125,31.75875,MODE_C_BALANCED,red_box_quarter::red_box_1_25pct,ORIGINAL_ORACLE_PRESERVED,289,4163.26125,8.40875,False,False,ROLLING_SOURCE_LEVEL_RESIDUAL,superset_base_source_expanded_q75,4144.31875,27.35125,False,False,ROLLING_RANGE_LEVEL_RESIDUAL,superset_base_range_original_mean,original_residual,4.4075,7.0,8.0,58.5694,50.621686,6.947714,level_source_family,48,67.520901,3.078667,2025-10-23,1.0,True,False,False,True,SELECTOR_GT10
2025-10-24,2025-10-23,L5,RANGE_NORMAL_60_120,CLOSE_POS_UPPER_THIRD,ROWS_STANDARD_9_10,4125.98,PREV_CLOSE_PROXY,,NEUTRAL,4135.65,4115.61,20.04,False,4115.61,20.04,MODE_C_BALANCED,prior_hlc::previous_pivot_hlc3,ORIGINAL_ORACLE_PRESERVED,289,4136.211562,0.561563,True,True,ROLLING_ROW_LEVEL_RESIDUAL,superset_base_rows_expanded_q75,4116.44,19.21,False,False,ROLLING_RANGE_LEVEL_RESIDUAL,original_base_range_expanded_recent8_median,expanded_residual,0.83,7.0,8.0,29.906635,21.529339,7.377296,level_range_close_family,48,42.520901,6.983694,2025-10-23,1.0,True,False,False,True,SELECTOR_GT10
2025-10-24,2025-10-23,L6,RANGE_NORMAL_60_120,CLOSE_POS_UPPER_THIRD,ROWS_STANDARD_9_10,4125.98,PREV_CLOSE_PROXY,,NEUTRAL,4099.72,4097.86708,1.85292,True,4097.86708,1.85292,MODE_C_BALANCED,green_box_midline::green_mid_1 | prior_range_fraction::prev_range_0.382,ORIGINAL_ORACLE_PRESERVED,289,4099.636691,0.083309,True,True,ROLLING_SOURCE_LEVEL_RESIDUAL,superset_base_source_expanded_mean,4099.43458,0.28542,True,True,ROLLING_RANGE_LEVEL_RESIDUAL,original_base_range_expanded_recent8_median,expanded_residual,1.5675,7.0,8.0,12.669344,4.328038,7.341306,family_type,6,34.369318,15.650793,2025-10-23,1.0,True,False,False,True,SELECTOR_WITHIN_3
2025-10-24,2025-10-23,L7,RANGE_NORMAL_60_120,CLOSE_POS_UPPER_THIRD,ROWS_STANDARD_9_10,4125.98,PREV_CLOSE_PROXY,,NEUTRAL,4061.44,4078.8925,17.4525,False,4078.8925,17.4525,MODE_C_BALANCED,prior_range_fraction::prev_range_0.125 | red_box_quarter::red_box_2_25pct,ORIGINAL_ORACLE_PRESERVED,241,4052.078125,9.361875,False,False,ROLLING_LEVEL_RESIDUAL,superset_base_level_expanded_q25,4083.590375,22.150375,False,False,ROLLING_RANGE_LEVEL_RESIDUAL,original_base_range_expanded_mean,expanded_residual,4.697875,5.0,8.0,21.28406,13.945516,6.338544,family_type,6,34.369318,15.467306,2025-10-23,1.0,True,False,False,False,SELECTOR_GT10
2025-10-27,2025-10-24,L4,RANGE_NORMAL_60_120,CLOSE_POS_UPPER_THIRD,ROWS_STANDARD_9_10,4112.26,PREV_CLOSE_PROXY,,NEUTRAL,4166.24,4158.24375,7.99625,False,4158.24375,7.99625,MODE_B_EMA_CHANNEL_DIRECTION_HEAVY,green_box_quarter::green_box_2_75pct,ORIGINAL_ORACLE_PRESERVED,337,4166.245148,0.005148,True,True,ROLLING_CHANNEL_LEVEL_RESIDUAL,original_base_channel_original_mean,4165.72,0.52,True,True,ROLLING_RANGE_LEVEL_RESIDUAL,original_base_range_expanded_recent8_median,expanded_residual,7.47625,8.0,3.0,30.053397,21.595938,7.457459,level_rows_family,144,39.349806,11.588572,2025-10-24,3.0,True,True,True,True,SELECTOR_WITHIN_3
2025-10-27,2025-10-24,L5,RANGE_NORMAL_60_120,CLOSE_POS_UPPER_THIRD,ROWS_STANDARD_9_10,4112.26,PREV_CLOSE_PROXY,,NEUTRAL,4129.36,4119.4875,9.8725,False,4119.4875,9.8725,MODE_C_BALANCED,prior_range_fraction::prev_range_0.75,ORIGINAL_ORACLE_PRESERVED,337,4129.9225,0.5625,True,True,ROLLING_CHANNEL_LEVEL_RESIDUAL,superset_base_channel_expanded_recent8_median,4122.954329,6.405671,False,False,ROLLING_CHANNEL_LEVEL_RESIDUAL,original_base_channel_expanded_mean,expanded_residual,3.466829,17.0,3.0,20.703366,9.515247,10.188119,level_regime_family_type,3,34.65186,7.725056,2025-10-24,3.0,True,False,False,True,SELECTOR_WITHIN_10
2025-10-27,2025-10-24,L6,RANGE_NORMAL_60_120,CLOSE_POS_UPPER_THIRD,ROWS_STANDARD_9_10,4112.26,PREV_CLOSE_PROXY,,NEUTRAL,4091.91,4095.73125,3.82125,True,4095.73125,3.82125,MODE_D_NEAREST_VALID_LADDER,red_box_quarter::red_box_1_75pct,ORIGINAL_ORACLE_PRESERVED,337,4092.157978,0.247978,True,True,ROLLING_RANGE_LEVEL_RESIDUAL,original_base_range_expanded_mean,4097.29875,5.38875,False,False,ROLLING_RANGE_CLOSE_LEVEL_RESIDUAL,superset_base_range_close_expanded_recent8_median,expanded_residual,1.5675,5.0,3.0,68.043699,58.277893,8.765806,level_range_close_family,48,67.520901,3.818253,2025-10-24,3.0,True,False,False,False,SELECTOR_WITHIN_10
2025-10-27,2025-10-24,L7,RANGE_NORMAL_60_120,CLOSE_POS_UPPER_THIRD,ROWS_STANDARD_9_10,4112.26,PREV_CLOSE_PROXY,,NEUTRAL,4056.5,4056.95625,0.45625,True,4056.95625,0.45625,MODE_C_BALANCED,prior_range_fraction::prev_range_0.125,ORIGINAL_ORACLE_PRESERVED,289,4056.551562,0.051562,True,True,ROLLING_SOURCE_LEVEL_RESIDUAL,superset_base_source_expanded_median,4056.7875,0.2875,True,True,ROLLING_LEVEL_RESIDUAL,original_base_level_expanded_median,expanded_residual,-0.16875,15.0,3.0,4.903803,-6.555262,10.459065,level_regime_family_type,3,25.560951,10.041458,2025-10-24,3.0,True,False,False,True,SELECTOR_WITHIN_3
2025-10-28,2025-10-27,L4,RANGE_WIDE_120_220,CLOSE_POS_LOWER_THIRD,ROWS_EXTENDED_11_PLUS,3981.07,PREV_CLOSE_PROXY,,NEUTRAL,4133.51,4118.255,15.255,False,4118.255,15.255,MODE_B_EMA_CHANNEL_DIRECTION_HEAVY,green_box_quarter::green_box_2_75pct,ORIGINAL_ORACLE_PRESERVED,193,4133.7625,0.2525,True,True,ROLLING_SOURCE_LEVEL_RESIDUAL,superset_base_source_expanded_median,4116.31625,17.19375,False,False,ROLLING_RANGE_LEVEL_RESIDUAL,original_base_range_expanded_recent8_median,expanded_residual,-1.93875,5.0,5.0,56.32378,48.472891,6.850889,level_source_family,144,48.560332,10.345096,2025-10-27,1.0,True,False,False,False,SELECTOR_GT10
2025-10-28,2025-10-27,L5,RANGE_WIDE_120_220,CLOSE_POS_LOWER_THIRD,ROWS_EXTENDED_11_PLUS,3981.07,PREV_CLOSE_PROXY,,NEUTRAL,4092.09,4097.3,5.21,False,4097.3,5.21,MODE_B_EMA_CHANNEL_DIRECTION_HEAVY,green_box_midline::green_mid_2,ORIGINAL_ORACLE_PRESERVED,193,4093.404635,1.314635,True,True,ROLLING_RANGE_LEVEL_RESIDUAL,original_base_range_superset_mean,4086.49125,5.59875,False,False,ROLLING_RANGE_LEVEL_RESIDUAL,original_base_range_expanded_recent8_median,expanded_residual,-10.80875,5.0,5.0,21.271751,13.853718,6.418033,family_type,14,40.053203,11.915511,2025-10-27,1.0,True,False,False,False,SELECTOR_WITHIN_10
2025-10-28,2025-10-27,L6,RANGE_WIDE_120_220,CLOSE_POS_LOWER_THIRD,ROWS_EXTENDED_11_PLUS,3981.07,PREV_CLOSE_PROXY,,NEUTRAL,4059.5,4061.65538,2.15538,True,4056.01076,3.48924,MODE_B_EMA_CHANNEL_DIRECTION_HEAVY,green_box_edge::green_edge_1 | prior_range_fraction::prev_range_0.618,EXPANDED_ORACLE_BETTER,146,4059.576073,0.076073,True,True,ROLLING_LEVEL_RESIDUAL,original_base_level_expanded_recent12_median,4041.30826,18.19174,False,False,ROLLING_RANGE_LEVEL_RESIDUAL,original_base_range_expanded_recent8_median,expanded_residual,-14.7025,5.0,5.0,26.940938,19.769366,6.171572,family_type,14,40.053203,11.915511,2025-10-27,1.0,True,False,False,False,SELECTOR_GT10
2025-10-28,2025-10-27,L7,RANGE_WIDE_120_220,CLOSE_POS_LOWER_THIRD,ROWS_EXTENDED_11_PLUS,3981.07,PREV_CLOSE_PROXY,,NEUTRAL,4025.25,4025.39,0.14,True,4025.39,0.14,MODE_B_EMA_CHANNEL_DIRECTION_HEAVY,red_box_edge::red_edge_1,ORIGINAL_ORACLE_PRESERVED,193,4025.26125,0.01125,True,True,ROLLING_LEVEL_RESIDUAL,original_base_level_expanded_mean,4018.11125,7.13875,False,False,ROLLING_RANGE_LEVEL_RESIDUAL,original_base_range_expanded_recent8_median,expanded_residual,-7.27875,5.0,5.0,42.979934,35.389637,6.590297,level_source_family,96,36.357408,11.950013,2025-10-27,1.0,True,False,False,False,SELECTOR_WITHIN_10
2025-10-29,2025-10-28,L4,RANGE_WIDE_120_220,CLOSE_POS_MIDDLE_THIRD,ROWS_STANDARD_9_10,3952.66,PREV_CLOSE_PROXY,,NEUTRAL,4053.69,4029.3325,24.3575,False,4029.3325,24.3575,MODE_C_BALANCED,green_box_quarter::green_box_2_75pct,ORIGINAL_ORACLE_PRESERVED,241,4054.694687,1.004687,True,True,ROLLING_SOURCE_LEVEL_RESIDUAL,superset_base_source_expanded_recent12_median,4046.9975,6.6925,False,False,ROLLING_RANGE_LEVEL_RESIDUAL,original_base_range_expanded_mean,expanded_residual,17.665,6.0,1.0,45.552709,38.390661,6.162048,level_family_type,5,44.70542,7.514451,2025-10-28,1.0,True,False,False,True,SELECTOR_WITHIN_10
2025-10-29,2025-10-28,L5,RANGE_WIDE_120_220,CLOSE_POS_MIDDLE_THIRD,ROWS_STANDARD_9_10,3952.66,PREV_CLOSE_PROXY,,NEUTRAL,4020.72,4008.945,11.775,False,4008.945,11.775,MODE_B_EMA_CHANNEL_DIRECTION_HEAVY,green_box_midline::green_mid_2,ORIGINAL_ORACLE_PRESERVED,241,4019.814375,0.905625,True,True,ROLLING_SOURCE_LEVEL_RESIDUAL,superset_base_source_superset_q75,4013.683346,7.036654,False,False,ROLLING_RANGE_LEVEL_RESIDUAL,superset_base_range_expanded_mean,expanded_residual,4.738346,6.0,1.0,20.886824,13.048955,6.837869,family_type,18,37.737325,10.11412,2025-10-28,1.0,True,False,False,True,SELECTOR_WITHIN_10
2025-10-29,2025-10-28,L6,RANGE_WIDE_120_220,CLOSE_POS_MIDDLE_THIRD,ROWS_STANDARD_9_10,3952.66,PREV_CLOSE_PROXY,,NEUTRAL,3988.68,3968.8758,19.8042,False,3968.8758,19.8042,MODE_A_LIVE_PROXIMITY_HEAVY,prior_range_fraction::prev_range_0.618,ORIGINAL_ORACLE_PRESERVED,241,3988.932172,0.252172,True,True,ROLLING_RANGE_LEVEL_RESIDUAL,superset_base_range_original_q75,3964.33609,24.34391,False,False,ROLLING_RANGE_LEVEL_RESIDUAL,superset_base_range_original_mean,original_residual,-4.53971,6.0,1.0,31.762593,23.915031,6.847562,level_family_type,5,37.013112,10.022611,2025-10-28,1.0,True,False,False,False,SELECTOR_GT10
2025-10-29,2025-10-28,L7,RANGE_WIDE_120_220,CLOSE_POS_MIDDLE_THIRD,ROWS_STANDARD_9_10,3952.66,PREV_CLOSE_PROXY,,NEUTRAL,3960.38,3938.17,22.21,False,3938.17,22.21,MODE_B_EMA_CHANNEL_DIRECTION_HEAVY,red_box_edge::red_edge_1,ORIGINAL_ORACLE_PRESERVED,241,3959.238438,1.141562,True,True,ROLLING_SOURCE_LEVEL_RESIDUAL,superset_base_source_expanded_q75,3928.705833,31.674167,False,False,ROLLING_RANGE_LEVEL_RESIDUAL,superset_base_range_original_mean,original_residual,-9.464167,6.0,1.0,26.383733,18.776484,6.607249,level_rows_family,96,36.357408,11.950013,2025-10-28,1.0,True,False,False,False,SELECTOR_GT10
2025-10-30,2025-10-29,L4,RANGE_NORMAL_60_120,CLOSE_POS_LOWER_THIRD,ROWS_EXTENDED_11_PLUS,3930.12,PREV_CLOSE_PROXY,,NEUTRAL,4090.3,3968.91875,121.38125,False,3968.91875,121.38125,MODE_C_BALANCED,green_box_quarter::green_box_1_75pct,ORIGINAL_ORACLE_PRESERVED,193,4004.341875,85.958125,False,False,ROLLING_LEVEL_RESIDUAL,original_base_level_expanded_recent5_median,3980.789583,109.510417,False,False,ROLLING_RANGE_LEVEL_RESIDUAL,original_base_range_expanded_mean,expanded_residual,11.870833,9.0,3.0,30.161224,21.94322,7.218003,level_family_type,6,41.512175,7.377459,2025-10-29,1.0,True,False,False,True,SELECTOR_GT10
2025-10-30,2025-10-29,L5,RANGE_NORMAL_60_120,CLOSE_POS_LOWER_THIRD,ROWS_EXTENDED_11_PLUS,3930.12,PREV_CLOSE_PROXY,,NEUTRAL,4056.8,3950.6725,106.1275,False,3950.6725,106.1275,MODE_C_BALANCED,green_box_midline::green_mid_1,ORIGINAL_ORACLE_PRESERVED,193,3970.722344,86.077656,False,False,ROLLING_SOURCE_LEVEL_RESIDUAL,superset_base_source_expanded_q75,3960.445,96.355,False,False,ROLLING_SOURCE_LEVEL_RESIDUAL,superset_base_source_expanded_median,expanded_residual,9.7725,20.0,1.0,25.487805,12.665603,11.822202,level_range_close_family,48,56.806615,5.119314,2025-10-29,1.0,True,False,False,True,SELECTOR_GT10
2025-10-30,2025-10-29,L6,RANGE_NORMAL_60_120,CLOSE_POS_LOWER_THIRD,ROWS_EXTENDED_11_PLUS,3930.12,PREV_CLOSE_PROXY,,NEUTRAL,4023.85,3932.42625,91.42375,False,3932.42625,91.42375,MODE_C_BALANCED,green_box_quarter::green_box_1_25pct,ORIGINAL_ORACLE_PRESERVED,193,3952.23045,71.61955,False,False,ROLLING_SOURCE_LEVEL_RESIDUAL,superset_base_source_expanded_recent5_median,3932.529844,91.320156,False,False,ROLLING_LEVEL_RESIDUAL,superset_base_level_expanded_median,expanded_residual,0.103594,20.0,1.0,26.179375,13.245331,11.934045,level_range_close_family,48,56.806615,6.244187,2025-10-29,1.0,True,False,False,True,SELECTOR_GT10
2025-10-30,2025-10-29,L7,RANGE_NORMAL_60_120,CLOSE_POS_LOWER_THIRD,ROWS_EXTENDED_11_PLUS,3930.12,PREV_CLOSE_PROXY,,NEUTRAL,3991.27,3914.18,77.09,False,3914.18,77.09,MODE_B_EMA_CHANNEL_DIRECTION_HEAVY,prior_hlc::previous_low,ORIGINAL_ORACLE_PRESERVED,193,3936.39,54.88,False,False,ROLLING_SOURCE_LEVEL_RESIDUAL,superset_base_source_superset_q75,3914.525893,76.744107,False,False,ROLLING_RANGE_LEVEL_RESIDUAL,superset_base_range_original_mean,original_residual,0.345893,7.0,3.0,11.446063,3.170642,7.27542,family_type,22,36.039015,13.337755,2025-10-29,1.0,True,False,False,True,SELECTOR_GT10
2025-10-31,2025-10-30,L4,RANGE_NORMAL_60_120,CLOSE_POS_UPPER_THIRD,ROWS_STANDARD_9_10,4024.28,PREV_CLOSE_PROXY,,NEUTRAL,4053.95,4039.49875,14.45125,False,4039.49875,14.45125,MODE_B_EMA_CHANNEL_DIRECTION_HEAVY,green_box_quarter::green_box_2_75pct,ORIGINAL_ORACLE_PRESERVED,337,4053.735409,0.214591,True,True,ROLLING_LEVEL_RESIDUAL,original_base_level_expanded_mean,4047.013125,6.936875,False,False,ROLLING_REGIME_LEVEL_RESIDUAL,superset_base_regime_superset_recent8_median,superset_residual,7.514375,4.0,4.0,81.42089,72.546192,7.874699,level_range_close_family,48,71.09233,3.315143,2025-10-30,1.0,True,False,False,True,SELECTOR_WITHIN_10
2025-10-31,2025-10-30,L5,RANGE_NORMAL_60_120,CLOSE_POS_UPPER_THIRD,ROWS_STANDARD_9_10,4024.28,PREV_CLOSE_PROXY,,NEUTRAL,4020.43,4009.49875,10.93125,False,4009.49875,10.93125,MODE_C_BALANCED,red_box_quarter::red_box_1_25pct,ORIGINAL_ORACLE_PRESERVED,337,4020.497236,0.067236,True,True,ROLLING_CHANNEL_LEVEL_RESIDUAL,original_base_channel_expanded_mean,4014.85,5.58,False,False,ROLLING_REGIME_LEVEL_RESIDUAL,superset_base_regime_superset_recent8_median,superset_residual,5.35125,4.0,4.0,40.814717,31.834458,7.980259,range_close_family,192,44.905852,4.775303,2025-10-30,1.0,True,False,False,True,SELECTOR_WITHIN_10
2025-10-31,2025-10-30,L6,RANGE_NORMAL_60_120,CLOSE_POS_UPPER_THIRD,ROWS_STANDARD_9_10,4024.28,PREV_CLOSE_PROXY,,NEUTRAL,3988.15,3974.05625,14.09375,False,3974.05625,14.09375,MODE_C_BALANCED,red_box_quarter::red_box_1_75pct,ORIGINAL_ORACLE_PRESERVED,337,3988.07703,0.07297,True,True,ROLLING_ROW_LEVEL_RESIDUAL,superset_base_rows_original_q75,3974.611887,13.538113,False,False,ROLLING_RANGE_CLOSE_LEVEL_RESIDUAL,superset_base_range_close_expanded_mean,expanded_residual,0.555637,6.0,4.0,49.006992,39.242707,8.764285,level_range_close_family,96,44.049716,4.911,2025-10-30,1.0,True,False,False,True,SELECTOR_GT10
2025-10-31,2025-10-30,L7,RANGE_NORMAL_60_120,CLOSE_POS_UPPER_THIRD,ROWS_STANDARD_9_10,4024.28,PREV_CLOSE_PROXY,,NEUTRAL,3959.89,3956.335,3.555,True,3956.335,3.555,MODE_C_BALANCED,red_box_edge::red_edge_1,ORIGINAL_ORACLE_PRESERVED,337,3959.258437,0.631563,True,True,ROLLING_REGIME_LEVEL_RESIDUAL,superset_base_regime_superset_q75,3956.0225,3.8675,False,True,ROLLING_REGIME_LEVEL_RESIDUAL,superset_base_regime_superset_recent8_median,superset_residual,-0.3125,4.0,4.0,78.646288,69.420138,8.22615,level_range_close_family,48,67.520901,2.488845,2025-10-30,1.0,True,False,False,False,SELECTOR_WITHIN_5
2025-11-03,2025-10-31,L4,RANGE_NORMAL_60_120,CLOSE_POS_MIDDLE_THIRD,ROWS_EXTENDED_11_PLUS,4002.19,PREV_CLOSE_PROXY,,NEUTRAL,4042.58,4024.215,18.365,False,4024.215,18.365,MODE_C_BALANCED,green_box_edge::green_edge_1,ORIGINAL_ORACLE_PRESERVED,193,4042.388892,0.191108,True,True,ROLLING_SOURCE_LEVEL_RESIDUAL,superset_base_source_expanded_mean,4038.354938,4.225062,False,True,ROLLING_RANGE_LEVEL_RESIDUAL,original_base_range_expanded_mean,expanded_residual,14.139937,10.0,3.0,23.920245,15.537974,7.382271,level_range_close_family,48,67.520901,3.078667,2025-10-31,3.0,True,True,False,True,SELECTOR_WITHIN_5
2025-11-03,2025-10-31,L5,RANGE_NORMAL_60_120,CLOSE_POS_MIDDLE_THIRD,ROWS_EXTENDED_11_PLUS,4002.19,PREV_CLOSE_PROXY,,NEUTRAL,4013.99,4007.21375,6.77625,False,4007.21375,6.77625,MODE_C_BALANCED,red_box_quarter::red_box_1_75pct,ORIGINAL_ORACLE_PRESERVED,241,4013.752663,0.237337,True,True,ROLLING_SOURCE_LEVEL_RESIDUAL,superset_base_source_superset_mean,4041.928773,27.938773,False,False,ROLLING_ROW_LEVEL_RESIDUAL,original_base_rows_expanded_recent8_median,expanded_residual,34.715023,5.0,4.0,13.41692,7.019613,5.397307,level_family_residual,112,28.17642,31.295607,2025-10-31,3.0,True,False,False,False,SELECTOR_GT10
2025-11-03,2025-10-31,L6,RANGE_NORMAL_60_120,CLOSE_POS_MIDDLE_THIRD,ROWS_EXTENDED_11_PLUS,4002.19,PREV_CLOSE_PROXY,,NEUTRAL,3985.4,3981.21625,4.18375,True,3994.215,8.815,MODE_C_BALANCED,red_box_edge::red_edge_1,EXPANDED_ORACLE_BETTER,194,3985.742605,0.342605,True,True,ROLLING_RANGE_LEVEL_RESIDUAL,original_base_range_expanded_q25,3984.781562,0.618438,True,True,ROLLING_LEVEL_RESIDUAL,superset_base_level_expanded_median,expanded_residual,3.565312,22.0,3.0,9.450118,-3.789722,12.23984,level_source_family,144,23.560332,23.27169,2025-10-31,3.0,True,False,True,True,SELECTOR_WITHIN_3
2025-11-03,2025-10-31,L7,RANGE_NORMAL_60_120,CLOSE_POS_MIDDLE_THIRD,ROWS_EXTENDED_11_PLUS,4002.19,PREV_CLOSE_PROXY,,NEUTRAL,3953.24,3942.22,11.02,False,3942.22,11.02,MODE_B_EMA_CHANNEL_DIRECTION_HEAVY,red_box_edge::red_edge_2,ORIGINAL_ORACLE_PRESERVED,241,3952.155347,1.084653,True,True,ROLLING_RANGE_LEVEL_RESIDUAL,superset_base_range_expanded_mean,3952.155347,1.084653,True,True,ROLLING_RANGE_LEVEL_RESIDUAL,superset_base_range_expanded_mean,expanded_residual,9.935347,9.0,3.0,9.211893,0.854438,7.357455,family_type,30,33.715012,21.689453,2025-10-31,3.0,True,True,True,True,SELECTOR_WITHIN_3
2025-11-04,2025-11-03,L4,RANGE_NORMAL_60_120,CLOSE_POS_MIDDLE_THIRD,ROWS_STANDARD_9_10,4001.26,PREV_CLOSE_PROXY,,NEUTRAL,4037.15,4011.435,25.715,False,4011.435,25.715,MODE_C_BALANCED,green_box_edge::green_edge_1,ORIGINAL_ORACLE_PRESERVED,241,4037.300937,0.150937,True,True,ROLLING_ROW_LEVEL_RESIDUAL,original_base_rows_expanded_recent8_median,4026.96017,10.18983,False,False,ROLLING_RANGE_LEVEL_RESIDUAL,original_base_range_expanded_mean,expanded_residual,15.52517,11.0,1.0,37.083685,28.442213,7.641472,level_range_close_family,96,44.049716,6.133291,2025-11-03,1.0,True,False,False,True,SELECTOR_GT10
2025-11-04,2025-11-03,L5,RANGE_NORMAL_60_120,CLOSE_POS_MIDDLE_THIRD,ROWS_STANDARD_9_10,4001.26,PREV_CLOSE_PROXY,,NEUTRAL,4011.32,3993.73125,17.58875,False,3993.73125,17.58875,MODE_C_BALANCED,red_box_quarter::red_box_1_75pct,ORIGINAL_ORACLE_PRESERVED,241,4011.40625,0.08625,True,True,ROLLING_SOURCE_LEVEL_RESIDUAL,superset_base_source_expanded_recent20_median,4000.280482,11.039518,False,False,ROLLING_SOURCE_LEVEL_RESIDUAL,superset_base_source_superset_mean,superset_residual,6.549232,23.0,1.0,24.856791,11.232293,12.624497,level_rows_family,480,26.600759,27.323542,2025-11-03,1.0,True,False,False,True,SELECTOR_GT10
2025-11-04,2025-11-03,L6,RANGE_NORMAL_60_120,CLOSE_POS_MIDDLE_THIRD,ROWS_STANDARD_9_10,4001.26,PREV_CLOSE_PROXY,,NEUTRAL,3978.19,3981.435,3.245,True,3981.435,3.245,MODE_C_BALANCED,red_box_edge::red_edge_1,ORIGINAL_ORACLE_PRESERVED,241,3979.457769,1.267769,True,True,ROLLING_ROW_LEVEL_RESIDUAL,superset_base_rows_superset_mean,3989.623339,11.433339,False,False,ROLLING_RANGE_LEVEL_RESIDUAL,superset_base_range_expanded_mean,expanded_residual,8.188339,12.0,1.0,25.302869,15.98336,8.319509,family_type,34,37.646916,19.699058,2025-11-03,1.0,True,False,False,False,SELECTOR_GT10
2025-11-04,2025-11-03,L7,RANGE_NORMAL_60_120,CLOSE_POS_MIDDLE_THIRD,ROWS_STANDARD_9_10,4001.26,PREV_CLOSE_PROXY,,NEUTRAL,3947.62,3932.25,15.37,False,3932.25,15.37,MODE_B_EMA_CHANNEL_DIRECTION_HEAVY,red_box_edge::red_edge_2,ORIGINAL_ORACLE_PRESERVED,241,3946.9525,0.6675,True,True,ROLLING_ROW_LEVEL_RESIDUAL,superset_base_rows_superset_q75,3942.293813,5.326187,False,False,ROLLING_RANGE_LEVEL_RESIDUAL,superset_base_range_expanded_mean,expanded_residual,10.043812,10.0,1.0,31.155498,22.476536,7.678962,level_range_close_family,48,28.235187,7.797321,2025-11-03,1.0,True,False,False,True,SELECTOR_WITHIN_10
2025-11-05,2025-11-04,L4,RANGE_NORMAL_60_120,CLOSE_POS_LOWER_THIRD,ROWS_SPARSE_1_8,3931.9,PREV_CLOSE_PROXY,,NEUTRAL,3973.68,3968.95125,4.72875,True,3968.95125,4.72875,MODE_C_BALANCED,green_box_quarter::green_box_1_75pct,ORIGINAL_ORACLE_PRESERVED,241,3973.353123,0.326877,True,True,ROLLING_SOURCE_LEVEL_RESIDUAL,superset_base_source_expanded_q25,3984.45875,10.77875,False,False,ROLLING_ROW_LEVEL_RESIDUAL,original_base_rows_expanded_recent8_median,expanded_residual,15.5075,5.0,22.0,22.975954,16.10752,5.868434,level_family_type,8,36.323153,22.714648,2025-11-04,1.0,True,False,False,False,SELECTOR_GT10
2025-11-05,2025-11-04,L5,RANGE_NORMAL_60_120,CLOSE_POS_LOWER_THIRD,ROWS_SPARSE_1_8,3931.9,PREV_CLOSE_PROXY,,NEUTRAL,3944.85,3955.5775,10.7275,False,3955.5775,10.7275,MODE_C_BALANCED,green_box_midline::green_mid_1,ORIGINAL_ORACLE_PRESERVED,241,3944.315938,0.534062,True,True,ROLLING_SOURCE_LEVEL_RESIDUAL,superset_base_source_superset_q25,3963.3475,18.4975,False,False,ROLLING_ROW_LEVEL_RESIDUAL,original_base_rows_expanded_recent8_median,expanded_residual,7.77,5.0,22.0,20.353938,13.107914,6.246024,level_family_type,9,34.186497,25.409962,2025-11-04,1.0,True,False,False,False,SELECTOR_GT10
2025-11-05,2025-11-04,L6,RANGE_NORMAL_60_120,CLOSE_POS_LOWER_THIRD,ROWS_SPARSE_1_8,3931.9,PREV_CLOSE_PROXY,,NEUTRAL,3916.74,3942.20375,25.46375,False,3942.20375,25.46375,MODE_C_BALANCED,green_box_quarter::green_box_1_25pct,ORIGINAL_ORACLE_PRESERVED,241,3929.074844,12.334844,False,False,ROLLING_LEVEL_RESIDUAL,superset_base_level_expanded_q25,3947.077188,30.337188,False,False,ROLLING_LEVEL_RESIDUAL,superset_base_level_expanded_median,expanded_residual,4.873437,24.0,1.0,6.203347,-7.597929,12.801276,family_type,74,27.819152,26.263781,2025-11-04,1.0,True,False,False,False,SELECTOR_GT10
2025-11-05,2025-11-04,L7,RANGE_NORMAL_60_120,CLOSE_POS_LOWER_THIRD,ROWS_SPARSE_1_8,3931.9,PREV_CLOSE_PROXY,,NEUTRAL,3888.49,3928.83,40.34,False,3928.83,40.34,MODE_C_BALANCED,prior_hlc::previous_low,ORIGINAL_ORACLE_PRESERVED,193,3918.2125,29.7225,False,False,ROLLING_SOURCE_LEVEL_RESIDUAL,superset_base_source_expanded_q25,3942.615,54.125,False,False,ROLLING_RANGE_LEVEL_RESIDUAL,superset_base_range_expanded_recent8_median,expanded_residual,13.785,8.0,1.0,5.699397,-2.546995,7.246392,level_family_type,8,36.323153,18.309883,2025-11-04,1.0,True,False,False,False,SELECTOR_GT10
2025-11-06,2025-11-05,L4,RANGE_NORMAL_60_120,CLOSE_POS_UPPER_THIRD,ROWS_STANDARD_9_10,3979.04,PREV_CLOSE_PROXY,,NEUTRAL,4026.17,4020.51,5.66,False,4020.51,5.66,MODE_D_NEAREST_VALID_LADDER,green_box_edge::green_edge_2,ORIGINAL_ORACLE_PRESERVED,337,4025.40375,0.76625,True,True,ROLLING_RANGE_CLOSE_LEVEL_RESIDUAL,superset_base_range_close_original_q25,4047.884375,21.714375,False,False,ROLLING_REGIME_LEVEL_RESIDUAL,superset_base_regime_expanded_recent8_median,expanded_residual,27.374375,5.0,6.0,70.571631,62.4429,7.128731,level_range_close_family,96,57.511254,4.44653,2025-11-05,1.0,True,False,False,False,SELECTOR_GT10
2025-11-06,2025-11-05,L5,RANGE_NORMAL_60_120,CLOSE_POS_UPPER_THIRD,ROWS_STANDARD_9_10,3979.04,PREV_CLOSE_PROXY,,NEUTRAL,3999.38,3997.685,1.695,True,3997.685,1.695,MODE_D_NEAREST_VALID_LADDER,green_box_midline::green_mid_2,ORIGINAL_ORACLE_PRESERVED,337,3998.515,0.865,True,True,ROLLING_REGIME_LEVEL_RESIDUAL,superset_base_regime_expanded_q25,4017.099583,17.719583,False,False,ROLLING_REGIME_LEVEL_RESIDUAL,superset_base_regime_expanded_recent8_median,expanded_residual,19.414583,5.0,6.0,51.671813,43.154645,7.517168,level_family_residual,32,44.529261,5.124826,2025-11-05,1.0,True,False,False,False,SELECTOR_GT10
2025-11-06,2025-11-05,L6,RANGE_NORMAL_60_120,CLOSE_POS_UPPER_THIRD,ROWS_STANDARD_9_10,3979.04,PREV_CLOSE_PROXY,,NEUTRAL,3971.33,3964.850417,6.479583,False,3964.850417,6.479583,MODE_D_NEAREST_VALID_LADDER,green_box_quarter::green_box_1_75pct | prior_hlc::previous_pivot_hlc3,ORIGINAL_ORACLE_PRESERVED,337,3971.750659,0.42066,True,True,ROLLING_RANGE_LEVEL_RESIDUAL,superset_base_range_expanded_recent8_median,3968.994623,2.335377,True,True,ROLLING_RANGE_CLOSE_LEVEL_RESIDUAL,superset_base_range_close_expanded_mean,expanded_residual,4.144206,7.0,6.0,38.875816,29.063453,8.812363,level_regime_family_type,3,34.65186,6.079548,2025-11-05,1.0,True,True,True,True,SELECTOR_WITHIN_3
2025-11-06,2025-11-05,L7,RANGE_NORMAL_60_120,CLOSE_POS_UPPER_THIRD,ROWS_STANDARD_9_10,3979.04,PREV_CLOSE_PROXY,,NEUTRAL,3946.09,3944.86,1.23,True,3944.86,1.23,MODE_C_BALANCED,red_box_edge::red_edge_1,ORIGINAL_ORACLE_PRESERVED,337,3946.419375,0.329375,True,True,ROLLING_LEVEL_RESIDUAL,superset_base_level_expanded_median,3944.3955,1.6945,True,True,ROLLING_REGIME_LEVEL_RESIDUAL,superset_base_regime_superset_mean,superset_residual,-0.4645,5.0,6.0,69.507484,60.365552,8.141932,level_range_close_family,96,61.357408,3.86553,2025-11-05,1.0,True,False,False,False,SELECTOR_WITHIN_3
2025-11-07,2025-11-06,L4,RANGE_COMPRESSED_0_60,CLOSE_POS_LOWER_THIRD,ROWS_SPARSE_1_8,3976.93,PREV_CLOSE_PROXY,,NEUTRAL,3994.41,3982.909982,11.500018,False,3982.909982,11.500018,MODE_B_EMA_CHANNEL_DIRECTION_HEAVY,prior_range_fraction::prev_range_0.333333,ORIGINAL_ORACLE_PRESERVED,193,3994.133732,0.276268,True,True,ROLLING_SOURCE_LEVEL_RESIDUAL,superset_base_source_superset_median,3998.732784,4.322784,False,True,ROLLING_LEVEL_RESIDUAL,original_base_level_expanded_mean,expanded_residual,15.822802,25.0,1.0,30.242221,16.925274,12.316947,level_rows_family,144,51.191911,7.817896,2025-11-06,1.0,True,True,False,True,SELECTOR_WITHIN_5
2025-11-07,2025-11-06,L5,RANGE_COMPRESSED_0_60,CLOSE_POS_LOWER_THIRD,ROWS_SPARSE_1_8,3976.93,PREV_CLOSE_PROXY,,NEUTRAL,3965.9,3966.45375,0.55375,True,3966.45375,0.55375,MODE_A_LIVE_PROXIMITY_HEAVY,red_box_quarter::red_box_2_25pct,ORIGINAL_ORACLE_PRESERVED,193,3966.45375,0.55375,True,True,ROLLING_BASE_SUPERSET,ORIGINAL_ORACLE_PRESERVED,3972.576388,6.676388,False,False,ROLLING_CHANNEL_LEVEL_RESIDUAL,superset_base_channel_superset_mean,superset_residual,6.122638,26.0,1.0,21.44162,7.886305,12.555315,family_type,87,27.170215,26.29571,2025-11-06,1.0,True,False,False,False,SELECTOR_WITHIN_10
2025-11-07,2025-11-06,L6,RANGE_COMPRESSED_0_60,CLOSE_POS_LOWER_THIRD,ROWS_SPARSE_1_8,3976.93,PREV_CLOSE_PROXY,,NEUTRAL,3939.99,3945.19125,5.20125,False,3945.19125,5.20125,MODE_B_EMA_CHANNEL_DIRECTION_HEAVY,red_box_quarter::red_box_2_75pct,ORIGINAL_ORACLE_PRESERVED,193,3941.94625,1.95625,True,True,ROLLING_LEVEL_RESIDUAL,superset_base_level_original_recent5_median,3950.064687,10.074687,False,False,ROLLING_LEVEL_RESIDUAL,superset_base_level_expanded_median,expanded_residual,4.873437,26.0,1.0,20.857641,6.581365,13.276276,family_type,82,27.568561,25.379475,2025-11-06,1.0,True,False,False,False,SELECTOR_GT10
2025-11-07,2025-11-06,L7,RANGE_COMPRESSED_0_60,CLOSE_POS_LOWER_THIRD,ROWS_SPARSE_1_8,3976.93,PREV_CLOSE_PROXY,,NEUTRAL,3916.67,3923.92875,7.25875,False,3923.92875,7.25875,MODE_B_EMA_CHANNEL_DIRECTION_HEAVY,red_box_quarter::red_box_3_25pct,ORIGINAL_ORACLE_PRESERVED,145,3914.106563,2.563437,True,True,ROLLING_LEVEL_RESIDUAL,superset_base_level_superset_q25,3924.47375,7.80375,False,False,ROLLING_LEVEL_RESIDUAL,superset_base_level_original_median,original_residual,0.545,24.0,1.0,9.402792,-4.609712,13.012504,family_type,82,23.124116,25.869396,2025-11-06,1.0,True,False,False,False,SELECTOR_WITHIN_10
2025-11-10,2025-11-07,L4,RANGE_COMPRESSED_0_60,CLOSE_POS_MIDDLE_THIRD,ROWS_STANDARD_9_10,4000.84,PREV_CLOSE_PROXY,,NEUTRAL,4017.8,4003.308542,14.491459,False,4003.308542,14.491459,MODE_C_BALANCED,prior_hlc::previous_pivot_hlc3 | green_box_quarter::green_box_1_75pct,ORIGINAL_ORACLE_PRESERVED,193,4017.759792,0.040208,True,True,ROLLING_ROW_LEVEL_RESIDUAL,original_base_rows_original_recent5_median,4018.965083,1.165083,True,True,ROLLING_CHANNEL_LEVEL_RESIDUAL,original_base_channel_expanded_mean,expanded_residual,15.656541,26.0,3.0,28.936626,15.943365,11.993261,level_family_type,23,41.328079,18.76333,2025-11-07,3.0,True,True,True,True,SELECTOR_WITHIN_3
2025-11-10,2025-11-07,L5,RANGE_COMPRESSED_0_60,CLOSE_POS_MIDDLE_THIRD,ROWS_STANDARD_9_10,4000.84,PREV_CLOSE_PROXY,,NEUTRAL,3992.42,3986.346875,6.073125,False,3986.346875,6.073125,MODE_D_NEAREST_VALID_LADDER,green_box_quarter::green_box_1_25pct | prior_range_fraction::prev_range_0.25,ORIGINAL_ORACLE_PRESERVED,193,3992.22224,0.19776,True,True,ROLLING_SOURCE_LEVEL_RESIDUAL,superset_base_source_superset_mean,4003.840417,11.420417,False,False,ROLLING_ROW_LEVEL_RESIDUAL,original_base_rows_expanded_median,expanded_residual,17.493541,14.0,4.0,23.899891,14.307176,8.592715,level_family_type,12,34.058523,22.239503,2025-11-07,3.0,True,False,False,False,SELECTOR_GT10
2025-11-10,2025-11-07,L6,RANGE_COMPRESSED_0_60,CLOSE_POS_MIDDLE_THIRD,ROWS_STANDARD_9_10,4000.84,PREV_CLOSE_PROXY,,NEUTRAL,3968.14,3965.2825,2.8575,True,3965.2825,2.8575,MODE_B_EMA_CHANNEL_DIRECTION_HEAVY,red_box_midline::red_mid_2,ORIGINAL_ORACLE_PRESERVED,193,3968.194627,0.054627,True,True,ROLLING_LEVEL_RESIDUAL,superset_base_level_superset_mean,3969.46625,1.32625,True,True,ROLLING_LEVEL_RESIDUAL,superset_base_level_expanded_median,expanded_residual,4.18375,27.0,3.0,21.738141,7.280008,13.458133,level_rows_family,576,21.885566,23.485174,2025-11-07,3.0,True,False,False,True,SELECTOR_WITHIN_3
2025-11-10,2025-11-07,L7,RANGE_COMPRESSED_0_60,CLOSE_POS_MIDDLE_THIRD,ROWS_STANDARD_9_10,4000.84,PREV_CLOSE_PROXY,,NEUTRAL,3943.22,3944.54,1.32,True,3944.54,1.32,MODE_B_EMA_CHANNEL_DIRECTION_HEAVY,red_box_edge::red_edge_2,ORIGINAL_ORACLE_PRESERVED,193,3943.230357,0.010357,True,True,ROLLING_ROW_LEVEL_RESIDUAL,superset_base_rows_original_mean,3945.070625,1.850625,True,True,ROLLING_ROW_LEVEL_RESIDUAL,superset_base_rows_original_median,original_residual,0.530625,14.0,4.0,16.674075,6.20857,9.465506,level_family_type,10,26.731692,24.589313,2025-11-07,3.0,True,False,False,False,SELECTOR_WITHIN_3
2025-11-11,2025-11-10,L4,RANGE_NORMAL_60_120,CLOSE_POS_UPPER_THIRD,ROWS_STANDARD_9_10,4115.78,PREV_CLOSE_PROXY,,NEUTRAL,4158.14,4146.47,11.67,False,4146.47,11.67,MODE_D_NEAREST_VALID_LADDER,green_box_edge::green_edge_2,ORIGINAL_ORACLE_PRESERVED,337,4158.078958,0.061042,True,True,ROLLING_REGIME_LEVEL_RESIDUAL,superset_base_regime_original_mean,4153.984375,4.155625,False,True,ROLLING_REGIME_LEVEL_RESIDUAL,superset_base_regime_superset_recent8_median,superset_residual,7.514375,6.0,5.0,67.219724,57.820925,8.398799,level_range_close_family,144,56.455069,5.90039,2025-11-10,1.0,True,True,False,True,SELECTOR_WITHIN_5
2025-11-11,2025-11-10,L5,RANGE_NORMAL_60_120,CLOSE_POS_UPPER_THIRD,ROWS_STANDARD_9_10,4115.78,PREV_CLOSE_PROXY,,NEUTRAL,4131.74,4109.315,22.425,False,4109.315,22.425,MODE_D_NEAREST_VALID_LADDER,green_box_midline::green_mid_2,ORIGINAL_ORACLE_PRESERVED,337,4129.929479,1.810521,True,True,ROLLING_ROW_LEVEL_RESIDUAL,superset_base_rows_expanded_q75,4122.462951,9.277049,False,False,ROLLING_REGIME_LEVEL_RESIDUAL,superset_base_regime_expanded_mean,expanded_residual,13.147951,6.0,5.0,47.807262,38.983382,7.82388,level_regime_family_type,3,34.65186,4.791456,2025-11-10,1.0,True,False,False,True,SELECTOR_WITHIN_10
2025-11-11,2025-11-10,L6,RANGE_NORMAL_60_120,CLOSE_POS_UPPER_THIRD,ROWS_STANDARD_9_10,4115.78,PREV_CLOSE_PROXY,,NEUTRAL,4099.17,4076.81502,22.35498,False,4076.81502,22.35498,MODE_C_BALANCED,prior_hlc::previous_pivot_hlc3 | prior_range_fraction::prev_range_0.666667,ORIGINAL_ORACLE_PRESERVED,337,4092.747945,6.422055,False,False,ROLLING_SOURCE_LEVEL_RESIDUAL,superset_base_source_expanded_q75,4081.91969,17.25031,False,False,ROLLING_RANGE_CLOSE_LEVEL_RESIDUAL,superset_base_range_close_expanded_mean,expanded_residual,5.10467,8.0,5.0,59.480424,49.414032,9.066392,level_regime_family_type,4,40.097538,5.143505,2025-11-10,1.0,True,False,False,True,SELECTOR_GT10
2025-11-11,2025-11-10,L7,RANGE_NORMAL_60_120,CLOSE_POS_UPPER_THIRD,ROWS_STANDARD_9_10,4115.78,PREV_CLOSE_PROXY,,NEUTRAL,4067.01,4042.66142,24.34858,False,4042.66142,24.34858,MODE_C_BALANCED,red_box_edge::red_edge_1 | prior_range_fraction::prev_range_0.382,ORIGINAL_ORACLE_PRESERVED,337,4063.93767,3.07233,False,True,ROLLING_SOURCE_LEVEL_RESIDUAL,superset_base_source_expanded_q75,4042.479337,24.530663,False,False,ROLLING_RANGE_CLOSE_LEVEL_RESIDUAL,superset_base_range_close_superset_mean,superset_residual,-0.182083,6.0,5.0,84.117947,74.361333,8.756614,level_range_close_family,96,69.049716,3.712096,2025-11-10,1.0,True,False,False,False,SELECTOR_GT10
2025-11-12,2025-11-11,L4,RANGE_COMPRESSED_0_60,CLOSE_POS_MIDDLE_THIRD,ROWS_SPARSE_1_8,4126.6,PREV_CLOSE_PROXY,,NEUTRAL,4129.0,4138.78375,9.78375,False,4138.78375,9.78375,MODE_C_BALANCED,red_box_quarter::red_box_1_25pct,ORIGINAL_ORACLE_PRESERVED,241,4135.293741,6.293741,False,False,ROLLING_RANGE_LEVEL_RESIDUAL,original_base_range_expanded_q25,4149.703625,20.703625,False,False,ROLLING_LEVEL_RESIDUAL,superset_base_level_superset_mean,superset_residual,10.919875,28.0,1.0,50.230747,36.029537,13.20121,level_range_close_family,48,56.806615,6.414311,2025-11-11,1.0,True,False,False,False,SELECTOR_GT10
2025-11-12,2025-11-11,L5,RANGE_COMPRESSED_0_60,CLOSE_POS_MIDDLE_THIRD,ROWS_SPARSE_1_8,4126.6,PREV_CLOSE_PROXY,,NEUTRAL,4097.81,4114.426649,16.616649,False,4114.426649,16.616649,MODE_C_BALANCED,prior_range_fraction::prev_range_0.333333,ORIGINAL_ORACLE_PRESERVED,241,4103.699149,5.889149,False,False,ROLLING_SOURCE_LEVEL_RESIDUAL,superset_base_source_superset_q25,4120.87951,23.06951,False,False,ROLLING_CHANNEL_LEVEL_RESIDUAL,superset_base_channel_original_mean,original_residual,6.452861,29.0,1.0,34.667707,20.528506,13.1392,level_range_close_family,48,46.09233,6.94231,2025-11-11,1.0,True,False,False,False,SELECTOR_GT10
2025-11-12,2025-11-11,L6,RANGE_COMPRESSED_0_60,CLOSE_POS_MIDDLE_THIRD,ROWS_SPARSE_1_8,4126.6,PREV_CLOSE_PROXY,,NEUTRAL,4064.25,4087.6025,23.3525,False,4087.6025,23.3525,MODE_B_EMA_CHANNEL_DIRECTION_HEAVY,red_box_midline::red_mid_2,ORIGINAL_ORACLE_PRESERVED,241,4073.83375,9.58375,False,False,ROLLING_ROW_LEVEL_RESIDUAL,original_base_rows_expanded_q25,4093.165625,28.915625,False,False,ROLLING_LEVEL_RESIDUAL,superset_base_level_expanded_median,expanded_residual,5.563125,29.0,1.0,31.327551,16.484932,13.842619,level_range_close_family,48,56.806615,5.297573,2025-11-11,1.0,True,False,False,False,SELECTOR_GT10
2025-11-12,2025-11-11,L7,RANGE_COMPRESSED_0_60,CLOSE_POS_MIDDLE_THIRD,ROWS_SPARSE_1_8,4126.6,PREV_CLOSE_PROXY,,NEUTRAL,4034.75,4067.13,32.38,False,4067.13,32.38,MODE_B_EMA_CHANNEL_DIRECTION_HEAVY,red_box_edge::red_edge_2,ORIGINAL_ORACLE_PRESERVED,241,4057.347188,22.597188,False,False,ROLLING_SOURCE_LEVEL_RESIDUAL,superset_base_source_expanded_q25,4066.6,31.85,False,False,ROLLING_ROW_LEVEL_RESIDUAL,original_base_rows_superset_median,superset_residual,-0.53,5.0,5.0,26.056089,18.091453,6.964636,level_range_close_family,48,49.663758,7.755474,2025-11-11,1.0,True,False,False,True,SELECTOR_GT10
2025-11-13,2025-11-12,L4,RANGE_NORMAL_60_120,CLOSE_POS_UPPER_THIRD,ROWS_STANDARD_9_10,4195.32,PREV_CLOSE_PROXY,,NEUTRAL,4233.19,4241.75,8.56,False,4241.75,8.56,MODE_A_LIVE_PROXIMITY_HEAVY,green_box_edge::green_edge_2,ORIGINAL_ORACLE_PRESERVED,337,4239.81125,6.62125,False,False,ROLLING_LEVEL_RESIDUAL,superset_base_level_expanded_q25,4252.943214,19.753214,False,False,ROLLING_REGIME_LEVEL_RESIDUAL,superset_base_regime_superset_mean,superset_residual,11.193214,7.0,2.0,66.37154,57.099568,8.271971,level_range_close_family,192,57.905852,5.81717,2025-11-12,1.0,True,False,False,False,SELECTOR_GT10
2025-11-13,2025-11-12,L5,RANGE_NORMAL_60_120,CLOSE_POS_UPPER_THIRD,ROWS_STANDARD_9_10,4195.32,PREV_CLOSE_PROXY,,NEUTRAL,4204.6,4206.04,1.44,True,4206.04,1.44,MODE_C_BALANCED,green_box_midline::green_mid_2,ORIGINAL_ORACLE_PRESERVED,337,4203.360625,1.239375,True,True,ROLLING_RANGE_LEVEL_RESIDUAL,original_base_range_superset_q25,4222.842887,18.242887,False,False,ROLLING_REGIME_LEVEL_RESIDUAL,superset_base_regime_expanded_mean,expanded_residual,16.802887,7.0,2.0,41.489909,32.491689,7.998219,level_regime_family_type,4,31.764205,5.912854,2025-11-12,1.0,True,False,False,False,SELECTOR_GT10
2025-11-13,2025-11-12,L6,RANGE_NORMAL_60_120,CLOSE_POS_UPPER_THIRD,ROWS_STANDARD_9_10,4195.32,PREV_CLOSE_PROXY,,NEUTRAL,4175.81,4174.136704,1.673296,True,4174.136704,1.673296,MODE_D_NEAREST_VALID_LADDER,prior_range_fraction::prev_range_0.666667,ORIGINAL_ORACLE_PRESERVED,337,4175.846914,0.036914,True,True,ROLLING_REGIME_LEVEL_RESIDUAL,superset_base_regime_original_q25,4183.027641,7.217641,False,False,ROLLING_RANGE_CLOSE_LEVEL_RESIDUAL,superset_base_range_close_expanded_mean,expanded_residual,8.890937,9.0,2.0,42.929419,32.695097,9.234322,level_regime_family_type,5,37.013112,7.564866,2025-11-12,1.0,True,False,False,False,SELECTOR_WITHIN_10
2025-11-13,2025-11-12,L7,RANGE_NORMAL_60_120,CLOSE_POS_UPPER_THIRD,ROWS_STANDARD_9_10,4195.32,PREV_CLOSE_PROXY,,NEUTRAL,4146.28,4141.17244,5.10756,False,4141.17244,5.10756,MODE_C_BALANCED,red_box_edge::red_edge_1 | prior_range_fraction::prev_range_0.382,ORIGINAL_ORACLE_PRESERVED,337,4146.331727,0.051728,True,True,ROLLING_LEVEL_RESIDUAL,superset_base_level_expanded_median,4142.40244,3.87756,False,True,ROLLING_REGIME_LEVEL_RESIDUAL,superset_base_regime_superset_recent8_median,superset_residual,1.23,7.0,2.0,56.23137,46.173194,9.058176,level_regime_family_type,4,40.097538,7.342926,2025-11-12,1.0,True,True,False,True,SELECTOR_WITHIN_5
2025-11-14,2025-11-13,L4,RANGE_NORMAL_60_120,CLOSE_POS_LOWER_THIRD,ROWS_EXTENDED_11_PLUS,4171.26,PREV_CLOSE_PROXY,,NEUTRAL,4270.12,4307.45,37.33,False,4307.45,37.33,MODE_B_EMA_CHANNEL_DIRECTION_HEAVY,green_box_midline::green_mid_3,ORIGINAL_ORACLE_PRESERVED,241,4304.41,34.29,False,False,ROLLING_ROW_LEVEL_RESIDUAL,superset_base_rows_original_q25,4318.53375,48.41375,False,False,ROLLING_ROW_LEVEL_RESIDUAL,superset_base_rows_original_mean,original_residual,11.08375,5.0,11.0,17.315256,10.201043,6.114213,level_family_type,15,33.963933,16.837992,2025-11-13,1.0,True,False,False,False,SELECTOR_GT10
2025-11-14,2025-11-13,L5,RANGE_NORMAL_60_120,CLOSE_POS_LOWER_THIRD,ROWS_EXTENDED_11_PLUS,4171.26,PREV_CLOSE_PROXY,,NEUTRAL,4239.31,4275.05,35.74,False,4275.05,35.74,MODE_B_EMA_CHANNEL_DIRECTION_HEAVY,green_box_edge::green_edge_2,ORIGINAL_ORACLE_PRESERVED,241,4264.281875,24.971875,False,False,ROLLING_SOURCE_LEVEL_RESIDUAL,superset_base_source_superset_q25,4280.504075,41.194075,False,False,ROLLING_SOURCE_LEVEL_RESIDUAL,superset_base_source_superset_mean,superset_residual,5.454075,31.0,1.0,16.454688,1.026747,14.427941,family_type,99,26.926827,24.61885,2025-11-13,1.0,True,False,False,False,SELECTOR_GT10
2025-11-14,2025-11-13,L6,RANGE_NORMAL_60_120,CLOSE_POS_LOWER_THIRD,ROWS_EXTENDED_11_PLUS,4171.26,PREV_CLOSE_PROXY,,NEUTRAL,4205.65,4242.65,37.0,False,4242.65,37.0,MODE_B_EMA_CHANNEL_DIRECTION_HEAVY,green_box_midline::green_mid_2,ORIGINAL_ORACLE_PRESERVED,241,4228.996562,23.346562,False,False,ROLLING_LEVEL_RESIDUAL,superset_base_level_expanded_q25,4245.300345,39.650345,False,False,ROLLING_LEVEL_RESIDUAL,superset_base_level_superset_mean,superset_residual,2.650345,31.0,1.0,19.731357,4.526594,14.204763,family_type,102,28.919731,22.877467,2025-11-13,1.0,True,False,False,False,SELECTOR_GT10
2025-11-14,2025-11-13,L7,RANGE_NORMAL_60_120,CLOSE_POS_LOWER_THIRD,ROWS_EXTENDED_11_PLUS,4171.26,PREV_CLOSE_PROXY,,NEUTRAL,4177.38,4211.850033,34.470033,False,4211.850033,34.470033,MODE_B_EMA_CHANNEL_DIRECTION_HEAVY,prior_range_fraction::prev_range_0.666667,ORIGINAL_ORACLE_PRESERVED,241,4197.45722,20.07722,False,False,ROLLING_SOURCE_LEVEL_RESIDUAL,superset_base_source_expanded_q25,4217.290033,39.910033,False,False,ROLLING_ROW_LEVEL_RESIDUAL,original_base_rows_superset_median,superset_residual,5.44,6.0,11.0,19.003896,11.159268,6.844628,level_family_type,14,30.962293,21.689255,2025-11-13,1.0,True,False,False,False,SELECTOR_GT10
2025-11-17,2025-11-14,L4,RANGE_WIDE_120_220,CLOSE_POS_LOWER_THIRD,ROWS_STANDARD_9_10,4085.1,PREV_CLOSE_PROXY,,NEUTRAL,4111.02,4241.27,130.25,False,4241.27,130.25,MODE_B_EMA_CHANNEL_DIRECTION_HEAVY,green_box_edge::green_edge_2,ORIGINAL_ORACLE_PRESERVED,241,4232.14875,121.12875,False,False,ROLLING_RANGE_LEVEL_RESIDUAL,original_base_range_original_q25,4249.337185,138.317185,False,False,ROLLING_CHANNEL_LEVEL_RESIDUAL,superset_base_channel_superset_mean,superset_residual,8.067185,31.0,3.0,24.535887,10.127265,13.408621,range_close_family,192,38.905852,9.027619,2025-11-14,3.0,True,False,False,False,SELECTOR_GT10
2025-11-17,2025-11-14,L5,RANGE_WIDE_120_220,CLOSE_POS_LOWER_THIRD,ROWS_STANDARD_9_10,4085.1,PREV_CLOSE_PROXY,,NEUTRAL,4076.11,4188.8975,112.7875,False,4188.8975,112.7875,MODE_B_EMA_CHANNEL_DIRECTION_HEAVY,prior_range_fraction::prev_range_0.875,ORIGINAL_ORACLE_PRESERVED,241,4168.113125,92.003125,False,False,ROLLING_RANGE_LEVEL_RESIDUAL,original_base_range_expanded_q25,4193.06426,116.95426,False,False,ROLLING_CHANNEL_LEVEL_RESIDUAL,superset_base_channel_superset_mean,superset_residual,4.16676,32.0,3.0,18.720379,3.921417,13.798962,range_close_family,192,38.905852,9.027619,2025-11-14,3.0,True,False,False,False,SELECTOR_GT10
2025-11-17,2025-11-14,L6,RANGE_WIDE_120_220,CLOSE_POS_LOWER_THIRD,ROWS_STANDARD_9_10,4085.1,PREV_CLOSE_PROXY,,NEUTRAL,4041.59,4142.89964,101.30964,False,4142.89964,101.30964,MODE_B_EMA_CHANNEL_DIRECTION_HEAVY,prior_range_fraction::prev_range_0.618,ORIGINAL_ORACLE_PRESERVED,241,4115.75839,74.16839,False,False,ROLLING_RANGE_LEVEL_RESIDUAL,original_base_range_original_q25,4144.310912,102.720912,False,False,ROLLING_LEVEL_RESIDUAL,superset_base_level_superset_mean,superset_residual,1.411272,32.0,3.0,31.12948,15.71605,14.41343,level_range_close_family,48,63.949472,6.459283,2025-11-14,3.0,True,False,False,False,SELECTOR_GT10
2025-11-17,2025-11-14,L7,RANGE_WIDE_120_220,CLOSE_POS_LOWER_THIRD,ROWS_STANDARD_9_10,4085.1,PREV_CLOSE_PROXY,,NEUTRAL,4009.23,4106.78,97.55,False,4106.78,97.55,MODE_C_BALANCED,red_box_edge::red_edge_1,ORIGINAL_ORACLE_PRESERVED,241,4072.08125,62.85125,False,False,ROLLING_RANGE_LEVEL_RESIDUAL,original_base_range_expanded_q25,4107.325,98.095,False,False,ROLLING_LEVEL_RESIDUAL,superset_base_level_superset_median,superset_residual,0.545,30.0,3.0,27.090132,11.854428,14.235704,level_range_close_family,48,60.378044,6.541909,2025-11-14,3.0,True,False,False,False,SELECTOR_GT10
2025-11-18,2025-11-17,L4,RANGE_NORMAL_60_120,CLOSE_POS_MIDDLE_THIRD,ROWS_STANDARD_9_10,4045.52,PREV_CLOSE_PROXY,,NEUTRAL,4104.67,4104.2725,0.3975,True,4104.2725,0.3975,MODE_C_BALANCED,green_box_midline::green_mid_2,ORIGINAL_ORACLE_PRESERVED,337,4104.439375,0.230625,True,True,ROLLING_RANGE_CLOSE_LEVEL_RESIDUAL,superset_base_range_close_original_q25,4112.1925,7.5225,False,False,ROLLING_REGIME_LEVEL_RESIDUAL,superset_base_regime_superset_recent8_median,superset_residual,7.92,3.0,14.0,46.617016,38.296112,7.320904,level_family_type,5,37.013112,6.18975,2025-11-17,1.0,True,False,False,False,SELECTOR_WITHIN_10
2025-11-18,2025-11-17,L5,RANGE_NORMAL_60_120,CLOSE_POS_MIDDLE_THIRD,ROWS_STANDARD_9_10,4045.52,PREV_CLOSE_PROXY,,NEUTRAL,4069.43,4071.835,2.405,True,4071.835,2.405,MODE_C_BALANCED,green_box_edge::green_edge_1,ORIGINAL_ORACLE_PRESERVED,337,4068.857709,0.572291,True,True,ROLLING_REGIME_LEVEL_RESIDUAL,superset_base_regime_original_q25,4082.940139,13.510139,False,False,ROLLING_REGIME_LEVEL_RESIDUAL,superset_base_regime_expanded_mean,expanded_residual,11.105139,3.0,14.0,30.870185,23.004716,6.865469,level_family_type,5,29.320804,8.378861,2025-11-17,1.0,True,False,False,False,SELECTOR_GT10
2025-11-18,2025-11-17,L6,RANGE_NORMAL_60_120,CLOSE_POS_MIDDLE_THIRD,ROWS_STANDARD_9_10,4045.52,PREV_CLOSE_PROXY,,NEUTRAL,4036.18,4031.8975,4.2825,True,4031.8975,4.2825,MODE_C_BALANCED,prior_range_fraction::prev_range_0.25,ORIGINAL_ORACLE_PRESERVED,337,4036.08125,0.09875,True,True,ROLLING_LEVEL_RESIDUAL,superset_base_level_expanded_median,4028.694063,7.485937,False,False,ROLLING_RANGE_CLOSE_LEVEL_RESIDUAL,superset_base_range_close_superset_mean,superset_residual,-3.203437,4.0,14.0,48.776066,39.949993,7.826072,level_family_type,6,41.512175,7.837688,2025-11-17,1.0,True,False,False,False,SELECTOR_WITHIN_10
2025-11-18,2025-11-17,L7,RANGE_NORMAL_60_120,CLOSE_POS_MIDDLE_THIRD,ROWS_STANDARD_9_10,4045.52,PREV_CLOSE_PROXY,,NEUTRAL,4005.49,3993.17875,12.31125,False,3993.17875,12.31125,MODE_D_NEAREST_VALID_LADDER,red_box_quarter::red_box_2_75pct,ORIGINAL_ORACLE_PRESERVED,337,4005.389375,0.100625,True,True,ROLLING_ROW_LEVEL_RESIDUAL,original_base_rows_expanded_recent8_median,4008.54875,3.05875,False,True,ROLLING_REGIME_LEVEL_RESIDUAL,superset_base_regime_original_recent8_median,original_residual,15.37,3.0,14.0,64.766446,56.809102,6.957344,level_rows_family,240,59.601494,7.304651,2025-11-17,1.0,True,True,False,True,SELECTOR_WITHIN_5
2025-11-19,2025-11-18,L4,RANGE_NORMAL_60_120,CLOSE_POS_UPPER_THIRD,ROWS_STANDARD_9_10,4067.3,PREV_CLOSE_PROXY,,NEUTRAL,4105.38,4112.4,7.02,False,4112.4,7.02,MODE_D_NEAREST_VALID_LADDER,green_box_edge::green_edge_2,ORIGINAL_ORACLE_PRESERVED,337,4103.84,1.54,True,True,ROLLING_LEVEL_RESIDUAL,original_base_level_superset_recent5_median,4119.914375,14.534375,False,False,ROLLING_REGIME_LEVEL_RESIDUAL,superset_base_regime_superset_recent8_median,superset_residual,7.514375,8.0,6.0,51.941418,42.01852,8.922898,level_regime_family_type,5,37.013112,6.18975,2025-11-18,1.0,True,False,False,False,SELECTOR_GT10
2025-11-19,2025-11-18,L5,RANGE_NORMAL_60_120,CLOSE_POS_UPPER_THIRD,ROWS_STANDARD_9_10,4067.3,PREV_CLOSE_PROXY,,NEUTRAL,4070.7,4068.11,2.59,True,4068.11,2.59,MODE_C_BALANCED,red_box_quarter::red_box_1_25pct,ORIGINAL_ORACLE_PRESERVED,337,4070.675,0.025,True,True,ROLLING_RANGE_CLOSE_LEVEL_RESIDUAL,superset_base_range_close_expanded_q25,4068.733333,1.966667,True,True,ROLLING_REGIME_LEVEL_RESIDUAL,superset_base_regime_superset_q25,superset_residual,0.623333,8.0,6.0,36.276564,26.347383,8.929181,level_family_type,6,34.369318,7.547048,2025-11-18,1.0,True,False,False,True,SELECTOR_WITHIN_3
2025-11-19,2025-11-18,L6,RANGE_NORMAL_60_120,CLOSE_POS_UPPER_THIRD,ROWS_STANDARD_9_10,4067.3,PREV_CLOSE_PROXY,,NEUTRAL,4040.63,4049.20012,8.57012,False,4030.29024,10.33976,MODE_C_BALANCED,prior_range_fraction::prev_range_0.382,EXPANDED_ORACLE_BETTER,338,4040.727725,0.097725,True,True,ROLLING_RANGE_LEVEL_RESIDUAL,superset_base_range_expanded_q25,4053.756684,13.126684,False,False,ROLLING_RANGE_CLOSE_LEVEL_RESIDUAL,superset_base_range_close_superset_mean,superset_residual,4.556564,10.0,6.0,53.761888,43.220288,9.5416,level_regime_family_type,6,41.512175,7.837688,2025-11-18,1.0,True,False,False,False,SELECTOR_GT10
2025-11-19,2025-11-18,L7,RANGE_NORMAL_60_120,CLOSE_POS_UPPER_THIRD,ROWS_STANDARD_9_10,4067.3,PREV_CLOSE_PROXY,,NEUTRAL,4008.31,4009.785,1.475,True,4009.785,1.475,MODE_B_EMA_CHANNEL_DIRECTION_HEAVY,prior_range_fraction::prev_range_0.125 | red_box_quarter::red_box_2_25pct,ORIGINAL_ORACLE_PRESERVED,337,4008.206695,0.103305,True,True,ROLLING_LEVEL_RESIDUAL,superset_base_level_superset_mean,4012.1775,3.8675,False,True,ROLLING_REGIME_LEVEL_RESIDUAL,superset_base_regime_original_recent8_median,original_residual,2.3925,8.0,6.0,67.449856,57.27701,9.172846,level_range_close_family,240,59.601494,7.304651,2025-11-18,1.0,True,False,False,False,SELECTOR_WITHIN_5
2025-11-20,2025-11-19,L4,RANGE_NORMAL_60_120,CLOSE_POS_LOWER_THIRD,ROWS_SPARSE_1_8,4077.81,PREV_CLOSE_PROXY,,NEUTRAL,4109.29,4103.33252,5.95748,False,4103.33252,5.95748,MODE_C_BALANCED,prior_range_fraction::prev_range_0.618,ORIGINAL_ORACLE_PRESERVED,241,4109.286533,0.003467,True,True,ROLLING_RANGE_LEVEL_RESIDUAL,original_base_range_superset_mean,4110.36502,1.07502,True,True,ROLLING_CHANNEL_LEVEL_RESIDUAL,superset_base_channel_original_median,original_residual,7.0325,33.0,1.0,14.882142,-0.208772,14.090914,level_rows_family,288,39.801252,10.202569,2025-11-19,1.0,True,True,True,True,SELECTOR_WITHIN_3
2025-11-20,2025-11-19,L5,RANGE_NORMAL_60_120,CLOSE_POS_LOWER_THIRD,ROWS_SPARSE_1_8,4077.81,PREV_CLOSE_PROXY,,NEUTRAL,4074.15,4069.0525,5.0975,False,4069.0525,5.0975,MODE_D_NEAREST_VALID_LADDER,green_box_quarter::green_box_1_25pct,ORIGINAL_ORACLE_PRESERVED,289,4073.735625,0.414375,True,True,ROLLING_RANGE_LEVEL_RESIDUAL,superset_base_range_superset_recent12_median,4050.6525,23.4975,False,False,ROLLING_RANGE_CLOSE_LEVEL_RESIDUAL,superset_base_range_close_original_q25,original_residual,-18.4,4.0,6.0,33.217668,24.955988,7.26168,level_family_type,8,36.323153,9.403659,2025-11-19,1.0,True,False,False,False,SELECTOR_GT10
2025-11-20,2025-11-19,L6,RANGE_NORMAL_60_120,CLOSE_POS_LOWER_THIRD,ROWS_SPARSE_1_8,4077.81,PREV_CLOSE_PROXY,,NEUTRAL,4040.63,4039.0525,1.5775,True,4039.0525,1.5775,MODE_B_EMA_CHANNEL_DIRECTION_HEAVY,red_box_quarter::red_box_2_75pct,ORIGINAL_ORACLE_PRESERVED,289,4040.62,0.01,True,True,ROLLING_LEVEL_RESIDUAL,superset_base_level_superset_median,4043.141406,2.511406,True,True,ROLLING_RANGE_CLOSE_LEVEL_RESIDUAL,original_base_range_close_expanded_mean,expanded_residual,4.088906,4.0,6.0,48.315381,39.370319,7.945061,level_family_type,8,42.573153,6.375782,2025-11-19,1.0,True,False,False,False,SELECTOR_WITHIN_3
2025-11-20,2025-11-19,L7,RANGE_NORMAL_60_120,CLOSE_POS_LOWER_THIRD,ROWS_SPARSE_1_8,4077.81,PREV_CLOSE_PROXY,,NEUTRAL,4011.09,4012.2675,1.1775,True,4012.2675,1.1775,MODE_B_EMA_CHANNEL_DIRECTION_HEAVY,red_box_quarter::red_box_3_25pct,ORIGINAL_ORACLE_PRESERVED,289,4011.047187,0.042813,True,True,ROLLING_RANGE_LEVEL_RESIDUAL,superset_base_range_superset_q25,3995.812171,15.277829,False,False,ROLLING_RANGE_CLOSE_LEVEL_RESIDUAL,original_base_range_close_superset_recent8_median,superset_residual,-16.455329,4.0,6.0,62.414439,53.727859,7.68658,level_family_type,6,48.655033,6.285502,2025-11-19,1.0,True,False,False,False,SELECTOR_GT10
2025-11-21,2025-11-20,L4,RANGE_NORMAL_60_120,CLOSE_POS_MIDDLE_THIRD,ROWS_STANDARD_9_10,4077.2,PREV_CLOSE_PROXY,,NEUTRAL,4109.29,4114.945,5.655,False,4114.945,5.655,MODE_B_EMA_CHANNEL_DIRECTION_HEAVY,green_box_midline::green_mid_2,ORIGINAL_ORACLE_PRESERVED,337,4109.47,0.18,True,True,ROLLING_REGIME_LEVEL_RESIDUAL,superset_base_regime_original_q25,4119.10375,9.81375,False,False,ROLLING_REGIME_LEVEL_RESIDUAL,original_base_regime_superset_recent8_median,superset_residual,4.15875,4.0,3.0,38.617703,29.55335,8.064353,level_family_type,7,32.07803,7.572232,2025-11-20,1.0,True,False,False,False,SELECTOR_WITHIN_10
2025-11-21,2025-11-20,L5,RANGE_NORMAL_60_120,CLOSE_POS_MIDDLE_THIRD,ROWS_STANDARD_9_10,4077.2,PREV_CLOSE_PROXY,,NEUTRAL,4075.93,4072.2825,3.6475,True,4072.2825,3.6475,MODE_C_BALANCED,red_box_quarter::red_box_1_75pct,ORIGINAL_ORACLE_PRESERVED,337,4076.12625,0.19625,True,True,ROLLING_SOURCE_LEVEL_RESIDUAL,superset_base_source_original_recent20_median,4064.592917,11.337083,False,False,ROLLING_REGIME_LEVEL_RESIDUAL,original_base_regime_superset_q25,superset_residual,-7.689583,4.0,3.0,34.683525,26.121477,7.562048,level_family_type,7,38.744697,6.749851,2025-11-20,1.0,True,False,False,False,SELECTOR_GT10
2025-11-21,2025-11-20,L6,RANGE_NORMAL_60_120,CLOSE_POS_MIDDLE_THIRD,ROWS_STANDARD_9_10,4077.2,PREV_CLOSE_PROXY,,NEUTRAL,4043.38,4047.42,4.04,True,4034.295,9.085,MODE_B_EMA_CHANNEL_DIRECTION_HEAVY,red_box_midline::red_mid_2,EXPANDED_ORACLE_BETTER,338,4043.34625,0.03375,True,True,ROLLING_RANGE_CLOSE_LEVEL_RESIDUAL,original_base_range_close_expanded_recent12_median,4036.30425,7.07575,False,False,ROLLING_RANGE_CLOSE_LEVEL_RESIDUAL,original_base_range_close_expanded_mean,expanded_residual,2.00925,5.0,3.0,47.935992,38.627808,8.308184,level_family_type,9,45.951203,5.946407,2025-11-20,1.0,True,False,False,False,SELECTOR_WITHIN_10
2025-11-21,2025-11-20,L7,RANGE_NORMAL_60_120,CLOSE_POS_MIDDLE_THIRD,ROWS_STANDARD_9_10,4077.2,PREV_CLOSE_PROXY,,NEUTRAL,4008.63,4008.97,0.34,True,4008.97,0.34,MODE_B_EMA_CHANNEL_DIRECTION_HEAVY,red_box_edge::red_edge_2,ORIGINAL_ORACLE_PRESERVED,337,4008.6575,0.0275,True,True,ROLLING_LEVEL_RESIDUAL,superset_base_level_original_median,4022.810625,14.180625,False,False,ROLLING_REGIME_LEVEL_RESIDUAL,superset_base_regime_original_recent8_median,original_residual,13.840625,4.0,3.0,64.545563,55.953685,7.591877,level_family_type,7,52.07803,5.739359,2025-11-20,1.0,True,False,False,False,SELECTOR_GT10
2025-11-24,2025-11-21,L4,RANGE_NORMAL_60_120,CLOSE_POS_MIDDLE_THIRD,ROWS_STANDARD_9_10,4065.26,PREV_CLOSE_PROXY,,NEUTRAL,4112.0,4102.42875,9.57125,False,4102.42875,9.57125,MODE_C_BALANCED,prior_hlc::previous_high | green_box_midline::green_mid_2,ORIGINAL_ORACLE_PRESERVED,337,4112.176884,0.176884,True,True,ROLLING_CHANNEL_LEVEL_RESIDUAL,superset_base_channel_original_recent20_median,4096.77375,15.22625,False,False,ROLLING_REGIME_LEVEL_RESIDUAL,superset_base_regime_superset_q25,superset_residual,-5.655,5.0,3.0,40.704906,31.76857,7.936336,level_family_type,8,36.323153,6.528906,2025-11-21,3.0,True,False,False,False,SELECTOR_GT10
2025-11-24,2025-11-21,L5,RANGE_NORMAL_60_120,CLOSE_POS_MIDDLE_THIRD,ROWS_STANDARD_9_10,4065.26,PREV_CLOSE_PROXY,,NEUTRAL,4079.5,4076.565,2.935,True,4076.565,2.935,MODE_C_BALANCED,green_box_edge::green_edge_1,ORIGINAL_ORACLE_PRESERVED,337,4079.68375,0.18375,True,True,ROLLING_SOURCE_LEVEL_RESIDUAL,superset_base_source_superset_recent20_median,4077.361725,2.138275,True,True,ROLLING_SOURCE_LEVEL_RESIDUAL,superset_base_source_superset_mean,superset_residual,0.796725,37.0,3.0,40.053548,23.250129,15.80342,level_range_close_family_type,5,37.013112,10.634948,2025-11-21,3.0,True,False,False,True,SELECTOR_WITHIN_3
2025-11-24,2025-11-21,L6,RANGE_NORMAL_60_120,CLOSE_POS_MIDDLE_THIRD,ROWS_STANDARD_9_10,4065.26,PREV_CLOSE_PROXY,,NEUTRAL,4047.0,4045.5725,1.4275,True,4045.5725,1.4275,MODE_C_BALANCED,prior_range_fraction::prev_range_0.25 | red_box_edge::red_edge_1 | green_box_midline::green_mid_1,ORIGINAL_ORACLE_PRESERVED,337,4046.9465,0.0535,True,True,ROLLING_REGIME_LEVEL_RESIDUAL,original_base_regime_original_mean,4043.477292,3.522708,False,True,ROLLING_RANGE_CLOSE_LEVEL_RESIDUAL,superset_base_range_close_superset_mean,superset_residual,-2.095208,6.0,3.0,51.1886,41.473547,8.715054,level_range_close_family,96,48.857408,6.676289,2025-11-21,3.0,True,False,False,False,SELECTOR_WITHIN_5
2025-11-24,2025-11-21,L7,RANGE_NORMAL_60_120,CLOSE_POS_MIDDLE_THIRD,ROWS_STANDARD_9_10,4065.26,PREV_CLOSE_PROXY,,NEUTRAL,4010.46,4012.511875,2.051875,True,4005.70125,4.75875,MODE_B_EMA_CHANNEL_DIRECTION_HEAVY,red_box_quarter::red_box_2_75pct,EXPANDED_ORACLE_BETTER,290,4010.651313,0.191313,True,True,ROLLING_REGIME_LEVEL_RESIDUAL,original_base_regime_expanded_mean,4024.823125,14.363125,False,False,ROLLING_REGIME_LEVEL_RESIDUAL,superset_base_regime_original_recent8_median,original_residual,12.31125,5.0,3.0,55.735093,46.820824,7.914269,level_family_type,8,48.823153,6.794517,2025-11-21,3.0,True,False,False,False,SELECTOR_GT10
2025-11-25,2025-11-24,L4,RANGE_NORMAL_60_120,CLOSE_POS_UPPER_THIRD,ROWS_STANDARD_9_10,4134.62,PREV_CLOSE_PROXY,,NEUTRAL,4143.47,4150.506875,7.036875,False,4153.65375,10.18375,MODE_B_EMA_CHANNEL_DIRECTION_HEAVY,green_box_quarter::green_box_2_75pct,EXPANDED_ORACLE_BETTER,290,4144.169375,0.699375,True,True,ROLLING_LEVEL_RESIDUAL,superset_base_level_original_recent8_median,4157.54393,14.07393,False,False,ROLLING_LEVEL_RESIDUAL,superset_base_level_superset_mean,superset_residual,7.037055,36.0,1.0,47.773212,31.769933,15.003279,level_source_family,96,62.318947,4.740772,2025-11-24,1.0,True,False,False,False,SELECTOR_GT10
2025-11-25,2025-11-24,L5,RANGE_NORMAL_60_120,CLOSE_POS_UPPER_THIRD,ROWS_STANDARD_9_10,4134.62,PREV_CLOSE_PROXY,,NEUTRAL,4108.27,4104.896667,3.373333,True,4104.896667,3.373333,MODE_C_BALANCED,prior_hlc::previous_pivot_hlc3,ORIGINAL_ORACLE_PRESERVED,337,4108.187917,0.082083,True,True,ROLLING_RANGE_LEVEL_RESIDUAL,superset_base_range_superset_recent20_median,4105.726667,2.543333,True,True,ROLLING_REGIME_LEVEL_RESIDUAL,superset_base_regime_original_q25,original_residual,0.83,9.0,6.0,46.994082,36.799986,9.194096,level_regime_family_type,6,34.369318,7.779445,2025-11-24,1.0,True,False,True,True,SELECTOR_WITHIN_3
2025-11-25,2025-11-24,L6,RANGE_NORMAL_60_120,CLOSE_POS_UPPER_THIRD,ROWS_STANDARD_9_10,4134.62,PREV_CLOSE_PROXY,,NEUTRAL,4078.21,4078.2763,0.0663,True,4078.2763,0.0663,MODE_C_BALANCED,prior_range_fraction::prev_range_0.382,ORIGINAL_ORACLE_PRESERVED,337,4078.2763,0.0663,True,True,ROLLING_BASE_SUPERSET,ORIGINAL_ORACLE_PRESERVED,4081.639529,3.429529,False,True,ROLLING_RANGE_CLOSE_LEVEL_RESIDUAL,superset_base_range_close_superset_mean,superset_residual,3.363229,11.0,6.0,55.334566,44.384091,9.950474,level_family_type,11,46.377392,6.942576,2025-11-24,1.0,True,False,False,False,SELECTOR_WITHIN_5
2025-11-25,2025-11-24,L7,RANGE_NORMAL_60_120,CLOSE_POS_UPPER_THIRD,ROWS_STANDARD_9_10,4134.62,PREV_CLOSE_PROXY,,NEUTRAL,4045.41,4052.66625,7.25625,False,4052.66625,7.25625,MODE_B_EMA_CHANNEL_DIRECTION_HEAVY,prior_range_fraction::prev_range_0.125,ORIGINAL_ORACLE_PRESERVED,337,4045.9475,0.5375,True,True,ROLLING_REGIME_LEVEL_RESIDUAL,superset_base_regime_expanded_q25,4053.89625,8.48625,False,False,ROLLING_REGIME_LEVEL_RESIDUAL,superset_base_regime_original_recent12_median,original_residual,1.23,9.0,6.0,62.106295,51.601719,9.504576,level_regime_family_type,6,48.655033,6.186128,2025-11-24,1.0,True,False,False,False,SELECTOR_WITHIN_10
2025-11-26,2025-11-25,L4,RANGE_COMPRESSED_0_60,CLOSE_POS_MIDDLE_THIRD,ROWS_STANDARD_9_10,4130.64,PREV_CLOSE_PROXY,,NEUTRAL,4181.28,4150.110729,31.169271,False,4149.365,31.915,MODE_C_BALANCED,red_box_quarter::red_box_1_25pct,EXPANDED_ORACLE_BETTER,242,4178.071041,3.208959,False,True,ROLLING_ROW_LEVEL_RESIDUAL,superset_base_rows_expanded_q75,4156.767407,24.512593,False,False,ROLLING_LEVEL_RESIDUAL,superset_base_level_superset_mean,superset_residual,6.656678,37.0,1.0,35.991001,19.78473,15.206271,level_source_family,144,46.586648,8.284323,2025-11-25,1.0,True,False,False,True,SELECTOR_GT10
2025-11-26,2025-11-25,L5,RANGE_COMPRESSED_0_60,CLOSE_POS_MIDDLE_THIRD,ROWS_STANDARD_9_10,4130.64,PREV_CLOSE_PROXY,,NEUTRAL,4146.58,4126.22665,20.35335,False,4126.22665,20.35335,MODE_D_NEAREST_VALID_LADDER,prior_range_fraction::prev_range_0.333333,ORIGINAL_ORACLE_PRESERVED,241,4146.841129,0.261129,True,True,ROLLING_ROW_LEVEL_RESIDUAL,original_base_rows_expanded_q75,4127.144269,19.435731,False,False,ROLLING_SOURCE_LEVEL_RESIDUAL,superset_base_source_superset_mean,superset_residual,0.917619,39.0,1.0,40.738444,23.489124,16.24932,level_rows_family,1008,30.886979,22.643865,2025-11-25,1.0,True,False,False,True,SELECTOR_GT10
2025-11-26,2025-11-25,L6,RANGE_COMPRESSED_0_60,CLOSE_POS_MIDDLE_THIRD,ROWS_STANDARD_9_10,4130.64,PREV_CLOSE_PROXY,,NEUTRAL,4111.42,4099.59,11.83,False,4099.59,11.83,MODE_B_EMA_CHANNEL_DIRECTION_HEAVY,red_box_midline::red_mid_2,ORIGINAL_ORACLE_PRESERVED,241,4111.68875,0.26875,True,True,ROLLING_SOURCE_LEVEL_RESIDUAL,original_base_source_superset_q75,4098.89235,12.52765,False,False,ROLLING_LEVEL_RESIDUAL,superset_base_level_original_mean,original_residual,-0.69765,39.0,1.0,39.980065,23.08001,15.900055,level_rows_family,1008,28.032648,21.803296,2025-11-25,1.0,True,False,False,False,SELECTOR_GT10
2025-11-26,2025-11-25,L7,RANGE_COMPRESSED_0_60,CLOSE_POS_MIDDLE_THIRD,ROWS_STANDARD_9_10,4130.64,PREV_CLOSE_PROXY,,NEUTRAL,4082.04,4079.68,2.36,True,4079.68,2.36,MODE_B_EMA_CHANNEL_DIRECTION_HEAVY,red_box_edge::red_edge_2,ORIGINAL_ORACLE_PRESERVED,241,4082.0725,0.0325,True,True,ROLLING_ROW_LEVEL_RESIDUAL,superset_base_rows_original_recent20_median,4079.34,2.7,True,True,ROLLING_LEVEL_RESIDUAL,superset_base_level_superset_median,superset_residual,-0.34,37.0,1.0,29.765997,13.068489,15.697508,family_type,134,31.557538,22.984574,2025-11-25,1.0,True,False,False,False,SELECTOR_WITHIN_3
2025-11-27,2025-11-26,L4,RANGE_COMPRESSED_0_60,CLOSE_POS_UPPER_THIRD,ROWS_STANDARD_9_10,4163.7,PREV_CLOSE_PROXY,,NEUTRAL,4172.25,4156.552292,15.697708,False,4156.552292,15.697708,MODE_C_BALANCED,prior_hlc::previous_pivot_hlc3 | green_box_quarter::green_box_1_75pct,ORIGINAL_ORACLE_PRESERVED,241,4172.13803,0.11197,True,True,ROLLING_RANGE_LEVEL_RESIDUAL,original_base_range_superset_q75,4163.854039,8.395961,False,False,ROLLING_CHANNEL_LEVEL_RESIDUAL,superset_base_channel_superset_mean,superset_residual,7.301747,38.0,1.0,32.662207,16.764433,14.897775,level_range_close_family,48,31.806615,6.702605,2025-11-26,1.0,True,False,False,True,SELECTOR_WITHIN_10
2025-11-27,2025-11-26,L5,RANGE_COMPRESSED_0_60,CLOSE_POS_UPPER_THIRD,ROWS_STANDARD_9_10,4163.7,PREV_CLOSE_PROXY,,NEUTRAL,4143.1,4139.885625,3.214375,True,4139.885625,3.214375,MODE_C_BALANCED,green_box_quarter::green_box_1_25pct | prior_range_fraction::prev_range_0.25,ORIGINAL_ORACLE_PRESERVED,241,4143.039792,0.060209,True,True,ROLLING_SOURCE_LEVEL_RESIDUAL,superset_base_source_superset_recent20_median,4141.289138,1.810862,True,True,ROLLING_SOURCE_LEVEL_RESIDUAL,superset_base_source_superset_mean,superset_residual,1.403513,40.0,1.0,40.923416,23.497807,16.425609,level_range_close_family,48,67.520901,6.445417,2025-11-26,1.0,True,False,True,True,SELECTOR_WITHIN_3
2025-11-27,2025-11-26,L6,RANGE_COMPRESSED_0_60,CLOSE_POS_UPPER_THIRD,ROWS_STANDARD_9_10,4163.7,PREV_CLOSE_PROXY,,NEUTRAL,4108.29,4118.2375,9.9475,False,4118.2375,9.9475,MODE_B_EMA_CHANNEL_DIRECTION_HEAVY,red_box_midline::red_mid_2,ORIGINAL_ORACLE_PRESERVED,241,4108.658816,0.368816,True,True,ROLLING_ROW_LEVEL_RESIDUAL,superset_base_rows_expanded_q25,4119.029883,10.739883,False,False,ROLLING_LEVEL_RESIDUAL,superset_base_level_expanded_mean,expanded_residual,0.792383,40.0,1.0,33.028145,15.932714,16.095432,level_family_type,35,34.445825,22.326547,2025-11-26,1.0,True,False,False,False,SELECTOR_GT10
2025-11-27,2025-11-26,L7,RANGE_COMPRESSED_0_60,CLOSE_POS_UPPER_THIRD,ROWS_STANDARD_9_10,4163.7,PREV_CLOSE_PROXY,,NEUTRAL,4073.19,4099.83,26.64,False,4099.83,26.64,MODE_B_EMA_CHANNEL_DIRECTION_HEAVY,red_box_edge::red_edge_2,ORIGINAL_ORACLE_PRESERVED,241,4072.585944,0.604056,True,True,ROLLING_SOURCE_LEVEL_RESIDUAL,superset_base_source_expanded_q25,4099.575625,26.385625,False,False,ROLLING_LEVEL_RESIDUAL,superset_base_level_superset_median,superset_residual,-0.254375,38.0,1.0,37.951467,21.04978,15.901687,level_family_type,33,33.687084,24.514486,2025-11-26,1.0,True,False,False,True,SELECTOR_GT10
2025-11-28,2025-11-27,L4,RANGE_COMPRESSED_0_60,CLOSE_POS_MIDDLE_THIRD,ROWS_STANDARD_9_10,4157.37,PREV_CLOSE_PROXY,,NEUTRAL,4169.5,4161.7525,7.7475,False,4161.7525,7.7475,MODE_C_BALANCED,red_box_quarter::red_box_1_25pct,ORIGINAL_ORACLE_PRESERVED,241,4169.516865,0.016865,True,True,ROLLING_CHANNEL_LEVEL_RESIDUAL,superset_base_channel_original_recent20_median,4175.394857,5.894857,False,False,ROLLING_LEVEL_RESIDUAL,superset_base_level_expanded_mean,expanded_residual,13.642357,39.0,1.0,32.020528,15.752175,15.268353,family_type,142,33.207803,22.749316,2025-11-27,1.0,True,False,False,True,SELECTOR_WITHIN_10
2025-11-28,2025-11-27,L5,RANGE_COMPRESSED_0_60,CLOSE_POS_MIDDLE_THIRD,ROWS_STANDARD_9_10,4157.37,PREV_CLOSE_PROXY,,NEUTRAL,4139.9,4151.386658,11.486658,False,4151.386658,11.486658,MODE_D_NEAREST_VALID_LADDER,prior_range_fraction::prev_range_0.333333,ORIGINAL_ORACLE_PRESERVED,241,4140.659158,0.759158,True,True,ROLLING_SOURCE_LEVEL_RESIDUAL,superset_base_source_superset_q25,4152.834338,12.934338,False,False,ROLLING_SOURCE_LEVEL_RESIDUAL,superset_base_source_superset_mean,superset_residual,1.44768,41.0,1.0,41.460268,23.836815,16.623453,level_rows_family,1104,31.637743,21.608926,2025-11-27,1.0,True,False,False,False,SELECTOR_GT10
2025-11-28,2025-11-27,L6,RANGE_COMPRESSED_0_60,CLOSE_POS_MIDDLE_THIRD,ROWS_STANDARD_9_10,4157.37,PREV_CLOSE_PROXY,,NEUTRAL,4110.09,4126.715,16.625,False,4126.715,16.625,MODE_B_EMA_CHANNEL_DIRECTION_HEAVY,red_box_midline::red_mid_2,ORIGINAL_ORACLE_PRESERVED,241,4108.195625,1.894375,True,True,ROLLING_SOURCE_LEVEL_RESIDUAL,superset_base_source_expanded_q25,4127.245435,17.155435,False,False,ROLLING_LEVEL_RESIDUAL,superset_base_level_expanded_mean,expanded_residual,0.530435,41.0,1.0,33.685313,16.377098,16.308215,level_family_type,36,33.662965,22.004696,2025-11-27,1.0,True,False,False,False,SELECTOR_GT10
2025-11-28,2025-11-27,L7,RANGE_COMPRESSED_0_60,CLOSE_POS_MIDDLE_THIRD,ROWS_STANDARD_9_10,4157.37,PREV_CLOSE_PROXY,,NEUTRAL,4078.58,4112.7,34.12,False,4112.7,34.12,MODE_B_EMA_CHANNEL_DIRECTION_HEAVY,red_box_edge::red_edge_2,ORIGINAL_ORACLE_PRESERVED,241,4084.625,6.045,False,False,ROLLING_RANGE_LEVEL_RESIDUAL,superset_base_range_superset_q25,4112.36,33.78,False,False,ROLLING_LEVEL_RESIDUAL,superset_base_level_superset_median,superset_residual,-0.34,39.0,1.0,34.418217,17.320709,16.097508,level_range_close_family_type,3,34.65186,12.953333,2025-11-27,1.0,True,False,False,True,SELECTOR_GT10
2025-12-01,2025-11-28,L4,RANGE_NORMAL_60_120,CLOSE_POS_UPPER_THIRD,ROWS_STANDARD_9_10,4219.51,PREV_CLOSE_PROXY,,NEUTRAL,4237.83,4232.8175,5.0125,False,4244.0675,6.2375,MODE_B_EMA_CHANNEL_DIRECTION_HEAVY,green_box_quarter::green_box_2_75pct,EXPANDED_ORACLE_BETTER,338,4237.859374,0.029374,True,True,ROLLING_RANGE_LEVEL_RESIDUAL,superset_base_range_superset_mean,4240.340289,2.510289,True,True,ROLLING_LEVEL_RESIDUAL,superset_base_level_superset_mean,superset_residual,7.522789,40.0,3.0,43.810807,27.080437,15.73037,level_range_close_family_type,11,41.114235,8.62939,2025-11-28,3.0,True,True,True,True,SELECTOR_WITHIN_3
2025-12-01,2025-11-28,L5,RANGE_NORMAL_60_120,CLOSE_POS_UPPER_THIRD,ROWS_STANDARD_9_10,4219.51,PREV_CLOSE_PROXY,,NEUTRAL,4209.18,4215.9425,6.7625,False,4215.9425,6.7625,MODE_C_BALANCED,red_box_quarter::red_box_1_25pct | prior_range_fraction::prev_range_0.875,ORIGINAL_ORACLE_PRESERVED,337,4205.154063,4.025937,False,True,ROLLING_LEVEL_RESIDUAL,superset_base_level_superset_q25,4216.98875,7.80875,False,False,ROLLING_REGIME_LEVEL_RESIDUAL,superset_base_regime_original_q25,original_residual,1.04625,10.0,6.0,51.937258,41.478715,9.458543,level_regime_family_type,7,38.744697,7.031429,2025-11-28,3.0,True,False,False,False,SELECTOR_WITHIN_10
2025-12-01,2025-11-28,L6,RANGE_NORMAL_60_120,CLOSE_POS_UPPER_THIRD,ROWS_STANDARD_9_10,4219.51,PREV_CLOSE_PROXY,,NEUTRAL,4188.77,4192.8175,4.0475,True,4192.8175,4.0475,MODE_C_BALANCED,green_box_quarter::green_box_1_75pct,ORIGINAL_ORACLE_PRESERVED,337,4188.7775,0.0075,True,True,ROLLING_RANGE_LEVEL_RESIDUAL,original_base_range_expanded_recent5_median,4195.894935,7.124935,False,False,ROLLING_RANGE_CLOSE_LEVEL_RESIDUAL,superset_base_range_close_superset_mean,superset_residual,3.077435,12.0,6.0,55.185553,43.946132,10.239421,level_family_type,12,49.058523,6.649822,2025-11-28,3.0,True,False,False,False,SELECTOR_WITHIN_10
2025-12-01,2025-11-28,L7,RANGE_NORMAL_60_120,CLOSE_POS_UPPER_THIRD,ROWS_STANDARD_9_10,4219.51,PREV_CLOSE_PROXY,,NEUTRAL,4164.44,4163.13,1.31,True,4163.13,1.31,MODE_B_EMA_CHANNEL_DIRECTION_HEAVY,red_box_quarter::red_box_2_25pct | prior_range_fraction::prev_range_0.125,ORIGINAL_ORACLE_PRESERVED,337,4164.36,0.08,True,True,ROLLING_REGIME_LEVEL_RESIDUAL,original_base_regime_superset_recent5_median,4163.660625,0.779375,True,True,ROLLING_REGIME_LEVEL_RESIDUAL,superset_base_regime_superset_recent12_median,superset_residual,0.530625,10.0,6.0,56.206409,45.392704,9.813705,level_regime_family_type,7,45.411364,6.514716,2025-11-28,3.0,True,False,False,True,SELECTOR_WITHIN_3
2025-12-02,2025-12-01,L4,RANGE_COMPRESSED_0_60,CLOSE_POS_MIDDLE_THIRD,ROWS_SPARSE_1_8,4232.12,PREV_CLOSE_PROXY,,NEUTRAL,4229.6,4241.97616,12.37616,False,4241.97616,12.37616,MODE_C_BALANCED,prior_range_fraction::prev_range_0.618,ORIGINAL_ORACLE_PRESERVED,289,4233.531551,3.931551,False,True,ROLLING_RANGE_CLOSE_LEVEL_RESIDUAL,superset_base_range_close_expanded_q25,4252.88228,23.28228,False,False,ROLLING_RANGE_CLOSE_LEVEL_RESIDUAL,superset_base_range_close_superset_mean,superset_residual,10.90612,4.0,4.0,42.882852,34.17367,7.709181,level_family_type,12,39.058523,9.817356,2025-12-01,1.0,True,False,False,False,SELECTOR_GT10
2025-12-02,2025-12-01,L5,RANGE_COMPRESSED_0_60,CLOSE_POS_MIDDLE_THIRD,ROWS_SPARSE_1_8,4232.12,PREV_CLOSE_PROXY,,NEUTRAL,4209.81,4208.86,0.95,True,4208.86,0.95,MODE_A_LIVE_PROXIMITY_HEAVY,red_box_quarter::red_box_2_25pct,ORIGINAL_ORACLE_PRESERVED,289,4209.815947,0.005947,True,True,ROLLING_SOURCE_LEVEL_RESIDUAL,superset_base_source_superset_mean,4208.440792,1.369208,True,True,ROLLING_RANGE_CLOSE_LEVEL_RESIDUAL,superset_base_range_close_superset_mean,superset_residual,-0.419208,4.0,4.0,37.575604,28.354661,8.220943,family_type,49,45.283692,7.828687,2025-12-01,1.0,True,False,False,False,SELECTOR_WITHIN_3
2025-12-02,2025-12-01,L6,RANGE_COMPRESSED_0_60,CLOSE_POS_MIDDLE_THIRD,ROWS_SPARSE_1_8,4232.12,PREV_CLOSE_PROXY,,NEUTRAL,4187.32,4175.44,11.88,False,4175.44,11.88,MODE_B_EMA_CHANNEL_DIRECTION_HEAVY,red_box_edge::red_edge_2,ORIGINAL_ORACLE_PRESERVED,289,4187.27,0.05,True,True,ROLLING_SOURCE_LEVEL_RESIDUAL,original_base_source_superset_q75,4169.1175,18.2025,False,False,ROLLING_RANGE_CLOSE_LEVEL_RESIDUAL,superset_base_range_close_superset_mean,superset_residual,-6.3225,4.0,4.0,46.355426,37.422564,7.932862,level_family_type,13,46.722403,6.686369,2025-12-01,1.0,True,False,False,False,SELECTOR_GT10
2025-12-02,2025-12-01,L7,RANGE_COMPRESSED_0_60,CLOSE_POS_MIDDLE_THIRD,ROWS_SPARSE_1_8,4232.12,PREV_CLOSE_PROXY,,NEUTRAL,4167.18,4142.02,25.16,False,4142.02,25.16,MODE_B_EMA_CHANNEL_DIRECTION_HEAVY,red_box_quarter::red_box_3_75pct,ORIGINAL_ORACLE_PRESERVED,289,4156.315625,10.864375,False,False,ROLLING_SOURCE_LEVEL_RESIDUAL,original_base_source_expanded_q75,4125.655,41.525,False,False,ROLLING_RANGE_CLOSE_LEVEL_RESIDUAL,original_base_range_close_superset_mean,superset_residual,-16.365,4.0,4.0,52.522446,44.079658,7.442788,level_family_type,11,41.114235,6.152123,2025-12-01,1.0,True,False,False,False,SELECTOR_GT10
2025-12-03,2025-12-02,L4,RANGE_NORMAL_60_120,CLOSE_POS_MIDDLE_THIRD,ROWS_STANDARD_9_10,4205.64,PREV_CLOSE_PROXY,,NEUTRAL,4233.23,4229.4125,3.8175,True,4238.185,4.955,MODE_E_SPACING_PRESERVATION,prior_hlc::previous_high | green_box_midline::green_mid_2,EXPANDED_ORACLE_BETTER,338,4233.251562,0.021562,True,True,ROLLING_RANGE_LEVEL_RESIDUAL,superset_base_range_original_mean,4234.043125,0.813125,True,True,ROLLING_REGIME_LEVEL_RESIDUAL,original_base_regime_superset_q25,superset_residual,-4.141875,6.0,9.0,42.116883,32.991994,8.124889,level_regime_family_type,3,34.65186,6.827292,2025-12-02,1.0,True,False,True,True,SELECTOR_WITHIN_3
2025-12-03,2025-12-02,L5,RANGE_NORMAL_60_120,CLOSE_POS_MIDDLE_THIRD,ROWS_STANDARD_9_10,4205.64,PREV_CLOSE_PROXY,,NEUTRAL,4213.24,4216.345,3.105,True,4216.345,3.105,MODE_C_BALANCED,green_box_edge::green_edge_1 | prior_range_fraction::prev_range_0.75,ORIGINAL_ORACLE_PRESERVED,337,4213.36,0.12,True,True,ROLLING_RANGE_LEVEL_RESIDUAL,superset_base_range_expanded_q25,4217.300812,4.060812,False,True,ROLLING_SOURCE_LEVEL_RESIDUAL,superset_base_source_superset_mean,superset_residual,0.955812,44.0,1.0,49.694873,31.447417,17.247456,level_range_close_family_type,6,41.512175,9.218836,2025-12-02,1.0,True,False,False,False,SELECTOR_WITHIN_5
2025-12-03,2025-12-02,L6,RANGE_NORMAL_60_120,CLOSE_POS_MIDDLE_THIRD,ROWS_STANDARD_9_10,4205.64,PREV_CLOSE_PROXY,,NEUTRAL,4192.7,4185.46,7.24,False,4185.46,7.24,MODE_C_BALANCED,prior_range_fraction::prev_range_0.25 | red_box_edge::red_edge_1 | green_box_midline::green_mid_1,ORIGINAL_ORACLE_PRESERVED,337,4192.818471,0.118471,True,True,ROLLING_ROW_LEVEL_RESIDUAL,original_base_rows_superset_q75,4186.8875,5.8125,False,False,ROLLING_RANGE_CLOSE_LEVEL_RESIDUAL,original_base_range_close_superset_recent12_median,superset_residual,1.4275,7.0,9.0,51.716603,41.549365,9.167238,level_regime_family_type,3,43.742769,3.224167,2025-12-02,1.0,True,False,False,True,SELECTOR_WITHIN_10
2025-12-03,2025-12-02,L7,RANGE_NORMAL_60_120,CLOSE_POS_MIDDLE_THIRD,ROWS_STANDARD_9_10,4205.64,PREV_CLOSE_PROXY,,NEUTRAL,4170.01,4172.005,1.995,True,4172.005,1.995,MODE_C_BALANCED,red_box_quarter::red_box_2_25pct,ORIGINAL_ORACLE_PRESERVED,337,4169.953125,0.056875,True,True,ROLLING_RANGE_LEVEL_RESIDUAL,superset_base_range_expanded_recent5_median,4177.869688,7.859688,False,False,ROLLING_REGIME_LEVEL_RESIDUAL,original_base_regime_superset_mean,superset_residual,5.864688,6.0,9.0,56.418639,47.342936,8.075703,level_source_family,480,52.830267,7.672112,2025-12-02,1.0,True,False,False,False,SELECTOR_WITHIN_10
2025-12-04,2025-12-03,L4,RANGE_COMPRESSED_0_60,CLOSE_POS_LOWER_THIRD,ROWS_SPARSE_1_8,4202.98,PREV_CLOSE_PROXY,,NEUTRAL,4205.73,4223.465,17.735,False,4223.465,17.735,MODE_C_BALANCED,green_box_quarter::green_box_1_75pct,ORIGINAL_ORACLE_PRESERVED,241,4214.12763,8.39763,False,False,ROLLING_RANGE_LEVEL_RESIDUAL,superset_base_range_expanded_q25,4229.497541,23.767541,False,False,ROLLING_CHANNEL_LEVEL_RESIDUAL,superset_base_channel_original_mean,original_residual,6.032541,43.0,1.0,41.384871,24.425159,15.959712,level_range_close_family,48,46.09233,7.709176,2025-12-03,1.0,True,False,False,False,SELECTOR_GT10
2025-12-04,2025-12-03,L5,RANGE_COMPRESSED_0_60,CLOSE_POS_LOWER_THIRD,ROWS_SPARSE_1_8,4202.98,PREV_CLOSE_PROXY,,NEUTRAL,4188.05,4193.465,5.415,False,4193.465,5.415,MODE_A_LIVE_PROXIMITY_HEAVY,red_box_quarter::red_box_2_25pct,ORIGINAL_ORACLE_PRESERVED,241,4190.36,2.31,True,True,ROLLING_CHANNEL_LEVEL_RESIDUAL,superset_base_channel_original_recent5_median,4191.461835,3.411835,False,True,ROLLING_ROW_LEVEL_RESIDUAL,superset_base_rows_original_mean,original_residual,-2.003165,10.0,2.0,42.010227,32.844782,8.165446,level_range_close_family,48,67.520901,3.880208,2025-12-03,1.0,True,True,False,True,SELECTOR_WITHIN_5
2025-12-04,2025-12-03,L6,RANGE_COMPRESSED_0_60,CLOSE_POS_LOWER_THIRD,ROWS_SPARSE_1_8,4202.98,PREV_CLOSE_PROXY,,NEUTRAL,4167.92,4174.195,6.275,False,4174.195,6.275,MODE_D_NEAREST_VALID_LADDER,red_box_quarter::red_box_2_75pct,ORIGINAL_ORACLE_PRESERVED,241,4168.279531,0.359531,True,True,ROLLING_RANGE_LEVEL_RESIDUAL,original_base_range_expanded_mean,4173.597703,5.677703,False,False,ROLLING_LEVEL_RESIDUAL,superset_base_level_original_mean,original_residual,-0.597297,45.0,1.0,30.179124,12.074173,17.104952,level_family_type,40,30.857718,20.527903,2025-12-03,1.0,True,False,False,True,SELECTOR_WITHIN_10
2025-12-04,2025-12-03,L7,RANGE_COMPRESSED_0_60,CLOSE_POS_LOWER_THIRD,ROWS_SPARSE_1_8,4202.98,PREV_CLOSE_PROXY,,NEUTRAL,4144.41,4145.29,0.88,True,4145.29,0.88,MODE_B_EMA_CHANNEL_DIRECTION_HEAVY,red_box_midline::red_mid_3,ORIGINAL_ORACLE_PRESERVED,241,4144.43625,0.02625,True,True,ROLLING_ROW_LEVEL_RESIDUAL,superset_base_rows_original_median,4144.95,0.54,True,True,ROLLING_LEVEL_RESIDUAL,superset_base_level_superset_median,superset_residual,-0.34,43.0,1.0,33.253307,15.355799,16.897508,level_family_type,38,34.373271,23.634011,2025-12-03,1.0,True,False,False,True,SELECTOR_WITHIN_3
2025-12-05,2025-12-04,L4,RANGE_COMPRESSED_0_60,CLOSE_POS_UPPER_THIRD,ROWS_SPARSE_1_8,4208.64,PREV_CLOSE_PROXY,,NEUTRAL,4205.56,4202.011459,3.548541,True,4202.011459,3.548542,MODE_C_BALANCED,prior_hlc::previous_pivot_hlc3 | green_box_quarter::green_box_1_75pct,EXPANDED_ORACLE_BETTER,241,4205.563667,0.003667,True,True,ROLLING_RANGE_LEVEL_RESIDUAL,superset_base_range_original_mean,4208.366696,2.806696,True,True,ROLLING_CHANNEL_LEVEL_RESIDUAL,superset_base_channel_superset_mean,superset_residual,6.355237,44.0,1.0,40.181167,23.037203,16.143964,level_source_family,288,35.747197,11.719102,2025-12-04,1.0,True,False,True,True,SELECTOR_WITHIN_3
2025-12-05,2025-12-04,L5,RANGE_COMPRESSED_0_60,CLOSE_POS_UPPER_THIRD,ROWS_SPARSE_1_8,4208.64,PREV_CLOSE_PROXY,,NEUTRAL,4183.25,4185.268125,2.018125,True,4185.268125,2.018125,MODE_C_BALANCED,green_box_quarter::green_box_1_25pct | prior_range_fraction::prev_range_0.25,ORIGINAL_ORACLE_PRESERVED,241,4183.035625,0.214375,True,True,ROLLING_SOURCE_LEVEL_RESIDUAL,original_base_source_expanded_recent8_median,4185.997162,2.747162,True,True,ROLLING_SOURCE_LEVEL_RESIDUAL,superset_base_source_superset_mean,superset_residual,0.729037,46.0,1.0,49.678664,31.020141,17.658523,level_range_close_family,96,70.972793,5.257173,2025-12-04,1.0,True,False,False,False,SELECTOR_WITHIN_3
2025-12-05,2025-12-04,L6,RANGE_COMPRESSED_0_60,CLOSE_POS_UPPER_THIRD,ROWS_SPARSE_1_8,4208.64,PREV_CLOSE_PROXY,,NEUTRAL,4164.02,4163.6675,0.3525,True,4163.6675,0.3525,MODE_B_EMA_CHANNEL_DIRECTION_HEAVY,red_box_midline::red_mid_2,ORIGINAL_ORACLE_PRESERVED,241,4163.96748,0.05252,True,True,ROLLING_LEVEL_RESIDUAL,superset_base_level_expanded_mean,4162.200482,1.819519,True,True,ROLLING_LEVEL_RESIDUAL,superset_base_level_superset_mean,superset_residual,-1.467018,46.0,1.0,35.144866,16.882356,17.26251,level_family_type,41,32.268785,20.199465,2025-12-04,1.0,True,False,False,False,SELECTOR_WITHIN_3
2025-12-05,2025-12-04,L7,RANGE_COMPRESSED_0_60,CLOSE_POS_UPPER_THIRD,ROWS_SPARSE_1_8,4208.64,PREV_CLOSE_PROXY,,NEUTRAL,4143.27,4145.07,1.8,True,4145.07,1.8,MODE_B_EMA_CHANNEL_DIRECTION_HEAVY,red_box_edge::red_edge_2,ORIGINAL_ORACLE_PRESERVED,241,4143.244062,0.025938,True,True,ROLLING_LEVEL_RESIDUAL,original_base_level_expanded_recent20_median,4144.671875,1.401875,True,True,ROLLING_LEVEL_RESIDUAL,superset_base_level_superset_median,superset_residual,-0.398125,44.0,1.0,38.484091,20.389419,17.094672,level_family_type,39,35.769584,23.041857,2025-12-04,1.0,True,False,False,True,SELECTOR_WITHIN_3
2025-12-08,2025-12-05,L4,RANGE_NORMAL_60_120,CLOSE_POS_LOWER_THIRD,ROWS_SPARSE_1_8,4199.09,PREV_CLOSE_PROXY,,NEUTRAL,4209.43,4233.6205,24.1905,False,4233.6205,24.1905,MODE_C_BALANCED,prior_range_fraction::prev_range_0.618,ORIGINAL_ORACLE_PRESERVED,289,4223.83675,14.40675,False,False,ROLLING_ROW_LEVEL_RESIDUAL,superset_base_rows_original_recent5_median,4239.2805,29.8505,False,False,ROLLING_LEVEL_RESIDUAL,superset_base_level_superset_median,superset_residual,5.66,45.0,3.0,32.574721,14.588629,16.986092,level_rows_family,432,29.957206,12.392142,2025-12-05,3.0,True,False,False,False,SELECTOR_GT10
2025-12-08,2025-12-05,L5,RANGE_NORMAL_60_120,CLOSE_POS_LOWER_THIRD,ROWS_SPARSE_1_8,4199.09,PREV_CLOSE_PROXY,,NEUTRAL,4188.47,4206.544375,18.074375,False,4206.544375,18.074375,MODE_C_BALANCED,green_box_quarter::green_box_1_25pct | prior_range_fraction::prev_range_0.25,ORIGINAL_ORACLE_PRESERVED,289,4193.924375,5.454375,False,False,ROLLING_RANGE_CLOSE_LEVEL_RESIDUAL,original_base_range_close_superset_q25,4207.214962,18.744962,False,False,ROLLING_SOURCE_LEVEL_RESIDUAL,superset_base_source_superset_mean,superset_residual,0.670587,47.0,3.0,42.89048,24.080905,17.809575,level_family_type,43,36.885695,18.894998,2025-12-05,3.0,True,False,False,False,SELECTOR_GT10
2025-12-08,2025-12-05,L6,RANGE_NORMAL_60_120,CLOSE_POS_LOWER_THIRD,ROWS_SPARSE_1_8,4199.09,PREV_CLOSE_PROXY,,NEUTRAL,4168.88,4174.21625,5.33625,False,4174.21625,5.33625,MODE_D_NEAREST_VALID_LADDER,red_box_quarter::red_box_2_75pct,ORIGINAL_ORACLE_PRESERVED,289,4170.170625,1.290625,True,True,ROLLING_RANGE_LEVEL_RESIDUAL,superset_base_range_superset_q25,4172.787945,3.907945,False,True,ROLLING_LEVEL_RESIDUAL,superset_base_level_superset_mean,superset_residual,-1.428305,47.0,3.0,38.387554,19.974955,17.412599,level_family_type,42,33.623409,19.761847,2025-12-05,3.0,True,True,False,True,SELECTOR_WITHIN_5
2025-12-08,2025-12-05,L7,RANGE_NORMAL_60_120,CLOSE_POS_LOWER_THIRD,ROWS_SPARSE_1_8,4199.09,PREV_CLOSE_PROXY,,NEUTRAL,4144.37,4149.90375,5.53375,False,4149.90375,5.53375,MODE_B_EMA_CHANNEL_DIRECTION_HEAVY,red_box_quarter::red_box_3_25pct,ORIGINAL_ORACLE_PRESERVED,289,4144.009688,0.360312,True,True,ROLLING_ROW_LEVEL_RESIDUAL,superset_base_rows_original_q25,4149.4475,5.0775,False,False,ROLLING_LEVEL_RESIDUAL,superset_base_level_superset_median,superset_residual,-0.45625,45.0,3.0,38.729007,20.488972,17.240035,level_family_type,40,37.107718,22.500857,2025-12-05,3.0,True,False,False,True,SELECTOR_WITHIN_10
2025-12-09,2025-12-08,L4,RANGE_COMPRESSED_0_60,CLOSE_POS_MIDDLE_THIRD,ROWS_SPARSE_1_8,4190.56,PREV_CLOSE_PROXY,,NEUTRAL,4214.14,4202.59804,11.54196,False,4202.59804,11.54196,MODE_C_BALANCED,prior_range_fraction::prev_range_0.618,ORIGINAL_ORACLE_PRESERVED,289,4214.156799,0.016799,True,True,ROLLING_SOURCE_LEVEL_RESIDUAL,original_base_source_expanded_median,4208.228224,5.911776,False,False,ROLLING_LEVEL_RESIDUAL,superset_base_level_superset_mean,superset_residual,5.630184,46.0,1.0,34.470041,16.410694,17.059347,level_family_type,43,34.924911,19.487412,2025-12-08,1.0,True,False,False,True,SELECTOR_WITHIN_10
2025-12-09,2025-12-08,L5,RANGE_COMPRESSED_0_60,CLOSE_POS_MIDDLE_THIRD,ROWS_SPARSE_1_8,4190.56,PREV_CLOSE_PROXY,,NEUTRAL,4191.11,4173.4525,17.6575,False,4173.4525,17.6575,MODE_A_LIVE_PROXIMITY_HEAVY,red_box_quarter::red_box_2_25pct,ORIGINAL_ORACLE_PRESERVED,289,4193.023437,1.913437,True,True,ROLLING_SOURCE_LEVEL_RESIDUAL,superset_base_source_expanded_q75,4173.732567,17.377433,False,False,ROLLING_SOURCE_LEVEL_RESIDUAL,superset_base_source_superset_mean,superset_residual,0.280067,48.0,1.0,41.436716,22.356284,18.080433,level_range_close_family,240,27.343429,13.625007,2025-12-08,1.0,True,False,False,True,SELECTOR_GT10
2025-12-09,2025-12-08,L6,RANGE_COMPRESSED_0_60,CLOSE_POS_MIDDLE_THIRD,ROWS_SPARSE_1_8,4190.56,PREV_CLOSE_PROXY,,NEUTRAL,4169.53,4155.2575,14.2725,False,4155.2575,14.2725,MODE_B_EMA_CHANNEL_DIRECTION_HEAVY,red_box_quarter::red_box_2_75pct,ORIGINAL_ORACLE_PRESERVED,289,4167.301562,2.228437,True,True,ROLLING_SOURCE_LEVEL_RESIDUAL,original_base_source_expanded_q75,4153.747779,15.782221,False,False,ROLLING_LEVEL_RESIDUAL,superset_base_level_superset_mean,superset_residual,-1.509721,48.0,1.0,38.136448,19.476022,17.660426,level_family_type,43,34.924911,19.393152,2025-12-08,1.0,True,False,False,False,SELECTOR_GT10
2025-12-09,2025-12-08,L7,RANGE_COMPRESSED_0_60,CLOSE_POS_MIDDLE_THIRD,ROWS_SPARSE_1_8,4190.56,PREV_CLOSE_PROXY,,NEUTRAL,4149.41,4137.0625,12.3475,False,4137.0625,12.3475,MODE_C_BALANCED,red_box_quarter::red_box_3_25pct,ORIGINAL_ORACLE_PRESERVED,289,4149.290312,0.119688,True,True,ROLLING_SOURCE_LEVEL_RESIDUAL,superset_base_source_original_q75,4136.569375,12.840625,False,False,ROLLING_LEVEL_RESIDUAL,superset_base_level_superset_median,superset_residual,-0.493125,46.0,1.0,42.487105,23.99707,17.490036,level_rows_family,432,32.684478,21.624727,2025-12-08,1.0,True,False,False,False,SELECTOR_GT10
2025-12-10,2025-12-09,L4,RANGE_COMPRESSED_0_60,CLOSE_POS_UPPER_THIRD,ROWS_SPARSE_1_8,4208.1,PREV_CLOSE_PROXY,,NEUTRAL,4215.84,4202.021675,13.818325,False,4202.021675,13.818325,MODE_C_BALANCED,prior_hlc::previous_pivot_hlc3 | green_box_quarter::green_box_1_75pct | prior_range_fraction::prev_range_0.666667,ORIGINAL_ORACLE_PRESERVED,337,4216.513133,0.673133,True,True,ROLLING_RANGE_LEVEL_RESIDUAL,superset_base_range_original_q75,4202.970946,12.869054,False,False,ROLLING_REGIME_LEVEL_RESIDUAL,original_base_regime_superset_q25,superset_residual,0.949271,3.0,5.0,45.718055,37.15388,7.564176,level_family_type,12,39.058523,6.59638,2025-12-09,1.0,True,False,False,True,SELECTOR_GT10
2025-12-10,2025-12-09,L5,RANGE_COMPRESSED_0_60,CLOSE_POS_UPPER_THIRD,ROWS_SPARSE_1_8,4208.1,PREV_CLOSE_PROXY,,NEUTRAL,4194.44,4181.53625,12.90375,False,4181.53625,12.90375,MODE_C_BALANCED,green_box_quarter::green_box_1_25pct | red_box_edge::red_edge_1 | prior_range_fraction::prev_range_0.25,ORIGINAL_ORACLE_PRESERVED,337,4192.955937,1.484063,True,True,ROLLING_RANGE_LEVEL_RESIDUAL,original_base_range_expanded_q75,4182.170959,12.269041,False,False,ROLLING_SOURCE_LEVEL_RESIDUAL,superset_base_source_superset_mean,superset_residual,0.634709,49.0,1.0,52.711194,33.448068,18.263126,level_range_close_family,144,69.612964,5.288554,2025-12-09,1.0,True,False,False,True,SELECTOR_GT10
2025-12-10,2025-12-09,L6,RANGE_COMPRESSED_0_60,CLOSE_POS_UPPER_THIRD,ROWS_SPARSE_1_8,4208.1,PREV_CLOSE_PROXY,,NEUTRAL,4173.28,4160.365,12.915,False,4160.365,12.915,MODE_B_EMA_CHANNEL_DIRECTION_HEAVY,red_box_midline::red_mid_2,ORIGINAL_ORACLE_PRESERVED,337,4173.690625,0.410625,True,True,ROLLING_SOURCE_LEVEL_RESIDUAL,original_base_source_expanded_q75,4159.861094,13.418906,False,False,ROLLING_REGIME_LEVEL_RESIDUAL,superset_base_regime_expanded_q25,expanded_residual,-0.503906,3.0,5.0,47.326924,38.741014,7.585909,level_family_type,12,39.058523,7.596439,2025-12-09,1.0,True,False,False,False,SELECTOR_GT10
2025-12-10,2025-12-09,L7,RANGE_COMPRESSED_0_60,CLOSE_POS_UPPER_THIRD,ROWS_SPARSE_1_8,4208.1,PREV_CLOSE_PROXY,,NEUTRAL,4152.33,4140.05,12.28,False,4140.05,12.28,MODE_B_EMA_CHANNEL_DIRECTION_HEAVY,red_box_edge::red_edge_2,ORIGINAL_ORACLE_PRESERVED,337,4152.305625,0.024375,True,True,ROLLING_LEVEL_RESIDUAL,original_base_level_superset_q75,4139.52,12.81,False,False,ROLLING_REGIME_LEVEL_RESIDUAL,superset_base_regime_superset_recent12_median,superset_residual,-0.53,3.0,5.0,54.214579,45.299943,7.914636,level_family_type,12,44.058523,7.163793,2025-12-09,1.0,True,False,False,False,SELECTOR_GT10
2025-12-11,2025-12-10,L4,RANGE_COMPRESSED_0_60,CLOSE_POS_UPPER_THIRD,ROWS_SPARSE_1_8,4228.54,PREV_CLOSE_PROXY,,NEUTRAL,4212.52,4217.126468,4.606468,True,4217.126468,4.606468,MODE_C_BALANCED,green_box_quarter::green_box_1_75pct | prior_hlc::previous_pivot_hlc3 | prior_range_fraction::prev_range_0.666667,ORIGINAL_ORACLE_PRESERVED,337,4211.821468,0.698532,True,True,ROLLING_CHANNEL_LEVEL_RESIDUAL,superset_base_channel_original_recent20_median,4226.745386,14.225386,False,False,ROLLING_RANGE_CLOSE_LEVEL_RESIDUAL,superset_base_range_close_superset_mean,superset_residual,9.618918,5.0,1.0,42.955281,33.830584,8.124697,level_range_close_family,48,67.520901,5.028289,2025-12-10,1.0,True,False,False,False,SELECTOR_GT10
2025-12-11,2025-12-10,L5,RANGE_COMPRESSED_0_60,CLOSE_POS_UPPER_THIRD,ROWS_SPARSE_1_8,4228.54,PREV_CLOSE_PROXY,,NEUTRAL,4192.13,4194.393125,2.263125,True,4194.393125,2.263125,MODE_C_BALANCED,green_box_quarter::green_box_1_25pct | red_box_edge::red_edge_1 | prior_range_fraction::prev_range_0.25,ORIGINAL_ORACLE_PRESERVED,337,4191.973281,0.156719,True,True,ROLLING_REGIME_LEVEL_RESIDUAL,original_base_regime_superset_q25,4195.273214,3.143214,False,True,ROLLING_SOURCE_LEVEL_RESIDUAL,superset_base_source_superset_mean,superset_residual,0.880089,50.0,1.0,48.065242,28.61409,18.451152,level_range_close_family_type,4,40.097538,4.921167,2025-12-10,1.0,True,False,False,False,SELECTOR_WITHIN_5
2025-12-11,2025-12-10,L6,RANGE_COMPRESSED_0_60,CLOSE_POS_UPPER_THIRD,ROWS_SPARSE_1_8,4228.54,PREV_CLOSE_PROXY,,NEUTRAL,4173.9,4173.5775,0.3225,True,4173.5775,0.3225,MODE_B_EMA_CHANNEL_DIRECTION_HEAVY,red_box_midline::red_mid_2,ORIGINAL_ORACLE_PRESERVED,337,4173.91075,0.01075,True,True,ROLLING_ROW_LEVEL_RESIDUAL,superset_base_rows_original_mean,4172.671918,1.228082,True,True,ROLLING_LEVEL_RESIDUAL,superset_base_level_superset_mean,superset_residual,-0.905582,50.0,1.0,37.525674,18.435766,18.089908,level_family_type,45,33.60699,19.195342,2025-12-10,1.0,True,False,False,False,SELECTOR_WITHIN_3
2025-12-11,2025-12-10,L7,RANGE_COMPRESSED_0_60,CLOSE_POS_UPPER_THIRD,ROWS_SPARSE_1_8,4228.54,PREV_CLOSE_PROXY,,NEUTRAL,4154.37,4151.84,2.53,True,4151.84,2.53,MODE_B_EMA_CHANNEL_DIRECTION_HEAVY,red_box_edge::red_edge_2,ORIGINAL_ORACLE_PRESERVED,337,4155.657692,1.287692,True,True,ROLLING_ROW_LEVEL_RESIDUAL,superset_base_rows_expanded_mean,4150.166716,4.203284,False,True,ROLLING_LEVEL_RESIDUAL,superset_base_level_superset_mean,superset_residual,-1.673284,48.0,1.0,38.377526,19.725082,17.652444,level_family_type,43,34.924911,22.371411,2025-12-10,1.0,True,False,False,False,SELECTOR_WITHIN_5
2025-12-12,2025-12-11,L4,RANGE_NORMAL_60_120,CLOSE_POS_UPPER_THIRD,ROWS_STANDARD_9_10,4279.59,PREV_CLOSE_PROXY,,NEUTRAL,4258.86,4265.5675,6.7075,False,4265.5675,6.7075,MODE_C_BALANCED,prior_range_fraction::prev_range_0.75,ORIGINAL_ORACLE_PRESERVED,337,4258.93875,0.07875,True,True,ROLLING_REGIME_LEVEL_RESIDUAL,original_base_regime_original_q25,4271.276526,12.416526,False,False,ROLLING_LEVEL_RESIDUAL,superset_base_level_superset_mean,superset_residual,5.709026,49.0,1.0,46.839761,28.184262,17.6555,level_regime_family_type,11,41.114235,8.484052,2025-12-11,1.0,True,False,False,False,SELECTOR_GT10
2025-12-12,2025-12-11,L5,RANGE_NORMAL_60_120,CLOSE_POS_UPPER_THIRD,ROWS_STANDARD_9_10,4279.59,PREV_CLOSE_PROXY,,NEUTRAL,4245.23,4257.357084,12.127084,False,4257.357084,12.127084,MODE_C_BALANCED,prior_hlc::previous_pivot_hlc3 | red_box_midline::red_mid_1,ORIGINAL_ORACLE_PRESERVED,337,4246.881303,1.651303,True,True,ROLLING_SOURCE_LEVEL_RESIDUAL,superset_base_source_expanded_q25,4258.175542,12.945542,False,False,ROLLING_SOURCE_LEVEL_RESIDUAL,superset_base_source_superset_mean,superset_residual,0.818458,51.0,1.0,50.539514,31.085354,18.454159,level_regime_family_type,11,35.851077,7.981658,2025-12-11,1.0,True,False,False,False,SELECTOR_GT10
2025-12-12,2025-12-11,L6,RANGE_NORMAL_60_120,CLOSE_POS_UPPER_THIRD,ROWS_STANDARD_9_10,4279.59,PREV_CLOSE_PROXY,,NEUTRAL,4231.66,4235.54974,3.88974,True,4235.54974,3.88974,MODE_C_BALANCED,prior_range_fraction::prev_range_0.382,ORIGINAL_ORACLE_PRESERVED,337,4231.72849,0.06849,True,True,ROLLING_RANGE_CLOSE_LEVEL_RESIDUAL,superset_base_range_close_superset_q25,4235.230827,3.570827,False,True,ROLLING_SOURCE_LEVEL_RESIDUAL,superset_base_source_superset_mean,superset_residual,-0.318913,45.0,1.0,52.331672,33.853135,17.478537,level_regime_family_type,11,46.377392,6.401154,2025-12-11,1.0,True,False,False,True,SELECTOR_WITHIN_5
2025-12-12,2025-12-11,L7,RANGE_NORMAL_60_120,CLOSE_POS_UPPER_THIRD,ROWS_STANDARD_9_10,4279.59,PREV_CLOSE_PROXY,,NEUTRAL,4215.76,4215.4075,0.3525,True,4215.4075,0.3525,MODE_C_BALANCED,prior_range_fraction::prev_range_0.125 | red_box_quarter::red_box_2_25pct,ORIGINAL_ORACLE_PRESERVED,337,4215.7875,0.0275,True,True,ROLLING_ROW_LEVEL_RESIDUAL,original_base_rows_expanded_recent20_median,4216.6375,0.8775,True,True,ROLLING_REGIME_LEVEL_RESIDUAL,superset_base_regime_superset_recent12_median,superset_residual,1.23,11.0,11.0,64.20483,53.279754,9.925076,level_regime_family_type,8,48.823153,5.797799,2025-12-11,1.0,True,False,False,False,SELECTOR_WITHIN_3
2025-12-15,2025-12-12,L4,RANGE_NORMAL_60_120,CLOSE_POS_MIDDLE_THIRD,ROWS_SPARSE_1_8,4299.72,PREV_CLOSE_PROXY,,NEUTRAL,4304.36,4299.72,4.64,True,4299.72,4.64,MODE_A_LIVE_PROXIMITY_HEAVY,prior_hlc::previous_close,ORIGINAL_ORACLE_PRESERVED,289,4304.421373,0.061373,True,True,ROLLING_CHANNEL_LEVEL_RESIDUAL,superset_base_channel_original_mean,4305.180696,0.820696,True,True,ROLLING_LEVEL_RESIDUAL,superset_base_level_superset_mean,superset_residual,5.460696,50.0,3.0,44.202637,25.386819,17.815818,level_range_close_family_type,7,32.07803,7.710038,2025-12-12,3.0,True,False,True,True,SELECTOR_WITHIN_3
2025-12-15,2025-12-12,L5,RANGE_NORMAL_60_120,CLOSE_POS_MIDDLE_THIRD,ROWS_SPARSE_1_8,4299.72,PREV_CLOSE_PROXY,,NEUTRAL,4285.43,4305.058542,19.628542,False,4305.058542,19.628542,MODE_C_BALANCED,prior_hlc::previous_pivot_hlc3 | red_box_quarter::red_box_1_75pct,ORIGINAL_ORACLE_PRESERVED,289,4292.156459,6.726459,False,False,ROLLING_RANGE_LEVEL_RESIDUAL,superset_base_range_expanded_recent5_median,4305.628047,20.198047,False,False,ROLLING_SOURCE_LEVEL_RESIDUAL,superset_base_source_superset_mean,superset_residual,0.569505,52.0,3.0,50.362146,30.947638,18.414508,level_range_close_family_type,7,45.411364,8.481975,2025-12-12,3.0,True,False,False,False,SELECTOR_GT10
2025-12-15,2025-12-12,L6,RANGE_NORMAL_60_120,CLOSE_POS_MIDDLE_THIRD,ROWS_SPARSE_1_8,4299.72,PREV_CLOSE_PROXY,,NEUTRAL,4264.18,4259.2575,4.9225,True,4259.2575,4.9225,MODE_B_EMA_CHANNEL_DIRECTION_HEAVY,red_box_midline::red_mid_2,ORIGINAL_ORACLE_PRESERVED,289,4264.130938,0.049063,True,True,ROLLING_RANGE_LEVEL_RESIDUAL,original_base_range_expanded_recent20_median,4262.063125,2.116875,True,True,ROLLING_RANGE_CLOSE_LEVEL_RESIDUAL,original_base_range_close_superset_recent8_median,superset_residual,2.805625,8.0,12.0,50.189423,39.892137,9.297285,level_range_close_family_type,4,40.097538,3.87125,2025-12-12,3.0,True,False,True,True,SELECTOR_WITHIN_3
2025-12-15,2025-12-12,L7,RANGE_NORMAL_60_120,CLOSE_POS_MIDDLE_THIRD,ROWS_SPARSE_1_8,4299.72,PREV_CLOSE_PROXY,,NEUTRAL,4244.2,4243.53875,0.66125,True,4243.53875,0.66125,MODE_D_NEAREST_VALID_LADDER,red_box_quarter::red_box_2_75pct,ORIGINAL_ORACLE_PRESERVED,289,4244.33,0.13,True,True,ROLLING_RANGE_LEVEL_RESIDUAL,superset_base_range_original_recent20_median,4241.990047,2.209953,True,True,ROLLING_LEVEL_RESIDUAL,superset_base_level_superset_mean,superset_residual,-1.548703,50.0,3.0,52.75522,33.748496,18.006723,level_family_type,45,37.380575,21.513644,2025-12-12,3.0,True,False,False,False,SELECTOR_WITHIN_3
2025-12-16,2025-12-15,L4,RANGE_NORMAL_60_120,CLOSE_POS_LOWER_THIRD,ROWS_SPARSE_1_8,4304.91,PREV_CLOSE_PROXY,,NEUTRAL,4320.99,4317.19125,3.79875,True,4325.50326,4.51326,MODE_C_BALANCED,prior_range_fraction::prev_range_0.618,EXPANDED_ORACLE_BETTER,338,4321.001837,0.011837,True,True,ROLLING_REGIME_LEVEL_RESIDUAL,original_base_regime_superset_mean,4322.20375,1.21375,True,True,ROLLING_LEVEL_RESIDUAL,superset_base_level_superset_median,superset_residual,5.0125,51.0,1.0,37.530667,18.454325,18.076342,level_regime_family_type,3,34.65186,11.397673,2025-12-15,1.0,True,False,True,True,SELECTOR_WITHIN_3
2025-12-16,2025-12-15,L5,RANGE_NORMAL_60_120,CLOSE_POS_LOWER_THIRD,ROWS_SPARSE_1_8,4304.91,PREV_CLOSE_PROXY,,NEUTRAL,4301.91,4299.365625,2.544375,True,4299.365625,2.544375,MODE_D_NEAREST_VALID_LADDER,green_box_quarter::green_box_1_25pct | prior_range_fraction::prev_range_0.25,ORIGINAL_ORACLE_PRESERVED,337,4302.266559,0.356559,True,True,ROLLING_RANGE_LEVEL_RESIDUAL,superset_base_range_original_mean,4284.964687,16.945312,False,False,ROLLING_REGIME_LEVEL_RESIDUAL,original_base_regime_superset_q25,superset_residual,-14.400938,3.0,8.0,36.072794,28.24276,6.830034,level_family_type,15,38.311759,6.982594,2025-12-15,1.0,True,False,False,False,SELECTOR_GT10
2025-12-16,2025-12-15,L6,RANGE_NORMAL_60_120,CLOSE_POS_LOWER_THIRD,ROWS_SPARSE_1_8,4304.91,PREV_CLOSE_PROXY,,NEUTRAL,4281.92,4267.17375,14.74625,False,4267.17375,14.74625,MODE_B_EMA_CHANNEL_DIRECTION_HEAVY,red_box_quarter::red_box_2_75pct,ORIGINAL_ORACLE_PRESERVED,337,4279.680625,2.239375,True,True,ROLLING_SOURCE_LEVEL_RESIDUAL,original_base_source_expanded_q75,4266.992725,14.927275,False,False,ROLLING_LEVEL_RESIDUAL,superset_base_level_original_mean,original_residual,-0.181025,53.0,1.0,43.329366,24.2041,18.125266,level_regime_family_type,3,34.65186,12.393335,2025-12-15,1.0,True,False,False,False,SELECTOR_GT10
2025-12-16,2025-12-15,L7,RANGE_NORMAL_60_120,CLOSE_POS_LOWER_THIRD,ROWS_SPARSE_1_8,4304.91,PREV_CLOSE_PROXY,,NEUTRAL,4264.18,4243.40625,20.77375,False,4243.40625,20.77375,MODE_B_EMA_CHANNEL_DIRECTION_HEAVY,red_box_quarter::red_box_3_25pct,ORIGINAL_ORACLE_PRESERVED,337,4258.77625,5.40375,False,False,ROLLING_SOURCE_LEVEL_RESIDUAL,superset_base_source_expanded_q75,4237.8725,26.3075,False,False,ROLLING_REGIME_LEVEL_RESIDUAL,superset_base_regime_superset_recent8_median,superset_residual,-5.53375,3.0,8.0,62.595814,54.003061,7.592753,level_family_type,15,47.007411,6.956284,2025-12-15,1.0,True,False,False,False,SELECTOR_GT10
2025-12-17,2025-12-16,L4,RANGE_NORMAL_60_120,CLOSE_POS_MIDDLE_THIRD,ROWS_SPARSE_1_8,4302.04,PREV_CLOSE_PROXY,,NEUTRAL,4315.01,4306.63375,8.37625,False,4306.63375,8.37625,MODE_B_EMA_CHANNEL_DIRECTION_HEAVY,green_box_quarter::green_box_1_75pct,ORIGINAL_ORACLE_PRESERVED,289,4314.657211,0.352789,True,True,ROLLING_RANGE_LEVEL_RESIDUAL,superset_base_range_expanded_mean,4312.046702,2.963298,True,True,ROLLING_LEVEL_RESIDUAL,superset_base_level_superset_mean,superset_residual,5.412952,52.0,1.0,47.336996,28.467048,17.869948,level_range_close_family_type,8,36.323153,6.84887,2025-12-16,1.0,True,True,True,True,SELECTOR_WITHIN_3
2025-12-17,2025-12-16,L5,RANGE_NORMAL_60_120,CLOSE_POS_MIDDLE_THIRD,ROWS_SPARSE_1_8,4302.04,PREV_CLOSE_PROXY,,NEUTRAL,4297.24,4287.4425,9.7975,False,4287.4425,9.7975,MODE_A_LIVE_PROXIMITY_HEAVY,prior_range_fraction::prev_range_0.25,ORIGINAL_ORACLE_PRESERVED,289,4296.789375,0.450625,True,True,ROLLING_SOURCE_LEVEL_RESIDUAL,superset_base_source_original_q75,4287.674539,9.565461,False,False,ROLLING_SOURCE_LEVEL_RESIDUAL,superset_base_source_superset_mean,superset_residual,0.232039,54.0,1.0,48.094446,28.61167,18.482777,level_range_close_family_type,8,42.573153,9.946484,2025-12-16,1.0,True,False,False,True,SELECTOR_WITHIN_10
2025-12-17,2025-12-16,L6,RANGE_NORMAL_60_120,CLOSE_POS_MIDDLE_THIRD,ROWS_SPARSE_1_8,4302.04,PREV_CLOSE_PROXY,,NEUTRAL,4278.84,4264.9425,13.8975,False,4264.9425,13.8975,MODE_B_EMA_CHANNEL_DIRECTION_HEAVY,red_box_midline::red_mid_2,ORIGINAL_ORACLE_PRESERVED,289,4278.813854,0.026146,True,True,ROLLING_RANGE_LEVEL_RESIDUAL,original_base_range_expanded_q75,4269.175625,9.664375,False,False,ROLLING_RANGE_CLOSE_LEVEL_RESIDUAL,original_base_range_close_superset_recent8_median,superset_residual,4.233125,8.0,2.0,46.952857,36.466233,9.486624,level_range_close_family,240,54.359558,5.175329,2025-12-16,1.0,True,False,False,True,SELECTOR_WITHIN_10
2025-12-17,2025-12-16,L7,RANGE_NORMAL_60_120,CLOSE_POS_MIDDLE_THIRD,ROWS_SPARSE_1_8,4302.04,PREV_CLOSE_PROXY,,NEUTRAL,4258.9,4253.25125,5.64875,False,4253.25125,5.64875,MODE_B_EMA_CHANNEL_DIRECTION_HEAVY,red_box_quarter::red_box_2_75pct,ORIGINAL_ORACLE_PRESERVED,289,4258.994028,0.094028,True,True,ROLLING_RANGE_CLOSE_LEVEL_RESIDUAL,original_base_range_close_original_mean,4253.096875,5.803125,False,False,ROLLING_LEVEL_RESIDUAL,superset_base_level_superset_median,superset_residual,-0.154375,52.0,1.0,46.972621,27.666055,18.306566,level_range_close_family,384,34.900945,13.867809,2025-12-16,1.0,True,False,False,False,SELECTOR_WITHIN_10
2025-12-19,2025-12-18,L4,RANGE_NORMAL_60_120,CLOSE_POS_MIDDLE_THIRD,ROWS_SPARSE_1_8,4332.34,PREV_CLOSE_PROXY,,NEUTRAL,4340.32,4344.40625,4.08625,True,4344.40625,4.08625,MODE_B_EMA_CHANNEL_DIRECTION_HEAVY,green_box_quarter::green_box_1_75pct,ORIGINAL_ORACLE_PRESERVED,289,4339.89299,0.42701,True,True,ROLLING_RANGE_LEVEL_RESIDUAL,original_base_range_original_recent5_median,4351.153,10.833,False,False,ROLLING_RANGE_CLOSE_LEVEL_RESIDUAL,superset_base_range_close_superset_mean,superset_residual,6.74675,10.0,2.0,49.582832,38.968873,9.613959,level_range_close_family_type,6,41.512175,6.050226,2025-12-17,2.0,True,False,False,False,SELECTOR_GT10
2025-12-19,2025-12-18,L5,RANGE_NORMAL_60_120,CLOSE_POS_MIDDLE_THIRD,ROWS_SPARSE_1_8,4332.34,PREV_CLOSE_PROXY,,NEUTRAL,4323.86,4324.8675,1.0075,True,4324.8675,1.0075,MODE_D_NEAREST_VALID_LADDER,prior_range_fraction::prev_range_0.25,ORIGINAL_ORACLE_PRESERVED,289,4324.010914,0.150914,True,True,ROLLING_ROW_LEVEL_RESIDUAL,superset_base_rows_expanded_mean,4325.273456,1.413456,True,True,ROLLING_SOURCE_LEVEL_RESIDUAL,superset_base_source_superset_mean,superset_residual,0.405956,55.0,2.0,44.995642,25.547253,18.448389,level_range_close_family_type,9,40.06885,9.904148,2025-12-17,2.0,True,False,False,False,SELECTOR_WITHIN_3
2025-12-19,2025-12-18,L6,RANGE_NORMAL_60_120,CLOSE_POS_MIDDLE_THIRD,ROWS_SPARSE_1_8,4332.34,PREV_CLOSE_PROXY,,NEUTRAL,4306.94,4309.473125,2.533125,True,4302.3675,4.5725,MODE_D_NEAREST_VALID_LADDER,red_box_midline::red_mid_2,EXPANDED_ORACLE_BETTER,290,4306.97,0.03,True,True,ROLLING_RANGE_CLOSE_LEVEL_RESIDUAL,original_base_range_close_original_recent12_median,4312.175,5.235,False,False,ROLLING_RANGE_CLOSE_LEVEL_RESIDUAL,original_base_range_close_expanded_recent12_median,expanded_residual,9.8075,10.0,2.0,49.797252,39.006602,9.79065,level_range_close_family_type,6,48.655033,3.183542,2025-12-17,2.0,True,False,False,False,SELECTOR_WITHIN_10
2025-12-19,2025-12-18,L7,RANGE_NORMAL_60_120,CLOSE_POS_MIDDLE_THIRD,ROWS_SPARSE_1_8,4332.34,PREV_CLOSE_PROXY,,NEUTRAL,4290.25,4290.32875,0.07875,True,4290.32875,0.07875,MODE_B_EMA_CHANNEL_DIRECTION_HEAVY,red_box_quarter::red_box_2_75pct,ORIGINAL_ORACLE_PRESERVED,289,4290.239062,0.010938,True,True,ROLLING_RANGE_CLOSE_LEVEL_RESIDUAL,original_base_range_close_original_q25,4290.18875,0.06125,True,True,ROLLING_LEVEL_RESIDUAL,superset_base_level_superset_median,superset_residual,-0.14,53.0,2.0,50.956864,31.675496,18.281368,level_range_close_family_type,9,34.186497,10.208785,2025-12-17,2.0,True,False,False,True,SELECTOR_WITHIN_3
2025-12-22,2025-12-19,L4,RANGE_COMPRESSED_0_60,CLOSE_POS_MIDDLE_THIRD,ROWS_SPARSE_1_8,4338.16,PREV_CLOSE_PROXY,,NEUTRAL,4336.01,4338.51668,2.50668,True,4338.51668,2.50668,MODE_C_BALANCED,prior_range_fraction::prev_range_0.618,ORIGINAL_ORACLE_PRESERVED,337,4335.79168,0.21832,True,True,ROLLING_SOURCE_LEVEL_RESIDUAL,superset_base_source_expanded_recent20_median,4345.99293,9.98293,False,False,ROLLING_LEVEL_RESIDUAL,superset_base_level_expanded_median,expanded_residual,7.47625,54.0,3.0,42.636662,23.739203,17.897459,level_range_close_family_type,6,34.369318,12.696579,2025-12-19,3.0,True,False,False,False,SELECTOR_WITHIN_10
2025-12-22,2025-12-19,L5,RANGE_COMPRESSED_0_60,CLOSE_POS_MIDDLE_THIRD,ROWS_SPARSE_1_8,4338.16,PREV_CLOSE_PROXY,,NEUTRAL,4317.56,4317.94,0.38,True,4308.2825,9.2775,MODE_A_LIVE_PROXIMITY_HEAVY,red_box_quarter::red_box_2_25pct,EXPANDED_ORACLE_BETTER,290,4317.58625,0.02625,True,True,ROLLING_REGIME_LEVEL_RESIDUAL,original_base_regime_superset_q75,4318.320716,0.760716,True,True,ROLLING_CHANNEL_LEVEL_RESIDUAL,superset_base_channel_superset_mean,superset_residual,0.380716,56.0,3.0,45.428048,26.882957,17.545091,level_family_type,52,36.352841,17.509578,2025-12-19,3.0,True,False,False,False,SELECTOR_WITHIN_3
2025-12-22,2025-12-19,L6,RANGE_COMPRESSED_0_60,CLOSE_POS_MIDDLE_THIRD,ROWS_SPARSE_1_8,4338.16,PREV_CLOSE_PROXY,,NEUTRAL,4300.17,4293.834375,6.335625,False,4308.2825,8.1125,MODE_D_NEAREST_VALID_LADDER,red_box_quarter::red_box_2_25pct,EXPANDED_ORACLE_BETTER,338,4300.17125,0.00125,True,True,ROLLING_RANGE_LEVEL_RESIDUAL,original_base_range_superset_q25,4315.62625,15.45625,False,False,ROLLING_RANGE_CLOSE_LEVEL_RESIDUAL,original_base_range_close_superset_recent8_median,superset_residual,7.34375,6.0,13.0,40.815474,31.46003,8.355444,level_family_type,24,40.036577,7.798692,2025-12-19,3.0,True,False,False,False,SELECTOR_GT10
2025-12-22,2025-12-19,L7,RANGE_COMPRESSED_0_60,CLOSE_POS_MIDDLE_THIRD,ROWS_SPARSE_1_8,4338.16,PREV_CLOSE_PROXY,,NEUTRAL,4283.27,4279.31,3.96,True,4279.31,3.96,MODE_D_NEAREST_VALID_LADDER,red_box_edge::red_edge_2,ORIGINAL_ORACLE_PRESERVED,337,4283.399375,0.129375,True,True,ROLLING_ROW_LEVEL_RESIDUAL,superset_base_rows_original_recent8_median,4279.200625,4.069375,False,True,ROLLING_LEVEL_RESIDUAL,superset_base_level_superset_median,superset_residual,-0.109375,54.0,3.0,44.131693,24.87473,18.256963,level_family_type,49,38.266148,19.633302,2025-12-19,3.0,True,False,False,False,SELECTOR_WITHIN_5
2025-12-23,2025-12-22,L4,RANGE_NORMAL_60_120,CLOSE_POS_UPPER_THIRD,ROWS_STANDARD_9_10,4443.59,PREV_CLOSE_PROXY,,NEUTRAL,4467.13,4461.6425,5.4875,False,4461.6425,5.4875,MODE_B_EMA_CHANNEL_DIRECTION_HEAVY,green_box_quarter::green_box_2_75pct,ORIGINAL_ORACLE_PRESERVED,337,4467.094286,0.035714,True,True,ROLLING_SOURCE_LEVEL_RESIDUAL,superset_base_source_superset_mean,4466.792624,0.337376,True,True,ROLLING_LEVEL_RESIDUAL,superset_base_level_superset_mean,superset_residual,5.150124,55.0,1.0,50.649371,31.766597,17.882774,level_range_close_family_type,13,41.960498,8.450008,2025-12-22,1.0,True,True,True,True,SELECTOR_WITHIN_3
2025-12-23,2025-12-22,L5,RANGE_NORMAL_60_120,CLOSE_POS_UPPER_THIRD,ROWS_STANDARD_9_10,4443.59,PREV_CLOSE_PROXY,,NEUTRAL,4453.37,4443.995,9.375,False,4443.995,9.375,MODE_D_NEAREST_VALID_LADDER,green_box_midline::green_mid_2,ORIGINAL_ORACLE_PRESERVED,337,4453.341875,0.028125,True,True,ROLLING_RANGE_CLOSE_LEVEL_RESIDUAL,original_base_range_close_original_q75,4444.375716,8.994284,False,False,ROLLING_SOURCE_LEVEL_RESIDUAL,superset_base_source_superset_mean,superset_residual,0.380716,56.0,4.0,50.439493,31.041672,18.397821,level_regime_family_type,12,34.058523,8.395315,2025-12-22,1.0,True,False,False,True,SELECTOR_WITHIN_10
2025-12-23,2025-12-22,L6,RANGE_NORMAL_60_120,CLOSE_POS_UPPER_THIRD,ROWS_STANDARD_9_10,4443.59,PREV_CLOSE_PROXY,,NEUTRAL,4440.6,4413.995,26.605,False,4413.995,26.605,MODE_D_NEAREST_VALID_LADDER,red_box_midline::red_mid_1,ORIGINAL_ORACLE_PRESERVED,337,4428.05625,12.54375,False,False,ROLLING_RANGE_LEVEL_RESIDUAL,original_base_range_expanded_q75,4414.307763,26.292237,False,False,ROLLING_SOURCE_LEVEL_RESIDUAL,superset_base_source_superset_mean,superset_residual,0.312763,49.0,6.0,53.454751,34.305413,18.149337,level_regime_family_type,12,49.058523,6.165294,2025-12-22,1.0,True,False,False,True,SELECTOR_GT10
2025-12-23,2025-12-22,L7,RANGE_NORMAL_60_120,CLOSE_POS_UPPER_THIRD,ROWS_STANDARD_9_10,4443.59,PREV_CLOSE_PROXY,,NEUTRAL,4426.21,4379.64038,46.56962,False,4379.64038,46.56962,MODE_C_BALANCED,red_box_edge::red_edge_1 | prior_range_fraction::prev_range_0.382,ORIGINAL_ORACLE_PRESERVED,337,4396.83788,29.37212,False,False,ROLLING_SOURCE_LEVEL_RESIDUAL,superset_base_source_expanded_q75,4380.43163,45.77837,False,False,ROLLING_REGIME_LEVEL_RESIDUAL,superset_base_regime_superset_recent12_median,superset_residual,0.79125,12.0,11.0,63.746792,52.525305,10.221487,level_regime_family_type,9,51.833556,5.251099,2025-12-22,1.0,True,False,False,True,SELECTOR_GT10
2025-12-24,2025-12-23,L4,RANGE_NORMAL_60_120,CLOSE_POS_UPPER_THIRD,ROWS_SPARSE_1_8,4484.54,PREV_CLOSE_PROXY,,NEUTRAL,4479.79,4483.46625,3.67625,True,4483.46625,3.67625,MODE_C_BALANCED,prior_range_fraction::prev_range_0.75 | prior_hlc::previous_close,ORIGINAL_ORACLE_PRESERVED,289,4480.169785,0.379785,True,True,ROLLING_LEVEL_RESIDUAL,superset_base_level_original_recent20_median,4488.622399,8.832399,False,False,ROLLING_LEVEL_RESIDUAL,superset_base_level_superset_mean,superset_residual,5.156149,56.0,1.0,47.549363,28.666883,17.88248,level_range_close_family_type,14,44.598657,7.870534,2025-12-23,1.0,True,False,False,False,SELECTOR_WITHIN_10
2025-12-24,2025-12-23,L5,RANGE_NORMAL_60_120,CLOSE_POS_UPPER_THIRD,ROWS_SPARSE_1_8,4484.54,PREV_CLOSE_PROXY,,NEUTRAL,4467.74,4472.410625,4.670625,True,4462.42875,5.31125,MODE_C_BALANCED,red_box_quarter::red_box_1_75pct,EXPANDED_ORACLE_BETTER,242,4467.7325,0.0075,True,True,ROLLING_RANGE_LEVEL_RESIDUAL,original_base_range_expanded_median,4472.933299,5.193299,False,False,ROLLING_LEVEL_RESIDUAL,superset_base_level_superset_mean,superset_residual,0.522674,58.0,1.0,44.643778,25.575112,18.068666,level_source_family,48,37.163758,7.072305,2025-12-23,1.0,True,False,False,False,SELECTOR_WITHIN_10
2025-12-24,2025-12-23,L6,RANGE_NORMAL_60_120,CLOSE_POS_UPPER_THIRD,ROWS_SPARSE_1_8,4484.54,PREV_CLOSE_PROXY,,NEUTRAL,4455.68,4458.340625,2.660625,True,4447.5375,8.1425,MODE_C_BALANCED,prior_range_fraction::prev_range_0.25,EXPANDED_ORACLE_BETTER,290,4455.77486,0.09486,True,True,ROLLING_RANGE_LEVEL_RESIDUAL,original_base_range_superset_q75,4458.601442,2.921442,True,True,ROLLING_LEVEL_RESIDUAL,superset_base_level_superset_mean,superset_residual,0.260817,58.0,1.0,42.086543,23.008383,18.07816,level_range_close_family_type,14,40.053203,8.347564,2025-12-23,1.0,True,False,False,False,SELECTOR_WITHIN_3
2025-12-26,2025-12-24,L4,RANGE_NORMAL_60_120,CLOSE_POS_MIDDLE_THIRD,ROWS_SPARSE_1_8,4479.58,PREV_CLOSE_PROXY,,NEUTRAL,4492.12,4493.934076,1.814076,True,4487.888125,4.231875,MODE_B_EMA_CHANNEL_DIRECTION_HEAVY,prior_hlc::previous_mid | green_box_quarter::green_box_1_75pct,EXPANDED_ORACLE_BETTER,338,4492.116875,0.003125,True,True,ROLLING_RANGE_CLOSE_LEVEL_RESIDUAL,original_base_range_close_superset_recent8_median,4498.935271,6.815271,False,False,ROLLING_LEVEL_RESIDUAL,superset_base_level_superset_mean,superset_residual,5.001195,57.0,2.0,55.484659,36.644701,17.839958,level_regime_family_type,3,34.65186,4.446369,2025-12-24,2.0,True,False,False,False,SELECTOR_WITHIN_10
2025-12-26,2025-12-24,L5,RANGE_NORMAL_60_120,CLOSE_POS_MIDDLE_THIRD,ROWS_SPARSE_1_8,4479.58,PREV_CLOSE_PROXY,,NEUTRAL,4479.11,4477.97242,1.13758,True,4477.97242,1.13758,MODE_C_BALANCED,prior_range_fraction::prev_range_0.382,ORIGINAL_ORACLE_PRESERVED,337,4478.93617,0.17383,True,True,ROLLING_RANGE_CLOSE_LEVEL_RESIDUAL,superset_base_range_close_superset_recent8_median,4478.51093,0.59907,True,True,ROLLING_SOURCE_LEVEL_RESIDUAL,superset_base_source_superset_mean,superset_residual,0.53851,57.0,3.0,50.326529,30.910509,18.416021,level_range_close_family_type,10,43.398359,9.055079,2025-12-24,2.0,True,False,False,True,SELECTOR_WITHIN_3
2025-12-26,2025-12-24,L6,RANGE_NORMAL_60_120,CLOSE_POS_MIDDLE_THIRD,ROWS_SPARSE_1_8,4479.58,PREV_CLOSE_PROXY,,NEUTRAL,4466.22,4458.10375,8.11625,False,4458.10375,8.11625,MODE_C_BALANCED,prior_range_fraction::prev_range_0.125,ORIGINAL_ORACLE_PRESERVED,337,4466.24625,0.02625,True,True,ROLLING_ROW_LEVEL_RESIDUAL,superset_base_rows_original_recent5_median,4462.2875,3.9325,False,True,ROLLING_RANGE_CLOSE_LEVEL_RESIDUAL,original_base_range_close_superset_recent12_median,superset_residual,4.18375,11.0,7.0,50.213197,39.028664,10.184533,level_range_close_family_type,7,45.411364,3.950714,2025-12-24,2.0,True,True,False,True,SELECTOR_WITHIN_5
2025-12-26,2025-12-24,L7,RANGE_NORMAL_60_120,CLOSE_POS_MIDDLE_THIRD,ROWS_SPARSE_1_8,4479.58,PREV_CLOSE_PROXY,,NEUTRAL,4454.16,4431.85375,22.30625,False,4431.85375,22.30625,MODE_C_BALANCED,red_box_quarter::red_box_2_75pct,ORIGINAL_ORACLE_PRESERVED,337,4450.3,3.86,False,True,ROLLING_LEVEL_RESIDUAL,superset_base_level_expanded_recent5_median,4431.990625,22.169375,False,False,ROLLING_LEVEL_RESIDUAL,superset_base_level_superset_median,superset_residual,0.136875,56.0,3.0,50.786417,31.530796,18.255621,level_regime_family_type,3,34.65186,2.26,2025-12-24,2.0,True,False,False,True,SELECTOR_GT10
2025-12-29,2025-12-26,L4,RANGE_NORMAL_60_120,CLOSE_POS_UPPER_THIRD,ROWS_EXTENDED_11_PLUS,4531.0,PREV_CLOSE_PROXY,,NEUTRAL,4530.28,4532.18397,1.90397,True,4532.18397,1.90397,MODE_C_BALANCED,prior_range_fraction::prev_range_0.666667 | green_box_edge::green_edge_1 | prior_range_fraction::prev_range_0.75 | red_box_quarter::red_box_1_25pct,ORIGINAL_ORACLE_PRESERVED,289,4530.369894,0.089894,True,True,ROLLING_RANGE_LEVEL_RESIDUAL,original_base_range_superset_recent5_median,4537.43397,7.15397,False,False,ROLLING_RANGE_CLOSE_LEVEL_RESIDUAL,superset_base_range_close_superset_median,superset_residual,5.25,16.0,5.0,46.922387,34.483087,11.4393,level_range_close_family_type,12,34.058523,9.243281,2025-12-26,3.0,True,False,False,False,SELECTOR_WITHIN_10
2025-12-29,2025-12-26,L5,RANGE_NORMAL_60_120,CLOSE_POS_UPPER_THIRD,ROWS_EXTENDED_11_PLUS,4531.0,PREV_CLOSE_PROXY,,NEUTRAL,4515.32,4516.700625,1.380625,True,4516.700625,1.380625,MODE_E_SPACING_PRESERVATION,prior_hlc::previous_mid | green_box_quarter::green_box_1_75pct,ORIGINAL_ORACLE_PRESERVED,289,4515.187813,0.132187,True,True,ROLLING_LEVEL_RESIDUAL,superset_base_level_superset_recent20_median,4516.343125,1.023125,True,True,ROLLING_RANGE_CLOSE_LEVEL_RESIDUAL,superset_base_range_close_original_q25,original_residual,-0.3575,16.0,5.0,44.973576,32.505522,11.468054,level_range_close_family_type,12,34.058523,9.208941,2025-12-26,3.0,True,False,False,True,SELECTOR_WITHIN_3
2025-12-29,2025-12-26,L6,RANGE_NORMAL_60_120,CLOSE_POS_UPPER_THIRD,ROWS_EXTENDED_11_PLUS,4531.0,PREV_CLOSE_PROXY,,NEUTRAL,4499.26,4505.571105,6.311105,False,4505.571105,6.311105,MODE_E_SPACING_PRESERVATION,prior_range_fraction::prev_range_0.333333 | green_box_midline::green_mid_1 | prior_range_fraction::prev_range_0.382,ORIGINAL_ORACLE_PRESERVED,289,4498.83673,0.42327,True,True,ROLLING_LEVEL_RESIDUAL,superset_base_level_original_q25,4507.191503,7.931503,False,False,ROLLING_RANGE_CLOSE_LEVEL_RESIDUAL,superset_base_range_close_superset_median,superset_residual,1.620398,16.0,5.0,48.230733,35.614308,11.616425,level_family_type,28,35.588068,8.523541,2025-12-26,3.0,True,False,False,False,SELECTOR_WITHIN_10
2025-12-29,2025-12-26,L7,RANGE_NORMAL_60_120,CLOSE_POS_UPPER_THIRD,ROWS_EXTENDED_11_PLUS,4531.0,PREV_CLOSE_PROXY,,NEUTRAL,4482.36,4480.91,1.45,True,4480.91,1.45,MODE_C_BALANCED,prior_hlc::previous_low,ORIGINAL_ORACLE_PRESERVED,289,4482.18,0.18,True,True,ROLLING_RANGE_CLOSE_LEVEL_RESIDUAL,superset_base_range_close_superset_recent12_median,4482.14,0.22,True,True,ROLLING_RANGE_CLOSE_LEVEL_RESIDUAL,superset_base_range_close_superset_median,superset_residual,1.23,13.0,6.0,47.555019,35.770443,10.784576,level_range_close_family_type,9,45.951203,10.30564,2025-12-26,3.0,True,False,False,True,SELECTOR_WITHIN_3
2025-12-30,2025-12-29,L4,RANGE_EXTREME_220_PLUS,CLOSE_POS_LOWER_THIRD,ROWS_STANDARD_9_10,4332.04,PREV_CLOSE_PROXY,,NEUTRAL,4350.13,4441.09,90.96,False,4441.09,90.96,MODE_C_BALANCED,green_box_edge::green_edge_1,ORIGINAL_ORACLE_PRESERVED,193,4433.091771,82.961771,False,False,ROLLING_SOURCE_LEVEL_RESIDUAL,original_base_source_expanded_q25,4448.455402,98.325402,False,False,ROLLING_ROW_LEVEL_RESIDUAL,superset_base_rows_original_mean,original_residual,7.365402,29.0,7.0,38.238499,24.539231,12.699268,level_family_type,45,39.267367,15.361994,2025-12-29,1.0,True,False,False,False,SELECTOR_GT10
2025-12-30,2025-12-29,L5,RANGE_EXTREME_220_PLUS,CLOSE_POS_LOWER_THIRD,ROWS_STANDARD_9_10,4332.04,PREV_CLOSE_PROXY,,NEUTRAL,4329.56,4411.09,81.53,False,4411.09,81.53,MODE_C_BALANCED,red_box_edge::red_edge_1,ORIGINAL_ORACLE_PRESERVED,193,4400.321875,70.761875,False,False,ROLLING_SOURCE_LEVEL_RESIDUAL,superset_base_source_expanded_q25,4410.533468,80.973468,False,False,ROLLING_ROW_LEVEL_RESIDUAL,superset_base_rows_original_mean,original_residual,-0.556532,30.0,7.0,38.912459,24.680918,13.231541,level_family_type,46,38.540194,15.107943,2025-12-29,1.0,True,False,False,True,SELECTOR_GT10
2025-12-30,2025-12-29,L6,RANGE_EXTREME_220_PLUS,CLOSE_POS_LOWER_THIRD,ROWS_STANDARD_9_10,4332.04,PREV_CLOSE_PROXY,,NEUTRAL,4312.71,4384.883251,72.173251,False,4384.883251,72.173251,MODE_C_BALANCED,prior_range_fraction::prev_range_0.333333,ORIGINAL_ORACLE_PRESERVED,193,4372.3319,59.6219,False,False,ROLLING_SOURCE_LEVEL_RESIDUAL,superset_base_source_expanded_q25,4383.277173,70.567173,False,False,ROLLING_ROW_LEVEL_RESIDUAL,superset_base_rows_original_mean,original_residual,-1.606078,30.0,7.0,36.086012,21.905688,13.180323,level_family_type,46,36.688342,15.780963,2025-12-29,1.0,True,False,False,True,SELECTOR_GT10
2025-12-30,2025-12-29,L7,RANGE_EXTREME_220_PLUS,CLOSE_POS_LOWER_THIRD,ROWS_STANDARD_9_10,4332.04,PREV_CLOSE_PROXY,,NEUTRAL,4296.74,4364.28,67.54,False,4364.28,67.54,MODE_C_BALANCED,prior_range_fraction::prev_range_0.25,ORIGINAL_ORACLE_PRESERVED,193,4339.571592,42.831592,False,False,ROLLING_ROW_LEVEL_RESIDUAL,superset_base_rows_expanded_q25,4364.371875,67.631875,False,False,ROLLING_ROW_LEVEL_RESIDUAL,superset_base_rows_original_median,original_residual,0.091875,30.0,7.0,39.301983,24.867767,13.434216,level_family_type,43,44.728832,16.452024,2025-12-29,1.0,True,False,False,False,SELECTOR_GT10
2026-01-01,2025-12-31,L4,RANGE_NORMAL_60_120,CLOSE_POS_MIDDLE_THIRD,ROWS_STANDARD_9_10,4318.87,PREV_CLOSE_PROXY,,NEUTRAL,4359.13,4372.0925,12.9625,False,4372.0925,12.9625,MODE_C_BALANCED,green_box_midline::green_mid_2 | prior_hlc::previous_high,ORIGINAL_ORACLE_PRESERVED,337,4363.994341,4.864341,False,True,ROLLING_SOURCE_LEVEL_RESIDUAL,original_base_source_expanded_q25,4373.945082,14.815082,False,False,ROLLING_RANGE_LEVEL_RESIDUAL,superset_base_range_original_mean,original_residual,1.852582,35.0,3.0,48.052278,32.900384,14.151894,level_range_close_family,528,39.330542,8.070166,2025-12-30,2.0,True,False,False,False,SELECTOR_GT10
2026-01-01,2025-12-31,L5,RANGE_NORMAL_60_120,CLOSE_POS_MIDDLE_THIRD,ROWS_STANDARD_9_10,4318.87,PREV_CLOSE_PROXY,,NEUTRAL,4342.0,4337.915543,4.084457,True,4337.915543,4.084457,MODE_C_BALANCED,prior_range_fraction::prev_range_0.618 | green_box_edge::green_edge_1 | prior_range_fraction::prev_range_0.666667,ORIGINAL_ORACLE_PRESERVED,337,4341.765543,0.234457,True,True,ROLLING_LEVEL_RESIDUAL,original_base_level_expanded_median,4335.335543,6.664457,False,False,ROLLING_RANGE_CLOSE_LEVEL_RESIDUAL,superset_base_range_close_superset_q25,superset_residual,-2.58,12.0,6.0,48.353445,37.119749,10.233696,level_regime_family_type,4,40.097538,3.712682,2025-12-30,2.0,True,False,False,False,SELECTOR_WITHIN_10
2026-01-01,2025-12-31,L6,RANGE_NORMAL_60_120,CLOSE_POS_MIDDLE_THIRD,ROWS_STANDARD_9_10,4318.87,PREV_CLOSE_PROXY,,NEUTRAL,4324.37,4309.50864,14.86136,False,4309.50864,14.86136,MODE_C_BALANCED,green_box_midline::green_mid_1 | red_box_edge::red_edge_1 | prior_range_fraction::prev_range_0.382,ORIGINAL_ORACLE_PRESERVED,337,4323.56989,0.80011,True,True,ROLLING_RANGE_CLOSE_LEVEL_RESIDUAL,original_base_range_close_expanded_q75,4316.967703,7.402297,False,False,ROLLING_RANGE_CLOSE_LEVEL_RESIDUAL,original_base_range_close_superset_q75,superset_residual,7.459062,12.0,6.0,53.185633,42.190035,9.995598,level_range_close_family_type,8,55.073153,3.421094,2025-12-30,2.0,True,False,False,True,SELECTOR_WITHIN_10
2026-01-01,2025-12-31,L7,RANGE_NORMAL_60_120,CLOSE_POS_MIDDLE_THIRD,ROWS_STANDARD_9_10,4318.87,PREV_CLOSE_PROXY,,NEUTRAL,4308.35,4292.8225,15.5275,False,4292.8225,15.5275,MODE_C_BALANCED,red_box_quarter::red_box_2_25pct,ORIGINAL_ORACLE_PRESERVED,337,4308.1925,0.1575,True,True,ROLLING_REGIME_LEVEL_RESIDUAL,original_base_regime_expanded_recent12_median,4298.885052,9.464948,False,False,ROLLING_RANGE_CLOSE_LEVEL_RESIDUAL,original_base_range_close_superset_mean,superset_residual,6.062552,12.0,6.0,47.905235,36.811488,10.093747,level_range_close_family_type,8,36.323153,6.694921,2025-12-30,2.0,True,False,False,True,SELECTOR_WITHIN_10
2026-01-02,2025-12-31,L4,RANGE_NORMAL_60_120,CLOSE_POS_MIDDLE_THIRD,ROWS_STANDARD_9_10,4318.87,PREV_CLOSE_PROXY,,NEUTRAL,4376.66,4372.0925,4.5675,True,4372.0925,4.5675,MODE_C_BALANCED,green_box_midline::green_mid_2 | prior_hlc::previous_high,ORIGINAL_ORACLE_PRESERVED,337,4376.528437,0.131563,True,True,ROLLING_RANGE_CLOSE_LEVEL_RESIDUAL,superset_base_range_close_original_recent12_median,4380.46875,3.80875,False,True,ROLLING_SOURCE_LEVEL_RESIDUAL,original_base_source_expanded_median,expanded_residual,8.37625,51.0,1.0,43.135768,23.915429,18.220339,level_range_close_family_type,12,44.058523,8.011741,2026-01-01,1.0,True,False,False,True,SELECTOR_WITHIN_5
2026-01-02,2025-12-31,L5,RANGE_NORMAL_60_120,CLOSE_POS_MIDDLE_THIRD,ROWS_STANDARD_9_10,4318.87,PREV_CLOSE_PROXY,,NEUTRAL,4352.91,4338.27136,14.63864,False,4338.27136,14.63864,MODE_C_BALANCED,prior_range_fraction::prev_range_0.618 | green_box_edge::green_edge_1 | red_box_midline::red_mid_1,ORIGINAL_ORACLE_PRESERVED,337,4355.888235,2.978235,True,True,ROLLING_LEVEL_RESIDUAL,original_base_level_expanded_q75,4337.500975,15.409025,False,False,ROLLING_SOURCE_LEVEL_RESIDUAL,superset_base_source_superset_mean,superset_residual,-0.770385,61.0,1.0,54.164549,34.708044,18.456505,level_range_close_family_type,12,49.058523,8.007135,2026-01-01,1.0,True,False,False,False,SELECTOR_GT10
2026-01-02,2025-12-31,L6,RANGE_NORMAL_60_120,CLOSE_POS_MIDDLE_THIRD,ROWS_STANDARD_9_10,4318.87,PREV_CLOSE_PROXY,,NEUTRAL,4330.45,4323.89,6.56,False,4323.89,6.56,MODE_C_BALANCED,prior_hlc::previous_mid,ORIGINAL_ORACLE_PRESERVED,337,4330.470456,0.020456,True,True,ROLLING_RANGE_CLOSE_LEVEL_RESIDUAL,original_base_range_close_expanded_mean,4337.709375,7.259375,False,False,ROLLING_RANGE_CLOSE_LEVEL_RESIDUAL,original_base_range_close_expanded_recent8_median,expanded_residual,13.819375,8.0,1.0,52.949787,42.950072,8.999714,level_range_close_family_type,9,51.833556,3.108901,2026-01-01,1.0,True,False,False,False,SELECTOR_WITHIN_10
2026-01-02,2025-12-31,L7,RANGE_NORMAL_60_120,CLOSE_POS_MIDDLE_THIRD,ROWS_STANDARD_9_10,4318.87,PREV_CLOSE_PROXY,,NEUTRAL,4308.24,4308.89,0.65,True,4308.89,0.65,MODE_B_EMA_CHANNEL_DIRECTION_HEAVY,red_box_edge::red_edge_1,ORIGINAL_ORACLE_PRESERVED,337,4308.13625,0.10375,True,True,ROLLING_REGIME_LEVEL_RESIDUAL,superset_base_regime_original_q25,4315.680625,7.440625,False,False,ROLLING_RANGE_CLOSE_LEVEL_RESIDUAL,original_base_range_close_superset_mean,superset_residual,6.790625,13.0,1.0,46.949015,35.486298,10.462718,level_range_close_family_type,9,34.186497,7.002701,2026-01-01,1.0,True,False,False,False,SELECTOR_WITHIN_10
2026-01-05,2026-01-02,L4,RANGE_NORMAL_60_120,CLOSE_POS_LOWER_THIRD,ROWS_STANDARD_9_10,4332.72,PREV_CLOSE_PROXY,,NEUTRAL,4375.02,4355.89875,19.12125,False,4355.89875,19.12125,MODE_B_EMA_CHANNEL_DIRECTION_HEAVY,green_box_quarter::green_box_1_75pct,ORIGINAL_ORACLE_PRESERVED,289,4378.423101,3.403101,False,True,ROLLING_LEVEL_RESIDUAL,superset_base_level_expanded_q75,4356.006495,19.013505,False,False,ROLLING_RANGE_CLOSE_LEVEL_RESIDUAL,superset_base_range_close_original_recent8_median,original_residual,0.107745,6.0,20.0,42.226515,32.554773,8.671742,level_family_type,30,41.609749,9.29757,2026-01-02,3.0,True,False,False,True,SELECTOR_GT10
2026-01-05,2026-01-02,L5,RANGE_NORMAL_60_120,CLOSE_POS_LOWER_THIRD,ROWS_STANDARD_9_10,4332.72,PREV_CLOSE_PROXY,,NEUTRAL,4350.66,4340.6025,10.0575,False,4340.6025,10.0575,MODE_C_BALANCED,green_box_midline::green_mid_1,ORIGINAL_ORACLE_PRESERVED,289,4350.294375,0.365625,True,True,ROLLING_SOURCE_LEVEL_RESIDUAL,original_base_source_superset_q75,4340.080648,10.579352,False,False,ROLLING_SOURCE_LEVEL_RESIDUAL,superset_base_source_superset_mean,superset_residual,-0.521852,62.0,3.0,36.805555,17.388722,18.416834,level_family_type,58,37.593492,17.662272,2026-01-02,3.0,True,False,False,False,SELECTOR_GT10
2026-01-05,2026-01-02,L6,RANGE_NORMAL_60_120,CLOSE_POS_LOWER_THIRD,ROWS_STANDARD_9_10,4332.72,PREV_CLOSE_PROXY,,NEUTRAL,4326.31,4325.30625,1.00375,True,4325.30625,1.00375,MODE_C_BALANCED,green_box_quarter::green_box_1_25pct,ORIGINAL_ORACLE_PRESERVED,289,4326.480122,0.170122,True,True,ROLLING_LEVEL_RESIDUAL,superset_base_level_expanded_mean,4325.326721,0.983279,True,True,ROLLING_LEVEL_RESIDUAL,superset_base_level_original_mean,original_residual,0.020471,64.0,3.0,39.677812,20.596511,18.081301,level_family_type,59,31.062246,17.746534,2026-01-02,3.0,True,False,False,True,SELECTOR_WITHIN_3
2026-01-05,2026-01-02,L7,RANGE_NORMAL_60_120,CLOSE_POS_LOWER_THIRD,ROWS_STANDARD_9_10,4332.72,PREV_CLOSE_PROXY,,NEUTRAL,4303.29,4310.01,6.72,False,4310.01,6.72,MODE_B_EMA_CHANNEL_DIRECTION_HEAVY,prior_hlc::previous_low,ORIGINAL_ORACLE_PRESERVED,289,4303.051563,0.238437,True,True,ROLLING_RANGE_LEVEL_RESIDUAL,superset_base_range_expanded_q25,4309.84125,6.55125,False,False,ROLLING_ROW_LEVEL_RESIDUAL,superset_base_rows_original_median,original_residual,-0.16875,33.0,3.0,45.687746,30.553681,14.134065,level_family_type,46,44.095749,17.206675,2026-01-02,3.0,True,False,False,True,SELECTOR_WITHIN_10
2026-01-06,2026-01-05,L4,RANGE_NORMAL_60_120,CLOSE_POS_UPPER_THIRD,ROWS_STANDARD_9_10,4448.89,PREV_CLOSE_PROXY,,NEUTRAL,4459.82,4455.78,4.04,True,4455.78,4.04,MODE_B_EMA_CHANNEL_DIRECTION_HEAVY,prior_hlc::previous_high,ORIGINAL_ORACLE_PRESERVED,337,4459.8213,0.0013,True,True,ROLLING_ROW_LEVEL_RESIDUAL,superset_base_rows_original_mean,4460.359087,0.539087,True,True,ROLLING_REGIME_LEVEL_RESIDUAL,superset_base_regime_superset_mean,superset_residual,4.579087,13.0,14.0,47.30795,36.374009,9.933941,level_regime_family_type,10,37.842803,7.805538,2026-01-05,1.0,True,False,True,True,SELECTOR_WITHIN_3
2026-01-06,2026-01-05,L5,RANGE_NORMAL_60_120,CLOSE_POS_UPPER_THIRD,ROWS_STANDARD_9_10,4448.89,PREV_CLOSE_PROXY,,NEUTRAL,4437.39,4439.9225,2.5325,True,4439.9225,2.5325,MODE_D_NEAREST_VALID_LADDER,red_box_quarter::red_box_1_25pct | prior_range_fraction::prev_range_0.875,ORIGINAL_ORACLE_PRESERVED,337,4437.1675,0.2225,True,True,ROLLING_RANGE_LEVEL_RESIDUAL,superset_base_range_original_q25,4439.568574,2.178574,True,True,ROLLING_SOURCE_LEVEL_RESIDUAL,superset_base_source_superset_mean,superset_residual,-0.353926,63.0,1.0,47.411079,27.93425,18.476828,level_range_close_family,720,30.468641,10.585239,2026-01-05,1.0,True,False,False,True,SELECTOR_WITHIN_3
2026-01-06,2026-01-05,L6,RANGE_NORMAL_60_120,CLOSE_POS_UPPER_THIRD,ROWS_STANDARD_9_10,4448.89,PREV_CLOSE_PROXY,,NEUTRAL,4417.98,4420.315,2.335,True,4420.315,2.335,MODE_D_NEAREST_VALID_LADDER,red_box_midline::red_mid_1,ORIGINAL_ORACLE_PRESERVED,337,4417.434692,0.545308,True,True,ROLLING_ROW_LEVEL_RESIDUAL,superset_base_rows_original_mean,4420.207632,2.227632,True,True,ROLLING_SOURCE_LEVEL_RESIDUAL,superset_base_source_superset_mean,superset_residual,-0.107368,56.0,1.0,48.058981,28.57012,18.48886,level_regime_family_type,13,46.722403,7.71352,2026-01-05,1.0,True,False,False,True,SELECTOR_WITHIN_3
2026-01-06,2026-01-05,L7,RANGE_NORMAL_60_120,CLOSE_POS_UPPER_THIRD,ROWS_STANDARD_9_10,4448.89,PREV_CLOSE_PROXY,,NEUTRAL,4398.56,4385.75026,12.80974,False,4385.75026,12.80974,MODE_C_BALANCED,red_box_edge::red_edge_1 | prior_range_fraction::prev_range_0.382,ORIGINAL_ORACLE_PRESERVED,337,4398.070572,0.489428,True,True,ROLLING_SOURCE_LEVEL_RESIDUAL,original_base_source_superset_q75,4387.02026,11.53974,False,False,ROLLING_RANGE_CLOSE_LEVEL_RESIDUAL,superset_base_range_close_superset_median,superset_residual,1.27,14.0,8.0,54.67824,42.672416,11.005824,level_range_close_family,480,54.879448,10.324095,2026-01-05,1.0,True,False,False,True,SELECTOR_GT10
2026-01-07,2026-01-06,L4,RANGE_NORMAL_60_120,CLOSE_POS_UPPER_THIRD,ROWS_STANDARD_9_10,4494.54,PREV_CLOSE_PROXY,,NEUTRAL,4510.43,4514.9625,4.5325,True,4514.9625,4.5325,MODE_B_EMA_CHANNEL_DIRECTION_HEAVY,green_box_quarter::green_box_2_75pct,ORIGINAL_ORACLE_PRESERVED,337,4510.093899,0.336101,True,True,ROLLING_LEVEL_RESIDUAL,superset_base_level_superset_q25,4520.2125,9.7825,False,False,ROLLING_REGIME_LEVEL_RESIDUAL,superset_base_regime_superset_median,superset_residual,5.25,14.0,1.0,50.841404,39.148504,10.6929,level_regime_family_type,11,41.114235,6.804773,2026-01-06,1.0,True,False,False,False,SELECTOR_WITHIN_10
2026-01-07,2026-01-06,L5,RANGE_NORMAL_60_120,CLOSE_POS_UPPER_THIRD,ROWS_STANDARD_9_10,4494.54,PREV_CLOSE_PROXY,,NEUTRAL,4491.87,4486.8375,5.0325,False,4486.8375,5.0325,MODE_D_NEAREST_VALID_LADDER,red_box_quarter::red_box_1_25pct | prior_range_fraction::prev_range_0.875,ORIGINAL_ORACLE_PRESERVED,337,4492.002291,0.132292,True,True,ROLLING_LEVEL_RESIDUAL,original_base_level_expanded_median,4484.578125,7.291875,False,False,ROLLING_RANGE_CLOSE_LEVEL_RESIDUAL,superset_base_range_close_superset_q25,superset_residual,-2.259375,18.0,1.0,48.821449,35.792607,12.028843,level_range_close_family_type,14,40.053203,8.033345,2026-01-06,1.0,True,False,False,False,SELECTOR_WITHIN_10
2026-01-07,2026-01-06,L6,RANGE_NORMAL_60_120,CLOSE_POS_UPPER_THIRD,ROWS_STANDARD_9_10,4494.54,PREV_CLOSE_PROXY,,NEUTRAL,4475.3,4474.16669,1.13331,True,4474.16669,1.13331,MODE_D_NEAREST_VALID_LADDER,prior_range_fraction::prev_range_0.666667,ORIGINAL_ORACLE_PRESERVED,337,4475.382315,0.082315,True,True,ROLLING_LEVEL_RESIDUAL,superset_base_level_superset_median,4474.020241,1.279759,True,True,ROLLING_SOURCE_LEVEL_RESIDUAL,superset_base_source_superset_mean,superset_residual,-0.146449,57.0,1.0,50.694018,31.207065,18.486953,level_regime_family_type,14,49.144112,7.321671,2026-01-06,1.0,True,False,False,False,SELECTOR_WITHIN_3
2026-01-07,2026-01-06,L7,RANGE_NORMAL_60_120,CLOSE_POS_UPPER_THIRD,ROWS_STANDARD_9_10,4494.54,PREV_CLOSE_PROXY,,NEUTRAL,4455.74,4462.53,6.79,False,4462.53,6.79,MODE_A_LIVE_PROXIMITY_HEAVY,prior_hlc::previous_mid,ORIGINAL_ORACLE_PRESERVED,337,4455.81,0.07,True,True,ROLLING_RANGE_LEVEL_RESIDUAL,superset_base_range_expanded_q25,4463.84,8.1,False,False,ROLLING_RANGE_CLOSE_LEVEL_RESIDUAL,superset_base_range_close_superset_median,superset_residual,1.31,15.0,1.0,51.48588,39.025708,11.460172,level_range_close_family_type,11,46.377392,9.500955,2026-01-06,1.0,True,False,False,False,SELECTOR_WITHIN_10
2026-01-08,2026-01-07,L4,RANGE_NORMAL_60_120,CLOSE_POS_MIDDLE_THIRD,ROWS_STANDARD_9_10,4456.36,PREV_CLOSE_PROXY,,NEUTRAL,4494.25,4490.95375,3.29625,True,4490.95375,3.29625,MODE_C_BALANCED,prior_range_fraction::prev_range_0.875,ORIGINAL_ORACLE_PRESERVED,337,4494.04399,0.20601,True,True,ROLLING_SOURCE_LEVEL_RESIDUAL,superset_base_source_superset_mean,4494.751762,0.501762,True,True,ROLLING_RANGE_CLOSE_LEVEL_RESIDUAL,superset_base_range_close_superset_mean,superset_residual,3.798012,14.0,6.0,48.569487,36.81523,10.754257,level_range_close_family_type,10,37.842803,7.363214,2026-01-07,1.0,True,False,True,True,SELECTOR_WITHIN_3
2026-01-08,2026-01-07,L5,RANGE_NORMAL_60_120,CLOSE_POS_MIDDLE_THIRD,ROWS_STANDARD_9_10,4456.36,PREV_CLOSE_PROXY,,NEUTRAL,4477.38,4474.09331,3.28669,True,4474.09331,3.28669,MODE_C_BALANCED,prior_range_fraction::prev_range_0.618 | red_box_midline::red_mid_1 | green_box_edge::green_edge_1,ORIGINAL_ORACLE_PRESERVED,337,4477.38456,0.00456,True,True,ROLLING_RANGE_CLOSE_LEVEL_RESIDUAL,superset_base_range_close_superset_median,4473.788735,3.591265,False,True,ROLLING_SOURCE_LEVEL_RESIDUAL,superset_base_source_superset_mean,superset_residual,-0.304575,65.0,1.0,54.061097,34.58186,18.479237,level_range_close_family_type,13,46.722403,8.576511,2026-01-07,1.0,True,False,False,False,SELECTOR_WITHIN_5
2026-01-08,2026-01-07,L6,RANGE_NORMAL_60_120,CLOSE_POS_MIDDLE_THIRD,ROWS_STANDARD_9_10,4456.36,PREV_CLOSE_PROXY,,NEUTRAL,4457.79,4462.045,4.255,True,4462.045,4.255,MODE_C_BALANCED,prior_hlc::previous_mid,ORIGINAL_ORACLE_PRESERVED,337,4458.109804,0.319804,True,True,ROLLING_ROW_LEVEL_RESIDUAL,superset_base_rows_superset_mean,4469.942187,12.152187,False,False,ROLLING_RANGE_CLOSE_LEVEL_RESIDUAL,original_base_range_close_superset_q75,superset_residual,7.897187,14.0,6.0,58.974674,47.450457,10.524217,level_range_close_family_type,10,54.50947,3.63273,2026-01-07,1.0,True,False,False,False,SELECTOR_GT10
2026-01-08,2026-01-07,L7,RANGE_NORMAL_60_120,CLOSE_POS_MIDDLE_THIRD,ROWS_STANDARD_9_10,4456.36,PREV_CLOSE_PROXY,,NEUTRAL,4438.21,4433.65875,4.55125,True,4433.65875,4.55125,MODE_C_BALANCED,red_box_quarter::red_box_2_25pct,ORIGINAL_ORACLE_PRESERVED,337,4438.241493,0.031493,True,True,ROLLING_RANGE_LEVEL_RESIDUAL,original_base_range_superset_mean,4433.404375,4.805625,False,True,ROLLING_ROW_LEVEL_RESIDUAL,superset_base_rows_original_median,original_residual,-0.254375,36.0,1.0,49.568487,33.7868,14.781687,level_regime_family_type,7,38.744697,6.925893,2026-01-07,1.0,True,False,False,False,SELECTOR_WITHIN_5
2026-01-09,2026-01-08,L4,RANGE_NORMAL_60_120,CLOSE_POS_UPPER_THIRD,ROWS_STANDARD_9_10,4477.28,PREV_CLOSE_PROXY,,NEUTRAL,4487.52,4479.44,8.08,False,4479.44,8.08,MODE_C_BALANCED,prior_hlc::previous_high,ORIGINAL_ORACLE_PRESERVED,337,4487.43625,0.08375,True,True,ROLLING_RANGE_LEVEL_RESIDUAL,original_base_range_superset_q75,4482.931732,4.588268,False,True,ROLLING_RANGE_CLOSE_LEVEL_RESIDUAL,superset_base_range_close_superset_mean,superset_residual,3.491732,19.0,2.0,53.125897,39.878093,12.247803,level_regime_family_type,13,41.960498,8.504384,2026-01-08,1.0,True,True,False,True,SELECTOR_WITHIN_5
2026-01-09,2026-01-08,L5,RANGE_NORMAL_60_120,CLOSE_POS_UPPER_THIRD,ROWS_STANDARD_9_10,4477.28,PREV_CLOSE_PROXY,,NEUTRAL,4468.29,4469.02,0.73,True,4469.02,0.73,MODE_C_BALANCED,red_box_quarter::red_box_1_25pct | green_box_quarter::green_box_2_25pct,ORIGINAL_ORACLE_PRESERVED,337,4468.301667,0.011667,True,True,ROLLING_REGIME_LEVEL_RESIDUAL,original_base_regime_superset_q25,4468.991737,0.701737,True,True,ROLLING_LEVEL_RESIDUAL,original_base_level_original_mean,original_residual,-0.028263,68.0,1.0,53.906345,34.818624,18.087721,level_range_close_family_type,18,37.737325,7.729381,2026-01-08,1.0,True,False,False,True,SELECTOR_WITHIN_3
2026-01-09,2026-01-08,L6,RANGE_NORMAL_60_120,CLOSE_POS_UPPER_THIRD,ROWS_STANDARD_9_10,4477.28,PREV_CLOSE_PROXY,,NEUTRAL,4447.13,4444.472112,2.657888,True,4443.6,3.53,MODE_C_BALANCED,red_box_quarter::red_box_1_75pct | green_box_quarter::green_box_1_75pct,EXPANDED_ORACLE_BETTER,338,4447.159804,0.029804,True,True,ROLLING_RANGE_LEVEL_RESIDUAL,superset_base_range_superset_mean,4443.870158,3.259842,False,True,ROLLING_LEVEL_RESIDUAL,superset_base_level_superset_mean,superset_residual,-0.601954,68.0,1.0,52.554776,33.448725,18.106052,level_regime_family_type,15,47.007411,7.195338,2026-01-08,1.0,True,False,False,False,SELECTOR_WITHIN_5
2026-01-09,2026-01-08,L7,RANGE_NORMAL_60_120,CLOSE_POS_UPPER_THIRD,ROWS_STANDARD_9_10,4477.28,PREV_CLOSE_PROXY,,NEUTRAL,4426.62,4428.6,1.98,True,4428.6,1.98,MODE_C_BALANCED,red_box_edge::red_edge_1,ORIGINAL_ORACLE_PRESERVED,337,4426.865,0.245,True,True,ROLLING_RANGE_LEVEL_RESIDUAL,superset_base_range_superset_q25,4429.87,3.25,False,True,ROLLING_RANGE_CLOSE_LEVEL_RESIDUAL,superset_base_range_close_superset_median,superset_residual,1.27,16.0,2.0,54.267457,41.556233,11.711224,level_range_close_family_type,12,44.058523,9.384208,2026-01-08,1.0,True,False,False,False,SELECTOR_WITHIN_5
2026-01-12,2026-01-09,L4,RANGE_NORMAL_60_120,CLOSE_POS_UPPER_THIRD,ROWS_STANDARD_9_10,4509.3,PREV_CLOSE_PROXY,,NEUTRAL,4544.9,4523.6025,21.2975,False,4523.6025,21.2975,MODE_D_NEAREST_VALID_LADDER,green_box_midline::green_mid_2,ORIGINAL_ORACLE_PRESERVED,337,4543.186827,1.713173,True,True,ROLLING_LEVEL_RESIDUAL,superset_base_level_expanded_q75,4528.8525,16.0475,False,False,ROLLING_REGIME_LEVEL_RESIDUAL,superset_base_regime_superset_median,superset_residual,5.25,16.0,3.0,55.145851,42.954751,11.1911,level_regime_family_type,13,41.960498,6.746346,2026-01-09,3.0,True,False,False,True,SELECTOR_GT10
2026-01-12,2026-01-09,L5,RANGE_NORMAL_60_120,CLOSE_POS_UPPER_THIRD,ROWS_STANDARD_9_10,4509.3,PREV_CLOSE_PROXY,,NEUTRAL,4528.66,4523.6025,5.0575,False,4523.6025,5.0575,MODE_D_NEAREST_VALID_LADDER,green_box_midline::green_mid_2,ORIGINAL_ORACLE_PRESERVED,337,4528.494911,0.165089,True,True,ROLLING_RANGE_CLOSE_LEVEL_RESIDUAL,original_base_range_close_expanded_mean,4525.763229,2.896771,True,True,ROLLING_RANGE_CLOSE_LEVEL_RESIDUAL,original_base_range_close_superset_mean,superset_residual,2.160729,20.0,3.0,55.784587,42.22273,12.561856,level_family_type,36,42.753874,7.855872,2026-01-09,3.0,True,True,True,True,SELECTOR_WITHIN_3
2026-01-12,2026-01-09,L6,RANGE_NORMAL_60_120,CLOSE_POS_UPPER_THIRD,ROWS_STANDARD_9_10,4509.3,PREV_CLOSE_PROXY,,NEUTRAL,4511.6,4495.753355,15.846645,False,4495.753355,15.846645,MODE_D_NEAREST_VALID_LADDER,prior_range_fraction::prev_range_0.666667,ORIGINAL_ORACLE_PRESERVED,337,4512.384605,0.784605,True,True,ROLLING_SOURCE_LEVEL_RESIDUAL,superset_base_source_expanded_recent5_median,4497.10376,14.49624,False,False,ROLLING_RANGE_CLOSE_LEVEL_RESIDUAL,superset_base_range_close_superset_median,superset_residual,1.350405,20.0,3.0,56.388566,42.607165,12.7814,level_regime_family_type,14,40.053203,7.539466,2026-01-09,3.0,True,False,False,True,SELECTOR_GT10
2026-01-12,2026-01-09,L7,RANGE_NORMAL_60_120,CLOSE_POS_UPPER_THIRD,ROWS_STANDARD_9_10,4509.3,PREV_CLOSE_PROXY,,NEUTRAL,4491.48,4485.730625,5.749375,False,4485.055,6.425,MODE_C_BALANCED,prior_hlc::previous_mid,EXPANDED_ORACLE_BETTER,290,4491.49717,0.01717,True,True,ROLLING_RANGE_LEVEL_RESIDUAL,superset_base_range_expanded_mean,4485.8675,5.6125,False,False,ROLLING_LEVEL_RESIDUAL,superset_base_level_superset_median,superset_residual,0.136875,66.0,3.0,58.752608,39.49969,18.252918,level_regime_family_type,16,45.048769,8.931906,2026-01-09,3.0,True,False,False,True,SELECTOR_WITHIN_10
2026-01-13,2026-01-12,L4,RANGE_NORMAL_60_120,CLOSE_POS_UPPER_THIRD,ROWS_SPARSE_1_8,4597.38,PREV_CLOSE_PROXY,,NEUTRAL,4600.74,4599.07625,1.66375,True,4599.07625,1.66375,MODE_C_BALANCED,prior_hlc::previous_close | prior_range_fraction::prev_range_0.75,ORIGINAL_ORACLE_PRESERVED,337,4600.144265,0.595735,True,True,ROLLING_RANGE_CLOSE_LEVEL_RESIDUAL,superset_base_range_close_original_recent8_median,4602.507096,1.767096,True,True,ROLLING_LEVEL_RESIDUAL,superset_base_level_superset_mean,superset_residual,3.430846,68.0,1.0,47.707424,28.74075,17.966675,level_range_close_family_type,20,42.184659,7.875845,2026-01-12,1.0,True,False,False,False,SELECTOR_WITHIN_3
2026-01-13,2026-01-12,L5,RANGE_NORMAL_60_120,CLOSE_POS_UPPER_THIRD,ROWS_SPARSE_1_8,4597.38,PREV_CLOSE_PROXY,,NEUTRAL,4572.9,4574.79375,1.89375,True,4574.79375,1.89375,MODE_C_BALANCED,red_box_quarter::red_box_1_75pct,ORIGINAL_ORACLE_PRESERVED,337,4573.35375,0.45375,True,True,ROLLING_RANGE_CLOSE_LEVEL_RESIDUAL,superset_base_range_close_superset_q25,4578.175556,5.275556,False,False,ROLLING_RANGE_LEVEL_RESIDUAL,original_base_range_original_mean,original_residual,3.381806,44.0,1.0,57.530881,40.646813,15.884068,level_range_close_family_type,18,41.583479,7.396143,2026-01-12,1.0,True,False,False,False,SELECTOR_WITHIN_10
2026-01-13,2026-01-12,L6,RANGE_NORMAL_60_120,CLOSE_POS_UPPER_THIRD,ROWS_SPARSE_1_8,4597.38,PREV_CLOSE_PROXY,,NEUTRAL,4546.29,4549.3575,3.0675,True,4549.3575,3.0675,MODE_C_BALANCED,green_box_midline::green_mid_1,ORIGINAL_ORACLE_PRESERVED,337,4546.179792,0.110208,True,True,ROLLING_REGIME_LEVEL_RESIDUAL,original_base_regime_superset_mean,4549.037095,2.747095,True,True,ROLLING_LEVEL_RESIDUAL,superset_base_level_superset_mean,superset_residual,-0.320405,70.0,1.0,51.014339,31.895874,18.118464,level_range_close_family_type,20,45.756088,7.479905,2026-01-12,1.0,True,False,True,True,SELECTOR_WITHIN_3
2026-01-13,2026-01-12,L7,RANGE_NORMAL_60_120,CLOSE_POS_UPPER_THIRD,ROWS_SPARSE_1_8,4597.38,PREV_CLOSE_PROXY,,NEUTRAL,4518.09,4512.4,5.69,False,4512.4,5.69,MODE_B_EMA_CHANNEL_DIRECTION_HEAVY,prior_hlc::previous_low,ORIGINAL_ORACLE_PRESERVED,289,4518.099062,0.009062,True,True,ROLLING_LEVEL_RESIDUAL,original_base_level_expanded_recent20_median,4513.67,4.42,False,True,ROLLING_RANGE_CLOSE_LEVEL_RESIDUAL,superset_base_range_close_superset_median,superset_residual,1.27,18.0,1.0,56.301816,43.014692,12.287124,level_range_close_family_type,14,49.144112,8.598562,2026-01-12,1.0,True,True,False,True,SELECTOR_WITHIN_5
2026-01-14,2026-01-13,L4,RANGE_NORMAL_60_120,CLOSE_POS_LOWER_THIRD,ROWS_STANDARD_9_10,4586.3,PREV_CLOSE_PROXY,,NEUTRAL,4597.86,4605.32625,7.46625,False,4605.32625,7.46625,MODE_C_BALANCED,green_box_quarter::green_box_1_75pct,ORIGINAL_ORACLE_PRESERVED,289,4598.403385,0.543386,True,True,ROLLING_SOURCE_LEVEL_RESIDUAL,original_base_source_expanded_q25,4609.682675,11.822675,False,False,ROLLING_ROW_LEVEL_RESIDUAL,superset_base_rows_original_mean,original_residual,4.356425,38.0,2.0,43.438058,27.662451,14.775606,level_family_type,55,40.97096,15.548888,2026-01-13,1.0,True,False,False,False,SELECTOR_GT10
2026-01-14,2026-01-13,L5,RANGE_NORMAL_60_120,CLOSE_POS_LOWER_THIRD,ROWS_STANDARD_9_10,4586.3,PREV_CLOSE_PROXY,,NEUTRAL,4575.27,4595.177084,19.907084,False,4595.177084,19.907084,MODE_C_BALANCED,green_box_midline::green_mid_1 | prior_hlc::previous_pivot_hlc3,ORIGINAL_ORACLE_PRESERVED,289,4581.19349,5.92349,False,False,ROLLING_RANGE_CLOSE_LEVEL_RESIDUAL,superset_base_range_close_superset_q25,4601.010209,25.740209,False,False,ROLLING_RANGE_CLOSE_LEVEL_RESIDUAL,original_base_range_close_superset_mean,superset_residual,5.833125,8.0,9.0,46.619976,36.692732,8.927243,level_family_type,38,45.242836,7.628962,2026-01-13,1.0,True,False,False,False,SELECTOR_GT10
2026-01-14,2026-01-13,L6,RANGE_NORMAL_60_120,CLOSE_POS_LOWER_THIRD,ROWS_STANDARD_9_10,4586.3,PREV_CLOSE_PROXY,,NEUTRAL,4546.5,4575.32625,28.82625,False,4575.32625,28.82625,MODE_C_BALANCED,red_box_quarter::red_box_2_25pct,ORIGINAL_ORACLE_PRESERVED,289,4559.507031,13.007031,False,False,ROLLING_RANGE_CLOSE_LEVEL_RESIDUAL,superset_base_range_close_expanded_q25,4576.999546,30.499546,False,False,ROLLING_ROW_LEVEL_RESIDUAL,superset_base_rows_original_median,original_residual,1.673296,39.0,2.0,44.403297,28.116754,15.286543,level_family_type,56,37.205788,14.477173,2026-01-13,1.0,True,False,False,False,SELECTOR_GT10
2026-01-14,2026-01-13,L7,RANGE_NORMAL_60_120,CLOSE_POS_LOWER_THIRD,ROWS_STANDARD_9_10,4586.3,PREV_CLOSE_PROXY,,NEUTRAL,4519.14,4569.72,50.58,False,4569.72,50.58,MODE_C_BALANCED,prior_hlc::previous_low,ORIGINAL_ORACLE_PRESERVED,289,4549.004279,29.864279,False,False,ROLLING_ROW_LEVEL_RESIDUAL,superset_base_rows_expanded_q25,4566.225654,47.085654,False,False,ROLLING_ROW_LEVEL_RESIDUAL,superset_base_rows_original_mean,original_residual,-3.494346,39.0,2.0,48.468923,32.451247,15.017676,level_family_type,53,40.674926,16.699954,2026-01-13,1.0,True,False,False,True,SELECTOR_GT10
2026-01-15,2026-01-14,L4,RANGE_COMPRESSED_0_60,CLOSE_POS_UPPER_THIRD,ROWS_SPARSE_1_8,4626.39,PREV_CLOSE_PROXY,,NEUTRAL,4597.72,4622.040009,24.320009,False,4622.040009,24.320009,MODE_C_BALANCED,prior_hlc::previous_pivot_hlc3 | green_box_quarter::green_box_1_75pct | prior_range_fraction::prev_range_0.666667,ORIGINAL_ORACLE_PRESERVED,337,4611.732482,14.012482,False,False,ROLLING_RANGE_LEVEL_RESIDUAL,superset_base_range_expanded_q25,4625.83428,28.11428,False,False,ROLLING_CHANNEL_LEVEL_RESIDUAL,superset_base_channel_original_median,original_residual,3.794271,70.0,1.0,47.577911,28.928971,17.64894,level_regime_family_type,4,31.764205,5.382808,2026-01-14,1.0,True,False,False,False,SELECTOR_GT10
2026-01-15,2026-01-14,L5,RANGE_COMPRESSED_0_60,CLOSE_POS_UPPER_THIRD,ROWS_SPARSE_1_8,4626.39,PREV_CLOSE_PROXY,,NEUTRAL,4574.22,4600.64625,26.42625,False,4600.64625,26.42625,MODE_B_EMA_CHANNEL_DIRECTION_HEAVY,green_box_quarter::green_box_1_25pct | red_box_edge::red_edge_1 | prior_range_fraction::prev_range_0.25,ORIGINAL_ORACLE_PRESERVED,337,4589.857813,15.637813,False,False,ROLLING_SOURCE_LEVEL_RESIDUAL,superset_base_source_expanded_q25,4600.160764,25.940764,False,False,ROLLING_SOURCE_LEVEL_RESIDUAL,superset_base_source_original_mean,original_residual,-0.485486,70.0,1.0,55.47534,36.004931,18.470408,level_range_close_family,240,57.182139,6.865104,2026-01-14,1.0,True,False,False,True,SELECTOR_GT10
2026-01-15,2026-01-14,L6,RANGE_COMPRESSED_0_60,CLOSE_POS_UPPER_THIRD,ROWS_SPARSE_1_8,4626.39,PREV_CLOSE_PROXY,,NEUTRAL,4549.19,4579.665,30.475,False,4579.665,30.475,MODE_B_EMA_CHANNEL_DIRECTION_HEAVY,red_box_midline::red_mid_2,ORIGINAL_ORACLE_PRESERVED,337,4567.334336,18.144336,False,False,ROLLING_SOURCE_LEVEL_RESIDUAL,superset_base_source_expanded_q25,4578.910526,29.720526,False,False,ROLLING_LEVEL_RESIDUAL,superset_base_level_superset_mean,superset_residual,-0.754474,72.0,1.0,47.985416,28.888135,18.097282,level_regime_family_type,3,34.65186,5.716745,2026-01-14,1.0,True,False,False,True,SELECTOR_GT10
2026-01-15,2026-01-14,L7,RANGE_COMPRESSED_0_60,CLOSE_POS_UPPER_THIRD,ROWS_SPARSE_1_8,4626.39,PREV_CLOSE_PROXY,,NEUTRAL,4516.94,4558.59,41.65,False,4558.59,41.65,MODE_B_EMA_CHANNEL_DIRECTION_HEAVY,red_box_edge::red_edge_2,ORIGINAL_ORACLE_PRESERVED,337,4543.045,26.105,False,False,ROLLING_SOURCE_LEVEL_RESIDUAL,superset_base_source_expanded_q25,4558.9425,42.0025,False,False,ROLLING_LEVEL_RESIDUAL,superset_base_level_superset_median,superset_residual,0.3525,69.0,1.0,47.653512,28.356614,18.296898,level_regime_family_type,3,34.65186,5.68875,2026-01-14,1.0,True,False,False,False,SELECTOR_GT10
2026-01-16,2026-01-15,L4,RANGE_COMPRESSED_0_60,CLOSE_POS_UPPER_THIRD,ROWS_SPARSE_1_8,4615.76,PREV_CLOSE_PROXY,,NEUTRAL,4618.64,4612.626675,6.013325,False,4612.626675,6.013325,MODE_C_BALANCED,prior_hlc::previous_pivot_hlc3 | green_box_quarter::green_box_1_75pct | prior_range_fraction::prev_range_0.666667,ORIGINAL_ORACLE_PRESERVED,337,4618.584155,0.055845,True,True,ROLLING_ROW_LEVEL_RESIDUAL,original_base_rows_superset_q75,4614.921645,3.718355,False,True,ROLLING_CHANNEL_LEVEL_RESIDUAL,superset_base_channel_original_mean,original_residual,2.29497,71.0,1.0,37.485284,18.943179,17.542105,level_regime_family_type,5,29.320804,9.595596,2026-01-15,1.0,True,True,False,True,SELECTOR_WITHIN_5
2026-01-16,2026-01-15,L5,RANGE_COMPRESSED_0_60,CLOSE_POS_UPPER_THIRD,ROWS_SPARSE_1_8,4615.76,PREV_CLOSE_PROXY,,NEUTRAL,4591.17,4592.693125,1.523125,True,4592.693125,1.523125,MODE_B_EMA_CHANNEL_DIRECTION_HEAVY,green_box_quarter::green_box_1_25pct | red_box_edge::red_edge_1 | prior_range_fraction::prev_range_0.25,ORIGINAL_ORACLE_PRESERVED,337,4591.167971,0.002029,True,True,ROLLING_ROW_LEVEL_RESIDUAL,superset_base_rows_original_mean,4591.842276,0.672276,True,True,ROLLING_SOURCE_LEVEL_RESIDUAL,superset_base_source_original_mean,original_residual,-0.850849,71.0,1.0,45.820055,26.367476,18.452579,level_range_close_family_type,6,41.512175,8.128108,2026-01-15,1.0,True,False,False,True,SELECTOR_WITHIN_3
2026-01-16,2026-01-15,L6,RANGE_COMPRESSED_0_60,CLOSE_POS_UPPER_THIRD,ROWS_SPARSE_1_8,4615.76,PREV_CLOSE_PROXY,,NEUTRAL,4566.81,4571.5275,4.7175,True,4571.5275,4.7175,MODE_B_EMA_CHANNEL_DIRECTION_HEAVY,red_box_midline::red_mid_2,ORIGINAL_ORACLE_PRESERVED,337,4566.415625,0.394375,True,True,ROLLING_RANGE_CLOSE_LEVEL_RESIDUAL,original_base_range_close_expanded_recent5_median,4570.365896,3.555896,False,True,ROLLING_LEVEL_RESIDUAL,superset_base_level_superset_mean,superset_residual,-1.161604,73.0,1.0,38.02712,18.949706,18.077414,level_regime_family_type,4,31.764205,11.71769,2026-01-15,1.0,True,False,False,True,SELECTOR_WITHIN_5
2026-01-16,2026-01-15,L7,RANGE_COMPRESSED_0_60,CLOSE_POS_UPPER_THIRD,ROWS_SPARSE_1_8,4615.76,PREV_CLOSE_PROXY,,NEUTRAL,4541.12,4551.19,10.07,False,4551.19,10.07,MODE_B_EMA_CHANNEL_DIRECTION_HEAVY,red_box_edge::red_edge_2,ORIGINAL_ORACLE_PRESERVED,337,4543.561071,2.441071,True,True,ROLLING_RANGE_CLOSE_LEVEL_RESIDUAL,original_base_range_close_expanded_mean,4551.326875,10.206875,False,False,ROLLING_LEVEL_RESIDUAL,superset_base_level_superset_median,superset_residual,0.136875,70.0,1.0,36.068897,16.761476,18.30742,level_regime_family_type,4,31.764205,14.767187,2026-01-15,1.0,True,False,False,False,SELECTOR_GT10
2026-01-19,2026-01-16,L4,RANGE_NORMAL_60_120,CLOSE_POS_UPPER_THIRD,ROWS_SPARSE_1_8,4595.66,PREV_CLOSE_PROXY,,NEUTRAL,4615.0,4596.7525,18.2475,False,4596.7525,18.2475,MODE_C_BALANCED,green_box_edge::green_edge_1 | prior_hlc::previous_close | prior_range_fraction::prev_range_0.75,ORIGINAL_ORACLE_PRESERVED,337,4615.87375,0.87375,True,True,ROLLING_RANGE_LEVEL_RESIDUAL,superset_base_range_expanded_q75,4599.657894,15.342106,False,False,ROLLING_LEVEL_RESIDUAL,superset_base_level_superset_mean,superset_residual,2.905394,72.0,3.0,54.539458,35.598941,17.940517,level_range_close_family_type,21,44.178292,7.584953,2026-01-16,3.0,True,False,False,True,SELECTOR_GT10
2026-01-19,2026-01-16,L5,RANGE_NORMAL_60_120,CLOSE_POS_UPPER_THIRD,ROWS_SPARSE_1_8,4595.66,PREV_CLOSE_PROXY,,NEUTRAL,4592.49,4589.2525,3.2375,True,4599.755,7.265,MODE_C_BALANCED,prior_range_fraction::prev_range_0.75,EXPANDED_ORACLE_BETTER,290,4592.40875,0.08125,True,True,ROLLING_REGIME_LEVEL_RESIDUAL,original_base_regime_expanded_mean,4601.863106,9.373106,False,False,ROLLING_RANGE_CLOSE_LEVEL_RESIDUAL,original_base_range_close_superset_mean,superset_residual,2.108106,22.0,6.0,58.66204,44.73034,12.931699,level_range_close_family_type,18,45.429633,7.232853,2026-01-16,3.0,True,False,False,False,SELECTOR_WITHIN_10
2026-01-19,2026-01-16,L6,RANGE_NORMAL_60_120,CLOSE_POS_UPPER_THIRD,ROWS_SPARSE_1_8,4595.66,PREV_CLOSE_PROXY,,NEUTRAL,4569.99,4568.62125,1.36875,True,4565.245,4.745,MODE_C_BALANCED,green_box_midline::green_mid_1,EXPANDED_ORACLE_BETTER,338,4569.9925,0.0025,True,True,ROLLING_ROW_LEVEL_RESIDUAL,original_base_rows_original_recent12_median,4569.971655,0.018345,True,True,ROLLING_RANGE_CLOSE_LEVEL_RESIDUAL,superset_base_range_close_superset_median,superset_residual,1.350405,22.0,6.0,55.235848,40.995653,13.240195,level_range_close_family_type,18,41.583479,7.608288,2026-01-16,3.0,True,False,False,True,SELECTOR_WITHIN_3
2026-01-19,2026-01-16,L7,RANGE_NORMAL_60_120,CLOSE_POS_UPPER_THIRD,ROWS_SPARSE_1_8,4595.66,PREV_CLOSE_PROXY,,NEUTRAL,4546.84,4535.9925,10.8475,False,4535.9925,10.8475,MODE_C_BALANCED,red_box_midline::red_mid_2 | prior_hlc::previous_low,ORIGINAL_ORACLE_PRESERVED,289,4546.4721,0.3679,True,True,ROLLING_RANGE_CLOSE_LEVEL_RESIDUAL,original_base_range_close_expanded_q75,4537.3025,9.5375,False,False,ROLLING_RANGE_CLOSE_LEVEL_RESIDUAL,superset_base_range_close_superset_recent20_median,superset_residual,1.31,19.0,6.0,55.648632,42.21796,12.430672,level_range_close_family_type,15,51.355237,8.319992,2026-01-16,3.0,True,False,False,True,SELECTOR_WITHIN_10
2026-01-20,2026-01-19,L4,RANGE_NORMAL_60_120,CLOSE_POS_UPPER_THIRD,ROWS_STANDARD_9_10,4670.86,PREV_CLOSE_PROXY,,NEUTRAL,4696.99,4693.16375,3.82625,True,4693.16375,3.82625,MODE_B_EMA_CHANNEL_DIRECTION_HEAVY,prior_hlc::previous_high | green_box_midline::green_mid_2,ORIGINAL_ORACLE_PRESERVED,337,4696.831875,0.158125,True,True,ROLLING_RANGE_LEVEL_RESIDUAL,superset_base_range_original_recent20_median,4698.191213,1.201213,True,True,ROLLING_RANGE_CLOSE_LEVEL_RESIDUAL,superset_base_range_close_superset_mean,superset_residual,5.027463,23.0,1.0,49.273792,34.975032,13.29876,level_regime_family_type,15,42.659585,8.848108,2026-01-19,1.0,True,False,True,True,SELECTOR_WITHIN_3
2026-01-20,2026-01-19,L5,RANGE_NORMAL_60_120,CLOSE_POS_UPPER_THIRD,ROWS_STANDARD_9_10,4670.86,PREV_CLOSE_PROXY,,NEUTRAL,4677.12,4680.4975,3.3775,True,4680.4975,3.3775,MODE_C_BALANCED,red_box_quarter::red_box_1_25pct | prior_range_fraction::prev_range_0.875 | green_box_quarter::green_box_2_25pct,ORIGINAL_ORACLE_PRESERVED,337,4677.67875,0.55875,True,True,ROLLING_RANGE_LEVEL_RESIDUAL,superset_base_range_superset_q25,4682.65471,5.53471,False,False,ROLLING_RANGE_CLOSE_LEVEL_RESIDUAL,superset_base_range_close_superset_mean,superset_residual,2.15721,23.0,1.0,55.049013,40.610185,13.438828,level_family_type,42,45.623409,8.323744,2026-01-19,1.0,True,False,False,False,SELECTOR_WITHIN_10
2026-01-20,2026-01-19,L6,RANGE_NORMAL_60_120,CLOSE_POS_UPPER_THIRD,ROWS_STANDARD_9_10,4670.86,PREV_CLOSE_PROXY,,NEUTRAL,4655.27,4657.49875,2.22875,True,4657.49875,2.22875,MODE_C_BALANCED,green_box_quarter::green_box_1_75pct,ORIGINAL_ORACLE_PRESERVED,337,4655.16375,0.10625,True,True,ROLLING_REGIME_LEVEL_RESIDUAL,original_base_regime_superset_q25,4658.8675,3.5975,False,True,ROLLING_RANGE_CLOSE_LEVEL_RESIDUAL,superset_base_range_close_superset_median,superset_residual,1.36875,23.0,1.0,54.490407,39.833102,13.657305,level_range_close_family_type,19,43.747054,7.208818,2026-01-19,1.0,True,False,False,False,SELECTOR_WITHIN_5
2026-01-20,2026-01-19,L7,RANGE_NORMAL_60_120,CLOSE_POS_UPPER_THIRD,ROWS_STANDARD_9_10,4670.86,PREV_CLOSE_PROXY,,NEUTRAL,4633.67,4637.3325,3.6625,True,4637.3325,3.6625,MODE_C_BALANCED,prior_range_fraction::prev_range_0.25,ORIGINAL_ORACLE_PRESERVED,337,4632.9475,0.7225,True,True,ROLLING_SOURCE_LEVEL_RESIDUAL,superset_base_source_superset_recent8_median,4638.5625,4.8925,False,True,ROLLING_REGIME_LEVEL_RESIDUAL,superset_base_regime_superset_median,superset_residual,1.23,17.0,8.0,52.484056,39.95128,11.532776,level_regime_family_type,14,49.144112,8.631866,2026-01-19,1.0,True,False,False,False,SELECTOR_WITHIN_5
2026-01-21,2026-01-20,L4,RANGE_NORMAL_60_120,CLOSE_POS_UPPER_THIRD,ROWS_EXTENDED_11_PLUS,4763.3,PREV_CLOSE_PROXY,,NEUTRAL,4856.21,4727.915,128.295,False,4727.915,128.295,MODE_C_BALANCED,green_box_edge::green_edge_1,ORIGINAL_ORACLE_PRESERVED,289,4768.489087,87.720913,False,False,ROLLING_ROW_LEVEL_RESIDUAL,superset_base_rows_expanded_q75,4732.892413,123.317587,False,False,ROLLING_RANGE_CLOSE_LEVEL_RESIDUAL,superset_base_range_close_superset_mean,superset_residual,4.977413,24.0,1.0,54.573029,39.996827,13.576202,level_range_close_family_type,20,42.184659,8.267114,2026-01-20,1.0,True,False,False,True,SELECTOR_GT10
2026-01-21,2026-01-20,L5,RANGE_NORMAL_60_120,CLOSE_POS_UPPER_THIRD,ROWS_EXTENDED_11_PLUS,4763.3,PREV_CLOSE_PROXY,,NEUTRAL,4833.04,4712.915,120.125,False,4712.915,120.125,MODE_C_BALANCED,prior_hlc::previous_mid,ORIGINAL_ORACLE_PRESERVED,289,4750.883611,82.156389,False,False,ROLLING_ROW_LEVEL_RESIDUAL,original_base_rows_expanded_q75,4714.841597,118.198403,False,False,ROLLING_RANGE_CLOSE_LEVEL_RESIDUAL,superset_base_range_close_superset_mean,superset_residual,1.926597,24.0,1.0,59.650801,44.925719,13.725082,level_family_type,43,44.728832,8.258883,2026-01-20,1.0,True,False,False,True,SELECTOR_GT10
2026-01-21,2026-01-20,L6,RANGE_NORMAL_60_120,CLOSE_POS_UPPER_THIRD,ROWS_EXTENDED_11_PLUS,4763.3,PREV_CLOSE_PROXY,,NEUTRAL,4812.42,4686.2225,126.1975,False,4686.2225,126.1975,MODE_B_EMA_CHANNEL_DIRECTION_HEAVY,prior_range_fraction::prev_range_0.25,ORIGINAL_ORACLE_PRESERVED,289,4708.14375,104.27625,False,False,ROLLING_ROW_LEVEL_RESIDUAL,original_base_rows_expanded_q75,4687.47353,124.94647,False,False,ROLLING_RANGE_CLOSE_LEVEL_RESIDUAL,superset_base_range_close_superset_median,superset_residual,1.25103,24.0,1.0,57.493639,42.555589,13.93805,level_range_close_family_type,20,45.756088,7.028252,2026-01-20,1.0,True,False,False,True,SELECTOR_GT10
2026-01-21,2026-01-20,L7,RANGE_NORMAL_60_120,CLOSE_POS_UPPER_THIRD,ROWS_EXTENDED_11_PLUS,4763.3,PREV_CLOSE_PROXY,,NEUTRAL,4792.89,4659.53,133.36,False,4659.53,133.36,MODE_B_EMA_CHANNEL_DIRECTION_HEAVY,prior_hlc::previous_low,ORIGINAL_ORACLE_PRESERVED,289,4683.3975,109.4925,False,False,ROLLING_ROW_LEVEL_RESIDUAL,original_base_rows_superset_q75,4660.84,132.05,False,False,ROLLING_RANGE_CLOSE_LEVEL_RESIDUAL,superset_base_range_close_superset_median,superset_residual,1.31,21.0,1.0,58.909414,44.799242,13.110172,level_rows_family,48,81.806615,2.237573,2026-01-20,1.0,True,False,False,True,SELECTOR_GT10
2026-01-22,2026-01-21,L4,RANGE_WIDE_120_220,CLOSE_POS_MIDDLE_THIRD,ROWS_STANDARD_9_10,4831.03,PREV_CLOSE_PROXY,,NEUTRAL,4853.55,4822.115,31.435,False,4822.115,31.435,MODE_A_LIVE_PROXIMITY_HEAVY,prior_hlc::previous_mid,ORIGINAL_ORACLE_PRESERVED,289,4849.684687,3.865313,False,True,ROLLING_ROW_LEVEL_RESIDUAL,original_base_rows_expanded_q75,4846.4725,7.0775,False,False,ROLLING_REGIME_LEVEL_RESIDUAL,superset_base_regime_superset_recent12_median,superset_residual,24.3575,3.0,85.0,42.088334,36.40848,4.679854,level_family_type,31,37.97873,7.941865,2026-01-21,1.0,True,False,False,True,SELECTOR_WITHIN_10
2026-01-22,2026-01-21,L5,RANGE_WIDE_120_220,CLOSE_POS_MIDDLE_THIRD,ROWS_STANDARD_9_10,4831.03,PREV_CLOSE_PROXY,,NEUTRAL,4828.22,4800.036623,28.183377,False,4800.036623,28.183377,MODE_C_BALANCED,prior_range_fraction::prev_range_0.333333,ORIGINAL_ORACLE_PRESERVED,289,4823.77491,4.44509,False,True,ROLLING_RANGE_LEVEL_RESIDUAL,original_base_range_expanded_q75,4811.811623,16.408377,False,False,ROLLING_REGIME_LEVEL_RESIDUAL,superset_base_regime_superset_recent8_median,superset_residual,11.775,3.0,85.0,42.751309,36.457429,5.29388,level_family_type,31,43.106935,7.390241,2026-01-21,1.0,True,False,False,True,SELECTOR_GT10
2026-01-22,2026-01-21,L6,RANGE_WIDE_120_220,CLOSE_POS_MIDDLE_THIRD,ROWS_STANDARD_9_10,4831.03,PREV_CLOSE_PROXY,,NEUTRAL,4803.79,4795.99295,7.79705,False,4776.18875,27.60125,MODE_C_BALANCED,green_box_quarter::green_box_1_25pct,EXPANDED_ORACLE_BETTER,290,4803.84801,0.05801,True,True,ROLLING_ROW_LEVEL_RESIDUAL,superset_base_rows_expanded_median,4815.79715,12.00715,False,False,ROLLING_REGIME_LEVEL_RESIDUAL,superset_base_regime_superset_recent8_median,superset_residual,19.8042,3.0,85.0,41.594849,35.77201,4.822838,level_family_type,31,40.542832,8.633073,2026-01-21,1.0,True,False,False,False,SELECTOR_GT10
2026-01-22,2026-01-21,L7,RANGE_WIDE_120_220,CLOSE_POS_MIDDLE_THIRD,ROWS_STANDARD_9_10,4831.03,PREV_CLOSE_PROXY,,NEUTRAL,4776.28,4755.88,20.4,False,4755.88,20.4,MODE_C_BALANCED,prior_hlc::previous_low,ORIGINAL_ORACLE_PRESERVED,289,4778.09,1.81,True,True,ROLLING_REGIME_LEVEL_RESIDUAL,superset_base_regime_superset_recent12_median,4778.09,1.81,True,True,ROLLING_REGIME_LEVEL_RESIDUAL,superset_base_regime_superset_recent12_median,superset_residual,22.21,3.0,85.0,41.577016,35.792364,4.784652,level_rows_family,1056,41.429671,9.590905,2026-01-21,1.0,True,True,True,True,SELECTOR_WITHIN_3
2026-01-23,2026-01-22,L4,RANGE_WIDE_120_220,CLOSE_POS_UPPER_THIRD,ROWS_SPARSE_1_8,4936.06,PREV_CLOSE_PROXY,,NEUTRAL,4918.05,4921.01,2.96,True,4921.01,2.96,MODE_C_BALANCED,green_box_midline::green_mid_2,ORIGINAL_ORACLE_PRESERVED,241,4918.542962,0.492962,True,True,ROLLING_ROW_LEVEL_RESIDUAL,superset_base_rows_expanded_recent20_median,4925.05,7.0,False,False,ROLLING_LEVEL_RESIDUAL,superset_base_level_superset_median,superset_residual,4.04,75.0,1.0,39.594452,20.477504,18.116948,level_range_close_family,144,45.928753,9.99855,2026-01-22,1.0,True,False,False,False,SELECTOR_WITHIN_10
2026-01-23,2026-01-22,L5,RANGE_WIDE_120_220,CLOSE_POS_UPPER_THIRD,ROWS_SPARSE_1_8,4936.06,PREV_CLOSE_PROXY,,NEUTRAL,4895.71,4896.235,0.525,True,4896.235,0.525,MODE_C_BALANCED,green_box_quarter::green_box_2_25pct,ORIGINAL_ORACLE_PRESERVED,241,4895.729278,0.019278,True,True,ROLLING_CHANNEL_LEVEL_RESIDUAL,superset_base_channel_superset_mean,4895.2275,0.4825,True,True,ROLLING_ROW_LEVEL_RESIDUAL,superset_base_rows_original_median,original_residual,-1.0075,27.0,4.0,37.413253,23.546019,12.867234,level_rows_family,1056,40.583807,9.251936,2026-01-22,1.0,True,False,False,True,SELECTOR_WITHIN_3
2026-01-23,2026-01-22,L6,RANGE_WIDE_120_220,CLOSE_POS_UPPER_THIRD,ROWS_SPARSE_1_8,4936.06,PREV_CLOSE_PROXY,,NEUTRAL,4870.76,4891.01,20.25,False,4891.01,20.25,MODE_C_BALANCED,red_box_midline::red_mid_1,ORIGINAL_ORACLE_PRESERVED,241,4878.476323,7.716323,False,False,ROLLING_SOURCE_LEVEL_RESIDUAL,superset_base_source_expanded_q25,4892.5875,21.8275,False,False,ROLLING_ROW_LEVEL_RESIDUAL,superset_base_rows_original_median,original_residual,1.5775,27.0,4.0,30.442605,16.603187,12.839418,level_family_type,63,36.354513,16.27475,2026-01-22,1.0,True,False,False,False,SELECTOR_GT10
2026-01-23,2026-01-22,L7,RANGE_WIDE_120_220,CLOSE_POS_UPPER_THIRD,ROWS_SPARSE_1_8,4936.06,PREV_CLOSE_PROXY,,NEUTRAL,4847.66,4866.235,18.575,False,4866.235,18.575,MODE_C_BALANCED,red_box_quarter::red_box_1_75pct,ORIGINAL_ORACLE_PRESERVED,241,4847.764219,0.104219,True,True,ROLLING_SOURCE_LEVEL_RESIDUAL,superset_base_source_expanded_q25,4867.830625,20.170625,False,False,ROLLING_ROW_LEVEL_RESIDUAL,superset_base_rows_original_median,original_residual,1.595625,24.0,4.0,33.069849,19.906315,12.163534,level_family_type,60,40.899566,18.462582,2026-01-22,1.0,True,False,False,False,SELECTOR_GT10
2026-01-26,2026-01-23,L4,RANGE_NORMAL_60_120,CLOSE_POS_UPPER_THIRD,ROWS_EXTENDED_11_PLUS,4987.98,PREV_CLOSE_PROXY,,NEUTRAL,5057.59,5079.925,22.335,False,5079.925,22.335,MODE_B_EMA_CHANNEL_DIRECTION_HEAVY,green_box_edge::green_edge_3,ORIGINAL_ORACLE_PRESERVED,289,5066.952757,9.362757,False,False,ROLLING_ROW_LEVEL_RESIDUAL,superset_base_rows_expanded_q25,5083.342594,25.752594,False,False,ROLLING_LEVEL_RESIDUAL,superset_base_level_superset_mean,superset_residual,3.417594,76.0,3.0,29.240868,10.325347,17.915521,level_range_close_family_type,24,43.161577,12.52111,2026-01-23,3.0,True,False,False,False,SELECTOR_GT10
2026-01-26,2026-01-23,L5,RANGE_NORMAL_60_120,CLOSE_POS_UPPER_THIRD,ROWS_EXTENDED_11_PLUS,4987.98,PREV_CLOSE_PROXY,,NEUTRAL,5031.93,5049.8375,17.9075,False,5049.8375,17.9075,MODE_B_EMA_CHANNEL_DIRECTION_HEAVY,green_box_midline::green_mid_3,ORIGINAL_ORACLE_PRESERVED,289,5034.040937,2.110937,True,True,ROLLING_ROW_LEVEL_RESIDUAL,original_base_rows_superset_q25,5050.254166,18.324166,False,False,ROLLING_LEVEL_RESIDUAL,superset_base_level_superset_median,superset_residual,0.416667,78.0,3.0,35.544275,16.302308,18.241967,level_range_close_family_type,24,40.036577,12.043736,2026-01-23,3.0,True,False,False,False,SELECTOR_GT10
2026-01-26,2026-01-23,L6,RANGE_NORMAL_60_120,CLOSE_POS_UPPER_THIRD,ROWS_EXTENDED_11_PLUS,4987.98,PREV_CLOSE_PROXY,,NEUTRAL,5007.82,5034.546875,26.726875,False,5034.79375,26.97375,MODE_B_EMA_CHANNEL_DIRECTION_HEAVY,green_box_quarter::green_box_3_25pct,EXPANDED_ORACLE_BETTER,290,5014.27,6.45,False,False,ROLLING_ROW_LEVEL_RESIDUAL,superset_base_rows_original_q25,5034.546875,26.726875,False,False,ROLLING_BASE_SUPERSET,EXPANDED_ORACLE_BETTER,,0.0,,,36.373719,37.574707,1.799013,level_range_close_family_type,4,40.097538,3.814346,2026-01-23,3.0,True,False,False,False,SELECTOR_GT10
2026-01-26,2026-01-23,L7,RANGE_NORMAL_60_120,CLOSE_POS_UPPER_THIRD,ROWS_EXTENDED_11_PLUS,4987.98,PREV_CLOSE_PROXY,,NEUTRAL,4984.24,5019.75,35.51,False,5019.75,35.51,MODE_A_LIVE_PROXIMITY_HEAVY,green_box_edge::green_edge_2,ORIGINAL_ORACLE_PRESERVED,289,5000.880235,16.640235,False,False,ROLLING_SOURCE_LEVEL_RESIDUAL,superset_base_source_expanded_q25,5019.170616,34.930616,False,False,ROLLING_LEVEL_RESIDUAL,superset_base_level_expanded_mean,expanded_residual,-0.579384,75.0,3.0,26.691831,7.637805,18.054026,level_range_close_family_type,22,49.372349,13.819142,2026-01-23,3.0,True,False,False,True,SELECTOR_GT10
2026-01-27,2026-01-26,L4,RANGE_WIDE_120_220,CLOSE_POS_LOWER_THIRD,ROWS_STANDARD_9_10,5008.17,PREV_CLOSE_PROXY,,NEUTRAL,5064.63,5046.59625,18.03375,False,5046.59625,18.03375,MODE_B_EMA_CHANNEL_DIRECTION_HEAVY,green_box_quarter::green_box_1_75pct,ORIGINAL_ORACLE_PRESERVED,241,5064.243194,0.386806,True,True,ROLLING_RANGE_LEVEL_RESIDUAL,original_base_range_expanded_mean,5049.679394,14.950606,False,False,ROLLING_LEVEL_RESIDUAL,superset_base_level_superset_mean,superset_residual,3.083144,77.0,1.0,15.8484,-3.135242,17.983643,level_family_type,75,34.712897,17.695627,2026-01-26,1.0,True,False,False,True,SELECTOR_GT10
2026-01-27,2026-01-26,L5,RANGE_WIDE_120_220,CLOSE_POS_LOWER_THIRD,ROWS_STANDARD_9_10,5008.17,PREV_CLOSE_PROXY,,NEUTRAL,5033.46,5020.2075,13.2525,False,5020.2075,13.2525,MODE_C_BALANCED,prior_range_fraction::prev_range_0.25,ORIGINAL_ORACLE_PRESERVED,241,5031.9825,1.4775,True,True,ROLLING_RANGE_LEVEL_RESIDUAL,superset_base_range_expanded_recent5_median,5020.2075,13.2525,False,False,ROLLING_BASE_SUPERSET,ORIGINAL_ORACLE_PRESERVED,,0.0,,,22.864417,24.064417,1.8,level_family_type,77,35.072594,17.067278,2026-01-26,1.0,True,False,False,False,SELECTOR_GT10
2026-01-27,2026-01-26,L6,RANGE_WIDE_120_220,CLOSE_POS_LOWER_THIRD,ROWS_STANDARD_9_10,5008.17,PREV_CLOSE_PROXY,,NEUTRAL,4998.75,4989.93,8.82,False,4989.93,8.82,MODE_D_NEAREST_VALID_LADDER,prior_hlc::previous_low,ORIGINAL_ORACLE_PRESERVED,241,4998.106805,0.643195,True,True,ROLLING_LEVEL_RESIDUAL,original_base_level_superset_q75,4988.29007,10.45993,False,False,ROLLING_LEVEL_RESIDUAL,superset_base_level_superset_mean,superset_residual,-1.63993,79.0,1.0,24.210024,5.155952,18.054071,level_family_type,75,37.122536,17.734166,2026-01-26,1.0,True,False,False,False,SELECTOR_GT10
2026-01-27,2026-01-26,L7,RANGE_WIDE_120_220,CLOSE_POS_LOWER_THIRD,ROWS_STANDARD_9_10,5008.17,PREV_CLOSE_PROXY,,NEUTRAL,4958.82,4959.93,1.11,True,4959.93,1.11,MODE_B_EMA_CHANNEL_DIRECTION_HEAVY,red_box_edge::red_edge_2,ORIGINAL_ORACLE_PRESERVED,241,4958.776292,0.043708,True,True,ROLLING_SOURCE_LEVEL_RESIDUAL,superset_base_source_expanded_mean,4959.820625,1.000625,True,True,ROLLING_LEVEL_RESIDUAL,superset_base_level_superset_median,superset_residual,-0.109375,76.0,1.0,22.147449,2.838686,18.308763,level_family_type,72,34.764631,20.7092,2026-01-26,1.0,True,False,False,True,SELECTOR_WITHIN_3
2026-01-28,2026-01-27,L4,RANGE_WIDE_120_220,CLOSE_POS_UPPER_THIRD,ROWS_STANDARD_9_10,5181.22,PREV_CLOSE_PROXY,,NEUTRAL,5243.94,5168.534375,75.405625,False,5168.534375,75.405625,MODE_C_BALANCED,prior_range_fraction::prev_range_0.875 | green_box_midline::green_mid_2,ORIGINAL_ORACLE_PRESERVED,289,5198.974219,44.965781,False,False,ROLLING_RANGE_LEVEL_RESIDUAL,original_base_range_expanded_q75,5173.567063,70.372937,False,False,ROLLING_ROW_LEVEL_RESIDUAL,superset_base_rows_original_mean,original_residual,5.032688,42.0,1.0,47.188813,30.620308,15.568505,level_range_close_family,48,67.520901,4.387629,2026-01-27,1.0,True,False,False,True,SELECTOR_GT10
2026-01-28,2026-01-27,L5,RANGE_WIDE_120_220,CLOSE_POS_UPPER_THIRD,ROWS_STANDARD_9_10,5181.22,PREV_CLOSE_PROXY,,NEUTRAL,5212.86,5140.725625,72.134375,False,5140.725625,72.134375,MODE_C_BALANCED,red_box_midline::red_mid_1 | green_box_quarter::green_box_2_25pct,ORIGINAL_ORACLE_PRESERVED,289,5164.857001,48.002999,False,False,ROLLING_RANGE_LEVEL_RESIDUAL,original_base_range_expanded_q75,5143.94,68.92,False,False,ROLLING_ROW_LEVEL_RESIDUAL,superset_base_rows_original_median,original_residual,3.214375,43.0,1.0,52.130907,35.093668,16.037239,level_range_close_family,48,71.09233,3.049244,2026-01-27,1.0,True,False,False,True,SELECTOR_GT10
2026-01-28,2026-01-27,L6,RANGE_WIDE_120_220,CLOSE_POS_UPPER_THIRD,ROWS_STANDARD_9_10,5181.22,PREV_CLOSE_PROXY,,NEUTRAL,5180.87,5138.6925,42.1775,False,5138.6925,42.1775,MODE_C_BALANCED,red_box_midline::red_mid_1,ORIGINAL_ORACLE_PRESERVED,289,5161.383975,19.486025,False,False,ROLLING_RANGE_LEVEL_RESIDUAL,original_base_range_original_q75,5140.365796,40.504204,False,False,ROLLING_ROW_LEVEL_RESIDUAL,superset_base_rows_original_median,original_residual,1.673296,43.0,1.0,36.560911,19.448468,16.112443,level_family_type,66,34.880682,16.265154,2026-01-27,1.0,True,False,False,True,SELECTOR_GT10
2026-01-28,2026-01-27,L7,RANGE_WIDE_120_220,CLOSE_POS_UPPER_THIRD,ROWS_STANDARD_9_10,5181.22,PREV_CLOSE_PROXY,,NEUTRAL,5152.26,5112.75875,39.50125,False,5112.75875,39.50125,MODE_B_EMA_CHANNEL_DIRECTION_HEAVY,red_box_quarter::red_box_1_75pct,ORIGINAL_ORACLE_PRESERVED,289,5134.06375,18.19625,False,False,ROLLING_RANGE_LEVEL_RESIDUAL,original_base_range_superset_q75,5112.41875,39.84125,False,False,ROLLING_ROW_LEVEL_RESIDUAL,superset_base_rows_original_median,original_residual,-0.34,43.0,1.0,41.642236,24.464728,16.177508,level_family_type,63,40.579866,18.491209,2026-01-27,1.0,True,False,False,False,SELECTOR_GT10
2026-01-29,2026-01-28,L4,RANGE_EXTREME_220_PLUS,CLOSE_POS_UPPER_THIRD,ROWS_SPARSE_1_8,5417.12,PREV_CLOSE_PROXY,,NEUTRAL,5354.75,5303.23,51.52,False,5303.23,51.52,MODE_C_BALANCED,green_box_edge::green_edge_1,ORIGINAL_ORACLE_PRESERVED,193,5326.58,28.17,False,False,ROLLING_SOURCE_LEVEL_RESIDUAL,superset_base_source_expanded_q75,5307.417867,47.332133,False,False,ROLLING_LEVEL_RESIDUAL,superset_base_level_superset_mean,superset_residual,4.187867,79.0,1.0,27.32597,8.396238,17.929732,level_family_type,77,33.896123,18.366928,2026-01-28,1.0,True,False,False,True,SELECTOR_GT10
2026-01-29,2026-01-28,L5,RANGE_EXTREME_220_PLUS,CLOSE_POS_UPPER_THIRD,ROWS_SPARSE_1_8,5417.12,PREV_CLOSE_PROXY,,NEUTRAL,5309.52,5273.23,36.29,False,5273.23,36.29,MODE_B_EMA_CHANNEL_DIRECTION_HEAVY,red_box_edge::red_edge_1,ORIGINAL_ORACLE_PRESERVED,193,5290.867187,18.652813,False,False,ROLLING_SOURCE_LEVEL_RESIDUAL,superset_base_source_expanded_q75,5274.06,35.46,False,False,ROLLING_CHANNEL_LEVEL_RESIDUAL,superset_base_channel_superset_median,superset_residual,0.83,81.0,1.0,32.754397,13.960801,17.793596,level_family_type,78,39.315936,17.634311,2026-01-28,1.0,True,False,False,True,SELECTOR_GT10
2026-01-29,2026-01-28,L6,RANGE_EXTREME_220_PLUS,CLOSE_POS_UPPER_THIRD,ROWS_SPARSE_1_8,5417.12,PREV_CLOSE_PROXY,,NEUTRAL,5250.84,5244.619913,6.220087,False,5244.619913,6.220087,MODE_B_EMA_CHANNEL_DIRECTION_HEAVY,prior_range_fraction::prev_range_0.333333,ORIGINAL_ORACLE_PRESERVED,193,5249.278663,1.561337,True,True,ROLLING_ROW_LEVEL_RESIDUAL,superset_base_rows_original_recent12_median,5243.650074,7.189926,False,False,ROLLING_LEVEL_RESIDUAL,superset_base_level_superset_mean,superset_residual,-0.969839,81.0,1.0,30.726442,11.63967,18.086772,level_family_type,77,36.249064,17.976741,2026-01-28,1.0,True,False,False,False,SELECTOR_WITHIN_10
2026-01-29,2026-01-28,L7,RANGE_EXTREME_220_PLUS,CLOSE_POS_UPPER_THIRD,ROWS_SPARSE_1_8,5417.12,PREV_CLOSE_PROXY,,NEUTRAL,5202.3,5222.815,20.515,False,5222.815,20.515,MODE_B_EMA_CHANNEL_DIRECTION_HEAVY,prior_range_fraction::prev_range_0.25,ORIGINAL_ORACLE_PRESERVED,193,5203.650469,1.350469,True,True,ROLLING_SOURCE_LEVEL_RESIDUAL,superset_base_source_expanded_q25,5222.705625,20.405625,False,False,ROLLING_LEVEL_RESIDUAL,superset_base_level_superset_median,superset_residual,-0.109375,78.0,1.0,31.154022,11.845259,18.308763,level_family_type,74,35.136225,20.698707,2026-01-28,1.0,True,False,False,True,SELECTOR_GT10
2026-01-30,2026-01-29,L4,RANGE_EXTREME_220_PLUS,CLOSE_POS_MIDDLE_THIRD,ROWS_STANDARD_9_10,5370.92,PREV_CLOSE_PROXY,,NEUTRAL,5502.93,5475.085,27.845,False,5475.085,27.845,MODE_B_EMA_CHANNEL_DIRECTION_HEAVY,prior_range_fraction::prev_range_0.75,ORIGINAL_ORACLE_PRESERVED,193,5504.259678,1.329678,True,True,ROLLING_ROW_LEVEL_RESIDUAL,original_base_rows_expanded_q75,5479.864519,23.065481,False,False,ROLLING_LEVEL_RESIDUAL,superset_base_level_superset_mean,superset_residual,4.779519,80.0,1.0,27.048482,8.147623,17.90086,level_family_type,78,33.501982,18.738277,2026-01-29,1.0,True,False,False,True,SELECTOR_GT10
2026-01-30,2026-01-29,L5,RANGE_EXTREME_220_PLUS,CLOSE_POS_MIDDLE_THIRD,ROWS_STANDARD_9_10,5370.92,PREV_CLOSE_PROXY,,NEUTRAL,5453.11,5402.1875,50.9225,False,5402.1875,50.9225,MODE_B_EMA_CHANNEL_DIRECTION_HEAVY,red_box_quarter::red_box_1_75pct,ORIGINAL_ORACLE_PRESERVED,193,5422.749752,30.360248,False,False,ROLLING_ROW_LEVEL_RESIDUAL,original_base_rows_expanded_q75,5403.0775,50.0325,False,False,ROLLING_LEVEL_RESIDUAL,superset_base_level_superset_median,superset_residual,0.89,82.0,1.0,32.992786,13.722118,18.270668,level_family_type,78,38.153145,18.044034,2026-01-29,1.0,True,False,False,True,SELECTOR_GT10
2026-01-30,2026-01-29,L6,RANGE_EXTREME_220_PLUS,CLOSE_POS_MIDDLE_THIRD,ROWS_STANDARD_9_10,5370.92,PREV_CLOSE_PROXY,,NEUTRAL,5400.77,5269.593169,131.176831,False,5269.593169,131.176831,MODE_C_BALANCED,prior_range_fraction::prev_range_0.333333,ORIGINAL_ORACLE_PRESERVED,193,5287.183808,113.586192,False,False,ROLLING_ROW_LEVEL_RESIDUAL,original_base_rows_expanded_q75,5268.711012,132.058988,False,False,ROLLING_LEVEL_RESIDUAL,superset_base_level_superset_mean,superset_residual,-0.882157,82.0,1.0,38.786233,19.695182,18.091051,level_family_type,78,35.827563,17.838448,2026-01-29,1.0,True,False,False,False,SELECTOR_GT10
2026-01-30,2026-01-29,L7,RANGE_EXTREME_220_PLUS,CLOSE_POS_MIDDLE_THIRD,ROWS_STANDARD_9_10,5370.92,PREV_CLOSE_PROXY,,NEUTRAL,5349.51,5228.495,121.015,False,5228.495,121.015,MODE_B_EMA_CHANNEL_DIRECTION_HEAVY,prior_range_fraction::prev_range_0.25,ORIGINAL_ORACLE_PRESERVED,193,5248.021719,101.488281,False,False,ROLLING_ROW_LEVEL_RESIDUAL,original_base_rows_expanded_q75,5228.240625,121.269375,False,False,ROLLING_ROW_LEVEL_RESIDUAL,superset_base_rows_original_median,original_residual,-0.254375,44.0,2.0,34.320279,16.964493,16.355787,level_family_type,65,39.468088,18.860979,2026-01-29,1.0,True,False,False,False,SELECTOR_GT10
2026-02-02,2026-01-30,L4,RANGE_EXTREME_220_PLUS,CLOSE_POS_LOWER_THIRD,ROWS_EXTENDED_11_PLUS,4885.18,PREV_CLOSE_PROXY,,NEUTRAL,4926.32,5083.835,157.515,False,5083.835,157.515,MODE_B_EMA_CHANNEL_DIRECTION_HEAVY,green_box_edge::green_edge_1,ORIGINAL_ORACLE_PRESERVED,193,5066.849375,140.529375,False,False,ROLLING_ROW_LEVEL_RESIDUAL,original_base_rows_original_q25,5088.899278,162.579278,False,False,ROLLING_LEVEL_RESIDUAL,superset_base_level_superset_mean,superset_residual,5.064278,81.0,3.0,10.520917,-8.314247,17.835163,level_family_type,79,33.116902,18.793052,2026-01-30,3.0,True,False,False,False,SELECTOR_GT10
2026-02-02,2026-01-30,L5,RANGE_EXTREME_220_PLUS,CLOSE_POS_LOWER_THIRD,ROWS_EXTENDED_11_PLUS,4885.18,PREV_CLOSE_PROXY,,NEUTRAL,4879.19,5053.835,174.645,False,5053.835,174.645,MODE_C_BALANCED,red_box_edge::red_edge_1,ORIGINAL_ORACLE_PRESERVED,193,5033.243437,154.053437,False,False,ROLLING_ROW_LEVEL_RESIDUAL,original_base_rows_expanded_q25,5054.785,175.595,False,False,ROLLING_LEVEL_RESIDUAL,superset_base_level_superset_median,superset_residual,0.95,83.0,3.0,9.446199,-9.769741,18.21594,level_family_type,79,37.714603,18.448951,2026-01-30,3.0,True,False,False,False,SELECTOR_GT10
2026-02-02,2026-01-30,L6,RANGE_EXTREME_220_PLUS,CLOSE_POS_LOWER_THIRD,ROWS_EXTENDED_11_PLUS,4885.18,PREV_CLOSE_PROXY,,NEUTRAL,4831.95,4941.473079,109.523079,False,4941.473079,109.523079,MODE_C_BALANCED,prior_range_fraction::prev_range_0.333333,ORIGINAL_ORACLE_PRESERVED,193,4914.499329,82.549329,False,False,ROLLING_ROW_LEVEL_RESIDUAL,superset_base_rows_original_q25,4941.473079,109.523079,False,False,ROLLING_BASE_SUPERSET,ORIGINAL_ORACLE_PRESERVED,,0.0,,,5.429817,6.629817,1.8,level_family_residual,84,34.57794,18.967944,2026-01-30,3.0,True,False,False,False,SELECTOR_GT10
2026-02-02,2026-01-30,L7,RANGE_EXTREME_220_PLUS,CLOSE_POS_LOWER_THIRD,ROWS_EXTENDED_11_PLUS,4885.18,PREV_CLOSE_PROXY,,NEUTRAL,4780.49,4877.7925,97.3025,False,4877.7925,97.3025,MODE_B_EMA_CHANNEL_DIRECTION_HEAVY,prior_range_fraction::prev_range_0.25,ORIGINAL_ORACLE_PRESERVED,193,4843.322467,62.832467,False,False,ROLLING_ROW_LEVEL_RESIDUAL,superset_base_rows_original_q25,4877.7925,97.3025,False,False,ROLLING_BASE_SUPERSET,ORIGINAL_ORACLE_PRESERVED,,0.0,,,1.478544,2.678544,1.8,level_family_type,80,31.60421,25.766335,2026-01-30,3.0,True,False,False,False,SELECTOR_GT10
2026-02-03,2026-02-02,L4,RANGE_EXTREME_220_PLUS,CLOSE_POS_MIDDLE_THIRD,ROWS_EXTENDED_11_PLUS,4660.96,PREV_CLOSE_PROXY,,NEUTRAL,4884.57,4786.65,97.92,False,4786.65,97.92,MODE_B_EMA_CHANNEL_DIRECTION_HEAVY,green_box_midline::green_mid_2,ORIGINAL_ORACLE_PRESERVED,193,4821.625793,62.944207,False,False,ROLLING_ROW_LEVEL_RESIDUAL,original_base_rows_expanded_q75,4786.65,97.92,False,False,ROLLING_BASE_SUPERSET,ORIGINAL_ORACLE_PRESERVED,,0.0,,,-0.246516,0.953484,1.8,level_family_residual,85,27.754521,20.705585,2026-02-02,1.0,True,False,False,False,SELECTOR_GT10
2026-02-03,2026-02-02,L5,RANGE_EXTREME_220_PLUS,CLOSE_POS_MIDDLE_THIRD,ROWS_EXTENDED_11_PLUS,4660.96,PREV_CLOSE_PROXY,,NEUTRAL,4848.53,4756.65,91.88,False,4756.65,91.88,MODE_C_BALANCED,red_box_midline::red_mid_1,ORIGINAL_ORACLE_PRESERVED,193,4792.94,55.59,False,False,ROLLING_SOURCE_LEVEL_RESIDUAL,superset_base_source_superset_recent5_median,4756.65,91.88,False,False,ROLLING_BASE_SUPERSET,ORIGINAL_ORACLE_PRESERVED,,0.0,,,6.729292,7.929292,1.8,level_family_type,82,33.124116,20.261277,2026-02-02,1.0,True,False,False,False,SELECTOR_GT10
2026-02-03,2026-02-02,L6,RANGE_EXTREME_220_PLUS,CLOSE_POS_MIDDLE_THIRD,ROWS_EXTENDED_11_PLUS,4660.96,PREV_CLOSE_PROXY,,NEUTRAL,4805.99,4692.705,113.285,False,4692.705,113.285,MODE_B_EMA_CHANNEL_DIRECTION_HEAVY,red_box_quarter::red_box_1_75pct,ORIGINAL_ORACLE_PRESERVED,193,4707.325,98.665,False,False,ROLLING_SOURCE_LEVEL_RESIDUAL,original_base_source_expanded_q75,4692.705,113.285,False,False,ROLLING_BASE_SUPERSET,ORIGINAL_ORACLE_PRESERVED,,0.0,,,7.224097,8.424097,1.8,level_family_residual,85,34.206134,20.033299,2026-02-02,1.0,True,False,False,False,SELECTOR_GT10
2026-02-03,2026-02-02,L7,RANGE_EXTREME_220_PLUS,CLOSE_POS_MIDDLE_THIRD,ROWS_EXTENDED_11_PLUS,4660.96,PREV_CLOSE_PROXY,,NEUTRAL,4768.25,4643.76,124.49,False,4643.76,124.49,MODE_B_EMA_CHANNEL_DIRECTION_HEAVY,prior_hlc::previous_mid,ORIGINAL_ORACLE_PRESERVED,193,4662.20625,106.04375,False,False,ROLLING_SOURCE_LEVEL_RESIDUAL,original_base_source_expanded_q75,4643.76,124.49,False,False,ROLLING_BASE_SUPERSET,ORIGINAL_ORACLE_PRESERVED,,0.0,,,3.52775,4.72775,1.8,level_family_type,81,31.249106,26.649497,2026-02-02,1.0,True,False,False,False,SELECTOR_GT10
2026-02-04,2026-02-03,L4,RANGE_EXTREME_220_PLUS,CLOSE_POS_UPPER_THIRD,ROWS_STANDARD_9_10,4946.72,PREV_CLOSE_PROXY,,NEUTRAL,4996.14,4912.005,84.135,False,4912.005,84.135,MODE_C_BALANCED,prior_range_fraction::prev_range_0.75,ORIGINAL_ORACLE_PRESERVED,241,4963.775674,32.364326,False,False,ROLLING_RANGE_LEVEL_RESIDUAL,original_base_range_expanded_q75,4937.27825,58.86175,False,False,ROLLING_RANGE_LEVEL_RESIDUAL,superset_base_range_original_mean,original_residual,25.27325,5.0,1.0,11.533828,4.973063,5.560765,level_family_type,65,32.618773,16.330827,2026-02-03,1.0,True,False,False,True,SELECTOR_GT10
2026-02-04,2026-02-03,L5,RANGE_EXTREME_220_PLUS,CLOSE_POS_UPPER_THIRD,ROWS_STANDARD_9_10,4946.72,PREV_CLOSE_PROXY,,NEUTRAL,4948.43,4859.7675,88.6625,False,4859.7675,88.6625,MODE_C_BALANCED,red_box_quarter::red_box_1_75pct,ORIGINAL_ORACLE_PRESERVED,241,4910.69,37.74,False,False,ROLLING_RANGE_LEVEL_RESIDUAL,original_base_range_superset_q75,4902.30875,46.12125,False,False,ROLLING_RANGE_LEVEL_RESIDUAL,superset_base_range_superset_median,superset_residual,42.54125,5.0,1.0,12.327639,6.429552,4.898087,level_family_type,65,35.358499,15.500156,2026-02-03,1.0,True,False,False,True,SELECTOR_GT10
2026-02-04,2026-02-03,L6,RANGE_EXTREME_220_PLUS,CLOSE_POS_UPPER_THIRD,ROWS_STANDARD_9_10,4946.72,PREV_CLOSE_PROXY,,NEUTRAL,4900.2,4775.379891,124.820109,False,4775.379891,124.820109,MODE_B_EMA_CHANNEL_DIRECTION_HEAVY,prior_range_fraction::prev_range_0.333333,ORIGINAL_ORACLE_PRESERVED,241,4850.513641,49.686359,False,False,ROLLING_RANGE_LEVEL_RESIDUAL,original_base_range_expanded_q75,4781.599978,118.600022,False,False,ROLLING_RANGE_LEVEL_RESIDUAL,superset_base_range_superset_median,superset_residual,6.220087,5.0,1.0,15.586132,7.915572,6.67056,level_family_type,65,31.24891,15.458143,2026-02-03,1.0,True,False,False,True,SELECTOR_GT10
2026-02-04,2026-02-03,L7,RANGE_EXTREME_220_PLUS,CLOSE_POS_UPPER_THIRD,ROWS_STANDARD_9_10,4946.72,PREV_CLOSE_PROXY,,NEUTRAL,4851.46,4725.555,125.905,False,4725.555,125.905,MODE_B_EMA_CHANNEL_DIRECTION_HEAVY,red_box_midline::red_mid_2,ORIGINAL_ORACLE_PRESERVED,193,4745.081719,106.378281,False,False,ROLLING_ROW_LEVEL_RESIDUAL,original_base_rows_expanded_q75,4725.555,125.905,False,False,ROLLING_BASE_SUPERSET,ORIGINAL_ORACLE_PRESERVED,,0.0,,,5.276536,6.476536,1.8,level_rows_family,45,37.380575,21.527081,2026-02-03,1.0,True,False,False,False,SELECTOR_GT10
2026-02-05,2026-02-04,L4,RANGE_EXTREME_220_PLUS,CLOSE_POS_MIDDLE_THIRD,ROWS_EXTENDED_11_PLUS,4964.74,PREV_CLOSE_PROXY,,NEUTRAL,4990.45,5091.92,101.47,False,5091.92,101.47,MODE_C_BALANCED,prior_hlc::previous_high,ORIGINAL_ORACLE_PRESERVED,241,5076.7175,86.2675,False,False,ROLLING_ROW_LEVEL_RESIDUAL,original_base_rows_original_q25,5137.700625,147.250625,False,False,ROLLING_RANGE_LEVEL_RESIDUAL,superset_base_range_original_median,original_residual,45.780625,6.0,1.0,6.487419,0.472414,5.015005,level_family_type,66,30.826628,17.611353,2026-02-04,1.0,True,False,False,False,SELECTOR_GT10
2026-02-05,2026-02-04,L5,RANGE_EXTREME_220_PLUS,CLOSE_POS_MIDDLE_THIRD,ROWS_EXTENDED_11_PLUS,4964.74,PREV_CLOSE_PROXY,,NEUTRAL,4944.86,5087.9025,143.0425,False,5087.9025,143.0425,MODE_B_EMA_CHANNEL_DIRECTION_HEAVY,green_box_quarter::green_box_2_75pct,ORIGINAL_ORACLE_PRESERVED,241,5067.981953,123.121953,False,False,ROLLING_ROW_LEVEL_RESIDUAL,original_base_rows_expanded_q25,5134.634375,189.774375,False,False,ROLLING_RANGE_LEVEL_RESIDUAL,superset_base_range_original_median,original_residual,46.731875,6.0,1.0,11.273713,5.305129,4.968585,level_family_type,66,34.880682,15.955888,2026-02-04,1.0,True,False,False,False,SELECTOR_GT10
2026-02-05,2026-02-04,L6,RANGE_EXTREME_220_PLUS,CLOSE_POS_MIDDLE_THIRD,ROWS_EXTENDED_11_PLUS,4964.74,PREV_CLOSE_PROXY,,NEUTRAL,4896.2,5057.9025,161.7025,False,5057.9025,161.7025,MODE_B_EMA_CHANNEL_DIRECTION_HEAVY,red_box_quarter::red_box_1_25pct,ORIGINAL_ORACLE_PRESERVED,241,4985.729249,89.529249,False,False,ROLLING_RANGE_LEVEL_RESIDUAL,superset_base_range_original_q25,5064.122587,167.922587,False,False,ROLLING_RANGE_LEVEL_RESIDUAL,superset_base_range_superset_median,superset_residual,6.220087,5.0,2.0,-4.580752,-12.225412,6.64466,level_family_type,66,30.826628,17.020899,2026-02-04,1.0,True,False,False,False,SELECTOR_GT10
2026-02-05,2026-02-04,L7,RANGE_EXTREME_220_PLUS,CLOSE_POS_MIDDLE_THIRD,ROWS_EXTENDED_11_PLUS,4964.74,PREV_CLOSE_PROXY,,NEUTRAL,4843.94,5031.385,187.445,False,5031.385,187.445,MODE_E_SPACING_PRESERVATION,prior_range_fraction::prev_range_0.75,ORIGINAL_ORACLE_PRESERVED,193,4996.134992,152.194992,False,False,ROLLING_ROW_LEVEL_RESIDUAL,superset_base_rows_original_q25,5031.385,187.445,False,False,ROLLING_BASE_SUPERSET,ORIGINAL_ORACLE_PRESERVED,,0.0,,,-12.453519,-11.253519,1.8,level_family_type,83,30.562313,29.024148,2026-02-04,1.0,True,False,False,False,SELECTOR_GT10
2026-02-06,2026-02-05,L4,RANGE_EXTREME_220_PLUS,CLOSE_POS_LOWER_THIRD,ROWS_EXTENDED_11_PLUS,4779.46,PREV_CLOSE_PROXY,,NEUTRAL,4897.44,4906.79,9.35,False,4906.79,9.35,MODE_C_BALANCED,green_box_edge::green_edge_1,ORIGINAL_ORACLE_PRESERVED,241,4899.329453,1.889453,True,True,ROLLING_SOURCE_LEVEL_RESIDUAL,original_base_source_expanded_q25,4922.365893,24.925893,False,False,ROLLING_RANGE_LEVEL_RESIDUAL,superset_base_range_original_mean,original_residual,15.575893,7.0,1.0,-19.714648,-27.298645,6.583996,level_family_type,67,31.748939,18.759986,2026-02-05,1.0,True,False,False,False,SELECTOR_GT10
2026-02-06,2026-02-05,L5,RANGE_EXTREME_220_PLUS,CLOSE_POS_LOWER_THIRD,ROWS_EXTENDED_11_PLUS,4779.46,PREV_CLOSE_PROXY,,NEUTRAL,4854.08,4876.79,22.71,False,4876.79,22.71,MODE_C_BALANCED,red_box_edge::red_edge_1,ORIGINAL_ORACLE_PRESERVED,241,4856.869453,2.789453,True,True,ROLLING_ROW_LEVEL_RESIDUAL,original_base_rows_expanded_q25,4876.79,22.71,False,False,ROLLING_BASE_SUPERSET,ORIGINAL_ORACLE_PRESERVED,,0.0,,,-23.273082,-22.073082,1.8,level_family_type,85,32.055596,23.353056,2026-02-05,1.0,True,False,False,False,SELECTOR_GT10
2026-02-06,2026-02-05,L6,RANGE_EXTREME_220_PLUS,CLOSE_POS_LOWER_THIRD,ROWS_EXTENDED_11_PLUS,4779.46,PREV_CLOSE_PROXY,,NEUTRAL,4803.0,4803.305,0.305,True,4803.305,0.305,MODE_A_LIVE_PROXIMITY_HEAVY,red_box_midline::red_mid_2,ORIGINAL_ORACLE_PRESERVED,241,4802.964041,0.035959,True,True,ROLLING_SOURCE_LEVEL_RESIDUAL,superset_base_source_original_mean,4803.305,0.305,True,True,ROLLING_BASE_SUPERSET,ORIGINAL_ORACLE_PRESERVED,,0.0,,,-21.897188,-20.697188,1.8,level_family_residual,88,33.137192,23.893613,2026-02-05,1.0,True,False,False,False,SELECTOR_WITHIN_3
2026-02-06,2026-02-05,L7,RANGE_EXTREME_220_PLUS,CLOSE_POS_LOWER_THIRD,ROWS_EXTENDED_11_PLUS,4779.46,PREV_CLOSE_PROXY,,NEUTRAL,4746.79,4792.8125,46.0225,False,4792.8125,46.0225,MODE_C_BALANCED,prior_range_fraction::prev_range_0.125,ORIGINAL_ORACLE_PRESERVED,193,4757.562492,10.772492,False,False,ROLLING_ROW_LEVEL_RESIDUAL,superset_base_rows_original_q25,4792.8125,46.0225,False,False,ROLLING_BASE_SUPERSET,ORIGINAL_ORACLE_PRESERVED,,0.0,,,-24.787714,-23.587714,1.8,level_family_residual,87,31.380742,29.951838,2026-02-05,1.0,True,False,False,False,SELECTOR_GT10
2026-02-09,2026-02-06,L4,RANGE_EXTREME_220_PLUS,CLOSE_POS_UPPER_THIRD,ROWS_STANDARD_9_10,4965.74,PREV_CLOSE_PROXY,,NEUTRAL,4956.67,4971.43,14.76,False,4971.43,14.76,MODE_B_EMA_CHANNEL_DIRECTION_HEAVY,prior_hlc::previous_high,ORIGINAL_ORACLE_PRESERVED,241,4963.365151,6.695151,False,False,ROLLING_SOURCE_LEVEL_RESIDUAL,original_base_source_expanded_q25,4980.291301,23.621301,False,False,ROLLING_ROW_LEVEL_RESIDUAL,superset_base_rows_original_mean,original_residual,8.861301,45.0,5.0,4.624016,-12.254052,15.878069,level_family_type,73,34.335438,23.383166,2026-02-06,3.0,True,False,False,False,SELECTOR_GT10
2026-02-09,2026-02-06,L5,RANGE_EXTREME_220_PLUS,CLOSE_POS_UPPER_THIRD,ROWS_STANDARD_9_10,4965.74,PREV_CLOSE_PROXY,,NEUTRAL,4905.52,4928.17625,22.65625,False,4928.17625,22.65625,MODE_B_EMA_CHANNEL_DIRECTION_HEAVY,red_box_quarter::red_box_1_25pct,ORIGINAL_ORACLE_PRESERVED,241,4917.408125,11.888125,False,False,ROLLING_SOURCE_LEVEL_RESIDUAL,superset_base_source_expanded_q25,4931.506262,25.986262,False,False,ROLLING_ROW_LEVEL_RESIDUAL,superset_base_rows_original_median,original_residual,3.330012,46.0,5.0,6.042133,-11.485863,16.527995,level_family_type,74,32.697201,23.045915,2026-02-06,3.0,True,False,False,False,SELECTOR_GT10
2026-02-09,2026-02-06,L6,RANGE_EXTREME_220_PLUS,CLOSE_POS_UPPER_THIRD,ROWS_STANDARD_9_10,4965.74,PREV_CLOSE_PROXY,,NEUTRAL,4853.78,4884.9225,31.1425,False,4884.9225,31.1425,MODE_C_BALANCED,red_box_midline::red_mid_1,ORIGINAL_ORACLE_PRESERVED,241,4872.371149,18.591149,False,False,ROLLING_SOURCE_LEVEL_RESIDUAL,superset_base_source_expanded_q25,4884.112148,30.332148,False,False,ROLLING_LEVEL_RESIDUAL,superset_base_level_superset_mean,superset_residual,-0.810352,85.0,3.0,7.586994,-11.455761,18.042755,level_family_type,84,34.57794,24.221535,2026-02-06,3.0,True,False,False,True,SELECTOR_GT10
2026-02-09,2026-02-06,L7,RANGE_EXTREME_220_PLUS,CLOSE_POS_UPPER_THIRD,ROWS_STANDARD_9_10,4965.74,PREV_CLOSE_PROXY,,NEUTRAL,4803.35,4828.415,25.065,False,4828.415,25.065,MODE_C_BALANCED,green_box_edge::green_edge_1,ORIGINAL_ORACLE_PRESERVED,241,4806.725871,3.375871,False,True,ROLLING_ROW_LEVEL_RESIDUAL,superset_base_rows_expanded_q25,4782.3925,20.9575,False,False,ROLLING_RANGE_LEVEL_RESIDUAL,superset_base_range_superset_median,superset_residual,-46.0225,5.0,3.0,6.396971,0.720569,4.676402,level_family_type,62,36.873864,17.678587,2026-02-06,3.0,True,False,False,True,SELECTOR_GT10
2026-02-10,2026-02-09,L4,RANGE_WIDE_120_220,CLOSE_POS_UPPER_THIRD,ROWS_STANDARD_9_10,5057.94,PREV_CLOSE_PROXY,,NEUTRAL,5139.66,5135.6975,3.9625,True,5135.6975,3.9625,MODE_B_EMA_CHANNEL_DIRECTION_HEAVY,green_box_quarter::green_box_3_25pct,ORIGINAL_ORACLE_PRESERVED,289,5139.833437,0.173437,True,True,ROLLING_LEVEL_RESIDUAL,superset_base_level_original_median,5140.00125,0.34125,True,True,ROLLING_LEVEL_RESIDUAL,superset_base_level_superset_median,superset_residual,4.30375,86.0,1.0,20.007049,0.902972,18.104077,level_range_close_family_type,5,29.320804,19.61775,2026-02-09,1.0,True,False,True,True,SELECTOR_WITHIN_3
2026-02-10,2026-02-09,L5,RANGE_WIDE_120_220,CLOSE_POS_UPPER_THIRD,ROWS_STANDARD_9_10,5057.94,PREV_CLOSE_PROXY,,NEUTRAL,5081.07,5116.72,35.65,False,5116.72,35.65,MODE_B_EMA_CHANNEL_DIRECTION_HEAVY,green_box_edge::green_edge_2,ORIGINAL_ORACLE_PRESERVED,289,5100.923438,19.853438,False,False,ROLLING_RANGE_LEVEL_RESIDUAL,superset_base_range_superset_q25,5120.00669,38.93669,False,False,ROLLING_ROW_LEVEL_RESIDUAL,superset_base_rows_original_median,original_residual,3.28669,47.0,1.0,18.565837,0.732127,16.83371,level_family_type,75,32.303259,23.08512,2026-02-09,1.0,True,False,False,False,SELECTOR_GT10
2026-02-10,2026-02-09,L6,RANGE_WIDE_120_220,CLOSE_POS_UPPER_THIRD,ROWS_STANDARD_9_10,5057.94,PREV_CLOSE_PROXY,,NEUTRAL,5034.62,5057.94,23.32,False,5057.94,23.32,MODE_D_NEAREST_VALID_LADDER,prior_hlc::previous_close,ORIGINAL_ORACLE_PRESERVED,289,5033.070312,1.549687,True,True,ROLLING_RANGE_LEVEL_RESIDUAL,superset_base_range_superset_q25,5056.776948,22.156948,False,False,ROLLING_LEVEL_RESIDUAL,superset_base_level_superset_mean,superset_residual,-1.163052,86.0,1.0,15.458186,-3.619157,18.077343,level_family_type,85,34.206134,24.293424,2026-02-09,1.0,True,False,False,True,SELECTOR_GT10
2026-02-10,2026-02-09,L7,RANGE_WIDE_120_220,CLOSE_POS_UPPER_THIRD,ROWS_STANDARD_9_10,5057.94,PREV_CLOSE_PROXY,,NEUTRAL,4987.02,5056.265,69.245,False,5056.265,69.245,MODE_A_LIVE_PROXIMITY_HEAVY,prior_range_fraction::prev_range_0.75,ORIGINAL_ORACLE_PRESERVED,289,5027.63875,40.61875,False,False,ROLLING_RANGE_LEVEL_RESIDUAL,superset_base_range_original_q25,5056.010625,68.990625,False,False,ROLLING_LEVEL_RESIDUAL,superset_base_level_superset_median,superset_residual,-0.254375,82.0,1.0,18.330105,-0.971582,18.301686,level_rows_family,2112,26.689231,26.933672,2026-02-09,1.0,True,False,False,True,SELECTOR_GT10
2026-02-11,2026-02-10,L4,RANGE_NORMAL_60_120,CLOSE_POS_MIDDLE_THIRD,ROWS_STANDARD_9_10,5025.3,PREV_CLOSE_PROXY,,NEUTRAL,5075.63,5078.415,2.785,True,5078.415,2.785,MODE_C_BALANCED,green_box_midline::green_mid_2 | prior_hlc::previous_high,ORIGINAL_ORACLE_PRESERVED,337,5075.464837,0.165163,True,True,ROLLING_RANGE_CLOSE_LEVEL_RESIDUAL,original_base_range_close_superset_q25,5078.89525,3.26525,False,True,ROLLING_REGIME_LEVEL_RESIDUAL,superset_base_regime_original_mean,original_residual,0.48025,10.0,34.0,45.05511,35.264146,8.790964,level_range_close_family_type,8,42.573153,6.076141,2026-02-10,1.0,True,False,False,False,SELECTOR_WITHIN_5
2026-02-11,2026-02-10,L5,RANGE_NORMAL_60_120,CLOSE_POS_MIDDLE_THIRD,ROWS_STANDARD_9_10,5025.3,PREV_CLOSE_PROXY,,NEUTRAL,5016.51,5031.7725,15.2625,False,5031.7725,15.2625,MODE_C_BALANCED,prior_hlc::previous_pivot_hlc3 | red_box_quarter::red_box_1_75pct,ORIGINAL_ORACLE_PRESERVED,337,5020.368125,3.858125,False,True,ROLLING_RANGE_LEVEL_RESIDUAL,superset_base_range_expanded_recent5_median,5035.239595,18.729595,False,False,ROLLING_REGIME_LEVEL_RESIDUAL,superset_base_regime_superset_recent8_median,superset_residual,3.467095,8.0,34.0,45.303768,35.908563,8.395206,level_range_close_family_type,8,42.573153,5.783511,2026-02-10,1.0,True,False,False,False,SELECTOR_GT10
2026-02-11,2026-02-10,L6,RANGE_NORMAL_60_120,CLOSE_POS_MIDDLE_THIRD,ROWS_STANDARD_9_10,5025.3,PREV_CLOSE_PROXY,,NEUTRAL,4967.33,5010.19,42.86,False,5010.19,42.86,MODE_C_BALANCED,prior_range_fraction::prev_range_0.25,ORIGINAL_ORACLE_PRESERVED,337,4986.87,19.54,False,False,ROLLING_SOURCE_LEVEL_RESIDUAL,superset_base_source_superset_recent5_median,5017.26,49.93,False,False,ROLLING_REGIME_LEVEL_RESIDUAL,original_base_regime_superset_q75,superset_residual,7.07,10.0,34.0,44.126395,34.687011,8.439384,level_range_close_family_type,8,48.823153,4.455603,2026-02-10,1.0,True,False,False,False,SELECTOR_GT10
2026-02-11,2026-02-10,L7,RANGE_NORMAL_60_120,CLOSE_POS_MIDDLE_THIRD,ROWS_STANDARD_9_10,5025.3,PREV_CLOSE_PROXY,,NEUTRAL,4912.29,4957.4,45.11,False,4957.4,45.11,MODE_B_EMA_CHANNEL_DIRECTION_HEAVY,red_box_edge::red_edge_2,ORIGINAL_ORACLE_PRESERVED,337,4911.3775,0.9125,True,True,ROLLING_LEVEL_RESIDUAL,superset_base_level_superset_recent5_median,4956.8275,44.5375,False,False,ROLLING_REGIME_LEVEL_RESIDUAL,superset_base_regime_original_q25,original_residual,-0.5725,10.0,34.0,41.000087,31.243625,8.756462,level_regime_family_type,7,38.744697,7.074152,2026-02-10,1.0,True,False,False,True,SELECTOR_GT10
2026-02-12,2026-02-11,L4,RANGE_NORMAL_60_120,CLOSE_POS_MIDDLE_THIRD,ROWS_EXTENDED_11_PLUS,5084.24,PREV_CLOSE_PROXY,,NEUTRAL,5117.76,5119.06,1.3,True,5119.06,1.3,MODE_B_EMA_CHANNEL_DIRECTION_HEAVY,prior_hlc::previous_high,ORIGINAL_ORACLE_PRESERVED,289,5117.428275,0.331725,True,True,ROLLING_ROW_LEVEL_RESIDUAL,superset_base_rows_superset_mean,5122.415214,4.655214,False,True,ROLLING_RANGE_CLOSE_LEVEL_RESIDUAL,original_base_range_close_superset_mean,superset_residual,3.355214,16.0,1.0,35.49034,23.034974,11.455366,level_range_close_family_type,12,39.058523,6.950834,2026-02-11,1.0,True,False,False,False,SELECTOR_WITHIN_5
2026-02-12,2026-02-11,L5,RANGE_NORMAL_60_120,CLOSE_POS_MIDDLE_THIRD,ROWS_EXTENDED_11_PLUS,5084.24,PREV_CLOSE_PROXY,,NEUTRAL,5075.63,5067.735,7.895,False,5067.735,7.895,MODE_C_BALANCED,green_box_quarter::green_box_1_75pct,ORIGINAL_ORACLE_PRESERVED,289,5075.75377,0.12377,True,True,ROLLING_RANGE_CLOSE_LEVEL_RESIDUAL,original_base_range_close_expanded_median,5069.523624,6.106376,False,False,ROLLING_RANGE_CLOSE_LEVEL_RESIDUAL,superset_base_range_close_superset_mean,superset_residual,1.788624,16.0,1.0,34.17128,21.639465,11.531815,level_range_close_family_type,12,39.058523,7.655708,2026-02-11,1.0,True,False,False,True,SELECTOR_WITHIN_10
2026-02-12,2026-02-11,L6,RANGE_NORMAL_60_120,CLOSE_POS_MIDDLE_THIRD,ROWS_EXTENDED_11_PLUS,5084.24,PREV_CLOSE_PROXY,,NEUTRAL,5037.65,5035.205,2.445,True,5035.205,2.445,MODE_C_BALANCED,green_box_quarter::green_box_1_25pct,ORIGINAL_ORACLE_PRESERVED,289,5037.536655,0.113345,True,True,ROLLING_RANGE_LEVEL_RESIDUAL,superset_base_range_original_recent20_median,5039.438125,1.788125,True,True,ROLLING_RANGE_CLOSE_LEVEL_RESIDUAL,original_base_range_close_superset_recent20_median,superset_residual,4.233125,16.0,1.0,28.053112,15.460588,11.592524,level_range_close_family_type,12,44.058523,8.374436,2026-02-11,1.0,True,False,False,True,SELECTOR_WITHIN_3
2026-02-12,2026-02-11,L7,RANGE_NORMAL_60_120,CLOSE_POS_MIDDLE_THIRD,ROWS_EXTENDED_11_PLUS,5084.24,PREV_CLOSE_PROXY,,NEUTRAL,4999.12,5005.205,6.085,False,5005.205,6.085,MODE_B_EMA_CHANNEL_DIRECTION_HEAVY,red_box_quarter::red_box_2_75pct,ORIGINAL_ORACLE_PRESERVED,289,4998.288125,0.831875,True,True,ROLLING_RANGE_LEVEL_RESIDUAL,original_base_range_expanded_recent12_median,5004.806875,5.686875,False,False,ROLLING_LEVEL_RESIDUAL,superset_base_level_superset_median,superset_residual,-0.398125,84.0,1.0,29.476959,10.182288,18.294672,level_range_close_family_type,15,38.311759,11.975062,2026-02-11,1.0,True,False,False,True,SELECTOR_WITHIN_10
2026-02-13,2026-02-12,L4,RANGE_EXTREME_220_PLUS,CLOSE_POS_LOWER_THIRD,ROWS_SPARSE_1_8,4921.64,PREV_CLOSE_PROXY,,NEUTRAL,4960.96,4952.346593,8.613407,False,4952.346593,8.613407,MODE_B_EMA_CHANNEL_DIRECTION_HEAVY,prior_range_fraction::prev_range_0.333333,ORIGINAL_ORACLE_PRESERVED,241,4960.722843,0.237157,True,True,ROLLING_LEVEL_RESIDUAL,original_base_level_expanded_median,4961.782287,0.822287,True,True,ROLLING_RANGE_LEVEL_RESIDUAL,superset_base_range_original_mean,original_residual,9.435694,9.0,4.0,15.526217,7.170279,7.355938,level_family_residual,1152,25.932043,20.382366,2026-02-12,1.0,True,True,True,True,SELECTOR_WITHIN_3
2026-02-13,2026-02-12,L5,RANGE_EXTREME_220_PLUS,CLOSE_POS_LOWER_THIRD,ROWS_SPARSE_1_8,4921.64,PREV_CLOSE_PROXY,,NEUTRAL,4914.19,4921.64,7.45,False,4921.64,7.45,MODE_D_NEAREST_VALID_LADDER,prior_hlc::previous_close,ORIGINAL_ORACLE_PRESERVED,241,4914.398515,0.208515,True,True,ROLLING_SOURCE_LEVEL_RESIDUAL,superset_base_source_expanded_recent8_median,4944.565,30.375,False,False,ROLLING_RANGE_LEVEL_RESIDUAL,superset_base_range_original_mean,original_residual,22.925,8.0,4.0,10.288312,2.865652,6.42266,level_rows_family,1056,34.286814,10.808376,2026-02-12,1.0,True,False,False,False,SELECTOR_GT10
2026-02-13,2026-02-12,L6,RANGE_EXTREME_220_PLUS,CLOSE_POS_LOWER_THIRD,ROWS_SPARSE_1_8,4921.64,PREV_CLOSE_PROXY,,NEUTRAL,4870.79,4879.98,9.19,False,4879.98,9.19,MODE_C_BALANCED,red_box_quarter::red_box_2_75pct,ORIGINAL_ORACLE_PRESERVED,289,4871.165,0.375,True,True,ROLLING_LEVEL_RESIDUAL,superset_base_level_original_q25,4843.740874,27.049126,False,False,ROLLING_RANGE_CLOSE_LEVEL_RESIDUAL,superset_base_range_close_superset_recent20_median,superset_residual,-36.239126,4.0,7.0,37.998608,30.423377,6.575231,level_family_type,49,36.511762,12.970504,2026-02-12,1.0,True,False,False,False,SELECTOR_GT10
2026-02-13,2026-02-12,L7,RANGE_EXTREME_220_PLUS,CLOSE_POS_LOWER_THIRD,ROWS_SPARSE_1_8,4921.64,PREV_CLOSE_PROXY,,NEUTRAL,4825.68,4878.56,52.88,False,4878.56,52.88,MODE_B_EMA_CHANNEL_DIRECTION_HEAVY,prior_hlc::previous_low,ORIGINAL_ORACLE_PRESERVED,289,4821.77875,3.90125,False,True,ROLLING_RANGE_CLOSE_LEVEL_RESIDUAL,superset_base_range_close_superset_recent8_median,4821.77875,3.90125,False,True,ROLLING_RANGE_CLOSE_LEVEL_RESIDUAL,superset_base_range_close_superset_recent8_median,superset_residual,-56.78125,4.0,7.0,27.402031,20.709256,5.692775,level_family_type,46,38.540194,17.324699,2026-02-12,1.0,True,True,False,True,SELECTOR_WITHIN_5
2026-02-16,2026-02-13,L4,RANGE_WIDE_120_220,CLOSE_POS_UPPER_THIRD,ROWS_SPARSE_1_8,5042.46,PREV_CLOSE_PROXY,,NEUTRAL,5039.88,5027.2375,12.6425,False,5027.2375,12.6425,MODE_C_BALANCED,prior_range_fraction::prev_range_0.875 | green_box_midline::green_mid_2,ORIGINAL_ORACLE_PRESERVED,289,5040.628223,0.748223,True,True,ROLLING_LEVEL_RESIDUAL,superset_base_level_expanded_recent20_median,5031.23875,8.64125,False,False,ROLLING_LEVEL_RESIDUAL,superset_base_level_superset_median,superset_residual,4.00125,90.0,3.0,33.09502,14.027981,18.067039,level_range_close_family_type,6,34.369318,16.405,2026-02-13,3.0,True,False,False,True,SELECTOR_WITHIN_10
2026-02-16,2026-02-13,L5,RANGE_WIDE_120_220,CLOSE_POS_UPPER_THIRD,ROWS_SPARSE_1_8,5042.46,PREV_CLOSE_PROXY,,NEUTRAL,5001.35,5004.625,3.275,True,5004.625,3.275,MODE_C_BALANCED,green_box_quarter::green_box_2_25pct,ORIGINAL_ORACLE_PRESERVED,289,5001.280625,0.069375,True,True,ROLLING_ROW_LEVEL_RESIDUAL,superset_base_rows_expanded_recent20_median,5006.822088,5.472088,False,False,ROLLING_LEVEL_RESIDUAL,superset_base_level_superset_mean,superset_residual,2.197088,91.0,3.0,25.165212,6.19013,17.975082,level_rows_family,1296,29.663474,11.97588,2026-02-13,3.0,True,False,False,False,SELECTOR_WITHIN_10
2026-02-16,2026-02-13,L6,RANGE_WIDE_120_220,CLOSE_POS_UPPER_THIRD,ROWS_SPARSE_1_8,5042.46,PREV_CLOSE_PROXY,,NEUTRAL,4961.15,4980.8,19.65,False,4980.8,19.65,MODE_C_BALANCED,green_box_edge::green_edge_1,ORIGINAL_ORACLE_PRESERVED,289,4960.55,0.6,True,True,ROLLING_RANGE_CLOSE_LEVEL_RESIDUAL,original_base_range_close_superset_recent5_median,4978.878362,17.728362,False,False,ROLLING_LEVEL_RESIDUAL,superset_base_level_superset_mean,superset_residual,-1.921638,90.0,3.0,25.195689,6.207165,17.988524,level_rows_family,1296,26.365928,12.746888,2026-02-13,3.0,True,False,False,True,SELECTOR_GT10
2026-02-16,2026-02-13,L7,RANGE_WIDE_120_220,CLOSE_POS_UPPER_THIRD,ROWS_SPARSE_1_8,5042.46,PREV_CLOSE_PROXY,,NEUTRAL,4914.19,4938.4,24.21,False,4956.975,42.785,MODE_C_BALANCED,green_box_quarter::green_box_1_75pct,EXPANDED_ORACLE_BETTER,242,4914.170156,0.019844,True,True,ROLLING_LEVEL_RESIDUAL,superset_base_level_expanded_q25,4956.975,42.785,False,False,ROLLING_BASE_ORIGINAL,MODE_C_BALANCED,,0.0,,,19.751683,21.437433,1.31425,family_type,15,29.616107,12.471368,2026-02-13,3.0,True,False,False,False,SELECTOR_GT10
2026-02-17,2026-02-16,L4,RANGE_NORMAL_60_120,CLOSE_POS_MIDDLE_THIRD,ROWS_STANDARD_9_10,4993.64,PREV_CLOSE_PROXY,,NEUTRAL,5037.25,5041.18125,3.93125,True,5041.18125,3.93125,MODE_D_NEAREST_VALID_LADDER,prior_range_fraction::prev_range_0.875,ORIGINAL_ORACLE_PRESERVED,337,5037.1975,0.0525,True,True,ROLLING_RANGE_LEVEL_RESIDUAL,original_base_range_superset_q25,5041.364659,4.114659,False,True,ROLLING_REGIME_LEVEL_RESIDUAL,superset_base_regime_original_mean,original_residual,0.183409,11.0,6.0,48.014264,37.208615,9.80565,level_regime_family_type,8,42.573153,5.885454,2026-02-16,1.0,True,False,False,False,SELECTOR_WITHIN_5
2026-02-17,2026-02-16,L5,RANGE_NORMAL_60_120,CLOSE_POS_MIDDLE_THIRD,ROWS_STANDARD_9_10,4993.64,PREV_CLOSE_PROXY,,NEUTRAL,4997.56,4993.7875,3.7725,True,4993.7875,3.7725,MODE_C_BALANCED,green_box_midline::green_mid_1,ORIGINAL_ORACLE_PRESERVED,337,4997.473074,0.086927,True,True,ROLLING_RANGE_CLOSE_LEVEL_RESIDUAL,superset_base_range_close_superset_recent8_median,4997.07419,0.48581,True,True,ROLLING_RANGE_CLOSE_LEVEL_RESIDUAL,superset_base_range_close_superset_recent20_median,superset_residual,3.28669,17.0,5.0,46.368891,33.558781,11.81011,level_range_close_family_type,13,41.960498,7.670292,2026-02-16,1.0,True,False,True,True,SELECTOR_WITHIN_3
2026-02-17,2026-02-16,L6,RANGE_NORMAL_60_120,CLOSE_POS_MIDDLE_THIRD,ROWS_STANDARD_9_10,4993.64,PREV_CLOSE_PROXY,,NEUTRAL,4963.07,4986.2875,23.2175,False,4986.2875,23.2175,MODE_D_NEAREST_VALID_LADDER,prior_range_fraction::prev_range_0.25,ORIGINAL_ORACLE_PRESERVED,337,4962.9675,0.1025,True,True,ROLLING_ROW_LEVEL_RESIDUAL,original_base_rows_original_recent5_median,4990.47125,27.40125,False,False,ROLLING_RANGE_CLOSE_LEVEL_RESIDUAL,original_base_range_close_superset_recent20_median,superset_residual,4.18375,17.0,5.0,45.188127,32.421794,11.766333,level_range_close_family_type,13,46.722403,7.867797,2026-02-16,1.0,True,False,False,False,SELECTOR_GT10
2026-02-17,2026-02-16,L7,RANGE_NORMAL_60_120,CLOSE_POS_MIDDLE_THIRD,ROWS_STANDARD_9_10,4993.64,PREV_CLOSE_PROXY,,NEUTRAL,4920.57,4890.14375,30.42625,False,4890.14375,30.42625,MODE_B_EMA_CHANNEL_DIRECTION_HEAVY,red_box_quarter::red_box_3_75pct,ORIGINAL_ORACLE_PRESERVED,337,4915.504063,5.065937,False,False,ROLLING_REGIME_LEVEL_RESIDUAL,original_base_regime_expanded_q75,4890.650625,29.919375,False,False,ROLLING_RANGE_LEVEL_RESIDUAL,superset_base_range_original_median,original_residual,0.506875,48.0,5.0,39.633135,21.68737,16.945765,level_regime_family_type,9,40.06885,10.761319,2026-02-16,1.0,True,False,False,True,SELECTOR_GT10
2026-02-18,2026-02-17,L4,RANGE_WIDE_120_220,CLOSE_POS_LOWER_THIRD,ROWS_STANDARD_9_10,4877.1,PREV_CLOSE_PROXY,,NEUTRAL,4912.68,4912.9,0.22,True,4912.9,0.22,MODE_B_EMA_CHANNEL_DIRECTION_HEAVY,green_box_quarter::green_box_1_75pct,ORIGINAL_ORACLE_PRESERVED,241,4912.9,0.22,True,True,ROLLING_BASE_SUPERSET,ORIGINAL_ORACLE_PRESERVED,4918.42711,5.74711,False,False,ROLLING_SOURCE_LEVEL_RESIDUAL,superset_base_source_superset_mean,superset_residual,5.52711,82.0,1.0,20.428753,1.204376,18.224377,family_type,351,31.702425,25.208021,2026-02-17,1.0,True,False,False,False,SELECTOR_WITHIN_10
2026-02-18,2026-02-17,L5,RANGE_WIDE_120_220,CLOSE_POS_LOWER_THIRD,ROWS_STANDARD_9_10,4877.1,PREV_CLOSE_PROXY,,NEUTRAL,4878.73,4881.84,3.11,True,4881.84,3.11,MODE_C_BALANCED,prior_range_fraction::prev_range_0.25,ORIGINAL_ORACLE_PRESERVED,241,4878.565,0.165,True,True,ROLLING_LEVEL_RESIDUAL,superset_base_level_superset_recent5_median,4883.854865,5.124865,False,False,ROLLING_ROW_LEVEL_RESIDUAL,superset_base_rows_original_mean,original_residual,2.014865,50.0,1.0,26.334358,8.018583,17.315775,level_family_residual,1296,27.362861,23.945342,2026-02-17,1.0,True,False,False,False,SELECTOR_WITHIN_10
2026-02-18,2026-02-17,L6,RANGE_WIDE_120_220,CLOSE_POS_LOWER_THIRD,ROWS_STANDARD_9_10,4877.1,PREV_CLOSE_PROXY,,NEUTRAL,4842.48,4842.22,0.26,True,4842.22,0.26,MODE_C_BALANCED,prior_hlc::previous_low,ORIGINAL_ORACLE_PRESERVED,241,4842.5425,0.0625,True,True,ROLLING_SOURCE_LEVEL_RESIDUAL,superset_base_source_original_median,4839.874185,2.605815,True,True,ROLLING_LEVEL_RESIDUAL,superset_base_level_superset_mean,superset_residual,-2.345815,92.0,1.0,25.587411,6.567787,18.019624,family_type,361,32.740299,24.323533,2026-02-17,1.0,True,False,False,False,SELECTOR_WITHIN_3
2026-02-18,2026-02-17,L7,RANGE_WIDE_120_220,CLOSE_POS_LOWER_THIRD,ROWS_STANDARD_9_10,4877.1,PREV_CLOSE_PROXY,,NEUTRAL,4805.69,4812.22,6.53,False,4812.22,6.53,MODE_B_EMA_CHANNEL_DIRECTION_HEAVY,red_box_edge::red_edge_2,ORIGINAL_ORACLE_PRESERVED,241,4806.809068,1.119068,True,True,ROLLING_LEVEL_RESIDUAL,superset_base_level_original_mean,4811.821875,6.131875,False,False,ROLLING_ROW_LEVEL_RESIDUAL,superset_base_rows_original_median,original_residual,-0.398125,48.0,1.0,19.411993,1.237321,17.174671,level_range_close_family,96,34.434331,53.804824,2026-02-17,1.0,True,False,False,True,SELECTOR_WITHIN_10
2026-02-19,2026-02-18,L4,RANGE_WIDE_120_220,CLOSE_POS_UPPER_THIRD,ROWS_EXTENDED_11_PLUS,4977.24,PREV_CLOSE_PROXY,,NEUTRAL,5030.72,4970.93375,59.78625,False,4970.93375,59.78625,MODE_A_LIVE_PROXIMITY_HEAVY,green_box_quarter::green_box_2_25pct,ORIGINAL_ORACLE_PRESERVED,289,5005.909543,24.810457,False,False,ROLLING_ROW_LEVEL_RESIDUAL,original_base_rows_expanded_q75,4974.89625,55.82375,False,False,ROLLING_LEVEL_RESIDUAL,superset_base_level_superset_median,superset_residual,3.9625,93.0,1.0,32.783059,13.662329,18.12073,level_range_close_family_type,7,32.07803,15.295893,2026-02-18,1.0,True,False,False,True,SELECTOR_GT10
2026-02-19,2026-02-18,L5,RANGE_WIDE_120_220,CLOSE_POS_UPPER_THIRD,ROWS_EXTENDED_11_PLUS,4977.24,PREV_CLOSE_PROXY,,NEUTRAL,5000.02,4964.2825,35.7375,False,4964.2825,35.7375,MODE_C_BALANCED,red_box_midline::red_mid_1,ORIGINAL_ORACLE_PRESERVED,289,5002.251111,2.231111,True,True,ROLLING_ROW_LEVEL_RESIDUAL,original_base_rows_expanded_q75,4961.0075,39.0125,False,False,ROLLING_RANGE_CLOSE_LEVEL_RESIDUAL,superset_base_range_close_superset_recent20_median,superset_residual,-3.275,7.0,3.0,30.683631,20.571151,9.11248,level_family_type,51,38.663906,12.482196,2026-02-18,1.0,True,False,False,False,SELECTOR_GT10
2026-02-19,2026-02-18,L6,RANGE_WIDE_120_220,CLOSE_POS_UPPER_THIRD,ROWS_EXTENDED_11_PLUS,4977.24,PREV_CLOSE_PROXY,,NEUTRAL,4972.89,4947.585,25.305,False,4947.585,25.305,MODE_C_BALANCED,green_box_edge::green_edge_1,ORIGINAL_ORACLE_PRESERVED,289,4970.276475,2.613525,True,True,ROLLING_RANGE_LEVEL_RESIDUAL,original_base_range_original_q75,4927.935,44.955,False,False,ROLLING_RANGE_CLOSE_LEVEL_RESIDUAL,superset_base_range_close_superset_recent12_median,superset_residual,-19.65,7.0,3.0,24.928545,15.495165,8.43338,level_family_type,52,36.352841,13.346519,2026-02-18,1.0,True,False,False,False,SELECTOR_GT10
2026-02-19,2026-02-18,L7,RANGE_WIDE_120_220,CLOSE_POS_UPPER_THIRD,ROWS_EXTENDED_11_PLUS,4977.24,PREV_CLOSE_PROXY,,NEUTRAL,4944.55,4932.585,11.965,False,4932.585,11.965,MODE_A_LIVE_PROXIMITY_HEAVY,prior_hlc::previous_mid,ORIGINAL_ORACLE_PRESERVED,289,4944.785,0.235,True,True,ROLLING_SOURCE_LEVEL_RESIDUAL,original_base_source_superset_q75,4932.055,12.495,False,False,ROLLING_LEVEL_RESIDUAL,superset_base_level_superset_median,superset_residual,-0.53,89.0,1.0,13.25173,-6.036506,18.288236,family_type,365,31.853004,24.106089,2026-02-18,1.0,True,False,False,False,SELECTOR_GT10
2026-02-20,2026-02-19,L4,RANGE_NORMAL_60_120,CLOSE_POS_MIDDLE_THIRD,ROWS_STANDARD_9_10,4995.96,PREV_CLOSE_PROXY,,NEUTRAL,5017.88,5022.25,4.37,True,5022.25,4.37,MODE_C_BALANCED,prior_hlc::previous_high,ORIGINAL_ORACLE_PRESERVED,337,5017.887813,0.007812,True,True,ROLLING_REGIME_LEVEL_RESIDUAL,original_base_regime_superset_q25,5022.090521,4.210521,False,True,ROLLING_REGIME_LEVEL_RESIDUAL,superset_base_regime_original_mean,original_residual,-0.159479,12.0,3.0,50.371775,39.212258,10.159517,level_regime_family_type,9,45.951203,5.688699,2026-02-19,1.0,True,False,False,True,SELECTOR_WITHIN_5
2026-02-20,2026-02-19,L5,RANGE_NORMAL_60_120,CLOSE_POS_MIDDLE_THIRD,ROWS_STANDARD_9_10,4995.96,PREV_CLOSE_PROXY,,NEUTRAL,4995.03,4995.16372,0.13372,True,4992.956667,2.073333,MODE_C_BALANCED,prior_hlc::previous_pivot_hlc3,EXPANDED_ORACLE_BETTER,290,4995.076354,0.046355,True,True,ROLLING_RANGE_LEVEL_RESIDUAL,original_base_range_superset_median,4998.106654,3.076654,False,True,ROLLING_REGIME_LEVEL_RESIDUAL,superset_base_regime_original_mean,original_residual,2.942934,12.0,3.0,52.706792,41.691935,10.014857,level_regime_family_type,9,40.06885,6.197265,2026-02-19,1.0,True,False,False,False,SELECTOR_WITHIN_5
2026-02-20,2026-02-19,L6,RANGE_NORMAL_60_120,CLOSE_POS_MIDDLE_THIRD,ROWS_STANDARD_9_10,4995.96,PREV_CLOSE_PROXY,,NEUTRAL,4965.99,4976.25625,10.26625,False,4976.25625,10.26625,MODE_C_BALANCED,prior_range_fraction::prev_range_0.25 | red_box_edge::red_edge_1,ORIGINAL_ORACLE_PRESERVED,337,4966.30875,0.31875,True,True,ROLLING_ROW_LEVEL_RESIDUAL,superset_base_rows_original_q25,4979.570625,13.580625,False,False,ROLLING_RANGE_CLOSE_LEVEL_RESIDUAL,original_base_range_close_superset_recent20_median,superset_residual,3.314375,18.0,3.0,38.13837,25.002811,12.135559,level_range_close_family_type,14,44.598657,9.263044,2026-02-19,1.0,True,False,False,False,SELECTOR_GT10
2026-02-20,2026-02-19,L7,RANGE_NORMAL_60_120,CLOSE_POS_MIDDLE_THIRD,ROWS_STANDARD_9_10,4995.96,PREV_CLOSE_PROXY,,NEUTRAL,4935.99,4919.21125,16.77875,False,4919.21125,16.77875,MODE_B_EMA_CHANNEL_DIRECTION_HEAVY,red_box_quarter::red_box_3_25pct,ORIGINAL_ORACLE_PRESERVED,337,4935.951875,0.038125,True,True,ROLLING_LEVEL_RESIDUAL,original_base_level_expanded_q75,4919.8725,16.1175,False,False,ROLLING_RANGE_LEVEL_RESIDUAL,superset_base_range_original_median,original_residual,0.66125,49.0,3.0,36.808261,18.61823,17.190031,level_regime_family_type,10,37.842803,12.677125,2026-02-19,1.0,True,False,False,True,SELECTOR_GT10
2026-02-23,2026-02-20,L4,RANGE_WIDE_120_220,CLOSE_POS_UPPER_THIRD,ROWS_EXTENDED_11_PLUS,5107.8,PREV_CLOSE_PROXY,,NEUTRAL,5150.72,5137.96,12.76,False,5137.96,12.76,MODE_B_EMA_CHANNEL_DIRECTION_HEAVY,green_box_edge::green_edge_2,ORIGINAL_ORACLE_PRESERVED,337,5150.6025,0.1175,True,True,ROLLING_RANGE_CLOSE_LEVEL_RESIDUAL,original_base_range_close_superset_recent5_median,5151.807917,1.087917,True,True,ROLLING_REGIME_LEVEL_RESIDUAL,superset_base_regime_original_mean,original_residual,13.847917,3.0,4.0,46.464877,38.474255,6.990622,level_family_type,35,46.073732,7.38262,2026-02-20,3.0,True,True,True,True,SELECTOR_WITHIN_3
2026-02-23,2026-02-20,L5,RANGE_WIDE_120_220,CLOSE_POS_UPPER_THIRD,ROWS_EXTENDED_11_PLUS,5107.8,PREV_CLOSE_PROXY,,NEUTRAL,5126.12,5098.92,27.2,False,5098.92,27.2,MODE_D_NEAREST_VALID_LADDER,green_box_midline::green_mid_2,ORIGINAL_ORACLE_PRESERVED,337,5128.736289,2.616289,True,True,ROLLING_RANGE_LEVEL_RESIDUAL,original_base_range_expanded_q75,5088.11125,38.00875,False,False,ROLLING_REGIME_LEVEL_RESIDUAL,superset_base_regime_superset_recent8_median,superset_residual,-10.80875,3.0,4.0,50.338834,41.899901,7.438933,level_family_type,35,43.74815,7.671369,2026-02-20,3.0,True,False,False,False,SELECTOR_GT10
2026-02-23,2026-02-20,L6,RANGE_WIDE_120_220,CLOSE_POS_UPPER_THIRD,ROWS_EXTENDED_11_PLUS,5107.8,PREV_CLOSE_PROXY,,NEUTRAL,5102.34,5076.42,25.92,False,5076.42,25.92,MODE_C_BALANCED,prior_range_fraction::prev_range_0.75,ORIGINAL_ORACLE_PRESERVED,337,5101.793438,0.546562,True,True,ROLLING_RANGE_CLOSE_LEVEL_RESIDUAL,original_base_range_close_superset_q75,5061.7175,40.6225,False,False,ROLLING_REGIME_LEVEL_RESIDUAL,superset_base_regime_superset_recent8_median,superset_residual,-14.7025,3.0,4.0,37.890425,29.641507,7.248918,level_family_type,35,36.771406,10.296569,2026-02-20,3.0,True,False,False,False,SELECTOR_GT10
2026-02-23,2026-02-20,L7,RANGE_WIDE_120_220,CLOSE_POS_UPPER_THIRD,ROWS_EXTENDED_11_PLUS,5107.8,PREV_CLOSE_PROXY,,NEUTRAL,5079.49,5065.853333,13.636667,False,5065.853333,13.636667,MODE_D_NEAREST_VALID_LADDER,prior_hlc::previous_pivot_hlc3,ORIGINAL_ORACLE_PRESERVED,337,5078.093333,1.396667,True,True,ROLLING_SOURCE_LEVEL_RESIDUAL,original_base_source_superset_q75,5058.574583,20.915417,False,False,ROLLING_REGIME_LEVEL_RESIDUAL,superset_base_regime_original_median,original_residual,-7.27875,3.0,4.0,39.694644,31.203447,7.491197,level_family_type,33,38.565133,12.283367,2026-02-20,3.0,True,False,False,False,SELECTOR_GT10
2026-02-24,2026-02-23,L4,RANGE_WIDE_120_220,CLOSE_POS_UPPER_THIRD,ROWS_EXTENDED_11_PLUS,5227.5,PREV_CLOSE_PROXY,,NEUTRAL,5263.54,5267.82,4.28,True,5267.82,4.28,MODE_B_EMA_CHANNEL_DIRECTION_HEAVY,green_box_edge::green_edge_2,ORIGINAL_ORACLE_PRESERVED,337,5263.409375,0.130625,True,True,ROLLING_LEVEL_RESIDUAL,original_base_level_superset_q25,5281.395937,17.855937,False,False,ROLLING_REGIME_LEVEL_RESIDUAL,superset_base_regime_original_mean,original_residual,13.575938,4.0,1.0,33.44225,25.085655,7.356594,level_family_type,36,47.299329,7.207767,2026-02-23,1.0,True,False,False,False,SELECTOR_GT10
2026-02-24,2026-02-23,L5,RANGE_WIDE_120_220,CLOSE_POS_UPPER_THIRD,ROWS_EXTENDED_11_PLUS,5227.5,PREV_CLOSE_PROXY,,NEUTRAL,5234.73,5225.6825,9.0475,False,5225.6825,9.0475,MODE_D_NEAREST_VALID_LADDER,green_box_midline::green_mid_2,ORIGINAL_ORACLE_PRESERVED,337,5235.555,0.825,True,True,ROLLING_LEVEL_RESIDUAL,original_base_level_superset_q75,5233.878125,0.851875,True,True,ROLLING_REGIME_LEVEL_RESIDUAL,superset_base_regime_superset_recent8_median,superset_residual,8.195625,4.0,1.0,21.717592,12.798439,7.919153,level_family_type,36,42.753874,8.514074,2026-02-23,1.0,True,True,True,True,SELECTOR_WITHIN_3
2026-02-24,2026-02-23,L6,RANGE_WIDE_120_220,CLOSE_POS_UPPER_THIRD,ROWS_EXTENDED_11_PLUS,5227.5,PREV_CLOSE_PROXY,,NEUTRAL,5205.3,5203.7625,1.5375,True,5203.1825,2.1175,MODE_C_BALANCED,prior_range_fraction::prev_range_0.75,EXPANDED_ORACLE_BETTER,338,5205.13125,0.16875,True,True,ROLLING_SOURCE_LEVEL_RESIDUAL,superset_base_source_superset_recent5_median,5189.06,16.24,False,False,ROLLING_RANGE_CLOSE_LEVEL_RESIDUAL,superset_base_range_close_superset_recent12_median,superset_residual,-14.7025,9.0,1.0,19.914708,9.63577,9.278938,level_family_type,55,34.621753,14.473096,2026-02-23,1.0,True,False,False,False,SELECTOR_GT10
2026-02-24,2026-02-23,L7,RANGE_WIDE_120_220,CLOSE_POS_UPPER_THIRD,ROWS_EXTENDED_11_PLUS,5227.5,PREV_CLOSE_PROXY,,NEUTRAL,5176.62,5168.545,8.075,False,5168.545,8.075,MODE_C_BALANCED,prior_hlc::previous_mid,ORIGINAL_ORACLE_PRESERVED,337,5180.27375,3.65375,False,True,ROLLING_ROW_LEVEL_RESIDUAL,superset_base_rows_superset_q75,5170.888125,5.731875,False,False,ROLLING_REGIME_LEVEL_RESIDUAL,superset_base_regime_original_median,original_residual,2.343125,4.0,1.0,20.050429,10.965673,8.084755,level_family_type,34,37.646916,12.537251,2026-02-23,1.0,True,False,False,True,SELECTOR_WITHIN_10
2026-02-25,2026-02-24,L4,RANGE_WIDE_120_220,CLOSE_POS_LOWER_THIRD,ROWS_EXTENDED_11_PLUS,5143.76,PREV_CLOSE_PROXY,,NEUTRAL,5252.87,5279.68,26.81,False,5279.68,26.81,MODE_B_EMA_CHANNEL_DIRECTION_HEAVY,green_box_edge::green_edge_2,ORIGINAL_ORACLE_PRESERVED,241,5264.671562,11.801562,False,False,ROLLING_ROW_LEVEL_RESIDUAL,superset_base_rows_expanded_q25,5283.6425,30.7725,False,False,ROLLING_LEVEL_RESIDUAL,superset_base_level_original_median,original_residual,3.9625,97.0,1.0,24.66193,5.5412,18.12073,family_type,381,31.056993,23.764601,2026-02-24,1.0,True,False,False,False,SELECTOR_GT10
2026-02-25,2026-02-24,L5,RANGE_WIDE_120_220,CLOSE_POS_LOWER_THIRD,ROWS_EXTENDED_11_PLUS,5143.76,PREV_CLOSE_PROXY,,NEUTRAL,5210.99,5230.03875,19.04875,False,5230.03875,19.04875,MODE_B_EMA_CHANNEL_DIRECTION_HEAVY,prior_range_fraction::prev_range_0.875,ORIGINAL_ORACLE_PRESERVED,289,5210.789219,0.200781,True,True,ROLLING_ROW_LEVEL_RESIDUAL,superset_base_rows_expanded_q25,5203.075,7.915,False,False,ROLLING_RANGE_CLOSE_LEVEL_RESIDUAL,superset_base_range_close_superset_mean,superset_residual,-26.96375,4.0,7.0,31.345016,23.497147,6.847869,level_family_type,55,42.558261,12.912659,2026-02-24,1.0,True,False,False,True,SELECTOR_WITHIN_10
2026-02-25,2026-02-24,L6,RANGE_WIDE_120_220,CLOSE_POS_LOWER_THIRD,ROWS_EXTENDED_11_PLUS,5143.76,PREV_CLOSE_PROXY,,NEUTRAL,5174.66,5189.65634,14.99634,False,5189.65634,14.99634,MODE_C_BALANCED,prior_range_fraction::prev_range_0.618,ORIGINAL_ORACLE_PRESERVED,289,5174.95384,0.29384,True,True,ROLLING_LEVEL_RESIDUAL,superset_base_level_expanded_q25,5188.70865,14.04865,False,False,ROLLING_RANGE_CLOSE_LEVEL_RESIDUAL,superset_base_range_close_superset_recent8_median,superset_residual,-0.94769,4.0,7.0,26.857435,17.439982,8.417453,level_family_type,56,34.080788,14.603634,2026-02-24,1.0,True,False,False,True,SELECTOR_GT10
2026-02-25,2026-02-24,L7,RANGE_WIDE_120_220,CLOSE_POS_LOWER_THIRD,ROWS_EXTENDED_11_PLUS,5143.76,PREV_CLOSE_PROXY,,NEUTRAL,5141.24,5156.115,14.875,False,5156.115,14.875,MODE_C_BALANCED,red_box_edge::red_edge_1,ORIGINAL_ORACLE_PRESERVED,289,5141.847813,0.607813,True,True,ROLLING_LEVEL_RESIDUAL,superset_base_level_expanded_recent20_median,5152.295,11.055,False,False,ROLLING_RANGE_CLOSE_LEVEL_RESIDUAL,superset_base_range_close_superset_recent8_median,superset_residual,-3.82,4.0,7.0,26.478669,17.201385,8.277284,level_family_type,53,35.756893,17.602989,2026-02-24,1.0,True,False,False,True,SELECTOR_GT10
2026-02-26,2026-02-25,L4,RANGE_NORMAL_60_120,CLOSE_POS_MIDDLE_THIRD,ROWS_SPARSE_1_8,5164.84,PREV_CLOSE_PROXY,,NEUTRAL,5167.75,5169.393125,1.643125,True,5169.393125,1.643125,MODE_B_EMA_CHANNEL_DIRECTION_HEAVY,green_box_quarter::green_box_1_75pct | prior_hlc::previous_mid,ORIGINAL_ORACLE_PRESERVED,337,5167.836087,0.086087,True,True,ROLLING_RANGE_CLOSE_LEVEL_RESIDUAL,original_base_range_close_superset_recent12_median,5171.713239,3.963239,False,True,ROLLING_RANGE_CLOSE_LEVEL_RESIDUAL,original_base_range_close_superset_mean,superset_residual,2.320114,19.0,6.0,45.315142,32.113764,12.201378,level_regime_family_type,4,40.097538,4.085005,2026-02-25,1.0,True,False,False,False,SELECTOR_WITHIN_5
2026-02-26,2026-02-25,L5,RANGE_NORMAL_60_120,CLOSE_POS_MIDDLE_THIRD,ROWS_SPARSE_1_8,5164.84,PREV_CLOSE_PROXY,,NEUTRAL,5128.94,5145.8075,16.8675,False,5145.8075,16.8675,MODE_A_LIVE_PROXIMITY_HEAVY,prior_range_fraction::prev_range_0.25,ORIGINAL_ORACLE_PRESERVED,337,5132.566458,3.626458,False,True,ROLLING_SOURCE_LEVEL_RESIDUAL,superset_base_source_expanded_q25,5145.87254,16.93254,False,False,ROLLING_REGIME_LEVEL_RESIDUAL,superset_base_regime_superset_recent8_median,superset_residual,0.06504,4.0,62.0,49.00881,41.272784,6.736026,level_range_close_family_type,11,46.377392,6.296378,2026-02-25,1.0,True,False,False,False,SELECTOR_GT10
2026-02-26,2026-02-25,L6,RANGE_NORMAL_60_120,CLOSE_POS_MIDDLE_THIRD,ROWS_SPARSE_1_8,5164.84,PREV_CLOSE_PROXY,,NEUTRAL,5092.49,5122.58375,30.09375,False,5122.58375,30.09375,MODE_B_EMA_CHANNEL_DIRECTION_HEAVY,prior_hlc::previous_low | red_box_midline::red_mid_2,ORIGINAL_ORACLE_PRESERVED,337,5095.856875,3.366875,False,True,ROLLING_RANGE_LEVEL_RESIDUAL,superset_base_range_expanded_recent5_median,5125.02875,32.53875,False,False,ROLLING_RANGE_CLOSE_LEVEL_RESIDUAL,original_base_range_close_superset_recent20_median,superset_residual,2.445,19.0,6.0,43.391125,30.015841,12.375284,level_regime_family_type,4,40.097538,4.025625,2026-02-25,1.0,True,False,False,False,SELECTOR_GT10
2026-02-26,2026-02-25,L7,RANGE_NORMAL_60_120,CLOSE_POS_MIDDLE_THIRD,ROWS_SPARSE_1_8,5164.84,PREV_CLOSE_PROXY,,NEUTRAL,5042.41,5107.58375,65.17375,False,5107.58375,65.17375,MODE_C_BALANCED,red_box_quarter::red_box_2_75pct,ORIGINAL_ORACLE_PRESERVED,337,5085.871124,43.461124,False,False,ROLLING_LEVEL_RESIDUAL,superset_base_level_expanded_q25,5108.529375,66.119375,False,False,ROLLING_RANGE_LEVEL_RESIDUAL,superset_base_range_superset_median,superset_residual,0.945625,50.0,6.0,37.417159,19.118705,17.298454,level_regime_family_type,4,31.764205,7.024062,2026-02-25,1.0,True,False,False,False,SELECTOR_GT10
2026-02-27,2026-02-26,L4,RANGE_NORMAL_60_120,CLOSE_POS_UPPER_THIRD,ROWS_STANDARD_9_10,5185.0,PREV_CLOSE_PROXY,,NEUTRAL,5200.74,5207.35,6.61,False,5207.35,6.61,MODE_B_EMA_CHANNEL_DIRECTION_HEAVY,prior_hlc::previous_high | green_box_midline::green_mid_2,ORIGINAL_ORACLE_PRESERVED,337,5201.53875,0.79875,True,True,ROLLING_REGIME_LEVEL_RESIDUAL,original_base_regime_original_q25,5212.47441,11.73441,False,False,ROLLING_REGIME_LEVEL_RESIDUAL,superset_base_regime_superset_mean,superset_residual,5.12441,18.0,38.0,51.534883,39.874155,10.660729,level_regime_family_type,15,42.659585,7.352609,2026-02-26,1.0,True,False,False,False,SELECTOR_GT10
2026-02-27,2026-02-26,L5,RANGE_NORMAL_60_120,CLOSE_POS_UPPER_THIRD,ROWS_STANDARD_9_10,5185.0,PREV_CLOSE_PROXY,,NEUTRAL,5159.15,5167.84,8.69,False,5167.84,8.69,MODE_C_BALANCED,prior_hlc::previous_mid,ORIGINAL_ORACLE_PRESERVED,337,5159.570625,0.420625,True,True,ROLLING_LEVEL_RESIDUAL,original_base_level_superset_q25,5171.409768,12.259768,False,False,ROLLING_REGIME_LEVEL_RESIDUAL,original_base_regime_original_mean,original_residual,3.569768,18.0,38.0,46.502023,34.810428,10.691595,level_family_type,38,40.89501,8.076898,2026-02-26,1.0,True,False,False,False,SELECTOR_GT10
2026-02-27,2026-02-26,L6,RANGE_NORMAL_60_120,CLOSE_POS_UPPER_THIRD,ROWS_STANDARD_9_10,5185.0,PREV_CLOSE_PROXY,,NEUTRAL,5120.49,5158.94752,38.45752,False,5158.94752,38.45752,MODE_C_BALANCED,prior_range_fraction::prev_range_0.382,ORIGINAL_ORACLE_PRESERVED,337,5124.75127,4.26127,False,True,ROLLING_RANGE_LEVEL_RESIDUAL,original_base_range_expanded_recent5_median,5160.567918,40.077918,False,False,ROLLING_REGIME_LEVEL_RESIDUAL,superset_base_regime_superset_median,superset_residual,1.620398,18.0,38.0,40.652173,28.640448,11.011725,level_range_close_family_type,17,43.246818,7.355705,2026-02-26,1.0,True,False,False,False,SELECTOR_GT10
2026-02-27,2026-02-26,L7,RANGE_NORMAL_60_120,CLOSE_POS_UPPER_THIRD,ROWS_STANDARD_9_10,5185.0,PREV_CLOSE_PROXY,,NEUTRAL,5082.63,5141.455,58.825,False,5141.455,58.825,MODE_C_BALANCED,prior_range_fraction::prev_range_0.125 | red_box_quarter::red_box_2_25pct | green_box_quarter::green_box_1_25pct,ORIGINAL_ORACLE_PRESERVED,337,5117.225156,34.595156,False,False,ROLLING_ROW_LEVEL_RESIDUAL,superset_base_rows_expanded_q25,5142.24625,59.61625,False,False,ROLLING_REGIME_LEVEL_RESIDUAL,superset_base_regime_original_median,original_residual,0.79125,18.0,38.0,42.41392,30.361733,11.052187,level_regime_family_type,15,51.355237,8.382575,2026-02-26,1.0,True,False,False,False,SELECTOR_GT10
2026-03-02,2026-02-27,L4,RANGE_NORMAL_60_120,CLOSE_POS_UPPER_THIRD,ROWS_EXTENDED_11_PLUS,5280.0,PREV_CLOSE_PROXY,,NEUTRAL,5367.98,5364.85,3.13,True,5364.85,3.13,MODE_B_EMA_CHANNEL_DIRECTION_HEAVY,green_box_quarter::green_box_3_75pct,ORIGINAL_ORACLE_PRESERVED,289,5367.891818,0.088182,True,True,ROLLING_RANGE_CLOSE_LEVEL_RESIDUAL,superset_base_range_close_original_mean,5366.350829,1.629171,True,True,ROLLING_RANGE_LEVEL_RESIDUAL,superset_base_range_original_mean,original_residual,1.500829,54.0,3.0,29.496146,11.327086,17.16906,level_range_close_family_type,24,36.911577,13.451747,2026-02-27,3.0,True,False,True,True,SELECTOR_WITHIN_3
2026-03-02,2026-02-27,L5,RANGE_NORMAL_60_120,CLOSE_POS_UPPER_THIRD,ROWS_EXTENDED_11_PLUS,5280.0,PREV_CLOSE_PROXY,,NEUTRAL,5326.06,5328.87,2.81,True,5328.87,2.81,MODE_B_EMA_CHANNEL_DIRECTION_HEAVY,green_box_quarter::green_box_3_25pct,ORIGINAL_ORACLE_PRESERVED,289,5326.234375,0.174375,True,True,ROLLING_RANGE_CLOSE_LEVEL_RESIDUAL,superset_base_range_close_original_recent8_median,5329.625417,3.565417,False,True,ROLLING_RANGE_CLOSE_LEVEL_RESIDUAL,superset_base_range_close_superset_mean,superset_residual,0.755417,26.0,3.0,32.772035,17.5666,14.205436,level_range_close_family_type,23,38.102273,12.626232,2026-02-27,3.0,True,False,False,False,SELECTOR_WITHIN_5
2026-03-02,2026-02-27,L6,RANGE_NORMAL_60_120,CLOSE_POS_UPPER_THIRD,ROWS_EXTENDED_11_PLUS,5280.0,PREV_CLOSE_PROXY,,NEUTRAL,5290.73,5292.643125,1.913125,True,5292.89,2.16,MODE_A_LIVE_PROXIMITY_HEAVY,green_box_quarter::green_box_2_75pct,EXPANDED_ORACLE_BETTER,290,5290.69882,0.03118,True,True,ROLLING_LEVEL_RESIDUAL,superset_base_level_original_mean,5292.643125,1.913125,True,True,ROLLING_BASE_SUPERSET,EXPANDED_ORACLE_BETTER,,0.0,,,28.903823,30.104811,1.799012,level_family_type,14,44.598657,9.142888,2026-02-27,3.0,True,False,False,False,SELECTOR_WITHIN_3
2026-03-02,2026-02-27,L7,RANGE_NORMAL_60_120,CLOSE_POS_UPPER_THIRD,ROWS_EXTENDED_11_PLUS,5280.0,PREV_CLOSE_PROXY,,NEUTRAL,5256.98,5280.0,23.02,False,5280.0,23.02,MODE_A_LIVE_PROXIMITY_HEAVY,prior_hlc::previous_close,ORIGINAL_ORACLE_PRESERVED,289,5258.275625,1.295625,True,True,ROLLING_RANGE_CLOSE_LEVEL_RESIDUAL,superset_base_range_close_expanded_recent5_median,5280.506875,23.526875,False,False,ROLLING_RANGE_LEVEL_RESIDUAL,superset_base_range_superset_median,superset_residual,0.506875,52.0,3.0,20.417232,2.019668,17.397565,level_range_close_family_type,22,42.705682,17.560818,2026-02-27,3.0,True,False,False,False,SELECTOR_GT10
2026-03-03,2026-03-02,L4,RANGE_WIDE_120_220,CLOSE_POS_MIDDLE_THIRD,ROWS_STANDARD_9_10,5321.84,PREV_CLOSE_PROXY,,NEUTRAL,5324.04,5340.1,16.06,False,5340.1,16.06,MODE_A_LIVE_PROXIMITY_HEAVY,prior_hlc::previous_mid,ORIGINAL_ORACLE_PRESERVED,337,5326.24968,2.20968,True,True,ROLLING_RANGE_LEVEL_RESIDUAL,original_base_range_expanded_recent5_median,5367.99625,43.95625,False,False,ROLLING_RANGE_CLOSE_LEVEL_RESIDUAL,original_base_range_close_superset_recent5_median,superset_residual,27.89625,4.0,40.0,38.296302,31.168639,6.127663,level_family_type,57,39.710315,13.301048,2026-03-02,1.0,True,False,False,False,SELECTOR_GT10
2026-03-03,2026-03-02,L5,RANGE_WIDE_120_220,CLOSE_POS_MIDDLE_THIRD,ROWS_STANDARD_9_10,5321.84,PREV_CLOSE_PROXY,,NEUTRAL,5286.64,5313.753281,27.113281,False,5313.753281,27.113281,MODE_D_NEAREST_VALID_LADDER,prior_range_fraction::prev_range_0.333333,ORIGINAL_ORACLE_PRESERVED,337,5294.704531,8.064531,False,False,ROLLING_LEVEL_RESIDUAL,original_base_level_expanded_recent5_median,5327.543982,40.903982,False,False,ROLLING_RANGE_CLOSE_LEVEL_RESIDUAL,superset_base_range_close_superset_mean,superset_residual,13.790701,4.0,40.0,39.761138,32.125124,6.636014,level_family_type,59,41.510007,12.720011,2026-03-02,1.0,True,False,False,False,SELECTOR_GT10
2026-03-03,2026-03-02,L6,RANGE_WIDE_120_220,CLOSE_POS_MIDDLE_THIRD,ROWS_STANDARD_9_10,5321.84,PREV_CLOSE_PROXY,,NEUTRAL,5249.62,5284.57,34.95,False,5284.57,34.95,MODE_C_BALANCED,green_box_quarter::green_box_1_25pct,ORIGINAL_ORACLE_PRESERVED,337,5250.37375,0.75375,True,True,ROLLING_ROW_LEVEL_RESIDUAL,superset_base_rows_expanded_recent5_median,5290.964375,41.344375,False,False,ROLLING_RANGE_CLOSE_LEVEL_RESIDUAL,superset_base_range_close_superset_mean,superset_residual,6.394375,4.0,40.0,32.052215,24.055261,6.996955,level_family_residual,960,31.79873,15.47348,2026-03-02,1.0,True,False,False,False,SELECTOR_GT10
2026-03-03,2026-03-02,L7,RANGE_WIDE_120_220,CLOSE_POS_MIDDLE_THIRD,ROWS_STANDARD_9_10,5321.84,PREV_CLOSE_PROXY,,NEUTRAL,5213.93,5261.06,47.13,False,5261.06,47.13,MODE_D_NEAREST_VALID_LADDER,prior_hlc::previous_low,ORIGINAL_ORACLE_PRESERVED,337,5230.38,16.45,False,False,ROLLING_RANGE_LEVEL_RESIDUAL,superset_base_range_original_q25,5282.365,68.435,False,False,ROLLING_REGIME_LEVEL_RESIDUAL,superset_base_regime_original_recent12_median,original_residual,21.305,4.0,40.0,24.729615,17.460299,6.269316,level_range_close_family,48,56.806615,14.107426,2026-03-02,1.0,True,False,False,False,SELECTOR_GT10
2026-03-04,2026-03-03,L4,RANGE_EXTREME_220_PLUS,CLOSE_POS_LOWER_THIRD,ROWS_STANDARD_9_10,5088.24,PREV_CLOSE_PROXY,,NEUTRAL,5112.47,5069.6675,42.8025,False,5069.6675,42.8025,MODE_A_LIVE_PROXIMITY_HEAVY,red_box_midline::red_mid_2,ORIGINAL_ORACLE_PRESERVED,289,5118.317812,5.847812,False,False,ROLLING_RANGE_LEVEL_RESIDUAL,original_base_range_superset_q75,5069.299203,43.170797,False,False,ROLLING_RANGE_CLOSE_LEVEL_RESIDUAL,original_base_range_close_superset_recent5_median,superset_residual,-0.368297,4.0,19.0,25.91487,16.899943,8.014927,level_family_type,58,39.108643,13.829586,2026-03-03,1.0,True,False,False,False,SELECTOR_GT10
2026-03-04,2026-03-03,L5,RANGE_EXTREME_220_PLUS,CLOSE_POS_LOWER_THIRD,ROWS_STANDARD_9_10,5088.24,PREV_CLOSE_PROXY,,NEUTRAL,5078.76,5088.24,9.48,False,5088.24,9.48,MODE_B_EMA_CHANNEL_DIRECTION_HEAVY,prior_hlc::previous_close,ORIGINAL_ORACLE_PRESERVED,289,5078.53125,0.22875,True,True,ROLLING_LEVEL_RESIDUAL,original_base_level_superset_q25,5070.952812,7.807188,False,False,ROLLING_RANGE_CLOSE_LEVEL_RESIDUAL,superset_base_range_close_superset_mean,superset_residual,-17.287188,4.0,19.0,25.487929,17.478643,7.009285,level_family_type,60,40.899566,13.189744,2026-03-03,1.0,True,False,False,True,SELECTOR_WITHIN_10
2026-03-04,2026-03-03,L6,RANGE_EXTREME_220_PLUS,CLOSE_POS_LOWER_THIRD,ROWS_STANDARD_9_10,5088.24,PREV_CLOSE_PROXY,,NEUTRAL,5043.41,5017.96875,25.44125,False,5017.96875,25.44125,MODE_C_BALANCED,red_box_quarter::red_box_2_75pct,ORIGINAL_ORACLE_PRESERVED,289,5041.417253,1.992747,True,True,ROLLING_RANGE_LEVEL_RESIDUAL,original_base_range_expanded_q75,5015.091599,28.318401,False,False,ROLLING_LEVEL_RESIDUAL,superset_base_level_superset_mean,superset_residual,-2.877151,102.0,1.0,17.362489,-1.631206,17.993695,level_family_type,101,32.854775,23.362333,2026-03-03,1.0,True,False,False,False,SELECTOR_GT10
2026-03-04,2026-03-03,L7,RANGE_EXTREME_220_PLUS,CLOSE_POS_LOWER_THIRD,ROWS_STANDARD_9_10,5088.24,PREV_CLOSE_PROXY,,NEUTRAL,5012.24,4996.27,15.97,False,4996.27,15.97,MODE_B_EMA_CHANNEL_DIRECTION_HEAVY,prior_hlc::previous_low,ORIGINAL_ORACLE_PRESERVED,289,5013.010625,0.770625,True,True,ROLLING_LEVEL_RESIDUAL,superset_base_level_expanded_q75,4943.39,68.85,False,False,ROLLING_RANGE_CLOSE_LEVEL_RESIDUAL,superset_base_range_close_superset_recent8_median,superset_residual,-52.88,5.0,19.0,18.127482,11.280126,5.847356,level_range_close_family,48,56.806615,11.417344,2026-03-03,1.0,True,False,False,False,SELECTOR_GT10
2026-03-05,2026-03-04,L4,RANGE_WIDE_120_220,CLOSE_POS_MIDDLE_THIRD,ROWS_STANDARD_9_10,5141.1,PREV_CLOSE_PROXY,,NEUTRAL,5173.51,5175.565,2.055,True,5175.565,2.055,MODE_C_BALANCED,prior_range_fraction::prev_range_0.75,ORIGINAL_ORACLE_PRESERVED,337,5173.350937,0.159063,True,True,ROLLING_LEVEL_RESIDUAL,superset_base_level_original_recent20_median,5194.60075,21.09075,False,False,ROLLING_REGIME_LEVEL_RESIDUAL,superset_base_regime_original_mean,original_residual,19.03575,5.0,2.0,20.391011,12.051755,7.339255,level_family_type,40,45.441051,8.430962,2026-03-04,1.0,True,False,False,False,SELECTOR_GT10
2026-03-05,2026-03-04,L5,RANGE_WIDE_120_220,CLOSE_POS_MIDDLE_THIRD,ROWS_STANDARD_9_10,5141.1,PREV_CLOSE_PROXY,,NEUTRAL,5139.59,5149.0525,9.4625,False,5149.0525,9.4625,MODE_C_BALANCED,red_box_quarter::red_box_1_75pct,ORIGINAL_ORACLE_PRESERVED,337,5139.5725,0.0175,True,True,ROLLING_LEVEL_RESIDUAL,superset_base_level_superset_recent5_median,5160.8275,21.2375,False,False,ROLLING_REGIME_LEVEL_RESIDUAL,superset_base_regime_superset_recent8_median,superset_residual,11.775,5.0,2.0,20.650047,11.656467,7.99358,level_family_type,40,41.274384,9.461057,2026-03-04,1.0,True,False,False,False,SELECTOR_GT10
2026-03-05,2026-03-04,L6,RANGE_WIDE_120_220,CLOSE_POS_MIDDLE_THIRD,ROWS_STANDARD_9_10,5141.1,PREV_CLOSE_PROXY,,NEUTRAL,5103.66,5103.0025,0.6575,True,5103.0025,0.6575,MODE_C_BALANCED,green_box_quarter::green_box_1_25pct,ORIGINAL_ORACLE_PRESERVED,337,5103.90125,0.24125,True,True,ROLLING_RANGE_LEVEL_RESIDUAL,superset_base_range_superset_recent12_median,5110.79955,7.13955,False,False,ROLLING_REGIME_LEVEL_RESIDUAL,superset_base_regime_superset_recent8_median,superset_residual,7.79705,5.0,2.0,13.522319,4.334615,8.187704,level_family_type,40,35.024384,13.200993,2026-03-04,1.0,True,False,False,False,SELECTOR_WITHIN_10
2026-03-05,2026-03-04,L7,RANGE_WIDE_120_220,CLOSE_POS_MIDDLE_THIRD,ROWS_STANDARD_9_10,5141.1,PREV_CLOSE_PROXY,,NEUTRAL,5066.73,5083.99,17.26,False,5083.99,17.26,MODE_D_NEAREST_VALID_LADDER,prior_hlc::previous_low,ORIGINAL_ORACLE_PRESERVED,337,5066.5375,0.1925,True,True,ROLLING_ROW_LEVEL_RESIDUAL,superset_base_rows_original_q25,5104.39,37.66,False,False,ROLLING_REGIME_LEVEL_RESIDUAL,superset_base_regime_superset_recent12_median,superset_residual,20.4,5.0,2.0,13.621979,5.049299,7.57268,level_family_type,38,34.373271,16.777754,2026-03-04,1.0,True,False,False,False,SELECTOR_GT10
2026-03-06,2026-03-05,L4,RANGE_WIDE_120_220,CLOSE_POS_LOWER_THIRD,ROWS_SPARSE_1_8,5081.02,PREV_CLOSE_PROXY,,NEUTRAL,5105.9,5116.265,10.365,False,5116.265,10.365,MODE_B_EMA_CHANNEL_DIRECTION_HEAVY,green_box_quarter::green_box_1_75pct,ORIGINAL_ORACLE_PRESERVED,289,5107.219633,1.319633,True,True,ROLLING_SOURCE_LEVEL_RESIDUAL,original_base_source_expanded_q25,5119.687396,13.787396,False,False,ROLLING_LEVEL_RESIDUAL,superset_base_level_original_median,original_residual,3.422396,104.0,1.0,30.627512,11.480425,18.147087,level_rows_family,1392,30.129407,12.170544,2026-03-05,1.0,True,False,False,False,SELECTOR_GT10
2026-03-06,2026-03-05,L5,RANGE_WIDE_120_220,CLOSE_POS_LOWER_THIRD,ROWS_SPARSE_1_8,5081.02,PREV_CLOSE_PROXY,,NEUTRAL,5070.97,5081.02,10.05,False,5081.02,10.05,MODE_D_NEAREST_VALID_LADDER,prior_hlc::previous_close,ORIGINAL_ORACLE_PRESERVED,289,5071.54,0.57,True,True,ROLLING_LEVEL_RESIDUAL,original_base_level_superset_q25,5080.64,9.67,False,False,ROLLING_LEVEL_RESIDUAL,superset_base_level_superset_median,superset_residual,-0.38,105.0,1.0,30.788456,11.4929,18.295556,level_family_type,103,34.064599,21.838238,2026-03-05,1.0,True,False,False,True,SELECTOR_WITHIN_10
2026-03-06,2026-03-05,L6,RANGE_WIDE_120_220,CLOSE_POS_LOWER_THIRD,ROWS_SPARSE_1_8,5081.02,PREV_CLOSE_PROXY,,NEUTRAL,5039.06,5051.06,12.0,False,5051.06,12.0,MODE_C_BALANCED,prior_hlc::previous_low,ORIGINAL_ORACLE_PRESERVED,289,5039.01625,0.04375,True,True,ROLLING_LEVEL_RESIDUAL,superset_base_level_superset_q25,5048.489128,9.429128,False,False,ROLLING_LEVEL_RESIDUAL,superset_base_level_superset_mean,superset_residual,-2.570872,104.0,1.0,29.34783,10.339188,18.008641,level_family_type,103,33.163698,23.215279,2026-03-05,1.0,True,False,False,True,SELECTOR_WITHIN_10
2026-03-06,2026-03-05,L7,RANGE_WIDE_120_220,CLOSE_POS_LOWER_THIRD,ROWS_SPARSE_1_8,5081.02,PREV_CLOSE_PROXY,,NEUTRAL,5004.85,5021.06,16.21,False,5021.06,16.21,MODE_B_EMA_CHANNEL_DIRECTION_HEAVY,red_box_edge::red_edge_2,ORIGINAL_ORACLE_PRESERVED,289,5004.195312,0.654688,True,True,ROLLING_ROW_LEVEL_RESIDUAL,original_base_rows_expanded_recent12_median,5014.634496,9.784496,False,False,ROLLING_LEVEL_RESIDUAL,superset_base_level_original_mean,original_residual,-6.425504,100.0,1.0,28.328887,9.508352,17.820535,level_range_close_family_type,5,37.013112,22.263713,2026-03-05,1.0,True,False,False,True,SELECTOR_WITHIN_10
2026-03-09,2026-03-06,L4,RANGE_NORMAL_60_120,CLOSE_POS_UPPER_THIRD,ROWS_STANDARD_9_10,5174.64,PREV_CLOSE_PROXY,,NEUTRAL,5198.3,5174.78,23.52,False,5174.78,23.52,MODE_B_EMA_CHANNEL_DIRECTION_HEAVY,prior_hlc::previous_high,ORIGINAL_ORACLE_PRESERVED,337,5198.34125,0.04125,True,True,ROLLING_SOURCE_LEVEL_RESIDUAL,superset_base_source_expanded_q75,5179.827136,18.472864,False,False,ROLLING_LEVEL_RESIDUAL,superset_base_level_superset_mean,superset_residual,5.047136,105.0,3.0,43.33694,24.50094,17.836,level_regime_family_type,19,43.747054,7.913265,2026-03-06,3.0,True,False,False,True,SELECTOR_GT10
2026-03-09,2026-03-06,L5,RANGE_NORMAL_60_120,CLOSE_POS_UPPER_THIRD,ROWS_STANDARD_9_10,5174.64,PREV_CLOSE_PROXY,,NEUTRAL,5168.78,5158.795,9.985,False,5158.795,9.985,MODE_C_BALANCED,red_box_quarter::red_box_1_25pct | prior_range_fraction::prev_range_0.875,ORIGINAL_ORACLE_PRESERVED,337,5169.070937,0.290937,True,True,ROLLING_ROW_LEVEL_RESIDUAL,original_base_rows_superset_q75,5158.3425,10.4375,False,False,ROLLING_LEVEL_RESIDUAL,superset_base_level_superset_median,superset_residual,-0.4525,106.0,3.0,48.047017,28.806799,18.240218,level_regime_family_type,19,36.339647,7.758072,2026-03-06,3.0,True,False,False,False,SELECTOR_GT10
2026-03-09,2026-03-06,L6,RANGE_NORMAL_60_120,CLOSE_POS_UPPER_THIRD,ROWS_STANDARD_9_10,5174.64,PREV_CLOSE_PROXY,,NEUTRAL,5140.78,5137.153371,3.626629,True,5137.153371,3.626629,MODE_E_SPACING_PRESERVATION,prior_range_fraction::prev_range_0.666667,ORIGINAL_ORACLE_PRESERVED,337,5141.205948,0.425948,True,True,ROLLING_REGIME_LEVEL_RESIDUAL,original_base_regime_expanded_mean,5134.546391,6.233609,False,False,ROLLING_SOURCE_LEVEL_RESIDUAL,superset_base_source_original_mean,original_residual,-2.60698,90.0,3.0,45.469361,26.154281,18.315079,level_regime_family_type,19,51.154461,8.409181,2026-03-06,3.0,True,False,False,False,SELECTOR_WITHIN_10
2026-03-09,2026-03-06,L7,RANGE_NORMAL_60_120,CLOSE_POS_UPPER_THIRD,ROWS_STANDARD_9_10,5174.64,PREV_CLOSE_PROXY,,NEUTRAL,5108.7,5087.8,20.9,False,5087.8,20.9,MODE_C_BALANCED,red_box_quarter::red_box_2_25pct | prior_range_fraction::prev_range_0.25,ORIGINAL_ORACLE_PRESERVED,337,5107.908906,0.791094,True,True,ROLLING_ROW_LEVEL_RESIDUAL,original_base_rows_expanded_q75,5081.84015,26.85985,False,False,ROLLING_LEVEL_RESIDUAL,superset_base_level_expanded_mean,expanded_residual,-5.95985,101.0,3.0,38.976312,20.184853,17.791459,level_regime_family_type,19,47.450758,10.912911,2026-03-06,3.0,True,False,False,False,SELECTOR_GT10
2026-03-10,2026-03-09,L4,RANGE_WIDE_120_220,CLOSE_POS_MIDDLE_THIRD,ROWS_STANDARD_9_10,5136.66,PREV_CLOSE_PROXY,,NEUTRAL,5174.89,5152.1675,22.7225,False,5152.1675,22.7225,MODE_B_EMA_CHANNEL_DIRECTION_HEAVY,prior_range_fraction::prev_range_0.75,ORIGINAL_ORACLE_PRESERVED,337,5174.691851,0.198149,True,True,ROLLING_LEVEL_RESIDUAL,superset_base_level_expanded_q75,5167.688125,7.201875,False,False,ROLLING_REGIME_LEVEL_RESIDUAL,superset_base_regime_original_mean,original_residual,15.520625,6.0,5.0,23.476509,14.768415,7.708093,level_family_type,42,43.623409,8.998661,2026-03-09,1.0,True,False,False,True,SELECTOR_WITHIN_10
2026-03-10,2026-03-09,L5,RANGE_WIDE_120_220,CLOSE_POS_MIDDLE_THIRD,ROWS_STANDARD_9_10,5136.66,PREV_CLOSE_PROXY,,NEUTRAL,5145.87,5118.04625,27.82375,False,5118.04625,27.82375,MODE_C_BALANCED,red_box_quarter::red_box_1_75pct,ORIGINAL_ORACLE_PRESERVED,337,5145.954252,0.084252,True,True,ROLLING_RANGE_LEVEL_RESIDUAL,original_base_range_expanded_q75,5121.144087,24.725913,False,False,ROLLING_REGIME_LEVEL_RESIDUAL,superset_base_regime_original_mean,original_residual,3.097837,6.0,5.0,23.032347,13.718022,8.314326,level_family_type,42,37.623409,8.994627,2026-03-09,1.0,True,False,False,True,SELECTOR_GT10
2026-03-10,2026-03-09,L6,RANGE_WIDE_120_220,CLOSE_POS_MIDDLE_THIRD,ROWS_STANDARD_9_10,5136.66,PREV_CLOSE_PROXY,,NEUTRAL,5116.85,5128.01546,11.16546,False,5128.01546,11.16546,MODE_D_NEAREST_VALID_LADDER,prior_range_fraction::prev_range_0.618,ORIGINAL_ORACLE_PRESERVED,337,5116.882335,0.032335,True,True,ROLLING_SOURCE_LEVEL_RESIDUAL,superset_base_source_original_recent20_median,5126.56296,9.71296,False,False,ROLLING_REGIME_LEVEL_RESIDUAL,superset_base_regime_superset_mean,superset_residual,-1.4525,6.0,5.0,32.76621,23.371592,8.394618,level_regime_family_type,3,34.65186,15.248869,2026-03-09,1.0,True,False,False,True,SELECTOR_WITHIN_10
2026-03-10,2026-03-09,L7,RANGE_WIDE_120_220,CLOSE_POS_MIDDLE_THIRD,ROWS_STANDARD_9_10,5136.66,PREV_CLOSE_PROXY,,NEUTRAL,5088.85,5091.425,2.575,True,5091.425,2.575,MODE_B_EMA_CHANNEL_DIRECTION_HEAVY,red_box_edge::red_edge_1,ORIGINAL_ORACLE_PRESERVED,337,5089.072813,0.222813,True,True,ROLLING_SOURCE_LEVEL_RESIDUAL,superset_base_source_expanded_median,5092.995,4.145,False,True,ROLLING_REGIME_LEVEL_RESIDUAL,superset_base_regime_superset_recent12_median,superset_residual,1.57,6.0,5.0,17.151299,7.462415,8.688884,level_family_type,40,32.941051,17.416898,2026-03-09,1.0,True,False,False,False,SELECTOR_WITHIN_5
2026-03-11,2026-03-10,L4,RANGE_WIDE_120_220,CLOSE_POS_MIDDLE_THIRD,ROWS_STANDARD_9_10,5192.64,PREV_CLOSE_PROXY,,NEUTRAL,5249.95,5268.59,18.64,False,5268.59,18.64,MODE_D_NEAREST_VALID_LADDER,green_box_edge::green_edge_2,ORIGINAL_ORACLE_PRESERVED,337,5252.53,2.58,True,True,ROLLING_RANGE_LEVEL_RESIDUAL,original_base_range_expanded_recent5_median,5285.139464,35.189464,False,False,ROLLING_REGIME_LEVEL_RESIDUAL,superset_base_regime_original_mean,original_residual,16.549464,7.0,1.0,26.179033,17.142547,8.036486,level_family_type,43,42.768048,8.956876,2026-03-10,1.0,True,False,False,False,SELECTOR_GT10
2026-03-11,2026-03-10,L5,RANGE_WIDE_120_220,CLOSE_POS_MIDDLE_THIRD,ROWS_STANDARD_9_10,5192.64,PREV_CLOSE_PROXY,,NEUTRAL,5222.07,5238.59,16.52,False,5238.59,16.52,MODE_B_EMA_CHANNEL_DIRECTION_HEAVY,prior_hlc::previous_high,ORIGINAL_ORACLE_PRESERVED,337,5222.77615,0.70615,True,True,ROLLING_SOURCE_LEVEL_RESIDUAL,superset_base_source_expanded_q25,5245.22011,23.15011,False,False,ROLLING_REGIME_LEVEL_RESIDUAL,original_base_regime_superset_mean,superset_residual,6.63011,7.0,1.0,21.887131,12.36658,8.520551,level_family_type,43,36.885695,9.483175,2026-03-10,1.0,True,False,False,False,SELECTOR_GT10
2026-03-11,2026-03-10,L6,RANGE_WIDE_120_220,CLOSE_POS_MIDDLE_THIRD,ROWS_STANDARD_9_10,5192.64,PREV_CLOSE_PROXY,,NEUTRAL,5189.44,5182.916667,6.523333,False,5182.916667,6.523333,MODE_B_EMA_CHANNEL_DIRECTION_HEAVY,prior_hlc::previous_pivot_hlc3,ORIGINAL_ORACLE_PRESERVED,337,5190.29593,0.85593,True,True,ROLLING_ROW_LEVEL_RESIDUAL,superset_base_rows_superset_q75,5180.076601,9.363399,False,False,ROLLING_REGIME_LEVEL_RESIDUAL,superset_base_regime_superset_mean,superset_residual,-2.840066,7.0,1.0,28.277083,18.571579,8.705505,level_regime_family_type,4,31.764205,13.864892,2026-03-10,1.0,True,False,False,False,SELECTOR_WITHIN_10
2026-03-11,2026-03-10,L7,RANGE_WIDE_120_220,CLOSE_POS_MIDDLE_THIRD,ROWS_STANDARD_9_10,5192.64,PREV_CLOSE_PROXY,,NEUTRAL,5163.6,5163.055,0.545,True,5163.055,0.545,MODE_B_EMA_CHANNEL_DIRECTION_HEAVY,red_box_edge::red_edge_1,ORIGINAL_ORACLE_PRESERVED,337,5163.750313,0.150312,True,True,ROLLING_ROW_LEVEL_RESIDUAL,original_base_rows_expanded_median,5160.48,3.12,False,True,ROLLING_REGIME_LEVEL_RESIDUAL,superset_base_regime_superset_recent12_median,superset_residual,-2.575,7.0,1.0,24.86026,14.84182,9.01844,level_family_type,41,34.309601,17.093193,2026-03-10,1.0,True,False,False,False,SELECTOR_WITHIN_5
2026-03-12,2026-03-11,L4,RANGE_NORMAL_60_120,CLOSE_POS_MIDDLE_THIRD,ROWS_STANDARD_9_10,5175.96,PREV_CLOSE_PROXY,,NEUTRAL,5238.21,5227.055,11.155,False,5227.055,11.155,MODE_D_NEAREST_VALID_LADDER,green_box_midline::green_mid_2,ORIGINAL_ORACLE_PRESERVED,337,5238.403125,0.193125,True,True,ROLLING_REGIME_LEVEL_RESIDUAL,superset_base_regime_expanded_mean,5228.978121,9.231879,False,False,ROLLING_RANGE_LEVEL_RESIDUAL,superset_base_range_original_mean,original_residual,1.923121,56.0,3.0,42.321812,24.17336,17.148452,level_range_close_family_type,19,43.747054,5.978598,2026-03-11,1.0,True,False,False,True,SELECTOR_WITHIN_10
2026-03-12,2026-03-11,L5,RANGE_NORMAL_60_120,CLOSE_POS_MIDDLE_THIRD,ROWS_STANDARD_9_10,5175.96,PREV_CLOSE_PROXY,,NEUTRAL,5214.48,5199.0525,15.4275,False,5199.0525,15.4275,MODE_C_BALANCED,red_box_midline::red_mid_1 | green_box_edge::green_edge_1,ORIGINAL_ORACLE_PRESERVED,337,5212.615,1.865,True,True,ROLLING_ROW_LEVEL_RESIDUAL,superset_base_rows_expanded_recent5_median,5200.76755,13.71245,False,False,ROLLING_LEVEL_RESIDUAL,superset_base_level_superset_mean,superset_residual,1.71505,109.0,1.0,42.639045,23.588639,18.050406,level_regime_family_type,12,49.058523,8.76444,2026-03-11,1.0,True,False,False,True,SELECTOR_GT10
2026-03-12,2026-03-11,L6,RANGE_NORMAL_60_120,CLOSE_POS_MIDDLE_THIRD,ROWS_STANDARD_9_10,5175.96,PREV_CLOSE_PROXY,,NEUTRAL,5185.72,5186.05,0.33,True,5186.05,0.33,MODE_C_BALANCED,prior_hlc::previous_mid,ORIGINAL_ORACLE_PRESERVED,337,5185.7407,0.0207,True,True,ROLLING_RANGE_LEVEL_RESIDUAL,superset_base_range_original_mean,5187.6175,1.8975,True,True,ROLLING_RANGE_LEVEL_RESIDUAL,superset_base_range_original_median,original_residual,1.5675,57.0,3.0,35.278465,16.932659,17.345806,level_range_close_family_type,19,36.339647,11.072883,2026-03-11,1.0,True,False,False,False,SELECTOR_WITHIN_3
2026-03-12,2026-03-11,L7,RANGE_NORMAL_60_120,CLOSE_POS_MIDDLE_THIRD,ROWS_STANDARD_9_10,5175.96,PREV_CLOSE_PROXY,,NEUTRAL,5157.46,5160.045,2.585,True,5160.045,2.585,MODE_C_BALANCED,red_box_quarter::red_box_2_25pct | green_box_quarter::green_box_1_25pct,ORIGINAL_ORACLE_PRESERVED,337,5157.47,0.01,True,True,ROLLING_LEVEL_RESIDUAL,superset_base_level_superset_recent5_median,5159.58875,2.12875,True,True,ROLLING_ROW_LEVEL_RESIDUAL,superset_base_rows_original_median,original_residual,-0.45625,57.0,1.0,35.97672,17.404885,17.571835,level_regime_family_type,11,35.851077,13.283295,2026-03-11,1.0,True,False,False,True,SELECTOR_WITHIN_3
2026-03-13,2026-03-12,L4,RANGE_WIDE_120_220,CLOSE_POS_LOWER_THIRD,ROWS_STANDARD_9_10,5079.04,PREV_CLOSE_PROXY,,NEUTRAL,5106.89,5117.56625,10.67625,False,5117.56625,10.67625,MODE_B_EMA_CHANNEL_DIRECTION_HEAVY,green_box_quarter::green_box_1_75pct,ORIGINAL_ORACLE_PRESERVED,289,5107.20125,0.31125,True,True,ROLLING_RANGE_CLOSE_LEVEL_RESIDUAL,original_base_range_close_superset_q25,5117.34625,10.45625,False,False,ROLLING_RANGE_CLOSE_LEVEL_RESIDUAL,original_base_range_close_superset_recent5_median,superset_residual,-0.22,5.0,7.0,28.499257,18.891293,8.607964,level_family_type,65,36.728362,14.875527,2026-03-12,1.0,True,False,False,True,SELECTOR_GT10
2026-03-13,2026-03-12,L5,RANGE_WIDE_120_220,CLOSE_POS_LOWER_THIRD,ROWS_STANDARD_9_10,5079.04,PREV_CLOSE_PROXY,,NEUTRAL,5079.86,5079.04,0.82,True,5079.04,0.82,MODE_D_NEAREST_VALID_LADDER,prior_hlc::previous_close,ORIGINAL_ORACLE_PRESERVED,337,5079.456667,0.403333,True,True,ROLLING_LEVEL_RESIDUAL,superset_base_level_original_median,5075.93,3.93,False,True,ROLLING_REGIME_LEVEL_RESIDUAL,superset_base_regime_superset_recent8_median,superset_residual,-3.11,3.0,23.0,35.229626,26.907094,7.322532,level_family_type,45,37.380575,10.635004,2026-03-12,1.0,True,False,False,False,SELECTOR_WITHIN_5
2026-03-13,2026-03-12,L6,RANGE_WIDE_120_220,CLOSE_POS_LOWER_THIRD,ROWS_STANDARD_9_10,5079.04,PREV_CLOSE_PROXY,,NEUTRAL,5053.98,5055.08,1.1,True,5055.08,1.1,MODE_C_BALANCED,prior_hlc::previous_low,ORIGINAL_ORACLE_PRESERVED,337,5054.13231,0.15231,True,True,ROLLING_RANGE_LEVEL_RESIDUAL,superset_base_range_superset_median,5055.34,1.36,True,True,ROLLING_REGIME_LEVEL_RESIDUAL,superset_base_regime_superset_recent8_median,superset_residual,0.26,3.0,23.0,33.713463,25.251851,7.461612,level_family_type,45,35.493782,12.482132,2026-03-12,1.0,True,False,False,False,SELECTOR_WITHIN_3
2026-03-13,2026-03-12,L7,RANGE_WIDE_120_220,CLOSE_POS_LOWER_THIRD,ROWS_STANDARD_9_10,5079.04,PREV_CLOSE_PROXY,,NEUTRAL,5023.5,5025.08,1.58,True,5025.08,1.58,MODE_B_EMA_CHANNEL_DIRECTION_HEAVY,red_box_edge::red_edge_2,ORIGINAL_ORACLE_PRESERVED,337,5023.28,0.22,True,True,ROLLING_LEVEL_RESIDUAL,superset_base_level_expanded_median,5018.961187,4.538813,False,True,ROLLING_LEVEL_RESIDUAL,superset_base_level_original_mean,original_residual,-6.118813,105.0,1.0,33.84176,15.006258,17.835502,level_range_close_family_type,6,34.369318,20.183844,2026-03-12,1.0,True,False,False,False,SELECTOR_WITHIN_5
2026-03-16,2026-03-13,L4,RANGE_NORMAL_60_120,CLOSE_POS_LOWER_THIRD,ROWS_STANDARD_9_10,5018.66,PREV_CLOSE_PROXY,,NEUTRAL,5080.85,5071.746667,9.103334,False,5091.22,10.37,MODE_C_BALANCED,red_box_midline::red_mid_1,EXPANDED_ORACLE_BETTER,338,5080.99509,0.145089,True,True,ROLLING_RANGE_CLOSE_LEVEL_RESIDUAL,superset_base_range_close_superset_q75,5083.415,2.565,True,True,ROLLING_REGIME_LEVEL_RESIDUAL,superset_base_regime_original_mean,original_residual,11.668333,3.0,61.0,36.164915,29.528777,5.636139,level_range_close_family,48,40.735187,5.704657,2026-03-13,3.0,True,True,True,True,SELECTOR_WITHIN_3
2026-03-16,2026-03-13,L5,RANGE_NORMAL_60_120,CLOSE_POS_LOWER_THIRD,ROWS_STANDARD_9_10,5018.66,PREV_CLOSE_PROXY,,NEUTRAL,5057.31,5052.273333,5.036667,False,5052.273333,5.036667,MODE_C_BALANCED,prior_hlc::previous_pivot_hlc3,ORIGINAL_ORACLE_PRESERVED,337,5057.271629,0.038371,True,True,ROLLING_ROW_LEVEL_RESIDUAL,superset_base_rows_expanded_mean,5052.139613,5.170387,False,False,ROLLING_LEVEL_RESIDUAL,superset_base_level_superset_median,superset_residual,-0.13372,111.0,3.0,32.990323,13.734549,18.255774,level_regime_family_type,3,25.560951,10.097361,2026-03-13,3.0,True,False,False,False,SELECTOR_WITHIN_10
2026-03-16,2026-03-13,L6,RANGE_NORMAL_60_120,CLOSE_POS_LOWER_THIRD,ROWS_STANDARD_9_10,5018.66,PREV_CLOSE_PROXY,,NEUTRAL,5028.51,5028.37,0.14,True,5028.37,0.14,MODE_D_NEAREST_VALID_LADDER,green_box_quarter::green_box_1_25pct,ORIGINAL_ORACLE_PRESERVED,337,5028.53375,0.02375,True,True,ROLLING_ROW_LEVEL_RESIDUAL,superset_base_rows_superset_recent8_median,5025.874487,2.635513,True,True,ROLLING_SOURCE_LEVEL_RESIDUAL,superset_base_source_original_mean,original_residual,-2.495513,95.0,3.0,36.837835,17.517316,18.320519,level_regime_family_type,3,34.65186,9.993639,2026-03-13,3.0,True,False,False,False,SELECTOR_WITHIN_3
2026-03-16,2026-03-13,L7,RANGE_NORMAL_60_120,CLOSE_POS_LOWER_THIRD,ROWS_STANDARD_9_10,5018.66,PREV_CLOSE_PROXY,,NEUTRAL,4999.43,5009.8,10.37,False,5009.8,10.37,MODE_B_EMA_CHANNEL_DIRECTION_HEAVY,prior_hlc::previous_low,ORIGINAL_ORACLE_PRESERVED,337,5000.4025,0.9725,True,True,ROLLING_LEVEL_RESIDUAL,superset_base_level_superset_recent12_median,5004.325157,4.895157,False,True,ROLLING_ROW_LEVEL_RESIDUAL,superset_base_rows_original_mean,original_residual,-5.474843,59.0,3.0,33.173152,15.078024,17.095128,level_range_close_family_type,6,34.369318,21.007734,2026-03-13,3.0,True,True,False,True,SELECTOR_WITHIN_5
2026-03-17,2026-03-16,L4,RANGE_NORMAL_60_120,CLOSE_POS_MIDDLE_THIRD,ROWS_SPARSE_1_8,5006.25,PREV_CLOSE_PROXY,,NEUTRAL,5032.61,5014.480023,18.129977,False,5014.480023,18.129977,MODE_C_BALANCED,prior_range_fraction::prev_range_0.666667,ORIGINAL_ORACLE_PRESERVED,337,5033.382836,0.772836,True,True,ROLLING_RANGE_LEVEL_RESIDUAL,original_base_range_expanded_q75,5011.269317,21.340683,False,False,ROLLING_RANGE_LEVEL_RESIDUAL,superset_base_range_expanded_q25,expanded_residual,-3.210707,58.0,1.0,46.244555,28.137138,17.107417,level_regime_family_type,5,44.70542,3.932796,2026-03-16,1.0,True,False,False,False,SELECTOR_GT10
2026-03-17,2026-03-16,L5,RANGE_NORMAL_60_120,CLOSE_POS_MIDDLE_THIRD,ROWS_SPARSE_1_8,5006.25,PREV_CLOSE_PROXY,,NEUTRAL,5002.1,5006.25,4.15,True,5006.25,4.15,MODE_C_BALANCED,prior_hlc::previous_close,ORIGINAL_ORACLE_PRESERVED,337,5002.225937,0.125937,True,True,ROLLING_RANGE_LEVEL_RESIDUAL,superset_base_range_superset_q25,5007.075,4.975,False,True,ROLLING_LEVEL_RESIDUAL,superset_base_level_original_median,original_residual,0.825,112.0,1.0,45.489476,26.215636,18.27384,level_range_close_family_type,20,42.184659,8.493057,2026-03-16,1.0,True,False,False,False,SELECTOR_WITHIN_5
2026-03-17,2026-03-16,L6,RANGE_NORMAL_60_120,CLOSE_POS_MIDDLE_THIRD,ROWS_SPARSE_1_8,5006.25,PREV_CLOSE_PROXY,,NEUTRAL,4972.65,4976.2925,3.6425,True,4976.2925,3.6425,MODE_C_BALANCED,prior_range_fraction::prev_range_0.125,ORIGINAL_ORACLE_PRESERVED,337,4972.40625,0.24375,True,True,ROLLING_ROW_LEVEL_RESIDUAL,original_base_rows_expanded_recent20_median,4975.915394,3.265394,False,True,ROLLING_RANGE_CLOSE_LEVEL_RESIDUAL,original_base_range_close_expanded_mean,expanded_residual,-0.377106,21.0,5.0,45.966289,32.139192,12.827097,level_range_close_family_type,17,43.246818,10.67368,2026-03-16,1.0,True,False,False,True,SELECTOR_WITHIN_5
2026-03-17,2026-03-16,L7,RANGE_NORMAL_60_120,CLOSE_POS_MIDDLE_THIRD,ROWS_SPARSE_1_8,5006.25,PREV_CLOSE_PROXY,,NEUTRAL,4948.52,4950.0425,1.5225,True,4950.0425,1.5225,MODE_B_EMA_CHANNEL_DIRECTION_HEAVY,red_box_quarter::red_box_2_75pct,ORIGINAL_ORACLE_PRESERVED,337,4948.55375,0.03375,True,True,ROLLING_ROW_LEVEL_RESIDUAL,original_base_rows_expanded_median,4950.179375,1.659375,True,True,ROLLING_RANGE_LEVEL_RESIDUAL,superset_base_range_original_median,original_residual,0.136875,56.0,1.0,38.5564,20.088979,17.467421,level_range_close_family_type,19,36.339647,13.585855,2026-03-16,1.0,True,False,False,False,SELECTOR_WITHIN_3
2026-03-18,2026-03-17,L4,RANGE_NORMAL_60_120,CLOSE_POS_MIDDLE_THIRD,ROWS_EXTENDED_11_PLUS,5005.5,PREV_CLOSE_PROXY,,NEUTRAL,5033.04,5046.84,13.8,False,5046.84,13.8,MODE_C_BALANCED,prior_hlc::previous_high | green_box_midline::green_mid_2,ORIGINAL_ORACLE_PRESERVED,289,5031.6375,1.4025,True,True,ROLLING_ROW_LEVEL_RESIDUAL,original_base_rows_original_q25,5050.100183,17.060183,False,False,ROLLING_RANGE_CLOSE_LEVEL_RESIDUAL,original_base_range_close_superset_mean,superset_residual,3.260183,22.0,1.0,40.713935,26.603932,13.110003,level_range_close_family_type,18,37.737325,7.261878,2026-03-17,1.0,True,False,False,False,SELECTOR_GT10
2026-03-18,2026-03-17,L5,RANGE_NORMAL_60_120,CLOSE_POS_MIDDLE_THIRD,ROWS_EXTENDED_11_PLUS,5005.5,PREV_CLOSE_PROXY,,NEUTRAL,5007.6,5009.41,1.81,True,5009.41,1.81,MODE_C_BALANCED,prior_hlc::previous_pivot_hlc3 | green_box_quarter::green_box_1_75pct,ORIGINAL_ORACLE_PRESERVED,289,5007.455,0.145,True,True,ROLLING_ROW_LEVEL_RESIDUAL,superset_base_rows_expanded_recent12_median,5010.98099,3.38099,False,True,ROLLING_RANGE_CLOSE_LEVEL_RESIDUAL,superset_base_range_close_superset_mean,superset_residual,1.57099,22.0,1.0,43.915474,29.723038,13.192436,level_range_close_family_type,18,37.737325,7.844934,2026-03-17,1.0,True,False,False,False,SELECTOR_WITHIN_5
2026-03-18,2026-03-17,L6,RANGE_NORMAL_60_120,CLOSE_POS_MIDDLE_THIRD,ROWS_EXTENDED_11_PLUS,5005.5,PREV_CLOSE_PROXY,,NEUTRAL,4976.45,4983.44,6.99,False,4983.44,6.99,MODE_C_BALANCED,red_box_quarter::red_box_2_25pct | green_box_quarter::green_box_1_25pct,ORIGINAL_ORACLE_PRESERVED,289,4976.485625,0.035625,True,True,ROLLING_RANGE_LEVEL_RESIDUAL,superset_base_range_original_recent12_median,4983.596285,7.146285,False,False,ROLLING_RANGE_CLOSE_LEVEL_RESIDUAL,original_base_range_close_expanded_mean,expanded_residual,0.156285,22.0,1.0,44.855815,30.639341,13.216473,level_range_close_family_type,18,45.429633,10.262109,2026-03-17,1.0,True,False,False,False,SELECTOR_WITHIN_10
2026-03-18,2026-03-17,L7,RANGE_NORMAL_60_120,CLOSE_POS_MIDDLE_THIRD,ROWS_EXTENDED_11_PLUS,5005.5,PREV_CLOSE_PROXY,,NEUTRAL,4948.65,4955.76,7.11,False,4955.76,7.11,MODE_B_EMA_CHANNEL_DIRECTION_HEAVY,red_box_quarter::red_box_2_75pct,ORIGINAL_ORACLE_PRESERVED,289,4948.67375,0.02375,True,True,ROLLING_RANGE_CLOSE_LEVEL_RESIDUAL,superset_base_range_close_expanded_recent8_median,4949.686409,1.036409,True,True,ROLLING_LEVEL_RESIDUAL,superset_base_level_original_mean,original_residual,-6.073591,108.0,1.0,40.843085,22.005376,17.837709,level_range_close_family_type,21,40.730016,14.414257,2026-03-17,1.0,True,True,True,True,SELECTOR_WITHIN_3
2026-03-19,2026-03-18,L4,RANGE_WIDE_120_220,CLOSE_POS_LOWER_THIRD,ROWS_EXTENDED_11_PLUS,4818.64,PREV_CLOSE_PROXY,,NEUTRAL,4854.69,5016.38,161.69,False,5016.38,161.69,MODE_B_EMA_CHANNEL_DIRECTION_HEAVY,prior_hlc::previous_high,ORIGINAL_ORACLE_PRESERVED,289,4994.300986,139.610986,False,False,ROLLING_RANGE_CLOSE_LEVEL_RESIDUAL,superset_base_range_close_expanded_q25,5011.0875,156.3975,False,False,ROLLING_RANGE_CLOSE_LEVEL_RESIDUAL,superset_base_range_close_superset_recent8_median,superset_residual,-5.2925,6.0,6.0,27.164634,17.383308,8.781326,level_family_type,69,33.521694,14.87526,2026-03-18,1.0,True,False,False,True,SELECTOR_GT10
2026-03-19,2026-03-18,L5,RANGE_WIDE_120_220,CLOSE_POS_LOWER_THIRD,ROWS_EXTENDED_11_PLUS,4818.64,PREV_CLOSE_PROXY,,NEUTRAL,4835.57,4964.0425,128.4725,False,4964.0425,128.4725,MODE_B_EMA_CHANNEL_DIRECTION_HEAVY,prior_range_fraction::prev_range_0.75,ORIGINAL_ORACLE_PRESERVED,289,4942.748125,107.178125,False,False,ROLLING_RANGE_CLOSE_LEVEL_RESIDUAL,superset_base_range_close_expanded_q25,4964.454166,128.884166,False,False,ROLLING_LEVEL_RESIDUAL,superset_base_level_original_median,original_residual,0.411666,114.0,1.0,36.582978,17.288967,18.294011,level_family_type,112,34.843087,20.955116,2026-03-18,1.0,True,False,False,False,SELECTOR_GT10
2026-03-19,2026-03-18,L6,RANGE_WIDE_120_220,CLOSE_POS_LOWER_THIRD,ROWS_EXTENDED_11_PLUS,4818.64,PREV_CLOSE_PROXY,,NEUTRAL,4814.49,4911.705,97.215,False,4911.705,97.215,MODE_B_EMA_CHANNEL_DIRECTION_HEAVY,prior_hlc::previous_mid,ORIGINAL_ORACLE_PRESERVED,289,4889.3375,74.8475,False,False,ROLLING_RANGE_LEVEL_RESIDUAL,superset_base_range_expanded_q25,4909.118198,94.628198,False,False,ROLLING_LEVEL_RESIDUAL,superset_base_level_superset_mean,superset_residual,-2.586802,113.0,1.0,35.773126,16.765262,18.007864,level_family_type,112,34.843087,21.755803,2026-03-18,1.0,True,False,False,True,SELECTOR_GT10
2026-03-19,2026-03-18,L7,RANGE_WIDE_120_220,CLOSE_POS_LOWER_THIRD,ROWS_EXTENDED_11_PLUS,4818.64,PREV_CLOSE_PROXY,,NEUTRAL,4794.4,4866.8675,72.4675,False,4866.8675,72.4675,MODE_C_BALANCED,green_box_midline::green_mid_1,ORIGINAL_ORACLE_PRESERVED,289,4835.259975,40.859975,False,False,ROLLING_ROW_LEVEL_RESIDUAL,superset_base_rows_original_q25,4860.7844,66.3844,False,False,ROLLING_LEVEL_RESIDUAL,superset_base_level_original_mean,original_residual,-6.0831,109.0,1.0,38.336359,19.499115,17.837245,level_range_close_family_type,7,38.744697,17.948839,2026-03-18,1.0,True,False,False,True,SELECTOR_GT10
2026-03-20,2026-03-19,L4,RANGE_EXTREME_220_PLUS,CLOSE_POS_MIDDLE_THIRD,ROWS_STANDARD_9_10,4650.38,PREV_CLOSE_PROXY,,NEUTRAL,4687.79,4798.64,110.85,False,4798.64,110.85,MODE_C_BALANCED,green_box_midline::green_mid_2,ORIGINAL_ORACLE_PRESERVED,241,4784.84,97.05,False,False,ROLLING_SOURCE_LEVEL_RESIDUAL,superset_base_source_expanded_recent5_median,4798.64,110.85,False,False,ROLLING_BASE_SUPERSET,ORIGINAL_ORACLE_PRESERVED,,0.0,,,-9.282562,-8.082562,1.8,level_family_residual,118,28.421988,21.87435,2026-03-19,1.0,True,False,False,False,SELECTOR_GT10
2026-03-20,2026-03-19,L5,RANGE_EXTREME_220_PLUS,CLOSE_POS_MIDDLE_THIRD,ROWS_STANDARD_9_10,4650.38,PREV_CLOSE_PROXY,,NEUTRAL,4666.39,4768.64,102.25,False,4768.64,102.25,MODE_B_EMA_CHANNEL_DIRECTION_HEAVY,red_box_midline::red_mid_1,ORIGINAL_ORACLE_PRESERVED,241,4748.252812,81.862812,False,False,ROLLING_RANGE_LEVEL_RESIDUAL,superset_base_range_expanded_q25,4768.64,102.25,False,False,ROLLING_BASE_SUPERSET,ORIGINAL_ORACLE_PRESERVED,,0.0,,,-7.255199,-6.055199,1.8,level_family_type,114,30.173528,21.862662,2026-03-19,1.0,True,False,False,False,SELECTOR_GT10
2026-03-20,2026-03-19,L6,RANGE_EXTREME_220_PLUS,CLOSE_POS_MIDDLE_THIRD,ROWS_STANDARD_9_10,4650.38,PREV_CLOSE_PROXY,,NEUTRAL,4642.43,4719.36,76.93,False,4719.36,76.93,MODE_B_EMA_CHANNEL_DIRECTION_HEAVY,red_box_quarter::red_box_1_75pct,ORIGINAL_ORACLE_PRESERVED,241,4688.2175,45.7875,False,False,ROLLING_RANGE_LEVEL_RESIDUAL,superset_base_range_superset_q25,4719.36,76.93,False,False,ROLLING_BASE_SUPERSET,ORIGINAL_ORACLE_PRESERVED,,0.0,,,-10.864206,-9.664206,1.8,level_rows_family,62,36.873864,20.366976,2026-03-19,1.0,True,False,False,False,SELECTOR_GT10
2026-03-20,2026-03-19,L7,RANGE_EXTREME_220_PLUS,CLOSE_POS_MIDDLE_THIRD,ROWS_STANDARD_9_10,4650.38,PREV_CLOSE_PROXY,,NEUTRAL,4621.43,4685.08,63.65,False,4685.08,63.65,MODE_C_BALANCED,prior_hlc::previous_mid,ORIGINAL_ORACLE_PRESERVED,241,4628.535,7.105,False,False,ROLLING_RANGE_LEVEL_RESIDUAL,superset_base_range_superset_q25,4649.53625,28.10625,False,False,ROLLING_RANGE_LEVEL_RESIDUAL,superset_base_range_original_recent20_median,original_residual,-35.54375,8.0,16.0,-6.612868,-13.288933,5.676065,level_family_type,91,31.122934,19.720381,2026-03-19,1.0,True,False,False,True,SELECTOR_GT10
2026-03-23,2026-03-20,L4,RANGE_EXTREME_220_PLUS,CLOSE_POS_LOWER_THIRD,ROWS_STANDARD_9_10,4498.06,PREV_CLOSE_PROXY,,NEUTRAL,4524.06,4519.47,4.59,True,4519.47,4.59,MODE_B_EMA_CHANNEL_DIRECTION_HEAVY,red_box_midline::red_mid_2,ORIGINAL_ORACLE_PRESERVED,289,4523.93125,0.12875,True,True,ROLLING_SOURCE_LEVEL_RESIDUAL,superset_base_source_expanded_recent8_median,4528.083407,4.023407,False,True,ROLLING_RANGE_CLOSE_LEVEL_RESIDUAL,superset_base_range_close_superset_recent8_median,superset_residual,8.613407,5.0,19.0,-3.634841,-12.642407,8.007566,level_family_type,70,33.091929,16.897006,2026-03-20,3.0,True,False,False,True,SELECTOR_WITHIN_5
2026-03-23,2026-03-20,L5,RANGE_EXTREME_220_PLUS,CLOSE_POS_LOWER_THIRD,ROWS_STANDARD_9_10,4498.06,PREV_CLOSE_PROXY,,NEUTRAL,4495.38,4498.06,2.68,True,4498.06,2.68,MODE_D_NEAREST_VALID_LADDER,prior_hlc::previous_close,ORIGINAL_ORACLE_PRESERVED,289,4495.08,0.3,True,True,ROLLING_LEVEL_RESIDUAL,superset_base_level_superset_recent12_median,4482.33425,13.04575,False,False,ROLLING_RANGE_CLOSE_LEVEL_RESIDUAL,superset_base_range_close_superset_mean,superset_residual,-15.72575,5.0,19.0,8.860444,0.499961,7.360483,level_family_type,72,37.264631,14.516727,2026-03-20,3.0,True,False,False,False,SELECTOR_GT10
2026-03-23,2026-03-20,L6,RANGE_EXTREME_220_PLUS,CLOSE_POS_LOWER_THIRD,ROWS_STANDARD_9_10,4498.06,PREV_CLOSE_PROXY,,NEUTRAL,4465.6,4483.415,17.815,False,4483.415,17.815,MODE_B_EMA_CHANNEL_DIRECTION_HEAVY,red_box_quarter::red_box_2_75pct,ORIGINAL_ORACLE_PRESERVED,289,4465.812278,0.212278,True,True,ROLLING_RANGE_CLOSE_LEVEL_RESIDUAL,superset_base_range_close_superset_mean,4478.6675,13.0675,False,False,ROLLING_RANGE_CLOSE_LEVEL_RESIDUAL,superset_base_range_close_superset_recent8_median,superset_residual,-4.7475,6.0,19.0,8.445876,-1.025346,8.471222,level_rows_family,1920,27.531727,14.825388,2026-03-20,3.0,True,False,False,True,SELECTOR_GT10
2026-03-23,2026-03-20,L7,RANGE_EXTREME_220_PLUS,CLOSE_POS_LOWER_THIRD,ROWS_STANDARD_9_10,4498.06,PREV_CLOSE_PROXY,,NEUTRAL,4441.71,4477.36,35.65,False,4477.36,35.65,MODE_B_EMA_CHANNEL_DIRECTION_HEAVY,prior_hlc::previous_low,ORIGINAL_ORACLE_PRESERVED,289,4441.854167,0.144167,True,True,ROLLING_RANGE_CLOSE_LEVEL_RESIDUAL,original_base_range_close_expanded_mean,4427.90875,13.80125,False,False,ROLLING_RANGE_CLOSE_LEVEL_RESIDUAL,superset_base_range_close_superset_recent8_median,superset_residual,-49.45125,6.0,19.0,8.501641,1.211962,6.289679,level_family_type,70,34.37398,20.067237,2026-03-20,3.0,True,False,False,True,SELECTOR_GT10
2026-03-24,2026-03-23,L4,RANGE_EXTREME_220_PLUS,CLOSE_POS_UPPER_THIRD,ROWS_STANDARD_9_10,4406.68,PREV_CLOSE_PROXY,,NEUTRAL,4445.82,4508.01375,62.19375,False,4508.01375,62.19375,MODE_B_EMA_CHANNEL_DIRECTION_HEAVY,green_box_quarter::green_box_2_75pct,ORIGINAL_ORACLE_PRESERVED,241,4493.25375,47.43375,False,False,ROLLING_RANGE_LEVEL_RESIDUAL,original_base_range_superset_q25,4512.059001,66.239001,False,False,ROLLING_LEVEL_RESIDUAL,superset_base_level_superset_mean,superset_residual,4.045251,115.0,1.0,15.112282,-3.82441,17.936692,level_family_type,115,27.489191,22.802221,2026-03-23,1.0,True,False,False,False,SELECTOR_GT10
2026-03-24,2026-03-23,L5,RANGE_EXTREME_220_PLUS,CLOSE_POS_UPPER_THIRD,ROWS_STANDARD_9_10,4406.68,PREV_CLOSE_PROXY,,NEUTRAL,4395.52,4449.5775,54.0575,False,4449.5775,54.0575,MODE_B_EMA_CHANNEL_DIRECTION_HEAVY,green_box_midline::green_mid_2,ORIGINAL_ORACLE_PRESERVED,241,4426.907813,31.387813,False,False,ROLLING_RANGE_LEVEL_RESIDUAL,superset_base_range_superset_q25,4449.316667,53.796667,False,False,ROLLING_LEVEL_RESIDUAL,superset_base_level_original_median,original_residual,-0.260833,116.0,1.0,22.00906,2.707689,18.301371,level_family_type,115,34.806264,22.445236,2026-03-23,1.0,True,False,False,True,SELECTOR_GT10
2026-03-24,2026-03-23,L6,RANGE_EXTREME_220_PLUS,CLOSE_POS_UPPER_THIRD,ROWS_STANDARD_9_10,4406.68,PREV_CLOSE_PROXY,,NEUTRAL,4349.74,4369.32882,19.58882,False,4369.32882,19.58882,MODE_B_EMA_CHANNEL_DIRECTION_HEAVY,prior_range_fraction::prev_range_0.618,ORIGINAL_ORACLE_PRESERVED,241,4349.26382,0.47618,True,True,ROLLING_RANGE_LEVEL_RESIDUAL,original_base_range_expanded_recent8_median,4369.36567,19.62567,False,False,ROLLING_LEVEL_RESIDUAL,superset_base_level_original_median,original_residual,0.03685,116.0,1.0,17.651699,-1.660602,18.312302,level_family_type,115,31.554231,22.8343,2026-03-23,1.0,True,False,False,False,SELECTOR_GT10
2026-03-24,2026-03-23,L7,RANGE_EXTREME_220_PLUS,CLOSE_POS_UPPER_THIRD,ROWS_STANDARD_9_10,4406.68,PREV_CLOSE_PROXY,,NEUTRAL,4305.61,4302.705,2.905,True,4302.705,2.905,MODE_B_EMA_CHANNEL_DIRECTION_HEAVY,red_box_edge::red_edge_1,ORIGINAL_ORACLE_PRESERVED,241,4302.705,2.905,True,True,ROLLING_BASE_SUPERSET,ORIGINAL_ORACLE_PRESERVED,4261.86875,43.74125,False,False,ROLLING_RANGE_LEVEL_RESIDUAL,superset_base_range_original_recent20_median,original_residual,-40.83625,10.0,1.0,14.996976,7.640685,6.356291,level_family_type,93,30.506638,19.710037,2026-03-23,1.0,True,False,False,False,SELECTOR_GT10
2026-03-25,2026-03-24,L4,RANGE_WIDE_120_220,CLOSE_POS_UPPER_THIRD,ROWS_STANDARD_9_10,4474.36,PREV_CLOSE_PROXY,,NEUTRAL,4530.5,4540.08625,9.58625,False,4540.08625,9.58625,MODE_B_EMA_CHANNEL_DIRECTION_HEAVY,green_box_quarter::green_box_3_25pct,ORIGINAL_ORACLE_PRESERVED,289,4530.627812,0.127812,True,True,ROLLING_LEVEL_RESIDUAL,original_base_level_expanded_q25,4553.958813,23.458813,False,False,ROLLING_RANGE_CLOSE_LEVEL_RESIDUAL,original_base_range_close_superset_mean,superset_residual,13.872562,10.0,29.0,20.218713,10.651794,8.566919,level_family_type,71,30.141398,16.607468,2026-03-24,1.0,True,False,False,False,SELECTOR_GT10
2026-03-25,2026-03-24,L5,RANGE_WIDE_120_220,CLOSE_POS_UPPER_THIRD,ROWS_STANDARD_9_10,4474.36,PREV_CLOSE_PROXY,,NEUTRAL,4480.55,4462.0975,18.4525,False,4462.0975,18.4525,MODE_C_BALANCED,green_box_midline::green_mid_2,ORIGINAL_ORACLE_PRESERVED,289,4479.87125,0.67875,True,True,ROLLING_SOURCE_LEVEL_RESIDUAL,superset_base_source_expanded_q75,4469.096312,11.453688,False,False,ROLLING_RANGE_CLOSE_LEVEL_RESIDUAL,superset_base_range_close_superset_mean,superset_residual,6.998812,10.0,29.0,23.271517,13.369159,8.902358,level_family_type,73,36.804574,14.496577,2026-03-24,1.0,True,False,False,True,SELECTOR_GT10
2026-03-25,2026-03-24,L6,RANGE_WIDE_120_220,CLOSE_POS_UPPER_THIRD,ROWS_STANDARD_9_10,4474.36,PREV_CLOSE_PROXY,,NEUTRAL,4437.46,4421.523333,15.936667,False,4421.523333,15.936667,MODE_C_BALANCED,prior_hlc::previous_pivot_hlc3,ORIGINAL_ORACLE_PRESERVED,289,4438.581483,1.121483,True,True,ROLLING_RANGE_LEVEL_RESIDUAL,original_base_range_original_q75,4417.022205,20.437795,False,False,ROLLING_SOURCE_LEVEL_RESIDUAL,superset_base_source_original_mean,original_residual,-4.501128,102.0,1.0,27.686724,8.412279,18.274445,level_family_type,113,32.902235,22.838715,2026-03-24,1.0,True,False,False,False,SELECTOR_GT10
2026-03-25,2026-03-24,L7,RANGE_WIDE_120_220,CLOSE_POS_UPPER_THIRD,ROWS_STANDARD_9_10,4474.36,PREV_CLOSE_PROXY,,NEUTRAL,4388.14,4439.5975,51.4575,False,4439.5975,51.4575,MODE_D_NEAREST_VALID_LADDER,prior_range_fraction::prev_range_0.75,ORIGINAL_ORACLE_PRESERVED,289,4399.435,11.295,False,False,ROLLING_LEVEL_RESIDUAL,original_base_level_expanded_recent5_median,4438.4875,50.3475,False,False,ROLLING_ROW_LEVEL_RESIDUAL,superset_base_rows_original_median,original_residual,-1.11,63.0,1.0,19.646907,1.106975,17.539932,level_family_type,103,33.163698,26.270288,2026-03-24,1.0,True,False,False,True,SELECTOR_GT10
2026-03-26,2026-03-25,L4,RANGE_WIDE_120_220,CLOSE_POS_MIDDLE_THIRD,ROWS_STANDARD_9_10,4506.28,PREV_CLOSE_PROXY,,NEUTRAL,4563.01,4565.9,2.89,True,4565.9,2.89,MODE_C_BALANCED,prior_range_fraction::prev_range_0.75,ORIGINAL_ORACLE_PRESERVED,337,4563.401875,0.391875,True,True,ROLLING_LEVEL_RESIDUAL,superset_base_level_superset_recent12_median,4578.050781,15.040781,False,False,ROLLING_REGIME_LEVEL_RESIDUAL,superset_base_regime_original_mean,original_residual,12.150781,8.0,15.0,23.144555,13.981013,8.163542,level_family_type,47,41.475826,9.582228,2026-03-25,1.0,True,False,False,False,SELECTOR_GT10
2026-03-26,2026-03-25,L5,RANGE_WIDE_120_220,CLOSE_POS_MIDDLE_THIRD,ROWS_STANDARD_9_10,4506.28,PREV_CLOSE_PROXY,,NEUTRAL,4529.99,4536.35,6.36,False,4536.35,6.36,MODE_C_BALANCED,red_box_quarter::red_box_1_75pct,ORIGINAL_ORACLE_PRESERVED,337,4529.93,0.06,True,True,ROLLING_LEVEL_RESIDUAL,superset_base_level_original_recent20_median,4537.50625,7.51625,False,False,ROLLING_REGIME_LEVEL_RESIDUAL,superset_base_regime_superset_recent8_median,superset_residual,1.15625,8.0,15.0,24.730319,14.730244,9.000075,level_family_type,48,38.949472,10.485508,2026-03-25,1.0,True,False,False,False,SELECTOR_WITHIN_10
2026-03-26,2026-03-25,L6,RANGE_WIDE_120_220,CLOSE_POS_MIDDLE_THIRD,ROWS_STANDARD_9_10,4506.28,PREV_CLOSE_PROXY,,NEUTRAL,4492.23,4478.15,14.08,False,4478.15,14.08,MODE_C_BALANCED,green_box_quarter::green_box_1_25pct,ORIGINAL_ORACLE_PRESERVED,337,4491.969375,0.260625,True,True,ROLLING_SOURCE_LEVEL_RESIDUAL,superset_base_source_expanded_q75,4476.480359,15.749641,False,False,ROLLING_REGIME_LEVEL_RESIDUAL,superset_base_regime_superset_mean,superset_residual,-1.669641,8.0,15.0,29.723648,20.048626,8.675022,level_family_type,48,31.806615,12.116247,2026-03-25,1.0,True,False,False,False,SELECTOR_GT10
2026-03-26,2026-03-25,L7,RANGE_WIDE_120_220,CLOSE_POS_MIDDLE_THIRD,ROWS_STANDARD_9_10,4506.28,PREV_CLOSE_PROXY,,NEUTRAL,4457.85,4456.1,1.75,True,4456.1,1.75,MODE_D_NEAREST_VALID_LADDER,prior_hlc::previous_low,ORIGINAL_ORACLE_PRESERVED,337,4457.767422,0.082578,True,True,ROLLING_REGIME_LEVEL_RESIDUAL,original_base_regime_expanded_mean,4455.085,2.765,True,True,ROLLING_REGIME_LEVEL_RESIDUAL,superset_base_regime_superset_recent8_median,superset_residual,-1.015,8.0,15.0,33.910731,23.903763,9.006968,level_family_type,46,38.540194,15.708078,2026-03-25,1.0,True,False,False,False,SELECTOR_WITHIN_3
2026-03-27,2026-03-26,L4,RANGE_WIDE_120_220,CLOSE_POS_LOWER_THIRD,ROWS_STANDARD_9_10,4378.0,PREV_CLOSE_PROXY,,NEUTRAL,4456.11,4470.40456,14.29456,False,4470.40456,14.29456,MODE_C_BALANCED,prior_range_fraction::prev_range_0.618,ORIGINAL_ORACLE_PRESERVED,337,4456.55424,0.44424,True,True,ROLLING_REGIME_LEVEL_RESIDUAL,superset_base_regime_expanded_recent5_median,4472.783727,16.673727,False,False,ROLLING_REGIME_LEVEL_RESIDUAL,superset_base_regime_original_mean,original_residual,2.379167,3.0,14.0,35.875818,27.584522,7.291297,level_family_type,48,40.735187,9.695948,2026-03-26,1.0,True,False,False,False,SELECTOR_GT10
2026-03-27,2026-03-26,L5,RANGE_WIDE_120_220,CLOSE_POS_LOWER_THIRD,ROWS_STANDARD_9_10,4378.0,PREV_CLOSE_PROXY,,NEUTRAL,4424.34,4432.64,8.3,False,4432.64,8.3,MODE_C_BALANCED,red_box_edge::red_edge_1,ORIGINAL_ORACLE_PRESERVED,337,4424.72875,0.38875,True,True,ROLLING_RANGE_LEVEL_RESIDUAL,superset_base_range_original_recent8_median,4431.495,7.155,False,False,ROLLING_REGIME_LEVEL_RESIDUAL,superset_base_regime_superset_recent8_median,superset_residual,-1.145,4.0,14.0,39.895364,30.96884,7.926524,level_family_type,49,38.266148,10.424911,2026-03-26,1.0,True,False,False,True,SELECTOR_WITHIN_10
2026-03-27,2026-03-26,L6,RANGE_WIDE_120_220,CLOSE_POS_LOWER_THIRD,ROWS_STANDARD_9_10,4378.0,PREV_CLOSE_PROXY,,NEUTRAL,4393.5,4376.91,16.59,False,4376.91,16.59,MODE_C_BALANCED,red_box_midline::red_mid_2,ORIGINAL_ORACLE_PRESERVED,337,4393.81355,0.31355,True,True,ROLLING_RANGE_LEVEL_RESIDUAL,original_base_range_original_q75,4376.49,17.01,False,False,ROLLING_REGIME_LEVEL_RESIDUAL,superset_base_regime_superset_recent8_median,superset_residual,-0.42,4.0,14.0,35.64286,26.680956,7.961904,level_range_close_family,48,42.520901,12.77406,2026-03-26,1.0,True,False,False,False,SELECTOR_GT10
2026-03-27,2026-03-26,L7,RANGE_WIDE_120_220,CLOSE_POS_LOWER_THIRD,ROWS_STANDARD_9_10,4378.0,PREV_CLOSE_PROXY,,NEUTRAL,4362.5,4321.18,41.32,False,4321.18,41.32,MODE_B_EMA_CHANNEL_DIRECTION_HEAVY,red_box_edge::red_edge_2,ORIGINAL_ORACLE_PRESERVED,337,4340.851562,21.648438,False,False,ROLLING_RANGE_LEVEL_RESIDUAL,original_base_range_expanded_q75,4317.125,45.375,False,False,ROLLING_REGIME_LEVEL_RESIDUAL,superset_base_regime_superset_recent8_median,superset_residual,-4.055,4.0,14.0,42.618647,33.834131,7.784516,level_range_close_family,48,67.520901,13.866667,2026-03-26,1.0,True,False,False,False,SELECTOR_GT10
2026-03-30,2026-03-27,L4,RANGE_WIDE_120_220,CLOSE_POS_MIDDLE_THIRD,ROWS_STANDARD_9_10,4495.46,PREV_CLOSE_PROXY,,NEUTRAL,4543.04,4534.828125,8.211875,False,4532.93875,10.10125,MODE_B_EMA_CHANNEL_DIRECTION_HEAVY,prior_range_fraction::prev_range_0.875,EXPANDED_ORACLE_BETTER,338,4543.2725,0.2325,True,True,ROLLING_REGIME_LEVEL_RESIDUAL,original_base_regime_superset_recent8_median,4532.93875,10.10125,False,False,ROLLING_BASE_ORIGINAL,MODE_B_EMA_CHANNEL_DIRECTION_HEAVY,,0.0,,,29.812731,31.331625,1.481106,level_source_family,10,37.842803,10.129389,2026-03-27,3.0,True,False,False,False,SELECTOR_GT10
2026-03-30,2026-03-27,L5,RANGE_WIDE_120_220,CLOSE_POS_MIDDLE_THIRD,ROWS_STANDARD_9_10,4495.46,PREV_CLOSE_PROXY,,NEUTRAL,4513.02,4502.9675,10.0525,False,4502.9675,10.0525,MODE_C_BALANCED,red_box_midline::red_mid_1,ORIGINAL_ORACLE_PRESERVED,337,4513.243437,0.223437,True,True,ROLLING_ROW_LEVEL_RESIDUAL,original_base_rows_superset_q75,4502.428125,10.591875,False,False,ROLLING_LEVEL_RESIDUAL,superset_base_level_original_median,original_residual,-0.539375,120.0,3.0,24.588653,5.352675,18.235979,level_family_type,119,33.710004,22.418912,2026-03-27,3.0,True,False,False,False,SELECTOR_GT10
2026-03-30,2026-03-27,L6,RANGE_WIDE_120_220,CLOSE_POS_MIDDLE_THIRD,ROWS_STANDARD_9_10,4495.46,PREV_CLOSE_PROXY,,NEUTRAL,4484.03,4475.503333,8.526667,False,4475.503333,8.526667,MODE_C_BALANCED,prior_hlc::previous_pivot_hlc3,ORIGINAL_ORACLE_PRESERVED,337,4484.323333,0.293333,True,True,ROLLING_SOURCE_LEVEL_RESIDUAL,superset_base_source_original_q75,4475.583652,8.446348,False,False,ROLLING_REGIME_LEVEL_RESIDUAL,superset_base_regime_superset_mean,superset_residual,0.080319,9.0,4.0,23.804097,13.491616,9.31248,level_family_type,50,30.709835,12.745038,2026-03-27,3.0,True,False,False,True,SELECTOR_WITHIN_10
2026-03-30,2026-03-27,L7,RANGE_WIDE_120_220,CLOSE_POS_MIDDLE_THIRD,ROWS_STANDARD_9_10,4495.46,PREV_CLOSE_PROXY,,NEUTRAL,4451.72,4450.525,1.195,True,4450.525,1.195,MODE_D_NEAREST_VALID_LADDER,red_box_edge::red_edge_1,ORIGINAL_ORACLE_PRESERVED,337,4451.6725,0.0475,True,True,ROLLING_REGIME_LEVEL_RESIDUAL,superset_base_regime_superset_recent8_median,4451.07,0.65,True,True,ROLLING_REGIME_LEVEL_RESIDUAL,superset_base_regime_superset_recent12_median,superset_residual,0.545,9.0,4.0,28.040758,17.450954,9.589804,level_regime_family_type,6,41.512175,19.655833,2026-03-27,3.0,True,False,False,True,SELECTOR_WITHIN_3
2026-03-31,2026-03-30,L4,RANGE_WIDE_120_220,CLOSE_POS_MIDDLE_THIRD,ROWS_SPARSE_1_8,4511.02,PREV_CLOSE_PROXY,,NEUTRAL,4538.28,4540.3925,2.1125,True,4540.3925,2.1125,MODE_B_EMA_CHANNEL_DIRECTION_HEAVY,prior_range_fraction::prev_range_0.75,ORIGINAL_ORACLE_PRESERVED,289,4538.3375,0.0575,True,True,ROLLING_RANGE_CLOSE_LEVEL_RESIDUAL,original_base_range_close_superset_recent5_median,4543.95375,5.67375,False,False,ROLLING_SOURCE_LEVEL_RESIDUAL,superset_base_source_superset_median,superset_residual,3.56125,108.0,4.0,26.492928,7.070317,18.422611,level_rows_family,1488,25.655863,12.737375,2026-03-30,1.0,True,False,False,False,SELECTOR_WITHIN_10
2026-03-31,2026-03-30,L5,RANGE_WIDE_120_220,CLOSE_POS_MIDDLE_THIRD,ROWS_SPARSE_1_8,4511.02,PREV_CLOSE_PROXY,,NEUTRAL,4510.04,4509.01375,1.02625,True,4509.01375,1.02625,MODE_C_BALANCED,red_box_quarter::red_box_1_75pct,ORIGINAL_ORACLE_PRESERVED,289,4509.83375,0.20625,True,True,ROLLING_RANGE_LEVEL_RESIDUAL,superset_base_range_superset_recent5_median,4508.48875,1.55125,True,True,ROLLING_LEVEL_RESIDUAL,superset_base_level_original_median,original_residual,-0.525,121.0,1.0,25.950247,6.661767,18.28848,level_rows_family,1488,29.332333,11.880486,2026-03-30,1.0,True,False,False,False,SELECTOR_WITHIN_3
2026-03-31,2026-03-30,L6,RANGE_WIDE_120_220,CLOSE_POS_MIDDLE_THIRD,ROWS_SPARSE_1_8,4511.02,PREV_CLOSE_PROXY,,NEUTRAL,4480.75,4481.13346,0.38346,True,4481.13346,0.38346,MODE_C_BALANCED,prior_range_fraction::prev_range_0.382,ORIGINAL_ORACLE_PRESERVED,289,4480.70721,0.04279,True,True,ROLLING_ROW_LEVEL_RESIDUAL,superset_base_rows_original_median,4482.058414,1.308414,True,True,ROLLING_RANGE_CLOSE_LEVEL_RESIDUAL,superset_base_range_close_superset_mean,superset_residual,0.924954,10.0,1.0,28.555151,17.631189,9.923962,level_family_type,78,33.501982,15.171297,2026-03-30,1.0,True,False,False,False,SELECTOR_WITHIN_3
2026-03-31,2026-03-30,L7,RANGE_WIDE_120_220,CLOSE_POS_MIDDLE_THIRD,ROWS_SPARSE_1_8,4511.02,PREV_CLOSE_PROXY,,NEUTRAL,4448.16,4443.49875,4.66125,True,4443.49875,4.66125,MODE_C_BALANCED,green_box_quarter::green_box_1_25pct,ORIGINAL_ORACLE_PRESERVED,289,4445.24875,2.91125,True,True,ROLLING_LEVEL_RESIDUAL,superset_base_level_original_recent5_median,4444.36875,3.79125,False,True,ROLLING_RANGE_CLOSE_LEVEL_RESIDUAL,superset_base_range_close_superset_recent8_median,superset_residual,0.87,8.0,1.0,31.657105,20.980461,9.676644,level_range_close_family_type,6,41.512175,19.362083,2026-03-30,1.0,True,False,False,True,SELECTOR_WITHIN_5
2026-04-01,2026-03-31,L4,RANGE_WIDE_120_220,CLOSE_POS_UPPER_THIRD,ROWS_STANDARD_9_10,4667.12,PREV_CLOSE_PROXY,,NEUTRAL,4705.0,4746.6725,41.6725,False,4746.6725,41.6725,MODE_B_EMA_CHANNEL_DIRECTION_HEAVY,green_box_quarter::green_box_3_25pct,ORIGINAL_ORACLE_PRESERVED,337,4731.47,26.47,False,False,ROLLING_RANGE_LEVEL_RESIDUAL,superset_base_range_expanded_q25,4769.933125,64.933125,False,False,ROLLING_REGIME_LEVEL_RESIDUAL,superset_base_regime_original_mean,original_residual,23.260625,3.0,7.0,30.416732,22.96315,6.453582,level_family_type,50,41.054663,9.686938,2026-03-31,1.0,True,False,False,False,SELECTOR_GT10
2026-04-01,2026-03-31,L5,RANGE_WIDE_120_220,CLOSE_POS_UPPER_THIRD,ROWS_STANDARD_9_10,4667.12,PREV_CLOSE_PROXY,,NEUTRAL,4683.82,4687.32,3.5,True,4687.32,3.5,MODE_B_EMA_CHANNEL_DIRECTION_HEAVY,prior_hlc::previous_high,ORIGINAL_ORACLE_PRESERVED,337,4683.905,0.085,True,True,ROLLING_SOURCE_LEVEL_RESIDUAL,superset_base_source_superset_recent20_median,4705.7725,21.9525,False,False,ROLLING_REGIME_LEVEL_RESIDUAL,superset_base_regime_superset_recent8_median,superset_residual,18.4525,3.0,7.0,32.650102,24.661884,6.988218,level_family_type,51,36.968991,10.300404,2026-03-31,1.0,True,False,False,False,SELECTOR_GT10
2026-04-01,2026-03-31,L6,RANGE_WIDE_120_220,CLOSE_POS_UPPER_THIRD,ROWS_STANDARD_9_10,4667.12,PREV_CLOSE_PROXY,,NEUTRAL,4661.39,4667.12,5.73,False,4667.12,5.73,MODE_D_NEAREST_VALID_LADDER,prior_hlc::previous_close,ORIGINAL_ORACLE_PRESERVED,337,4661.493029,0.103029,True,True,ROLLING_RANGE_LEVEL_RESIDUAL,superset_base_range_superset_mean,4683.056667,21.666667,False,False,ROLLING_REGIME_LEVEL_RESIDUAL,superset_base_regime_superset_recent8_median,superset_residual,15.936667,3.0,7.0,30.864056,22.753065,7.110991,level_family_type,51,35.274076,11.995774,2026-03-31,1.0,True,False,False,False,SELECTOR_GT10
2026-04-01,2026-03-31,L7,RANGE_WIDE_120_220,CLOSE_POS_UPPER_THIRD,ROWS_STANDARD_9_10,4667.12,PREV_CLOSE_PROXY,,NEUTRAL,4641.04,4636.115,4.925,True,4636.115,4.925,MODE_A_LIVE_PROXIMITY_HEAVY,prior_range_fraction::prev_range_0.75,ORIGINAL_ORACLE_PRESERVED,337,4644.19,3.15,False,True,ROLLING_RANGE_CLOSE_LEVEL_RESIDUAL,superset_base_range_close_superset_recent5_median,4584.6575,56.3825,False,False,ROLLING_REGIME_LEVEL_RESIDUAL,superset_base_regime_superset_recent8_median,superset_residual,-51.4575,3.0,7.0,29.058351,22.680777,5.377574,level_family_type,49,40.020534,15.729777,2026-03-31,1.0,True,False,False,False,SELECTOR_GT10
2026-04-02,2026-04-01,L4,RANGE_WIDE_120_220,CLOSE_POS_UPPER_THIRD,ROWS_EXTENDED_11_PLUS,4758.18,PREV_CLOSE_PROXY,,NEUTRAL,4810.02,4822.78,12.76,False,4822.78,12.76,MODE_B_EMA_CHANNEL_DIRECTION_HEAVY,green_box_edge::green_edge_2,ORIGINAL_ORACLE_PRESERVED,337,4810.839595,0.819595,True,True,ROLLING_LEVEL_RESIDUAL,superset_base_level_expanded_recent8_median,4816.096875,6.076875,False,False,ROLLING_LEVEL_RESIDUAL,original_base_level_superset_q25,superset_residual,-6.683125,122.0,1.0,20.089553,1.31159,17.777964,level_range_close_family_type,12,34.058523,20.519025,2026-04-01,1.0,True,False,False,True,SELECTOR_WITHIN_10
2026-04-02,2026-04-01,L5,RANGE_WIDE_120_220,CLOSE_POS_UPPER_THIRD,ROWS_EXTENDED_11_PLUS,4758.18,PREV_CLOSE_PROXY,,NEUTRAL,4784.05,4782.52,1.53,True,4782.52,1.53,MODE_D_NEAREST_VALID_LADDER,green_box_midline::green_mid_2,ORIGINAL_ORACLE_PRESERVED,337,4783.892547,0.157453,True,True,ROLLING_RANGE_LEVEL_RESIDUAL,superset_base_range_expanded_mean,4781.995,2.055,True,True,ROLLING_LEVEL_RESIDUAL,superset_base_level_original_median,original_residual,-0.525,123.0,1.0,27.73504,8.44656,18.28848,level_family_type,122,34.470542,21.993711,2026-04-01,1.0,True,False,False,False,SELECTOR_WITHIN_3
2026-04-02,2026-04-01,L6,RANGE_WIDE_120_220,CLOSE_POS_UPPER_THIRD,ROWS_EXTENDED_11_PLUS,4758.18,PREV_CLOSE_PROXY,,NEUTRAL,4749.81,4742.26,7.55,False,4742.26,7.55,MODE_C_BALANCED,green_box_edge::green_edge_1,ORIGINAL_ORACLE_PRESERVED,337,4750.21665,0.40665,True,True,ROLLING_LEVEL_RESIDUAL,original_base_level_superset_q75,4743.7975,6.0125,False,False,ROLLING_REGIME_LEVEL_RESIDUAL,superset_base_regime_superset_recent8_median,superset_residual,1.5375,5.0,37.0,26.528869,17.942199,7.58667,level_family_type,52,34.686174,12.181753,2026-04-01,1.0,True,False,False,True,SELECTOR_WITHIN_10
2026-04-02,2026-04-01,L7,RANGE_WIDE_120_220,CLOSE_POS_UPPER_THIRD,ROWS_EXTENDED_11_PLUS,4758.18,PREV_CLOSE_PROXY,,NEUTRAL,4714.19,4727.26,13.07,False,4727.26,13.07,MODE_D_NEAREST_VALID_LADDER,prior_hlc::previous_mid,ORIGINAL_ORACLE_PRESERVED,337,4713.620075,0.569925,True,True,ROLLING_ROW_LEVEL_RESIDUAL,superset_base_rows_expanded_mean,4736.72125,22.53125,False,False,ROLLING_LEVEL_RESIDUAL,superset_base_level_superset_q75,superset_residual,9.46125,119.0,1.0,20.576185,1.933794,17.642391,level_regime_family_type,5,37.013112,19.726958,2026-04-01,1.0,True,False,False,False,SELECTOR_GT10
2026-04-03,2026-04-02,L4,RANGE_EXTREME_220_PLUS,CLOSE_POS_MIDDLE_THIRD,ROWS_STANDARD_9_10,4676.04,PREV_CLOSE_PROXY,,NEUTRAL,4712.91,4677.3,35.61,False,4677.3,35.61,MODE_B_EMA_CHANNEL_DIRECTION_HEAVY,prior_hlc::previous_mid,ORIGINAL_ORACLE_PRESERVED,289,4719.412188,6.502188,False,False,ROLLING_RANGE_LEVEL_RESIDUAL,superset_base_range_original_q75,4640.4875,72.4225,False,False,ROLLING_RANGE_CLOSE_LEVEL_RESIDUAL,original_base_range_close_superset_recent5_median,superset_residual,-36.8125,4.0,14.0,23.937832,16.571882,6.36595,level_family_type,78,35.827563,16.431407,2026-04-02,1.0,True,False,False,False,SELECTOR_GT10
2026-04-03,2026-04-02,L5,RANGE_EXTREME_220_PLUS,CLOSE_POS_MIDDLE_THIRD,ROWS_STANDARD_9_10,4676.04,PREV_CLOSE_PROXY,,NEUTRAL,4676.39,4662.3,14.09,False,4662.3,14.09,MODE_C_BALANCED,red_box_edge::red_edge_1,ORIGINAL_ORACLE_PRESERVED,241,4680.243438,3.853437,False,True,ROLLING_LEVEL_RESIDUAL,superset_base_level_expanded_q75,4662.039167,14.350833,False,False,ROLLING_LEVEL_RESIDUAL,superset_base_level_original_median,original_residual,-0.260833,124.0,1.0,7.284287,-12.017084,18.301371,level_family_type,123,34.970767,21.831608,2026-04-02,1.0,True,False,False,False,SELECTOR_GT10
2026-04-03,2026-04-02,L6,RANGE_EXTREME_220_PLUS,CLOSE_POS_MIDDLE_THIRD,ROWS_STANDARD_9_10,4676.04,PREV_CLOSE_PROXY,,NEUTRAL,4637.21,4648.2484,11.0384,False,4648.2484,11.0384,MODE_C_BALANCED,prior_range_fraction::prev_range_0.382,ORIGINAL_ORACLE_PRESERVED,241,4637.28277,0.07277,True,True,ROLLING_RANGE_LEVEL_RESIDUAL,superset_base_range_original_mean,4637.28277,0.07277,True,True,ROLLING_RANGE_LEVEL_RESIDUAL,superset_base_range_original_mean,original_residual,-10.96563,12.0,10.0,3.558305,-5.392572,7.950877,level_family_type,107,31.140613,18.788908,2026-04-02,1.0,True,True,True,True,SELECTOR_WITHIN_3
2026-04-03,2026-04-02,L7,RANGE_EXTREME_220_PLUS,CLOSE_POS_MIDDLE_THIRD,ROWS_STANDARD_9_10,4676.04,PREV_CLOSE_PROXY,,NEUTRAL,4603.66,4627.775,24.115,False,4627.775,24.115,MODE_B_EMA_CHANNEL_DIRECTION_HEAVY,red_box_quarter::red_box_2_25pct,ORIGINAL_ORACLE_PRESERVED,241,4603.35125,0.30875,True,True,ROLLING_LEVEL_RESIDUAL,superset_base_level_expanded_q25,4592.125,11.535,False,False,ROLLING_RANGE_LEVEL_RESIDUAL,superset_base_range_superset_median,superset_residual,-35.65,11.0,10.0,8.547294,0.896014,6.65128,level_family_type,101,29.18505,19.863865,2026-04-02,1.0,True,False,False,True,SELECTOR_GT10
2026-04-06,2026-04-02,L4,RANGE_EXTREME_220_PLUS,CLOSE_POS_MIDDLE_THIRD,ROWS_STANDARD_9_10,4676.04,PREV_CLOSE_PROXY,,NEUTRAL,4712.91,4718.333415,5.423415,False,4718.333415,5.423415,MODE_B_EMA_CHANNEL_DIRECTION_HEAVY,prior_range_fraction::prev_range_0.666667,ORIGINAL_ORACLE_PRESERVED,337,4712.843415,0.066585,True,True,ROLLING_ROW_LEVEL_RESIDUAL,superset_base_rows_original_recent20_median,4702.535082,10.374918,False,False,ROLLING_REGIME_LEVEL_RESIDUAL,superset_base_regime_original_mean,original_residual,-15.798333,3.0,3.0,26.82918,18.907839,6.921341,level_family_type,52,39.686174,11.000862,2026-04-03,3.0,True,False,False,False,SELECTOR_GT10
2026-04-06,2026-04-02,L5,RANGE_EXTREME_220_PLUS,CLOSE_POS_MIDDLE_THIRD,ROWS_STANDARD_9_10,4676.04,PREV_CLOSE_PROXY,,NEUTRAL,4676.39,4676.04,0.35,True,4676.04,0.35,MODE_C_BALANCED,prior_hlc::previous_close,ORIGINAL_ORACLE_PRESERVED,337,4676.602147,0.212147,True,True,ROLLING_LEVEL_RESIDUAL,superset_base_level_superset_mean,4690.13,13.74,False,False,ROLLING_REGIME_LEVEL_RESIDUAL,superset_base_regime_superset_recent8_median,superset_residual,14.09,3.0,3.0,32.505936,24.201228,7.304708,level_family_type,53,35.756893,10.467747,2026-04-03,3.0,True,False,False,False,SELECTOR_GT10
2026-04-06,2026-04-02,L6,RANGE_EXTREME_220_PLUS,CLOSE_POS_MIDDLE_THIRD,ROWS_STANDARD_9_10,4676.04,PREV_CLOSE_PROXY,,NEUTRAL,4637.21,4636.266585,0.943415,True,4636.266585,0.943415,MODE_C_BALANCED,prior_range_fraction::prev_range_0.333333,ORIGINAL_ORACLE_PRESERVED,241,4636.930752,0.279248,True,True,ROLLING_LEVEL_RESIDUAL,superset_base_level_expanded_recent8_median,4625.295357,11.914643,False,False,ROLLING_RANGE_LEVEL_RESIDUAL,superset_base_range_original_mean,original_residual,-10.971228,13.0,3.0,7.264911,-2.141993,8.406904,level_family_type,108,31.734228,18.615611,2026-04-03,3.0,True,False,False,False,SELECTOR_GT10
2026-04-06,2026-04-02,L7,RANGE_EXTREME_220_PLUS,CLOSE_POS_MIDDLE_THIRD,ROWS_STANDARD_9_10,4676.04,PREV_CLOSE_PROXY,,NEUTRAL,4603.66,4593.25,10.41,False,4593.25,10.41,MODE_D_NEAREST_VALID_LADDER,red_box_midline::red_mid_2,ORIGINAL_ORACLE_PRESERVED,241,4604.0975,0.4375,True,True,ROLLING_SOURCE_LEVEL_RESIDUAL,superset_base_source_superset_q75,4562.8925,40.7675,False,False,ROLLING_RANGE_LEVEL_RESIDUAL,superset_base_range_superset_median,superset_residual,-30.3575,12.0,3.0,9.633656,1.267802,7.365854,level_family_type,102,28.919731,19.782209,2026-04-03,3.0,True,False,False,False,SELECTOR_GT10
2026-04-07,2026-04-06,L4,RANGE_NORMAL_60_120,CLOSE_POS_MIDDLE_THIRD,ROWS_STANDARD_9_10,4650.5,PREV_CLOSE_PROXY,,NEUTRAL,4686.47,4687.69,1.22,True,4687.69,1.22,MODE_C_BALANCED,green_box_quarter::green_box_2_25pct | red_box_quarter::red_box_1_25pct,ORIGINAL_ORACLE_PRESERVED,337,4686.49625,0.02625,True,True,ROLLING_REGIME_LEVEL_RESIDUAL,superset_base_regime_original_median,4690.72992,4.25992,False,True,ROLLING_ROW_LEVEL_RESIDUAL,superset_base_rows_original_mean,original_residual,3.03992,71.0,1.0,41.469877,23.204125,17.265752,level_range_close_family_type,20,38.613231,7.900263,2026-04-06,1.0,True,False,False,False,SELECTOR_WITHIN_5
2026-04-07,2026-04-06,L5,RANGE_NORMAL_60_120,CLOSE_POS_MIDDLE_THIRD,ROWS_STANDARD_9_10,4650.5,PREV_CLOSE_PROXY,,NEUTRAL,4647.73,4651.795,4.065,True,4652.234167,4.504167,MODE_C_BALANCED,green_box_quarter::green_box_1_75pct | prior_hlc::previous_pivot_hlc3,EXPANDED_ORACLE_BETTER,338,4647.645,0.085,True,True,ROLLING_RANGE_LEVEL_RESIDUAL,superset_base_range_superset_q25,4651.971667,4.241667,False,True,ROLLING_LEVEL_RESIDUAL,superset_base_level_original_median,original_residual,0.176667,126.0,1.0,52.959295,33.65416,18.305135,level_range_close_family_type,22,46.039015,8.066643,2026-04-06,1.0,True,False,False,False,SELECTOR_WITHIN_5
2026-04-07,2026-04-06,L6,RANGE_NORMAL_60_120,CLOSE_POS_MIDDLE_THIRD,ROWS_STANDARD_9_10,4650.5,PREV_CLOSE_PROXY,,NEUTRAL,4607.29,4627.33,20.04,False,4627.33,20.04,MODE_C_BALANCED,prior_range_fraction::prev_range_0.25,ORIGINAL_ORACLE_PRESERVED,337,4607.41059,0.12059,True,True,ROLLING_SOURCE_LEVEL_RESIDUAL,superset_base_source_expanded_q25,4627.025,19.735,False,False,ROLLING_SOURCE_LEVEL_RESIDUAL,superset_base_source_superset_median,superset_residual,-0.305,111.0,1.0,43.129443,23.470227,18.659216,level_range_close_family_type,20,38.613231,9.225857,2026-04-06,1.0,True,False,False,True,SELECTOR_GT10
2026-04-07,2026-04-06,L7,RANGE_NORMAL_60_120,CLOSE_POS_MIDDLE_THIRD,ROWS_STANDARD_9_10,4650.5,PREV_CLOSE_PROXY,,NEUTRAL,4566.31,4553.935,12.375,False,4553.935,12.375,MODE_B_EMA_CHANNEL_DIRECTION_HEAVY,red_box_quarter::red_box_3_25pct,ORIGINAL_ORACLE_PRESERVED,337,4564.911875,1.398125,True,True,ROLLING_RANGE_LEVEL_RESIDUAL,original_base_range_superset_q75,4553.381875,12.928125,False,False,ROLLING_ROW_LEVEL_RESIDUAL,superset_base_rows_original_median,original_residual,-0.553125,70.0,1.0,38.815084,20.247977,17.567107,level_range_close_family_type,21,44.178292,12.22119,2026-04-06,1.0,True,False,False,False,SELECTOR_GT10
2026-04-08,2026-04-07,L4,RANGE_NORMAL_60_120,CLOSE_POS_UPPER_THIRD,ROWS_STANDARD_9_10,4705.73,PREV_CLOSE_PROXY,,NEUTRAL,4713.5,4713.38,0.12,True,4713.38,0.12,MODE_B_EMA_CHANNEL_DIRECTION_HEAVY,green_box_midline::green_mid_2,ORIGINAL_ORACLE_PRESERVED,337,4713.601875,0.101875,True,True,ROLLING_RANGE_LEVEL_RESIDUAL,superset_base_range_superset_recent20_median,4718.837469,5.337469,False,False,ROLLING_REGIME_LEVEL_RESIDUAL,superset_base_regime_superset_mean,superset_residual,5.457469,20.0,30.0,43.002182,30.600506,11.401676,level_regime_family_type,17,39.246818,8.296278,2026-04-07,1.0,True,False,False,False,SELECTOR_WITHIN_10
2026-04-08,2026-04-07,L5,RANGE_NORMAL_60_120,CLOSE_POS_UPPER_THIRD,ROWS_STANDARD_9_10,4705.73,PREV_CLOSE_PROXY,,NEUTRAL,4677.93,4676.46086,1.46914,True,4683.38,5.45,MODE_C_BALANCED,red_box_midline::red_mid_1,EXPANDED_ORACLE_BETTER,338,4677.888996,0.041004,True,True,ROLLING_RANGE_LEVEL_RESIDUAL,superset_base_range_original_mean,4676.08086,1.84914,True,True,ROLLING_LEVEL_RESIDUAL,superset_base_level_superset_median,superset_residual,-0.38,127.0,1.0,46.378746,27.110867,18.267879,level_range_close_family_type,28,38.365846,11.776119,2026-04-07,1.0,True,False,False,False,SELECTOR_WITHIN_3
2026-04-08,2026-04-07,L6,RANGE_NORMAL_60_120,CLOSE_POS_UPPER_THIRD,ROWS_STANDARD_9_10,4705.73,PREV_CLOSE_PROXY,,NEUTRAL,4637.57,4650.04672,12.47672,False,4650.04672,12.47672,MODE_B_EMA_CHANNEL_DIRECTION_HEAVY,prior_range_fraction::prev_range_0.382,ORIGINAL_ORACLE_PRESERVED,337,4637.716056,0.146056,True,True,ROLLING_RANGE_LEVEL_RESIDUAL,superset_base_range_expanded_q25,4651.667118,14.097118,False,False,ROLLING_REGIME_LEVEL_RESIDUAL,superset_base_regime_superset_median,superset_residual,1.620398,20.0,30.0,41.51794,28.749015,11.768925,level_range_close_family_type,19,43.747054,8.799159,2026-04-07,1.0,True,False,False,False,SELECTOR_GT10
2026-04-08,2026-04-07,L7,RANGE_NORMAL_60_120,CLOSE_POS_UPPER_THIRD,ROWS_STANDARD_9_10,4705.73,PREV_CLOSE_PROXY,,NEUTRAL,4597.43,4621.53,24.1,False,4621.53,24.1,MODE_C_BALANCED,prior_range_fraction::prev_range_0.125,ORIGINAL_ORACLE_PRESERVED,337,4597.3675,0.0625,True,True,ROLLING_LEVEL_RESIDUAL,superset_base_level_expanded_q25,4622.32125,24.89125,False,False,ROLLING_REGIME_LEVEL_RESIDUAL,superset_base_regime_original_median,original_residual,0.79125,20.0,30.0,43.409861,30.600474,11.809387,level_regime_family_type,17,47.246818,12.111904,2026-04-07,1.0,True,False,False,False,SELECTOR_GT10
2026-04-09,2026-04-08,L4,RANGE_WIDE_120_220,CLOSE_POS_LOWER_THIRD,ROWS_STANDARD_9_10,4719.26,PREV_CLOSE_PROXY,,NEUTRAL,4767.19,4770.27625,3.08625,True,4770.27625,3.08625,MODE_B_EMA_CHANNEL_DIRECTION_HEAVY,green_box_quarter::green_box_1_75pct,ORIGINAL_ORACLE_PRESERVED,337,4766.69125,0.49875,True,True,ROLLING_RANGE_LEVEL_RESIDUAL,superset_base_range_superset_recent20_median,4768.486985,1.296985,True,True,ROLLING_REGIME_LEVEL_RESIDUAL,superset_base_regime_original_mean,original_residual,-1.789265,4.0,13.0,33.353679,24.732695,7.620984,level_family_type,55,40.97096,10.704615,2026-04-08,1.0,True,False,True,True,SELECTOR_WITHIN_3
2026-04-09,2026-04-08,L5,RANGE_WIDE_120_220,CLOSE_POS_LOWER_THIRD,ROWS_STANDARD_9_10,4719.26,PREV_CLOSE_PROXY,,NEUTRAL,4733.49,4739.3675,5.8775,False,4739.3675,5.8775,MODE_D_NEAREST_VALID_LADDER,prior_range_fraction::prev_range_0.25,ORIGINAL_ORACLE_PRESERVED,337,4733.14375,0.34625,True,True,ROLLING_SOURCE_LEVEL_RESIDUAL,superset_base_source_expanded_recent12_median,4739.106667,5.616667,False,False,ROLLING_LEVEL_RESIDUAL,superset_base_level_original_median,original_residual,-0.260833,128.0,1.0,33.617627,14.316256,18.301371,level_family_type,127,36.156818,21.304667,2026-04-08,1.0,True,False,False,True,SELECTOR_WITHIN_10
2026-04-09,2026-04-08,L6,RANGE_WIDE_120_220,CLOSE_POS_LOWER_THIRD,ROWS_STANDARD_9_10,4719.26,PREV_CLOSE_PROXY,,NEUTRAL,4693.82,4700.05,6.23,False,4700.05,6.23,MODE_C_BALANCED,prior_hlc::previous_low,ORIGINAL_ORACLE_PRESERVED,337,4693.927087,0.107087,True,True,ROLLING_ROW_LEVEL_RESIDUAL,original_base_rows_expanded_recent8_median,4700.08685,6.26685,False,False,ROLLING_LEVEL_RESIDUAL,superset_base_level_original_median,original_residual,0.03685,128.0,1.0,29.358325,10.046023,18.312302,level_family_type,127,30.230892,21.726575,2026-04-08,1.0,True,False,False,False,SELECTOR_WITHIN_10
2026-04-09,2026-04-08,L7,RANGE_WIDE_120_220,CLOSE_POS_LOWER_THIRD,ROWS_STANDARD_9_10,4719.26,PREV_CLOSE_PROXY,,NEUTRAL,4651.82,4670.05,18.23,False,4670.05,18.23,MODE_B_EMA_CHANNEL_DIRECTION_HEAVY,red_box_edge::red_edge_2,ORIGINAL_ORACLE_PRESERVED,337,4651.475,0.345,True,True,ROLLING_RANGE_LEVEL_RESIDUAL,superset_base_range_superset_q25,4668.47,16.65,False,False,ROLLING_REGIME_LEVEL_RESIDUAL,superset_base_regime_superset_recent8_median,superset_residual,-1.58,5.0,13.0,24.950969,15.744773,8.206196,level_family_type,53,37.396237,16.69237,2026-04-08,1.0,True,False,False,True,SELECTOR_GT10
2026-04-10,2026-04-09,L4,RANGE_NORMAL_60_120,CLOSE_POS_MIDDLE_THIRD,ROWS_STANDARD_9_10,4765.5,PREV_CLOSE_PROXY,,NEUTRAL,4787.01,4782.96,4.05,True,4782.96,4.05,MODE_B_EMA_CHANNEL_DIRECTION_HEAVY,green_box_quarter::green_box_2_25pct | red_box_quarter::red_box_1_25pct,ORIGINAL_ORACLE_PRESERVED,337,4786.854375,0.155625,True,True,ROLLING_ROW_LEVEL_RESIDUAL,superset_base_rows_superset_median,4783.203417,3.806583,False,True,ROLLING_REGIME_LEVEL_RESIDUAL,superset_base_regime_original_mean,original_residual,0.243417,15.0,3.0,48.548892,36.568471,10.980421,level_regime_family_type,12,49.058523,5.717927,2026-04-09,1.0,True,False,False,True,SELECTOR_WITHIN_5
2026-04-10,2026-04-09,L5,RANGE_NORMAL_60_120,CLOSE_POS_MIDDLE_THIRD,ROWS_STANDARD_9_10,4765.5,PREV_CLOSE_PROXY,,NEUTRAL,4746.82,4748.175,1.355,True,4748.175,1.355,MODE_C_BALANCED,green_box_quarter::green_box_1_75pct,ORIGINAL_ORACLE_PRESERVED,337,4746.87707,0.05707,True,True,ROLLING_ROW_LEVEL_RESIDUAL,original_base_rows_expanded_recent20_median,4747.341661,0.521661,True,True,ROLLING_ROW_LEVEL_RESIDUAL,superset_base_rows_original_mean,original_residual,-0.833339,75.0,1.0,49.396662,31.023229,17.373433,level_regime_family_type,13,41.960498,7.384021,2026-04-09,1.0,True,False,False,True,SELECTOR_WITHIN_3
2026-04-10,2026-04-09,L6,RANGE_NORMAL_60_120,CLOSE_POS_MIDDLE_THIRD,ROWS_STANDARD_9_10,4765.5,PREV_CLOSE_PROXY,,NEUTRAL,4706.64,4724.08,17.44,False,4724.08,17.44,MODE_C_BALANCED,prior_range_fraction::prev_range_0.25,ORIGINAL_ORACLE_PRESERVED,337,4708.0975,1.4575,True,True,ROLLING_SOURCE_LEVEL_RESIDUAL,superset_base_source_expanded_recent8_median,4719.000316,12.360316,False,False,ROLLING_SOURCE_LEVEL_RESIDUAL,superset_base_source_expanded_median,expanded_residual,-5.079684,114.0,1.0,42.217075,22.790863,18.426211,level_range_close_family_type,21,44.178292,9.828103,2026-04-09,1.0,True,False,False,True,SELECTOR_GT10
2026-04-10,2026-04-09,L7,RANGE_NORMAL_60_120,CLOSE_POS_MIDDLE_THIRD,ROWS_STANDARD_9_10,4765.5,PREV_CLOSE_PROXY,,NEUTRAL,4671.56,4651.795,19.765,False,4651.795,19.765,MODE_B_EMA_CHANNEL_DIRECTION_HEAVY,red_box_quarter::red_box_3_25pct,ORIGINAL_ORACLE_PRESERVED,337,4671.798281,0.238281,True,True,ROLLING_RANGE_CLOSE_LEVEL_RESIDUAL,original_base_range_close_expanded_q75,4652.802214,18.757786,False,False,ROLLING_RANGE_CLOSE_LEVEL_RESIDUAL,original_base_range_close_superset_mean,superset_residual,1.007214,24.0,3.0,38.00695,23.288802,13.718148,level_range_close_family_type,20,31.470373,13.457991,2026-04-09,1.0,True,False,False,True,SELECTOR_GT10
2026-04-13,2026-04-10,L4,RANGE_NORMAL_60_120,CLOSE_POS_LOWER_THIRD,ROWS_STANDARD_9_10,4749.18,PREV_CLOSE_PROXY,,NEUTRAL,4777.03,4768.91375,8.11625,False,4768.91375,8.11625,MODE_C_BALANCED,green_box_quarter::green_box_1_75pct | prior_range_fraction::prev_range_0.618 | red_box_midline::red_mid_1,ORIGINAL_ORACLE_PRESERVED,337,4776.958125,0.071875,True,True,ROLLING_SOURCE_LEVEL_RESIDUAL,superset_base_source_expanded_median,4771.789724,5.240276,False,False,ROLLING_ROW_LEVEL_RESIDUAL,superset_base_rows_original_mean,original_residual,2.875974,75.0,3.0,35.765786,17.543833,17.221952,level_range_close_family_type,8,36.323153,13.559044,2026-04-10,3.0,True,False,False,True,SELECTOR_WITHIN_10
2026-04-13,2026-04-10,L5,RANGE_NORMAL_60_120,CLOSE_POS_LOWER_THIRD,ROWS_STANDARD_9_10,4749.18,PREV_CLOSE_PROXY,,NEUTRAL,4737.6,4736.2625,1.3375,True,4736.2625,1.3375,MODE_A_LIVE_PROXIMITY_HEAVY,red_box_quarter::red_box_2_25pct,ORIGINAL_ORACLE_PRESERVED,337,4737.628302,0.028302,True,True,ROLLING_RANGE_LEVEL_RESIDUAL,superset_base_range_superset_mean,4735.723125,1.876875,True,True,ROLLING_LEVEL_RESIDUAL,superset_base_level_original_median,original_residual,-0.539375,130.0,3.0,43.090427,23.854449,18.235979,level_regime_family_type,4,31.764205,8.681865,2026-04-10,3.0,True,False,False,False,SELECTOR_WITHIN_3
2026-04-13,2026-04-10,L6,RANGE_NORMAL_60_120,CLOSE_POS_LOWER_THIRD,ROWS_STANDARD_9_10,4749.18,PREV_CLOSE_PROXY,,NEUTRAL,4695.33,4712.7275,17.3975,False,4712.7275,17.3975,MODE_B_EMA_CHANNEL_DIRECTION_HEAVY,red_box_quarter::red_box_2_75pct,ORIGINAL_ORACLE_PRESERVED,337,4695.284844,0.045156,True,True,ROLLING_REGIME_LEVEL_RESIDUAL,superset_base_regime_expanded_q25,4709.253343,13.923343,False,False,ROLLING_LEVEL_RESIDUAL,superset_base_level_original_mean,original_residual,-3.474157,130.0,3.0,39.153669,20.240907,17.912761,level_regime_family_type,4,40.097538,8.033955,2026-04-10,3.0,True,False,False,True,SELECTOR_GT10
2026-04-13,2026-04-10,L7,RANGE_NORMAL_60_120,CLOSE_POS_LOWER_THIRD,ROWS_STANDARD_9_10,4749.18,PREV_CLOSE_PROXY,,NEUTRAL,4653.69,4677.425,23.735,False,4677.425,23.735,MODE_B_EMA_CHANNEL_DIRECTION_HEAVY,red_box_midline::red_mid_3,ORIGINAL_ORACLE_PRESERVED,337,4652.57375,1.11625,True,True,ROLLING_LEVEL_RESIDUAL,superset_base_level_expanded_q25,4668.88,15.19,False,False,ROLLING_REGIME_LEVEL_RESIDUAL,superset_base_regime_superset_recent8_median,superset_residual,-8.545,4.0,28.0,30.79996,22.597156,7.202804,level_family_type,55,36.209055,16.593591,2026-04-10,3.0,True,False,False,True,SELECTOR_GT10
2026-04-14,2026-04-13,L4,RANGE_NORMAL_60_120,CLOSE_POS_UPPER_THIRD,ROWS_STANDARD_9_10,4740.3,PREV_CLOSE_PROXY,,NEUTRAL,4768.21,4748.13375,20.07625,False,4748.13375,20.07625,MODE_B_EMA_CHANNEL_DIRECTION_HEAVY,green_box_midline::green_mid_2 | prior_hlc::previous_high,ORIGINAL_ORACLE_PRESERVED,337,4767.036563,1.173437,True,True,ROLLING_LEVEL_RESIDUAL,superset_base_level_expanded_q75,4752.792976,15.417024,False,False,ROLLING_REGIME_LEVEL_RESIDUAL,superset_base_regime_original_mean,original_residual,4.659226,21.0,6.0,47.071837,33.734607,12.33723,level_regime_family_type,18,37.737325,8.162576,2026-04-13,1.0,True,False,False,True,SELECTOR_GT10
2026-04-14,2026-04-13,L5,RANGE_NORMAL_60_120,CLOSE_POS_UPPER_THIRD,ROWS_STANDARD_9_10,4740.3,PREV_CLOSE_PROXY,,NEUTRAL,4728.16,4733.13375,4.97375,True,4733.13375,4.97375,MODE_C_BALANCED,red_box_quarter::red_box_1_25pct,ORIGINAL_ORACLE_PRESERVED,337,4728.166133,0.006133,True,True,ROLLING_RANGE_CLOSE_LEVEL_RESIDUAL,original_base_range_close_expanded_recent8_median,4732.75375,4.59375,False,True,ROLLING_LEVEL_RESIDUAL,superset_base_level_superset_median,superset_residual,-0.38,131.0,1.0,49.956951,30.661395,18.295556,level_regime_family_type,21,37.28174,7.604286,2026-04-13,1.0,True,False,False,True,SELECTOR_WITHIN_5
2026-04-14,2026-04-13,L6,RANGE_NORMAL_60_120,CLOSE_POS_UPPER_THIRD,ROWS_STANDARD_9_10,4740.3,PREV_CLOSE_PROXY,,NEUTRAL,4688.7,4684.56166,4.13834,True,4684.56166,4.13834,MODE_C_BALANCED,prior_range_fraction::prev_range_0.382,ORIGINAL_ORACLE_PRESERVED,337,4688.84416,0.14416,True,True,ROLLING_RANGE_LEVEL_RESIDUAL,original_base_range_superset_q75,4680.37007,8.32993,False,False,ROLLING_SOURCE_LEVEL_RESIDUAL,superset_base_source_original_mean,original_residual,-4.19159,116.0,1.0,44.429278,25.139728,18.28955,level_regime_family_type,21,47.626567,8.315312,2026-04-13,1.0,True,False,False,False,SELECTOR_WITHIN_10
2026-04-14,2026-04-13,L7,RANGE_NORMAL_60_120,CLOSE_POS_UPPER_THIRD,ROWS_STANDARD_9_10,4740.3,PREV_CLOSE_PROXY,,NEUTRAL,4648.94,4657.28625,8.34625,False,4657.28625,8.34625,MODE_C_BALANCED,prior_range_fraction::prev_range_0.125,ORIGINAL_ORACLE_PRESERVED,337,4648.54625,0.39375,True,True,ROLLING_RANGE_LEVEL_RESIDUAL,superset_base_range_superset_recent12_median,4657.63875,8.69875,False,False,ROLLING_REGIME_LEVEL_RESIDUAL,superset_base_regime_original_median,original_residual,0.3525,21.0,6.0,43.205764,29.478366,12.727398,level_regime_family_type,18,45.429633,12.821868,2026-04-13,1.0,True,False,False,False,SELECTOR_WITHIN_10
2026-04-15,2026-04-14,L4,RANGE_NORMAL_60_120,CLOSE_POS_UPPER_THIRD,ROWS_STANDARD_9_10,4841.68,PREV_CLOSE_PROXY,,NEUTRAL,4871.18,4859.8475,11.3325,False,4859.8475,11.3325,MODE_B_EMA_CHANNEL_DIRECTION_HEAVY,green_box_quarter::green_box_2_75pct,ORIGINAL_ORACLE_PRESERVED,337,4871.225828,0.045828,True,True,ROLLING_RANGE_CLOSE_LEVEL_RESIDUAL,superset_base_range_close_expanded_recent20_median,4865.2075,5.9725,False,False,ROLLING_REGIME_LEVEL_RESIDUAL,superset_base_regime_original_mean,original_residual,5.36,22.0,1.0,44.511841,30.804309,12.707532,level_regime_family_type,19,36.339647,8.544389,2026-04-14,1.0,True,False,False,True,SELECTOR_WITHIN_10
2026-04-15,2026-04-14,L5,RANGE_NORMAL_60_120,CLOSE_POS_UPPER_THIRD,ROWS_STANDARD_9_10,4841.68,PREV_CLOSE_PROXY,,NEUTRAL,4833.44,4828.375,5.065,False,4828.375,5.065,MODE_D_NEAREST_VALID_LADDER,green_box_quarter::green_box_2_25pct | red_box_quarter::red_box_1_25pct,ORIGINAL_ORACLE_PRESERVED,337,4833.42625,0.01375,True,True,ROLLING_RANGE_CLOSE_LEVEL_RESIDUAL,superset_base_range_close_superset_q75,4823.800312,9.639688,False,False,ROLLING_RANGE_CLOSE_LEVEL_RESIDUAL,superset_base_range_close_original_q25,original_residual,-4.574688,30.0,1.0,51.263213,35.422357,14.840855,level_range_close_family_type,27,45.176299,10.992663,2026-04-14,1.0,True,False,False,False,SELECTOR_WITHIN_10
2026-04-15,2026-04-14,L6,RANGE_NORMAL_60_120,CLOSE_POS_UPPER_THIRD,ROWS_STANDARD_9_10,4841.68,PREV_CLOSE_PROXY,,NEUTRAL,4795.98,4794.69375,1.28625,True,4794.69375,1.28625,MODE_C_BALANCED,green_box_quarter::green_box_1_75pct | prior_hlc::previous_mid,ORIGINAL_ORACLE_PRESERVED,337,4795.88,0.1,True,True,ROLLING_RANGE_LEVEL_RESIDUAL,original_base_range_expanded_median,4796.314148,0.334148,True,True,ROLLING_REGIME_LEVEL_RESIDUAL,superset_base_regime_superset_median,superset_residual,1.620398,22.0,1.0,46.105202,32.035178,13.070025,level_range_close_family_type,21,44.178292,8.754856,2026-04-14,1.0,True,False,False,True,SELECTOR_WITHIN_3
2026-04-15,2026-04-14,L7,RANGE_NORMAL_60_120,CLOSE_POS_UPPER_THIRD,ROWS_STANDARD_9_10,4841.68,PREV_CLOSE_PROXY,,NEUTRAL,4759.66,4757.2625,2.3975,True,4757.2625,2.3975,MODE_C_BALANCED,prior_range_fraction::prev_range_0.125,ORIGINAL_ORACLE_PRESERVED,337,4758.735,0.925,True,True,ROLLING_ROW_LEVEL_RESIDUAL,superset_base_rows_superset_recent12_median,4757.354375,2.305625,True,True,ROLLING_REGIME_LEVEL_RESIDUAL,superset_base_regime_original_median,original_residual,0.091875,22.0,1.0,46.491975,32.347358,13.144616,level_regime_family_type,19,43.747054,12.604862,2026-04-14,1.0,True,False,False,True,SELECTOR_WITHIN_3
2026-04-16,2026-04-15,L4,RANGE_NORMAL_60_120,CLOSE_POS_LOWER_THIRD,ROWS_STANDARD_9_10,4790.68,PREV_CLOSE_PROXY,,NEUTRAL,4866.37,4841.20636,25.16364,False,4841.20636,25.16364,MODE_C_BALANCED,prior_range_fraction::prev_range_0.618 | red_box_midline::red_mid_1 | green_box_edge::green_edge_1,ORIGINAL_ORACLE_PRESERVED,337,4864.567764,1.802236,True,True,ROLLING_SOURCE_LEVEL_RESIDUAL,superset_base_source_expanded_q75,4847.75661,18.61339,False,False,ROLLING_REGIME_LEVEL_RESIDUAL,superset_base_regime_original_mean,original_residual,6.55025,5.0,3.0,38.785823,29.863175,7.922648,level_range_close_family_type,3,34.65186,4.274224,2026-04-15,1.0,True,False,False,True,SELECTOR_GT10
2026-04-16,2026-04-15,L5,RANGE_NORMAL_60_120,CLOSE_POS_LOWER_THIRD,ROWS_STANDARD_9_10,4790.68,PREV_CLOSE_PROXY,,NEUTRAL,4833.82,4816.54864,17.27136,False,4816.54864,17.27136,MODE_C_BALANCED,green_box_midline::green_mid_1 | prior_hlc::previous_pivot_hlc3 | prior_range_fraction::prev_range_0.382,ORIGINAL_ORACLE_PRESERVED,337,4834.042181,0.222182,True,True,ROLLING_RANGE_LEVEL_RESIDUAL,original_base_range_expanded_q75,4816.02364,17.79636,False,False,ROLLING_LEVEL_RESIDUAL,superset_base_level_original_median,original_residual,-0.525,133.0,1.0,42.21792,22.92944,18.28848,level_regime_family_type,5,37.013112,7.320867,2026-04-15,1.0,True,False,False,False,SELECTOR_GT10
2026-04-16,2026-04-15,L6,RANGE_NORMAL_60_120,CLOSE_POS_LOWER_THIRD,ROWS_STANDARD_9_10,4790.68,PREV_CLOSE_PROXY,,NEUTRAL,4796.88,4799.62,2.74,True,4799.62,2.74,MODE_C_BALANCED,red_box_quarter::red_box_2_25pct | green_box_quarter::green_box_1_25pct,ORIGINAL_ORACLE_PRESERVED,337,4796.842188,0.037812,True,True,ROLLING_RANGE_LEVEL_RESIDUAL,superset_base_range_superset_recent12_median,4796.134186,0.745814,True,True,ROLLING_LEVEL_RESIDUAL,superset_base_level_original_mean,original_residual,-3.485814,133.0,1.0,36.190666,17.226674,17.963992,level_regime_family_type,5,37.013112,9.211833,2026-04-15,1.0,True,False,False,True,SELECTOR_WITHIN_3
2026-04-16,2026-04-15,L7,RANGE_NORMAL_60_120,CLOSE_POS_LOWER_THIRD,ROWS_STANDARD_9_10,4790.68,PREV_CLOSE_PROXY,,NEUTRAL,4763.58,4770.115,6.535,False,4770.115,6.535,MODE_B_EMA_CHANNEL_DIRECTION_HEAVY,red_box_quarter::red_box_2_75pct,ORIGINAL_ORACLE_PRESERVED,337,4763.585,0.005,True,True,ROLLING_SOURCE_LEVEL_RESIDUAL,superset_base_source_expanded_median,4759.745,3.835,False,True,ROLLING_REGIME_LEVEL_RESIDUAL,superset_base_regime_original_recent20_median,original_residual,-10.37,5.0,3.0,31.75071,22.834466,7.916244,level_family_type,58,36.07834,16.023108,2026-04-15,1.0,True,True,False,True,SELECTOR_WITHIN_5
2026-04-17,2026-04-16,L4,RANGE_NORMAL_60_120,CLOSE_POS_LOWER_THIRD,ROWS_STANDARD_9_10,4790.78,PREV_CLOSE_PROXY,,NEUTRAL,4859.83,4820.245,39.585,False,4820.245,39.585,MODE_C_BALANCED,green_box_edge::green_edge_1,ORIGINAL_ORACLE_PRESERVED,337,4855.304566,4.525434,False,True,ROLLING_RANGE_LEVEL_RESIDUAL,superset_base_range_expanded_recent5_median,4829.897482,29.932518,False,False,ROLLING_REGIME_LEVEL_RESIDUAL,superset_base_regime_original_mean,original_residual,9.652482,6.0,1.0,36.113836,27.015777,8.098059,level_regime_family_type,3,34.65186,7.711963,2026-04-16,1.0,True,False,False,True,SELECTOR_GT10
2026-04-17,2026-04-16,L5,RANGE_NORMAL_60_120,CLOSE_POS_LOWER_THIRD,ROWS_STANDARD_9_10,4790.78,PREV_CLOSE_PROXY,,NEUTRAL,4822.32,4808.20125,14.11875,False,4808.20125,14.11875,MODE_C_BALANCED,green_box_quarter::green_box_1_75pct,ORIGINAL_ORACLE_PRESERVED,337,4822.659063,0.339063,True,True,ROLLING_RANGE_CLOSE_LEVEL_RESIDUAL,superset_base_range_close_expanded_q75,4807.940417,14.379583,False,False,ROLLING_LEVEL_RESIDUAL,superset_base_level_original_median,original_residual,-0.260833,134.0,1.0,38.903983,19.602611,18.301371,level_regime_family_type,6,34.369318,9.066783,2026-04-16,1.0,True,False,False,False,SELECTOR_GT10
2026-04-17,2026-04-16,L6,RANGE_NORMAL_60_120,CLOSE_POS_LOWER_THIRD,ROWS_STANDARD_9_10,4790.78,PREV_CLOSE_PROXY,,NEUTRAL,4789.02,4781.1575,7.8625,False,4781.1575,7.8625,MODE_C_BALANCED,red_box_quarter::red_box_2_25pct | prior_range_fraction::prev_range_0.125 | green_box_quarter::green_box_1_25pct,ORIGINAL_ORACLE_PRESERVED,337,4788.990625,0.029375,True,True,ROLLING_SOURCE_LEVEL_RESIDUAL,original_base_source_superset_q75,4777.677252,11.342748,False,False,ROLLING_LEVEL_RESIDUAL,superset_base_level_original_mean,original_residual,-3.480248,134.0,1.0,43.027033,24.062769,17.964264,level_regime_family_type,6,41.512175,7.80083,2026-04-16,1.0,True,False,False,False,SELECTOR_GT10
2026-04-17,2026-04-16,L7,RANGE_NORMAL_60_120,CLOSE_POS_LOWER_THIRD,ROWS_STANDARD_9_10,4790.78,PREV_CLOSE_PROXY,,NEUTRAL,4747.74,4754.11375,6.37375,False,4754.11375,6.37375,MODE_D_NEAREST_VALID_LADDER,red_box_quarter::red_box_2_75pct,ORIGINAL_ORACLE_PRESERVED,337,4747.748508,0.008508,True,True,ROLLING_ROW_LEVEL_RESIDUAL,superset_base_rows_superset_mean,4747.803981,0.063981,True,True,ROLLING_ROW_LEVEL_RESIDUAL,superset_base_rows_original_mean,original_residual,-6.309769,78.0,1.0,39.241604,21.135421,17.106183,level_regime_family_type,5,37.013112,14.424299,2026-04-16,1.0,True,True,True,True,SELECTOR_WITHIN_3
2026-04-20,2026-04-17,L4,RANGE_WIDE_120_220,CLOSE_POS_MIDDLE_THIRD,ROWS_STANDARD_9_10,4832.42,PREV_CLOSE_PROXY,,NEUTRAL,4884.09,4881.4575,2.6325,True,4876.095,7.995,MODE_C_BALANCED,prior_range_fraction::prev_range_0.875,EXPANDED_ORACLE_BETTER,338,4884.077188,0.012813,True,True,ROLLING_LEVEL_RESIDUAL,original_base_level_expanded_median,4876.095,7.995,False,False,ROLLING_BASE_ORIGINAL,MODE_C_BALANCED,,0.0,,,28.450244,30.003869,1.446375,level_family_type,6,34.369318,12.614293,2026-04-17,3.0,True,False,False,False,SELECTOR_WITHIN_10
2026-04-20,2026-04-17,L5,RANGE_WIDE_120_220,CLOSE_POS_MIDDLE_THIRD,ROWS_STANDARD_9_10,4832.42,PREV_CLOSE_PROXY,,NEUTRAL,4846.45,4852.8075,6.3575,False,4853.07,6.62,MODE_C_BALANCED,red_box_midline::red_mid_1,EXPANDED_ORACLE_BETTER,338,4846.4475,0.0025,True,True,ROLLING_REGIME_LEVEL_RESIDUAL,superset_base_regime_original_recent5_median,4852.8075,6.3575,False,False,ROLLING_BASE_SUPERSET,EXPANDED_ORACLE_BETTER,,0.0,,,36.132704,37.333754,1.79895,level_family_type,6,55.79789,2.325998,2026-04-17,3.0,True,False,False,False,SELECTOR_WITHIN_10
2026-04-20,2026-04-17,L6,RANGE_WIDE_120_220,CLOSE_POS_MIDDLE_THIRD,ROWS_STANDARD_9_10,4832.42,PREV_CLOSE_PROXY,,NEUTRAL,4808.63,4814.8644,6.2344,False,4814.8644,6.2344,MODE_D_NEAREST_VALID_LADDER,prior_range_fraction::prev_range_0.382,ORIGINAL_ORACLE_PRESERVED,337,4808.8844,0.2544,True,True,ROLLING_ROW_LEVEL_RESIDUAL,superset_base_rows_superset_recent12_median,4815.670407,7.040407,False,False,ROLLING_RANGE_CLOSE_LEVEL_RESIDUAL,superset_base_range_close_superset_mean,superset_residual,0.806007,11.0,20.0,28.685631,17.972964,9.712667,level_family_type,90,33.481331,14.354614,2026-04-17,3.0,True,False,False,False,SELECTOR_WITHIN_10
2026-04-20,2026-04-17,L7,RANGE_WIDE_120_220,CLOSE_POS_MIDDLE_THIRD,ROWS_STANDARD_9_10,4832.42,PREV_CLOSE_PROXY,,NEUTRAL,4772.29,4767.42,4.87,True,4767.42,4.87,MODE_E_SPACING_PRESERVATION,prior_hlc::previous_low,ORIGINAL_ORACLE_PRESERVED,337,4774.7075,2.4175,True,True,ROLLING_RANGE_LEVEL_RESIDUAL,original_base_range_superset_q75,4768.29,4.0,False,True,ROLLING_REGIME_LEVEL_RESIDUAL,superset_base_regime_original_recent20_median,original_residual,0.87,10.0,21.0,41.141778,30.853134,9.288644,level_regime_family_type,7,45.411364,16.940714,2026-04-17,3.0,True,False,False,True,SELECTOR_WITHIN_5
2026-04-21,2026-04-20,L4,RANGE_NORMAL_60_120,CLOSE_POS_UPPER_THIRD,ROWS_STANDARD_9_10,4820.66,PREV_CLOSE_PROXY,,NEUTRAL,4875.42,4842.5325,32.8875,False,4842.5325,32.8875,MODE_B_EMA_CHANNEL_DIRECTION_HEAVY,green_box_quarter::green_box_2_75pct,ORIGINAL_ORACLE_PRESERVED,337,4877.34322,1.92322,True,True,ROLLING_REGIME_LEVEL_RESIDUAL,superset_base_regime_expanded_q75,4848.02,27.4,False,False,ROLLING_REGIME_LEVEL_RESIDUAL,superset_base_regime_original_median,original_residual,5.4875,23.0,6.0,43.368022,29.341212,13.02681,level_regime_family_type,20,38.613231,8.28075,2026-04-20,1.0,True,False,False,True,SELECTOR_GT10
2026-04-21,2026-04-20,L5,RANGE_NORMAL_60_120,CLOSE_POS_UPPER_THIRD,ROWS_STANDARD_9_10,4820.66,PREV_CLOSE_PROXY,,NEUTRAL,4831.95,4814.34,17.61,False,4814.34,17.61,MODE_C_BALANCED,green_box_quarter::green_box_2_25pct | red_box_quarter::red_box_1_25pct | prior_range_fraction::prev_range_0.875,ORIGINAL_ORACLE_PRESERVED,337,4832.11375,0.16375,True,True,ROLLING_RANGE_LEVEL_RESIDUAL,original_base_range_expanded_q75,4814.343333,17.606667,False,False,ROLLING_SOURCE_LEVEL_RESIDUAL,superset_base_source_superset_median,superset_residual,0.003333,129.0,4.0,45.428579,25.832341,18.596237,level_regime_family_type,23,38.102273,7.414002,2026-04-20,1.0,True,False,False,True,SELECTOR_GT10
2026-04-21,2026-04-20,L6,RANGE_NORMAL_60_120,CLOSE_POS_UPPER_THIRD,ROWS_STANDARD_9_10,4820.66,PREV_CLOSE_PROXY,,NEUTRAL,4784.68,4782.29625,2.38375,True,4782.29625,2.38375,MODE_C_BALANCED,green_box_quarter::green_box_1_75pct | prior_hlc::previous_mid,ORIGINAL_ORACLE_PRESERVED,337,4784.704375,0.024375,True,True,ROLLING_REGIME_LEVEL_RESIDUAL,superset_base_regime_original_recent8_median,4783.86375,0.81625,True,True,ROLLING_REGIME_LEVEL_RESIDUAL,superset_base_regime_superset_median,superset_residual,1.5675,23.0,6.0,46.501801,32.283695,13.218106,level_range_close_family_type,22,46.039015,8.372097,2026-04-20,1.0,True,False,False,True,SELECTOR_WITHIN_3
2026-04-21,2026-04-20,L7,RANGE_NORMAL_60_120,CLOSE_POS_UPPER_THIRD,ROWS_STANDARD_9_10,4820.66,PREV_CLOSE_PROXY,,NEUTRAL,4743.45,4750.32,6.87,False,4750.32,6.87,MODE_C_BALANCED,prior_range_fraction::prev_range_0.125 | green_box_quarter::green_box_1_25pct | red_box_quarter::red_box_2_25pct,ORIGINAL_ORACLE_PRESERVED,337,4743.469893,0.019893,True,True,ROLLING_LEVEL_RESIDUAL,superset_base_level_original_mean,4750.6725,7.2225,False,False,ROLLING_REGIME_LEVEL_RESIDUAL,superset_base_regime_original_median,original_residual,0.3525,23.0,6.0,47.550358,33.27296,13.277398,level_regime_family_type,20,45.756088,12.0899,2026-04-20,1.0,True,False,False,False,SELECTOR_WITHIN_10
2026-04-22,2026-04-21,L4,RANGE_WIDE_120_220,CLOSE_POS_LOWER_THIRD,ROWS_STANDARD_9_10,4720.06,PREV_CLOSE_PROXY,,NEUTRAL,4780.53,4770.33876,10.19124,False,4770.33876,10.19124,MODE_C_BALANCED,prior_range_fraction::prev_range_0.618,ORIGINAL_ORACLE_PRESERVED,337,4780.683417,0.153417,True,True,ROLLING_ROW_LEVEL_RESIDUAL,superset_base_rows_expanded_mean,4768.290098,12.239902,False,False,ROLLING_REGIME_LEVEL_RESIDUAL,superset_base_regime_original_mean,original_residual,-2.048662,5.0,13.0,36.036213,27.152887,7.883325,level_range_close_family,96,40.203562,8.383581,2026-04-21,1.0,True,False,False,False,SELECTOR_GT10
2026-04-22,2026-04-21,L5,RANGE_WIDE_120_220,CLOSE_POS_LOWER_THIRD,ROWS_STANDARD_9_10,4720.06,PREV_CLOSE_PROXY,,NEUTRAL,4740.11,4738.251667,1.858333,True,4738.251667,1.858333,MODE_C_BALANCED,red_box_edge::red_edge_1 | prior_hlc::previous_pivot_hlc3,ORIGINAL_ORACLE_PRESERVED,337,4739.685417,0.424583,True,True,ROLLING_SOURCE_LEVEL_RESIDUAL,superset_base_source_superset_recent12_median,4733.757917,6.352083,False,False,ROLLING_REGIME_LEVEL_RESIDUAL,superset_base_regime_superset_recent8_median,superset_residual,-4.49375,6.0,13.0,41.33044,31.991435,8.339005,level_regime_family_type,3,34.65186,4.6175,2026-04-21,1.0,True,False,False,False,SELECTOR_WITHIN_10
2026-04-22,2026-04-21,L6,RANGE_WIDE_120_220,CLOSE_POS_LOWER_THIRD,ROWS_STANDARD_9_10,4720.06,PREV_CLOSE_PROXY,,NEUTRAL,4694.87,4687.185,7.685,False,4687.185,7.685,MODE_C_BALANCED,red_box_midline::red_mid_2,ORIGINAL_ORACLE_PRESERVED,337,4694.969375,0.099375,True,True,ROLLING_SOURCE_LEVEL_RESIDUAL,original_base_source_superset_q75,4686.765,8.105,False,False,ROLLING_REGIME_LEVEL_RESIDUAL,superset_base_regime_superset_recent8_median,superset_residual,-0.42,6.0,13.0,37.777749,28.239945,8.537804,level_family_type,64,33.071812,11.601125,2026-04-21,1.0,True,False,False,False,SELECTOR_WITHIN_10
2026-04-22,2026-04-21,L7,RANGE_WIDE_120_220,CLOSE_POS_LOWER_THIRD,ROWS_STANDARD_9_10,4720.06,PREV_CLOSE_PROXY,,NEUTRAL,4636.73,4638.48,1.75,True,4638.48,1.75,MODE_C_BALANCED,red_box_edge::red_edge_2,ORIGINAL_ORACLE_PRESERVED,337,4636.9,0.17,True,True,ROLLING_REGIME_LEVEL_RESIDUAL,superset_base_regime_superset_recent5_median,4631.629743,5.100257,False,False,ROLLING_LEVEL_RESIDUAL,superset_base_level_original_mean,original_residual,-6.850257,133.0,1.0,33.891329,15.091521,17.799807,level_regime_family_type,6,34.369318,27.534692,2026-04-21,1.0,True,False,False,False,SELECTOR_WITHIN_10
2026-04-23,2026-04-22,L4,RANGE_COMPRESSED_0_60,CLOSE_POS_MIDDLE_THIRD,ROWS_EXTENDED_11_PLUS,4740.18,PREV_CLOSE_PROXY,,NEUTRAL,4873.73,4772.34,101.39,False,4772.34,101.39,MODE_D_NEAREST_VALID_LADDER,prior_hlc::previous_high,ORIGINAL_ORACLE_PRESERVED,289,4810.11682,63.61318,False,False,ROLLING_LEVEL_RESIDUAL,superset_base_level_expanded_recent5_median,4776.234375,97.495625,False,False,ROLLING_SOURCE_LEVEL_RESIDUAL,superset_base_source_superset_median,superset_residual,3.894375,124.0,1.0,36.065218,16.581163,18.484055,level_range_close_family,336,27.85224,15.931761,2026-04-22,1.0,True,False,False,True,SELECTOR_GT10
2026-04-23,2026-04-22,L5,RANGE_COMPRESSED_0_60,CLOSE_POS_MIDDLE_THIRD,ROWS_EXTENDED_11_PLUS,4740.18,PREV_CLOSE_PROXY,,NEUTRAL,4832.75,4758.16,74.59,False,4758.16,74.59,MODE_C_BALANCED,prior_range_fraction::prev_range_0.75,ORIGINAL_ORACLE_PRESERVED,289,4793.386261,39.363739,False,False,ROLLING_ROW_LEVEL_RESIDUAL,original_base_rows_expanded_q75,4758.336667,74.413333,False,False,ROLLING_LEVEL_RESIDUAL,superset_base_level_original_median,original_residual,0.176667,138.0,1.0,41.910302,22.604823,18.305479,level_family_type,137,36.421865,20.308993,2026-04-22,1.0,True,False,False,True,SELECTOR_GT10
2026-04-23,2026-04-22,L6,RANGE_COMPRESSED_0_60,CLOSE_POS_MIDDLE_THIRD,ROWS_EXTENDED_11_PLUS,4740.18,PREV_CLOSE_PROXY,,NEUTRAL,4783.45,4716.88,66.57,False,4716.88,66.57,MODE_D_NEAREST_VALID_LADDER,prior_hlc::previous_low | red_box_quarter::red_box_2_25pct,ORIGINAL_ORACLE_PRESERVED,289,4730.208125,53.241875,False,False,ROLLING_SOURCE_LEVEL_RESIDUAL,original_base_source_expanded_q75,4716.91685,66.53315,False,False,ROLLING_LEVEL_RESIDUAL,superset_base_level_original_median,original_residual,0.03685,138.0,1.0,34.662633,15.350332,18.312302,level_family_type,137,30.904624,20.680681,2026-04-22,1.0,True,False,False,True,SELECTOR_GT10
2026-04-23,2026-04-22,L7,RANGE_COMPRESSED_0_60,CLOSE_POS_MIDDLE_THIRD,ROWS_EXTENDED_11_PLUS,4740.18,PREV_CLOSE_PROXY,,NEUTRAL,4740.92,4685.62,55.3,False,4685.62,55.3,MODE_D_NEAREST_VALID_LADDER,red_box_edge::red_edge_2,ORIGINAL_ORACLE_PRESERVED,289,4705.565625,35.354375,False,False,ROLLING_RANGE_CLOSE_LEVEL_RESIDUAL,superset_base_range_close_expanded_q75,4684.37125,56.54875,False,False,ROLLING_LEVEL_RESIDUAL,superset_base_level_superset_median,superset_residual,-1.24875,134.0,1.0,36.898461,17.6453,18.253161,level_range_close_family,336,27.270844,18.925539,2026-04-22,1.0,True,False,False,False,SELECTOR_GT10
2026-04-24,2026-04-23,L4,RANGE_NORMAL_60_120,CLOSE_POS_MIDDLE_THIRD,ROWS_STANDARD_9_10,4694.36,PREV_CLOSE_PROXY,,NEUTRAL,4799.5,4754.0,45.5,False,4754.0,45.5,MODE_D_NEAREST_VALID_LADDER,green_box_midline::green_mid_2,ORIGINAL_ORACLE_PRESERVED,337,4803.495834,3.995834,False,True,ROLLING_SOURCE_LEVEL_RESIDUAL,original_base_source_expanded_recent5_median,4754.481328,45.018672,False,False,ROLLING_REGIME_LEVEL_RESIDUAL,superset_base_regime_original_mean,original_residual,0.481328,16.0,14.0,43.19239,31.233479,10.958911,level_regime_family_type,13,51.484307,5.570901,2026-04-23,1.0,True,False,False,True,SELECTOR_GT10
2026-04-24,2026-04-23,L5,RANGE_NORMAL_60_120,CLOSE_POS_MIDDLE_THIRD,ROWS_STANDARD_9_10,4694.36,PREV_CLOSE_PROXY,,NEUTRAL,4769.97,4724.1,45.87,False,4724.1,45.87,MODE_B_EMA_CHANNEL_DIRECTION_HEAVY,green_box_edge::green_edge_1,ORIGINAL_ORACLE_PRESERVED,337,4753.21875,16.75125,False,False,ROLLING_LEVEL_RESIDUAL,original_base_level_expanded_recent5_median,4727.210845,42.759155,False,False,ROLLING_REGIME_LEVEL_RESIDUAL,superset_base_regime_superset_recent20_median,superset_residual,3.110845,16.0,14.0,45.388561,33.37797,11.010591,level_regime_family_type,13,41.960498,7.002719,2026-04-23,1.0,True,False,False,True,SELECTOR_GT10
2026-04-24,2026-04-23,L6,RANGE_NORMAL_60_120,CLOSE_POS_MIDDLE_THIRD,ROWS_STANDARD_9_10,4694.36,PREV_CLOSE_PROXY,,NEUTRAL,4737.93,4709.1,28.83,False,4709.1,28.83,MODE_C_BALANCED,prior_hlc::previous_mid,ORIGINAL_ORACLE_PRESERVED,337,4726.249688,11.680312,False,False,ROLLING_REGIME_LEVEL_RESIDUAL,original_base_regime_expanded_q75,4707.3125,30.6175,False,False,ROLLING_REGIME_LEVEL_RESIDUAL,superset_base_regime_original_recent20_median,original_residual,-1.7875,16.0,14.0,37.23604,25.16087,11.07517,level_regime_family_type,13,32.436688,13.067508,2026-04-23,1.0,True,False,False,False,SELECTOR_GT10
2026-04-24,2026-04-23,L7,RANGE_NORMAL_60_120,CLOSE_POS_MIDDLE_THIRD,ROWS_STANDARD_9_10,4694.36,PREV_CLOSE_PROXY,,NEUTRAL,4699.63,4694.1,5.53,False,4694.1,5.53,MODE_C_BALANCED,red_box_edge::red_edge_1,ORIGINAL_ORACLE_PRESERVED,337,4699.688921,0.058921,True,True,ROLLING_ROW_LEVEL_RESIDUAL,original_base_rows_superset_q75,4693.11375,6.51625,False,False,ROLLING_REGIME_LEVEL_RESIDUAL,superset_base_regime_original_q25,original_residual,-0.98625,16.0,14.0,36.535342,24.631071,10.904271,level_regime_family_type,13,32.436688,13.894351,2026-04-23,1.0,True,False,False,False,SELECTOR_WITHIN_10
2026-04-27,2026-04-24,L4,RANGE_NORMAL_60_120,CLOSE_POS_MIDDLE_THIRD,ROWS_EXTENDED_11_PLUS,4707.26,PREV_CLOSE_PROXY,,NEUTRAL,4789.79,4741.315,48.475,False,4741.315,48.475,MODE_D_NEAREST_VALID_LADDER,prior_hlc::previous_high | green_box_midline::green_mid_2,ORIGINAL_ORACLE_PRESERVED,337,4790.810834,1.020834,True,True,ROLLING_RANGE_LEVEL_RESIDUAL,superset_base_range_expanded_recent5_median,4745.578155,44.211845,False,False,ROLLING_RANGE_LEVEL_RESIDUAL,superset_base_range_original_mean,original_residual,4.263155,70.0,3.0,29.679651,11.645393,17.034258,level_range_close_family_type,25,41.85365,8.088547,2026-04-24,3.0,True,False,False,True,SELECTOR_GT10
2026-04-27,2026-04-24,L5,RANGE_NORMAL_60_120,CLOSE_POS_MIDDLE_THIRD,ROWS_EXTENDED_11_PLUS,4707.26,PREV_CLOSE_PROXY,,NEUTRAL,4758.08,4700.884166,57.195833,False,4700.884166,57.195833,MODE_C_BALANCED,green_box_quarter::green_box_1_75pct | prior_hlc::previous_pivot_hlc3,ORIGINAL_ORACLE_PRESERVED,337,4739.841026,18.238974,False,False,ROLLING_LEVEL_RESIDUAL,original_base_level_expanded_recent5_median,4701.469166,56.610834,False,False,ROLLING_LEVEL_RESIDUAL,superset_base_level_original_median,original_residual,0.585,140.0,3.0,36.864625,17.630873,18.233752,level_range_close_family_type,25,47.914256,9.122312,2026-04-24,3.0,True,False,False,True,SELECTOR_GT10
2026-04-27,2026-04-24,L6,RANGE_NORMAL_60_120,CLOSE_POS_MIDDLE_THIRD,ROWS_EXTENDED_11_PLUS,4707.26,PREV_CLOSE_PROXY,,NEUTRAL,4722.56,4670.89,51.67,False,4670.89,51.67,MODE_C_BALANCED,red_box_quarter::red_box_2_25pct | green_box_quarter::green_box_1_25pct,ORIGINAL_ORACLE_PRESERVED,337,4691.75625,30.80375,False,False,ROLLING_ROW_LEVEL_RESIDUAL,original_base_rows_superset_q75,4668.323883,54.236117,False,False,ROLLING_LEVEL_RESIDUAL,superset_base_level_original_mean,original_residual,-2.566117,140.0,3.0,33.514109,14.557035,17.957074,level_regime_family_type,3,43.742769,3.257068,2026-04-24,3.0,True,False,False,False,SELECTOR_GT10
2026-04-27,2026-04-24,L7,RANGE_NORMAL_60_120,CLOSE_POS_MIDDLE_THIRD,ROWS_EXTENDED_11_PLUS,4707.26,PREV_CLOSE_PROXY,,NEUTRAL,4688.57,4641.805,46.765,False,4641.805,46.765,MODE_B_EMA_CHANNEL_DIRECTION_HEAVY,red_box_quarter::red_box_2_75pct,ORIGINAL_ORACLE_PRESERVED,337,4661.437656,27.132344,False,False,ROLLING_RANGE_CLOSE_LEVEL_RESIDUAL,superset_base_range_close_expanded_q75,4644.41125,44.15875,False,False,ROLLING_RANGE_CLOSE_LEVEL_RESIDUAL,superset_base_range_close_superset_median,superset_residual,2.60625,26.0,3.0,33.719318,18.424203,14.295115,level_family_type,92,32.811705,18.791977,2026-04-24,3.0,True,False,False,True,SELECTOR_GT10
2026-04-28,2026-04-27,L4,RANGE_NORMAL_60_120,CLOSE_POS_LOWER_THIRD,ROWS_STANDARD_9_10,4681.76,PREV_CLOSE_PROXY,,NEUTRAL,4724.59,4713.63,10.96,False,4713.63,10.96,MODE_C_BALANCED,green_box_edge::green_edge_1,ORIGINAL_ORACLE_PRESERVED,337,4724.39187,0.19813,True,True,ROLLING_ROW_LEVEL_RESIDUAL,superset_base_rows_superset_recent12_median,4719.173236,5.416764,False,False,ROLLING_ROW_LEVEL_RESIDUAL,superset_base_rows_superset_mean,superset_residual,5.543236,84.0,4.0,25.338696,7.272806,17.06589,level_range_close_family_type,11,35.851077,15.359149,2026-04-27,1.0,True,False,False,True,SELECTOR_WITHIN_10
2026-04-28,2026-04-27,L5,RANGE_NORMAL_60_120,CLOSE_POS_LOWER_THIRD,ROWS_STANDARD_9_10,4681.76,PREV_CLOSE_PROXY,,NEUTRAL,4687.0,4691.700834,4.700834,True,4691.700834,4.700834,MODE_C_BALANCED,green_box_midline::green_mid_1 | prior_range_fraction::prev_range_0.382 | prior_hlc::previous_pivot_hlc3,ORIGINAL_ORACLE_PRESERVED,337,4687.462292,0.462292,True,True,ROLLING_RANGE_LEVEL_RESIDUAL,superset_base_range_original_q25,4692.520834,5.520834,False,False,ROLLING_LEVEL_RESIDUAL,superset_base_level_original_median,original_residual,0.82,141.0,1.0,32.32248,13.048396,18.274084,level_regime_family_type,7,32.07803,9.825754,2026-04-27,1.0,True,False,False,False,SELECTOR_WITHIN_10
2026-04-28,2026-04-27,L6,RANGE_NORMAL_60_120,CLOSE_POS_LOWER_THIRD,ROWS_STANDARD_9_10,4681.76,PREV_CLOSE_PROXY,,NEUTRAL,4642.74,4637.16,5.58,False,4637.16,5.58,MODE_B_EMA_CHANNEL_DIRECTION_HEAVY,red_box_edge::red_edge_2,ORIGINAL_ORACLE_PRESERVED,337,4642.471771,0.268229,True,True,ROLLING_RANGE_LEVEL_RESIDUAL,original_base_range_superset_q75,4634.978536,7.761464,False,False,ROLLING_LEVEL_RESIDUAL,superset_base_level_original_mean,original_residual,-2.181464,141.0,1.0,31.818351,12.790707,18.027645,level_regime_family_type,7,38.744697,8.306818,2026-04-27,1.0,True,False,False,False,SELECTOR_WITHIN_10
2026-04-28,2026-04-27,L7,RANGE_NORMAL_60_120,CLOSE_POS_LOWER_THIRD,ROWS_STANDARD_9_10,4681.76,PREV_CLOSE_PROXY,,NEUTRAL,4609.63,4613.925,4.295,True,4613.925,4.295,MODE_B_EMA_CHANNEL_DIRECTION_HEAVY,red_box_midline::red_mid_3,ORIGINAL_ORACLE_PRESERVED,337,4609.863125,0.233125,True,True,ROLLING_ROW_LEVEL_RESIDUAL,superset_base_rows_original_recent8_median,4607.205,2.425,True,True,ROLLING_REGIME_LEVEL_RESIDUAL,superset_base_regime_superset_recent8_median,superset_residual,-6.72,7.0,11.0,34.979125,25.421961,8.557164,level_regime_family_type,4,40.097538,6.211563,2026-04-27,1.0,True,False,True,True,SELECTOR_WITHIN_3
2026-04-29,2026-04-28,L4,RANGE_WIDE_120_220,CLOSE_POS_LOWER_THIRD,ROWS_STANDARD_9_10,4597.2,PREV_CLOSE_PROXY,,NEUTRAL,4646.78,4645.40116,1.37884,True,4645.40116,1.37884,MODE_C_BALANCED,prior_range_fraction::prev_range_0.618,ORIGINAL_ORACLE_PRESERVED,337,4645.40116,1.37884,True,True,ROLLING_BASE_SUPERSET,ORIGINAL_ORACLE_PRESERVED,4645.392482,1.387518,True,True,ROLLING_REGIME_LEVEL_RESIDUAL,superset_base_regime_original_mean,original_residual,-0.008678,6.0,7.0,34.075984,24.662708,8.413277,level_family_type,68,39.225927,11.888842,2026-04-28,1.0,True,False,False,False,SELECTOR_WITHIN_3
2026-04-29,2026-04-28,L5,RANGE_WIDE_120_220,CLOSE_POS_LOWER_THIRD,ROWS_STANDARD_9_10,4597.2,PREV_CLOSE_PROXY,,NEUTRAL,4603.92,4603.4475,0.4725,True,4597.2,6.72,MODE_C_BALANCED,prior_hlc::previous_close,EXPANDED_ORACLE_BETTER,338,4604.0325,0.1125,True,True,ROLLING_LEVEL_RESIDUAL,superset_base_level_original_median,4600.3375,3.5825,False,True,ROLLING_REGIME_LEVEL_RESIDUAL,superset_base_regime_original_recent5_median,original_residual,-3.11,5.0,7.0,40.607003,31.440181,8.166822,level_regime_family_type,4,40.097538,4.705208,2026-04-28,1.0,True,False,False,False,SELECTOR_WITHIN_5
2026-04-29,2026-04-28,L6,RANGE_WIDE_120_220,CLOSE_POS_LOWER_THIRD,ROWS_STANDARD_9_10,4597.2,PREV_CLOSE_PROXY,,NEUTRAL,4561.81,4554.79,7.02,False,4554.79,7.02,MODE_D_NEAREST_VALID_LADDER,prior_hlc::previous_low,ORIGINAL_ORACLE_PRESERVED,337,4561.885625,0.075625,True,True,ROLLING_LEVEL_RESIDUAL,original_base_level_expanded_recent12_median,4552.663194,9.146806,False,False,ROLLING_LEVEL_RESIDUAL,superset_base_level_original_mean,original_residual,-2.126806,142.0,1.0,34.314201,15.283889,18.030312,level_regime_family_type,7,32.07803,21.330579,2026-04-28,1.0,True,False,False,False,SELECTOR_WITHIN_10
2026-04-29,2026-04-28,L7,RANGE_WIDE_120_220,CLOSE_POS_LOWER_THIRD,ROWS_STANDARD_9_10,4597.2,PREV_CLOSE_PROXY,,NEUTRAL,4527.79,4528.75125,0.96125,True,4524.79,3.0,MODE_C_BALANCED,red_box_edge::red_edge_2,EXPANDED_ORACLE_BETTER,338,4527.718125,0.071875,True,True,ROLLING_RANGE_LEVEL_RESIDUAL,original_base_range_superset_recent8_median,4527.00125,0.78875,True,True,ROLLING_REGIME_LEVEL_RESIDUAL,superset_base_regime_superset_recent8_median,superset_residual,-1.75,7.0,7.0,38.059333,28.157878,8.901455,level_family_type,66,40.286087,15.387188,2026-04-28,1.0,True,False,False,True,SELECTOR_WITHIN_3
2026-04-30,2026-04-29,L4,RANGE_NORMAL_60_120,CLOSE_POS_LOWER_THIRD,ROWS_STANDARD_9_10,4543.48,PREV_CLOSE_PROXY,,NEUTRAL,4639.2,4591.54,47.66,False,4591.54,47.66,MODE_C_BALANCED,green_box_quarter::green_box_2_25pct,ORIGINAL_ORACLE_PRESERVED,337,4637.04,2.16,True,True,ROLLING_LEVEL_RESIDUAL,superset_base_level_original_recent5_median,4605.097486,34.102514,False,False,ROLLING_REGIME_LEVEL_RESIDUAL,superset_base_regime_original_mean,original_residual,13.557486,8.0,2.0,37.518293,28.086698,8.431595,level_regime_family_type,5,37.013112,11.207393,2026-04-29,1.0,True,False,False,True,SELECTOR_GT10
2026-04-30,2026-04-29,L5,RANGE_NORMAL_60_120,CLOSE_POS_LOWER_THIRD,ROWS_STANDARD_9_10,4543.48,PREV_CLOSE_PROXY,,NEUTRAL,4599.33,4585.29,14.04,False,4585.29,14.04,MODE_C_BALANCED,prior_range_fraction::prev_range_0.75,ORIGINAL_ORACLE_PRESERVED,337,4598.708334,0.621666,True,True,ROLLING_REGIME_LEVEL_RESIDUAL,superset_base_regime_expanded_recent5_median,4586.985,12.345,False,False,ROLLING_ROW_LEVEL_RESIDUAL,superset_base_rows_original_median,original_residual,1.695,87.0,1.0,37.369338,18.857954,17.511384,level_regime_family_type,7,25.411364,9.867903,2026-04-29,1.0,True,False,False,True,SELECTOR_GT10
2026-04-30,2026-04-29,L6,RANGE_NORMAL_60_120,CLOSE_POS_LOWER_THIRD,ROWS_STANDARD_9_10,4543.48,PREV_CLOSE_PROXY,,NEUTRAL,4555.58,4535.29,20.29,False,4535.29,20.29,MODE_C_BALANCED,prior_range_fraction::prev_range_0.25,ORIGINAL_ORACLE_PRESERVED,337,4549.37,6.21,False,False,ROLLING_ROW_LEVEL_RESIDUAL,original_base_rows_expanded_q75,4536.233415,19.346585,False,False,ROLLING_ROW_LEVEL_RESIDUAL,superset_base_rows_original_median,original_residual,0.943415,85.0,1.0,43.326245,24.778183,17.548061,level_regime_family_type,7,38.744697,9.342138,2026-04-29,1.0,True,False,False,True,SELECTOR_GT10
2026-04-30,2026-04-29,L7,RANGE_NORMAL_60_120,CLOSE_POS_LOWER_THIRD,ROWS_STANDARD_9_10,4543.48,PREV_CLOSE_PROXY,,NEUTRAL,4521.25,4510.29,10.96,False,4510.29,10.96,MODE_B_EMA_CHANNEL_DIRECTION_HEAVY,prior_hlc::previous_low,ORIGINAL_ORACLE_PRESERVED,337,4521.266875,0.016875,True,True,ROLLING_RANGE_LEVEL_RESIDUAL,original_base_range_superset_q75,4503.6625,17.5875,False,False,ROLLING_REGIME_LEVEL_RESIDUAL,superset_base_regime_superset_recent8_median,superset_residual,-6.6275,8.0,2.0,45.406441,35.336663,9.069778,level_regime_family_type,5,44.70542,5.45425,2026-04-29,1.0,True,False,False,False,SELECTOR_GT10
2026-05-01,2026-04-30,L4,RANGE_NORMAL_60_120,CLOSE_POS_UPPER_THIRD,ROWS_STANDARD_9_10,4621.76,PREV_CLOSE_PROXY,,NEUTRAL,4640.24,4642.49,2.25,True,4642.49,2.25,MODE_B_EMA_CHANNEL_DIRECTION_HEAVY,green_box_midline::green_mid_2,ORIGINAL_ORACLE_PRESERVED,337,4639.705,0.535,True,True,ROLLING_RANGE_LEVEL_RESIDUAL,original_base_range_superset_q25,4648.06375,7.82375,False,False,ROLLING_REGIME_LEVEL_RESIDUAL,superset_base_regime_original_median,original_residual,5.57375,24.0,10.0,37.623809,23.429808,13.194001,level_regime_family_type,21,37.28174,9.19119,2026-04-30,1.0,True,False,False,False,SELECTOR_WITHIN_10
2026-05-01,2026-04-30,L5,RANGE_NORMAL_60_120,CLOSE_POS_UPPER_THIRD,ROWS_STANDARD_9_10,4621.76,PREV_CLOSE_PROXY,,NEUTRAL,4599.79,4604.90118,5.11118,False,4608.12,8.33,MODE_C_BALANCED,green_box_edge::green_edge_1,EXPANDED_ORACLE_BETTER,338,4600.149843,0.359843,True,True,ROLLING_RANGE_CLOSE_LEVEL_RESIDUAL,original_base_range_close_expanded_q25,4608.206225,8.416225,False,False,ROLLING_RANGE_LEVEL_RESIDUAL,superset_base_range_original_mean,original_residual,3.305045,74.0,1.0,46.283892,28.138203,17.145689,level_regime_family_type,23,34.876466,7.713849,2026-04-30,1.0,True,False,False,False,SELECTOR_WITHIN_10
2026-05-01,2026-04-30,L6,RANGE_NORMAL_60_120,CLOSE_POS_UPPER_THIRD,ROWS_STANDARD_9_10,4621.76,PREV_CLOSE_PROXY,,NEUTRAL,4556.84,4593.12,36.28,False,4593.12,36.28,MODE_C_BALANCED,green_box_quarter::green_box_1_75pct | prior_hlc::previous_mid | red_box_quarter::red_box_1_75pct,ORIGINAL_ORACLE_PRESERVED,337,4571.049161,14.209161,False,False,ROLLING_ROW_LEVEL_RESIDUAL,superset_base_rows_expanded_q25,4594.740398,37.900398,False,False,ROLLING_REGIME_LEVEL_RESIDUAL,superset_base_regime_superset_median,superset_residual,1.620398,24.0,10.0,43.569218,29.182293,13.386925,level_range_close_family_type,23,47.779692,8.043582,2026-04-30,1.0,True,False,False,False,SELECTOR_GT10
2026-05-01,2026-04-30,L7,RANGE_NORMAL_60_120,CLOSE_POS_UPPER_THIRD,ROWS_STANDARD_9_10,4621.76,PREV_CLOSE_PROXY,,NEUTRAL,4517.48,4556.875,39.395,False,4556.875,39.395,MODE_C_BALANCED,prior_range_fraction::prev_range_0.125 | green_box_quarter::green_box_1_25pct | red_box_quarter::red_box_2_25pct,ORIGINAL_ORACLE_PRESERVED,337,4531.242188,13.762188,False,False,ROLLING_RANGE_CLOSE_LEVEL_RESIDUAL,superset_base_range_close_expanded_recent8_median,4556.966875,39.486875,False,False,ROLLING_REGIME_LEVEL_RESIDUAL,superset_base_regime_original_median,original_residual,0.091875,24.0,10.0,44.640148,30.178631,13.461517,level_regime_family_type,21,44.178292,11.858119,2026-04-30,1.0,True,False,False,False,SELECTOR_GT10
2026-05-04,2026-05-01,L4,RANGE_NORMAL_60_120,CLOSE_POS_MIDDLE_THIRD,ROWS_STANDARD_9_10,4615.53,PREV_CLOSE_PROXY,,NEUTRAL,4645.95,4642.8125,3.1375,True,4642.8125,3.1375,MODE_C_BALANCED,green_box_quarter::green_box_2_25pct | red_box_quarter::red_box_1_25pct,ORIGINAL_ORACLE_PRESERVED,337,4645.941985,0.008015,True,True,ROLLING_REGIME_LEVEL_RESIDUAL,superset_base_regime_original_mean,4645.941985,0.008015,True,True,ROLLING_REGIME_LEVEL_RESIDUAL,superset_base_regime_original_mean,original_residual,3.129485,17.0,10.0,36.69861,24.490329,11.208281,level_regime_family_type,14,49.144112,8.388599,2026-05-01,3.0,True,False,True,True,SELECTOR_WITHIN_3
2026-05-04,2026-05-01,L5,RANGE_NORMAL_60_120,CLOSE_POS_MIDDLE_THIRD,ROWS_STANDARD_9_10,4615.53,PREV_CLOSE_PROXY,,NEUTRAL,4606.0,4609.05125,3.05125,True,4609.05125,3.05125,MODE_C_BALANCED,green_box_quarter::green_box_1_75pct,ORIGINAL_ORACLE_PRESERVED,337,4606.11375,0.11375,True,True,ROLLING_RANGE_CLOSE_LEVEL_RESIDUAL,superset_base_range_close_expanded_q25,4609.87625,3.87625,False,True,ROLLING_SOURCE_LEVEL_RESIDUAL,superset_base_source_superset_median,superset_residual,0.825,136.0,4.0,43.927938,24.371798,18.55614,level_regime_family_type,15,42.659585,10.68569,2026-05-01,3.0,True,False,False,False,SELECTOR_WITHIN_5
2026-05-04,2026-05-01,L6,RANGE_NORMAL_60_120,CLOSE_POS_MIDDLE_THIRD,ROWS_STANDARD_9_10,4615.53,PREV_CLOSE_PROXY,,NEUTRAL,4565.35,4596.90323,31.55323,False,4596.90323,31.55323,MODE_C_BALANCED,red_box_edge::red_edge_1 | prior_range_fraction::prev_range_0.382,ORIGINAL_ORACLE_PRESERVED,337,4564.46323,0.88677,True,True,ROLLING_REGIME_LEVEL_RESIDUAL,superset_base_regime_expanded_q25,4597.797425,32.447425,False,False,ROLLING_RANGE_CLOSE_LEVEL_RESIDUAL,original_base_range_close_expanded_mean,expanded_residual,0.894195,27.0,7.0,30.616039,15.365976,14.250063,level_range_close_family_type,23,38.102273,13.585557,2026-05-01,3.0,True,False,False,False,SELECTOR_GT10
2026-05-04,2026-05-01,L7,RANGE_NORMAL_60_120,CLOSE_POS_MIDDLE_THIRD,ROWS_STANDARD_9_10,4615.53,PREV_CLOSE_PROXY,,NEUTRAL,4522.79,4514.03625,8.75375,False,4514.03625,8.75375,MODE_B_EMA_CHANNEL_DIRECTION_HEAVY,red_box_quarter::red_box_3_25pct,ORIGINAL_ORACLE_PRESERVED,337,4522.814688,0.024688,True,True,ROLLING_REGIME_LEVEL_RESIDUAL,original_base_regime_expanded_mean,4512.92625,9.86375,False,False,ROLLING_ROW_LEVEL_RESIDUAL,superset_base_rows_original_median,original_residual,-1.11,87.0,3.0,29.291781,10.803649,17.488132,level_range_close_family_type,25,38.823347,14.024325,2026-05-01,3.0,True,False,False,False,SELECTOR_WITHIN_10
2026-05-05,2026-05-04,L4,RANGE_WIDE_120_220,CLOSE_POS_LOWER_THIRD,ROWS_EXTENDED_11_PLUS,4523.73,PREV_CLOSE_PROXY,,NEUTRAL,4636.32,4638.5,2.18,True,4638.5,2.18,MODE_B_EMA_CHANNEL_DIRECTION_HEAVY,prior_hlc::previous_high,ORIGINAL_ORACLE_PRESERVED,289,4636.440677,0.120677,True,True,ROLLING_RANGE_CLOSE_LEVEL_RESIDUAL,original_base_range_close_superset_mean,4636.440677,0.120677,True,True,ROLLING_RANGE_CLOSE_LEVEL_RESIDUAL,original_base_range_close_superset_mean,superset_residual,-2.059323,10.0,6.0,22.236114,11.497009,9.739105,level_family_type,100,30.381208,17.683719,2026-05-04,1.0,True,False,False,True,SELECTOR_WITHIN_3
2026-05-05,2026-05-04,L5,RANGE_WIDE_120_220,CLOSE_POS_LOWER_THIRD,ROWS_EXTENDED_11_PLUS,4523.73,PREV_CLOSE_PROXY,,NEUTRAL,4598.4,4603.995,5.595,False,4603.995,5.595,MODE_B_EMA_CHANNEL_DIRECTION_HEAVY,prior_range_fraction::prev_range_0.75,ORIGINAL_ORACLE_PRESERVED,289,4598.7425,0.3425,True,True,ROLLING_RANGE_LEVEL_RESIDUAL,superset_base_range_expanded_recent20_median,4599.50125,1.10125,True,True,ROLLING_RANGE_CLOSE_LEVEL_RESIDUAL,superset_base_range_close_superset_recent8_median,superset_residual,-4.49375,8.0,6.0,29.985947,19.615642,9.370305,level_family_type,101,32.854775,14.567005,2026-05-04,1.0,True,True,True,True,SELECTOR_WITHIN_3
2026-05-05,2026-05-04,L6,RANGE_WIDE_120_220,CLOSE_POS_LOWER_THIRD,ROWS_EXTENDED_11_PLUS,4523.73,PREV_CLOSE_PROXY,,NEUTRAL,4558.99,4569.49,10.5,False,4569.49,10.5,MODE_C_BALANCED,prior_hlc::previous_mid,ORIGINAL_ORACLE_PRESERVED,337,4559.526875,0.536875,True,True,ROLLING_RANGE_LEVEL_RESIDUAL,superset_base_range_expanded_recent20_median,4567.143906,8.153906,False,False,ROLLING_LEVEL_RESIDUAL,superset_base_level_original_mean,original_residual,-2.346094,146.0,1.0,23.632828,4.613218,18.019611,level_family_type,145,31.24948,21.296491,2026-05-04,1.0,True,False,False,True,SELECTOR_WITHIN_10
2026-05-05,2026-05-04,L7,RANGE_WIDE_120_220,CLOSE_POS_LOWER_THIRD,ROWS_EXTENDED_11_PLUS,4523.73,PREV_CLOSE_PROXY,,NEUTRAL,4518.42,4542.485,24.065,False,4542.485,24.065,MODE_A_LIVE_PROXIMITY_HEAVY,green_box_midline::green_mid_1,ORIGINAL_ORACLE_PRESERVED,337,4518.29875,0.12125,True,True,ROLLING_LEVEL_RESIDUAL,superset_base_level_expanded_q25,4527.61,9.19,False,False,ROLLING_REGIME_LEVEL_RESIDUAL,superset_base_regime_superset_recent8_median,superset_residual,-14.875,3.0,47.0,34.558566,27.431766,6.1268,level_family_type,70,40.784237,15.26083,2026-05-04,1.0,True,False,False,True,SELECTOR_WITHIN_10
2026-05-06,2026-05-05,L4,RANGE_NORMAL_60_120,CLOSE_POS_MIDDLE_THIRD,ROWS_STANDARD_9_10,4557.19,PREV_CLOSE_PROXY,,NEUTRAL,4644.75,4629.5575,15.1925,False,4629.5575,15.1925,MODE_B_EMA_CHANNEL_DIRECTION_HEAVY,green_box_quarter::green_box_3_25pct,ORIGINAL_ORACLE_PRESERVED,337,4644.669722,0.080278,True,True,ROLLING_ROW_LEVEL_RESIDUAL,superset_base_rows_expanded_recent5_median,4632.687431,12.062569,False,False,ROLLING_REGIME_LEVEL_RESIDUAL,superset_base_regime_original_mean,original_residual,3.129931,18.0,2.0,47.979806,35.289347,11.690459,level_regime_family_type,15,51.355237,7.829893,2026-05-05,1.0,True,False,False,True,SELECTOR_GT10
2026-05-06,2026-05-05,L5,RANGE_NORMAL_60_120,CLOSE_POS_MIDDLE_THIRD,ROWS_STANDARD_9_10,4557.19,PREV_CLOSE_PROXY,,NEUTRAL,4601.04,4603.8025,2.7625,True,4603.8025,2.7625,MODE_B_EMA_CHANNEL_DIRECTION_HEAVY,green_box_quarter::green_box_2_75pct,ORIGINAL_ORACLE_PRESERVED,337,4600.912812,0.127188,True,True,ROLLING_REGIME_LEVEL_RESIDUAL,superset_base_regime_superset_q25,4605.83879,4.79879,False,True,ROLLING_RANGE_CLOSE_LEVEL_RESIDUAL,superset_base_range_close_superset_median,superset_residual,2.03629,28.0,2.0,47.307542,31.558713,14.748829,level_regime_family_type,15,38.311759,9.104295,2026-05-05,1.0,True,False,False,False,SELECTOR_WITHIN_5
2026-05-06,2026-05-05,L6,RANGE_NORMAL_60_120,CLOSE_POS_MIDDLE_THIRD,ROWS_STANDARD_9_10,4557.19,PREV_CLOSE_PROXY,,NEUTRAL,4556.82,4557.19,0.37,True,4557.19,0.37,MODE_D_NEAREST_VALID_LADDER,prior_hlc::previous_close,ORIGINAL_ORACLE_PRESERVED,337,4556.885,0.065,True,True,ROLLING_LEVEL_RESIDUAL,superset_base_level_superset_median,4556.083162,0.736838,True,True,ROLLING_RANGE_CLOSE_LEVEL_RESIDUAL,original_base_range_close_expanded_mean,expanded_residual,-1.106838,28.0,2.0,37.139843,21.570657,14.569186,level_range_close_family_type,24,36.911577,14.371469,2026-05-05,1.0,True,False,False,False,SELECTOR_WITHIN_3
2026-05-06,2026-05-05,L7,RANGE_NORMAL_60_120,CLOSE_POS_MIDDLE_THIRD,ROWS_STANDARD_9_10,4557.19,PREV_CLOSE_PROXY,,NEUTRAL,4510.42,4522.2925,11.8725,False,4522.2925,11.8725,MODE_C_BALANCED,red_box_quarter::red_box_2_25pct,ORIGINAL_ORACLE_PRESERVED,337,4511.32875,0.90875,True,True,ROLLING_RANGE_LEVEL_RESIDUAL,original_base_range_expanded_recent20_median,4529.434375,19.014375,False,False,ROLLING_REGIME_LEVEL_RESIDUAL,superset_base_regime_original_median,original_residual,7.141875,18.0,2.0,36.94175,24.267073,11.674676,level_family_type,71,40.26798,15.166879,2026-05-05,1.0,True,False,False,False,SELECTOR_GT10
2026-05-07,2026-05-06,L4,RANGE_WIDE_120_220,CLOSE_POS_UPPER_THIRD,ROWS_STANDARD_9_10,4690.84,PREV_CLOSE_PROXY,,NEUTRAL,4728.08,4753.06,24.98,False,4753.06,24.98,MODE_B_EMA_CHANNEL_DIRECTION_HEAVY,green_box_edge::green_edge_2,ORIGINAL_ORACLE_PRESERVED,337,4735.452188,7.372188,False,False,ROLLING_REGIME_LEVEL_RESIDUAL,superset_base_regime_expanded_q25,4757.36875,29.28875,False,False,ROLLING_ROW_LEVEL_RESIDUAL,superset_base_rows_original_median,original_residual,4.30875,90.0,1.0,30.444223,12.06039,17.383833,level_family_type,136,26.258128,22.141392,2026-05-06,1.0,True,False,False,False,SELECTOR_GT10
2026-05-07,2026-05-06,L5,RANGE_WIDE_120_220,CLOSE_POS_UPPER_THIRD,ROWS_STANDARD_9_10,4690.84,PREV_CLOSE_PROXY,,NEUTRAL,4678.95,4701.385,22.435,False,4701.385,22.435,MODE_C_BALANCED,green_box_midline::green_mid_2,ORIGINAL_ORACLE_PRESERVED,337,4685.53625,6.58625,False,False,ROLLING_RANGE_LEVEL_RESIDUAL,superset_base_range_expanded_q25,4701.710243,22.760243,False,False,ROLLING_ROW_LEVEL_RESIDUAL,superset_base_rows_original_mean,original_residual,0.325243,91.0,1.0,37.443734,19.045505,17.398228,level_family_type,137,33.663245,20.50399,2026-05-06,1.0,True,False,False,False,SELECTOR_GT10
2026-05-07,2026-05-06,L6,RANGE_WIDE_120_220,CLOSE_POS_UPPER_THIRD,ROWS_STANDARD_9_10,4690.84,PREV_CLOSE_PROXY,,NEUTRAL,4638.72,4653.42,14.7,False,4653.42,14.7,MODE_C_BALANCED,prior_hlc::previous_pivot_hlc3,ORIGINAL_ORACLE_PRESERVED,337,4639.393125,0.673125,True,True,ROLLING_RANGE_LEVEL_RESIDUAL,superset_base_range_superset_q25,4650.633638,11.913638,False,False,ROLLING_SOURCE_LEVEL_RESIDUAL,superset_base_source_original_mean,original_residual,-2.786362,133.0,1.0,30.343721,10.985595,18.358126,level_family_type,144,30.797174,21.205965,2026-05-06,1.0,True,False,False,True,SELECTOR_GT10
2026-05-07,2026-05-06,L7,RANGE_WIDE_120_220,CLOSE_POS_UPPER_THIRD,ROWS_STANDARD_9_10,4690.84,PREV_CLOSE_PROXY,,NEUTRAL,4599.88,4623.8725,23.9925,False,4623.8725,23.9925,MODE_C_BALANCED,green_box_quarter::green_box_1_75pct,ORIGINAL_ORACLE_PRESERVED,337,4599.73375,0.14625,True,True,ROLLING_LEVEL_RESIDUAL,superset_base_level_expanded_q25,4617.921888,18.041888,False,False,ROLLING_ROW_LEVEL_RESIDUAL,superset_base_rows_original_mean,original_residual,-5.950612,89.0,1.0,22.531882,4.408172,17.12371,level_family_type,134,28.740637,24.418628,2026-05-06,1.0,True,False,False,True,SELECTOR_GT10
2026-05-08,2026-05-07,L4,RANGE_NORMAL_60_120,CLOSE_POS_LOWER_THIRD,ROWS_STANDARD_9_10,4687.08,PREV_CLOSE_PROXY,,NEUTRAL,4730.4,4733.041875,2.641875,True,4726.31625,4.08375,MODE_C_BALANCED,green_box_quarter::green_box_1_75pct,EXPANDED_ORACLE_BETTER,338,4730.380625,0.019375,True,True,ROLLING_RANGE_LEVEL_RESIDUAL,superset_base_range_superset_q25,4750.388529,19.988529,False,False,ROLLING_REGIME_LEVEL_RESIDUAL,superset_base_regime_original_mean,original_residual,17.346654,9.0,8.0,29.685608,20.346227,8.339381,level_family_type,74,38.794762,12.121825,2026-05-07,1.0,True,False,False,False,SELECTOR_GT10
2026-05-08,2026-05-07,L5,RANGE_NORMAL_60_120,CLOSE_POS_LOWER_THIRD,ROWS_STANDARD_9_10,4687.08,PREV_CLOSE_PROXY,,NEUTRAL,4682.05,4696.31625,14.26625,False,4696.31625,14.26625,MODE_D_NEAREST_VALID_LADDER,red_box_quarter::red_box_2_25pct,ORIGINAL_ORACLE_PRESERVED,337,4682.666875,0.616875,True,True,ROLLING_SOURCE_LEVEL_RESIDUAL,superset_base_source_expanded_q25,4696.319583,14.269583,False,False,ROLLING_LEVEL_RESIDUAL,superset_base_level_original_median,original_residual,0.003333,149.0,1.0,35.401414,16.087477,18.313937,level_regime_family_type,9,28.304144,9.724568,2026-05-07,1.0,True,False,False,False,SELECTOR_GT10
2026-05-08,2026-05-07,L6,RANGE_NORMAL_60_120,CLOSE_POS_LOWER_THIRD,ROWS_STANDARD_9_10,4687.08,PREV_CLOSE_PROXY,,NEUTRAL,4635.49,4697.04375,61.55375,False,4697.04375,61.55375,MODE_C_BALANCED,prior_range_fraction::prev_range_0.125 | red_box_quarter::red_box_2_25pct | green_box_quarter::green_box_1_25pct,ORIGINAL_ORACLE_PRESERVED,337,4658.5675,23.0775,False,False,ROLLING_ROW_LEVEL_RESIDUAL,original_base_rows_expanded_recent5_median,4694.573282,59.083282,False,False,ROLLING_LEVEL_RESIDUAL,superset_base_level_original_mean,original_residual,-2.470468,149.0,1.0,36.439661,17.42612,18.013541,level_regime_family_type,9,34.186497,9.806892,2026-05-07,1.0,True,False,False,True,SELECTOR_GT10
2026-05-08,2026-05-07,L7,RANGE_NORMAL_60_120,CLOSE_POS_LOWER_THIRD,ROWS_STANDARD_9_10,4687.08,PREV_CLOSE_PROXY,,NEUTRAL,4595.54,4600.425,4.885,True,4600.425,4.885,MODE_B_EMA_CHANNEL_DIRECTION_HEAVY,red_box_edge::red_edge_3,ORIGINAL_ORACLE_PRESERVED,337,4595.154375,0.385625,True,True,ROLLING_SOURCE_LEVEL_RESIDUAL,superset_base_source_expanded_recent8_median,4593.7975,1.7425,True,True,ROLLING_REGIME_LEVEL_RESIDUAL,superset_base_regime_superset_recent8_median,superset_residual,-6.6275,8.0,8.0,39.007883,29.093505,8.914378,level_regime_family_type,6,41.512175,7.476458,2026-05-07,1.0,True,False,True,True,SELECTOR_WITHIN_3
2026-05-11,2026-05-08,L4,RANGE_NORMAL_60_120,CLOSE_POS_MIDDLE_THIRD,ROWS_STANDARD_9_10,4715.62,PREV_CLOSE_PROXY,,NEUTRAL,4790.81,4792.13375,1.32375,True,4792.13375,1.32375,MODE_B_EMA_CHANNEL_DIRECTION_HEAVY,green_box_quarter::green_box_3_25pct,ORIGINAL_ORACLE_PRESERVED,337,4790.83375,0.02375,True,True,ROLLING_RANGE_CLOSE_LEVEL_RESIDUAL,superset_base_range_close_expanded_q25,4795.898553,5.088553,False,False,ROLLING_REGIME_LEVEL_RESIDUAL,superset_base_regime_original_mean,original_residual,3.764803,19.0,5.0,40.548067,27.69129,11.856778,level_regime_family_type,16,49.215436,8.094435,2026-05-08,3.0,True,False,False,False,SELECTOR_WITHIN_10
2026-05-11,2026-05-08,L5,RANGE_NORMAL_60_120,CLOSE_POS_MIDDLE_THIRD,ROWS_STANDARD_9_10,4715.62,PREV_CLOSE_PROXY,,NEUTRAL,4756.62,4728.465,28.155,False,4728.465,28.155,MODE_C_BALANCED,green_box_edge::green_edge_1,ORIGINAL_ORACLE_PRESERVED,337,4751.138827,5.481173,False,False,ROLLING_REGIME_LEVEL_RESIDUAL,superset_base_regime_expanded_q75,4728.204167,28.415833,False,False,ROLLING_LEVEL_RESIDUAL,superset_base_level_original_median,original_residual,-0.260833,150.0,3.0,46.913037,27.663466,18.249571,level_regime_family_type,18,49.275787,9.312667,2026-05-08,3.0,True,False,False,False,SELECTOR_GT10
2026-05-11,2026-05-08,L6,RANGE_NORMAL_60_120,CLOSE_POS_MIDDLE_THIRD,ROWS_STANDARD_9_10,4715.62,PREV_CLOSE_PROXY,,NEUTRAL,4721.87,4717.565625,4.304375,True,4714.5425,7.3275,MODE_A_LIVE_PROXIMITY_HEAVY,prior_hlc::previous_mid | prior_hlc::previous_close,EXPANDED_ORACLE_BETTER,338,4721.7825,0.0875,True,True,ROLLING_RANGE_CLOSE_LEVEL_RESIDUAL,original_base_range_close_original_q75,4713.554303,8.315697,False,False,ROLLING_RANGE_CLOSE_LEVEL_RESIDUAL,original_base_range_close_expanded_mean,expanded_residual,-0.988197,29.0,5.0,35.550352,19.883308,14.667045,level_source_family,480,40.125349,9.735952,2026-05-08,3.0,True,False,False,False,SELECTOR_WITHIN_10
2026-05-11,2026-05-08,L7,RANGE_NORMAL_60_120,CLOSE_POS_MIDDLE_THIRD,ROWS_STANDARD_9_10,4715.62,PREV_CLOSE_PROXY,,NEUTRAL,4684.33,4685.73125,1.40125,True,4685.73125,1.40125,MODE_C_BALANCED,red_box_quarter::red_box_2_25pct,ORIGINAL_ORACLE_PRESERVED,337,4684.40875,0.07875,True,True,ROLLING_REGIME_LEVEL_RESIDUAL,superset_base_regime_original_q25,4685.39125,1.06125,True,True,ROLLING_RANGE_LEVEL_RESIDUAL,superset_base_range_original_median,original_residual,-0.34,75.0,3.0,39.65285,21.247142,17.405708,level_regime_family_type,17,31.246818,12.055882,2026-05-08,3.0,True,False,False,True,SELECTOR_WITHIN_3
2026-05-12,2026-05-11,L4,RANGE_NORMAL_60_120,CLOSE_POS_UPPER_THIRD,ROWS_STANDARD_9_10,4734.64,PREV_CLOSE_PROXY,,NEUTRAL,4786.09,4794.82625,8.73625,False,4794.82625,8.73625,MODE_D_NEAREST_VALID_LADDER,green_box_quarter::green_box_3_25pct,ORIGINAL_ORACLE_PRESERVED,337,4785.780883,0.309117,True,True,ROLLING_LEVEL_RESIDUAL,original_base_level_expanded_q25,4800.31375,14.22375,False,False,ROLLING_REGIME_LEVEL_RESIDUAL,superset_base_regime_original_median,original_residual,5.4875,25.0,11.0,41.293006,26.845696,13.44731,level_regime_family_type,22,36.039015,9.129034,2026-05-11,1.0,True,False,False,False,SELECTOR_GT10
2026-05-12,2026-05-11,L5,RANGE_NORMAL_60_120,CLOSE_POS_UPPER_THIRD,ROWS_STANDARD_9_10,4734.64,PREV_CLOSE_PROXY,,NEUTRAL,4752.28,4732.8125,19.4675,False,4732.8125,19.4675,MODE_C_BALANCED,green_box_quarter::green_box_2_25pct | red_box_quarter::red_box_1_25pct | prior_range_fraction::prev_range_0.875,ORIGINAL_ORACLE_PRESERVED,337,4752.227083,0.052917,True,True,ROLLING_RANGE_CLOSE_LEVEL_RESIDUAL,original_base_range_close_expanded_q75,4732.989167,19.290833,False,False,ROLLING_SOURCE_LEVEL_RESIDUAL,superset_base_source_superset_median,superset_residual,0.176667,142.0,1.0,40.252916,20.587438,18.665479,level_regime_family_type,25,38.823347,7.719322,2026-05-11,1.0,True,False,False,True,SELECTOR_GT10
2026-05-12,2026-05-11,L6,RANGE_NORMAL_60_120,CLOSE_POS_UPPER_THIRD,ROWS_STANDARD_9_10,4734.64,PREV_CLOSE_PROXY,,NEUTRAL,4717.37,4715.505434,1.864566,True,4715.505434,1.864566,MODE_D_NEAREST_VALID_LADDER,prior_range_fraction::prev_range_0.666667 | red_box_midline::red_mid_1,ORIGINAL_ORACLE_PRESERVED,337,4717.340434,0.029566,True,True,ROLLING_SOURCE_LEVEL_RESIDUAL,original_base_source_original_recent20_median,4716.638744,0.731256,True,True,ROLLING_RANGE_CLOSE_LEVEL_RESIDUAL,superset_base_range_close_superset_median,superset_residual,1.13331,33.0,11.0,40.226009,23.666215,15.559794,level_regime_family_type,23,44.553886,9.723385,2026-05-11,1.0,True,False,False,True,SELECTOR_WITHIN_3
2026-05-12,2026-05-11,L7,RANGE_NORMAL_60_120,CLOSE_POS_UPPER_THIRD,ROWS_STANDARD_9_10,4734.64,PREV_CLOSE_PROXY,,NEUTRAL,4680.73,4673.2525,7.4775,False,4673.2525,7.4775,MODE_C_BALANCED,prior_range_fraction::prev_range_0.25,ORIGINAL_ORACLE_PRESERVED,337,4681.259244,0.529244,True,True,ROLLING_RANGE_CLOSE_LEVEL_RESIDUAL,superset_base_range_close_expanded_q75,4673.08375,7.64625,False,False,ROLLING_REGIME_LEVEL_RESIDUAL,superset_base_regime_original_median,original_residual,-0.16875,25.0,11.0,44.122927,29.416062,13.706865,level_regime_family_type,22,42.705682,13.113972,2026-05-11,1.0,True,False,False,False,SELECTOR_WITHIN_10
2026-05-13,2026-05-12,L4,RANGE_WIDE_120_220,CLOSE_POS_MIDDLE_THIRD,ROWS_STANDARD_9_10,4715.15,PREV_CLOSE_PROXY,,NEUTRAL,4786.09,4782.8225,3.2675,True,4782.8225,3.2675,MODE_D_NEAREST_VALID_LADDER,green_box_quarter::green_box_2_75pct,ORIGINAL_ORACLE_PRESERVED,337,4786.11875,0.02875,True,True,ROLLING_LEVEL_RESIDUAL,superset_base_level_original_median,4793.041818,6.951818,False,False,ROLLING_REGIME_LEVEL_RESIDUAL,original_base_regime_original_mean,original_residual,10.219318,11.0,23.0,27.178198,17.347601,8.830597,level_family_type,77,36.249064,12.355615,2026-05-12,1.0,True,False,False,False,SELECTOR_WITHIN_10
2026-05-13,2026-05-12,L5,RANGE_WIDE_120_220,CLOSE_POS_MIDDLE_THIRD,ROWS_STANDARD_9_10,4715.15,PREV_CLOSE_PROXY,,NEUTRAL,4746.53,4756.5725,10.0425,False,4756.5725,10.0425,MODE_B_EMA_CHANNEL_DIRECTION_HEAVY,prior_range_fraction::prev_range_0.875,ORIGINAL_ORACLE_PRESERVED,337,4746.422188,0.107812,True,True,ROLLING_ROW_LEVEL_RESIDUAL,superset_base_rows_expanded_q25,4753.38,6.85,False,False,ROLLING_RANGE_LEVEL_RESIDUAL,superset_base_range_superset_median,superset_residual,-3.1925,38.0,6.0,29.695235,13.906429,14.788806,level_family_type,135,34.134059,18.893558,2026-05-12,1.0,True,False,False,True,SELECTOR_WITHIN_10
2026-05-13,2026-05-12,L6,RANGE_WIDE_120_220,CLOSE_POS_MIDDLE_THIRD,ROWS_STANDARD_9_10,4715.15,PREV_CLOSE_PROXY,,NEUTRAL,4707.42,4708.95,1.53,True,4708.95,1.53,MODE_D_NEAREST_VALID_LADDER,prior_hlc::previous_pivot_hlc3,ORIGINAL_ORACLE_PRESERVED,337,4708.20827,0.78827,True,True,ROLLING_RANGE_LEVEL_RESIDUAL,superset_base_range_superset_recent20_median,4700.65,6.77,False,False,ROLLING_RANGE_LEVEL_RESIDUAL,superset_base_range_expanded_median,expanded_residual,-8.3,39.0,6.0,30.97338,15.23382,14.73956,level_family_type,135,27.840353,19.054934,2026-05-12,1.0,True,False,False,False,SELECTOR_WITHIN_10
2026-05-13,2026-05-12,L7,RANGE_WIDE_120_220,CLOSE_POS_MIDDLE_THIRD,ROWS_STANDARD_9_10,4715.15,PREV_CLOSE_PROXY,,NEUTRAL,4670.27,4658.8775,11.3925,False,4658.8775,11.3925,MODE_C_BALANCED,green_box_quarter::green_box_1_25pct,ORIGINAL_ORACLE_PRESERVED,337,4671.5125,1.2425,True,True,ROLLING_REGIME_LEVEL_RESIDUAL,original_base_regime_superset_q75,4660.0725,10.1975,False,False,ROLLING_REGIME_LEVEL_RESIDUAL,superset_base_regime_original_median,original_residual,1.195,11.0,23.0,39.384875,28.888891,9.495984,level_regime_family_type,8,48.823153,15.323125,2026-05-12,1.0,True,False,False,True,SELECTOR_GT10
2026-05-14,2026-05-13,L4,RANGE_COMPRESSED_0_60,CLOSE_POS_MIDDLE_THIRD,ROWS_STANDARD_9_10,4688.78,PREV_CLOSE_PROXY,,NEUTRAL,4768.67,4745.86625,22.80375,False,4745.86625,22.80375,MODE_B_EMA_CHANNEL_DIRECTION_HEAVY,green_box_quarter::green_box_2_75pct,ORIGINAL_ORACLE_PRESERVED,337,4768.694121,0.024121,True,True,ROLLING_RANGE_CLOSE_LEVEL_RESIDUAL,superset_base_range_close_expanded_q75,4749.4275,19.2425,False,False,ROLLING_SOURCE_LEVEL_RESIDUAL,original_base_source_superset_median,superset_residual,3.56125,138.0,1.0,30.93593,11.435619,18.500311,level_regime_family_type,3,34.65186,12.97548,2026-05-13,1.0,True,False,False,True,SELECTOR_GT10
2026-05-14,2026-05-13,L5,RANGE_COMPRESSED_0_60,CLOSE_POS_MIDDLE_THIRD,ROWS_STANDARD_9_10,4688.78,PREV_CLOSE_PROXY,,NEUTRAL,4734.88,4712.4525,22.4275,False,4712.4525,22.4275,MODE_C_BALANCED,prior_range_fraction::prev_range_0.75,ORIGINAL_ORACLE_PRESERVED,337,4732.570838,2.309162,True,True,ROLLING_ROW_LEVEL_RESIDUAL,original_base_rows_expanded_q75,4718.525625,16.354375,False,False,ROLLING_REGIME_LEVEL_RESIDUAL,superset_base_regime_superset_recent8_median,superset_residual,6.073125,3.0,167.0,33.557394,29.109062,3.448332,level_range_close_family,48,40.735187,5.763697,2026-05-13,1.0,True,False,False,True,SELECTOR_GT10
2026-05-14,2026-05-13,L6,RANGE_COMPRESSED_0_60,CLOSE_POS_MIDDLE_THIRD,ROWS_STANDARD_9_10,4688.78,PREV_CLOSE_PROXY,,NEUTRAL,4699.33,4669.47,29.86,False,4669.47,29.86,MODE_C_BALANCED,prior_hlc::previous_low,ORIGINAL_ORACLE_PRESERVED,337,4683.3675,15.9625,False,False,ROLLING_SOURCE_LEVEL_RESIDUAL,original_base_source_expanded_q75,4669.61,29.72,False,False,ROLLING_LEVEL_RESIDUAL,superset_base_level_original_median,original_residual,0.14,153.0,1.0,33.019068,13.7118,18.307268,level_regime_family_type,3,25.560951,9.915,2026-05-13,1.0,True,False,False,True,SELECTOR_GT10
2026-05-14,2026-05-13,L7,RANGE_COMPRESSED_0_60,CLOSE_POS_MIDDLE_THIRD,ROWS_STANDARD_9_10,4688.78,PREV_CLOSE_PROXY,,NEUTRAL,4670.27,4639.47,30.8,False,4639.47,30.8,MODE_B_EMA_CHANNEL_DIRECTION_HEAVY,red_box_edge::red_edge_2,ORIGINAL_ORACLE_PRESERVED,337,4661.84375,8.42625,False,False,ROLLING_RANGE_CLOSE_LEVEL_RESIDUAL,superset_base_range_close_expanded_q75,4638.15,32.12,False,False,ROLLING_REGIME_LEVEL_RESIDUAL,superset_base_regime_superset_recent8_median,superset_residual,-1.32,3.0,167.0,29.370204,24.68992,3.680284,level_family_type,77,39.778476,14.804253,2026-05-13,1.0,True,False,False,False,SELECTOR_GT10
2026-05-15,2026-05-14,L4,RANGE_NORMAL_60_120,CLOSE_POS_LOWER_THIRD,ROWS_STANDARD_9_10,4652.36,PREV_CLOSE_PROXY,,NEUTRAL,4693.67,4690.75875,2.91125,True,4696.61,2.94,MODE_C_BALANCED,green_box_edge::green_edge_1,EXPANDED_ORACLE_BETTER,338,4693.84927,0.17927,True,True,ROLLING_SOURCE_LEVEL_RESIDUAL,superset_base_source_expanded_median,4706.779114,13.109114,False,False,ROLLING_REGIME_LEVEL_RESIDUAL,superset_base_regime_original_mean,original_residual,16.020364,10.0,7.0,31.734788,21.979476,8.755311,level_family_type,79,37.714603,12.011749,2026-05-14,1.0,True,False,False,False,SELECTOR_GT10
2026-05-15,2026-05-14,L5,RANGE_NORMAL_60_120,CLOSE_POS_LOWER_THIRD,ROWS_STANDARD_9_10,4652.36,PREV_CLOSE_PROXY,,NEUTRAL,4665.63,4669.213309,3.583309,True,4669.213309,3.583309,MODE_C_BALANCED,prior_range_fraction::prev_range_0.333333,ORIGINAL_ORACLE_PRESERVED,337,4665.127059,0.502941,True,True,ROLLING_RANGE_LEVEL_RESIDUAL,superset_base_range_superset_q25,4669.389976,3.759976,False,True,ROLLING_LEVEL_RESIDUAL,superset_base_level_original_median,original_residual,0.176667,154.0,1.0,33.810967,14.505488,18.305479,level_regime_family_type,10,26.731692,10.17907,2026-05-14,1.0,True,False,False,False,SELECTOR_WITHIN_5
2026-05-15,2026-05-14,L6,RANGE_NORMAL_60_120,CLOSE_POS_LOWER_THIRD,ROWS_STANDARD_9_10,4652.36,PREV_CLOSE_PROXY,,NEUTRAL,4635.27,4655.515,20.245,False,4655.515,20.245,MODE_C_BALANCED,red_box_quarter::red_box_2_25pct | prior_range_fraction::prev_range_0.125 | green_box_quarter::green_box_1_25pct,ORIGINAL_ORACLE_PRESERVED,337,4634.785,0.485,True,True,ROLLING_LEVEL_RESIDUAL,original_base_level_expanded_q25,4656.1725,20.9025,False,False,ROLLING_ROW_LEVEL_RESIDUAL,superset_base_rows_original_median,original_residual,0.6575,95.0,1.0,30.37379,11.811776,17.562014,level_regime_family_type,9,34.186497,16.306006,2026-05-14,1.0,True,False,False,False,SELECTOR_GT10
2026-05-15,2026-05-14,L7,RANGE_NORMAL_60_120,CLOSE_POS_LOWER_THIRD,ROWS_STANDARD_9_10,4652.36,PREV_CLOSE_PROXY,,NEUTRAL,4600.62,4588.325,12.295,False,4588.325,12.295,MODE_B_EMA_CHANNEL_DIRECTION_HEAVY,red_box_midline::red_mid_3,ORIGINAL_ORACLE_PRESERVED,337,4600.49,0.13,True,True,ROLLING_SOURCE_LEVEL_RESIDUAL,superset_base_source_expanded_recent5_median,4581.870625,18.749375,False,False,ROLLING_REGIME_LEVEL_RESIDUAL,superset_base_regime_original_median,original_residual,-6.454375,10.0,7.0,38.068372,27.689645,9.378726,level_regime_family_type,7,45.411364,6.644107,2026-05-14,1.0,True,False,False,False,SELECTOR_GT10
2026-05-18,2026-05-15,L4,RANGE_WIDE_120_220,CLOSE_POS_LOWER_THIRD,ROWS_STANDARD_9_10,4538.64,PREV_CLOSE_PROXY,,NEUTRAL,4564.33,4570.2171,5.8871,False,4570.2171,5.8871,MODE_B_EMA_CHANNEL_DIRECTION_HEAVY,prior_range_fraction::prev_range_0.382,ORIGINAL_ORACLE_PRESERVED,337,4564.5621,0.2321,True,True,ROLLING_ROW_LEVEL_RESIDUAL,original_base_rows_original_q25,4570.406639,6.076639,False,False,ROLLING_REGIME_LEVEL_RESIDUAL,superset_base_regime_original_mean,original_residual,0.189539,7.0,19.0,35.40561,26.036959,8.368651,level_regime_family_type,4,31.764205,7.899533,2026-05-15,3.0,True,False,False,False,SELECTOR_WITHIN_10
2026-05-18,2026-05-15,L5,RANGE_WIDE_120_220,CLOSE_POS_LOWER_THIRD,ROWS_STANDARD_9_10,4538.64,PREV_CLOSE_PROXY,,NEUTRAL,4539.06,4538.64,0.42,True,4538.64,0.42,MODE_A_LIVE_PROXIMITY_HEAVY,prior_hlc::previous_close,ORIGINAL_ORACLE_PRESERVED,337,4539.1125,0.0525,True,True,ROLLING_REGIME_LEVEL_RESIDUAL,superset_base_regime_superset_recent5_median,4539.1125,0.0525,True,True,ROLLING_REGIME_LEVEL_RESIDUAL,superset_base_regime_superset_recent5_median,superset_residual,0.4725,5.0,19.0,38.942493,29.957651,7.984842,level_regime_family_type,5,44.70542,4.480667,2026-05-15,3.0,True,False,False,True,SELECTOR_WITHIN_3
2026-05-18,2026-05-15,L6,RANGE_WIDE_120_220,CLOSE_POS_LOWER_THIRD,ROWS_STANDARD_9_10,4538.64,PREV_CLOSE_PROXY,,NEUTRAL,4511.93,4511.37,0.56,True,4511.37,0.56,MODE_D_NEAREST_VALID_LADDER,prior_hlc::previous_low,ORIGINAL_ORACLE_PRESERVED,337,4511.82875,0.10125,True,True,ROLLING_ROW_LEVEL_RESIDUAL,superset_base_rows_original_median,4519.33875,7.40875,False,False,ROLLING_REGIME_LEVEL_RESIDUAL,original_base_regime_superset_q75,superset_residual,7.96875,8.0,19.0,30.795315,21.56129,8.234025,level_range_close_family_type,6,34.369318,6.50694,2026-05-15,3.0,True,False,False,False,SELECTOR_WITHIN_10
2026-05-18,2026-05-15,L7,RANGE_WIDE_120_220,CLOSE_POS_LOWER_THIRD,ROWS_STANDARD_9_10,4538.64,PREV_CLOSE_PROXY,,NEUTRAL,4481.32,4481.37,0.05,True,4481.37,0.05,MODE_B_EMA_CHANNEL_DIRECTION_HEAVY,red_box_edge::red_edge_2,ORIGINAL_ORACLE_PRESERVED,337,4481.2875,0.0325,True,True,ROLLING_REGIME_LEVEL_RESIDUAL,superset_base_regime_original_q75,4479.705,1.615,True,True,ROLLING_REGIME_LEVEL_RESIDUAL,superset_base_regime_superset_recent8_median,superset_residual,-1.665,8.0,19.0,35.381388,25.50974,8.871648,level_regime_family_type,5,37.013112,14.01375,2026-05-15,3.0,True,False,False,False,SELECTOR_WITHIN_3
2026-05-19,2026-05-18,L4,RANGE_NORMAL_60_120,CLOSE_POS_UPPER_THIRD,ROWS_STANDARD_9_10,4566.12,PREV_CLOSE_PROXY,,NEUTRAL,4606.82,4630.96,24.14,False,4630.96,24.14,MODE_D_NEAREST_VALID_LADDER,green_box_quarter::green_box_3_25pct,ORIGINAL_ORACLE_PRESERVED,337,4620.973348,14.153348,False,False,ROLLING_SOURCE_LEVEL_RESIDUAL,original_base_source_expanded_q25,4635.72375,28.90375,False,False,ROLLING_REGIME_LEVEL_RESIDUAL,superset_base_regime_original_median,original_residual,4.76375,26.0,7.0,40.943782,26.157553,13.786229,level_regime_family_type,23,34.876466,9.350543,2026-05-18,1.0,True,False,False,False,SELECTOR_GT10
2026-05-19,2026-05-18,L5,RANGE_NORMAL_60_120,CLOSE_POS_UPPER_THIRD,ROWS_STANDARD_9_10,4566.12,PREV_CLOSE_PROXY,,NEUTRAL,4586.21,4567.675,18.535,False,4567.675,18.535,MODE_C_BALANCED,green_box_quarter::green_box_2_25pct | red_box_quarter::red_box_1_25pct | prior_range_fraction::prev_range_0.875,ORIGINAL_ORACLE_PRESERVED,337,4585.8225,0.3875,True,True,ROLLING_LEVEL_RESIDUAL,original_base_level_expanded_recent5_median,4568.025,18.185,False,False,ROLLING_SOURCE_LEVEL_RESIDUAL,superset_base_source_superset_median,superset_residual,0.35,147.0,1.0,44.920597,25.263577,18.65702,level_regime_family_type,26,37.681484,8.16438,2026-05-18,1.0,True,False,False,True,SELECTOR_GT10
2026-05-19,2026-05-18,L6,RANGE_NORMAL_60_120,CLOSE_POS_UPPER_THIRD,ROWS_STANDARD_9_10,4566.12,PREV_CLOSE_PROXY,,NEUTRAL,4558.95,4550.226684,8.723316,False,4550.226684,8.723316,MODE_D_NEAREST_VALID_LADDER,prior_range_fraction::prev_range_0.666667 | red_box_midline::red_mid_1,ORIGINAL_ORACLE_PRESERVED,337,4558.349496,0.600503,True,True,ROLLING_LEVEL_RESIDUAL,original_base_level_original_q75,4551.847082,7.102918,False,False,ROLLING_REGIME_LEVEL_RESIDUAL,superset_base_regime_superset_median,superset_residual,1.620398,26.0,7.0,46.726328,31.786704,13.939625,level_range_close_family_type,25,47.914256,8.927994,2026-05-18,1.0,True,False,False,True,SELECTOR_WITHIN_10
2026-05-19,2026-05-18,L7,RANGE_NORMAL_60_120,CLOSE_POS_UPPER_THIRD,ROWS_STANDARD_9_10,4566.12,PREV_CLOSE_PROXY,,NEUTRAL,4532.84,4513.92,18.92,False,4513.92,18.92,MODE_C_BALANCED,green_box_midline::green_mid_1,ORIGINAL_ORACLE_PRESERVED,337,4531.1175,1.7225,True,True,ROLLING_ROW_LEVEL_RESIDUAL,original_base_rows_expanded_q75,4514.011875,18.828125,False,False,ROLLING_REGIME_LEVEL_RESIDUAL,superset_base_regime_original_median,original_residual,0.091875,26.0,7.0,46.787402,31.773185,14.014216,level_regime_family_type,23,41.328079,12.876245,2026-05-18,1.0,True,False,False,True,SELECTOR_GT10
2026-05-20,2026-05-19,L4,RANGE_WIDE_120_220,CLOSE_POS_LOWER_THIRD,ROWS_STANDARD_9_10,4481.92,PREV_CLOSE_PROXY,,NEUTRAL,4529.64,4526.32,3.32,True,4521.775,7.865,MODE_B_EMA_CHANNEL_DIRECTION_HEAVY,green_box_quarter::green_box_1_75pct,EXPANDED_ORACLE_BETTER,338,4529.616232,0.023768,True,True,ROLLING_RANGE_LEVEL_RESIDUAL,superset_base_range_expanded_mean,4523.23375,6.40625,False,False,ROLLING_REGIME_LEVEL_RESIDUAL,superset_base_regime_superset_recent5_median,superset_residual,-3.08625,5.0,2.0,33.426181,24.12208,8.304101,level_regime_family_type,5,37.013112,7.395973,2026-05-19,1.0,True,False,False,False,SELECTOR_WITHIN_10
2026-05-20,2026-05-19,L5,RANGE_WIDE_120_220,CLOSE_POS_LOWER_THIRD,ROWS_STANDARD_9_10,4481.92,PREV_CLOSE_PROXY,,NEUTRAL,4506.6,4505.259958,1.340042,True,4505.259958,1.340042,MODE_C_BALANCED,prior_range_fraction::prev_range_0.333333,ORIGINAL_ORACLE_PRESERVED,337,4506.399124,0.200876,True,True,ROLLING_LEVEL_RESIDUAL,superset_base_level_original_recent20_median,4505.679958,0.920042,True,True,ROLLING_REGIME_LEVEL_RESIDUAL,superset_base_regime_superset_recent5_median,superset_residual,0.42,5.0,2.0,42.516623,33.088919,8.427704,level_regime_family_type,6,48.655033,3.742639,2026-05-19,1.0,True,False,False,True,SELECTOR_WITHIN_3
2026-05-20,2026-05-19,L6,RANGE_WIDE_120_220,CLOSE_POS_LOWER_THIRD,ROWS_STANDARD_9_10,4481.92,PREV_CLOSE_PROXY,,NEUTRAL,4487.59,4482.685,4.905,True,4482.685,4.905,MODE_C_BALANCED,green_box_quarter::green_box_1_25pct,ORIGINAL_ORACLE_PRESERVED,337,4487.627188,0.037188,True,True,ROLLING_LEVEL_RESIDUAL,superset_base_level_expanded_recent20_median,4480.117528,7.472472,False,False,ROLLING_LEVEL_RESIDUAL,superset_base_level_original_mean,original_residual,-2.567472,157.0,1.0,36.179876,17.171068,18.008807,level_regime_family_type,9,34.186497,17.964595,2026-05-19,1.0,True,False,False,False,SELECTOR_WITHIN_10
2026-05-20,2026-05-19,L7,RANGE_WIDE_120_220,CLOSE_POS_LOWER_THIRD,ROWS_STANDARD_9_10,4481.92,PREV_CLOSE_PROXY,,NEUTRAL,4462.0,4463.14,1.14,True,4463.14,1.14,MODE_B_EMA_CHANNEL_DIRECTION_HEAVY,prior_hlc::previous_low,ORIGINAL_ORACLE_PRESERVED,337,4462.03,0.03,True,True,ROLLING_REGIME_LEVEL_RESIDUAL,superset_base_regime_expanded_q75,4461.56,0.44,True,True,ROLLING_REGIME_LEVEL_RESIDUAL,superset_base_regime_original_median,original_residual,-1.58,9.0,2.0,39.263923,28.792827,9.471096,level_regime_family_type,6,41.512175,11.947292,2026-05-19,1.0,True,False,False,True,SELECTOR_WITHIN_3
2026-05-21,2026-05-20,L4,RANGE_NORMAL_60_120,CLOSE_POS_UPPER_THIRD,ROWS_STANDARD_9_10,4543.62,PREV_CLOSE_PROXY,,NEUTRAL,4608.29,4598.845,9.445,False,4598.845,9.445,MODE_D_NEAREST_VALID_LADDER,green_box_quarter::green_box_3_25pct,ORIGINAL_ORACLE_PRESERVED,337,4608.383125,0.093125,True,True,ROLLING_RANGE_LEVEL_RESIDUAL,superset_base_range_superset_recent20_median,4603.721603,4.568397,False,True,ROLLING_SOURCE_LEVEL_RESIDUAL,superset_base_source_superset_mean,superset_residual,4.876603,141.0,2.0,38.805445,19.575223,18.230222,level_regime_family_type,25,35.793044,10.378229,2026-05-20,1.0,True,True,False,True,SELECTOR_WITHIN_5
2026-05-21,2026-05-20,L5,RANGE_NORMAL_60_120,CLOSE_POS_UPPER_THIRD,ROWS_STANDARD_9_10,4543.62,PREV_CLOSE_PROXY,,NEUTRAL,4582.07,4537.285,44.785,False,4537.285,44.785,MODE_C_BALANCED,green_box_quarter::green_box_2_25pct | red_box_quarter::red_box_1_25pct | prior_range_fraction::prev_range_0.875,ORIGINAL_ORACLE_PRESERVED,337,4577.67704,4.39296,False,True,ROLLING_RANGE_LEVEL_RESIDUAL,superset_base_range_expanded_recent5_median,4537.705,44.365,False,False,ROLLING_SOURCE_LEVEL_RESIDUAL,superset_base_source_superset_median,superset_residual,0.42,149.0,1.0,45.430758,25.777154,18.653604,level_regime_family_type,27,36.60487,8.535514,2026-05-20,1.0,True,False,False,True,SELECTOR_GT10
2026-05-21,2026-05-20,L6,RANGE_NORMAL_60_120,CLOSE_POS_UPPER_THIRD,ROWS_STANDARD_9_10,4543.62,PREV_CLOSE_PROXY,,NEUTRAL,4554.33,4527.91,26.42,False,4527.91,26.42,MODE_D_NEAREST_VALID_LADDER,prior_range_fraction::prev_range_0.75,ORIGINAL_ORACLE_PRESERVED,337,4542.22625,12.10375,False,False,ROLLING_ROW_LEVEL_RESIDUAL,original_base_rows_expanded_q75,4529.583296,24.746704,False,False,ROLLING_REGIME_LEVEL_RESIDUAL,superset_base_regime_superset_median,superset_residual,1.673296,27.0,2.0,46.866638,31.600095,14.266543,level_range_close_family_type,26,46.505013,8.857799,2026-05-20,1.0,True,False,False,True,SELECTOR_GT10
2026-05-21,2026-05-20,L7,RANGE_NORMAL_60_120,CLOSE_POS_UPPER_THIRD,ROWS_STANDARD_9_10,4543.62,PREV_CLOSE_PROXY,,NEUTRAL,4524.06,4534.265,10.205,False,4534.265,10.205,MODE_B_EMA_CHANNEL_DIRECTION_HEAVY,green_box_quarter::green_box_2_25pct,ORIGINAL_ORACLE_PRESERVED,337,4524.3425,0.2825,True,True,ROLLING_RANGE_CLOSE_LEVEL_RESIDUAL,superset_base_range_close_expanded_recent20_median,4534.6175,10.5575,False,False,ROLLING_REGIME_LEVEL_RESIDUAL,superset_base_regime_original_median,original_residual,0.3525,27.0,2.0,46.529742,31.198744,14.330998,level_regime_family_type,24,40.036577,13.12424,2026-05-20,1.0,True,False,False,False,SELECTOR_GT10
2026-05-22,2026-05-21,L4,RANGE_NORMAL_60_120,CLOSE_POS_MIDDLE_THIRD,ROWS_STANDARD_9_10,4543.05,PREV_CLOSE_PROXY,,NEUTRAL,4614.22,4614.77875,0.55875,True,4614.77875,0.55875,MODE_B_EMA_CHANNEL_DIRECTION_HEAVY,green_box_quarter::green_box_3_25pct,ORIGINAL_ORACLE_PRESERVED,337,4614.77875,0.55875,True,True,ROLLING_BASE_SUPERSET,ORIGINAL_ORACLE_PRESERVED,4618.289125,4.069125,False,True,ROLLING_REGIME_LEVEL_RESIDUAL,superset_base_regime_original_mean,original_residual,3.510375,20.0,11.0,45.296269,32.307475,11.988794,level_regime_family_type,17,47.246818,7.917619,2026-05-21,1.0,True,False,False,False,SELECTOR_WITHIN_5
2026-05-22,2026-05-21,L5,RANGE_NORMAL_60_120,CLOSE_POS_MIDDLE_THIRD,ROWS_STANDARD_9_10,4543.05,PREV_CLOSE_PROXY,,NEUTRAL,4582.41,4544.335,38.075,False,4544.335,38.075,MODE_C_BALANCED,green_box_edge::green_edge_1,ORIGINAL_ORACLE_PRESERVED,337,4584.72704,2.31704,True,True,ROLLING_RANGE_CLOSE_LEVEL_RESIDUAL,superset_base_range_close_expanded_recent5_median,4544.755,37.655,False,False,ROLLING_LEVEL_RESIDUAL,superset_base_level_original_median,original_residual,0.42,159.0,1.0,41.21893,21.925326,18.293604,level_regime_family_type,19,47.450758,10.318097,2026-05-21,1.0,True,False,False,True,SELECTOR_GT10
2026-05-22,2026-05-21,L6,RANGE_NORMAL_60_120,CLOSE_POS_MIDDLE_THIRD,ROWS_STANDARD_9_10,4543.05,PREV_CLOSE_PROXY,,NEUTRAL,4551.77,4556.60125,4.83125,True,4556.60125,4.83125,MODE_D_NEAREST_VALID_LADDER,red_box_quarter::red_box_1_25pct,ORIGINAL_ORACLE_PRESERVED,337,4551.553757,0.216243,True,True,ROLLING_SOURCE_LEVEL_RESIDUAL,superset_base_source_expanded_median,4557.8875,6.1175,False,False,ROLLING_RANGE_LEVEL_RESIDUAL,superset_base_range_original_median,original_residual,1.28625,83.0,1.0,35.846279,17.434948,17.411331,level_regime_family_type,19,32.635943,13.558798,2026-05-21,1.0,True,False,False,False,SELECTOR_WITHIN_10
2026-05-22,2026-05-21,L7,RANGE_NORMAL_60_120,CLOSE_POS_MIDDLE_THIRD,ROWS_STANDARD_9_10,4543.05,PREV_CLOSE_PROXY,,NEUTRAL,4520.55,4519.57522,0.97478,True,4519.57522,0.97478,MODE_C_BALANCED,prior_range_fraction::prev_range_0.382,ORIGINAL_ORACLE_PRESERVED,337,4521.05022,0.50022,True,True,ROLLING_LEVEL_RESIDUAL,superset_base_level_original_recent20_median,4519.320845,1.229155,True,True,ROLLING_RANGE_LEVEL_RESIDUAL,superset_base_range_original_median,original_residual,-0.254375,80.0,1.0,38.89125,20.429564,17.461687,level_regime_family_type,18,33.891171,11.445069,2026-05-21,1.0,True,False,False,False,SELECTOR_WITHIN_3
2026-05-25,2026-05-22,L4,RANGE_COMPRESSED_0_60,CLOSE_POS_LOWER_THIRD,ROWS_EXTENDED_11_PLUS,4507.9,PREV_CLOSE_PROXY,,NEUTRAL,4556.09,4522.2125,33.8775,False,4522.2125,33.8775,MODE_C_BALANCED,green_box_quarter::green_box_1_75pct,ORIGINAL_ORACLE_PRESERVED,241,4548.322812,7.767188,False,False,ROLLING_SOURCE_LEVEL_RESIDUAL,superset_base_source_expanded_q75,4525.50875,30.58125,False,False,ROLLING_LEVEL_RESIDUAL,superset_base_level_superset_median,superset_residual,3.29625,159.0,3.0,35.815346,16.713903,18.101443,range_close_family,384,22.400945,10.959977,2026-05-22,3.0,True,False,False,True,SELECTOR_GT10
2026-05-25,2026-05-22,L5,RANGE_COMPRESSED_0_60,CLOSE_POS_LOWER_THIRD,ROWS_EXTENDED_11_PLUS,4507.9,PREV_CLOSE_PROXY,,NEUTRAL,4524.91,4492.2125,32.6975,False,4492.2125,32.6975,MODE_A_LIVE_PROXIMITY_HEAVY,red_box_quarter::red_box_2_25pct,ORIGINAL_ORACLE_PRESERVED,241,4525.815625,0.905625,True,True,ROLLING_ROW_LEVEL_RESIDUAL,original_base_rows_superset_q75,4492.8325,32.0775,False,False,ROLLING_LEVEL_RESIDUAL,superset_base_level_original_median,original_residual,0.62,160.0,3.0,31.03977,11.807726,18.232044,level_family_type,159,35.21659,20.250403,2026-05-22,3.0,True,False,False,True,SELECTOR_GT10
2026-05-25,2026-05-22,L6,RANGE_COMPRESSED_0_60,CLOSE_POS_LOWER_THIRD,ROWS_EXTENDED_11_PLUS,4507.9,PREV_CLOSE_PROXY,,NEUTRAL,4494.67,4470.3975,24.2725,False,4470.3975,24.2725,MODE_B_EMA_CHANNEL_DIRECTION_HEAVY,red_box_quarter::red_box_2_75pct,ORIGINAL_ORACLE_PRESERVED,241,4495.85625,1.18625,True,True,ROLLING_ROW_LEVEL_RESIDUAL,original_base_rows_superset_q75,4470.735,23.935,False,False,ROLLING_RANGE_LEVEL_RESIDUAL,superset_base_range_superset_median,superset_residual,0.3375,20.0,11.0,33.86171,22.03808,10.82363,level_range_close_family,48,67.520901,5.388997,2026-05-22,3.0,True,False,False,True,SELECTOR_GT10
2026-05-25,2026-05-22,L7,RANGE_COMPRESSED_0_60,CLOSE_POS_LOWER_THIRD,ROWS_EXTENDED_11_PLUS,4507.9,PREV_CLOSE_PROXY,,NEUTRAL,4462.89,4448.5825,14.3075,False,4448.5825,14.3075,MODE_B_EMA_CHANNEL_DIRECTION_HEAVY,red_box_quarter::red_box_3_25pct,ORIGINAL_ORACLE_PRESERVED,241,4463.11,0.22,True,True,ROLLING_RANGE_LEVEL_RESIDUAL,original_base_range_expanded_q75,4447.546875,15.343125,False,False,ROLLING_LEVEL_RESIDUAL,superset_base_level_superset_median,superset_residual,-1.035625,156.0,3.0,38.125757,18.913996,18.211761,level_range_close_family,96,40.203562,9.011904,2026-05-22,3.0,True,False,False,False,SELECTOR_GT10
2026-05-26,2026-05-25,L4,RANGE_COMPRESSED_0_60,CLOSE_POS_UPPER_THIRD,ROWS_STANDARD_9_10,4570.94,PREV_CLOSE_PROXY,,NEUTRAL,4593.58,4581.478854,12.101146,False,4580.13,13.45,MODE_B_EMA_CHANNEL_DIRECTION_HEAVY,prior_hlc::previous_high,EXPANDED_ORACLE_BETTER,290,4593.338016,0.241984,True,True,ROLLING_RANGE_LEVEL_RESIDUAL,superset_base_range_expanded_recent8_median,4584.760729,8.819271,False,False,ROLLING_CHANNEL_LEVEL_RESIDUAL,superset_base_channel_original_median,original_residual,3.281875,160.0,1.0,40.389821,21.721272,17.668549,level_range_close_family_type,7,32.07803,8.759002,2026-05-25,1.0,True,False,False,True,SELECTOR_WITHIN_10
2026-05-26,2026-05-25,L5,RANGE_COMPRESSED_0_60,CLOSE_POS_UPPER_THIRD,ROWS_STANDARD_9_10,4570.94,PREV_CLOSE_PROXY,,NEUTRAL,4562.44,4548.303317,14.136683,False,4548.303317,14.136683,MODE_C_BALANCED,prior_range_fraction::prev_range_0.333333,ORIGINAL_ORACLE_PRESERVED,289,4561.949567,0.490433,True,True,ROLLING_ROW_LEVEL_RESIDUAL,original_base_rows_superset_q75,4549.128317,13.311683,False,False,ROLLING_SOURCE_LEVEL_RESIDUAL,superset_base_source_superset_median,superset_residual,0.825,152.0,1.0,44.028979,24.395139,18.63384,level_range_close_family_type,7,45.411364,7.53953,2026-05-25,1.0,True,False,False,True,SELECTOR_GT10
2026-05-26,2026-05-25,L6,RANGE_COMPRESSED_0_60,CLOSE_POS_UPPER_THIRD,ROWS_STANDARD_9_10,4570.94,PREV_CLOSE_PROXY,,NEUTRAL,4529.9,4512.1075,17.7925,False,4512.1075,17.7925,MODE_B_EMA_CHANNEL_DIRECTION_HEAVY,red_box_quarter::red_box_2_75pct,ORIGINAL_ORACLE_PRESERVED,289,4529.334158,0.565842,True,True,ROLLING_LEVEL_RESIDUAL,superset_base_level_expanded_recent5_median,4509.919135,19.980865,False,False,ROLLING_LEVEL_RESIDUAL,superset_base_level_original_mean,original_residual,-2.188365,161.0,1.0,38.055215,19.027908,18.027308,level_range_close_family_type,6,34.369318,9.820468,2026-05-25,1.0,True,False,False,False,SELECTOR_GT10
2026-05-26,2026-05-25,L7,RANGE_COMPRESSED_0_60,CLOSE_POS_UPPER_THIRD,ROWS_STANDARD_9_10,4570.94,PREV_CLOSE_PROXY,,NEUTRAL,4499.76,4473.2375,26.5225,False,4473.2375,26.5225,MODE_B_EMA_CHANNEL_DIRECTION_HEAVY,red_box_quarter::red_box_3_75pct,ORIGINAL_ORACLE_PRESERVED,289,4495.914375,3.845625,False,True,ROLLING_ROW_LEVEL_RESIDUAL,original_base_rows_expanded_recent8_median,4472.2425,27.5175,False,False,ROLLING_SOURCE_LEVEL_RESIDUAL,superset_base_source_superset_median,superset_residual,-0.995,152.0,1.0,35.980015,16.354471,18.625544,level_range_close_family,288,30.341792,16.664135,2026-05-25,1.0,True,False,False,False,SELECTOR_GT10
2026-05-27,2026-05-26,L4,RANGE_NORMAL_60_120,CLOSE_POS_LOWER_THIRD,ROWS_SPARSE_1_8,4507.47,PREV_CLOSE_PROXY,,NEUTRAL,4530.95,4530.09,0.86,True,4530.09,0.86,MODE_B_EMA_CHANNEL_DIRECTION_HEAVY,green_box_quarter::green_box_1_75pct,ORIGINAL_ORACLE_PRESERVED,337,4531.26625,0.31625,True,True,ROLLING_RANGE_LEVEL_RESIDUAL,original_base_range_superset_recent12_median,4533.41,2.46,True,True,ROLLING_LEVEL_RESIDUAL,superset_base_level_superset_median,superset_residual,3.32,161.0,1.0,36.098496,16.946412,18.152084,level_regime_family_type,4,40.097538,8.851693,2026-05-26,1.0,True,False,False,False,SELECTOR_WITHIN_3
2026-05-27,2026-05-26,L5,RANGE_NORMAL_60_120,CLOSE_POS_LOWER_THIRD,ROWS_SPARSE_1_8,4507.47,PREV_CLOSE_PROXY,,NEUTRAL,4496.68,4497.99,1.31,True,4497.99,1.31,MODE_D_NEAREST_VALID_LADDER,green_box_quarter::green_box_1_25pct,ORIGINAL_ORACLE_PRESERVED,337,4496.506622,0.173378,True,True,ROLLING_ROW_LEVEL_RESIDUAL,superset_base_rows_original_mean,4498.815,2.135,True,True,ROLLING_LEVEL_RESIDUAL,superset_base_level_original_median,original_residual,0.825,162.0,1.0,39.714962,20.441122,18.27384,level_regime_family_type,4,31.764205,10.641406,2026-05-26,1.0,True,False,False,False,SELECTOR_WITHIN_3
2026-05-27,2026-05-26,L6,RANGE_NORMAL_60_120,CLOSE_POS_LOWER_THIRD,ROWS_SPARSE_1_8,4507.47,PREV_CLOSE_PROXY,,NEUTRAL,4459.72,4467.99,8.27,False,4467.99,8.27,MODE_B_EMA_CHANNEL_DIRECTION_HEAVY,red_box_quarter::red_box_2_75pct,ORIGINAL_ORACLE_PRESERVED,337,4459.33875,0.38125,True,True,ROLLING_ROW_LEVEL_RESIDUAL,superset_base_rows_original_q25,4465.924974,6.204974,False,False,ROLLING_LEVEL_RESIDUAL,superset_base_level_original_mean,original_residual,-2.065026,162.0,1.0,36.364491,17.331164,18.033327,level_regime_family_type,4,31.764205,13.02682,2026-05-26,1.0,True,False,False,True,SELECTOR_WITHIN_10
2026-05-27,2026-05-26,L7,RANGE_NORMAL_60_120,CLOSE_POS_LOWER_THIRD,ROWS_SPARSE_1_8,4507.47,PREV_CLOSE_PROXY,,NEUTRAL,4421.27,4435.89,14.62,False,4435.89,14.62,MODE_B_EMA_CHANNEL_DIRECTION_HEAVY,red_box_quarter::red_box_3_25pct,ORIGINAL_ORACLE_PRESERVED,337,4421.072813,0.197187,True,True,ROLLING_RANGE_CLOSE_LEVEL_RESIDUAL,superset_base_range_close_expanded_recent8_median,4431.011203,9.741203,False,False,ROLLING_LEVEL_RESIDUAL,superset_base_level_superset_mean,superset_residual,-4.878797,158.0,1.0,33.900923,15.004908,17.896015,level_range_close_family_type,16,36.715436,18.809553,2026-05-26,1.0,True,False,False,True,SELECTOR_WITHIN_10
2026-05-28,2026-05-27,L4,RANGE_WIDE_120_220,CLOSE_POS_MIDDLE_THIRD,ROWS_STANDARD_9_10,4456.18,PREV_CLOSE_PROXY,,NEUTRAL,4495.53,4503.77,8.24,False,4503.77,8.24,MODE_C_BALANCED,prior_range_fraction::prev_range_0.75,ORIGINAL_ORACLE_PRESERVED,337,4495.184945,0.345055,True,True,ROLLING_LEVEL_RESIDUAL,original_base_level_expanded_q25,4506.4025,10.8725,False,False,ROLLING_REGIME_LEVEL_RESIDUAL,superset_base_regime_superset_recent5_median,superset_residual,2.6325,5.0,15.0,35.769737,26.786703,7.983034,level_regime_family_type,9,34.186497,15.300347,2026-05-27,1.0,True,False,False,False,SELECTOR_GT10
2026-05-28,2026-05-27,L5,RANGE_WIDE_120_220,CLOSE_POS_MIDDLE_THIRD,ROWS_STANDARD_9_10,4456.18,PREV_CLOSE_PROXY,,NEUTRAL,4466.16,4463.885,2.275,True,4463.885,2.275,MODE_B_EMA_CHANNEL_DIRECTION_HEAVY,green_box_quarter::green_box_1_75pct,ORIGINAL_ORACLE_PRESERVED,337,4466.621623,0.461623,True,True,ROLLING_LEVEL_RESIDUAL,superset_base_level_superset_mean,4457.8875,8.2725,False,False,ROLLING_ROW_LEVEL_RESIDUAL,superset_base_rows_superset_q25,superset_residual,-5.9975,104.0,2.0,32.181779,14.116257,17.065522,level_family_residual,2432,28.02507,21.117225,2026-05-27,1.0,True,False,False,False,SELECTOR_WITHIN_10
2026-05-28,2026-05-27,L6,RANGE_WIDE_120_220,CLOSE_POS_MIDDLE_THIRD,ROWS_STANDARD_9_10,4456.18,PREV_CLOSE_PROXY,,NEUTRAL,4424.0,4433.885,9.885,False,4433.885,9.885,MODE_C_BALANCED,red_box_quarter::red_box_2_25pct,ORIGINAL_ORACLE_PRESERVED,337,4422.72352,1.27648,True,True,ROLLING_LEVEL_RESIDUAL,superset_base_level_superset_q25,4435.835625,11.835625,False,False,ROLLING_ROW_LEVEL_RESIDUAL,superset_base_rows_expanded_median,expanded_residual,1.950625,102.0,2.0,35.875504,17.402494,17.47301,level_range_close_family_type,13,41.960498,20.414184,2026-05-27,1.0,True,False,False,False,SELECTOR_GT10
2026-05-28,2026-05-27,L7,RANGE_WIDE_120_220,CLOSE_POS_MIDDLE_THIRD,ROWS_STANDARD_9_10,4456.18,PREV_CLOSE_PROXY,,NEUTRAL,4379.41,4422.295,42.885,False,4422.295,42.885,MODE_D_NEAREST_VALID_LADDER,green_box_quarter::green_box_1_25pct,ORIGINAL_ORACLE_PRESERVED,337,4398.139375,18.729375,False,False,ROLLING_RANGE_LEVEL_RESIDUAL,superset_base_range_expanded_q25,4423.7675,44.3575,False,False,ROLLING_REGIME_LEVEL_RESIDUAL,superset_base_regime_original_recent12_median,original_residual,1.4725,12.0,15.0,42.169497,31.084855,10.084642,level_regime_family_type,9,45.951203,14.753611,2026-05-27,1.0,True,False,False,False,SELECTOR_GT10
2026-05-29,2026-05-28,L4,RANGE_WIDE_120_220,CLOSE_POS_UPPER_THIRD,ROWS_EXTENDED_11_PLUS,4495.64,PREV_CLOSE_PROXY,,NEUTRAL,4586.39,4569.05,17.34,False,4569.05,17.34,MODE_D_NEAREST_VALID_LADDER,green_box_quarter::green_box_3_25pct,ORIGINAL_ORACLE_PRESERVED,337,4587.08375,0.69375,True,True,ROLLING_RANGE_LEVEL_RESIDUAL,original_base_range_expanded_q75,4558.685,27.705,False,False,ROLLING_RANGE_LEVEL_RESIDUAL,original_base_range_superset_q25,superset_residual,-10.365,41.0,1.0,25.34153,9.383242,14.958288,level_regime_family_type,4,31.764205,20.231641,2026-05-28,1.0,True,False,False,False,SELECTOR_GT10
2026-05-29,2026-05-28,L5,RANGE_WIDE_120_220,CLOSE_POS_UPPER_THIRD,ROWS_EXTENDED_11_PLUS,4495.64,PREV_CLOSE_PROXY,,NEUTRAL,4557.79,4524.05,33.74,False,4524.05,33.74,MODE_D_NEAREST_VALID_LADDER,green_box_quarter::green_box_2_75pct,ORIGINAL_ORACLE_PRESERVED,337,4557.623594,0.166406,True,True,ROLLING_REGIME_LEVEL_RESIDUAL,superset_base_regime_expanded_q75,4522.2325,35.5575,False,False,ROLLING_RANGE_LEVEL_RESIDUAL,superset_base_range_superset_median,superset_residual,-1.8175,42.0,1.0,28.041057,11.255651,15.785406,level_family_type,147,34.072067,18.685843,2026-05-28,1.0,True,False,False,False,SELECTOR_GT10
2026-05-29,2026-05-28,L6,RANGE_WIDE_120_220,CLOSE_POS_UPPER_THIRD,ROWS_EXTENDED_11_PLUS,4495.64,PREV_CLOSE_PROXY,,NEUTRAL,4527.81,4501.55,26.26,False,4501.55,26.26,MODE_D_NEAREST_VALID_LADDER,green_box_midline::green_mid_2,ORIGINAL_ORACLE_PRESERVED,337,4526.855,0.955,True,True,ROLLING_ROW_LEVEL_RESIDUAL,original_base_rows_superset_q75,4501.16654,26.64346,False,False,ROLLING_RANGE_LEVEL_RESIDUAL,superset_base_range_superset_median,superset_residual,-0.38346,43.0,1.0,25.527441,8.472054,16.055387,level_family_type,147,27.620455,17.862866,2026-05-28,1.0,True,False,False,False,SELECTOR_GT10
2026-05-29,2026-05-28,L7,RANGE_WIDE_120_220,CLOSE_POS_UPPER_THIRD,ROWS_EXTENDED_11_PLUS,4495.64,PREV_CLOSE_PROXY,,NEUTRAL,4495.62,4479.05,16.57,False,4479.05,16.57,MODE_B_EMA_CHANNEL_DIRECTION_HEAVY,green_box_quarter::green_box_2_25pct,ORIGINAL_ORACLE_PRESERVED,337,4496.73364,1.11364,True,True,ROLLING_SOURCE_LEVEL_RESIDUAL,superset_base_source_expanded_recent5_median,4479.448125,16.171875,False,False,ROLLING_REGIME_LEVEL_RESIDUAL,superset_base_regime_original_recent12_median,original_residual,0.398125,6.0,57.0,17.914027,9.514755,7.399272,level_family_type,86,39.161388,14.776554,2026-05-28,1.0,True,False,False,True,SELECTOR_GT10
2026-06-01,2026-05-29,L4,RANGE_NORMAL_60_120,CLOSE_POS_MIDDLE_THIRD,ROWS_EXTENDED_11_PLUS,4541.13,PREV_CLOSE_PROXY,,NEUTRAL,4607.94,4593.3225,14.6175,False,4593.3225,14.6175,MODE_C_BALANCED,green_box_midline::green_mid_2 | prior_hlc::previous_high,ORIGINAL_ORACLE_PRESERVED,337,4607.783802,0.156198,True,True,ROLLING_LEVEL_RESIDUAL,original_base_level_superset_q75,4598.063998,9.876002,False,False,ROLLING_RANGE_LEVEL_RESIDUAL,superset_base_range_original_mean,original_residual,4.741498,84.0,5.0,34.033884,16.074769,16.959115,level_range_close_family_type,30,38.97817,9.025854,2026-05-29,3.0,True,False,False,True,SELECTOR_WITHIN_10
2026-06-01,2026-05-29,L5,RANGE_NORMAL_60_120,CLOSE_POS_MIDDLE_THIRD,ROWS_EXTENDED_11_PLUS,4541.13,PREV_CLOSE_PROXY,,NEUTRAL,4580.08,4608.3225,28.2425,False,4608.3225,28.2425,MODE_B_EMA_CHANNEL_DIRECTION_HEAVY,green_box_quarter::green_box_2_75pct,ORIGINAL_ORACLE_PRESERVED,337,4593.179688,13.099688,False,False,ROLLING_ROW_LEVEL_RESIDUAL,superset_base_rows_expanded_q25,4608.795,28.715,False,False,ROLLING_LEVEL_RESIDUAL,superset_base_level_superset_median,superset_residual,0.4725,165.0,3.0,37.210147,17.970905,18.239242,level_range_close_family_type,30,46.872907,11.91401,2026-05-29,3.0,True,False,False,False,SELECTOR_GT10
2026-06-01,2026-05-29,L6,RANGE_NORMAL_60_120,CLOSE_POS_MIDDLE_THIRD,ROWS_EXTENDED_11_PLUS,4541.13,PREV_CLOSE_PROXY,,NEUTRAL,4547.84,4568.795,20.955,False,4568.795,20.955,MODE_C_BALANCED,prior_range_fraction::prev_range_0.75,ORIGINAL_ORACLE_PRESERVED,337,4547.614145,0.225855,True,True,ROLLING_SOURCE_LEVEL_RESIDUAL,superset_base_source_expanded_q25,4566.642762,18.802762,False,False,ROLLING_RANGE_CLOSE_LEVEL_RESIDUAL,superset_base_range_close_superset_mean,superset_residual,-2.152238,31.0,10.0,36.286631,20.330661,14.955971,level_range_close_family_type,27,33.747727,13.043083,2026-05-29,3.0,True,False,False,True,SELECTOR_GT10
2026-06-01,2026-05-29,L7,RANGE_NORMAL_60_120,CLOSE_POS_MIDDLE_THIRD,ROWS_EXTENDED_11_PLUS,4541.13,PREV_CLOSE_PROXY,,NEUTRAL,4521.97,4529.70604,7.73604,False,4529.70604,7.73604,MODE_B_EMA_CHANNEL_DIRECTION_HEAVY,prior_range_fraction::prev_range_0.382,ORIGINAL_ORACLE_PRESERVED,337,4522.00729,0.03729,True,True,ROLLING_ROW_LEVEL_RESIDUAL,original_base_rows_expanded_recent20_median,4524.600004,2.630004,True,True,ROLLING_LEVEL_RESIDUAL,superset_base_level_original_mean,original_residual,-5.106036,161.0,3.0,34.837955,16.004829,17.833125,level_range_close_family_type,30,36.346591,14.882812,2026-05-29,3.0,True,True,True,True,SELECTOR_WITHIN_3
2026-06-02,2026-06-01,L4,RANGE_NORMAL_60_120,CLOSE_POS_MIDDLE_THIRD,ROWS_SPARSE_1_8,4484.66,PREV_CLOSE_PROXY,,NEUTRAL,4489.47,4494.793333,5.323333,False,4494.793333,5.323333,MODE_B_EMA_CHANNEL_DIRECTION_HEAVY,prior_hlc::previous_pivot_hlc3 | green_box_quarter::green_box_1_75pct | prior_hlc::previous_mid,ORIGINAL_ORACLE_PRESERVED,337,4489.138333,0.331667,True,True,ROLLING_LEVEL_RESIDUAL,superset_base_level_original_q25,4498.619583,9.149583,False,False,ROLLING_RANGE_LEVEL_RESIDUAL,original_base_range_original_median,original_residual,3.82625,85.0,1.0,42.370154,24.127775,17.242379,level_regime_family_type,6,41.512175,5.476663,2026-06-01,1.0,True,False,False,False,SELECTOR_WITHIN_10
2026-06-02,2026-06-01,L5,RANGE_NORMAL_60_120,CLOSE_POS_MIDDLE_THIRD,ROWS_SPARSE_1_8,4484.66,PREV_CLOSE_PROXY,,NEUTRAL,4457.53,4459.755,2.225,True,4459.755,2.225,MODE_A_LIVE_PROXIMITY_HEAVY,prior_range_fraction::prev_range_0.125,ORIGINAL_ORACLE_PRESERVED,337,4457.355938,0.174062,True,True,ROLLING_ROW_LEVEL_RESIDUAL,superset_base_rows_superset_recent12_median,4460.20125,2.67125,True,True,ROLLING_LEVEL_RESIDUAL,superset_base_level_superset_median,superset_residual,0.44625,166.0,1.0,36.937659,17.645336,18.292323,level_range_close_family_type,31,45.671037,12.455977,2026-06-01,1.0,True,False,False,False,SELECTOR_WITHIN_3
2026-06-02,2026-06-01,L6,RANGE_NORMAL_60_120,CLOSE_POS_MIDDLE_THIRD,ROWS_SPARSE_1_8,4484.66,PREV_CLOSE_PROXY,,NEUTRAL,4426.17,4417.4,8.77,False,4417.4,8.77,MODE_B_EMA_CHANNEL_DIRECTION_HEAVY,red_box_edge::red_edge_2,ORIGINAL_ORACLE_PRESERVED,337,4425.85434,0.31566,True,True,ROLLING_SOURCE_LEVEL_RESIDUAL,original_base_source_superset_q75,4416.493548,9.676452,False,False,ROLLING_RANGE_CLOSE_LEVEL_RESIDUAL,original_base_range_close_expanded_mean,expanded_residual,-0.906452,32.0,1.0,37.714114,21.309249,15.404865,level_regime_family_type,6,41.512175,8.38884,2026-06-01,1.0,True,False,False,False,SELECTOR_WITHIN_10
2026-06-02,2026-06-01,L7,RANGE_NORMAL_60_120,CLOSE_POS_MIDDLE_THIRD,ROWS_SPARSE_1_8,4484.66,PREV_CLOSE_PROXY,,NEUTRAL,4396.14,4369.085,27.055,False,4369.085,27.055,MODE_B_EMA_CHANNEL_DIRECTION_HEAVY,red_box_quarter::red_box_3_75pct,ORIGINAL_ORACLE_PRESERVED,337,4388.452969,7.687031,False,False,ROLLING_RANGE_CLOSE_LEVEL_RESIDUAL,superset_base_range_close_expanded_q75,4368.745,27.395,False,False,ROLLING_RANGE_LEVEL_RESIDUAL,superset_base_range_original_median,original_residual,-0.34,83.0,1.0,37.210454,18.752946,17.457508,level_regime_family_type,6,34.369318,15.979167,2026-06-01,1.0,True,False,False,False,SELECTOR_GT10
2026-06-03,2026-06-02,L4,RANGE_NORMAL_60_120,CLOSE_POS_LOWER_THIRD,ROWS_STANDARD_9_10,4487.83,PREV_CLOSE_PROXY,,NEUTRAL,4539.09,4530.79375,8.29625,False,4530.79375,8.29625,MODE_D_NEAREST_VALID_LADDER,green_box_quarter::green_box_2_25pct,ORIGINAL_ORACLE_PRESERVED,337,4538.934766,0.155234,True,True,ROLLING_LEVEL_RESIDUAL,superset_base_level_expanded_mean,4535.78463,3.30537,False,True,ROLLING_ROW_LEVEL_RESIDUAL,superset_base_rows_superset_mean,superset_residual,4.99088,104.0,6.0,36.308584,18.267539,17.041045,level_range_close_family_type,16,36.715436,14.317765,2026-06-02,1.0,True,True,False,True,SELECTOR_WITHIN_5
2026-06-03,2026-06-02,L5,RANGE_NORMAL_60_120,CLOSE_POS_LOWER_THIRD,ROWS_STANDARD_9_10,4487.83,PREV_CLOSE_PROXY,,NEUTRAL,4513.17,4521.8625,8.6925,False,4521.8625,8.6925,MODE_C_BALANCED,prior_range_fraction::prev_range_0.75,ORIGINAL_ORACLE_PRESERVED,337,4513.202083,0.032083,True,True,ROLLING_REGIME_LEVEL_RESIDUAL,superset_base_regime_superset_q25,4523.202542,10.032542,False,False,ROLLING_ROW_LEVEL_RESIDUAL,superset_base_rows_superset_median,superset_residual,1.340042,105.0,6.0,41.198313,22.799107,17.399206,level_regime_family_type,10,26.731692,10.105652,2026-06-02,1.0,True,False,False,False,SELECTOR_GT10
2026-06-03,2026-06-02,L6,RANGE_NORMAL_60_120,CLOSE_POS_LOWER_THIRD,ROWS_STANDARD_9_10,4487.83,PREV_CLOSE_PROXY,,NEUTRAL,4485.61,4486.035208,0.425208,True,4482.5875,3.0225,MODE_C_BALANCED,prior_range_fraction::prev_range_0.25,EXPANDED_ORACLE_BETTER,338,4485.67197,0.06197,True,True,ROLLING_ROW_LEVEL_RESIDUAL,original_base_rows_superset_recent12_median,4486.692708,1.082708,True,True,ROLLING_ROW_LEVEL_RESIDUAL,superset_base_rows_original_median,original_residual,0.6575,103.0,6.0,36.488154,18.069431,17.418723,level_regime_family_type,10,32.287248,16.765655,2026-06-02,1.0,True,False,False,False,SELECTOR_WITHIN_3
2026-06-03,2026-06-02,L7,RANGE_NORMAL_60_120,CLOSE_POS_LOWER_THIRD,ROWS_STANDARD_9_10,4487.83,PREV_CLOSE_PROXY,,NEUTRAL,4455.8,4462.95,7.15,False,4462.95,7.15,MODE_C_BALANCED,prior_hlc::previous_low,ORIGINAL_ORACLE_PRESERVED,337,4456.02,0.22,True,True,ROLLING_RANGE_LEVEL_RESIDUAL,superset_base_range_superset_q25,4456.57625,0.77625,True,True,ROLLING_REGIME_LEVEL_RESIDUAL,superset_base_regime_original_recent20_median,original_residual,-6.37375,11.0,19.0,35.382022,25.035161,9.346861,level_regime_family_type,8,42.573153,8.157266,2026-06-02,1.0,True,True,True,True,SELECTOR_WITHIN_3
2026-06-04,2026-06-03,L4,RANGE_NORMAL_60_120,CLOSE_POS_LOWER_THIRD,ROWS_SPARSE_1_8,4434.35,PREV_CLOSE_PROXY,,NEUTRAL,4457.9,4460.31375,2.41375,True,4462.844375,4.944375,MODE_C_BALANCED,prior_hlc::previous_mid | green_box_quarter::green_box_1_75pct,EXPANDED_ORACLE_BETTER,338,4457.889375,0.010625,True,True,ROLLING_SOURCE_LEVEL_RESIDUAL,original_base_source_original_q25,4463.63375,5.73375,False,False,ROLLING_LEVEL_RESIDUAL,superset_base_level_superset_median,superset_residual,3.32,167.0,1.0,43.047843,23.885636,18.162207,level_regime_family_type,5,44.70542,7.573354,2026-06-03,1.0,True,False,False,False,SELECTOR_WITHIN_10
2026-06-04,2026-06-03,L5,RANGE_NORMAL_60_120,CLOSE_POS_LOWER_THIRD,ROWS_SPARSE_1_8,4434.35,PREV_CLOSE_PROXY,,NEUTRAL,4427.93,4432.7525,4.8225,True,4421.5025,6.4275,MODE_A_LIVE_PROXIMITY_HEAVY,red_box_midline::red_mid_2,EXPANDED_ORACLE_BETTER,338,4427.8675,0.0625,True,True,ROLLING_RANGE_LEVEL_RESIDUAL,original_base_range_superset_recent20_median,4433.3725,5.4425,False,False,ROLLING_LEVEL_RESIDUAL,superset_base_level_original_median,original_residual,0.62,168.0,1.0,40.951558,21.712714,18.238844,level_regime_family_type,5,37.013112,8.940125,2026-06-03,1.0,True,False,False,False,SELECTOR_WITHIN_10
2026-06-04,2026-06-03,L6,RANGE_NORMAL_60_120,CLOSE_POS_LOWER_THIRD,ROWS_SPARSE_1_8,4434.35,PREV_CLOSE_PROXY,,NEUTRAL,4399.02,4396.38,2.64,True,4396.38,2.64,MODE_B_EMA_CHANNEL_DIRECTION_HEAVY,red_box_edge::red_edge_2,ORIGINAL_ORACLE_PRESERVED,337,4398.957396,0.062604,True,True,ROLLING_RANGE_CLOSE_LEVEL_RESIDUAL,superset_base_range_close_expanded_recent8_median,4393.975177,5.044823,False,False,ROLLING_SOURCE_LEVEL_RESIDUAL,superset_base_source_original_mean,original_residual,-2.404823,151.0,2.0,39.854544,20.503699,18.350845,level_regime_family_type,5,29.320804,11.899296,2026-06-03,1.0,True,False,False,False,SELECTOR_WITHIN_10
2026-06-04,2026-06-03,L7,RANGE_NORMAL_60_120,CLOSE_POS_LOWER_THIRD,ROWS_SPARSE_1_8,4434.35,PREV_CLOSE_PROXY,,NEUTRAL,4371.46,4371.2575,0.2025,True,4371.2575,0.2025,MODE_B_EMA_CHANNEL_DIRECTION_HEAVY,red_box_midline::red_mid_3,ORIGINAL_ORACLE_PRESERVED,337,4371.448437,0.011563,True,True,ROLLING_RANGE_CLOSE_LEVEL_RESIDUAL,original_base_range_close_superset_q75,4365.72375,5.73625,False,False,ROLLING_REGIME_LEVEL_RESIDUAL,superset_base_regime_original_recent20_median,original_residual,-5.53375,5.0,8.0,40.292916,31.270163,8.022753,level_range_close_family_type,11,41.114235,9.41875,2026-06-03,1.0,True,False,False,False,SELECTOR_WITHIN_10
2026-06-05,2026-06-04,L4,RANGE_NORMAL_60_120,CLOSE_POS_MIDDLE_THIRD,ROWS_STANDARD_9_10,4475.16,PREV_CLOSE_PROXY,,NEUTRAL,4514.07,4515.06,0.99,True,4515.06,0.99,MODE_C_BALANCED,green_box_midline::green_mid_2,ORIGINAL_ORACLE_PRESERVED,337,4514.11875,0.04875,True,True,ROLLING_RANGE_LEVEL_RESIDUAL,superset_base_range_superset_recent12_median,4518.376607,4.306607,False,True,ROLLING_REGIME_LEVEL_RESIDUAL,superset_base_regime_original_mean,original_residual,3.316607,21.0,14.0,46.083772,32.888222,12.19555,level_regime_family_type,18,49.275787,7.703813,2026-06-04,1.0,True,False,False,False,SELECTOR_WITHIN_5
2026-06-05,2026-06-04,L5,RANGE_NORMAL_60_120,CLOSE_POS_MIDDLE_THIRD,ROWS_STANDARD_9_10,4475.16,PREV_CLOSE_PROXY,,NEUTRAL,4489.65,4484.67,4.98,True,4484.67,4.98,MODE_C_BALANCED,green_box_edge::green_edge_1,ORIGINAL_ORACLE_PRESERVED,337,4489.582553,0.067447,True,True,ROLLING_RANGE_CLOSE_LEVEL_RESIDUAL,superset_base_range_close_original_mean,4485.02,4.63,False,True,ROLLING_LEVEL_RESIDUAL,superset_base_level_superset_median,superset_residual,0.35,169.0,1.0,44.756715,25.459695,18.29702,level_regime_family_type,20,45.756088,11.763446,2026-06-04,1.0,True,False,False,True,SELECTOR_WITHIN_5
2026-06-05,2026-06-04,L6,RANGE_NORMAL_60_120,CLOSE_POS_MIDDLE_THIRD,ROWS_STANDARD_9_10,4475.16,PREV_CLOSE_PROXY,,NEUTRAL,4460.74,4454.67,6.07,False,4454.67,6.07,MODE_C_BALANCED,red_box_edge::red_edge_1,ORIGINAL_ORACLE_PRESERVED,337,4460.897236,0.157236,True,True,ROLLING_SOURCE_LEVEL_RESIDUAL,superset_base_source_expanded_recent20_median,4454.70685,6.03315,False,False,ROLLING_SOURCE_LEVEL_RESIDUAL,superset_base_source_superset_median,superset_residual,0.03685,152.0,1.0,41.309937,21.637635,18.672302,level_regime_family_type,19,32.635943,11.927286,2026-06-04,1.0,True,False,False,True,SELECTOR_WITHIN_10
2026-06-05,2026-06-04,L7,RANGE_NORMAL_60_120,CLOSE_POS_MIDDLE_THIRD,ROWS_STANDARD_9_10,4475.16,PREV_CLOSE_PROXY,,NEUTRAL,4432.43,4439.475,7.045,False,4439.475,7.045,MODE_C_BALANCED,red_box_quarter::red_box_2_25pct,ORIGINAL_ORACLE_PRESERVED,337,4432.425,0.005,True,True,ROLLING_RANGE_LEVEL_RESIDUAL,superset_base_range_superset_q25,4439.220625,6.790625,False,False,ROLLING_RANGE_LEVEL_RESIDUAL,superset_base_range_original_median,original_residual,-0.254375,86.0,1.0,40.287933,21.826247,17.461686,level_regime_family_type,19,36.339647,10.90739,2026-06-04,1.0,True,False,False,True,SELECTOR_WITHIN_10
2026-06-08,2026-06-05,L4,RANGE_WIDE_120_220,CLOSE_POS_LOWER_THIRD,ROWS_STANDARD_9_10,4328.02,PREV_CLOSE_PROXY,,NEUTRAL,4373.8,4377.54456,3.74456,True,4377.54456,3.74456,MODE_B_EMA_CHANNEL_DIRECTION_HEAVY,prior_range_fraction::prev_range_0.382,ORIGINAL_ORACLE_PRESERVED,337,4373.11331,0.68669,True,True,ROLLING_RANGE_LEVEL_RESIDUAL,superset_base_range_expanded_recent12_median,4377.911746,4.111746,False,True,ROLLING_REGIME_LEVEL_RESIDUAL,superset_base_regime_original_mean,original_residual,0.367186,9.0,19.0,42.437435,32.527454,8.909981,level_regime_family_type,6,34.369318,6.927469,2026-06-05,3.0,True,False,False,False,SELECTOR_WITHIN_5
2026-06-08,2026-06-05,L5,RANGE_WIDE_120_220,CLOSE_POS_LOWER_THIRD,ROWS_STANDARD_9_10,4328.02,PREV_CLOSE_PROXY,,NEUTRAL,4347.87,4354.83,6.96,False,4354.83,6.96,MODE_D_NEAREST_VALID_LADDER,prior_range_fraction::prev_range_0.25,ORIGINAL_ORACLE_PRESERVED,337,4347.895625,0.025625,True,True,ROLLING_SOURCE_LEVEL_RESIDUAL,superset_base_source_superset_q25,4355.3025,7.4325,False,False,ROLLING_REGIME_LEVEL_RESIDUAL,superset_base_regime_superset_recent5_median,superset_residual,0.4725,5.0,19.0,46.105359,37.120517,7.984842,level_regime_family_type,7,52.07803,3.339411,2026-06-05,3.0,True,False,False,False,SELECTOR_WITHIN_10
2026-06-08,2026-06-05,L6,RANGE_WIDE_120_220,CLOSE_POS_LOWER_THIRD,ROWS_STANDARD_9_10,4328.02,PREV_CLOSE_PROXY,,NEUTRAL,4310.51,4309.44,1.07,True,4309.44,1.07,MODE_C_BALANCED,red_box_quarter::red_box_2_75pct | prior_hlc::previous_low,ORIGINAL_ORACLE_PRESERVED,337,4310.547396,0.037396,True,True,ROLLING_LEVEL_RESIDUAL,superset_base_level_superset_recent8_median,4309.89625,0.61375,True,True,ROLLING_LEVEL_RESIDUAL,superset_base_level_original_median,original_residual,0.45625,170.0,3.0,41.262292,22.022257,18.240035,level_regime_family_type,10,32.287248,15.484547,2026-06-05,3.0,True,False,False,True,SELECTOR_WITHIN_3
2026-06-08,2026-06-05,L7,RANGE_WIDE_120_220,CLOSE_POS_LOWER_THIRD,ROWS_STANDARD_9_10,4328.02,PREV_CLOSE_PROXY,,NEUTRAL,4281.09,4281.81,0.72,True,4281.81,0.72,MODE_B_EMA_CHANNEL_DIRECTION_HEAVY,red_box_edge::red_edge_2,ORIGINAL_ORACLE_PRESERVED,337,4281.185,0.095,True,True,ROLLING_RANGE_CLOSE_LEVEL_RESIDUAL,superset_base_range_close_original_q75,4280.45,0.64,True,True,ROLLING_REGIME_LEVEL_RESIDUAL,superset_base_regime_original_median,original_residual,-1.36,10.0,19.0,44.040186,33.723654,9.316532,level_regime_family_type,7,45.411364,10.303393,2026-06-05,3.0,True,False,False,True,SELECTOR_WITHIN_3
2026-06-09,2026-06-08,L4,RANGE_NORMAL_60_120,CLOSE_POS_UPPER_THIRD,ROWS_SPARSE_1_8,4329.71,PREV_CLOSE_PROXY,,NEUTRAL,4370.04,4342.7725,27.2675,False,4342.7725,27.2675,MODE_B_EMA_CHANNEL_DIRECTION_HEAVY,prior_range_fraction::prev_range_0.875,ORIGINAL_ORACLE_PRESERVED,337,4370.851714,0.811714,True,True,ROLLING_RANGE_CLOSE_LEVEL_RESIDUAL,superset_base_range_close_expanded_q75,4346.06875,23.97125,False,False,ROLLING_RANGE_LEVEL_RESIDUAL,superset_base_range_original_median,original_residual,3.29625,89.0,4.0,42.213245,23.977702,17.235543,level_regime_family_type,3,25.560951,8.37875,2026-06-08,1.0,True,False,False,True,SELECTOR_GT10
2026-06-09,2026-06-08,L5,RANGE_NORMAL_60_120,CLOSE_POS_UPPER_THIRD,ROWS_SPARSE_1_8,4329.71,PREV_CLOSE_PROXY,,NEUTRAL,4342.11,4332.145,9.965,False,4332.145,9.965,MODE_D_NEAREST_VALID_LADDER,prior_range_fraction::prev_range_0.75,ORIGINAL_ORACLE_PRESERVED,337,4341.836875,0.273125,True,True,ROLLING_RANGE_LEVEL_RESIDUAL,original_base_range_original_q75,4328.368438,13.741562,False,False,ROLLING_RANGE_CLOSE_LEVEL_RESIDUAL,superset_base_range_close_original_q25,original_residual,-3.776563,36.0,19.0,46.557375,29.943772,15.613604,level_regime_family_type,3,43.742769,3.042691,2026-06-08,1.0,True,False,False,False,SELECTOR_GT10
2026-06-09,2026-06-08,L6,RANGE_NORMAL_60_120,CLOSE_POS_UPPER_THIRD,ROWS_SPARSE_1_8,4329.71,PREV_CLOSE_PROXY,,NEUTRAL,4313.53,4311.5125,2.0175,True,4311.5125,2.0175,MODE_C_BALANCED,green_box_quarter::green_box_1_75pct,ORIGINAL_ORACLE_PRESERVED,337,4313.636658,0.106658,True,True,ROLLING_RANGE_CLOSE_LEVEL_RESIDUAL,superset_base_range_close_superset_recent8_median,4312.84,0.69,True,True,ROLLING_RANGE_CLOSE_LEVEL_RESIDUAL,superset_base_range_close_superset_median,superset_residual,1.3275,36.0,19.0,49.147706,32.204588,15.943118,level_regime_family_type,3,43.742769,2.995755,2026-06-08,1.0,True,False,False,True,SELECTOR_WITHIN_3
2026-06-09,2026-06-08,L7,RANGE_NORMAL_60_120,CLOSE_POS_UPPER_THIRD,ROWS_SPARSE_1_8,4329.71,PREV_CLOSE_PROXY,,NEUTRAL,4284.94,4279.0075,5.9325,False,4279.0075,5.9325,MODE_C_BALANCED,prior_range_fraction::prev_range_0.125,ORIGINAL_ORACLE_PRESERVED,289,4284.756875,0.183125,True,True,ROLLING_RANGE_CLOSE_LEVEL_RESIDUAL,original_base_range_close_superset_q75,4279.36,5.58,False,False,ROLLING_RANGE_CLOSE_LEVEL_RESIDUAL,superset_base_range_close_superset_median,superset_residual,0.3525,33.0,19.0,40.870793,24.480095,15.390698,level_range_close_family,1440,30.926223,18.707988,2026-06-08,1.0,True,False,False,True,SELECTOR_WITHIN_10
2026-06-10,2026-06-09,L4,RANGE_WIDE_120_220,CLOSE_POS_LOWER_THIRD,ROWS_STANDARD_9_10,4259.46,PREV_CLOSE_PROXY,,NEUTRAL,4253.47,4279.123291,25.653291,False,4279.123291,25.653291,MODE_B_EMA_CHANNEL_DIRECTION_HEAVY,prior_range_fraction::prev_range_0.333333,ORIGINAL_ORACLE_PRESERVED,337,4258.30757,4.83757,False,True,ROLLING_RANGE_CLOSE_LEVEL_RESIDUAL,superset_base_range_close_expanded_q25,4279.079302,25.609302,False,False,ROLLING_REGIME_LEVEL_RESIDUAL,superset_base_regime_original_mean,original_residual,-0.043989,10.0,2.0,41.485988,30.844935,9.641053,level_regime_family_type,7,38.744697,6.525223,2026-06-09,1.0,True,False,False,True,SELECTOR_GT10
2026-06-10,2026-06-09,L5,RANGE_WIDE_120_220,CLOSE_POS_LOWER_THIRD,ROWS_STANDARD_9_10,4259.46,PREV_CLOSE_PROXY,,NEUTRAL,4222.84,4259.46,36.62,False,4259.46,36.62,MODE_D_NEAREST_VALID_LADDER,prior_hlc::previous_close,ORIGINAL_ORACLE_PRESERVED,337,4242.929688,20.089687,False,False,ROLLING_RANGE_LEVEL_RESIDUAL,superset_base_range_expanded_q25,4259.88,37.04,False,False,ROLLING_REGIME_LEVEL_RESIDUAL,superset_base_regime_original_recent20_median,original_residual,0.42,11.0,2.0,45.183913,34.106209,10.077704,level_regime_family_type,8,42.573153,4.231516,2026-06-09,1.0,True,False,False,False,SELECTOR_GT10
2026-06-10,2026-06-09,L6,RANGE_WIDE_120_220,CLOSE_POS_LOWER_THIRD,ROWS_STANDARD_9_10,4259.46,PREV_CLOSE_PROXY,,NEUTRAL,4186.38,4226.4275,40.0475,False,4226.4275,40.0475,MODE_B_EMA_CHANNEL_DIRECTION_HEAVY,red_box_quarter::red_box_2_75pct,ORIGINAL_ORACLE_PRESERVED,337,4203.484994,17.104994,False,False,ROLLING_ROW_LEVEL_RESIDUAL,superset_base_rows_expanded_q25,4227.4975,41.1175,False,False,ROLLING_REGIME_LEVEL_RESIDUAL,superset_base_regime_original_median,original_residual,1.07,11.0,2.0,44.921432,33.875448,10.045984,level_range_close_family_type,9,40.06885,5.923204,2026-06-09,1.0,True,False,False,False,SELECTOR_GT10
2026-06-10,2026-06-09,L7,RANGE_WIDE_120_220,CLOSE_POS_LOWER_THIRD,ROWS_STANDARD_9_10,4259.46,PREV_CLOSE_PROXY,,NEUTRAL,4144.02,4187.1925,43.1725,False,4187.1925,43.1725,MODE_D_NEAREST_VALID_LADDER,red_box_quarter::red_box_3_25pct,ORIGINAL_ORACLE_PRESERVED,337,4162.9825,18.9625,False,False,ROLLING_RANGE_LEVEL_RESIDUAL,superset_base_range_expanded_q25,4186.0525,42.0325,False,False,ROLLING_REGIME_LEVEL_RESIDUAL,superset_base_regime_original_median,original_residual,-1.14,11.0,2.0,52.022297,40.979729,10.042568,level_regime_family_type,8,48.823153,9.095469,2026-06-09,1.0,True,False,False,True,SELECTOR_GT10
2026-06-11,2026-06-10,L4,RANGE_WIDE_120_220,CLOSE_POS_LOWER_THIRD,ROWS_EXTENDED_11_PLUS,4071.32,PREV_CLOSE_PROXY,,NEUTRAL,4194.64,4257.92,63.28,False,4257.92,63.28,MODE_B_EMA_CHANNEL_DIRECTION_HEAVY,prior_hlc::previous_high,ORIGINAL_ORACLE_PRESERVED,337,4234.7975,40.1575,False,False,ROLLING_REGIME_LEVEL_RESIDUAL,superset_base_regime_expanded_q25,4255.74,61.1,False,False,ROLLING_REGIME_LEVEL_RESIDUAL,superset_base_regime_original_recent8_median,original_residual,-2.18,3.0,37.0,28.575412,20.570096,7.005316,level_range_close_family_type,8,36.323153,8.464429,2026-06-10,1.0,True,False,False,True,SELECTOR_GT10
2026-06-11,2026-06-10,L5,RANGE_WIDE_120_220,CLOSE_POS_LOWER_THIRD,ROWS_EXTENDED_11_PLUS,4071.32,PREV_CLOSE_PROXY,,NEUTRAL,4165.1,4202.7,37.6,False,4202.7,37.6,MODE_B_EMA_CHANNEL_DIRECTION_HEAVY,red_box_midline::red_mid_1,ORIGINAL_ORACLE_PRESERVED,337,4184.7925,19.6925,False,False,ROLLING_ROW_LEVEL_RESIDUAL,superset_base_rows_expanded_q25,4197.105,32.005,False,False,ROLLING_REGIME_LEVEL_RESIDUAL,superset_base_regime_superset_recent8_median,superset_residual,-5.595,3.0,37.0,26.791563,18.952899,6.838664,level_range_close_family_type,9,40.06885,7.876903,2026-06-10,1.0,True,False,False,True,SELECTOR_GT10
2026-06-11,2026-06-10,L6,RANGE_WIDE_120_220,CLOSE_POS_LOWER_THIRD,ROWS_EXTENDED_11_PLUS,4071.32,PREV_CLOSE_PROXY,,NEUTRAL,4130.78,4149.87,19.09,False,4149.87,19.09,MODE_A_LIVE_PROXIMITY_HEAVY,green_box_quarter::green_box_1_75pct,ORIGINAL_ORACLE_PRESERVED,337,4130.767813,0.012187,True,True,ROLLING_RANGE_LEVEL_RESIDUAL,superset_base_range_expanded_recent8_median,4137.12183,6.34183,False,False,ROLLING_REGIME_LEVEL_RESIDUAL,superset_base_regime_superset_recent8_median,superset_residual,-12.74817,4.0,37.0,24.776044,17.011454,6.764589,level_range_close_family_type,10,37.842803,9.311384,2026-06-10,1.0,True,False,False,True,SELECTOR_WITHIN_10
2026-06-11,2026-06-10,L7,RANGE_WIDE_120_220,CLOSE_POS_LOWER_THIRD,ROWS_EXTENDED_11_PLUS,4071.32,PREV_CLOSE_PROXY,,NEUTRAL,4097.25,4090.9,6.35,False,4090.9,6.35,MODE_C_BALANCED,prior_range_fraction::prev_range_0.125,ORIGINAL_ORACLE_PRESERVED,337,4095.81125,1.43875,True,True,ROLLING_RANGE_LEVEL_RESIDUAL,original_base_range_superset_q75,4071.43,25.82,False,False,ROLLING_REGIME_LEVEL_RESIDUAL,superset_base_regime_original_median,original_residual,-19.47,4.0,37.0,27.836707,20.520143,6.316564,level_range_close_family_type,10,43.398359,12.398625,2026-06-10,1.0,True,False,False,False,SELECTOR_GT10
2026-06-12,2026-06-11,L4,RANGE_WIDE_120_220,CLOSE_POS_UPPER_THIRD,ROWS_EXTENDED_11_PLUS,4210.77,PREV_CLOSE_PROXY,,NEUTRAL,4220.33,4250.14,29.81,False,4250.14,29.81,MODE_B_EMA_CHANNEL_DIRECTION_HEAVY,green_box_edge::green_edge_2,ORIGINAL_ORACLE_PRESERVED,337,4220.2525,0.0775,True,True,ROLLING_RANGE_LEVEL_RESIDUAL,superset_base_range_expanded_recent5_median,4244.816667,24.486667,False,False,ROLLING_LEVEL_RESIDUAL,original_base_level_superset_q25,superset_residual,-5.323333,173.0,1.0,20.23609,1.391769,17.844321,level_range_close_family_type,15,29.616107,19.671376,2026-06-11,1.0,True,False,False,True,SELECTOR_GT10
2026-06-12,2026-06-11,L5,RANGE_WIDE_120_220,CLOSE_POS_UPPER_THIRD,ROWS_EXTENDED_11_PLUS,4210.77,PREV_CLOSE_PROXY,,NEUTRAL,4184.94,4192.285313,7.345313,False,4193.5725,8.6325,MODE_A_LIVE_PROXIMITY_HEAVY,green_box_midline::green_mid_2,EXPANDED_ORACLE_BETTER,338,4184.807188,0.132812,True,True,ROLLING_RANGE_CLOSE_LEVEL_RESIDUAL,superset_base_range_close_expanded_q25,4192.285313,7.345313,False,False,ROLLING_BASE_SUPERSET,EXPANDED_ORACLE_BETTER,,0.0,,,29.771078,30.976227,1.794851,level_family_type,10,54.50947,3.071966,2026-06-11,1.0,True,False,False,False,SELECTOR_WITHIN_10
2026-06-12,2026-06-11,L6,RANGE_WIDE_120_220,CLOSE_POS_UPPER_THIRD,ROWS_EXTENDED_11_PLUS,4210.77,PREV_CLOSE_PROXY,,NEUTRAL,4161.3,4162.894616,1.594616,True,4165.28875,3.98875,MODE_C_BALANCED,green_box_quarter::green_box_2_25pct,EXPANDED_ORACLE_BETTER,338,4161.662116,0.362116,True,True,ROLLING_ROW_LEVEL_RESIDUAL,superset_base_rows_original_median,4165.28875,3.98875,False,True,ROLLING_BASE_ORIGINAL,MODE_C_BALANCED,,0.0,,,30.540334,32.064276,1.476059,level_family_type,9,34.186497,11.988168,2026-06-11,1.0,True,False,False,False,SELECTOR_WITHIN_5
2026-06-12,2026-06-11,L7,RANGE_WIDE_120_220,CLOSE_POS_UPPER_THIRD,ROWS_EXTENDED_11_PLUS,4210.77,PREV_CLOSE_PROXY,,NEUTRAL,4130.89,4135.28875,4.39875,True,4135.28875,4.39875,MODE_B_EMA_CHANNEL_DIRECTION_HEAVY,red_box_quarter::red_box_1_75pct,ORIGINAL_ORACLE_PRESERVED,337,4130.733448,0.156552,True,True,ROLLING_ROW_LEVEL_RESIDUAL,superset_base_rows_original_mean,4146.026875,15.136875,False,False,ROLLING_LEVEL_RESIDUAL,superset_base_level_superset_q75,superset_residual,10.738125,170.0,1.0,21.818003,3.237924,17.58008,level_regime_family_type,7,32.07803,18.122917,2026-06-11,1.0,True,False,False,False,SELECTOR_GT10
2026-06-15,2026-06-12,L4,RANGE_NORMAL_60_120,CLOSE_POS_MIDDLE_THIRD,ROWS_EXTENDED_11_PLUS,4218.5,PREV_CLOSE_PROXY,,NEUTRAL,4345.41,4289.91875,55.49125,False,4289.91875,55.49125,MODE_B_EMA_CHANNEL_DIRECTION_HEAVY,green_box_quarter::green_box_3_25pct,ORIGINAL_ORACLE_PRESERVED,337,4336.748256,8.661744,False,False,ROLLING_ROW_LEVEL_RESIDUAL,superset_base_rows_expanded_q75,4288.600938,56.809062,False,False,ROLLING_RANGE_LEVEL_RESIDUAL,superset_base_range_expanded_q25,expanded_residual,-1.317812,90.0,6.0,34.445897,16.375606,17.070291,level_range_close_family_type,33,45.882206,9.510993,2026-06-12,3.0,True,False,False,False,SELECTOR_GT10
2026-06-15,2026-06-12,L5,RANGE_NORMAL_60_120,CLOSE_POS_MIDDLE_THIRD,ROWS_EXTENDED_11_PLUS,4218.5,PREV_CLOSE_PROXY,,NEUTRAL,4313.94,4263.34125,50.59875,False,4263.34125,50.59875,MODE_B_EMA_CHANNEL_DIRECTION_HEAVY,green_box_quarter::green_box_2_75pct,ORIGINAL_ORACLE_PRESERVED,337,4306.281563,7.658437,False,False,ROLLING_ROW_LEVEL_RESIDUAL,original_base_rows_expanded_q75,4263.344583,50.595417,False,False,ROLLING_LEVEL_RESIDUAL,superset_base_level_superset_median,superset_residual,0.003333,175.0,3.0,41.853075,22.590938,18.262137,level_range_close_family_type,33,48.321231,11.92232,2026-06-12,3.0,True,False,False,True,SELECTOR_GT10
2026-06-15,2026-06-12,L6,RANGE_NORMAL_60_120,CLOSE_POS_MIDDLE_THIRD,ROWS_EXTENDED_11_PLUS,4218.5,PREV_CLOSE_PROXY,,NEUTRAL,4281.24,4227.5525,53.6875,False,4227.5525,53.6875,MODE_D_NEAREST_VALID_LADDER,prior_range_fraction::prev_range_0.75,ORIGINAL_ORACLE_PRESERVED,337,4257.27875,23.96125,False,False,ROLLING_ROW_LEVEL_RESIDUAL,original_base_rows_expanded_q75,4225.341525,55.898475,False,False,ROLLING_LEVEL_RESIDUAL,superset_base_level_original_mean,original_residual,-2.210975,175.0,3.0,38.973696,19.999292,17.974404,level_regime_family_type,5,37.013112,16.596793,2026-06-12,3.0,True,False,False,False,SELECTOR_GT10
2026-06-15,2026-06-12,L7,RANGE_NORMAL_60_120,CLOSE_POS_MIDDLE_THIRD,ROWS_EXTENDED_11_PLUS,4218.5,PREV_CLOSE_PROXY,,NEUTRAL,4248.13,4198.18396,49.94604,False,4198.18396,49.94604,MODE_C_BALANCED,green_box_midline::green_mid_1 | prior_range_fraction::prev_range_0.382,ORIGINAL_ORACLE_PRESERVED,337,4222.32771,25.80229,False,False,ROLLING_ROW_LEVEL_RESIDUAL,original_base_rows_expanded_recent8_median,4193.197094,54.932906,False,False,ROLLING_LEVEL_RESIDUAL,superset_base_level_original_mean,original_residual,-4.986866,171.0,3.0,40.832508,21.993567,17.838941,level_regime_family_type,5,37.013112,12.893667,2026-06-12,3.0,True,False,False,False,SELECTOR_GT10
2026-06-16,2026-06-15,L4,RANGE_NORMAL_60_120,CLOSE_POS_MIDDLE_THIRD,ROWS_STANDARD_9_10,4309.03,PREV_CLOSE_PROXY,,NEUTRAL,4358.15,4364.7475,6.5975,False,4364.7475,6.5975,MODE_C_BALANCED,green_box_midline::green_mid_2,ORIGINAL_ORACLE_PRESERVED,337,4358.7728,0.6228,True,True,ROLLING_ROW_LEVEL_RESIDUAL,original_base_rows_original_q25,4367.868352,9.718352,False,False,ROLLING_REGIME_LEVEL_RESIDUAL,superset_base_regime_original_mean,original_residual,3.120852,22.0,11.0,35.949799,22.391997,12.557802,level_regime_family_type,19,51.154461,7.525013,2026-06-15,1.0,True,False,False,False,SELECTOR_WITHIN_10
2026-06-16,2026-06-15,L5,RANGE_NORMAL_60_120,CLOSE_POS_MIDDLE_THIRD,ROWS_STANDARD_9_10,4309.03,PREV_CLOSE_PROXY,,NEUTRAL,4329.57,4329.875,0.305,True,4329.875,0.305,MODE_C_BALANCED,green_box_edge::green_edge_1,ORIGINAL_ORACLE_PRESERVED,337,4329.875,0.305,True,True,ROLLING_BASE_SUPERSET,ORIGINAL_ORACLE_PRESERVED,4330.051667,0.481667,True,True,ROLLING_LEVEL_RESIDUAL,superset_base_level_superset_median,superset_residual,0.176667,176.0,1.0,34.523559,15.21808,18.305479,level_regime_family_type,21,47.626567,11.423758,2026-06-15,1.0,True,False,False,False,SELECTOR_WITHIN_3
2026-06-16,2026-06-15,L6,RANGE_NORMAL_60_120,CLOSE_POS_MIDDLE_THIRD,ROWS_STANDARD_9_10,4309.03,PREV_CLOSE_PROXY,,NEUTRAL,4300.22,4300.91509,0.69509,True,4300.91509,0.69509,MODE_C_BALANCED,red_box_edge::red_edge_1 | prior_range_fraction::prev_range_0.382,ORIGINAL_ORACLE_PRESERVED,337,4300.297629,0.077629,True,True,ROLLING_RANGE_LEVEL_RESIDUAL,original_base_range_expanded_mean,4302.41259,2.19259,True,True,ROLLING_RANGE_LEVEL_RESIDUAL,superset_base_range_original_median,original_residual,1.4975,92.0,1.0,28.299555,9.898533,17.401022,level_regime_family_type,21,33.833464,12.786591,2026-06-15,1.0,True,False,False,False,SELECTOR_WITHIN_3
2026-06-16,2026-06-15,L7,RANGE_NORMAL_60_120,CLOSE_POS_MIDDLE_THIRD,ROWS_STANDARD_9_10,4309.03,PREV_CLOSE_PROXY,,NEUTRAL,4271.91,4265.0025,6.9075,False,4265.0025,6.9075,MODE_D_NEAREST_VALID_LADDER,red_box_midline::red_mid_2,ORIGINAL_ORACLE_PRESERVED,337,4272.144375,0.234375,True,True,ROLLING_RANGE_CLOSE_LEVEL_RESIDUAL,superset_base_range_close_superset_recent12_median,4263.8925,8.0175,False,False,ROLLING_ROW_LEVEL_RESIDUAL,superset_base_rows_original_median,original_residual,-1.11,107.0,6.0,29.268519,10.858087,17.410432,level_regime_family_type,20,35.041802,10.86452,2026-06-15,1.0,True,False,False,False,SELECTOR_WITHIN_10
2026-06-17,2026-06-16,L4,RANGE_COMPRESSED_0_60,CLOSE_POS_MIDDLE_THIRD,ROWS_STANDARD_9_10,4331.14,PREV_CLOSE_PROXY,,NEUTRAL,4385.49,4394.8675,9.3775,False,4394.8675,9.3775,MODE_B_EMA_CHANNEL_DIRECTION_HEAVY,green_box_quarter::green_box_3_25pct,ORIGINAL_ORACLE_PRESERVED,337,4385.53013,0.04013,True,True,ROLLING_RANGE_LEVEL_RESIDUAL,superset_base_range_expanded_q25,4398.977998,13.487998,False,False,ROLLING_ROW_LEVEL_RESIDUAL,superset_base_rows_original_mean,original_residual,4.110498,109.0,1.0,32.577705,14.364197,17.213508,level_regime_family_type,4,31.764205,11.326927,2026-06-16,1.0,True,False,False,False,SELECTOR_GT10
2026-06-17,2026-06-16,L5,RANGE_COMPRESSED_0_60,CLOSE_POS_MIDDLE_THIRD,ROWS_STANDARD_9_10,4331.14,PREV_CLOSE_PROXY,,NEUTRAL,4350.94,4342.615,8.325,False,4342.615,8.325,MODE_C_BALANCED,prior_range_fraction::prev_range_0.75,ORIGINAL_ORACLE_PRESERVED,337,4351.420625,0.480625,True,True,ROLLING_ROW_LEVEL_RESIDUAL,superset_base_rows_expanded_median,4343.69875,7.24125,False,False,ROLLING_ROW_LEVEL_RESIDUAL,superset_base_rows_superset_median,superset_residual,1.08375,110.0,1.0,35.380303,16.83909,17.541213,level_family_type,166,30.926267,19.629527,2026-06-16,1.0,True,False,False,True,SELECTOR_WITHIN_10
2026-06-17,2026-06-16,L6,RANGE_COMPRESSED_0_60,CLOSE_POS_MIDDLE_THIRD,ROWS_STANDARD_9_10,4331.14,PREV_CLOSE_PROXY,,NEUTRAL,4322.25,4330.28,8.03,False,4330.28,8.03,MODE_C_BALANCED,prior_hlc::previous_mid,ORIGINAL_ORACLE_PRESERVED,337,4322.1675,0.0825,True,True,ROLLING_RANGE_CLOSE_LEVEL_RESIDUAL,original_base_range_close_original_q25,4330.6325,8.3825,False,False,ROLLING_LEVEL_RESIDUAL,superset_base_level_original_median,original_residual,0.3525,177.0,1.0,34.659472,15.362574,18.296898,level_family_type,176,30.875926,19.971037,2026-06-16,1.0,True,False,False,False,SELECTOR_WITHIN_10
2026-06-17,2026-06-16,L7,RANGE_COMPRESSED_0_60,CLOSE_POS_MIDDLE_THIRD,ROWS_STANDARD_9_10,4331.14,PREV_CLOSE_PROXY,,NEUTRAL,4290.28,4290.61,0.33,True,4275.61,14.67,MODE_B_EMA_CHANNEL_DIRECTION_HEAVY,red_box_edge::red_edge_2,EXPANDED_ORACLE_BETTER,338,4290.35125,0.07125,True,True,ROLLING_LEVEL_RESIDUAL,superset_base_level_original_recent20_median,4275.61,14.67,False,False,ROLLING_BASE_ORIGINAL,MODE_B_EMA_CHANNEL_DIRECTION_HEAVY,,0.0,,,34.553422,36.203422,1.35,level_rows_family,4,40.097538,3.945938,2026-06-16,1.0,True,False,False,False,SELECTOR_GT10
2026-06-18,2026-06-17,L4,RANGE_WIDE_120_220,CLOSE_POS_LOWER_THIRD,ROWS_SPARSE_1_8,4257.74,PREV_CLOSE_PROXY,,NEUTRAL,4293.9,4281.47172,12.42828,False,4281.47172,12.42828,MODE_B_EMA_CHANNEL_DIRECTION_HEAVY,prior_range_fraction::prev_range_0.382,ORIGINAL_ORACLE_PRESERVED,289,4293.993595,0.093595,True,True,ROLLING_LEVEL_RESIDUAL,superset_base_level_expanded_recent12_median,4284.60172,9.29828,False,False,ROLLING_LEVEL_RESIDUAL,superset_base_level_original_median,original_residual,3.13,177.0,1.0,26.128113,6.966757,18.161356,level_rows_family,1728,28.042149,12.269209,2026-06-17,1.0,True,False,False,True,SELECTOR_WITHIN_10
2026-06-18,2026-06-17,L5,RANGE_WIDE_120_220,CLOSE_POS_LOWER_THIRD,ROWS_SPARSE_1_8,4257.74,PREV_CLOSE_PROXY,,NEUTRAL,4262.79,4243.2125,19.5775,False,4243.2125,19.5775,MODE_C_BALANCED,green_box_quarter::green_box_1_25pct,ORIGINAL_ORACLE_PRESERVED,289,4262.623125,0.166875,True,True,ROLLING_LEVEL_RESIDUAL,original_base_level_expanded_q75,4240.714995,22.075005,False,False,ROLLING_RANGE_LEVEL_RESIDUAL,superset_base_range_original_mean,original_residual,-2.497505,47.0,6.0,36.285689,18.842967,16.442722,level_range_close_family_type,18,37.737325,22.138239,2026-06-17,1.0,True,False,False,False,SELECTOR_GT10
2026-06-18,2026-06-17,L6,RANGE_WIDE_120_220,CLOSE_POS_LOWER_THIRD,ROWS_SPARSE_1_8,4257.74,PREV_CLOSE_PROXY,,NEUTRAL,4235.68,4213.2125,22.4675,False,4213.2125,22.4675,MODE_C_BALANCED,red_box_quarter::red_box_2_75pct,ORIGINAL_ORACLE_PRESERVED,289,4227.880938,7.799063,False,False,ROLLING_SOURCE_LEVEL_RESIDUAL,original_base_source_expanded_q75,4213.55,22.13,False,False,ROLLING_LEVEL_RESIDUAL,superset_base_level_original_median,original_residual,0.3375,178.0,1.0,38.303181,19.005551,18.29763,level_rows_family,1728,28.906204,12.323299,2026-06-17,1.0,True,False,False,True,SELECTOR_GT10
2026-06-18,2026-06-17,L7,RANGE_WIDE_120_220,CLOSE_POS_LOWER_THIRD,ROWS_SPARSE_1_8,4257.74,PREV_CLOSE_PROXY,,NEUTRAL,4203.55,4164.8475,38.7025,False,4164.8475,38.7025,MODE_B_EMA_CHANNEL_DIRECTION_HEAVY,red_box_quarter::red_box_3_25pct,ORIGINAL_ORACLE_PRESERVED,289,4185.250625,18.299375,False,False,ROLLING_RANGE_LEVEL_RESIDUAL,original_base_range_expanded_q75,4164.0475,39.5025,False,False,ROLLING_LEVEL_RESIDUAL,superset_base_level_superset_median,superset_residual,-0.8,174.0,1.0,36.136215,16.861155,18.27506,level_range_close_family_type,18,37.737325,19.021215,2026-06-17,1.0,True,False,False,False,SELECTOR_GT10
2026-06-19,2026-06-18,L4,RANGE_WIDE_120_220,CLOSE_POS_LOWER_THIRD,ROWS_STANDARD_9_10,4209.04,PREV_CLOSE_PROXY,,NEUTRAL,4332.32,4280.91738,51.40262,False,4280.91738,51.40262,MODE_C_BALANCED,prior_range_fraction::prev_range_0.618,ORIGINAL_ORACLE_PRESERVED,337,4308.311755,24.008245,False,False,ROLLING_SOURCE_LEVEL_RESIDUAL,superset_base_source_expanded_q75,4278.545273,53.774727,False,False,ROLLING_REGIME_LEVEL_RESIDUAL,superset_base_regime_original_mean,original_residual,-2.372107,11.0,9.0,29.976549,19.355408,9.621141,level_regime_family_type,8,36.323153,8.910732,2026-06-18,1.0,True,False,False,False,SELECTOR_GT10
2026-06-19,2026-06-18,L5,RANGE_WIDE_120_220,CLOSE_POS_LOWER_THIRD,ROWS_STANDARD_9_10,4209.04,PREV_CLOSE_PROXY,,NEUTRAL,4301.82,4247.564146,54.255854,False,4247.564146,54.255854,MODE_C_BALANCED,prior_range_fraction::prev_range_0.333333 | prior_hlc::previous_pivot_hlc3 | red_box_edge::red_edge_1,ORIGINAL_ORACLE_PRESERVED,337,4267.760821,34.059179,False,False,ROLLING_ROW_LEVEL_RESIDUAL,original_base_rows_expanded_q75,4246.219146,55.600854,False,False,ROLLING_REGIME_LEVEL_RESIDUAL,superset_base_regime_superset_recent12_median,superset_residual,-1.345,12.0,9.0,39.140619,27.894355,10.246264,level_regime_family_type,9,40.06885,7.876903,2026-06-18,1.0,True,False,False,False,SELECTOR_GT10
2026-06-19,2026-06-18,L6,RANGE_WIDE_120_220,CLOSE_POS_LOWER_THIRD,ROWS_STANDARD_9_10,4209.04,PREV_CLOSE_PROXY,,NEUTRAL,4270.84,4221.36125,49.47875,False,4221.36125,49.47875,MODE_C_BALANCED,green_box_quarter::green_box_1_25pct,ORIGINAL_ORACLE_PRESERVED,337,4240.66625,30.17375,False,False,ROLLING_LEVEL_RESIDUAL,original_base_level_expanded_recent5_median,4222.17625,48.66375,False,False,ROLLING_REGIME_LEVEL_RESIDUAL,superset_base_regime_original_recent20_median,original_residual,0.815,12.0,9.0,34.232251,23.080123,10.152128,level_regime_family_type,9,34.186497,9.992222,2026-06-18,1.0,True,False,False,True,SELECTOR_GT10
2026-06-19,2026-06-18,L7,RANGE_WIDE_120_220,CLOSE_POS_LOWER_THIRD,ROWS_STANDARD_9_10,4209.04,PREV_CLOSE_PROXY,,NEUTRAL,4241.28,4201.56,39.72,False,4201.56,39.72,MODE_B_EMA_CHANNEL_DIRECTION_HEAVY,prior_hlc::previous_low,ORIGINAL_ORACLE_PRESERVED,337,4221.9725,19.3075,False,False,ROLLING_RANGE_CLOSE_LEVEL_RESIDUAL,superset_base_range_close_expanded_recent5_median,4200.2,41.08,False,False,ROLLING_REGIME_LEVEL_RESIDUAL,superset_base_regime_original_recent20_median,original_residual,-1.36,12.0,9.0,41.441037,30.315505,10.125532,level_regime_family_type,9,45.951203,12.755139,2026-06-18,1.0,True,False,False,False,SELECTOR_GT10
2026-06-22,2026-06-19,L4,RANGE_NORMAL_60_120,CLOSE_POS_MIDDLE_THIRD,ROWS_STANDARD_9_10,4155.81,PREV_CLOSE_PROXY,,NEUTRAL,4216.38,4213.1275,3.2525,True,4213.1275,3.2525,MODE_C_BALANCED,green_box_midline::green_mid_2,ORIGINAL_ORACLE_PRESERVED,337,4216.395,0.015,True,True,ROLLING_LEVEL_RESIDUAL,superset_base_level_superset_median,4215.825815,0.554185,True,True,ROLLING_REGIME_LEVEL_RESIDUAL,superset_base_regime_original_mean,original_residual,2.698315,23.0,6.0,35.712668,21.729746,12.982922,level_regime_family_type,20,49.327516,7.63468,2026-06-19,3.0,True,False,True,True,SELECTOR_WITHIN_3
2026-06-22,2026-06-19,L5,RANGE_NORMAL_60_120,CLOSE_POS_MIDDLE_THIRD,ROWS_STANDARD_9_10,4155.81,PREV_CLOSE_PROXY,,NEUTRAL,4178.43,4182.705,4.275,True,4182.705,4.275,MODE_C_BALANCED,green_box_edge::green_edge_1,ORIGINAL_ORACLE_PRESERVED,337,4178.555,0.125,True,True,ROLLING_RANGE_LEVEL_RESIDUAL,superset_base_range_original_q25,4183.09,4.66,False,True,ROLLING_LEVEL_RESIDUAL,superset_base_level_superset_median,superset_residual,0.385,180.0,3.0,38.889517,19.646005,18.243512,level_regime_family_type,22,49.372349,10.92639,2026-06-19,3.0,True,False,False,False,SELECTOR_WITHIN_5
2026-06-22,2026-06-19,L6,RANGE_NORMAL_60_120,CLOSE_POS_MIDDLE_THIRD,ROWS_STANDARD_9_10,4155.81,PREV_CLOSE_PROXY,,NEUTRAL,4140.8,4154.79529,13.99529,False,4154.79529,13.99529,MODE_C_BALANCED,red_box_edge::red_edge_1 | prior_hlc::previous_close | prior_range_fraction::prev_range_0.382,ORIGINAL_ORACLE_PRESERVED,337,4140.942165,0.142165,True,True,ROLLING_REGIME_LEVEL_RESIDUAL,superset_base_regime_superset_q25,4154.99529,14.19529,False,False,ROLLING_SOURCE_LEVEL_RESIDUAL,superset_base_source_superset_median,superset_residual,0.2,162.0,3.0,32.772815,13.160275,18.61254,level_regime_family_type,21,33.833464,11.12127,2026-06-19,3.0,True,False,False,False,SELECTOR_GT10
2026-06-22,2026-06-19,L7,RANGE_NORMAL_60_120,CLOSE_POS_MIDDLE_THIRD,ROWS_STANDARD_9_10,4155.81,PREV_CLOSE_PROXY,,NEUTRAL,4106.42,4122.2825,15.8625,False,4122.2825,15.8625,MODE_D_NEAREST_VALID_LADDER,red_box_midline::red_mid_2,ORIGINAL_ORACLE_PRESERVED,337,4107.47125,1.05125,True,True,ROLLING_SOURCE_LEVEL_RESIDUAL,superset_base_source_superset_q25,4118.289272,11.869272,False,False,ROLLING_LEVEL_RESIDUAL,superset_base_level_original_mean,original_residual,-3.993228,176.0,3.0,31.685437,12.798007,17.88743,level_regime_family_type,22,32.705682,13.705174,2026-06-19,3.0,True,False,False,True,SELECTOR_GT10
2026-06-23,2026-06-22,L4,RANGE_NORMAL_60_120,CLOSE_POS_MIDDLE_THIRD,ROWS_STANDARD_9_10,4191.26,PREV_CLOSE_PROXY,,NEUTRAL,4212.81,4207.97875,4.83125,True,4207.3425,5.4675,MODE_C_BALANCED,red_box_quarter::red_box_1_25pct | green_box_quarter::green_box_2_25pct,EXPANDED_ORACLE_BETTER,338,4212.761251,0.048749,True,True,ROLLING_ROW_LEVEL_RESIDUAL,superset_base_rows_superset_mean,4210.700156,2.109844,True,True,ROLLING_REGIME_LEVEL_RESIDUAL,superset_base_regime_original_mean,original_residual,2.721406,24.0,1.0,48.056059,33.672308,13.38375,level_regime_family_type,21,51.074843,7.297514,2026-06-22,1.0,True,False,True,True,SELECTOR_WITHIN_3
2026-06-23,2026-06-22,L5,RANGE_NORMAL_60_120,CLOSE_POS_MIDDLE_THIRD,ROWS_STANDARD_9_10,4191.26,PREV_CLOSE_PROXY,,NEUTRAL,4174.21,4168.59562,5.61438,False,4168.59562,5.61438,MODE_C_BALANCED,prior_range_fraction::prev_range_0.382,ORIGINAL_ORACLE_PRESERVED,337,4174.236355,0.026355,True,True,ROLLING_LEVEL_RESIDUAL,superset_base_level_expanded_mean,4168.94562,5.26438,False,False,ROLLING_LEVEL_RESIDUAL,superset_base_level_superset_median,superset_residual,0.35,181.0,1.0,43.019211,23.722191,18.29702,level_regime_family_type,23,51.005499,10.653939,2026-06-22,1.0,True,False,False,True,SELECTOR_WITHIN_10
2026-06-23,2026-06-22,L6,RANGE_NORMAL_60_120,CLOSE_POS_MIDDLE_THIRD,ROWS_STANDARD_9_10,4191.26,PREV_CLOSE_PROXY,,NEUTRAL,4137.23,4166.10531,28.87531,False,4166.10531,28.87531,MODE_C_BALANCED,red_box_edge::red_edge_1 | prior_range_fraction::prev_range_0.382,ORIGINAL_ORACLE_PRESERVED,337,4142.657701,5.427701,False,False,ROLLING_REGIME_LEVEL_RESIDUAL,superset_base_regime_expanded_q25,4165.73531,28.50531,False,False,ROLLING_RANGE_CLOSE_LEVEL_RESIDUAL,superset_base_range_close_superset_median,superset_residual,-0.37,37.0,1.0,36.654325,18.998281,16.656044,level_regime_family_type,21,33.833464,12.377796,2026-06-22,1.0,True,False,False,True,SELECTOR_GT10
2026-06-23,2026-06-22,L7,RANGE_NORMAL_60_120,CLOSE_POS_MIDDLE_THIRD,ROWS_STANDARD_9_10,4191.26,PREV_CLOSE_PROXY,,NEUTRAL,4101.88,4134.8875,33.0075,False,4134.8875,33.0075,MODE_C_BALANCED,red_box_midline::red_mid_2,ORIGINAL_ORACLE_PRESERVED,337,4111.02375,9.14375,False,False,ROLLING_ROW_LEVEL_RESIDUAL,superset_base_rows_expanded_q25,4134.1675,32.2875,False,False,ROLLING_ROW_LEVEL_RESIDUAL,superset_base_rows_original_median,original_residual,-0.72,111.0,1.0,34.414246,15.855282,17.558964,level_regime_family_type,22,32.705682,10.931155,2026-06-22,1.0,True,False,False,True,SELECTOR_GT10
2026-06-25,2026-06-24,L4,RANGE_WIDE_120_220,CLOSE_POS_LOWER_THIRD,ROWS_STANDARD_9_10,3999.01,PREV_CLOSE_PROXY,,NEUTRAL,4098.68,4058.29158,40.38842,False,4058.29158,40.38842,MODE_C_BALANCED,prior_range_fraction::prev_range_0.618,ORIGINAL_ORACLE_PRESERVED,337,4085.725955,12.954045,False,False,ROLLING_SOURCE_LEVEL_RESIDUAL,superset_base_source_expanded_q75,4060.4007,38.2793,False,False,ROLLING_REGIME_LEVEL_RESIDUAL,superset_base_regime_original_mean,original_residual,2.10912,12.0,6.0,33.223679,22.237004,9.986675,level_family_type,104,37.331879,13.008494,2026-06-23,2.0,True,False,False,True,SELECTOR_GT10
2026-06-25,2026-06-24,L5,RANGE_WIDE_120_220,CLOSE_POS_LOWER_THIRD,ROWS_STANDARD_9_10,3999.01,PREV_CLOSE_PROXY,,NEUTRAL,4062.96,4078.16375,15.20375,False,4078.16375,15.20375,MODE_B_EMA_CHANNEL_DIRECTION_HEAVY,green_box_quarter::green_box_2_25pct,ORIGINAL_ORACLE_PRESERVED,337,4062.6175,0.3425,True,True,ROLLING_REGIME_LEVEL_RESIDUAL,superset_base_regime_expanded_q25,4078.98875,16.02875,False,False,ROLLING_LEVEL_RESIDUAL,superset_base_level_original_median,original_residual,0.825,182.0,2.0,36.821719,17.573779,18.24794,level_regime_family_type,13,37.198593,18.951351,2026-06-23,2.0,True,False,False,False,SELECTOR_GT10
2026-06-25,2026-06-24,L6,RANGE_WIDE_120_220,CLOSE_POS_LOWER_THIRD,ROWS_STANDARD_9_10,3999.01,PREV_CLOSE_PROXY,,NEUTRAL,4029.12,4048.16375,19.04375,False,4048.16375,19.04375,MODE_C_BALANCED,red_box_quarter::red_box_1_75pct,ORIGINAL_ORACLE_PRESERVED,337,4029.577428,0.457428,True,True,ROLLING_ROW_LEVEL_RESIDUAL,original_base_rows_expanded_recent8_median,4049.23375,20.11375,False,False,ROLLING_REGIME_LEVEL_RESIDUAL,superset_base_regime_original_median,original_residual,1.07,13.0,6.0,28.262411,16.770027,10.492384,level_range_close_family_type,12,34.058523,12.45266,2026-06-23,2.0,True,False,False,False,SELECTOR_GT10
2026-06-25,2026-06-24,L7,RANGE_WIDE_120_220,CLOSE_POS_LOWER_THIRD,ROWS_STANDARD_9_10,3999.01,PREV_CLOSE_PROXY,,NEUTRAL,3994.26,4006.7975,12.5375,False,4006.7975,12.5375,MODE_C_BALANCED,green_box_midline::green_mid_1,ORIGINAL_ORACLE_PRESERVED,337,3993.9275,0.3325,True,True,ROLLING_ROW_LEVEL_RESIDUAL,superset_base_rows_superset_q25,4005.6575,11.3975,False,False,ROLLING_REGIME_LEVEL_RESIDUAL,superset_base_regime_original_median,original_residual,-1.14,13.0,6.0,32.785641,21.296673,10.488968,level_regime_family_type,10,43.398359,15.587625,2026-06-23,2.0,True,False,False,True,SELECTOR_GT10
2026-06-26,2026-06-25,L4,RANGE_NORMAL_60_120,CLOSE_POS_UPPER_THIRD,ROWS_STANDARD_9_10,4026.59,PREV_CLOSE_PROXY,,NEUTRAL,4103.3,4088.15625,15.14375,False,4088.15625,15.14375,MODE_B_EMA_CHANNEL_DIRECTION_HEAVY,green_box_quarter::green_box_3_25pct,ORIGINAL_ORACLE_PRESERVED,337,4103.336131,0.036131,True,True,ROLLING_REGIME_LEVEL_RESIDUAL,superset_base_regime_expanded_recent12_median,4093.029777,10.270223,False,False,ROLLING_REGIME_LEVEL_RESIDUAL,superset_base_regime_original_mean,original_residual,4.873527,28.0,36.0,33.933048,19.683276,13.249772,level_regime_family_type,25,32.762741,10.176632,2026-06-25,1.0,True,False,False,True,SELECTOR_GT10
2026-06-26,2026-06-25,L5,RANGE_NORMAL_60_120,CLOSE_POS_UPPER_THIRD,ROWS_STANDARD_9_10,4026.59,PREV_CLOSE_PROXY,,NEUTRAL,4070.91,4074.26,3.35,True,4074.26,3.35,MODE_B_EMA_CHANNEL_DIRECTION_HEAVY,green_box_edge::green_edge_2,ORIGINAL_ORACLE_PRESERVED,337,4070.8825,0.0275,True,True,ROLLING_RANGE_CLOSE_LEVEL_RESIDUAL,superset_base_range_close_original_q25,4070.8825,0.0275,True,True,ROLLING_RANGE_CLOSE_LEVEL_RESIDUAL,superset_base_range_close_original_q25,original_residual,-3.3775,37.0,17.0,39.859002,22.974124,15.884878,level_regime_family_type,26,34.740308,10.674363,2026-06-25,1.0,True,False,True,True,SELECTOR_WITHIN_3
2026-06-26,2026-06-25,L6,RANGE_NORMAL_60_120,CLOSE_POS_UPPER_THIRD,ROWS_STANDARD_9_10,4026.59,PREV_CLOSE_PROXY,,NEUTRAL,4036.2,4023.9675,12.2325,False,4023.9675,12.2325,MODE_D_NEAREST_VALID_LADDER,prior_range_fraction::prev_range_0.75,ORIGINAL_ORACLE_PRESERVED,337,4036.63742,0.43742,True,True,ROLLING_RANGE_CLOSE_LEVEL_RESIDUAL,original_base_range_close_expanded_q75,4025.33625,10.86375,False,False,ROLLING_RANGE_CLOSE_LEVEL_RESIDUAL,superset_base_range_close_superset_median,superset_residual,1.36875,37.0,17.0,42.856986,25.664081,16.192905,level_regime_family_type,26,43.563837,9.885246,2026-06-25,1.0,True,False,False,True,SELECTOR_GT10
2026-06-26,2026-06-25,L7,RANGE_NORMAL_60_120,CLOSE_POS_UPPER_THIRD,ROWS_STANDARD_9_10,4026.59,PREV_CLOSE_PROXY,,NEUTRAL,4003.24,4003.675,0.435,True,4003.675,0.435,MODE_C_BALANCED,prior_hlc::previous_mid,ORIGINAL_ORACLE_PRESERVED,337,4003.244303,0.004303,True,True,ROLLING_RANGE_LEVEL_RESIDUAL,superset_base_range_superset_mean,4003.766875,0.526875,True,True,ROLLING_REGIME_LEVEL_RESIDUAL,superset_base_regime_original_median,original_residual,0.091875,28.0,36.0,41.079036,26.415919,13.663117,level_regime_family_type,25,38.823347,13.02157,2026-06-25,1.0,True,False,False,False,SELECTOR_WITHIN_3
2026-06-29,2026-06-26,L4,RANGE_NORMAL_60_120,CLOSE_POS_UPPER_THIRD,ROWS_STANDARD_9_10,4088.41,PREV_CLOSE_PROXY,,NEUTRAL,4097.6,4090.2975,7.3025,False,4090.2975,7.3025,MODE_C_BALANCED,green_box_midline::green_mid_2,ORIGINAL_ORACLE_PRESERVED,337,4097.7486,0.1486,True,True,ROLLING_RANGE_LEVEL_RESIDUAL,original_base_range_expanded_recent20_median,4095.525172,2.074828,True,True,ROLLING_REGIME_LEVEL_RESIDUAL,superset_base_regime_original_mean,original_residual,5.227672,29.0,3.0,40.988414,25.701224,14.28719,level_regime_family_type,26,31.799131,10.180231,2026-06-26,3.0,True,True,True,True,SELECTOR_WITHIN_3
2026-06-29,2026-06-26,L5,RANGE_NORMAL_60_120,CLOSE_POS_UPPER_THIRD,ROWS_STANDARD_9_10,4088.41,PREV_CLOSE_PROXY,,NEUTRAL,4066.54,4072.43125,5.89125,False,4072.43125,5.89125,MODE_D_NEAREST_VALID_LADDER,green_box_quarter::green_box_2_25pct,ORIGINAL_ORACLE_PRESERVED,337,4066.646446,0.106446,True,True,ROLLING_RANGE_LEVEL_RESIDUAL,superset_base_range_expanded_q25,4073.25125,6.71125,False,False,ROLLING_SOURCE_LEVEL_RESIDUAL,superset_base_source_superset_median,superset_residual,0.82,173.0,3.0,42.293536,22.711252,18.582284,level_regime_family_type,29,37.328931,9.620651,2026-06-26,3.0,True,False,False,False,SELECTOR_WITHIN_10
2026-06-29,2026-06-26,L6,RANGE_NORMAL_60_120,CLOSE_POS_UPPER_THIRD,ROWS_STANDARD_9_10,4088.41,PREV_CLOSE_PROXY,,NEUTRAL,4039.56,4040.998125,1.438125,True,4040.998125,1.438125,MODE_C_BALANCED,prior_hlc::previous_mid | red_box_quarter::red_box_1_75pct,ORIGINAL_ORACLE_PRESERVED,337,4039.654117,0.094117,True,True,ROLLING_RANGE_LEVEL_RESIDUAL,superset_base_range_superset_mean,4042.46625,2.90625,True,True,ROLLING_RANGE_CLOSE_LEVEL_RESIDUAL,superset_base_range_close_superset_median,superset_residual,1.468125,38.0,3.0,42.761763,25.011107,16.750656,level_regime_family_type,27,42.319156,9.921487,2026-06-26,3.0,True,False,False,False,SELECTOR_WITHIN_3
2026-06-29,2026-06-26,L7,RANGE_NORMAL_60_120,CLOSE_POS_UPPER_THIRD,ROWS_STANDARD_9_10,4088.41,PREV_CLOSE_PROXY,,NEUTRAL,4003.96,4006.69875,2.73875,True,4006.69875,2.73875,MODE_C_BALANCED,red_box_quarter::red_box_2_25pct,ORIGINAL_ORACLE_PRESERVED,337,4003.8775,0.0825,True,True,ROLLING_RANGE_CLOSE_LEVEL_RESIDUAL,superset_base_range_close_superset_recent20_median,4006.53,2.57,True,True,ROLLING_REGIME_LEVEL_RESIDUAL,superset_base_regime_original_median,original_residual,-0.16875,29.0,3.0,44.966667,29.252602,14.714065,level_regime_family_type,26,40.62266,12.541005,2026-06-26,3.0,True,False,False,True,SELECTOR_WITHIN_3
2026-06-30,2026-06-29,L4,RANGE_NORMAL_60_120,CLOSE_POS_LOWER_THIRD,ROWS_STANDARD_9_10,4178.97,AUTO_JSON,ema_proxy_up,UP,4071.63,4072.66125,1.03125,True,4072.66125,1.03125,MODE_C_BALANCED,green_box_quarter::green_box_2_25pct,ORIGINAL_ORACLE_PRESERVED,289,4071.884375,0.254375,True,True,ROLLING_RANGE_CLOSE_LEVEL_RESIDUAL,original_base_range_close_superset_q25,4077.862164,6.232164,False,False,ROLLING_ROW_LEVEL_RESIDUAL,superset_base_rows_superset_mean,superset_residual,5.200914,116.0,1.0,39.568313,21.408017,17.160295,level_range_close_family_type,18,41.583479,13.171612,2026-06-29,1.0,True,False,False,False,SELECTOR_WITHIN_10
2026-06-30,2026-06-29,L5,RANGE_NORMAL_60_120,CLOSE_POS_LOWER_THIRD,ROWS_STANDARD_9_10,4178.97,AUTO_JSON,ema_proxy_up,UP,4039.56,4031.785,7.775,False,4028.035,11.525,MODE_B_EMA_CHANNEL_DIRECTION_HEAVY,red_box_edge::red_edge_1,EXPANDED_ORACLE_BETTER,290,4039.555,0.005,True,True,ROLLING_RANGE_LEVEL_RESIDUAL,superset_base_range_expanded_median,4032.205,7.355,False,False,ROLLING_LEVEL_RESIDUAL,superset_base_level_original_median,original_residual,0.42,185.0,1.0,44.21926,24.940656,18.278604,level_source_family,528,34.479796,8.707302,2026-06-29,1.0,True,False,False,True,SELECTOR_WITHIN_10
2026-06-30,2026-06-29,L6,RANGE_NORMAL_60_120,CLOSE_POS_LOWER_THIRD,ROWS_STANDARD_9_10,4178.97,AUTO_JSON,ema_proxy_up,UP,4005.44,4012.28125,6.84125,False,4012.28125,6.84125,MODE_B_EMA_CHANNEL_DIRECTION_HEAVY,prior_range_fraction::prev_range_0.125 | green_box_quarter::green_box_1_25pct,ORIGINAL_ORACLE_PRESERVED,289,4005.179879,0.260121,True,True,ROLLING_REGIME_LEVEL_RESIDUAL,superset_base_regime_expanded_mean,4010.545402,5.105402,False,False,ROLLING_LEVEL_RESIDUAL,superset_base_level_original_mean,original_residual,-1.735848,185.0,1.0,41.848439,22.799048,18.049391,level_regime_family_type,12,34.058523,13.887202,2026-06-29,1.0,True,False,False,True,SELECTOR_WITHIN_10
2026-06-30,2026-06-29,L7,RANGE_NORMAL_60_120,CLOSE_POS_LOWER_THIRD,ROWS_STANDARD_9_10,4178.97,AUTO_JSON,ema_proxy_up,UP,3967.25,3954.90375,12.34625,False,3954.90375,12.34625,MODE_B_EMA_CHANNEL_DIRECTION_HEAVY,red_box_quarter::red_box_3_25pct,ORIGINAL_ORACLE_PRESERVED,289,3965.89375,1.35625,True,True,ROLLING_SOURCE_LEVEL_RESIDUAL,superset_base_source_superset_q75,3949.769486,17.480514,False,False,ROLLING_ROW_LEVEL_RESIDUAL,superset_base_rows_superset_mean,superset_residual,-5.134264,115.0,1.0,46.724519,28.560971,17.163548,level_regime_family_type,11,46.377392,10.149963,2026-06-29,1.0,True,False,False,False,SELECTOR_GT10
