level_date,prev_date,published_level,source_column,level_name,published_rank_low_to_high,published_rank_high_to_low,best_anchor_price,signed_distance_points,abs_distance_points,within_tolerance,within_1,within_2,within_3,within_5,within_10,best_anchor_family,best_anchor_name,best_anchor_side,best_box_index,best_fraction,prev_high,prev_low,prev_close,prev_range,box_size,box_padding
2025-10-01,2025-09-30,3740.83,level_price,L10,1,10,3736.045,4.785,4.785,False,False,False,False,True,True,red_box_midline,red_mid_3,red,3.0,0.5,3871.72,3793.18,3858.28,78.53999999999996,54.26999999999998,30.0
2025-10-01,2025-09-30,3762.36,level_price,L9,2,9,3763.18,-0.82,0.82,True,True,True,True,True,True,red_box_edge,red_edge_2,red,2.0,,3871.72,3793.18,3858.28,78.53999999999996,54.26999999999998,30.0
2025-10-01,2025-09-30,3784.19,level_price,L8,3,8,3790.315,-6.125,6.125,False,False,False,False,False,True,red_box_midline,red_mid_2,red,2.0,0.5,3871.72,3793.18,3858.28,78.53999999999996,54.26999999999998,30.0
2025-10-01,2025-09-30,3803.98,level_price,L7,4,7,3803.8825,0.0975,0.0975,True,True,True,True,True,True,red_box_quarter,red_box_2_25pct,red,2.0,0.25,3871.72,3793.18,3858.28,78.53999999999996,54.26999999999998,30.0
2025-10-01,2025-09-30,3820.29,level_price,L6,5,6,3820.315,-0.025,0.025,True,True,True,True,True,True,green_box_midline,green_mid_1,green,1.0,0.5,3871.72,3793.18,3858.28,78.53999999999996,54.26999999999998,30.0
2025-10-01,2025-09-30,3838.65,level_price,L5,6,5,3841.06,-2.41,2.41,True,False,False,True,True,True,prior_hlc,previous_pivot_hlc3,neutral,,,3871.72,3793.18,3858.28,78.53999999999996,54.26999999999998,30.0
2025-10-01,2025-09-30,3853.16,level_price,L4,7,4,3852.085,1.075,1.075,True,False,True,True,True,True,prior_range_fraction,prev_range_0.75,neutral,,0.75,3871.72,3793.18,3858.28,78.53999999999996,54.26999999999998,30.0
2025-10-01,2025-09-30,3869.29,level_price,L3,8,3,3871.72,-2.43,2.43,True,False,False,True,True,True,prior_hlc,previous_high,neutral,,,3871.72,3793.18,3858.28,78.53999999999996,54.26999999999998,30.0
2025-10-01,2025-09-30,3883.9,level_price,L2,9,2,3888.1525,-4.2525,4.2525,False,False,False,False,True,True,green_box_quarter,green_box_2_75pct,green,2.0,0.75,3871.72,3793.18,3858.28,78.53999999999996,54.26999999999998,30.0
2025-10-01,2025-09-30,3901.14,level_price,L1,10,1,3901.72,-0.58,0.58,True,True,True,True,True,True,green_box_edge,green_edge_2,green,2.0,,3871.72,3793.18,3858.28,78.53999999999996,54.26999999999998,30.0
2025-10-02,2025-10-01,3762.36,level_price,L10,1,10,3760.23875,2.12125,2.12125,True,False,False,True,True,True,red_box_quarter,red_box_4_75pct,red,4.0,0.75,3895.37,3853.3,3865.54,42.06999999999971,36.034999999999854,30.0
2025-10-02,2025-10-01,3780.91,level_price,L9,2,9,3778.25625,2.65375,2.65375,True,False,False,True,True,True,red_box_quarter,red_box_4_25pct,red,4.0,0.25,3895.37,3853.3,3865.54,42.06999999999971,36.034999999999854,30.0
2025-10-02,2025-10-01,3799.0,level_price,L8,3,8,3796.27375,2.72625,2.72625,True,False,False,True,True,True,red_box_quarter,red_box_3_75pct,red,3.0,0.75,3895.37,3853.3,3865.54,42.06999999999971,36.034999999999854,30.0
2025-10-02,2025-10-01,3817.0,level_price,L7,4,7,3814.29125,2.70875,2.70875,True,False,False,True,True,True,red_box_quarter,red_box_3_25pct,red,3.0,0.25,3895.37,3853.3,3865.54,42.06999999999971,36.034999999999854,30.0
2025-10-02,2025-10-01,3832.79,level_price,L6,5,6,3832.30875,0.48125,0.48125,True,True,True,True,True,True,red_box_quarter,red_box_2_75pct,red,2.0,0.75,3895.37,3853.3,3865.54,42.06999999999971,36.034999999999854,30.0
2025-10-02,2025-10-01,3849.38,level_price,L5,6,5,3850.32625,-0.94625,0.94625,True,True,True,True,True,True,red_box_quarter,red_box_2_25pct,red,2.0,0.25,3895.37,3853.3,3865.54,42.06999999999971,36.034999999999854,30.0
2025-10-02,2025-10-01,3867.44,level_price,L4,7,4,3867.323319,0.116681,0.116681,True,True,True,True,True,True,prior_range_fraction,prev_range_0.333333,neutral,,0.333333,3895.37,3853.3,3865.54,42.06999999999971,36.034999999999854,30.0
2025-10-02,2025-10-01,3883.17,level_price,L3,8,3,3884.8525,-1.6825,1.6825,True,False,True,True,True,True,prior_range_fraction,prev_range_0.75,neutral,,0.75,3895.37,3853.3,3865.54,42.06999999999971,36.034999999999854,30.0
2025-10-02,2025-10-01,3899.89,level_price,L2,9,2,3898.34375,1.54625,1.54625,True,False,True,True,True,True,green_box_quarter,green_box_2_25pct,green,2.0,0.25,3895.37,3853.3,3865.54,42.06999999999971,36.034999999999854,30.0
2025-10-02,2025-10-01,3914.45,level_price,L1,10,1,3916.36125,-1.91125,1.91125,True,False,True,True,True,True,green_box_quarter,green_box_2_75pct,green,2.0,0.75,3895.37,3853.3,3865.54,42.06999999999971,36.034999999999854,30.0
2025-10-03,2025-10-02,3736.63,level_price,L10,1,10,3735.785,0.845,0.845,True,True,True,True,True,True,red_box_edge,red_edge_3,red,3.0,,3896.63,3819.4,3856.24,77.23000000000002,53.61500000000001,30.0
2025-10-03,2025-10-02,3756.16,level_price,L9,2,9,3762.5925,-6.4325,6.4325,False,False,False,False,False,True,red_box_midline,red_mid_3,red,3.0,0.5,3896.63,3819.4,3856.24,77.23000000000002,53.61500000000001,30.0
2025-10-03,2025-10-02,3778.1,level_price,L8,3,8,3775.99625,2.10375,2.10375,True,False,False,True,True,True,red_box_quarter,red_box_3_25pct,red,3.0,0.25,3896.63,3819.4,3856.24,77.23000000000002,53.61500000000001,30.0
2025-10-03,2025-10-02,3794.9,level_price,L7,4,7,3789.4,5.5,5.5,False,False,False,False,False,True,red_box_edge,red_edge_2,red,2.0,,3896.63,3819.4,3856.24,77.23000000000002,53.61500000000001,30.0
2025-10-03,2025-10-02,3813.75,level_price,L6,5,6,3816.2075,-2.4575,2.4575,True,False,False,True,True,True,red_box_midline,red_mid_2,red,2.0,0.5,3896.63,3819.4,3856.24,77.23000000000002,53.61500000000001,30.0
2025-10-03,2025-10-02,3833.88,level_price,L5,6,5,3832.80375,1.07625,1.07625,True,False,True,True,True,True,green_box_quarter,green_box_1_25pct,green,1.0,0.25,3896.63,3819.4,3856.24,77.23000000000002,53.61500000000001,30.0
2025-10-03,2025-10-02,3854.23,level_price,L4,7,4,3856.24,-2.01,2.01,True,False,False,True,True,True,prior_hlc,previous_close,neutral,,,3896.63,3819.4,3856.24,77.23000000000002,53.61500000000001,30.0
2025-10-03,2025-10-02,3871.96,level_price,L3,8,3,3873.015,-1.055,1.055,True,False,True,True,True,True,green_box_edge,green_edge_1,green,1.0,,3896.63,3819.4,3856.24,77.23000000000002,53.61500000000001,30.0
2025-10-03,2025-10-02,3889.78,level_price,L2,9,2,3886.97625,2.80375,2.80375,True,False,False,True,True,True,prior_range_fraction,prev_range_0.875,neutral,,0.875,3896.63,3819.4,3856.24,77.23000000000002,53.61500000000001,30.0
2025-10-03,2025-10-02,3907.81,level_price,L1,10,1,3913.22625,-5.41625,5.41625,False,False,False,False,False,True,green_box_quarter,green_box_2_75pct,green,2.0,0.75,3896.63,3819.4,3856.24,77.23000000000002,53.61500000000001,30.0
2025-10-06,2025-10-03,3810.83,level_price,L7,1,7,3808.06,2.77,2.77,True,False,False,True,True,True,red_box_edge,red_edge_2,red,2.0,,3891.67,3838.06,3886.43,53.61000000000013,41.805000000000064,30.0
2025-10-06,2025-10-03,3830.61,level_price,L6,2,6,3828.9625,1.6475,1.6475,True,False,True,True,True,True,red_box_midline,red_mid_2,red,2.0,0.5,3891.67,3838.06,3886.43,53.61000000000013,41.805000000000064,30.0
2025-10-06,2025-10-03,3851.28,level_price,L5,3,5,3851.4625,-0.1825,0.1825,True,True,True,True,True,True,prior_range_fraction,prev_range_0.25,neutral,,0.25,3891.67,3838.06,3886.43,53.61000000000013,41.805000000000064,30.0
2025-10-06,2025-10-03,3872.61,level_price,L4,4,4,3872.053333,0.556667,0.556667,True,True,True,True,True,True,prior_hlc,previous_pivot_hlc3,neutral,,,3891.67,3838.06,3886.43,53.61000000000013,41.805000000000064,30.0
2025-10-06,2025-10-03,3892.39,level_price,L3,5,3,3891.67,0.72,0.72,True,True,True,True,True,True,prior_hlc,previous_high,neutral,,,3891.67,3838.06,3886.43,53.61000000000013,41.805000000000064,30.0
2025-10-06,2025-10-03,3911.19,level_price,L2,6,2,3911.21875,-0.02875,0.02875,True,True,True,True,True,True,green_box_quarter,green_box_2_75pct,green,2.0,0.75,3891.67,3838.06,3886.43,53.61000000000013,41.805000000000064,30.0
2025-10-06,2025-10-03,3932.0,level_price,L1,7,1,3932.12125,-0.12125,0.12125,True,True,True,True,True,True,green_box_quarter,green_box_3_25pct,green,3.0,0.25,3891.67,3838.06,3886.43,53.61000000000013,41.805000000000064,30.0
2025-10-07,2025-10-06,3710.52,level_price,L7,1,8,3738.7,-28.18,28.18,False,False,False,False,False,False,red_box_edge,red_edge_4,red,4.0,,3970.04,3884.37,3961.0,85.67000000000007,57.835000000000036,30.0
2025-10-07,2025-10-06,3895.71,level_price,L8,2,7,3895.07875,0.63125,0.63125,True,True,True,True,True,True,prior_range_fraction,prev_range_0.125,neutral,,0.125,3970.04,3884.37,3961.0,85.67000000000007,57.835000000000036,30.0
2025-10-07,2025-10-06,3927.93,level_price,L6,3,6,3927.74625,0.18375,0.18375,True,True,True,True,True,True,green_box_quarter,green_box_1_75pct,green,1.0,0.75,3970.04,3884.37,3961.0,85.67000000000007,57.835000000000036,30.0
2025-10-07,2025-10-06,3946.24,level_price,L5,4,5,3948.6225,-2.3825,2.3825,True,False,False,True,True,True,prior_range_fraction,prev_range_0.75,neutral,,0.75,3970.04,3884.37,3961.0,85.67000000000007,57.835000000000036,30.0
2025-10-07,2025-10-06,3964.13,level_price,L4,5,4,3961.0,3.13,3.13,False,False,False,False,True,True,prior_hlc,previous_close,neutral,,,3970.04,3884.37,3961.0,85.67000000000007,57.835000000000036,30.0
2025-10-07,2025-10-06,3978.02,level_price,L3,6,3,3971.1225,6.8975,6.8975,False,False,False,False,False,True,green_box_midline,green_mid_2,green,2.0,0.5,3970.04,3884.37,3961.0,85.67000000000007,57.835000000000036,30.0
2025-10-07,2025-10-06,3992.54,level_price,L2,7,2,3985.58125,6.95875,6.95875,False,False,False,False,False,True,green_box_quarter,green_box_2_75pct,green,2.0,0.75,3970.04,3884.37,3961.0,85.67000000000007,57.835000000000036,30.0
2025-10-07,2025-10-06,4005.93,level_price,L1,8,1,4000.04,5.89,5.89,False,False,False,False,False,True,green_box_edge,green_edge_2,green,2.0,,3970.04,3884.37,3961.0,85.67000000000007,57.835000000000036,30.0
2025-10-08,2025-10-07,400.59,level_price,L2,1,7,3830.54,-3429.95,3429.95,False,False,False,False,False,False,red_box_edge,red_edge_4,red,4.0,,3991.06,3940.8,3984.32,50.25999999999976,40.12999999999988,30.0
2025-10-08,2025-10-07,3910.27,level_price,L7,2,6,3910.8,-0.53,0.53,True,True,True,True,True,True,red_box_edge,red_edge_2,red,2.0,,3991.06,3940.8,3984.32,50.25999999999976,40.12999999999988,30.0
2025-10-08,2025-10-07,3929.69,level_price,L6,3,5,3930.865,-1.175,1.175,True,False,True,True,True,True,red_box_midline,red_mid_2,red,2.0,0.5,3991.06,3940.8,3984.32,50.25999999999976,40.12999999999988,30.0
2025-10-08,2025-10-07,3949.74,level_price,L5,4,4,3950.8325,-1.0925,1.0925,True,False,True,True,True,True,green_box_quarter,green_box_1_25pct,green,1.0,0.25,3991.06,3940.8,3984.32,50.25999999999976,40.12999999999988,30.0
2025-10-08,2025-10-07,3970.41,level_price,L4,5,3,3970.8975,-0.4875,0.4875,True,True,True,True,True,True,green_box_quarter,green_box_1_75pct,green,1.0,0.75,3991.06,3940.8,3984.32,50.25999999999976,40.12999999999988,30.0
2025-10-08,2025-10-07,3986.53,level_price,L3,6,2,3984.7775,1.7525,1.7525,True,False,True,True,True,True,prior_range_fraction,prev_range_0.875,neutral,,0.875,3991.06,3940.8,3984.32,50.25999999999976,40.12999999999988,30.0
2025-10-08,2025-10-07,4016.4,level_price,L1,7,1,4021.06,-4.66,4.66,False,False,False,False,True,True,green_box_edge,green_edge_2,green,2.0,,3991.06,3940.8,3984.32,50.25999999999976,40.12999999999988,30.0
2025-10-09,2025-10-08,3966.3,level_price,L8,1,8,3966.585,-0.285,0.285,True,True,True,True,True,True,red_box_quarter,red_box_2_75pct,red,2.0,0.75,4059.16,3983.36,4041.38,75.79999999999973,52.899999999999864,30.0
2025-10-09,2025-10-08,3985.35,level_price,L7,2,7,3983.36,1.99,1.99,True,False,True,True,True,True,prior_hlc,previous_low,neutral,,,4059.16,3983.36,4041.38,75.79999999999973,52.899999999999864,30.0
2025-10-09,2025-10-08,4001.52,level_price,L6,3,6,4002.31,-0.79,0.79,True,True,True,True,True,True,prior_range_fraction,prev_range_0.25,neutral,,0.25,4059.16,3983.36,4041.38,75.79999999999973,52.899999999999864,30.0
2025-10-09,2025-10-08,4019.13,level_price,L5,4,5,4019.485,-0.355,0.355,True,True,True,True,True,True,red_box_quarter,red_box_1_75pct,red,1.0,0.75,4059.16,3983.36,4041.38,75.79999999999973,52.899999999999864,30.0
2025-10-09,2025-10-08,4038.76,level_price,L4,5,4,4040.21,-1.45,1.45,True,False,True,True,True,True,prior_range_fraction,prev_range_0.75,neutral,,0.75,4059.16,3983.36,4041.38,75.79999999999973,52.899999999999864,30.0
2025-10-09,2025-10-08,4057.81,level_price,L3,6,3,4059.16,-1.35,1.35,True,False,True,True,True,True,prior_hlc,previous_high,neutral,,,4059.16,3983.36,4041.38,75.79999999999973,52.899999999999864,30.0
2025-10-09,2025-10-08,4074.84,level_price,L2,7,2,4075.935,-1.095,1.095,True,False,True,True,True,True,green_box_quarter,green_box_2_75pct,green,2.0,0.75,4059.16,3983.36,4041.38,75.79999999999973,52.899999999999864,30.0
2025-10-09,2025-10-08,4090.89,level_price,L1,8,1,4089.16,1.73,1.73,True,False,True,True,True,True,green_box_edge,green_edge_2,green,2.0,,4059.16,3983.36,4041.38,75.79999999999973,52.899999999999864,30.0
2025-10-10,2025-10-09,3869.71,level_price,L10,1,10,3861.15875,8.55125,8.55125,False,False,False,False,False,True,red_box_quarter,red_box_3_75pct,red,3.0,0.75,4057.99,3944.84,3975.96,113.14999999999964,71.57499999999982,30.0
2025-10-10,2025-10-09,3892.28,level_price,L9,2,9,3896.94625,-4.66625,4.66625,False,False,False,False,True,True,red_box_quarter,red_box_3_25pct,red,3.0,0.25,4057.99,3944.84,3975.96,113.14999999999964,71.57499999999982,30.0
2025-10-10,2025-10-09,3918.25,level_price,L8,3,8,3914.84,3.41,3.41,False,False,False,False,True,True,red_box_edge,red_edge_2,red,2.0,,4057.99,3944.84,3975.96,113.14999999999964,71.57499999999982,30.0
2025-10-10,2025-10-09,3943.24,level_price,L7,4,7,3944.84,-1.6,1.6,True,False,True,True,True,True,prior_hlc,previous_low,neutral,,,4057.99,3944.84,3975.96,113.14999999999964,71.57499999999982,30.0
2025-10-10,2025-10-09,3961.97,level_price,L6,5,6,3962.73375,-0.76375,0.76375,True,True,True,True,True,True,green_box_quarter,green_box_1_25pct,green,1.0,0.25,4057.99,3944.84,3975.96,113.14999999999964,71.57499999999982,30.0
2025-10-10,2025-10-09,3980.31,level_price,L5,6,5,3980.6275,-0.3175,0.3175,True,True,True,True,True,True,green_box_midline,green_mid_1,green,1.0,0.5,4057.99,3944.84,3975.96,113.14999999999964,71.57499999999982,30.0
2025-10-10,2025-10-09,3999.31,level_price,L4,7,4,3998.52125,0.78875,0.78875,True,True,True,True,True,True,green_box_quarter,green_box_1_75pct,green,1.0,0.75,4057.99,3944.84,3975.96,113.14999999999964,71.57499999999982,30.0
2025-10-10,2025-10-09,4016.17,level_price,L3,8,3,4016.415,-0.245,0.245,True,True,True,True,True,True,green_box_edge,green_edge_1,green,1.0,,4057.99,3944.84,3975.96,113.14999999999964,71.57499999999982,30.0
2025-10-10,2025-10-09,4033.96,level_price,L2,9,2,4034.30875,-0.34875,0.34875,True,True,True,True,True,True,green_box_quarter,green_box_2_25pct,green,2.0,0.25,4057.99,3944.84,3975.96,113.14999999999964,71.57499999999982,30.0
2025-10-10,2025-10-09,4054.84,level_price,L1,10,1,4052.2025,2.6375,2.6375,True,False,False,True,True,True,green_box_midline,green_mid_2,green,2.0,0.5,4057.99,3944.84,3975.96,113.14999999999964,71.57499999999982,30.0
2025-10-13,2025-10-10,3893.93,level_price,L10,1,10,3890.4575,3.4725,3.4725,False,False,False,False,True,True,red_box_midline,red_mid_3,red,3.0,0.5,4022.82,3946.93,4012.42,75.89000000000033,52.945000000000164,30.0
2025-10-13,2025-10-10,3918.25,level_price,L9,2,9,3916.93,1.32,1.32,True,False,True,True,True,True,red_box_edge,red_edge_2,red,2.0,,4022.82,3946.93,4012.42,75.89000000000033,52.945000000000164,30.0
2025-10-13,2025-10-10,3938.34,level_price,L8,3,8,3943.4025,-5.0625,5.0625,False,False,False,False,False,True,red_box_midline,red_mid_2,red,2.0,0.5,4022.82,3946.93,4012.42,75.89000000000033,52.945000000000164,30.0
2025-10-13,2025-10-10,3956.47,level_price,L7,4,7,3956.41625,0.05375,0.05375,True,True,True,True,True,True,prior_range_fraction,prev_range_0.125,neutral,,0.125,4022.82,3946.93,4012.42,75.89000000000033,52.945000000000164,30.0
2025-10-13,2025-10-10,3974.97,level_price,L6,5,6,3975.91998,-0.94998,0.94998,True,True,True,True,True,True,prior_range_fraction,prev_range_0.382,neutral,,0.382,4022.82,3946.93,4012.42,75.89000000000033,52.945000000000164,30.0
2025-10-13,2025-10-10,3994.06,level_price,L5,6,5,3994.056667,0.003333,0.003333,True,True,True,True,True,True,prior_hlc,previous_pivot_hlc3,neutral,,,4022.82,3946.93,4012.42,75.89000000000033,52.945000000000164,30.0
2025-10-13,2025-10-10,4010.88,level_price,L4,7,4,4009.58375,1.29625,1.29625,True,False,True,True,True,True,red_box_quarter,red_box_1_25pct,red,1.0,0.25,4022.82,3946.93,4012.42,75.89000000000033,52.945000000000164,30.0
2025-10-13,2025-10-10,4028.3,level_price,L3,8,3,4026.3475,1.9525,1.9525,True,False,True,True,True,True,green_box_midline,green_mid_2,green,2.0,0.5,4022.82,3946.93,4012.42,75.89000000000033,52.945000000000164,30.0
2025-10-13,2025-10-10,4047.29,level_price,L2,9,2,4052.82,-5.53,5.53,False,False,False,False,False,True,green_box_edge,green_edge_2,green,2.0,,4022.82,3946.93,4012.42,75.89000000000033,52.945000000000164,30.0
2025-10-13,2025-10-10,4064.42,level_price,L1,10,1,4066.05625,-1.63625,1.63625,True,False,True,True,True,True,green_box_quarter,green_box_3_25pct,green,3.0,0.25,4022.82,3946.93,4012.42,75.89000000000033,52.945000000000164,30.0
2025-10-14,2025-10-13,4043.2,level_price,L8,1,8,4042.19874,1.00126,1.00126,True,False,True,True,True,True,prior_range_fraction,prev_range_0.382,neutral,,0.382,4117.02,3995.95,4110.41,121.07000000000062,75.53500000000031,30.0
2025-10-14,2025-10-13,4061.81,level_price,L7,2,7,4060.36875,1.44125,1.44125,True,False,True,True,True,True,red_box_quarter,red_box_1_75pct,red,1.0,0.75,4117.02,3995.95,4110.41,121.07000000000062,75.53500000000031,30.0
2025-10-14,2025-10-13,4078.18,level_price,L6,3,6,4079.2525,-1.0725,1.0725,True,False,True,True,True,True,red_box_midline,red_mid_1,red,1.0,0.5,4117.02,3995.95,4110.41,121.07000000000062,75.53500000000031,30.0
2025-10-14,2025-10-13,4093.64,level_price,L5,4,5,4090.36875,3.27125,3.27125,False,False,False,False,True,True,green_box_quarter,green_box_2_25pct,green,2.0,0.25,4117.02,3995.95,4110.41,121.07000000000062,75.53500000000031,30.0
2025-10-14,2025-10-13,4108.96,level_price,L4,5,4,4109.2525,-0.2925,0.2925,True,True,True,True,True,True,green_box_midline,green_mid_2,green,2.0,0.5,4117.02,3995.95,4110.41,121.07000000000062,75.53500000000031,30.0
2025-10-14,2025-10-13,4124.18,level_price,L3,6,3,4128.13625,-3.95625,3.95625,False,False,False,False,True,True,green_box_quarter,green_box_2_75pct,green,2.0,0.75,4117.02,3995.95,4110.41,121.07000000000062,75.53500000000031,30.0
2025-10-14,2025-10-13,4137.5,level_price,L2,7,2,4128.13625,9.36375,9.36375,False,False,False,False,False,True,green_box_quarter,green_box_2_75pct,green,2.0,0.75,4117.02,3995.95,4110.41,121.07000000000062,75.53500000000031,30.0
2025-10-14,2025-10-13,4152.18,level_price,L1,8,1,4147.02,5.16,5.16,False,False,False,False,False,True,green_box_edge,green_edge_2,green,2.0,,4117.02,3995.95,4110.41,121.07000000000062,75.53500000000031,30.0
2025-10-15,2025-10-14,4061.81,level_price,L10,1,10,4060.44,1.37,1.37,True,False,True,True,True,True,red_box_edge,red_edge_2,red,2.0,,4179.74,4090.44,4142.14,89.29999999999973,59.649999999999864,30.0
2025-10-15,2025-10-14,4075.93,level_price,L9,2,9,4075.3525,0.5775,0.5775,True,True,True,True,True,True,red_box_quarter,red_box_2_75pct,red,2.0,0.75,4179.74,4090.44,4142.14,89.29999999999973,59.649999999999864,30.0
2025-10-15,2025-10-14,4090.06,level_price,L8,3,8,4090.265,-0.205,0.205,True,True,True,True,True,True,red_box_midline,red_mid_2,red,2.0,0.5,4179.74,4090.44,4142.14,89.29999999999973,59.649999999999864,30.0
2025-10-15,2025-10-14,4105.05,level_price,L7,4,7,4105.1775,-0.1275,0.1275,True,True,True,True,True,True,red_box_quarter,red_box_2_25pct,red,2.0,0.25,4179.74,4090.44,4142.14,89.29999999999973,59.649999999999864,30.0
2025-10-15,2025-10-14,4119.47,level_price,L6,5,6,4120.09,-0.62,0.62,True,True,True,True,True,True,red_box_edge,red_edge_1,red,1.0,,4179.74,4090.44,4142.14,89.29999999999973,59.649999999999864,30.0
2025-10-15,2025-10-14,4135.03,level_price,L5,6,5,4135.0025,0.0275,0.0275,True,True,True,True,True,True,red_box_quarter,red_box_1_75pct,red,1.0,0.75,4179.74,4090.44,4142.14,89.29999999999973,59.649999999999864,30.0
2025-10-15,2025-10-14,4150.06,level_price,L4,7,4,4150.09,-0.03,0.03,True,True,True,True,True,True,green_box_edge,green_edge_1,green,1.0,,4179.74,4090.44,4142.14,89.29999999999973,59.649999999999864,30.0
2025-10-15,2025-10-14,4165.0,level_price,L3,8,3,4165.0025,-0.0025,0.0025,True,True,True,True,True,True,green_box_quarter,green_box_2_25pct,green,2.0,0.25,4179.74,4090.44,4142.14,89.29999999999973,59.649999999999864,30.0
2025-10-15,2025-10-14,4178.01,level_price,L2,9,2,4179.74,-1.73,1.73,True,False,True,True,True,True,prior_hlc,previous_high,neutral,,,4179.74,4090.44,4142.14,89.29999999999973,59.649999999999864,30.0
2025-10-15,2025-10-14,4192.43,level_price,L1,10,1,4194.8275,-2.3975,2.3975,True,False,False,True,True,True,green_box_quarter,green_box_2_75pct,green,2.0,0.75,4179.74,4090.44,4142.14,89.29999999999973,59.649999999999864,30.0
2025-10-16,2025-10-15,4119.47,level_price,L10,1,10,4124.2225,-4.7525,4.7525,False,False,False,False,True,True,red_box_quarter,red_box_2_75pct,red,2.0,0.75,4218.32,4140.78,4208.11,77.53999999999996,53.76999999999998,30.0
2025-10-16,2025-10-15,4134.22,level_price,L9,2,9,4137.665,-3.445,3.445,False,False,False,False,True,True,red_box_midline,red_mid_2,red,2.0,0.5,4218.32,4140.78,4208.11,77.53999999999996,53.76999999999998,30.0
2025-10-16,2025-10-15,4148.3,level_price,L8,3,8,4150.4725,-2.1725,2.1725,True,False,False,True,True,True,prior_range_fraction,prev_range_0.125,neutral,,0.125,4218.32,4140.78,4208.11,77.53999999999996,53.76999999999998,30.0
2025-10-16,2025-10-15,4162.99,level_price,L7,4,7,4164.55,-1.56,1.56,True,False,True,True,True,True,red_box_edge,red_edge_1,red,1.0,,4218.32,4140.78,4208.11,77.53999999999996,53.76999999999998,30.0
2025-10-16,2025-10-15,4177.27,level_price,L6,5,6,4177.9925,-0.7225,0.7225,True,True,True,True,True,True,red_box_quarter,red_box_1_75pct,red,1.0,0.75,4218.32,4140.78,4208.11,77.53999999999996,53.76999999999998,30.0
2025-10-16,2025-10-15,4189.9,level_price,L5,6,5,4189.07,0.83,0.83,True,True,True,True,True,True,prior_hlc,previous_pivot_hlc3,neutral,,,4218.32,4140.78,4208.11,77.53999999999996,53.76999999999998,30.0
2025-10-16,2025-10-15,4201.69,level_price,L4,7,4,4198.935,2.755,2.755,True,False,False,True,True,True,prior_range_fraction,prev_range_0.75,neutral,,0.75,4218.32,4140.78,4208.11,77.53999999999996,53.76999999999998,30.0
2025-10-16,2025-10-15,4213.7,level_price,L3,8,3,4218.32,-4.62,4.62,False,False,False,False,True,True,prior_hlc,previous_high,neutral,,,4218.32,4140.78,4208.11,77.53999999999996,53.76999999999998,30.0
2025-10-16,2025-10-15,4226.2,level_price,L2,9,2,4221.435,4.765,4.765,False,False,False,False,True,True,green_box_midline,green_mid_2,green,2.0,0.5,4218.32,4140.78,4208.11,77.53999999999996,53.76999999999998,30.0
2025-10-16,2025-10-15,4240.67,level_price,L1,10,1,4234.8775,5.7925,5.7925,False,False,False,False,False,True,green_box_quarter,green_box_2_75pct,green,2.0,0.75,4218.32,4140.78,4208.11,77.53999999999996,53.76999999999998,30.0
2025-10-17,2025-10-16,4204.95,level_price,L11,1,11,4199.91,5.04,5.04,False,False,False,False,False,True,prior_hlc,previous_low,neutral,,,4330.58,4199.91,4325.92,130.67000000000007,80.33500000000004,30.0
2025-10-17,2025-10-16,4220.3,level_price,L10,2,10,4219.99375,0.30625,0.30625,True,True,True,True,True,True,green_box_quarter,green_box_1_25pct,green,1.0,0.25,4330.58,4199.91,4325.92,130.67000000000007,80.33500000000004,30.0
2025-10-17,2025-10-16,4236.63,level_price,L9,3,9,4240.0775,-3.4475,3.4475,False,False,False,False,True,True,green_box_midline,green_mid_1,green,1.0,0.5,4330.58,4199.91,4325.92,130.67000000000007,80.33500000000004,30.0
2025-10-17,2025-10-16,4252.4,level_price,L8,4,8,4250.245,2.155,2.155,True,False,False,True,True,True,red_box_edge,red_edge_1,red,1.0,,4330.58,4199.91,4325.92,130.67000000000007,80.33500000000004,30.0
2025-10-17,2025-10-16,4263.05,level_price,L7,5,7,4265.245,-2.195,2.195,True,False,False,True,True,True,prior_hlc,previous_mid,neutral,,,4330.58,4199.91,4325.92,130.67000000000007,80.33500000000004,30.0
2025-10-17,2025-10-16,4275.71,level_price,L6,6,6,4280.245,-4.535,4.535,False,False,False,False,True,True,green_box_edge,green_edge_1,green,1.0,,4330.58,4199.91,4325.92,130.67000000000007,80.33500000000004,30.0
2025-10-17,2025-10-16,4289.52,level_price,L5,7,5,4290.4125,-0.8925,0.8925,True,True,True,True,True,True,red_box_midline,red_mid_1,red,1.0,0.5,4330.58,4199.91,4325.92,130.67000000000007,80.33500000000004,30.0
2025-10-17,2025-10-16,4305.21,level_price,L4,8,4,4300.32875,4.88125,4.88125,False,False,False,False,True,True,green_box_quarter,green_box_2_25pct,green,2.0,0.25,4330.58,4199.91,4325.92,130.67000000000007,80.33500000000004,30.0
2025-10-17,2025-10-16,4319.48,level_price,L3,9,3,4320.4125,-0.9325,0.9325,True,True,True,True,True,True,green_box_midline,green_mid_2,green,2.0,0.5,4330.58,4199.91,4325.92,130.67000000000007,80.33500000000004,30.0
2025-10-17,2025-10-16,4334.89,level_price,L2,10,2,4330.58,4.31,4.31,False,False,False,False,True,True,prior_hlc,previous_high,neutral,,,4330.58,4199.91,4325.92,130.67000000000007,80.33500000000004,30.0
2025-10-17,2025-10-16,4347.11,level_price,L1,11,1,4340.49625,6.61375,6.61375,False,False,False,False,False,True,green_box_quarter,green_box_2_75pct,green,2.0,0.75,4330.58,4199.91,4325.92,130.67000000000007,80.33500000000004,30.0
2025-10-20,2025-10-17,4095.21,level_price,L10,1,10,4100.4625,-5.2525,5.2525,False,False,False,False,False,True,red_box_midline,red_mid_3,red,3.0,0.5,4379.6,4186.29,4252.68,193.3100000000004,111.6550000000002,30.0
2025-10-20,2025-10-17,4123.25,level_price,L9,2,9,4128.37625,-5.12625,5.12625,False,False,False,False,False,True,red_box_quarter,red_box_3_25pct,red,3.0,0.25,4379.6,4186.29,4252.68,193.3100000000004,111.6550000000002,30.0
2025-10-20,2025-10-17,4155.54,level_price,L8,3,8,4156.29,-0.75,0.75,True,True,True,True,True,True,red_box_edge,red_edge_2,red,2.0,,4379.6,4186.29,4252.68,193.3100000000004,111.6550000000002,30.0
2025-10-20,2025-10-17,4188.96,level_price,L7,4,7,4186.29,2.67,2.67,True,False,False,True,True,True,prior_hlc,previous_low,neutral,,,4379.6,4186.29,4252.68,193.3100000000004,111.6550000000002,30.0
2025-10-20,2025-10-17,4218.98,level_price,L6,5,6,4214.20375,4.77625,4.77625,False,False,False,False,True,True,green_box_quarter,green_box_1_25pct,green,1.0,0.25,4379.6,4186.29,4252.68,193.3100000000004,111.6550000000002,30.0
2025-10-20,2025-10-17,4249.57,level_price,L5,6,5,4250.726602,-1.156602,1.156602,True,False,True,True,True,True,prior_range_fraction,prev_range_0.333333,neutral,,0.333333,4379.6,4186.29,4252.68,193.3100000000004,111.6550000000002,30.0
2025-10-20,2025-10-17,4286.39,level_price,L4,7,4,4282.945,3.445,3.445,False,False,False,False,True,True,prior_hlc,previous_mid,neutral,,,4379.6,4186.29,4252.68,193.3100000000004,111.6550000000002,30.0
2025-10-20,2025-10-17,4311.03,level_price,L3,8,3,4315.163398,-4.133398,4.133398,False,False,False,False,True,True,prior_range_fraction,prev_range_0.666667,neutral,,0.666667,4379.6,4186.29,4252.68,193.3100000000004,111.6550000000002,30.0
2025-10-20,2025-10-17,4340.55,level_price,L2,9,2,4331.2725,9.2775,9.2775,False,False,False,False,False,True,prior_range_fraction,prev_range_0.75,neutral,,0.75,4379.6,4186.29,4252.68,193.3100000000004,111.6550000000002,30.0
2025-10-20,2025-10-17,4365.41,level_price,L1,10,1,4355.43625,9.97375,9.97375,False,False,False,False,False,True,prior_range_fraction,prev_range_0.875,neutral,,0.875,4379.6,4186.29,4252.68,193.3100000000004,111.6550000000002,30.0
2025-10-21,2025-10-20,4056.23,level_price,L13,1,13,4044.95,11.28,11.28,False,False,False,False,False,False,red_box_midline,red_mid_4,red,4.0,0.5,4381.37,4219.13,4356.3,162.23999999999978,96.11999999999989,30.0
2025-10-21,2025-10-20,4088.92,level_price,L12,2,12,4093.01,-4.09,4.09,False,False,False,False,True,True,red_box_edge,red_edge_3,red,3.0,,4381.37,4219.13,4356.3,162.23999999999978,96.11999999999989,30.0
2025-10-21,2025-10-20,4119.45,level_price,L11,3,11,4117.04,2.41,2.41,True,False,False,True,True,True,red_box_quarter,red_box_3_75pct,red,3.0,0.75,4381.37,4219.13,4356.3,162.23999999999978,96.11999999999989,30.0
2025-10-21,2025-10-20,4150.87,level_price,L10,4,10,4141.07,9.8,9.8,False,False,False,False,False,True,red_box_midline,red_mid_3,red,3.0,0.5,4381.37,4219.13,4356.3,162.23999999999978,96.11999999999989,30.0
2025-10-21,2025-10-20,4183.07,level_price,L9,5,9,4189.13,-6.06,6.06,False,False,False,False,False,True,red_box_edge,red_edge_2,red,2.0,,4381.37,4219.13,4356.3,162.23999999999978,96.11999999999989,30.0
2025-10-21,2025-10-20,4211.93,level_price,L8,6,8,4213.16,-1.23,1.23,True,False,True,True,True,True,red_box_quarter,red_box_2_75pct,red,2.0,0.75,4381.37,4219.13,4356.3,162.23999999999978,96.11999999999989,30.0
2025-10-21,2025-10-20,4241.47,level_price,L7,7,7,4243.16,-1.69,1.69,True,False,True,True,True,True,green_box_quarter,green_box_1_25pct,green,1.0,0.25,4381.37,4219.13,4356.3,162.23999999999978,96.11999999999989,30.0
2025-10-21,2025-10-20,4275.67,level_price,L6,8,6,4273.209946,2.460054,2.460054,True,False,False,True,True,True,prior_range_fraction,prev_range_0.333333,neutral,,0.333333,4381.37,4219.13,4356.3,162.23999999999978,96.11999999999989,30.0
2025-10-21,2025-10-20,4302.55,level_price,L5,9,5,4300.25,2.3,2.3,True,False,False,True,True,True,prior_hlc,previous_mid,neutral,,,4381.37,4219.13,4356.3,162.23999999999978,96.11999999999989,30.0
2025-10-21,2025-10-20,4336.24,level_price,L4,10,4,4333.31,2.93,2.93,True,False,False,True,True,True,red_box_midline,red_mid_1,red,1.0,0.5,4381.37,4219.13,4356.3,162.23999999999978,96.11999999999989,30.0
2025-10-21,2025-10-20,4370.45,level_price,L3,11,3,4363.31,7.14,7.14,False,False,False,False,False,True,green_box_midline,green_mid_2,green,2.0,0.5,4381.37,4219.13,4356.3,162.23999999999978,96.11999999999989,30.0
2025-10-21,2025-10-20,4397.41,level_price,L2,12,2,4387.34,10.07,10.07,False,False,False,False,False,False,green_box_quarter,green_box_2_75pct,green,2.0,0.75,4381.37,4219.13,4356.3,162.23999999999978,96.11999999999989,30.0
2025-10-21,2025-10-20,4429.11,level_price,L1,13,1,4435.4,-6.29,6.29,False,False,False,False,False,True,green_box_quarter,green_box_3_25pct,green,3.0,0.25,4381.37,4219.13,4356.3,162.23999999999978,96.11999999999989,30.0
2025-10-22,2025-10-21,3953.61,level_price,L12,1,12,3971.6475,-18.0375,18.0375,False,False,False,False,False,False,red_box_midline,red_mid_3,red,3.0,0.5,4375.41,4082.4,4124.9,293.00999999999976,161.50499999999988,30.0
2025-10-22,2025-10-21,3995.56,level_price,L11,2,11,4012.02375,-16.46375,16.46375,False,False,False,False,False,False,red_box_quarter,red_box_3_25pct,red,3.0,0.25,4375.41,4082.4,4124.9,293.00999999999976,161.50499999999988,30.0
2025-10-22,2025-10-21,4037.7,level_price,L10,3,10,4052.4,-14.7,14.7,False,False,False,False,False,False,red_box_edge,red_edge_2,red,2.0,,4375.41,4082.4,4124.9,293.00999999999976,161.50499999999988,30.0
2025-10-22,2025-10-21,4077.24,level_price,L9,4,9,4082.4,-5.16,5.16,False,False,False,False,False,True,prior_hlc,previous_low,neutral,,,4375.41,4082.4,4124.9,293.00999999999976,161.50499999999988,30.0
2025-10-22,2025-10-21,4107.28,level_price,L8,5,8,4119.02625,-11.74625,11.74625,False,False,False,False,False,False,prior_range_fraction,prev_range_0.125,neutral,,0.125,4375.41,4082.4,4124.9,293.00999999999976,161.50499999999988,30.0
2025-10-22,2025-10-21,4144.81,level_price,L7,6,7,4155.6525,-10.8425,10.8425,False,False,False,False,False,False,prior_range_fraction,prev_range_0.25,neutral,,0.25,4375.41,4082.4,4124.9,293.00999999999976,161.50499999999988,30.0
2025-10-22,2025-10-21,4182.91,level_price,L6,7,6,4180.069902,2.840098,2.840098,True,False,False,True,True,True,prior_range_fraction,prev_range_0.333333,neutral,,0.333333,4375.41,4082.4,4124.9,293.00999999999976,161.50499999999988,30.0
2025-10-22,2025-10-21,4216.07,level_price,L5,8,5,4213.905,2.165,2.165,True,False,False,True,True,True,red_box_edge,red_edge_1,red,1.0,,4375.41,4082.4,4124.9,293.00999999999976,161.50499999999988,30.0
2025-10-22,2025-10-21,4243.57,level_price,L4,9,4,4243.905,-0.335,0.335,True,True,True,True,True,True,green_box_edge,green_edge_1,green,1.0,,4375.41,4082.4,4124.9,293.00999999999976,161.50499999999988,30.0
2025-10-22,2025-10-21,4270.89,level_price,L3,10,3,4277.740098,-6.850098,6.850098,False,False,False,False,False,True,prior_range_fraction,prev_range_0.666667,neutral,,0.666667,4375.41,4082.4,4124.9,293.00999999999976,161.50499999999988,30.0
2025-10-22,2025-10-21,4299.19,level_price,L2,11,2,4302.1575,-2.9675,2.9675,True,False,False,True,True,True,prior_range_fraction,prev_range_0.75,neutral,,0.75,4375.41,4082.4,4124.9,293.00999999999976,161.50499999999988,30.0
2025-10-22,2025-10-21,4332.27,level_price,L1,12,1,4335.03375,-2.76375,2.76375,True,False,False,True,True,True,red_box_quarter,red_box_1_25pct,red,1.0,0.25,4375.41,4082.4,4124.9,293.00999999999976,161.50499999999988,30.0
2025-10-23,2025-10-22,3950.64,level_price,L10,1,10,3951.33125,-0.69125,0.69125,True,True,True,True,True,True,red_box_quarter,red_box_3_25pct,red,3.0,0.25,4161.29,4004.66,4098.38,156.6300000000001,93.31500000000005,30.0
2025-10-23,2025-10-22,3990.15,level_price,L9,2,9,3997.98875,-7.83875,7.83875,False,False,False,False,False,True,red_box_quarter,red_box_2_75pct,red,2.0,0.75,4161.29,4004.66,4098.38,156.6300000000001,93.31500000000005,30.0
2025-10-23,2025-10-22,4026.86,level_price,L8,3,8,4027.98875,-1.12875,1.12875,True,False,True,True,True,True,green_box_quarter,green_box_1_25pct,green,1.0,0.25,4161.29,4004.66,4098.38,156.6300000000001,93.31500000000005,30.0
2025-10-23,2025-10-22,4068.85,level_price,L7,4,7,4067.975,0.875,0.875,True,True,True,True,True,True,red_box_edge,red_edge_1,red,1.0,,4161.29,4004.66,4098.38,156.6300000000001,93.31500000000005,30.0
2025-10-23,2025-10-22,4104.93,level_price,L6,5,6,4101.45734,3.47266,3.47266,False,False,False,False,True,True,prior_range_fraction,prev_range_0.618,neutral,,0.618,4161.29,4004.66,4098.38,156.6300000000001,93.31500000000005,30.0
2025-10-23,2025-10-22,4147.32,level_price,L5,6,5,4144.6325,2.6875,2.6875,True,False,False,True,True,True,green_box_midline,green_mid_2,green,2.0,0.5,4161.29,4004.66,4098.38,156.6300000000001,93.31500000000005,30.0
2025-10-23,2025-10-22,4177.89,level_price,L4,7,4,4167.96125,9.92875,9.92875,False,False,False,False,False,True,green_box_quarter,green_box_2_75pct,green,2.0,0.75,4161.29,4004.66,4098.38,156.6300000000001,93.31500000000005,30.0
2025-10-23,2025-10-22,4207.88,level_price,L3,8,3,4214.61875,-6.73875,6.73875,False,False,False,False,False,True,green_box_quarter,green_box_3_25pct,green,3.0,0.25,4161.29,4004.66,4098.38,156.6300000000001,93.31500000000005,30.0
2025-10-23,2025-10-22,4240.46,level_price,L2,9,2,4237.9475,2.5125,2.5125,True,False,False,True,True,True,green_box_midline,green_mid_3,green,3.0,0.5,4161.29,4004.66,4098.38,156.6300000000001,93.31500000000005,30.0
2025-10-23,2025-10-22,4270.89,level_price,L1,10,1,4261.27625,9.61375,9.61375,False,False,False,False,False,True,green_box_quarter,green_box_3_75pct,green,3.0,0.75,4161.29,4004.66,4098.38,156.6300000000001,93.31500000000005,30.0
2025-10-24,2025-10-23,3951.82,level_price,L10,1,10,3947.1375,4.6825,4.6825,False,False,False,False,True,True,red_box_midline,red_mid_4,red,4.0,0.5,4154.74,4066.11,4125.98,88.62999999999965,59.31499999999983,30.0
2025-10-24,2025-10-23,3986.41,level_price,L9,2,9,3991.62375,-5.21375,5.21375,False,False,False,False,False,True,red_box_quarter,red_box_3_75pct,red,3.0,0.75,4154.74,4066.11,4125.98,88.62999999999965,59.31499999999983,30.0
2025-10-24,2025-10-23,4021.92,level_price,L8,3,8,4021.28125,0.63875,0.63875,True,True,True,True,True,True,red_box_quarter,red_box_3_25pct,red,3.0,0.25,4154.74,4066.11,4125.98,88.62999999999965,59.31499999999983,30.0
2025-10-24,2025-10-23,4061.44,level_price,L7,4,7,4065.7675,-4.3275,4.3275,False,False,False,False,True,True,red_box_midline,red_mid_2,red,2.0,0.5,4154.74,4066.11,4125.98,88.62999999999965,59.31499999999983,30.0
2025-10-24,2025-10-23,4099.72,level_price,L6,5,6,4099.96666,-0.24666,0.24666,True,True,True,True,True,True,prior_range_fraction,prev_range_0.382,neutral,,0.382,4154.74,4066.11,4125.98,88.62999999999965,59.31499999999983,30.0
2025-10-24,2025-10-23,4135.65,level_price,L5,6,5,4132.5825,3.0675,3.0675,False,False,False,False,True,True,prior_range_fraction,prev_range_0.75,neutral,,0.75,4154.74,4066.11,4125.98,88.62999999999965,59.31499999999983,30.0
2025-10-24,2025-10-23,4171.67,level_price,L4,7,4,4169.91125,1.75875,1.75875,True,False,True,True,True,True,green_box_quarter,green_box_2_75pct,green,2.0,0.75,4154.74,4066.11,4125.98,88.62999999999965,59.31499999999983,30.0
2025-10-24,2025-10-23,4203.98,level_price,L3,8,3,4199.56875,4.41125,4.41125,False,False,False,False,True,True,green_box_quarter,green_box_3_25pct,green,3.0,0.25,4154.74,4066.11,4125.98,88.62999999999965,59.31499999999983,30.0
2025-10-24,2025-10-23,4238.0,level_price,L2,9,2,4244.055,-6.055,6.055,False,False,False,False,False,True,green_box_edge,green_edge_3,green,3.0,,4154.74,4066.11,4125.98,88.62999999999965,59.31499999999983,30.0
2025-10-24,2025-10-23,4267.73,level_price,L1,10,1,4273.7125,-5.9825,5.9825,False,False,False,False,False,True,green_box_midline,green_mid_4,green,4.0,0.5,4154.74,4066.11,4125.98,88.62999999999965,59.31499999999983,30.0
2025-10-27,2025-10-24,3943.97,level_price,L10,1,10,3949.425,-5.455,5.455,False,False,False,False,False,True,red_box_edge,red_edge_3,red,3.0,,4144.5,4044.45,4112.26,100.05000000000018,65.02500000000009,30.0
2025-10-27,2025-10-24,3979.85,level_price,L9,2,9,3981.9375,-2.0875,2.0875,True,False,False,True,True,True,red_box_midline,red_mid_3,red,3.0,0.5,4144.5,4044.45,4112.26,100.05000000000018,65.02500000000009,30.0
2025-10-27,2025-10-24,4016.74,level_price,L8,3,8,4014.45,2.29,2.29,True,False,False,True,True,True,red_box_edge,red_edge_2,red,2.0,,4144.5,4044.45,4112.26,100.05000000000018,65.02500000000009,30.0
2025-10-27,2025-10-24,4056.5,level_price,L7,4,7,4056.95625,-0.45625,0.45625,True,True,True,True,True,True,prior_range_fraction,prev_range_0.125,neutral,,0.125,4144.5,4044.45,4112.26,100.05000000000018,65.02500000000009,30.0
2025-10-27,2025-10-24,4091.91,level_price,L6,5,6,4093.21875,-1.30875,1.30875,True,False,True,True,True,True,green_box_quarter,green_box_1_75pct,green,1.0,0.75,4144.5,4044.45,4112.26,100.05000000000018,65.02500000000009,30.0
2025-10-27,2025-10-24,4129.36,level_price,L5,6,5,4128.24375,1.11625,1.11625,True,False,True,True,True,True,red_box_quarter,red_box_1_25pct,red,1.0,0.25,4144.5,4044.45,4112.26,100.05000000000018,65.02500000000009,30.0
2025-10-27,2025-10-24,4166.24,level_price,L4,7,4,4158.24375,7.99625,7.99625,False,False,False,False,False,True,green_box_quarter,green_box_2_75pct,green,2.0,0.75,4144.5,4044.45,4112.26,100.05000000000018,65.02500000000009,30.0
2025-10-27,2025-10-24,4201.4,level_price,L3,8,3,4207.0125,-5.6125,5.6125,False,False,False,False,False,True,green_box_midline,green_mid_3,green,3.0,0.5,4144.5,4044.45,4112.26,100.05000000000018,65.02500000000009,30.0
2025-10-27,2025-10-24,4233.42,level_price,L2,9,2,4239.525,-6.105,6.105,False,False,False,False,False,True,green_box_edge,green_edge_3,green,3.0,,4144.5,4044.45,4112.26,100.05000000000018,65.02500000000009,30.0
2025-10-27,2025-10-24,4264.3,level_price,L1,10,1,4272.0375,-7.7375,7.7375,False,False,False,False,False,True,green_box_midline,green_mid_4,green,4.0,0.5,4144.5,4044.45,4112.26,100.05000000000018,65.02500000000009,30.0
2025-10-28,2025-10-27,3803.59,level_price,L13,1,13,3794.885,8.705,8.705,False,False,False,False,False,True,red_box_quarter,red_box_4_75pct,red,4.0,0.75,4109.21,3971.57,3981.07,137.63999999999987,83.81999999999994,30.0
2025-10-28,2025-10-27,3840.56,level_price,L12,2,12,3836.795,3.765,3.765,False,False,False,False,True,True,red_box_quarter,red_box_4_25pct,red,4.0,0.25,4109.21,3971.57,3981.07,137.63999999999987,83.81999999999994,30.0
2025-10-28,2025-10-27,3880.23,level_price,L11,3,11,3878.705,1.525,1.525,True,False,True,True,True,True,red_box_quarter,red_box_3_75pct,red,3.0,0.75,4109.21,3971.57,3981.07,137.63999999999987,83.81999999999994,30.0
2025-10-28,2025-10-27,3922.61,level_price,L10,4,10,3920.615,1.995,1.995,True,False,True,True,True,True,red_box_quarter,red_box_3_25pct,red,3.0,0.25,4109.21,3971.57,3981.07,137.63999999999987,83.81999999999994,30.0
2025-10-28,2025-10-27,3948.47,level_price,L9,5,9,3941.57,6.9,6.9,False,False,False,False,False,True,red_box_edge,red_edge_2,red,2.0,,4109.21,3971.57,3981.07,137.63999999999987,83.81999999999994,30.0
2025-10-28,2025-10-27,3986.58,level_price,L8,6,8,3988.775,-2.195,2.195,True,False,False,True,True,True,prior_range_fraction,prev_range_0.125,neutral,,0.125,4109.21,3971.57,3981.07,137.63999999999987,83.81999999999994,30.0
2025-10-28,2025-10-27,4025.25,level_price,L7,7,7,4025.39,-0.14,0.14,True,True,True,True,True,True,red_box_edge,red_edge_1,red,1.0,,4109.21,3971.57,3981.07,137.63999999999987,83.81999999999994,30.0
2025-10-28,2025-10-27,4059.5,level_price,L6,8,6,4056.63152,2.86848,2.86848,True,False,False,True,True,True,prior_range_fraction,prev_range_0.618,neutral,,0.618,4109.21,3971.57,3981.07,137.63999999999987,83.81999999999994,30.0
2025-10-28,2025-10-27,4092.09,level_price,L5,9,5,4092.005,0.085,0.085,True,True,True,True,True,True,prior_range_fraction,prev_range_0.875,neutral,,0.875,4109.21,3971.57,3981.07,137.63999999999987,83.81999999999994,30.0
2025-10-28,2025-10-27,4133.51,level_price,L4,10,4,4139.21,-5.7,5.7,False,False,False,False,False,True,green_box_edge,green_edge_2,green,2.0,,4109.21,3971.57,3981.07,137.63999999999987,83.81999999999994,30.0
2025-10-28,2025-10-27,4169.97,level_price,L3,11,3,4160.165,9.805,9.805,False,False,False,False,False,True,green_box_quarter,green_box_3_25pct,green,3.0,0.25,4109.21,3971.57,3981.07,137.63999999999987,83.81999999999994,30.0
2025-10-28,2025-10-27,4203.67,level_price,L2,12,2,4202.075,1.595,1.595,True,False,True,True,True,True,green_box_quarter,green_box_3_75pct,green,3.0,0.75,4109.21,3971.57,3981.07,137.63999999999987,83.81999999999994,30.0
2025-10-28,2025-10-27,4236.81,level_price,L1,13,1,4243.985,-7.175,7.175,False,False,False,False,False,True,green_box_quarter,green_box_4_25pct,green,4.0,0.25,4109.21,3971.57,3981.07,137.63999999999987,83.81999999999994,30.0
2025-10-29,2025-10-28,3862.83,level_price,L10,1,10,3856.62,6.21,6.21,False,False,False,False,False,True,red_box_edge,red_edge_2,red,2.0,,4019.72,3886.62,3952.66,133.0999999999999,81.54999999999995,30.0
2025-10-29,2025-10-28,3894.41,level_price,L9,2,9,3897.395,-2.985,2.985,True,False,False,True,True,True,red_box_midline,red_mid_2,red,2.0,0.5,4019.72,3886.62,3952.66,133.0999999999999,81.54999999999995,30.0
2025-10-29,2025-10-28,3927.38,level_price,L8,3,8,3927.395,-0.015,0.015,True,True,True,True,True,True,green_box_midline,green_mid_1,green,1.0,0.5,4019.72,3886.62,3952.66,133.0999999999999,81.54999999999995,30.0
2025-10-29,2025-10-28,3960.38,level_price,L7,4,7,3958.5575,1.8225,1.8225,True,False,True,True,True,True,red_box_quarter,red_box_1_75pct,red,1.0,0.75,4019.72,3886.62,3952.66,133.0999999999999,81.54999999999995,30.0
2025-10-29,2025-10-28,3988.68,level_price,L6,5,6,3988.5575,0.1225,0.1225,True,True,True,True,True,True,green_box_quarter,green_box_2_25pct,green,2.0,0.25,4019.72,3886.62,3952.66,133.0999999999999,81.54999999999995,30.0
2025-10-29,2025-10-28,4020.72,level_price,L5,6,5,4019.72,1.0,1.0,True,True,True,True,True,True,prior_hlc,previous_high,neutral,,,4019.72,3886.62,3952.66,133.0999999999999,81.54999999999995,30.0
2025-10-29,2025-10-28,4053.69,level_price,L4,7,4,4049.72,3.97,3.97,False,False,False,False,True,True,green_box_edge,green_edge_2,green,2.0,,4019.72,3886.62,3952.66,133.0999999999999,81.54999999999995,30.0
2025-10-29,2025-10-28,4086.66,level_price,L3,8,3,4090.495,-3.835,3.835,False,False,False,False,True,True,green_box_midline,green_mid_3,green,3.0,0.5,4019.72,3886.62,3952.66,133.0999999999999,81.54999999999995,30.0
2025-10-29,2025-10-28,4114.99,level_price,L2,9,2,4110.8825,4.1075,4.1075,False,False,False,False,True,True,green_box_quarter,green_box_3_75pct,green,3.0,0.75,4019.72,3886.62,3952.66,133.0999999999999,81.54999999999995,30.0
2025-10-29,2025-10-28,4151.21,level_price,L1,10,1,4151.6575,-0.4475,0.4475,True,True,True,True,True,True,green_box_quarter,green_box_4_25pct,green,4.0,0.25,4019.72,3886.62,3952.66,133.0999999999999,81.54999999999995,30.0
2025-10-30,2025-10-29,3806.11,level_price,L13,1,13,3811.195,-5.085,5.085,False,False,False,False,False,True,red_box_edge,red_edge_3,red,3.0,,4030.15,3914.18,3930.12,115.97000000000025,72.98500000000013,30.0
2025-10-30,2025-10-29,3835.68,level_price,L12,2,12,3829.44125,6.23875,6.23875,False,False,False,False,False,True,red_box_quarter,red_box_3_75pct,red,3.0,0.75,4030.15,3914.18,3930.12,115.97000000000025,72.98500000000013,30.0
2025-10-30,2025-10-29,3868.44,level_price,L11,3,11,3865.93375,2.50625,2.50625,True,False,False,True,True,True,red_box_quarter,red_box_3_25pct,red,3.0,0.25,4030.15,3914.18,3930.12,115.97000000000025,72.98500000000013,30.0
2025-10-30,2025-10-29,3898.53,level_price,L10,4,10,3902.42625,-3.89625,3.89625,False,False,False,False,True,True,red_box_quarter,red_box_2_75pct,red,2.0,0.75,4030.15,3914.18,3930.12,115.97000000000025,72.98500000000013,30.0
2025-10-30,2025-10-29,3931.35,level_price,L9,5,9,3932.42625,-1.07625,1.07625,True,False,True,True,True,True,green_box_quarter,green_box_1_25pct,green,1.0,0.25,4030.15,3914.18,3930.12,115.97000000000025,72.98500000000013,30.0
2025-10-30,2025-10-29,3963.72,level_price,L8,6,8,3968.91875,-5.19875,5.19875,False,False,False,False,False,True,green_box_quarter,green_box_1_75pct,green,1.0,0.75,4030.15,3914.18,3930.12,115.97000000000025,72.98500000000013,30.0
2025-10-30,2025-10-29,3991.27,level_price,L7,7,7,3991.493372,-0.223372,0.223372,True,True,True,True,True,True,prior_range_fraction,prev_range_0.666667,neutral,,0.666667,4030.15,3914.18,3930.12,115.97000000000025,72.98500000000013,30.0
2025-10-30,2025-10-29,4023.85,level_price,L6,8,6,4023.6575,0.1925,0.1925,True,True,True,True,True,True,green_box_midline,green_mid_2,green,2.0,0.5,4030.15,3914.18,3930.12,115.97000000000025,72.98500000000013,30.0
2025-10-30,2025-10-29,4056.8,level_price,L5,9,5,4060.15,-3.35,3.35,False,False,False,False,True,True,green_box_edge,green_edge_2,green,2.0,,4030.15,3914.18,3930.12,115.97000000000025,72.98500000000013,30.0
2025-10-30,2025-10-29,4090.3,level_price,L4,10,4,4096.6425,-6.3425,6.3425,False,False,False,False,False,True,green_box_midline,green_mid_3,green,3.0,0.5,4030.15,3914.18,3930.12,115.97000000000025,72.98500000000013,30.0
2025-10-30,2025-10-29,4127.53,level_price,L3,11,3,4133.135,-5.605,5.605,False,False,False,False,False,True,green_box_edge,green_edge_3,green,3.0,,4030.15,3914.18,3930.12,115.97000000000025,72.98500000000013,30.0
2025-10-30,2025-10-29,4155.78,level_price,L2,12,2,4151.38125,4.39875,4.39875,False,False,False,False,True,True,green_box_quarter,green_box_4_25pct,green,4.0,0.25,4030.15,3914.18,3930.12,115.97000000000025,72.98500000000013,30.0
2025-10-30,2025-10-29,4182.25,level_price,L1,13,1,4187.87375,-5.62375,5.62375,False,False,False,False,False,True,green_box_quarter,green_box_4_75pct,green,4.0,0.75,4030.15,3914.18,3930.12,115.97000000000025,72.98500000000013,30.0
2025-10-31,2025-10-30,3866.57,level_price,L10,1,10,3867.72875,-1.15875,1.15875,True,False,True,True,True,True,red_box_quarter,red_box_3_25pct,red,3.0,0.25,4027.22,3915.45,4024.28,111.76999999999998,70.88499999999999,30.0
2025-10-31,2025-10-30,3895.84,level_price,L9,2,9,3903.17125,-7.33125,7.33125,False,False,False,False,False,True,red_box_quarter,red_box_2_75pct,red,2.0,0.75,4027.22,3915.45,4024.28,111.76999999999998,70.88499999999999,30.0
2025-10-31,2025-10-30,3928.48,level_price,L8,3,8,3929.42125,-0.94125,0.94125,True,True,True,True,True,True,prior_range_fraction,prev_range_0.125,neutral,,0.125,4027.22,3915.45,4024.28,111.76999999999998,70.88499999999999,30.0
2025-10-31,2025-10-30,3959.89,level_price,L7,4,7,3958.14614,1.74386,1.74386,True,False,True,True,True,True,prior_range_fraction,prev_range_0.382,neutral,,0.382,4027.22,3915.45,4024.28,111.76999999999998,70.88499999999999,30.0
2025-10-31,2025-10-30,3988.15,level_price,L6,5,6,3988.983333,-0.833333,0.833333,True,True,True,True,True,True,prior_hlc,previous_pivot_hlc3,neutral,,,4027.22,3915.45,4024.28,111.76999999999998,70.88499999999999,30.0
2025-10-31,2025-10-30,4020.43,level_price,L5,6,5,4021.7775,-1.3475,1.3475,True,False,True,True,True,True,green_box_midline,green_mid_2,green,2.0,0.5,4027.22,3915.45,4024.28,111.76999999999998,70.88499999999999,30.0
2025-10-31,2025-10-30,4053.95,level_price,L4,7,4,4057.22,-3.27,3.27,False,False,False,False,True,True,green_box_edge,green_edge_2,green,2.0,,4027.22,3915.45,4024.28,111.76999999999998,70.88499999999999,30.0
2025-10-31,2025-10-30,4086.07,level_price,L3,8,3,4092.6625,-6.5925,6.5925,False,False,False,False,False,True,green_box_midline,green_mid_3,green,3.0,0.5,4027.22,3915.45,4024.28,111.76999999999998,70.88499999999999,30.0
2025-10-31,2025-10-30,4122.76,level_price,L2,9,2,4128.105,-5.345,5.345,False,False,False,False,False,True,green_box_edge,green_edge_3,green,3.0,,4027.22,3915.45,4024.28,111.76999999999998,70.88499999999999,30.0
2025-10-31,2025-10-30,4152.19,level_price,L1,10,1,4145.82625,6.36375,6.36375,False,False,False,False,False,True,green_box_quarter,green_box_4_25pct,green,4.0,0.25,4027.22,3915.45,4024.28,111.76999999999998,70.88499999999999,30.0
2025-11-03,2025-10-31,3837.35,level_price,L11,1,11,3838.23,-0.88,0.88,True,True,True,True,True,True,red_box_edge,red_edge_4,red,4.0,,4046.21,3972.22,4002.19,73.99000000000024,51.99500000000012,30.0
2025-11-03,2025-10-31,3866.57,level_price,L10,2,10,3864.2275,2.3425,2.3425,True,False,False,True,True,True,red_box_midline,red_mid_4,red,4.0,0.5,4046.21,3972.22,4002.19,73.99000000000024,51.99500000000012,30.0
2025-11-03,2025-10-31,3893.67,level_price,L9,3,9,3890.225,3.445,3.445,False,False,False,False,True,True,red_box_edge,red_edge_3,red,3.0,,4046.21,3972.22,4002.19,73.99000000000024,51.99500000000012,30.0
2025-11-03,2025-10-31,3922.86,level_price,L8,4,8,3929.22125,-6.36125,6.36125,False,False,False,False,False,True,red_box_quarter,red_box_3_25pct,red,3.0,0.25,4046.21,3972.22,4002.19,73.99000000000024,51.99500000000012,30.0
2025-11-03,2025-10-31,3953.24,level_price,L7,5,7,3955.21875,-1.97875,1.97875,True,False,True,True,True,True,red_box_quarter,red_box_2_75pct,red,2.0,0.75,4046.21,3972.22,4002.19,73.99000000000024,51.99500000000012,30.0
2025-11-03,2025-10-31,3985.4,level_price,L6,6,6,3985.21875,0.18125,0.18125,True,True,True,True,True,True,green_box_quarter,green_box_1_25pct,green,1.0,0.25,4046.21,3972.22,4002.19,73.99000000000024,51.99500000000012,30.0
2025-11-03,2025-10-31,4013.99,level_price,L5,7,5,4011.21625,2.77375,2.77375,True,False,False,True,True,True,green_box_quarter,green_box_1_75pct,green,1.0,0.75,4046.21,3972.22,4002.19,73.99000000000024,51.99500000000012,30.0
2025-11-03,2025-10-31,4042.58,level_price,L4,8,4,4046.21,-3.63,3.63,False,False,False,False,True,True,prior_hlc,previous_high,neutral,,,4046.21,3972.22,4002.19,73.99000000000024,51.99500000000012,30.0
2025-11-03,2025-10-31,4069.98,level_price,L3,9,3,4076.21,-6.23,6.23,False,False,False,False,False,True,green_box_edge,green_edge_2,green,2.0,,4046.21,3972.22,4002.19,73.99000000000024,51.99500000000012,30.0
2025-11-03,2025-10-31,4097.98,level_price,L2,10,2,4102.2075,-4.2275,4.2275,False,False,False,False,True,True,green_box_midline,green_mid_3,green,3.0,0.5,4046.21,3972.22,4002.19,73.99000000000024,51.99500000000012,30.0
2025-11-03,2025-10-31,4127.76,level_price,L1,11,1,4128.205,-0.445,0.445,True,True,True,True,True,True,green_box_edge,green_edge_3,green,3.0,,4046.21,3972.22,4002.19,73.99000000000024,51.99500000000012,30.0
2025-11-04,2025-11-03,3866.57,level_price,L10,1,10,3870.76875,-4.19875,4.19875,False,False,False,False,True,True,red_box_quarter,red_box_4_25pct,red,4.0,0.25,4030.62,3962.25,4001.26,68.36999999999989,49.184999999999945,30.0
2025-11-04,2025-11-03,3896.95,level_price,L9,2,9,3895.36125,1.58875,1.58875,True,False,True,True,True,True,red_box_quarter,red_box_3_75pct,red,3.0,0.75,4030.62,3962.25,4001.26,68.36999999999989,49.184999999999945,30.0
2025-11-04,2025-11-03,3921.79,level_price,L8,3,8,3919.95375,1.83625,1.83625,True,False,True,True,True,True,red_box_quarter,red_box_3_25pct,red,3.0,0.25,4030.62,3962.25,4001.26,68.36999999999989,49.184999999999945,30.0
2025-11-04,2025-11-03,3947.62,level_price,L7,4,7,3944.54625,3.07375,3.07375,False,False,False,False,True,True,red_box_quarter,red_box_2_75pct,red,2.0,0.75,4030.62,3962.25,4001.26,68.36999999999989,49.184999999999945,30.0
2025-11-04,2025-11-03,3978.19,level_price,L6,5,6,3979.3425,-1.1525,1.1525,True,False,True,True,True,True,prior_range_fraction,prev_range_0.25,neutral,,0.25,4030.62,3962.25,4001.26,68.36999999999989,49.184999999999945,30.0
2025-11-04,2025-11-03,4011.32,level_price,L5,6,5,4011.435,-0.115,0.115,True,True,True,True,True,True,green_box_edge,green_edge_1,green,1.0,,4030.62,3962.25,4001.26,68.36999999999989,49.184999999999945,30.0
2025-11-04,2025-11-03,4037.15,level_price,L4,7,4,4036.0275,1.1225,1.1225,True,False,True,True,True,True,green_box_midline,green_mid_2,green,2.0,0.5,4030.62,3962.25,4001.26,68.36999999999989,49.184999999999945,30.0
2025-11-04,2025-11-03,4065.22,level_price,L3,8,3,4060.62,4.6,4.6,False,False,False,False,True,True,green_box_edge,green_edge_2,green,2.0,,4030.62,3962.25,4001.26,68.36999999999989,49.184999999999945,30.0
2025-11-04,2025-11-03,4093.21,level_price,L2,9,2,4097.50875,-4.29875,4.29875,False,False,False,False,True,True,green_box_quarter,green_box_3_75pct,green,3.0,0.75,4030.62,3962.25,4001.26,68.36999999999989,49.184999999999945,30.0
2025-11-04,2025-11-03,4121.8,level_price,L1,10,1,4122.10125,-0.30125,0.30125,True,True,True,True,True,True,green_box_quarter,green_box_4_25pct,green,4.0,0.25,4030.62,3962.25,4001.26,68.36999999999989,49.184999999999945,30.0
2025-11-05,2025-11-04,3861.69,level_price,L8,1,8,3858.70875,2.98125,2.98125,True,False,False,True,True,True,red_box_quarter,red_box_3_75pct,red,3.0,0.75,4005.82,3928.83,3931.9,76.99000000000024,53.49500000000012,30.0
2025-11-05,2025-11-04,3888.49,level_price,L7,2,7,3885.45625,3.03375,3.03375,False,False,False,False,True,True,red_box_quarter,red_box_3_25pct,red,3.0,0.25,4005.82,3928.83,3931.9,76.99000000000024,53.49500000000012,30.0
2025-11-05,2025-11-04,3916.74,level_price,L6,3,6,3912.20375,4.53625,4.53625,False,False,False,False,True,True,red_box_quarter,red_box_2_75pct,red,2.0,0.75,4005.82,3928.83,3931.9,76.99000000000024,53.49500000000012,30.0
2025-11-05,2025-11-04,3944.85,level_price,L5,4,5,3942.20375,2.64625,2.64625,True,False,False,True,True,True,green_box_quarter,green_box_1_25pct,green,1.0,0.25,4005.82,3928.83,3931.9,76.99000000000024,53.49500000000012,30.0
2025-11-05,2025-11-04,3973.68,level_price,L4,5,4,3976.40982,-2.72982,2.72982,True,False,False,True,True,True,prior_range_fraction,prev_range_0.618,neutral,,0.618,4005.82,3928.83,3931.9,76.99000000000024,53.49500000000012,30.0
2025-11-05,2025-11-04,4004.12,level_price,L3,6,3,4005.82,-1.7,1.7,True,False,True,True,True,True,prior_hlc,previous_high,neutral,,,4005.82,3928.83,3931.9,76.99000000000024,53.49500000000012,30.0
2025-11-05,2025-11-04,4032.63,level_price,L2,7,2,4035.82,-3.19,3.19,False,False,False,False,True,True,green_box_edge,green_edge_2,green,2.0,,4005.82,3928.83,3931.9,76.99000000000024,53.49500000000012,30.0
2025-11-05,2025-11-04,4059.19,level_price,L1,8,1,4062.5675,-3.3775,3.3775,False,False,False,False,True,True,green_box_midline,green_mid_3,green,3.0,0.5,4005.82,3928.83,3931.9,76.99000000000024,53.49500000000012,30.0
2025-11-06,2025-11-05,3863.9,level_price,L10,1,10,3864.9725,-1.0725,1.0725,True,False,True,True,True,True,red_box_quarter,red_box_3_75pct,red,3.0,0.75,3990.51,3929.21,3979.04,61.30000000000018,45.65000000000009,30.0
2025-11-06,2025-11-05,3893.08,level_price,L9,2,9,3887.7975,5.2825,5.2825,False,False,False,False,False,True,red_box_quarter,red_box_3_25pct,red,3.0,0.25,3990.51,3929.21,3979.04,61.30000000000018,45.65000000000009,30.0
2025-11-06,2025-11-05,3919.88,level_price,L8,3,8,3922.035,-2.155,2.155,True,False,False,True,True,True,red_box_midline,red_mid_2,red,2.0,0.5,3990.51,3929.21,3979.04,61.30000000000018,45.65000000000009,30.0
2025-11-06,2025-11-05,3946.09,level_price,L7,4,7,3944.86,1.23,1.23,True,False,True,True,True,True,red_box_edge,red_edge_1,red,1.0,,3990.51,3929.21,3979.04,61.30000000000018,45.65000000000009,30.0
2025-11-06,2025-11-05,3971.33,level_price,L6,5,6,3970.076687,1.253313,1.253313,True,False,True,True,True,True,prior_range_fraction,prev_range_0.666667,neutral,,0.666667,3990.51,3929.21,3979.04,61.30000000000018,45.65000000000009,30.0
2025-11-06,2025-11-05,3999.38,level_price,L5,6,5,3997.685,1.695,1.695,True,False,True,True,True,True,green_box_midline,green_mid_2,green,2.0,0.5,3990.51,3929.21,3979.04,61.30000000000018,45.65000000000009,30.0
2025-11-06,2025-11-05,4026.17,level_price,L4,7,4,4020.51,5.66,5.66,False,False,False,False,False,True,green_box_edge,green_edge_2,green,2.0,,3990.51,3929.21,3979.04,61.30000000000018,45.65000000000009,30.0
2025-11-06,2025-11-05,4052.11,level_price,L3,8,3,4054.7475,-2.6375,2.6375,True,False,False,True,True,True,green_box_quarter,green_box_3_75pct,green,3.0,0.75,3990.51,3929.21,3979.04,61.30000000000018,45.65000000000009,30.0
2025-11-06,2025-11-05,4075.94,level_price,L2,9,2,4077.5725,-1.6325,1.6325,True,False,True,True,True,True,green_box_quarter,green_box_4_25pct,green,4.0,0.25,3990.51,3929.21,3979.04,61.30000000000018,45.65000000000009,30.0
2025-11-06,2025-11-05,4103.34,level_price,L1,10,1,4100.3975,2.9425,2.9425,True,False,False,True,True,True,green_box_quarter,green_box_4_75pct,green,4.0,0.75,3990.51,3929.21,3979.04,61.30000000000018,45.65000000000009,30.0
2025-11-07,2025-11-06,3890.11,level_price,L8,1,8,3892.035,-1.925,1.925,True,False,True,True,True,True,red_box_edge,red_edge_3,red,3.0,,4019.61,3964.56,3976.93,55.05000000000018,42.52500000000009,30.0
2025-11-07,2025-11-06,3916.67,level_price,L7,2,7,3913.2975,3.3725,3.3725,False,False,False,False,True,True,red_box_midline,red_mid_3,red,3.0,0.5,4019.61,3964.56,3976.93,55.05000000000018,42.52500000000009,30.0
2025-11-07,2025-11-06,3939.99,level_price,L6,3,6,3945.19125,-5.20125,5.20125,False,False,False,False,False,True,red_box_quarter,red_box_2_75pct,red,2.0,0.75,4019.61,3964.56,3976.93,55.05000000000018,42.52500000000009,30.0
2025-11-07,2025-11-06,3965.9,level_price,L5,4,5,3966.45375,-0.55375,0.55375,True,True,True,True,True,True,red_box_quarter,red_box_2_25pct,red,2.0,0.25,4019.61,3964.56,3976.93,55.05000000000018,42.52500000000009,30.0
2025-11-07,2025-11-06,3994.41,level_price,L4,5,4,3996.45375,-2.04375,2.04375,True,False,False,True,True,True,green_box_quarter,green_box_1_75pct,green,1.0,0.75,4019.61,3964.56,3976.93,55.05000000000018,42.52500000000009,30.0
2025-11-07,2025-11-06,4023.24,level_price,L3,6,3,4019.61,3.63,3.63,False,False,False,False,True,True,prior_hlc,previous_high,neutral,,,4019.61,3964.56,3976.93,55.05000000000018,42.52500000000009,30.0
2025-11-07,2025-11-06,4047.2,level_price,L2,7,2,4049.61,-2.41,2.41,True,False,False,True,True,True,green_box_edge,green_edge_2,green,2.0,,4019.61,3964.56,3976.93,55.05000000000018,42.52500000000009,30.0
2025-11-07,2025-11-06,4071.5,level_price,L1,8,1,4070.8725,0.6275,0.6275,True,True,True,True,True,True,green_box_midline,green_mid_3,green,3.0,0.5,4019.61,3964.56,3976.93,55.05000000000018,42.52500000000009,30.0
2025-11-10,2025-11-07,3896.35,level_price,L9,1,9,3892.68375,3.66625,3.66625,False,False,False,False,True,True,red_box_quarter,red_box_4_25pct,red,4.0,0.25,4027.51,3974.54,4000.84,52.970000000000255,41.48500000000013,30.0
2025-11-10,2025-11-07,3919.53,level_price,L8,2,8,3923.7975,-4.2675,4.2675,False,False,False,False,True,True,red_box_midline,red_mid_3,red,3.0,0.5,4027.51,3974.54,4000.84,52.970000000000255,41.48500000000013,30.0
2025-11-10,2025-11-07,3943.22,level_price,L7,3,7,3944.54,-1.32,1.32,True,False,True,True,True,True,red_box_edge,red_edge_2,red,2.0,,4027.51,3974.54,4000.84,52.970000000000255,41.48500000000013,30.0
2025-11-10,2025-11-07,3968.14,level_price,L6,4,6,3965.2825,2.8575,2.8575,True,False,False,True,True,True,red_box_midline,red_mid_2,red,2.0,0.5,4027.51,3974.54,4000.84,52.970000000000255,41.48500000000013,30.0
2025-11-10,2025-11-07,3992.42,level_price,L5,5,5,3992.196649,0.223351,0.223351,True,True,True,True,True,True,prior_range_fraction,prev_range_0.333333,neutral,,0.333333,4027.51,3974.54,4000.84,52.970000000000255,41.48500000000013,30.0
2025-11-10,2025-11-07,4017.8,level_price,L4,6,4,4017.13875,0.66125,0.66125,True,True,True,True,True,True,red_box_quarter,red_box_1_25pct,red,1.0,0.25,4027.51,3974.54,4000.84,52.970000000000255,41.48500000000013,30.0
2025-11-10,2025-11-07,4045.7,level_price,L3,7,3,4047.13875,-1.43875,1.43875,True,False,True,True,True,True,green_box_quarter,green_box_2_75pct,green,2.0,0.75,4027.51,3974.54,4000.84,52.970000000000255,41.48500000000013,30.0
2025-11-10,2025-11-07,4073.44,level_price,L2,8,2,4078.2525,-4.8125,4.8125,False,False,False,False,True,True,green_box_midline,green_mid_3,green,3.0,0.5,4027.51,3974.54,4000.84,52.970000000000255,41.48500000000013,30.0
2025-11-10,2025-11-07,4103.24,level_price,L1,9,1,4098.995,4.245,4.245,False,False,False,False,True,True,green_box_edge,green_edge_3,green,3.0,,4027.51,3974.54,4000.84,52.970000000000255,41.48500000000013,30.0
2025-11-11,2025-11-10,3982.4,level_price,L10,1,10,3986.4275,-4.0275,4.0275,False,False,False,False,True,True,red_box_quarter,red_box_2_75pct,red,2.0,0.75,4116.47,3997.85,4115.78,118.62000000000035,74.31000000000017,30.0
2025-11-11,2025-11-10,4012.08,level_price,L9,2,9,4012.6775,-0.5975,0.5975,True,True,True,True,True,True,prior_range_fraction,prev_range_0.125,neutral,,0.125,4116.47,3997.85,4115.78,118.62000000000035,74.31000000000017,30.0
2025-11-11,2025-11-10,4037.22,level_price,L8,3,8,4037.38996,-0.16996,0.16996,True,True,True,True,True,True,prior_range_fraction,prev_range_0.333333,neutral,,0.333333,4116.47,3997.85,4115.78,118.62000000000035,74.31000000000017,30.0
2025-11-11,2025-11-10,4067.01,level_price,L7,4,7,4071.15716,-4.14716,4.14716,False,False,False,False,True,True,prior_range_fraction,prev_range_0.618,neutral,,0.618,4116.47,3997.85,4115.78,118.62000000000035,74.31000000000017,30.0
2025-11-11,2025-11-10,4099.17,level_price,L6,5,6,4097.8925,1.2775,1.2775,True,False,True,True,True,True,red_box_quarter,red_box_1_25pct,red,1.0,0.25,4116.47,3997.85,4115.78,118.62000000000035,74.31000000000017,30.0
2025-11-11,2025-11-10,4131.74,level_price,L5,6,5,4127.8925,3.8475,3.8475,False,False,False,False,True,True,green_box_quarter,green_box_2_75pct,green,2.0,0.75,4116.47,3997.85,4115.78,118.62000000000035,74.31000000000017,30.0
2025-11-11,2025-11-10,4158.14,level_price,L4,7,4,4165.0475,-6.9075,6.9075,False,False,False,False,False,True,green_box_quarter,green_box_3_25pct,green,3.0,0.25,4116.47,3997.85,4115.78,118.62000000000035,74.31000000000017,30.0
2025-11-11,2025-11-10,4185.54,level_price,L3,8,3,4183.625,1.915,1.915,True,False,True,True,True,True,green_box_midline,green_mid_3,green,3.0,0.5,4116.47,3997.85,4115.78,118.62000000000035,74.31000000000017,30.0
2025-11-11,2025-11-10,4210.56,level_price,L2,9,2,4202.2025,8.3575,8.3575,False,False,False,False,False,True,green_box_quarter,green_box_3_75pct,green,3.0,0.75,4116.47,3997.85,4115.78,118.62000000000035,74.31000000000017,30.0
2025-11-11,2025-11-10,4238.55,level_price,L1,10,1,4239.3575,-0.8075,0.8075,True,True,True,True,True,True,green_box_quarter,green_box_4_25pct,green,4.0,0.25,4116.47,3997.85,4115.78,118.62000000000035,74.31000000000017,30.0
2025-11-12,2025-11-11,4005.8,level_price,L8,1,8,4005.7125,0.0875,0.0875,True,True,True,True,True,True,red_box_midline,red_mid_4,red,4.0,0.5,4149.02,4097.13,4126.6,51.89000000000033,40.945000000000164,30.0
2025-11-12,2025-11-11,4034.75,level_price,L7,2,7,4036.42125,-1.67125,1.67125,True,False,True,True,True,True,red_box_quarter,red_box_3_75pct,red,3.0,0.75,4149.02,4097.13,4126.6,51.89000000000033,40.945000000000164,30.0
2025-11-12,2025-11-11,4064.25,level_price,L6,3,6,4067.13,-2.88,2.88,True,False,False,True,True,True,red_box_edge,red_edge_2,red,2.0,,4149.02,4097.13,4126.6,51.89000000000033,40.945000000000164,30.0
2025-11-12,2025-11-11,4097.81,level_price,L5,4,5,4097.83875,-0.02875,0.02875,True,True,True,True,True,True,red_box_quarter,red_box_2_25pct,red,2.0,0.25,4149.02,4097.13,4126.6,51.89000000000033,40.945000000000164,30.0
2025-11-12,2025-11-11,4129.0,level_price,L4,5,4,4129.19802,-0.19802,0.19802,True,True,True,True,True,True,prior_range_fraction,prev_range_0.618,neutral,,0.618,4149.02,4097.13,4126.6,51.89000000000033,40.945000000000164,30.0
2025-11-12,2025-11-11,4153.97,level_price,L3,6,3,4158.5475,-4.5775,4.5775,False,False,False,False,True,True,green_box_midline,green_mid_2,green,2.0,0.5,4149.02,4097.13,4126.6,51.89000000000033,40.945000000000164,30.0
2025-11-12,2025-11-11,4181.37,level_price,L2,7,2,4179.02,2.35,2.35,True,False,False,True,True,True,green_box_edge,green_edge_2,green,2.0,,4149.02,4097.13,4126.6,51.89000000000033,40.945000000000164,30.0
2025-11-12,2025-11-11,4210.56,level_price,L1,8,1,4209.72875,0.83125,0.83125,True,True,True,True,True,True,green_box_quarter,green_box_3_75pct,green,3.0,0.75,4149.02,4097.13,4126.6,51.89000000000033,40.945000000000164,30.0
2025-11-13,2025-11-12,4058.67,level_price,L10,1,10,4051.055,7.615,7.615,False,False,False,False,False,True,red_box_quarter,red_box_3_25pct,red,3.0,0.25,4211.75,4098.91,4195.32,112.84000000000015,71.42000000000007,30.0
2025-11-13,2025-11-12,4093.11,level_price,L9,2,9,4098.91,-5.8,5.8,False,False,False,False,False,True,prior_hlc,previous_low,neutral,,,4211.75,4098.91,4195.32,112.84000000000015,71.42000000000007,30.0
2025-11-13,2025-11-12,4119.69,level_price,L8,3,8,4122.475,-2.785,2.785,True,False,False,True,True,True,red_box_quarter,red_box_2_25pct,red,2.0,0.25,4211.75,4098.91,4195.32,112.84000000000015,71.42000000000007,30.0
2025-11-13,2025-11-12,4146.28,level_price,L7,4,7,4142.01488,4.26512,4.26512,False,False,False,False,True,True,prior_range_fraction,prev_range_0.382,neutral,,0.382,4211.75,4098.91,4195.32,112.84000000000015,71.42000000000007,30.0
2025-11-13,2025-11-12,4175.81,level_price,L6,5,6,4176.04,-0.23,0.23,True,True,True,True,True,True,red_box_midline,red_mid_1,red,1.0,0.5,4211.75,4098.91,4195.32,112.84000000000015,71.42000000000007,30.0
2025-11-13,2025-11-12,4204.6,level_price,L5,6,5,4206.04,-1.44,1.44,True,False,True,True,True,True,green_box_midline,green_mid_2,green,2.0,0.5,4211.75,4098.91,4195.32,112.84000000000015,71.42000000000007,30.0
2025-11-13,2025-11-12,4233.19,level_price,L4,7,4,4241.75,-8.56,8.56,False,False,False,False,False,True,green_box_edge,green_edge_2,green,2.0,,4211.75,4098.91,4195.32,112.84000000000015,71.42000000000007,30.0
2025-11-13,2025-11-12,4259.99,level_price,L3,8,3,4259.605,0.385,0.385,True,True,True,True,True,True,green_box_quarter,green_box_3_25pct,green,3.0,0.25,4211.75,4098.91,4195.32,112.84000000000015,71.42000000000007,30.0
2025-11-13,2025-11-12,4290.97,level_price,L2,9,2,4295.315,-4.345,4.345,False,False,False,False,True,True,green_box_quarter,green_box_3_75pct,green,3.0,0.75,4211.75,4098.91,4195.32,112.84000000000015,71.42000000000007,30.0
2025-11-13,2025-11-12,4320.18,level_price,L1,10,1,4313.17,7.01,7.01,False,False,False,False,False,True,green_box_edge,green_edge_3,green,3.0,,4211.75,4098.91,4195.32,112.84000000000015,71.42000000000007,30.0
2025-11-14,2025-11-13,4028.01,level_price,L11,1,11,4034.45,-6.44,6.44,False,False,False,False,False,True,red_box_quarter,red_box_4_25pct,red,4.0,0.25,4245.05,4145.45,4171.26,99.60000000000036,64.80000000000018,30.0
2025-11-14,2025-11-13,4066.88,level_price,L10,2,10,4066.85,0.03,0.03,True,True,True,True,True,True,red_box_quarter,red_box_3_75pct,red,3.0,0.75,4245.05,4145.45,4171.26,99.60000000000036,64.80000000000018,30.0
2025-11-14,2025-11-13,4104.48,level_price,L9,3,9,4099.25,5.23,5.23,False,False,False,False,False,True,red_box_quarter,red_box_3_25pct,red,3.0,0.25,4245.05,4145.45,4171.26,99.60000000000036,64.80000000000018,30.0
2025-11-14,2025-11-13,4139.67,level_price,L8,4,8,4145.45,-5.78,5.78,False,False,False,False,False,True,prior_hlc,previous_low,neutral,,,4245.05,4145.45,4171.26,99.60000000000036,64.80000000000018,30.0
2025-11-14,2025-11-13,4177.38,level_price,L7,5,7,4177.85,-0.47,0.47,True,True,True,True,True,True,green_box_midline,green_mid_1,green,1.0,0.5,4245.05,4145.45,4171.26,99.60000000000036,64.80000000000018,30.0
2025-11-14,2025-11-13,4205.65,level_price,L6,6,6,4207.0028,-1.3528,1.3528,True,False,True,True,True,True,prior_range_fraction,prev_range_0.618,neutral,,0.618,4245.05,4145.45,4171.26,99.60000000000036,64.80000000000018,30.0
2025-11-14,2025-11-13,4239.31,level_price,L5,7,5,4242.65,-3.34,3.34,False,False,False,False,True,True,green_box_midline,green_mid_2,green,2.0,0.5,4245.05,4145.45,4171.26,99.60000000000036,64.80000000000018,30.0
2025-11-14,2025-11-13,4270.12,level_price,L4,8,4,4275.05,-4.93,4.93,False,False,False,False,True,True,green_box_edge,green_edge_2,green,2.0,,4245.05,4145.45,4171.26,99.60000000000036,64.80000000000018,30.0
2025-11-14,2025-11-13,4302.28,level_price,L3,9,3,4307.45,-5.17,5.17,False,False,False,False,False,True,green_box_midline,green_mid_3,green,3.0,0.5,4245.05,4145.45,4171.26,99.60000000000036,64.80000000000018,30.0
2025-11-14,2025-11-13,4335.64,level_price,L2,10,2,4339.85,-4.21,4.21,False,False,False,False,True,True,green_box_edge,green_edge_3,green,3.0,,4245.05,4145.45,4171.26,99.60000000000036,64.80000000000018,30.0
2025-11-14,2025-11-13,4369.0,level_price,L1,11,1,4372.25,-3.25,3.25,False,False,False,False,True,True,green_box_midline,green_mid_4,green,4.0,0.5,4245.05,4145.45,4171.26,99.60000000000036,64.80000000000018,30.0
2025-11-17,2025-11-14,3937.75,level_price,L9,1,9,3950.045,-12.295,12.295,False,False,False,False,False,False,red_box_midline,red_mid_3,red,3.0,0.5,4211.27,4032.29,4085.1,178.98000000000047,104.49000000000024,30.0
2025-11-17,2025-11-14,3974.08,level_price,L8,2,8,3976.1675,-2.0875,2.0875,True,False,False,True,True,True,red_box_quarter,red_box_3_25pct,red,3.0,0.25,4211.27,4032.29,4085.1,178.98000000000047,104.49000000000024,30.0
2025-11-17,2025-11-14,4009.23,level_price,L7,3,7,4002.29,6.94,6.94,False,False,False,False,False,True,red_box_edge,red_edge_2,red,2.0,,4211.27,4032.29,4085.1,178.98000000000047,104.49000000000024,30.0
2025-11-17,2025-11-14,4041.59,level_price,L6,4,6,4032.29,9.3,9.3,False,False,False,False,False,True,prior_hlc,previous_low,neutral,,,4211.27,4032.29,4085.1,178.98000000000047,104.49000000000024,30.0
2025-11-17,2025-11-14,4076.11,level_price,L5,5,5,4077.035,-0.925,0.925,True,True,True,True,True,True,prior_range_fraction,prev_range_0.25,neutral,,0.25,4211.27,4032.29,4085.1,178.98000000000047,104.49000000000024,30.0
2025-11-17,2025-11-14,4111.02,level_price,L4,6,4,4110.6575,0.3625,0.3625,True,True,True,True,True,True,green_box_quarter,green_box_1_75pct,green,1.0,0.75,4211.27,4032.29,4085.1,178.98000000000047,104.49000000000024,30.0
2025-11-17,2025-11-14,4146.72,level_price,L3,7,3,4142.89964,3.82036,3.82036,False,False,False,False,True,True,prior_range_fraction,prev_range_0.618,neutral,,0.618,4211.27,4032.29,4085.1,178.98000000000047,104.49000000000024,30.0
2025-11-17,2025-11-14,4181.24,level_price,L2,8,2,4185.1475,-3.9075,3.9075,False,False,False,False,True,True,red_box_quarter,red_box_1_25pct,red,1.0,0.25,4211.27,4032.29,4085.1,178.98000000000047,104.49000000000024,30.0
2025-11-17,2025-11-14,4214.56,level_price,L1,9,1,4215.1475,-0.5875,0.5875,True,True,True,True,True,True,green_box_quarter,green_box_2_75pct,green,2.0,0.75,4211.27,4032.29,4085.1,178.98000000000047,104.49000000000024,30.0
2025-11-18,2025-11-17,3903.2,level_price,L10,1,10,3895.86625,7.33375,7.33375,False,False,False,False,False,True,red_box_quarter,red_box_4_25pct,red,4.0,0.25,4106.71,4006.96,4045.52,99.75,64.875,30.0
2025-11-18,2025-11-17,3932.5,level_price,L9,2,9,3928.30375,4.19625,4.19625,False,False,False,False,True,True,red_box_quarter,red_box_3_75pct,red,3.0,0.75,4106.71,4006.96,4045.52,99.75,64.875,30.0
2025-11-18,2025-11-17,3965.82,level_price,L8,3,8,3960.74125,5.07875,5.07875,False,False,False,False,False,True,red_box_quarter,red_box_3_25pct,red,3.0,0.25,4106.71,4006.96,4045.52,99.75,64.875,30.0
2025-11-18,2025-11-17,4005.49,level_price,L7,4,7,4006.96,-1.47,1.47,True,False,True,True,True,True,prior_hlc,previous_low,neutral,,,4106.71,4006.96,4045.52,99.75,64.875,30.0
2025-11-18,2025-11-17,4036.18,level_price,L6,5,6,4039.3975,-3.2175,3.2175,False,False,False,False,True,True,green_box_midline,green_mid_1,green,1.0,0.5,4106.71,4006.96,4045.52,99.75,64.875,30.0
2025-11-18,2025-11-17,4069.43,level_price,L5,6,5,4068.6055,0.8245,0.8245,True,True,True,True,True,True,prior_range_fraction,prev_range_0.618,neutral,,0.618,4106.71,4006.96,4045.52,99.75,64.875,30.0
2025-11-18,2025-11-17,4104.67,level_price,L4,7,4,4104.2725,0.3975,0.3975,True,True,True,True,True,True,green_box_midline,green_mid_2,green,2.0,0.5,4106.71,4006.96,4045.52,99.75,64.875,30.0
2025-11-18,2025-11-17,4140.81,level_price,L3,8,3,4136.71,4.1,4.1,False,False,False,False,True,True,green_box_edge,green_edge_2,green,2.0,,4106.71,4006.96,4045.52,99.75,64.875,30.0
2025-11-18,2025-11-17,4175.78,level_price,L2,9,2,4169.1475,6.6325,6.6325,False,False,False,False,False,True,green_box_midline,green_mid_3,green,3.0,0.5,4106.71,4006.96,4045.52,99.75,64.875,30.0
2025-11-18,2025-11-17,4206.73,level_price,L1,10,1,4201.585,5.145,5.145,False,False,False,False,False,True,green_box_edge,green_edge_3,green,3.0,,4106.71,4006.96,4045.52,99.75,64.875,30.0
2025-11-19,2025-11-18,3937.54,level_price,L9,1,9,3939.5,-1.96,1.96,True,False,True,True,True,True,red_box_midline,red_mid_3,red,3.0,0.5,4082.4,3998.08,4067.3,84.32000000000016,57.16000000000008,30.0
2025-11-19,2025-11-18,3968.27,level_price,L8,2,8,3968.08,0.19,0.19,True,True,True,True,True,True,red_box_edge,red_edge_2,red,2.0,,4082.4,3998.08,4067.3,84.32000000000016,57.16000000000008,30.0
2025-11-19,2025-11-18,4008.31,level_price,L7,3,7,4008.62,-0.31,0.31,True,True,True,True,True,True,prior_range_fraction,prev_range_0.125,neutral,,0.125,4082.4,3998.08,4067.3,84.32000000000016,57.16000000000008,30.0
2025-11-19,2025-11-18,4040.63,level_price,L6,4,6,4040.95,-0.32,0.32,True,True,True,True,True,True,green_box_quarter,green_box_1_75pct,green,1.0,0.75,4082.4,3998.08,4067.3,84.32000000000016,57.16000000000008,30.0
2025-11-19,2025-11-18,4070.7,level_price,L5,5,5,4071.86,-1.16,1.16,True,False,True,True,True,True,prior_range_fraction,prev_range_0.875,neutral,,0.875,4082.4,3998.08,4067.3,84.32000000000016,57.16000000000008,30.0
2025-11-19,2025-11-18,4105.38,level_price,L4,6,4,4112.4,-7.02,7.02,False,False,False,False,False,True,green_box_edge,green_edge_2,green,2.0,,4082.4,3998.08,4067.3,84.32000000000016,57.16000000000008,30.0
2025-11-19,2025-11-18,4143.37,level_price,L3,7,3,4140.98,2.39,2.39,True,False,False,True,True,True,green_box_midline,green_mid_3,green,3.0,0.5,4082.4,3998.08,4067.3,84.32000000000016,57.16000000000008,30.0
2025-11-19,2025-11-18,4178.64,level_price,L2,8,2,4183.85,-5.21,5.21,False,False,False,False,False,True,green_box_quarter,green_box_4_25pct,green,4.0,0.25,4082.4,3998.08,4067.3,84.32000000000016,57.16000000000008,30.0
2025-11-19,2025-11-18,4206.73,level_price,L1,9,1,4212.43,-5.7,5.7,False,False,False,False,False,True,green_box_quarter,green_box_4_75pct,green,4.0,0.75,4082.4,3998.08,4067.3,84.32000000000016,57.16000000000008,30.0
2025-11-20,2025-11-19,3973.86,level_price,L8,1,8,3972.09,1.77,1.77,True,False,True,True,True,True,red_box_edge,red_edge_3,red,3.0,,4132.8,4055.66,4077.81,77.14000000000033,53.570000000000164,30.0
2025-11-20,2025-11-19,4011.09,level_price,L7,2,7,4012.2675,-1.1775,1.1775,True,False,True,True,True,True,red_box_quarter,red_box_3_25pct,red,3.0,0.25,4132.8,4055.66,4077.81,77.14000000000033,53.570000000000164,30.0
2025-11-20,2025-11-19,4040.63,level_price,L6,3,6,4039.0525,1.5775,1.5775,True,False,True,True,True,True,red_box_quarter,red_box_2_75pct,red,2.0,0.75,4132.8,4055.66,4077.81,77.14000000000033,53.570000000000164,30.0
2025-11-20,2025-11-19,4074.15,level_price,L5,4,5,4074.945,-0.795,0.795,True,True,True,True,True,True,prior_range_fraction,prev_range_0.25,neutral,,0.25,4132.8,4055.66,4077.81,77.14000000000033,53.570000000000164,30.0
2025-11-20,2025-11-19,4109.29,level_price,L4,5,4,4109.23,0.06,0.06,True,True,True,True,True,True,green_box_edge,green_edge_1,green,1.0,,4132.8,4055.66,4077.81,77.14000000000033,53.570000000000164,30.0
2025-11-20,2025-11-19,4146.16,level_price,L3,6,3,4149.4075,-3.2475,3.2475,False,False,False,False,True,True,green_box_quarter,green_box_2_75pct,green,2.0,0.75,4132.8,4055.66,4077.81,77.14000000000033,53.570000000000164,30.0
2025-11-20,2025-11-19,4181.57,level_price,L2,7,2,4176.1925,5.3775,5.3775,False,False,False,False,False,True,green_box_quarter,green_box_3_25pct,green,3.0,0.25,4132.8,4055.66,4077.81,77.14000000000033,53.570000000000164,30.0
2025-11-20,2025-11-19,4211.8,level_price,L1,8,1,4216.37,-4.57,4.57,False,False,False,False,True,True,green_box_edge,green_edge_3,green,3.0,,4132.8,4055.66,4077.81,77.14000000000033,53.570000000000164,30.0
2025-11-21,2025-11-20,3932.86,level_price,L9,1,9,3932.995,-0.135,0.135,True,True,True,True,True,True,red_box_midline,red_mid_4,red,4.0,0.5,4110.27,4038.97,4077.2,71.30000000000064,50.65000000000032,30.0
2025-11-21,2025-11-20,3968.89,level_price,L8,2,8,3970.9825,-2.0925,2.0925,True,False,False,True,True,True,red_box_quarter,red_box_3_75pct,red,3.0,0.75,4110.27,4038.97,4077.2,71.30000000000064,50.65000000000032,30.0
2025-11-21,2025-11-20,4008.63,level_price,L7,3,7,4008.97,-0.34,0.34,True,True,True,True,True,True,red_box_edge,red_edge_2,red,2.0,,4110.27,4038.97,4077.2,71.30000000000064,50.65000000000032,30.0
2025-11-21,2025-11-20,4043.38,level_price,L6,4,6,4046.9575,-3.5775,3.5775,False,False,False,False,True,True,red_box_quarter,red_box_2_25pct,red,2.0,0.25,4110.27,4038.97,4077.2,71.30000000000064,50.65000000000032,30.0
2025-11-21,2025-11-20,4075.93,level_price,L5,5,5,4075.48,0.45,0.45,True,True,True,True,True,True,prior_hlc,previous_pivot_hlc3,neutral,,,4110.27,4038.97,4077.2,71.30000000000064,50.65000000000032,30.0
2025-11-21,2025-11-20,4109.29,level_price,L4,6,4,4110.27,-0.98,0.98,True,True,True,True,True,True,prior_hlc,previous_high,neutral,,,4110.27,4038.97,4077.2,71.30000000000064,50.65000000000032,30.0
2025-11-21,2025-11-20,4145.46,level_price,L3,7,3,4140.27,5.19,5.19,False,False,False,False,False,True,green_box_edge,green_edge_2,green,2.0,,4110.27,4038.97,4077.2,71.30000000000064,50.65000000000032,30.0
2025-11-21,2025-11-20,4179.01,level_price,L2,8,2,4178.2575,0.7525,0.7525,True,True,True,True,True,True,green_box_quarter,green_box_3_75pct,green,3.0,0.75,4110.27,4038.97,4077.2,71.30000000000064,50.65000000000032,30.0
2025-11-21,2025-11-20,4211.14,level_price,L1,9,1,4216.245,-5.105,5.105,False,False,False,False,False,True,green_box_midline,green_mid_4,green,4.0,0.5,4110.27,4038.97,4077.2,71.30000000000064,50.65000000000032,30.0
2025-11-24,2025-11-21,3935.76,level_price,L9,1,9,3937.595,-1.835,1.835,True,False,True,True,True,True,red_box_edge,red_edge_3,red,3.0,,4101.05,4022.08,4065.26,78.97000000000025,54.48500000000013,30.0
2025-11-24,2025-11-21,3972.83,level_price,L8,2,8,3978.45875,-5.62875,5.62875,False,False,False,False,False,True,red_box_quarter,red_box_3_25pct,red,3.0,0.25,4101.05,4022.08,4065.26,78.97000000000025,54.48500000000013,30.0
2025-11-24,2025-11-21,4010.46,level_price,L7,3,7,4005.70125,4.75875,4.75875,False,False,False,False,True,True,red_box_quarter,red_box_2_75pct,red,2.0,0.75,4101.05,4022.08,4065.26,78.97000000000025,54.48500000000013,30.0
2025-11-24,2025-11-21,4047.0,level_price,L6,4,6,4046.565,0.435,0.435,True,True,True,True,True,True,red_box_edge,red_edge_1,red,1.0,,4101.05,4022.08,4065.26,78.97000000000025,54.48500000000013,30.0
2025-11-24,2025-11-21,4079.5,level_price,L5,5,5,4081.3075,-1.8075,1.8075,True,False,True,True,True,True,prior_range_fraction,prev_range_0.75,neutral,,0.75,4101.05,4022.08,4065.26,78.97000000000025,54.48500000000013,30.0
2025-11-24,2025-11-21,4112.0,level_price,L4,6,4,4117.42875,-5.42875,5.42875,False,False,False,False,False,True,green_box_quarter,green_box_2_75pct,green,2.0,0.75,4101.05,4022.08,4065.26,78.97000000000025,54.48500000000013,30.0
2025-11-24,2025-11-21,4147.81,level_price,L3,7,3,4144.67125,3.13875,3.13875,False,False,False,False,True,True,green_box_quarter,green_box_3_25pct,green,3.0,0.25,4101.05,4022.08,4065.26,78.97000000000025,54.48500000000013,30.0
2025-11-24,2025-11-21,4179.01,level_price,L2,8,2,4185.535,-6.525,6.525,False,False,False,False,False,True,green_box_edge,green_edge_3,green,3.0,,4101.05,4022.08,4065.26,78.97000000000025,54.48500000000013,30.0
2025-11-24,2025-11-21,4211.14,level_price,L1,9,1,4212.7775,-1.6375,1.6375,True,False,True,True,True,True,green_box_midline,green_mid_4,green,4.0,0.5,4101.05,4022.08,4065.26,78.97000000000025,54.48500000000013,30.0
2025-11-25,2025-11-24,3931.79,level_price,L10,1,10,3929.17875,2.61125,2.61125,True,False,False,True,True,True,red_box_quarter,red_box_4_25pct,red,4.0,0.25,4139.86,4040.21,4134.62,99.64999999999964,64.82499999999982,30.0
2025-11-25,2025-11-24,3971.7,level_price,L9,2,9,3977.7975,-6.0975,6.0975,False,False,False,False,False,True,red_box_midline,red_mid_3,red,3.0,0.5,4139.86,4040.21,4134.62,99.64999999999964,64.82499999999982,30.0
2025-11-25,2025-11-24,4010.55,level_price,L8,3,8,4010.21,0.34,0.34,True,True,True,True,True,True,red_box_edge,red_edge_2,red,2.0,,4139.86,4040.21,4134.62,99.64999999999964,64.82499999999982,30.0
2025-11-25,2025-11-24,4045.41,level_price,L7,4,7,4042.6225,2.7875,2.7875,True,False,False,True,True,True,red_box_midline,red_mid_2,red,2.0,0.5,4139.86,4040.21,4134.62,99.64999999999964,64.82499999999982,30.0
2025-11-25,2025-11-24,4078.21,level_price,L6,5,6,4078.2763,-0.0663,0.0663,True,True,True,True,True,True,prior_range_fraction,prev_range_0.382,neutral,,0.382,4139.86,4040.21,4134.62,99.64999999999964,64.82499999999982,30.0
2025-11-25,2025-11-24,4108.27,level_price,L5,6,5,4107.4475,0.8225,0.8225,True,True,True,True,True,True,red_box_midline,red_mid_1,red,1.0,0.5,4139.86,4040.21,4134.62,99.64999999999964,64.82499999999982,30.0
2025-11-25,2025-11-24,4143.47,level_price,L4,7,4,4139.86,3.61,3.61,False,False,False,False,True,True,prior_hlc,previous_high,neutral,,,4139.86,4040.21,4134.62,99.64999999999964,64.82499999999982,30.0
2025-11-25,2025-11-24,4174.22,level_price,L3,8,3,4169.86,4.36,4.36,False,False,False,False,True,True,green_box_edge,green_edge_2,green,2.0,,4139.86,4040.21,4134.62,99.64999999999964,64.82499999999982,30.0
2025-11-25,2025-11-24,4207.19,level_price,L2,9,2,4202.2725,4.9175,4.9175,False,False,False,False,True,True,green_box_midline,green_mid_3,green,3.0,0.5,4139.86,4040.21,4134.62,99.64999999999964,64.82499999999982,30.0
2025-11-25,2025-11-24,4238.11,level_price,L1,10,1,4234.685,3.425,3.425,False,False,False,False,True,True,green_box_edge,green_edge_3,green,3.0,,4139.86,4040.21,4134.62,99.64999999999964,64.82499999999982,30.0
2025-11-26,2025-11-25,3979.03,level_price,L10,1,10,4000.04,-21.01,21.01,False,False,False,False,False,False,red_box_edge,red_edge_4,red,4.0,,4159.32,4109.68,4130.64,49.63999999999942,39.81999999999971,30.0
2025-11-26,2025-11-25,4012.76,level_price,L9,2,9,4009.995,2.765,2.765,True,False,False,True,True,True,red_box_quarter,red_box_4_75pct,red,4.0,0.75,4159.32,4109.68,4130.64,49.63999999999942,39.81999999999971,30.0
2025-11-26,2025-11-25,4044.63,level_price,L8,3,8,4039.86,4.77,4.77,False,False,False,False,True,True,red_box_edge,red_edge_3,red,3.0,,4159.32,4109.68,4130.64,49.63999999999942,39.81999999999971,30.0
2025-11-26,2025-11-25,4082.04,level_price,L7,4,7,4079.68,2.36,2.36,True,False,False,True,True,True,red_box_edge,red_edge_2,red,2.0,,4159.32,4109.68,4130.64,49.63999999999942,39.81999999999971,30.0
2025-11-26,2025-11-25,4111.42,level_price,L6,5,6,4109.68,1.74,1.74,True,False,True,True,True,True,prior_hlc,previous_low,neutral,,,4159.32,4109.68,4130.64,49.63999999999942,39.81999999999971,30.0
2025-11-26,2025-11-25,4146.58,level_price,L5,6,5,4146.91,-0.33,0.33,True,True,True,True,True,True,prior_range_fraction,prev_range_0.75,neutral,,0.75,4159.32,4109.68,4130.64,49.63999999999942,39.81999999999971,30.0
2025-11-26,2025-11-25,4181.28,level_price,L4,7,4,4179.365,1.915,1.915,True,False,True,True,True,True,green_box_quarter,green_box_2_75pct,green,2.0,0.75,4159.32,4109.68,4130.64,49.63999999999942,39.81999999999971,30.0
2025-11-26,2025-11-25,4212.35,level_price,L3,8,3,4209.23,3.12,3.12,False,False,False,False,True,True,green_box_midline,green_mid_3,green,3.0,0.5,4159.32,4109.68,4130.64,49.63999999999942,39.81999999999971,30.0
2025-11-26,2025-11-25,4242.4,level_price,L2,9,2,4239.095,3.305,3.305,False,False,False,False,True,True,green_box_quarter,green_box_4_25pct,green,4.0,0.25,4159.32,4109.68,4130.64,49.63999999999942,39.81999999999971,30.0
2025-11-26,2025-11-25,4273.69,level_price,L1,10,1,4268.96,4.73,4.73,False,False,False,False,True,True,green_box_edge,green_edge_4,green,4.0,,4159.32,4109.68,4130.64,49.63999999999942,39.81999999999971,30.0
2025-11-27,2025-11-26,4008.04,level_price,L9,1,9,4026.2,-18.16,18.16,False,False,False,False,False,False,red_box_edge,red_edge_4,red,4.0,,4173.46,4129.83,4163.7,43.63000000000011,36.815000000000055,30.0
2025-11-27,2025-11-26,4041.66,level_price,L8,2,8,4044.6075,-2.9475,2.9475,True,False,False,True,True,True,red_box_midline,red_mid_4,red,4.0,0.5,4173.46,4129.83,4163.7,43.63000000000011,36.815000000000055,30.0
2025-11-27,2025-11-26,4073.19,level_price,L7,3,7,4072.21875,0.97125,0.97125,True,True,True,True,True,True,red_box_quarter,red_box_3_75pct,red,3.0,0.75,4173.46,4129.83,4163.7,43.63000000000011,36.815000000000055,30.0
2025-11-27,2025-11-26,4108.29,level_price,L6,4,6,4109.03375,-0.74375,0.74375,True,True,True,True,True,True,red_box_quarter,red_box_2_75pct,red,2.0,0.75,4173.46,4129.83,4163.7,43.63000000000011,36.815000000000055,30.0
2025-11-27,2025-11-26,4143.1,level_price,L5,5,5,4144.373319,-1.273319,1.273319,True,False,True,True,True,True,prior_range_fraction,prev_range_0.333333,neutral,,0.333333,4173.46,4129.83,4163.7,43.63000000000011,36.815000000000055,30.0
2025-11-27,2025-11-26,4172.25,level_price,L4,6,4,4173.46,-1.21,1.21,True,False,True,True,True,True,prior_hlc,previous_high,neutral,,,4173.46,4129.83,4163.7,43.63000000000011,36.815000000000055,30.0
2025-11-27,2025-11-26,4207.35,level_price,L3,7,3,4203.46,3.89,3.89,False,False,False,False,True,True,green_box_edge,green_edge_2,green,2.0,,4173.46,4129.83,4163.7,43.63000000000011,36.815000000000055,30.0
2025-11-27,2025-11-26,4240.08,level_price,L2,8,2,4240.275,-0.195,0.195,True,True,True,True,True,True,green_box_edge,green_edge_3,green,3.0,,4173.46,4129.83,4163.7,43.63000000000011,36.815000000000055,30.0
2025-11-27,2025-11-26,4273.69,level_price,L1,9,1,4277.09,-3.4,3.4,False,False,False,False,True,True,green_box_edge,green_edge_4,green,4.0,,4173.46,4129.83,4163.7,43.63000000000011,36.815000000000055,30.0
2025-11-28,2025-11-27,4010.83,level_price,L9,1,9,4056.64,-45.81,45.81,False,False,False,False,False,False,red_box_edge,red_edge_4,red,4.0,,4168.76,4142.7,4157.37,26.0600000000004,28.0300000000002,30.0
2025-11-28,2025-11-27,4043.2,level_price,L8,2,8,4056.64,-13.44,13.44,False,False,False,False,False,False,red_box_edge,red_edge_4,red,4.0,,4168.76,4142.7,4157.37,26.0600000000004,28.0300000000002,30.0
2025-11-28,2025-11-27,4078.58,level_price,L7,3,7,4077.6625,0.9175,0.9175,True,True,True,True,True,True,red_box_quarter,red_box_4_25pct,red,4.0,0.25,4168.76,4142.7,4157.37,26.0600000000004,28.0300000000002,30.0
2025-11-28,2025-11-27,4110.09,level_price,L6,4,6,4112.7,-2.61,2.61,True,False,False,True,True,True,red_box_edge,red_edge_2,red,2.0,,4168.76,4142.7,4157.37,26.0600000000004,28.0300000000002,30.0
2025-11-28,2025-11-27,4139.9,level_price,L5,5,5,4140.73,-0.83,0.83,True,True,True,True,True,True,red_box_edge,red_edge_1,red,1.0,,4168.76,4142.7,4157.37,26.0600000000004,28.0300000000002,30.0
2025-11-28,2025-11-27,4169.5,level_price,L4,6,4,4168.76,0.74,0.74,True,True,True,True,True,True,prior_hlc,previous_high,neutral,,,4168.76,4142.7,4157.37,26.0600000000004,28.0300000000002,30.0
2025-11-28,2025-11-27,4193.67,level_price,L3,7,3,4191.7525,1.9175,1.9175,True,False,True,True,True,True,green_box_quarter,green_box_2_75pct,green,2.0,0.75,4168.76,4142.7,4157.37,26.0600000000004,28.0300000000002,30.0
2025-11-28,2025-11-27,4216.68,level_price,L2,8,2,4219.7825,-3.1025,3.1025,False,False,False,False,True,True,green_box_quarter,green_box_3_75pct,green,3.0,0.75,4168.76,4142.7,4157.37,26.0600000000004,28.0300000000002,30.0
2025-11-28,2025-11-27,4241.28,level_price,L1,9,1,4240.805,0.475,0.475,True,True,True,True,True,True,green_box_midline,green_mid_4,green,4.0,0.5,4168.76,4142.7,4157.37,26.0600000000004,28.0300000000002,30.0
2025-12-01,2025-11-28,4111.5,level_price,L9,1,9,4111.5675,-0.0675,0.0675,True,True,True,True,True,True,red_box_quarter,red_box_3_25pct,red,3.0,0.25,4226.88,4154.38,4219.51,72.5,51.25,30.0
2025-12-01,2025-11-28,4140.77,level_price,L8,2,8,4137.1925,3.5775,3.5775,False,False,False,False,True,True,red_box_quarter,red_box_2_75pct,red,2.0,0.75,4226.88,4154.38,4219.51,72.5,51.25,30.0
2025-12-01,2025-11-28,4164.44,level_price,L7,3,7,4163.4425,0.9975,0.9975,True,True,True,True,True,True,prior_range_fraction,prev_range_0.125,neutral,,0.125,4226.88,4154.38,4219.51,72.5,51.25,30.0
2025-12-01,2025-11-28,4188.77,level_price,L6,4,6,4188.4425,0.3275,0.3275,True,True,True,True,True,True,red_box_quarter,red_box_1_75pct,red,1.0,0.75,4226.88,4154.38,4219.51,72.5,51.25,30.0
2025-12-01,2025-11-28,4209.18,level_price,L5,5,5,4208.755,0.425,0.425,True,True,True,True,True,True,prior_range_fraction,prev_range_0.75,neutral,,0.75,4226.88,4154.38,4219.51,72.5,51.25,30.0
2025-12-01,2025-11-28,4237.83,level_price,L4,6,4,4244.0675,-6.2375,6.2375,False,False,False,False,False,True,green_box_quarter,green_box_2_75pct,green,2.0,0.75,4226.88,4154.38,4219.51,72.5,51.25,30.0
2025-12-01,2025-11-28,4267.61,level_price,L3,7,3,4269.6925,-2.0825,2.0825,True,False,False,True,True,True,green_box_quarter,green_box_3_25pct,green,3.0,0.25,4226.88,4154.38,4219.51,72.5,51.25,30.0
2025-12-01,2025-11-28,4296.17,level_price,L2,8,2,4295.3175,0.8525,0.8525,True,True,True,True,True,True,green_box_quarter,green_box_3_75pct,green,3.0,0.75,4226.88,4154.38,4219.51,72.5,51.25,30.0
2025-12-01,2025-11-28,4324.57,level_price,L1,9,1,4320.9425,3.6275,3.6275,False,False,False,False,True,True,green_box_quarter,green_box_4_25pct,green,4.0,0.25,4226.88,4154.38,4219.51,72.5,51.25,30.0
2025-12-02,2025-12-01,4167.18,level_price,L7,1,7,4164.3,2.88,2.88,True,False,False,True,True,True,red_box_quarter,red_box_3_25pct,red,3.0,0.25,4264.56,4205.44,4232.12,59.1200000000008,44.5600000000004,30.0
2025-12-02,2025-12-01,4187.32,level_price,L6,2,6,4186.58,0.74,0.74,True,True,True,True,True,True,red_box_quarter,red_box_2_75pct,red,2.0,0.75,4264.56,4205.44,4232.12,59.1200000000008,44.5600000000004,30.0
2025-12-02,2025-12-01,4209.81,level_price,L5,3,5,4208.86,0.95,0.95,True,True,True,True,True,True,red_box_quarter,red_box_2_25pct,red,2.0,0.25,4264.56,4205.44,4232.12,59.1200000000008,44.5600000000004,30.0
2025-12-02,2025-12-01,4229.6,level_price,L4,4,4,4231.14,-1.54,1.54,True,False,True,True,True,True,red_box_quarter,red_box_1_75pct,red,1.0,0.75,4264.56,4205.44,4232.12,59.1200000000008,44.5600000000004,30.0
2025-12-02,2025-12-01,4255.96,level_price,L3,5,3,4257.17,-1.21,1.21,True,False,True,True,True,True,prior_range_fraction,prev_range_0.875,neutral,,0.875,4264.56,4205.44,4232.12,59.1200000000008,44.5600000000004,30.0
2025-12-02,2025-12-01,4278.24,level_price,L2,6,2,4283.42,-5.18,5.18,False,False,False,False,False,True,green_box_quarter,green_box_2_75pct,green,2.0,0.75,4264.56,4205.44,4232.12,59.1200000000008,44.5600000000004,30.0
2025-12-02,2025-12-01,4299.17,level_price,L1,7,1,4294.56,4.61,4.61,False,False,False,False,True,True,green_box_edge,green_edge_2,green,2.0,,4264.56,4205.44,4232.12,59.1200000000008,44.5600000000004,30.0
2025-12-03,2025-12-02,4121.11,level_price,L9,1,9,4120.825,0.285,0.285,True,True,True,True,True,True,red_box_quarter,red_box_3_25pct,red,3.0,0.25,4235.98,4163.62,4205.64,72.35999999999967,51.179999999999836,30.0
2025-12-03,2025-12-02,4144.88,level_price,L8,2,8,4146.415,-1.535,1.535,True,False,True,True,True,True,red_box_quarter,red_box_2_75pct,red,2.0,0.75,4235.98,4163.62,4205.64,72.35999999999967,51.179999999999836,30.0
2025-12-03,2025-12-02,4170.01,level_price,L7,3,7,4172.005,-1.995,1.995,True,False,True,True,True,True,red_box_quarter,red_box_2_25pct,red,2.0,0.25,4235.98,4163.62,4205.64,72.35999999999967,51.179999999999836,30.0
2025-12-03,2025-12-02,4192.7,level_price,L6,4,6,4191.26152,1.43848,1.43848,True,False,True,True,True,True,prior_range_fraction,prev_range_0.382,neutral,,0.382,4235.98,4163.62,4205.64,72.35999999999967,51.179999999999836,30.0
2025-12-03,2025-12-02,4213.24,level_price,L5,5,5,4211.860024,1.379976,1.379976,True,False,True,True,True,True,prior_range_fraction,prev_range_0.666667,neutral,,0.666667,4235.98,4163.62,4205.64,72.35999999999967,51.179999999999836,30.0
2025-12-03,2025-12-02,4233.23,level_price,L4,6,4,4235.98,-2.75,2.75,True,False,False,True,True,True,prior_hlc,previous_high,neutral,,,4235.98,4163.62,4205.64,72.35999999999967,51.179999999999836,30.0
2025-12-03,2025-12-02,4254.85,level_price,L3,7,3,4253.185,1.665,1.665,True,False,True,True,True,True,green_box_quarter,green_box_2_75pct,green,2.0,0.75,4235.98,4163.62,4205.64,72.35999999999967,51.179999999999836,30.0
2025-12-03,2025-12-02,4275.65,level_price,L2,8,2,4278.775,-3.125,3.125,False,False,False,False,True,True,green_box_quarter,green_box_3_25pct,green,3.0,0.25,4235.98,4163.62,4205.64,72.35999999999967,51.179999999999836,30.0
2025-12-03,2025-12-02,4299.17,level_price,L1,9,1,4304.365,-5.195,5.195,False,False,False,False,False,True,green_box_quarter,green_box_3_75pct,green,3.0,0.75,4235.98,4163.62,4205.64,72.35999999999967,51.179999999999836,30.0
2025-12-04,2025-12-03,4119.88,level_price,L8,1,8,4116.385,3.495,3.495,False,False,False,False,True,True,red_box_quarter,red_box_4_25pct,red,4.0,0.25,4241.64,4194.56,4202.98,47.07999999999993,38.539999999999964,30.0
2025-12-04,2025-12-03,4144.41,level_price,L7,2,7,4145.29,-0.88,0.88,True,True,True,True,True,True,red_box_midline,red_mid_3,red,3.0,0.5,4241.64,4194.56,4202.98,47.07999999999993,38.539999999999964,30.0
2025-12-04,2025-12-03,4167.92,level_price,L6,3,6,4164.56,3.36,3.36,False,False,False,False,True,True,red_box_edge,red_edge_2,red,2.0,,4241.64,4194.56,4202.98,47.07999999999993,38.539999999999964,30.0
2025-12-04,2025-12-03,4188.05,level_price,L5,4,5,4183.83,4.22,4.22,False,False,False,False,True,True,red_box_midline,red_mid_2,red,2.0,0.5,4241.64,4194.56,4202.98,47.07999999999993,38.539999999999964,30.0
2025-12-04,2025-12-03,4205.73,level_price,L4,5,4,4206.33,-0.6,0.6,True,True,True,True,True,True,prior_range_fraction,prev_range_0.25,neutral,,0.25,4241.64,4194.56,4202.98,47.07999999999993,38.539999999999964,30.0
2025-12-04,2025-12-03,4227.56,level_price,L3,6,3,4225.946682,1.613318,1.613318,True,False,True,True,True,True,prior_range_fraction,prev_range_0.666667,neutral,,0.666667,4241.64,4194.56,4202.98,47.07999999999993,38.539999999999964,30.0
2025-12-04,2025-12-03,4251.23,level_price,L2,7,2,4252.37,-1.14,1.14,True,False,True,True,True,True,green_box_midline,green_mid_2,green,2.0,0.5,4241.64,4194.56,4202.98,47.07999999999993,38.539999999999964,30.0
2025-12-04,2025-12-03,4275.79,level_price,L1,8,1,4271.64,4.15,4.15,False,False,False,False,True,True,green_box_edge,green_edge_2,green,2.0,,4241.64,4194.56,4202.98,47.07999999999993,38.539999999999964,30.0
2025-12-05,2025-12-04,4120.52,level_price,L8,1,8,4117.17375,3.34625,3.34625,False,False,False,False,True,True,red_box_quarter,red_box_3_75pct,red,3.0,0.75,4219.46,4175.07,4208.64,44.39000000000033,37.195000000000164,30.0
2025-12-05,2025-12-04,4143.27,level_price,L7,2,7,4145.07,-1.8,1.8,True,False,True,True,True,True,red_box_edge,red_edge_2,red,2.0,,4219.46,4175.07,4208.64,44.39000000000033,37.195000000000164,30.0
2025-12-05,2025-12-04,4164.02,level_price,L6,3,6,4163.6675,0.3525,0.3525,True,True,True,True,True,True,red_box_midline,red_mid_2,red,2.0,0.5,4219.46,4175.07,4208.64,44.39000000000033,37.195000000000164,30.0
2025-12-05,2025-12-04,4183.25,level_price,L5,4,5,4182.265,0.985,0.985,True,True,True,True,True,True,red_box_edge,red_edge_1,red,1.0,,4219.46,4175.07,4208.64,44.39000000000033,37.195000000000164,30.0
2025-12-05,2025-12-04,4205.56,level_price,L4,5,4,4204.663348,0.896652,0.896652,True,True,True,True,True,True,prior_range_fraction,prev_range_0.666667,neutral,,0.666667,4219.46,4175.07,4208.64,44.39000000000033,37.195000000000164,30.0
2025-12-05,2025-12-04,4230.06,level_price,L3,6,3,4230.8625,-0.8025,0.8025,True,True,True,True,True,True,green_box_midline,green_mid_2,green,2.0,0.5,4219.46,4175.07,4208.64,44.39000000000033,37.195000000000164,30.0
2025-12-05,2025-12-04,4254.72,level_price,L2,7,2,4258.75875,-4.03875,4.03875,False,False,False,False,True,True,green_box_quarter,green_box_3_25pct,green,3.0,0.25,4219.46,4175.07,4208.64,44.39000000000033,37.195000000000164,30.0
2025-12-05,2025-12-04,4275.15,level_price,L1,8,1,4277.35625,-2.20625,2.20625,True,False,False,True,True,True,green_box_quarter,green_box_3_75pct,green,3.0,0.75,4219.46,4175.07,4208.64,44.39000000000033,37.195000000000164,30.0
2025-12-08,2025-12-05,4122.65,level_price,L8,1,8,4125.59125,-2.94125,2.94125,True,False,False,True,True,True,red_box_quarter,red_box_3_75pct,red,3.0,0.75,4259.31,4192.06,4199.09,67.25,48.625,30.0
2025-12-08,2025-12-05,4144.37,level_price,L7,2,7,4149.90375,-5.53375,5.53375,False,False,False,False,False,True,red_box_quarter,red_box_3_25pct,red,3.0,0.25,4259.31,4192.06,4199.09,67.25,48.625,30.0
2025-12-08,2025-12-05,4168.88,level_price,L6,3,6,4174.21625,-5.33625,5.33625,False,False,False,False,False,True,red_box_quarter,red_box_2_75pct,red,2.0,0.75,4259.31,4192.06,4199.09,67.25,48.625,30.0
2025-12-08,2025-12-05,4188.47,level_price,L5,4,5,4186.3725,2.0975,2.0975,True,False,False,True,True,True,red_box_midline,red_mid_2,red,2.0,0.5,4259.31,4192.06,4199.09,67.25,48.625,30.0
2025-12-08,2025-12-05,4209.43,level_price,L4,5,4,4208.8725,0.5575,0.5575,True,True,True,True,True,True,prior_range_fraction,prev_range_0.25,neutral,,0.25,4259.31,4192.06,4199.09,67.25,48.625,30.0
2025-12-08,2025-12-05,4228.41,level_price,L3,6,3,4228.52875,-0.11875,0.11875,True,True,True,True,True,True,green_box_quarter,green_box_1_75pct,green,1.0,0.75,4259.31,4192.06,4199.09,67.25,48.625,30.0
2025-12-08,2025-12-05,4250.6,level_price,L2,7,2,4250.90375,-0.30375,0.30375,True,True,True,True,True,True,prior_range_fraction,prev_range_0.875,neutral,,0.875,4259.31,4192.06,4199.09,67.25,48.625,30.0
2025-12-08,2025-12-05,4271.06,level_price,L1,8,1,4264.9975,6.0625,6.0625,False,False,False,False,False,True,green_box_midline,green_mid_2,green,2.0,0.5,4259.31,4192.06,4199.09,67.25,48.625,30.0
2025-12-09,2025-12-08,4128.71,level_price,L8,1,8,4127.965,0.745,0.745,True,True,True,True,True,True,red_box_midline,red_mid_3,red,3.0,0.5,4218.94,4176.16,4190.56,42.779999999999745,36.38999999999987,30.0
2025-12-09,2025-12-08,4149.41,level_price,L7,2,7,4146.16,3.25,3.25,False,False,False,False,True,True,red_box_edge,red_edge_2,red,2.0,,4218.94,4176.16,4190.56,42.779999999999745,36.38999999999987,30.0
2025-12-09,2025-12-08,4169.53,level_price,L6,3,6,4173.4525,-3.9225,3.9225,False,False,False,False,True,True,red_box_quarter,red_box_2_25pct,red,2.0,0.25,4218.94,4176.16,4190.56,42.779999999999745,36.38999999999987,30.0
2025-12-09,2025-12-08,4191.11,level_price,L5,4,5,4191.6475,-0.5375,0.5375,True,True,True,True,True,True,red_box_quarter,red_box_1_75pct,red,1.0,0.75,4218.94,4176.16,4190.56,42.779999999999745,36.38999999999987,30.0
2025-12-09,2025-12-08,4214.14,level_price,L4,5,4,4213.5925,0.5475,0.5475,True,True,True,True,True,True,prior_range_fraction,prev_range_0.875,neutral,,0.875,4218.94,4176.16,4190.56,42.779999999999745,36.38999999999987,30.0
2025-12-09,2025-12-08,4234.84,level_price,L3,6,3,4230.745,4.095,4.095,False,False,False,False,True,True,green_box_midline,green_mid_2,green,2.0,0.5,4218.94,4176.16,4190.56,42.779999999999745,36.38999999999987,30.0
2025-12-09,2025-12-08,4254.67,level_price,L2,7,2,4258.0375,-3.3675,3.3675,False,False,False,False,True,True,green_box_quarter,green_box_3_25pct,green,3.0,0.25,4218.94,4176.16,4190.56,42.779999999999745,36.38999999999987,30.0
2025-12-09,2025-12-08,4271.87,level_price,L1,8,1,4276.2325,-4.3625,4.3625,False,False,False,False,True,True,green_box_quarter,green_box_3_75pct,green,3.0,0.75,4218.94,4176.16,4190.56,42.779999999999745,36.38999999999987,30.0
2025-12-10,2025-12-09,4133.08,level_price,L8,1,8,4129.8925,3.1875,3.1875,False,False,False,False,True,True,red_box_quarter,red_box_3_25pct,red,3.0,0.25,4221.31,4170.05,4208.1,51.26000000000022,40.63000000000011,30.0
2025-12-10,2025-12-09,4152.33,level_price,L7,2,7,4150.2075,2.1225,2.1225,True,False,False,True,True,True,red_box_quarter,red_box_2_75pct,red,2.0,0.75,4221.31,4170.05,4208.1,51.26000000000022,40.63000000000011,30.0
2025-12-10,2025-12-09,4173.28,level_price,L6,3,6,4170.5225,2.7575,2.7575,True,False,False,True,True,True,red_box_quarter,red_box_2_25pct,red,2.0,0.25,4221.31,4170.05,4208.1,51.26000000000022,40.63000000000011,30.0
2025-12-10,2025-12-09,4194.44,level_price,L5,4,5,4195.68,-1.24,1.24,True,False,True,True,True,True,prior_hlc,previous_mid,neutral,,,4221.31,4170.05,4208.1,51.26000000000022,40.63000000000011,30.0
2025-12-10,2025-12-09,4215.84,level_price,L4,5,4,4214.9025,0.9375,0.9375,True,True,True,True,True,True,prior_range_fraction,prev_range_0.875,neutral,,0.875,4221.31,4170.05,4208.1,51.26000000000022,40.63000000000011,30.0
2025-12-10,2025-12-09,4236.26,level_price,L3,6,3,4241.1525,-4.8925,4.8925,False,False,False,False,True,True,green_box_quarter,green_box_2_75pct,green,2.0,0.75,4221.31,4170.05,4208.1,51.26000000000022,40.63000000000011,30.0
2025-12-10,2025-12-09,4256.93,level_price,L2,7,2,4261.4675,-4.5375,4.5375,False,False,False,False,True,True,green_box_quarter,green_box_3_25pct,green,3.0,0.25,4221.31,4170.05,4208.1,51.26000000000022,40.63000000000011,30.0
2025-12-10,2025-12-09,4277.55,level_price,L1,8,1,4281.7825,-4.2325,4.2325,False,False,False,False,True,True,green_box_quarter,green_box_3_75pct,green,3.0,0.75,4221.31,4170.05,4208.1,51.26000000000022,40.63000000000011,30.0
2025-12-11,2025-12-10,4137.75,level_price,L8,1,8,4140.97125,-3.22125,3.22125,False,False,False,False,True,True,red_box_quarter,red_box_3_25pct,red,3.0,0.25,4238.79,4181.84,4228.54,56.94999999999982,43.47499999999991,30.0
2025-12-11,2025-12-10,4154.37,level_price,L7,2,7,4151.84,2.53,2.53,True,False,False,True,True,True,red_box_edge,red_edge_2,red,2.0,,4238.79,4181.84,4228.54,56.94999999999982,43.47499999999991,30.0
2025-12-11,2025-12-10,4173.9,level_price,L6,3,6,4173.5775,0.3225,0.3225,True,True,True,True,True,True,red_box_midline,red_mid_2,red,2.0,0.5,4238.79,4181.84,4228.54,56.94999999999982,43.47499999999991,30.0
2025-12-11,2025-12-10,4192.13,level_price,L5,4,5,4192.70875,-0.57875,0.57875,True,True,True,True,True,True,green_box_quarter,green_box_1_25pct,green,1.0,0.25,4238.79,4181.84,4228.54,56.94999999999982,43.47499999999991,30.0
2025-12-11,2025-12-10,4212.52,level_price,L4,5,4,4214.44625,-1.92625,1.92625,True,False,True,True,True,True,green_box_quarter,green_box_1_75pct,green,1.0,0.75,4238.79,4181.84,4228.54,56.94999999999982,43.47499999999991,30.0
2025-12-11,2025-12-10,4231.18,level_price,L3,6,3,4231.67125,-0.49125,0.49125,True,True,True,True,True,True,prior_range_fraction,prev_range_0.875,neutral,,0.875,4238.79,4181.84,4228.54,56.94999999999982,43.47499999999991,30.0
2025-12-11,2025-12-10,4250.88,level_price,L2,7,2,4247.0525,3.8275,3.8275,False,False,False,False,True,True,green_box_midline,green_mid_2,green,2.0,0.5,4238.79,4181.84,4228.54,56.94999999999982,43.47499999999991,30.0
2025-12-11,2025-12-10,4269.25,level_price,L1,8,1,4268.79,0.46,0.46,True,True,True,True,True,True,green_box_edge,green_edge_2,green,2.0,,4238.79,4181.84,4228.54,56.94999999999982,43.47499999999991,30.0
2025-12-12,2025-12-11,4182.6,level_price,L9,1,9,4188.33625,-5.73625,5.73625,False,False,False,False,False,True,red_box_quarter,red_box_2_75pct,red,2.0,0.75,4285.96,4204.39,4279.59,81.56999999999971,55.784999999999854,30.0
2025-12-12,2025-12-11,4198.88,level_price,L8,2,8,4202.2825,-3.4025,3.4025,False,False,False,False,True,True,red_box_midline,red_mid_2,red,2.0,0.5,4285.96,4204.39,4279.59,81.56999999999971,55.784999999999854,30.0
2025-12-12,2025-12-11,4215.76,level_price,L7,3,7,4216.22875,-0.46875,0.46875,True,True,True,True,True,True,red_box_quarter,red_box_2_25pct,red,2.0,0.25,4285.96,4204.39,4279.59,81.56999999999971,55.784999999999854,30.0
2025-12-12,2025-12-11,4231.66,level_price,L6,4,6,4231.579973,0.080027,0.080027,True,True,True,True,True,True,prior_range_fraction,prev_range_0.333333,neutral,,0.333333,4285.96,4204.39,4279.59,81.56999999999971,55.784999999999854,30.0
2025-12-12,2025-12-11,4245.23,level_price,L5,5,5,4245.175,0.055,0.055,True,True,True,True,True,True,prior_hlc,previous_mid,neutral,,,4285.96,4204.39,4279.59,81.56999999999971,55.784999999999854,30.0
2025-12-12,2025-12-11,4258.86,level_price,L4,6,4,4258.770027,0.089973,0.089973,True,True,True,True,True,True,prior_range_fraction,prev_range_0.666667,neutral,,0.666667,4285.96,4204.39,4279.59,81.56999999999971,55.784999999999854,30.0
2025-12-12,2025-12-11,4275.19,level_price,L3,7,3,4275.76375,-0.57375,0.57375,True,True,True,True,True,True,prior_range_fraction,prev_range_0.875,neutral,,0.875,4285.96,4204.39,4279.59,81.56999999999971,55.784999999999854,30.0
2025-12-12,2025-12-11,4289.14,level_price,L2,8,2,4288.0675,1.0725,1.0725,True,False,True,True,True,True,green_box_midline,green_mid_2,green,2.0,0.5,4285.96,4204.39,4279.59,81.56999999999971,55.784999999999854,30.0
2025-12-12,2025-12-11,4302.86,level_price,L1,9,1,4302.01375,0.84625,0.84625,True,True,True,True,True,True,green_box_quarter,green_box_2_75pct,green,2.0,0.75,4285.96,4204.39,4279.59,81.56999999999971,55.784999999999854,30.0
2025-12-15,2025-12-12,4227.04,level_price,L8,1,8,4227.82,-0.78,0.78,True,True,True,True,True,True,red_box_edge,red_edge_2,red,2.0,,4353.57,4257.82,4299.72,95.75,62.875,30.0
2025-12-15,2025-12-12,4244.2,level_price,L7,2,7,4243.53875,0.66125,0.66125,True,True,True,True,True,True,red_box_quarter,red_box_2_75pct,red,2.0,0.75,4353.57,4257.82,4299.72,95.75,62.875,30.0
2025-12-15,2025-12-12,4264.18,level_price,L6,3,6,4259.2575,4.9225,4.9225,False,False,False,False,True,True,red_box_midline,red_mid_2,red,2.0,0.5,4353.57,4257.82,4299.72,95.75,62.875,30.0
2025-12-15,2025-12-12,4285.43,level_price,L5,4,5,4281.7575,3.6725,3.6725,False,False,False,False,True,True,prior_range_fraction,prev_range_0.25,neutral,,0.25,4353.57,4257.82,4299.72,95.75,62.875,30.0
2025-12-15,2025-12-12,4304.36,level_price,L4,5,4,4304.97625,-0.61625,0.61625,True,True,True,True,True,True,green_box_quarter,green_box_1_75pct,green,1.0,0.75,4353.57,4257.82,4299.72,95.75,62.875,30.0
2025-12-15,2025-12-12,4324.81,level_price,L3,6,3,4322.1325,2.6775,2.6775,True,False,False,True,True,True,red_box_midline,red_mid_1,red,1.0,0.5,4353.57,4257.82,4299.72,95.75,62.875,30.0
2025-12-15,2025-12-12,4341.09,level_price,L2,7,2,4341.60125,-0.51125,0.51125,True,True,True,True,True,True,prior_range_fraction,prev_range_0.875,neutral,,0.875,4353.57,4257.82,4299.72,95.75,62.875,30.0
2025-12-15,2025-12-12,4343.16,level_price,L1,8,1,4341.60125,1.55875,1.55875,True,False,True,True,True,True,prior_range_fraction,prev_range_0.875,neutral,,0.875,4353.57,4257.82,4299.72,95.75,62.875,30.0
2025-12-16,2025-12-15,4243.18,level_price,L8,1,8,4243.40625,-0.22625,0.22625,True,True,True,True,True,True,red_box_quarter,red_box_3_25pct,red,3.0,0.25,4350.36,4285.29,4304.91,65.06999999999971,47.534999999999854,30.0
2025-12-16,2025-12-15,4264.18,level_price,L7,2,7,4267.17375,-2.99375,2.99375,True,False,False,True,True,True,red_box_quarter,red_box_2_75pct,red,2.0,0.75,4350.36,4285.29,4304.91,65.06999999999971,47.534999999999854,30.0
2025-12-16,2025-12-15,4281.92,level_price,L6,3,6,4279.0575,2.8625,2.8625,True,False,False,True,True,True,red_box_midline,red_mid_2,red,2.0,0.5,4350.36,4285.29,4304.91,65.06999999999971,47.534999999999854,30.0
2025-12-16,2025-12-15,4301.91,level_price,L5,4,5,4301.5575,0.3525,0.3525,True,True,True,True,True,True,prior_range_fraction,prev_range_0.25,neutral,,0.25,4350.36,4285.29,4304.91,65.06999999999971,47.534999999999854,30.0
2025-12-16,2025-12-15,4320.99,level_price,L4,5,4,4320.94125,0.04875,0.04875,True,True,True,True,True,True,green_box_quarter,green_box_1_75pct,green,1.0,0.75,4350.36,4285.29,4304.91,65.06999999999971,47.534999999999854,30.0
2025-12-16,2025-12-15,4339.52,level_price,L3,6,3,4338.47625,1.04375,1.04375,True,False,True,True,True,True,red_box_quarter,red_box_1_25pct,red,1.0,0.25,4350.36,4285.29,4304.91,65.06999999999971,47.534999999999854,30.0
2025-12-16,2025-12-15,4357.6,level_price,L2,7,2,4356.5925,1.0075,1.0075,True,False,True,True,True,True,green_box_midline,green_mid_2,green,2.0,0.5,4350.36,4285.29,4304.91,65.06999999999971,47.534999999999854,30.0
2025-12-16,2025-12-15,4377.89,level_price,L1,8,1,4380.36,-2.47,2.47,True,False,False,True,True,True,green_box_edge,green_edge_2,green,2.0,,4350.36,4285.29,4304.91,65.06999999999971,47.534999999999854,30.0
2025-12-17,2025-12-16,4239.93,level_price,L8,1,8,4241.56,-1.63,1.63,True,False,True,True,True,True,red_box_edge,red_edge_2,red,2.0,,4335.09,4271.56,4302.04,63.529999999999745,46.76499999999987,30.0
2025-12-17,2025-12-16,4258.9,level_price,L7,2,7,4253.25125,5.64875,5.64875,False,False,False,False,False,True,red_box_quarter,red_box_2_75pct,red,2.0,0.75,4335.09,4271.56,4302.04,63.529999999999745,46.76499999999987,30.0
2025-12-17,2025-12-16,4278.84,level_price,L6,3,6,4279.50125,-0.66125,0.66125,True,True,True,True,True,True,prior_range_fraction,prev_range_0.125,neutral,,0.125,4335.09,4271.56,4302.04,63.529999999999745,46.76499999999987,30.0
2025-12-17,2025-12-16,4297.24,level_price,L5,4,5,4295.82846,1.41154,1.41154,True,False,True,True,True,True,prior_range_fraction,prev_range_0.382,neutral,,0.382,4335.09,4271.56,4302.04,63.529999999999745,46.76499999999987,30.0
2025-12-17,2025-12-16,4315.01,level_price,L4,5,4,4313.913355,1.096645,1.096645,True,False,True,True,True,True,prior_range_fraction,prev_range_0.666667,neutral,,0.666667,4335.09,4271.56,4302.04,63.529999999999745,46.76499999999987,30.0
2025-12-17,2025-12-16,4334.9,level_price,L3,6,3,4335.09,-0.19,0.19,True,True,True,True,True,True,prior_hlc,previous_high,neutral,,,4335.09,4271.56,4302.04,63.529999999999745,46.76499999999987,30.0
2025-12-17,2025-12-16,4351.68,level_price,L2,7,2,4353.39875,-1.71875,1.71875,True,False,True,True,True,True,green_box_quarter,green_box_2_75pct,green,2.0,0.75,4335.09,4271.56,4302.04,63.529999999999745,46.76499999999987,30.0
2025-12-17,2025-12-16,4369.77,level_price,L1,8,1,4365.09,4.68,4.68,False,False,False,False,True,True,green_box_edge,green_edge_2,green,2.0,,4335.09,4271.56,4302.04,63.529999999999745,46.76499999999987,30.0
2025-12-19,2025-12-18,4274.94,level_price,L8,1,8,4278.29,-3.35,3.35,False,False,False,False,True,True,red_box_edge,red_edge_2,red,2.0,,4374.6,4308.29,4332.34,66.3100000000004,48.1550000000002,30.0
2025-12-19,2025-12-18,4290.25,level_price,L7,2,7,4290.32875,-0.07875,0.07875,True,True,True,True,True,True,red_box_quarter,red_box_2_75pct,red,2.0,0.75,4374.6,4308.29,4332.34,66.3100000000004,48.1550000000002,30.0
2025-12-19,2025-12-18,4306.94,level_price,L6,3,6,4308.29,-1.35,1.35,True,False,True,True,True,True,prior_hlc,previous_low,neutral,,,4374.6,4308.29,4332.34,66.3100000000004,48.1550000000002,30.0
2025-12-19,2025-12-18,4323.86,level_price,L5,4,5,4324.8675,-1.0075,1.0075,True,False,True,True,True,True,prior_range_fraction,prev_range_0.25,neutral,,0.25,4374.6,4308.29,4332.34,66.3100000000004,48.1550000000002,30.0
2025-12-19,2025-12-18,4340.32,level_price,L4,5,4,4341.445,-1.125,1.125,True,False,True,True,True,True,prior_hlc,previous_mid,neutral,,,4374.6,4308.29,4332.34,66.3100000000004,48.1550000000002,30.0
2025-12-19,2025-12-18,4357.02,level_price,L3,6,3,4356.445,0.575,0.575,True,True,True,True,True,True,green_box_edge,green_edge_1,green,1.0,,4374.6,4308.29,4332.34,66.3100000000004,48.1550000000002,30.0
2025-12-19,2025-12-18,4371.86,level_price,L2,7,2,4374.6,-2.74,2.74,True,False,False,True,True,True,prior_hlc,previous_high,neutral,,,4374.6,4308.29,4332.34,66.3100000000004,48.1550000000002,30.0
2025-12-19,2025-12-18,4385.07,level_price,L1,8,1,4380.5225,4.5475,4.5475,False,False,False,False,True,True,green_box_midline,green_mid_2,green,2.0,0.5,4374.6,4308.29,4332.34,66.3100000000004,48.1550000000002,30.0
2025-12-22,2025-12-19,4264.39,level_price,L8,1,8,4259.995,4.395,4.395,False,False,False,False,True,True,red_box_midline,red_mid_3,red,3.0,0.5,4356.57,4309.31,4338.16,47.25999999999931,38.629999999999654,30.0
2025-12-22,2025-12-19,4283.27,level_price,L7,2,7,4279.31,3.96,3.96,False,False,False,False,True,True,red_box_edge,red_edge_2,red,2.0,,4356.57,4309.31,4338.16,47.25999999999931,38.629999999999654,30.0
2025-12-22,2025-12-19,4300.17,level_price,L6,3,6,4298.625,1.545,1.545,True,False,True,True,True,True,red_box_midline,red_mid_2,red,2.0,0.5,4356.57,4309.31,4338.16,47.25999999999931,38.629999999999654,30.0
2025-12-22,2025-12-19,4317.56,level_price,L5,4,5,4317.94,-0.38,0.38,True,True,True,True,True,True,red_box_edge,red_edge_1,red,1.0,,4356.57,4309.31,4338.16,47.25999999999931,38.629999999999654,30.0
2025-12-22,2025-12-19,4336.01,level_price,L4,5,4,4337.255,-1.245,1.245,True,False,True,True,True,True,red_box_midline,red_mid_1,red,1.0,0.5,4356.57,4309.31,4338.16,47.25999999999931,38.629999999999654,30.0
2025-12-22,2025-12-19,4353.98,level_price,L3,6,3,4356.57,-2.59,2.59,True,False,False,True,True,True,prior_hlc,previous_high,neutral,,,4356.57,4309.31,4338.16,47.25999999999931,38.629999999999654,30.0
2025-12-22,2025-12-19,4369.93,level_price,L2,7,2,4367.255,2.675,2.675,True,False,False,True,True,True,green_box_midline,green_mid_2,green,2.0,0.5,4356.57,4309.31,4338.16,47.25999999999931,38.629999999999654,30.0
2025-12-22,2025-12-19,4385.93,level_price,L1,8,1,4386.57,-0.64,0.64,True,True,True,True,True,True,green_box_edge,green_edge_2,green,2.0,,4356.57,4309.31,4338.16,47.25999999999931,38.629999999999654,30.0
2025-12-23,2025-12-22,4382.63,level_price,L10,1,10,4380.58076,2.04924,2.04924,True,False,False,True,True,True,prior_range_fraction,prev_range_0.382,neutral,,0.382,4449.29,4338.11,4443.59,111.18000000000029,70.59000000000015,30.0
2025-12-23,2025-12-22,4397.75,level_price,L9,2,9,4396.3475,1.4025,1.4025,True,False,True,True,True,True,red_box_quarter,red_box_1_75pct,red,1.0,0.75,4449.29,4338.11,4443.59,111.18000000000029,70.59000000000015,30.0
2025-12-23,2025-12-22,4412.2,level_price,L8,3,8,4412.230037,-0.030037,0.030037,True,True,True,True,True,True,prior_range_fraction,prev_range_0.666667,neutral,,0.666667,4449.29,4338.11,4443.59,111.18000000000029,70.59000000000015,30.0
2025-12-23,2025-12-22,4426.21,level_price,L7,4,7,4426.3475,-0.1375,0.1375,True,True,True,True,True,True,green_box_quarter,green_box_2_25pct,green,2.0,0.25,4449.29,4338.11,4443.59,111.18000000000029,70.59000000000015,30.0
2025-12-23,2025-12-22,4440.6,level_price,L6,5,6,4443.59,-2.99,2.99,True,False,False,True,True,True,prior_hlc,previous_close,neutral,,,4449.29,4338.11,4443.59,111.18000000000029,70.59000000000015,30.0
2025-12-23,2025-12-22,4453.37,level_price,L5,6,5,4449.29,4.08,4.08,False,False,False,False,True,True,prior_hlc,previous_high,neutral,,,4449.29,4338.11,4443.59,111.18000000000029,70.59000000000015,30.0
2025-12-23,2025-12-22,4467.13,level_price,L4,7,4,4461.6425,5.4875,5.4875,False,False,False,False,False,True,green_box_quarter,green_box_2_75pct,green,2.0,0.75,4449.29,4338.11,4443.59,111.18000000000029,70.59000000000015,30.0
2025-12-23,2025-12-22,4483.13,level_price,L3,8,3,4479.29,3.84,3.84,False,False,False,False,True,True,green_box_edge,green_edge_2,green,2.0,,4449.29,4338.11,4443.59,111.18000000000029,70.59000000000015,30.0
2025-12-23,2025-12-22,4498.74,level_price,L2,9,2,4496.9375,1.8025,1.8025,True,False,True,True,True,True,green_box_quarter,green_box_3_25pct,green,3.0,0.25,4449.29,4338.11,4443.59,111.18000000000029,70.59000000000015,30.0
2025-12-23,2025-12-22,4511.17,level_price,L1,10,1,4514.585,-3.415,3.415,False,False,False,False,True,True,green_box_midline,green_mid_3,green,3.0,0.5,4449.29,4338.11,4443.59,111.18000000000029,70.59000000000015,30.0
2025-12-24,2025-12-23,4455.68,level_price,L6,1,6,4455.0375,0.6425,0.6425,True,True,True,True,True,True,green_box_midline,green_mid_1,green,1.0,0.5,4499.82,4430.11,4484.54,69.71000000000004,49.85500000000002,30.0
2025-12-24,2025-12-23,4467.74,level_price,L5,2,5,4467.50125,0.23875,0.23875,True,True,True,True,True,True,green_box_quarter,green_box_1_75pct,green,1.0,0.75,4499.82,4430.11,4484.54,69.71000000000004,49.85500000000002,30.0
2025-12-24,2025-12-23,4479.79,level_price,L4,3,4,4479.965,-0.175,0.175,True,True,True,True,True,True,green_box_edge,green_edge_1,green,1.0,,4499.82,4430.11,4484.54,69.71000000000004,49.85500000000002,30.0
2025-12-24,2025-12-23,4492.35,level_price,L3,4,3,4492.42875,-0.07875,0.07875,True,True,True,True,True,True,green_box_quarter,green_box_2_25pct,green,2.0,0.25,4499.82,4430.11,4484.54,69.71000000000004,49.85500000000002,30.0
2025-12-24,2025-12-23,4504.32,level_price,L2,5,2,4504.8925,-0.5725,0.5725,True,True,True,True,True,True,green_box_midline,green_mid_2,green,2.0,0.5,4499.82,4430.11,4484.54,69.71000000000004,49.85500000000002,30.0
2025-12-24,2025-12-23,4516.3,level_price,L1,6,1,4517.35625,-1.05625,1.05625,True,False,True,True,True,True,green_box_quarter,green_box_2_75pct,green,2.0,0.75,4499.82,4430.11,4484.54,69.71000000000004,49.85500000000002,30.0
2025-12-26,2025-12-24,4442.65,level_price,L8,1,8,4445.2675,-2.6175,2.6175,True,False,False,True,True,True,red_box_midline,red_mid_2,red,2.0,0.5,4525.75,4448.44,4479.58,77.3100000000004,53.6550000000002,30.0
2025-12-26,2025-12-24,4454.16,level_price,L7,2,7,4458.10375,-3.94375,3.94375,False,False,False,False,True,True,prior_range_fraction,prev_range_0.125,neutral,,0.125,4525.75,4448.44,4479.58,77.3100000000004,53.6550000000002,30.0
2025-12-26,2025-12-24,4466.22,level_price,L6,3,6,4467.7675,-1.5475,1.5475,True,False,True,True,True,True,prior_range_fraction,prev_range_0.25,neutral,,0.25,4525.75,4448.44,4479.58,77.3100000000004,53.6550000000002,30.0
2025-12-26,2025-12-24,4479.11,level_price,L5,4,5,4479.58,-0.47,0.47,True,True,True,True,True,True,prior_hlc,previous_close,neutral,,,4525.75,4448.44,4479.58,77.3100000000004,53.6550000000002,30.0
2025-12-26,2025-12-24,4492.12,level_price,L4,5,4,4488.68125,3.43875,3.43875,False,False,False,False,True,True,green_box_quarter,green_box_1_75pct,green,1.0,0.75,4525.75,4448.44,4479.58,77.3100000000004,53.6550000000002,30.0
2025-12-26,2025-12-24,4504.92,level_price,L3,6,3,4506.4225,-1.5025,1.5025,True,False,True,True,True,True,prior_range_fraction,prev_range_0.75,neutral,,0.75,4525.75,4448.44,4479.58,77.3100000000004,53.6550000000002,30.0
2025-12-26,2025-12-24,4518.59,level_price,L2,7,2,4516.08625,2.50375,2.50375,True,False,False,True,True,True,prior_range_fraction,prev_range_0.875,neutral,,0.875,4525.75,4448.44,4479.58,77.3100000000004,53.6550000000002,30.0
2025-12-26,2025-12-24,4530.77,level_price,L1,8,1,4528.9225,1.8475,1.8475,True,False,True,True,True,True,green_box_midline,green_mid_2,green,2.0,0.5,4525.75,4448.44,4479.58,77.3100000000004,53.6550000000002,30.0
2025-12-29,2025-12-26,4432.71,level_price,L11,1,11,4438.54125,-5.83125,5.83125,False,False,False,False,False,True,red_box_quarter,red_box_3_25pct,red,3.0,0.25,4549.86,4480.91,4531.0,68.94999999999982,49.47499999999991,30.0
2025-12-29,2025-12-26,4443.73,level_price,L10,2,10,4438.54125,5.18875,5.18875,False,False,False,False,False,True,red_box_quarter,red_box_3_25pct,red,3.0,0.25,4549.86,4480.91,4531.0,68.94999999999982,49.47499999999991,30.0
2025-12-29,2025-12-26,4455.34,level_price,L9,3,9,4450.91,4.43,4.43,False,False,False,False,True,True,red_box_edge,red_edge_2,red,2.0,,4549.86,4480.91,4531.0,68.94999999999982,49.47499999999991,30.0
2025-12-29,2025-12-26,4467.35,level_price,L8,4,8,4463.27875,4.07125,4.07125,False,False,False,False,True,True,red_box_quarter,red_box_2_75pct,red,2.0,0.75,4549.86,4480.91,4531.0,68.94999999999982,49.47499999999991,30.0
2025-12-29,2025-12-26,4482.36,level_price,L7,5,7,4480.91,1.45,1.45,True,False,True,True,True,True,prior_hlc,previous_low,neutral,,,4549.86,4480.91,4531.0,68.94999999999982,49.47499999999991,30.0
2025-12-29,2025-12-26,4499.26,level_price,L6,6,6,4498.1475,1.1125,1.1125,True,False,True,True,True,True,prior_range_fraction,prev_range_0.25,neutral,,0.25,4549.86,4480.91,4531.0,68.94999999999982,49.47499999999991,30.0
2025-12-29,2025-12-26,4515.32,level_price,L5,7,5,4515.385,-0.065,0.065,True,True,True,True,True,True,prior_hlc,previous_mid,neutral,,,4549.86,4480.91,4531.0,68.94999999999982,49.47499999999991,30.0
2025-12-29,2025-12-26,4530.28,level_price,L4,8,4,4530.385,-0.105,0.105,True,True,True,True,True,True,green_box_edge,green_edge_1,green,1.0,,4549.86,4480.91,4531.0,68.94999999999982,49.47499999999991,30.0
2025-12-29,2025-12-26,4543.3,level_price,L3,9,3,4542.75375,0.54625,0.54625,True,True,True,True,True,True,green_box_quarter,green_box_2_25pct,green,2.0,0.25,4549.86,4480.91,4531.0,68.94999999999982,49.47499999999991,30.0
2025-12-29,2025-12-26,4557.97,level_price,L2,10,2,4555.1225,2.8475,2.8475,True,False,False,True,True,True,green_box_midline,green_mid_2,green,2.0,0.5,4549.86,4480.91,4531.0,68.94999999999982,49.47499999999991,30.0
2025-12-29,2025-12-26,4571.27,level_price,L1,11,1,4567.49125,3.77875,3.77875,False,False,False,False,True,True,green_box_quarter,green_box_2_75pct,green,2.0,0.75,4549.86,4480.91,4531.0,68.94999999999982,49.47499999999991,30.0
2025-12-30,2025-12-29,4262.82,level_price,L9,1,9,4272.47,-9.65,9.65,False,False,False,False,False,True,red_box_edge,red_edge_2,red,2.0,,4549.71,4302.47,4332.04,247.23999999999978,138.6199999999999,30.0
2025-12-30,2025-12-29,4279.3,level_price,L8,2,8,4272.47,6.83,6.83,False,False,False,False,False,True,red_box_edge,red_edge_2,red,2.0,,4549.71,4302.47,4332.04,247.23999999999978,138.6199999999999,30.0
2025-12-30,2025-12-29,4296.74,level_price,L7,3,7,4302.47,-5.73,5.73,False,False,False,False,False,True,prior_hlc,previous_low,neutral,,,4549.71,4302.47,4332.04,247.23999999999978,138.6199999999999,30.0
2025-12-30,2025-12-29,4312.71,level_price,L6,4,6,4307.125,5.585,5.585,False,False,False,False,False,True,red_box_quarter,red_box_2_75pct,red,2.0,0.75,4549.71,4302.47,4332.04,247.23999999999978,138.6199999999999,30.0
2025-12-30,2025-12-29,4329.56,level_price,L5,5,5,4332.04,-2.48,2.48,True,False,False,True,True,True,prior_hlc,previous_close,neutral,,,4549.71,4302.47,4332.04,247.23999999999978,138.6199999999999,30.0
2025-12-30,2025-12-29,4350.13,level_price,L4,6,4,4341.78,8.35,8.35,False,False,False,False,False,True,red_box_midline,red_mid_2,red,2.0,0.5,4549.71,4302.47,4332.04,247.23999999999978,138.6199999999999,30.0
2025-12-30,2025-12-29,4368.33,level_price,L3,7,3,4371.78,-3.45,3.45,False,False,False,False,True,True,green_box_midline,green_mid_1,green,1.0,0.5,4549.71,4302.47,4332.04,247.23999999999978,138.6199999999999,30.0
2025-12-30,2025-12-29,4385.33,level_price,L2,8,2,4384.883251,0.446749,0.446749,True,True,True,True,True,True,prior_range_fraction,prev_range_0.333333,neutral,,0.333333,4549.71,4302.47,4332.04,247.23999999999978,138.6199999999999,30.0
2025-12-30,2025-12-29,4401.73,level_price,L1,9,1,4406.435,-4.705,4.705,False,False,False,False,True,True,green_box_quarter,green_box_1_75pct,green,1.0,0.75,4549.71,4302.47,4332.04,247.23999999999978,138.6199999999999,30.0
2026-01-01,2025-12-31,4276.23,level_price,L9,1,9,4276.755,-0.525,0.525,True,True,True,True,True,True,red_box_midline,red_mid_2,red,2.0,0.5,4373.16,4274.62,4318.87,98.53999999999996,64.26999999999998,30.0
2026-01-01,2025-12-31,4292.45,level_price,L8,2,8,4292.8225,-0.3725,0.3725,True,True,True,True,True,True,red_box_quarter,red_box_2_25pct,red,2.0,0.25,4373.16,4274.62,4318.87,98.53999999999996,64.26999999999998,30.0
2026-01-01,2025-12-31,4308.35,level_price,L7,3,7,4308.89,-0.54,0.54,True,True,True,True,True,True,red_box_edge,red_edge_1,red,1.0,,4373.16,4274.62,4318.87,98.53999999999996,64.26999999999998,30.0
2026-01-01,2025-12-31,4324.37,level_price,L6,4,6,4323.89,0.48,0.48,True,True,True,True,True,True,prior_hlc,previous_mid,neutral,,,4373.16,4274.62,4318.87,98.53999999999996,64.26999999999998,30.0
2026-01-01,2025-12-31,4342.0,level_price,L5,5,5,4341.025,0.975,0.975,True,True,True,True,True,True,red_box_midline,red_mid_1,red,1.0,0.5,4373.16,4274.62,4318.87,98.53999999999996,64.26999999999998,30.0
2026-01-01,2025-12-31,4359.13,level_price,L4,6,4,4360.8425,-1.7125,1.7125,True,False,True,True,True,True,prior_range_fraction,prev_range_0.875,neutral,,0.875,4373.16,4274.62,4318.87,98.53999999999996,64.26999999999998,30.0
2026-01-01,2025-12-31,4380.53,level_price,L3,7,3,4387.0925,-6.5625,6.5625,False,False,False,False,False,True,green_box_quarter,green_box_2_75pct,green,2.0,0.75,4373.16,4274.62,4318.87,98.53999999999996,64.26999999999998,30.0
2026-01-01,2025-12-31,4398.05,level_price,L2,8,2,4403.16,-5.11,5.11,False,False,False,False,False,True,green_box_edge,green_edge_2,green,2.0,,4373.16,4274.62,4318.87,98.53999999999996,64.26999999999998,30.0
2026-01-01,2025-12-31,4415.29,level_price,L1,9,1,4419.2275,-3.9375,3.9375,False,False,False,False,True,True,green_box_quarter,green_box_3_25pct,green,3.0,0.25,4373.16,4274.62,4318.87,98.53999999999996,64.26999999999998,30.0
2026-01-02,2025-12-31,4243.41,level_price,L10,1,10,4244.62,-1.21,1.21,True,False,True,True,True,True,red_box_edge,red_edge_2,red,2.0,,4373.16,4274.62,4318.87,98.53999999999996,64.26999999999998,30.0
2026-01-02,2025-12-31,4265.0,level_price,L9,2,9,4260.6875,4.3125,4.3125,False,False,False,False,True,True,red_box_quarter,red_box_2_75pct,red,2.0,0.75,4373.16,4274.62,4318.87,98.53999999999996,64.26999999999998,30.0
2026-01-02,2025-12-31,4287.02,level_price,L8,3,8,4286.9375,0.0825,0.0825,True,True,True,True,True,True,prior_range_fraction,prev_range_0.125,neutral,,0.125,4373.16,4274.62,4318.87,98.53999999999996,64.26999999999998,30.0
2026-01-02,2025-12-31,4308.24,level_price,L7,4,7,4308.89,-0.65,0.65,True,True,True,True,True,True,red_box_edge,red_edge_1,red,1.0,,4373.16,4274.62,4318.87,98.53999999999996,64.26999999999998,30.0
2026-01-02,2025-12-31,4330.45,level_price,L6,5,6,4335.51772,-5.06772,5.06772,False,False,False,False,False,True,prior_range_fraction,prev_range_0.618,neutral,,0.618,4373.16,4274.62,4318.87,98.53999999999996,64.26999999999998,30.0
2026-01-02,2025-12-31,4352.91,level_price,L5,6,5,4354.9575,-2.0475,2.0475,True,False,False,True,True,True,green_box_quarter,green_box_2_25pct,green,2.0,0.25,4373.16,4274.62,4318.87,98.53999999999996,64.26999999999998,30.0
2026-01-02,2025-12-31,4376.66,level_price,L4,7,4,4373.16,3.5,3.5,False,False,False,False,True,True,prior_hlc,previous_high,neutral,,,4373.16,4274.62,4318.87,98.53999999999996,64.26999999999998,30.0
2026-01-02,2025-12-31,4401.03,level_price,L3,8,3,4403.16,-2.13,2.13,True,False,False,True,True,True,green_box_edge,green_edge_2,green,2.0,,4373.16,4274.62,4318.87,98.53999999999996,64.26999999999998,30.0
2026-01-02,2025-12-31,4421.64,level_price,L2,9,2,4419.2275,2.4125,2.4125,True,False,False,True,True,True,green_box_quarter,green_box_3_25pct,green,3.0,0.25,4373.16,4274.62,4318.87,98.53999999999996,64.26999999999998,30.0
2026-01-02,2025-12-31,4442.58,level_price,L1,10,1,4435.295,7.285,7.285,False,False,False,False,False,True,green_box_midline,green_mid_3,green,3.0,0.5,4373.16,4274.62,4318.87,98.53999999999996,64.26999999999998,30.0
2026-01-05,2026-01-02,4237.22,level_price,L10,1,10,4234.12125,3.09875,3.09875,False,False,False,False,True,True,red_box_quarter,red_box_3_75pct,red,3.0,0.75,4402.38,4310.01,4332.72,92.36999999999989,61.184999999999945,30.0
2026-01-05,2026-01-02,4258.32,level_price,L9,2,9,4264.71375,-6.39375,6.39375,False,False,False,False,False,True,red_box_quarter,red_box_3_25pct,red,3.0,0.25,4402.38,4310.01,4332.72,92.36999999999989,61.184999999999945,30.0
2026-01-05,2026-01-02,4282.92,level_price,L8,3,8,4280.01,2.91,2.91,True,False,False,True,True,True,red_box_edge,red_edge_2,red,2.0,,4402.38,4310.01,4332.72,92.36999999999989,61.184999999999945,30.0
2026-01-05,2026-01-02,4303.29,level_price,L7,4,7,4310.01,-6.72,6.72,False,False,False,False,False,True,prior_hlc,previous_low,neutral,,,4402.38,4310.01,4332.72,92.36999999999989,61.184999999999945,30.0
2026-01-05,2026-01-02,4326.31,level_price,L6,5,6,4325.89875,0.41125,0.41125,True,True,True,True,True,True,red_box_quarter,red_box_2_25pct,red,2.0,0.25,4402.38,4310.01,4332.72,92.36999999999989,61.184999999999945,30.0
2026-01-05,2026-01-02,4350.66,level_price,L5,6,5,4348.37,2.29,2.29,True,False,False,True,True,True,prior_hlc,previous_pivot_hlc3,neutral,,,4402.38,4310.01,4332.72,92.36999999999989,61.184999999999945,30.0
2026-01-05,2026-01-02,4375.02,level_price,L4,7,4,4371.7875,3.2325,3.2325,False,False,False,False,True,True,red_box_midline,red_mid_1,red,1.0,0.5,4402.38,4310.01,4332.72,92.36999999999989,61.184999999999945,30.0
2026-01-05,2026-01-02,4398.84,level_price,L3,8,3,4401.7875,-2.9475,2.9475,True,False,False,True,True,True,green_box_midline,green_mid_2,green,2.0,0.5,4402.38,4310.01,4332.72,92.36999999999989,61.184999999999945,30.0
2026-01-05,2026-01-02,4421.64,level_price,L2,9,2,4417.08375,4.55625,4.55625,False,False,False,False,True,True,green_box_quarter,green_box_2_75pct,green,2.0,0.75,4402.38,4310.01,4332.72,92.36999999999989,61.184999999999945,30.0
2026-01-05,2026-01-02,4445.0,level_price,L1,10,1,4447.67625,-2.67625,2.67625,True,False,False,True,True,True,green_box_quarter,green_box_3_25pct,green,3.0,0.25,4402.38,4310.01,4332.72,92.36999999999989,61.184999999999945,30.0
2026-01-06,2026-01-05,4352.32,level_price,L9,1,9,4349.385,2.935,2.935,True,False,False,True,True,True,red_box_midline,red_mid_2,red,2.0,0.5,4455.78,4343.92,4448.89,111.85999999999967,70.92999999999984,30.0
2026-01-06,2026-01-05,4374.2,level_price,L8,2,8,4371.885,2.315,2.315,True,False,False,True,True,True,prior_range_fraction,prev_range_0.25,neutral,,0.25,4455.78,4343.92,4448.89,111.85999999999967,70.92999999999984,30.0
2026-01-06,2026-01-05,4398.56,level_price,L7,3,7,4399.85,-1.29,1.29,True,False,True,True,True,True,prior_hlc,previous_mid,neutral,,,4455.78,4343.92,4448.89,111.85999999999967,70.92999999999984,30.0
2026-01-06,2026-01-05,4417.98,level_price,L6,4,6,4418.493371,-0.513371,0.513371,True,True,True,True,True,True,prior_range_fraction,prev_range_0.666667,neutral,,0.666667,4455.78,4343.92,4448.89,111.85999999999967,70.92999999999984,30.0
2026-01-06,2026-01-05,4437.39,level_price,L5,5,5,4438.0475,-0.6575,0.6575,True,True,True,True,True,True,red_box_quarter,red_box_1_25pct,red,1.0,0.25,4455.78,4343.92,4448.89,111.85999999999967,70.92999999999984,30.0
2026-01-06,2026-01-05,4459.82,level_price,L4,6,4,4455.78,4.04,4.04,False,False,False,False,True,True,prior_hlc,previous_high,neutral,,,4455.78,4343.92,4448.89,111.85999999999967,70.92999999999984,30.0
2026-01-06,2026-01-05,4477.56,level_price,L3,7,3,4485.78,-8.22,8.22,False,False,False,False,False,True,green_box_edge,green_edge_2,green,2.0,,4455.78,4343.92,4448.89,111.85999999999967,70.92999999999984,30.0
2026-01-06,2026-01-05,4493.63,level_price,L2,8,2,4485.78,7.85,7.85,False,False,False,False,False,True,green_box_edge,green_edge_2,green,2.0,,4455.78,4343.92,4448.89,111.85999999999967,70.92999999999984,30.0
2026-01-06,2026-01-05,4510.37,level_price,L1,9,1,4503.5125,6.8575,6.8575,False,False,False,False,False,True,green_box_quarter,green_box_3_25pct,green,3.0,0.25,4455.78,4343.92,4448.89,111.85999999999967,70.92999999999984,30.0
2026-01-07,2026-01-06,4398.56,level_price,L10,1,10,4397.62,0.94,0.94,True,True,True,True,True,True,red_box_edge,red_edge_2,red,2.0,,4497.44,4427.62,4494.54,69.81999999999971,49.909999999999854,30.0
2026-01-07,2026-01-06,4417.29,level_price,L9,2,9,4422.575,-5.285,5.285,False,False,False,False,False,True,red_box_midline,red_mid_2,red,2.0,0.5,4497.44,4427.62,4494.54,69.81999999999971,49.909999999999854,30.0
2026-01-07,2026-01-06,4435.52,level_price,L8,3,8,4435.0525,0.4675,0.4675,True,True,True,True,True,True,red_box_quarter,red_box_2_25pct,red,2.0,0.25,4497.44,4427.62,4494.54,69.81999999999971,49.909999999999854,30.0
2026-01-07,2026-01-06,4455.74,level_price,L7,4,7,4454.29124,1.44876,1.44876,True,False,True,True,True,True,prior_range_fraction,prev_range_0.382,neutral,,0.382,4497.44,4427.62,4494.54,69.81999999999971,49.909999999999854,30.0
2026-01-07,2026-01-06,4475.3,level_price,L6,5,6,4474.16669,1.13331,1.13331,True,False,True,True,True,True,prior_range_fraction,prev_range_0.666667,neutral,,0.666667,4497.44,4427.62,4494.54,69.81999999999971,49.909999999999854,30.0
2026-01-07,2026-01-06,4491.87,level_price,L5,6,5,4490.0075,1.8625,1.8625,True,False,True,True,True,True,green_box_quarter,green_box_2_25pct,green,2.0,0.25,4497.44,4427.62,4494.54,69.81999999999971,49.909999999999854,30.0
2026-01-07,2026-01-06,4510.43,level_price,L4,7,4,4514.9625,-4.5325,4.5325,False,False,False,False,True,True,green_box_quarter,green_box_2_75pct,green,2.0,0.75,4497.44,4427.62,4494.54,69.81999999999971,49.909999999999854,30.0
2026-01-07,2026-01-06,4526.67,level_price,L3,8,3,4527.44,-0.77,0.77,True,True,True,True,True,True,green_box_edge,green_edge_2,green,2.0,,4497.44,4427.62,4494.54,69.81999999999971,49.909999999999854,30.0
2026-01-07,2026-01-06,4544.57,level_price,L2,9,2,4539.9175,4.6525,4.6525,False,False,False,False,True,True,green_box_quarter,green_box_3_25pct,green,3.0,0.25,4497.44,4427.62,4494.54,69.81999999999971,49.909999999999854,30.0
2026-01-07,2026-01-06,4561.48,level_price,L1,10,1,4564.8725,-3.3925,3.3925,False,False,False,False,True,True,green_box_quarter,green_box_3_75pct,green,3.0,0.75,4497.44,4427.62,4494.54,69.81999999999971,49.909999999999854,30.0
2026-01-08,2026-01-07,4378.84,level_price,L10,1,10,4380.11375,-1.27375,1.27375,True,False,True,True,True,True,red_box_quarter,red_box_3_25pct,red,3.0,0.25,4500.59,4423.5,4456.36,77.09000000000015,53.54500000000007,30.0
2026-01-08,2026-01-07,4399.85,level_price,L9,2,9,4393.5,6.35,6.35,False,False,False,False,False,True,red_box_edge,red_edge_2,red,2.0,,4500.59,4423.5,4456.36,77.09000000000015,53.54500000000007,30.0
2026-01-08,2026-01-07,4419.71,level_price,L8,3,8,4420.2725,-0.5625,0.5625,True,True,True,True,True,True,red_box_midline,red_mid_2,red,2.0,0.5,4500.59,4423.5,4456.36,77.09000000000015,53.54500000000007,30.0
2026-01-08,2026-01-07,4438.21,level_price,L7,4,7,4436.88625,1.32375,1.32375,True,False,True,True,True,True,green_box_quarter,green_box_1_25pct,green,1.0,0.25,4500.59,4423.5,4456.36,77.09000000000015,53.54500000000007,30.0
2026-01-08,2026-01-07,4457.79,level_price,L6,5,6,4456.36,1.43,1.43,True,False,True,True,True,True,prior_hlc,previous_close,neutral,,,4500.59,4423.5,4456.36,77.09000000000015,53.54500000000007,30.0
2026-01-08,2026-01-07,4477.38,level_price,L5,6,5,4477.045,0.335,0.335,True,True,True,True,True,True,green_box_edge,green_edge_1,green,1.0,,4500.59,4423.5,4456.36,77.09000000000015,53.54500000000007,30.0
2026-01-08,2026-01-07,4494.25,level_price,L4,7,4,4490.95375,3.29625,3.29625,False,False,False,False,True,True,prior_range_fraction,prev_range_0.875,neutral,,0.875,4500.59,4423.5,4456.36,77.09000000000015,53.54500000000007,30.0
2026-01-08,2026-01-07,4509.75,level_price,L3,8,3,4503.8175,5.9325,5.9325,False,False,False,False,False,True,green_box_midline,green_mid_2,green,2.0,0.5,4500.59,4423.5,4456.36,77.09000000000015,53.54500000000007,30.0
2026-01-08,2026-01-07,4526.67,level_price,L2,9,2,4530.59,-3.92,3.92,False,False,False,False,True,True,green_box_edge,green_edge_2,green,2.0,,4500.59,4423.5,4456.36,77.09000000000015,53.54500000000007,30.0
2026-01-08,2026-01-07,4544.57,level_price,L1,10,1,4543.97625,0.59375,0.59375,True,True,True,True,True,True,green_box_quarter,green_box_3_25pct,green,3.0,0.25,4500.59,4423.5,4456.36,77.09000000000015,53.54500000000007,30.0
2026-01-09,2026-01-08,4380.2,level_price,L9,1,9,4377.76,2.44,2.44,True,False,False,True,True,True,red_box_edge,red_edge_2,red,2.0,,4479.44,4407.76,4477.28,71.67999999999938,50.83999999999969,30.0
2026-01-09,2026-01-08,4403.67,level_price,L8,2,8,4403.18,0.49,0.49,True,True,True,True,True,True,red_box_midline,red_mid_2,red,2.0,0.5,4479.44,4407.76,4477.28,71.67999999999938,50.83999999999969,30.0
2026-01-09,2026-01-08,4426.62,level_price,L7,3,7,4425.68,0.94,0.94,True,True,True,True,True,True,prior_range_fraction,prev_range_0.25,neutral,,0.25,4479.44,4407.76,4477.28,71.67999999999938,50.83999999999969,30.0
2026-01-09,2026-01-08,4447.13,level_price,L6,4,6,4445.89,1.24,1.24,True,False,True,True,True,True,green_box_quarter,green_box_1_75pct,green,1.0,0.75,4479.44,4407.76,4477.28,71.67999999999938,50.83999999999969,30.0
2026-01-09,2026-01-08,4468.29,level_price,L5,5,5,4466.73,1.56,1.56,True,False,True,True,True,True,red_box_quarter,red_box_1_25pct,red,1.0,0.25,4479.44,4407.76,4477.28,71.67999999999938,50.83999999999969,30.0
2026-01-09,2026-01-08,4487.52,level_price,L4,6,4,4484.02,3.5,3.5,False,False,False,False,True,True,green_box_midline,green_mid_2,green,2.0,0.5,4479.44,4407.76,4477.28,71.67999999999938,50.83999999999969,30.0
2026-01-09,2026-01-08,4506.45,level_price,L3,7,3,4509.44,-2.99,2.99,True,False,False,True,True,True,green_box_edge,green_edge_2,green,2.0,,4479.44,4407.76,4477.28,71.67999999999938,50.83999999999969,30.0
2026-01-09,2026-01-08,4526.67,level_price,L2,8,2,4522.15,4.52,4.52,False,False,False,False,True,True,green_box_quarter,green_box_3_25pct,green,3.0,0.25,4479.44,4407.76,4477.28,71.67999999999938,50.83999999999969,30.0
2026-01-09,2026-01-08,4546.56,level_price,L1,9,1,4547.57,-1.01,1.01,True,False,True,True,True,True,green_box_quarter,green_box_3_75pct,green,3.0,0.75,4479.44,4407.76,4477.28,71.67999999999938,50.83999999999969,30.0
2026-01-12,2026-01-09,4433.53,level_price,L10,1,10,4434.73375,-1.20375,1.20375,True,False,True,True,True,True,red_box_quarter,red_box_2_75pct,red,2.0,0.75,4517.15,4452.96,4509.3,64.1899999999996,47.0949999999998,30.0
2026-01-12,2026-01-09,4451.97,level_price,L9,2,9,4452.96,-0.99,0.99,True,True,True,True,True,True,prior_hlc,previous_low,neutral,,,4517.15,4452.96,4509.3,64.1899999999996,47.0949999999998,30.0
2026-01-12,2026-01-09,4473.7,level_price,L8,3,8,4474.356645,-0.656645,0.656645,True,True,True,True,True,True,prior_range_fraction,prev_range_0.333333,neutral,,0.333333,4517.15,4452.96,4509.3,64.1899999999996,47.0949999999998,30.0
2026-01-12,2026-01-09,4491.48,level_price,L7,4,7,4492.62942,-1.14942,1.14942,True,False,True,True,True,True,prior_range_fraction,prev_range_0.618,neutral,,0.618,4517.15,4452.96,4509.3,64.1899999999996,47.0949999999998,30.0
2026-01-12,2026-01-09,4511.6,level_price,L6,5,6,4511.82875,-0.22875,0.22875,True,True,True,True,True,True,green_box_quarter,green_box_2_25pct,green,2.0,0.25,4517.15,4452.96,4509.3,64.1899999999996,47.0949999999998,30.0
2026-01-12,2026-01-09,4528.66,level_price,L5,6,5,4523.6025,5.0575,5.0575,False,False,False,False,False,True,green_box_midline,green_mid_2,green,2.0,0.5,4517.15,4452.96,4509.3,64.1899999999996,47.0949999999998,30.0
2026-01-12,2026-01-09,4544.9,level_price,L4,7,4,4547.15,-2.25,2.25,True,False,False,True,True,True,green_box_edge,green_edge_2,green,2.0,,4517.15,4452.96,4509.3,64.1899999999996,47.0949999999998,30.0
2026-01-12,2026-01-09,4564.46,level_price,L3,8,3,4558.92375,5.53625,5.53625,False,False,False,False,False,True,green_box_quarter,green_box_3_25pct,green,3.0,0.25,4517.15,4452.96,4509.3,64.1899999999996,47.0949999999998,30.0
2026-01-12,2026-01-09,4603.9,level_price,L2,9,2,4606.01875,-2.11875,2.11875,True,False,False,True,True,True,green_box_quarter,green_box_4_25pct,green,4.0,0.25,4517.15,4452.96,4509.3,64.1899999999996,47.0949999999998,30.0
2026-01-12,2026-01-09,4623.53,level_price,L1,10,1,4617.7925,5.7375,5.7375,False,False,False,False,False,True,green_box_midline,green_mid_4,green,4.0,0.5,4517.15,4452.96,4509.3,64.1899999999996,47.0949999999998,30.0
2026-01-13,2026-01-12,4518.09,level_price,L7,1,7,4519.3575,-1.2675,1.2675,True,False,True,True,True,True,red_box_midline,red_mid_2,red,2.0,0.5,4630.23,4512.4,4597.38,117.82999999999993,73.91499999999996,30.0
2026-01-13,2026-01-12,4546.29,level_price,L6,2,6,4549.3575,-3.0675,3.0675,False,False,False,False,True,True,green_box_midline,green_mid_1,green,1.0,0.5,4630.23,4512.4,4597.38,117.82999999999993,73.91499999999996,30.0
2026-01-13,2026-01-12,4572.9,level_price,L5,3,5,4571.315,1.585,1.585,True,False,True,True,True,True,prior_hlc,previous_mid,neutral,,,4630.23,4512.4,4597.38,117.82999999999993,73.91499999999996,30.0
2026-01-13,2026-01-12,4600.74,level_price,L4,4,4,4600.7725,-0.0325,0.0325,True,True,True,True,True,True,prior_range_fraction,prev_range_0.75,neutral,,0.75,4630.23,4512.4,4597.38,117.82999999999993,73.91499999999996,30.0
2026-01-13,2026-01-12,4621.9,level_price,L3,5,3,4623.2725,-1.3725,1.3725,True,False,True,True,True,True,green_box_midline,green_mid_2,green,2.0,0.5,4630.23,4512.4,4597.38,117.82999999999993,73.91499999999996,30.0
2026-01-13,2026-01-12,4648.48,level_price,L2,6,2,4641.75125,6.72875,6.72875,False,False,False,False,False,True,green_box_quarter,green_box_2_75pct,green,2.0,0.75,4630.23,4512.4,4597.38,117.82999999999993,73.91499999999996,30.0
2026-01-13,2026-01-12,4672.29,level_price,L1,7,1,4678.70875,-6.41875,6.41875,False,False,False,False,False,True,green_box_quarter,green_box_3_25pct,green,3.0,0.25,4630.23,4512.4,4597.38,117.82999999999993,73.91499999999996,30.0
2026-01-14,2026-01-13,4459.75,level_price,L9,1,9,4456.63875,3.11125,3.11125,False,False,False,False,True,True,red_box_quarter,red_box_4_75pct,red,4.0,0.75,4634.67,4569.72,4586.3,64.94999999999982,47.47499999999991,30.0
2026-01-14,2026-01-13,4489.69,level_price,L8,2,8,4492.245,-2.555,2.555,True,False,False,True,True,True,red_box_edge,red_edge_3,red,3.0,,4634.67,4569.72,4586.3,64.94999999999982,47.47499999999991,30.0
2026-01-14,2026-01-13,4519.14,level_price,L7,3,7,4515.9825,3.1575,3.1575,False,False,False,False,True,True,red_box_midline,red_mid_3,red,3.0,0.5,4634.67,4569.72,4586.3,64.94999999999982,47.47499999999991,30.0
2026-01-14,2026-01-13,4546.5,level_price,L6,4,6,4551.58875,-5.08875,5.08875,False,False,False,False,False,True,red_box_quarter,red_box_2_75pct,red,2.0,0.75,4634.67,4569.72,4586.3,64.94999999999982,47.47499999999991,30.0
2026-01-14,2026-01-13,4575.27,level_price,L5,5,5,4575.32625,-0.05625,0.05625,True,True,True,True,True,True,red_box_quarter,red_box_2_25pct,red,2.0,0.25,4634.67,4569.72,4586.3,64.94999999999982,47.47499999999991,30.0
2026-01-14,2026-01-13,4597.86,level_price,L4,6,4,4596.896667,0.963333,0.963333,True,True,True,True,True,True,prior_hlc,previous_pivot_hlc3,neutral,,,4634.67,4569.72,4586.3,64.94999999999982,47.47499999999991,30.0
2026-01-14,2026-01-13,4619.82,level_price,L3,7,3,4618.4325,1.3875,1.3875,True,False,True,True,True,True,prior_range_fraction,prev_range_0.75,neutral,,0.75,4634.67,4569.72,4586.3,64.94999999999982,47.47499999999991,30.0
2026-01-14,2026-01-13,4643.65,level_price,L2,8,2,4640.9325,2.7175,2.7175,True,False,False,True,True,True,green_box_midline,green_mid_2,green,2.0,0.5,4634.67,4569.72,4586.3,64.94999999999982,47.47499999999991,30.0
2026-01-14,2026-01-13,4670.48,level_price,L1,9,1,4664.67,5.81,5.81,False,False,False,False,False,True,green_box_edge,green_edge_2,green,2.0,,4634.67,4569.72,4586.3,64.94999999999982,47.47499999999991,30.0
2026-01-15,2026-01-14,4488.65,level_price,L8,1,8,4484.8275,3.8225,3.8225,False,False,False,False,True,True,red_box_quarter,red_box_4_75pct,red,4.0,0.75,4642.89,4588.59,4626.39,54.30000000000018,42.15000000000009,30.0
2026-01-15,2026-01-14,4516.94,level_price,L7,2,7,4516.44,0.5,0.5,True,True,True,True,True,True,red_box_edge,red_edge_3,red,3.0,,4642.89,4588.59,4626.39,54.30000000000018,42.15000000000009,30.0
2026-01-15,2026-01-14,4549.19,level_price,L6,3,6,4548.0525,1.1375,1.1375,True,False,True,True,True,True,red_box_quarter,red_box_3_25pct,red,3.0,0.25,4642.89,4588.59,4626.39,54.30000000000018,42.15000000000009,30.0
2026-01-15,2026-01-14,4574.22,level_price,L5,4,5,4569.1275,5.0925,5.0925,False,False,False,False,False,True,red_box_quarter,red_box_2_75pct,red,2.0,0.75,4642.89,4588.59,4626.39,54.30000000000018,42.15000000000009,30.0
2026-01-15,2026-01-14,4597.72,level_price,L4,5,4,4599.1275,-1.4075,1.4075,True,False,True,True,True,True,green_box_quarter,green_box_1_25pct,green,1.0,0.25,4642.89,4588.59,4626.39,54.30000000000018,42.15000000000009,30.0
2026-01-15,2026-01-14,4621.54,level_price,L3,6,3,4621.815,-0.275,0.275,True,True,True,True,True,True,red_box_midline,red_mid_1,red,1.0,0.5,4642.89,4588.59,4626.39,54.30000000000018,42.15000000000009,30.0
2026-01-15,2026-01-14,4643.65,level_price,L2,7,2,4642.89,0.76,0.76,True,True,True,True,True,True,prior_hlc,previous_high,neutral,,,4642.89,4588.59,4626.39,54.30000000000018,42.15000000000009,30.0
2026-01-15,2026-01-14,4670.48,level_price,L1,8,1,4672.89,-2.41,2.41,True,False,False,True,True,True,green_box_edge,green_edge_2,green,2.0,,4642.89,4588.59,4626.39,54.30000000000018,42.15000000000009,30.0
2026-01-16,2026-01-15,4541.12,level_price,L7,1,7,4541.02125,0.09875,0.09875,True,True,True,True,True,True,red_box_quarter,red_box_3_25pct,red,3.0,0.25,4632.54,4581.19,4615.76,51.350000000000364,40.67500000000018,30.0
2026-01-16,2026-01-15,4566.81,level_price,L6,2,6,4571.5275,-4.7175,4.7175,False,False,False,False,True,True,red_box_midline,red_mid_2,red,2.0,0.5,4632.54,4581.19,4615.76,51.350000000000364,40.67500000000018,30.0
2026-01-16,2026-01-15,4591.17,level_price,L5,3,5,4591.35875,-0.18875,0.18875,True,True,True,True,True,True,green_box_quarter,green_box_1_25pct,green,1.0,0.25,4632.54,4581.19,4615.76,51.350000000000364,40.67500000000018,30.0
2026-01-16,2026-01-15,4618.64,level_price,L4,4,4,4619.7025,-1.0625,1.0625,True,False,True,True,True,True,prior_range_fraction,prev_range_0.75,neutral,,0.75,4632.54,4581.19,4615.76,51.350000000000364,40.67500000000018,30.0
2026-01-16,2026-01-15,4639.9,level_price,L3,5,3,4642.2025,-2.3025,2.3025,True,False,False,True,True,True,green_box_midline,green_mid_2,green,2.0,0.5,4632.54,4581.19,4615.76,51.350000000000364,40.67500000000018,30.0
2026-01-16,2026-01-15,4662.91,level_price,L2,6,2,4662.54,0.37,0.37,True,True,True,True,True,True,green_box_edge,green_edge_2,green,2.0,,4632.54,4581.19,4615.76,51.350000000000364,40.67500000000018,30.0
2026-01-16,2026-01-15,4685.17,level_price,L1,7,1,4682.8775,2.2925,2.2925,True,False,False,True,True,True,green_box_midline,green_mid_3,green,3.0,0.5,4632.54,4581.19,4615.76,51.350000000000364,40.67500000000018,30.0
2026-01-19,2026-01-16,4546.84,level_price,L7,1,7,4547.2425,-0.4025,0.4025,True,True,True,True,True,True,prior_range_fraction,prev_range_0.125,neutral,,0.125,4620.76,4536.74,4595.66,84.02000000000044,57.01000000000022,30.0
2026-01-19,2026-01-16,4569.99,level_price,L6,2,6,4568.83564,1.15436,1.15436,True,False,True,True,True,True,prior_range_fraction,prev_range_0.382,neutral,,0.382,4620.76,4536.74,4595.66,84.02000000000044,57.01000000000022,30.0
2026-01-19,2026-01-16,4592.49,level_price,L5,3,5,4592.255,0.235,0.235,True,True,True,True,True,True,red_box_midline,red_mid_1,red,1.0,0.5,4620.76,4536.74,4595.66,84.02000000000044,57.01000000000022,30.0
2026-01-19,2026-01-16,4615.0,level_price,L4,4,4,4610.2575,4.7425,4.7425,False,False,False,False,True,True,prior_range_fraction,prev_range_0.875,neutral,,0.875,4620.76,4536.74,4595.66,84.02000000000044,57.01000000000022,30.0
2026-01-19,2026-01-16,4637.12,level_price,L3,5,3,4636.5075,0.6125,0.6125,True,True,True,True,True,True,green_box_quarter,green_box_2_75pct,green,2.0,0.75,4620.76,4536.74,4595.66,84.02000000000044,57.01000000000022,30.0
2026-01-19,2026-01-16,4660.05,level_price,L2,6,2,4665.0125,-4.9625,4.9625,False,False,False,False,True,True,green_box_quarter,green_box_3_25pct,green,3.0,0.25,4620.76,4536.74,4595.66,84.02000000000044,57.01000000000022,30.0
2026-01-19,2026-01-16,4685.17,level_price,L1,7,1,4679.265,5.905,5.905,False,False,False,False,False,True,green_box_midline,green_mid_3,green,3.0,0.5,4620.76,4536.74,4595.66,84.02000000000044,57.01000000000022,30.0
2026-01-20,2026-01-19,4590.23,level_price,L9,1,9,4589.5,0.73,0.73,True,True,True,True,True,True,red_box_edge,red_edge_2,red,2.0,,4690.83,4619.5,4670.86,71.32999999999993,50.664999999999964,30.0
2026-01-20,2026-01-19,4612.46,level_price,L8,2,8,4614.8325,-2.3725,2.3725,True,False,False,True,True,True,red_box_midline,red_mid_2,red,2.0,0.5,4690.83,4619.5,4670.86,71.32999999999993,50.664999999999964,30.0
2026-01-20,2026-01-19,4633.67,level_price,L7,3,7,4632.16625,1.50375,1.50375,True,False,True,True,True,True,green_box_quarter,green_box_1_25pct,green,1.0,0.25,4690.83,4619.5,4670.86,71.32999999999993,50.664999999999964,30.0
2026-01-20,2026-01-19,4655.27,level_price,L6,4,6,4655.165,0.105,0.105,True,True,True,True,True,True,prior_hlc,previous_mid,neutral,,,4690.83,4619.5,4670.86,71.32999999999993,50.664999999999964,30.0
2026-01-20,2026-01-19,4677.12,level_price,L5,5,5,4678.16375,-1.04375,1.04375,True,False,True,True,True,True,red_box_quarter,red_box_1_25pct,red,1.0,0.25,4690.83,4619.5,4670.86,71.32999999999993,50.664999999999964,30.0
2026-01-20,2026-01-19,4696.99,level_price,L4,6,4,4695.4975,1.4925,1.4925,True,False,True,True,True,True,green_box_midline,green_mid_2,green,2.0,0.5,4690.83,4619.5,4670.86,71.32999999999993,50.664999999999964,30.0
2026-01-20,2026-01-19,4719.43,level_price,L3,7,3,4720.83,-1.4,1.4,True,False,True,True,True,True,green_box_edge,green_edge_2,green,2.0,,4690.83,4619.5,4670.86,71.32999999999993,50.664999999999964,30.0
2026-01-20,2026-01-19,4736.87,level_price,L2,8,2,4733.49625,3.37375,3.37375,False,False,False,False,True,True,green_box_quarter,green_box_3_25pct,green,3.0,0.25,4690.83,4619.5,4670.86,71.32999999999993,50.664999999999964,30.0
2026-01-20,2026-01-19,4757.25,level_price,L1,9,1,4758.82875,-1.57875,1.57875,True,False,True,True,True,True,green_box_quarter,green_box_3_75pct,green,3.0,0.75,4690.83,4619.5,4670.86,71.32999999999993,50.664999999999964,30.0
2026-01-21,2026-01-20,4693.31,level_price,L12,1,12,4693.7225,-0.4125,0.4125,True,True,True,True,True,True,green_box_midline,green_mid_1,green,1.0,0.5,4766.3,4659.53,4763.3,106.77000000000044,68.38500000000022,30.0
2026-01-21,2026-01-20,4715.24,level_price,L11,2,11,4715.01125,0.22875,0.22875,True,True,True,True,True,True,red_box_quarter,red_box_1_75pct,red,1.0,0.75,4766.3,4659.53,4763.3,106.77000000000044,68.38500000000022,30.0
2026-01-21,2026-01-20,4733.72,level_price,L10,3,10,4732.1075,1.6125,1.6125,True,False,True,True,True,True,red_box_midline,red_mid_1,red,1.0,0.5,4766.3,4659.53,4763.3,106.77000000000044,68.38500000000022,30.0
2026-01-21,2026-01-20,4753.1,level_price,L9,4,9,4752.95375,0.14625,0.14625,True,True,True,True,True,True,prior_range_fraction,prev_range_0.875,neutral,,0.875,4766.3,4659.53,4763.3,106.77000000000044,68.38500000000022,30.0
2026-01-21,2026-01-20,4772.38,level_price,L8,5,8,4766.3,6.08,6.08,False,False,False,False,False,True,prior_hlc,previous_high,neutral,,,4766.3,4659.53,4763.3,106.77000000000044,68.38500000000022,30.0
2026-01-21,2026-01-20,4792.89,level_price,L7,6,7,4796.3,-3.41,3.41,False,False,False,False,True,True,green_box_edge,green_edge_2,green,2.0,,4766.3,4659.53,4763.3,106.77000000000044,68.38500000000022,30.0
2026-01-21,2026-01-20,4812.42,level_price,L6,7,6,4813.39625,-0.97625,0.97625,True,True,True,True,True,True,green_box_quarter,green_box_3_25pct,green,3.0,0.25,4766.3,4659.53,4763.3,106.77000000000044,68.38500000000022,30.0
2026-01-21,2026-01-20,4833.04,level_price,L5,8,5,4830.4925,2.5475,2.5475,True,False,False,True,True,True,green_box_midline,green_mid_3,green,3.0,0.5,4766.3,4659.53,4763.3,106.77000000000044,68.38500000000022,30.0
2026-01-21,2026-01-20,4856.21,level_price,L4,9,4,4864.685,-8.475,8.475,False,False,False,False,False,True,green_box_edge,green_edge_3,green,3.0,,4766.3,4659.53,4763.3,106.77000000000044,68.38500000000022,30.0
2026-01-21,2026-01-20,4874.07,level_price,L3,10,3,4881.78125,-7.71125,7.71125,False,False,False,False,False,True,green_box_quarter,green_box_4_25pct,green,4.0,0.25,4766.3,4659.53,4763.3,106.77000000000044,68.38500000000022,30.0
2026-01-21,2026-01-20,4894.21,level_price,L2,11,2,4898.8775,-4.6675,4.6675,False,False,False,False,True,True,green_box_midline,green_mid_4,green,4.0,0.5,4766.3,4659.53,4763.3,106.77000000000044,68.38500000000022,30.0
2026-01-21,2026-01-20,4913.91,level_price,L1,12,1,4915.97375,-2.06375,2.06375,True,False,False,True,True,True,green_box_quarter,green_box_4_75pct,green,4.0,0.75,4766.3,4659.53,4763.3,106.77000000000044,68.38500000000022,30.0
2026-01-22,2026-01-21,4721.69,level_price,L9,1,9,4725.88,-4.19,4.19,False,False,False,False,True,True,red_box_edge,red_edge_2,red,2.0,,4888.35,4755.88,4831.03,132.47000000000025,81.23500000000013,30.0
2026-01-22,2026-01-21,4750.47,level_price,L8,2,8,4746.18875,4.28125,4.28125,False,False,False,False,True,True,red_box_quarter,red_box_2_75pct,red,2.0,0.75,4888.35,4755.88,4831.03,132.47000000000025,81.23500000000013,30.0
2026-01-22,2026-01-21,4776.28,level_price,L7,3,7,4776.18875,0.09125,0.09125,True,True,True,True,True,True,green_box_quarter,green_box_1_25pct,green,1.0,0.25,4888.35,4755.88,4831.03,132.47000000000025,81.23500000000013,30.0
2026-01-22,2026-01-21,4803.79,level_price,L6,4,6,4806.48354,-2.69354,2.69354,True,False,False,True,True,True,prior_range_fraction,prev_range_0.382,neutral,,0.382,4888.35,4755.88,4831.03,132.47000000000025,81.23500000000013,30.0
2026-01-22,2026-01-21,4828.22,level_price,L5,5,5,4827.42375,0.79625,0.79625,True,True,True,True,True,True,red_box_quarter,red_box_1_75pct,red,1.0,0.75,4888.35,4755.88,4831.03,132.47000000000025,81.23500000000013,30.0
2026-01-22,2026-01-21,4853.55,level_price,L4,6,4,4855.2325,-1.6825,1.6825,True,False,True,True,True,True,prior_range_fraction,prev_range_0.75,neutral,,0.75,4888.35,4755.88,4831.03,132.47000000000025,81.23500000000013,30.0
2026-01-22,2026-01-21,4877.37,level_price,L3,7,3,4877.7325,-0.3625,0.3625,True,True,True,True,True,True,green_box_midline,green_mid_2,green,2.0,0.5,4888.35,4755.88,4831.03,132.47000000000025,81.23500000000013,30.0
2026-01-22,2026-01-21,4899.02,level_price,L2,8,2,4898.04125,0.97875,0.97875,True,True,True,True,True,True,green_box_quarter,green_box_2_75pct,green,2.0,0.75,4888.35,4755.88,4831.03,132.47000000000025,81.23500000000013,30.0
2026-01-22,2026-01-21,4921.03,level_price,L1,9,1,4918.35,2.68,2.68,True,False,False,True,True,True,green_box_edge,green_edge_2,green,2.0,,4888.35,4755.88,4831.03,132.47000000000025,81.23500000000013,30.0
2026-01-23,2026-01-22,4821.6,level_price,L8,1,8,4821.91,-0.31,0.31,True,True,True,True,True,True,green_box_midline,green_mid_1,green,1.0,0.5,4940.56,4772.36,4936.06,168.20000000000073,99.10000000000036,30.0
2026-01-23,2026-01-22,4847.66,level_price,L7,2,7,4846.685,0.975,0.975,True,True,True,True,True,True,green_box_quarter,green_box_1_75pct,green,1.0,0.75,4940.56,4772.36,4936.06,168.20000000000073,99.10000000000036,30.0
2026-01-23,2026-01-22,4870.76,level_price,L6,3,6,4871.46,-0.7,0.7,True,True,True,True,True,True,green_box_edge,green_edge_1,green,1.0,,4940.56,4772.36,4936.06,168.20000000000073,99.10000000000036,30.0
2026-01-23,2026-01-22,4895.71,level_price,L5,4,5,4896.235,-0.525,0.525,True,True,True,True,True,True,green_box_quarter,green_box_2_25pct,green,2.0,0.25,4940.56,4772.36,4936.06,168.20000000000073,99.10000000000036,30.0
2026-01-23,2026-01-22,4918.05,level_price,L4,5,4,4919.535,-1.485,1.485,True,False,True,True,True,True,prior_range_fraction,prev_range_0.875,neutral,,0.875,4940.56,4772.36,4936.06,168.20000000000073,99.10000000000036,30.0
2026-01-23,2026-01-22,4943.33,level_price,L3,6,3,4945.785,-2.455,2.455,True,False,False,True,True,True,green_box_quarter,green_box_2_75pct,green,2.0,0.75,4940.56,4772.36,4936.06,168.20000000000073,99.10000000000036,30.0
2026-01-23,2026-01-22,4966.95,level_price,L2,7,2,4970.56,-3.61,3.61,False,False,False,False,True,True,green_box_edge,green_edge_2,green,2.0,,4940.56,4772.36,4936.06,168.20000000000073,99.10000000000036,30.0
2026-01-23,2026-01-22,4989.64,level_price,L1,8,1,4995.335,-5.695,5.695,False,False,False,False,False,True,green_box_quarter,green_box_3_25pct,green,3.0,0.25,4940.56,4772.36,4936.06,168.20000000000073,99.10000000000036,30.0
2026-01-26,2026-01-23,4851.31,level_price,L12,1,12,4854.35625,-3.04625,3.04625,False,False,False,False,True,True,red_box_quarter,red_box_3_25pct,red,3.0,0.25,4989.75,4899.4,4987.98,90.35000000000036,60.17500000000018,30.0
2026-01-26,2026-01-23,4879.66,level_price,L11,2,11,4884.44375,-4.78375,4.78375,False,False,False,False,True,True,red_box_quarter,red_box_2_75pct,red,2.0,0.75,4989.75,4899.4,4987.98,90.35000000000036,60.17500000000018,30.0
2026-01-26,2026-01-23,4911.27,level_price,L10,3,10,4910.69375,0.57625,0.57625,True,True,True,True,True,True,prior_range_fraction,prev_range_0.125,neutral,,0.125,4989.75,4899.4,4987.98,90.35000000000036,60.17500000000018,30.0
2026-01-26,2026-01-23,4936.91,level_price,L9,4,9,4933.9137,2.9963,2.9963,True,False,False,True,True,True,prior_range_fraction,prev_range_0.382,neutral,,0.382,4989.75,4899.4,4987.98,90.35000000000036,60.17500000000018,30.0
2026-01-26,2026-01-23,4961.5,level_price,L8,5,8,4959.6625,1.8375,1.8375,True,False,True,True,True,True,red_box_midline,red_mid_1,red,1.0,0.5,4989.75,4899.4,4987.98,90.35000000000036,60.17500000000018,30.0
2026-01-26,2026-01-23,4984.24,level_price,L7,6,7,4987.98,-3.74,3.74,False,False,False,False,True,True,prior_hlc,previous_close,neutral,,,4989.75,4899.4,4987.98,90.35000000000036,60.17500000000018,30.0
2026-01-26,2026-01-23,5007.82,level_price,L6,7,6,5004.70625,3.11375,3.11375,False,False,False,False,True,True,green_box_quarter,green_box_2_75pct,green,2.0,0.75,4989.75,4899.4,4987.98,90.35000000000036,60.17500000000018,30.0
2026-01-26,2026-01-23,5031.93,level_price,L5,8,5,5034.79375,-2.86375,2.86375,True,False,False,True,True,True,green_box_quarter,green_box_3_25pct,green,3.0,0.25,4989.75,4899.4,4987.98,90.35000000000036,60.17500000000018,30.0
2026-01-26,2026-01-23,5057.59,level_price,L4,9,4,5064.88125,-7.29125,7.29125,False,False,False,False,False,True,green_box_quarter,green_box_3_75pct,green,3.0,0.75,4989.75,4899.4,4987.98,90.35000000000036,60.17500000000018,30.0
2026-01-26,2026-01-23,5078.56,level_price,L3,10,3,5079.925,-1.365,1.365,True,False,True,True,True,True,green_box_edge,green_edge_3,green,3.0,,4989.75,4899.4,4987.98,90.35000000000036,60.17500000000018,30.0
2026-01-26,2026-01-23,5097.86,level_price,L2,11,2,5094.96875,2.89125,2.89125,True,False,False,True,True,True,green_box_quarter,green_box_4_25pct,green,4.0,0.25,4989.75,4899.4,4987.98,90.35000000000036,60.17500000000018,30.0
2026-01-26,2026-01-23,5115.08,level_price,L1,12,1,5110.0125,5.0675,5.0675,False,False,False,False,False,True,green_box_midline,green_mid_4,green,4.0,0.5,4989.75,4899.4,4987.98,90.35000000000036,60.17500000000018,30.0
2026-01-27,2026-01-26,4847.89,level_price,L10,1,10,4846.5975,1.2925,1.2925,True,False,True,True,True,True,red_box_midline,red_mid_4,red,4.0,0.5,5111.04,4989.93,5008.17,121.10999999999967,75.55499999999984,30.0
2026-01-27,2026-01-26,4881.7,level_price,L9,2,9,4884.375,-2.675,2.675,True,False,False,True,True,True,red_box_edge,red_edge_3,red,3.0,,5111.04,4989.93,5008.17,121.10999999999967,75.55499999999984,30.0
2026-01-27,2026-01-26,4919.77,level_price,L8,3,8,4922.1525,-2.3825,2.3825,True,False,False,True,True,True,red_box_midline,red_mid_3,red,3.0,0.5,5111.04,4989.93,5008.17,121.10999999999967,75.55499999999984,30.0
2026-01-27,2026-01-26,4958.82,level_price,L7,4,7,4959.93,-1.11,1.11,True,False,True,True,True,True,red_box_edge,red_edge_2,red,2.0,,5111.04,4989.93,5008.17,121.10999999999967,75.55499999999984,30.0
2026-01-27,2026-01-26,4998.75,level_price,L6,5,6,4997.7075,1.0425,1.0425,True,False,True,True,True,True,red_box_midline,red_mid_2,red,2.0,0.5,5111.04,4989.93,5008.17,121.10999999999967,75.55499999999984,30.0
2026-01-27,2026-01-26,5033.46,level_price,L5,6,5,5035.485,-2.025,2.025,True,False,False,True,True,True,red_box_edge,red_edge_1,red,1.0,,5111.04,4989.93,5008.17,121.10999999999967,75.55499999999984,30.0
2026-01-27,2026-01-26,5064.63,level_price,L4,7,4,5064.77598,-0.14598,0.14598,True,True,True,True,True,True,prior_range_fraction,prev_range_0.618,neutral,,0.618,5111.04,4989.93,5008.17,121.10999999999967,75.55499999999984,30.0
2026-01-27,2026-01-26,5096.19,level_price,L3,8,3,5095.90125,0.28875,0.28875,True,True,True,True,True,True,prior_range_fraction,prev_range_0.875,neutral,,0.875,5111.04,4989.93,5008.17,121.10999999999967,75.55499999999984,30.0
2026-01-27,2026-01-26,5125.23,level_price,L2,9,2,5122.15125,3.07875,3.07875,False,False,False,False,True,True,green_box_quarter,green_box_2_75pct,green,2.0,0.75,5111.04,4989.93,5008.17,121.10999999999967,75.55499999999984,30.0
2026-01-27,2026-01-26,5153.51,level_price,L1,10,1,5159.92875,-6.41875,6.41875,False,False,False,False,False,True,green_box_quarter,green_box_3_25pct,green,3.0,0.25,5111.04,4989.93,5008.17,121.10999999999967,75.55499999999984,30.0
2026-01-28,2026-01-27,5061.98,level_price,L10,1,10,5060.89125,1.08875,1.08875,True,False,True,True,True,True,red_box_quarter,red_box_2_25pct,red,2.0,0.25,5190.56,5013.09,5181.22,177.47000000000025,103.73500000000013,30.0
2026-01-28,2026-01-27,5094.59,level_price,L9,2,9,5090.89125,3.69875,3.69875,False,False,False,False,True,True,green_box_quarter,green_box_1_75pct,green,1.0,0.75,5190.56,5013.09,5181.22,177.47000000000025,103.73500000000013,30.0
2026-01-28,2026-01-27,5123.58,level_price,L8,3,8,5122.76646,0.81354,0.81354,True,True,True,True,True,True,prior_range_fraction,prev_range_0.618,neutral,,0.618,5190.56,5013.09,5181.22,177.47000000000025,103.73500000000013,30.0
2026-01-28,2026-01-27,5152.26,level_price,L7,4,7,5146.1925,6.0675,6.0675,False,False,False,False,False,True,prior_range_fraction,prev_range_0.75,neutral,,0.75,5190.56,5013.09,5181.22,177.47000000000025,103.73500000000013,30.0
2026-01-28,2026-01-27,5180.87,level_price,L6,5,6,5181.22,-0.35,0.35,True,True,True,True,True,True,prior_hlc,previous_close,neutral,,,5190.56,5013.09,5181.22,177.47000000000025,103.73500000000013,30.0
2026-01-28,2026-01-27,5212.86,level_price,L5,6,5,5220.56,-7.7,7.7,False,False,False,False,False,True,green_box_edge,green_edge_2,green,2.0,,5190.56,5013.09,5181.22,177.47000000000025,103.73500000000013,30.0
2026-01-28,2026-01-27,5243.94,level_price,L4,7,4,5246.49375,-2.55375,2.55375,True,False,False,True,True,True,green_box_quarter,green_box_3_25pct,green,3.0,0.25,5190.56,5013.09,5181.22,177.47000000000025,103.73500000000013,30.0
2026-01-28,2026-01-27,5271.51,level_price,L3,8,3,5272.4275,-0.9175,0.9175,True,True,True,True,True,True,green_box_midline,green_mid_3,green,3.0,0.5,5190.56,5013.09,5181.22,177.47000000000025,103.73500000000013,30.0
2026-01-28,2026-01-27,5301.47,level_price,L2,9,2,5298.36125,3.10875,3.10875,False,False,False,False,True,True,green_box_quarter,green_box_3_75pct,green,3.0,0.75,5190.56,5013.09,5181.22,177.47000000000025,103.73500000000013,30.0
2026-01-28,2026-01-27,5328.23,level_price,L1,10,1,5324.295,3.935,3.935,False,False,False,False,True,True,green_box_edge,green_edge_3,green,3.0,,5190.56,5013.09,5181.22,177.47000000000025,103.73500000000013,30.0
2026-01-29,2026-01-28,5202.3,level_price,L7,1,7,5200.315,1.985,1.985,True,False,True,True,True,True,red_box_midline,red_mid_2,red,2.0,0.5,5419.06,5157.4,5417.12,261.66000000000076,145.83000000000038,30.0
2026-01-29,2026-01-28,5250.84,level_price,L6,2,6,5244.619913,6.220087,6.220087,False,False,False,False,False,True,prior_range_fraction,prev_range_0.333333,neutral,,0.333333,5419.06,5157.4,5417.12,261.66000000000076,145.83000000000038,30.0
2026-01-29,2026-01-28,5309.52,level_price,L5,3,5,5309.6875,-0.1675,0.1675,True,True,True,True,True,True,red_box_quarter,red_box_1_75pct,red,1.0,0.75,5419.06,5157.4,5417.12,261.66000000000076,145.83000000000038,30.0
2026-01-29,2026-01-28,5354.75,level_price,L4,4,4,5353.645,1.105,1.105,True,False,True,True,True,True,prior_range_fraction,prev_range_0.75,neutral,,0.75,5419.06,5157.4,5417.12,261.66000000000076,145.83000000000038,30.0
2026-01-29,2026-01-28,5397.47,level_price,L3,5,3,5386.3525,11.1175,11.1175,False,False,False,False,False,False,prior_range_fraction,prev_range_0.875,neutral,,0.875,5419.06,5157.4,5417.12,261.66000000000076,145.83000000000038,30.0
2026-01-29,2026-01-28,5445.75,level_price,L2,6,2,5449.06,-3.31,3.31,False,False,False,False,True,True,green_box_edge,green_edge_2,green,2.0,,5419.06,5157.4,5417.12,261.66000000000076,145.83000000000038,30.0
2026-01-29,2026-01-28,5498.92,level_price,L1,7,1,5485.5175,13.4025,13.4025,False,False,False,False,False,False,green_box_quarter,green_box_3_25pct,green,3.0,0.25,5419.06,5157.4,5417.12,261.66000000000076,145.83000000000038,30.0
2026-01-30,2026-01-29,5189.95,level_price,L10,1,10,5205.995,-16.045,16.045,False,False,False,False,False,False,red_box_midline,red_mid_2,red,2.0,0.5,5598.38,5105.2,5370.92,493.1800000000003,261.59000000000015,30.0
2026-01-30,2026-01-29,5244.1,level_price,L9,2,9,5235.995,8.105,8.105,False,False,False,False,False,True,green_box_midline,green_mid_1,green,1.0,0.5,5598.38,5105.2,5370.92,493.1800000000003,261.59000000000015,30.0
2026-01-30,2026-01-29,5301.02,level_price,L8,3,8,5301.3925,-0.3725,0.3725,True,True,True,True,True,True,green_box_quarter,green_box_1_75pct,green,1.0,0.75,5598.38,5105.2,5370.92,493.1800000000003,261.59000000000015,30.0
2026-01-30,2026-01-29,5349.51,level_price,L7,4,7,5351.79,-2.28,2.28,True,False,False,True,True,True,prior_hlc,previous_mid,neutral,,,5598.38,5105.2,5370.92,493.1800000000003,261.59000000000015,30.0
2026-01-30,2026-01-29,5400.77,level_price,L6,5,6,5402.1875,-1.4175,1.4175,True,False,True,True,True,True,red_box_quarter,red_box_1_75pct,red,1.0,0.75,5598.38,5105.2,5370.92,493.1800000000003,261.59000000000015,30.0
2026-01-30,2026-01-29,5453.11,level_price,L5,6,5,5467.585,-14.475,14.475,False,False,False,False,False,False,red_box_midline,red_mid_1,red,1.0,0.5,5598.38,5105.2,5370.92,493.1800000000003,261.59000000000015,30.0
2026-01-30,2026-01-29,5502.93,level_price,L4,7,4,5497.585,5.345,5.345,False,False,False,False,False,True,green_box_midline,green_mid_2,green,2.0,0.5,5598.38,5105.2,5370.92,493.1800000000003,261.59000000000015,30.0
2026-01-30,2026-01-29,5556.89,level_price,L3,8,3,5562.9825,-6.0925,6.0925,False,False,False,False,False,True,green_box_quarter,green_box_2_75pct,green,2.0,0.75,5598.38,5105.2,5370.92,493.1800000000003,261.59000000000015,30.0
2026-01-30,2026-01-29,5604.0,level_price,L2,9,2,5598.38,5.62,5.62,False,False,False,False,False,True,prior_hlc,previous_high,neutral,,,5598.38,5105.2,5370.92,493.1800000000003,261.59000000000015,30.0
2026-01-30,2026-01-29,5658.75,level_price,L1,10,1,5628.38,30.37,30.37,False,False,False,False,False,False,green_box_edge,green_edge_2,green,2.0,,5598.38,5105.2,5370.92,493.1800000000003,261.59000000000015,30.0
2026-02-02,2026-01-30,4350.91,level_price,L16,1,16,4358.93625,-8.02625,8.02625,False,False,False,False,False,True,red_box_quarter,red_box_3_75pct,red,3.0,0.75,5450.92,4686.75,4885.18,764.1700000000001,397.08500000000004,30.0
2026-02-02,2026-01-30,4392.32,level_price,L15,2,15,4358.93625,33.38375,33.38375,False,False,False,False,False,False,red_box_quarter,red_box_3_75pct,red,3.0,0.75,5450.92,4686.75,4885.18,764.1700000000001,397.08500000000004,30.0
2026-02-02,2026-01-30,4433.74,level_price,L14,3,14,4458.2075,-24.4675,24.4675,False,False,False,False,False,False,red_box_midline,red_mid_3,red,3.0,0.5,5450.92,4686.75,4885.18,764.1700000000001,397.08500000000004,30.0
2026-02-02,2026-01-30,4482.84,level_price,L13,4,13,4458.2075,24.6325,24.6325,False,False,False,False,False,False,red_box_midline,red_mid_3,red,3.0,0.5,5450.92,4686.75,4885.18,764.1700000000001,397.08500000000004,30.0
2026-02-02,2026-01-30,4532.05,level_price,L12,5,12,4557.47875,-25.42875,25.42875,False,False,False,False,False,False,red_box_quarter,red_box_3_25pct,red,3.0,0.25,5450.92,4686.75,4885.18,764.1700000000001,397.08500000000004,30.0
2026-02-02,2026-01-30,4581.26,level_price,L11,6,11,4557.47875,23.78125,23.78125,False,False,False,False,False,False,red_box_quarter,red_box_3_25pct,red,3.0,0.25,5450.92,4686.75,4885.18,764.1700000000001,397.08500000000004,30.0
2026-02-02,2026-01-30,4634.47,level_price,L10,7,10,4656.75,-22.28,22.28,False,False,False,False,False,False,red_box_edge,red_edge_2,red,2.0,,5450.92,4686.75,4885.18,764.1700000000001,397.08500000000004,30.0
2026-02-02,2026-01-30,4682.35,level_price,L9,8,9,4686.75,-4.4,4.4,False,False,False,False,True,True,prior_hlc,previous_low,neutral,,,5450.92,4686.75,4885.18,764.1700000000001,397.08500000000004,30.0
2026-02-02,2026-01-30,4729.96,level_price,L8,9,8,4756.02125,-26.06125,26.06125,False,False,False,False,False,False,red_box_quarter,red_box_2_75pct,red,2.0,0.75,5450.92,4686.75,4885.18,764.1700000000001,397.08500000000004,30.0
2026-02-02,2026-01-30,4780.49,level_price,L7,10,7,4782.27125,-1.78125,1.78125,True,False,True,True,True,True,prior_range_fraction,prev_range_0.125,neutral,,0.125,5450.92,4686.75,4885.18,764.1700000000001,397.08500000000004,30.0
2026-02-02,2026-01-30,4831.95,level_price,L6,11,6,4855.2925,-23.3425,23.3425,False,False,False,False,False,False,red_box_midline,red_mid_2,red,2.0,0.5,5450.92,4686.75,4885.18,764.1700000000001,397.08500000000004,30.0
2026-02-02,2026-01-30,4879.19,level_price,L5,12,5,4877.7925,1.3975,1.3975,True,False,True,True,True,True,prior_range_fraction,prev_range_0.25,neutral,,0.25,5450.92,4686.75,4885.18,764.1700000000001,397.08500000000004,30.0
2026-02-02,2026-01-30,4926.32,level_price,L4,13,4,4941.473079,-15.153079,15.153079,False,False,False,False,False,False,prior_range_fraction,prev_range_0.333333,neutral,,0.333333,5450.92,4686.75,4885.18,764.1700000000001,397.08500000000004,30.0
2026-02-02,2026-01-30,4964.64,level_price,L3,14,3,4954.56375,10.07625,10.07625,False,False,False,False,False,False,red_box_quarter,red_box_2_25pct,red,2.0,0.25,5450.92,4686.75,4885.18,764.1700000000001,397.08500000000004,30.0
2026-02-02,2026-01-30,5002.96,level_price,L2,15,2,5007.616667,-4.656667,4.656667,False,False,False,False,True,True,prior_hlc,previous_pivot_hlc3,neutral,,,5450.92,4686.75,4885.18,764.1700000000001,397.08500000000004,30.0
2026-02-02,2026-01-30,5047.67,level_price,L1,16,1,5053.835,-6.165,6.165,False,False,False,False,False,True,red_box_edge,red_edge_1,red,1.0,,5450.92,4686.75,4885.18,764.1700000000001,397.08500000000004,30.0
2026-02-03,2026-02-02,4416.63,level_price,L14,1,14,4402.98,13.65,13.65,False,False,False,False,False,False,prior_hlc,previous_low,neutral,,,4884.54,4402.98,4660.96,481.5600000000004,255.7800000000002,30.0
2026-02-03,2026-02-02,4468.4,level_price,L13,2,13,4466.925,1.475,1.475,True,False,True,True,True,True,green_box_quarter,green_box_1_25pct,green,1.0,0.25,4884.54,4402.98,4660.96,481.5600000000004,255.7800000000002,30.0
2026-02-03,2026-02-02,4511.63,level_price,L12,3,12,4500.87,10.76,10.76,False,False,False,False,False,False,red_box_midline,red_mid_2,red,2.0,0.5,4884.54,4402.98,4660.96,481.5600000000004,255.7800000000002,30.0
2026-02-03,2026-02-02,4563.78,level_price,L11,4,11,4563.499839,0.280161,0.280161,True,True,True,True,True,True,prior_range_fraction,prev_range_0.333333,neutral,,0.333333,4884.54,4402.98,4660.96,481.5600000000004,255.7800000000002,30.0
2026-02-03,2026-02-02,4620.73,level_price,L10,5,10,4628.76,-8.03,8.03,False,False,False,False,False,True,red_box_edge,red_edge_1,red,1.0,,4884.54,4402.98,4660.96,481.5600000000004,255.7800000000002,30.0
2026-02-03,2026-02-02,4672.88,level_price,L9,6,9,4660.96,11.92,11.92,False,False,False,False,False,False,prior_hlc,previous_close,neutral,,,4884.54,4402.98,4660.96,481.5600000000004,255.7800000000002,30.0
2026-02-03,2026-02-02,4715.42,level_price,L8,7,8,4722.705,-7.285,7.285,False,False,False,False,False,True,green_box_quarter,green_box_2_25pct,green,2.0,0.25,4884.54,4402.98,4660.96,481.5600000000004,255.7800000000002,30.0
2026-02-03,2026-02-02,4768.25,level_price,L7,8,7,4764.15,4.1,4.1,False,False,False,False,True,True,prior_range_fraction,prev_range_0.75,neutral,,0.75,4884.54,4402.98,4660.96,481.5600000000004,255.7800000000002,30.0
2026-02-03,2026-02-02,4805.99,level_price,L6,9,6,4820.595,-14.605,14.605,False,False,False,False,False,False,red_box_quarter,red_box_1_25pct,red,1.0,0.25,4884.54,4402.98,4660.96,481.5600000000004,255.7800000000002,30.0
2026-02-03,2026-02-02,4848.53,level_price,L5,10,5,4850.595,-2.065,2.065,True,False,False,True,True,True,green_box_quarter,green_box_2_75pct,green,2.0,0.75,4884.54,4402.98,4660.96,481.5600000000004,255.7800000000002,30.0
2026-02-03,2026-02-02,4884.57,level_price,L4,11,4,4884.54,0.03,0.03,True,True,True,True,True,True,prior_hlc,previous_high,neutral,,,4884.54,4402.98,4660.96,481.5600000000004,255.7800000000002,30.0
2026-02-03,2026-02-02,4914.21,level_price,L3,12,3,4914.54,-0.33,0.33,True,True,True,True,True,True,green_box_edge,green_edge_2,green,2.0,,4884.54,4402.98,4660.96,481.5600000000004,255.7800000000002,30.0
2026-02-03,2026-02-02,4952.65,level_price,L2,13,2,4978.485,-25.835,25.835,False,False,False,False,False,False,green_box_quarter,green_box_3_25pct,green,3.0,0.25,4884.54,4402.98,4660.96,481.5600000000004,255.7800000000002,30.0
2026-02-03,2026-02-02,4988.65,level_price,L1,14,1,4978.485,10.165,10.165,False,False,False,False,False,False,green_box_quarter,green_box_3_25pct,green,3.0,0.25,4884.54,4402.98,4660.96,481.5600000000004,255.7800000000002,30.0
2026-02-04,2026-02-03,4758.08,level_price,L9,1,9,4755.555,2.525,2.525,True,False,False,True,True,True,green_box_midline,green_mid_1,green,1.0,0.5,4993.98,4666.08,4946.72,327.89999999999964,178.94999999999982,30.0
2026-02-04,2026-02-03,4800.66,level_price,L8,2,8,4800.2925,0.3675,0.3675,True,True,True,True,True,True,green_box_quarter,green_box_1_75pct,green,1.0,0.75,4993.98,4666.08,4946.72,327.89999999999964,178.94999999999982,30.0
2026-02-04,2026-02-03,4851.46,level_price,L7,3,7,4845.03,6.43,6.43,False,False,False,False,False,True,green_box_edge,green_edge_1,green,1.0,,4993.98,4666.08,4946.72,327.89999999999964,178.94999999999982,30.0
2026-02-04,2026-02-03,4900.2,level_price,L6,4,6,4904.505,-4.305,4.305,False,False,False,False,True,True,red_box_midline,red_mid_1,red,1.0,0.5,4993.98,4666.08,4946.72,327.89999999999964,178.94999999999982,30.0
2026-02-04,2026-02-03,4948.43,level_price,L5,5,5,4949.2425,-0.8125,0.8125,True,True,True,True,True,True,red_box_quarter,red_box_1_25pct,red,1.0,0.25,4993.98,4666.08,4946.72,327.89999999999964,178.94999999999982,30.0
2026-02-04,2026-02-03,4996.14,level_price,L4,6,4,4993.98,2.16,2.16,True,False,False,True,True,True,prior_hlc,previous_high,neutral,,,4993.98,4666.08,4946.72,327.89999999999964,178.94999999999982,30.0
2026-02-04,2026-02-03,5044.24,level_price,L3,7,3,5023.98,20.26,20.26,False,False,False,False,False,False,green_box_edge,green_edge_2,green,2.0,,4993.98,4666.08,4946.72,327.89999999999964,178.94999999999982,30.0
2026-02-04,2026-02-03,5097.48,level_price,L2,8,2,5113.455,-15.975,15.975,False,False,False,False,False,False,green_box_midline,green_mid_3,green,3.0,0.5,4993.98,4666.08,4946.72,327.89999999999964,178.94999999999982,30.0
2026-02-04,2026-02-03,5149.28,level_price,L1,9,1,5158.1925,-8.9125,8.9125,False,False,False,False,False,True,green_box_quarter,green_box_3_75pct,green,3.0,0.75,4993.98,4666.08,4946.72,327.89999999999964,178.94999999999982,30.0
2026-02-05,2026-02-04,4638.87,level_price,L11,1,11,4649.6925,-10.8225,10.8225,False,False,False,False,False,False,red_box_quarter,red_box_4_25pct,red,4.0,0.25,5091.92,4849.78,4964.74,242.14000000000033,136.07000000000016,30.0
2026-02-05,2026-02-04,4689.73,level_price,L10,2,10,4683.71,6.02,6.02,False,False,False,False,False,True,red_box_edge,red_edge_3,red,3.0,,5091.92,4849.78,4964.74,242.14000000000033,136.07000000000016,30.0
2026-02-05,2026-02-04,4742.94,level_price,L9,3,9,4751.745,-8.805,8.805,False,False,False,False,False,True,red_box_midline,red_mid_3,red,3.0,0.5,5091.92,4849.78,4964.74,242.14000000000033,136.07000000000016,30.0
2026-02-05,2026-02-04,4793.8,level_price,L8,4,8,4785.7625,8.0375,8.0375,False,False,False,False,False,True,red_box_quarter,red_box_3_25pct,red,3.0,0.25,5091.92,4849.78,4964.74,242.14000000000033,136.07000000000016,30.0
2026-02-05,2026-02-04,4843.94,level_price,L7,5,7,4849.78,-5.84,5.84,False,False,False,False,False,True,prior_hlc,previous_low,neutral,,,5091.92,4849.78,4964.74,242.14000000000033,136.07000000000016,30.0
2026-02-05,2026-02-04,4896.2,level_price,L6,6,6,4887.815,8.385,8.385,False,False,False,False,False,True,red_box_midline,red_mid_2,red,2.0,0.5,5091.92,4849.78,4964.74,242.14000000000033,136.07000000000016,30.0
2026-02-05,2026-02-04,4944.86,level_price,L5,7,5,4942.27748,2.58252,2.58252,True,False,False,True,True,True,prior_range_fraction,prev_range_0.382,neutral,,0.382,5091.92,4849.78,4964.74,242.14000000000033,136.07000000000016,30.0
2026-02-05,2026-02-04,4990.45,level_price,L4,8,4,4989.8675,0.5825,0.5825,True,True,True,True,True,True,red_box_quarter,red_box_1_75pct,red,1.0,0.75,5091.92,4849.78,4964.74,242.14000000000033,136.07000000000016,30.0
2026-02-05,2026-02-04,5039.79,level_price,L3,9,3,5031.385,8.405,8.405,False,False,False,False,False,True,prior_range_fraction,prev_range_0.75,neutral,,0.75,5091.92,4849.78,4964.74,242.14000000000033,136.07000000000016,30.0
2026-02-05,2026-02-04,5089.38,level_price,L2,10,2,5087.9025,1.4775,1.4775,True,False,True,True,True,True,green_box_quarter,green_box_2_75pct,green,2.0,0.75,5091.92,4849.78,4964.74,242.14000000000033,136.07000000000016,30.0
2026-02-05,2026-02-04,5138.1,level_price,L1,11,1,5121.92,16.18,16.18,False,False,False,False,False,False,green_box_edge,green_edge_2,green,2.0,,5091.92,4849.78,4964.74,242.14000000000033,136.07000000000016,30.0
2026-02-06,2026-02-05,4540.27,level_price,L11,1,11,4546.1075,-5.8375,5.8375,False,False,False,False,False,True,red_box_quarter,red_box_4_25pct,red,4.0,0.25,5023.76,4759.82,4779.46,263.9400000000005,146.97000000000025,30.0
2026-02-06,2026-02-05,4590.35,level_price,L10,2,10,4582.85,7.5,7.5,False,False,False,False,False,True,red_box_edge,red_edge_3,red,3.0,,5023.76,4759.82,4779.46,263.9400000000005,146.97000000000025,30.0
2026-02-06,2026-02-05,4638.87,level_price,L9,3,9,4656.335,-17.465,17.465,False,False,False,False,False,False,red_box_midline,red_mid_3,red,3.0,0.5,5023.76,4759.82,4779.46,263.9400000000005,146.97000000000025,30.0
2026-02-06,2026-02-05,4693.43,level_price,L8,4,8,4693.0775,0.3525,0.3525,True,True,True,True,True,True,red_box_quarter,red_box_3_25pct,red,3.0,0.25,5023.76,4759.82,4779.46,263.9400000000005,146.97000000000025,30.0
2026-02-06,2026-02-05,4746.79,level_price,L7,5,7,4759.82,-13.03,13.03,False,False,False,False,False,False,prior_hlc,previous_low,neutral,,,5023.76,4759.82,4779.46,263.9400000000005,146.97000000000025,30.0
2026-02-06,2026-02-05,4803.0,level_price,L6,6,6,4803.305,-0.305,0.305,True,True,True,True,True,True,red_box_midline,red_mid_2,red,2.0,0.5,5023.76,4759.82,4779.46,263.9400000000005,146.97000000000025,30.0
2026-02-06,2026-02-05,4854.08,level_price,L5,7,5,4854.346667,-0.266667,0.266667,True,True,True,True,True,True,prior_hlc,previous_pivot_hlc3,neutral,,,5023.76,4759.82,4779.46,263.9400000000005,146.97000000000025,30.0
2026-02-06,2026-02-05,4897.44,level_price,L4,8,4,4891.79,5.65,5.65,False,False,False,False,False,True,prior_hlc,previous_mid,neutral,,,5023.76,4759.82,4779.46,263.9400000000005,146.97000000000025,30.0
2026-02-06,2026-02-05,4940.41,level_price,L3,9,3,4943.5325,-3.1225,3.1225,False,False,False,False,True,True,green_box_quarter,green_box_2_25pct,green,2.0,0.25,5023.76,4759.82,4779.46,263.9400000000005,146.97000000000025,30.0
2026-02-06,2026-02-05,4984.76,level_price,L2,10,2,4987.0175,-2.2575,2.2575,True,False,False,True,True,True,red_box_quarter,red_box_1_25pct,red,1.0,0.25,5023.76,4759.82,4779.46,263.9400000000005,146.97000000000025,30.0
2026-02-06,2026-02-05,5028.17,level_price,L1,11,1,5023.76,4.41,4.41,False,False,False,False,True,True,prior_hlc,previous_high,neutral,,,5023.76,4759.82,4779.46,263.9400000000005,146.97000000000025,30.0
2026-02-09,2026-02-06,4680.18,level_price,L9,1,9,4668.65375,11.52625,11.52625,False,False,False,False,False,False,red_box_quarter,red_box_2_75pct,red,2.0,0.75,4971.43,4655.4,4965.74,316.03000000000065,173.01500000000033,30.0
2026-02-09,2026-02-06,4738.74,level_price,L8,2,8,4741.9075,-3.1675,3.1675,False,False,False,False,True,True,green_box_midline,green_mid_1,green,1.0,0.5,4971.43,4655.4,4965.74,316.03000000000065,173.01500000000033,30.0
2026-02-09,2026-02-06,4803.35,level_price,L7,3,7,4798.415,4.935,4.935,False,False,False,False,True,True,red_box_edge,red_edge_1,red,1.0,,4971.43,4655.4,4965.74,316.03000000000065,173.01500000000033,30.0
2026-02-09,2026-02-06,4853.78,level_price,L6,4,6,4850.70654,3.07346,3.07346,False,False,False,False,True,True,prior_range_fraction,prev_range_0.618,neutral,,0.618,4971.43,4655.4,4965.74,316.03000000000065,173.01500000000033,30.0
2026-02-09,2026-02-06,4905.52,level_price,L5,5,5,4914.9225,-9.4025,9.4025,False,False,False,False,False,True,green_box_midline,green_mid_2,green,2.0,0.5,4971.43,4655.4,4965.74,316.03000000000065,173.01500000000033,30.0
2026-02-09,2026-02-06,4956.67,level_price,L4,6,4,4958.17625,-1.50625,1.50625,True,False,True,True,True,True,green_box_quarter,green_box_2_75pct,green,2.0,0.75,4971.43,4655.4,4965.74,316.03000000000065,173.01500000000033,30.0
2026-02-09,2026-02-06,5009.62,level_price,L3,7,3,5001.43,8.19,8.19,False,False,False,False,False,True,green_box_edge,green_edge_2,green,2.0,,4971.43,4655.4,4965.74,316.03000000000065,173.01500000000033,30.0
2026-02-09,2026-02-06,5056.75,level_price,L2,8,2,5044.68375,12.06625,12.06625,False,False,False,False,False,False,green_box_quarter,green_box_3_25pct,green,3.0,0.25,4971.43,4655.4,4965.74,316.03000000000065,173.01500000000033,30.0
2026-02-09,2026-02-06,5109.05,level_price,L1,9,1,5087.9375,21.1125,21.1125,False,False,False,False,False,False,green_box_midline,green_mid_3,green,3.0,0.5,4971.43,4655.4,4965.74,316.03000000000065,173.01500000000033,30.0
2026-02-10,2026-02-09,4811.47,level_price,L10,1,10,4802.0575,9.4125,9.4125,False,False,False,False,False,True,red_box_quarter,red_box_4_75pct,red,4.0,0.75,5086.72,4964.9,5057.94,121.82000000000062,75.91000000000031,30.0
2026-02-10,2026-02-09,4875.35,level_price,L9,2,9,4877.9675,-2.6175,2.6175,True,False,False,True,True,True,red_box_quarter,red_box_3_75pct,red,3.0,0.75,5086.72,4964.9,5057.94,121.82000000000062,75.91000000000031,30.0
2026-02-10,2026-02-09,4934.24,level_price,L8,3,8,4934.9,-0.66,0.66,True,True,True,True,True,True,red_box_edge,red_edge_2,red,2.0,,5086.72,4964.9,5057.94,121.82000000000062,75.91000000000031,30.0
2026-02-10,2026-02-09,4987.02,level_price,L7,4,7,4983.8775,3.1425,3.1425,False,False,False,False,True,True,green_box_quarter,green_box_1_25pct,green,1.0,0.25,5086.72,4964.9,5057.94,121.82000000000062,75.91000000000031,30.0
2026-02-10,2026-02-09,5034.62,level_price,L6,5,6,5036.52,-1.9,1.9,True,False,True,True,True,True,prior_hlc,previous_pivot_hlc3,neutral,,,5086.72,4964.9,5057.94,121.82000000000062,75.91000000000031,30.0
2026-02-10,2026-02-09,5081.07,level_price,L5,6,5,5078.765,2.305,2.305,True,False,False,True,True,True,green_box_midline,green_mid_2,green,2.0,0.5,5086.72,4964.9,5057.94,121.82000000000062,75.91000000000031,30.0
2026-02-10,2026-02-09,5139.66,level_price,L4,7,4,5135.6975,3.9625,3.9625,False,False,False,False,True,True,green_box_quarter,green_box_3_25pct,green,3.0,0.25,5086.72,4964.9,5057.94,121.82000000000062,75.91000000000031,30.0
2026-02-10,2026-02-09,5191.0,level_price,L3,8,3,5192.63,-1.63,1.63,True,False,True,True,True,True,green_box_edge,green_edge_3,green,3.0,,5086.72,4964.9,5057.94,121.82000000000062,75.91000000000031,30.0
2026-02-10,2026-02-09,5242.8,level_price,L2,9,2,5249.5625,-6.7625,6.7625,False,False,False,False,False,True,green_box_quarter,green_box_4_75pct,green,4.0,0.75,5086.72,4964.9,5057.94,121.82000000000062,75.91000000000031,30.0
2026-02-10,2026-02-09,5294.6,level_price,L1,10,1,5268.54,26.06,26.06,False,False,False,False,False,False,green_box_edge,green_edge_4,green,4.0,,5086.72,4964.9,5057.94,121.82000000000062,75.91000000000031,30.0
2026-02-11,2026-02-10,4805.51,level_price,L9,1,9,4836.24,-30.73,30.73,False,False,False,False,False,False,red_box_edge,red_edge_4,red,4.0,,5078.56,4987.4,5025.3,91.16000000000076,60.58000000000038,30.0
2026-02-11,2026-02-10,4855.0,level_price,L8,2,8,4851.385,3.615,3.615,False,False,False,False,True,True,red_box_quarter,red_box_4_75pct,red,4.0,0.75,5078.56,4987.4,5025.3,91.16000000000076,60.58000000000038,30.0
2026-02-11,2026-02-10,4912.29,level_price,L7,3,7,4911.965,0.325,0.325,True,True,True,True,True,True,red_box_quarter,red_box_3_75pct,red,3.0,0.75,5078.56,4987.4,5025.3,91.16000000000076,60.58000000000038,30.0
2026-02-11,2026-02-10,4967.33,level_price,L6,4,6,4972.545,-5.215,5.215,False,False,False,False,False,True,red_box_quarter,red_box_2_75pct,red,2.0,0.75,5078.56,4987.4,5025.3,91.16000000000076,60.58000000000038,30.0
2026-02-11,2026-02-10,5016.51,level_price,L5,5,5,5017.69,-1.18,1.18,True,False,True,True,True,True,green_box_midline,green_mid_1,green,1.0,0.5,5078.56,4987.4,5025.3,91.16000000000076,60.58000000000038,30.0
2026-02-11,2026-02-10,5075.63,level_price,L4,6,4,5078.27,-2.64,2.64,True,False,False,True,True,True,green_box_midline,green_mid_2,green,2.0,0.5,5078.56,4987.4,5025.3,91.16000000000076,60.58000000000038,30.0
2026-02-11,2026-02-10,5123.51,level_price,L3,7,3,5123.705,-0.195,0.195,True,True,True,True,True,True,green_box_quarter,green_box_3_25pct,green,3.0,0.25,5078.56,4987.4,5025.3,91.16000000000076,60.58000000000038,30.0
2026-02-11,2026-02-10,5181.93,level_price,L2,8,2,5184.285,-2.355,2.355,True,False,False,True,True,True,green_box_quarter,green_box_4_25pct,green,4.0,0.25,5078.56,4987.4,5025.3,91.16000000000076,60.58000000000038,30.0
2026-02-11,2026-02-10,5236.71,level_price,L1,9,1,5229.72,6.99,6.99,False,False,False,False,False,True,green_box_edge,green_edge_4,green,4.0,,5078.56,4987.4,5025.3,91.16000000000076,60.58000000000038,30.0
2026-02-12,2026-02-11,4812.17,level_price,L11,1,11,4858.82,-46.65,46.65,False,False,False,False,False,False,red_box_edge,red_edge_4,red,4.0,,5119.06,5018.94,5084.24,100.1200000000008,65.0600000000004,30.0
2026-02-12,2026-02-11,4864.4,level_price,L10,2,10,4858.82,5.58,5.58,False,False,False,False,False,True,red_box_edge,red_edge_4,red,4.0,,5119.06,5018.94,5084.24,100.1200000000008,65.0600000000004,30.0
2026-02-12,2026-02-11,4909.12,level_price,L9,3,9,4907.615,1.505,1.505,True,False,True,True,True,True,red_box_quarter,red_box_4_25pct,red,4.0,0.25,5119.06,5018.94,5084.24,100.1200000000008,65.0600000000004,30.0
2026-02-12,2026-02-11,4958.92,level_price,L8,4,8,4956.41,2.51,2.51,True,False,False,True,True,True,red_box_midline,red_mid_3,red,3.0,0.5,5119.06,5018.94,5084.24,100.1200000000008,65.0600000000004,30.0
2026-02-12,2026-02-11,4999.12,level_price,L7,5,7,5005.205,-6.085,6.085,False,False,False,False,False,True,red_box_quarter,red_box_2_75pct,red,2.0,0.75,5119.06,5018.94,5084.24,100.1200000000008,65.0600000000004,30.0
2026-02-12,2026-02-11,5037.65,level_price,L6,6,6,5037.735,-0.085,0.085,True,True,True,True,True,True,red_box_quarter,red_box_2_25pct,red,2.0,0.25,5119.06,5018.94,5084.24,100.1200000000008,65.0600000000004,30.0
2026-02-12,2026-02-11,5075.63,level_price,L5,7,5,5074.08,1.55,1.55,True,False,True,True,True,True,prior_hlc,previous_pivot_hlc3,neutral,,,5119.06,5018.94,5084.24,100.1200000000008,65.0600000000004,30.0
2026-02-12,2026-02-11,5117.76,level_price,L4,8,4,5116.53,1.23,1.23,True,False,True,True,True,True,green_box_midline,green_mid_2,green,2.0,0.5,5119.06,5018.94,5084.24,100.1200000000008,65.0600000000004,30.0
2026-02-12,2026-02-11,5159.24,level_price,L3,9,3,5165.325,-6.085,6.085,False,False,False,False,False,True,green_box_quarter,green_box_3_25pct,green,3.0,0.25,5119.06,5018.94,5084.24,100.1200000000008,65.0600000000004,30.0
2026-02-12,2026-02-11,5208.54,level_price,L2,10,2,5214.12,-5.58,5.58,False,False,False,False,False,True,green_box_edge,green_edge_3,green,3.0,,5119.06,5018.94,5084.24,100.1200000000008,65.0600000000004,30.0
2026-02-12,2026-02-11,5265.82,level_price,L1,11,1,5262.915,2.905,2.905,True,False,False,True,True,True,green_box_quarter,green_box_4_75pct,green,4.0,0.75,5119.06,5018.94,5084.24,100.1200000000008,65.0600000000004,30.0
2026-02-13,2026-02-12,4778.31,level_price,L8,1,8,4785.72,-7.41,7.41,False,False,False,False,False,True,red_box_midline,red_mid_3,red,3.0,0.5,5099.92,4878.56,4921.64,221.35999999999967,125.67999999999984,30.0
2026-02-13,2026-02-12,4825.68,level_price,L7,2,7,4817.14,8.54,8.54,False,False,False,False,False,True,red_box_quarter,red_box_3_25pct,red,3.0,0.25,5099.92,4878.56,4921.64,221.35999999999967,125.67999999999984,30.0
2026-02-13,2026-02-12,4870.79,level_price,L6,3,6,4878.56,-7.77,7.77,False,False,False,False,False,True,prior_hlc,previous_low,neutral,,,5099.92,4878.56,4921.64,221.35999999999967,125.67999999999984,30.0
2026-02-13,2026-02-12,4914.19,level_price,L5,4,5,4911.4,2.79,2.79,True,False,False,True,True,True,red_box_midline,red_mid_2,red,2.0,0.5,5099.92,4878.56,4921.64,221.35999999999967,125.67999999999984,30.0
2026-02-13,2026-02-12,4960.96,level_price,L4,5,4,4963.11952,-2.15952,2.15952,True,False,False,True,True,True,prior_range_fraction,prev_range_0.382,neutral,,0.382,5099.92,4878.56,4921.64,221.35999999999967,125.67999999999984,30.0
2026-02-13,2026-02-12,5004.15,level_price,L3,6,3,5004.24,-0.09,0.09,True,True,True,True,True,True,green_box_edge,green_edge_1,green,1.0,,5099.92,4878.56,4921.64,221.35999999999967,125.67999999999984,30.0
2026-02-13,2026-02-12,5044.91,level_price,L2,7,2,5044.58,0.33,0.33,True,True,True,True,True,True,prior_range_fraction,prev_range_0.75,neutral,,0.75,5099.92,4878.56,4921.64,221.35999999999967,125.67999999999984,30.0
2026-02-13,2026-02-12,5076.73,level_price,L1,8,1,5072.25,4.48,4.48,False,False,False,False,True,True,prior_range_fraction,prev_range_0.875,neutral,,0.875,5099.92,4878.56,4921.64,221.35999999999967,125.67999999999984,30.0
2026-02-16,2026-02-13,4866.75,level_price,L8,1,8,4855.5,11.25,11.25,False,False,False,False,False,False,red_box_edge,red_edge_2,red,2.0,,5046.1,4885.5,5042.46,160.60000000000036,95.30000000000018,30.0
2026-02-16,2026-02-13,4914.19,level_price,L7,2,7,4909.325,4.865,4.865,False,False,False,False,True,True,green_box_quarter,green_box_1_25pct,green,1.0,0.25,5046.1,4885.5,5042.46,160.60000000000036,95.30000000000018,30.0
2026-02-16,2026-02-13,4961.15,level_price,L6,3,6,4956.975,4.175,4.175,False,False,False,False,True,True,green_box_quarter,green_box_1_75pct,green,1.0,0.75,5046.1,4885.5,5042.46,160.60000000000036,95.30000000000018,30.0
2026-02-16,2026-02-13,5001.35,level_price,L5,4,5,4998.45,2.9,2.9,True,False,False,True,True,True,red_box_midline,red_mid_1,red,1.0,0.5,5046.1,4885.5,5042.46,160.60000000000036,95.30000000000018,30.0
2026-02-16,2026-02-13,5039.88,level_price,L4,5,4,5042.46,-2.58,2.58,True,False,False,True,True,True,prior_hlc,previous_close,neutral,,,5046.1,4885.5,5042.46,160.60000000000036,95.30000000000018,30.0
2026-02-16,2026-02-13,5075.62,level_price,L3,6,3,5076.1,-0.48,0.48,True,True,True,True,True,True,green_box_edge,green_edge_2,green,2.0,,5046.1,4885.5,5042.46,160.60000000000036,95.30000000000018,30.0
2026-02-16,2026-02-13,5114.15,level_price,L2,7,2,5123.75,-9.6,9.6,False,False,False,False,False,True,green_box_midline,green_mid_3,green,3.0,0.5,5046.1,4885.5,5042.46,160.60000000000036,95.30000000000018,30.0
2026-02-16,2026-02-13,5155.03,level_price,L1,8,1,5147.575,7.455,7.455,False,False,False,False,False,True,green_box_quarter,green_box_3_75pct,green,3.0,0.75,5046.1,4885.5,5042.46,160.60000000000036,95.30000000000018,30.0
2026-02-17,2026-02-16,4787.39,level_price,L10,1,10,4816.5,-29.11,29.11,False,False,False,False,False,False,red_box_edge,red_edge_4,red,4.0,,5052.16,4964.33,4993.64,87.82999999999993,58.914999999999964,30.0
2026-02-17,2026-02-16,4837.35,level_price,L9,2,9,4831.22875,6.12125,6.12125,False,False,False,False,False,True,red_box_quarter,red_box_4_75pct,red,4.0,0.75,5052.16,4964.33,4993.64,87.82999999999993,58.914999999999964,30.0
2026-02-17,2026-02-16,4878.73,level_price,L8,3,8,4875.415,3.315,3.315,False,False,False,False,True,True,red_box_edge,red_edge_3,red,3.0,,5052.16,4964.33,4993.64,87.82999999999993,58.914999999999964,30.0
2026-02-17,2026-02-16,4920.57,level_price,L7,4,7,4919.60125,0.96875,0.96875,True,True,True,True,True,True,red_box_quarter,red_box_3_25pct,red,3.0,0.25,5052.16,4964.33,4993.64,87.82999999999993,58.914999999999964,30.0
2026-02-17,2026-02-16,4963.07,level_price,L6,5,6,4963.7875,-0.7175,0.7175,True,True,True,True,True,True,red_box_midline,red_mid_2,red,2.0,0.5,5052.16,4964.33,4993.64,87.82999999999993,58.914999999999964,30.0
2026-02-17,2026-02-16,4997.56,level_price,L5,6,5,4997.88106,-0.32106,0.32106,True,True,True,True,True,True,prior_range_fraction,prev_range_0.382,neutral,,0.382,5052.16,4964.33,4993.64,87.82999999999993,58.914999999999964,30.0
2026-02-17,2026-02-16,5037.25,level_price,L4,7,4,5037.43125,-0.18125,0.18125,True,True,True,True,True,True,red_box_quarter,red_box_1_25pct,red,1.0,0.25,5052.16,4964.33,4993.64,87.82999999999993,58.914999999999964,30.0
2026-02-17,2026-02-16,5074.27,level_price,L3,8,3,5067.43125,6.83875,6.83875,False,False,False,False,False,True,green_box_quarter,green_box_2_75pct,green,2.0,0.75,5052.16,4964.33,4993.64,87.82999999999993,58.914999999999964,30.0
2026-02-17,2026-02-16,5111.59,level_price,L2,9,2,5111.6175,-0.0275,0.0275,True,True,True,True,True,True,green_box_midline,green_mid_3,green,3.0,0.5,5052.16,4964.33,4993.64,87.82999999999993,58.914999999999964,30.0
2026-02-17,2026-02-16,5149.85,level_price,L1,10,1,5155.80375,-5.95375,5.95375,False,False,False,False,False,True,green_box_quarter,green_box_4_25pct,green,4.0,0.25,5052.16,4964.33,4993.64,87.82999999999993,58.914999999999964,30.0
2026-02-18,2026-02-17,4729.24,level_price,L9,1,9,4717.98,11.26,11.26,False,False,False,False,False,False,red_box_edge,red_edge_3,red,3.0,,5000.7,4842.22,4877.1,158.47999999999956,94.23999999999978,30.0
2026-02-18,2026-02-17,4768.9,level_price,L8,2,8,4765.1,3.8,3.8,False,False,False,False,True,True,red_box_midline,red_mid_3,red,3.0,0.5,5000.7,4842.22,4877.1,158.47999999999956,94.23999999999978,30.0
2026-02-18,2026-02-17,4805.69,level_price,L7,3,7,4812.22,-6.53,6.53,False,False,False,False,False,True,red_box_edge,red_edge_2,red,2.0,,5000.7,4842.22,4877.1,158.47999999999956,94.23999999999978,30.0
2026-02-18,2026-02-17,4842.48,level_price,L6,4,6,4842.22,0.26,0.26,True,True,True,True,True,True,prior_hlc,previous_low,neutral,,,5000.7,4842.22,4877.1,158.47999999999956,94.23999999999978,30.0
2026-02-18,2026-02-17,4878.73,level_price,L5,5,5,4877.1,1.63,1.63,True,False,True,True,True,True,prior_hlc,previous_close,neutral,,,5000.7,4842.22,4877.1,158.47999999999956,94.23999999999978,30.0
2026-02-18,2026-02-17,4912.68,level_price,L4,6,4,4912.9,-0.22,0.22,True,True,True,True,True,True,green_box_quarter,green_box_1_75pct,green,1.0,0.75,5000.7,4842.22,4877.1,158.47999999999956,94.23999999999978,30.0
2026-02-18,2026-02-17,4947.32,level_price,L3,7,3,4947.873386,-0.553386,0.553386,True,True,True,True,True,True,prior_range_fraction,prev_range_0.666667,neutral,,0.666667,5000.7,4842.22,4877.1,158.47999999999956,94.23999999999978,30.0
2026-02-18,2026-02-17,4977.69,level_price,L2,8,2,4977.14,0.55,0.55,True,True,True,True,True,True,red_box_quarter,red_box_1_25pct,red,1.0,0.25,5000.7,4842.22,4877.1,158.47999999999956,94.23999999999978,30.0
2026-02-18,2026-02-17,5007.4,level_price,L1,9,1,5007.14,0.26,0.26,True,True,True,True,True,True,green_box_quarter,green_box_2_75pct,green,2.0,0.75,5000.7,4842.22,4877.1,158.47999999999956,94.23999999999978,30.0
2026-02-19,2026-02-18,4811.56,level_price,L11,1,11,4800.84125,10.71875,10.71875,False,False,False,False,False,False,red_box_quarter,red_box_3_25pct,red,3.0,0.25,5010.98,4854.19,4977.24,156.78999999999996,93.39499999999998,30.0
2026-02-19,2026-02-18,4847.09,level_price,L10,2,10,4847.53875,-0.44875,0.44875,True,True,True,True,True,True,red_box_quarter,red_box_2_75pct,red,2.0,0.75,5010.98,4854.19,4977.24,156.78999999999996,93.39499999999998,30.0
2026-02-19,2026-02-18,4874.51,level_price,L9,3,9,4873.78875,0.72125,0.72125,True,True,True,True,True,True,prior_range_fraction,prev_range_0.125,neutral,,0.125,5010.98,4854.19,4977.24,156.78999999999996,93.39499999999998,30.0
2026-02-19,2026-02-18,4910.85,level_price,L8,4,8,4914.08378,-3.23378,3.23378,False,False,False,False,True,True,prior_range_fraction,prev_range_0.382,neutral,,0.382,5010.98,4854.19,4977.24,156.78999999999996,93.39499999999998,30.0
2026-02-19,2026-02-18,4944.55,level_price,L7,5,7,4947.47,-2.92,2.92,True,False,False,True,True,True,prior_hlc,previous_pivot_hlc3,neutral,,,5010.98,4854.19,4977.24,156.78999999999996,93.39499999999998,30.0
2026-02-19,2026-02-18,4972.89,level_price,L6,6,6,4971.7825,1.1075,1.1075,True,False,True,True,True,True,prior_range_fraction,prev_range_0.75,neutral,,0.75,5010.98,4854.19,4977.24,156.78999999999996,93.39499999999998,30.0
2026-02-19,2026-02-18,5000.02,level_price,L5,7,5,4994.2825,5.7375,5.7375,False,False,False,False,False,True,green_box_midline,green_mid_2,green,2.0,0.5,5010.98,4854.19,4977.24,156.78999999999996,93.39499999999998,30.0
2026-02-19,2026-02-18,5030.72,level_price,L4,8,4,5040.98,-10.26,10.26,False,False,False,False,False,False,green_box_edge,green_edge_2,green,2.0,,5010.98,4854.19,4977.24,156.78999999999996,93.39499999999998,30.0
2026-02-19,2026-02-18,5056.67,level_price,L3,9,3,5064.32875,-7.65875,7.65875,False,False,False,False,False,True,green_box_quarter,green_box_3_25pct,green,3.0,0.25,5010.98,4854.19,4977.24,156.78999999999996,93.39499999999998,30.0
2026-02-19,2026-02-18,5079.43,level_price,L2,10,2,5087.6775,-8.2475,8.2475,False,False,False,False,False,True,green_box_midline,green_mid_3,green,3.0,0.5,5010.98,4854.19,4977.24,156.78999999999996,93.39499999999998,30.0
2026-02-19,2026-02-18,5102.34,level_price,L1,11,1,5111.02625,-8.68625,8.68625,False,False,False,False,False,True,green_box_quarter,green_box_3_75pct,green,3.0,0.75,5010.98,4854.19,4977.24,156.78999999999996,93.39499999999998,30.0
2026-02-20,2026-02-19,4847.09,level_price,L10,1,10,4850.51875,-3.42875,3.42875,False,False,False,False,True,True,red_box_quarter,red_box_4_75pct,red,4.0,0.75,5022.25,4960.66,4995.96,61.590000000000146,45.79500000000007,30.0
2026-02-20,2026-02-19,4874.51,level_price,L9,2,9,4873.41625,1.09375,1.09375,True,False,True,True,True,True,red_box_quarter,red_box_4_25pct,red,4.0,0.25,5022.25,4960.66,4995.96,61.590000000000146,45.79500000000007,30.0
2026-02-20,2026-02-19,4906.4,level_price,L8,3,8,4907.7625,-1.3625,1.3625,True,False,True,True,True,True,red_box_midline,red_mid_3,red,3.0,0.5,5022.25,4960.66,4995.96,61.590000000000146,45.79500000000007,30.0
2026-02-20,2026-02-19,4935.99,level_price,L7,4,7,4930.66,5.33,5.33,False,False,False,False,False,True,red_box_edge,red_edge_2,red,2.0,,5022.25,4960.66,4995.96,61.590000000000146,45.79500000000007,30.0
2026-02-20,2026-02-19,4965.99,level_price,L6,5,6,4965.00625,0.98375,0.98375,True,True,True,True,True,True,red_box_quarter,red_box_2_25pct,red,2.0,0.25,5022.25,4960.66,4995.96,61.590000000000146,45.79500000000007,30.0
2026-02-20,2026-02-19,4995.03,level_price,L5,6,5,4995.00625,0.02375,0.02375,True,True,True,True,True,True,green_box_quarter,green_box_1_75pct,green,1.0,0.75,5022.25,4960.66,4995.96,61.590000000000146,45.79500000000007,30.0
2026-02-20,2026-02-19,5017.88,level_price,L4,7,4,5017.90375,-0.02375,0.02375,True,True,True,True,True,True,green_box_quarter,green_box_2_25pct,green,2.0,0.25,5022.25,4960.66,4995.96,61.590000000000146,45.79500000000007,30.0
2026-02-20,2026-02-19,5043.23,level_price,L3,8,3,5040.80125,2.42875,2.42875,True,False,False,True,True,True,green_box_quarter,green_box_2_75pct,green,2.0,0.75,5022.25,4960.66,4995.96,61.590000000000146,45.79500000000007,30.0
2026-02-20,2026-02-19,5071.15,level_price,L2,9,2,5075.1475,-3.9975,3.9975,False,False,False,False,True,True,green_box_midline,green_mid_3,green,3.0,0.5,5022.25,4960.66,4995.96,61.590000000000146,45.79500000000007,30.0
2026-02-20,2026-02-19,5102.34,level_price,L1,10,1,5098.045,4.295,4.295,False,False,False,False,True,True,green_box_edge,green_edge_3,green,3.0,,5022.25,4960.66,4995.96,61.590000000000146,45.79500000000007,30.0
2026-02-23,2026-02-20,4979.7,level_price,L11,1,11,4981.8,-2.1,2.1,True,False,False,True,True,True,prior_hlc,previous_low,neutral,,,5107.96,4981.8,5107.8,126.15999999999985,78.07999999999993,30.0
2026-02-23,2026-02-20,5006.11,level_price,L10,2,10,5010.36,-4.25,4.25,False,False,False,False,True,True,red_box_quarter,red_box_2_25pct,red,2.0,0.25,5107.96,4981.8,5107.8,126.15999999999985,78.07999999999993,30.0
2026-02-23,2026-02-20,5029.86,level_price,L9,3,9,5029.88,-0.02,0.02,True,True,True,True,True,True,red_box_edge,red_edge_1,red,1.0,,5107.96,4981.8,5107.8,126.15999999999985,78.07999999999993,30.0
2026-02-23,2026-02-20,5053.03,level_price,L8,4,8,5049.4,3.63,3.63,False,False,False,False,True,True,red_box_quarter,red_box_1_75pct,red,1.0,0.75,5107.96,4981.8,5107.8,126.15999999999985,78.07999999999993,30.0
2026-02-23,2026-02-20,5079.49,level_price,L7,5,7,5079.4,0.09,0.09,True,True,True,True,True,True,green_box_quarter,green_box_2_25pct,green,2.0,0.25,5107.96,4981.8,5107.8,126.15999999999985,78.07999999999993,30.0
2026-02-23,2026-02-20,5102.34,level_price,L6,6,6,5098.92,3.42,3.42,False,False,False,False,True,True,green_box_midline,green_mid_2,green,2.0,0.5,5107.96,4981.8,5107.8,126.15999999999985,78.07999999999993,30.0
2026-02-23,2026-02-20,5126.12,level_price,L5,7,5,5118.44,7.68,7.68,False,False,False,False,False,True,green_box_quarter,green_box_2_75pct,green,2.0,0.75,5107.96,4981.8,5107.8,126.15999999999985,78.07999999999993,30.0
2026-02-23,2026-02-20,5150.72,level_price,L4,8,4,5157.48,-6.76,6.76,False,False,False,False,False,True,green_box_quarter,green_box_3_25pct,green,3.0,0.25,5107.96,4981.8,5107.8,126.15999999999985,78.07999999999993,30.0
2026-02-23,2026-02-20,5176.62,level_price,L3,9,3,5177.0,-0.38,0.38,True,True,True,True,True,True,green_box_midline,green_mid_3,green,3.0,0.5,5107.96,4981.8,5107.8,126.15999999999985,78.07999999999993,30.0
2026-02-23,2026-02-20,5202.51,level_price,L2,10,2,5196.52,5.99,5.99,False,False,False,False,False,True,green_box_quarter,green_box_3_75pct,green,3.0,0.75,5107.96,4981.8,5107.8,126.15999999999985,78.07999999999993,30.0
2026-02-23,2026-02-20,5228.41,level_price,L1,11,1,5235.56,-7.15,7.15,False,False,False,False,False,True,green_box_quarter,green_box_4_25pct,green,4.0,0.25,5107.96,4981.8,5107.8,126.15999999999985,78.07999999999993,30.0
2026-02-24,2026-02-23,5058.76,level_price,L11,1,11,5069.27,-10.51,10.51,False,False,False,False,False,False,red_box_edge,red_edge_2,red,2.0,,5237.82,5099.27,5227.5,138.54999999999927,84.27499999999964,30.0
2026-02-24,2026-02-23,5090.82,level_price,L10,2,10,5090.33875,0.48125,0.48125,True,True,True,True,True,True,red_box_quarter,red_box_2_75pct,red,2.0,0.75,5237.82,5099.27,5227.5,138.54999999999927,84.27499999999964,30.0
2026-02-24,2026-02-23,5123.03,level_price,L9,3,9,5120.33875,2.69125,2.69125,True,False,False,True,True,True,green_box_quarter,green_box_1_25pct,green,1.0,0.25,5237.82,5099.27,5227.5,138.54999999999927,84.27499999999964,30.0
2026-02-24,2026-02-23,5147.05,level_price,L8,4,8,5145.453287,1.596713,1.596713,True,False,True,True,True,True,prior_range_fraction,prev_range_0.333333,neutral,,0.333333,5237.82,5099.27,5227.5,138.54999999999927,84.27499999999964,30.0
2026-02-24,2026-02-23,5176.62,level_price,L7,5,7,5174.61375,2.00625,2.00625,True,False,False,True,True,True,red_box_quarter,red_box_1_75pct,red,1.0,0.75,5237.82,5099.27,5227.5,138.54999999999927,84.27499999999964,30.0
2026-02-24,2026-02-23,5205.3,level_price,L6,6,6,5204.61375,0.68625,0.68625,True,True,True,True,True,True,green_box_quarter,green_box_2_25pct,green,2.0,0.25,5237.82,5099.27,5227.5,138.54999999999927,84.27499999999964,30.0
2026-02-24,2026-02-23,5234.73,level_price,L5,7,5,5237.82,-3.09,3.09,False,False,False,False,True,True,prior_hlc,previous_high,neutral,,,5237.82,5099.27,5227.5,138.54999999999927,84.27499999999964,30.0
2026-02-24,2026-02-23,5263.54,level_price,L4,8,4,5267.82,-4.28,4.28,False,False,False,False,True,True,green_box_edge,green_edge_2,green,2.0,,5237.82,5099.27,5227.5,138.54999999999927,84.27499999999964,30.0
2026-02-24,2026-02-23,5294.6,level_price,L3,9,3,5288.88875,5.71125,5.71125,False,False,False,False,False,True,green_box_quarter,green_box_3_25pct,green,3.0,0.25,5237.82,5099.27,5227.5,138.54999999999927,84.27499999999964,30.0
2026-02-24,2026-02-23,5327.69,level_price,L2,10,2,5331.02625,-3.33625,3.33625,False,False,False,False,True,True,green_box_quarter,green_box_3_75pct,green,3.0,0.75,5237.82,5099.27,5227.5,138.54999999999927,84.27499999999964,30.0
2026-02-24,2026-02-23,5361.79,level_price,L1,11,1,5352.095,9.695,9.695,False,False,False,False,False,True,green_box_edge,green_edge_3,green,3.0,,5237.82,5099.27,5227.5,138.54999999999927,84.27499999999964,30.0
2026-02-25,2026-02-24,5002.25,level_price,L11,1,11,4992.37625,9.87375,9.87375,False,False,False,False,False,True,red_box_quarter,red_box_3_75pct,red,3.0,0.75,5249.68,5092.55,5143.76,157.1300000000001,93.56500000000005,30.0
2026-02-25,2026-02-24,5040.31,level_price,L10,2,10,5039.15875,1.15125,1.15125,True,False,True,True,True,True,red_box_quarter,red_box_3_25pct,red,3.0,0.25,5249.68,5092.55,5143.76,157.1300000000001,93.56500000000005,30.0
2026-02-25,2026-02-24,5076.9,level_price,L9,3,9,5085.94125,-9.04125,9.04125,False,False,False,False,False,True,red_box_quarter,red_box_2_75pct,red,2.0,0.75,5249.68,5092.55,5143.76,157.1300000000001,93.56500000000005,30.0
2026-02-25,2026-02-24,5108.63,level_price,L8,4,8,5109.3325,-0.7025,0.7025,True,True,True,True,True,True,red_box_midline,red_mid_2,red,2.0,0.5,5249.68,5092.55,5143.76,157.1300000000001,93.56500000000005,30.0
2026-02-25,2026-02-24,5141.24,level_price,L7,5,7,5139.3325,1.9075,1.9075,True,False,True,True,True,True,green_box_midline,green_mid_1,green,1.0,0.5,5249.68,5092.55,5143.76,157.1300000000001,93.56500000000005,30.0
2026-02-25,2026-02-24,5174.66,level_price,L6,6,6,5171.115,3.545,3.545,False,False,False,False,True,True,prior_hlc,previous_mid,neutral,,,5249.68,5092.55,5143.76,157.1300000000001,93.56500000000005,30.0
2026-02-25,2026-02-24,5210.99,level_price,L5,7,5,5210.3975,0.5925,0.5925,True,True,True,True,True,True,prior_range_fraction,prev_range_0.75,neutral,,0.75,5249.68,5092.55,5143.76,157.1300000000001,93.56500000000005,30.0
2026-02-25,2026-02-24,5252.87,level_price,L4,8,4,5249.68,3.19,3.19,False,False,False,False,True,True,prior_hlc,previous_high,neutral,,,5249.68,5092.55,5143.76,157.1300000000001,93.56500000000005,30.0
2026-02-25,2026-02-24,5291.72,level_price,L3,9,3,5303.07125,-11.35125,11.35125,False,False,False,False,False,False,green_box_quarter,green_box_3_25pct,green,3.0,0.25,5249.68,5092.55,5143.76,157.1300000000001,93.56500000000005,30.0
2026-02-25,2026-02-24,5327.69,level_price,L2,10,2,5326.4625,1.2275,1.2275,True,False,True,True,True,True,green_box_midline,green_mid_3,green,3.0,0.5,5249.68,5092.55,5143.76,157.1300000000001,93.56500000000005,30.0
2026-02-25,2026-02-24,5361.79,level_price,L1,11,1,5373.245,-11.455,11.455,False,False,False,False,False,False,green_box_edge,green_edge_3,green,3.0,,5249.68,5092.55,5143.76,157.1300000000001,93.56500000000005,30.0
2026-02-26,2026-02-25,5002.56,level_price,L8,1,8,4997.5175,5.0425,5.0425,False,False,False,False,False,True,red_box_midline,red_mid_4,red,4.0,0.5,5217.65,5121.86,5164.84,95.78999999999996,62.89499999999998,30.0
2026-02-26,2026-02-25,5042.41,level_price,L7,2,7,5044.68875,-2.27875,2.27875,True,False,False,True,True,True,red_box_quarter,red_box_3_75pct,red,3.0,0.75,5217.65,5121.86,5164.84,95.78999999999996,62.89499999999998,30.0
2026-02-26,2026-02-25,5092.49,level_price,L6,3,6,5091.86,0.63,0.63,True,True,True,True,True,True,red_box_edge,red_edge_2,red,2.0,,5217.65,5121.86,5164.84,95.78999999999996,62.89499999999998,30.0
2026-02-26,2026-02-25,5128.94,level_price,L5,4,5,5133.83375,-4.89375,4.89375,False,False,False,False,True,True,prior_range_fraction,prev_range_0.125,neutral,,0.125,5217.65,5121.86,5164.84,95.78999999999996,62.89499999999998,30.0
2026-02-26,2026-02-25,5167.75,level_price,L4,5,4,5168.116667,-0.366667,0.366667,True,True,True,True,True,True,prior_hlc,previous_pivot_hlc3,neutral,,,5217.65,5121.86,5164.84,95.78999999999996,62.89499999999998,30.0
2026-02-26,2026-02-25,5206.55,level_price,L3,6,3,5205.67625,0.87375,0.87375,True,True,True,True,True,True,prior_range_fraction,prev_range_0.875,neutral,,0.875,5217.65,5121.86,5164.84,95.78999999999996,62.89499999999998,30.0
2026-02-26,2026-02-25,5248.24,level_price,L2,7,2,5247.65,0.59,0.59,True,True,True,True,True,True,green_box_edge,green_edge_2,green,2.0,,5217.65,5121.86,5164.84,95.78999999999996,62.89499999999998,30.0
2026-02-26,2026-02-25,5283.09,level_price,L1,8,1,5279.0975,3.9925,3.9925,False,False,False,False,True,True,green_box_midline,green_mid_3,green,3.0,0.5,5217.65,5121.86,5164.84,95.78999999999996,62.89499999999998,30.0
2026-02-27,2026-02-26,4988.52,level_price,L9,1,9,4994.8,-6.28,6.28,False,False,False,False,False,True,red_box_edge,red_edge_4,red,4.0,,5205.52,5130.16,5185.0,75.36000000000058,52.68000000000029,30.0
2026-02-27,2026-02-26,5035.58,level_price,L8,2,8,5034.31,1.27,1.27,True,False,True,True,True,True,red_box_quarter,red_box_4_25pct,red,4.0,0.25,5205.52,5130.16,5185.0,75.36000000000058,52.68000000000029,30.0
2026-02-27,2026-02-26,5082.63,level_price,L7,3,7,5086.99,-4.36,4.36,False,False,False,False,True,True,red_box_quarter,red_box_3_25pct,red,3.0,0.25,5205.52,5130.16,5185.0,75.36000000000058,52.68000000000029,30.0
2026-02-27,2026-02-26,5120.49,level_price,L6,4,6,5126.5,-6.01,6.01,False,False,False,False,False,True,red_box_midline,red_mid_2,red,2.0,0.5,5205.52,5130.16,5185.0,75.36000000000058,52.68000000000029,30.0
2026-02-27,2026-02-26,5159.15,level_price,L5,5,5,5158.94752,0.20248,0.20248,True,True,True,True,True,True,prior_range_fraction,prev_range_0.382,neutral,,0.382,5205.52,5130.16,5185.0,75.36000000000058,52.68000000000029,30.0
2026-02-27,2026-02-26,5200.74,level_price,L4,6,4,5196.1,4.64,4.64,False,False,False,False,True,True,prior_range_fraction,prev_range_0.875,neutral,,0.875,5205.52,5130.16,5185.0,75.36000000000058,52.68000000000029,30.0
2026-02-27,2026-02-26,5239.14,level_price,L3,7,3,5235.52,3.62,3.62,False,False,False,False,True,True,green_box_edge,green_edge_2,green,2.0,,5205.52,5130.16,5185.0,75.36000000000058,52.68000000000029,30.0
2026-02-27,2026-02-26,5275.89,level_price,L2,8,2,5275.03,0.86,0.86,True,True,True,True,True,True,green_box_quarter,green_box_3_75pct,green,3.0,0.75,5205.52,5130.16,5185.0,75.36000000000058,52.68000000000029,30.0
2026-02-27,2026-02-26,5314.74,level_price,L1,9,1,5314.54,0.2,0.2,True,True,True,True,True,True,green_box_midline,green_mid_4,green,4.0,0.5,5205.52,5130.16,5185.0,75.36000000000058,52.68000000000029,30.0
2026-03-02,2026-02-27,5120.89,level_price,L11,1,11,5118.97,1.92,1.92,True,False,True,True,True,True,red_box_quarter,red_box_3_25pct,red,3.0,0.25,5280.88,5166.96,5280.0,113.92000000000007,71.96000000000004,30.0
2026-03-02,2026-02-27,5154.88,level_price,L10,2,10,5154.95,-0.07,0.07,True,True,True,True,True,True,red_box_quarter,red_box_2_75pct,red,2.0,0.75,5280.88,5166.96,5280.0,113.92000000000007,71.96000000000004,30.0
2026-03-02,2026-02-27,5191.24,level_price,L9,3,9,5190.93,0.31,0.31,True,True,True,True,True,True,red_box_quarter,red_box_2_25pct,red,2.0,0.25,5280.88,5166.96,5280.0,113.92000000000007,71.96000000000004,30.0
2026-03-02,2026-02-27,5223.68,level_price,L8,4,8,5223.92,-0.24,0.24,True,True,True,True,True,True,prior_hlc,previous_mid,neutral,,,5280.88,5166.96,5280.0,113.92000000000007,71.96000000000004,30.0
2026-03-02,2026-02-27,5256.98,level_price,L7,5,7,5256.91,0.07,0.07,True,True,True,True,True,True,green_box_quarter,green_box_2_25pct,green,2.0,0.25,5280.88,5166.96,5280.0,113.92000000000007,71.96000000000004,30.0
2026-03-02,2026-02-27,5290.73,level_price,L6,6,6,5292.89,-2.16,2.16,True,False,False,True,True,True,green_box_quarter,green_box_2_75pct,green,2.0,0.75,5280.88,5166.96,5280.0,113.92000000000007,71.96000000000004,30.0
2026-03-02,2026-02-27,5326.06,level_price,L5,7,5,5328.87,-2.81,2.81,True,False,False,True,True,True,green_box_quarter,green_box_3_25pct,green,3.0,0.25,5280.88,5166.96,5280.0,113.92000000000007,71.96000000000004,30.0
2026-03-02,2026-02-27,5367.98,level_price,L4,8,4,5364.85,3.13,3.13,False,False,False,False,True,True,green_box_quarter,green_box_3_75pct,green,3.0,0.75,5280.88,5166.96,5280.0,113.92000000000007,71.96000000000004,30.0
2026-03-02,2026-02-27,5417.34,level_price,L3,9,3,5418.82,-1.48,1.48,True,False,True,True,True,True,green_box_midline,green_mid_4,green,4.0,0.5,5280.88,5166.96,5280.0,113.92000000000007,71.96000000000004,30.0
2026-03-02,2026-02-27,5462.94,level_price,L2,10,2,5454.8,8.14,8.14,False,False,False,False,False,True,green_box_edge,green_edge_4,green,4.0,,5280.88,5166.96,5280.0,113.92000000000007,71.96000000000004,30.0
2026-03-02,2026-02-27,5510.63,level_price,L1,11,1,5454.8,55.83,55.83,False,False,False,False,False,False,green_box_edge,green_edge_4,green,4.0,,5280.88,5166.96,5280.0,113.92000000000007,71.96000000000004,30.0
2026-03-03,2026-03-02,5113.22,level_price,L10,1,10,5113.51,-0.29,0.29,True,True,True,True,True,True,red_box_quarter,red_box_4_25pct,red,4.0,0.25,5419.14,5261.06,5321.84,158.07999999999993,94.03999999999996,30.0
2026-03-03,2026-03-02,5143.6,level_price,L9,2,9,5137.02,6.58,6.58,False,False,False,False,False,True,red_box_edge,red_edge_3,red,3.0,,5419.14,5261.06,5321.84,158.07999999999993,94.03999999999996,30.0
2026-03-03,2026-03-02,5176.19,level_price,L8,3,8,5184.04,-7.85,7.85,False,False,False,False,False,True,red_box_midline,red_mid_3,red,3.0,0.5,5419.14,5261.06,5321.84,158.07999999999993,94.03999999999996,30.0
2026-03-03,2026-03-02,5213.93,level_price,L7,4,7,5207.55,6.38,6.38,False,False,False,False,False,True,red_box_quarter,red_box_3_25pct,red,3.0,0.25,5419.14,5261.06,5321.84,158.07999999999993,94.03999999999996,30.0
2026-03-03,2026-03-02,5249.62,level_price,L6,5,6,5254.57,-4.95,4.95,False,False,False,False,True,True,red_box_quarter,red_box_2_75pct,red,2.0,0.75,5419.14,5261.06,5321.84,158.07999999999993,94.03999999999996,30.0
2026-03-03,2026-03-02,5286.64,level_price,L5,6,5,5284.57,2.07,2.07,True,False,False,True,True,True,green_box_quarter,green_box_1_25pct,green,1.0,0.25,5419.14,5261.06,5321.84,158.07999999999993,94.03999999999996,30.0
2026-03-03,2026-03-02,5324.04,level_price,L4,7,4,5325.1,-1.06,1.06,True,False,True,True,True,True,red_box_edge,red_edge_1,red,1.0,,5419.14,5261.06,5321.84,158.07999999999993,94.03999999999996,30.0
2026-03-03,2026-03-02,5365.22,level_price,L3,8,3,5366.446719,-1.226719,1.226719,True,False,True,True,True,True,prior_range_fraction,prev_range_0.666667,neutral,,0.666667,5419.14,5261.06,5321.84,158.07999999999993,94.03999999999996,30.0
2026-03-03,2026-03-02,5408.18,level_price,L2,9,2,5402.12,6.06,6.06,False,False,False,False,False,True,green_box_midline,green_mid_2,green,2.0,0.5,5419.14,5261.06,5321.84,158.07999999999993,94.03999999999996,30.0
2026-03-03,2026-03-02,5422.84,level_price,L1,10,1,5425.63,-2.79,2.79,True,False,False,True,True,True,green_box_quarter,green_box_2_75pct,green,2.0,0.75,5419.14,5261.06,5321.84,158.07999999999993,94.03999999999996,30.0
2026-03-04,2026-03-03,4944.32,level_price,L9,1,9,4966.27,-21.95,21.95,False,False,False,False,False,False,red_box_edge,red_edge_2,red,2.0,,5379.86,4996.27,5088.24,383.58999999999924,206.79499999999962,30.0
2026-03-04,2026-03-03,4978.64,level_price,L8,2,8,4966.27,12.37,12.37,False,False,False,False,False,False,red_box_edge,red_edge_2,red,2.0,,5379.86,4996.27,5088.24,383.58999999999924,206.79499999999962,30.0
2026-03-04,2026-03-03,5012.24,level_price,L7,3,7,5017.96875,-5.72875,5.72875,False,False,False,False,False,True,red_box_quarter,red_box_2_75pct,red,2.0,0.75,5379.86,4996.27,5088.24,383.58999999999924,206.79499999999962,30.0
2026-03-04,2026-03-03,5043.41,level_price,L6,4,6,5044.21875,-0.80875,0.80875,True,True,True,True,True,True,prior_range_fraction,prev_range_0.125,neutral,,0.125,5379.86,4996.27,5088.24,383.58999999999924,206.79499999999962,30.0
2026-03-04,2026-03-03,5078.76,level_price,L5,5,5,5069.6675,9.0925,9.0925,False,False,False,False,False,True,red_box_midline,red_mid_2,red,2.0,0.5,5379.86,4996.27,5088.24,383.58999999999924,206.79499999999962,30.0
2026-03-04,2026-03-03,5112.47,level_price,L4,6,4,5121.36625,-8.89625,8.89625,False,False,False,False,False,True,red_box_quarter,red_box_2_25pct,red,2.0,0.25,5379.86,4996.27,5088.24,383.58999999999924,206.79499999999962,30.0
2026-03-04,2026-03-03,5139.55,level_price,L3,7,3,5142.80138,-3.25138,3.25138,False,False,False,False,True,True,prior_range_fraction,prev_range_0.382,neutral,,0.382,5379.86,4996.27,5088.24,383.58999999999924,206.79499999999962,30.0
2026-03-04,2026-03-03,5170.57,level_price,L2,8,2,5173.065,-2.495,2.495,True,False,False,True,True,True,red_box_edge,red_edge_1,red,1.0,,5379.86,4996.27,5088.24,383.58999999999924,206.79499999999962,30.0
2026-03-04,2026-03-03,5205.18,level_price,L1,9,1,5203.065,2.115,2.115,True,False,False,True,True,True,green_box_edge,green_edge_1,green,1.0,,5379.86,4996.27,5088.24,383.58999999999924,206.79499999999962,30.0
2026-03-05,2026-03-04,5005.51,level_price,L9,1,9,4996.9525,8.5575,8.5575,False,False,False,False,False,True,red_box_quarter,red_box_3_75pct,red,3.0,0.75,5206.09,5083.99,5141.1,122.10000000000036,76.05000000000018,30.0
2026-03-05,2026-03-04,5033.87,level_price,L8,2,8,5034.9775,-1.1075,1.1075,True,False,True,True,True,True,red_box_quarter,red_box_3_25pct,red,3.0,0.25,5206.09,5083.99,5141.1,122.10000000000036,76.05000000000018,30.0
2026-03-05,2026-03-04,5066.73,level_price,L7,3,7,5073.0025,-6.2725,6.2725,False,False,False,False,False,True,red_box_quarter,red_box_2_75pct,red,2.0,0.75,5206.09,5083.99,5141.1,122.10000000000036,76.05000000000018,30.0
2026-03-05,2026-03-04,5103.66,level_price,L6,4,6,5103.0025,0.6575,0.6575,True,True,True,True,True,True,green_box_quarter,green_box_1_25pct,green,1.0,0.25,5206.09,5083.99,5141.1,122.10000000000036,76.05000000000018,30.0
2026-03-05,2026-03-04,5139.59,level_price,L5,5,5,5141.0275,-1.4375,1.4375,True,False,True,True,True,True,green_box_quarter,green_box_1_75pct,green,1.0,0.75,5206.09,5083.99,5141.1,122.10000000000036,76.05000000000018,30.0
2026-03-05,2026-03-04,5173.51,level_price,L4,6,4,5175.565,-2.055,2.055,True,False,False,True,True,True,prior_range_fraction,prev_range_0.75,neutral,,0.75,5206.09,5083.99,5141.1,122.10000000000036,76.05000000000018,30.0
2026-03-05,2026-03-04,5204.13,level_price,L3,7,3,5206.09,-1.96,1.96,True,False,True,True,True,True,prior_hlc,previous_high,neutral,,,5206.09,5083.99,5141.1,122.10000000000036,76.05000000000018,30.0
2026-03-05,2026-03-04,5237.83,level_price,L2,8,2,5236.09,1.74,1.74,True,False,True,True,True,True,green_box_edge,green_edge_2,green,2.0,,5206.09,5083.99,5141.1,122.10000000000036,76.05000000000018,30.0
2026-03-05,2026-03-04,5263.89,level_price,L1,9,1,5255.1025,8.7875,8.7875,False,False,False,False,False,True,green_box_quarter,green_box_3_25pct,green,3.0,0.25,5206.09,5083.99,5141.1,122.10000000000036,76.05000000000018,30.0
2026-03-06,2026-03-05,4975.77,level_price,L8,1,8,4977.59,-1.82,1.82,True,False,True,True,True,True,red_box_midline,red_mid_3,red,3.0,0.5,5194.94,5051.06,5081.02,143.8799999999992,86.9399999999996,30.0
2026-03-06,2026-03-05,5004.85,level_price,L7,2,7,4999.325,5.525,5.525,False,False,False,False,False,True,red_box_quarter,red_box_3_25pct,red,3.0,0.25,5194.94,5051.06,5081.02,143.8799999999992,86.9399999999996,30.0
2026-03-06,2026-03-05,5039.06,level_price,L6,3,6,5042.795,-3.735,3.735,False,False,False,False,True,True,red_box_quarter,red_box_2_75pct,red,2.0,0.75,5194.94,5051.06,5081.02,143.8799999999992,86.9399999999996,30.0
2026-03-06,2026-03-05,5070.97,level_price,L5,4,5,5072.795,-1.825,1.825,True,False,True,True,True,True,green_box_quarter,green_box_1_25pct,green,1.0,0.25,5194.94,5051.06,5081.02,143.8799999999992,86.9399999999996,30.0
2026-03-06,2026-03-05,5105.9,level_price,L4,5,4,5106.02216,-0.12216,0.12216,True,True,True,True,True,True,prior_range_fraction,prev_range_0.382,neutral,,0.382,5194.94,5051.06,5081.02,143.8799999999992,86.9399999999996,30.0
2026-03-06,2026-03-05,5139.25,level_price,L3,6,3,5139.97784,-0.72784,0.72784,True,True,True,True,True,True,prior_range_fraction,prev_range_0.618,neutral,,0.618,5194.94,5051.06,5081.02,143.8799999999992,86.9399999999996,30.0
2026-03-06,2026-03-05,5174.93,level_price,L2,7,2,5173.205,1.725,1.725,True,False,True,True,True,True,red_box_quarter,red_box_1_25pct,red,1.0,0.25,5194.94,5051.06,5081.02,143.8799999999992,86.9399999999996,30.0
2026-03-06,2026-03-05,5205.07,level_price,L1,8,1,5203.205,1.865,1.865,True,False,True,True,True,True,green_box_quarter,green_box_2_75pct,green,2.0,0.75,5194.94,5051.06,5081.02,143.8799999999992,86.9399999999996,30.0
2026-03-09,2026-03-06,5013.5,level_price,L10,1,10,5014.04,-0.54,0.54,True,True,True,True,True,True,red_box_quarter,red_box_3_25pct,red,3.0,0.25,5174.78,5061.9,5174.64,112.88000000000011,71.44000000000005,30.0
2026-03-09,2026-03-06,5047.61,level_price,L9,2,9,5049.76,-2.15,2.15,True,False,False,True,True,True,red_box_quarter,red_box_2_75pct,red,2.0,0.75,5174.78,5061.9,5174.64,112.88000000000011,71.44000000000005,30.0
2026-03-09,2026-03-06,5080.19,level_price,L8,3,8,5079.76,0.43,0.43,True,True,True,True,True,True,green_box_quarter,green_box_1_25pct,green,1.0,0.25,5174.78,5061.9,5174.64,112.88000000000011,71.44000000000005,30.0
2026-03-09,2026-03-06,5108.7,level_price,L7,4,7,5105.02016,3.67984,3.67984,False,False,False,False,True,True,prior_range_fraction,prev_range_0.382,neutral,,0.382,5174.78,5061.9,5174.64,112.88000000000011,71.44000000000005,30.0
2026-03-09,2026-03-06,5140.78,level_price,L6,5,6,5139.06,1.72,1.72,True,False,True,True,True,True,red_box_midline,red_mid_1,red,1.0,0.5,5174.78,5061.9,5174.64,112.88000000000011,71.44000000000005,30.0
2026-03-09,2026-03-06,5168.78,level_price,L5,6,5,5169.06,-0.28,0.28,True,True,True,True,True,True,green_box_midline,green_mid_2,green,2.0,0.5,5174.78,5061.9,5174.64,112.88000000000011,71.44000000000005,30.0
2026-03-09,2026-03-06,5198.3,level_price,L4,7,4,5204.78,-6.48,6.48,False,False,False,False,False,True,green_box_edge,green_edge_2,green,2.0,,5174.78,5061.9,5174.64,112.88000000000011,71.44000000000005,30.0
2026-03-09,2026-03-06,5226.3,level_price,L3,8,3,5222.64,3.66,3.66,False,False,False,False,True,True,green_box_quarter,green_box_3_25pct,green,3.0,0.25,5174.78,5061.9,5174.64,112.88000000000011,71.44000000000005,30.0
2026-03-09,2026-03-06,5254.31,level_price,L2,9,2,5258.36,-4.05,4.05,False,False,False,False,True,True,green_box_quarter,green_box_3_75pct,green,3.0,0.75,5174.78,5061.9,5174.64,112.88000000000011,71.44000000000005,30.0
2026-03-09,2026-03-06,5282.82,level_price,L1,10,1,5276.22,6.6,6.6,False,False,False,False,False,True,green_box_edge,green_edge_3,green,3.0,,5174.78,5061.9,5174.64,112.88000000000011,71.44000000000005,30.0
2026-03-10,2026-03-09,5027.25,level_price,L9,1,9,5037.81125,-10.56125,10.56125,False,False,False,False,False,False,prior_range_fraction,prev_range_0.125,neutral,,0.125,5197.91,5014.94,5136.66,182.97000000000025,106.48500000000013,30.0
2026-03-10,2026-03-09,5057.79,level_price,L8,2,8,5060.6825,-2.8925,2.8925,True,False,False,True,True,True,prior_range_fraction,prev_range_0.25,neutral,,0.25,5197.91,5014.94,5136.66,182.97000000000025,106.48500000000013,30.0
2026-03-10,2026-03-09,5088.85,level_price,L7,3,7,5091.425,-2.575,2.575,True,False,False,True,True,True,red_box_edge,red_edge_1,red,1.0,,5197.91,5014.94,5136.66,182.97000000000025,106.48500000000013,30.0
2026-03-10,2026-03-09,5116.85,level_price,L6,4,6,5116.503333,0.346667,0.346667,True,True,True,True,True,True,prior_hlc,previous_pivot_hlc3,neutral,,,5197.91,5014.94,5136.66,182.97000000000025,106.48500000000013,30.0
2026-03-10,2026-03-09,5145.87,level_price,L5,5,5,5144.6675,1.2025,1.2025,True,False,True,True,True,True,red_box_midline,red_mid_1,red,1.0,0.5,5197.91,5014.94,5136.66,182.97000000000025,106.48500000000013,30.0
2026-03-10,2026-03-09,5174.89,level_price,L4,6,4,5175.03875,-0.14875,0.14875,True,True,True,True,True,True,prior_range_fraction,prev_range_0.875,neutral,,0.875,5197.91,5014.94,5136.66,182.97000000000025,106.48500000000013,30.0
2026-03-10,2026-03-09,5202.38,level_price,L3,7,3,5201.28875,1.09125,1.09125,True,False,True,True,True,True,green_box_quarter,green_box_2_75pct,green,2.0,0.75,5197.91,5014.94,5136.66,182.97000000000025,106.48500000000013,30.0
2026-03-10,2026-03-09,5231.4,level_price,L2,8,2,5227.91,3.49,3.49,False,False,False,False,True,True,green_box_edge,green_edge_2,green,2.0,,5197.91,5014.94,5136.66,182.97000000000025,106.48500000000013,30.0
2026-03-10,2026-03-09,5260.92,level_price,L1,9,1,5254.53125,6.38875,6.38875,False,False,False,False,False,True,green_box_quarter,green_box_3_25pct,green,3.0,0.25,5197.91,5014.94,5136.66,182.97000000000025,106.48500000000013,30.0
2026-03-11,2026-03-10,5083.36,level_price,L10,1,10,5087.52,-4.16,4.16,False,False,False,False,True,True,red_box_edge,red_edge_2,red,2.0,,5238.59,5117.52,5192.64,121.06999999999971,75.53499999999985,30.0
2026-03-11,2026-03-10,5109.2,level_price,L9,2,9,5106.40375,2.79625,2.79625,True,False,False,True,True,True,red_box_quarter,red_box_2_75pct,red,2.0,0.75,5238.59,5117.52,5192.64,121.06999999999971,75.53499999999985,30.0
2026-03-11,2026-03-10,5136.4,level_price,L8,3,8,5136.40375,-0.00375,0.00375,True,True,True,True,True,True,green_box_quarter,green_box_1_25pct,green,1.0,0.25,5238.59,5117.52,5192.64,121.06999999999971,75.53499999999985,30.0
2026-03-11,2026-03-10,5163.6,level_price,L7,4,7,5163.76874,-0.16874,0.16874,True,True,True,True,True,True,prior_range_fraction,prev_range_0.382,neutral,,0.382,5238.59,5117.52,5192.64,121.06999999999971,75.53499999999985,30.0
2026-03-11,2026-03-10,5189.44,level_price,L6,5,6,5192.34126,-2.90126,2.90126,True,False,False,True,True,True,prior_range_fraction,prev_range_0.618,neutral,,0.618,5238.59,5117.52,5192.64,121.06999999999971,75.53499999999985,30.0
2026-03-11,2026-03-10,5222.07,level_price,L5,6,5,5223.45625,-1.38625,1.38625,True,False,True,True,True,True,prior_range_fraction,prev_range_0.875,neutral,,0.875,5238.59,5117.52,5192.64,121.06999999999971,75.53499999999985,30.0
2026-03-11,2026-03-10,5249.95,level_price,L4,7,4,5249.70625,0.24375,0.24375,True,True,True,True,True,True,green_box_quarter,green_box_2_75pct,green,2.0,0.75,5238.59,5117.52,5192.64,121.06999999999971,75.53499999999985,30.0
2026-03-11,2026-03-10,5276.47,level_price,L3,8,3,5268.59,7.88,7.88,False,False,False,False,False,True,green_box_edge,green_edge_2,green,2.0,,5238.59,5117.52,5192.64,121.06999999999971,75.53499999999985,30.0
2026-03-11,2026-03-10,5305.71,level_price,L2,9,2,5306.3575,-0.6475,0.6475,True,True,True,True,True,True,green_box_midline,green_mid_3,green,3.0,0.5,5238.59,5117.52,5192.64,121.06999999999971,75.53499999999985,30.0
2026-03-11,2026-03-10,5334.27,level_price,L1,10,1,5325.24125,9.02875,9.02875,False,False,False,False,False,True,green_box_quarter,green_box_3_75pct,green,3.0,0.75,5238.59,5117.52,5192.64,121.06999999999971,75.53499999999985,30.0
2026-03-12,2026-03-11,5076.19,level_price,L10,1,10,5080.0325,-3.8425,3.8425,False,False,False,False,True,True,red_box_quarter,red_box_3_75pct,red,3.0,0.75,5223.06,5149.04,5175.96,74.02000000000044,52.01000000000022,30.0
2026-03-12,2026-03-11,5104.74,level_price,L9,2,9,5106.0375,-1.2975,1.2975,True,False,True,True,True,True,red_box_quarter,red_box_3_25pct,red,3.0,0.25,5223.06,5149.04,5175.96,74.02000000000044,52.01000000000022,30.0
2026-03-12,2026-03-11,5126.27,level_price,L8,3,8,5132.0425,-5.7725,5.7725,False,False,False,False,False,True,red_box_quarter,red_box_2_75pct,red,2.0,0.75,5223.06,5149.04,5175.96,74.02000000000044,52.01000000000022,30.0
2026-03-12,2026-03-11,5157.46,level_price,L7,4,7,5158.0475,-0.5875,0.5875,True,True,True,True,True,True,red_box_quarter,red_box_2_25pct,red,2.0,0.25,5223.06,5149.04,5175.96,74.02000000000044,52.01000000000022,30.0
2026-03-12,2026-03-11,5185.72,level_price,L6,5,6,5186.05,-0.33,0.33,True,True,True,True,True,True,prior_hlc,previous_mid,neutral,,,5223.06,5149.04,5175.96,74.02000000000044,52.01000000000022,30.0
2026-03-12,2026-03-11,5214.48,level_price,L5,6,5,5214.0525,0.4275,0.4275,True,True,True,True,True,True,green_box_quarter,green_box_2_25pct,green,2.0,0.25,5223.06,5149.04,5175.96,74.02000000000044,52.01000000000022,30.0
2026-03-12,2026-03-11,5238.21,level_price,L4,7,4,5240.0575,-1.8475,1.8475,True,False,True,True,True,True,green_box_quarter,green_box_2_75pct,green,2.0,0.75,5223.06,5149.04,5175.96,74.02000000000044,52.01000000000022,30.0
2026-03-12,2026-03-11,5264.16,level_price,L3,8,3,5266.0625,-1.9025,1.9025,True,False,True,True,True,True,green_box_quarter,green_box_3_25pct,green,3.0,0.25,5223.06,5149.04,5175.96,74.02000000000044,52.01000000000022,30.0
2026-03-12,2026-03-11,5293.41,level_price,L2,9,2,5292.0675,1.3425,1.3425,True,False,True,True,True,True,green_box_quarter,green_box_3_75pct,green,3.0,0.75,5223.06,5149.04,5175.96,74.02000000000044,52.01000000000022,30.0
2026-03-12,2026-03-11,5319.91,level_price,L1,10,1,5318.0725,1.8375,1.8375,True,False,True,True,True,True,green_box_quarter,green_box_4_25pct,green,4.0,0.25,5223.06,5149.04,5175.96,74.02000000000044,52.01000000000022,30.0
2026-03-13,2026-03-12,4965.77,level_price,L9,1,9,4962.59375,3.17625,3.17625,False,False,False,False,True,True,red_box_quarter,red_box_3_75pct,red,3.0,0.75,5191.71,5055.08,5079.04,136.6300000000001,83.31500000000005,30.0
2026-03-13,2026-03-12,4989.28,level_price,L8,2,8,4983.4225,5.8575,5.8575,False,False,False,False,False,True,red_box_midline,red_mid_3,red,3.0,0.5,5191.71,5055.08,5079.04,136.6300000000001,83.31500000000005,30.0
2026-03-13,2026-03-12,5023.5,level_price,L7,3,7,5025.08,-1.58,1.58,True,False,True,True,True,True,red_box_edge,red_edge_2,red,2.0,,5191.71,5055.08,5079.04,136.6300000000001,83.31500000000005,30.0
2026-03-13,2026-03-12,5053.98,level_price,L6,4,6,5055.08,-1.1,1.1,True,False,True,True,True,True,prior_hlc,previous_low,neutral,,,5191.71,5055.08,5079.04,136.6300000000001,83.31500000000005,30.0
2026-03-13,2026-03-12,5079.86,level_price,L5,5,5,5079.04,0.82,0.82,True,True,True,True,True,True,prior_hlc,previous_close,neutral,,,5191.71,5055.08,5079.04,136.6300000000001,83.31500000000005,30.0
2026-03-13,2026-03-12,5106.89,level_price,L4,6,4,5107.27266,-0.38266,0.38266,True,True,True,True,True,True,prior_range_fraction,prev_range_0.382,neutral,,0.382,5191.71,5055.08,5079.04,136.6300000000001,83.31500000000005,30.0
2026-03-13,2026-03-12,5132.75,level_price,L3,7,3,5129.22375,3.52625,3.52625,False,False,False,False,True,True,red_box_quarter,red_box_1_75pct,red,1.0,0.75,5191.71,5055.08,5079.04,136.6300000000001,83.31500000000005,30.0
2026-03-13,2026-03-12,5155.89,level_price,L2,8,2,5157.5525,-1.6625,1.6625,True,False,True,True,True,True,prior_range_fraction,prev_range_0.75,neutral,,0.75,5191.71,5055.08,5079.04,136.6300000000001,83.31500000000005,30.0
2026-03-13,2026-03-12,5182.75,level_price,L1,9,1,5180.0525,2.6975,2.6975,True,False,False,True,True,True,green_box_midline,green_mid_2,green,2.0,0.5,5191.71,5055.08,5079.04,136.6300000000001,83.31500000000005,30.0
2026-03-16,2026-03-13,4911.09,level_price,L10,1,10,4905.52,5.57,5.57,False,False,False,False,False,True,red_box_edge,red_edge_3,red,3.0,,5128.36,5009.8,5018.66,118.55999999999949,74.27999999999975,30.0
2026-03-16,2026-03-13,4940.94,level_price,L9,2,9,4942.66,-1.72,1.72,True,False,True,True,True,True,red_box_midline,red_mid_3,red,3.0,0.5,5128.36,5009.8,5018.66,118.55999999999949,74.27999999999975,30.0
2026-03-16,2026-03-13,4969.25,level_price,L8,3,8,4961.23,8.02,8.02,False,False,False,False,False,True,red_box_quarter,red_box_3_25pct,red,3.0,0.25,5128.36,5009.8,5018.66,118.55999999999949,74.27999999999975,30.0
2026-03-16,2026-03-13,4999.43,level_price,L7,4,7,4998.37,1.06,1.06,True,False,True,True,True,True,red_box_quarter,red_box_2_75pct,red,2.0,0.75,5128.36,5009.8,5018.66,118.55999999999949,74.27999999999975,30.0
2026-03-16,2026-03-13,5028.51,level_price,L6,5,6,5028.37,0.14,0.14,True,True,True,True,True,True,green_box_quarter,green_box_1_25pct,green,1.0,0.25,5128.36,5009.8,5018.66,118.55999999999949,74.27999999999975,30.0
2026-03-16,2026-03-13,5057.31,level_price,L5,6,5,5055.08992,2.22008,2.22008,True,False,False,True,True,True,prior_range_fraction,prev_range_0.382,neutral,,0.382,5128.36,5009.8,5018.66,118.55999999999949,74.27999999999975,30.0
2026-03-16,2026-03-13,5080.85,level_price,L4,7,4,5083.07008,-2.22008,2.22008,True,False,False,True,True,True,prior_range_fraction,prev_range_0.618,neutral,,0.618,5128.36,5009.8,5018.66,118.55999999999949,74.27999999999975,30.0
2026-03-16,2026-03-13,5110.48,level_price,L3,8,3,5109.79,0.69,0.69,True,True,True,True,True,True,red_box_quarter,red_box_1_25pct,red,1.0,0.25,5128.36,5009.8,5018.66,118.55999999999949,74.27999999999975,30.0
2026-03-16,2026-03-13,5135.95,level_price,L2,9,2,5139.79,-3.84,3.84,False,False,False,False,True,True,green_box_quarter,green_box_2_75pct,green,2.0,0.75,5128.36,5009.8,5018.66,118.55999999999949,74.27999999999975,30.0
2026-03-16,2026-03-13,5159.77,level_price,L1,10,1,5158.36,1.41,1.41,True,False,True,True,True,True,green_box_edge,green_edge_2,green,2.0,,5128.36,5009.8,5018.66,118.55999999999949,74.27999999999975,30.0
2026-03-17,2026-03-16,4924.06,level_price,L8,1,8,4924.9175,-0.8575,0.8575,True,True,True,True,True,True,red_box_quarter,red_box_3_25pct,red,3.0,0.25,5037.98,4967.48,5006.25,70.5,50.25,30.0
2026-03-17,2026-03-16,4948.52,level_price,L7,2,7,4950.0425,-1.5225,1.5225,True,False,True,True,True,True,red_box_quarter,red_box_2_75pct,red,2.0,0.75,5037.98,4967.48,5006.25,70.5,50.25,30.0
2026-03-17,2026-03-16,4972.65,level_price,L6,3,6,4975.1675,-2.5175,2.5175,True,False,False,True,True,True,red_box_quarter,red_box_2_25pct,red,2.0,0.25,5037.98,4967.48,5006.25,70.5,50.25,30.0
2026-03-17,2026-03-16,5002.1,level_price,L5,4,5,5002.73,-0.63,0.63,True,True,True,True,True,True,prior_hlc,previous_mid,neutral,,,5037.98,4967.48,5006.25,70.5,50.25,30.0
2026-03-17,2026-03-16,5032.61,level_price,L4,5,4,5030.2925,2.3175,2.3175,True,False,False,True,True,True,green_box_quarter,green_box_2_25pct,green,2.0,0.25,5037.98,4967.48,5006.25,70.5,50.25,30.0
2026-03-17,2026-03-16,5061.71,level_price,L3,6,3,5067.98,-6.27,6.27,False,False,False,False,False,True,green_box_edge,green_edge_2,green,2.0,,5037.98,4967.48,5006.25,70.5,50.25,30.0
2026-03-17,2026-03-16,5085.66,level_price,L2,7,2,5080.5425,5.1175,5.1175,False,False,False,False,False,True,green_box_quarter,green_box_3_25pct,green,3.0,0.25,5037.98,4967.48,5006.25,70.5,50.25,30.0
2026-03-17,2026-03-16,5114.41,level_price,L1,8,1,5118.23,-3.82,3.82,False,False,False,False,True,True,green_box_edge,green_edge_3,green,3.0,,5037.98,4967.48,5006.25,70.5,50.25,30.0
2026-03-18,2026-03-17,4837.64,level_price,L12,1,12,4841.64,-4.0,4.0,False,False,False,False,True,True,red_box_edge,red_edge_4,red,4.0,,5044.52,4973.08,5005.5,71.44000000000051,50.720000000000255,30.0
2026-03-18,2026-03-17,4859.25,level_price,L11,2,11,4854.32,4.93,4.93,False,False,False,False,True,True,red_box_quarter,red_box_4_75pct,red,4.0,0.75,5044.52,4973.08,5005.5,71.44000000000051,50.720000000000255,30.0
2026-03-18,2026-03-17,4881.24,level_price,L10,3,10,4879.68,1.56,1.56,True,False,True,True,True,True,red_box_quarter,red_box_4_25pct,red,4.0,0.25,5044.52,4973.08,5005.5,71.44000000000051,50.720000000000255,30.0
2026-03-18,2026-03-17,4902.76,level_price,L9,4,9,4905.04,-2.28,2.28,True,False,False,True,True,True,red_box_quarter,red_box_3_75pct,red,3.0,0.75,5044.52,4973.08,5005.5,71.44000000000051,50.720000000000255,30.0
2026-03-18,2026-03-17,4924.06,level_price,L8,5,8,4930.4,-6.34,6.34,False,False,False,False,False,True,red_box_quarter,red_box_3_25pct,red,3.0,0.25,5044.52,4973.08,5005.5,71.44000000000051,50.720000000000255,30.0
2026-03-18,2026-03-17,4948.65,level_price,L7,6,7,4943.08,5.57,5.57,False,False,False,False,False,True,red_box_edge,red_edge_2,red,2.0,,5044.52,4973.08,5005.5,71.44000000000051,50.720000000000255,30.0
2026-03-18,2026-03-17,4976.45,level_price,L6,7,6,4973.08,3.37,3.37,False,False,False,False,True,True,prior_hlc,previous_low,neutral,,,5044.52,4973.08,5005.5,71.44000000000051,50.720000000000255,30.0
2026-03-18,2026-03-17,5007.6,level_price,L5,8,5,5007.7,-0.1,0.1,True,True,True,True,True,True,prior_hlc,previous_pivot_hlc3,neutral,,,5044.52,4973.08,5005.5,71.44000000000051,50.720000000000255,30.0
2026-03-18,2026-03-17,5033.04,level_price,L4,9,4,5031.84,1.2,1.2,True,False,True,True,True,True,red_box_quarter,red_box_1_25pct,red,1.0,0.25,5044.52,4973.08,5005.5,71.44000000000051,50.720000000000255,30.0
2026-03-18,2026-03-17,5065.3,level_price,L3,10,3,5061.84,3.46,3.46,False,False,False,False,True,True,green_box_quarter,green_box_2_75pct,green,2.0,0.75,5044.52,4973.08,5005.5,71.44000000000051,50.720000000000255,30.0
2026-03-18,2026-03-17,5093.1,level_price,L2,11,2,5087.2,5.9,5.9,False,False,False,False,False,True,green_box_quarter,green_box_3_25pct,green,3.0,0.25,5044.52,4973.08,5005.5,71.44000000000051,50.720000000000255,30.0
2026-03-18,2026-03-17,5118.42,level_price,L1,12,1,5112.56,5.86,5.86,False,False,False,False,False,True,green_box_quarter,green_box_3_75pct,green,3.0,0.75,5044.52,4973.08,5005.5,71.44000000000051,50.720000000000255,30.0
2026-03-19,2026-03-18,4688.75,level_price,L11,1,11,4687.27375,1.47625,1.47625,True,False,True,True,True,True,red_box_quarter,red_box_3_75pct,red,3.0,0.75,5016.38,4807.03,4818.64,209.35000000000036,119.67500000000018,30.0
2026-03-19,2026-03-18,4712.49,level_price,L10,2,10,4717.1925,-4.7025,4.7025,False,False,False,False,True,True,red_box_midline,red_mid_3,red,3.0,0.5,5016.38,4807.03,4818.64,209.35000000000036,119.67500000000018,30.0
2026-03-19,2026-03-18,4742.77,level_price,L9,3,9,4747.11125,-4.34125,4.34125,False,False,False,False,True,True,red_box_quarter,red_box_3_25pct,red,3.0,0.25,5016.38,4807.03,4818.64,209.35000000000036,119.67500000000018,30.0
2026-03-19,2026-03-18,4770.8,level_price,L8,4,8,4777.03,-6.23,6.23,False,False,False,False,False,True,red_box_edge,red_edge_2,red,2.0,,5016.38,4807.03,4818.64,209.35000000000036,119.67500000000018,30.0
2026-03-19,2026-03-18,4794.4,level_price,L7,5,7,4806.94875,-12.54875,12.54875,False,False,False,False,False,False,red_box_quarter,red_box_2_75pct,red,2.0,0.75,5016.38,4807.03,4818.64,209.35000000000036,119.67500000000018,30.0
2026-03-19,2026-03-18,4814.49,level_price,L6,6,6,4818.64,-4.15,4.15,False,False,False,False,True,True,prior_hlc,previous_close,neutral,,,5016.38,4807.03,4818.64,209.35000000000036,119.67500000000018,30.0
2026-03-19,2026-03-18,4835.57,level_price,L5,7,5,4836.8675,-1.2975,1.2975,True,False,True,True,True,True,red_box_midline,red_mid_2,red,2.0,0.5,5016.38,4807.03,4818.64,209.35000000000036,119.67500000000018,30.0
2026-03-19,2026-03-18,4854.69,level_price,L4,8,4,4859.3675,-4.6775,4.6775,False,False,False,False,True,True,prior_range_fraction,prev_range_0.25,neutral,,0.25,5016.38,4807.03,4818.64,209.35000000000036,119.67500000000018,30.0
2026-03-19,2026-03-18,4878.22,level_price,L3,9,3,4876.813264,1.406736,1.406736,True,False,True,True,True,True,prior_range_fraction,prev_range_0.333333,neutral,,0.333333,5016.38,4807.03,4818.64,209.35000000000036,119.67500000000018,30.0
2026-03-19,2026-03-18,4899.3,level_price,L2,10,2,4896.78625,2.51375,2.51375,True,False,False,True,True,True,green_box_quarter,green_box_1_75pct,green,1.0,0.75,5016.38,4807.03,4818.64,209.35000000000036,119.67500000000018,30.0
2026-03-19,2026-03-18,4919.89,level_price,L1,11,1,4926.62375,-6.73375,6.73375,False,False,False,False,False,True,red_box_quarter,red_box_1_75pct,red,1.0,0.75,5016.38,4807.03,4818.64,209.35000000000036,119.67500000000018,30.0
2026-03-20,2026-03-19,4567.47,level_price,L10,1,10,4571.52,-4.05,4.05,False,False,False,False,True,True,red_box_midline,red_mid_2,red,2.0,0.5,4867.2,4502.96,4650.38,364.2399999999998,197.1199999999999,30.0
2026-03-20,2026-03-19,4581.8,level_price,L9,2,9,4571.52,10.28,10.28,False,False,False,False,False,False,red_box_midline,red_mid_2,red,2.0,0.5,4867.2,4502.96,4650.38,364.2399999999998,197.1199999999999,30.0
2026-03-20,2026-03-19,4599.46,level_price,L8,3,8,4601.52,-2.06,2.06,True,False,False,True,True,True,green_box_midline,green_mid_1,green,1.0,0.5,4867.2,4502.96,4650.38,364.2399999999998,197.1199999999999,30.0
2026-03-20,2026-03-19,4621.43,level_price,L7,4,7,4620.8,0.63,0.63,True,True,True,True,True,True,red_box_quarter,red_box_2_25pct,red,2.0,0.25,4867.2,4502.96,4650.38,364.2399999999998,197.1199999999999,30.0
2026-03-20,2026-03-19,4642.43,level_price,L6,5,6,4642.09968,0.33032,0.33032,True,True,True,True,True,True,prior_range_fraction,prev_range_0.382,neutral,,0.382,4867.2,4502.96,4650.38,364.2399999999998,197.1199999999999,30.0
2026-03-20,2026-03-19,4666.39,level_price,L5,6,5,4670.08,-3.69,3.69,False,False,False,False,True,True,red_box_edge,red_edge_1,red,1.0,,4867.2,4502.96,4650.38,364.2399999999998,197.1199999999999,30.0
2026-03-20,2026-03-19,4687.79,level_price,L4,7,4,4685.08,2.71,2.71,True,False,False,True,True,True,prior_hlc,previous_mid,neutral,,,4867.2,4502.96,4650.38,364.2399999999998,197.1199999999999,30.0
2026-03-20,2026-03-19,4706.92,level_price,L3,8,3,4700.08,6.84,6.84,False,False,False,False,False,True,green_box_edge,green_edge_1,green,1.0,,4867.2,4502.96,4650.38,364.2399999999998,197.1199999999999,30.0
2026-03-20,2026-03-19,4725.01,level_price,L2,9,2,4728.06032,-3.05032,3.05032,False,False,False,False,True,True,prior_range_fraction,prev_range_0.618,neutral,,0.618,4867.2,4502.96,4650.38,364.2399999999998,197.1199999999999,30.0
2026-03-20,2026-03-19,4745.56,level_price,L1,10,1,4745.786788,-0.226788,0.226788,True,True,True,True,True,True,prior_range_fraction,prev_range_0.666667,neutral,,0.666667,4867.2,4502.96,4650.38,364.2399999999998,197.1199999999999,30.0
2026-03-23,2026-03-20,4345.48,level_price,L10,1,10,4339.195,6.285,6.285,False,False,False,False,False,True,red_box_quarter,red_box_3_75pct,red,3.0,0.75,4735.8,4477.36,4498.06,258.4400000000005,144.22000000000025,30.0
2026-03-23,2026-03-20,4379.86,level_price,L9,2,9,4375.25,4.61,4.61,False,False,False,False,True,True,red_box_midline,red_mid_3,red,3.0,0.5,4735.8,4477.36,4498.06,258.4400000000005,144.22000000000025,30.0
2026-03-23,2026-03-20,4413.03,level_price,L8,3,8,4411.305,1.725,1.725,True,False,True,True,True,True,red_box_quarter,red_box_3_25pct,red,3.0,0.25,4735.8,4477.36,4498.06,258.4400000000005,144.22000000000025,30.0
2026-03-23,2026-03-20,4441.71,level_price,L7,4,7,4447.36,-5.65,5.65,False,False,False,False,False,True,red_box_edge,red_edge_2,red,2.0,,4735.8,4477.36,4498.06,258.4400000000005,144.22000000000025,30.0
2026-03-23,2026-03-20,4465.6,level_price,L6,5,6,4477.36,-11.76,11.76,False,False,False,False,False,False,prior_hlc,previous_low,neutral,,,4735.8,4477.36,4498.06,258.4400000000005,144.22000000000025,30.0
2026-03-23,2026-03-20,4495.38,level_price,L5,6,5,4498.06,-2.68,2.68,True,False,False,True,True,True,prior_hlc,previous_close,neutral,,,4735.8,4477.36,4498.06,258.4400000000005,144.22000000000025,30.0
2026-03-23,2026-03-20,4524.06,level_price,L4,7,4,4519.47,4.59,4.59,False,False,False,False,True,True,red_box_midline,red_mid_2,red,2.0,0.5,4735.8,4477.36,4498.06,258.4400000000005,144.22000000000025,30.0
2026-03-23,2026-03-20,4550.06,level_price,L3,8,3,4549.47,0.59,0.59,True,True,True,True,True,True,green_box_midline,green_mid_1,green,1.0,0.5,4735.8,4477.36,4498.06,258.4400000000005,144.22000000000025,30.0
2026-03-23,2026-03-20,4581.4,level_price,L2,9,2,4585.525,-4.125,4.125,False,False,False,False,True,True,green_box_quarter,green_box_1_75pct,green,1.0,0.75,4735.8,4477.36,4498.06,258.4400000000005,144.22000000000025,30.0
2026-03-23,2026-03-20,4607.7,level_price,L1,10,1,4606.58,1.12,1.12,True,False,True,True,True,True,prior_hlc,previous_mid,neutral,,,4735.8,4477.36,4498.06,258.4400000000005,144.22000000000025,30.0
2026-03-24,2026-03-23,4152.58,level_price,L10,1,10,4153.64625,-1.06625,1.06625,True,False,True,True,True,True,prior_range_fraction,prev_range_0.125,neutral,,0.125,4536.45,4098.96,4406.68,437.4899999999998,233.7449999999999,30.0
2026-03-24,2026-03-23,4206.54,level_price,L9,2,9,4208.3325,-1.7925,1.7925,True,False,True,True,True,True,prior_range_fraction,prev_range_0.25,neutral,,0.25,4536.45,4098.96,4406.68,437.4899999999998,233.7449999999999,30.0
2026-03-24,2026-03-23,4260.22,level_price,L8,3,8,4266.08118,-5.86118,5.86118,False,False,False,False,False,True,prior_range_fraction,prev_range_0.382,neutral,,0.382,4536.45,4098.96,4406.68,437.4899999999998,233.7449999999999,30.0
2026-03-24,2026-03-23,4305.61,level_price,L7,4,7,4302.705,2.905,2.905,True,False,False,True,True,True,red_box_edge,red_edge_1,red,1.0,,4536.45,4098.96,4406.68,437.4899999999998,233.7449999999999,30.0
2026-03-24,2026-03-23,4349.74,level_price,L6,5,6,4347.363333,2.376667,2.376667,True,False,False,True,True,True,prior_hlc,previous_pivot_hlc3,neutral,,,4536.45,4098.96,4406.68,437.4899999999998,233.7449999999999,30.0
2026-03-24,2026-03-23,4395.52,level_price,L5,6,5,4391.14125,4.37875,4.37875,False,False,False,False,True,True,green_box_quarter,green_box_2_25pct,green,2.0,0.25,4536.45,4098.96,4406.68,437.4899999999998,233.7449999999999,30.0
2026-03-24,2026-03-23,4445.82,level_price,L4,7,4,4449.5775,-3.7575,3.7575,False,False,False,False,True,True,green_box_midline,green_mid_2,green,2.0,0.5,4536.45,4098.96,4406.68,437.4899999999998,233.7449999999999,30.0
2026-03-24,2026-03-23,4495.02,level_price,L3,8,3,4508.01375,-12.99375,12.99375,False,False,False,False,False,False,green_box_quarter,green_box_2_75pct,green,2.0,0.75,4536.45,4098.96,4406.68,437.4899999999998,233.7449999999999,30.0
2026-03-24,2026-03-23,4539.51,level_price,L2,9,2,4536.45,3.06,3.06,False,False,False,False,True,True,prior_hlc,previous_high,neutral,,,4536.45,4098.96,4406.68,437.4899999999998,233.7449999999999,30.0
2026-03-24,2026-03-23,4584.55,level_price,L1,10,1,4566.45,18.1,18.1,False,False,False,False,False,False,green_box_edge,green_edge_2,green,2.0,,4536.45,4098.96,4406.68,437.4899999999998,233.7449999999999,30.0
2026-03-25,2026-03-24,4262.05,level_price,L10,1,10,4250.12375,11.92625,11.92625,False,False,False,False,False,False,red_box_quarter,red_box_3_25pct,red,3.0,0.25,4484.09,4306.12,4474.36,177.97000000000025,103.98500000000013,30.0
2026-03-25,2026-03-24,4308.9,level_price,L9,2,9,4306.12,2.78,2.78,True,False,False,True,True,True,prior_hlc,previous_low,neutral,,,4484.09,4306.12,4474.36,177.97000000000025,103.98500000000013,30.0
2026-03-25,2026-03-24,4347.33,level_price,L8,3,8,4350.6125,-3.2825,3.2825,False,False,False,False,True,True,prior_range_fraction,prev_range_0.25,neutral,,0.25,4484.09,4306.12,4474.36,177.97000000000025,103.98500000000013,30.0
2026-03-25,2026-03-24,4388.14,level_price,L7,4,7,4384.10875,4.03125,4.03125,False,False,False,False,True,True,green_box_quarter,green_box_1_75pct,green,1.0,0.75,4484.09,4306.12,4474.36,177.97000000000025,103.98500000000013,30.0
2026-03-25,2026-03-24,4437.46,level_price,L6,5,6,4436.10125,1.35875,1.35875,True,False,True,True,True,True,green_box_quarter,green_box_2_25pct,green,2.0,0.25,4484.09,4306.12,4474.36,177.97000000000025,103.98500000000013,30.0
2026-03-25,2026-03-24,4480.55,level_price,L5,6,5,4484.09,-3.54,3.54,False,False,False,False,True,True,prior_hlc,previous_high,neutral,,,4484.09,4306.12,4474.36,177.97000000000025,103.98500000000013,30.0
2026-03-25,2026-03-24,4530.5,level_price,L4,7,4,4540.08625,-9.58625,9.58625,False,False,False,False,False,True,green_box_quarter,green_box_3_25pct,green,3.0,0.25,4484.09,4306.12,4474.36,177.97000000000025,103.98500000000013,30.0
2026-03-25,2026-03-24,4576.14,level_price,L3,8,3,4566.0825,10.0575,10.0575,False,False,False,False,False,False,green_box_midline,green_mid_3,green,3.0,0.5,4484.09,4306.12,4474.36,177.97000000000025,103.98500000000013,30.0
2026-03-25,2026-03-24,4618.18,level_price,L2,9,2,4618.075,0.105,0.105,True,True,True,True,True,True,green_box_edge,green_edge_3,green,3.0,,4484.09,4306.12,4474.36,177.97000000000025,103.98500000000013,30.0
2026-03-25,2026-03-24,4657.61,level_price,L1,10,1,4670.0675,-12.4575,12.4575,False,False,False,False,False,False,green_box_midline,green_mid_4,green,4.0,0.5,4484.09,4306.12,4474.36,177.97000000000025,103.98500000000013,30.0
2026-03-26,2026-03-25,4346.84,level_price,L10,1,10,4337.9,8.94,8.94,False,False,False,False,False,True,red_box_edge,red_edge_3,red,3.0,,4602.5,4456.1,4506.28,146.39999999999964,88.19999999999982,30.0
2026-03-26,2026-03-25,4385.7,level_price,L9,2,9,4382.0,3.7,3.7,False,False,False,False,True,True,red_box_midline,red_mid_3,red,3.0,0.5,4602.5,4456.1,4506.28,146.39999999999964,88.19999999999982,30.0
2026-03-26,2026-03-25,4420.31,level_price,L8,3,8,4426.1,-5.79,5.79,False,False,False,False,False,True,red_box_edge,red_edge_2,red,2.0,,4602.5,4456.1,4506.28,146.39999999999964,88.19999999999982,30.0
2026-03-26,2026-03-25,4457.85,level_price,L7,4,7,4456.1,1.75,1.75,True,False,True,True,True,True,prior_hlc,previous_low,neutral,,,4602.5,4456.1,4506.28,146.39999999999964,88.19999999999982,30.0
2026-03-26,2026-03-25,4492.23,level_price,L6,5,6,4492.25,-0.02,0.02,True,True,True,True,True,True,red_box_quarter,red_box_2_25pct,red,2.0,0.25,4602.5,4456.1,4506.28,146.39999999999964,88.19999999999982,30.0
2026-03-26,2026-03-25,4529.99,level_price,L5,6,5,4529.3,0.69,0.69,True,True,True,True,True,True,prior_hlc,previous_mid,neutral,,,4602.5,4456.1,4506.28,146.39999999999964,88.19999999999982,30.0
2026-03-26,2026-03-25,4563.01,level_price,L4,7,4,4565.9,-2.89,2.89,True,False,False,True,True,True,prior_range_fraction,prev_range_0.75,neutral,,0.75,4602.5,4456.1,4506.28,146.39999999999964,88.19999999999982,30.0
2026-03-26,2026-03-25,4594.22,level_price,L3,8,3,4588.4,5.82,5.82,False,False,False,False,False,True,green_box_midline,green_mid_2,green,2.0,0.5,4602.5,4456.1,4506.28,146.39999999999964,88.19999999999982,30.0
2026-03-26,2026-03-25,4627.4,level_price,L2,9,2,4632.5,-5.1,5.1,False,False,False,False,False,True,green_box_edge,green_edge_2,green,2.0,,4602.5,4456.1,4506.28,146.39999999999964,88.19999999999982,30.0
2026-03-26,2026-03-25,4660.05,level_price,L1,10,1,4654.55,5.5,5.5,False,False,False,False,False,True,green_box_quarter,green_box_3_25pct,green,3.0,0.25,4602.5,4456.1,4506.28,146.39999999999964,88.19999999999982,30.0
2026-03-27,2026-03-26,4272.01,level_price,L10,1,10,4265.45,6.56,6.56,False,False,False,False,False,True,red_box_midline,red_mid_3,red,3.0,0.5,4544.1,4351.18,4378.0,192.92000000000007,111.46000000000004,30.0
2026-03-27,2026-03-26,4301.92,level_price,L9,2,9,4293.315,8.605,8.605,False,False,False,False,False,True,red_box_quarter,red_box_3_25pct,red,3.0,0.25,4544.1,4351.18,4378.0,192.92000000000007,111.46000000000004,30.0
2026-03-27,2026-03-26,4332.59,level_price,L8,3,8,4321.18,11.41,11.41,False,False,False,False,False,False,red_box_edge,red_edge_2,red,2.0,,4544.1,4351.18,4378.0,192.92000000000007,111.46000000000004,30.0
2026-03-27,2026-03-26,4362.5,level_price,L7,4,7,4351.18,11.32,11.32,False,False,False,False,False,False,prior_hlc,previous_low,neutral,,,4544.1,4351.18,4378.0,192.92000000000007,111.46000000000004,30.0
2026-03-27,2026-03-26,4393.5,level_price,L6,5,6,4399.41,-5.91,5.91,False,False,False,False,False,True,prior_range_fraction,prev_range_0.25,neutral,,0.25,4544.1,4351.18,4378.0,192.92000000000007,111.46000000000004,30.0
2026-03-27,2026-03-26,4424.34,level_price,L5,6,5,4424.426667,-0.086667,0.086667,True,True,True,True,True,True,prior_hlc,previous_pivot_hlc3,neutral,,,4544.1,4351.18,4378.0,192.92000000000007,111.46000000000004,30.0
2026-03-27,2026-03-26,4456.11,level_price,L4,7,4,4460.505,-4.395,4.395,False,False,False,False,True,True,red_box_quarter,red_box_1_75pct,red,1.0,0.75,4544.1,4351.18,4378.0,192.92000000000007,111.46000000000004,30.0
2026-03-27,2026-03-26,4487.72,level_price,L3,8,3,4488.37,-0.65,0.65,True,True,True,True,True,True,red_box_midline,red_mid_1,red,1.0,0.5,4544.1,4351.18,4378.0,192.92000000000007,111.46000000000004,30.0
2026-03-27,2026-03-26,4521.48,level_price,L2,9,2,4519.985,1.495,1.495,True,False,True,True,True,True,prior_range_fraction,prev_range_0.875,neutral,,0.875,4544.1,4351.18,4378.0,192.92000000000007,111.46000000000004,30.0
2026-03-27,2026-03-26,4549.62,level_price,L1,10,1,4546.235,3.385,3.385,False,False,False,False,True,True,green_box_quarter,green_box_2_75pct,green,2.0,0.75,4544.1,4351.18,4378.0,192.92000000000007,111.46000000000004,30.0
2026-03-30,2026-03-27,4364.75,level_price,L10,1,10,4371.86125,-7.11125,7.11125,False,False,False,False,False,True,red_box_quarter,red_box_2_75pct,red,2.0,0.75,4555.41,4375.64,4495.46,179.76999999999953,104.88499999999976,30.0
2026-03-30,2026-03-27,4389.87,level_price,L9,2,9,4398.0825,-8.2125,8.2125,False,False,False,False,False,True,red_box_midline,red_mid_2,red,2.0,0.5,4555.41,4375.64,4495.46,179.76999999999953,104.88499999999976,30.0
2026-03-30,2026-03-27,4419.79,level_price,L8,3,8,4420.5825,-0.7925,0.7925,True,True,True,True,True,True,prior_range_fraction,prev_range_0.25,neutral,,0.25,4555.41,4375.64,4495.46,179.76999999999953,104.88499999999976,30.0
2026-03-30,2026-03-27,4451.72,level_price,L7,4,7,4450.525,1.195,1.195,True,False,True,True,True,True,red_box_edge,red_edge_1,red,1.0,,4555.41,4375.64,4495.46,179.76999999999953,104.88499999999976,30.0
2026-03-30,2026-03-27,4484.03,level_price,L6,5,6,4486.73786,-2.70786,2.70786,True,False,False,True,True,True,prior_range_fraction,prev_range_0.618,neutral,,0.618,4555.41,4375.64,4495.46,179.76999999999953,104.88499999999976,30.0
2026-03-30,2026-03-27,4513.02,level_price,L5,6,5,4510.4675,2.5525,2.5525,True,False,False,True,True,True,prior_range_fraction,prev_range_0.75,neutral,,0.75,4555.41,4375.64,4495.46,179.76999999999953,104.88499999999976,30.0
2026-03-30,2026-03-27,4543.04,level_price,L4,7,4,4532.9675,10.0725,10.0725,False,False,False,False,False,False,green_box_midline,green_mid_2,green,2.0,0.5,4555.41,4375.64,4495.46,179.76999999999953,104.88499999999976,30.0
2026-03-30,2026-03-27,4569.1,level_price,L3,8,3,4559.18875,9.91125,9.91125,False,False,False,False,False,True,green_box_quarter,green_box_2_75pct,green,2.0,0.75,4555.41,4375.64,4495.46,179.76999999999953,104.88499999999976,30.0
2026-03-30,2026-03-27,4592.54,level_price,L2,9,2,4585.41,7.13,7.13,False,False,False,False,False,True,green_box_edge,green_edge_2,green,2.0,,4555.41,4375.64,4495.46,179.76999999999953,104.88499999999976,30.0
2026-03-30,2026-03-27,4619.49,level_price,L1,10,1,4611.63125,7.85875,7.85875,False,False,False,False,False,True,green_box_quarter,green_box_3_25pct,green,3.0,0.25,4555.41,4375.64,4495.46,179.76999999999953,104.88499999999976,30.0
2026-03-31,2026-03-30,4422.6,level_price,L8,1,8,4419.62,2.98,2.98,True,False,False,True,True,True,prior_hlc,previous_low,neutral,,,4580.65,4419.62,4511.02,161.02999999999975,95.51499999999987,30.0
2026-03-31,2026-03-30,4448.16,level_price,L7,2,7,4443.49875,4.66125,4.66125,False,False,False,False,True,True,green_box_quarter,green_box_1_25pct,green,1.0,0.25,4580.65,4419.62,4511.02,161.02999999999975,95.51499999999987,30.0
2026-03-31,2026-03-30,4480.75,level_price,L6,3,6,4481.13346,-0.38346,0.38346,True,True,True,True,True,True,prior_range_fraction,prev_range_0.382,neutral,,0.382,4580.65,4419.62,4511.02,161.02999999999975,95.51499999999987,30.0
2026-03-31,2026-03-30,4510.04,level_price,L5,4,5,4511.02,-0.98,0.98,True,True,True,True,True,True,prior_hlc,previous_close,neutral,,,4580.65,4419.62,4511.02,161.02999999999975,95.51499999999987,30.0
2026-03-31,2026-03-30,4538.28,level_price,L4,5,4,4539.01375,-0.73375,0.73375,True,True,True,True,True,True,green_box_quarter,green_box_2_25pct,green,2.0,0.25,4580.65,4419.62,4511.02,161.02999999999975,95.51499999999987,30.0
2026-03-31,2026-03-30,4560.29,level_price,L3,6,3,4560.52125,-0.23125,0.23125,True,True,True,True,True,True,prior_range_fraction,prev_range_0.875,neutral,,0.875,4580.65,4419.62,4511.02,161.02999999999975,95.51499999999987,30.0
2026-03-31,2026-03-30,4582.99,level_price,L2,7,2,4580.65,2.34,2.34,True,False,False,True,True,True,prior_hlc,previous_high,neutral,,,4580.65,4419.62,4511.02,161.02999999999975,95.51499999999987,30.0
2026-03-31,2026-03-30,4603.56,level_price,L1,8,1,4610.65,-7.09,7.09,False,False,False,False,False,True,green_box_edge,green_edge_2,green,2.0,,4580.65,4419.62,4511.02,161.02999999999975,95.51499999999987,30.0
2026-04-01,2026-03-31,4573.77,level_price,L10,1,10,4570.5575,3.2125,3.2125,False,False,False,False,True,True,green_box_quarter,green_box_1_75pct,green,1.0,0.75,4687.32,4482.5,4667.12,204.8199999999997,117.40999999999985,30.0
2026-04-01,2026-03-31,4596.19,level_price,L9,2,9,4599.2625,-3.0725,3.0725,False,False,False,False,True,True,red_box_quarter,red_box_1_75pct,red,1.0,0.75,4687.32,4482.5,4667.12,204.8199999999997,117.40999999999985,30.0
2026-04-01,2026-03-31,4619.03,level_price,L8,3,8,4619.046735,-0.016735,0.016735,True,True,True,True,True,True,prior_range_fraction,prev_range_0.666667,neutral,,0.666667,4687.32,4482.5,4667.12,204.8199999999997,117.40999999999985,30.0
2026-04-01,2026-03-31,4641.04,level_price,L7,4,7,4636.115,4.925,4.925,False,False,False,False,True,True,prior_range_fraction,prev_range_0.75,neutral,,0.75,4687.32,4482.5,4667.12,204.8199999999997,117.40999999999985,30.0
2026-04-01,2026-03-31,4661.39,level_price,L6,5,6,4661.7175,-0.3275,0.3275,True,True,True,True,True,True,prior_range_fraction,prev_range_0.875,neutral,,0.875,4687.32,4482.5,4667.12,204.8199999999997,117.40999999999985,30.0
2026-04-01,2026-03-31,4683.82,level_price,L5,6,5,4687.32,-3.5,3.5,False,False,False,False,True,True,prior_hlc,previous_high,neutral,,,4687.32,4482.5,4667.12,204.8199999999997,117.40999999999985,30.0
2026-04-01,2026-03-31,4705.0,level_price,L4,7,4,4717.32,-12.32,12.32,False,False,False,False,False,False,green_box_edge,green_edge_2,green,2.0,,4687.32,4482.5,4667.12,204.8199999999997,117.40999999999985,30.0
2026-04-01,2026-03-31,4722.94,level_price,L3,8,3,4717.32,5.62,5.62,False,False,False,False,False,True,green_box_edge,green_edge_2,green,2.0,,4687.32,4482.5,4667.12,204.8199999999997,117.40999999999985,30.0
2026-04-01,2026-03-31,4741.44,level_price,L2,9,2,4746.6725,-5.2325,5.2325,False,False,False,False,False,True,green_box_quarter,green_box_3_25pct,green,3.0,0.25,4687.32,4482.5,4667.12,204.8199999999997,117.40999999999985,30.0
2026-04-01,2026-03-31,4764.21,level_price,L1,10,1,4776.025,-11.815,11.815,False,False,False,False,False,False,green_box_midline,green_mid_3,green,3.0,0.5,4687.32,4482.5,4667.12,204.8199999999997,117.40999999999985,30.0
2026-04-02,2026-04-01,4547.25,level_price,L12,1,12,4551.22,-3.97,3.97,False,False,False,False,True,True,red_box_edge,red_edge_3,red,3.0,,4792.78,4661.74,4758.18,131.03999999999996,80.51999999999998,30.0
2026-04-02,2026-04-01,4577.83,level_price,L11,2,11,4571.35,6.48,6.48,False,False,False,False,False,True,red_box_quarter,red_box_3_75pct,red,3.0,0.75,4792.78,4661.74,4758.18,131.03999999999996,80.51999999999998,30.0
2026-04-02,2026-04-01,4608.31,level_price,L10,3,10,4611.61,-3.3,3.3,False,False,False,False,True,True,red_box_quarter,red_box_3_25pct,red,3.0,0.25,4792.78,4661.74,4758.18,131.03999999999996,80.51999999999998,30.0
2026-04-02,2026-04-01,4641.04,level_price,L9,4,9,4631.74,9.3,9.3,False,False,False,False,False,True,red_box_edge,red_edge_2,red,2.0,,4792.78,4661.74,4758.18,131.03999999999996,80.51999999999998,30.0
2026-04-02,2026-04-01,4679.11,level_price,L8,5,8,4678.12,0.99,0.99,True,True,True,True,True,True,prior_range_fraction,prev_range_0.125,neutral,,0.125,4792.78,4661.74,4758.18,131.03999999999996,80.51999999999998,30.0
2026-04-02,2026-04-01,4714.19,level_price,L7,6,7,4712.26,1.93,1.93,True,False,True,True,True,True,red_box_edge,red_edge_1,red,1.0,,4792.78,4661.74,4758.18,131.03999999999996,80.51999999999998,30.0
2026-04-02,2026-04-01,4749.81,level_price,L6,7,6,4749.100044,0.709956,0.709956,True,True,True,True,True,True,prior_range_fraction,prev_range_0.666667,neutral,,0.666667,4792.78,4661.74,4758.18,131.03999999999996,80.51999999999998,30.0
2026-04-02,2026-04-01,4784.05,level_price,L5,8,5,4782.52,1.53,1.53,True,False,True,True,True,True,green_box_midline,green_mid_2,green,2.0,0.5,4792.78,4661.74,4758.18,131.03999999999996,80.51999999999998,30.0
2026-04-02,2026-04-01,4810.02,level_price,L4,9,4,4802.65,7.37,7.37,False,False,False,False,False,True,green_box_quarter,green_box_2_75pct,green,2.0,0.75,4792.78,4661.74,4758.18,131.03999999999996,80.51999999999998,30.0
2026-04-02,2026-04-01,4835.06,level_price,L3,10,3,4842.91,-7.85,7.85,False,False,False,False,False,True,green_box_quarter,green_box_3_25pct,green,3.0,0.25,4792.78,4661.74,4758.18,131.03999999999996,80.51999999999998,30.0
2026-04-02,2026-04-01,4865.79,level_price,L2,11,2,4863.04,2.75,2.75,True,False,False,True,True,True,green_box_midline,green_mid_3,green,3.0,0.5,4792.78,4661.74,4758.18,131.03999999999996,80.51999999999998,30.0
2026-04-02,2026-04-01,4898.79,level_price,L1,12,1,4903.3,-4.51,4.51,False,False,False,False,True,True,green_box_edge,green_edge_3,green,3.0,,4792.78,4661.74,4758.18,131.03999999999996,80.51999999999998,30.0
2026-04-03,2026-04-02,4532.6,level_price,L9,1,9,4524.2,8.4,8.4,False,False,False,False,False,True,red_box_edge,red_edge_2,red,2.0,,4800.4,4554.2,4676.04,246.19999999999982,138.0999999999999,30.0
2026-04-03,2026-04-02,4572.04,level_price,L8,2,8,4584.975,-12.935,12.935,False,False,False,False,False,False,prior_range_fraction,prev_range_0.125,neutral,,0.125,4800.4,4554.2,4676.04,246.19999999999982,138.0999999999999,30.0
2026-04-03,2026-04-02,4603.66,level_price,L7,3,7,4593.25,10.41,10.41,False,False,False,False,False,False,red_box_midline,red_mid_2,red,2.0,0.5,4800.4,4554.2,4676.04,246.19999999999982,138.0999999999999,30.0
2026-04-03,2026-04-02,4637.21,level_price,L6,4,6,4636.266585,0.943415,0.943415,True,True,True,True,True,True,prior_range_fraction,prev_range_0.333333,neutral,,0.333333,4800.4,4554.2,4676.04,246.19999999999982,138.0999999999999,30.0
2026-04-03,2026-04-02,4676.39,level_price,L5,5,5,4676.04,0.35,0.35,True,True,True,True,True,True,prior_hlc,previous_close,neutral,,,4800.4,4554.2,4676.04,246.19999999999982,138.0999999999999,30.0
2026-04-03,2026-04-02,4712.91,level_price,L4,6,4,4718.333415,-5.423415,5.423415,False,False,False,False,False,True,prior_range_fraction,prev_range_0.666667,neutral,,0.666667,4800.4,4554.2,4676.04,246.19999999999982,138.0999999999999,30.0
2026-04-03,2026-04-02,4749.68,level_price,L3,7,3,4738.85,10.83,10.83,False,False,False,False,False,False,prior_range_fraction,prev_range_0.75,neutral,,0.75,4800.4,4554.2,4676.04,246.19999999999982,138.0999999999999,30.0
2026-04-03,2026-04-02,4787.21,level_price,L2,8,2,4795.875,-8.665,8.665,False,False,False,False,False,True,green_box_quarter,green_box_2_75pct,green,2.0,0.75,4800.4,4554.2,4676.04,246.19999999999982,138.0999999999999,30.0
2026-04-03,2026-04-02,4819.04,level_price,L1,9,1,4830.4,-11.36,11.36,False,False,False,False,False,False,green_box_edge,green_edge_2,green,2.0,,4800.4,4554.2,4676.04,246.19999999999982,138.0999999999999,30.0
2026-04-06,2026-04-02,4532.6,level_price,L9,1,9,4524.2,8.4,8.4,False,False,False,False,False,True,red_box_edge,red_edge_2,red,2.0,,4800.4,4554.2,4676.04,246.19999999999982,138.0999999999999,30.0
2026-04-06,2026-04-02,4572.04,level_price,L8,2,8,4584.975,-12.935,12.935,False,False,False,False,False,False,prior_range_fraction,prev_range_0.125,neutral,,0.125,4800.4,4554.2,4676.04,246.19999999999982,138.0999999999999,30.0
2026-04-06,2026-04-02,4603.66,level_price,L7,3,7,4593.25,10.41,10.41,False,False,False,False,False,False,red_box_midline,red_mid_2,red,2.0,0.5,4800.4,4554.2,4676.04,246.19999999999982,138.0999999999999,30.0
2026-04-06,2026-04-02,4637.21,level_price,L6,4,6,4636.266585,0.943415,0.943415,True,True,True,True,True,True,prior_range_fraction,prev_range_0.333333,neutral,,0.333333,4800.4,4554.2,4676.04,246.19999999999982,138.0999999999999,30.0
2026-04-06,2026-04-02,4676.39,level_price,L5,5,5,4676.04,0.35,0.35,True,True,True,True,True,True,prior_hlc,previous_close,neutral,,,4800.4,4554.2,4676.04,246.19999999999982,138.0999999999999,30.0
2026-04-06,2026-04-02,4712.91,level_price,L4,6,4,4718.333415,-5.423415,5.423415,False,False,False,False,False,True,prior_range_fraction,prev_range_0.666667,neutral,,0.666667,4800.4,4554.2,4676.04,246.19999999999982,138.0999999999999,30.0
2026-04-06,2026-04-02,4749.68,level_price,L3,7,3,4738.85,10.83,10.83,False,False,False,False,False,False,prior_range_fraction,prev_range_0.75,neutral,,0.75,4800.4,4554.2,4676.04,246.19999999999982,138.0999999999999,30.0
2026-04-06,2026-04-02,4787.21,level_price,L2,8,2,4795.875,-8.665,8.665,False,False,False,False,False,True,green_box_quarter,green_box_2_75pct,green,2.0,0.75,4800.4,4554.2,4676.04,246.19999999999982,138.0999999999999,30.0
2026-04-06,2026-04-02,4819.04,level_price,L1,9,1,4830.4,-11.36,11.36,False,False,False,False,False,False,green_box_edge,green_edge_2,green,2.0,,4800.4,4554.2,4676.04,246.19999999999982,138.0999999999999,30.0
2026-04-07,2026-04-06,4485.66,level_price,L9,1,9,4486.075,-0.415,0.415,True,True,True,True,True,True,red_box_quarter,red_box_4_25pct,red,4.0,0.25,4706.62,4600.9,4650.5,105.72000000000025,67.86000000000013,30.0
2026-04-07,2026-04-06,4528.09,level_price,L8,2,8,4520.005,8.085,8.085,False,False,False,False,False,True,red_box_quarter,red_box_3_75pct,red,3.0,0.75,4706.62,4600.9,4650.5,105.72000000000025,67.86000000000013,30.0
2026-04-07,2026-04-06,4566.31,level_price,L7,3,7,4570.9,-4.59,4.59,False,False,False,False,True,True,red_box_edge,red_edge_2,red,2.0,,4706.62,4600.9,4650.5,105.72000000000025,67.86000000000013,30.0
2026-04-07,2026-04-06,4607.29,level_price,L6,4,6,4604.83,2.46,2.46,True,False,False,True,True,True,red_box_midline,red_mid_2,red,2.0,0.5,4706.62,4600.9,4650.5,105.72000000000025,67.86000000000013,30.0
2026-04-07,2026-04-06,4647.73,level_price,L5,5,5,4650.5,-2.77,2.77,True,False,False,True,True,True,prior_hlc,previous_close,neutral,,,4706.62,4600.9,4650.5,105.72000000000025,67.86000000000013,30.0
2026-04-07,2026-04-06,4686.47,level_price,L4,6,4,4685.725,0.745,0.745,True,True,True,True,True,True,green_box_quarter,green_box_2_25pct,green,2.0,0.25,4706.62,4600.9,4650.5,105.72000000000025,67.86000000000013,30.0
2026-04-07,2026-04-06,4721.94,level_price,L3,7,3,4719.655,2.285,2.285,True,False,False,True,True,True,green_box_quarter,green_box_2_75pct,green,2.0,0.75,4706.62,4600.9,4650.5,105.72000000000025,67.86000000000013,30.0
2026-04-07,2026-04-06,4754.02,level_price,L2,8,2,4753.585,0.435,0.435,True,True,True,True,True,True,green_box_quarter,green_box_3_25pct,green,3.0,0.25,4706.62,4600.9,4650.5,105.72000000000025,67.86000000000013,30.0
2026-04-07,2026-04-06,4790.33,level_price,L1,9,1,4787.515,2.815,2.815,True,False,False,True,True,True,green_box_quarter,green_box_3_75pct,green,3.0,0.75,4706.62,4600.9,4650.5,105.72000000000025,67.86000000000013,30.0
2026-04-08,2026-04-07,4514.71,level_price,L9,1,9,4507.18,7.53,7.53,False,False,False,False,False,True,red_box_edge,red_edge_3,red,3.0,,4718.62,4607.66,4705.73,110.96000000000004,70.48000000000002,30.0
2026-04-08,2026-04-07,4556.2,level_price,L8,2,8,4560.04,-3.84,3.84,False,False,False,False,True,True,red_box_quarter,red_box_3_25pct,red,3.0,0.25,4718.62,4607.66,4705.73,110.96000000000004,70.48000000000002,30.0
2026-04-08,2026-04-07,4597.43,level_price,L7,3,7,4595.28,2.15,2.15,True,False,False,True,True,True,red_box_quarter,red_box_2_75pct,red,2.0,0.75,4718.62,4607.66,4705.73,110.96000000000004,70.48000000000002,30.0
2026-04-08,2026-04-07,4637.57,level_price,L6,4,6,4635.4,2.17,2.17,True,False,False,True,True,True,prior_range_fraction,prev_range_0.25,neutral,,0.25,4718.62,4607.66,4705.73,110.96000000000004,70.48000000000002,30.0
2026-04-08,2026-04-07,4677.93,level_price,L5,5,5,4678.14,-0.21,0.21,True,True,True,True,True,True,green_box_edge,green_edge_1,green,1.0,,4718.62,4607.66,4705.73,110.96000000000004,70.48000000000002,30.0
2026-04-08,2026-04-07,4713.5,level_price,L4,6,4,4713.38,0.12,0.12,True,True,True,True,True,True,green_box_midline,green_mid_2,green,2.0,0.5,4718.62,4607.66,4705.73,110.96000000000004,70.48000000000002,30.0
2026-04-08,2026-04-07,4750.17,level_price,L3,7,3,4748.62,1.55,1.55,True,False,True,True,True,True,green_box_edge,green_edge_2,green,2.0,,4718.62,4607.66,4705.73,110.96000000000004,70.48000000000002,30.0
2026-04-08,2026-04-07,4784.92,level_price,L2,8,2,4783.86,1.06,1.06,True,False,True,True,True,True,green_box_midline,green_mid_3,green,3.0,0.5,4718.62,4607.66,4705.73,110.96000000000004,70.48000000000002,30.0
2026-04-08,2026-04-07,4819.05,level_price,L1,9,1,4819.1,-0.05,0.05,True,True,True,True,True,True,green_box_edge,green_edge_3,green,3.0,,4718.62,4607.66,4705.73,110.96000000000004,70.48000000000002,30.0
2026-04-09,2026-04-08,4527.98,level_price,L10,1,10,4529.5975,-1.6175,1.6175,True,False,True,True,True,True,red_box_midline,red_mid_4,red,4.0,0.5,4857.32,4700.05,4719.26,157.26999999999953,93.63499999999976,30.0
2026-04-09,2026-04-08,4570.57,level_price,L9,2,9,4576.415,-5.845,5.845,False,False,False,False,False,True,red_box_edge,red_edge_3,red,3.0,,4857.32,4700.05,4719.26,157.26999999999953,93.63499999999976,30.0
2026-04-09,2026-04-08,4609.45,level_price,L8,3,8,4599.82375,9.62625,9.62625,False,False,False,False,False,True,red_box_quarter,red_box_3_75pct,red,3.0,0.75,4857.32,4700.05,4719.26,157.26999999999953,93.63499999999976,30.0
2026-04-09,2026-04-08,4651.82,level_price,L7,4,7,4646.64125,5.17875,5.17875,False,False,False,False,False,True,red_box_quarter,red_box_3_25pct,red,3.0,0.25,4857.32,4700.05,4719.26,157.26999999999953,93.63499999999976,30.0
2026-04-09,2026-04-08,4693.82,level_price,L6,5,6,4693.45875,0.36125,0.36125,True,True,True,True,True,True,red_box_quarter,red_box_2_75pct,red,2.0,0.75,4857.32,4700.05,4719.26,157.26999999999953,93.63499999999976,30.0
2026-04-09,2026-04-08,4733.49,level_price,L5,6,5,4739.3675,-5.8775,5.8775,False,False,False,False,False,True,prior_range_fraction,prev_range_0.25,neutral,,0.25,4857.32,4700.05,4719.26,157.26999999999953,93.63499999999976,30.0
2026-04-09,2026-04-08,4767.19,level_price,L4,7,4,4770.27625,-3.08625,3.08625,False,False,False,False,True,True,green_box_quarter,green_box_1_75pct,green,1.0,0.75,4857.32,4700.05,4719.26,157.26999999999953,93.63499999999976,30.0
2026-04-09,2026-04-08,4798.14,level_price,L3,8,3,4797.24286,0.89714,0.89714,True,True,True,True,True,True,prior_range_fraction,prev_range_0.618,neutral,,0.618,4857.32,4700.05,4719.26,157.26999999999953,93.63499999999976,30.0
2026-04-09,2026-04-08,4830.82,level_price,L2,9,2,4833.91125,-3.09125,3.09125,False,False,False,False,True,True,red_box_quarter,red_box_1_25pct,red,1.0,0.25,4857.32,4700.05,4719.26,157.26999999999953,93.63499999999976,30.0
2026-04-09,2026-04-08,4864.83,level_price,L1,10,1,4863.91125,0.91875,0.91875,True,True,True,True,True,True,green_box_quarter,green_box_2_75pct,green,2.0,0.75,4857.32,4700.05,4719.26,157.26999999999953,93.63499999999976,30.0
2026-04-10,2026-04-09,4591.19,level_price,L9,1,9,4585.415,5.775,5.775,False,False,False,False,False,True,red_box_quarter,red_box_4_25pct,red,4.0,0.25,4801.15,4698.39,4765.5,102.75999999999931,66.37999999999965,30.0
2026-04-10,2026-04-09,4629.18,level_price,L8,2,8,4635.2,-6.02,6.02,False,False,False,False,False,True,red_box_midline,red_mid_3,red,3.0,0.5,4801.15,4698.39,4765.5,102.75999999999931,66.37999999999965,30.0
2026-04-10,2026-04-09,4671.56,level_price,L7,3,7,4668.39,3.17,3.17,False,False,False,False,True,True,red_box_edge,red_edge_2,red,2.0,,4801.15,4698.39,4765.5,102.75999999999931,66.37999999999965,30.0
2026-04-10,2026-04-09,4706.64,level_price,L6,4,6,4711.235,-4.595,4.595,False,False,False,False,True,True,prior_range_fraction,prev_range_0.125,neutral,,0.125,4801.15,4698.39,4765.5,102.75999999999931,66.37999999999965,30.0
2026-04-10,2026-04-09,4746.82,level_price,L5,5,5,4748.175,-1.355,1.355,True,False,True,True,True,True,green_box_quarter,green_box_1_75pct,green,1.0,0.75,4801.15,4698.39,4765.5,102.75999999999931,66.37999999999965,30.0
2026-04-10,2026-04-09,4787.01,level_price,L4,6,4,4788.305,-1.295,1.295,True,False,True,True,True,True,prior_range_fraction,prev_range_0.875,neutral,,0.875,4801.15,4698.39,4765.5,102.75999999999931,66.37999999999965,30.0
2026-04-10,2026-04-09,4826.47,level_price,L3,7,3,4831.15,-4.68,4.68,False,False,False,False,True,True,green_box_edge,green_edge_2,green,2.0,,4801.15,4698.39,4765.5,102.75999999999931,66.37999999999965,30.0
2026-04-10,2026-04-09,4863.99,level_price,L2,8,2,4864.34,-0.35,0.35,True,True,True,True,True,True,green_box_midline,green_mid_3,green,3.0,0.5,4801.15,4698.39,4765.5,102.75999999999931,66.37999999999965,30.0
2026-04-10,2026-04-09,4898.0,level_price,L1,9,1,4897.53,0.47,0.47,True,True,True,True,True,True,green_box_edge,green_edge_3,green,3.0,,4801.15,4698.39,4765.5,102.75999999999931,66.37999999999965,30.0
2026-04-13,2026-04-10,4578.3,level_price,L9,1,9,4606.82,-28.52,28.52,False,False,False,False,False,False,red_box_edge,red_edge_4,red,4.0,,4795.1,4730.96,4749.18,64.14000000000033,47.070000000000164,30.0
2026-04-13,2026-04-10,4616.47,level_price,L8,2,8,4618.5875,-2.1175,2.1175,True,False,False,True,True,True,red_box_quarter,red_box_4_75pct,red,4.0,0.75,4795.1,4730.96,4749.18,64.14000000000033,47.070000000000164,30.0
2026-04-13,2026-04-10,4653.69,level_price,L7,3,7,4653.89,-0.2,0.2,True,True,True,True,True,True,red_box_edge,red_edge_3,red,3.0,,4795.1,4730.96,4749.18,64.14000000000033,47.070000000000164,30.0
2026-04-13,2026-04-10,4695.33,level_price,L6,4,6,4700.96,-5.63,5.63,False,False,False,False,False,True,red_box_edge,red_edge_2,red,2.0,,4795.1,4730.96,4749.18,64.14000000000033,47.070000000000164,30.0
2026-04-13,2026-04-10,4737.6,level_price,L5,5,5,4736.2625,1.3375,1.3375,True,False,True,True,True,True,red_box_quarter,red_box_2_25pct,red,2.0,0.25,4795.1,4730.96,4749.18,64.14000000000033,47.070000000000164,30.0
2026-04-13,2026-04-10,4777.03,level_price,L4,6,4,4778.03,-1.0,1.0,True,True,True,True,True,True,green_box_edge,green_edge_1,green,1.0,,4795.1,4730.96,4749.18,64.14000000000033,47.070000000000164,30.0
2026-04-13,2026-04-10,4813.32,level_price,L3,7,3,4813.3325,-0.0125,0.0125,True,True,True,True,True,True,green_box_quarter,green_box_2_75pct,green,2.0,0.75,4795.1,4730.96,4749.18,64.14000000000033,47.070000000000164,30.0
2026-04-13,2026-04-10,4853.14,level_price,L2,8,2,4848.635,4.505,4.505,False,False,False,False,True,True,green_box_midline,green_mid_3,green,3.0,0.5,4795.1,4730.96,4749.18,64.14000000000033,47.070000000000164,30.0
2026-04-13,2026-04-10,4895.21,level_price,L1,9,1,4895.705,-0.495,0.495,True,True,True,True,True,True,green_box_midline,green_mid_4,green,4.0,0.5,4795.1,4730.96,4749.18,64.14000000000033,47.070000000000164,30.0
2026-04-14,2026-04-13,4567.06,level_price,L9,1,9,4562.97125,4.08875,4.08875,False,False,False,False,True,True,red_box_quarter,red_box_3_75pct,red,3.0,0.75,4750.15,4644.02,4740.3,106.1299999999992,68.0649999999996,30.0
2026-04-14,2026-04-13,4609.48,level_price,L8,2,8,4614.02,-4.54,4.54,False,False,False,False,True,True,red_box_edge,red_edge_2,red,2.0,,4750.15,4644.02,4740.3,106.1299999999992,68.0649999999996,30.0
2026-04-14,2026-04-13,4648.94,level_price,L7,3,7,4648.0525,0.8875,0.8875,True,True,True,True,True,True,red_box_midline,red_mid_2,red,2.0,0.5,4750.15,4644.02,4740.3,106.1299999999992,68.0649999999996,30.0
2026-04-14,2026-04-13,4688.7,level_price,L6,4,6,4684.56166,4.13834,4.13834,False,False,False,False,True,True,prior_range_fraction,prev_range_0.382,neutral,,0.382,4750.15,4644.02,4740.3,106.1299999999992,68.0649999999996,30.0
2026-04-14,2026-04-13,4728.16,level_price,L5,5,5,4729.10125,-0.94125,0.94125,True,True,True,True,True,True,green_box_quarter,green_box_2_25pct,green,2.0,0.25,4750.15,4644.02,4740.3,106.1299999999992,68.0649999999996,30.0
2026-04-14,2026-04-13,4768.21,level_price,L4,6,4,4763.13375,5.07625,5.07625,False,False,False,False,False,True,green_box_quarter,green_box_2_75pct,green,2.0,0.75,4750.15,4644.02,4740.3,106.1299999999992,68.0649999999996,30.0
2026-04-14,2026-04-13,4801.48,level_price,L3,7,3,4797.16625,4.31375,4.31375,False,False,False,False,True,True,green_box_quarter,green_box_3_25pct,green,3.0,0.25,4750.15,4644.02,4740.3,106.1299999999992,68.0649999999996,30.0
2026-04-14,2026-04-13,4838.52,level_price,L2,8,2,4831.19875,7.32125,7.32125,False,False,False,False,False,True,green_box_quarter,green_box_3_75pct,green,3.0,0.75,4750.15,4644.02,4740.3,106.1299999999992,68.0649999999996,30.0
2026-04-14,2026-04-13,4879.4,level_price,L1,9,1,4882.2475,-2.8475,2.8475,True,False,False,True,True,True,green_box_midline,green_mid_4,green,4.0,0.5,4750.15,4644.02,4740.3,106.1299999999992,68.0649999999996,30.0
2026-04-15,2026-04-14,4643.9,level_price,L10,1,10,4648.65,-4.75,4.75,False,False,False,False,True,True,red_box_edge,red_edge_3,red,3.0,,4846.32,4744.54,4841.68,101.77999999999975,65.88999999999987,30.0
2026-04-15,2026-04-14,4685.38,level_price,L9,2,9,4681.595,3.785,3.785,False,False,False,False,True,True,red_box_midline,red_mid_3,red,3.0,0.5,4846.32,4744.54,4841.68,101.77999999999975,65.88999999999987,30.0
2026-04-15,2026-04-14,4723.35,level_price,L8,3,8,4731.0125,-7.6625,7.6625,False,False,False,False,False,True,red_box_quarter,red_box_2_75pct,red,2.0,0.75,4846.32,4744.54,4841.68,101.77999999999975,65.88999999999987,30.0
2026-04-15,2026-04-14,4759.66,level_price,L7,4,7,4761.0125,-1.3525,1.3525,True,False,True,True,True,True,green_box_quarter,green_box_1_25pct,green,1.0,0.25,4846.32,4744.54,4841.68,101.77999999999975,65.88999999999987,30.0
2026-04-15,2026-04-14,4795.98,level_price,L6,5,6,4795.43,0.55,0.55,True,True,True,True,True,True,prior_hlc,previous_mid,neutral,,,4846.32,4744.54,4841.68,101.77999999999975,65.88999999999987,30.0
2026-04-15,2026-04-14,4833.44,level_price,L5,6,5,4833.5975,-0.1575,0.1575,True,True,True,True,True,True,prior_range_fraction,prev_range_0.875,neutral,,0.875,4846.32,4744.54,4841.68,101.77999999999975,65.88999999999987,30.0
2026-04-15,2026-04-14,4871.18,level_price,L4,7,4,4876.32,-5.14,5.14,False,False,False,False,False,True,green_box_edge,green_edge_2,green,2.0,,4846.32,4744.54,4841.68,101.77999999999975,65.88999999999987,30.0
2026-04-15,2026-04-14,4901.18,level_price,L3,8,3,4909.265,-8.085,8.085,False,False,False,False,False,True,green_box_midline,green_mid_3,green,3.0,0.5,4846.32,4744.54,4841.68,101.77999999999975,65.88999999999987,30.0
2026-04-15,2026-04-14,4934.55,level_price,L2,9,2,4942.21,-7.66,7.66,False,False,False,False,False,True,green_box_edge,green_edge_3,green,3.0,,4846.32,4744.54,4841.68,101.77999999999975,65.88999999999987,30.0
2026-04-15,2026-04-14,4971.04,level_price,L1,10,1,4975.155,-4.115,4.115,False,False,False,False,True,True,green_box_midline,green_mid_4,green,4.0,0.5,4846.32,4744.54,4841.68,101.77999999999975,65.88999999999987,30.0
2026-04-16,2026-04-15,4649.72,level_price,L10,1,10,4654.075,-4.355,4.355,False,False,False,False,True,True,red_box_quarter,red_box_4_75pct,red,4.0,0.75,4871.65,4785.61,4790.68,86.03999999999996,58.01999999999998,30.0
2026-04-16,2026-04-15,4692.0,level_price,L9,2,9,4697.59,-5.59,5.59,False,False,False,False,False,True,red_box_edge,red_edge_3,red,3.0,,4871.65,4785.61,4790.68,86.03999999999996,58.01999999999998,30.0
2026-04-16,2026-04-15,4727.57,level_price,L8,3,8,4726.6,0.97,0.97,True,True,True,True,True,True,red_box_midline,red_mid_3,red,3.0,0.5,4871.65,4785.61,4790.68,86.03999999999996,58.01999999999998,30.0
2026-04-16,2026-04-15,4763.58,level_price,L7,4,7,4770.115,-6.535,6.535,False,False,False,False,False,True,red_box_quarter,red_box_2_75pct,red,2.0,0.75,4871.65,4785.61,4790.68,86.03999999999996,58.01999999999998,30.0
2026-04-16,2026-04-15,4796.88,level_price,L6,5,6,4796.365,0.515,0.515,True,True,True,True,True,True,prior_range_fraction,prev_range_0.125,neutral,,0.125,4871.65,4785.61,4790.68,86.03999999999996,58.01999999999998,30.0
2026-04-16,2026-04-15,4833.82,level_price,L5,6,5,4829.125,4.695,4.695,False,False,False,False,True,True,green_box_quarter,green_box_1_75pct,green,1.0,0.75,4871.65,4785.61,4790.68,86.03999999999996,58.01999999999998,30.0
2026-04-16,2026-04-15,4866.37,level_price,L4,7,4,4871.65,-5.28,5.28,False,False,False,False,False,True,prior_hlc,previous_high,neutral,,,4871.65,4785.61,4790.68,86.03999999999996,58.01999999999998,30.0
2026-04-16,2026-04-15,4903.73,level_price,L3,8,3,4901.65,2.08,2.08,True,False,False,True,True,True,green_box_edge,green_edge_2,green,2.0,,4871.65,4785.61,4790.68,86.03999999999996,58.01999999999998,30.0
2026-04-16,2026-04-15,4936.61,level_price,L2,9,2,4930.66,5.95,5.95,False,False,False,False,False,True,green_box_midline,green_mid_3,green,3.0,0.5,4871.65,4785.61,4790.68,86.03999999999996,58.01999999999998,30.0
2026-04-16,2026-04-15,4968.18,level_price,L1,10,1,4974.175,-5.995,5.995,False,False,False,False,False,True,green_box_quarter,green_box_4_25pct,green,4.0,0.25,4871.65,4785.61,4790.68,86.03999999999996,58.01999999999998,30.0
2026-04-17,2026-04-16,4617.26,level_price,L10,1,10,4645.72,-28.46,28.46,False,False,False,False,False,False,red_box_edge,red_edge_4,red,4.0,,4838.42,4772.07,4790.78,66.35000000000036,48.17500000000018,30.0
2026-04-17,2026-04-16,4659.65,level_price,L9,2,9,4657.76375,1.88625,1.88625,True,False,True,True,True,True,red_box_quarter,red_box_4_75pct,red,4.0,0.75,4838.42,4772.07,4790.78,66.35000000000036,48.17500000000018,30.0
2026-04-17,2026-04-16,4707.18,level_price,L8,3,8,4705.93875,1.24125,1.24125,True,False,True,True,True,True,red_box_quarter,red_box_3_75pct,red,3.0,0.75,4838.42,4772.07,4790.78,66.35000000000036,48.17500000000018,30.0
2026-04-17,2026-04-16,4747.74,level_price,L7,4,7,4742.07,5.67,5.67,False,False,False,False,False,True,red_box_edge,red_edge_2,red,2.0,,4838.42,4772.07,4790.78,66.35000000000036,48.17500000000018,30.0
2026-04-17,2026-04-16,4789.02,level_price,L6,5,6,4788.6575,0.3625,0.3625,True,True,True,True,True,True,prior_range_fraction,prev_range_0.25,neutral,,0.25,4838.42,4772.07,4790.78,66.35000000000036,48.17500000000018,30.0
2026-04-17,2026-04-16,4822.32,level_price,L5,6,5,4821.8325,0.4875,0.4875,True,True,True,True,True,True,prior_range_fraction,prev_range_0.75,neutral,,0.75,4838.42,4772.07,4790.78,66.35000000000036,48.17500000000018,30.0
2026-04-17,2026-04-16,4859.83,level_price,L4,7,4,4856.37625,3.45375,3.45375,False,False,False,False,True,True,green_box_quarter,green_box_2_75pct,green,2.0,0.75,4838.42,4772.07,4790.78,66.35000000000036,48.17500000000018,30.0
2026-04-17,2026-04-16,4903.73,level_price,L3,8,3,4904.55125,-0.82125,0.82125,True,True,True,True,True,True,green_box_quarter,green_box_3_75pct,green,3.0,0.75,4838.42,4772.07,4790.78,66.35000000000036,48.17500000000018,30.0
2026-04-17,2026-04-16,4940.91,level_price,L2,9,2,4940.6825,0.2275,0.2275,True,True,True,True,True,True,green_box_midline,green_mid_4,green,4.0,0.5,4838.42,4772.07,4790.78,66.35000000000036,48.17500000000018,30.0
2026-04-17,2026-04-16,4979.05,level_price,L1,10,1,4964.77,14.28,14.28,False,False,False,False,False,False,green_box_edge,green_edge_4,green,4.0,,4838.42,4772.07,4790.78,66.35000000000036,48.17500000000018,30.0
2026-04-20,2026-04-17,4643.92,level_price,L10,1,10,4641.045,2.875,2.875,True,False,False,True,True,True,red_box_quarter,red_box_4_25pct,red,4.0,0.25,4891.62,4767.42,4832.42,124.19999999999982,77.09999999999991,30.0
2026-04-20,2026-04-17,4692.51,level_price,L9,2,9,4698.87,-6.36,6.36,False,False,False,False,False,True,red_box_midline,red_mid_3,red,3.0,0.5,4891.62,4767.42,4832.42,124.19999999999982,77.09999999999991,30.0
2026-04-20,2026-04-17,4735.56,level_price,L8,3,8,4737.42,-1.86,1.86,True,False,True,True,True,True,red_box_edge,red_edge_2,red,2.0,,4891.62,4767.42,4832.42,124.19999999999982,77.09999999999991,30.0
2026-04-20,2026-04-17,4772.29,level_price,L7,4,7,4775.97,-3.68,3.68,False,False,False,False,True,True,red_box_midline,red_mid_2,red,2.0,0.5,4891.62,4767.42,4832.42,124.19999999999982,77.09999999999991,30.0
2026-04-20,2026-04-17,4808.63,level_price,L6,5,6,4808.819959,-0.189959,0.189959,True,True,True,True,True,True,prior_range_fraction,prev_range_0.333333,neutral,,0.333333,4891.62,4767.42,4832.42,124.19999999999982,77.09999999999991,30.0
2026-04-20,2026-04-17,4846.45,level_price,L5,6,5,4844.52,1.93,1.93,True,False,True,True,True,True,green_box_edge,green_edge_1,green,1.0,,4891.62,4767.42,4832.42,124.19999999999982,77.09999999999991,30.0
2026-04-20,2026-04-17,4884.09,level_price,L4,7,4,4883.07,1.02,1.02,True,False,True,True,True,True,green_box_midline,green_mid_2,green,2.0,0.5,4891.62,4767.42,4832.42,124.19999999999982,77.09999999999991,30.0
2026-04-20,2026-04-17,4920.25,level_price,L3,8,3,4921.62,-1.37,1.37,True,False,True,True,True,True,green_box_edge,green_edge_2,green,2.0,,4891.62,4767.42,4832.42,124.19999999999982,77.09999999999991,30.0
2026-04-20,2026-04-17,4961.42,level_price,L2,9,2,4960.17,1.25,1.25,True,False,True,True,True,True,green_box_midline,green_mid_3,green,3.0,0.5,4891.62,4767.42,4832.42,124.19999999999982,77.09999999999991,30.0
2026-04-20,2026-04-17,4996.65,level_price,L1,10,1,4998.72,-2.07,2.07,True,False,False,True,True,True,green_box_edge,green_edge_3,green,3.0,,4891.62,4767.42,4832.42,124.19999999999982,77.09999999999991,30.0
2026-04-21,2026-04-20,4607.75,level_price,L10,1,10,4601.5875,6.1625,6.1625,False,False,False,False,False,True,red_box_quarter,red_box_4_75pct,red,4.0,0.75,4827.6,4737.06,4820.66,90.53999999999996,60.26999999999998,30.0
2026-04-21,2026-04-20,4644.31,level_price,L9,2,9,4646.79,-2.48,2.48,True,False,False,True,True,True,red_box_edge,red_edge_3,red,3.0,,4827.6,4737.06,4820.66,90.53999999999996,60.26999999999998,30.0
2026-04-21,2026-04-20,4697.37,level_price,L8,3,8,4691.9925,5.3775,5.3775,False,False,False,False,False,True,red_box_quarter,red_box_3_25pct,red,3.0,0.25,4827.6,4737.06,4820.66,90.53999999999996,60.26999999999998,30.0
2026-04-21,2026-04-20,4743.45,level_price,L7,4,7,4748.3775,-4.9275,4.9275,False,False,False,False,True,True,prior_range_fraction,prev_range_0.125,neutral,,0.125,4827.6,4737.06,4820.66,90.53999999999996,60.26999999999998,30.0
2026-04-21,2026-04-20,4784.68,level_price,L6,5,6,4782.3975,2.2825,2.2825,True,False,False,True,True,True,red_box_quarter,red_box_1_75pct,red,1.0,0.75,4827.6,4737.06,4820.66,90.53999999999996,60.26999999999998,30.0
2026-04-21,2026-04-20,4831.95,level_price,L5,6,5,4827.6,4.35,4.35,False,False,False,False,True,True,prior_hlc,previous_high,neutral,,,4827.6,4737.06,4820.66,90.53999999999996,60.26999999999998,30.0
2026-04-21,2026-04-20,4875.42,level_price,L4,7,4,4872.6675,2.7525,2.7525,True,False,False,True,True,True,green_box_quarter,green_box_3_25pct,green,3.0,0.25,4827.6,4737.06,4820.66,90.53999999999996,60.26999999999998,30.0
2026-04-21,2026-04-20,4914.56,level_price,L3,8,3,4917.87,-3.31,3.31,False,False,False,False,True,True,green_box_edge,green_edge_3,green,3.0,,4827.6,4737.06,4820.66,90.53999999999996,60.26999999999998,30.0
2026-04-21,2026-04-20,4955.59,level_price,L2,9,2,4963.0725,-7.4825,7.4825,False,False,False,False,False,True,green_box_quarter,green_box_4_75pct,green,4.0,0.75,4827.6,4737.06,4820.66,90.53999999999996,60.26999999999998,30.0
2026-04-21,2026-04-20,4996.65,level_price,L1,10,1,4978.14,18.51,18.51,False,False,False,False,False,False,green_box_edge,green_edge_4,green,4.0,,4827.6,4737.06,4820.66,90.53999999999996,60.26999999999998,30.0
2026-04-22,2026-04-21,4532.6,level_price,L9,1,9,4541.07,-8.47,8.47,False,False,False,False,False,True,red_box_edge,red_edge_3,red,3.0,,4833.3,4668.48,4720.06,164.82000000000062,97.41000000000031,30.0
2026-04-22,2026-04-21,4580.82,level_price,L8,2,8,4589.775,-8.955,8.955,False,False,False,False,False,True,red_box_midline,red_mid_3,red,3.0,0.5,4833.3,4668.48,4720.06,164.82000000000062,97.41000000000031,30.0
2026-04-22,2026-04-21,4636.73,level_price,L7,3,7,4638.48,-1.75,1.75,True,False,True,True,True,True,red_box_edge,red_edge_2,red,2.0,,4833.3,4668.48,4720.06,164.82000000000062,97.41000000000031,30.0
2026-04-22,2026-04-21,4694.87,level_price,L6,4,6,4692.8325,2.0375,2.0375,True,False,False,True,True,True,green_box_quarter,green_box_1_25pct,green,1.0,0.25,4833.3,4668.48,4720.06,164.82000000000062,97.41000000000031,30.0
2026-04-22,2026-04-21,4740.11,level_price,L5,5,5,4740.613333,-0.503333,0.503333,True,True,True,True,True,True,prior_hlc,previous_pivot_hlc3,neutral,,,4833.3,4668.48,4720.06,164.82000000000062,97.41000000000031,30.0
2026-04-22,2026-04-21,4780.53,level_price,L4,6,4,4778.360055,2.169945,2.169945,True,False,False,True,True,True,prior_range_fraction,prev_range_0.666667,neutral,,0.666667,4833.3,4668.48,4720.06,164.82000000000062,97.41000000000031,30.0
2026-04-22,2026-04-21,4827.08,level_price,L3,7,3,4833.3,-6.22,6.22,False,False,False,False,False,True,prior_hlc,previous_high,neutral,,,4833.3,4668.48,4720.06,164.82000000000062,97.41000000000031,30.0
2026-04-22,2026-04-21,4869.81,level_price,L2,8,2,4863.3,6.51,6.51,False,False,False,False,False,True,green_box_edge,green_edge_2,green,2.0,,4833.3,4668.48,4720.06,164.82000000000062,97.41000000000031,30.0
2026-04-22,2026-04-21,4914.56,level_price,L1,9,1,4912.005,2.555,2.555,True,False,False,True,True,True,green_box_midline,green_mid_3,green,3.0,0.5,4833.3,4668.48,4720.06,164.82000000000062,97.41000000000031,30.0
2026-04-23,2026-04-22,4610.04,level_price,L11,1,11,4609.74,0.3,0.3,True,True,True,True,True,True,red_box_quarter,red_box_4_75pct,red,4.0,0.75,4772.34,4715.62,4740.18,56.720000000000255,43.36000000000013,30.0
2026-04-23,2026-04-22,4638.18,level_price,L10,2,10,4642.26,-4.08,4.08,False,False,False,False,True,True,red_box_edge,red_edge_3,red,3.0,,4772.34,4715.62,4740.18,56.720000000000255,43.36000000000013,30.0
2026-04-23,2026-04-22,4672.83,level_price,L9,3,9,4674.78,-1.95,1.95,True,False,True,True,True,True,red_box_quarter,red_box_3_25pct,red,3.0,0.25,4772.34,4715.62,4740.18,56.720000000000255,43.36000000000013,30.0
2026-04-23,2026-04-22,4705.18,level_price,L8,4,8,4707.3,-2.12,2.12,True,False,False,True,True,True,red_box_midline,red_mid_2,red,2.0,0.5,4772.34,4715.62,4740.18,56.720000000000255,43.36000000000013,30.0
2026-04-23,2026-04-22,4740.92,level_price,L7,5,7,4740.18,0.74,0.74,True,True,True,True,True,True,prior_hlc,previous_close,neutral,,,4772.34,4715.62,4740.18,56.720000000000255,43.36000000000013,30.0
2026-04-23,2026-04-22,4783.45,level_price,L6,6,6,4780.66,2.79,2.79,True,False,False,True,True,True,green_box_midline,green_mid_2,green,2.0,0.5,4772.34,4715.62,4740.18,56.720000000000255,43.36000000000013,30.0
2026-04-23,2026-04-22,4832.75,level_price,L5,7,5,4834.86,-2.11,2.11,True,False,False,True,True,True,green_box_quarter,green_box_3_75pct,green,3.0,0.75,4772.34,4715.62,4740.18,56.720000000000255,43.36000000000013,30.0
2026-04-23,2026-04-22,4873.73,level_price,L4,8,4,4878.22,-4.49,4.49,False,False,False,False,True,True,green_box_quarter,green_box_4_75pct,green,4.0,0.75,4772.34,4715.62,4740.18,56.720000000000255,43.36000000000013,30.0
2026-04-23,2026-04-22,4914.72,level_price,L3,9,3,4889.06,25.66,25.66,False,False,False,False,False,False,green_box_edge,green_edge_4,green,4.0,,4772.34,4715.62,4740.18,56.720000000000255,43.36000000000013,30.0
2026-04-23,2026-04-22,4956.83,level_price,L2,10,2,4889.06,67.77,67.77,False,False,False,False,False,False,green_box_edge,green_edge_4,green,4.0,,4772.34,4715.62,4740.18,56.720000000000255,43.36000000000013,30.0
2026-04-23,2026-04-22,4992.32,level_price,L1,11,1,4889.06,103.26,103.26,False,False,False,False,False,False,green_box_edge,green_edge_4,green,4.0,,4772.34,4715.62,4740.18,56.720000000000255,43.36000000000013,30.0
2026-04-24,2026-04-23,4581.27,level_price,L10,1,10,4574.5,6.77,6.77,False,False,False,False,False,True,red_box_edge,red_edge_3,red,3.0,,4753.9,4664.3,4694.36,89.59999999999945,59.79999999999973,30.0
2026-04-24,2026-04-23,4623.49,level_price,L9,2,9,4619.35,4.14,4.14,False,False,False,False,True,True,red_box_quarter,red_box_3_25pct,red,3.0,0.25,4753.9,4664.3,4694.36,89.59999999999945,59.79999999999973,30.0
2026-04-24,2026-04-23,4662.3,level_price,L8,3,8,4664.2,-1.9,1.9,True,False,True,True,True,True,red_box_midline,red_mid_2,red,2.0,0.5,4753.9,4664.3,4694.36,89.59999999999945,59.79999999999973,30.0
2026-04-24,2026-04-23,4699.63,level_price,L7,4,7,4698.5272,1.1028,1.1028,True,False,True,True,True,True,prior_range_fraction,prev_range_0.382,neutral,,0.382,4753.9,4664.3,4694.36,89.59999999999945,59.79999999999973,30.0
2026-04-24,2026-04-23,4737.93,level_price,L6,5,6,4738.95,-1.02,1.02,True,False,True,True,True,True,red_box_quarter,red_box_1_25pct,red,1.0,0.25,4753.9,4664.3,4694.36,89.59999999999945,59.79999999999973,30.0
2026-04-24,2026-04-23,4769.97,level_price,L5,6,5,4768.95,1.02,1.02,True,False,True,True,True,True,green_box_quarter,green_box_2_75pct,green,2.0,0.75,4753.9,4664.3,4694.36,89.59999999999945,59.79999999999973,30.0
2026-04-24,2026-04-23,4799.5,level_price,L4,7,4,4798.85,0.65,0.65,True,True,True,True,True,True,green_box_quarter,green_box_3_25pct,green,3.0,0.25,4753.9,4664.3,4694.36,89.59999999999945,59.79999999999973,30.0
2026-04-24,2026-04-23,4827.25,level_price,L3,8,3,4828.75,-1.5,1.5,True,False,True,True,True,True,green_box_quarter,green_box_3_75pct,green,3.0,0.75,4753.9,4664.3,4694.36,89.59999999999945,59.79999999999973,30.0
2026-04-24,2026-04-23,4870.31,level_price,L2,9,2,4873.6,-3.29,3.29,False,False,False,False,True,True,green_box_midline,green_mid_4,green,4.0,0.5,4753.9,4664.3,4694.36,89.59999999999945,59.79999999999973,30.0
2026-04-24,2026-04-23,4911.39,level_price,L1,10,1,4903.5,7.89,7.89,False,False,False,False,False,True,green_box_edge,green_edge_4,green,4.0,,4753.9,4664.3,4694.36,89.59999999999945,59.79999999999973,30.0
2026-04-27,2026-04-24,4529.97,level_price,L11,1,11,4529.125,0.845,0.845,True,True,True,True,True,True,red_box_quarter,red_box_4_75pct,red,4.0,0.75,4740.4,4657.72,4707.26,82.67999999999938,56.33999999999969,30.0
2026-04-27,2026-04-24,4576.59,level_price,L10,2,10,4571.38,5.21,5.21,False,False,False,False,False,True,red_box_edge,red_edge_3,red,3.0,,4740.4,4657.72,4707.26,82.67999999999938,56.33999999999969,30.0
2026-04-27,2026-04-24,4618.29,level_price,L9,3,9,4613.635,4.655,4.655,False,False,False,False,True,True,red_box_quarter,red_box_3_25pct,red,3.0,0.25,4740.4,4657.72,4707.26,82.67999999999938,56.33999999999969,30.0
2026-04-27,2026-04-24,4654.19,level_price,L8,4,8,4655.89,-1.7,1.7,True,False,True,True,True,True,red_box_midline,red_mid_2,red,2.0,0.5,4740.4,4657.72,4707.26,82.67999999999938,56.33999999999969,30.0
2026-04-27,2026-04-24,4688.57,level_price,L7,5,7,4689.30376,-0.73376,0.73376,True,True,True,True,True,True,prior_range_fraction,prev_range_0.382,neutral,,0.382,4740.4,4657.72,4707.26,82.67999999999938,56.33999999999969,30.0
2026-04-27,2026-04-24,4722.56,level_price,L6,6,6,4719.73,2.83,2.83,True,False,False,True,True,True,prior_range_fraction,prev_range_0.75,neutral,,0.75,4740.4,4657.72,4707.26,82.67999999999938,56.33999999999969,30.0
2026-04-27,2026-04-24,4758.08,level_price,L5,7,5,4756.315,1.765,1.765,True,False,True,True,True,True,green_box_quarter,green_box_2_75pct,green,2.0,0.75,4740.4,4657.72,4707.26,82.67999999999938,56.33999999999969,30.0
2026-04-27,2026-04-24,4789.79,level_price,L4,8,4,4784.485,5.305,5.305,False,False,False,False,False,True,green_box_quarter,green_box_3_25pct,green,3.0,0.25,4740.4,4657.72,4707.26,82.67999999999938,56.33999999999969,30.0
2026-04-27,2026-04-24,4821.87,level_price,L3,9,3,4826.74,-4.87,4.87,False,False,False,False,True,True,green_box_edge,green_edge_3,green,3.0,,4740.4,4657.72,4707.26,82.67999999999938,56.33999999999969,30.0
2026-04-27,2026-04-24,4857.78,level_price,L2,10,2,4854.91,2.87,2.87,True,False,False,True,True,True,green_box_midline,green_mid_4,green,4.0,0.5,4740.4,4657.72,4707.26,82.67999999999938,56.33999999999969,30.0
2026-04-27,2026-04-24,4904.5,level_price,L1,11,1,4883.08,21.42,21.42,False,False,False,False,False,False,green_box_edge,green_edge_4,green,4.0,,4740.4,4657.72,4707.26,82.67999999999938,56.33999999999969,30.0
2026-04-28,2026-04-27,4529.97,level_price,L9,1,9,4544.22,-14.25,14.25,False,False,False,False,False,False,red_box_edge,red_edge_4,red,4.0,,4730.1,4667.16,4681.76,62.94000000000051,46.470000000000255,30.0
2026-04-28,2026-04-27,4569.73,level_price,L8,2,8,4567.455,2.275,2.275,True,False,False,True,True,True,red_box_midline,red_mid_4,red,4.0,0.5,4730.1,4667.16,4681.76,62.94000000000051,46.470000000000255,30.0
2026-04-28,2026-04-27,4609.63,level_price,L7,3,7,4613.925,-4.295,4.295,False,False,False,False,True,True,red_box_midline,red_mid_3,red,3.0,0.5,4730.1,4667.16,4681.76,62.94000000000051,46.470000000000255,30.0
2026-04-28,2026-04-27,4642.74,level_price,L6,4,6,4637.16,5.58,5.58,False,False,False,False,False,True,red_box_edge,red_edge_2,red,2.0,,4730.1,4667.16,4681.76,62.94000000000051,46.470000000000255,30.0
2026-04-28,2026-04-27,4687.0,level_price,L5,5,5,4688.139979,-1.139979,1.139979,True,False,True,True,True,True,prior_range_fraction,prev_range_0.333333,neutral,,0.333333,4730.1,4667.16,4681.76,62.94000000000051,46.470000000000255,30.0
2026-04-28,2026-04-27,4724.59,level_price,L4,6,4,4725.2475,-0.6575,0.6575,True,True,True,True,True,True,green_box_quarter,green_box_2_25pct,green,2.0,0.25,4730.1,4667.16,4681.76,62.94000000000051,46.470000000000255,30.0
2026-04-28,2026-04-27,4755.1,level_price,L3,7,3,4760.1,-5.0,5.0,False,False,False,False,True,True,green_box_edge,green_edge_2,green,2.0,,4730.1,4667.16,4681.76,62.94000000000051,46.470000000000255,30.0
2026-04-28,2026-04-27,4784.37,level_price,L2,8,2,4783.335,1.035,1.035,True,False,True,True,True,True,green_box_midline,green_mid_3,green,3.0,0.5,4730.1,4667.16,4681.76,62.94000000000051,46.470000000000255,30.0
2026-04-28,2026-04-27,4817.34,level_price,L1,9,1,4818.1875,-0.8475,0.8475,True,True,True,True,True,True,green_box_quarter,green_box_4_25pct,green,4.0,0.25,4730.1,4667.16,4681.76,62.94000000000051,46.470000000000255,30.0
2026-04-29,2026-04-28,4458.71,level_price,L9,1,9,4458.5575,0.1525,0.1525,True,True,True,True,True,True,red_box_quarter,red_box_3_75pct,red,3.0,0.75,4701.41,4554.79,4597.2,146.6199999999999,88.30999999999995,30.0
2026-04-29,2026-04-28,4496.38,level_price,L8,2,8,4502.7125,-6.3325,6.3325,False,False,False,False,False,True,red_box_quarter,red_box_3_25pct,red,3.0,0.25,4701.41,4554.79,4597.2,146.6199999999999,88.30999999999995,30.0
2026-04-29,2026-04-28,4527.79,level_price,L7,3,7,4524.79,3.0,3.0,True,False,False,True,True,True,red_box_edge,red_edge_2,red,2.0,,4701.41,4554.79,4597.2,146.6199999999999,88.30999999999995,30.0
2026-04-29,2026-04-28,4561.81,level_price,L6,4,6,4554.79,7.02,7.02,False,False,False,False,False,True,prior_hlc,previous_low,neutral,,,4701.41,4554.79,4597.2,146.6199999999999,88.30999999999995,30.0
2026-04-29,2026-04-28,4603.92,level_price,L5,5,5,4603.663284,0.256716,0.256716,True,True,True,True,True,True,prior_range_fraction,prev_range_0.333333,neutral,,0.333333,4701.41,4554.79,4597.2,146.6199999999999,88.30999999999995,30.0
2026-04-29,2026-04-28,4646.78,level_price,L4,6,4,4645.40116,1.37884,1.37884,True,False,True,True,True,True,prior_range_fraction,prev_range_0.618,neutral,,0.618,4701.41,4554.79,4597.2,146.6199999999999,88.30999999999995,30.0
2026-04-29,2026-04-28,4692.45,level_price,L3,7,3,4687.255,5.195,5.195,False,False,False,False,False,True,green_box_midline,green_mid_2,green,2.0,0.5,4701.41,4554.79,4597.2,146.6199999999999,88.30999999999995,30.0
2026-04-29,2026-04-28,4741.51,level_price,L2,8,2,4731.41,10.1,10.1,False,False,False,False,False,False,green_box_edge,green_edge_2,green,2.0,,4701.41,4554.79,4597.2,146.6199999999999,88.30999999999995,30.0
2026-04-29,2026-04-28,4788.57,level_price,L1,9,1,4797.6425,-9.0725,9.0725,False,False,False,False,False,True,green_box_quarter,green_box_3_75pct,green,3.0,0.75,4701.41,4554.79,4597.2,146.6199999999999,88.30999999999995,30.0
2026-04-30,2026-04-29,4408.11,level_price,L10,1,10,4415.29,-7.18,7.18,False,False,False,False,False,True,red_box_edge,red_edge_3,red,3.0,,4610.29,4510.29,4543.48,100.0,65.0,30.0
2026-04-30,2026-04-29,4446.6,level_price,L9,2,9,4447.79,-1.19,1.19,True,False,True,True,True,True,red_box_midline,red_mid_3,red,3.0,0.5,4610.29,4510.29,4543.48,100.0,65.0,30.0
2026-04-30,2026-04-29,4486.35,level_price,L8,3,8,4480.29,6.06,6.06,False,False,False,False,False,True,red_box_edge,red_edge_2,red,2.0,,4610.29,4510.29,4543.48,100.0,65.0,30.0
2026-04-30,2026-04-29,4521.25,level_price,L7,4,7,4522.79,-1.54,1.54,True,False,True,True,True,True,prior_range_fraction,prev_range_0.125,neutral,,0.125,4610.29,4510.29,4543.48,100.0,65.0,30.0
2026-04-30,2026-04-29,4555.58,level_price,L6,5,6,4554.686667,0.893333,0.893333,True,True,True,True,True,True,prior_hlc,previous_pivot_hlc3,neutral,,,4610.29,4510.29,4543.48,100.0,65.0,30.0
2026-04-30,2026-04-29,4599.33,level_price,L5,6,5,4597.79,1.54,1.54,True,False,True,True,True,True,prior_range_fraction,prev_range_0.875,neutral,,0.875,4610.29,4510.29,4543.48,100.0,65.0,30.0
2026-04-30,2026-04-29,4639.2,level_price,L4,7,4,4640.29,-1.09,1.09,True,False,True,True,True,True,green_box_edge,green_edge_2,green,2.0,,4610.29,4510.29,4543.48,100.0,65.0,30.0
2026-04-30,2026-04-29,4680.73,level_price,L3,8,3,4672.79,7.94,7.94,False,False,False,False,False,True,green_box_midline,green_mid_3,green,3.0,0.5,4610.29,4510.29,4543.48,100.0,65.0,30.0
2026-04-30,2026-04-29,4727.24,level_price,L2,9,2,4721.54,5.7,5.7,False,False,False,False,False,True,green_box_quarter,green_box_4_25pct,green,4.0,0.25,4610.29,4510.29,4543.48,100.0,65.0,30.0
2026-04-30,2026-04-29,4771.82,level_price,L1,10,1,4770.29,1.53,1.53,True,False,True,True,True,True,green_box_edge,green_edge_4,green,4.0,,4610.29,4510.29,4543.48,100.0,65.0,30.0
2026-05-01,2026-04-30,4440.15,level_price,L9,1,9,4440.64,-0.49,0.49,True,True,True,True,True,True,red_box_edge,red_edge_3,red,3.0,,4646.86,4539.38,4621.76,107.47999999999956,68.73999999999978,30.0
2026-05-01,2026-04-30,4486.35,level_price,L8,2,8,4492.195,-5.845,5.845,False,False,False,False,False,True,red_box_quarter,red_box_3_25pct,red,3.0,0.25,4646.86,4539.38,4621.76,107.47999999999956,68.73999999999978,30.0
2026-05-01,2026-04-30,4517.48,level_price,L7,3,7,4509.38,8.1,8.1,False,False,False,False,False,True,red_box_edge,red_edge_2,red,2.0,,4646.86,4539.38,4621.76,107.47999999999956,68.73999999999978,30.0
2026-05-01,2026-04-30,4556.84,level_price,L6,4,6,4556.565,0.275,0.275,True,True,True,True,True,True,green_box_quarter,green_box_1_25pct,green,1.0,0.25,4646.86,4539.38,4621.76,107.47999999999956,68.73999999999978,30.0
2026-05-01,2026-04-30,4599.79,level_price,L5,5,5,4602.666667,-2.876667,2.876667,True,False,False,True,True,True,prior_hlc,previous_pivot_hlc3,neutral,,,4646.86,4539.38,4621.76,107.47999999999956,68.73999999999978,30.0
2026-05-01,2026-04-30,4640.24,level_price,L4,6,4,4642.49,-2.25,2.25,True,False,False,True,True,True,green_box_midline,green_mid_2,green,2.0,0.5,4646.86,4539.38,4621.76,107.47999999999956,68.73999999999978,30.0
2026-05-01,2026-04-30,4678.08,level_price,L3,7,3,4676.86,1.22,1.22,True,False,True,True,True,True,green_box_edge,green_edge_2,green,2.0,,4646.86,4539.38,4621.76,107.47999999999956,68.73999999999978,30.0
2026-05-01,2026-04-30,4722.31,level_price,L2,8,2,4728.415,-6.105,6.105,False,False,False,False,False,True,green_box_quarter,green_box_3_75pct,green,3.0,0.75,4646.86,4539.38,4621.76,107.47999999999956,68.73999999999978,30.0
2026-05-01,2026-04-30,4766.84,level_price,L1,9,1,4762.785,4.055,4.055,False,False,False,False,True,True,green_box_quarter,green_box_4_25pct,green,4.0,0.25,4646.86,4539.38,4621.76,107.47999999999956,68.73999999999978,30.0
2026-05-04,2026-05-01,4403.71,level_price,L10,1,10,4400.26,3.45,3.45,False,False,False,False,True,True,red_box_edge,red_edge_4,red,4.0,,4660.32,4560.29,4615.53,100.02999999999975,65.01499999999987,30.0
2026-05-04,2026-05-01,4448.93,level_price,L9,2,9,4449.02125,-0.09125,0.09125,True,True,True,True,True,True,red_box_quarter,red_box_4_25pct,red,4.0,0.25,4660.32,4560.29,4615.53,100.02999999999975,65.01499999999987,30.0
2026-05-04,2026-05-01,4484.55,level_price,L8,3,8,4481.52875,3.02125,3.02125,False,False,False,False,True,True,red_box_quarter,red_box_3_75pct,red,3.0,0.75,4660.32,4560.29,4615.53,100.02999999999975,65.01499999999987,30.0
2026-05-04,2026-05-01,4522.79,level_price,L7,4,7,4530.29,-7.5,7.5,False,False,False,False,False,True,red_box_edge,red_edge_2,red,2.0,,4660.32,4560.29,4615.53,100.02999999999975,65.01499999999987,30.0
2026-05-04,2026-05-01,4565.35,level_price,L6,5,6,4562.7975,2.5525,2.5525,True,False,False,True,True,True,red_box_midline,red_mid_2,red,2.0,0.5,4660.32,4560.29,4615.53,100.02999999999975,65.01499999999987,30.0
2026-05-04,2026-05-01,4606.0,level_price,L5,6,5,4609.05125,-3.05125,3.05125,False,False,False,False,True,True,green_box_quarter,green_box_1_75pct,green,1.0,0.75,4660.32,4560.29,4615.53,100.02999999999975,65.01499999999987,30.0
2026-05-04,2026-05-01,4645.95,level_price,L4,7,4,4647.81625,-1.86625,1.86625,True,False,True,True,True,True,prior_range_fraction,prev_range_0.875,neutral,,0.875,4660.32,4560.29,4615.53,100.02999999999975,65.01499999999987,30.0
2026-05-04,2026-05-01,4688.15,level_price,L3,8,3,4690.32,-2.17,2.17,True,False,False,True,True,True,green_box_edge,green_edge_2,green,2.0,,4660.32,4560.29,4615.53,100.02999999999975,65.01499999999987,30.0
2026-05-04,2026-05-01,4734.2,level_price,L2,9,2,4739.08125,-4.88125,4.88125,False,False,False,False,True,True,green_box_quarter,green_box_3_75pct,green,3.0,0.75,4660.32,4560.29,4615.53,100.02999999999975,65.01499999999987,30.0
2026-05-04,2026-05-01,4768.5,level_price,L1,10,1,4771.58875,-3.08875,3.08875,False,False,False,False,True,True,green_box_quarter,green_box_4_25pct,green,4.0,0.25,4660.32,4560.29,4615.53,100.02999999999975,65.01499999999987,30.0
2026-05-05,2026-05-04,4364.06,level_price,L11,1,11,4365.4675,-1.4075,1.4075,True,False,True,True,True,True,red_box_quarter,red_box_4_25pct,red,4.0,0.25,4638.5,4500.48,4523.73,138.02000000000044,84.01000000000022,30.0
2026-05-05,2026-05-04,4408.77,level_price,L10,2,10,4407.4725,1.2975,1.2975,True,False,True,True,True,True,red_box_quarter,red_box_3_75pct,red,3.0,0.75,4638.5,4500.48,4523.73,138.02000000000044,84.01000000000022,30.0
2026-05-05,2026-05-04,4448.93,level_price,L9,3,9,4449.4775,-0.5475,0.5475,True,True,True,True,True,True,red_box_quarter,red_box_3_25pct,red,3.0,0.25,4638.5,4500.48,4523.73,138.02000000000044,84.01000000000022,30.0
2026-05-05,2026-05-04,4484.55,level_price,L8,4,8,4491.4825,-6.9325,6.9325,False,False,False,False,False,True,red_box_quarter,red_box_2_75pct,red,2.0,0.75,4638.5,4500.48,4523.73,138.02000000000044,84.01000000000022,30.0
2026-05-05,2026-05-04,4518.42,level_price,L7,5,7,4517.7325,0.6875,0.6875,True,True,True,True,True,True,prior_range_fraction,prev_range_0.125,neutral,,0.125,4638.5,4500.48,4523.73,138.02000000000044,84.01000000000022,30.0
2026-05-05,2026-05-04,4558.99,level_price,L6,6,6,4563.4875,-4.4975,4.4975,False,False,False,False,True,True,green_box_quarter,green_box_1_75pct,green,1.0,0.75,4638.5,4500.48,4523.73,138.02000000000044,84.01000000000022,30.0
2026-05-05,2026-05-04,4598.4,level_price,L5,7,5,4596.495,1.905,1.905,True,False,True,True,True,True,red_box_midline,red_mid_1,red,1.0,0.5,4638.5,4500.48,4523.73,138.02000000000044,84.01000000000022,30.0
2026-05-05,2026-05-04,4636.32,level_price,L4,8,4,4638.5,-2.18,2.18,True,False,False,True,True,True,prior_hlc,previous_high,neutral,,,4638.5,4500.48,4523.73,138.02000000000044,84.01000000000022,30.0
2026-05-05,2026-05-04,4678.85,level_price,L3,9,3,4668.5,10.35,10.35,False,False,False,False,False,False,green_box_edge,green_edge_2,green,2.0,,4638.5,4500.48,4523.73,138.02000000000044,84.01000000000022,30.0
2026-05-05,2026-05-04,4725.0,level_price,L2,10,2,4731.5075,-6.5075,6.5075,False,False,False,False,False,True,green_box_quarter,green_box_3_75pct,green,3.0,0.75,4638.5,4500.48,4523.73,138.02000000000044,84.01000000000022,30.0
2026-05-05,2026-05-04,4768.5,level_price,L1,11,1,4773.5125,-5.0125,5.0125,False,False,False,False,False,True,green_box_quarter,green_box_4_25pct,green,4.0,0.25,4638.5,4500.48,4523.73,138.02000000000044,84.01000000000022,30.0
2026-05-06,2026-05-05,4415.14,level_price,L9,1,9,4419.2725,-4.1325,4.1325,False,False,False,False,True,True,red_box_quarter,red_box_4_25pct,red,4.0,0.25,4586.68,4513.66,4557.19,73.02000000000044,51.51000000000022,30.0
2026-05-06,2026-05-05,4463.83,level_price,L8,2,8,4457.905,5.925,5.925,False,False,False,False,False,True,red_box_midline,red_mid_3,red,3.0,0.5,4586.68,4513.66,4557.19,73.02000000000044,51.51000000000022,30.0
2026-05-06,2026-05-05,4510.42,level_price,L7,3,7,4509.415,1.005,1.005,True,False,True,True,True,True,red_box_midline,red_mid_2,red,2.0,0.5,4586.68,4513.66,4557.19,73.02000000000044,51.51000000000022,30.0
2026-05-06,2026-05-05,4556.82,level_price,L6,4,6,4557.19,-0.37,0.37,True,True,True,True,True,True,prior_hlc,previous_close,neutral,,,4586.68,4513.66,4557.19,73.02000000000044,51.51000000000022,30.0
2026-05-06,2026-05-05,4601.04,level_price,L5,5,5,4603.8025,-2.7625,2.7625,True,False,False,True,True,True,green_box_quarter,green_box_2_75pct,green,2.0,0.75,4586.68,4513.66,4557.19,73.02000000000044,51.51000000000022,30.0
2026-05-06,2026-05-05,4644.75,level_price,L4,6,4,4642.435,2.315,2.315,True,False,False,True,True,True,green_box_midline,green_mid_3,green,3.0,0.5,4586.68,4513.66,4557.19,73.02000000000044,51.51000000000022,30.0
2026-05-06,2026-05-05,4690.71,level_price,L3,7,3,4693.945,-3.235,3.235,False,False,False,False,True,True,green_box_midline,green_mid_4,green,4.0,0.5,4586.68,4513.66,4557.19,73.02000000000044,51.51000000000022,30.0
2026-05-06,2026-05-05,4732.95,level_price,L2,8,2,4719.7,13.25,13.25,False,False,False,False,False,False,green_box_edge,green_edge_4,green,4.0,,4586.68,4513.66,4557.19,73.02000000000044,51.51000000000022,30.0
2026-05-06,2026-05-05,4775.19,level_price,L1,9,1,4719.7,55.49,55.49,False,False,False,False,False,False,green_box_edge,green_edge_4,green,4.0,,4586.68,4513.66,4557.19,73.02000000000044,51.51000000000022,30.0
2026-05-07,2026-05-06,4465.92,level_price,L10,1,10,4464.685,1.235,1.235,True,False,True,True,True,True,red_box_midline,red_mid_3,red,3.0,0.5,4723.06,4546.36,4690.84,176.70000000000073,103.35000000000036,30.0
2026-05-07,2026-05-06,4516.14,level_price,L9,2,9,4516.36,-0.22,0.22,True,True,True,True,True,True,red_box_edge,red_edge_2,red,2.0,,4723.06,4546.36,4690.84,176.70000000000073,103.35000000000036,30.0
2026-05-07,2026-05-06,4551.69,level_price,L8,3,8,4546.36,5.33,5.33,False,False,False,False,False,True,prior_hlc,previous_low,neutral,,,4723.06,4546.36,4690.84,176.70000000000073,103.35000000000036,30.0
2026-05-07,2026-05-06,4599.88,level_price,L7,4,7,4598.035,1.845,1.845,True,False,True,True,True,True,green_box_midline,green_mid_1,green,1.0,0.5,4723.06,4546.36,4690.84,176.70000000000073,103.35000000000036,30.0
2026-05-07,2026-05-06,4638.72,level_price,L6,5,6,4634.71,4.01,4.01,False,False,False,False,True,True,prior_hlc,previous_mid,neutral,,,4723.06,4546.36,4690.84,176.70000000000073,103.35000000000036,30.0
2026-05-07,2026-05-06,4678.95,level_price,L5,6,5,4678.885,0.065,0.065,True,True,True,True,True,True,prior_range_fraction,prev_range_0.75,neutral,,0.75,4723.06,4546.36,4690.84,176.70000000000073,103.35000000000036,30.0
2026-05-07,2026-05-06,4728.08,level_price,L4,7,4,4727.2225,0.8575,0.8575,True,True,True,True,True,True,green_box_quarter,green_box_2_75pct,green,2.0,0.75,4723.06,4546.36,4690.84,176.70000000000073,103.35000000000036,30.0
2026-05-07,2026-05-06,4779.54,level_price,L3,8,3,4778.8975,0.6425,0.6425,True,True,True,True,True,True,green_box_quarter,green_box_3_25pct,green,3.0,0.25,4723.06,4546.36,4690.84,176.70000000000073,103.35000000000036,30.0
2026-05-07,2026-05-06,4820.57,level_price,L2,9,2,4830.5725,-10.0025,10.0025,False,False,False,False,False,False,green_box_quarter,green_box_3_75pct,green,3.0,0.75,4723.06,4546.36,4690.84,176.70000000000073,103.35000000000036,30.0
2026-05-07,2026-05-06,4866.78,level_price,L1,10,1,4856.41,10.37,10.37,False,False,False,False,False,False,green_box_edge,green_edge_3,green,3.0,,4723.06,4546.36,4690.84,176.70000000000073,103.35000000000036,30.0
2026-05-08,2026-05-07,4470.86,level_price,L10,1,10,4545.63,-74.77,74.77,False,False,False,False,False,False,red_box_edge,red_edge_4,red,4.0,,4764.81,4685.22,4687.08,79.59000000000015,54.79500000000007,30.0
2026-05-08,2026-05-07,4513.1,level_price,L9,2,9,4545.63,-32.53,32.53,False,False,False,False,False,False,red_box_edge,red_edge_4,red,4.0,,4764.81,4685.22,4687.08,79.59000000000015,54.79500000000007,30.0
2026-05-08,2026-05-07,4554.06,level_price,L8,3,8,4559.32875,-5.26875,5.26875,False,False,False,False,False,True,red_box_quarter,red_box_4_75pct,red,4.0,0.75,4764.81,4685.22,4687.08,79.59000000000015,54.79500000000007,30.0
2026-05-08,2026-05-07,4595.54,level_price,L7,4,7,4600.425,-4.885,4.885,False,False,False,False,True,True,red_box_edge,red_edge_3,red,3.0,,4764.81,4685.22,4687.08,79.59000000000015,54.79500000000007,30.0
2026-05-08,2026-05-07,4635.49,level_price,L6,5,6,4641.52125,-6.03125,6.03125,False,False,False,False,False,True,red_box_quarter,red_box_3_25pct,red,3.0,0.25,4764.81,4685.22,4687.08,79.59000000000015,54.79500000000007,30.0
2026-05-08,2026-05-07,4682.05,level_price,L5,6,5,4682.6175,-0.5675,0.5675,True,True,True,True,True,True,red_box_midline,red_mid_2,red,2.0,0.5,4764.81,4685.22,4687.08,79.59000000000015,54.79500000000007,30.0
2026-05-08,2026-05-07,4730.4,level_price,L4,7,4,4734.40662,-4.00662,4.00662,False,False,False,False,True,True,prior_range_fraction,prev_range_0.618,neutral,,0.618,4764.81,4685.22,4687.08,79.59000000000015,54.79500000000007,30.0
2026-05-08,2026-05-07,4775.19,level_price,L3,8,3,4781.11125,-5.92125,5.92125,False,False,False,False,False,True,green_box_quarter,green_box_2_75pct,green,2.0,0.75,4764.81,4685.22,4687.08,79.59000000000015,54.79500000000007,30.0
2026-05-08,2026-05-07,4822.26,level_price,L2,9,2,4822.2075,0.0525,0.0525,True,True,True,True,True,True,green_box_midline,green_mid_3,green,3.0,0.5,4764.81,4685.22,4687.08,79.59000000000015,54.79500000000007,30.0
2026-05-08,2026-05-07,4867.3,level_price,L1,10,1,4863.30375,3.99625,3.99625,False,False,False,False,True,True,green_box_quarter,green_box_4_25pct,green,4.0,0.25,4764.81,4685.22,4687.08,79.59000000000015,54.79500000000007,30.0
2026-05-11,2026-05-08,4564.17,level_price,L10,1,10,4558.39375,5.77625,5.77625,False,False,False,False,False,True,red_box_quarter,red_box_4_75pct,red,4.0,0.75,4749.4,4677.53,4715.62,71.86999999999989,50.934999999999945,30.0
2026-05-11,2026-05-08,4605.77,level_price,L9,2,9,4609.32875,-3.55875,3.55875,False,False,False,False,True,True,red_box_quarter,red_box_3_75pct,red,3.0,0.75,4749.4,4677.53,4715.62,71.86999999999989,50.934999999999945,30.0
2026-05-11,2026-05-08,4646.51,level_price,L8,3,8,4647.53,-1.02,1.02,True,False,True,True,True,True,red_box_edge,red_edge_2,red,2.0,,4749.4,4677.53,4715.62,71.86999999999989,50.934999999999945,30.0
2026-05-11,2026-05-08,4684.33,level_price,L7,4,7,4685.73125,-1.40125,1.40125,True,False,True,True,True,True,red_box_quarter,red_box_2_25pct,red,2.0,0.25,4749.4,4677.53,4715.62,71.86999999999989,50.934999999999945,30.0
2026-05-11,2026-05-08,4721.87,level_price,L6,5,6,4721.94566,-0.07566,0.07566,True,True,True,True,True,True,prior_range_fraction,prev_range_0.618,neutral,,0.618,4749.4,4677.53,4715.62,71.86999999999989,50.934999999999945,30.0
2026-05-11,2026-05-08,4756.62,level_price,L5,6,5,4753.9325,2.6875,2.6875,True,False,False,True,True,True,green_box_midline,green_mid_2,green,2.0,0.5,4749.4,4677.53,4715.62,71.86999999999989,50.934999999999945,30.0
2026-05-11,2026-05-08,4790.81,level_price,L4,7,4,4792.13375,-1.32375,1.32375,True,False,True,True,True,True,green_box_quarter,green_box_3_25pct,green,3.0,0.25,4749.4,4677.53,4715.62,71.86999999999989,50.934999999999945,30.0
2026-05-11,2026-05-08,4822.26,level_price,L3,8,3,4817.60125,4.65875,4.65875,False,False,False,False,True,True,green_box_quarter,green_box_3_75pct,green,3.0,0.75,4749.4,4677.53,4715.62,71.86999999999989,50.934999999999945,30.0
2026-05-11,2026-05-08,4851.37,level_price,L2,9,2,4855.8025,-4.4325,4.4325,False,False,False,False,True,True,green_box_midline,green_mid_4,green,4.0,0.5,4749.4,4677.53,4715.62,71.86999999999989,50.934999999999945,30.0
2026-05-11,2026-05-08,4886.24,level_price,L1,10,1,4881.27,4.97,4.97,False,False,False,False,True,True,green_box_edge,green_edge_4,green,4.0,,4749.4,4677.53,4715.62,71.86999999999989,50.934999999999945,30.0
2026-05-12,2026-05-11,4565.08,level_price,L10,1,10,4569.27125,-4.19125,4.19125,False,False,False,False,True,True,red_box_quarter,red_box_3_75pct,red,3.0,0.75,4748.53,4648.16,4734.64,100.36999999999989,65.18499999999995,30.0
2026-05-12,2026-05-11,4601.92,level_price,L9,2,9,4601.86375,0.05625,0.05625,True,True,True,True,True,True,red_box_quarter,red_box_3_25pct,red,3.0,0.25,4748.53,4648.16,4734.64,100.36999999999989,65.18499999999995,30.0
2026-05-12,2026-05-11,4643.4,level_price,L8,3,8,4648.16,-4.76,4.76,False,False,False,False,True,True,prior_hlc,previous_low,neutral,,,4748.53,4648.16,4734.64,100.36999999999989,65.18499999999995,30.0
2026-05-12,2026-05-11,4680.73,level_price,L7,4,7,4680.7525,-0.0225,0.0225,True,True,True,True,True,True,green_box_midline,green_mid_1,green,1.0,0.5,4748.53,4648.16,4734.64,100.36999999999989,65.18499999999995,30.0
2026-05-12,2026-05-11,4717.37,level_price,L6,5,6,4715.9375,1.4325,1.4325,True,False,True,True,True,True,red_box_midline,red_mid_1,red,1.0,0.5,4748.53,4648.16,4734.64,100.36999999999989,65.18499999999995,30.0
2026-05-12,2026-05-11,4752.28,level_price,L5,6,5,4748.53,3.75,3.75,False,False,False,False,True,True,prior_hlc,previous_high,neutral,,,4748.53,4648.16,4734.64,100.36999999999989,65.18499999999995,30.0
2026-05-12,2026-05-11,4786.09,level_price,L4,7,4,4778.53,7.56,7.56,False,False,False,False,False,True,green_box_edge,green_edge_2,green,2.0,,4748.53,4648.16,4734.64,100.36999999999989,65.18499999999995,30.0
2026-05-12,2026-05-11,4816.5,level_price,L3,8,3,4811.1225,5.3775,5.3775,False,False,False,False,False,True,green_box_midline,green_mid_3,green,3.0,0.5,4748.53,4648.16,4734.64,100.36999999999989,65.18499999999995,30.0
2026-05-12,2026-05-11,4845.04,level_price,L2,9,2,4843.715,1.325,1.325,True,False,True,True,True,True,green_box_edge,green_edge_3,green,3.0,,4748.53,4648.16,4734.64,100.36999999999989,65.18499999999995,30.0
2026-05-12,2026-05-11,4879.69,level_price,L1,10,1,4876.3075,3.3825,3.3825,False,False,False,False,True,True,green_box_midline,green_mid_4,green,4.0,0.5,4748.53,4648.16,4734.64,100.36999999999989,65.18499999999995,30.0
2026-05-13,2026-05-12,4561.33,level_price,L10,1,10,4566.905,-5.575,5.575,False,False,False,False,False,True,red_box_midline,red_mid_3,red,3.0,0.5,4773.48,4638.22,4715.15,135.2599999999993,82.62999999999965,30.0
2026-05-13,2026-05-12,4599.37,level_price,L9,2,9,4608.22,-8.85,8.85,False,False,False,False,False,True,red_box_edge,red_edge_2,red,2.0,,4773.48,4638.22,4715.15,135.2599999999993,82.62999999999965,30.0
2026-05-13,2026-05-12,4634.55,level_price,L8,3,8,4638.22,-3.67,3.67,False,False,False,False,True,True,prior_hlc,previous_low,neutral,,,4773.48,4638.22,4715.15,135.2599999999993,82.62999999999965,30.0
2026-05-13,2026-05-12,4670.27,level_price,L7,4,7,4670.1925,0.0775,0.0775,True,True,True,True,True,True,red_box_quarter,red_box_2_25pct,red,2.0,0.25,4773.48,4638.22,4715.15,135.2599999999993,82.62999999999965,30.0
2026-05-13,2026-05-12,4707.42,level_price,L6,5,6,4708.95,-1.53,1.53,True,False,True,True,True,True,prior_hlc,previous_pivot_hlc3,neutral,,,4773.48,4638.22,4715.15,135.2599999999993,82.62999999999965,30.0
2026-05-13,2026-05-12,4746.53,level_price,L5,6,5,4741.5075,5.0225,5.0225,False,False,False,False,False,True,green_box_quarter,green_box_2_25pct,green,2.0,0.25,4773.48,4638.22,4715.15,135.2599999999993,82.62999999999965,30.0
2026-05-13,2026-05-12,4786.09,level_price,L4,7,4,4782.8225,3.2675,3.2675,False,False,False,False,True,True,green_box_quarter,green_box_2_75pct,green,2.0,0.75,4773.48,4638.22,4715.15,135.2599999999993,82.62999999999965,30.0
2026-05-13,2026-05-12,4821.41,level_price,L3,8,3,4824.1375,-2.7275,2.7275,True,False,False,True,True,True,green_box_quarter,green_box_3_25pct,green,3.0,0.25,4773.48,4638.22,4715.15,135.2599999999993,82.62999999999965,30.0
2026-05-13,2026-05-12,4851.69,level_price,L2,9,2,4844.795,6.895,6.895,False,False,False,False,False,True,green_box_midline,green_mid_3,green,3.0,0.5,4773.48,4638.22,4715.15,135.2599999999993,82.62999999999965,30.0
2026-05-13,2026-05-12,4885.2,level_price,L1,10,1,4886.11,-0.91,0.91,True,True,True,True,True,True,green_box_edge,green_edge_3,green,3.0,,4773.48,4638.22,4715.15,135.2599999999993,82.62999999999965,30.0
2026-05-14,2026-05-13,4576.0,level_price,L10,1,10,4573.9875,2.0125,2.0125,True,False,False,True,True,True,red_box_midline,red_mid_4,red,4.0,0.5,4726.78,4669.47,4688.78,57.30999999999949,43.654999999999745,30.0
2026-05-14,2026-05-13,4607.45,level_price,L9,2,9,4606.72875,0.72125,0.72125,True,True,True,True,True,True,red_box_quarter,red_box_3_75pct,red,3.0,0.75,4726.78,4669.47,4688.78,57.30999999999949,43.654999999999745,30.0
2026-05-14,2026-05-13,4638.74,level_price,L8,3,8,4639.47,-0.73,0.73,True,True,True,True,True,True,red_box_edge,red_edge_2,red,2.0,,4726.78,4669.47,4688.78,57.30999999999949,43.654999999999745,30.0
2026-05-14,2026-05-13,4670.27,level_price,L7,4,7,4669.47,0.8,0.8,True,True,True,True,True,True,prior_hlc,previous_low,neutral,,,4726.78,4669.47,4688.78,57.30999999999949,43.654999999999745,30.0
2026-05-14,2026-05-13,4699.33,level_price,L6,5,6,4698.125,1.205,1.205,True,False,True,True,True,True,prior_hlc,previous_mid,neutral,,,4726.78,4669.47,4688.78,57.30999999999949,43.654999999999745,30.0
2026-05-14,2026-05-13,4734.88,level_price,L5,6,5,4734.9525,-0.0725,0.0725,True,True,True,True,True,True,green_box_midline,green_mid_2,green,2.0,0.5,4726.78,4669.47,4688.78,57.30999999999949,43.654999999999745,30.0
2026-05-14,2026-05-13,4768.67,level_price,L4,7,4,4767.69375,0.97625,0.97625,True,True,True,True,True,True,green_box_quarter,green_box_3_25pct,green,3.0,0.25,4726.78,4669.47,4688.78,57.30999999999949,43.654999999999745,30.0
2026-05-14,2026-05-13,4804.81,level_price,L3,8,3,4800.435,4.375,4.375,False,False,False,False,True,True,green_box_edge,green_edge_3,green,3.0,,4726.78,4669.47,4688.78,57.30999999999949,43.654999999999745,30.0
2026-05-14,2026-05-13,4846.55,level_price,L2,9,2,4844.09,2.46,2.46,True,False,False,True,True,True,green_box_edge,green_edge_4,green,4.0,,4726.78,4669.47,4688.78,57.30999999999949,43.654999999999745,30.0
2026-05-14,2026-05-13,4882.6,level_price,L1,10,1,4844.09,38.51,38.51,False,False,False,False,False,False,green_box_edge,green_edge_4,green,4.0,,4726.78,4669.47,4688.78,57.30999999999949,43.654999999999745,30.0
2026-05-15,2026-05-14,4508.18,level_price,L10,1,10,4510.04,-1.86,1.86,True,False,True,True,True,True,red_box_edge,red_edge_4,red,4.0,,4718.8,4644.42,4652.36,74.38000000000011,52.190000000000055,30.0
2026-05-15,2026-05-14,4538.59,level_price,L9,2,9,4536.135,2.455,2.455,True,False,False,True,True,True,red_box_midline,red_mid_4,red,4.0,0.5,4718.8,4644.42,4652.36,74.38000000000011,52.190000000000055,30.0
2026-05-15,2026-05-14,4567.23,level_price,L8,3,8,4562.23,5.0,5.0,False,False,False,False,True,True,red_box_edge,red_edge_3,red,3.0,,4718.8,4644.42,4652.36,74.38000000000011,52.190000000000055,30.0
2026-05-15,2026-05-14,4600.62,level_price,L7,4,7,4601.3725,-0.7525,0.7525,True,True,True,True,True,True,red_box_quarter,red_box_3_25pct,red,3.0,0.25,4718.8,4644.42,4652.36,74.38000000000011,52.190000000000055,30.0
2026-05-15,2026-05-14,4635.27,level_price,L6,5,6,4640.515,-5.245,5.245,False,False,False,False,False,True,red_box_midline,red_mid_2,red,2.0,0.5,4718.8,4644.42,4652.36,74.38000000000011,52.190000000000055,30.0
2026-05-15,2026-05-14,4665.63,level_price,L5,6,5,4666.61,-0.98,0.98,True,True,True,True,True,True,red_box_edge,red_edge_1,red,1.0,,4718.8,4644.42,4652.36,74.38000000000011,52.190000000000055,30.0
2026-05-15,2026-05-14,4693.67,level_price,L4,7,4,4694.006691,-0.336691,0.336691,True,True,True,True,True,True,prior_range_fraction,prev_range_0.666667,neutral,,0.666667,4718.8,4644.42,4652.36,74.38000000000011,52.190000000000055,30.0
2026-05-15,2026-05-14,4730.45,level_price,L3,8,3,4735.7525,-5.3025,5.3025,False,False,False,False,False,True,green_box_quarter,green_box_2_75pct,green,2.0,0.75,4718.8,4644.42,4652.36,74.38000000000011,52.190000000000055,30.0
2026-05-15,2026-05-14,4762.6,level_price,L2,9,2,4761.8475,0.7525,0.7525,True,True,True,True,True,True,green_box_quarter,green_box_3_25pct,green,3.0,0.25,4718.8,4644.42,4652.36,74.38000000000011,52.190000000000055,30.0
2026-05-15,2026-05-14,4797.79,level_price,L1,10,1,4800.99,-3.2,3.2,False,False,False,False,True,True,green_box_edge,green_edge_3,green,3.0,,4718.8,4644.42,4652.36,74.38000000000011,52.190000000000055,30.0
2026-05-18,2026-05-15,4410.68,level_price,L10,1,10,4412.35125,-1.67125,1.67125,True,False,True,True,True,True,red_box_quarter,red_box_3_75pct,red,3.0,0.75,4665.42,4511.37,4538.64,154.05000000000018,92.02500000000009,30.0
2026-05-18,2026-05-15,4434.4,level_price,L9,2,9,4435.3575,-0.9575,0.9575,True,True,True,True,True,True,red_box_midline,red_mid_3,red,3.0,0.5,4665.42,4511.37,4538.64,154.05000000000018,92.02500000000009,30.0
2026-05-18,2026-05-15,4457.13,level_price,L8,3,8,4458.36375,-1.23375,1.23375,True,False,True,True,True,True,red_box_quarter,red_box_3_25pct,red,3.0,0.25,4665.42,4511.37,4538.64,154.05000000000018,92.02500000000009,30.0
2026-05-18,2026-05-15,4481.32,level_price,L7,4,7,4481.37,-0.05,0.05,True,True,True,True,True,True,red_box_edge,red_edge_2,red,2.0,,4665.42,4511.37,4538.64,154.05000000000018,92.02500000000009,30.0
2026-05-18,2026-05-15,4511.93,level_price,L6,5,6,4511.37,0.56,0.56,True,True,True,True,True,True,prior_hlc,previous_low,neutral,,,4665.42,4511.37,4538.64,154.05000000000018,92.02500000000009,30.0
2026-05-18,2026-05-15,4539.06,level_price,L5,6,5,4538.64,0.42,0.42,True,True,True,True,True,True,prior_hlc,previous_close,neutral,,,4665.42,4511.37,4538.64,154.05000000000018,92.02500000000009,30.0
2026-05-18,2026-05-15,4564.33,level_price,L4,7,4,4562.719949,1.610051,1.610051,True,False,True,True,True,True,prior_range_fraction,prev_range_0.333333,neutral,,0.333333,4665.42,4511.37,4538.64,154.05000000000018,92.02500000000009,30.0
2026-05-18,2026-05-15,4586.21,level_price,L3,8,3,4588.395,-2.185,2.185,True,False,False,True,True,True,prior_hlc,previous_mid,neutral,,,4665.42,4511.37,4538.64,154.05000000000018,92.02500000000009,30.0
2026-05-18,2026-05-15,4617.41,level_price,L2,9,2,4619.4075,-1.9975,1.9975,True,False,True,True,True,True,red_box_midline,red_mid_1,red,1.0,0.5,4665.42,4511.37,4538.64,154.05000000000018,92.02500000000009,30.0
2026-05-18,2026-05-15,4648.61,level_price,L1,10,1,4649.4075,-0.7975,0.7975,True,True,True,True,True,True,green_box_midline,green_mid_2,green,2.0,0.5,4665.42,4511.37,4538.64,154.05000000000018,92.02500000000009,30.0
2026-05-19,2026-05-18,4462.57,level_price,L10,1,10,4467.2,-4.63,4.63,False,False,False,False,True,True,red_box_quarter,red_box_2_75pct,red,2.0,0.75,4584.24,4480.48,4566.12,103.76000000000022,66.88000000000011,30.0
2026-05-19,2026-05-18,4484.49,level_price,L9,2,9,4483.92,0.57,0.57,True,True,True,True,True,True,red_box_midline,red_mid_2,red,2.0,0.5,4584.24,4480.48,4566.12,103.76000000000022,66.88000000000011,30.0
2026-05-19,2026-05-18,4507.43,level_price,L8,3,8,4506.42,1.01,1.01,True,False,True,True,True,True,prior_range_fraction,prev_range_0.25,neutral,,0.25,4584.24,4480.48,4566.12,103.76000000000022,66.88000000000011,30.0
2026-05-19,2026-05-18,4532.84,level_price,L7,4,7,4532.36,0.48,0.48,True,True,True,True,True,True,prior_hlc,previous_mid,neutral,,,4584.24,4480.48,4566.12,103.76000000000022,66.88000000000011,30.0
2026-05-19,2026-05-18,4558.95,level_price,L6,5,6,4558.3,0.65,0.65,True,True,True,True,True,True,prior_range_fraction,prev_range_0.75,neutral,,0.75,4584.24,4480.48,4566.12,103.76000000000022,66.88000000000011,30.0
2026-05-19,2026-05-18,4586.21,level_price,L5,6,5,4584.24,1.97,1.97,True,False,True,True,True,True,prior_hlc,previous_high,neutral,,,4584.24,4480.48,4566.12,103.76000000000022,66.88000000000011,30.0
2026-05-19,2026-05-18,4606.82,level_price,L4,7,4,4614.24,-7.42,7.42,False,False,False,False,False,True,green_box_edge,green_edge_2,green,2.0,,4584.24,4480.48,4566.12,103.76000000000022,66.88000000000011,30.0
2026-05-19,2026-05-18,4631.35,level_price,L3,8,3,4630.96,0.39,0.39,True,True,True,True,True,True,green_box_quarter,green_box_3_25pct,green,3.0,0.25,4584.24,4480.48,4566.12,103.76000000000022,66.88000000000011,30.0
2026-05-19,2026-05-18,4652.95,level_price,L2,9,2,4647.68,5.27,5.27,False,False,False,False,False,True,green_box_midline,green_mid_3,green,3.0,0.5,4584.24,4480.48,4566.12,103.76000000000022,66.88000000000011,30.0
2026-05-19,2026-05-18,4674.56,level_price,L1,10,1,4681.12,-6.56,6.56,False,False,False,False,False,True,green_box_edge,green_edge_3,green,3.0,,4584.24,4480.48,4566.12,103.76000000000022,66.88000000000011,30.0
2026-05-20,2026-05-19,4421.98,level_price,L9,1,9,4413.595,8.385,8.385,False,False,False,False,False,True,red_box_quarter,red_box_3_25pct,red,3.0,0.25,4589.5,4463.14,4481.92,126.35999999999967,78.17999999999984,30.0
2026-05-20,2026-05-19,4441.45,level_price,L8,2,8,4433.14,8.31,8.31,False,False,False,False,False,True,red_box_edge,red_edge_2,red,2.0,,4589.5,4463.14,4481.92,126.35999999999967,78.17999999999984,30.0
2026-05-20,2026-05-19,4462.0,level_price,L7,3,7,4463.14,-1.14,1.14,True,False,True,True,True,True,prior_hlc,previous_low,neutral,,,4589.5,4463.14,4481.92,126.35999999999967,78.17999999999984,30.0
2026-05-20,2026-05-19,4487.59,level_price,L6,4,6,4491.775,-4.185,4.185,False,False,False,False,True,True,red_box_quarter,red_box_2_25pct,red,2.0,0.25,4589.5,4463.14,4481.92,126.35999999999967,78.17999999999984,30.0
2026-05-20,2026-05-19,4506.6,level_price,L5,5,5,4505.259958,1.340042,1.340042,True,False,True,True,True,True,prior_range_fraction,prev_range_0.333333,neutral,,0.333333,4589.5,4463.14,4481.92,126.35999999999967,78.17999999999984,30.0
2026-05-20,2026-05-19,4529.64,level_price,L4,6,4,4530.865,-1.225,1.225,True,False,True,True,True,True,red_box_quarter,red_box_1_75pct,red,1.0,0.75,4589.5,4463.14,4481.92,126.35999999999967,78.17999999999984,30.0
2026-05-20,2026-05-19,4556.71,level_price,L3,7,3,4557.91,-1.2,1.2,True,False,True,True,True,True,prior_range_fraction,prev_range_0.75,neutral,,0.75,4589.5,4463.14,4481.92,126.35999999999967,78.17999999999984,30.0
2026-05-20,2026-05-19,4579.14,level_price,L2,8,2,4580.41,-1.27,1.27,True,False,True,True,True,True,green_box_midline,green_mid_2,green,2.0,0.5,4589.5,4463.14,4481.92,126.35999999999967,78.17999999999984,30.0
2026-05-20,2026-05-19,4601.48,level_price,L1,9,1,4599.955,1.525,1.525,True,False,True,True,True,True,green_box_quarter,green_box_2_75pct,green,2.0,0.75,4589.5,4463.14,4481.92,126.35999999999967,78.17999999999984,30.0
2026-05-21,2026-05-20,4418.2,level_price,L10,1,10,4423.54,-5.34,5.34,False,False,False,False,False,True,red_box_edge,red_edge_2,red,2.0,,4552.7,4453.54,4543.62,99.15999999999985,64.57999999999993,30.0
2026-05-21,2026-05-20,4457.38,level_price,L9,2,9,4455.83,1.55,1.55,True,False,True,True,True,True,red_box_midline,red_mid_2,red,2.0,0.5,4552.7,4453.54,4543.62,99.15999999999985,64.57999999999993,30.0
2026-05-21,2026-05-20,4493.34,level_price,L8,3,8,4491.41912,1.92088,1.92088,True,False,True,True,True,True,prior_range_fraction,prev_range_0.382,neutral,,0.382,4552.7,4453.54,4543.62,99.15999999999985,64.57999999999993,30.0
2026-05-21,2026-05-20,4524.06,level_price,L7,4,7,4520.41,3.65,3.65,False,False,False,False,True,True,red_box_midline,red_mid_1,red,1.0,0.5,4552.7,4453.54,4543.62,99.15999999999985,64.57999999999993,30.0
2026-05-21,2026-05-20,4554.33,level_price,L6,5,6,4552.7,1.63,1.63,True,False,True,True,True,True,prior_hlc,previous_high,neutral,,,4552.7,4453.54,4543.62,99.15999999999985,64.57999999999993,30.0
2026-05-21,2026-05-20,4582.07,level_price,L5,6,5,4582.7,-0.63,0.63,True,True,True,True,True,True,green_box_edge,green_edge_2,green,2.0,,4552.7,4453.54,4543.62,99.15999999999985,64.57999999999993,30.0
2026-05-21,2026-05-20,4608.29,level_price,L4,7,4,4614.99,-6.7,6.7,False,False,False,False,False,True,green_box_midline,green_mid_3,green,3.0,0.5,4552.7,4453.54,4543.62,99.15999999999985,64.57999999999993,30.0
2026-05-21,2026-05-20,4638.67,level_price,L3,8,3,4631.135,7.535,7.535,False,False,False,False,False,True,green_box_quarter,green_box_3_75pct,green,3.0,0.75,4552.7,4453.54,4543.62,99.15999999999985,64.57999999999993,30.0
2026-05-21,2026-05-20,4666.94,level_price,L2,9,2,4663.425,3.515,3.515,False,False,False,False,True,True,green_box_quarter,green_box_4_25pct,green,4.0,0.25,4552.7,4453.54,4543.62,99.15999999999985,64.57999999999993,30.0
2026-05-21,2026-05-20,4692.27,level_price,L1,10,1,4695.715,-3.445,3.445,False,False,False,False,True,True,green_box_quarter,green_box_4_75pct,green,4.0,0.75,4552.7,4453.54,4543.62,99.15999999999985,64.57999999999993,30.0
2026-05-22,2026-05-21,4419.68,level_price,L10,1,10,4415.71375,3.96625,3.96625,False,False,False,False,True,True,red_box_quarter,red_box_3_75pct,red,3.0,0.75,4570.69,4487.98,4543.05,82.71000000000004,56.35500000000002,30.0
2026-05-22,2026-05-21,4452.68,level_price,L9,2,9,4457.98,-5.3,5.3,False,False,False,False,False,True,red_box_edge,red_edge_2,red,2.0,,4570.69,4487.98,4543.05,82.71000000000004,56.35500000000002,30.0
2026-05-22,2026-05-21,4487.96,level_price,L8,3,8,4487.98,-0.02,0.02,True,True,True,True,True,True,prior_hlc,previous_low,neutral,,,4570.69,4487.98,4543.05,82.71000000000004,56.35500000000002,30.0
2026-05-22,2026-05-21,4520.55,level_price,L7,4,7,4519.57522,0.97478,0.97478,True,True,True,True,True,True,prior_range_fraction,prev_range_0.382,neutral,,0.382,4570.69,4487.98,4543.05,82.71000000000004,56.35500000000002,30.0
2026-05-22,2026-05-21,4551.77,level_price,L6,5,6,4550.0125,1.7575,1.7575,True,False,True,True,True,True,prior_range_fraction,prev_range_0.75,neutral,,0.75,4570.69,4487.98,4543.05,82.71000000000004,56.35500000000002,30.0
2026-05-22,2026-05-21,4582.41,level_price,L5,6,5,4586.60125,-4.19125,4.19125,False,False,False,False,True,True,green_box_quarter,green_box_2_75pct,green,2.0,0.75,4570.69,4487.98,4543.05,82.71000000000004,56.35500000000002,30.0
2026-05-22,2026-05-21,4614.22,level_price,L4,7,4,4614.77875,-0.55875,0.55875,True,True,True,True,True,True,green_box_quarter,green_box_3_25pct,green,3.0,0.25,4570.69,4487.98,4543.05,82.71000000000004,56.35500000000002,30.0
2026-05-22,2026-05-21,4643.47,level_price,L3,8,3,4642.95625,0.51375,0.51375,True,True,True,True,True,True,green_box_quarter,green_box_3_75pct,green,3.0,0.75,4570.69,4487.98,4543.05,82.71000000000004,56.35500000000002,30.0
2026-05-22,2026-05-21,4669.36,level_price,L2,9,2,4671.13375,-1.77375,1.77375,True,False,True,True,True,True,green_box_quarter,green_box_4_25pct,green,4.0,0.25,4570.69,4487.98,4543.05,82.71000000000004,56.35500000000002,30.0
2026-05-22,2026-05-21,4694.46,level_price,L1,10,1,4699.31125,-4.85125,4.85125,False,False,False,False,True,True,green_box_quarter,green_box_4_75pct,green,4.0,0.75,4570.69,4487.98,4543.05,82.71000000000004,56.35500000000002,30.0
2026-05-25,2026-05-22,4319.19,level_price,L11,1,11,4372.23,-53.04,53.04,False,False,False,False,False,False,red_box_edge,red_edge_4,red,4.0,,4546.75,4489.49,4507.9,57.26000000000022,43.63000000000011,30.0
2026-05-25,2026-05-22,4353.62,level_price,L10,2,10,4372.23,-18.61,18.61,False,False,False,False,False,False,red_box_edge,red_edge_4,red,4.0,,4546.75,4489.49,4507.9,57.26000000000022,43.63000000000011,30.0
2026-05-25,2026-05-22,4388.95,level_price,L9,3,9,4394.045,-5.095,5.095,False,False,False,False,False,True,red_box_midline,red_mid_4,red,4.0,0.5,4546.75,4489.49,4507.9,57.26000000000022,43.63000000000011,30.0
2026-05-25,2026-05-22,4427.87,level_price,L8,4,8,4426.7675,1.1025,1.1025,True,False,True,True,True,True,red_box_quarter,red_box_3_75pct,red,3.0,0.75,4546.75,4489.49,4507.9,57.26000000000022,43.63000000000011,30.0
2026-05-25,2026-05-22,4462.89,level_price,L7,5,7,4459.49,3.4,3.4,False,False,False,False,True,True,red_box_edge,red_edge_2,red,2.0,,4546.75,4489.49,4507.9,57.26000000000022,43.63000000000011,30.0
2026-05-25,2026-05-22,4494.67,level_price,L6,6,6,4496.6475,-1.9775,1.9775,True,False,True,True,True,True,prior_range_fraction,prev_range_0.125,neutral,,0.125,4546.75,4489.49,4507.9,57.26000000000022,43.63000000000011,30.0
2026-05-25,2026-05-22,4524.91,level_price,L5,7,5,4524.935,-0.025,0.025,True,True,True,True,True,True,red_box_midline,red_mid_1,red,1.0,0.5,4546.75,4489.49,4507.9,57.26000000000022,43.63000000000011,30.0
2026-05-25,2026-05-22,4556.09,level_price,L4,8,4,4554.935,1.155,1.155,True,False,True,True,True,True,green_box_midline,green_mid_2,green,2.0,0.5,4546.75,4489.49,4507.9,57.26000000000022,43.63000000000011,30.0
2026-05-25,2026-05-22,4586.31,level_price,L3,9,3,4587.6575,-1.3475,1.3475,True,False,True,True,True,True,green_box_quarter,green_box_3_25pct,green,3.0,0.25,4546.75,4489.49,4507.9,57.26000000000022,43.63000000000011,30.0
2026-05-25,2026-05-22,4618.69,level_price,L2,10,2,4620.38,-1.69,1.69,True,False,True,True,True,True,green_box_edge,green_edge_3,green,3.0,,4546.75,4489.49,4507.9,57.26000000000022,43.63000000000011,30.0
2026-05-25,2026-05-22,4649.61,level_price,L1,11,1,4653.1025,-3.4925,3.4925,False,False,False,False,True,True,green_box_quarter,green_box_4_75pct,green,4.0,0.75,4546.75,4489.49,4507.9,57.26000000000022,43.63000000000011,30.0
2026-05-26,2026-05-25,4430.17,level_price,L9,1,9,4434.3675,-4.1975,4.1975,False,False,False,False,True,True,red_box_quarter,red_box_4_75pct,red,4.0,0.75,4580.13,4532.39,4570.94,47.73999999999978,38.86999999999989,30.0
2026-05-26,2026-05-25,4467.81,level_price,L8,2,8,4463.52,4.29,4.29,False,False,False,False,True,True,red_box_edge,red_edge_3,red,3.0,,4580.13,4532.39,4570.94,47.73999999999978,38.86999999999989,30.0
2026-05-26,2026-05-25,4499.76,level_price,L7,3,7,4502.39,-2.63,2.63,True,False,False,True,True,True,red_box_edge,red_edge_2,red,2.0,,4580.13,4532.39,4570.94,47.73999999999978,38.86999999999989,30.0
2026-05-26,2026-05-25,4529.9,level_price,L6,4,6,4531.5425,-1.6425,1.6425,True,False,True,True,True,True,red_box_quarter,red_box_2_25pct,red,2.0,0.25,4580.13,4532.39,4570.94,47.73999999999978,38.86999999999989,30.0
2026-05-26,2026-05-25,4562.44,level_price,L5,5,5,4561.89332,0.54668,0.54668,True,True,True,True,True,True,prior_range_fraction,prev_range_0.618,neutral,,0.618,4580.13,4532.39,4570.94,47.73999999999978,38.86999999999989,30.0
2026-05-26,2026-05-25,4593.58,level_price,L4,6,4,4590.695,2.885,2.885,True,False,False,True,True,True,green_box_midline,green_mid_2,green,2.0,0.5,4580.13,4532.39,4570.94,47.73999999999978,38.86999999999989,30.0
2026-05-26,2026-05-25,4624.67,level_price,L3,7,3,4619.8475,4.8225,4.8225,False,False,False,False,True,True,green_box_quarter,green_box_3_25pct,green,3.0,0.25,4580.13,4532.39,4570.94,47.73999999999978,38.86999999999989,30.0
2026-05-26,2026-05-25,4652.19,level_price,L2,8,2,4649.0,3.19,3.19,False,False,False,False,True,True,green_box_edge,green_edge_3,green,3.0,,4580.13,4532.39,4570.94,47.73999999999978,38.86999999999989,30.0
2026-05-26,2026-05-25,4679.03,level_price,L1,9,1,4678.1525,0.8775,0.8775,True,True,True,True,True,True,green_box_quarter,green_box_4_75pct,green,4.0,0.75,4580.13,4532.39,4570.94,47.73999999999978,38.86999999999989,30.0
2026-05-27,2026-05-26,4379.31,level_price,L8,1,8,4371.69,7.62,7.62,False,False,False,False,False,True,red_box_quarter,red_box_4_25pct,red,4.0,0.25,4580.34,4481.94,4507.47,98.40000000000055,64.20000000000027,30.0
2026-05-27,2026-05-26,4421.27,level_price,L7,2,7,4419.84,1.43,1.43,True,False,True,True,True,True,red_box_midline,red_mid_3,red,3.0,0.5,4580.34,4481.94,4507.47,98.40000000000055,64.20000000000027,30.0
2026-05-27,2026-05-26,4459.72,level_price,L6,3,6,4451.94,7.78,7.78,False,False,False,False,False,True,red_box_edge,red_edge_2,red,2.0,,4580.34,4481.94,4507.47,98.40000000000055,64.20000000000027,30.0
2026-05-27,2026-05-26,4496.68,level_price,L5,4,5,4497.99,-1.31,1.31,True,False,True,True,True,True,green_box_quarter,green_box_1_25pct,green,1.0,0.25,4580.34,4481.94,4507.47,98.40000000000055,64.20000000000027,30.0
2026-05-27,2026-05-26,4530.95,level_price,L4,5,4,4531.14,-0.19,0.19,True,True,True,True,True,True,prior_hlc,previous_mid,neutral,,,4580.34,4481.94,4507.47,98.40000000000055,64.20000000000027,30.0
2026-05-27,2026-05-26,4559.52,level_price,L3,6,3,4562.19,-2.67,2.67,True,False,False,True,True,True,green_box_quarter,green_box_2_25pct,green,2.0,0.25,4580.34,4481.94,4507.47,98.40000000000055,64.20000000000027,30.0
2026-05-27,2026-05-26,4590.29,level_price,L2,7,2,4594.29,-4.0,4.0,False,False,False,False,True,True,green_box_quarter,green_box_2_75pct,green,2.0,0.75,4580.34,4481.94,4507.47,98.40000000000055,64.20000000000027,30.0
2026-05-27,2026-05-26,4614.45,level_price,L1,8,1,4610.34,4.11,4.11,False,False,False,False,True,True,green_box_edge,green_edge_2,green,2.0,,4580.34,4481.94,4507.47,98.40000000000055,64.20000000000027,30.0
2026-05-28,2026-05-27,4305.28,level_price,L9,1,9,4309.115,-3.835,3.835,False,False,False,False,True,True,red_box_quarter,red_box_3_75pct,red,3.0,0.75,4537.86,4401.5,4456.18,136.35999999999967,83.17999999999984,30.0
2026-05-28,2026-05-27,4340.39,level_price,L8,2,8,4350.705,-10.315,10.315,False,False,False,False,False,False,red_box_quarter,red_box_3_25pct,red,3.0,0.25,4537.86,4401.5,4456.18,136.35999999999967,83.17999999999984,30.0
2026-05-28,2026-05-27,4379.41,level_price,L7,3,7,4371.5,7.91,7.91,False,False,False,False,False,True,red_box_edge,red_edge_2,red,2.0,,4537.86,4401.5,4456.18,136.35999999999967,83.17999999999984,30.0
2026-05-28,2026-05-27,4424.0,level_price,L6,4,6,4422.295,1.705,1.705,True,False,True,True,True,True,green_box_quarter,green_box_1_25pct,green,1.0,0.25,4537.86,4401.5,4456.18,136.35999999999967,83.17999999999984,30.0
2026-05-28,2026-05-27,4466.16,level_price,L5,5,5,4465.18,0.98,0.98,True,True,True,True,True,True,prior_hlc,previous_pivot_hlc3,neutral,,,4537.86,4401.5,4456.18,136.35999999999967,83.17999999999984,30.0
2026-05-28,2026-05-27,4495.53,level_price,L4,6,4,4496.27,-0.74,0.74,True,True,True,True,True,True,red_box_midline,red_mid_1,red,1.0,0.5,4537.86,4401.5,4456.18,136.35999999999967,83.17999999999984,30.0
2026-05-28,2026-05-27,4525.95,level_price,L3,7,3,4526.27,-0.32,0.32,True,True,True,True,True,True,green_box_midline,green_mid_2,green,2.0,0.5,4537.86,4401.5,4456.18,136.35999999999967,83.17999999999984,30.0
2026-05-28,2026-05-27,4554.61,level_price,L2,8,2,4547.065,7.545,7.545,False,False,False,False,False,True,green_box_quarter,green_box_2_75pct,green,2.0,0.75,4537.86,4401.5,4456.18,136.35999999999967,83.17999999999984,30.0
2026-05-28,2026-05-27,4581.84,level_price,L1,9,1,4588.655,-6.815,6.815,False,False,False,False,False,True,green_box_quarter,green_box_3_25pct,green,3.0,0.25,4537.86,4401.5,4456.18,136.35999999999967,83.17999999999984,30.0
2026-05-29,2026-05-28,4315.48,level_price,L12,1,12,4314.05,1.43,1.43,True,False,True,True,True,True,red_box_quarter,red_box_3_25pct,red,3.0,0.25,4516.55,4366.55,4495.64,150.0,90.0,30.0
2026-05-29,2026-05-28,4346.31,level_price,L11,2,11,4336.55,9.76,9.76,False,False,False,False,False,True,red_box_edge,red_edge_2,red,2.0,,4516.55,4366.55,4495.64,150.0,90.0,30.0
2026-05-29,2026-05-28,4380.99,level_price,L10,3,10,4381.55,-0.56,0.56,True,True,True,True,True,True,red_box_midline,red_mid_2,red,2.0,0.5,4516.55,4366.55,4495.64,150.0,90.0,30.0
2026-05-29,2026-05-28,4424.27,level_price,L9,4,9,4423.85,0.42,0.42,True,True,True,True,True,True,prior_range_fraction,prev_range_0.382,neutral,,0.382,4516.55,4366.55,4495.64,150.0,90.0,30.0
2026-05-29,2026-05-28,4459.98,level_price,L8,5,8,4459.58,0.4,0.4,True,True,True,True,True,True,prior_hlc,previous_pivot_hlc3,neutral,,,4516.55,4366.55,4495.64,150.0,90.0,30.0
2026-05-29,2026-05-28,4495.62,level_price,L7,6,7,4495.64,-0.02,0.02,True,True,True,True,True,True,prior_hlc,previous_close,neutral,,,4516.55,4366.55,4495.64,150.0,90.0,30.0
2026-05-29,2026-05-28,4527.81,level_price,L6,7,6,4524.05,3.76,3.76,False,False,False,False,True,True,green_box_quarter,green_box_2_75pct,green,2.0,0.75,4516.55,4366.55,4495.64,150.0,90.0,30.0
2026-05-29,2026-05-28,4557.79,level_price,L5,8,5,4546.55,11.24,11.24,False,False,False,False,False,False,green_box_edge,green_edge_2,green,2.0,,4516.55,4366.55,4495.64,150.0,90.0,30.0
2026-05-29,2026-05-28,4586.39,level_price,L4,9,4,4591.55,-5.16,5.16,False,False,False,False,False,True,green_box_midline,green_mid_3,green,3.0,0.5,4516.55,4366.55,4495.64,150.0,90.0,30.0
2026-05-29,2026-05-28,4609.91,level_price,L3,10,3,4614.05,-4.14,4.14,False,False,False,False,True,True,green_box_quarter,green_box_3_75pct,green,3.0,0.75,4516.55,4366.55,4495.64,150.0,90.0,30.0
2026-05-29,2026-05-28,4635.45,level_price,L2,11,2,4636.55,-1.1,1.1,True,False,True,True,True,True,green_box_edge,green_edge_3,green,3.0,,4516.55,4366.55,4495.64,150.0,90.0,30.0
2026-05-29,2026-05-28,4663.13,level_price,L1,12,1,4659.05,4.08,4.08,False,False,False,False,True,True,green_box_quarter,green_box_4_25pct,green,4.0,0.25,4516.55,4366.55,4495.64,150.0,90.0,30.0
2026-06-01,2026-05-29,4393.05,level_price,L11,1,11,4391.02,2.03,2.03,True,False,False,True,True,True,red_box_edge,red_edge_3,red,3.0,,4595.35,4489.13,4541.13,106.22000000000025,68.11000000000013,30.0
2026-06-01,2026-05-29,4426.55,level_price,L10,2,10,4425.075,1.475,1.475,True,False,True,True,True,True,red_box_midline,red_mid_3,red,3.0,0.5,4595.35,4489.13,4541.13,106.22000000000025,68.11000000000013,30.0
2026-06-01,2026-05-29,4457.93,level_price,L9,3,9,4459.13,-1.2,1.2,True,False,True,True,True,True,red_box_edge,red_edge_2,red,2.0,,4595.35,4489.13,4541.13,106.22000000000025,68.11000000000013,30.0
2026-06-01,2026-05-29,4488.47,level_price,L8,4,8,4489.13,-0.66,0.66,True,True,True,True,True,True,prior_hlc,previous_low,neutral,,,4595.35,4489.13,4541.13,106.22000000000025,68.11000000000013,30.0
2026-06-01,2026-05-29,4521.97,level_price,L7,5,7,4523.185,-1.215,1.215,True,False,True,True,True,True,green_box_midline,green_mid_1,green,1.0,0.5,4595.35,4489.13,4541.13,106.22000000000025,68.11000000000013,30.0
2026-06-01,2026-05-29,4547.84,level_price,L6,6,6,4544.2675,3.5725,3.5725,False,False,False,False,True,True,red_box_quarter,red_box_1_75pct,red,1.0,0.75,4595.35,4489.13,4541.13,106.22000000000025,68.11000000000013,30.0
2026-06-01,2026-05-29,4580.08,level_price,L5,7,5,4578.3225,1.7575,1.7575,True,False,True,True,True,True,red_box_quarter,red_box_1_25pct,red,1.0,0.25,4595.35,4489.13,4541.13,106.22000000000025,68.11000000000013,30.0
2026-06-01,2026-05-29,4607.94,level_price,L4,8,4,4608.3225,-0.3825,0.3825,True,True,True,True,True,True,green_box_quarter,green_box_2_75pct,green,2.0,0.75,4595.35,4489.13,4541.13,106.22000000000025,68.11000000000013,30.0
2026-06-01,2026-05-29,4638.8,level_price,L3,9,3,4642.3775,-3.5775,3.5775,False,False,False,False,True,True,green_box_quarter,green_box_3_25pct,green,3.0,0.25,4595.35,4489.13,4541.13,106.22000000000025,68.11000000000013,30.0
2026-06-01,2026-05-29,4670.16,level_price,L2,10,2,4676.4325,-6.2725,6.2725,False,False,False,False,False,True,green_box_quarter,green_box_3_75pct,green,3.0,0.75,4595.35,4489.13,4541.13,106.22000000000025,68.11000000000013,30.0
2026-06-01,2026-05-29,4697.11,level_price,L1,11,1,4693.46,3.65,3.65,False,False,False,False,True,True,green_box_edge,green_edge_3,green,3.0,,4595.35,4489.13,4541.13,106.22000000000025,68.11000000000013,30.0
2026-06-02,2026-06-01,4370.32,level_price,L8,1,8,4369.085,1.235,1.235,True,False,True,True,True,True,red_box_quarter,red_box_3_75pct,red,3.0,0.75,4546.24,4447.4,4484.66,98.84000000000015,64.42000000000007,30.0
2026-06-02,2026-06-01,4396.14,level_price,L7,2,7,4401.295,-5.155,5.155,False,False,False,False,False,True,red_box_quarter,red_box_3_25pct,red,3.0,0.25,4546.24,4447.4,4484.66,98.84000000000015,64.42000000000007,30.0
2026-06-02,2026-06-01,4426.17,level_price,L6,3,6,4433.505,-7.335,7.335,False,False,False,False,False,True,red_box_quarter,red_box_2_75pct,red,2.0,0.75,4546.24,4447.4,4484.66,98.84000000000015,64.42000000000007,30.0
2026-06-02,2026-06-01,4457.53,level_price,L5,4,5,4459.755,-2.225,2.225,True,False,False,True,True,True,prior_range_fraction,prev_range_0.125,neutral,,0.125,4546.24,4447.4,4484.66,98.84000000000015,64.42000000000007,30.0
2026-06-02,2026-06-01,4489.47,level_price,L4,5,4,4492.766667,-3.296667,3.296667,False,False,False,False,True,True,prior_hlc,previous_pivot_hlc3,neutral,,,4546.24,4447.4,4484.66,98.84000000000015,64.42000000000007,30.0
2026-06-02,2026-06-01,4518.38,level_price,L3,6,3,4521.53,-3.15,3.15,False,False,False,False,True,True,prior_range_fraction,prev_range_0.75,neutral,,0.75,4546.24,4447.4,4484.66,98.84000000000015,64.42000000000007,30.0
2026-06-02,2026-06-01,4543.71,level_price,L2,7,2,4544.03,-0.32,0.32,True,True,True,True,True,True,green_box_midline,green_mid_2,green,2.0,0.5,4546.24,4447.4,4484.66,98.84000000000015,64.42000000000007,30.0
2026-06-02,2026-06-01,4573.72,level_price,L1,8,1,4576.24,-2.52,2.52,True,False,False,True,True,True,green_box_edge,green_edge_2,green,2.0,,4546.24,4447.4,4484.66,98.84000000000015,64.42000000000007,30.0
2026-06-03,2026-06-02,4369.72,level_price,L10,1,10,4365.10625,4.61375,4.61375,False,False,False,False,True,True,red_box_quarter,red_box_4_25pct,red,4.0,0.25,4541.5,4462.95,4487.83,78.55000000000018,54.27500000000009,30.0
2026-06-03,2026-06-02,4393.78,level_price,L9,2,9,4392.24375,1.53625,1.53625,True,False,True,True,True,True,red_box_quarter,red_box_3_75pct,red,3.0,0.75,4541.5,4462.95,4487.83,78.55000000000018,54.27500000000009,30.0
2026-06-03,2026-06-02,4423.59,level_price,L8,3,8,4419.38125,4.20875,4.20875,False,False,False,False,True,True,red_box_quarter,red_box_3_25pct,red,3.0,0.25,4541.5,4462.95,4487.83,78.55000000000018,54.27500000000009,30.0
2026-06-03,2026-06-02,4455.8,level_price,L7,4,7,4460.0875,-4.2875,4.2875,False,False,False,False,True,True,red_box_midline,red_mid_2,red,2.0,0.5,4541.5,4462.95,4487.83,78.55000000000018,54.27500000000009,30.0
2026-06-03,2026-06-02,4485.61,level_price,L6,5,6,4487.225,-1.615,1.615,True,False,True,True,True,True,red_box_edge,red_edge_1,red,1.0,,4541.5,4462.95,4487.83,78.55000000000018,54.27500000000009,30.0
2026-06-03,2026-06-02,4513.17,level_price,L5,6,5,4514.3625,-1.1925,1.1925,True,False,True,True,True,True,red_box_midline,red_mid_1,red,1.0,0.5,4541.5,4462.95,4487.83,78.55000000000018,54.27500000000009,30.0
2026-06-03,2026-06-02,4539.09,level_price,L4,7,4,4541.5,-2.41,2.41,True,False,False,True,True,True,prior_hlc,previous_high,neutral,,,4541.5,4462.95,4487.83,78.55000000000018,54.27500000000009,30.0
2026-06-03,2026-06-02,4562.69,level_price,L3,8,3,4557.93125,4.75875,4.75875,False,False,False,False,True,True,green_box_quarter,green_box_2_75pct,green,2.0,0.75,4541.5,4462.95,4487.83,78.55000000000018,54.27500000000009,30.0
2026-06-03,2026-06-02,4586.86,level_price,L2,9,2,4585.06875,1.79125,1.79125,True,False,True,True,True,True,green_box_quarter,green_box_3_25pct,green,3.0,0.25,4541.5,4462.95,4487.83,78.55000000000018,54.27500000000009,30.0
2026-06-03,2026-06-02,4612.31,level_price,L1,10,1,4612.20625,0.10375,0.10375,True,True,True,True,True,True,green_box_quarter,green_box_3_75pct,green,3.0,0.75,4541.5,4462.95,4487.83,78.55000000000018,54.27500000000009,30.0
2026-06-04,2026-06-03,4371.46,level_price,L7,1,7,4371.2575,0.2025,0.2025,True,True,True,True,True,True,red_box_midline,red_mid_3,red,3.0,0.5,4496.87,4426.38,4434.35,70.48999999999978,50.24499999999989,30.0
2026-06-04,2026-06-03,4399.02,level_price,L6,2,6,4396.38,2.64,2.64,True,False,False,True,True,True,red_box_edge,red_edge_2,red,2.0,,4496.87,4426.38,4434.35,70.48999999999978,50.24499999999989,30.0
2026-06-04,2026-06-03,4427.93,level_price,L5,3,5,4426.38,1.55,1.55,True,False,True,True,True,True,prior_hlc,previous_low,neutral,,,4496.87,4426.38,4434.35,70.48999999999978,50.24499999999989,30.0
2026-06-04,2026-06-03,4457.9,level_price,L4,4,4,4459.18625,-1.28625,1.28625,True,False,True,True,True,True,red_box_quarter,red_box_1_75pct,red,1.0,0.75,4496.87,4426.38,4434.35,70.48999999999978,50.24499999999989,30.0
2026-06-04,2026-06-03,4483.96,level_price,L3,5,3,4484.30875,-0.34875,0.34875,True,True,True,True,True,True,red_box_quarter,red_box_1_25pct,red,1.0,0.25,4496.87,4426.38,4434.35,70.48999999999978,50.24499999999989,30.0
2026-06-04,2026-06-03,4510.78,level_price,L2,6,2,4514.30875,-3.52875,3.52875,False,False,False,False,True,True,green_box_quarter,green_box_2_75pct,green,2.0,0.75,4496.87,4426.38,4434.35,70.48999999999978,50.24499999999989,30.0
2026-06-04,2026-06-03,4536.54,level_price,L1,7,1,4539.43125,-2.89125,2.89125,True,False,False,True,True,True,green_box_quarter,green_box_3_25pct,green,3.0,0.25,4496.87,4426.38,4434.35,70.48999999999978,50.24499999999989,30.0
2026-06-05,2026-06-04,4377.67,level_price,L9,1,9,4378.695,-1.025,1.025,True,False,True,True,True,True,red_box_quarter,red_box_3_25pct,red,3.0,0.25,4515.45,4423.89,4475.16,91.55999999999949,60.779999999999745,30.0
2026-06-05,2026-06-04,4404.56,level_price,L8,2,8,4409.085,-4.525,4.525,False,False,False,False,True,True,red_box_quarter,red_box_2_75pct,red,2.0,0.75,4515.45,4423.89,4475.16,91.55999999999949,60.779999999999745,30.0
2026-06-05,2026-06-04,4432.43,level_price,L7,3,7,4435.335,-2.905,2.905,True,False,False,True,True,True,prior_range_fraction,prev_range_0.125,neutral,,0.125,4515.45,4423.89,4475.16,91.55999999999949,60.779999999999745,30.0
2026-06-05,2026-06-04,4460.74,level_price,L6,4,6,4458.86592,1.87408,1.87408,True,False,True,True,True,True,prior_range_fraction,prev_range_0.382,neutral,,0.382,4515.45,4423.89,4475.16,91.55999999999949,60.779999999999745,30.0
2026-06-05,2026-06-04,4489.65,level_price,L5,5,5,4492.56,-2.91,2.91,True,False,False,True,True,True,prior_range_fraction,prev_range_0.75,neutral,,0.75,4515.45,4423.89,4475.16,91.55999999999949,60.779999999999745,30.0
2026-06-05,2026-06-04,4514.07,level_price,L4,6,4,4515.06,-0.99,0.99,True,True,True,True,True,True,green_box_midline,green_mid_2,green,2.0,0.5,4515.45,4423.89,4475.16,91.55999999999949,60.779999999999745,30.0
2026-06-05,2026-06-04,4540.44,level_price,L3,7,3,4545.45,-5.01,5.01,False,False,False,False,False,True,green_box_edge,green_edge_2,green,2.0,,4515.45,4423.89,4475.16,91.55999999999949,60.779999999999745,30.0
2026-06-05,2026-06-04,4566.95,level_price,L2,8,2,4560.645,6.305,6.305,False,False,False,False,False,True,green_box_quarter,green_box_3_25pct,green,3.0,0.25,4515.45,4423.89,4475.16,91.55999999999949,60.779999999999745,30.0
2026-06-05,2026-06-04,4591.77,level_price,L1,9,1,4591.035,0.735,0.735,True,True,True,True,True,True,green_box_quarter,green_box_3_75pct,green,3.0,0.75,4515.45,4423.89,4475.16,91.55999999999949,60.779999999999745,30.0
2026-06-08,2026-06-05,4218.94,level_price,L9,1,9,4231.29,-12.35,12.35,False,False,False,False,False,False,red_box_midline,red_mid_3,red,3.0,0.5,4483.89,4311.81,4328.02,172.07999999999993,101.03999999999996,30.0
2026-06-08,2026-06-05,4248.47,level_price,L8,2,8,4256.55,-8.08,8.08,False,False,False,False,False,True,red_box_quarter,red_box_3_25pct,red,3.0,0.25,4483.89,4311.81,4328.02,172.07999999999993,101.03999999999996,30.0
2026-06-08,2026-06-05,4281.09,level_price,L7,3,7,4281.81,-0.72,0.72,True,True,True,True,True,True,red_box_edge,red_edge_2,red,2.0,,4483.89,4311.81,4328.02,172.07999999999993,101.03999999999996,30.0
2026-06-08,2026-06-05,4310.51,level_price,L6,4,6,4311.81,-1.3,1.3,True,False,True,True,True,True,prior_hlc,previous_low,neutral,,,4483.89,4311.81,4328.02,172.07999999999993,101.03999999999996,30.0
2026-06-08,2026-06-05,4347.87,level_price,L5,5,5,4354.83,-6.96,6.96,False,False,False,False,False,True,prior_range_fraction,prev_range_0.25,neutral,,0.25,4483.89,4311.81,4328.02,172.07999999999993,101.03999999999996,30.0
2026-06-08,2026-06-05,4373.8,level_price,L4,6,4,4374.573333,-0.773333,0.773333,True,True,True,True,True,True,prior_hlc,previous_pivot_hlc3,neutral,,,4483.89,4311.81,4328.02,172.07999999999993,101.03999999999996,30.0
2026-06-08,2026-06-05,4404.56,level_price,L3,7,3,4408.11,-3.55,3.55,False,False,False,False,True,True,red_box_quarter,red_box_1_75pct,red,1.0,0.75,4483.89,4311.81,4328.02,172.07999999999993,101.03999999999996,30.0
2026-06-08,2026-06-05,4429.89,level_price,L2,8,2,4426.530057,3.359943,3.359943,False,False,False,False,True,True,prior_range_fraction,prev_range_0.666667,neutral,,0.666667,4483.89,4311.81,4328.02,172.07999999999993,101.03999999999996,30.0
2026-06-08,2026-06-05,4451.54,level_price,L1,9,1,4458.63,-7.09,7.09,False,False,False,False,False,True,red_box_quarter,red_box_1_25pct,red,1.0,0.25,4483.89,4311.81,4328.02,172.07999999999993,101.03999999999996,30.0
2026-06-09,2026-06-08,4248.47,level_price,L8,1,8,4252.7575,-4.2875,4.2875,False,False,False,False,True,True,red_box_quarter,red_box_2_75pct,red,2.0,0.75,4353.4,4268.38,4329.71,85.01999999999953,57.50999999999976,30.0
2026-06-09,2026-06-08,4284.94,level_price,L7,2,7,4282.7575,2.1825,2.1825,True,False,False,True,True,True,green_box_quarter,green_box_1_25pct,green,1.0,0.25,4353.4,4268.38,4329.71,85.01999999999953,57.50999999999976,30.0
2026-06-09,2026-06-08,4313.53,level_price,L6,3,6,4311.5125,2.0175,2.0175,True,False,False,True,True,True,green_box_quarter,green_box_1_75pct,green,1.0,0.75,4353.4,4268.38,4329.71,85.01999999999953,57.50999999999976,30.0
2026-06-09,2026-06-08,4342.11,level_price,L5,4,5,4342.7725,-0.6625,0.6625,True,True,True,True,True,True,prior_range_fraction,prev_range_0.875,neutral,,0.875,4353.4,4268.38,4329.71,85.01999999999953,57.50999999999976,30.0
2026-06-09,2026-06-08,4370.04,level_price,L4,5,4,4369.0225,1.0175,1.0175,True,False,True,True,True,True,green_box_quarter,green_box_2_75pct,green,2.0,0.75,4353.4,4268.38,4329.71,85.01999999999953,57.50999999999976,30.0
2026-06-09,2026-06-08,4402.48,level_price,L3,6,3,4397.7775,4.7025,4.7025,False,False,False,False,True,True,green_box_quarter,green_box_3_25pct,green,3.0,0.25,4353.4,4268.38,4329.71,85.01999999999953,57.50999999999976,30.0
2026-06-09,2026-06-08,4427.53,level_price,L2,7,2,4426.5325,0.9975,0.9975,True,True,True,True,True,True,green_box_quarter,green_box_3_75pct,green,3.0,0.75,4353.4,4268.38,4329.71,85.01999999999953,57.50999999999976,30.0
2026-06-09,2026-06-08,4457.64,level_price,L1,8,1,4455.2875,2.3525,2.3525,True,False,False,True,True,True,green_box_quarter,green_box_4_25pct,green,4.0,0.25,4353.4,4268.38,4329.71,85.01999999999953,57.50999999999976,30.0
2026-06-10,2026-06-09,4066.36,level_price,L9,1,9,4069.4875,-3.1275,3.1275,False,False,False,False,True,True,red_box_quarter,red_box_4_75pct,red,4.0,0.75,4363.75,4236.81,4259.46,126.9399999999996,78.4699999999998,30.0
2026-06-10,2026-06-09,4104.27,level_price,L8,2,8,4108.7225,-4.4525,4.4525,False,False,False,False,True,True,red_box_quarter,red_box_4_25pct,red,4.0,0.25,4363.75,4236.81,4259.46,126.9399999999996,78.4699999999998,30.0
2026-06-10,2026-06-09,4144.02,level_price,L7,3,7,4147.9575,-3.9375,3.9375,False,False,False,False,True,True,red_box_quarter,red_box_3_75pct,red,3.0,0.75,4363.75,4236.81,4259.46,126.9399999999996,78.4699999999998,30.0
2026-06-10,2026-06-09,4186.38,level_price,L6,4,6,4187.1925,-0.8125,0.8125,True,True,True,True,True,True,red_box_quarter,red_box_3_25pct,red,3.0,0.25,4363.75,4236.81,4259.46,126.9399999999996,78.4699999999998,30.0
2026-06-10,2026-06-09,4222.84,level_price,L5,5,5,4226.4275,-3.5875,3.5875,False,False,False,False,True,True,red_box_quarter,red_box_2_75pct,red,2.0,0.75,4363.75,4236.81,4259.46,126.9399999999996,78.4699999999998,30.0
2026-06-10,2026-06-09,4253.47,level_price,L4,6,4,4252.6775,0.7925,0.7925,True,True,True,True,True,True,prior_range_fraction,prev_range_0.125,neutral,,0.125,4363.75,4236.81,4259.46,126.9399999999996,78.4699999999998,30.0
2026-06-10,2026-06-09,4289.06,level_price,L3,7,3,4286.673333,2.386667,2.386667,True,False,False,True,True,True,prior_hlc,previous_pivot_hlc3,neutral,,,4363.75,4236.81,4259.46,126.9399999999996,78.4699999999998,30.0
2026-06-10,2026-06-09,4319.78,level_price,L2,8,2,4321.436709,-1.656709,1.656709,True,False,True,True,True,True,prior_range_fraction,prev_range_0.666667,neutral,,0.666667,4363.75,4236.81,4259.46,126.9399999999996,78.4699999999998,30.0
2026-06-10,2026-06-09,4348.64,level_price,L1,9,1,4347.8825,0.7575,0.7575,True,True,True,True,True,True,prior_range_fraction,prev_range_0.875,neutral,,0.875,4363.75,4236.81,4259.46,126.9399999999996,78.4699999999998,30.0
2026-06-11,2026-06-10,3947.18,level_price,L12,1,12,3954.21,-7.03,7.03,False,False,False,False,False,True,red_box_quarter,red_box_3_75pct,red,3.0,0.75,4257.92,4067.04,4071.32,190.8800000000001,110.44000000000005,30.0
2026-06-11,2026-06-10,3975.91,level_price,L11,2,11,3981.82,-5.91,5.91,False,False,False,False,False,True,red_box_midline,red_mid_3,red,3.0,0.5,4257.92,4067.04,4071.32,190.8800000000001,110.44000000000005,30.0
2026-06-11,2026-06-10,4009.44,level_price,L10,3,10,4009.43,0.01,0.01,True,True,True,True,True,True,red_box_quarter,red_box_3_25pct,red,3.0,0.25,4257.92,4067.04,4071.32,190.8800000000001,110.44000000000005,30.0
2026-06-11,2026-06-10,4038.18,level_price,L9,4,9,4037.04,1.14,1.14,True,False,True,True,True,True,red_box_edge,red_edge_2,red,2.0,,4257.92,4067.04,4071.32,190.8800000000001,110.44000000000005,30.0
2026-06-11,2026-06-10,4066.36,level_price,L8,5,8,4067.04,-0.68,0.68,True,True,True,True,True,True,prior_hlc,previous_low,neutral,,,4257.92,4067.04,4071.32,190.8800000000001,110.44000000000005,30.0
2026-06-11,2026-06-10,4097.25,level_price,L7,6,7,4094.65,2.6,2.6,True,False,False,True,True,True,green_box_quarter,green_box_1_25pct,green,1.0,0.25,4257.92,4067.04,4071.32,190.8800000000001,110.44000000000005,30.0
2026-06-11,2026-06-10,4130.78,level_price,L6,7,6,4130.666603,0.113397,0.113397,True,True,True,True,True,True,prior_range_fraction,prev_range_0.333333,neutral,,0.333333,4257.92,4067.04,4071.32,190.8800000000001,110.44000000000005,30.0
2026-06-11,2026-06-10,4165.1,level_price,L5,8,5,4162.48,2.62,2.62,True,False,False,True,True,True,prior_hlc,previous_mid,neutral,,,4257.92,4067.04,4071.32,190.8800000000001,110.44000000000005,30.0
2026-06-11,2026-06-10,4194.64,level_price,L4,9,4,4194.293397,0.346603,0.346603,True,True,True,True,True,True,prior_range_fraction,prev_range_0.666667,neutral,,0.666667,4257.92,4067.04,4071.32,190.8800000000001,110.44000000000005,30.0
2026-06-11,2026-06-10,4228.96,level_price,L3,10,3,4230.31,-1.35,1.35,True,False,True,True,True,True,red_box_quarter,red_box_1_25pct,red,1.0,0.25,4257.92,4067.04,4071.32,190.8800000000001,110.44000000000005,30.0
2026-06-11,2026-06-10,4262.49,level_price,L2,11,2,4260.31,2.18,2.18,True,False,False,True,True,True,green_box_quarter,green_box_2_75pct,green,2.0,0.75,4257.92,4067.04,4071.32,190.8800000000001,110.44000000000005,30.0
2026-06-11,2026-06-10,4294.42,level_price,L1,12,1,4287.92,6.5,6.5,False,False,False,False,False,True,green_box_edge,green_edge_2,green,2.0,,4257.92,4067.04,4071.32,190.8800000000001,110.44000000000005,30.0
2026-06-12,2026-06-11,3987.31,level_price,L12,1,12,3993.87,-6.56,6.56,False,False,False,False,False,True,red_box_edge,red_edge_2,red,2.0,,4220.14,4023.87,4210.77,196.27000000000044,113.13500000000022,30.0
2026-06-12,2026-06-11,4013.44,level_price,L11,2,11,4022.15375,-8.71375,8.71375,False,False,False,False,False,True,red_box_quarter,red_box_2_75pct,red,2.0,0.75,4220.14,4023.87,4210.77,196.27000000000044,113.13500000000022,30.0
2026-06-12,2026-06-11,4040.26,level_price,L10,3,10,4048.40375,-8.14375,8.14375,False,False,False,False,False,True,prior_range_fraction,prev_range_0.125,neutral,,0.125,4220.14,4023.87,4210.77,196.27000000000044,113.13500000000022,30.0
2026-06-12,2026-06-11,4064.93,level_price,L9,4,9,4072.9375,-8.0075,8.0075,False,False,False,False,False,True,prior_range_fraction,prev_range_0.25,neutral,,0.25,4220.14,4023.87,4210.77,196.27000000000044,113.13500000000022,30.0
2026-06-12,2026-06-11,4102.9,level_price,L8,5,8,4098.84514,4.05486,4.05486,False,False,False,False,True,True,prior_range_fraction,prev_range_0.382,neutral,,0.382,4220.14,4023.87,4210.77,196.27000000000044,113.13500000000022,30.0
2026-06-12,2026-06-11,4130.89,level_price,L7,6,7,4135.28875,-4.39875,4.39875,False,False,False,False,True,True,red_box_quarter,red_box_1_75pct,red,1.0,0.75,4220.14,4023.87,4210.77,196.27000000000044,113.13500000000022,30.0
2026-06-12,2026-06-11,4161.3,level_price,L6,7,6,4163.5725,-2.2725,2.2725,True,False,False,True,True,True,red_box_midline,red_mid_1,red,1.0,0.5,4220.14,4023.87,4210.77,196.27000000000044,113.13500000000022,30.0
2026-06-12,2026-06-11,4184.94,level_price,L5,8,5,4191.85625,-6.91625,6.91625,False,False,False,False,False,True,red_box_quarter,red_box_1_25pct,red,1.0,0.25,4220.14,4023.87,4210.77,196.27000000000044,113.13500000000022,30.0
2026-06-12,2026-06-11,4220.33,level_price,L4,9,4,4220.14,0.19,0.19,True,True,True,True,True,True,prior_hlc,previous_high,neutral,,,4220.14,4023.87,4210.77,196.27000000000044,113.13500000000022,30.0
2026-06-12,2026-06-11,4256.37,level_price,L3,10,3,4250.14,6.23,6.23,False,False,False,False,False,True,green_box_edge,green_edge_2,green,2.0,,4220.14,4023.87,4210.77,196.27000000000044,113.13500000000022,30.0
2026-06-12,2026-06-11,4288.22,level_price,L2,11,2,4278.42375,9.79625,9.79625,False,False,False,False,False,True,green_box_quarter,green_box_3_25pct,green,3.0,0.25,4220.14,4023.87,4210.77,196.27000000000044,113.13500000000022,30.0
2026-06-12,2026-06-11,4325.8,level_price,L1,12,1,4334.99125,-9.19125,9.19125,False,False,False,False,False,True,green_box_quarter,green_box_3_75pct,green,3.0,0.75,4220.14,4023.87,4210.77,196.27000000000044,113.13500000000022,30.0
2026-06-15,2026-06-12,4076.88,level_price,L12,1,12,4073.87625,3.00375,3.00375,False,False,False,False,True,True,red_box_quarter,red_box_4_25pct,red,4.0,0.25,4246.63,4170.32,4218.5,76.3100000000004,53.1550000000002,30.0
2026-06-15,2026-06-12,4115.71,level_price,L11,2,11,4113.7425,1.9675,1.9675,True,False,True,True,True,True,red_box_midline,red_mid_3,red,3.0,0.5,4246.63,4170.32,4218.5,76.3100000000004,53.1550000000002,30.0
2026-06-15,2026-06-12,4147.18,level_price,L10,3,10,4153.60875,-6.42875,6.42875,False,False,False,False,False,True,red_box_quarter,red_box_2_75pct,red,2.0,0.75,4246.63,4170.32,4218.5,76.3100000000004,53.1550000000002,30.0
2026-06-15,2026-06-12,4179.47,level_price,L9,4,9,4179.85875,-0.38875,0.38875,True,True,True,True,True,True,prior_range_fraction,prev_range_0.125,neutral,,0.125,4246.63,4170.32,4218.5,76.3100000000004,53.1550000000002,30.0
2026-06-15,2026-06-12,4209.71,level_price,L8,5,8,4210.18625,-0.47625,0.47625,True,True,True,True,True,True,green_box_quarter,green_box_1_75pct,green,1.0,0.75,4246.63,4170.32,4218.5,76.3100000000004,53.1550000000002,30.0
2026-06-15,2026-06-12,4248.13,level_price,L7,6,7,4246.63,1.5,1.5,True,False,True,True,True,True,prior_hlc,previous_high,neutral,,,4246.63,4170.32,4218.5,76.3100000000004,53.1550000000002,30.0
2026-06-15,2026-06-12,4281.24,level_price,L6,7,6,4276.63,4.61,4.61,False,False,False,False,True,True,green_box_edge,green_edge_2,green,2.0,,4246.63,4170.32,4218.5,76.3100000000004,53.1550000000002,30.0
2026-06-15,2026-06-12,4313.94,level_price,L5,8,5,4316.49625,-2.55625,2.55625,True,False,False,True,True,True,green_box_quarter,green_box_3_75pct,green,3.0,0.75,4246.63,4170.32,4218.5,76.3100000000004,53.1550000000002,30.0
2026-06-15,2026-06-12,4345.41,level_price,L4,9,4,4343.07375,2.33625,2.33625,True,False,False,True,True,True,green_box_quarter,green_box_4_25pct,green,4.0,0.25,4246.63,4170.32,4218.5,76.3100000000004,53.1550000000002,30.0
2026-06-15,2026-06-12,4370.56,level_price,L3,10,3,4369.65125,0.90875,0.90875,True,True,True,True,True,True,green_box_quarter,green_box_4_75pct,green,4.0,0.75,4246.63,4170.32,4218.5,76.3100000000004,53.1550000000002,30.0
2026-06-15,2026-06-12,4396.2,level_price,L2,11,2,4382.94,13.26,13.26,False,False,False,False,False,False,green_box_edge,green_edge_4,green,4.0,,4246.63,4170.32,4218.5,76.3100000000004,53.1550000000002,30.0
2026-06-15,2026-06-12,4428.24,level_price,L1,12,1,4382.94,45.3,45.3,False,False,False,False,False,False,green_box_edge,green_edge_4,green,4.0,,4246.63,4170.32,4218.5,76.3100000000004,53.1550000000002,30.0
2026-06-16,2026-06-15,4175.52,level_price,L10,1,10,4177.82125,-2.30125,2.30125,True,False,False,True,True,True,red_box_quarter,red_box_3_75pct,red,3.0,0.75,4369.62,4260.13,4309.03,109.48999999999978,69.74499999999989,30.0
2026-06-16,2026-06-15,4206.28,level_price,L9,2,9,4212.69375,-6.41375,6.41375,False,False,False,False,False,True,red_box_quarter,red_box_3_25pct,red,3.0,0.25,4369.62,4260.13,4309.03,109.48999999999978,69.74499999999989,30.0
2026-06-16,2026-06-15,4242.06,level_price,L8,3,8,4247.56625,-5.50625,5.50625,False,False,False,False,False,True,red_box_quarter,red_box_2_75pct,red,2.0,0.75,4369.62,4260.13,4309.03,109.48999999999978,69.74499999999989,30.0
2026-06-16,2026-06-15,4271.91,level_price,L7,4,7,4273.81625,-1.90625,1.90625,True,False,True,True,True,True,prior_range_fraction,prev_range_0.125,neutral,,0.125,4369.62,4260.13,4309.03,109.48999999999978,69.74499999999989,30.0
2026-06-16,2026-06-15,4300.22,level_price,L6,5,6,4299.875,0.345,0.345,True,True,True,True,True,True,red_box_edge,red_edge_1,red,1.0,,4369.62,4260.13,4309.03,109.48999999999978,69.74499999999989,30.0
2026-06-16,2026-06-15,4329.57,level_price,L5,6,5,4329.875,-0.305,0.305,True,True,True,True,True,True,green_box_edge,green_edge_1,green,1.0,,4369.62,4260.13,4309.03,109.48999999999978,69.74499999999989,30.0
2026-06-16,2026-06-15,4358.15,level_price,L4,7,4,4355.93375,2.21625,2.21625,True,False,False,True,True,True,prior_range_fraction,prev_range_0.875,neutral,,0.875,4369.62,4260.13,4309.03,109.48999999999978,69.74499999999989,30.0
2026-06-16,2026-06-15,4398.56,level_price,L3,8,3,4399.62,-1.06,1.06,True,False,True,True,True,True,green_box_edge,green_edge_2,green,2.0,,4369.62,4260.13,4309.03,109.48999999999978,69.74499999999989,30.0
2026-06-16,2026-06-15,4430.19,level_price,L2,9,2,4434.4925,-4.3025,4.3025,False,False,False,False,True,True,green_box_midline,green_mid_3,green,3.0,0.5,4369.62,4260.13,4309.03,109.48999999999978,69.74499999999989,30.0
2026-06-16,2026-06-15,4460.45,level_price,L1,10,1,4451.92875,8.52125,8.52125,False,False,False,False,False,True,green_box_quarter,green_box_3_75pct,green,3.0,0.75,4369.62,4260.13,4309.03,109.48999999999978,69.74499999999989,30.0
2026-06-17,2026-06-16,4205.01,level_price,L10,1,10,4206.1875,-1.1775,1.1775,True,False,True,True,True,True,red_box_quarter,red_box_4_75pct,red,4.0,0.75,4354.95,4305.61,4331.14,49.340000000000146,39.67000000000007,30.0
2026-06-17,2026-06-16,4237.43,level_price,L9,2,9,4235.94,1.49,1.49,True,False,True,True,True,True,red_box_edge,red_edge_3,red,3.0,,4354.95,4305.61,4331.14,49.340000000000146,39.67000000000007,30.0
2026-06-17,2026-06-16,4266.95,level_price,L8,3,8,4265.6925,1.2575,1.2575,True,False,True,True,True,True,red_box_quarter,red_box_3_25pct,red,3.0,0.25,4354.95,4305.61,4331.14,49.340000000000146,39.67000000000007,30.0
2026-06-17,2026-06-16,4290.28,level_price,L7,4,7,4285.5275,4.7525,4.7525,False,False,False,False,True,True,red_box_quarter,red_box_2_75pct,red,2.0,0.75,4354.95,4305.61,4331.14,49.340000000000146,39.67000000000007,30.0
2026-06-17,2026-06-16,4322.25,level_price,L6,5,6,4322.05665,0.19335,0.19335,True,True,True,True,True,True,prior_range_fraction,prev_range_0.333333,neutral,,0.333333,4354.95,4305.61,4331.14,49.340000000000146,39.67000000000007,30.0
2026-06-17,2026-06-16,4350.94,level_price,L5,6,5,4348.7825,2.1575,2.1575,True,False,False,True,True,True,prior_range_fraction,prev_range_0.875,neutral,,0.875,4354.95,4305.61,4331.14,49.340000000000146,39.67000000000007,30.0
2026-06-17,2026-06-16,4385.49,level_price,L4,7,4,4384.95,0.54,0.54,True,True,True,True,True,True,green_box_edge,green_edge_2,green,2.0,,4354.95,4305.61,4331.14,49.340000000000146,39.67000000000007,30.0
2026-06-17,2026-06-16,4424.0,level_price,L3,8,3,4424.62,-0.62,0.62,True,True,True,True,True,True,green_box_edge,green_edge_3,green,3.0,,4354.95,4305.61,4331.14,49.340000000000146,39.67000000000007,30.0
2026-06-17,2026-06-16,4456.7,level_price,L2,9,2,4454.3725,2.3275,2.3275,True,False,False,True,True,True,green_box_quarter,green_box_4_75pct,green,4.0,0.75,4354.95,4305.61,4331.14,49.340000000000146,39.67000000000007,30.0
2026-06-17,2026-06-16,4488.36,level_price,L1,10,1,4464.29,24.07,24.07,False,False,False,False,False,False,green_box_edge,green_edge_4,green,4.0,,4354.95,4305.61,4331.14,49.340000000000146,39.67000000000007,30.0
2026-06-18,2026-06-17,4174.15,level_price,L8,1,8,4164.8475,9.3025,9.3025,False,False,False,False,False,True,red_box_quarter,red_box_3_25pct,red,3.0,0.25,4382.49,4219.03,4257.74,163.46000000000004,96.73000000000002,30.0
2026-06-18,2026-06-17,4203.55,level_price,L7,2,7,4213.2125,-9.6625,9.6625,False,False,False,False,False,True,red_box_quarter,red_box_2_75pct,red,2.0,0.75,4382.49,4219.03,4257.74,163.46000000000004,96.73000000000002,30.0
2026-06-18,2026-06-17,4235.68,level_price,L6,3,6,4237.395,-1.715,1.715,True,False,True,True,True,True,red_box_midline,red_mid_2,red,2.0,0.5,4382.49,4219.03,4257.74,163.46000000000004,96.73000000000002,30.0
2026-06-18,2026-06-17,4262.79,level_price,L5,4,5,4261.5775,1.2125,1.2125,True,False,True,True,True,True,red_box_quarter,red_box_2_25pct,red,2.0,0.25,4382.49,4219.03,4257.74,163.46000000000004,96.73000000000002,30.0
2026-06-18,2026-06-17,4293.9,level_price,L4,5,4,4291.5775,2.3225,2.3225,True,False,False,True,True,True,green_box_quarter,green_box_1_75pct,green,1.0,0.75,4382.49,4219.03,4257.74,163.46000000000004,96.73000000000002,30.0
2026-06-18,2026-06-17,4325.68,level_price,L3,6,3,4328.003388,-2.323388,2.323388,True,False,False,True,True,True,prior_range_fraction,prev_range_0.666667,neutral,,0.666667,4382.49,4219.03,4257.74,163.46000000000004,96.73000000000002,30.0
2026-06-18,2026-06-17,4351.96,level_price,L2,7,2,4358.3075,-6.3475,6.3475,False,False,False,False,False,True,red_box_quarter,red_box_1_25pct,red,1.0,0.25,4382.49,4219.03,4257.74,163.46000000000004,96.73000000000002,30.0
2026-06-18,2026-06-17,4386.56,level_price,L1,8,1,4388.3075,-1.7475,1.7475,True,False,True,True,True,True,green_box_quarter,green_box_2_75pct,green,2.0,0.75,4382.49,4219.03,4257.74,163.46000000000004,96.73000000000002,30.0
2026-06-19,2026-06-18,4176.73,level_price,L9,1,9,4171.56,5.17,5.17,False,False,False,False,False,True,red_box_edge,red_edge_2,red,2.0,,4329.97,4201.56,4209.04,128.40999999999985,79.20499999999993,30.0
2026-06-19,2026-06-18,4207.94,level_price,L8,2,8,4209.04,-1.1,1.1,True,False,True,True,True,True,prior_hlc,previous_close,neutral,,,4329.97,4201.56,4209.04,128.40999999999985,79.20499999999993,30.0
2026-06-19,2026-06-18,4241.28,level_price,L7,3,7,4241.1625,0.1175,0.1175,True,True,True,True,True,True,green_box_midline,green_mid_1,green,1.0,0.5,4329.97,4201.56,4209.04,128.40999999999985,79.20499999999993,30.0
2026-06-19,2026-06-18,4270.84,level_price,L6,4,6,4270.56625,0.27375,0.27375,True,True,True,True,True,True,red_box_quarter,red_box_1_75pct,red,1.0,0.75,4329.97,4201.56,4209.04,128.40999999999985,79.20499999999993,30.0
2026-06-19,2026-06-18,4301.82,level_price,L5,5,5,4300.56625,1.25375,1.25375,True,False,True,True,True,True,green_box_quarter,green_box_2_25pct,green,2.0,0.25,4329.97,4201.56,4209.04,128.40999999999985,79.20499999999993,30.0
2026-06-19,2026-06-18,4332.32,level_price,L4,6,4,4329.97,2.35,2.35,True,False,False,True,True,True,prior_hlc,previous_high,neutral,,,4329.97,4201.56,4209.04,128.40999999999985,79.20499999999993,30.0
2026-06-19,2026-06-18,4356.24,level_price,L3,7,3,4359.97,-3.73,3.73,False,False,False,False,True,True,green_box_edge,green_edge_2,green,2.0,,4329.97,4201.56,4209.04,128.40999999999985,79.20499999999993,30.0
2026-06-19,2026-06-18,4381.66,level_price,L2,8,2,4379.77125,1.88875,1.88875,True,False,True,True,True,True,green_box_quarter,green_box_3_25pct,green,3.0,0.25,4329.97,4201.56,4209.04,128.40999999999985,79.20499999999993,30.0
2026-06-19,2026-06-18,4409.65,level_price,L1,9,1,4419.37375,-9.72375,9.72375,False,False,False,False,False,True,green_box_quarter,green_box_3_75pct,green,3.0,0.75,4329.97,4201.56,4209.04,128.40999999999985,79.20499999999993,30.0
2026-06-22,2026-06-19,4035.58,level_price,L9,1,9,4031.015,4.565,4.565,False,False,False,False,True,True,red_box_edge,red_edge_3,red,3.0,,4213.55,4121.86,4155.81,91.69000000000051,60.845000000000255,30.0
2026-06-22,2026-06-19,4069.12,level_price,L8,2,8,4076.64875,-7.52875,7.52875,False,False,False,False,False,True,red_box_quarter,red_box_3_25pct,red,3.0,0.25,4213.55,4121.86,4155.81,91.69000000000051,60.845000000000255,30.0
2026-06-22,2026-06-19,4106.42,level_price,L7,3,7,4107.07125,-0.65125,0.65125,True,True,True,True,True,True,red_box_quarter,red_box_2_75pct,red,2.0,0.75,4213.55,4121.86,4155.81,91.69000000000051,60.845000000000255,30.0
2026-06-22,2026-06-19,4140.8,level_price,L6,4,6,4137.49375,3.30625,3.30625,False,False,False,False,True,True,red_box_quarter,red_box_2_25pct,red,2.0,0.25,4213.55,4121.86,4155.81,91.69000000000051,60.845000000000255,30.0
2026-06-22,2026-06-19,4178.43,level_price,L5,5,5,4178.52442,-0.09442,0.09442,True,True,True,True,True,True,prior_range_fraction,prev_range_0.618,neutral,,0.618,4213.55,4121.86,4155.81,91.69000000000051,60.845000000000255,30.0
2026-06-22,2026-06-19,4216.38,level_price,L4,6,4,4213.55,2.83,2.83,True,False,False,True,True,True,prior_hlc,previous_high,neutral,,,4213.55,4121.86,4155.81,91.69000000000051,60.845000000000255,30.0
2026-06-22,2026-06-19,4251.08,level_price,L3,7,3,4243.55,7.53,7.53,False,False,False,False,False,True,green_box_edge,green_edge_2,green,2.0,,4213.55,4121.86,4155.81,91.69000000000051,60.845000000000255,30.0
2026-06-22,2026-06-19,4284.17,level_price,L2,8,2,4289.18375,-5.01375,5.01375,False,False,False,False,False,True,green_box_quarter,green_box_3_75pct,green,3.0,0.75,4213.55,4121.86,4155.81,91.69000000000051,60.845000000000255,30.0
2026-06-22,2026-06-19,4312.71,level_price,L1,9,1,4319.60625,-6.89625,6.89625,False,False,False,False,False,True,green_box_quarter,green_box_4_25pct,green,4.0,0.25,4213.55,4121.86,4155.81,91.69000000000051,60.845000000000255,30.0
2026-06-23,2026-06-22,4033.11,level_price,L9,1,9,4034.34125,-1.23125,1.23125,True,False,True,True,True,True,red_box_quarter,red_box_4_25pct,red,4.0,0.25,4221.07,4136.16,4191.26,84.90999999999985,57.45499999999993,30.0
2026-06-23,2026-06-22,4066.85,level_price,L8,2,8,4063.06875,3.78125,3.78125,False,False,False,False,True,True,red_box_quarter,red_box_3_75pct,red,3.0,0.75,4221.07,4136.16,4191.26,84.90999999999985,57.45499999999993,30.0
2026-06-23,2026-06-22,4101.88,level_price,L7,3,7,4106.16,-4.28,4.28,False,False,False,False,True,True,red_box_edge,red_edge_2,red,2.0,,4221.07,4136.16,4191.26,84.90999999999985,57.45499999999993,30.0
2026-06-23,2026-06-22,4137.23,level_price,L6,4,6,4136.16,1.07,1.07,True,False,True,True,True,True,prior_hlc,previous_low,neutral,,,4221.07,4136.16,4191.26,84.90999999999985,57.45499999999993,30.0
2026-06-23,2026-06-22,4174.21,level_price,L5,5,5,4177.97875,-3.76875,3.76875,False,False,False,False,True,True,red_box_quarter,red_box_1_75pct,red,1.0,0.75,4221.07,4136.16,4191.26,84.90999999999985,57.45499999999993,30.0
2026-06-23,2026-06-22,4212.81,level_price,L4,6,4,4210.45625,2.35375,2.35375,True,False,False,True,True,True,prior_range_fraction,prev_range_0.875,neutral,,0.875,4221.07,4136.16,4191.26,84.90999999999985,57.45499999999993,30.0
2026-06-23,2026-06-22,4243.3,level_price,L3,7,3,4236.70625,6.59375,6.59375,False,False,False,False,False,True,green_box_quarter,green_box_2_75pct,green,2.0,0.75,4221.07,4136.16,4191.26,84.90999999999985,57.45499999999993,30.0
2026-06-23,2026-06-22,4275.08,level_price,L2,8,2,4279.7975,-4.7175,4.7175,False,False,False,False,True,True,green_box_midline,green_mid_3,green,3.0,0.5,4221.07,4136.16,4191.26,84.90999999999985,57.45499999999993,30.0
2026-06-23,2026-06-22,4310.12,level_price,L1,9,1,4308.525,1.595,1.595,True,False,True,True,True,True,green_box_edge,green_edge_3,green,3.0,,4221.07,4136.16,4191.26,84.90999999999985,57.45499999999993,30.0
2026-06-24,2026-06-23,4033.4,level_price,L1,1,10,4026.6325,6.7675,6.7675,False,False,False,False,False,True,red_box_midline,red_mid_3,red,3.0,0.5,4198.27,4090.96,4110.15,107.3100000000004,68.6550000000002,30.0
2026-06-24,2026-06-23,4068.58,level_price,L1,2,9,4060.96,7.62,7.62,False,False,False,False,False,True,red_box_edge,red_edge_2,red,2.0,,4198.27,4090.96,4110.15,107.3100000000004,68.6550000000002,30.0
2026-06-24,2026-06-23,4106.78,level_price,L1,3,8,4108.12375,-1.34375,1.34375,True,False,True,True,True,True,green_box_quarter,green_box_1_25pct,green,1.0,0.25,4198.27,4090.96,4110.15,107.3100000000004,68.6550000000002,30.0
2026-06-24,2026-06-23,4142.26,level_price,L1,4,7,4142.45125,-0.19125,0.19125,True,True,True,True,True,True,green_box_quarter,green_box_1_75pct,green,1.0,0.75,4198.27,4090.96,4110.15,107.3100000000004,68.6550000000002,30.0
2026-06-24,2026-06-23,4177.13,level_price,L1,5,6,4176.77875,0.35125,0.35125,True,True,True,True,True,True,green_box_quarter,green_box_2_25pct,green,2.0,0.25,4198.27,4090.96,4110.15,107.3100000000004,68.6550000000002,30.0
2026-06-24,2026-06-23,4213.22,level_price,L1,6,5,4211.10625,2.11375,2.11375,True,False,False,True,True,True,green_box_quarter,green_box_2_75pct,green,2.0,0.75,4198.27,4090.96,4110.15,107.3100000000004,68.6550000000002,30.0
2026-06-24,2026-06-23,4249.3,level_price,L1,7,4,4245.43375,3.86625,3.86625,False,False,False,False,True,True,green_box_quarter,green_box_3_25pct,green,3.0,0.25,4198.27,4090.96,4110.15,107.3100000000004,68.6550000000002,30.0
2026-06-24,2026-06-23,4313.29,level_price,L1,8,3,4314.08875,-0.79875,0.79875,True,True,True,True,True,True,green_box_quarter,green_box_4_25pct,green,4.0,0.25,4198.27,4090.96,4110.15,107.3100000000004,68.6550000000002,30.0
2026-06-24,2026-06-23,4351.19,level_price,L1,9,2,4348.41625,2.77375,2.77375,True,False,False,True,True,True,green_box_quarter,green_box_4_75pct,green,4.0,0.75,4198.27,4090.96,4110.15,107.3100000000004,68.6550000000002,30.0
2026-06-24,2026-06-23,4381.51,level_price,L1,10,1,4365.58,15.93,15.93,False,False,False,False,False,False,green_box_edge,green_edge_4,green,4.0,,4198.27,4090.96,4110.15,107.3100000000004,68.6550000000002,30.0
2026-06-25,2026-06-24,3886.83,level_price,L10,1,10,3881.6425,5.1875,5.1875,False,False,False,False,False,True,red_box_midline,red_mid_3,red,3.0,0.5,4119.53,3959.22,3999.01,160.30999999999995,95.15499999999997,30.0
2026-06-25,2026-06-24,3922.3,level_price,L9,2,9,3929.22,-6.92,6.92,False,False,False,False,False,True,red_box_edge,red_edge_2,red,2.0,,4119.53,3959.22,3999.01,160.30999999999995,95.15499999999997,30.0
2026-06-25,2026-06-24,3957.18,level_price,L8,3,8,3959.22,-2.04,2.04,True,False,False,True,True,True,prior_hlc,previous_low,neutral,,,4119.53,3959.22,3999.01,160.30999999999995,95.15499999999997,30.0
2026-06-25,2026-06-24,3994.26,level_price,L7,4,7,3999.01,-4.75,4.75,False,False,False,False,True,True,prior_hlc,previous_close,neutral,,,4119.53,3959.22,3999.01,160.30999999999995,95.15499999999997,30.0
2026-06-25,2026-06-24,4029.12,level_price,L6,5,6,4030.58625,-1.46625,1.46625,True,False,True,True,True,True,green_box_quarter,green_box_1_75pct,green,1.0,0.75,4119.53,3959.22,3999.01,160.30999999999995,95.15499999999997,30.0
2026-06-25,2026-06-24,4062.96,level_price,L5,6,5,4066.093387,-3.133387,3.133387,False,False,False,False,True,True,prior_range_fraction,prev_range_0.666667,neutral,,0.666667,4119.53,3959.22,3999.01,160.30999999999995,95.15499999999997,30.0
2026-06-25,2026-06-24,4098.68,level_price,L4,7,4,4099.49125,-0.81125,0.81125,True,True,True,True,True,True,prior_range_fraction,prev_range_0.875,neutral,,0.875,4119.53,3959.22,3999.01,160.30999999999995,95.15499999999997,30.0
2026-06-25,2026-06-24,4137.48,level_price,L3,8,3,4125.74125,11.73875,11.73875,False,False,False,False,False,False,green_box_quarter,green_box_2_75pct,green,2.0,0.75,4119.53,3959.22,3999.01,160.30999999999995,95.15499999999997,30.0
2026-06-25,2026-06-24,4170.41,level_price,L2,9,2,4173.31875,-2.90875,2.90875,True,False,False,True,True,True,green_box_quarter,green_box_3_25pct,green,3.0,0.25,4119.53,3959.22,3999.01,160.30999999999995,95.15499999999997,30.0
2026-06-25,2026-06-24,4204.74,level_price,L1,10,1,4197.1075,7.6325,7.6325,False,False,False,False,False,True,green_box_midline,green_mid_3,green,3.0,0.5,4119.53,3959.22,3999.01,160.30999999999995,95.15499999999997,30.0
2026-06-26,2026-06-25,3883.65,level_price,L10,1,10,3877.505,6.145,6.145,False,False,False,False,False,True,red_box_edge,red_edge_3,red,3.0,,4044.26,3963.09,4026.59,81.17000000000007,55.585000000000036,30.0
2026-06-26,2026-06-25,3922.3,level_price,L9,2,9,3919.19375,3.10625,3.10625,False,False,False,False,True,True,red_box_quarter,red_box_3_25pct,red,3.0,0.25,4044.26,3963.09,4026.59,81.17000000000007,55.585000000000036,30.0
2026-06-26,2026-06-25,3966.23,level_price,L8,3,8,3963.09,3.14,3.14,False,False,False,False,True,True,prior_hlc,previous_low,neutral,,,4044.26,3963.09,4026.59,81.17000000000007,55.585000000000036,30.0
2026-06-26,2026-06-25,4003.24,level_price,L7,4,7,4003.675,-0.435,0.435,True,True,True,True,True,True,prior_hlc,previous_mid,neutral,,,4044.26,3963.09,4026.59,81.17000000000007,55.585000000000036,30.0
2026-06-26,2026-06-25,4036.2,level_price,L6,5,6,4034.11375,2.08625,2.08625,True,False,False,True,True,True,prior_range_fraction,prev_range_0.875,neutral,,0.875,4044.26,3963.09,4026.59,81.17000000000007,55.585000000000036,30.0
2026-06-26,2026-06-25,4070.91,level_price,L5,6,5,4074.26,-3.35,3.35,False,False,False,False,True,True,green_box_edge,green_edge_2,green,2.0,,4044.26,3963.09,4026.59,81.17000000000007,55.585000000000036,30.0
2026-06-26,2026-06-25,4103.3,level_price,L4,7,4,4102.0525,1.2475,1.2475,True,False,True,True,True,True,green_box_midline,green_mid_3,green,3.0,0.5,4044.26,3963.09,4026.59,81.17000000000007,55.585000000000036,30.0
2026-06-26,2026-06-25,4139.74,level_price,L3,8,3,4143.74125,-4.00125,4.00125,False,False,False,False,True,True,green_box_quarter,green_box_4_25pct,green,4.0,0.25,4044.26,3963.09,4026.59,81.17000000000007,55.585000000000036,30.0
2026-06-26,2026-06-25,4174.16,level_price,L2,9,2,4171.53375,2.62625,2.62625,True,False,False,True,True,True,green_box_quarter,green_box_4_75pct,green,4.0,0.75,4044.26,3963.09,4026.59,81.17000000000007,55.585000000000036,30.0
2026-06-26,2026-06-25,4208.88,level_price,L1,10,1,4185.43,23.45,23.45,False,False,False,False,False,False,green_box_edge,green_edge_4,green,4.0,,4044.26,3963.09,4026.59,81.17000000000007,55.585000000000036,30.0
2026-06-29,2026-06-26,3927.83,level_price,L9,1,9,3935.23375,-7.40375,7.40375,False,False,False,False,False,True,red_box_quarter,red_box_3_25pct,red,3.0,0.25,4096.03,3983.1,4088.41,112.92999999999984,71.46499999999992,30.0
2026-06-29,2026-06-26,3965.24,level_price,L8,2,8,3970.96625,-5.72625,5.72625,False,False,False,False,False,True,red_box_quarter,red_box_2_75pct,red,2.0,0.75,4096.03,3983.1,4088.41,112.92999999999984,71.46499999999992,30.0
2026-06-29,2026-06-26,4003.96,level_price,L7,3,7,4006.69875,-2.73875,2.73875,True,False,False,True,True,True,red_box_quarter,red_box_2_25pct,red,2.0,0.25,4096.03,3983.1,4088.41,112.92999999999984,71.46499999999992,30.0
2026-06-29,2026-06-26,4039.56,level_price,L6,4,6,4039.565,-0.005,0.005,True,True,True,True,True,True,prior_hlc,previous_mid,neutral,,,4096.03,3983.1,4088.41,112.92999999999984,71.46499999999992,30.0
2026-06-29,2026-06-26,4066.54,level_price,L5,5,5,4067.7975,-1.2575,1.2575,True,False,True,True,True,True,prior_range_fraction,prev_range_0.75,neutral,,0.75,4096.03,3983.1,4088.41,112.92999999999984,71.46499999999992,30.0
2026-06-29,2026-06-26,4097.6,level_price,L4,6,4,4096.03,1.57,1.57,True,False,True,True,True,True,prior_hlc,previous_high,neutral,,,4096.03,3983.1,4088.41,112.92999999999984,71.46499999999992,30.0
2026-06-29,2026-06-26,4134.78,level_price,L3,7,3,4126.03,8.75,8.75,False,False,False,False,False,True,green_box_edge,green_edge_2,green,2.0,,4096.03,3983.1,4088.41,112.92999999999984,71.46499999999992,30.0
2026-06-29,2026-06-26,4168.38,level_price,L2,8,2,4161.7625,6.6175,6.6175,False,False,False,False,False,True,green_box_midline,green_mid_3,green,3.0,0.5,4096.03,3983.1,4088.41,112.92999999999984,71.46499999999992,30.0
2026-06-29,2026-06-26,4198.93,level_price,L1,9,1,4197.495,1.435,1.435,True,False,True,True,True,True,green_box_edge,green_edge_3,green,3.0,,4096.03,3983.1,4088.41,112.92999999999984,71.46499999999992,30.0
2026-06-30,2026-06-29,3892.27,level_price,L9,1,9,3896.39875,-4.12875,4.12875,False,False,False,False,True,True,red_box_quarter,red_box_4_25pct,red,4.0,0.25,4086.54,3999.53,4016.55,87.00999999999976,58.50499999999988,30.0
2026-06-30,2026-06-29,3929.57,level_price,L8,2,8,3925.65125,3.91875,3.91875,False,False,False,False,True,True,red_box_quarter,red_box_3_75pct,red,3.0,0.75,4086.54,3999.53,4016.55,87.00999999999976,58.50499999999988,30.0
2026-06-30,2026-06-29,3967.25,level_price,L7,3,7,3969.53,-2.28,2.28,True,False,False,True,True,True,red_box_edge,red_edge_2,red,2.0,,4086.54,3999.53,4016.55,87.00999999999976,58.50499999999988,30.0
2026-06-30,2026-06-29,4005.44,level_price,L6,4,6,4010.40625,-4.96625,4.96625,False,False,False,False,True,True,prior_range_fraction,prev_range_0.125,neutral,,0.125,4086.54,3999.53,4016.55,87.00999999999976,58.50499999999988,30.0
2026-06-30,2026-06-29,4039.56,level_price,L5,5,5,4042.66125,-3.10125,3.10125,False,False,False,False,True,True,red_box_quarter,red_box_1_75pct,red,1.0,0.75,4086.54,3999.53,4016.55,87.00999999999976,58.50499999999988,30.0
2026-06-30,2026-06-29,4071.63,level_price,L4,6,4,4071.91375,-0.28375,0.28375,True,True,True,True,True,True,red_box_quarter,red_box_1_25pct,red,1.0,0.25,4086.54,3999.53,4016.55,87.00999999999976,58.50499999999988,30.0
2026-06-30,2026-06-29,4101.68,level_price,L3,7,3,4101.91375,-0.23375,0.23375,True,True,True,True,True,True,green_box_quarter,green_box_2_75pct,green,2.0,0.75,4086.54,3999.53,4016.55,87.00999999999976,58.50499999999988,30.0
2026-06-30,2026-06-29,4137.32,level_price,L2,8,2,4131.16625,6.15375,6.15375,False,False,False,False,False,True,green_box_quarter,green_box_3_25pct,green,3.0,0.25,4086.54,3999.53,4016.55,87.00999999999976,58.50499999999988,30.0
2026-06-30,2026-06-29,4169.4,level_price,L1,9,1,4175.045,-5.645,5.645,False,False,False,False,False,True,green_box_edge,green_edge_3,green,3.0,,4086.54,3999.53,4016.55,87.00999999999976,58.50499999999988,30.0
