level_date,prev_date,level_name,range_bucket,close_position_bucket,rows_bucket,live_reference_price,live_reference_source,live_channel_state,live_channel_norm,actual_published_level,candidate_pool_count,candidate_mode_count,oracle_candidate_mode,oracle_candidate_rank,oracle_candidate_cluster_mid,oracle_candidate_cluster_min,oracle_candidate_cluster_max,oracle_candidate_cluster_width,oracle_candidate_abs_error,oracle_candidate_within_3,oracle_candidate_within_5,oracle_candidate_keys,oracle_top1_mode,oracle_top1_cluster_mid,oracle_top1_abs_error,oracle_top1_within_3,oracle_top1_within_5,oracle_top1_keys,router_selected_mode,router_route_source,router_confidence_score,router_cluster_rank,router_cluster_mid,router_cluster_min,router_cluster_max,router_cluster_width,router_abs_error,router_within_3,router_within_5,router_candidate_keys,router_minus_oracle_abs_error,router_minus_oracle_top1_abs_error,oracle_top1_minus_oracle_abs_error,candidate_generation_status,oracle_gap_class,correct_candidate_existed_within_3,correct_candidate_existed_within_5,router_missed_available_within_5,mode_selection_failure,candidate_ranking_failure,candidate_generation_failure
2025-10-02,2025-10-01,L4,RANGE_COMPRESSED_0_60,CLOSE_POS_LOWER_THIRD,ROWS_STANDARD_9_10,3865.54,PREV_CLOSE_PROXY,,NEUTRAL,3867.44,5.0,5.0,MODE_C_BALANCED,1.0,3884.8525,3884.8525,3884.8525,0.0,17.4125,0.0,0.0,prior_range_fraction::prev_range_0.75,MODE_C_BALANCED,3884.8525,17.4125,0.0,0.0,prior_range_fraction::prev_range_0.75,MODE_D_NEAREST_VALID_LADDER,DEFAULT_NO_HISTORY,0.0,1.0,3884.8525,3884.8525,3884.8525,0.0,17.4125,0.0,0.0,prior_range_fraction::prev_range_0.75,0.0,0.0,0.0,ORACLE_GT10_CANDIDATE_GENERATION_FAIL,CANDIDATE_GENERATION_FAILURE_GT10,0.0,0.0,0.0,0.0,0.0,1.0
2025-10-02,2025-10-01,L5,RANGE_COMPRESSED_0_60,CLOSE_POS_LOWER_THIRD,ROWS_STANDARD_9_10,3865.54,PREV_CLOSE_PROXY,,NEUTRAL,3849.38,5.0,5.0,MODE_C_BALANCED,1.0,3871.403333,3871.403333,3871.403333,0.0,22.023333,0.0,0.0,prior_hlc::previous_pivot_hlc3,MODE_C_BALANCED,3871.403333,22.023333,0.0,0.0,prior_hlc::previous_pivot_hlc3,MODE_D_NEAREST_VALID_LADDER,DEFAULT_NO_HISTORY,0.0,1.0,3871.403333,3871.403333,3871.403333,0.0,22.023333,0.0,0.0,prior_hlc::previous_pivot_hlc3,0.0,0.0,0.0,ORACLE_GT10_CANDIDATE_GENERATION_FAIL,CANDIDATE_GENERATION_FAILURE_GT10,0.0,0.0,0.0,0.0,0.0,1.0
2025-10-02,2025-10-01,L6,RANGE_COMPRESSED_0_60,CLOSE_POS_LOWER_THIRD,ROWS_STANDARD_9_10,3865.54,PREV_CLOSE_PROXY,,NEUTRAL,3832.79,5.0,5.0,MODE_C_BALANCED,1.0,3871.3175,3871.3175,3871.3175,0.0,38.5275,0.0,0.0,green_box_midline::green_mid_1,MODE_C_BALANCED,3871.3175,38.5275,0.0,0.0,green_box_midline::green_mid_1,MODE_D_NEAREST_VALID_LADDER,DEFAULT_NO_HISTORY,0.0,1.0,3871.3175,3871.3175,3871.3175,0.0,38.5275,0.0,0.0,green_box_midline::green_mid_1,0.0,0.0,0.0,ORACLE_GT10_CANDIDATE_GENERATION_FAIL,CANDIDATE_GENERATION_FAILURE_GT10,0.0,0.0,0.0,0.0,0.0,1.0
2025-10-02,2025-10-01,L7,RANGE_COMPRESSED_0_60,CLOSE_POS_LOWER_THIRD,ROWS_STANDARD_9_10,3865.54,PREV_CLOSE_PROXY,,NEUTRAL,3817.0,5.0,5.0,MODE_C_BALANCED,1.0,3850.32625,3850.32625,3850.32625,0.0,33.32625,0.0,0.0,red_box_quarter::red_box_2_25pct,MODE_C_BALANCED,3850.32625,33.32625,0.0,0.0,red_box_quarter::red_box_2_25pct,MODE_D_NEAREST_VALID_LADDER,DEFAULT_NO_HISTORY,0.0,1.0,3850.32625,3850.32625,3850.32625,0.0,33.32625,0.0,0.0,red_box_quarter::red_box_2_25pct,0.0,0.0,0.0,ORACLE_GT10_CANDIDATE_GENERATION_FAIL,CANDIDATE_GENERATION_FAILURE_GT10,0.0,0.0,0.0,0.0,0.0,1.0
2025-10-03,2025-10-02,L4,RANGE_NORMAL_60_120,CLOSE_POS_MIDDLE_THIRD,ROWS_STANDARD_9_10,3856.24,PREV_CLOSE_PROXY,,NEUTRAL,3854.23,5.0,5.0,MODE_C_BALANCED,1.0,3877.3225,3877.3225,3877.3225,0.0,23.0925,0.0,0.0,prior_range_fraction::prev_range_0.75,MODE_C_BALANCED,3877.3225,23.0925,0.0,0.0,prior_range_fraction::prev_range_0.75,MODE_A_LIVE_PROXIMITY_HEAVY,LEVEL_ONLY,12.4315,1.0,3877.3225,3877.3225,3877.3225,0.0,23.0925,0.0,0.0,prior_range_fraction::prev_range_0.75,0.0,0.0,0.0,ORACLE_GT10_CANDIDATE_GENERATION_FAIL,CANDIDATE_GENERATION_FAILURE_GT10,0.0,0.0,0.0,0.0,0.0,1.0
2025-10-03,2025-10-02,L5,RANGE_NORMAL_60_120,CLOSE_POS_MIDDLE_THIRD,ROWS_STANDARD_9_10,3856.24,PREV_CLOSE_PROXY,,NEUTRAL,3833.88,5.0,5.0,MODE_C_BALANCED,1.0,3857.423333,3857.423333,3857.423333,0.0,23.543333,0.0,0.0,prior_hlc::previous_pivot_hlc3,MODE_C_BALANCED,3857.423333,23.543333,0.0,0.0,prior_hlc::previous_pivot_hlc3,MODE_A_LIVE_PROXIMITY_HEAVY,LEVEL_ONLY,10.7716,1.0,3857.423333,3857.423333,3857.423333,0.0,23.543333,0.0,0.0,prior_hlc::previous_pivot_hlc3,0.0,0.0,0.0,ORACLE_GT10_CANDIDATE_GENERATION_FAIL,CANDIDATE_GENERATION_FAILURE_GT10,0.0,0.0,0.0,0.0,0.0,1.0
2025-10-03,2025-10-02,L6,RANGE_NORMAL_60_120,CLOSE_POS_MIDDLE_THIRD,ROWS_STANDARD_9_10,3856.24,PREV_CLOSE_PROXY,,NEUTRAL,3813.75,5.0,5.0,MODE_C_BALANCED,1.0,3846.2075,3846.2075,3846.2075,0.0,32.4575,0.0,0.0,green_box_midline::green_mid_1,MODE_C_BALANCED,3846.2075,32.4575,0.0,0.0,green_box_midline::green_mid_1,MODE_A_LIVE_PROXIMITY_HEAVY,LEVEL_ONLY,5.0,1.0,3846.2075,3846.2075,3846.2075,0.0,32.4575,0.0,0.0,green_box_midline::green_mid_1,0.0,0.0,0.0,ORACLE_GT10_CANDIDATE_GENERATION_FAIL,CANDIDATE_GENERATION_FAILURE_GT10,0.0,0.0,0.0,0.0,0.0,1.0
2025-10-03,2025-10-02,L7,RANGE_NORMAL_60_120,CLOSE_POS_MIDDLE_THIRD,ROWS_STANDARD_9_10,3856.24,PREV_CLOSE_PROXY,,NEUTRAL,3794.9,5.0,5.0,MODE_C_BALANCED,1.0,3829.61125,3829.61125,3829.61125,0.0,34.71125,0.0,0.0,red_box_quarter::red_box_2_25pct,MODE_C_BALANCED,3829.61125,34.71125,0.0,0.0,red_box_quarter::red_box_2_25pct,MODE_A_LIVE_PROXIMITY_HEAVY,LEVEL_ONLY,6.70255,1.0,3829.61125,3829.61125,3829.61125,0.0,34.71125,0.0,0.0,red_box_quarter::red_box_2_25pct,0.0,0.0,0.0,ORACLE_GT10_CANDIDATE_GENERATION_FAIL,CANDIDATE_GENERATION_FAILURE_GT10,0.0,0.0,0.0,0.0,0.0,1.0
2025-10-06,2025-10-03,L4,RANGE_COMPRESSED_0_60,CLOSE_POS_UPPER_THIRD,ROWS_SPARSE_1_8,3886.43,PREV_CLOSE_PROXY,,NEUTRAL,3872.61,5.0,5.0,MODE_E_SPACING_PRESERVATION,1.0,3855.929982,3855.929982,3855.929982,0.0,16.680018,0.0,0.0,prior_range_fraction::prev_range_0.333333,MODE_E_SPACING_PRESERVATION,3855.929982,16.680018,0.0,0.0,prior_range_fraction::prev_range_0.333333,MODE_A_LIVE_PROXIMITY_HEAVY,LEVEL_ONLY,12.1091,1.0,3855.929982,3855.929982,3855.929982,0.0,16.680018,0.0,0.0,prior_range_fraction::prev_range_0.333333,0.0,0.0,0.0,ORACLE_GT10_CANDIDATE_GENERATION_FAIL,CANDIDATE_GENERATION_FAILURE_GT10,0.0,0.0,0.0,0.0,0.0,1.0
2025-10-06,2025-10-03,L5,RANGE_COMPRESSED_0_60,CLOSE_POS_UPPER_THIRD,ROWS_SPARSE_1_8,3886.43,PREV_CLOSE_PROXY,,NEUTRAL,3851.28,5.0,5.0,MODE_B_EMA_CHANNEL_DIRECTION_HEAVY,1.0,3839.41375,3839.41375,3839.41375,0.0,11.86625,0.0,0.0,red_box_quarter::red_box_2_25pct,MODE_B_EMA_CHANNEL_DIRECTION_HEAVY,3839.41375,11.86625,0.0,0.0,red_box_quarter::red_box_2_25pct,MODE_A_LIVE_PROXIMITY_HEAVY,LEVEL_ONLY,11.198,1.0,3839.41375,3839.41375,3839.41375,0.0,11.86625,0.0,0.0,red_box_quarter::red_box_2_25pct,0.0,0.0,0.0,ORACLE_GT10_CANDIDATE_GENERATION_FAIL,CANDIDATE_GENERATION_FAILURE_GT10,0.0,0.0,0.0,0.0,0.0,1.0
2025-10-06,2025-10-03,L6,RANGE_COMPRESSED_0_60,CLOSE_POS_UPPER_THIRD,ROWS_SPARSE_1_8,3886.43,PREV_CLOSE_PROXY,,NEUTRAL,3830.61,5.0,5.0,MODE_B_EMA_CHANNEL_DIRECTION_HEAVY,1.0,3818.51125,3818.51125,3818.51125,0.0,12.09875,0.0,0.0,red_box_quarter::red_box_2_75pct,MODE_B_EMA_CHANNEL_DIRECTION_HEAVY,3818.51125,12.09875,0.0,0.0,red_box_quarter::red_box_2_75pct,MODE_A_LIVE_PROXIMITY_HEAVY,LEVEL_ONLY,6.6227,1.0,3818.51125,3818.51125,3818.51125,0.0,12.09875,0.0,0.0,red_box_quarter::red_box_2_75pct,0.0,0.0,0.0,ORACLE_GT10_CANDIDATE_GENERATION_FAIL,CANDIDATE_GENERATION_FAILURE_GT10,0.0,0.0,0.0,0.0,0.0,1.0
2025-10-06,2025-10-03,L7,RANGE_COMPRESSED_0_60,CLOSE_POS_UPPER_THIRD,ROWS_SPARSE_1_8,3886.43,PREV_CLOSE_PROXY,,NEUTRAL,3810.83,5.0,5.0,MODE_B_EMA_CHANNEL_DIRECTION_HEAVY,1.0,3797.60875,3797.60875,3797.60875,0.0,13.22125,0.0,0.0,red_box_quarter::red_box_3_25pct,MODE_B_EMA_CHANNEL_DIRECTION_HEAVY,3797.60875,13.22125,0.0,0.0,red_box_quarter::red_box_3_25pct,MODE_A_LIVE_PROXIMITY_HEAVY,LEVEL_ONLY,7.15325,1.0,3797.60875,3797.60875,3797.60875,0.0,13.22125,0.0,0.0,red_box_quarter::red_box_3_25pct,0.0,0.0,0.0,ORACLE_GT10_CANDIDATE_GENERATION_FAIL,CANDIDATE_GENERATION_FAILURE_GT10,0.0,0.0,0.0,0.0,0.0,1.0
2025-10-07,2025-10-06,L4,RANGE_NORMAL_60_120,CLOSE_POS_UPPER_THIRD,ROWS_SPARSE_1_8,3961.0,PREV_CLOSE_PROXY,,NEUTRAL,3964.13,5.0,5.0,MODE_C_BALANCED,1.0,3948.6225,3948.6225,3948.6225,0.0,15.5075,0.0,0.0,prior_range_fraction::prev_range_0.75,MODE_C_BALANCED,3948.6225,15.5075,0.0,0.0,prior_range_fraction::prev_range_0.75,MODE_A_LIVE_PROXIMITY_HEAVY,LEVEL_ONLY,13.8315,1.0,3948.6225,3948.6225,3948.6225,0.0,15.5075,0.0,0.0,prior_range_fraction::prev_range_0.75,0.0,0.0,0.0,ORACLE_GT10_CANDIDATE_GENERATION_FAIL,CANDIDATE_GENERATION_FAILURE_GT10,0.0,0.0,0.0,0.0,0.0,1.0
2025-10-07,2025-10-06,L5,RANGE_NORMAL_60_120,CLOSE_POS_UPPER_THIRD,ROWS_SPARSE_1_8,3961.0,PREV_CLOSE_PROXY,,NEUTRAL,3946.24,5.0,5.0,MODE_C_BALANCED,1.0,3938.47,3938.47,3938.47,0.0,7.77,0.0,0.0,prior_hlc::previous_pivot_hlc3,MODE_C_BALANCED,3938.47,7.77,0.0,0.0,prior_hlc::previous_pivot_hlc3,MODE_A_LIVE_PROXIMITY_HEAVY,LEVEL_ONLY,12.1716,1.0,3938.47,3938.47,3938.47,0.0,7.77,0.0,0.0,prior_hlc::previous_pivot_hlc3,0.0,0.0,0.0,ORACLE_WITHIN_10,ORACLE_ONLY_REDUCES_ERROR_NOT_WITHIN_5,0.0,0.0,0.0,0.0,0.0,0.0
2025-10-07,2025-10-06,L6,RANGE_NORMAL_60_120,CLOSE_POS_UPPER_THIRD,ROWS_SPARSE_1_8,3961.0,PREV_CLOSE_PROXY,,NEUTRAL,3927.93,5.0,5.0,MODE_C_BALANCED,1.0,3913.2875,3913.2875,3913.2875,0.0,14.6425,0.0,0.0,green_box_midline::green_mid_1,MODE_C_BALANCED,3913.2875,14.6425,0.0,0.0,green_box_midline::green_mid_1,MODE_A_LIVE_PROXIMITY_HEAVY,LEVEL_ONLY,8.4153,1.0,3913.2875,3913.2875,3913.2875,0.0,14.6425,0.0,0.0,green_box_midline::green_mid_1,0.0,0.0,0.0,ORACLE_GT10_CANDIDATE_GENERATION_FAIL,CANDIDATE_GENERATION_FAILURE_GT10,0.0,0.0,0.0,0.0,0.0,1.0
2025-10-07,2025-10-06,L7,RANGE_NORMAL_60_120,CLOSE_POS_UPPER_THIRD,ROWS_SPARSE_1_8,3961.0,PREV_CLOSE_PROXY,,NEUTRAL,3710.52,5.0,5.0,MODE_C_BALANCED,1.0,3897.74625,3897.74625,3897.74625,0.0,187.22625,0.0,0.0,red_box_quarter::red_box_2_25pct,MODE_C_BALANCED,3897.74625,187.22625,0.0,0.0,red_box_quarter::red_box_2_25pct,MODE_A_LIVE_PROXIMITY_HEAVY,LEVEL_ONLY,8.10255,1.0,3897.74625,3897.74625,3897.74625,0.0,187.22625,0.0,0.0,red_box_quarter::red_box_2_25pct,0.0,0.0,0.0,ORACLE_GT10_CANDIDATE_GENERATION_FAIL,CANDIDATE_GENERATION_FAILURE_GT10,0.0,0.0,0.0,0.0,0.0,1.0
2025-10-08,2025-10-07,L4,RANGE_COMPRESSED_0_60,CLOSE_POS_UPPER_THIRD,ROWS_SPARSE_1_8,3984.32,PREV_CLOSE_PROXY,,NEUTRAL,3970.41,5.0,5.0,MODE_C_BALANCED,1.0,3972.06,3972.06,3972.06,0.0,1.65,1.0,1.0,prior_hlc::previous_pivot_hlc3,MODE_C_BALANCED,3972.06,1.65,1.0,1.0,prior_hlc::previous_pivot_hlc3,MODE_A_LIVE_PROXIMITY_HEAVY,REGIME_LEVEL_EXACT,12.695194,1.0,3972.06,3972.06,3972.06,0.0,1.65,1.0,1.0,prior_hlc::previous_pivot_hlc3,0.0,0.0,0.0,ORACLE_WITHIN_3,ROUTER_ACCEPTABLE_WITHIN_5,1.0,1.0,0.0,0.0,0.0,0.0
2025-10-08,2025-10-07,L5,RANGE_COMPRESSED_0_60,CLOSE_POS_UPPER_THIRD,ROWS_SPARSE_1_8,3984.32,PREV_CLOSE_PROXY,,NEUTRAL,3949.74,5.0,5.0,MODE_C_BALANCED,1.0,3953.365,3953.365,3953.365,0.0,3.625,0.0,1.0,prior_range_fraction::prev_range_0.25,MODE_C_BALANCED,3953.365,3.625,0.0,1.0,prior_range_fraction::prev_range_0.25,MODE_A_LIVE_PROXIMITY_HEAVY,REGIME_LEVEL_EXACT,14.42815,1.0,3953.365,3953.365,3953.365,0.0,3.625,0.0,1.0,prior_range_fraction::prev_range_0.25,0.0,0.0,0.0,ORACLE_WITHIN_5,ROUTER_ACCEPTABLE_WITHIN_5,0.0,1.0,0.0,0.0,0.0,0.0
2025-10-08,2025-10-07,L6,RANGE_COMPRESSED_0_60,CLOSE_POS_UPPER_THIRD,ROWS_SPARSE_1_8,3984.32,PREV_CLOSE_PROXY,,NEUTRAL,3929.69,5.0,5.0,MODE_B_EMA_CHANNEL_DIRECTION_HEAVY,1.0,3930.865,3930.865,3930.865,0.0,1.175,1.0,1.0,red_box_midline::red_mid_2,MODE_B_EMA_CHANNEL_DIRECTION_HEAVY,3930.865,1.175,1.0,1.0,red_box_midline::red_mid_2,MODE_A_LIVE_PROXIMITY_HEAVY,REGIME_LEVEL_EXACT,14.34445,1.0,3930.865,3930.865,3930.865,0.0,1.175,1.0,1.0,red_box_midline::red_mid_2,0.0,0.0,0.0,ORACLE_WITHIN_3,ROUTER_ACCEPTABLE_WITHIN_5,1.0,1.0,0.0,0.0,0.0,0.0
2025-10-08,2025-10-07,L7,RANGE_COMPRESSED_0_60,CLOSE_POS_UPPER_THIRD,ROWS_SPARSE_1_8,3984.32,PREV_CLOSE_PROXY,,NEUTRAL,3910.27,5.0,5.0,MODE_B_EMA_CHANNEL_DIRECTION_HEAVY,1.0,3910.8,3910.8,3910.8,0.0,0.53,1.0,1.0,red_box_edge::red_edge_2,MODE_B_EMA_CHANNEL_DIRECTION_HEAVY,3910.8,0.53,1.0,1.0,red_box_edge::red_edge_2,MODE_A_LIVE_PROXIMITY_HEAVY,REGIME_LEVEL_EXACT,13.94035,1.0,3910.8,3910.8,3910.8,0.0,0.53,1.0,1.0,red_box_edge::red_edge_2,0.0,0.0,0.0,ORACLE_WITHIN_3,ROUTER_ACCEPTABLE_WITHIN_5,1.0,1.0,0.0,0.0,0.0,0.0
2025-10-09,2025-10-08,L4,RANGE_NORMAL_60_120,CLOSE_POS_UPPER_THIRD,ROWS_SPARSE_1_8,4041.38,PREV_CLOSE_PROXY,,NEUTRAL,4038.76,5.0,5.0,MODE_C_BALANCED,1.0,4041.38,4041.38,4041.38,0.0,2.62,1.0,1.0,prior_hlc::previous_close,MODE_C_BALANCED,4041.38,2.62,1.0,1.0,prior_hlc::previous_close,MODE_A_LIVE_PROXIMITY_HEAVY,REGIME_LEVEL_EXACT,13.1173,1.0,4041.38,4041.38,4041.38,0.0,2.62,1.0,1.0,prior_hlc::previous_close,0.0,0.0,0.0,ORACLE_WITHIN_3,ROUTER_ACCEPTABLE_WITHIN_5,1.0,1.0,0.0,0.0,0.0,0.0
2025-10-09,2025-10-08,L5,RANGE_NORMAL_60_120,CLOSE_POS_UPPER_THIRD,ROWS_SPARSE_1_8,4041.38,PREV_CLOSE_PROXY,,NEUTRAL,4019.13,5.0,5.0,MODE_C_BALANCED,1.0,4040.21,4040.21,4040.21,0.0,21.08,0.0,0.0,prior_range_fraction::prev_range_0.75,MODE_C_BALANCED,4040.21,21.08,0.0,0.0,prior_range_fraction::prev_range_0.75,MODE_A_LIVE_PROXIMITY_HEAVY,REGIME_LEVEL_EXACT,15.9028,1.0,4040.21,4040.21,4040.21,0.0,21.08,0.0,0.0,prior_range_fraction::prev_range_0.75,0.0,0.0,0.0,ORACLE_GT10_CANDIDATE_GENERATION_FAIL,CANDIDATE_GENERATION_FAILURE_GT10,0.0,0.0,0.0,0.0,0.0,1.0
2025-10-09,2025-10-08,L6,RANGE_NORMAL_60_120,CLOSE_POS_UPPER_THIRD,ROWS_SPARSE_1_8,4041.38,PREV_CLOSE_PROXY,,NEUTRAL,4001.52,5.0,5.0,MODE_C_BALANCED,1.0,4023.035,4023.035,4023.035,0.0,21.515,0.0,0.0,green_box_quarter::green_box_1_75pct,MODE_C_BALANCED,4023.035,21.515,0.0,0.0,green_box_quarter::green_box_1_75pct,MODE_A_LIVE_PROXIMITY_HEAVY,REGIME_LEVEL_EXACT,13.4287,1.0,4023.035,4023.035,4023.035,0.0,21.515,0.0,0.0,green_box_quarter::green_box_1_75pct,0.0,0.0,0.0,ORACLE_GT10_CANDIDATE_GENERATION_FAIL,CANDIDATE_GENERATION_FAILURE_GT10,0.0,0.0,0.0,0.0,0.0,1.0
2025-10-09,2025-10-08,L7,RANGE_NORMAL_60_120,CLOSE_POS_UPPER_THIRD,ROWS_SPARSE_1_8,4041.38,PREV_CLOSE_PROXY,,NEUTRAL,3985.35,5.0,5.0,MODE_B_EMA_CHANNEL_DIRECTION_HEAVY,1.0,3847.56,3847.56,3847.56,0.0,137.79,0.0,0.0,red_box_edge::red_edge_4,MODE_B_EMA_CHANNEL_DIRECTION_HEAVY,3847.56,137.79,0.0,0.0,red_box_edge::red_edge_4,MODE_A_LIVE_PROXIMITY_HEAVY,REGIME_LEVEL_EXACT,5.0,1.0,3847.56,3847.56,3847.56,0.0,137.79,0.0,0.0,red_box_edge::red_edge_4,0.0,0.0,0.0,ORACLE_GT10_CANDIDATE_GENERATION_FAIL,CANDIDATE_GENERATION_FAILURE_GT10,0.0,0.0,0.0,0.0,0.0,1.0
2025-10-10,2025-10-09,L4,RANGE_NORMAL_60_120,CLOSE_POS_LOWER_THIRD,ROWS_STANDARD_9_10,3975.96,PREV_CLOSE_PROXY,,NEUTRAL,3999.31,10.0,5.0,MODE_A_LIVE_PROXIMITY_HEAVY,2.0,3975.96,3975.96,3975.96,0.0,23.35,0.0,0.0,prior_hlc::previous_close,MODE_C_BALANCED,4029.7025,30.3925,0.0,0.0,prior_range_fraction::prev_range_0.75,MODE_A_LIVE_PROXIMITY_HEAVY,LEVEL_ONLY,23.406247,1.0,4029.7025,4029.7025,4029.7025,0.0,30.3925,0.0,0.0,prior_range_fraction::prev_range_0.75,7.0425,0.0,7.0425,ORACLE_GT10_CANDIDATE_GENERATION_FAIL,CANDIDATE_GENERATION_FAILURE_GT10,0.0,0.0,0.0,0.0,0.0,1.0
2025-10-10,2025-10-09,L5,RANGE_NORMAL_60_120,CLOSE_POS_LOWER_THIRD,ROWS_STANDARD_9_10,3975.96,PREV_CLOSE_PROXY,,NEUTRAL,3980.31,20.0,5.0,MODE_C_BALANCED,2.0,3992.93,3992.93,3992.93,0.0,12.62,0.0,0.0,prior_hlc::previous_pivot_hlc3,MODE_C_BALANCED,4004.30875,23.99875,0.0,0.0,red_box_quarter::red_box_1_75pct,MODE_A_LIVE_PROXIMITY_HEAVY,LEVEL_ONLY,19.769675,1.0,4004.30875,4004.30875,4004.30875,0.0,23.99875,0.0,0.0,red_box_quarter::red_box_1_75pct,11.37875,0.0,11.37875,ORACLE_GT10_CANDIDATE_GENERATION_FAIL,CANDIDATE_GENERATION_FAILURE_GT10,0.0,0.0,0.0,0.0,0.0,1.0
2025-10-10,2025-10-09,L6,RANGE_NORMAL_60_120,CLOSE_POS_LOWER_THIRD,ROWS_STANDARD_9_10,3975.96,PREV_CLOSE_PROXY,,NEUTRAL,3961.97,20.0,5.0,MODE_C_BALANCED,1.0,3973.1275,3973.1275,3973.1275,0.0,11.1575,0.0,0.0,prior_range_fraction::prev_range_0.25,MODE_C_BALANCED,3973.1275,11.1575,0.0,0.0,prior_range_fraction::prev_range_0.25,MODE_A_LIVE_PROXIMITY_HEAVY,LEVEL_ONLY,19.19165,1.0,3950.6275,3950.6275,3950.6275,0.0,11.3425,0.0,0.0,red_box_midline::red_mid_2,0.185,0.185,0.0,ORACLE_GT10_CANDIDATE_GENERATION_FAIL,CANDIDATE_GENERATION_FAILURE_GT10,0.0,0.0,0.0,0.0,0.0,1.0
2025-10-10,2025-10-09,L7,RANGE_NORMAL_60_120,CLOSE_POS_LOWER_THIRD,ROWS_STANDARD_9_10,3975.96,PREV_CLOSE_PROXY,,NEUTRAL,3943.24,20.0,5.0,MODE_B_EMA_CHANNEL_DIRECTION_HEAVY,1.0,3944.84,3944.84,3944.84,0.0,1.6,1.0,1.0,prior_hlc::previous_low,MODE_B_EMA_CHANNEL_DIRECTION_HEAVY,3944.84,1.6,1.0,1.0,prior_hlc::previous_low,MODE_A_LIVE_PROXIMITY_HEAVY,LEVEL_ONLY,13.45325,1.0,3944.84,3944.84,3944.84,0.0,1.6,1.0,1.0,prior_hlc::previous_low,0.0,0.0,0.0,ORACLE_WITHIN_3,ROUTER_ACCEPTABLE_WITHIN_5,1.0,1.0,0.0,0.0,0.0,0.0
2025-10-13,2025-10-10,L4,RANGE_NORMAL_60_120,CLOSE_POS_UPPER_THIRD,ROWS_STANDARD_9_10,4012.42,PREV_CLOSE_PROXY,,NEUTRAL,4010.88,5.0,5.0,MODE_C_BALANCED,1.0,4003.8475,4003.8475,4003.8475,0.0,7.0325,0.0,0.0,prior_range_fraction::prev_range_0.75,MODE_C_BALANCED,4003.8475,7.0325,0.0,0.0,prior_range_fraction::prev_range_0.75,MODE_A_LIVE_PROXIMITY_HEAVY,REGIME_LEVEL_BROAD,26.63705,1.0,4003.8475,4003.8475,4003.8475,0.0,7.0325,0.0,0.0,prior_range_fraction::prev_range_0.75,0.0,0.0,0.0,ORACLE_WITHIN_10,ORACLE_ONLY_REDUCES_ERROR_NOT_WITHIN_5,0.0,0.0,0.0,0.0,0.0,0.0
2025-10-13,2025-10-10,L5,RANGE_NORMAL_60_120,CLOSE_POS_UPPER_THIRD,ROWS_STANDARD_9_10,4012.42,PREV_CLOSE_PROXY,,NEUTRAL,3994.06,5.0,5.0,MODE_C_BALANCED,1.0,3994.056667,3994.056667,3994.056667,0.0,0.003333,1.0,1.0,prior_hlc::previous_pivot_hlc3,MODE_C_BALANCED,3994.056667,0.003333,1.0,1.0,prior_hlc::previous_pivot_hlc3,MODE_A_LIVE_PROXIMITY_HEAVY,REGIME_LEVEL_BROAD,14.207,1.0,3994.056667,3994.056667,3994.056667,0.0,0.003333,1.0,1.0,prior_hlc::previous_pivot_hlc3,0.0,0.0,0.0,ORACLE_WITHIN_3,ROUTER_ACCEPTABLE_WITHIN_5,1.0,1.0,0.0,0.0,0.0,0.0
2025-10-13,2025-10-10,L6,RANGE_NORMAL_60_120,CLOSE_POS_UPPER_THIRD,ROWS_STANDARD_9_10,4012.42,PREV_CLOSE_PROXY,,NEUTRAL,3974.97,5.0,5.0,MODE_C_BALANCED,1.0,3973.4025,3973.4025,3973.4025,0.0,1.5675,1.0,1.0,green_box_midline::green_mid_1,MODE_C_BALANCED,3973.4025,1.5675,1.0,1.0,green_box_midline::green_mid_1,MODE_A_LIVE_PROXIMITY_HEAVY,REGIME_LEVEL_BROAD,12.89165,1.0,3973.4025,3973.4025,3973.4025,0.0,1.5675,1.0,1.0,green_box_midline::green_mid_1,0.0,0.0,0.0,ORACLE_WITHIN_3,ROUTER_ACCEPTABLE_WITHIN_5,1.0,1.0,0.0,0.0,0.0,0.0
2025-10-13,2025-10-10,L7,RANGE_NORMAL_60_120,CLOSE_POS_UPPER_THIRD,ROWS_STANDARD_9_10,4012.42,PREV_CLOSE_PROXY,,NEUTRAL,3956.47,5.0,5.0,MODE_C_BALANCED,1.0,3956.63875,3956.63875,3956.63875,0.0,0.16875,1.0,1.0,red_box_quarter::red_box_2_25pct,MODE_C_BALANCED,3956.63875,0.16875,1.0,1.0,red_box_quarter::red_box_2_25pct,MODE_A_LIVE_PROXIMITY_HEAVY,REGIME_LEVEL_BROAD,5.0,1.0,3956.63875,3956.63875,3956.63875,0.0,0.16875,1.0,1.0,red_box_quarter::red_box_2_25pct,0.0,0.0,0.0,ORACLE_WITHIN_3,ROUTER_ACCEPTABLE_WITHIN_5,1.0,1.0,0.0,0.0,0.0,0.0
2025-10-14,2025-10-13,L4,RANGE_WIDE_120_220,CLOSE_POS_UPPER_THIRD,ROWS_SPARSE_1_8,4110.41,PREV_CLOSE_PROXY,,NEUTRAL,4108.96,25.0,5.0,MODE_C_BALANCED,1.0,4110.41,4110.41,4110.41,0.0,1.45,1.0,1.0,prior_hlc::previous_close,MODE_C_BALANCED,4110.41,1.45,1.0,1.0,prior_hlc::previous_close,MODE_A_LIVE_PROXIMITY_HEAVY,LEVEL_ONLY,23.056247,1.0,4110.41,4110.41,4110.41,0.0,1.45,1.0,1.0,prior_hlc::previous_close,0.0,0.0,0.0,ORACLE_WITHIN_3,ROUTER_ACCEPTABLE_WITHIN_5,1.0,1.0,0.0,0.0,0.0,0.0
2025-10-14,2025-10-13,L5,RANGE_WIDE_120_220,CLOSE_POS_UPPER_THIRD,ROWS_SPARSE_1_8,4110.41,PREV_CLOSE_PROXY,,NEUTRAL,4093.64,25.0,5.0,MODE_D_NEAREST_VALID_LADDER,1.0,4086.7525,4086.7525,4086.7525,0.0,6.8875,0.0,0.0,prior_range_fraction::prev_range_0.75,MODE_D_NEAREST_VALID_LADDER,4086.7525,6.8875,0.0,0.0,prior_range_fraction::prev_range_0.75,MODE_A_LIVE_PROXIMITY_HEAVY,LEVEL_ONLY,22.919675,1.0,4086.7525,4086.7525,4086.7525,0.0,6.8875,0.0,0.0,prior_range_fraction::prev_range_0.75,0.0,0.0,0.0,ORACLE_WITHIN_10,ORACLE_ONLY_REDUCES_ERROR_NOT_WITHIN_5,0.0,0.0,0.0,0.0,0.0,0.0
2025-10-14,2025-10-13,L6,RANGE_WIDE_120_220,CLOSE_POS_UPPER_THIRD,ROWS_SPARSE_1_8,4110.41,PREV_CLOSE_PROXY,,NEUTRAL,4078.18,25.0,5.0,MODE_C_BALANCED,1.0,4052.60125,4052.60125,4052.60125,0.0,25.57875,0.0,0.0,green_box_quarter::green_box_1_75pct,MODE_C_BALANCED,4052.60125,25.57875,0.0,0.0,green_box_quarter::green_box_1_75pct,MODE_A_LIVE_PROXIMITY_HEAVY,LEVEL_ONLY,24.036575,1.0,4052.60125,4052.60125,4052.60125,0.0,25.57875,0.0,0.0,green_box_quarter::green_box_1_75pct,0.0,0.0,0.0,ORACLE_GT10_CANDIDATE_GENERATION_FAIL,CANDIDATE_GENERATION_FAILURE_GT10,0.0,0.0,0.0,0.0,0.0,1.0
2025-10-14,2025-10-13,L7,RANGE_WIDE_120_220,CLOSE_POS_UPPER_THIRD,ROWS_SPARSE_1_8,4110.41,PREV_CLOSE_PROXY,,NEUTRAL,4061.81,25.0,5.0,MODE_C_BALANCED,1.0,4022.60125,4022.60125,4022.60125,0.0,39.20875,0.0,0.0,red_box_quarter::red_box_2_25pct,MODE_C_BALANCED,4022.60125,39.20875,0.0,0.0,red_box_quarter::red_box_2_25pct,MODE_A_LIVE_PROXIMITY_HEAVY,LEVEL_ONLY,23.09645,1.0,4022.60125,4022.60125,4022.60125,0.0,39.20875,0.0,0.0,red_box_quarter::red_box_2_25pct,0.0,0.0,0.0,ORACLE_GT10_CANDIDATE_GENERATION_FAIL,CANDIDATE_GENERATION_FAILURE_GT10,0.0,0.0,0.0,0.0,0.0,1.0
2025-10-15,2025-10-14,L4,RANGE_NORMAL_60_120,CLOSE_POS_MIDDLE_THIRD,ROWS_STANDARD_9_10,4142.14,PREV_CLOSE_PROXY,,NEUTRAL,4150.06,5.0,5.0,MODE_C_BALANCED,1.0,4142.14,4142.14,4142.14,0.0,7.92,0.0,0.0,prior_hlc::previous_close,MODE_C_BALANCED,4142.14,7.92,0.0,0.0,prior_hlc::previous_close,MODE_A_LIVE_PROXIMITY_HEAVY,REGIME_LEVEL_EXACT,10.3867,1.0,4142.14,4142.14,4142.14,0.0,7.92,0.0,0.0,prior_hlc::previous_close,0.0,0.0,0.0,ORACLE_WITHIN_10,ORACLE_ONLY_REDUCES_ERROR_NOT_WITHIN_5,0.0,0.0,0.0,0.0,0.0,0.0
2025-10-15,2025-10-14,L5,RANGE_NORMAL_60_120,CLOSE_POS_MIDDLE_THIRD,ROWS_STANDARD_9_10,4142.14,PREV_CLOSE_PROXY,,NEUTRAL,4135.03,5.0,5.0,MODE_C_BALANCED,1.0,4105.3525,4105.3525,4105.3525,0.0,29.6775,0.0,0.0,green_box_quarter::green_box_1_25pct,MODE_C_BALANCED,4105.3525,29.6775,0.0,0.0,green_box_quarter::green_box_1_25pct,MODE_A_LIVE_PROXIMITY_HEAVY,REGIME_LEVEL_EXACT,10.2244,1.0,4105.3525,4105.3525,4105.3525,0.0,29.6775,0.0,0.0,green_box_quarter::green_box_1_25pct,0.0,0.0,0.0,ORACLE_GT10_CANDIDATE_GENERATION_FAIL,CANDIDATE_GENERATION_FAILURE_GT10,0.0,0.0,0.0,0.0,0.0,1.0
2025-10-15,2025-10-14,L6,RANGE_NORMAL_60_120,CLOSE_POS_MIDDLE_THIRD,ROWS_STANDARD_9_10,4142.14,PREV_CLOSE_PROXY,,NEUTRAL,4119.47,5.0,5.0,MODE_B_EMA_CHANNEL_DIRECTION_HEAVY,1.0,4090.265,4090.265,4090.265,0.0,29.205,0.0,0.0,red_box_midline::red_mid_2,MODE_B_EMA_CHANNEL_DIRECTION_HEAVY,4090.265,29.205,0.0,0.0,red_box_midline::red_mid_2,MODE_A_LIVE_PROXIMITY_HEAVY,REGIME_LEVEL_EXACT,7.0153,1.0,4090.265,4090.265,4090.265,0.0,29.205,0.0,0.0,red_box_midline::red_mid_2,0.0,0.0,0.0,ORACLE_GT10_CANDIDATE_GENERATION_FAIL,CANDIDATE_GENERATION_FAILURE_GT10,0.0,0.0,0.0,0.0,0.0,1.0
2025-10-15,2025-10-14,L7,RANGE_NORMAL_60_120,CLOSE_POS_MIDDLE_THIRD,ROWS_STANDARD_9_10,4142.14,PREV_CLOSE_PROXY,,NEUTRAL,4105.05,5.0,5.0,MODE_B_EMA_CHANNEL_DIRECTION_HEAVY,1.0,4060.44,4060.44,4060.44,0.0,44.61,0.0,0.0,red_box_edge::red_edge_2,MODE_B_EMA_CHANNEL_DIRECTION_HEAVY,4060.44,44.61,0.0,0.0,red_box_edge::red_edge_2,MODE_A_LIVE_PROXIMITY_HEAVY,REGIME_LEVEL_EXACT,6.20395,1.0,4060.44,4060.44,4060.44,0.0,44.61,0.0,0.0,red_box_edge::red_edge_2,0.0,0.0,0.0,ORACLE_GT10_CANDIDATE_GENERATION_FAIL,CANDIDATE_GENERATION_FAILURE_GT10,0.0,0.0,0.0,0.0,0.0,1.0
2025-10-16,2025-10-15,L4,RANGE_NORMAL_60_120,CLOSE_POS_UPPER_THIRD,ROWS_STANDARD_9_10,4208.11,PREV_CLOSE_PROXY,,NEUTRAL,4201.69,10.0,5.0,MODE_C_BALANCED,2.0,4198.935,4198.935,4198.935,0.0,2.755,1.0,1.0,prior_range_fraction::prev_range_0.75,MODE_C_BALANCED,4204.8775,3.1875,0.0,1.0,red_box_quarter::red_box_1_25pct,MODE_A_LIVE_PROXIMITY_HEAVY,REGIME_LEVEL_EXACT,16.1683,1.0,4204.8775,4204.8775,4204.8775,0.0,3.1875,0.0,1.0,red_box_quarter::red_box_1_25pct,0.4325,0.0,0.4325,ORACLE_WITHIN_3,ROUTER_ACCEPTABLE_WITHIN_5,1.0,1.0,0.0,0.0,0.0,0.0
2025-10-16,2025-10-15,L5,RANGE_NORMAL_60_120,CLOSE_POS_UPPER_THIRD,ROWS_STANDARD_9_10,4208.11,PREV_CLOSE_PROXY,,NEUTRAL,4189.9,5.0,5.0,MODE_C_BALANCED,1.0,4189.07,4189.07,4189.07,0.0,0.83,1.0,1.0,prior_hlc::previous_pivot_hlc3,MODE_C_BALANCED,4189.07,0.83,1.0,1.0,prior_hlc::previous_pivot_hlc3,MODE_A_LIVE_PROXIMITY_HEAVY,REGIME_LEVEL_EXACT,39.6988,1.0,4189.07,4189.07,4189.07,0.0,0.83,1.0,1.0,prior_hlc::previous_pivot_hlc3,0.0,0.0,0.0,ORACLE_WITHIN_3,ROUTER_ACCEPTABLE_WITHIN_5,1.0,1.0,0.0,0.0,0.0,0.0
2025-10-16,2025-10-15,L6,RANGE_NORMAL_60_120,CLOSE_POS_UPPER_THIRD,ROWS_STANDARD_9_10,4208.11,PREV_CLOSE_PROXY,,NEUTRAL,4177.27,5.0,5.0,MODE_C_BALANCED,1.0,4169.03264,4167.665,4170.40028,2.73528,8.23736,0.0,0.0,green_box_midline::green_mid_1 | prior_range_fraction::prev_range_0.382,MODE_C_BALANCED,4169.03264,8.23736,0.0,0.0,green_box_midline::green_mid_1 | prior_range_fraction::prev_range_0.382,MODE_A_LIVE_PROXIMITY_HEAVY,REGIME_LEVEL_EXACT,39.1357,1.0,4169.03264,4167.665,4170.40028,2.73528,8.23736,0.0,0.0,green_box_midline::green_mid_1 | prior_range_fraction::prev_range_0.382,0.0,0.0,0.0,ORACLE_WITHIN_10,ORACLE_ONLY_REDUCES_ERROR_NOT_WITHIN_5,0.0,0.0,0.0,0.0,0.0,0.0
2025-10-16,2025-10-15,L7,RANGE_NORMAL_60_120,CLOSE_POS_UPPER_THIRD,ROWS_STANDARD_9_10,4208.11,PREV_CLOSE_PROXY,,NEUTRAL,4162.99,5.0,5.0,MODE_C_BALANCED,1.0,4150.79,4150.4725,4151.1075,0.635,12.2,0.0,0.0,prior_range_fraction::prev_range_0.125 | red_box_quarter::red_box_2_25pct,MODE_C_BALANCED,4150.79,12.2,0.0,0.0,prior_range_fraction::prev_range_0.125 | red_box_quarter::red_box_2_25pct,MODE_A_LIVE_PROXIMITY_HEAVY,REGIME_LEVEL_EXACT,39.63925,1.0,4150.79,4150.4725,4151.1075,0.635,12.2,0.0,0.0,prior_range_fraction::prev_range_0.125 | red_box_quarter::red_box_2_25pct,0.0,0.0,0.0,ORACLE_GT10_CANDIDATE_GENERATION_FAIL,CANDIDATE_GENERATION_FAILURE_GT10,0.0,0.0,0.0,0.0,0.0,1.0
2025-10-17,2025-10-16,L4,RANGE_WIDE_120_220,CLOSE_POS_UPPER_THIRD,ROWS_EXTENDED_11_PLUS,4325.92,PREV_CLOSE_PROXY,,NEUTRAL,4305.21,5.0,5.0,MODE_C_BALANCED,1.0,4320.4125,4320.4125,4320.4125,0.0,15.2025,0.0,0.0,green_box_midline::green_mid_2,MODE_C_BALANCED,4320.4125,15.2025,0.0,0.0,green_box_midline::green_mid_2,MODE_A_LIVE_PROXIMITY_HEAVY,REGIME_LEVEL_BROAD,39.178,1.0,4320.4125,4320.4125,4320.4125,0.0,15.2025,0.0,0.0,green_box_midline::green_mid_2,0.0,0.0,0.0,ORACLE_GT10_CANDIDATE_GENERATION_FAIL,CANDIDATE_GENERATION_FAILURE_GT10,0.0,0.0,0.0,0.0,0.0,1.0
2025-10-17,2025-10-16,L5,RANGE_WIDE_120_220,CLOSE_POS_UPPER_THIRD,ROWS_EXTENDED_11_PLUS,4325.92,PREV_CLOSE_PROXY,,NEUTRAL,4289.52,5.0,5.0,MODE_C_BALANCED,1.0,4300.32875,4300.32875,4300.32875,0.0,10.80875,0.0,0.0,green_box_quarter::green_box_2_25pct,MODE_C_BALANCED,4300.32875,10.80875,0.0,0.0,green_box_quarter::green_box_2_25pct,MODE_A_LIVE_PROXIMITY_HEAVY,REGIME_LEVEL_BROAD,16.2205,1.0,4300.32875,4300.32875,4300.32875,0.0,10.80875,0.0,0.0,green_box_quarter::green_box_2_25pct,0.0,0.0,0.0,ORACLE_GT10_CANDIDATE_GENERATION_FAIL,CANDIDATE_GENERATION_FAILURE_GT10,0.0,0.0,0.0,0.0,0.0,1.0
2025-10-17,2025-10-16,L6,RANGE_WIDE_120_220,CLOSE_POS_UPPER_THIRD,ROWS_EXTENDED_11_PLUS,4325.92,PREV_CLOSE_PROXY,,NEUTRAL,4275.71,5.0,5.0,MODE_C_BALANCED,1.0,4290.4125,4290.4125,4290.4125,0.0,14.7025,0.0,0.0,red_box_midline::red_mid_1,MODE_C_BALANCED,4290.4125,14.7025,0.0,0.0,red_box_midline::red_mid_1,MODE_A_LIVE_PROXIMITY_HEAVY,REGIME_LEVEL_BROAD,9.49165,1.0,4290.4125,4290.4125,4290.4125,0.0,14.7025,0.0,0.0,red_box_midline::red_mid_1,0.0,0.0,0.0,ORACLE_GT10_CANDIDATE_GENERATION_FAIL,CANDIDATE_GENERATION_FAILURE_GT10,0.0,0.0,0.0,0.0,0.0,1.0
2025-10-17,2025-10-16,L7,RANGE_WIDE_120_220,CLOSE_POS_UPPER_THIRD,ROWS_EXTENDED_11_PLUS,4325.92,PREV_CLOSE_PROXY,,NEUTRAL,4263.05,5.0,5.0,MODE_C_BALANCED,1.0,4270.32875,4270.32875,4270.32875,0.0,7.27875,0.0,0.0,red_box_quarter::red_box_1_75pct,MODE_C_BALANCED,4270.32875,7.27875,0.0,0.0,red_box_quarter::red_box_1_75pct,MODE_A_LIVE_PROXIMITY_HEAVY,REGIME_LEVEL_BROAD,5.0,1.0,4270.32875,4270.32875,4270.32875,0.0,7.27875,0.0,0.0,red_box_quarter::red_box_1_75pct,0.0,0.0,0.0,ORACLE_WITHIN_10,ORACLE_ONLY_REDUCES_ERROR_NOT_WITHIN_5,0.0,0.0,0.0,0.0,0.0,0.0
2025-10-20,2025-10-17,L4,RANGE_WIDE_120_220,CLOSE_POS_MIDDLE_THIRD,ROWS_STANDARD_9_10,4252.68,PREV_CLOSE_PROXY,,NEUTRAL,4286.39,10.0,5.0,MODE_C_BALANCED,2.0,4325.85875,4325.85875,4325.85875,0.0,39.46875,0.0,0.0,green_box_quarter::green_box_2_25pct,MODE_C_BALANCED,4353.7725,67.3825,0.0,0.0,green_box_midline::green_mid_2,MODE_A_LIVE_PROXIMITY_HEAVY,LEVEL_ONLY,29.23795,1.0,4353.7725,4353.7725,4353.7725,0.0,67.3825,0.0,0.0,green_box_midline::green_mid_2,27.91375,0.0,27.91375,ORACLE_GT10_CANDIDATE_GENERATION_FAIL,CANDIDATE_GENERATION_FAILURE_GT10,0.0,0.0,0.0,0.0,0.0,1.0
2025-10-20,2025-10-17,L5,RANGE_WIDE_120_220,CLOSE_POS_MIDDLE_THIRD,ROWS_STANDARD_9_10,4252.68,PREV_CLOSE_PROXY,,NEUTRAL,4249.57,5.0,5.0,MODE_C_BALANCED,1.0,4324.815625,4323.7725,4325.85875,2.08625,75.245625,0.0,0.0,red_box_midline::red_mid_1 | green_box_quarter::green_box_2_25pct,MODE_C_BALANCED,4324.815625,75.245625,0.0,0.0,red_box_midline::red_mid_1 | green_box_quarter::green_box_2_25pct,MODE_A_LIVE_PROXIMITY_HEAVY,LEVEL_ONLY,27.5685,1.0,4324.815625,4323.7725,4325.85875,2.08625,75.245625,0.0,0.0,red_box_midline::red_mid_1 | green_box_quarter::green_box_2_25pct,0.0,0.0,0.0,ORACLE_GT10_CANDIDATE_GENERATION_FAIL,CANDIDATE_GENERATION_FAILURE_GT10,0.0,0.0,0.0,0.0,0.0,1.0
2025-10-20,2025-10-17,L6,RANGE_WIDE_120_220,CLOSE_POS_MIDDLE_THIRD,ROWS_STANDARD_9_10,4252.68,PREV_CLOSE_PROXY,,NEUTRAL,4218.98,10.0,5.0,MODE_A_LIVE_PROXIMITY_HEAVY,1.0,4297.945,4297.945,4297.945,0.0,78.965,0.0,0.0,green_box_edge::green_edge_1,MODE_A_LIVE_PROXIMITY_HEAVY,4297.945,78.965,0.0,0.0,green_box_edge::green_edge_1,MODE_A_LIVE_PROXIMITY_HEAVY,LEVEL_ONLY,24.6179,1.0,4297.945,4297.945,4297.945,0.0,78.965,0.0,0.0,green_box_edge::green_edge_1,0.0,0.0,0.0,ORACLE_GT10_CANDIDATE_GENERATION_FAIL,CANDIDATE_GENERATION_FAILURE_GT10,0.0,0.0,0.0,0.0,0.0,1.0
2025-10-20,2025-10-17,L7,RANGE_WIDE_120_220,CLOSE_POS_MIDDLE_THIRD,ROWS_STANDARD_9_10,4252.68,PREV_CLOSE_PROXY,,NEUTRAL,4188.96,10.0,5.0,MODE_A_LIVE_PROXIMITY_HEAVY,1.0,4282.945,4282.945,4282.945,0.0,93.985,0.0,0.0,prior_hlc::previous_mid,MODE_A_LIVE_PROXIMITY_HEAVY,4282.945,93.985,0.0,0.0,prior_hlc::previous_mid,MODE_A_LIVE_PROXIMITY_HEAVY,LEVEL_ONLY,23.27145,1.0,4282.945,4282.945,4282.945,0.0,93.985,0.0,0.0,prior_hlc::previous_mid,0.0,0.0,0.0,ORACLE_GT10_CANDIDATE_GENERATION_FAIL,CANDIDATE_GENERATION_FAILURE_GT10,0.0,0.0,0.0,0.0,0.0,1.0
2025-10-21,2025-10-20,L4,RANGE_WIDE_120_220,CLOSE_POS_UPPER_THIRD,ROWS_EXTENDED_11_PLUS,4356.3,PREV_CLOSE_PROXY,,NEUTRAL,4336.24,5.0,5.0,MODE_C_BALANCED,1.0,4339.28,4339.28,4339.28,0.0,3.04,0.0,1.0,green_box_quarter::green_box_2_25pct,MODE_C_BALANCED,4339.28,3.04,0.0,1.0,green_box_quarter::green_box_2_25pct,MODE_A_LIVE_PROXIMITY_HEAVY,REGIME_LEVEL_EXACT,13.2271,1.0,4339.28,4339.28,4339.28,0.0,3.04,0.0,1.0,green_box_quarter::green_box_2_25pct,0.0,0.0,0.0,ORACLE_WITHIN_5,ROUTER_ACCEPTABLE_WITHIN_5,0.0,1.0,0.0,0.0,0.0,0.0
2025-10-21,2025-10-20,L5,RANGE_WIDE_120_220,CLOSE_POS_UPPER_THIRD,ROWS_EXTENDED_11_PLUS,4356.3,PREV_CLOSE_PROXY,,NEUTRAL,4302.55,5.0,5.0,MODE_C_BALANCED,1.0,4333.31,4333.31,4333.31,0.0,30.76,0.0,0.0,red_box_midline::red_mid_1,MODE_C_BALANCED,4333.31,30.76,0.0,0.0,red_box_midline::red_mid_1,MODE_A_LIVE_PROXIMITY_HEAVY,REGIME_LEVEL_EXACT,14.80885,1.0,4333.31,4333.31,4333.31,0.0,30.76,0.0,0.0,red_box_midline::red_mid_1,0.0,0.0,0.0,ORACLE_GT10_CANDIDATE_GENERATION_FAIL,CANDIDATE_GENERATION_FAILURE_GT10,0.0,0.0,0.0,0.0,0.0,1.0
2025-10-21,2025-10-20,L6,RANGE_WIDE_120_220,CLOSE_POS_UPPER_THIRD,ROWS_EXTENDED_11_PLUS,4356.3,PREV_CLOSE_PROXY,,NEUTRAL,4275.67,5.0,5.0,MODE_C_BALANCED,1.0,4315.25,4315.25,4315.25,0.0,39.58,0.0,0.0,green_box_edge::green_edge_1,MODE_C_BALANCED,4315.25,39.58,0.0,0.0,green_box_edge::green_edge_1,MODE_A_LIVE_PROXIMITY_HEAVY,REGIME_LEVEL_EXACT,13.4071,1.0,4315.25,4315.25,4315.25,0.0,39.58,0.0,0.0,green_box_edge::green_edge_1,0.0,0.0,0.0,ORACLE_GT10_CANDIDATE_GENERATION_FAIL,CANDIDATE_GENERATION_FAILURE_GT10,0.0,0.0,0.0,0.0,0.0,1.0
2025-10-21,2025-10-20,L7,RANGE_WIDE_120_220,CLOSE_POS_UPPER_THIRD,ROWS_EXTENDED_11_PLUS,4356.3,PREV_CLOSE_PROXY,,NEUTRAL,4241.47,5.0,5.0,MODE_C_BALANCED,1.0,4300.25,4300.25,4300.25,0.0,58.78,0.0,0.0,prior_hlc::previous_mid,MODE_C_BALANCED,4300.25,58.78,0.0,0.0,prior_hlc::previous_mid,MODE_A_LIVE_PROXIMITY_HEAVY,REGIME_LEVEL_EXACT,16.07965,1.0,4300.25,4300.25,4300.25,0.0,58.78,0.0,0.0,prior_hlc::previous_mid,0.0,0.0,0.0,ORACLE_GT10_CANDIDATE_GENERATION_FAIL,CANDIDATE_GENERATION_FAILURE_GT10,0.0,0.0,0.0,0.0,0.0,1.0
2025-10-22,2025-10-21,L4,RANGE_EXTREME_220_PLUS,CLOSE_POS_LOWER_THIRD,ROWS_EXTENDED_11_PLUS,4124.9,PREV_CLOSE_PROXY,,NEUTRAL,4243.57,10.0,5.0,MODE_B_EMA_CHANNEL_DIRECTION_HEAVY,1.0,4203.52875,4203.52875,4203.52875,0.0,40.04125,0.0,0.0,green_box_quarter::green_box_1_75pct,MODE_B_EMA_CHANNEL_DIRECTION_HEAVY,4203.52875,40.04125,0.0,0.0,green_box_quarter::green_box_1_75pct,MODE_A_LIVE_PROXIMITY_HEAVY,LEVEL_ONLY,31.13795,1.0,4203.52875,4203.52875,4203.52875,0.0,40.04125,0.0,0.0,green_box_quarter::green_box_1_75pct,0.0,0.0,0.0,ORACLE_GT10_CANDIDATE_GENERATION_FAIL,CANDIDATE_GENERATION_FAILURE_GT10,0.0,0.0,0.0,0.0,0.0,1.0
2025-10-22,2025-10-21,L5,RANGE_EXTREME_220_PLUS,CLOSE_POS_LOWER_THIRD,ROWS_EXTENDED_11_PLUS,4124.9,PREV_CLOSE_PROXY,,NEUTRAL,4216.07,10.0,5.0,MODE_C_BALANCED,1.0,4173.52875,4173.52875,4173.52875,0.0,42.54125,0.0,0.0,red_box_quarter::red_box_2_25pct,MODE_C_BALANCED,4173.52875,42.54125,0.0,0.0,red_box_quarter::red_box_2_25pct,MODE_A_LIVE_PROXIMITY_HEAVY,LEVEL_ONLY,26.369675,1.0,4173.52875,4173.52875,4173.52875,0.0,42.54125,0.0,0.0,red_box_quarter::red_box_2_25pct,0.0,0.0,0.0,ORACLE_GT10_CANDIDATE_GENERATION_FAIL,CANDIDATE_GENERATION_FAILURE_GT10,0.0,0.0,0.0,0.0,0.0,1.0
2025-10-22,2025-10-21,L6,RANGE_EXTREME_220_PLUS,CLOSE_POS_LOWER_THIRD,ROWS_EXTENDED_11_PLUS,4124.9,PREV_CLOSE_PROXY,,NEUTRAL,4182.91,10.0,5.0,MODE_C_BALANCED,2.0,4122.77625,4122.77625,4122.77625,0.0,60.13375,0.0,0.0,green_box_quarter::green_box_1_25pct,MODE_B_EMA_CHANNEL_DIRECTION_HEAVY,4092.77625,90.13375,0.0,0.0,red_box_quarter::red_box_2_75pct,MODE_A_LIVE_PROXIMITY_HEAVY,LEVEL_ONLY,24.28085,1.0,4092.77625,4092.77625,4092.77625,0.0,90.13375,0.0,0.0,red_box_quarter::red_box_2_75pct,30.0,0.0,30.0,ORACLE_GT10_CANDIDATE_GENERATION_FAIL,CANDIDATE_GENERATION_FAILURE_GT10,0.0,0.0,0.0,0.0,0.0,1.0
2025-10-22,2025-10-21,L7,RANGE_EXTREME_220_PLUS,CLOSE_POS_LOWER_THIRD,ROWS_EXTENDED_11_PLUS,4124.9,PREV_CLOSE_PROXY,,NEUTRAL,4144.81,10.0,5.0,MODE_B_EMA_CHANNEL_DIRECTION_HEAVY,1.0,4082.4,4082.4,4082.4,0.0,62.41,0.0,0.0,prior_hlc::previous_low,MODE_B_EMA_CHANNEL_DIRECTION_HEAVY,4082.4,62.41,0.0,0.0,prior_hlc::previous_low,MODE_A_LIVE_PROXIMITY_HEAVY,LEVEL_ONLY,20.05325,1.0,4012.02375,4012.02375,4012.02375,0.0,132.78625,0.0,0.0,red_box_quarter::red_box_3_25pct,70.37625,70.37625,0.0,ORACLE_GT10_CANDIDATE_GENERATION_FAIL,CANDIDATE_GENERATION_FAILURE_GT10,0.0,0.0,0.0,0.0,0.0,1.0
2025-10-23,2025-10-22,L4,RANGE_WIDE_120_220,CLOSE_POS_MIDDLE_THIRD,ROWS_STANDARD_9_10,4098.38,PREV_CLOSE_PROXY,,NEUTRAL,4177.89,5.0,5.0,MODE_C_BALANCED,1.0,4082.975,4082.975,4082.975,0.0,94.915,0.0,0.0,prior_hlc::previous_mid,MODE_C_BALANCED,4082.975,94.915,0.0,0.0,prior_hlc::previous_mid,MODE_A_LIVE_PROXIMITY_HEAVY,REGIME_LEVEL_EXACT,5.0,1.0,4082.975,4082.975,4082.975,0.0,94.915,0.0,0.0,prior_hlc::previous_mid,0.0,0.0,0.0,ORACLE_GT10_CANDIDATE_GENERATION_FAIL,CANDIDATE_GENERATION_FAILURE_GT10,0.0,0.0,0.0,0.0,0.0,1.0
2025-10-23,2025-10-22,L5,RANGE_WIDE_120_220,CLOSE_POS_MIDDLE_THIRD,ROWS_STANDARD_9_10,4098.38,PREV_CLOSE_PROXY,,NEUTRAL,4147.32,5.0,5.0,MODE_C_BALANCED,1.0,4056.869948,4056.869948,4056.869948,0.0,90.450052,0.0,0.0,prior_range_fraction::prev_range_0.333333,MODE_C_BALANCED,4056.869948,90.450052,0.0,0.0,prior_range_fraction::prev_range_0.333333,MODE_A_LIVE_PROXIMITY_HEAVY,REGIME_LEVEL_EXACT,5.0,1.0,4056.869948,4056.869948,4056.869948,0.0,90.450052,0.0,0.0,prior_range_fraction::prev_range_0.333333,0.0,0.0,0.0,ORACLE_GT10_CANDIDATE_GENERATION_FAIL,CANDIDATE_GENERATION_FAILURE_GT10,0.0,0.0,0.0,0.0,0.0,1.0
2025-10-23,2025-10-22,L6,RANGE_WIDE_120_220,CLOSE_POS_MIDDLE_THIRD,ROWS_STANDARD_9_10,4098.38,PREV_CLOSE_PROXY,,NEUTRAL,4104.93,5.0,5.0,MODE_B_EMA_CHANNEL_DIRECTION_HEAVY,1.0,4027.98875,4027.98875,4027.98875,0.0,76.94125,0.0,0.0,green_box_quarter::green_box_1_25pct,MODE_B_EMA_CHANNEL_DIRECTION_HEAVY,4027.98875,76.94125,0.0,0.0,green_box_quarter::green_box_1_25pct,MODE_A_LIVE_PROXIMITY_HEAVY,REGIME_LEVEL_EXACT,5.0,1.0,4027.98875,4027.98875,4027.98875,0.0,76.94125,0.0,0.0,green_box_quarter::green_box_1_25pct,0.0,0.0,0.0,ORACLE_GT10_CANDIDATE_GENERATION_FAIL,CANDIDATE_GENERATION_FAILURE_GT10,0.0,0.0,0.0,0.0,0.0,1.0
2025-10-23,2025-10-22,L7,RANGE_WIDE_120_220,CLOSE_POS_MIDDLE_THIRD,ROWS_STANDARD_9_10,4098.38,PREV_CLOSE_PROXY,,NEUTRAL,4068.85,5.0,5.0,MODE_C_BALANCED,1.0,4004.66,4004.66,4004.66,0.0,64.19,0.0,0.0,prior_hlc::previous_low,MODE_C_BALANCED,4004.66,64.19,0.0,0.0,prior_hlc::previous_low,MODE_A_LIVE_PROXIMITY_HEAVY,REGIME_LEVEL_EXACT,5.0,1.0,4004.66,4004.66,4004.66,0.0,64.19,0.0,0.0,prior_hlc::previous_low,0.0,0.0,0.0,ORACLE_GT10_CANDIDATE_GENERATION_FAIL,CANDIDATE_GENERATION_FAILURE_GT10,0.0,0.0,0.0,0.0,0.0,1.0
2025-10-24,2025-10-23,L4,RANGE_NORMAL_60_120,CLOSE_POS_UPPER_THIRD,ROWS_STANDARD_9_10,4125.98,PREV_CLOSE_PROXY,,NEUTRAL,4171.67,10.0,5.0,MODE_C_BALANCED,1.0,4139.91125,4139.91125,4139.91125,0.0,31.75875,0.0,0.0,red_box_quarter::red_box_1_25pct,MODE_C_BALANCED,4139.91125,31.75875,0.0,0.0,red_box_quarter::red_box_1_25pct,MODE_A_LIVE_PROXIMITY_HEAVY,REGIME_LEVEL_EXACT,28.0604,1.0,4139.91125,4139.91125,4139.91125,0.0,31.75875,0.0,0.0,red_box_quarter::red_box_1_25pct,0.0,0.0,0.0,ORACLE_GT10_CANDIDATE_GENERATION_FAIL,CANDIDATE_GENERATION_FAILURE_GT10,0.0,0.0,0.0,0.0,0.0,1.0
2025-10-24,2025-10-23,L5,RANGE_NORMAL_60_120,CLOSE_POS_UPPER_THIRD,ROWS_STANDARD_9_10,4125.98,PREV_CLOSE_PROXY,,NEUTRAL,4135.65,5.0,5.0,MODE_C_BALANCED,1.0,4115.61,4115.61,4115.61,0.0,20.04,0.0,0.0,prior_hlc::previous_pivot_hlc3,MODE_C_BALANCED,4115.61,20.04,0.0,0.0,prior_hlc::previous_pivot_hlc3,MODE_A_LIVE_PROXIMITY_HEAVY,REGIME_LEVEL_EXACT,40.25,1.0,4115.61,4115.61,4115.61,0.0,20.04,0.0,0.0,prior_hlc::previous_pivot_hlc3,0.0,0.0,0.0,ORACLE_GT10_CANDIDATE_GENERATION_FAIL,CANDIDATE_GENERATION_FAILURE_GT10,0.0,0.0,0.0,0.0,0.0,1.0
2025-10-24,2025-10-23,L6,RANGE_NORMAL_60_120,CLOSE_POS_UPPER_THIRD,ROWS_STANDARD_9_10,4125.98,PREV_CLOSE_PROXY,,NEUTRAL,4099.72,10.0,5.0,MODE_C_BALANCED,2.0,4097.86708,4095.7675,4099.96666,4.19916,1.85292,1.0,1.0,green_box_midline::green_mid_1 | prior_range_fraction::prev_range_0.382,MODE_C_BALANCED,4110.25375,10.53375,0.0,0.0,red_box_quarter::red_box_1_75pct,MODE_A_LIVE_PROXIMITY_HEAVY,REGIME_LEVEL_EXACT,28.135125,1.0,4110.25375,4110.25375,4110.25375,0.0,10.53375,0.0,0.0,red_box_quarter::red_box_1_75pct,8.68083,0.0,8.68083,ORACLE_WITHIN_3,CANDIDATE_RANKING_FAILURE_LOWER_RANK_CANDIDATE,1.0,1.0,1.0,0.0,1.0,0.0
2025-10-24,2025-10-23,L7,RANGE_NORMAL_60_120,CLOSE_POS_UPPER_THIRD,ROWS_STANDARD_9_10,4125.98,PREV_CLOSE_PROXY,,NEUTRAL,4061.44,10.0,5.0,MODE_C_BALANCED,1.0,4078.8925,4077.18875,4080.59625,3.4075,17.4525,0.0,0.0,prior_range_fraction::prev_range_0.125 | red_box_quarter::red_box_2_25pct,MODE_C_BALANCED,4078.8925,17.4525,0.0,0.0,prior_range_fraction::prev_range_0.125 | red_box_quarter::red_box_2_25pct,MODE_A_LIVE_PROXIMITY_HEAVY,REGIME_LEVEL_EXACT,27.673625,1.0,4078.8925,4077.18875,4080.59625,3.4075,17.4525,0.0,0.0,prior_range_fraction::prev_range_0.125 | red_box_quarter::red_box_2_25pct,0.0,0.0,0.0,ORACLE_GT10_CANDIDATE_GENERATION_FAIL,CANDIDATE_GENERATION_FAILURE_GT10,0.0,0.0,0.0,0.0,0.0,1.0
2025-10-27,2025-10-24,L4,RANGE_NORMAL_60_120,CLOSE_POS_UPPER_THIRD,ROWS_STANDARD_9_10,4112.26,PREV_CLOSE_PROXY,,NEUTRAL,4166.24,15.0,5.0,MODE_B_EMA_CHANNEL_DIRECTION_HEAVY,1.0,4158.24375,4158.24375,4158.24375,0.0,7.99625,0.0,0.0,green_box_quarter::green_box_2_75pct,MODE_B_EMA_CHANNEL_DIRECTION_HEAVY,4158.24375,7.99625,0.0,0.0,green_box_quarter::green_box_2_75pct,MODE_A_LIVE_PROXIMITY_HEAVY,REGIME_LEVEL_EXACT,24.5683,1.0,4158.24375,4158.24375,4158.24375,0.0,7.99625,0.0,0.0,green_box_quarter::green_box_2_75pct,0.0,0.0,0.0,ORACLE_WITHIN_10,ORACLE_ONLY_REDUCES_ERROR_NOT_WITHIN_5,0.0,0.0,0.0,0.0,0.0,0.0
2025-10-27,2025-10-24,L5,RANGE_NORMAL_60_120,CLOSE_POS_UPPER_THIRD,ROWS_STANDARD_9_10,4112.26,PREV_CLOSE_PROXY,,NEUTRAL,4129.36,10.0,5.0,MODE_C_BALANCED,1.0,4119.4875,4119.4875,4119.4875,0.0,9.8725,0.0,0.0,prior_range_fraction::prev_range_0.75,MODE_C_BALANCED,4119.4875,9.8725,0.0,0.0,prior_range_fraction::prev_range_0.75,MODE_A_LIVE_PROXIMITY_HEAVY,REGIME_LEVEL_EXACT,33.8012,1.0,4119.4875,4119.4875,4119.4875,0.0,9.8725,0.0,0.0,prior_range_fraction::prev_range_0.75,0.0,0.0,0.0,ORACLE_WITHIN_10,ORACLE_ONLY_REDUCES_ERROR_NOT_WITHIN_5,0.0,0.0,0.0,0.0,0.0,0.0
2025-10-27,2025-10-24,L6,RANGE_NORMAL_60_120,CLOSE_POS_UPPER_THIRD,ROWS_STANDARD_9_10,4112.26,PREV_CLOSE_PROXY,,NEUTRAL,4091.91,15.0,5.0,MODE_D_NEAREST_VALID_LADDER,1.0,4095.73125,4095.73125,4095.73125,0.0,3.82125,0.0,1.0,red_box_quarter::red_box_1_75pct,MODE_D_NEAREST_VALID_LADDER,4095.73125,3.82125,0.0,1.0,red_box_quarter::red_box_1_75pct,MODE_A_LIVE_PROXIMITY_HEAVY,REGIME_LEVEL_EXACT,24.134551,1.0,4095.73125,4095.73125,4095.73125,0.0,3.82125,0.0,1.0,red_box_quarter::red_box_1_75pct,0.0,0.0,0.0,ORACLE_WITHIN_5,ROUTER_ACCEPTABLE_WITHIN_5,0.0,1.0,0.0,0.0,0.0,0.0
2025-10-27,2025-10-24,L7,RANGE_NORMAL_60_120,CLOSE_POS_UPPER_THIRD,ROWS_STANDARD_9_10,4112.26,PREV_CLOSE_PROXY,,NEUTRAL,4056.5,20.0,5.0,MODE_C_BALANCED,1.0,4056.95625,4056.95625,4056.95625,0.0,0.45625,1.0,1.0,prior_range_fraction::prev_range_0.125,MODE_C_BALANCED,4056.95625,0.45625,1.0,1.0,prior_range_fraction::prev_range_0.125,MODE_A_LIVE_PROXIMITY_HEAVY,REGIME_LEVEL_EXACT,22.708,1.0,4056.95625,4056.95625,4056.95625,0.0,0.45625,1.0,1.0,prior_range_fraction::prev_range_0.125,0.0,0.0,0.0,ORACLE_WITHIN_3,ROUTER_ACCEPTABLE_WITHIN_5,1.0,1.0,0.0,0.0,0.0,0.0
2025-10-28,2025-10-27,L4,RANGE_WIDE_120_220,CLOSE_POS_LOWER_THIRD,ROWS_EXTENDED_11_PLUS,3981.07,PREV_CLOSE_PROXY,,NEUTRAL,4133.51,25.0,5.0,MODE_B_EMA_CHANNEL_DIRECTION_HEAVY,5.0,4118.255,4118.255,4118.255,0.0,15.255,0.0,0.0,green_box_quarter::green_box_2_75pct,MODE_C_BALANCED,4067.3,66.21,0.0,0.0,red_box_midline::red_mid_1,MODE_A_LIVE_PROXIMITY_HEAVY,LEVEL_ONLY,30.905533,1.0,4040.39,4040.39,4040.39,0.0,93.12,0.0,0.0,prior_hlc::previous_mid,77.865,26.91,50.955,ORACLE_GT10_CANDIDATE_GENERATION_FAIL,CANDIDATE_GENERATION_FAILURE_GT10,0.0,0.0,0.0,0.0,0.0,1.0
2025-10-28,2025-10-27,L5,RANGE_WIDE_120_220,CLOSE_POS_LOWER_THIRD,ROWS_EXTENDED_11_PLUS,3981.07,PREV_CLOSE_PROXY,,NEUTRAL,4092.09,25.0,5.0,MODE_B_EMA_CHANNEL_DIRECTION_HEAVY,4.0,4097.3,4097.3,4097.3,0.0,5.21,0.0,0.0,green_box_midline::green_mid_2,MODE_C_BALANCED,4017.449954,74.640046,0.0,0.0,prior_range_fraction::prev_range_0.333333,MODE_A_LIVE_PROXIMITY_HEAVY,LEVEL_ONLY,26.6984,1.0,4017.449954,4017.449954,4017.449954,0.0,74.640046,0.0,0.0,prior_range_fraction::prev_range_0.333333,69.430046,0.0,69.430046,ORACLE_WITHIN_10,ORACLE_ONLY_REDUCES_ERROR_NOT_WITHIN_5,0.0,0.0,0.0,0.0,0.0,0.0
2025-10-28,2025-10-27,L6,RANGE_WIDE_120_220,CLOSE_POS_LOWER_THIRD,ROWS_EXTENDED_11_PLUS,3981.07,PREV_CLOSE_PROXY,,NEUTRAL,4059.5,20.0,5.0,MODE_B_EMA_CHANNEL_DIRECTION_HEAVY,4.0,4056.01076,4055.39,4056.63152,1.24152,3.48924,0.0,1.0,green_box_edge::green_edge_1 | prior_range_fraction::prev_range_0.618,MODE_C_BALANCED,4017.449954,42.050046,0.0,0.0,prior_range_fraction::prev_range_0.333333,MODE_A_LIVE_PROXIMITY_HEAVY,LEVEL_ONLY,27.58085,1.0,3992.525,3992.525,3992.525,0.0,66.975,0.0,0.0,green_box_quarter::green_box_1_25pct,63.48576,24.924954,38.560806,ORACLE_WITHIN_5,CANDIDATE_RANKING_FAILURE_LOWER_RANK_CANDIDATE,0.0,1.0,1.0,0.0,1.0,0.0
2025-10-28,2025-10-27,L7,RANGE_WIDE_120_220,CLOSE_POS_LOWER_THIRD,ROWS_EXTENDED_11_PLUS,3981.07,PREV_CLOSE_PROXY,,NEUTRAL,4025.25,25.0,5.0,MODE_B_EMA_CHANNEL_DIRECTION_HEAVY,2.0,4025.39,4025.39,4025.39,0.0,0.14,1.0,1.0,red_box_edge::red_edge_1,MODE_B_EMA_CHANNEL_DIRECTION_HEAVY,3971.57,53.68,0.0,0.0,prior_hlc::previous_low,MODE_A_LIVE_PROXIMITY_HEAVY,LEVEL_ONLY,23.019917,1.0,3971.57,3971.57,3971.57,0.0,53.68,0.0,0.0,prior_hlc::previous_low,53.54,0.0,53.54,ORACLE_WITHIN_3,CANDIDATE_RANKING_FAILURE_LOWER_RANK_CANDIDATE,1.0,1.0,1.0,0.0,1.0,0.0
2025-10-29,2025-10-28,L4,RANGE_WIDE_120_220,CLOSE_POS_MIDDLE_THIRD,ROWS_STANDARD_9_10,3952.66,PREV_CLOSE_PROXY,,NEUTRAL,4053.69,10.0,5.0,MODE_C_BALANCED,1.0,4029.3325,4029.3325,4029.3325,0.0,24.3575,0.0,0.0,green_box_quarter::green_box_2_75pct,MODE_C_BALANCED,4029.3325,24.3575,0.0,0.0,green_box_quarter::green_box_2_75pct,MODE_A_LIVE_PROXIMITY_HEAVY,REGIME_LEVEL_EXACT,5.0,1.0,4029.3325,4029.3325,4029.3325,0.0,24.3575,0.0,0.0,green_box_quarter::green_box_2_75pct,0.0,0.0,0.0,ORACLE_GT10_CANDIDATE_GENERATION_FAIL,CANDIDATE_GENERATION_FAILURE_GT10,0.0,0.0,0.0,0.0,0.0,1.0
2025-10-29,2025-10-28,L5,RANGE_WIDE_120_220,CLOSE_POS_MIDDLE_THIRD,ROWS_STANDARD_9_10,3952.66,PREV_CLOSE_PROXY,,NEUTRAL,4020.72,10.0,5.0,MODE_B_EMA_CHANNEL_DIRECTION_HEAVY,1.0,4008.945,4008.945,4008.945,0.0,11.775,0.0,0.0,green_box_midline::green_mid_2,MODE_B_EMA_CHANNEL_DIRECTION_HEAVY,4008.945,11.775,0.0,0.0,green_box_midline::green_mid_2,MODE_A_LIVE_PROXIMITY_HEAVY,REGIME_LEVEL_EXACT,5.0,1.0,4008.945,4008.945,4008.945,0.0,11.775,0.0,0.0,green_box_midline::green_mid_2,0.0,0.0,0.0,ORACLE_GT10_CANDIDATE_GENERATION_FAIL,CANDIDATE_GENERATION_FAILURE_GT10,0.0,0.0,0.0,0.0,0.0,1.0
2025-10-29,2025-10-28,L6,RANGE_WIDE_120_220,CLOSE_POS_MIDDLE_THIRD,ROWS_STANDARD_9_10,3952.66,PREV_CLOSE_PROXY,,NEUTRAL,3988.68,10.0,5.0,MODE_A_LIVE_PROXIMITY_HEAVY,2.0,3968.8758,3968.8758,3968.8758,0.0,19.8042,0.0,0.0,prior_range_fraction::prev_range_0.618,MODE_C_BALANCED,3907.0075,81.6725,0.0,0.0,green_box_quarter::green_box_1_25pct,MODE_A_LIVE_PROXIMITY_HEAVY,REGIME_LEVEL_EXACT,5.0,1.0,3907.0075,3907.0075,3907.0075,0.0,81.6725,0.0,0.0,green_box_quarter::green_box_1_25pct,61.8683,0.0,61.8683,ORACLE_GT10_CANDIDATE_GENERATION_FAIL,CANDIDATE_GENERATION_FAILURE_GT10,0.0,0.0,0.0,0.0,0.0,1.0
2025-10-29,2025-10-28,L7,RANGE_WIDE_120_220,CLOSE_POS_MIDDLE_THIRD,ROWS_STANDARD_9_10,3952.66,PREV_CLOSE_PROXY,,NEUTRAL,3960.38,10.0,5.0,MODE_B_EMA_CHANNEL_DIRECTION_HEAVY,2.0,3938.17,3938.17,3938.17,0.0,22.21,0.0,0.0,red_box_edge::red_edge_1,MODE_C_BALANCED,3886.62,73.76,0.0,0.0,prior_hlc::previous_low,MODE_A_LIVE_PROXIMITY_HEAVY,REGIME_LEVEL_EXACT,5.0,1.0,3886.62,3886.62,3886.62,0.0,73.76,0.0,0.0,prior_hlc::previous_low,51.55,0.0,51.55,ORACLE_GT10_CANDIDATE_GENERATION_FAIL,CANDIDATE_GENERATION_FAILURE_GT10,0.0,0.0,0.0,0.0,0.0,1.0
2025-10-30,2025-10-29,L4,RANGE_NORMAL_60_120,CLOSE_POS_LOWER_THIRD,ROWS_EXTENDED_11_PLUS,3930.12,PREV_CLOSE_PROXY,,NEUTRAL,4090.3,5.0,5.0,MODE_C_BALANCED,1.0,3968.91875,3968.91875,3968.91875,0.0,121.38125,0.0,0.0,green_box_quarter::green_box_1_75pct,MODE_C_BALANCED,3968.91875,121.38125,0.0,0.0,green_box_quarter::green_box_1_75pct,MODE_A_LIVE_PROXIMITY_HEAVY,LEVEL_ONLY,52.427078,1.0,3968.91875,3968.91875,3968.91875,0.0,121.38125,0.0,0.0,green_box_quarter::green_box_1_75pct,0.0,0.0,0.0,ORACLE_GT10_CANDIDATE_GENERATION_FAIL,CANDIDATE_GENERATION_FAILURE_GT10,0.0,0.0,0.0,0.0,0.0,1.0
2025-10-30,2025-10-29,L5,RANGE_NORMAL_60_120,CLOSE_POS_LOWER_THIRD,ROWS_EXTENDED_11_PLUS,3930.12,PREV_CLOSE_PROXY,,NEUTRAL,4056.8,5.0,5.0,MODE_C_BALANCED,1.0,3950.6725,3950.6725,3950.6725,0.0,106.1275,0.0,0.0,green_box_midline::green_mid_1,MODE_C_BALANCED,3950.6725,106.1275,0.0,0.0,green_box_midline::green_mid_1,MODE_A_LIVE_PROXIMITY_HEAVY,LEVEL_ONLY,46.247333,1.0,3950.6725,3950.6725,3950.6725,0.0,106.1275,0.0,0.0,green_box_midline::green_mid_1,0.0,0.0,0.0,ORACLE_GT10_CANDIDATE_GENERATION_FAIL,CANDIDATE_GENERATION_FAILURE_GT10,0.0,0.0,0.0,0.0,0.0,1.0
2025-10-30,2025-10-29,L6,RANGE_NORMAL_60_120,CLOSE_POS_LOWER_THIRD,ROWS_EXTENDED_11_PLUS,3930.12,PREV_CLOSE_PROXY,,NEUTRAL,4023.85,5.0,5.0,MODE_C_BALANCED,1.0,3932.42625,3932.42625,3932.42625,0.0,91.42375,0.0,0.0,green_box_quarter::green_box_1_25pct,MODE_C_BALANCED,3932.42625,91.42375,0.0,0.0,green_box_quarter::green_box_1_25pct,MODE_A_LIVE_PROXIMITY_HEAVY,LEVEL_ONLY,44.455208,1.0,3932.42625,3932.42625,3932.42625,0.0,91.42375,0.0,0.0,green_box_quarter::green_box_1_25pct,0.0,0.0,0.0,ORACLE_GT10_CANDIDATE_GENERATION_FAIL,CANDIDATE_GENERATION_FAILURE_GT10,0.0,0.0,0.0,0.0,0.0,1.0
2025-10-30,2025-10-29,L7,RANGE_NORMAL_60_120,CLOSE_POS_LOWER_THIRD,ROWS_EXTENDED_11_PLUS,3930.12,PREV_CLOSE_PROXY,,NEUTRAL,3991.27,5.0,5.0,MODE_B_EMA_CHANNEL_DIRECTION_HEAVY,1.0,3914.18,3914.18,3914.18,0.0,77.09,0.0,0.0,prior_hlc::previous_low,MODE_B_EMA_CHANNEL_DIRECTION_HEAVY,3914.18,77.09,0.0,0.0,prior_hlc::previous_low,MODE_A_LIVE_PROXIMITY_HEAVY,LEVEL_ONLY,38.157333,1.0,3914.18,3914.18,3914.18,0.0,77.09,0.0,0.0,prior_hlc::previous_low,0.0,0.0,0.0,ORACLE_GT10_CANDIDATE_GENERATION_FAIL,CANDIDATE_GENERATION_FAILURE_GT10,0.0,0.0,0.0,0.0,0.0,1.0
2025-10-31,2025-10-30,L4,RANGE_NORMAL_60_120,CLOSE_POS_UPPER_THIRD,ROWS_STANDARD_9_10,4024.28,PREV_CLOSE_PROXY,,NEUTRAL,4053.95,15.0,5.0,MODE_B_EMA_CHANNEL_DIRECTION_HEAVY,1.0,4039.49875,4039.49875,4039.49875,0.0,14.45125,0.0,0.0,green_box_quarter::green_box_2_75pct,MODE_B_EMA_CHANNEL_DIRECTION_HEAVY,4039.49875,14.45125,0.0,0.0,green_box_quarter::green_box_2_75pct,MODE_A_LIVE_PROXIMITY_HEAVY,LEVEL_ONLY,52.825323,1.0,4039.49875,4039.49875,4039.49875,0.0,14.45125,0.0,0.0,green_box_quarter::green_box_2_75pct,0.0,0.0,0.0,ORACLE_GT10_CANDIDATE_GENERATION_FAIL,CANDIDATE_GENERATION_FAILURE_GT10,0.0,0.0,0.0,0.0,0.0,1.0
2025-10-31,2025-10-30,L5,RANGE_NORMAL_60_120,CLOSE_POS_UPPER_THIRD,ROWS_STANDARD_9_10,4024.28,PREV_CLOSE_PROXY,,NEUTRAL,4020.43,15.0,5.0,MODE_C_BALANCED,1.0,4009.49875,4009.49875,4009.49875,0.0,10.93125,0.0,0.0,red_box_quarter::red_box_1_25pct,MODE_C_BALANCED,4009.49875,10.93125,0.0,0.0,red_box_quarter::red_box_1_25pct,MODE_A_LIVE_PROXIMITY_HEAVY,LEVEL_ONLY,46.852,1.0,4009.49875,4009.49875,4009.49875,0.0,10.93125,0.0,0.0,red_box_quarter::red_box_1_25pct,0.0,0.0,0.0,ORACLE_GT10_CANDIDATE_GENERATION_FAIL,CANDIDATE_GENERATION_FAILURE_GT10,0.0,0.0,0.0,0.0,0.0,1.0
2025-10-31,2025-10-30,L6,RANGE_NORMAL_60_120,CLOSE_POS_UPPER_THIRD,ROWS_STANDARD_9_10,4024.28,PREV_CLOSE_PROXY,,NEUTRAL,3988.15,20.0,5.0,MODE_C_BALANCED,1.0,3974.05625,3974.05625,3974.05625,0.0,14.09375,0.0,0.0,red_box_quarter::red_box_1_75pct,MODE_C_BALANCED,3974.05625,14.09375,0.0,0.0,red_box_quarter::red_box_1_75pct,MODE_A_LIVE_PROXIMITY_HEAVY,LEVEL_ONLY,44.15275,1.0,3974.05625,3974.05625,3974.05625,0.0,14.09375,0.0,0.0,red_box_quarter::red_box_1_75pct,0.0,0.0,0.0,ORACLE_GT10_CANDIDATE_GENERATION_FAIL,CANDIDATE_GENERATION_FAILURE_GT10,0.0,0.0,0.0,0.0,0.0,1.0
2025-10-31,2025-10-30,L7,RANGE_NORMAL_60_120,CLOSE_POS_UPPER_THIRD,ROWS_STANDARD_9_10,4024.28,PREV_CLOSE_PROXY,,NEUTRAL,3959.89,20.0,5.0,MODE_C_BALANCED,1.0,3956.335,3956.335,3956.335,0.0,3.555,0.0,1.0,red_box_edge::red_edge_1,MODE_C_BALANCED,3956.335,3.555,0.0,1.0,red_box_edge::red_edge_1,MODE_A_LIVE_PROXIMITY_HEAVY,LEVEL_ONLY,37.641417,1.0,3956.335,3956.335,3956.335,0.0,3.555,0.0,1.0,red_box_edge::red_edge_1,0.0,0.0,0.0,ORACLE_WITHIN_5,ROUTER_ACCEPTABLE_WITHIN_5,0.0,1.0,0.0,0.0,0.0,0.0
2025-11-03,2025-10-31,L4,RANGE_NORMAL_60_120,CLOSE_POS_MIDDLE_THIRD,ROWS_EXTENDED_11_PLUS,4002.19,PREV_CLOSE_PROXY,,NEUTRAL,4042.58,10.0,5.0,MODE_C_BALANCED,1.0,4024.215,4024.215,4024.215,0.0,18.365,0.0,0.0,green_box_edge::green_edge_1,MODE_C_BALANCED,4024.215,18.365,0.0,0.0,green_box_edge::green_edge_1,MODE_A_LIVE_PROXIMITY_HEAVY,LEVEL_ONLY,53.964957,1.0,4024.215,4024.215,4024.215,0.0,18.365,0.0,0.0,green_box_edge::green_edge_1,0.0,0.0,0.0,ORACLE_GT10_CANDIDATE_GENERATION_FAIL,CANDIDATE_GENERATION_FAILURE_GT10,0.0,0.0,0.0,0.0,0.0,1.0
2025-11-03,2025-10-31,L5,RANGE_NORMAL_60_120,CLOSE_POS_MIDDLE_THIRD,ROWS_EXTENDED_11_PLUS,4002.19,PREV_CLOSE_PROXY,,NEUTRAL,4013.99,10.0,5.0,MODE_C_BALANCED,1.0,4007.21375,4007.21375,4007.21375,0.0,6.77625,0.0,0.0,red_box_quarter::red_box_1_75pct,MODE_C_BALANCED,4007.21375,6.77625,0.0,0.0,red_box_quarter::red_box_1_75pct,MODE_A_LIVE_PROXIMITY_HEAVY,LEVEL_ONLY,48.103394,1.0,4007.21375,4007.21375,4007.21375,0.0,6.77625,0.0,0.0,red_box_quarter::red_box_1_75pct,0.0,0.0,0.0,ORACLE_WITHIN_10,ORACLE_ONLY_REDUCES_ERROR_NOT_WITHIN_5,0.0,0.0,0.0,0.0,0.0,0.0
2025-11-03,2025-10-31,L6,RANGE_NORMAL_60_120,CLOSE_POS_MIDDLE_THIRD,ROWS_EXTENDED_11_PLUS,4002.19,PREV_CLOSE_PROXY,,NEUTRAL,3985.4,10.0,5.0,MODE_C_BALANCED,1.0,3994.215,3994.215,3994.215,0.0,8.815,0.0,0.0,red_box_edge::red_edge_1,MODE_C_BALANCED,3994.215,8.815,0.0,0.0,red_box_edge::red_edge_1,MODE_A_LIVE_PROXIMITY_HEAVY,LEVEL_ONLY,46.311269,1.0,3994.215,3994.215,3994.215,0.0,8.815,0.0,0.0,red_box_edge::red_edge_1,0.0,0.0,0.0,ORACLE_WITHIN_10,ORACLE_ONLY_REDUCES_ERROR_NOT_WITHIN_5,0.0,0.0,0.0,0.0,0.0,0.0
2025-11-03,2025-10-31,L7,RANGE_NORMAL_60_120,CLOSE_POS_MIDDLE_THIRD,ROWS_EXTENDED_11_PLUS,4002.19,PREV_CLOSE_PROXY,,NEUTRAL,3953.24,10.0,5.0,MODE_B_EMA_CHANNEL_DIRECTION_HEAVY,2.0,3942.22,3942.22,3942.22,0.0,11.02,0.0,0.0,red_box_edge::red_edge_2,MODE_C_BALANCED,3981.21625,27.97625,0.0,0.0,red_box_quarter::red_box_2_25pct,MODE_A_LIVE_PROXIMITY_HEAVY,LEVEL_ONLY,41.445212,1.0,3981.21625,3981.21625,3981.21625,0.0,27.97625,0.0,0.0,red_box_quarter::red_box_2_25pct,16.95625,0.0,16.95625,ORACLE_GT10_CANDIDATE_GENERATION_FAIL,CANDIDATE_GENERATION_FAILURE_GT10,0.0,0.0,0.0,0.0,0.0,1.0
2025-11-04,2025-11-03,L4,RANGE_NORMAL_60_120,CLOSE_POS_MIDDLE_THIRD,ROWS_STANDARD_9_10,4001.26,PREV_CLOSE_PROXY,,NEUTRAL,4037.15,10.0,5.0,MODE_C_BALANCED,1.0,4011.435,4011.435,4011.435,0.0,25.715,0.0,0.0,green_box_edge::green_edge_1,MODE_C_BALANCED,4011.435,25.715,0.0,0.0,green_box_edge::green_edge_1,MODE_A_LIVE_PROXIMITY_HEAVY,LEVEL_ONLY,54.434018,1.0,4011.435,4011.435,4011.435,0.0,25.715,0.0,0.0,green_box_edge::green_edge_1,0.0,0.0,0.0,ORACLE_GT10_CANDIDATE_GENERATION_FAIL,CANDIDATE_GENERATION_FAILURE_GT10,0.0,0.0,0.0,0.0,0.0,1.0
2025-11-04,2025-11-03,L5,RANGE_NORMAL_60_120,CLOSE_POS_MIDDLE_THIRD,ROWS_STANDARD_9_10,4001.26,PREV_CLOSE_PROXY,,NEUTRAL,4011.32,10.0,5.0,MODE_C_BALANCED,1.0,3993.73125,3993.73125,3993.73125,0.0,17.58875,0.0,0.0,red_box_quarter::red_box_1_75pct,MODE_C_BALANCED,3993.73125,17.58875,0.0,0.0,red_box_quarter::red_box_1_75pct,MODE_A_LIVE_PROXIMITY_HEAVY,LEVEL_ONLY,49.374551,1.0,3993.73125,3993.73125,3993.73125,0.0,17.58875,0.0,0.0,red_box_quarter::red_box_1_75pct,0.0,0.0,0.0,ORACLE_GT10_CANDIDATE_GENERATION_FAIL,CANDIDATE_GENERATION_FAILURE_GT10,0.0,0.0,0.0,0.0,0.0,1.0
2025-11-04,2025-11-03,L6,RANGE_NORMAL_60_120,CLOSE_POS_MIDDLE_THIRD,ROWS_STANDARD_9_10,4001.26,PREV_CLOSE_PROXY,,NEUTRAL,3978.19,10.0,5.0,MODE_C_BALANCED,1.0,3981.435,3981.435,3981.435,0.0,3.245,0.0,1.0,red_box_edge::red_edge_1,MODE_C_BALANCED,3981.435,3.245,0.0,1.0,red_box_edge::red_edge_1,MODE_A_LIVE_PROXIMITY_HEAVY,LEVEL_ONLY,48.489551,1.0,3981.435,3981.435,3981.435,0.0,3.245,0.0,1.0,red_box_edge::red_edge_1,0.0,0.0,0.0,ORACLE_WITHIN_5,ROUTER_ACCEPTABLE_WITHIN_5,0.0,1.0,0.0,0.0,0.0,0.0
2025-11-04,2025-11-03,L7,RANGE_NORMAL_60_120,CLOSE_POS_MIDDLE_THIRD,ROWS_STANDARD_9_10,4001.26,PREV_CLOSE_PROXY,,NEUTRAL,3947.62,10.0,5.0,MODE_B_EMA_CHANNEL_DIRECTION_HEAVY,2.0,3932.25,3932.25,3932.25,0.0,15.37,0.0,0.0,red_box_edge::red_edge_2,MODE_C_BALANCED,3969.13875,21.51875,0.0,0.0,red_box_quarter::red_box_2_25pct,MODE_A_LIVE_PROXIMITY_HEAVY,LEVEL_ONLY,43.615279,1.0,3969.13875,3969.13875,3969.13875,0.0,21.51875,0.0,0.0,red_box_quarter::red_box_2_25pct,6.14875,0.0,6.14875,ORACLE_GT10_CANDIDATE_GENERATION_FAIL,CANDIDATE_GENERATION_FAILURE_GT10,0.0,0.0,0.0,0.0,0.0,1.0
2025-11-05,2025-11-04,L4,RANGE_NORMAL_60_120,CLOSE_POS_LOWER_THIRD,ROWS_SPARSE_1_8,3931.9,PREV_CLOSE_PROXY,,NEUTRAL,3973.68,10.0,5.0,MODE_C_BALANCED,1.0,3968.95125,3968.95125,3968.95125,0.0,4.72875,0.0,1.0,green_box_quarter::green_box_1_75pct,MODE_C_BALANCED,3968.95125,4.72875,0.0,1.0,green_box_quarter::green_box_1_75pct,MODE_A_LIVE_PROXIMITY_HEAVY,LEVEL_ONLY,55.063911,1.0,3968.95125,3968.95125,3968.95125,0.0,4.72875,0.0,1.0,green_box_quarter::green_box_1_75pct,0.0,0.0,0.0,ORACLE_WITHIN_5,ROUTER_ACCEPTABLE_WITHIN_5,0.0,1.0,0.0,0.0,0.0,0.0
2025-11-05,2025-11-04,L5,RANGE_NORMAL_60_120,CLOSE_POS_LOWER_THIRD,ROWS_SPARSE_1_8,3931.9,PREV_CLOSE_PROXY,,NEUTRAL,3944.85,10.0,5.0,MODE_C_BALANCED,1.0,3955.5775,3955.5775,3955.5775,0.0,10.7275,0.0,0.0,green_box_midline::green_mid_1,MODE_C_BALANCED,3955.5775,10.7275,0.0,0.0,green_box_midline::green_mid_1,MODE_A_LIVE_PROXIMITY_HEAVY,LEVEL_ONLY,51.086375,1.0,3955.5775,3955.5775,3955.5775,0.0,10.7275,0.0,0.0,green_box_midline::green_mid_1,0.0,0.0,0.0,ORACLE_GT10_CANDIDATE_GENERATION_FAIL,CANDIDATE_GENERATION_FAILURE_GT10,0.0,0.0,0.0,0.0,0.0,1.0
2025-11-05,2025-11-04,L6,RANGE_NORMAL_60_120,CLOSE_POS_LOWER_THIRD,ROWS_SPARSE_1_8,3931.9,PREV_CLOSE_PROXY,,NEUTRAL,3916.74,10.0,5.0,MODE_C_BALANCED,1.0,3942.20375,3942.20375,3942.20375,0.0,25.46375,0.0,0.0,green_box_quarter::green_box_1_25pct,MODE_C_BALANCED,3942.20375,25.46375,0.0,0.0,green_box_quarter::green_box_1_25pct,MODE_A_LIVE_PROXIMITY_HEAVY,LEVEL_ONLY,52.968083,1.0,3942.20375,3942.20375,3942.20375,0.0,25.46375,0.0,0.0,green_box_quarter::green_box_1_25pct,0.0,0.0,0.0,ORACLE_GT10_CANDIDATE_GENERATION_FAIL,CANDIDATE_GENERATION_FAILURE_GT10,0.0,0.0,0.0,0.0,0.0,1.0
2025-11-05,2025-11-04,L7,RANGE_NORMAL_60_120,CLOSE_POS_LOWER_THIRD,ROWS_SPARSE_1_8,3931.9,PREV_CLOSE_PROXY,,NEUTRAL,3888.49,10.0,5.0,MODE_C_BALANCED,1.0,3928.83,3928.83,3928.83,0.0,40.34,0.0,0.0,prior_hlc::previous_low,MODE_C_BALANCED,3928.83,40.34,0.0,0.0,prior_hlc::previous_low,MODE_A_LIVE_PROXIMITY_HEAVY,LEVEL_ONLY,44.880417,1.0,3928.83,3928.83,3928.83,0.0,40.34,0.0,0.0,prior_hlc::previous_low,0.0,0.0,0.0,ORACLE_GT10_CANDIDATE_GENERATION_FAIL,CANDIDATE_GENERATION_FAILURE_GT10,0.0,0.0,0.0,0.0,0.0,1.0
2025-11-06,2025-11-05,L4,RANGE_NORMAL_60_120,CLOSE_POS_UPPER_THIRD,ROWS_STANDARD_9_10,3979.04,PREV_CLOSE_PROXY,,NEUTRAL,4026.17,15.0,5.0,MODE_D_NEAREST_VALID_LADDER,1.0,4020.51,4020.51,4020.51,0.0,5.66,0.0,0.0,green_box_edge::green_edge_2,MODE_D_NEAREST_VALID_LADDER,4020.51,5.66,0.0,0.0,green_box_edge::green_edge_2,MODE_A_LIVE_PROXIMITY_HEAVY,REGIME_LEVEL_EXACT,38.035583,1.0,4009.0975,4009.0975,4009.0975,0.0,17.0725,0.0,0.0,green_box_quarter::green_box_2_75pct,11.4125,11.4125,0.0,ORACLE_WITHIN_10,ORACLE_ONLY_REDUCES_ERROR_NOT_WITHIN_5,0.0,0.0,0.0,0.0,0.0,0.0
2025-11-06,2025-11-05,L5,RANGE_NORMAL_60_120,CLOSE_POS_UPPER_THIRD,ROWS_STANDARD_9_10,3979.04,PREV_CLOSE_PROXY,,NEUTRAL,3999.38,15.0,5.0,MODE_D_NEAREST_VALID_LADDER,1.0,3997.685,3997.685,3997.685,0.0,1.695,1.0,1.0,green_box_midline::green_mid_2,MODE_D_NEAREST_VALID_LADDER,3997.685,1.695,1.0,1.0,green_box_midline::green_mid_2,MODE_A_LIVE_PROXIMITY_HEAVY,REGIME_LEVEL_EXACT,43.909833,1.0,3997.685,3997.685,3997.685,0.0,1.695,1.0,1.0,green_box_midline::green_mid_2,0.0,0.0,0.0,ORACLE_WITHIN_3,ROUTER_ACCEPTABLE_WITHIN_5,1.0,1.0,0.0,0.0,0.0,0.0
2025-11-06,2025-11-05,L6,RANGE_NORMAL_60_120,CLOSE_POS_UPPER_THIRD,ROWS_STANDARD_9_10,3979.04,PREV_CLOSE_PROXY,,NEUTRAL,3971.33,10.0,5.0,MODE_D_NEAREST_VALID_LADDER,1.0,3964.850417,3963.4475,3966.253333,2.805833,6.479583,0.0,0.0,green_box_quarter::green_box_1_75pct | prior_hlc::previous_pivot_hlc3,MODE_D_NEAREST_VALID_LADDER,3964.850417,6.479583,0.0,0.0,green_box_quarter::green_box_1_75pct | prior_hlc::previous_pivot_hlc3,MODE_A_LIVE_PROXIMITY_HEAVY,REGIME_LEVEL_EXACT,44.890917,1.0,3964.850417,3963.4475,3966.253333,2.805833,6.479583,0.0,0.0,green_box_quarter::green_box_1_75pct | prior_hlc::previous_pivot_hlc3,0.0,0.0,0.0,ORACLE_WITHIN_10,ORACLE_ONLY_REDUCES_ERROR_NOT_WITHIN_5,0.0,0.0,0.0,0.0,0.0,0.0
2025-11-06,2025-11-05,L7,RANGE_NORMAL_60_120,CLOSE_POS_UPPER_THIRD,ROWS_STANDARD_9_10,3979.04,PREV_CLOSE_PROXY,,NEUTRAL,3946.09,20.0,5.0,MODE_C_BALANCED,1.0,3944.86,3944.86,3944.86,0.0,1.23,1.0,1.0,red_box_edge::red_edge_1,MODE_C_BALANCED,3944.86,1.23,1.0,1.0,red_box_edge::red_edge_1,MODE_A_LIVE_PROXIMITY_HEAVY,REGIME_LEVEL_EXACT,54.700333,1.0,3935.16,3933.4475,3936.8725,3.425,10.93,0.0,0.0,red_box_quarter::red_box_2_25pct | prior_range_fraction::prev_range_0.125,9.7,9.7,0.0,ORACLE_WITHIN_3,MODE_SELECTION_FAILURE,1.0,1.0,1.0,1.0,0.0,0.0
2025-11-07,2025-11-06,L4,RANGE_COMPRESSED_0_60,CLOSE_POS_LOWER_THIRD,ROWS_SPARSE_1_8,3976.93,PREV_CLOSE_PROXY,,NEUTRAL,3994.41,5.0,5.0,MODE_B_EMA_CHANNEL_DIRECTION_HEAVY,1.0,3982.909982,3982.909982,3982.909982,0.0,11.500018,0.0,0.0,prior_range_fraction::prev_range_0.333333,MODE_B_EMA_CHANNEL_DIRECTION_HEAVY,3982.909982,11.500018,0.0,0.0,prior_range_fraction::prev_range_0.333333,MODE_D_NEAREST_VALID_LADDER,LEVEL_ONLY,58.754001,1.0,3982.909982,3982.909982,3982.909982,0.0,11.500018,0.0,0.0,prior_range_fraction::prev_range_0.333333,0.0,0.0,0.0,ORACLE_GT10_CANDIDATE_GENERATION_FAIL,CANDIDATE_GENERATION_FAILURE_GT10,0.0,0.0,0.0,0.0,0.0,1.0
2025-11-07,2025-11-06,L5,RANGE_COMPRESSED_0_60,CLOSE_POS_LOWER_THIRD,ROWS_SPARSE_1_8,3976.93,PREV_CLOSE_PROXY,,NEUTRAL,3965.9,5.0,5.0,MODE_A_LIVE_PROXIMITY_HEAVY,1.0,3966.45375,3966.45375,3966.45375,0.0,0.55375,1.0,1.0,red_box_quarter::red_box_2_25pct,MODE_A_LIVE_PROXIMITY_HEAVY,3966.45375,0.55375,1.0,1.0,red_box_quarter::red_box_2_25pct,MODE_A_LIVE_PROXIMITY_HEAVY,LEVEL_ONLY,56.881449,1.0,3966.45375,3966.45375,3966.45375,0.0,0.55375,1.0,1.0,red_box_quarter::red_box_2_25pct,0.0,0.0,0.0,ORACLE_WITHIN_3,ROUTER_ACCEPTABLE_WITHIN_5,1.0,1.0,0.0,0.0,0.0,0.0
2025-11-07,2025-11-06,L6,RANGE_COMPRESSED_0_60,CLOSE_POS_LOWER_THIRD,ROWS_SPARSE_1_8,3976.93,PREV_CLOSE_PROXY,,NEUTRAL,3939.99,5.0,5.0,MODE_B_EMA_CHANNEL_DIRECTION_HEAVY,1.0,3945.19125,3945.19125,3945.19125,0.0,5.20125,0.0,0.0,red_box_quarter::red_box_2_75pct,MODE_B_EMA_CHANNEL_DIRECTION_HEAVY,3945.19125,5.20125,0.0,0.0,red_box_quarter::red_box_2_75pct,MODE_A_LIVE_PROXIMITY_HEAVY,LEVEL_ONLY,54.852699,1.0,3945.19125,3945.19125,3945.19125,0.0,5.20125,0.0,0.0,red_box_quarter::red_box_2_75pct,0.0,0.0,0.0,ORACLE_WITHIN_10,ORACLE_ONLY_REDUCES_ERROR_NOT_WITHIN_5,0.0,0.0,0.0,0.0,0.0,0.0
2025-11-07,2025-11-06,L7,RANGE_COMPRESSED_0_60,CLOSE_POS_LOWER_THIRD,ROWS_SPARSE_1_8,3976.93,PREV_CLOSE_PROXY,,NEUTRAL,3916.67,5.0,5.0,MODE_B_EMA_CHANNEL_DIRECTION_HEAVY,1.0,3923.92875,3923.92875,3923.92875,0.0,7.25875,0.0,0.0,red_box_quarter::red_box_3_25pct,MODE_B_EMA_CHANNEL_DIRECTION_HEAVY,3923.92875,7.25875,0.0,0.0,red_box_quarter::red_box_3_25pct,MODE_C_BALANCED,LEVEL_ONLY,47.999006,1.0,3923.92875,3923.92875,3923.92875,0.0,7.25875,0.0,0.0,red_box_quarter::red_box_3_25pct,0.0,0.0,0.0,ORACLE_WITHIN_10,ORACLE_ONLY_REDUCES_ERROR_NOT_WITHIN_5,0.0,0.0,0.0,0.0,0.0,0.0
2025-11-10,2025-11-07,L4,RANGE_COMPRESSED_0_60,CLOSE_POS_MIDDLE_THIRD,ROWS_STANDARD_9_10,4000.84,PREV_CLOSE_PROXY,,NEUTRAL,4017.8,10.0,5.0,MODE_C_BALANCED,1.0,4003.308542,4000.963333,4005.65375,4.690417,14.491459,0.0,0.0,prior_hlc::previous_pivot_hlc3 | green_box_quarter::green_box_1_75pct,MODE_C_BALANCED,4003.308542,14.491459,0.0,0.0,prior_hlc::previous_pivot_hlc3 | green_box_quarter::green_box_1_75pct,MODE_D_NEAREST_VALID_LADDER,LEVEL_ONLY,59.973278,1.0,4003.308542,4000.963333,4005.65375,4.690417,14.491459,0.0,0.0,prior_hlc::previous_pivot_hlc3 | green_box_quarter::green_box_1_75pct,0.0,0.0,0.0,ORACLE_GT10_CANDIDATE_GENERATION_FAIL,CANDIDATE_GENERATION_FAILURE_GT10,0.0,0.0,0.0,0.0,0.0,1.0
2025-11-10,2025-11-07,L5,RANGE_COMPRESSED_0_60,CLOSE_POS_MIDDLE_THIRD,ROWS_STANDARD_9_10,4000.84,PREV_CLOSE_PROXY,,NEUTRAL,3992.42,10.0,5.0,MODE_D_NEAREST_VALID_LADDER,1.0,3986.346875,3984.91125,3987.7825,2.87125,6.073125,0.0,0.0,green_box_quarter::green_box_1_25pct | prior_range_fraction::prev_range_0.25,MODE_D_NEAREST_VALID_LADDER,3986.346875,6.073125,0.0,0.0,green_box_quarter::green_box_1_25pct | prior_range_fraction::prev_range_0.25,MODE_A_LIVE_PROXIMITY_HEAVY,LEVEL_ONLY,60.861731,1.0,3986.346875,3984.91125,3987.7825,2.87125,6.073125,0.0,0.0,green_box_quarter::green_box_1_25pct | prior_range_fraction::prev_range_0.25,0.0,0.0,0.0,ORACLE_WITHIN_10,ORACLE_ONLY_REDUCES_ERROR_NOT_WITHIN_5,0.0,0.0,0.0,0.0,0.0,0.0
2025-11-10,2025-11-07,L6,RANGE_COMPRESSED_0_60,CLOSE_POS_MIDDLE_THIRD,ROWS_STANDARD_9_10,4000.84,PREV_CLOSE_PROXY,,NEUTRAL,3968.14,10.0,5.0,MODE_B_EMA_CHANNEL_DIRECTION_HEAVY,1.0,3965.2825,3965.2825,3965.2825,0.0,2.8575,1.0,1.0,red_box_midline::red_mid_2,MODE_B_EMA_CHANNEL_DIRECTION_HEAVY,3965.2825,2.8575,1.0,1.0,red_box_midline::red_mid_2,MODE_A_LIVE_PROXIMITY_HEAVY,LEVEL_ONLY,57.863685,1.0,3965.2825,3965.2825,3965.2825,0.0,2.8575,1.0,1.0,red_box_midline::red_mid_2,0.0,0.0,0.0,ORACLE_WITHIN_3,ROUTER_ACCEPTABLE_WITHIN_5,1.0,1.0,0.0,0.0,0.0,0.0
2025-11-10,2025-11-07,L7,RANGE_COMPRESSED_0_60,CLOSE_POS_MIDDLE_THIRD,ROWS_STANDARD_9_10,4000.84,PREV_CLOSE_PROXY,,NEUTRAL,3943.22,15.0,5.0,MODE_B_EMA_CHANNEL_DIRECTION_HEAVY,1.0,3944.54,3944.54,3944.54,0.0,1.32,1.0,1.0,red_box_edge::red_edge_2,MODE_B_EMA_CHANNEL_DIRECTION_HEAVY,3944.54,1.32,1.0,1.0,red_box_edge::red_edge_2,MODE_C_BALANCED,LEVEL_ONLY,49.282028,1.0,3944.54,3944.54,3944.54,0.0,1.32,1.0,1.0,red_box_edge::red_edge_2,0.0,0.0,0.0,ORACLE_WITHIN_3,ROUTER_ACCEPTABLE_WITHIN_5,1.0,1.0,0.0,0.0,0.0,0.0
2025-11-11,2025-11-10,L4,RANGE_NORMAL_60_120,CLOSE_POS_UPPER_THIRD,ROWS_STANDARD_9_10,4115.78,PREV_CLOSE_PROXY,,NEUTRAL,4158.14,20.0,5.0,MODE_D_NEAREST_VALID_LADDER,1.0,4146.47,4146.47,4146.47,0.0,11.67,0.0,0.0,green_box_edge::green_edge_2,MODE_D_NEAREST_VALID_LADDER,4146.47,11.67,0.0,0.0,green_box_edge::green_edge_2,MODE_D_NEAREST_VALID_LADDER,REGIME_LEVEL_EXACT,38.324708,1.0,4146.47,4146.47,4146.47,0.0,11.67,0.0,0.0,green_box_edge::green_edge_2,0.0,0.0,0.0,ORACLE_GT10_CANDIDATE_GENERATION_FAIL,CANDIDATE_GENERATION_FAILURE_GT10,0.0,0.0,0.0,0.0,0.0,1.0
2025-11-11,2025-11-10,L5,RANGE_NORMAL_60_120,CLOSE_POS_UPPER_THIRD,ROWS_STANDARD_9_10,4115.78,PREV_CLOSE_PROXY,,NEUTRAL,4131.74,20.0,5.0,MODE_D_NEAREST_VALID_LADDER,1.0,4109.315,4109.315,4109.315,0.0,22.425,0.0,0.0,green_box_midline::green_mid_2,MODE_D_NEAREST_VALID_LADDER,4109.315,22.425,0.0,0.0,green_box_midline::green_mid_2,MODE_A_LIVE_PROXIMITY_HEAVY,REGIME_LEVEL_EXACT,51.02975,1.0,4109.315,4109.315,4109.315,0.0,22.425,0.0,0.0,green_box_midline::green_mid_2,0.0,0.0,0.0,ORACLE_GT10_CANDIDATE_GENERATION_FAIL,CANDIDATE_GENERATION_FAILURE_GT10,0.0,0.0,0.0,0.0,0.0,1.0
2025-11-11,2025-11-10,L6,RANGE_NORMAL_60_120,CLOSE_POS_UPPER_THIRD,ROWS_STANDARD_9_10,4115.78,PREV_CLOSE_PROXY,,NEUTRAL,4099.17,20.0,5.0,MODE_C_BALANCED,1.0,4076.81502,4076.7,4076.93004,0.23004,22.35498,0.0,0.0,prior_hlc::previous_pivot_hlc3 | prior_range_fraction::prev_range_0.666667,MODE_C_BALANCED,4076.81502,22.35498,0.0,0.0,prior_hlc::previous_pivot_hlc3 | prior_range_fraction::prev_range_0.666667,MODE_A_LIVE_PROXIMITY_HEAVY,REGIME_LEVEL_EXACT,44.251584,1.0,4076.81502,4076.7,4076.93004,0.23004,22.35498,0.0,0.0,prior_hlc::previous_pivot_hlc3 | prior_range_fraction::prev_range_0.666667,0.0,0.0,0.0,ORACLE_GT10_CANDIDATE_GENERATION_FAIL,CANDIDATE_GENERATION_FAILURE_GT10,0.0,0.0,0.0,0.0,0.0,1.0
2025-11-11,2025-11-10,L7,RANGE_NORMAL_60_120,CLOSE_POS_UPPER_THIRD,ROWS_STANDARD_9_10,4115.78,PREV_CLOSE_PROXY,,NEUTRAL,4067.01,20.0,5.0,MODE_C_BALANCED,1.0,4042.66142,4042.16,4043.16284,1.00284,24.34858,0.0,0.0,red_box_edge::red_edge_1 | prior_range_fraction::prev_range_0.382,MODE_C_BALANCED,4042.66142,24.34858,0.0,0.0,red_box_edge::red_edge_1 | prior_range_fraction::prev_range_0.382,MODE_C_BALANCED,REGIME_LEVEL_EXACT,58.897833,1.0,4042.66142,4042.16,4043.16284,1.00284,24.34858,0.0,0.0,red_box_edge::red_edge_1 | prior_range_fraction::prev_range_0.382,0.0,0.0,0.0,ORACLE_GT10_CANDIDATE_GENERATION_FAIL,CANDIDATE_GENERATION_FAILURE_GT10,0.0,0.0,0.0,0.0,0.0,1.0
2025-11-12,2025-11-11,L4,RANGE_COMPRESSED_0_60,CLOSE_POS_MIDDLE_THIRD,ROWS_SPARSE_1_8,4126.6,PREV_CLOSE_PROXY,,NEUTRAL,4129.0,5.0,5.0,MODE_C_BALANCED,1.0,4138.78375,4138.78375,4138.78375,0.0,9.78375,0.0,0.0,red_box_quarter::red_box_1_25pct,MODE_C_BALANCED,4138.78375,9.78375,0.0,0.0,red_box_quarter::red_box_1_25pct,MODE_D_NEAREST_VALID_LADDER,LEVEL_ONLY,61.953213,1.0,4138.78375,4138.78375,4138.78375,0.0,9.78375,0.0,0.0,red_box_quarter::red_box_1_25pct,0.0,0.0,0.0,ORACLE_WITHIN_10,ORACLE_ONLY_REDUCES_ERROR_NOT_WITHIN_5,0.0,0.0,0.0,0.0,0.0,0.0
2025-11-12,2025-11-11,L5,RANGE_COMPRESSED_0_60,CLOSE_POS_MIDDLE_THIRD,ROWS_SPARSE_1_8,4126.6,PREV_CLOSE_PROXY,,NEUTRAL,4097.81,5.0,5.0,MODE_C_BALANCED,1.0,4114.426649,4114.426649,4114.426649,0.0,16.616649,0.0,0.0,prior_range_fraction::prev_range_0.333333,MODE_C_BALANCED,4114.426649,16.616649,0.0,0.0,prior_range_fraction::prev_range_0.333333,MODE_A_LIVE_PROXIMITY_HEAVY,LEVEL_ONLY,62.748066,1.0,4114.426649,4114.426649,4114.426649,0.0,16.616649,0.0,0.0,prior_range_fraction::prev_range_0.333333,0.0,0.0,0.0,ORACLE_GT10_CANDIDATE_GENERATION_FAIL,CANDIDATE_GENERATION_FAILURE_GT10,0.0,0.0,0.0,0.0,0.0,1.0
2025-11-12,2025-11-11,L6,RANGE_COMPRESSED_0_60,CLOSE_POS_MIDDLE_THIRD,ROWS_SPARSE_1_8,4126.6,PREV_CLOSE_PROXY,,NEUTRAL,4064.25,5.0,5.0,MODE_B_EMA_CHANNEL_DIRECTION_HEAVY,1.0,4087.6025,4087.6025,4087.6025,0.0,23.3525,0.0,0.0,red_box_midline::red_mid_2,MODE_B_EMA_CHANNEL_DIRECTION_HEAVY,4087.6025,23.3525,0.0,0.0,red_box_midline::red_mid_2,MODE_A_LIVE_PROXIMITY_HEAVY,LEVEL_ONLY,61.046316,1.0,4087.6025,4087.6025,4087.6025,0.0,23.3525,0.0,0.0,red_box_midline::red_mid_2,0.0,0.0,0.0,ORACLE_GT10_CANDIDATE_GENERATION_FAIL,CANDIDATE_GENERATION_FAILURE_GT10,0.0,0.0,0.0,0.0,0.0,1.0
2025-11-12,2025-11-11,L7,RANGE_COMPRESSED_0_60,CLOSE_POS_MIDDLE_THIRD,ROWS_SPARSE_1_8,4126.6,PREV_CLOSE_PROXY,,NEUTRAL,4034.75,5.0,5.0,MODE_B_EMA_CHANNEL_DIRECTION_HEAVY,1.0,4067.13,4067.13,4067.13,0.0,32.38,0.0,0.0,red_box_edge::red_edge_2,MODE_B_EMA_CHANNEL_DIRECTION_HEAVY,4067.13,32.38,0.0,0.0,red_box_edge::red_edge_2,MODE_C_BALANCED,LEVEL_ONLY,55.495859,1.0,4067.13,4067.13,4067.13,0.0,32.38,0.0,0.0,red_box_edge::red_edge_2,0.0,0.0,0.0,ORACLE_GT10_CANDIDATE_GENERATION_FAIL,CANDIDATE_GENERATION_FAILURE_GT10,0.0,0.0,0.0,0.0,0.0,1.0
2025-11-13,2025-11-12,L4,RANGE_NORMAL_60_120,CLOSE_POS_UPPER_THIRD,ROWS_STANDARD_9_10,4195.32,PREV_CLOSE_PROXY,,NEUTRAL,4233.19,25.0,5.0,MODE_A_LIVE_PROXIMITY_HEAVY,1.0,4241.75,4241.75,4241.75,0.0,8.56,0.0,0.0,green_box_edge::green_edge_2,MODE_A_LIVE_PROXIMITY_HEAVY,4241.75,8.56,0.0,0.0,green_box_edge::green_edge_2,MODE_D_NEAREST_VALID_LADDER,REGIME_LEVEL_EXACT,38.368917,1.0,4259.605,4259.605,4259.605,0.0,26.415,0.0,0.0,green_box_quarter::green_box_3_25pct,17.855,17.855,0.0,ORACLE_WITHIN_10,ORACLE_ONLY_REDUCES_ERROR_NOT_WITHIN_5,0.0,0.0,0.0,0.0,0.0,0.0
2025-11-13,2025-11-12,L5,RANGE_NORMAL_60_120,CLOSE_POS_UPPER_THIRD,ROWS_STANDARD_9_10,4195.32,PREV_CLOSE_PROXY,,NEUTRAL,4204.6,25.0,5.0,MODE_C_BALANCED,1.0,4206.04,4206.04,4206.04,0.0,1.44,1.0,1.0,green_box_midline::green_mid_2,MODE_C_BALANCED,4206.04,1.44,1.0,1.0,green_box_midline::green_mid_2,MODE_A_LIVE_PROXIMITY_HEAVY,REGIME_LEVEL_EXACT,47.243167,1.0,4206.04,4206.04,4206.04,0.0,1.44,1.0,1.0,green_box_midline::green_mid_2,0.0,0.0,0.0,ORACLE_WITHIN_3,ROUTER_ACCEPTABLE_WITHIN_5,1.0,1.0,0.0,0.0,0.0,0.0
2025-11-13,2025-11-12,L6,RANGE_NORMAL_60_120,CLOSE_POS_UPPER_THIRD,ROWS_STANDARD_9_10,4195.32,PREV_CLOSE_PROXY,,NEUTRAL,4175.81,25.0,5.0,MODE_D_NEAREST_VALID_LADDER,2.0,4174.136704,4174.136704,4174.136704,0.0,1.673296,1.0,1.0,prior_range_fraction::prev_range_0.666667,MODE_C_BALANCED,4168.66,7.15,0.0,0.0,prior_hlc::previous_pivot_hlc3,MODE_A_LIVE_PROXIMITY_HEAVY,REGIME_LEVEL_EXACT,43.224251,1.0,4168.66,4168.66,4168.66,0.0,7.15,0.0,0.0,prior_hlc::previous_pivot_hlc3,5.476704,0.0,5.476704,ORACLE_WITHIN_3,CANDIDATE_RANKING_FAILURE_LOWER_RANK_CANDIDATE,1.0,1.0,1.0,0.0,1.0,0.0
2025-11-13,2025-11-12,L7,RANGE_NORMAL_60_120,CLOSE_POS_UPPER_THIRD,ROWS_STANDARD_9_10,4195.32,PREV_CLOSE_PROXY,,NEUTRAL,4146.28,20.0,5.0,MODE_C_BALANCED,1.0,4141.17244,4140.33,4142.01488,1.68488,5.10756,0.0,0.0,red_box_edge::red_edge_1 | prior_range_fraction::prev_range_0.382,MODE_C_BALANCED,4141.17244,5.10756,0.0,0.0,red_box_edge::red_edge_1 | prior_range_fraction::prev_range_0.382,MODE_C_BALANCED,REGIME_LEVEL_EXACT,56.033667,1.0,4141.17244,4140.33,4142.01488,1.68488,5.10756,0.0,0.0,red_box_edge::red_edge_1 | prior_range_fraction::prev_range_0.382,0.0,0.0,0.0,ORACLE_WITHIN_10,ORACLE_ONLY_REDUCES_ERROR_NOT_WITHIN_5,0.0,0.0,0.0,0.0,0.0,0.0
2025-11-14,2025-11-13,L4,RANGE_NORMAL_60_120,CLOSE_POS_LOWER_THIRD,ROWS_EXTENDED_11_PLUS,4171.26,PREV_CLOSE_PROXY,,NEUTRAL,4270.12,5.0,5.0,MODE_B_EMA_CHANNEL_DIRECTION_HEAVY,1.0,4307.45,4307.45,4307.45,0.0,37.33,0.0,0.0,green_box_midline::green_mid_3,MODE_B_EMA_CHANNEL_DIRECTION_HEAVY,4307.45,37.33,0.0,0.0,green_box_midline::green_mid_3,MODE_A_LIVE_PROXIMITY_HEAVY,LEVEL_ONLY,62.652694,1.0,4307.45,4307.45,4307.45,0.0,37.33,0.0,0.0,green_box_midline::green_mid_3,0.0,0.0,0.0,ORACLE_GT10_CANDIDATE_GENERATION_FAIL,CANDIDATE_GENERATION_FAILURE_GT10,0.0,0.0,0.0,0.0,0.0,1.0
2025-11-14,2025-11-13,L5,RANGE_NORMAL_60_120,CLOSE_POS_LOWER_THIRD,ROWS_EXTENDED_11_PLUS,4171.26,PREV_CLOSE_PROXY,,NEUTRAL,4239.31,5.0,5.0,MODE_B_EMA_CHANNEL_DIRECTION_HEAVY,1.0,4275.05,4275.05,4275.05,0.0,35.74,0.0,0.0,green_box_edge::green_edge_2,MODE_B_EMA_CHANNEL_DIRECTION_HEAVY,4275.05,35.74,0.0,0.0,green_box_edge::green_edge_2,MODE_A_LIVE_PROXIMITY_HEAVY,LEVEL_ONLY,64.654444,1.0,4275.05,4275.05,4275.05,0.0,35.74,0.0,0.0,green_box_edge::green_edge_2,0.0,0.0,0.0,ORACLE_GT10_CANDIDATE_GENERATION_FAIL,CANDIDATE_GENERATION_FAILURE_GT10,0.0,0.0,0.0,0.0,0.0,1.0
2025-11-14,2025-11-13,L6,RANGE_NORMAL_60_120,CLOSE_POS_LOWER_THIRD,ROWS_EXTENDED_11_PLUS,4171.26,PREV_CLOSE_PROXY,,NEUTRAL,4205.65,5.0,5.0,MODE_B_EMA_CHANNEL_DIRECTION_HEAVY,1.0,4242.65,4242.65,4242.65,0.0,37.0,0.0,0.0,green_box_midline::green_mid_2,MODE_B_EMA_CHANNEL_DIRECTION_HEAVY,4242.65,37.0,0.0,0.0,green_box_midline::green_mid_2,MODE_A_LIVE_PROXIMITY_HEAVY,LEVEL_ONLY,61.823661,1.0,4242.65,4242.65,4242.65,0.0,37.0,0.0,0.0,green_box_midline::green_mid_2,0.0,0.0,0.0,ORACLE_GT10_CANDIDATE_GENERATION_FAIL,CANDIDATE_GENERATION_FAILURE_GT10,0.0,0.0,0.0,0.0,0.0,1.0
2025-11-14,2025-11-13,L7,RANGE_NORMAL_60_120,CLOSE_POS_LOWER_THIRD,ROWS_EXTENDED_11_PLUS,4171.26,PREV_CLOSE_PROXY,,NEUTRAL,4177.38,5.0,5.0,MODE_B_EMA_CHANNEL_DIRECTION_HEAVY,1.0,4211.850033,4211.850033,4211.850033,0.0,34.470033,0.0,0.0,prior_range_fraction::prev_range_0.666667,MODE_B_EMA_CHANNEL_DIRECTION_HEAVY,4211.850033,34.470033,0.0,0.0,prior_range_fraction::prev_range_0.666667,MODE_C_BALANCED,LEVEL_ONLY,56.117476,1.0,4211.850033,4211.850033,4211.850033,0.0,34.470033,0.0,0.0,prior_range_fraction::prev_range_0.666667,0.0,0.0,0.0,ORACLE_GT10_CANDIDATE_GENERATION_FAIL,CANDIDATE_GENERATION_FAILURE_GT10,0.0,0.0,0.0,0.0,0.0,1.0
2025-11-17,2025-11-14,L4,RANGE_WIDE_120_220,CLOSE_POS_LOWER_THIRD,ROWS_STANDARD_9_10,4085.1,PREV_CLOSE_PROXY,,NEUTRAL,4111.02,5.0,5.0,MODE_B_EMA_CHANNEL_DIRECTION_HEAVY,1.0,4241.27,4241.27,4241.27,0.0,130.25,0.0,0.0,green_box_edge::green_edge_2,MODE_B_EMA_CHANNEL_DIRECTION_HEAVY,4241.27,130.25,0.0,0.0,green_box_edge::green_edge_2,MODE_A_LIVE_PROXIMITY_HEAVY,LEVEL_ONLY,62.3495,1.0,4241.27,4241.27,4241.27,0.0,130.25,0.0,0.0,green_box_edge::green_edge_2,0.0,0.0,0.0,ORACLE_GT10_CANDIDATE_GENERATION_FAIL,CANDIDATE_GENERATION_FAILURE_GT10,0.0,0.0,0.0,0.0,0.0,1.0
2025-11-17,2025-11-14,L5,RANGE_WIDE_120_220,CLOSE_POS_LOWER_THIRD,ROWS_STANDARD_9_10,4085.1,PREV_CLOSE_PROXY,,NEUTRAL,4076.11,5.0,5.0,MODE_B_EMA_CHANNEL_DIRECTION_HEAVY,1.0,4188.8975,4188.8975,4188.8975,0.0,112.7875,0.0,0.0,prior_range_fraction::prev_range_0.875,MODE_B_EMA_CHANNEL_DIRECTION_HEAVY,4188.8975,112.7875,0.0,0.0,prior_range_fraction::prev_range_0.875,MODE_A_LIVE_PROXIMITY_HEAVY,LEVEL_ONLY,63.01763,1.0,4188.8975,4188.8975,4188.8975,0.0,112.7875,0.0,0.0,prior_range_fraction::prev_range_0.875,0.0,0.0,0.0,ORACLE_GT10_CANDIDATE_GENERATION_FAIL,CANDIDATE_GENERATION_FAILURE_GT10,0.0,0.0,0.0,0.0,0.0,1.0
2025-11-17,2025-11-14,L6,RANGE_WIDE_120_220,CLOSE_POS_LOWER_THIRD,ROWS_STANDARD_9_10,4085.1,PREV_CLOSE_PROXY,,NEUTRAL,4041.59,5.0,5.0,MODE_B_EMA_CHANNEL_DIRECTION_HEAVY,1.0,4142.89964,4142.89964,4142.89964,0.0,101.30964,0.0,0.0,prior_range_fraction::prev_range_0.618,MODE_B_EMA_CHANNEL_DIRECTION_HEAVY,4142.89964,101.30964,0.0,0.0,prior_range_fraction::prev_range_0.618,MODE_A_LIVE_PROXIMITY_HEAVY,LEVEL_ONLY,59.6035,1.0,4142.89964,4142.89964,4142.89964,0.0,101.30964,0.0,0.0,prior_range_fraction::prev_range_0.618,0.0,0.0,0.0,ORACLE_GT10_CANDIDATE_GENERATION_FAIL,CANDIDATE_GENERATION_FAILURE_GT10,0.0,0.0,0.0,0.0,0.0,1.0
2025-11-17,2025-11-14,L7,RANGE_WIDE_120_220,CLOSE_POS_LOWER_THIRD,ROWS_STANDARD_9_10,4085.1,PREV_CLOSE_PROXY,,NEUTRAL,4009.23,5.0,5.0,MODE_C_BALANCED,1.0,4106.78,4106.78,4106.78,0.0,97.55,0.0,0.0,red_box_edge::red_edge_1,MODE_C_BALANCED,4106.78,97.55,0.0,0.0,red_box_edge::red_edge_1,MODE_C_BALANCED,LEVEL_ONLY,54.549375,1.0,4106.78,4106.78,4106.78,0.0,97.55,0.0,0.0,red_box_edge::red_edge_1,0.0,0.0,0.0,ORACLE_GT10_CANDIDATE_GENERATION_FAIL,CANDIDATE_GENERATION_FAILURE_GT10,0.0,0.0,0.0,0.0,0.0,1.0
2025-11-18,2025-11-17,L4,RANGE_NORMAL_60_120,CLOSE_POS_MIDDLE_THIRD,ROWS_STANDARD_9_10,4045.52,PREV_CLOSE_PROXY,,NEUTRAL,4104.67,15.0,5.0,MODE_C_BALANCED,1.0,4104.2725,4104.2725,4104.2725,0.0,0.3975,1.0,1.0,green_box_midline::green_mid_2,MODE_C_BALANCED,4104.2725,0.3975,1.0,1.0,green_box_midline::green_mid_2,MODE_A_LIVE_PROXIMITY_HEAVY,LEVEL_ONLY,62.059136,1.0,4104.2725,4104.2725,4104.2725,0.0,0.3975,1.0,1.0,green_box_midline::green_mid_2,0.0,0.0,0.0,ORACLE_WITHIN_3,ROUTER_ACCEPTABLE_WITHIN_5,1.0,1.0,0.0,0.0,0.0,0.0
2025-11-18,2025-11-17,L5,RANGE_NORMAL_60_120,CLOSE_POS_MIDDLE_THIRD,ROWS_STANDARD_9_10,4045.52,PREV_CLOSE_PROXY,,NEUTRAL,4069.43,15.0,5.0,MODE_C_BALANCED,1.0,4071.835,4071.835,4071.835,0.0,2.405,1.0,1.0,green_box_edge::green_edge_1,MODE_C_BALANCED,4071.835,2.405,1.0,1.0,green_box_edge::green_edge_1,MODE_A_LIVE_PROXIMITY_HEAVY,LEVEL_ONLY,61.393647,1.0,4071.835,4071.835,4071.835,0.0,2.405,1.0,1.0,green_box_edge::green_edge_1,0.0,0.0,0.0,ORACLE_WITHIN_3,ROUTER_ACCEPTABLE_WITHIN_5,1.0,1.0,0.0,0.0,0.0,0.0
2025-11-18,2025-11-17,L6,RANGE_NORMAL_60_120,CLOSE_POS_MIDDLE_THIRD,ROWS_STANDARD_9_10,4045.52,PREV_CLOSE_PROXY,,NEUTRAL,4036.18,15.0,5.0,MODE_C_BALANCED,1.0,4031.8975,4031.8975,4031.8975,0.0,4.2825,0.0,1.0,prior_range_fraction::prev_range_0.25,MODE_C_BALANCED,4031.8975,4.2825,0.0,1.0,prior_range_fraction::prev_range_0.25,MODE_A_LIVE_PROXIMITY_HEAVY,LEVEL_ONLY,57.39403,1.0,4031.8975,4031.8975,4031.8975,0.0,4.2825,0.0,1.0,prior_range_fraction::prev_range_0.25,0.0,0.0,0.0,ORACLE_WITHIN_5,ROUTER_ACCEPTABLE_WITHIN_5,0.0,1.0,0.0,0.0,0.0,0.0
2025-11-18,2025-11-17,L7,RANGE_NORMAL_60_120,CLOSE_POS_MIDDLE_THIRD,ROWS_STANDARD_9_10,4045.52,PREV_CLOSE_PROXY,,NEUTRAL,4005.49,15.0,5.0,MODE_D_NEAREST_VALID_LADDER,1.0,3993.17875,3993.17875,3993.17875,0.0,12.31125,0.0,0.0,red_box_quarter::red_box_2_75pct,MODE_D_NEAREST_VALID_LADDER,3993.17875,12.31125,0.0,0.0,red_box_quarter::red_box_2_75pct,MODE_C_BALANCED,LEVEL_ONLY,52.996242,1.0,4025.61625,4025.61625,4025.61625,0.0,20.12625,0.0,0.0,red_box_quarter::red_box_2_25pct,7.815,7.815,0.0,ORACLE_GT10_CANDIDATE_GENERATION_FAIL,CANDIDATE_GENERATION_FAILURE_GT10,0.0,0.0,0.0,0.0,0.0,1.0
2025-11-19,2025-11-18,L4,RANGE_NORMAL_60_120,CLOSE_POS_UPPER_THIRD,ROWS_STANDARD_9_10,4067.3,PREV_CLOSE_PROXY,,NEUTRAL,4105.38,25.0,5.0,MODE_D_NEAREST_VALID_LADDER,1.0,4112.4,4112.4,4112.4,0.0,7.02,0.0,0.0,green_box_edge::green_edge_2,MODE_D_NEAREST_VALID_LADDER,4112.4,7.02,0.0,0.0,green_box_edge::green_edge_2,MODE_D_NEAREST_VALID_LADDER,REGIME_LEVEL_EXACT,37.808458,1.0,4112.4,4112.4,4112.4,0.0,7.02,0.0,0.0,green_box_edge::green_edge_2,0.0,0.0,0.0,ORACLE_WITHIN_10,ORACLE_ONLY_REDUCES_ERROR_NOT_WITHIN_5,0.0,0.0,0.0,0.0,0.0,0.0
2025-11-19,2025-11-18,L5,RANGE_NORMAL_60_120,CLOSE_POS_UPPER_THIRD,ROWS_STANDARD_9_10,4067.3,PREV_CLOSE_PROXY,,NEUTRAL,4070.7,25.0,5.0,MODE_C_BALANCED,2.0,4068.11,4068.11,4068.11,0.0,2.59,1.0,1.0,red_box_quarter::red_box_1_25pct,MODE_C_BALANCED,4083.82,13.12,0.0,0.0,green_box_midline::green_mid_2,MODE_A_LIVE_PROXIMITY_HEAVY,REGIME_LEVEL_EXACT,53.363083,1.0,4083.82,4083.82,4083.82,0.0,13.12,0.0,0.0,green_box_midline::green_mid_2,10.53,0.0,10.53,ORACLE_WITHIN_3,CANDIDATE_RANKING_FAILURE_LOWER_RANK_CANDIDATE,1.0,1.0,1.0,0.0,1.0,0.0
2025-11-19,2025-11-18,L6,RANGE_NORMAL_60_120,CLOSE_POS_UPPER_THIRD,ROWS_STANDARD_9_10,4067.3,PREV_CLOSE_PROXY,,NEUTRAL,4040.63,15.0,5.0,MODE_C_BALANCED,2.0,4030.29024,4030.29024,4030.29024,0.0,10.33976,0.0,0.0,prior_range_fraction::prev_range_0.382,MODE_C_BALANCED,4051.776681,11.146681,0.0,0.0,prior_hlc::previous_pivot_hlc3 | red_box_midline::red_mid_1 | prior_range_fraction::prev_range_0.666667,MODE_A_LIVE_PROXIMITY_HEAVY,REGIME_LEVEL_EXACT,43.467125,1.0,4051.776681,4049.26,4054.293361,5.033361,11.146681,0.0,0.0,prior_hlc::previous_pivot_hlc3 | red_box_midline::red_mid_1 | prior_range_fraction::prev_range_0.666667,0.806921,0.0,0.806921,ORACLE_GT10_CANDIDATE_GENERATION_FAIL,CANDIDATE_GENERATION_FAILURE_GT10,0.0,0.0,0.0,0.0,0.0,1.0
2025-11-19,2025-11-18,L7,RANGE_NORMAL_60_120,CLOSE_POS_UPPER_THIRD,ROWS_STANDARD_9_10,4067.3,PREV_CLOSE_PROXY,,NEUTRAL,4008.31,20.0,5.0,MODE_B_EMA_CHANNEL_DIRECTION_HEAVY,1.0,4009.785,4008.62,4010.95,2.33,1.475,1.0,1.0,prior_range_fraction::prev_range_0.125 | red_box_quarter::red_box_2_25pct,MODE_B_EMA_CHANNEL_DIRECTION_HEAVY,4009.785,1.475,1.0,1.0,prior_range_fraction::prev_range_0.125 | red_box_quarter::red_box_2_25pct,MODE_C_BALANCED,REGIME_LEVEL_EXACT,54.234565,1.0,4025.24,4025.24,4025.24,0.0,16.93,0.0,0.0,red_box_edge::red_edge_1,15.455,15.455,0.0,ORACLE_WITHIN_3,MODE_SELECTION_FAILURE,1.0,1.0,1.0,1.0,0.0,0.0
2025-11-20,2025-11-19,L4,RANGE_NORMAL_60_120,CLOSE_POS_LOWER_THIRD,ROWS_SPARSE_1_8,4077.81,PREV_CLOSE_PROXY,,NEUTRAL,4109.29,5.0,5.0,MODE_C_BALANCED,1.0,4103.33252,4103.33252,4103.33252,0.0,5.95748,0.0,0.0,prior_range_fraction::prev_range_0.618,MODE_C_BALANCED,4103.33252,5.95748,0.0,0.0,prior_range_fraction::prev_range_0.618,MODE_A_LIVE_PROXIMITY_HEAVY,LEVEL_ONLY,62.8785,1.0,4103.33252,4103.33252,4103.33252,0.0,5.95748,0.0,0.0,prior_range_fraction::prev_range_0.618,0.0,0.0,0.0,ORACLE_WITHIN_10,ORACLE_ONLY_REDUCES_ERROR_NOT_WITHIN_5,0.0,0.0,0.0,0.0,0.0,0.0
2025-11-20,2025-11-19,L5,RANGE_NORMAL_60_120,CLOSE_POS_LOWER_THIRD,ROWS_SPARSE_1_8,4077.81,PREV_CLOSE_PROXY,,NEUTRAL,4074.15,5.0,5.0,MODE_D_NEAREST_VALID_LADDER,1.0,4069.0525,4069.0525,4069.0525,0.0,5.0975,0.0,0.0,green_box_quarter::green_box_1_25pct,MODE_D_NEAREST_VALID_LADDER,4069.0525,5.0975,0.0,0.0,green_box_quarter::green_box_1_25pct,MODE_A_LIVE_PROXIMITY_HEAVY,LEVEL_ONLY,64.128,1.0,4069.0525,4069.0525,4069.0525,0.0,5.0975,0.0,0.0,green_box_quarter::green_box_1_25pct,0.0,0.0,0.0,ORACLE_WITHIN_10,ORACLE_ONLY_REDUCES_ERROR_NOT_WITHIN_5,0.0,0.0,0.0,0.0,0.0,0.0
2025-11-20,2025-11-19,L6,RANGE_NORMAL_60_120,CLOSE_POS_LOWER_THIRD,ROWS_SPARSE_1_8,4077.81,PREV_CLOSE_PROXY,,NEUTRAL,4040.63,5.0,5.0,MODE_B_EMA_CHANNEL_DIRECTION_HEAVY,1.0,4039.0525,4039.0525,4039.0525,0.0,1.5775,1.0,1.0,red_box_quarter::red_box_2_75pct,MODE_B_EMA_CHANNEL_DIRECTION_HEAVY,4039.0525,1.5775,1.0,1.0,red_box_quarter::red_box_2_75pct,MODE_A_LIVE_PROXIMITY_HEAVY,LEVEL_ONLY,62.1785,1.0,4039.0525,4039.0525,4039.0525,0.0,1.5775,1.0,1.0,red_box_quarter::red_box_2_75pct,0.0,0.0,0.0,ORACLE_WITHIN_3,ROUTER_ACCEPTABLE_WITHIN_5,1.0,1.0,0.0,0.0,0.0,0.0
2025-11-20,2025-11-19,L7,RANGE_NORMAL_60_120,CLOSE_POS_LOWER_THIRD,ROWS_SPARSE_1_8,4077.81,PREV_CLOSE_PROXY,,NEUTRAL,4011.09,5.0,5.0,MODE_B_EMA_CHANNEL_DIRECTION_HEAVY,1.0,4012.2675,4012.2675,4012.2675,0.0,1.1775,1.0,1.0,red_box_quarter::red_box_3_25pct,MODE_B_EMA_CHANNEL_DIRECTION_HEAVY,4012.2675,1.1775,1.0,1.0,red_box_quarter::red_box_3_25pct,MODE_B_EMA_CHANNEL_DIRECTION_HEAVY,LEVEL_ONLY,55.21425,1.0,4012.2675,4012.2675,4012.2675,0.0,1.1775,1.0,1.0,red_box_quarter::red_box_3_25pct,0.0,0.0,0.0,ORACLE_WITHIN_3,ROUTER_ACCEPTABLE_WITHIN_5,1.0,1.0,0.0,0.0,0.0,0.0
2025-11-21,2025-11-20,L4,RANGE_NORMAL_60_120,CLOSE_POS_MIDDLE_THIRD,ROWS_STANDARD_9_10,4077.2,PREV_CLOSE_PROXY,,NEUTRAL,4109.29,15.0,5.0,MODE_B_EMA_CHANNEL_DIRECTION_HEAVY,1.0,4114.945,4114.945,4114.945,0.0,5.655,0.0,0.0,green_box_midline::green_mid_2,MODE_B_EMA_CHANNEL_DIRECTION_HEAVY,4114.945,5.655,0.0,0.0,green_box_midline::green_mid_2,MODE_A_LIVE_PROXIMITY_HEAVY,LEVEL_ONLY,62.897368,1.0,4114.945,4114.945,4114.945,0.0,5.655,0.0,0.0,green_box_midline::green_mid_2,0.0,0.0,0.0,ORACLE_WITHIN_10,ORACLE_ONLY_REDUCES_ERROR_NOT_WITHIN_5,0.0,0.0,0.0,0.0,0.0,0.0
2025-11-21,2025-11-20,L5,RANGE_NORMAL_60_120,CLOSE_POS_MIDDLE_THIRD,ROWS_STANDARD_9_10,4077.2,PREV_CLOSE_PROXY,,NEUTRAL,4075.93,20.0,5.0,MODE_C_BALANCED,3.0,4072.2825,4072.2825,4072.2825,0.0,3.6475,0.0,1.0,red_box_quarter::red_box_1_75pct,MODE_C_BALANCED,4089.62,13.69,0.0,0.0,green_box_edge::green_edge_1,MODE_A_LIVE_PROXIMITY_HEAVY,LEVEL_ONLY,64.309681,1.0,4089.62,4089.62,4089.62,0.0,13.69,0.0,0.0,green_box_edge::green_edge_1,10.0425,0.0,10.0425,ORACLE_WITHIN_5,CANDIDATE_RANKING_FAILURE_LOWER_RANK_CANDIDATE,0.0,1.0,1.0,0.0,1.0,0.0
2025-11-21,2025-11-20,L6,RANGE_NORMAL_60_120,CLOSE_POS_MIDDLE_THIRD,ROWS_STANDARD_9_10,4077.2,PREV_CLOSE_PROXY,,NEUTRAL,4043.38,10.0,5.0,MODE_B_EMA_CHANNEL_DIRECTION_HEAVY,2.0,4034.295,4034.295,4034.295,0.0,9.085,0.0,0.0,red_box_midline::red_mid_2,MODE_C_BALANCED,4060.545,17.165,0.0,0.0,prior_range_fraction::prev_range_0.25 | red_box_edge::red_edge_1 | green_box_midline::green_mid_1,MODE_A_LIVE_PROXIMITY_HEAVY,LEVEL_ONLY,63.002056,1.0,4060.545,4056.795,4064.295,7.5,17.165,0.0,0.0,prior_range_fraction::prev_range_0.25 | red_box_edge::red_edge_1 | green_box_midline::green_mid_1,8.08,0.0,8.08,ORACLE_WITHIN_10,ORACLE_ONLY_REDUCES_ERROR_NOT_WITHIN_5,0.0,0.0,0.0,0.0,0.0,0.0
2025-11-21,2025-11-20,L7,RANGE_NORMAL_60_120,CLOSE_POS_MIDDLE_THIRD,ROWS_STANDARD_9_10,4077.2,PREV_CLOSE_PROXY,,NEUTRAL,4008.63,20.0,5.0,MODE_B_EMA_CHANNEL_DIRECTION_HEAVY,4.0,4008.97,4008.97,4008.97,0.0,0.34,1.0,1.0,red_box_edge::red_edge_2,MODE_C_BALANCED,4038.97,30.34,0.0,0.0,prior_hlc::previous_low,MODE_B_EMA_CHANNEL_DIRECTION_HEAVY,LEVEL_ONLY,57.080329,1.0,4038.97,4038.97,4038.97,0.0,30.34,0.0,0.0,prior_hlc::previous_low,30.0,0.0,30.0,ORACLE_WITHIN_3,CANDIDATE_RANKING_FAILURE_LOWER_RANK_CANDIDATE,1.0,1.0,1.0,0.0,1.0,0.0
2025-11-24,2025-11-21,L4,RANGE_NORMAL_60_120,CLOSE_POS_MIDDLE_THIRD,ROWS_STANDARD_9_10,4065.26,PREV_CLOSE_PROXY,,NEUTRAL,4112.0,15.0,5.0,MODE_C_BALANCED,1.0,4102.42875,4101.05,4103.8075,2.7575,9.57125,0.0,0.0,prior_hlc::previous_high | green_box_midline::green_mid_2,MODE_C_BALANCED,4102.42875,9.57125,0.0,0.0,prior_hlc::previous_high | green_box_midline::green_mid_2,MODE_A_LIVE_PROXIMITY_HEAVY,REGIME_LEVEL_EXACT,38.081333,1.0,4102.42875,4101.05,4103.8075,2.7575,9.57125,0.0,0.0,prior_hlc::previous_high | green_box_midline::green_mid_2,0.0,0.0,0.0,ORACLE_WITHIN_10,ORACLE_ONLY_REDUCES_ERROR_NOT_WITHIN_5,0.0,0.0,0.0,0.0,0.0,0.0
2025-11-24,2025-11-21,L5,RANGE_NORMAL_60_120,CLOSE_POS_MIDDLE_THIRD,ROWS_STANDARD_9_10,4065.26,PREV_CLOSE_PROXY,,NEUTRAL,4079.5,20.0,5.0,MODE_C_BALANCED,1.0,4076.565,4076.565,4076.565,0.0,2.935,1.0,1.0,green_box_edge::green_edge_1,MODE_C_BALANCED,4076.565,2.935,1.0,1.0,green_box_edge::green_edge_1,MODE_A_LIVE_PROXIMITY_HEAVY,REGIME_LEVEL_EXACT,32.280083,1.0,4076.565,4076.565,4076.565,0.0,2.935,1.0,1.0,green_box_edge::green_edge_1,0.0,0.0,0.0,ORACLE_WITHIN_3,ROUTER_ACCEPTABLE_WITHIN_5,1.0,1.0,0.0,0.0,0.0,0.0
2025-11-24,2025-11-21,L6,RANGE_NORMAL_60_120,CLOSE_POS_MIDDLE_THIRD,ROWS_STANDARD_9_10,4065.26,PREV_CLOSE_PROXY,,NEUTRAL,4047.0,15.0,5.0,MODE_C_BALANCED,1.0,4045.5725,4041.8225,4049.3225,7.5,1.4275,1.0,1.0,prior_range_fraction::prev_range_0.25 | red_box_edge::red_edge_1 | green_box_midline::green_mid_1,MODE_C_BALANCED,4045.5725,1.4275,1.0,1.0,prior_range_fraction::prev_range_0.25 | red_box_edge::red_edge_1 | green_box_midline::green_mid_1,MODE_A_LIVE_PROXIMITY_HEAVY,REGIME_LEVEL_EXACT,39.534333,1.0,4045.5725,4041.8225,4049.3225,7.5,1.4275,1.0,1.0,prior_range_fraction::prev_range_0.25 | red_box_edge::red_edge_1 | green_box_midline::green_mid_1,0.0,0.0,0.0,ORACLE_WITHIN_3,ROUTER_ACCEPTABLE_WITHIN_5,1.0,1.0,0.0,0.0,0.0,0.0
2025-11-24,2025-11-21,L7,RANGE_NORMAL_60_120,CLOSE_POS_MIDDLE_THIRD,ROWS_STANDARD_9_10,4065.26,PREV_CLOSE_PROXY,,NEUTRAL,4010.46,20.0,5.0,MODE_B_EMA_CHANNEL_DIRECTION_HEAVY,3.0,4005.70125,4005.70125,4005.70125,0.0,4.75875,0.0,1.0,red_box_quarter::red_box_2_75pct,MODE_C_BALANCED,4022.08,11.62,0.0,0.0,prior_hlc::previous_low,MODE_A_LIVE_PROXIMITY_HEAVY,REGIME_LEVEL_EXACT,17.629333,1.0,4022.08,4022.08,4022.08,0.0,11.62,0.0,0.0,prior_hlc::previous_low,6.86125,0.0,6.86125,ORACLE_WITHIN_5,CANDIDATE_RANKING_FAILURE_LOWER_RANK_CANDIDATE,0.0,1.0,1.0,0.0,1.0,0.0
2025-11-25,2025-11-24,L4,RANGE_NORMAL_60_120,CLOSE_POS_UPPER_THIRD,ROWS_STANDARD_9_10,4134.62,PREV_CLOSE_PROXY,,NEUTRAL,4143.47,25.0,5.0,MODE_B_EMA_CHANNEL_DIRECTION_HEAVY,1.0,4153.65375,4153.65375,4153.65375,0.0,10.18375,0.0,0.0,green_box_quarter::green_box_2_75pct,MODE_B_EMA_CHANNEL_DIRECTION_HEAVY,4153.65375,10.18375,0.0,0.0,green_box_quarter::green_box_2_75pct,MODE_D_NEAREST_VALID_LADDER,REGIME_LEVEL_EXACT,39.591139,1.0,4186.06625,4186.06625,4186.06625,0.0,42.59625,0.0,0.0,green_box_quarter::green_box_3_25pct,32.4125,32.4125,0.0,ORACLE_GT10_CANDIDATE_GENERATION_FAIL,CANDIDATE_GENERATION_FAILURE_GT10,0.0,0.0,0.0,0.0,0.0,1.0
2025-11-25,2025-11-24,L5,RANGE_NORMAL_60_120,CLOSE_POS_UPPER_THIRD,ROWS_STANDARD_9_10,4134.62,PREV_CLOSE_PROXY,,NEUTRAL,4108.27,20.0,5.0,MODE_C_BALANCED,3.0,4104.896667,4104.896667,4104.896667,0.0,3.373333,0.0,1.0,prior_hlc::previous_pivot_hlc3,MODE_D_NEAREST_VALID_LADDER,4137.4475,29.1775,0.0,0.0,green_box_midline::green_mid_2,MODE_A_LIVE_PROXIMITY_HEAVY,REGIME_LEVEL_EXACT,50.132056,1.0,4137.4475,4137.4475,4137.4475,0.0,29.1775,0.0,0.0,green_box_midline::green_mid_2,25.804167,0.0,25.804167,ORACLE_WITHIN_5,CANDIDATE_RANKING_FAILURE_LOWER_RANK_CANDIDATE,0.0,1.0,1.0,0.0,1.0,0.0
2025-11-25,2025-11-24,L6,RANGE_NORMAL_60_120,CLOSE_POS_UPPER_THIRD,ROWS_STANDARD_9_10,4134.62,PREV_CLOSE_PROXY,,NEUTRAL,4078.21,20.0,5.0,MODE_C_BALANCED,3.0,4078.2763,4078.2763,4078.2763,0.0,0.0663,1.0,1.0,prior_range_fraction::prev_range_0.382,MODE_C_BALANCED,4088.82875,10.61875,0.0,0.0,green_box_quarter::green_box_1_75pct,MODE_A_LIVE_PROXIMITY_HEAVY,REGIME_LEVEL_EXACT,43.335362,1.0,4106.172083,4104.896667,4107.4475,2.550833,27.962083,0.0,0.0,prior_hlc::previous_pivot_hlc3 | red_box_midline::red_mid_1,27.895783,17.343333,10.55245,ORACLE_WITHIN_3,CANDIDATE_RANKING_FAILURE_LOWER_RANK_CANDIDATE,1.0,1.0,1.0,0.0,1.0,0.0
2025-11-25,2025-11-24,L7,RANGE_NORMAL_60_120,CLOSE_POS_UPPER_THIRD,ROWS_STANDARD_9_10,4134.62,PREV_CLOSE_PROXY,,NEUTRAL,4045.41,20.0,5.0,MODE_B_EMA_CHANNEL_DIRECTION_HEAVY,2.0,4052.66625,4052.66625,4052.66625,0.0,7.25625,0.0,0.0,prior_range_fraction::prev_range_0.125,MODE_C_BALANCED,4076.65565,31.24565,0.0,0.0,red_box_edge::red_edge_1 | prior_range_fraction::prev_range_0.382,MODE_B_EMA_CHANNEL_DIRECTION_HEAVY,REGIME_LEVEL_EXACT,52.99102,1.0,4076.65565,4075.035,4078.2763,3.2413,31.24565,0.0,0.0,red_box_edge::red_edge_1 | prior_range_fraction::prev_range_0.382,23.9894,0.0,23.9894,ORACLE_WITHIN_10,ORACLE_ONLY_REDUCES_ERROR_NOT_WITHIN_5,0.0,0.0,0.0,0.0,0.0,0.0
2025-11-26,2025-11-25,L4,RANGE_COMPRESSED_0_60,CLOSE_POS_MIDDLE_THIRD,ROWS_STANDARD_9_10,4130.64,PREV_CLOSE_PROXY,,NEUTRAL,4181.28,5.0,5.0,MODE_C_BALANCED,1.0,4149.365,4149.365,4149.365,0.0,31.915,0.0,0.0,red_box_quarter::red_box_1_25pct,MODE_C_BALANCED,4149.365,31.915,0.0,0.0,red_box_quarter::red_box_1_25pct,MODE_A_LIVE_PROXIMITY_HEAVY,LEVEL_ONLY,62.587176,1.0,4149.365,4149.365,4149.365,0.0,31.915,0.0,0.0,red_box_quarter::red_box_1_25pct,0.0,0.0,0.0,ORACLE_GT10_CANDIDATE_GENERATION_FAIL,CANDIDATE_GENERATION_FAILURE_GT10,0.0,0.0,0.0,0.0,0.0,1.0
2025-11-26,2025-11-25,L5,RANGE_COMPRESSED_0_60,CLOSE_POS_MIDDLE_THIRD,ROWS_STANDARD_9_10,4130.64,PREV_CLOSE_PROXY,,NEUTRAL,4146.58,5.0,5.0,MODE_D_NEAREST_VALID_LADDER,1.0,4126.22665,4126.22665,4126.22665,0.0,20.35335,0.0,0.0,prior_range_fraction::prev_range_0.333333,MODE_D_NEAREST_VALID_LADDER,4126.22665,20.35335,0.0,0.0,prior_range_fraction::prev_range_0.333333,MODE_A_LIVE_PROXIMITY_HEAVY,LEVEL_ONLY,64.307487,1.0,4126.22665,4126.22665,4126.22665,0.0,20.35335,0.0,0.0,prior_range_fraction::prev_range_0.333333,0.0,0.0,0.0,ORACLE_GT10_CANDIDATE_GENERATION_FAIL,CANDIDATE_GENERATION_FAILURE_GT10,0.0,0.0,0.0,0.0,0.0,1.0
2025-11-26,2025-11-25,L6,RANGE_COMPRESSED_0_60,CLOSE_POS_MIDDLE_THIRD,ROWS_STANDARD_9_10,4130.64,PREV_CLOSE_PROXY,,NEUTRAL,4111.42,5.0,5.0,MODE_B_EMA_CHANNEL_DIRECTION_HEAVY,1.0,4099.59,4099.59,4099.59,0.0,11.83,0.0,0.0,red_box_midline::red_mid_2,MODE_B_EMA_CHANNEL_DIRECTION_HEAVY,4099.59,11.83,0.0,0.0,red_box_midline::red_mid_2,MODE_A_LIVE_PROXIMITY_HEAVY,LEVEL_ONLY,63.357987,1.0,4099.59,4099.59,4099.59,0.0,11.83,0.0,0.0,red_box_midline::red_mid_2,0.0,0.0,0.0,ORACLE_GT10_CANDIDATE_GENERATION_FAIL,CANDIDATE_GENERATION_FAILURE_GT10,0.0,0.0,0.0,0.0,0.0,1.0
2025-11-26,2025-11-25,L7,RANGE_COMPRESSED_0_60,CLOSE_POS_MIDDLE_THIRD,ROWS_STANDARD_9_10,4130.64,PREV_CLOSE_PROXY,,NEUTRAL,4082.04,5.0,5.0,MODE_B_EMA_CHANNEL_DIRECTION_HEAVY,1.0,4079.68,4079.68,4079.68,0.0,2.36,1.0,1.0,red_box_edge::red_edge_2,MODE_B_EMA_CHANNEL_DIRECTION_HEAVY,4079.68,2.36,1.0,1.0,red_box_edge::red_edge_2,MODE_B_EMA_CHANNEL_DIRECTION_HEAVY,LEVEL_ONLY,55.393737,1.0,4079.68,4079.68,4079.68,0.0,2.36,1.0,1.0,red_box_edge::red_edge_2,0.0,0.0,0.0,ORACLE_WITHIN_3,ROUTER_ACCEPTABLE_WITHIN_5,1.0,1.0,0.0,0.0,0.0,0.0
2025-11-27,2025-11-26,L4,RANGE_COMPRESSED_0_60,CLOSE_POS_UPPER_THIRD,ROWS_STANDARD_9_10,4163.7,PREV_CLOSE_PROXY,,NEUTRAL,4172.25,5.0,5.0,MODE_C_BALANCED,1.0,4156.552292,4155.663333,4157.44125,1.777917,15.697708,0.0,0.0,prior_hlc::previous_pivot_hlc3 | green_box_quarter::green_box_1_75pct,MODE_C_BALANCED,4156.552292,15.697708,0.0,0.0,prior_hlc::previous_pivot_hlc3 | green_box_quarter::green_box_1_75pct,MODE_A_LIVE_PROXIMITY_HEAVY,LEVEL_ONLY,62.216812,1.0,4156.552292,4155.663333,4157.44125,1.777917,15.697708,0.0,0.0,prior_hlc::previous_pivot_hlc3 | green_box_quarter::green_box_1_75pct,0.0,0.0,0.0,ORACLE_GT10_CANDIDATE_GENERATION_FAIL,CANDIDATE_GENERATION_FAILURE_GT10,0.0,0.0,0.0,0.0,0.0,1.0
2025-11-27,2025-11-26,L5,RANGE_COMPRESSED_0_60,CLOSE_POS_UPPER_THIRD,ROWS_STANDARD_9_10,4163.7,PREV_CLOSE_PROXY,,NEUTRAL,4143.1,5.0,5.0,MODE_C_BALANCED,1.0,4139.885625,4139.03375,4140.7375,1.70375,3.214375,0.0,1.0,green_box_quarter::green_box_1_25pct | prior_range_fraction::prev_range_0.25,MODE_C_BALANCED,4139.885625,3.214375,0.0,1.0,green_box_quarter::green_box_1_25pct | prior_range_fraction::prev_range_0.25,MODE_A_LIVE_PROXIMITY_HEAVY,LEVEL_ONLY,63.957,1.0,4139.885625,4139.03375,4140.7375,1.70375,3.214375,0.0,1.0,green_box_quarter::green_box_1_25pct | prior_range_fraction::prev_range_0.25,0.0,0.0,0.0,ORACLE_WITHIN_5,ROUTER_ACCEPTABLE_WITHIN_5,0.0,1.0,0.0,0.0,0.0,0.0
2025-11-27,2025-11-26,L6,RANGE_COMPRESSED_0_60,CLOSE_POS_UPPER_THIRD,ROWS_STANDARD_9_10,4163.7,PREV_CLOSE_PROXY,,NEUTRAL,4108.29,5.0,5.0,MODE_B_EMA_CHANNEL_DIRECTION_HEAVY,1.0,4118.2375,4118.2375,4118.2375,0.0,9.9475,0.0,0.0,red_box_midline::red_mid_2,MODE_B_EMA_CHANNEL_DIRECTION_HEAVY,4118.2375,9.9475,0.0,0.0,red_box_midline::red_mid_2,MODE_A_LIVE_PROXIMITY_HEAVY,LEVEL_ONLY,63.1965,1.0,4118.2375,4118.2375,4118.2375,0.0,9.9475,0.0,0.0,red_box_midline::red_mid_2,0.0,0.0,0.0,ORACLE_WITHIN_10,ORACLE_ONLY_REDUCES_ERROR_NOT_WITHIN_5,0.0,0.0,0.0,0.0,0.0,0.0
2025-11-27,2025-11-26,L7,RANGE_COMPRESSED_0_60,CLOSE_POS_UPPER_THIRD,ROWS_STANDARD_9_10,4163.7,PREV_CLOSE_PROXY,,NEUTRAL,4073.19,5.0,5.0,MODE_B_EMA_CHANNEL_DIRECTION_HEAVY,1.0,4099.83,4099.83,4099.83,0.0,26.64,0.0,0.0,red_box_edge::red_edge_2,MODE_B_EMA_CHANNEL_DIRECTION_HEAVY,4099.83,26.64,0.0,0.0,red_box_edge::red_edge_2,MODE_B_EMA_CHANNEL_DIRECTION_HEAVY,LEVEL_ONLY,57.177551,1.0,4099.83,4099.83,4099.83,0.0,26.64,0.0,0.0,red_box_edge::red_edge_2,0.0,0.0,0.0,ORACLE_GT10_CANDIDATE_GENERATION_FAIL,CANDIDATE_GENERATION_FAILURE_GT10,0.0,0.0,0.0,0.0,0.0,1.0
2025-11-28,2025-11-27,L4,RANGE_COMPRESSED_0_60,CLOSE_POS_MIDDLE_THIRD,ROWS_STANDARD_9_10,4157.37,PREV_CLOSE_PROXY,,NEUTRAL,4169.5,10.0,5.0,MODE_C_BALANCED,1.0,4161.7525,4161.7525,4161.7525,0.0,7.7475,0.0,0.0,red_box_quarter::red_box_1_25pct,MODE_C_BALANCED,4161.7525,7.7475,0.0,0.0,red_box_quarter::red_box_1_25pct,MODE_A_LIVE_PROXIMITY_HEAVY,LEVEL_ONLY,61.85411,1.0,4161.7525,4161.7525,4161.7525,0.0,7.7475,0.0,0.0,red_box_quarter::red_box_1_25pct,0.0,0.0,0.0,ORACLE_WITHIN_10,ORACLE_ONLY_REDUCES_ERROR_NOT_WITHIN_5,0.0,0.0,0.0,0.0,0.0,0.0
2025-11-28,2025-11-27,L5,RANGE_COMPRESSED_0_60,CLOSE_POS_MIDDLE_THIRD,ROWS_STANDARD_9_10,4157.37,PREV_CLOSE_PROXY,,NEUTRAL,4139.9,10.0,5.0,MODE_D_NEAREST_VALID_LADDER,2.0,4151.386658,4151.386658,4151.386658,0.0,11.486658,0.0,0.0,prior_range_fraction::prev_range_0.333333,MODE_C_BALANCED,4162.245,22.345,0.0,0.0,prior_range_fraction::prev_range_0.75,MODE_A_LIVE_PROXIMITY_HEAVY,LEVEL_ONLY,64.810927,1.0,4162.245,4162.245,4162.245,0.0,22.345,0.0,0.0,prior_range_fraction::prev_range_0.75,10.858342,0.0,10.858342,ORACLE_GT10_CANDIDATE_GENERATION_FAIL,CANDIDATE_GENERATION_FAILURE_GT10,0.0,0.0,0.0,0.0,0.0,1.0
2025-11-28,2025-11-27,L6,RANGE_COMPRESSED_0_60,CLOSE_POS_MIDDLE_THIRD,ROWS_STANDARD_9_10,4157.37,PREV_CLOSE_PROXY,,NEUTRAL,4110.09,10.0,5.0,MODE_B_EMA_CHANNEL_DIRECTION_HEAVY,2.0,4126.715,4126.715,4126.715,0.0,16.625,0.0,0.0,red_box_midline::red_mid_2,MODE_C_BALANCED,4142.7,32.61,0.0,0.0,prior_hlc::previous_low,MODE_A_LIVE_PROXIMITY_HEAVY,LEVEL_ONLY,63.043768,1.0,4142.7,4142.7,4142.7,0.0,32.61,0.0,0.0,prior_hlc::previous_low,15.985,0.0,15.985,ORACLE_GT10_CANDIDATE_GENERATION_FAIL,CANDIDATE_GENERATION_FAILURE_GT10,0.0,0.0,0.0,0.0,0.0,1.0
2025-11-28,2025-11-27,L7,RANGE_COMPRESSED_0_60,CLOSE_POS_MIDDLE_THIRD,ROWS_STANDARD_9_10,4157.37,PREV_CLOSE_PROXY,,NEUTRAL,4078.58,5.0,5.0,MODE_B_EMA_CHANNEL_DIRECTION_HEAVY,1.0,4112.7,4112.7,4112.7,0.0,34.12,0.0,0.0,red_box_edge::red_edge_2,MODE_B_EMA_CHANNEL_DIRECTION_HEAVY,4112.7,34.12,0.0,0.0,red_box_edge::red_edge_2,MODE_B_EMA_CHANNEL_DIRECTION_HEAVY,LEVEL_ONLY,56.698927,1.0,4112.7,4112.7,4112.7,0.0,34.12,0.0,0.0,red_box_edge::red_edge_2,0.0,0.0,0.0,ORACLE_GT10_CANDIDATE_GENERATION_FAIL,CANDIDATE_GENERATION_FAILURE_GT10,0.0,0.0,0.0,0.0,0.0,1.0
2025-12-01,2025-11-28,L4,RANGE_NORMAL_60_120,CLOSE_POS_UPPER_THIRD,ROWS_STANDARD_9_10,4219.51,PREV_CLOSE_PROXY,,NEUTRAL,4237.83,25.0,5.0,MODE_B_EMA_CHANNEL_DIRECTION_HEAVY,1.0,4244.0675,4244.0675,4244.0675,0.0,6.2375,0.0,0.0,green_box_quarter::green_box_2_75pct,MODE_B_EMA_CHANNEL_DIRECTION_HEAVY,4244.0675,6.2375,0.0,0.0,green_box_quarter::green_box_2_75pct,MODE_B_EMA_CHANNEL_DIRECTION_HEAVY,REGIME_LEVEL_EXACT,39.323042,1.0,4244.0675,4244.0675,4244.0675,0.0,6.2375,0.0,0.0,green_box_quarter::green_box_2_75pct,0.0,0.0,0.0,ORACLE_WITHIN_10,ORACLE_ONLY_REDUCES_ERROR_NOT_WITHIN_5,0.0,0.0,0.0,0.0,0.0,0.0
2025-12-01,2025-11-28,L5,RANGE_NORMAL_60_120,CLOSE_POS_UPPER_THIRD,ROWS_STANDARD_9_10,4219.51,PREV_CLOSE_PROXY,,NEUTRAL,4209.18,15.0,5.0,MODE_C_BALANCED,2.0,4215.9425,4214.0675,4217.8175,3.75,6.7625,0.0,0.0,red_box_quarter::red_box_1_25pct | prior_range_fraction::prev_range_0.875,MODE_D_NEAREST_VALID_LADDER,4231.255,22.075,0.0,0.0,green_box_midline::green_mid_2,MODE_A_LIVE_PROXIMITY_HEAVY,REGIME_LEVEL_EXACT,49.425542,1.0,4231.255,4231.255,4231.255,0.0,22.075,0.0,0.0,green_box_midline::green_mid_2,15.3125,0.0,15.3125,ORACLE_WITHIN_10,ORACLE_ONLY_REDUCES_ERROR_NOT_WITHIN_5,0.0,0.0,0.0,0.0,0.0,0.0
2025-12-01,2025-11-28,L6,RANGE_NORMAL_60_120,CLOSE_POS_UPPER_THIRD,ROWS_STANDARD_9_10,4219.51,PREV_CLOSE_PROXY,,NEUTRAL,4188.77,20.0,5.0,MODE_C_BALANCED,2.0,4192.8175,4192.8175,4192.8175,0.0,4.0475,0.0,1.0,green_box_quarter::green_box_1_75pct,MODE_C_BALANCED,4200.755833,11.985833,0.0,0.0,prior_hlc::previous_pivot_hlc3 | red_box_midline::red_mid_1,MODE_A_LIVE_PROXIMITY_HEAVY,REGIME_LEVEL_EXACT,43.035334,1.0,4200.755833,4200.256667,4201.255,0.998333,11.985833,0.0,0.0,prior_hlc::previous_pivot_hlc3 | red_box_midline::red_mid_1,7.938333,0.0,7.938333,ORACLE_WITHIN_5,CANDIDATE_RANKING_FAILURE_LOWER_RANK_CANDIDATE,0.0,1.0,1.0,0.0,1.0,0.0
2025-12-01,2025-11-28,L7,RANGE_NORMAL_60_120,CLOSE_POS_UPPER_THIRD,ROWS_STANDARD_9_10,4219.51,PREV_CLOSE_PROXY,,NEUTRAL,4164.44,20.0,5.0,MODE_B_EMA_CHANNEL_DIRECTION_HEAVY,1.0,4163.13,4162.8175,4163.4425,0.625,1.31,1.0,1.0,red_box_quarter::red_box_2_25pct | prior_range_fraction::prev_range_0.125,MODE_B_EMA_CHANNEL_DIRECTION_HEAVY,4163.13,1.31,1.0,1.0,red_box_quarter::red_box_2_25pct | prior_range_fraction::prev_range_0.125,MODE_B_EMA_CHANNEL_DIRECTION_HEAVY,REGIME_LEVEL_EXACT,50.855399,1.0,4163.13,4162.8175,4163.4425,0.625,1.31,1.0,1.0,red_box_quarter::red_box_2_25pct | prior_range_fraction::prev_range_0.125,0.0,0.0,0.0,ORACLE_WITHIN_3,ROUTER_ACCEPTABLE_WITHIN_5,1.0,1.0,0.0,0.0,0.0,0.0
2025-12-02,2025-12-01,L4,RANGE_COMPRESSED_0_60,CLOSE_POS_MIDDLE_THIRD,ROWS_SPARSE_1_8,4232.12,PREV_CLOSE_PROXY,,NEUTRAL,4229.6,5.0,5.0,MODE_C_BALANCED,1.0,4241.97616,4241.97616,4241.97616,0.0,12.37616,0.0,0.0,prior_range_fraction::prev_range_0.618,MODE_C_BALANCED,4241.97616,12.37616,0.0,0.0,prior_range_fraction::prev_range_0.618,MODE_A_LIVE_PROXIMITY_HEAVY,LEVEL_ONLY,62.002799,1.0,4241.97616,4241.97616,4241.97616,0.0,12.37616,0.0,0.0,prior_range_fraction::prev_range_0.618,0.0,0.0,0.0,ORACLE_GT10_CANDIDATE_GENERATION_FAIL,CANDIDATE_GENERATION_FAILURE_GT10,0.0,0.0,0.0,0.0,0.0,1.0
2025-12-02,2025-12-01,L5,RANGE_COMPRESSED_0_60,CLOSE_POS_MIDDLE_THIRD,ROWS_SPARSE_1_8,4232.12,PREV_CLOSE_PROXY,,NEUTRAL,4209.81,5.0,5.0,MODE_A_LIVE_PROXIMITY_HEAVY,1.0,4208.86,4208.86,4208.86,0.0,0.95,1.0,1.0,red_box_quarter::red_box_2_25pct,MODE_A_LIVE_PROXIMITY_HEAVY,4208.86,0.95,1.0,1.0,red_box_quarter::red_box_2_25pct,MODE_A_LIVE_PROXIMITY_HEAVY,LEVEL_ONLY,64.111581,1.0,4208.86,4208.86,4208.86,0.0,0.95,1.0,1.0,red_box_quarter::red_box_2_25pct,0.0,0.0,0.0,ORACLE_WITHIN_3,ROUTER_ACCEPTABLE_WITHIN_5,1.0,1.0,0.0,0.0,0.0,0.0
2025-12-02,2025-12-01,L6,RANGE_COMPRESSED_0_60,CLOSE_POS_MIDDLE_THIRD,ROWS_SPARSE_1_8,4232.12,PREV_CLOSE_PROXY,,NEUTRAL,4187.32,5.0,5.0,MODE_B_EMA_CHANNEL_DIRECTION_HEAVY,1.0,4175.44,4175.44,4175.44,0.0,11.88,0.0,0.0,red_box_edge::red_edge_2,MODE_B_EMA_CHANNEL_DIRECTION_HEAVY,4175.44,11.88,0.0,0.0,red_box_edge::red_edge_2,MODE_A_LIVE_PROXIMITY_HEAVY,LEVEL_ONLY,62.726128,1.0,4175.44,4175.44,4175.44,0.0,11.88,0.0,0.0,red_box_edge::red_edge_2,0.0,0.0,0.0,ORACLE_GT10_CANDIDATE_GENERATION_FAIL,CANDIDATE_GENERATION_FAILURE_GT10,0.0,0.0,0.0,0.0,0.0,1.0
2025-12-02,2025-12-01,L7,RANGE_COMPRESSED_0_60,CLOSE_POS_MIDDLE_THIRD,ROWS_SPARSE_1_8,4232.12,PREV_CLOSE_PROXY,,NEUTRAL,4167.18,5.0,5.0,MODE_B_EMA_CHANNEL_DIRECTION_HEAVY,1.0,4142.02,4142.02,4142.02,0.0,25.16,0.0,0.0,red_box_quarter::red_box_3_75pct,MODE_B_EMA_CHANNEL_DIRECTION_HEAVY,4142.02,25.16,0.0,0.0,red_box_quarter::red_box_3_75pct,MODE_B_EMA_CHANNEL_DIRECTION_HEAVY,LEVEL_ONLY,57.155535,1.0,4142.02,4142.02,4142.02,0.0,25.16,0.0,0.0,red_box_quarter::red_box_3_75pct,0.0,0.0,0.0,ORACLE_GT10_CANDIDATE_GENERATION_FAIL,CANDIDATE_GENERATION_FAILURE_GT10,0.0,0.0,0.0,0.0,0.0,1.0
2025-12-03,2025-12-02,L4,RANGE_NORMAL_60_120,CLOSE_POS_MIDDLE_THIRD,ROWS_STANDARD_9_10,4205.64,PREV_CLOSE_PROXY,,NEUTRAL,4233.23,20.0,5.0,MODE_E_SPACING_PRESERVATION,1.0,4238.185,4235.98,4240.39,4.41,4.955,0.0,1.0,prior_hlc::previous_high | green_box_midline::green_mid_2,MODE_E_SPACING_PRESERVATION,4238.185,4.955,0.0,1.0,prior_hlc::previous_high | green_box_midline::green_mid_2,MODE_A_LIVE_PROXIMITY_HEAVY,REGIME_LEVEL_EXACT,37.585958,1.0,4238.185,4235.98,4240.39,4.41,4.955,0.0,1.0,prior_hlc::previous_high | green_box_midline::green_mid_2,0.0,0.0,0.0,ORACLE_WITHIN_5,ROUTER_ACCEPTABLE_WITHIN_5,0.0,1.0,0.0,0.0,0.0,0.0
2025-12-03,2025-12-02,L5,RANGE_NORMAL_60_120,CLOSE_POS_MIDDLE_THIRD,ROWS_STANDARD_9_10,4205.64,PREV_CLOSE_PROXY,,NEUTRAL,4213.24,15.0,5.0,MODE_C_BALANCED,1.0,4216.345,4214.8,4217.89,3.09,3.105,0.0,1.0,green_box_edge::green_edge_1 | prior_range_fraction::prev_range_0.75,MODE_C_BALANCED,4216.345,3.105,0.0,1.0,green_box_edge::green_edge_1 | prior_range_fraction::prev_range_0.75,MODE_A_LIVE_PROXIMITY_HEAVY,REGIME_LEVEL_EXACT,39.283042,1.0,4216.345,4214.8,4217.89,3.09,3.105,0.0,1.0,green_box_edge::green_edge_1 | prior_range_fraction::prev_range_0.75,0.0,0.0,0.0,ORACLE_WITHIN_5,ROUTER_ACCEPTABLE_WITHIN_5,0.0,1.0,0.0,0.0,0.0,0.0
2025-12-03,2025-12-02,L6,RANGE_NORMAL_60_120,CLOSE_POS_MIDDLE_THIRD,ROWS_STANDARD_9_10,4205.64,PREV_CLOSE_PROXY,,NEUTRAL,4192.7,15.0,5.0,MODE_C_BALANCED,1.0,4185.46,4181.71,4189.21,7.5,7.24,0.0,0.0,prior_range_fraction::prev_range_0.25 | red_box_edge::red_edge_1 | green_box_midline::green_mid_1,MODE_C_BALANCED,4185.46,7.24,0.0,0.0,prior_range_fraction::prev_range_0.25 | red_box_edge::red_edge_1 | green_box_midline::green_mid_1,MODE_A_LIVE_PROXIMITY_HEAVY,REGIME_LEVEL_EXACT,48.06575,1.0,4185.46,4181.71,4189.21,7.5,7.24,0.0,0.0,prior_range_fraction::prev_range_0.25 | red_box_edge::red_edge_1 | green_box_midline::green_mid_1,0.0,0.0,0.0,ORACLE_WITHIN_10,ORACLE_ONLY_REDUCES_ERROR_NOT_WITHIN_5,0.0,0.0,0.0,0.0,0.0,0.0
2025-12-03,2025-12-02,L7,RANGE_NORMAL_60_120,CLOSE_POS_MIDDLE_THIRD,ROWS_STANDARD_9_10,4205.64,PREV_CLOSE_PROXY,,NEUTRAL,4170.01,20.0,5.0,MODE_C_BALANCED,1.0,4172.005,4172.005,4172.005,0.0,1.995,1.0,1.0,red_box_quarter::red_box_2_25pct,MODE_C_BALANCED,4172.005,1.995,1.0,1.0,red_box_quarter::red_box_2_25pct,MODE_A_LIVE_PROXIMITY_HEAVY,REGIME_LEVEL_EXACT,21.442375,1.0,4172.005,4172.005,4172.005,0.0,1.995,1.0,1.0,red_box_quarter::red_box_2_25pct,0.0,0.0,0.0,ORACLE_WITHIN_3,ROUTER_ACCEPTABLE_WITHIN_5,1.0,1.0,0.0,0.0,0.0,0.0
2025-12-04,2025-12-03,L4,RANGE_COMPRESSED_0_60,CLOSE_POS_LOWER_THIRD,ROWS_SPARSE_1_8,4202.98,PREV_CLOSE_PROXY,,NEUTRAL,4205.73,5.0,5.0,MODE_C_BALANCED,1.0,4223.465,4223.465,4223.465,0.0,17.735,0.0,0.0,green_box_quarter::green_box_1_75pct,MODE_C_BALANCED,4223.465,17.735,0.0,0.0,green_box_quarter::green_box_1_75pct,MODE_A_LIVE_PROXIMITY_HEAVY,LEVEL_ONLY,62.551472,1.0,4223.465,4223.465,4223.465,0.0,17.735,0.0,0.0,green_box_quarter::green_box_1_75pct,0.0,0.0,0.0,ORACLE_GT10_CANDIDATE_GENERATION_FAIL,CANDIDATE_GENERATION_FAILURE_GT10,0.0,0.0,0.0,0.0,0.0,1.0
2025-12-04,2025-12-03,L5,RANGE_COMPRESSED_0_60,CLOSE_POS_LOWER_THIRD,ROWS_SPARSE_1_8,4202.98,PREV_CLOSE_PROXY,,NEUTRAL,4188.05,5.0,5.0,MODE_A_LIVE_PROXIMITY_HEAVY,1.0,4193.465,4193.465,4193.465,0.0,5.415,0.0,0.0,red_box_quarter::red_box_2_25pct,MODE_A_LIVE_PROXIMITY_HEAVY,4193.465,5.415,0.0,0.0,red_box_quarter::red_box_2_25pct,MODE_A_LIVE_PROXIMITY_HEAVY,LEVEL_ONLY,65.683556,1.0,4193.465,4193.465,4193.465,0.0,5.415,0.0,0.0,red_box_quarter::red_box_2_25pct,0.0,0.0,0.0,ORACLE_WITHIN_10,ORACLE_ONLY_REDUCES_ERROR_NOT_WITHIN_5,0.0,0.0,0.0,0.0,0.0,0.0
2025-12-04,2025-12-03,L6,RANGE_COMPRESSED_0_60,CLOSE_POS_LOWER_THIRD,ROWS_SPARSE_1_8,4202.98,PREV_CLOSE_PROXY,,NEUTRAL,4167.92,5.0,5.0,MODE_D_NEAREST_VALID_LADDER,1.0,4174.195,4174.195,4174.195,0.0,6.275,0.0,0.0,red_box_quarter::red_box_2_75pct,MODE_D_NEAREST_VALID_LADDER,4174.195,6.275,0.0,0.0,red_box_quarter::red_box_2_75pct,MODE_A_LIVE_PROXIMITY_HEAVY,LEVEL_ONLY,62.765972,1.0,4174.195,4174.195,4174.195,0.0,6.275,0.0,0.0,red_box_quarter::red_box_2_75pct,0.0,0.0,0.0,ORACLE_WITHIN_10,ORACLE_ONLY_REDUCES_ERROR_NOT_WITHIN_5,0.0,0.0,0.0,0.0,0.0,0.0
2025-12-04,2025-12-03,L7,RANGE_COMPRESSED_0_60,CLOSE_POS_LOWER_THIRD,ROWS_SPARSE_1_8,4202.98,PREV_CLOSE_PROXY,,NEUTRAL,4144.41,5.0,5.0,MODE_B_EMA_CHANNEL_DIRECTION_HEAVY,1.0,4145.29,4145.29,4145.29,0.0,0.88,1.0,1.0,red_box_midline::red_mid_3,MODE_B_EMA_CHANNEL_DIRECTION_HEAVY,4145.29,0.88,1.0,1.0,red_box_midline::red_mid_3,MODE_B_EMA_CHANNEL_DIRECTION_HEAVY,LEVEL_ONLY,58.459556,1.0,4145.29,4145.29,4145.29,0.0,0.88,1.0,1.0,red_box_midline::red_mid_3,0.0,0.0,0.0,ORACLE_WITHIN_3,ROUTER_ACCEPTABLE_WITHIN_5,1.0,1.0,0.0,0.0,0.0,0.0
2025-12-05,2025-12-04,L4,RANGE_COMPRESSED_0_60,CLOSE_POS_UPPER_THIRD,ROWS_SPARSE_1_8,4208.64,PREV_CLOSE_PROXY,,NEUTRAL,4205.56,5.0,5.0,MODE_C_BALANCED,1.0,4202.011459,4201.056667,4202.96625,1.909583,3.548542,0.0,1.0,prior_hlc::previous_pivot_hlc3 | green_box_quarter::green_box_1_75pct,MODE_C_BALANCED,4202.011459,3.548542,0.0,1.0,prior_hlc::previous_pivot_hlc3 | green_box_quarter::green_box_1_75pct,MODE_A_LIVE_PROXIMITY_HEAVY,LEVEL_ONLY,62.404144,1.0,4202.011459,4201.056667,4202.96625,1.909583,3.548542,0.0,1.0,prior_hlc::previous_pivot_hlc3 | green_box_quarter::green_box_1_75pct,0.0,0.0,0.0,ORACLE_WITHIN_5,ROUTER_ACCEPTABLE_WITHIN_5,0.0,1.0,0.0,0.0,0.0,0.0
2025-12-05,2025-12-04,L5,RANGE_COMPRESSED_0_60,CLOSE_POS_UPPER_THIRD,ROWS_SPARSE_1_8,4208.64,PREV_CLOSE_PROXY,,NEUTRAL,4183.25,5.0,5.0,MODE_C_BALANCED,1.0,4185.268125,4184.36875,4186.1675,1.79875,2.018125,1.0,1.0,green_box_quarter::green_box_1_25pct | prior_range_fraction::prev_range_0.25,MODE_C_BALANCED,4185.268125,2.018125,1.0,1.0,green_box_quarter::green_box_1_25pct | prior_range_fraction::prev_range_0.25,MODE_A_LIVE_PROXIMITY_HEAVY,LEVEL_ONLY,65.87369,1.0,4185.268125,4184.36875,4186.1675,1.79875,2.018125,1.0,1.0,green_box_quarter::green_box_1_25pct | prior_range_fraction::prev_range_0.25,0.0,0.0,0.0,ORACLE_WITHIN_3,ROUTER_ACCEPTABLE_WITHIN_5,1.0,1.0,0.0,0.0,0.0,0.0
2025-12-05,2025-12-04,L6,RANGE_COMPRESSED_0_60,CLOSE_POS_UPPER_THIRD,ROWS_SPARSE_1_8,4208.64,PREV_CLOSE_PROXY,,NEUTRAL,4164.02,5.0,5.0,MODE_B_EMA_CHANNEL_DIRECTION_HEAVY,1.0,4163.6675,4163.6675,4163.6675,0.0,0.3525,1.0,1.0,red_box_midline::red_mid_2,MODE_B_EMA_CHANNEL_DIRECTION_HEAVY,4163.6675,0.3525,1.0,1.0,red_box_midline::red_mid_2,MODE_A_LIVE_PROXIMITY_HEAVY,LEVEL_ONLY,63.229207,1.0,4163.6675,4163.6675,4163.6675,0.0,0.3525,1.0,1.0,red_box_midline::red_mid_2,0.0,0.0,0.0,ORACLE_WITHIN_3,ROUTER_ACCEPTABLE_WITHIN_5,1.0,1.0,0.0,0.0,0.0,0.0
2025-12-05,2025-12-04,L7,RANGE_COMPRESSED_0_60,CLOSE_POS_UPPER_THIRD,ROWS_SPARSE_1_8,4208.64,PREV_CLOSE_PROXY,,NEUTRAL,4143.27,5.0,5.0,MODE_B_EMA_CHANNEL_DIRECTION_HEAVY,1.0,4145.07,4145.07,4145.07,0.0,1.8,1.0,1.0,red_box_edge::red_edge_2,MODE_B_EMA_CHANNEL_DIRECTION_HEAVY,4145.07,1.8,1.0,1.0,red_box_edge::red_edge_2,MODE_B_EMA_CHANNEL_DIRECTION_HEAVY,LEVEL_ONLY,59.277861,1.0,4145.07,4145.07,4145.07,0.0,1.8,1.0,1.0,red_box_edge::red_edge_2,0.0,0.0,0.0,ORACLE_WITHIN_3,ROUTER_ACCEPTABLE_WITHIN_5,1.0,1.0,0.0,0.0,0.0,0.0
2025-12-08,2025-12-05,L4,RANGE_NORMAL_60_120,CLOSE_POS_LOWER_THIRD,ROWS_SPARSE_1_8,4199.09,PREV_CLOSE_PROXY,,NEUTRAL,4209.43,10.0,5.0,MODE_C_BALANCED,2.0,4233.6205,4233.6205,4233.6205,0.0,24.1905,0.0,0.0,prior_range_fraction::prev_range_0.618,MODE_C_BALANCED,4240.685,31.255,0.0,0.0,green_box_edge::green_edge_1,MODE_A_LIVE_PROXIMITY_HEAVY,LEVEL_ONLY,63.031378,1.0,4240.685,4240.685,4240.685,0.0,31.255,0.0,0.0,green_box_edge::green_edge_1,7.0645,0.0,7.0645,ORACLE_GT10_CANDIDATE_GENERATION_FAIL,CANDIDATE_GENERATION_FAILURE_GT10,0.0,0.0,0.0,0.0,0.0,1.0
2025-12-08,2025-12-05,L5,RANGE_NORMAL_60_120,CLOSE_POS_LOWER_THIRD,ROWS_SPARSE_1_8,4199.09,PREV_CLOSE_PROXY,,NEUTRAL,4188.47,5.0,5.0,MODE_C_BALANCED,1.0,4206.544375,4204.21625,4208.8725,4.65625,18.074375,0.0,0.0,green_box_quarter::green_box_1_25pct | prior_range_fraction::prev_range_0.25,MODE_C_BALANCED,4206.544375,18.074375,0.0,0.0,green_box_quarter::green_box_1_25pct | prior_range_fraction::prev_range_0.25,MODE_A_LIVE_PROXIMITY_HEAVY,LEVEL_ONLY,66.81642,1.0,4206.544375,4204.21625,4208.8725,4.65625,18.074375,0.0,0.0,green_box_quarter::green_box_1_25pct | prior_range_fraction::prev_range_0.25,0.0,0.0,0.0,ORACLE_GT10_CANDIDATE_GENERATION_FAIL,CANDIDATE_GENERATION_FAILURE_GT10,0.0,0.0,0.0,0.0,0.0,1.0
2025-12-08,2025-12-05,L6,RANGE_NORMAL_60_120,CLOSE_POS_LOWER_THIRD,ROWS_SPARSE_1_8,4199.09,PREV_CLOSE_PROXY,,NEUTRAL,4168.88,5.0,5.0,MODE_D_NEAREST_VALID_LADDER,1.0,4174.21625,4174.21625,4174.21625,0.0,5.33625,0.0,0.0,red_box_quarter::red_box_2_75pct,MODE_D_NEAREST_VALID_LADDER,4174.21625,5.33625,0.0,0.0,red_box_quarter::red_box_2_75pct,MODE_A_LIVE_PROXIMITY_HEAVY,LEVEL_ONLY,64.442878,1.0,4174.21625,4174.21625,4174.21625,0.0,5.33625,0.0,0.0,red_box_quarter::red_box_2_75pct,0.0,0.0,0.0,ORACLE_WITHIN_10,ORACLE_ONLY_REDUCES_ERROR_NOT_WITHIN_5,0.0,0.0,0.0,0.0,0.0,0.0
2025-12-08,2025-12-05,L7,RANGE_NORMAL_60_120,CLOSE_POS_LOWER_THIRD,ROWS_SPARSE_1_8,4199.09,PREV_CLOSE_PROXY,,NEUTRAL,4144.37,5.0,5.0,MODE_B_EMA_CHANNEL_DIRECTION_HEAVY,1.0,4149.90375,4149.90375,4149.90375,0.0,5.53375,0.0,0.0,red_box_quarter::red_box_3_25pct,MODE_B_EMA_CHANNEL_DIRECTION_HEAVY,4149.90375,5.53375,0.0,0.0,red_box_quarter::red_box_3_25pct,MODE_B_EMA_CHANNEL_DIRECTION_HEAVY,LEVEL_ONLY,60.071703,1.0,4149.90375,4149.90375,4149.90375,0.0,5.53375,0.0,0.0,red_box_quarter::red_box_3_25pct,0.0,0.0,0.0,ORACLE_WITHIN_10,ORACLE_ONLY_REDUCES_ERROR_NOT_WITHIN_5,0.0,0.0,0.0,0.0,0.0,0.0
2025-12-09,2025-12-08,L4,RANGE_COMPRESSED_0_60,CLOSE_POS_MIDDLE_THIRD,ROWS_SPARSE_1_8,4190.56,PREV_CLOSE_PROXY,,NEUTRAL,4214.14,10.0,5.0,MODE_C_BALANCED,1.0,4202.59804,4202.59804,4202.59804,0.0,11.54196,0.0,0.0,prior_range_fraction::prev_range_0.618,MODE_C_BALANCED,4202.59804,11.54196,0.0,0.0,prior_range_fraction::prev_range_0.618,MODE_A_LIVE_PROXIMITY_HEAVY,LEVEL_ONLY,62.879687,1.0,4202.59804,4202.59804,4202.59804,0.0,11.54196,0.0,0.0,prior_range_fraction::prev_range_0.618,0.0,0.0,0.0,ORACLE_GT10_CANDIDATE_GENERATION_FAIL,CANDIDATE_GENERATION_FAILURE_GT10,0.0,0.0,0.0,0.0,0.0,1.0
2025-12-09,2025-12-08,L5,RANGE_COMPRESSED_0_60,CLOSE_POS_MIDDLE_THIRD,ROWS_SPARSE_1_8,4190.56,PREV_CLOSE_PROXY,,NEUTRAL,4191.11,5.0,5.0,MODE_A_LIVE_PROXIMITY_HEAVY,1.0,4173.4525,4173.4525,4173.4525,0.0,17.6575,0.0,0.0,red_box_quarter::red_box_2_25pct,MODE_A_LIVE_PROXIMITY_HEAVY,4173.4525,17.6575,0.0,0.0,red_box_quarter::red_box_2_25pct,MODE_A_LIVE_PROXIMITY_HEAVY,LEVEL_ONLY,66.254125,1.0,4173.4525,4173.4525,4173.4525,0.0,17.6575,0.0,0.0,red_box_quarter::red_box_2_25pct,0.0,0.0,0.0,ORACLE_GT10_CANDIDATE_GENERATION_FAIL,CANDIDATE_GENERATION_FAILURE_GT10,0.0,0.0,0.0,0.0,0.0,1.0
2025-12-09,2025-12-08,L6,RANGE_COMPRESSED_0_60,CLOSE_POS_MIDDLE_THIRD,ROWS_SPARSE_1_8,4190.56,PREV_CLOSE_PROXY,,NEUTRAL,4169.53,10.0,5.0,MODE_B_EMA_CHANNEL_DIRECTION_HEAVY,1.0,4155.2575,4155.2575,4155.2575,0.0,14.2725,0.0,0.0,red_box_quarter::red_box_2_75pct,MODE_B_EMA_CHANNEL_DIRECTION_HEAVY,4155.2575,14.2725,0.0,0.0,red_box_quarter::red_box_2_75pct,MODE_A_LIVE_PROXIMITY_HEAVY,LEVEL_ONLY,64.337125,1.0,4155.2575,4155.2575,4155.2575,0.0,14.2725,0.0,0.0,red_box_quarter::red_box_2_75pct,0.0,0.0,0.0,ORACLE_GT10_CANDIDATE_GENERATION_FAIL,CANDIDATE_GENERATION_FAILURE_GT10,0.0,0.0,0.0,0.0,0.0,1.0
2025-12-09,2025-12-08,L7,RANGE_COMPRESSED_0_60,CLOSE_POS_MIDDLE_THIRD,ROWS_SPARSE_1_8,4190.56,PREV_CLOSE_PROXY,,NEUTRAL,4149.41,10.0,5.0,MODE_C_BALANCED,1.0,4137.0625,4137.0625,4137.0625,0.0,12.3475,0.0,0.0,red_box_quarter::red_box_3_25pct,MODE_C_BALANCED,4137.0625,12.3475,0.0,0.0,red_box_quarter::red_box_3_25pct,MODE_B_EMA_CHANNEL_DIRECTION_HEAVY,LEVEL_ONLY,60.718968,1.0,4118.8675,4118.8675,4118.8675,0.0,30.5425,0.0,0.0,red_box_quarter::red_box_3_75pct,18.195,18.195,0.0,ORACLE_GT10_CANDIDATE_GENERATION_FAIL,CANDIDATE_GENERATION_FAILURE_GT10,0.0,0.0,0.0,0.0,0.0,1.0
2025-12-10,2025-12-09,L4,RANGE_COMPRESSED_0_60,CLOSE_POS_UPPER_THIRD,ROWS_SPARSE_1_8,4208.1,PREV_CLOSE_PROXY,,NEUTRAL,4215.84,5.0,5.0,MODE_C_BALANCED,1.0,4202.021675,4199.82,4204.22335,4.40335,13.818325,0.0,0.0,prior_hlc::previous_pivot_hlc3 | green_box_quarter::green_box_1_75pct | prior_range_fraction::prev_range_0.666667,MODE_C_BALANCED,4202.021675,13.818325,0.0,0.0,prior_hlc::previous_pivot_hlc3 | green_box_quarter::green_box_1_75pct | prior_range_fraction::prev_range_0.666667,MODE_A_LIVE_PROXIMITY_HEAVY,LEVEL_ONLY,62.757821,1.0,4202.021675,4199.82,4204.22335,4.40335,13.818325,0.0,0.0,prior_hlc::previous_pivot_hlc3 | green_box_quarter::green_box_1_75pct | prior_range_fraction::prev_range_0.666667,0.0,0.0,0.0,ORACLE_GT10_CANDIDATE_GENERATION_FAIL,CANDIDATE_GENERATION_FAILURE_GT10,0.0,0.0,0.0,0.0,0.0,1.0
2025-12-10,2025-12-09,L5,RANGE_COMPRESSED_0_60,CLOSE_POS_UPPER_THIRD,ROWS_SPARSE_1_8,4208.1,PREV_CLOSE_PROXY,,NEUTRAL,4194.44,5.0,5.0,MODE_C_BALANCED,1.0,4181.53625,4180.2075,4182.865,2.6575,12.90375,0.0,0.0,green_box_quarter::green_box_1_25pct | red_box_edge::red_edge_1 | prior_range_fraction::prev_range_0.25,MODE_C_BALANCED,4181.53625,12.90375,0.0,0.0,green_box_quarter::green_box_1_25pct | red_box_edge::red_edge_1 | prior_range_fraction::prev_range_0.25,MODE_A_LIVE_PROXIMITY_HEAVY,LEVEL_ONLY,65.699429,1.0,4181.53625,4180.2075,4182.865,2.6575,12.90375,0.0,0.0,green_box_quarter::green_box_1_25pct | red_box_edge::red_edge_1 | prior_range_fraction::prev_range_0.25,0.0,0.0,0.0,ORACLE_GT10_CANDIDATE_GENERATION_FAIL,CANDIDATE_GENERATION_FAILURE_GT10,0.0,0.0,0.0,0.0,0.0,1.0
2025-12-10,2025-12-09,L6,RANGE_COMPRESSED_0_60,CLOSE_POS_UPPER_THIRD,ROWS_SPARSE_1_8,4208.1,PREV_CLOSE_PROXY,,NEUTRAL,4173.28,5.0,5.0,MODE_B_EMA_CHANNEL_DIRECTION_HEAVY,1.0,4160.365,4160.365,4160.365,0.0,12.915,0.0,0.0,red_box_midline::red_mid_2,MODE_B_EMA_CHANNEL_DIRECTION_HEAVY,4160.365,12.915,0.0,0.0,red_box_midline::red_mid_2,MODE_A_LIVE_PROXIMITY_HEAVY,LEVEL_ONLY,64.169321,1.0,4160.365,4160.365,4160.365,0.0,12.915,0.0,0.0,red_box_midline::red_mid_2,0.0,0.0,0.0,ORACLE_GT10_CANDIDATE_GENERATION_FAIL,CANDIDATE_GENERATION_FAILURE_GT10,0.0,0.0,0.0,0.0,0.0,1.0
2025-12-10,2025-12-09,L7,RANGE_COMPRESSED_0_60,CLOSE_POS_UPPER_THIRD,ROWS_SPARSE_1_8,4208.1,PREV_CLOSE_PROXY,,NEUTRAL,4152.33,5.0,5.0,MODE_B_EMA_CHANNEL_DIRECTION_HEAVY,1.0,4140.05,4140.05,4140.05,0.0,12.28,0.0,0.0,red_box_edge::red_edge_2,MODE_B_EMA_CHANNEL_DIRECTION_HEAVY,4140.05,12.28,0.0,0.0,red_box_edge::red_edge_2,MODE_C_BALANCED,LEVEL_ONLY,60.660179,1.0,4140.05,4140.05,4140.05,0.0,12.28,0.0,0.0,red_box_edge::red_edge_2,0.0,0.0,0.0,ORACLE_GT10_CANDIDATE_GENERATION_FAIL,CANDIDATE_GENERATION_FAILURE_GT10,0.0,0.0,0.0,0.0,0.0,1.0
2025-12-11,2025-12-10,L4,RANGE_COMPRESSED_0_60,CLOSE_POS_UPPER_THIRD,ROWS_SPARSE_1_8,4228.54,PREV_CLOSE_PROXY,,NEUTRAL,4212.52,10.0,5.0,MODE_C_BALANCED,2.0,4217.126468,4214.44625,4219.806686,5.360436,4.606468,0.0,1.0,green_box_quarter::green_box_1_75pct | prior_hlc::previous_pivot_hlc3 | prior_range_fraction::prev_range_0.666667,MODE_C_BALANCED,4231.67125,19.15125,0.0,0.0,prior_range_fraction::prev_range_0.875,MODE_A_LIVE_PROXIMITY_HEAVY,LEVEL_ONLY,62.819127,1.0,4231.67125,4231.67125,4231.67125,0.0,19.15125,0.0,0.0,prior_range_fraction::prev_range_0.875,14.544782,0.0,14.544782,ORACLE_WITHIN_5,CANDIDATE_RANKING_FAILURE_LOWER_RANK_CANDIDATE,0.0,1.0,1.0,0.0,1.0,0.0
2025-12-11,2025-12-10,L5,RANGE_COMPRESSED_0_60,CLOSE_POS_UPPER_THIRD,ROWS_SPARSE_1_8,4228.54,PREV_CLOSE_PROXY,,NEUTRAL,4192.13,10.0,5.0,MODE_C_BALANCED,2.0,4194.393125,4192.70875,4196.0775,3.36875,2.263125,1.0,1.0,green_box_quarter::green_box_1_25pct | red_box_edge::red_edge_1 | prior_range_fraction::prev_range_0.25,MODE_C_BALANCED,4210.315,18.185,0.0,0.0,prior_hlc::previous_mid,MODE_A_LIVE_PROXIMITY_HEAVY,LEVEL_ONLY,65.592875,1.0,4210.315,4210.315,4210.315,0.0,18.185,0.0,0.0,prior_hlc::previous_mid,15.921875,0.0,15.921875,ORACLE_WITHIN_3,CANDIDATE_RANKING_FAILURE_LOWER_RANK_CANDIDATE,1.0,1.0,1.0,0.0,1.0,0.0
2025-12-11,2025-12-10,L6,RANGE_COMPRESSED_0_60,CLOSE_POS_UPPER_THIRD,ROWS_SPARSE_1_8,4228.54,PREV_CLOSE_PROXY,,NEUTRAL,4173.9,10.0,5.0,MODE_B_EMA_CHANNEL_DIRECTION_HEAVY,2.0,4173.5775,4173.5775,4173.5775,0.0,0.3225,1.0,1.0,red_box_midline::red_mid_2,MODE_B_EMA_CHANNEL_DIRECTION_HEAVY,4184.44625,10.54625,0.0,0.0,red_box_quarter::red_box_2_25pct,MODE_A_LIVE_PROXIMITY_HEAVY,LEVEL_ONLY,63.795875,1.0,4184.44625,4184.44625,4184.44625,0.0,10.54625,0.0,0.0,red_box_quarter::red_box_2_25pct,10.22375,0.0,10.22375,ORACLE_WITHIN_3,CANDIDATE_RANKING_FAILURE_LOWER_RANK_CANDIDATE,1.0,1.0,1.0,0.0,1.0,0.0
2025-12-11,2025-12-10,L7,RANGE_COMPRESSED_0_60,CLOSE_POS_UPPER_THIRD,ROWS_SPARSE_1_8,4228.54,PREV_CLOSE_PROXY,,NEUTRAL,4154.37,10.0,5.0,MODE_B_EMA_CHANNEL_DIRECTION_HEAVY,1.0,4151.84,4151.84,4151.84,0.0,2.53,1.0,1.0,red_box_edge::red_edge_2,MODE_B_EMA_CHANNEL_DIRECTION_HEAVY,4151.84,2.53,1.0,1.0,red_box_edge::red_edge_2,MODE_C_BALANCED,LEVEL_ONLY,60.9065,1.0,4162.70875,4162.70875,4162.70875,0.0,8.33875,0.0,0.0,red_box_quarter::red_box_2_75pct,5.80875,5.80875,0.0,ORACLE_WITHIN_3,MODE_SELECTION_FAILURE,1.0,1.0,1.0,1.0,0.0,0.0
2025-12-12,2025-12-11,L4,RANGE_NORMAL_60_120,CLOSE_POS_UPPER_THIRD,ROWS_STANDARD_9_10,4279.59,PREV_CLOSE_PROXY,,NEUTRAL,4258.86,25.0,5.0,MODE_C_BALANCED,5.0,4265.5675,4265.5675,4265.5675,0.0,6.7075,0.0,0.0,prior_range_fraction::prev_range_0.75,MODE_C_BALANCED,4285.96,27.1,0.0,0.0,prior_hlc::previous_high,MODE_D_NEAREST_VALID_LADDER,REGIME_LEVEL_EXACT,41.217402,1.0,4315.96,4315.96,4315.96,0.0,57.1,0.0,0.0,green_box_edge::green_edge_2,50.3925,30.0,20.3925,ORACLE_WITHIN_10,ORACLE_ONLY_REDUCES_ERROR_NOT_WITHIN_5,0.0,0.0,0.0,0.0,0.0,0.0
2025-12-12,2025-12-11,L5,RANGE_NORMAL_60_120,CLOSE_POS_UPPER_THIRD,ROWS_STANDARD_9_10,4279.59,PREV_CLOSE_PROXY,,NEUTRAL,4245.23,15.0,5.0,MODE_C_BALANCED,2.0,4257.357084,4256.646667,4258.0675,1.420833,12.127084,0.0,0.0,prior_hlc::previous_pivot_hlc3 | red_box_midline::red_mid_1,MODE_D_NEAREST_VALID_LADDER,4288.0675,42.8375,0.0,0.0,green_box_midline::green_mid_2,MODE_A_LIVE_PROXIMITY_HEAVY,REGIME_LEVEL_EXACT,49.001856,1.0,4288.0675,4288.0675,4288.0675,0.0,42.8375,0.0,0.0,green_box_midline::green_mid_2,30.710416,0.0,30.710416,ORACLE_GT10_CANDIDATE_GENERATION_FAIL,CANDIDATE_GENERATION_FAILURE_GT10,0.0,0.0,0.0,0.0,0.0,1.0
2025-12-12,2025-12-11,L6,RANGE_NORMAL_60_120,CLOSE_POS_UPPER_THIRD,ROWS_STANDARD_9_10,4279.59,PREV_CLOSE_PROXY,,NEUTRAL,4231.66,15.0,5.0,MODE_C_BALANCED,3.0,4235.54974,4235.54974,4235.54974,0.0,3.88974,0.0,1.0,prior_range_fraction::prev_range_0.382,MODE_C_BALANCED,4245.175,13.515,0.0,0.0,red_box_quarter::red_box_1_75pct | green_box_quarter::green_box_1_75pct,MODE_A_LIVE_PROXIMITY_HEAVY,REGIME_LEVEL_EXACT,42.87672,1.0,4257.357084,4256.646667,4258.0675,1.420833,25.697084,0.0,0.0,prior_hlc::previous_pivot_hlc3 | red_box_midline::red_mid_1,21.807344,12.182084,9.62526,ORACLE_WITHIN_5,CANDIDATE_RANKING_FAILURE_LOWER_RANK_CANDIDATE,0.0,1.0,1.0,0.0,1.0,0.0
2025-12-12,2025-12-11,L7,RANGE_NORMAL_60_120,CLOSE_POS_UPPER_THIRD,ROWS_STANDARD_9_10,4279.59,PREV_CLOSE_PROXY,,NEUTRAL,4215.76,20.0,5.0,MODE_C_BALANCED,2.0,4215.4075,4214.58625,4216.22875,1.6425,0.3525,1.0,1.0,prior_range_fraction::prev_range_0.125 | red_box_quarter::red_box_2_25pct,MODE_C_BALANCED,4230.175,14.415,0.0,0.0,red_box_edge::red_edge_1,MODE_B_EMA_CHANNEL_DIRECTION_HEAVY,REGIME_LEVEL_EXACT,55.677888,1.0,4230.175,4230.175,4230.175,0.0,14.415,0.0,0.0,red_box_edge::red_edge_1,14.0625,0.0,14.0625,ORACLE_WITHIN_3,CANDIDATE_RANKING_FAILURE_LOWER_RANK_CANDIDATE,1.0,1.0,1.0,0.0,1.0,0.0
2025-12-15,2025-12-12,L4,RANGE_NORMAL_60_120,CLOSE_POS_MIDDLE_THIRD,ROWS_SPARSE_1_8,4299.72,PREV_CLOSE_PROXY,,NEUTRAL,4304.36,20.0,5.0,MODE_A_LIVE_PROXIMITY_HEAVY,4.0,4299.72,4299.72,4299.72,0.0,4.64,0.0,1.0,prior_hlc::previous_close,MODE_C_BALANCED,4352.85125,48.49125,0.0,0.0,green_box_midline::green_mid_2 | prior_hlc::previous_high,MODE_A_LIVE_PROXIMITY_HEAVY,REGIME_LEVEL_BROAD,42.835958,1.0,4352.85125,4352.1325,4353.57,1.4375,48.49125,0.0,0.0,green_box_midline::green_mid_2 | prior_hlc::previous_high,43.85125,0.0,43.85125,ORACLE_WITHIN_5,CANDIDATE_RANKING_FAILURE_LOWER_RANK_CANDIDATE,0.0,1.0,1.0,0.0,1.0,0.0
2025-12-15,2025-12-12,L5,RANGE_NORMAL_60_120,CLOSE_POS_MIDDLE_THIRD,ROWS_SPARSE_1_8,4299.72,PREV_CLOSE_PROXY,,NEUTRAL,4285.43,10.0,5.0,MODE_C_BALANCED,2.0,4305.058542,4303.703333,4306.41375,2.710417,19.628542,0.0,0.0,prior_hlc::previous_pivot_hlc3 | red_box_quarter::red_box_1_75pct,MODE_C_BALANCED,4319.323432,33.893432,0.0,0.0,prior_range_fraction::prev_range_0.618 | green_box_edge::green_edge_1 | prior_range_fraction::prev_range_0.666667,MODE_A_LIVE_PROXIMITY_HEAVY,REGIME_LEVEL_BROAD,46.318458,1.0,4319.323432,4316.9935,4321.653365,4.659865,33.893432,0.0,0.0,prior_range_fraction::prev_range_0.618 | green_box_edge::green_edge_1 | prior_range_fraction::prev_range_0.666667,14.26489,0.0,14.26489,ORACLE_GT10_CANDIDATE_GENERATION_FAIL,CANDIDATE_GENERATION_FAILURE_GT10,0.0,0.0,0.0,0.0,0.0,1.0
2025-12-15,2025-12-12,L6,RANGE_NORMAL_60_120,CLOSE_POS_MIDDLE_THIRD,ROWS_SPARSE_1_8,4299.72,PREV_CLOSE_PROXY,,NEUTRAL,4264.18,20.0,5.0,MODE_B_EMA_CHANNEL_DIRECTION_HEAVY,4.0,4259.2575,4259.2575,4259.2575,0.0,4.9225,0.0,1.0,red_box_midline::red_mid_2,MODE_C_BALANCED,4292.54575,28.36575,0.0,0.0,red_box_edge::red_edge_1 | prior_range_fraction::prev_range_0.382,MODE_A_LIVE_PROXIMITY_HEAVY,REGIME_LEVEL_BROAD,47.641833,1.0,4292.54575,4290.695,4294.3965,3.7015,28.36575,0.0,0.0,red_box_edge::red_edge_1 | prior_range_fraction::prev_range_0.382,23.44325,0.0,23.44325,ORACLE_WITHIN_5,CANDIDATE_RANKING_FAILURE_LOWER_RANK_CANDIDATE,0.0,1.0,1.0,0.0,1.0,0.0
2025-12-15,2025-12-12,L7,RANGE_NORMAL_60_120,CLOSE_POS_MIDDLE_THIRD,ROWS_SPARSE_1_8,4299.72,PREV_CLOSE_PROXY,,NEUTRAL,4244.2,20.0,5.0,MODE_D_NEAREST_VALID_LADDER,2.0,4243.53875,4243.53875,4243.53875,0.0,0.66125,1.0,1.0,red_box_quarter::red_box_2_75pct,MODE_D_NEAREST_VALID_LADDER,4257.82,13.62,0.0,0.0,prior_hlc::previous_low,MODE_A_LIVE_PROXIMITY_HEAVY,REGIME_LEVEL_BROAD,28.859833,1.0,4257.82,4257.82,4257.82,0.0,13.62,0.0,0.0,prior_hlc::previous_low,12.95875,0.0,12.95875,ORACLE_WITHIN_3,CANDIDATE_RANKING_FAILURE_LOWER_RANK_CANDIDATE,1.0,1.0,1.0,0.0,1.0,0.0
2025-12-16,2025-12-15,L4,RANGE_NORMAL_60_120,CLOSE_POS_LOWER_THIRD,ROWS_SPARSE_1_8,4304.91,PREV_CLOSE_PROXY,,NEUTRAL,4320.99,15.0,5.0,MODE_C_BALANCED,2.0,4325.50326,4325.50326,4325.50326,0.0,4.51326,0.0,1.0,prior_range_fraction::prev_range_0.618,MODE_C_BALANCED,4332.825,11.835,0.0,0.0,green_box_edge::green_edge_1,MODE_A_LIVE_PROXIMITY_HEAVY,LEVEL_ONLY,62.248521,1.0,4332.825,4332.825,4332.825,0.0,11.835,0.0,0.0,green_box_edge::green_edge_1,7.32174,0.0,7.32174,ORACLE_WITHIN_5,CANDIDATE_RANKING_FAILURE_LOWER_RANK_CANDIDATE,0.0,1.0,1.0,0.0,1.0,0.0
2025-12-16,2025-12-15,L5,RANGE_NORMAL_60_120,CLOSE_POS_LOWER_THIRD,ROWS_SPARSE_1_8,4304.91,PREV_CLOSE_PROXY,,NEUTRAL,4301.91,10.0,5.0,MODE_D_NEAREST_VALID_LADDER,1.0,4299.365625,4297.17375,4301.5575,4.38375,2.544375,1.0,1.0,green_box_quarter::green_box_1_25pct | prior_range_fraction::prev_range_0.25,MODE_D_NEAREST_VALID_LADDER,4299.365625,2.544375,1.0,1.0,green_box_quarter::green_box_1_25pct | prior_range_fraction::prev_range_0.25,MODE_A_LIVE_PROXIMITY_HEAVY,LEVEL_ONLY,64.710528,1.0,4299.365625,4297.17375,4301.5575,4.38375,2.544375,1.0,1.0,green_box_quarter::green_box_1_25pct | prior_range_fraction::prev_range_0.25,0.0,0.0,0.0,ORACLE_WITHIN_3,ROUTER_ACCEPTABLE_WITHIN_5,1.0,1.0,0.0,0.0,0.0,0.0
2025-12-16,2025-12-15,L6,RANGE_NORMAL_60_120,CLOSE_POS_LOWER_THIRD,ROWS_SPARSE_1_8,4304.91,PREV_CLOSE_PROXY,,NEUTRAL,4281.92,5.0,5.0,MODE_B_EMA_CHANNEL_DIRECTION_HEAVY,1.0,4267.17375,4267.17375,4267.17375,0.0,14.74625,0.0,0.0,red_box_quarter::red_box_2_75pct,MODE_B_EMA_CHANNEL_DIRECTION_HEAVY,4267.17375,14.74625,0.0,0.0,red_box_quarter::red_box_2_75pct,MODE_A_LIVE_PROXIMITY_HEAVY,LEVEL_ONLY,63.194396,1.0,4267.17375,4267.17375,4267.17375,0.0,14.74625,0.0,0.0,red_box_quarter::red_box_2_75pct,0.0,0.0,0.0,ORACLE_GT10_CANDIDATE_GENERATION_FAIL,CANDIDATE_GENERATION_FAILURE_GT10,0.0,0.0,0.0,0.0,0.0,1.0
2025-12-16,2025-12-15,L7,RANGE_NORMAL_60_120,CLOSE_POS_LOWER_THIRD,ROWS_SPARSE_1_8,4304.91,PREV_CLOSE_PROXY,,NEUTRAL,4264.18,5.0,5.0,MODE_B_EMA_CHANNEL_DIRECTION_HEAVY,1.0,4243.40625,4243.40625,4243.40625,0.0,20.77375,0.0,0.0,red_box_quarter::red_box_3_25pct,MODE_B_EMA_CHANNEL_DIRECTION_HEAVY,4243.40625,20.77375,0.0,0.0,red_box_quarter::red_box_3_25pct,MODE_B_EMA_CHANNEL_DIRECTION_HEAVY,LEVEL_ONLY,61.334033,1.0,4243.40625,4243.40625,4243.40625,0.0,20.77375,0.0,0.0,red_box_quarter::red_box_3_25pct,0.0,0.0,0.0,ORACLE_GT10_CANDIDATE_GENERATION_FAIL,CANDIDATE_GENERATION_FAILURE_GT10,0.0,0.0,0.0,0.0,0.0,1.0
2025-12-17,2025-12-16,L4,RANGE_NORMAL_60_120,CLOSE_POS_MIDDLE_THIRD,ROWS_SPARSE_1_8,4302.04,PREV_CLOSE_PROXY,,NEUTRAL,4315.01,5.0,5.0,MODE_B_EMA_CHANNEL_DIRECTION_HEAVY,1.0,4306.63375,4306.63375,4306.63375,0.0,8.37625,0.0,0.0,green_box_quarter::green_box_1_75pct,MODE_B_EMA_CHANNEL_DIRECTION_HEAVY,4306.63375,8.37625,0.0,0.0,green_box_quarter::green_box_1_75pct,MODE_A_LIVE_PROXIMITY_HEAVY,REGIME_LEVEL_BROAD,42.535028,1.0,4306.63375,4306.63375,4306.63375,0.0,8.37625,0.0,0.0,green_box_quarter::green_box_1_75pct,0.0,0.0,0.0,ORACLE_WITHIN_10,ORACLE_ONLY_REDUCES_ERROR_NOT_WITHIN_5,0.0,0.0,0.0,0.0,0.0,0.0
2025-12-17,2025-12-16,L5,RANGE_NORMAL_60_120,CLOSE_POS_MIDDLE_THIRD,ROWS_SPARSE_1_8,4302.04,PREV_CLOSE_PROXY,,NEUTRAL,4297.24,5.0,5.0,MODE_A_LIVE_PROXIMITY_HEAVY,1.0,4287.4425,4287.4425,4287.4425,0.0,9.7975,0.0,0.0,prior_range_fraction::prev_range_0.25,MODE_A_LIVE_PROXIMITY_HEAVY,4287.4425,9.7975,0.0,0.0,prior_range_fraction::prev_range_0.25,MODE_A_LIVE_PROXIMITY_HEAVY,REGIME_LEVEL_BROAD,43.952667,1.0,4287.4425,4287.4425,4287.4425,0.0,9.7975,0.0,0.0,prior_range_fraction::prev_range_0.25,0.0,0.0,0.0,ORACLE_WITHIN_10,ORACLE_ONLY_REDUCES_ERROR_NOT_WITHIN_5,0.0,0.0,0.0,0.0,0.0,0.0
2025-12-17,2025-12-16,L6,RANGE_NORMAL_60_120,CLOSE_POS_MIDDLE_THIRD,ROWS_SPARSE_1_8,4302.04,PREV_CLOSE_PROXY,,NEUTRAL,4278.84,5.0,5.0,MODE_B_EMA_CHANNEL_DIRECTION_HEAVY,1.0,4264.9425,4264.9425,4264.9425,0.0,13.8975,0.0,0.0,red_box_midline::red_mid_2,MODE_B_EMA_CHANNEL_DIRECTION_HEAVY,4264.9425,13.8975,0.0,0.0,red_box_midline::red_mid_2,MODE_A_LIVE_PROXIMITY_HEAVY,REGIME_LEVEL_BROAD,46.877667,1.0,4264.9425,4264.9425,4264.9425,0.0,13.8975,0.0,0.0,red_box_midline::red_mid_2,0.0,0.0,0.0,ORACLE_GT10_CANDIDATE_GENERATION_FAIL,CANDIDATE_GENERATION_FAILURE_GT10,0.0,0.0,0.0,0.0,0.0,1.0
2025-12-17,2025-12-16,L7,RANGE_NORMAL_60_120,CLOSE_POS_MIDDLE_THIRD,ROWS_SPARSE_1_8,4302.04,PREV_CLOSE_PROXY,,NEUTRAL,4258.9,5.0,5.0,MODE_B_EMA_CHANNEL_DIRECTION_HEAVY,1.0,4253.25125,4253.25125,4253.25125,0.0,5.64875,0.0,0.0,red_box_quarter::red_box_2_75pct,MODE_B_EMA_CHANNEL_DIRECTION_HEAVY,4253.25125,5.64875,0.0,0.0,red_box_quarter::red_box_2_75pct,MODE_A_LIVE_PROXIMITY_HEAVY,REGIME_LEVEL_BROAD,31.477639,1.0,4253.25125,4253.25125,4253.25125,0.0,5.64875,0.0,0.0,red_box_quarter::red_box_2_75pct,0.0,0.0,0.0,ORACLE_WITHIN_10,ORACLE_ONLY_REDUCES_ERROR_NOT_WITHIN_5,0.0,0.0,0.0,0.0,0.0,0.0
2025-12-19,2025-12-18,L4,RANGE_NORMAL_60_120,CLOSE_POS_MIDDLE_THIRD,ROWS_SPARSE_1_8,4332.34,PREV_CLOSE_PROXY,,NEUTRAL,4340.32,10.0,5.0,MODE_B_EMA_CHANNEL_DIRECTION_HEAVY,1.0,4344.40625,4344.40625,4344.40625,0.0,4.08625,0.0,1.0,green_box_quarter::green_box_1_75pct,MODE_B_EMA_CHANNEL_DIRECTION_HEAVY,4344.40625,4.08625,0.0,1.0,green_box_quarter::green_box_1_75pct,MODE_A_LIVE_PROXIMITY_HEAVY,REGIME_LEVEL_BROAD,43.282417,1.0,4352.496689,4352.496689,4352.496689,0.0,12.176689,0.0,0.0,prior_range_fraction::prev_range_0.666667,8.090439,8.090439,0.0,ORACLE_WITHIN_5,MODE_SELECTION_FAILURE,0.0,1.0,1.0,1.0,0.0,0.0
2025-12-19,2025-12-18,L5,RANGE_NORMAL_60_120,CLOSE_POS_MIDDLE_THIRD,ROWS_SPARSE_1_8,4332.34,PREV_CLOSE_PROXY,,NEUTRAL,4323.86,10.0,5.0,MODE_D_NEAREST_VALID_LADDER,2.0,4324.8675,4324.8675,4324.8675,0.0,1.0075,1.0,1.0,prior_range_fraction::prev_range_0.25,MODE_C_BALANCED,4333.62042,9.76042,0.0,0.0,prior_range_fraction::prev_range_0.382,MODE_A_LIVE_PROXIMITY_HEAVY,REGIME_LEVEL_BROAD,45.120417,1.0,4333.62042,4333.62042,4333.62042,0.0,9.76042,0.0,0.0,prior_range_fraction::prev_range_0.382,8.75292,0.0,8.75292,ORACLE_WITHIN_3,CANDIDATE_RANKING_FAILURE_LOWER_RANK_CANDIDATE,1.0,1.0,1.0,0.0,1.0,0.0
2025-12-19,2025-12-18,L6,RANGE_NORMAL_60_120,CLOSE_POS_MIDDLE_THIRD,ROWS_SPARSE_1_8,4332.34,PREV_CLOSE_PROXY,,NEUTRAL,4306.94,10.0,5.0,MODE_D_NEAREST_VALID_LADDER,2.0,4302.3675,4302.3675,4302.3675,0.0,4.5725,0.0,1.0,red_box_midline::red_mid_2,MODE_C_BALANCED,4316.57875,9.63875,0.0,0.0,prior_range_fraction::prev_range_0.125,MODE_A_LIVE_PROXIMITY_HEAVY,REGIME_LEVEL_BROAD,45.352917,1.0,4316.57875,4316.57875,4316.57875,0.0,9.63875,0.0,0.0,prior_range_fraction::prev_range_0.125,5.06625,0.0,5.06625,ORACLE_WITHIN_5,CANDIDATE_RANKING_FAILURE_LOWER_RANK_CANDIDATE,0.0,1.0,1.0,0.0,1.0,0.0
2025-12-19,2025-12-18,L7,RANGE_NORMAL_60_120,CLOSE_POS_MIDDLE_THIRD,ROWS_SPARSE_1_8,4332.34,PREV_CLOSE_PROXY,,NEUTRAL,4290.25,5.0,5.0,MODE_B_EMA_CHANNEL_DIRECTION_HEAVY,1.0,4290.32875,4290.32875,4290.32875,0.0,0.07875,1.0,1.0,red_box_quarter::red_box_2_75pct,MODE_B_EMA_CHANNEL_DIRECTION_HEAVY,4290.32875,0.07875,1.0,1.0,red_box_quarter::red_box_2_75pct,MODE_A_LIVE_PROXIMITY_HEAVY,REGIME_LEVEL_BROAD,32.673167,1.0,4290.32875,4290.32875,4290.32875,0.0,0.07875,1.0,1.0,red_box_quarter::red_box_2_75pct,0.0,0.0,0.0,ORACLE_WITHIN_3,ROUTER_ACCEPTABLE_WITHIN_5,1.0,1.0,0.0,0.0,0.0,0.0
2025-12-22,2025-12-19,L4,RANGE_COMPRESSED_0_60,CLOSE_POS_MIDDLE_THIRD,ROWS_SPARSE_1_8,4338.16,PREV_CLOSE_PROXY,,NEUTRAL,4336.01,15.0,5.0,MODE_C_BALANCED,2.0,4338.51668,4338.51668,4338.51668,0.0,2.50668,1.0,1.0,prior_range_fraction::prev_range_0.618,MODE_C_BALANCED,4350.6625,14.6525,0.0,0.0,prior_range_fraction::prev_range_0.875,MODE_A_LIVE_PROXIMITY_HEAVY,LEVEL_ONLY,62.144127,1.0,4350.6625,4350.6625,4350.6625,0.0,14.6525,0.0,0.0,prior_range_fraction::prev_range_0.875,12.14582,0.0,12.14582,ORACLE_WITHIN_3,CANDIDATE_RANKING_FAILURE_LOWER_RANK_CANDIDATE,1.0,1.0,1.0,0.0,1.0,0.0
2025-12-22,2025-12-19,L5,RANGE_COMPRESSED_0_60,CLOSE_POS_MIDDLE_THIRD,ROWS_SPARSE_1_8,4338.16,PREV_CLOSE_PROXY,,NEUTRAL,4317.56,10.0,5.0,MODE_A_LIVE_PROXIMITY_HEAVY,2.0,4308.2825,4308.2825,4308.2825,0.0,9.2775,0.0,0.0,red_box_quarter::red_box_2_25pct,MODE_C_BALANCED,4327.5975,10.0375,0.0,0.0,red_box_quarter::red_box_1_75pct,MODE_A_LIVE_PROXIMITY_HEAVY,LEVEL_ONLY,65.317875,1.0,4327.5975,4327.5975,4327.5975,0.0,10.0375,0.0,0.0,red_box_quarter::red_box_1_75pct,0.76,0.0,0.76,ORACLE_WITHIN_10,ORACLE_ONLY_REDUCES_ERROR_NOT_WITHIN_5,0.0,0.0,0.0,0.0,0.0,0.0
2025-12-22,2025-12-19,L6,RANGE_COMPRESSED_0_60,CLOSE_POS_MIDDLE_THIRD,ROWS_SPARSE_1_8,4338.16,PREV_CLOSE_PROXY,,NEUTRAL,4300.17,15.0,5.0,MODE_D_NEAREST_VALID_LADDER,1.0,4308.2825,4308.2825,4308.2825,0.0,8.1125,0.0,0.0,red_box_quarter::red_box_2_25pct,MODE_D_NEAREST_VALID_LADDER,4308.2825,8.1125,0.0,0.0,red_box_quarter::red_box_2_25pct,MODE_A_LIVE_PROXIMITY_HEAVY,LEVEL_ONLY,62.58125,1.0,4308.2825,4308.2825,4308.2825,0.0,8.1125,0.0,0.0,red_box_quarter::red_box_2_25pct,0.0,0.0,0.0,ORACLE_WITHIN_10,ORACLE_ONLY_REDUCES_ERROR_NOT_WITHIN_5,0.0,0.0,0.0,0.0,0.0,0.0
2025-12-22,2025-12-19,L7,RANGE_COMPRESSED_0_60,CLOSE_POS_MIDDLE_THIRD,ROWS_SPARSE_1_8,4338.16,PREV_CLOSE_PROXY,,NEUTRAL,4283.27,15.0,5.0,MODE_D_NEAREST_VALID_LADDER,1.0,4279.31,4279.31,4279.31,0.0,3.96,0.0,1.0,red_box_edge::red_edge_2,MODE_D_NEAREST_VALID_LADDER,4279.31,3.96,0.0,1.0,red_box_edge::red_edge_2,MODE_B_EMA_CHANNEL_DIRECTION_HEAVY,LEVEL_ONLY,62.105,1.0,4250.3375,4250.3375,4250.3375,0.0,32.9325,0.0,0.0,red_box_quarter::red_box_3_75pct,28.9725,28.9725,0.0,ORACLE_WITHIN_5,MODE_SELECTION_FAILURE,0.0,1.0,1.0,1.0,0.0,0.0
2025-12-23,2025-12-22,L4,RANGE_NORMAL_60_120,CLOSE_POS_UPPER_THIRD,ROWS_STANDARD_9_10,4443.59,PREV_CLOSE_PROXY,,NEUTRAL,4467.13,25.0,5.0,MODE_B_EMA_CHANNEL_DIRECTION_HEAVY,1.0,4461.6425,4461.6425,4461.6425,0.0,5.4875,0.0,0.0,green_box_quarter::green_box_2_75pct,MODE_B_EMA_CHANNEL_DIRECTION_HEAVY,4461.6425,5.4875,0.0,0.0,green_box_quarter::green_box_2_75pct,MODE_B_EMA_CHANNEL_DIRECTION_HEAVY,REGIME_LEVEL_EXACT,41.073042,1.0,4461.6425,4461.6425,4461.6425,0.0,5.4875,0.0,0.0,green_box_quarter::green_box_2_75pct,0.0,0.0,0.0,ORACLE_WITHIN_10,ORACLE_ONLY_REDUCES_ERROR_NOT_WITHIN_5,0.0,0.0,0.0,0.0,0.0,0.0
2025-12-23,2025-12-22,L5,RANGE_NORMAL_60_120,CLOSE_POS_UPPER_THIRD,ROWS_STANDARD_9_10,4443.59,PREV_CLOSE_PROXY,,NEUTRAL,4453.37,20.0,5.0,MODE_D_NEAREST_VALID_LADDER,1.0,4443.995,4443.995,4443.995,0.0,9.375,0.0,0.0,green_box_midline::green_mid_2,MODE_D_NEAREST_VALID_LADDER,4443.995,9.375,0.0,0.0,green_box_midline::green_mid_2,MODE_A_LIVE_PROXIMITY_HEAVY,REGIME_LEVEL_EXACT,48.451292,1.0,4443.995,4443.995,4443.995,0.0,9.375,0.0,0.0,green_box_midline::green_mid_2,0.0,0.0,0.0,ORACLE_WITHIN_10,ORACLE_ONLY_REDUCES_ERROR_NOT_WITHIN_5,0.0,0.0,0.0,0.0,0.0,0.0
2025-12-23,2025-12-22,L6,RANGE_NORMAL_60_120,CLOSE_POS_UPPER_THIRD,ROWS_STANDARD_9_10,4443.59,PREV_CLOSE_PROXY,,NEUTRAL,4440.6,25.0,5.0,MODE_D_NEAREST_VALID_LADDER,1.0,4413.995,4413.995,4413.995,0.0,26.605,0.0,0.0,red_box_midline::red_mid_1,MODE_D_NEAREST_VALID_LADDER,4413.995,26.605,0.0,0.0,red_box_midline::red_mid_1,MODE_A_LIVE_PROXIMITY_HEAVY,REGIME_LEVEL_EXACT,43.329204,1.0,4413.995,4413.995,4413.995,0.0,26.605,0.0,0.0,red_box_midline::red_mid_1,0.0,0.0,0.0,ORACLE_GT10_CANDIDATE_GENERATION_FAIL,CANDIDATE_GENERATION_FAILURE_GT10,0.0,0.0,0.0,0.0,0.0,1.0
2025-12-23,2025-12-22,L7,RANGE_NORMAL_60_120,CLOSE_POS_UPPER_THIRD,ROWS_STANDARD_9_10,4443.59,PREV_CLOSE_PROXY,,NEUTRAL,4426.21,20.0,5.0,MODE_C_BALANCED,1.0,4379.64038,4378.7,4380.58076,1.88076,46.56962,0.0,0.0,red_box_edge::red_edge_1 | prior_range_fraction::prev_range_0.382,MODE_C_BALANCED,4379.64038,46.56962,0.0,0.0,red_box_edge::red_edge_1 | prior_range_fraction::prev_range_0.382,MODE_B_EMA_CHANNEL_DIRECTION_HEAVY,REGIME_LEVEL_EXACT,53.772065,1.0,4379.64038,4378.7,4380.58076,1.88076,46.56962,0.0,0.0,red_box_edge::red_edge_1 | prior_range_fraction::prev_range_0.382,0.0,0.0,0.0,ORACLE_GT10_CANDIDATE_GENERATION_FAIL,CANDIDATE_GENERATION_FAILURE_GT10,0.0,0.0,0.0,0.0,0.0,1.0
2025-12-24,2025-12-23,L4,RANGE_NORMAL_60_120,CLOSE_POS_UPPER_THIRD,ROWS_SPARSE_1_8,4484.54,PREV_CLOSE_PROXY,,NEUTRAL,4479.79,5.0,5.0,MODE_C_BALANCED,1.0,4483.46625,4482.3925,4484.54,2.1475,3.67625,0.0,1.0,prior_range_fraction::prev_range_0.75 | prior_hlc::previous_close,MODE_C_BALANCED,4483.46625,3.67625,0.0,1.0,prior_range_fraction::prev_range_0.75 | prior_hlc::previous_close,MODE_D_NEAREST_VALID_LADDER,REGIME_LEVEL_BROAD,47.368917,1.0,4483.46625,4482.3925,4484.54,2.1475,3.67625,0.0,1.0,prior_range_fraction::prev_range_0.75 | prior_hlc::previous_close,0.0,0.0,0.0,ORACLE_WITHIN_5,ROUTER_ACCEPTABLE_WITHIN_5,0.0,1.0,0.0,0.0,0.0,0.0
2025-12-24,2025-12-23,L5,RANGE_NORMAL_60_120,CLOSE_POS_UPPER_THIRD,ROWS_SPARSE_1_8,4484.54,PREV_CLOSE_PROXY,,NEUTRAL,4467.74,10.0,5.0,MODE_C_BALANCED,2.0,4462.42875,4462.42875,4462.42875,0.0,5.31125,0.0,0.0,red_box_quarter::red_box_1_75pct,MODE_C_BALANCED,4482.3925,14.6525,0.0,0.0,prior_range_fraction::prev_range_0.75,MODE_A_LIVE_PROXIMITY_HEAVY,REGIME_LEVEL_BROAD,50.274583,1.0,4482.3925,4482.3925,4482.3925,0.0,14.6525,0.0,0.0,prior_range_fraction::prev_range_0.75,9.34125,0.0,9.34125,ORACLE_WITHIN_10,ORACLE_ONLY_REDUCES_ERROR_NOT_WITHIN_5,0.0,0.0,0.0,0.0,0.0,0.0
2025-12-24,2025-12-23,L6,RANGE_NORMAL_60_120,CLOSE_POS_UPPER_THIRD,ROWS_SPARSE_1_8,4484.54,PREV_CLOSE_PROXY,,NEUTRAL,4455.68,10.0,5.0,MODE_C_BALANCED,2.0,4447.5375,4447.5375,4447.5375,0.0,8.1425,0.0,0.0,prior_range_fraction::prev_range_0.25,MODE_C_BALANCED,4467.50125,11.82125,0.0,0.0,green_box_quarter::green_box_1_75pct,MODE_A_LIVE_PROXIMITY_HEAVY,REGIME_LEVEL_BROAD,44.975167,1.0,4467.50125,4467.50125,4467.50125,0.0,11.82125,0.0,0.0,green_box_quarter::green_box_1_75pct,3.67875,0.0,3.67875,ORACLE_WITHIN_10,ORACLE_ONLY_REDUCES_ERROR_NOT_WITHIN_5,0.0,0.0,0.0,0.0,0.0,0.0
2025-12-26,2025-12-24,L4,RANGE_NORMAL_60_120,CLOSE_POS_MIDDLE_THIRD,ROWS_SPARSE_1_8,4479.58,PREV_CLOSE_PROXY,,NEUTRAL,4492.12,10.0,5.0,MODE_B_EMA_CHANNEL_DIRECTION_HEAVY,1.0,4487.888125,4487.095,4488.68125,1.58625,4.231875,0.0,1.0,prior_hlc::previous_mid | green_box_quarter::green_box_1_75pct,MODE_B_EMA_CHANNEL_DIRECTION_HEAVY,4487.888125,4.231875,0.0,1.0,prior_hlc::previous_mid | green_box_quarter::green_box_1_75pct,MODE_A_LIVE_PROXIMITY_HEAVY,REGIME_LEVEL_BROAD,43.45422,1.0,4499.980026,4499.980026,4499.980026,0.0,7.860026,0.0,0.0,prior_range_fraction::prev_range_0.666667,3.628151,3.628151,0.0,ORACLE_WITHIN_5,MODE_SELECTION_FAILURE,0.0,1.0,1.0,1.0,0.0,0.0
2025-12-26,2025-12-24,L5,RANGE_NORMAL_60_120,CLOSE_POS_MIDDLE_THIRD,ROWS_SPARSE_1_8,4479.58,PREV_CLOSE_PROXY,,NEUTRAL,4479.11,10.0,5.0,MODE_C_BALANCED,1.0,4477.97242,4477.97242,4477.97242,0.0,1.13758,1.0,1.0,prior_range_fraction::prev_range_0.382,MODE_C_BALANCED,4477.97242,1.13758,1.0,1.0,prior_range_fraction::prev_range_0.382,MODE_A_LIVE_PROXIMITY_HEAVY,REGIME_LEVEL_BROAD,46.500288,1.0,4477.97242,4477.97242,4477.97242,0.0,1.13758,1.0,1.0,prior_range_fraction::prev_range_0.382,0.0,0.0,0.0,ORACLE_WITHIN_3,ROUTER_ACCEPTABLE_WITHIN_5,1.0,1.0,0.0,0.0,0.0,0.0
2025-12-26,2025-12-24,L6,RANGE_NORMAL_60_120,CLOSE_POS_MIDDLE_THIRD,ROWS_SPARSE_1_8,4479.58,PREV_CLOSE_PROXY,,NEUTRAL,4466.22,10.0,5.0,MODE_C_BALANCED,1.0,4458.10375,4458.10375,4458.10375,0.0,8.11625,0.0,0.0,prior_range_fraction::prev_range_0.125,MODE_C_BALANCED,4458.10375,8.11625,0.0,0.0,prior_range_fraction::prev_range_0.125,MODE_A_LIVE_PROXIMITY_HEAVY,REGIME_LEVEL_BROAD,46.595538,1.0,4458.10375,4458.10375,4458.10375,0.0,8.11625,0.0,0.0,prior_range_fraction::prev_range_0.125,0.0,0.0,0.0,ORACLE_WITHIN_10,ORACLE_ONLY_REDUCES_ERROR_NOT_WITHIN_5,0.0,0.0,0.0,0.0,0.0,0.0
2025-12-26,2025-12-24,L7,RANGE_NORMAL_60_120,CLOSE_POS_MIDDLE_THIRD,ROWS_SPARSE_1_8,4479.58,PREV_CLOSE_PROXY,,NEUTRAL,4454.16,5.0,5.0,MODE_C_BALANCED,1.0,4431.85375,4431.85375,4431.85375,0.0,22.30625,0.0,0.0,red_box_quarter::red_box_2_75pct,MODE_C_BALANCED,4431.85375,22.30625,0.0,0.0,red_box_quarter::red_box_2_75pct,MODE_A_LIVE_PROXIMITY_HEAVY,REGIME_LEVEL_BROAD,37.12122,1.0,4431.85375,4431.85375,4431.85375,0.0,22.30625,0.0,0.0,red_box_quarter::red_box_2_75pct,0.0,0.0,0.0,ORACLE_GT10_CANDIDATE_GENERATION_FAIL,CANDIDATE_GENERATION_FAILURE_GT10,0.0,0.0,0.0,0.0,0.0,1.0
2025-12-29,2025-12-26,L4,RANGE_NORMAL_60_120,CLOSE_POS_UPPER_THIRD,ROWS_EXTENDED_11_PLUS,4531.0,PREV_CLOSE_PROXY,,NEUTRAL,4530.28,10.0,5.0,MODE_C_BALANCED,1.0,4532.18397,4526.87669,4537.49125,10.61456,1.90397,1.0,1.0,prior_range_fraction::prev_range_0.666667 | green_box_edge::green_edge_1 | prior_range_fraction::prev_range_0.75 | red_box_quarter::red_box_1_25pct,MODE_C_BALANCED,4532.18397,1.90397,1.0,1.0,prior_range_fraction::prev_range_0.666667 | green_box_edge::green_edge_1 | prior_range_fraction::prev_range_0.75 | red_box_quarter::red_box_1_25pct,MODE_D_NEAREST_VALID_LADDER,REGIME_LEVEL_BROAD,50.720542,1.0,4549.86,4549.86,4549.86,0.0,19.58,0.0,0.0,prior_hlc::previous_high,17.67603,17.67603,0.0,ORACLE_WITHIN_3,MODE_SELECTION_FAILURE,1.0,1.0,1.0,1.0,0.0,0.0
2025-12-29,2025-12-26,L5,RANGE_NORMAL_60_120,CLOSE_POS_UPPER_THIRD,ROWS_EXTENDED_11_PLUS,4531.0,PREV_CLOSE_PROXY,,NEUTRAL,4515.32,20.0,5.0,MODE_E_SPACING_PRESERVATION,3.0,4516.700625,4515.385,4518.01625,2.63125,1.380625,1.0,1.0,prior_hlc::previous_mid | green_box_quarter::green_box_1_75pct,MODE_C_BALANCED,4541.24125,25.92125,0.0,0.0,prior_range_fraction::prev_range_0.875,MODE_A_LIVE_PROXIMITY_HEAVY,REGIME_LEVEL_BROAD,50.201292,1.0,4541.24125,4541.24125,4541.24125,0.0,25.92125,0.0,0.0,prior_range_fraction::prev_range_0.875,24.540625,0.0,24.540625,ORACLE_WITHIN_3,CANDIDATE_RANKING_FAILURE_LOWER_RANK_CANDIDATE,1.0,1.0,1.0,0.0,1.0,0.0
2025-12-29,2025-12-26,L6,RANGE_NORMAL_60_120,CLOSE_POS_UPPER_THIRD,ROWS_EXTENDED_11_PLUS,4531.0,PREV_CLOSE_PROXY,,NEUTRAL,4499.26,15.0,5.0,MODE_E_SPACING_PRESERVATION,1.0,4505.571105,4503.89331,4507.2489,3.35559,6.311105,0.0,0.0,prior_range_fraction::prev_range_0.333333 | green_box_midline::green_mid_1 | prior_range_fraction::prev_range_0.382,MODE_E_SPACING_PRESERVATION,4505.571105,6.311105,0.0,0.0,prior_range_fraction::prev_range_0.333333 | green_box_midline::green_mid_1 | prior_range_fraction::prev_range_0.382,MODE_A_LIVE_PROXIMITY_HEAVY,REGIME_LEVEL_BROAD,45.899542,1.0,4518.01625,4518.01625,4518.01625,0.0,18.75625,0.0,0.0,green_box_quarter::green_box_1_75pct,12.445145,12.445145,0.0,ORACLE_WITHIN_10,ORACLE_ONLY_REDUCES_ERROR_NOT_WITHIN_5,0.0,0.0,0.0,0.0,0.0,0.0
2025-12-29,2025-12-26,L7,RANGE_NORMAL_60_120,CLOSE_POS_UPPER_THIRD,ROWS_EXTENDED_11_PLUS,4531.0,PREV_CLOSE_PROXY,,NEUTRAL,4482.36,20.0,5.0,MODE_C_BALANCED,3.0,4480.91,4480.91,4480.91,0.0,1.45,1.0,1.0,prior_hlc::previous_low,MODE_C_BALANCED,4488.7725,6.4125,0.0,0.0,red_box_quarter::red_box_2_25pct | prior_range_fraction::prev_range_0.125,MODE_B_EMA_CHANNEL_DIRECTION_HEAVY,REGIME_LEVEL_BROAD,51.846667,1.0,4488.7725,4488.01625,4489.52875,1.5125,6.4125,0.0,0.0,red_box_quarter::red_box_2_25pct | prior_range_fraction::prev_range_0.125,4.9625,0.0,4.9625,ORACLE_WITHIN_3,CANDIDATE_RANKING_FAILURE_LOWER_RANK_CANDIDATE,1.0,1.0,1.0,0.0,1.0,0.0
2025-12-30,2025-12-29,L4,RANGE_EXTREME_220_PLUS,CLOSE_POS_LOWER_THIRD,ROWS_STANDARD_9_10,4332.04,PREV_CLOSE_PROXY,,NEUTRAL,4350.13,5.0,5.0,MODE_C_BALANCED,1.0,4441.09,4441.09,4441.09,0.0,90.96,0.0,0.0,green_box_edge::green_edge_1,MODE_C_BALANCED,4441.09,90.96,0.0,0.0,green_box_edge::green_edge_1,MODE_A_LIVE_PROXIMITY_HEAVY,LEVEL_ONLY,63.885779,1.0,4441.09,4441.09,4441.09,0.0,90.96,0.0,0.0,green_box_edge::green_edge_1,0.0,0.0,0.0,ORACLE_GT10_CANDIDATE_GENERATION_FAIL,CANDIDATE_GENERATION_FAILURE_GT10,0.0,0.0,0.0,0.0,0.0,1.0
2025-12-30,2025-12-29,L5,RANGE_EXTREME_220_PLUS,CLOSE_POS_LOWER_THIRD,ROWS_STANDARD_9_10,4332.04,PREV_CLOSE_PROXY,,NEUTRAL,4329.56,5.0,5.0,MODE_C_BALANCED,1.0,4411.09,4411.09,4411.09,0.0,81.53,0.0,0.0,red_box_edge::red_edge_1,MODE_C_BALANCED,4411.09,81.53,0.0,0.0,red_box_edge::red_edge_1,MODE_A_LIVE_PROXIMITY_HEAVY,LEVEL_ONLY,65.290537,1.0,4411.09,4411.09,4411.09,0.0,81.53,0.0,0.0,red_box_edge::red_edge_1,0.0,0.0,0.0,ORACLE_GT10_CANDIDATE_GENERATION_FAIL,CANDIDATE_GENERATION_FAILURE_GT10,0.0,0.0,0.0,0.0,0.0,1.0
2025-12-30,2025-12-29,L6,RANGE_EXTREME_220_PLUS,CLOSE_POS_LOWER_THIRD,ROWS_STANDARD_9_10,4332.04,PREV_CLOSE_PROXY,,NEUTRAL,4312.71,5.0,5.0,MODE_C_BALANCED,1.0,4384.883251,4384.883251,4384.883251,0.0,72.173251,0.0,0.0,prior_range_fraction::prev_range_0.333333,MODE_C_BALANCED,4384.883251,72.173251,0.0,0.0,prior_range_fraction::prev_range_0.333333,MODE_A_LIVE_PROXIMITY_HEAVY,LEVEL_ONLY,62.414934,1.0,4384.883251,4384.883251,4384.883251,0.0,72.173251,0.0,0.0,prior_range_fraction::prev_range_0.333333,0.0,0.0,0.0,ORACLE_GT10_CANDIDATE_GENERATION_FAIL,CANDIDATE_GENERATION_FAILURE_GT10,0.0,0.0,0.0,0.0,0.0,1.0
2025-12-30,2025-12-29,L7,RANGE_EXTREME_220_PLUS,CLOSE_POS_LOWER_THIRD,ROWS_STANDARD_9_10,4332.04,PREV_CLOSE_PROXY,,NEUTRAL,4296.74,5.0,5.0,MODE_C_BALANCED,1.0,4364.28,4364.28,4364.28,0.0,67.54,0.0,0.0,prior_range_fraction::prev_range_0.25,MODE_C_BALANCED,4364.28,67.54,0.0,0.0,prior_range_fraction::prev_range_0.25,MODE_A_LIVE_PROXIMITY_HEAVY,LEVEL_ONLY,62.268583,1.0,4364.28,4364.28,4364.28,0.0,67.54,0.0,0.0,prior_range_fraction::prev_range_0.25,0.0,0.0,0.0,ORACLE_GT10_CANDIDATE_GENERATION_FAIL,CANDIDATE_GENERATION_FAILURE_GT10,0.0,0.0,0.0,0.0,0.0,1.0
2026-01-01,2025-12-31,L4,RANGE_NORMAL_60_120,CLOSE_POS_MIDDLE_THIRD,ROWS_STANDARD_9_10,4318.87,PREV_CLOSE_PROXY,,NEUTRAL,4359.13,20.0,5.0,MODE_C_BALANCED,1.0,4372.0925,4371.025,4373.16,2.135,12.9625,0.0,0.0,green_box_midline::green_mid_2 | prior_hlc::previous_high,MODE_C_BALANCED,4372.0925,12.9625,0.0,0.0,green_box_midline::green_mid_2 | prior_hlc::previous_high,MODE_A_LIVE_PROXIMITY_HEAVY,REGIME_LEVEL_EXACT,43.414667,1.0,4372.0925,4371.025,4373.16,2.135,12.9625,0.0,0.0,green_box_midline::green_mid_2 | prior_hlc::previous_high,0.0,0.0,0.0,ORACLE_GT10_CANDIDATE_GENERATION_FAIL,CANDIDATE_GENERATION_FAILURE_GT10,0.0,0.0,0.0,0.0,0.0,1.0
2026-01-01,2025-12-31,L5,RANGE_NORMAL_60_120,CLOSE_POS_MIDDLE_THIRD,ROWS_STANDARD_9_10,4318.87,PREV_CLOSE_PROXY,,NEUTRAL,4342.0,10.0,5.0,MODE_C_BALANCED,1.0,4337.915543,4335.51772,4340.313366,4.795646,4.084457,0.0,1.0,prior_range_fraction::prev_range_0.618 | green_box_edge::green_edge_1 | prior_range_fraction::prev_range_0.666667,MODE_C_BALANCED,4337.915543,4.084457,0.0,1.0,prior_range_fraction::prev_range_0.618 | green_box_edge::green_edge_1 | prior_range_fraction::prev_range_0.666667,MODE_A_LIVE_PROXIMITY_HEAVY,REGIME_LEVEL_EXACT,44.952667,1.0,4337.915543,4335.51772,4340.313366,4.795646,4.084457,0.0,1.0,prior_range_fraction::prev_range_0.618 | green_box_edge::green_edge_1 | prior_range_fraction::prev_range_0.666667,0.0,0.0,0.0,ORACLE_WITHIN_5,ROUTER_ACCEPTABLE_WITHIN_5,0.0,1.0,0.0,0.0,0.0,0.0
2026-01-01,2025-12-31,L6,RANGE_NORMAL_60_120,CLOSE_POS_MIDDLE_THIRD,ROWS_STANDARD_9_10,4318.87,PREV_CLOSE_PROXY,,NEUTRAL,4324.37,15.0,5.0,MODE_C_BALANCED,1.0,4309.50864,4306.755,4312.26228,5.50728,14.86136,0.0,0.0,green_box_midline::green_mid_1 | red_box_edge::red_edge_1 | prior_range_fraction::prev_range_0.382,MODE_C_BALANCED,4309.50864,14.86136,0.0,0.0,green_box_midline::green_mid_1 | red_box_edge::red_edge_1 | prior_range_fraction::prev_range_0.382,MODE_A_LIVE_PROXIMITY_HEAVY,REGIME_LEVEL_EXACT,48.822667,1.0,4299.255,4299.255,4299.255,0.0,25.115,0.0,0.0,prior_range_fraction::prev_range_0.25,10.25364,10.25364,0.0,ORACLE_GT10_CANDIDATE_GENERATION_FAIL,CANDIDATE_GENERATION_FAILURE_GT10,0.0,0.0,0.0,0.0,0.0,1.0
2026-01-01,2025-12-31,L7,RANGE_NORMAL_60_120,CLOSE_POS_MIDDLE_THIRD,ROWS_STANDARD_9_10,4318.87,PREV_CLOSE_PROXY,,NEUTRAL,4308.35,20.0,5.0,MODE_C_BALANCED,1.0,4292.8225,4292.8225,4292.8225,0.0,15.5275,0.0,0.0,red_box_quarter::red_box_2_25pct,MODE_C_BALANCED,4292.8225,15.5275,0.0,0.0,red_box_quarter::red_box_2_25pct,MODE_A_LIVE_PROXIMITY_HEAVY,REGIME_LEVEL_EXACT,30.255417,1.0,4274.62,4274.62,4274.62,0.0,33.73,0.0,0.0,prior_hlc::previous_low,18.2025,18.2025,0.0,ORACLE_GT10_CANDIDATE_GENERATION_FAIL,CANDIDATE_GENERATION_FAILURE_GT10,0.0,0.0,0.0,0.0,0.0,1.0
2026-01-02,2025-12-31,L4,RANGE_NORMAL_60_120,CLOSE_POS_MIDDLE_THIRD,ROWS_STANDARD_9_10,4318.87,PREV_CLOSE_PROXY,,NEUTRAL,4376.66,20.0,5.0,MODE_C_BALANCED,1.0,4372.0925,4371.025,4373.16,2.135,4.5675,0.0,1.0,green_box_midline::green_mid_2 | prior_hlc::previous_high,MODE_C_BALANCED,4372.0925,4.5675,0.0,1.0,green_box_midline::green_mid_2 | prior_hlc::previous_high,MODE_A_LIVE_PROXIMITY_HEAVY,REGIME_LEVEL_EXACT,42.835958,1.0,4372.0925,4371.025,4373.16,2.135,4.5675,0.0,1.0,green_box_midline::green_mid_2 | prior_hlc::previous_high,0.0,0.0,0.0,ORACLE_WITHIN_5,ROUTER_ACCEPTABLE_WITHIN_5,0.0,1.0,0.0,0.0,0.0,0.0
2026-01-02,2025-12-31,L5,RANGE_NORMAL_60_120,CLOSE_POS_MIDDLE_THIRD,ROWS_STANDARD_9_10,4318.87,PREV_CLOSE_PROXY,,NEUTRAL,4352.91,10.0,5.0,MODE_C_BALANCED,1.0,4338.27136,4335.51772,4341.025,5.50728,14.63864,0.0,0.0,prior_range_fraction::prev_range_0.618 | green_box_edge::green_edge_1 | red_box_midline::red_mid_1,MODE_C_BALANCED,4338.27136,14.63864,0.0,0.0,prior_range_fraction::prev_range_0.618 | green_box_edge::green_edge_1 | red_box_midline::red_mid_1,MODE_A_LIVE_PROXIMITY_HEAVY,REGIME_LEVEL_EXACT,51.500996,1.0,4338.27136,4335.51772,4341.025,5.50728,14.63864,0.0,0.0,prior_range_fraction::prev_range_0.618 | green_box_edge::green_edge_1 | red_box_midline::red_mid_1,0.0,0.0,0.0,ORACLE_GT10_CANDIDATE_GENERATION_FAIL,CANDIDATE_GENERATION_FAILURE_GT10,0.0,0.0,0.0,0.0,0.0,1.0
2026-01-02,2025-12-31,L6,RANGE_NORMAL_60_120,CLOSE_POS_MIDDLE_THIRD,ROWS_STANDARD_9_10,4318.87,PREV_CLOSE_PROXY,,NEUTRAL,4330.45,20.0,5.0,MODE_C_BALANCED,3.0,4323.89,4323.89,4323.89,0.0,6.56,0.0,0.0,prior_hlc::previous_mid,MODE_C_BALANCED,4310.57614,19.87386,0.0,0.0,red_box_edge::red_edge_1 | prior_range_fraction::prev_range_0.382,MODE_B_EMA_CHANNEL_DIRECTION_HEAVY,REGIME_LEVEL_EXACT,45.827925,1.0,4310.57614,4308.89,4312.26228,3.37228,19.87386,0.0,0.0,red_box_edge::red_edge_1 | prior_range_fraction::prev_range_0.382,13.31386,0.0,13.31386,ORACLE_WITHIN_10,ORACLE_ONLY_REDUCES_ERROR_NOT_WITHIN_5,0.0,0.0,0.0,0.0,0.0,0.0
2026-01-02,2025-12-31,L7,RANGE_NORMAL_60_120,CLOSE_POS_MIDDLE_THIRD,ROWS_STANDARD_9_10,4318.87,PREV_CLOSE_PROXY,,NEUTRAL,4308.24,25.0,5.0,MODE_B_EMA_CHANNEL_DIRECTION_HEAVY,3.0,4308.89,4308.89,4308.89,0.0,0.65,1.0,1.0,red_box_edge::red_edge_1,MODE_C_BALANCED,4292.8225,15.4175,0.0,0.0,red_box_quarter::red_box_2_25pct,MODE_B_EMA_CHANNEL_DIRECTION_HEAVY,REGIME_LEVEL_EXACT,31.214833,1.0,4292.8225,4292.8225,4292.8225,0.0,15.4175,0.0,0.0,red_box_quarter::red_box_2_25pct,14.7675,0.0,14.7675,ORACLE_WITHIN_3,CANDIDATE_RANKING_FAILURE_LOWER_RANK_CANDIDATE,1.0,1.0,1.0,0.0,1.0,0.0
2026-01-05,2026-01-02,L4,RANGE_NORMAL_60_120,CLOSE_POS_LOWER_THIRD,ROWS_STANDARD_9_10,4332.72,PREV_CLOSE_PROXY,,NEUTRAL,4375.02,5.0,5.0,MODE_B_EMA_CHANNEL_DIRECTION_HEAVY,1.0,4355.89875,4355.89875,4355.89875,0.0,19.12125,0.0,0.0,green_box_quarter::green_box_1_75pct,MODE_B_EMA_CHANNEL_DIRECTION_HEAVY,4355.89875,19.12125,0.0,0.0,green_box_quarter::green_box_1_75pct,MODE_A_LIVE_PROXIMITY_HEAVY,LEVEL_ONLY,63.960902,1.0,4355.89875,4355.89875,4355.89875,0.0,19.12125,0.0,0.0,green_box_quarter::green_box_1_75pct,0.0,0.0,0.0,ORACLE_GT10_CANDIDATE_GENERATION_FAIL,CANDIDATE_GENERATION_FAILURE_GT10,0.0,0.0,0.0,0.0,0.0,1.0
2026-01-05,2026-01-02,L5,RANGE_NORMAL_60_120,CLOSE_POS_LOWER_THIRD,ROWS_STANDARD_9_10,4332.72,PREV_CLOSE_PROXY,,NEUTRAL,4350.66,5.0,5.0,MODE_C_BALANCED,1.0,4340.6025,4340.6025,4340.6025,0.0,10.0575,0.0,0.0,green_box_midline::green_mid_1,MODE_C_BALANCED,4340.6025,10.0575,0.0,0.0,green_box_midline::green_mid_1,MODE_A_LIVE_PROXIMITY_HEAVY,LEVEL_ONLY,65.396,1.0,4340.6025,4340.6025,4340.6025,0.0,10.0575,0.0,0.0,green_box_midline::green_mid_1,0.0,0.0,0.0,ORACLE_GT10_CANDIDATE_GENERATION_FAIL,CANDIDATE_GENERATION_FAILURE_GT10,0.0,0.0,0.0,0.0,0.0,1.0
2026-01-05,2026-01-02,L6,RANGE_NORMAL_60_120,CLOSE_POS_LOWER_THIRD,ROWS_STANDARD_9_10,4332.72,PREV_CLOSE_PROXY,,NEUTRAL,4326.31,5.0,5.0,MODE_C_BALANCED,1.0,4325.30625,4325.30625,4325.30625,0.0,1.00375,1.0,1.0,green_box_quarter::green_box_1_25pct,MODE_C_BALANCED,4325.30625,1.00375,1.0,1.0,green_box_quarter::green_box_1_25pct,MODE_D_NEAREST_VALID_LADDER,LEVEL_ONLY,61.7045,1.0,4325.30625,4325.30625,4325.30625,0.0,1.00375,1.0,1.0,green_box_quarter::green_box_1_25pct,0.0,0.0,0.0,ORACLE_WITHIN_3,ROUTER_ACCEPTABLE_WITHIN_5,1.0,1.0,0.0,0.0,0.0,0.0
2026-01-05,2026-01-02,L7,RANGE_NORMAL_60_120,CLOSE_POS_LOWER_THIRD,ROWS_STANDARD_9_10,4332.72,PREV_CLOSE_PROXY,,NEUTRAL,4303.29,5.0,5.0,MODE_B_EMA_CHANNEL_DIRECTION_HEAVY,1.0,4310.01,4310.01,4310.01,0.0,6.72,0.0,0.0,prior_hlc::previous_low,MODE_B_EMA_CHANNEL_DIRECTION_HEAVY,4310.01,6.72,0.0,0.0,prior_hlc::previous_low,MODE_C_BALANCED,LEVEL_ONLY,61.750722,1.0,4310.01,4310.01,4310.01,0.0,6.72,0.0,0.0,prior_hlc::previous_low,0.0,0.0,0.0,ORACLE_WITHIN_10,ORACLE_ONLY_REDUCES_ERROR_NOT_WITHIN_5,0.0,0.0,0.0,0.0,0.0,0.0
2026-01-06,2026-01-05,L4,RANGE_NORMAL_60_120,CLOSE_POS_UPPER_THIRD,ROWS_STANDARD_9_10,4448.89,PREV_CLOSE_PROXY,,NEUTRAL,4459.82,25.0,5.0,MODE_B_EMA_CHANNEL_DIRECTION_HEAVY,2.0,4455.78,4455.78,4455.78,0.0,4.04,0.0,1.0,prior_hlc::previous_high,MODE_B_EMA_CHANNEL_DIRECTION_HEAVY,4468.0475,8.2275,0.0,0.0,green_box_quarter::green_box_2_75pct,MODE_D_NEAREST_VALID_LADDER,REGIME_LEVEL_EXACT,43.061224,1.0,4468.0475,4468.0475,4468.0475,0.0,8.2275,0.0,0.0,green_box_quarter::green_box_2_75pct,4.1875,0.0,4.1875,ORACLE_WITHIN_5,CANDIDATE_RANKING_FAILURE_LOWER_RANK_CANDIDATE,0.0,1.0,1.0,0.0,1.0,0.0
2026-01-06,2026-01-05,L5,RANGE_NORMAL_60_120,CLOSE_POS_UPPER_THIRD,ROWS_STANDARD_9_10,4448.89,PREV_CLOSE_PROXY,,NEUTRAL,4437.39,20.0,5.0,MODE_D_NEAREST_VALID_LADDER,2.0,4439.9225,4438.0475,4441.7975,3.75,2.5325,1.0,1.0,red_box_quarter::red_box_1_25pct | prior_range_fraction::prev_range_0.875,MODE_D_NEAREST_VALID_LADDER,4450.315,12.925,0.0,0.0,green_box_midline::green_mid_2,MODE_A_LIVE_PROXIMITY_HEAVY,REGIME_LEVEL_EXACT,49.377147,1.0,4450.315,4450.315,4450.315,0.0,12.925,0.0,0.0,green_box_midline::green_mid_2,10.3925,0.0,10.3925,ORACLE_WITHIN_3,CANDIDATE_RANKING_FAILURE_LOWER_RANK_CANDIDATE,1.0,1.0,1.0,0.0,1.0,0.0
2026-01-06,2026-01-05,L6,RANGE_NORMAL_60_120,CLOSE_POS_UPPER_THIRD,ROWS_STANDARD_9_10,4448.89,PREV_CLOSE_PROXY,,NEUTRAL,4417.98,25.0,5.0,MODE_D_NEAREST_VALID_LADDER,1.0,4420.315,4420.315,4420.315,0.0,2.335,1.0,1.0,red_box_midline::red_mid_1,MODE_D_NEAREST_VALID_LADDER,4420.315,2.335,1.0,1.0,red_box_midline::red_mid_1,MODE_A_LIVE_PROXIMITY_HEAVY,REGIME_LEVEL_EXACT,43.863273,1.0,4420.315,4420.315,4420.315,0.0,2.335,1.0,1.0,red_box_midline::red_mid_1,0.0,0.0,0.0,ORACLE_WITHIN_3,ROUTER_ACCEPTABLE_WITHIN_5,1.0,1.0,0.0,0.0,0.0,0.0
2026-01-06,2026-01-05,L7,RANGE_NORMAL_60_120,CLOSE_POS_UPPER_THIRD,ROWS_STANDARD_9_10,4448.89,PREV_CLOSE_PROXY,,NEUTRAL,4398.56,20.0,5.0,MODE_C_BALANCED,1.0,4385.75026,4384.85,4386.65052,1.80052,12.80974,0.0,0.0,red_box_edge::red_edge_1 | prior_range_fraction::prev_range_0.382,MODE_C_BALANCED,4385.75026,12.80974,0.0,0.0,red_box_edge::red_edge_1 | prior_range_fraction::prev_range_0.382,MODE_B_EMA_CHANNEL_DIRECTION_HEAVY,REGIME_LEVEL_EXACT,52.070205,1.0,4367.1175,4367.1175,4367.1175,0.0,31.4425,0.0,0.0,red_box_quarter::red_box_2_25pct,18.63276,18.63276,0.0,ORACLE_GT10_CANDIDATE_GENERATION_FAIL,CANDIDATE_GENERATION_FAILURE_GT10,0.0,0.0,0.0,0.0,0.0,1.0
2026-01-07,2026-01-06,L4,RANGE_NORMAL_60_120,CLOSE_POS_UPPER_THIRD,ROWS_STANDARD_9_10,4494.54,PREV_CLOSE_PROXY,,NEUTRAL,4510.43,20.0,5.0,MODE_B_EMA_CHANNEL_DIRECTION_HEAVY,1.0,4514.9625,4514.9625,4514.9625,0.0,4.5325,0.0,1.0,green_box_quarter::green_box_2_75pct,MODE_B_EMA_CHANNEL_DIRECTION_HEAVY,4514.9625,4.5325,0.0,1.0,green_box_quarter::green_box_2_75pct,MODE_D_NEAREST_VALID_LADDER,REGIME_LEVEL_EXACT,43.966208,1.0,4514.9625,4514.9625,4514.9625,0.0,4.5325,0.0,1.0,green_box_quarter::green_box_2_75pct,0.0,0.0,0.0,ORACLE_WITHIN_5,ROUTER_ACCEPTABLE_WITHIN_5,0.0,1.0,0.0,0.0,0.0,0.0
2026-01-07,2026-01-06,L5,RANGE_NORMAL_60_120,CLOSE_POS_UPPER_THIRD,ROWS_STANDARD_9_10,4494.54,PREV_CLOSE_PROXY,,NEUTRAL,4491.87,20.0,5.0,MODE_D_NEAREST_VALID_LADDER,2.0,4486.8375,4484.9625,4488.7125,3.75,5.0325,0.0,0.0,red_box_quarter::red_box_1_25pct | prior_range_fraction::prev_range_0.875,MODE_D_NEAREST_VALID_LADDER,4502.485,10.615,0.0,0.0,green_box_midline::green_mid_2,MODE_A_LIVE_PROXIMITY_HEAVY,REGIME_LEVEL_EXACT,49.176458,1.0,4502.485,4502.485,4502.485,0.0,10.615,0.0,0.0,green_box_midline::green_mid_2,5.5825,0.0,5.5825,ORACLE_WITHIN_10,ORACLE_ONLY_REDUCES_ERROR_NOT_WITHIN_5,0.0,0.0,0.0,0.0,0.0,0.0
2026-01-07,2026-01-06,L6,RANGE_NORMAL_60_120,CLOSE_POS_UPPER_THIRD,ROWS_STANDARD_9_10,4494.54,PREV_CLOSE_PROXY,,NEUTRAL,4475.3,20.0,5.0,MODE_D_NEAREST_VALID_LADDER,1.0,4474.16669,4474.16669,4474.16669,0.0,1.13331,1.0,1.0,prior_range_fraction::prev_range_0.666667,MODE_D_NEAREST_VALID_LADDER,4474.16669,1.13331,1.0,1.0,prior_range_fraction::prev_range_0.666667,MODE_A_LIVE_PROXIMITY_HEAVY,REGIME_LEVEL_EXACT,47.329204,1.0,4474.16669,4474.16669,4474.16669,0.0,1.13331,1.0,1.0,prior_range_fraction::prev_range_0.666667,0.0,0.0,0.0,ORACLE_WITHIN_3,ROUTER_ACCEPTABLE_WITHIN_5,1.0,1.0,0.0,0.0,0.0,0.0
2026-01-07,2026-01-06,L7,RANGE_NORMAL_60_120,CLOSE_POS_UPPER_THIRD,ROWS_STANDARD_9_10,4494.54,PREV_CLOSE_PROXY,,NEUTRAL,4455.74,20.0,5.0,MODE_A_LIVE_PROXIMITY_HEAVY,2.0,4462.53,4462.53,4462.53,0.0,6.79,0.0,0.0,prior_hlc::previous_mid,MODE_C_BALANCED,4447.53,8.21,0.0,0.0,red_box_edge::red_edge_1,MODE_B_EMA_CHANNEL_DIRECTION_HEAVY,REGIME_LEVEL_EXACT,51.894333,1.0,4435.7,4435.0525,4436.3475,1.295,20.04,0.0,0.0,red_box_quarter::red_box_2_25pct | prior_range_fraction::prev_range_0.125,13.25,11.83,1.42,ORACLE_WITHIN_10,ORACLE_ONLY_REDUCES_ERROR_NOT_WITHIN_5,0.0,0.0,0.0,0.0,0.0,0.0
2026-01-08,2026-01-07,L4,RANGE_NORMAL_60_120,CLOSE_POS_MIDDLE_THIRD,ROWS_STANDARD_9_10,4456.36,PREV_CLOSE_PROXY,,NEUTRAL,4494.25,20.0,5.0,MODE_C_BALANCED,2.0,4490.95375,4490.95375,4490.95375,0.0,3.29625,0.0,1.0,prior_range_fraction::prev_range_0.875,MODE_D_NEAREST_VALID_LADDER,4502.20375,7.95375,0.0,0.0,prior_hlc::previous_high | green_box_midline::green_mid_2,MODE_A_LIVE_PROXIMITY_HEAVY,REGIME_LEVEL_EXACT,47.414667,1.0,4502.20375,4500.59,4503.8175,3.2275,7.95375,0.0,0.0,prior_hlc::previous_high | green_box_midline::green_mid_2,4.6575,0.0,4.6575,ORACLE_WITHIN_5,CANDIDATE_RANKING_FAILURE_LOWER_RANK_CANDIDATE,0.0,1.0,1.0,0.0,1.0,0.0
2026-01-08,2026-01-07,L5,RANGE_NORMAL_60_120,CLOSE_POS_MIDDLE_THIRD,ROWS_STANDARD_9_10,4456.36,PREV_CLOSE_PROXY,,NEUTRAL,4477.38,10.0,5.0,MODE_C_BALANCED,1.0,4474.09331,4471.14162,4477.045,5.90338,3.28669,0.0,1.0,prior_range_fraction::prev_range_0.618 | red_box_midline::red_mid_1 | green_box_edge::green_edge_1,MODE_C_BALANCED,4474.09331,3.28669,0.0,1.0,prior_range_fraction::prev_range_0.618 | red_box_midline::red_mid_1 | green_box_edge::green_edge_1,MODE_A_LIVE_PROXIMITY_HEAVY,REGIME_LEVEL_EXACT,47.841556,1.0,4474.09331,4471.14162,4477.045,5.90338,3.28669,0.0,1.0,prior_range_fraction::prev_range_0.618 | red_box_midline::red_mid_1 | green_box_edge::green_edge_1,0.0,0.0,0.0,ORACLE_WITHIN_5,ROUTER_ACCEPTABLE_WITHIN_5,0.0,1.0,0.0,0.0,0.0,0.0
2026-01-08,2026-01-07,L6,RANGE_NORMAL_60_120,CLOSE_POS_MIDDLE_THIRD,ROWS_STANDARD_9_10,4456.36,PREV_CLOSE_PROXY,,NEUTRAL,4457.79,20.0,5.0,MODE_C_BALANCED,3.0,4462.045,4462.045,4462.045,0.0,4.255,0.0,1.0,prior_hlc::previous_mid,MODE_C_BALANCED,4444.90875,12.88125,0.0,0.0,prior_range_fraction::prev_range_0.25 | red_box_edge::red_edge_1,MODE_B_EMA_CHANNEL_DIRECTION_HEAVY,REGIME_LEVEL_EXACT,43.249851,1.0,4444.90875,4442.7725,4447.045,4.2725,12.88125,0.0,0.0,prior_range_fraction::prev_range_0.25 | red_box_edge::red_edge_1,8.62625,0.0,8.62625,ORACLE_WITHIN_5,CANDIDATE_RANKING_FAILURE_LOWER_RANK_CANDIDATE,0.0,1.0,1.0,0.0,1.0,0.0
2026-01-08,2026-01-07,L7,RANGE_NORMAL_60_120,CLOSE_POS_MIDDLE_THIRD,ROWS_STANDARD_9_10,4456.36,PREV_CLOSE_PROXY,,NEUTRAL,4438.21,25.0,5.0,MODE_C_BALANCED,1.0,4433.65875,4433.65875,4433.65875,0.0,4.55125,0.0,1.0,red_box_quarter::red_box_2_25pct,MODE_C_BALANCED,4433.65875,4.55125,0.0,1.0,red_box_quarter::red_box_2_25pct,MODE_B_EMA_CHANNEL_DIRECTION_HEAVY,REGIME_LEVEL_EXACT,32.313139,1.0,4433.65875,4433.65875,4433.65875,0.0,4.55125,0.0,1.0,red_box_quarter::red_box_2_25pct,0.0,0.0,0.0,ORACLE_WITHIN_5,ROUTER_ACCEPTABLE_WITHIN_5,0.0,1.0,0.0,0.0,0.0,0.0
2026-01-09,2026-01-08,L4,RANGE_NORMAL_60_120,CLOSE_POS_UPPER_THIRD,ROWS_STANDARD_9_10,4477.28,PREV_CLOSE_PROXY,,NEUTRAL,4487.52,25.0,5.0,MODE_C_BALANCED,2.0,4479.44,4479.44,4479.44,0.0,8.08,0.0,0.0,prior_hlc::previous_high,MODE_B_EMA_CHANNEL_DIRECTION_HEAVY,4496.73,9.21,0.0,0.0,green_box_quarter::green_box_2_75pct,MODE_D_NEAREST_VALID_LADDER,REGIME_LEVEL_EXACT,47.368917,1.0,4496.73,4496.73,4496.73,0.0,9.21,0.0,0.0,green_box_quarter::green_box_2_75pct,1.13,0.0,1.13,ORACLE_WITHIN_10,ORACLE_ONLY_REDUCES_ERROR_NOT_WITHIN_5,0.0,0.0,0.0,0.0,0.0,0.0
2026-01-09,2026-01-08,L5,RANGE_NORMAL_60_120,CLOSE_POS_UPPER_THIRD,ROWS_STANDARD_9_10,4477.28,PREV_CLOSE_PROXY,,NEUTRAL,4468.29,20.0,5.0,MODE_C_BALANCED,2.0,4469.02,4466.73,4471.31,4.58,0.73,1.0,1.0,red_box_quarter::red_box_1_25pct | green_box_quarter::green_box_2_25pct,MODE_D_NEAREST_VALID_LADDER,4484.02,15.73,0.0,0.0,green_box_midline::green_mid_2,MODE_A_LIVE_PROXIMITY_HEAVY,REGIME_LEVEL_EXACT,50.274583,1.0,4484.02,4484.02,4484.02,0.0,15.73,0.0,0.0,green_box_midline::green_mid_2,15.0,0.0,15.0,ORACLE_WITHIN_3,CANDIDATE_RANKING_FAILURE_LOWER_RANK_CANDIDATE,1.0,1.0,1.0,0.0,1.0,0.0
2026-01-09,2026-01-08,L6,RANGE_NORMAL_60_120,CLOSE_POS_UPPER_THIRD,ROWS_STANDARD_9_10,4477.28,PREV_CLOSE_PROXY,,NEUTRAL,4447.13,15.0,5.0,MODE_C_BALANCED,2.0,4443.6,4441.31,4445.89,4.58,3.53,0.0,1.0,red_box_quarter::red_box_1_75pct | green_box_quarter::green_box_1_75pct,MODE_C_BALANCED,4455.546691,8.416691,0.0,0.0,prior_range_fraction::prev_range_0.666667,MODE_A_LIVE_PROXIMITY_HEAVY,REGIME_LEVEL_EXACT,50.513083,1.0,4455.546691,4455.546691,4455.546691,0.0,8.416691,0.0,0.0,prior_range_fraction::prev_range_0.666667,4.886691,0.0,4.886691,ORACLE_WITHIN_5,CANDIDATE_RANKING_FAILURE_LOWER_RANK_CANDIDATE,0.0,1.0,1.0,0.0,1.0,0.0
2026-01-09,2026-01-08,L7,RANGE_NORMAL_60_120,CLOSE_POS_UPPER_THIRD,ROWS_STANDARD_9_10,4477.28,PREV_CLOSE_PROXY,,NEUTRAL,4426.62,20.0,5.0,MODE_C_BALANCED,1.0,4428.6,4428.6,4428.6,0.0,1.98,1.0,1.0,red_box_edge::red_edge_1,MODE_C_BALANCED,4428.6,1.98,1.0,1.0,red_box_edge::red_edge_1,MODE_B_EMA_CHANNEL_DIRECTION_HEAVY,REGIME_LEVEL_EXACT,51.846667,1.0,4416.305,4415.89,4416.72,0.83,10.315,0.0,0.0,red_box_quarter::red_box_2_25pct | prior_range_fraction::prev_range_0.125,8.335,8.335,0.0,ORACLE_WITHIN_3,MODE_SELECTION_FAILURE,1.0,1.0,1.0,1.0,0.0,0.0
2026-01-12,2026-01-09,L4,RANGE_NORMAL_60_120,CLOSE_POS_UPPER_THIRD,ROWS_STANDARD_9_10,4509.3,PREV_CLOSE_PROXY,,NEUTRAL,4544.9,20.0,5.0,MODE_D_NEAREST_VALID_LADDER,1.0,4523.6025,4523.6025,4523.6025,0.0,21.2975,0.0,0.0,green_box_midline::green_mid_2,MODE_D_NEAREST_VALID_LADDER,4523.6025,21.2975,0.0,0.0,green_box_midline::green_mid_2,MODE_D_NEAREST_VALID_LADDER,REGIME_LEVEL_EXACT,48.174542,1.0,4523.6025,4523.6025,4523.6025,0.0,21.2975,0.0,0.0,green_box_midline::green_mid_2,0.0,0.0,0.0,ORACLE_GT10_CANDIDATE_GENERATION_FAIL,CANDIDATE_GENERATION_FAILURE_GT10,0.0,0.0,0.0,0.0,0.0,1.0
2026-01-12,2026-01-09,L5,RANGE_NORMAL_60_120,CLOSE_POS_UPPER_THIRD,ROWS_STANDARD_9_10,4509.3,PREV_CLOSE_PROXY,,NEUTRAL,4528.66,25.0,5.0,MODE_D_NEAREST_VALID_LADDER,1.0,4523.6025,4523.6025,4523.6025,0.0,5.0575,0.0,0.0,green_box_midline::green_mid_2,MODE_D_NEAREST_VALID_LADDER,4523.6025,5.0575,0.0,0.0,green_box_midline::green_mid_2,MODE_A_LIVE_PROXIMITY_HEAVY,REGIME_LEVEL_EXACT,50.259792,1.0,4523.6025,4523.6025,4523.6025,0.0,5.0575,0.0,0.0,green_box_midline::green_mid_2,0.0,0.0,0.0,ORACLE_WITHIN_10,ORACLE_ONLY_REDUCES_ERROR_NOT_WITHIN_5,0.0,0.0,0.0,0.0,0.0,0.0
2026-01-12,2026-01-09,L6,RANGE_NORMAL_60_120,CLOSE_POS_UPPER_THIRD,ROWS_STANDARD_9_10,4509.3,PREV_CLOSE_PROXY,,NEUTRAL,4511.6,15.0,5.0,MODE_D_NEAREST_VALID_LADDER,1.0,4495.753355,4495.753355,4495.753355,0.0,15.846645,0.0,0.0,prior_range_fraction::prev_range_0.666667,MODE_D_NEAREST_VALID_LADDER,4495.753355,15.846645,0.0,0.0,prior_range_fraction::prev_range_0.666667,MODE_A_LIVE_PROXIMITY_HEAVY,REGIME_LEVEL_EXACT,51.731534,1.0,4495.753355,4495.753355,4495.753355,0.0,15.846645,0.0,0.0,prior_range_fraction::prev_range_0.666667,0.0,0.0,0.0,ORACLE_GT10_CANDIDATE_GENERATION_FAIL,CANDIDATE_GENERATION_FAILURE_GT10,0.0,0.0,0.0,0.0,0.0,1.0
2026-01-12,2026-01-09,L7,RANGE_NORMAL_60_120,CLOSE_POS_UPPER_THIRD,ROWS_STANDARD_9_10,4509.3,PREV_CLOSE_PROXY,,NEUTRAL,4491.48,20.0,5.0,MODE_C_BALANCED,3.0,4485.055,4485.055,4485.055,0.0,6.425,0.0,0.0,prior_hlc::previous_mid,MODE_C_BALANCED,4469.0075,22.4725,0.0,0.0,prior_range_fraction::prev_range_0.25,MODE_B_EMA_CHANNEL_DIRECTION_HEAVY,REGIME_LEVEL_EXACT,52.665167,1.0,4459.6325,4458.28125,4460.98375,2.7025,31.8475,0.0,0.0,red_box_quarter::red_box_2_25pct | prior_range_fraction::prev_range_0.125,25.4225,9.375,16.0475,ORACLE_WITHIN_10,ORACLE_ONLY_REDUCES_ERROR_NOT_WITHIN_5,0.0,0.0,0.0,0.0,0.0,0.0
2026-01-13,2026-01-12,L4,RANGE_NORMAL_60_120,CLOSE_POS_UPPER_THIRD,ROWS_SPARSE_1_8,4597.38,PREV_CLOSE_PROXY,,NEUTRAL,4600.74,10.0,5.0,MODE_C_BALANCED,1.0,4599.07625,4597.38,4600.7725,3.3925,1.66375,1.0,1.0,prior_hlc::previous_close | prior_range_fraction::prev_range_0.75,MODE_C_BALANCED,4599.07625,1.66375,1.0,1.0,prior_hlc::previous_close | prior_range_fraction::prev_range_0.75,MODE_A_LIVE_PROXIMITY_HEAVY,REGIME_LEVEL_BROAD,57.896833,1.0,4599.07625,4597.38,4600.7725,3.3925,1.66375,1.0,1.0,prior_hlc::previous_close | prior_range_fraction::prev_range_0.75,0.0,0.0,0.0,ORACLE_WITHIN_3,ROUTER_ACCEPTABLE_WITHIN_5,1.0,1.0,0.0,0.0,0.0,0.0
2026-01-13,2026-01-12,L5,RANGE_NORMAL_60_120,CLOSE_POS_UPPER_THIRD,ROWS_SPARSE_1_8,4597.38,PREV_CLOSE_PROXY,,NEUTRAL,4572.9,15.0,5.0,MODE_C_BALANCED,2.0,4574.79375,4574.79375,4574.79375,0.0,1.89375,1.0,1.0,red_box_quarter::red_box_1_75pct,MODE_C_BALANCED,4600.7725,27.8725,0.0,0.0,prior_range_fraction::prev_range_0.75,MODE_A_LIVE_PROXIMITY_HEAVY,REGIME_LEVEL_BROAD,53.411667,1.0,4600.7725,4600.7725,4600.7725,0.0,27.8725,0.0,0.0,prior_range_fraction::prev_range_0.75,25.97875,0.0,25.97875,ORACLE_WITHIN_3,CANDIDATE_RANKING_FAILURE_LOWER_RANK_CANDIDATE,1.0,1.0,1.0,0.0,1.0,0.0
2026-01-13,2026-01-12,L6,RANGE_NORMAL_60_120,CLOSE_POS_UPPER_THIRD,ROWS_SPARSE_1_8,4597.38,PREV_CLOSE_PROXY,,NEUTRAL,4546.29,15.0,5.0,MODE_C_BALANCED,2.0,4549.3575,4549.3575,4549.3575,0.0,3.0675,0.0,1.0,green_box_midline::green_mid_1,MODE_C_BALANCED,4567.83625,21.54625,0.0,0.0,green_box_quarter::green_box_1_75pct,MODE_A_LIVE_PROXIMITY_HEAVY,REGIME_LEVEL_BROAD,54.073917,1.0,4567.83625,4567.83625,4567.83625,0.0,21.54625,0.0,0.0,green_box_quarter::green_box_1_75pct,18.47875,0.0,18.47875,ORACLE_WITHIN_5,CANDIDATE_RANKING_FAILURE_LOWER_RANK_CANDIDATE,0.0,1.0,1.0,0.0,1.0,0.0
2026-01-13,2026-01-12,L7,RANGE_NORMAL_60_120,CLOSE_POS_UPPER_THIRD,ROWS_SPARSE_1_8,4597.38,PREV_CLOSE_PROXY,,NEUTRAL,4518.09,10.0,5.0,MODE_B_EMA_CHANNEL_DIRECTION_HEAVY,1.0,4512.4,4512.4,4512.4,0.0,5.69,0.0,0.0,prior_hlc::previous_low,MODE_B_EMA_CHANNEL_DIRECTION_HEAVY,4512.4,5.69,0.0,0.0,prior_hlc::previous_low,MODE_C_BALANCED,REGIME_LEVEL_BROAD,54.580411,1.0,4512.4,4512.4,4512.4,0.0,5.69,0.0,0.0,prior_hlc::previous_low,0.0,0.0,0.0,ORACLE_WITHIN_10,ORACLE_ONLY_REDUCES_ERROR_NOT_WITHIN_5,0.0,0.0,0.0,0.0,0.0,0.0
2026-01-14,2026-01-13,L4,RANGE_NORMAL_60_120,CLOSE_POS_LOWER_THIRD,ROWS_STANDARD_9_10,4586.3,PREV_CLOSE_PROXY,,NEUTRAL,4597.86,10.0,5.0,MODE_C_BALANCED,1.0,4605.32625,4605.32625,4605.32625,0.0,7.46625,0.0,0.0,green_box_quarter::green_box_1_75pct,MODE_C_BALANCED,4605.32625,7.46625,0.0,0.0,green_box_quarter::green_box_1_75pct,MODE_A_LIVE_PROXIMITY_HEAVY,REGIME_LEVEL_BROAD,28.854208,1.0,4605.32625,4605.32625,4605.32625,0.0,7.46625,0.0,0.0,green_box_quarter::green_box_1_75pct,0.0,0.0,0.0,ORACLE_WITHIN_10,ORACLE_ONLY_REDUCES_ERROR_NOT_WITHIN_5,0.0,0.0,0.0,0.0,0.0,0.0
2026-01-14,2026-01-13,L5,RANGE_NORMAL_60_120,CLOSE_POS_LOWER_THIRD,ROWS_STANDARD_9_10,4586.3,PREV_CLOSE_PROXY,,NEUTRAL,4575.27,5.0,5.0,MODE_C_BALANCED,1.0,4595.177084,4593.4575,4596.896667,3.439167,19.907084,0.0,0.0,green_box_midline::green_mid_1 | prior_hlc::previous_pivot_hlc3,MODE_C_BALANCED,4595.177084,19.907084,0.0,0.0,green_box_midline::green_mid_1 | prior_hlc::previous_pivot_hlc3,MODE_A_LIVE_PROXIMITY_HEAVY,REGIME_LEVEL_BROAD,35.067771,1.0,4595.177084,4593.4575,4596.896667,3.439167,19.907084,0.0,0.0,green_box_midline::green_mid_1 | prior_hlc::previous_pivot_hlc3,0.0,0.0,0.0,ORACLE_GT10_CANDIDATE_GENERATION_FAIL,CANDIDATE_GENERATION_FAILURE_GT10,0.0,0.0,0.0,0.0,0.0,1.0
2026-01-14,2026-01-13,L6,RANGE_NORMAL_60_120,CLOSE_POS_LOWER_THIRD,ROWS_STANDARD_9_10,4586.3,PREV_CLOSE_PROXY,,NEUTRAL,4546.5,10.0,5.0,MODE_C_BALANCED,1.0,4575.32625,4575.32625,4575.32625,0.0,28.82625,0.0,0.0,red_box_quarter::red_box_2_25pct,MODE_C_BALANCED,4575.32625,28.82625,0.0,0.0,red_box_quarter::red_box_2_25pct,MODE_C_BALANCED,REGIME_LEVEL_BROAD,40.312208,1.0,4575.32625,4575.32625,4575.32625,0.0,28.82625,0.0,0.0,red_box_quarter::red_box_2_25pct,0.0,0.0,0.0,ORACLE_GT10_CANDIDATE_GENERATION_FAIL,CANDIDATE_GENERATION_FAILURE_GT10,0.0,0.0,0.0,0.0,0.0,1.0
2026-01-14,2026-01-13,L7,RANGE_NORMAL_60_120,CLOSE_POS_LOWER_THIRD,ROWS_STANDARD_9_10,4586.3,PREV_CLOSE_PROXY,,NEUTRAL,4519.14,5.0,5.0,MODE_C_BALANCED,1.0,4569.72,4569.72,4569.72,0.0,50.58,0.0,0.0,prior_hlc::previous_low,MODE_C_BALANCED,4569.72,50.58,0.0,0.0,prior_hlc::previous_low,MODE_A_LIVE_PROXIMITY_HEAVY,REGIME_LEVEL_BROAD,39.835208,1.0,4569.72,4569.72,4569.72,0.0,50.58,0.0,0.0,prior_hlc::previous_low,0.0,0.0,0.0,ORACLE_GT10_CANDIDATE_GENERATION_FAIL,CANDIDATE_GENERATION_FAILURE_GT10,0.0,0.0,0.0,0.0,0.0,1.0
2026-01-15,2026-01-14,L4,RANGE_COMPRESSED_0_60,CLOSE_POS_UPPER_THIRD,ROWS_SPARSE_1_8,4626.39,PREV_CLOSE_PROXY,,NEUTRAL,4597.72,10.0,5.0,MODE_C_BALANCED,2.0,4622.040009,4619.29,4624.790018,5.500018,24.320009,0.0,0.0,prior_hlc::previous_pivot_hlc3 | green_box_quarter::green_box_1_75pct | prior_range_fraction::prev_range_0.666667,MODE_C_BALANCED,4636.1025,38.3825,0.0,0.0,prior_range_fraction::prev_range_0.875,MODE_A_LIVE_PROXIMITY_HEAVY,REGIME_LEVEL_EXACT,41.542338,1.0,4636.1025,4636.1025,4636.1025,0.0,38.3825,0.0,0.0,prior_range_fraction::prev_range_0.875,14.062491,0.0,14.062491,ORACLE_GT10_CANDIDATE_GENERATION_FAIL,CANDIDATE_GENERATION_FAILURE_GT10,0.0,0.0,0.0,0.0,0.0,1.0
2026-01-15,2026-01-14,L5,RANGE_COMPRESSED_0_60,CLOSE_POS_UPPER_THIRD,ROWS_SPARSE_1_8,4626.39,PREV_CLOSE_PROXY,,NEUTRAL,4574.22,10.0,5.0,MODE_B_EMA_CHANNEL_DIRECTION_HEAVY,1.0,4600.64625,4599.1275,4602.165,3.0375,26.42625,0.0,0.0,green_box_quarter::green_box_1_25pct | red_box_edge::red_edge_1 | prior_range_fraction::prev_range_0.25,MODE_B_EMA_CHANNEL_DIRECTION_HEAVY,4600.64625,26.42625,0.0,0.0,green_box_quarter::green_box_1_25pct | red_box_edge::red_edge_1 | prior_range_fraction::prev_range_0.25,MODE_A_LIVE_PROXIMITY_HEAVY,REGIME_LEVEL_EXACT,42.713583,1.0,4615.74,4615.74,4615.74,0.0,41.52,0.0,0.0,prior_hlc::previous_mid,15.09375,15.09375,0.0,ORACLE_GT10_CANDIDATE_GENERATION_FAIL,CANDIDATE_GENERATION_FAILURE_GT10,0.0,0.0,0.0,0.0,0.0,1.0
2026-01-15,2026-01-14,L6,RANGE_COMPRESSED_0_60,CLOSE_POS_UPPER_THIRD,ROWS_SPARSE_1_8,4626.39,PREV_CLOSE_PROXY,,NEUTRAL,4549.19,10.0,5.0,MODE_B_EMA_CHANNEL_DIRECTION_HEAVY,2.0,4579.665,4579.665,4579.665,0.0,30.475,0.0,0.0,red_box_midline::red_mid_2,MODE_B_EMA_CHANNEL_DIRECTION_HEAVY,4590.2025,41.0125,0.0,0.0,red_box_quarter::red_box_2_25pct,MODE_A_LIVE_PROXIMITY_HEAVY,REGIME_LEVEL_EXACT,43.505583,1.0,4590.2025,4590.2025,4590.2025,0.0,41.0125,0.0,0.0,red_box_quarter::red_box_2_25pct,10.5375,0.0,10.5375,ORACLE_GT10_CANDIDATE_GENERATION_FAIL,CANDIDATE_GENERATION_FAILURE_GT10,0.0,0.0,0.0,0.0,0.0,1.0
2026-01-15,2026-01-14,L7,RANGE_COMPRESSED_0_60,CLOSE_POS_UPPER_THIRD,ROWS_SPARSE_1_8,4626.39,PREV_CLOSE_PROXY,,NEUTRAL,4516.94,10.0,5.0,MODE_B_EMA_CHANNEL_DIRECTION_HEAVY,1.0,4558.59,4558.59,4558.59,0.0,41.65,0.0,0.0,red_box_edge::red_edge_2,MODE_B_EMA_CHANNEL_DIRECTION_HEAVY,4558.59,41.65,0.0,0.0,red_box_edge::red_edge_2,MODE_B_EMA_CHANNEL_DIRECTION_HEAVY,REGIME_LEVEL_EXACT,55.315333,1.0,4558.59,4558.59,4558.59,0.0,41.65,0.0,0.0,red_box_edge::red_edge_2,0.0,0.0,0.0,ORACLE_GT10_CANDIDATE_GENERATION_FAIL,CANDIDATE_GENERATION_FAILURE_GT10,0.0,0.0,0.0,0.0,0.0,1.0
2026-01-16,2026-01-15,L4,RANGE_COMPRESSED_0_60,CLOSE_POS_UPPER_THIRD,ROWS_SPARSE_1_8,4615.76,PREV_CLOSE_PROXY,,NEUTRAL,4618.64,15.0,5.0,MODE_C_BALANCED,2.0,4612.626675,4609.83,4615.42335,5.59335,6.013325,0.0,0.0,prior_hlc::previous_pivot_hlc3 | green_box_quarter::green_box_1_75pct | prior_range_fraction::prev_range_0.666667,MODE_C_BALANCED,4626.12125,7.48125,0.0,0.0,prior_range_fraction::prev_range_0.875,MODE_A_LIVE_PROXIMITY_HEAVY,REGIME_LEVEL_EXACT,39.517164,1.0,4626.12125,4626.12125,4626.12125,0.0,7.48125,0.0,0.0,prior_range_fraction::prev_range_0.875,1.467925,0.0,1.467925,ORACLE_WITHIN_10,ORACLE_ONLY_REDUCES_ERROR_NOT_WITHIN_5,0.0,0.0,0.0,0.0,0.0,0.0
2026-01-16,2026-01-15,L5,RANGE_COMPRESSED_0_60,CLOSE_POS_UPPER_THIRD,ROWS_SPARSE_1_8,4615.76,PREV_CLOSE_PROXY,,NEUTRAL,4591.17,15.0,5.0,MODE_B_EMA_CHANNEL_DIRECTION_HEAVY,1.0,4592.693125,4591.35875,4594.0275,2.66875,1.523125,1.0,1.0,green_box_quarter::green_box_1_25pct | red_box_edge::red_edge_1 | prior_range_fraction::prev_range_0.25,MODE_B_EMA_CHANNEL_DIRECTION_HEAVY,4592.693125,1.523125,1.0,1.0,green_box_quarter::green_box_1_25pct | red_box_edge::red_edge_1 | prior_range_fraction::prev_range_0.25,MODE_A_LIVE_PROXIMITY_HEAVY,REGIME_LEVEL_EXACT,41.235667,1.0,4606.865,4606.865,4606.865,0.0,15.695,0.0,0.0,prior_hlc::previous_mid,14.171875,14.171875,0.0,ORACLE_WITHIN_3,MODE_SELECTION_FAILURE,1.0,1.0,1.0,1.0,0.0,0.0
2026-01-16,2026-01-15,L6,RANGE_COMPRESSED_0_60,CLOSE_POS_UPPER_THIRD,ROWS_SPARSE_1_8,4615.76,PREV_CLOSE_PROXY,,NEUTRAL,4566.81,15.0,5.0,MODE_B_EMA_CHANNEL_DIRECTION_HEAVY,1.0,4571.5275,4571.5275,4571.5275,0.0,4.7175,0.0,1.0,red_box_midline::red_mid_2,MODE_B_EMA_CHANNEL_DIRECTION_HEAVY,4571.5275,4.7175,0.0,1.0,red_box_midline::red_mid_2,MODE_A_LIVE_PROXIMITY_HEAVY,REGIME_LEVEL_EXACT,41.873167,1.0,4581.69625,4581.69625,4581.69625,0.0,14.88625,0.0,0.0,red_box_quarter::red_box_2_25pct,10.16875,10.16875,0.0,ORACLE_WITHIN_5,MODE_SELECTION_FAILURE,0.0,1.0,1.0,1.0,0.0,0.0
2026-01-16,2026-01-15,L7,RANGE_COMPRESSED_0_60,CLOSE_POS_UPPER_THIRD,ROWS_SPARSE_1_8,4615.76,PREV_CLOSE_PROXY,,NEUTRAL,4541.12,15.0,5.0,MODE_B_EMA_CHANNEL_DIRECTION_HEAVY,1.0,4551.19,4551.19,4551.19,0.0,10.07,0.0,0.0,red_box_edge::red_edge_2,MODE_B_EMA_CHANNEL_DIRECTION_HEAVY,4551.19,10.07,0.0,0.0,red_box_edge::red_edge_2,MODE_B_EMA_CHANNEL_DIRECTION_HEAVY,REGIME_LEVEL_EXACT,50.057,1.0,4551.19,4551.19,4551.19,0.0,10.07,0.0,0.0,red_box_edge::red_edge_2,0.0,0.0,0.0,ORACLE_GT10_CANDIDATE_GENERATION_FAIL,CANDIDATE_GENERATION_FAILURE_GT10,0.0,0.0,0.0,0.0,0.0,1.0
2026-01-19,2026-01-16,L4,RANGE_NORMAL_60_120,CLOSE_POS_UPPER_THIRD,ROWS_SPARSE_1_8,4595.66,PREV_CLOSE_PROXY,,NEUTRAL,4615.0,5.0,5.0,MODE_C_BALANCED,1.0,4596.7525,4593.75,4599.755,6.005,18.2475,0.0,0.0,green_box_edge::green_edge_1 | prior_hlc::previous_close | prior_range_fraction::prev_range_0.75,MODE_C_BALANCED,4596.7525,18.2475,0.0,0.0,green_box_edge::green_edge_1 | prior_hlc::previous_close | prior_range_fraction::prev_range_0.75,MODE_A_LIVE_PROXIMITY_HEAVY,REGIME_LEVEL_BROAD,60.344996,1.0,4596.7525,4593.75,4599.755,6.005,18.2475,0.0,0.0,green_box_edge::green_edge_1 | prior_hlc::previous_close | prior_range_fraction::prev_range_0.75,0.0,0.0,0.0,ORACLE_GT10_CANDIDATE_GENERATION_FAIL,CANDIDATE_GENERATION_FAILURE_GT10,0.0,0.0,0.0,0.0,0.0,1.0
2026-01-19,2026-01-16,L5,RANGE_NORMAL_60_120,CLOSE_POS_UPPER_THIRD,ROWS_SPARSE_1_8,4595.66,PREV_CLOSE_PROXY,,NEUTRAL,4592.49,10.0,5.0,MODE_C_BALANCED,1.0,4599.755,4599.755,4599.755,0.0,7.265,0.0,0.0,prior_range_fraction::prev_range_0.75,MODE_C_BALANCED,4599.755,7.265,0.0,0.0,prior_range_fraction::prev_range_0.75,MODE_A_LIVE_PROXIMITY_HEAVY,REGIME_LEVEL_BROAD,54.216803,1.0,4599.755,4599.755,4599.755,0.0,7.265,0.0,0.0,prior_range_fraction::prev_range_0.75,0.0,0.0,0.0,ORACLE_WITHIN_10,ORACLE_ONLY_REDUCES_ERROR_NOT_WITHIN_5,0.0,0.0,0.0,0.0,0.0,0.0
2026-01-19,2026-01-16,L6,RANGE_NORMAL_60_120,CLOSE_POS_UPPER_THIRD,ROWS_SPARSE_1_8,4595.66,PREV_CLOSE_PROXY,,NEUTRAL,4569.99,15.0,5.0,MODE_C_BALANCED,2.0,4565.245,4565.245,4565.245,0.0,4.745,0.0,1.0,green_box_midline::green_mid_1,MODE_C_BALANCED,4579.4975,9.5075,0.0,0.0,green_box_quarter::green_box_1_75pct,MODE_A_LIVE_PROXIMITY_HEAVY,REGIME_LEVEL_BROAD,54.888178,1.0,4579.4975,4579.4975,4579.4975,0.0,9.5075,0.0,0.0,green_box_quarter::green_box_1_75pct,4.7625,0.0,4.7625,ORACLE_WITHIN_5,CANDIDATE_RANKING_FAILURE_LOWER_RANK_CANDIDATE,0.0,1.0,1.0,0.0,1.0,0.0
2026-01-19,2026-01-16,L7,RANGE_NORMAL_60_120,CLOSE_POS_UPPER_THIRD,ROWS_SPARSE_1_8,4595.66,PREV_CLOSE_PROXY,,NEUTRAL,4546.84,10.0,5.0,MODE_C_BALANCED,1.0,4535.9925,4535.245,4536.74,1.495,10.8475,0.0,0.0,red_box_midline::red_mid_2 | prior_hlc::previous_low,MODE_C_BALANCED,4535.9925,10.8475,0.0,0.0,red_box_midline::red_mid_2 | prior_hlc::previous_low,MODE_B_EMA_CHANNEL_DIRECTION_HEAVY,REGIME_LEVEL_BROAD,55.513333,1.0,4535.9925,4535.245,4536.74,1.495,10.8475,0.0,0.0,red_box_midline::red_mid_2 | prior_hlc::previous_low,0.0,0.0,0.0,ORACLE_GT10_CANDIDATE_GENERATION_FAIL,CANDIDATE_GENERATION_FAILURE_GT10,0.0,0.0,0.0,0.0,0.0,1.0
2026-01-20,2026-01-19,L4,RANGE_NORMAL_60_120,CLOSE_POS_UPPER_THIRD,ROWS_STANDARD_9_10,4670.86,PREV_CLOSE_PROXY,,NEUTRAL,4696.99,20.0,5.0,MODE_B_EMA_CHANNEL_DIRECTION_HEAVY,2.0,4693.16375,4690.83,4695.4975,4.6675,3.82625,0.0,1.0,prior_hlc::previous_high | green_box_midline::green_mid_2,MODE_C_BALANCED,4678.16375,18.82625,0.0,0.0,red_box_quarter::red_box_1_25pct,MODE_D_NEAREST_VALID_LADDER,REGIME_LEVEL_EXACT,49.01448,1.0,4678.16375,4678.16375,4678.16375,0.0,18.82625,0.0,0.0,red_box_quarter::red_box_1_25pct,15.0,0.0,15.0,ORACLE_WITHIN_5,CANDIDATE_RANKING_FAILURE_LOWER_RANK_CANDIDATE,0.0,1.0,1.0,0.0,1.0,0.0
2026-01-20,2026-01-19,L5,RANGE_NORMAL_60_120,CLOSE_POS_UPPER_THIRD,ROWS_STANDARD_9_10,4670.86,PREV_CLOSE_PROXY,,NEUTRAL,4677.12,15.0,5.0,MODE_C_BALANCED,1.0,4680.4975,4678.16375,4682.83125,4.6675,3.3775,0.0,1.0,red_box_quarter::red_box_1_25pct | prior_range_fraction::prev_range_0.875 | green_box_quarter::green_box_2_25pct,MODE_C_BALANCED,4680.4975,3.3775,0.0,1.0,red_box_quarter::red_box_1_25pct | prior_range_fraction::prev_range_0.875 | green_box_quarter::green_box_2_25pct,MODE_A_LIVE_PROXIMITY_HEAVY,REGIME_LEVEL_EXACT,51.509877,1.0,4680.4975,4678.16375,4682.83125,4.6675,3.3775,0.0,1.0,red_box_quarter::red_box_1_25pct | prior_range_fraction::prev_range_0.875 | green_box_quarter::green_box_2_25pct,0.0,0.0,0.0,ORACLE_WITHIN_5,ROUTER_ACCEPTABLE_WITHIN_5,0.0,1.0,0.0,0.0,0.0,0.0
2026-01-20,2026-01-19,L6,RANGE_NORMAL_60_120,CLOSE_POS_UPPER_THIRD,ROWS_STANDARD_9_10,4670.86,PREV_CLOSE_PROXY,,NEUTRAL,4655.27,20.0,5.0,MODE_C_BALANCED,1.0,4657.49875,4657.49875,4657.49875,0.0,2.22875,1.0,1.0,green_box_quarter::green_box_1_75pct,MODE_C_BALANCED,4657.49875,2.22875,1.0,1.0,green_box_quarter::green_box_1_75pct,MODE_A_LIVE_PROXIMITY_HEAVY,REGIME_LEVEL_EXACT,51.748377,1.0,4657.49875,4657.49875,4657.49875,0.0,2.22875,1.0,1.0,green_box_quarter::green_box_1_75pct,0.0,0.0,0.0,ORACLE_WITHIN_3,ROUTER_ACCEPTABLE_WITHIN_5,1.0,1.0,0.0,0.0,0.0,0.0
2026-01-20,2026-01-19,L7,RANGE_NORMAL_60_120,CLOSE_POS_UPPER_THIRD,ROWS_STANDARD_9_10,4670.86,PREV_CLOSE_PROXY,,NEUTRAL,4633.67,20.0,5.0,MODE_C_BALANCED,2.0,4637.3325,4637.3325,4637.3325,0.0,3.6625,0.0,1.0,prior_range_fraction::prev_range_0.25,MODE_C_BALANCED,4627.9575,5.7125,0.0,0.0,red_box_quarter::red_box_2_25pct | prior_range_fraction::prev_range_0.125,MODE_B_EMA_CHANNEL_DIRECTION_HEAVY,REGIME_LEVEL_EXACT,52.807451,1.0,4627.9575,4627.49875,4628.41625,0.9175,5.7125,0.0,0.0,red_box_quarter::red_box_2_25pct | prior_range_fraction::prev_range_0.125,2.05,0.0,2.05,ORACLE_WITHIN_5,CANDIDATE_RANKING_FAILURE_LOWER_RANK_CANDIDATE,0.0,1.0,1.0,0.0,1.0,0.0
2026-01-21,2026-01-20,L4,RANGE_NORMAL_60_120,CLOSE_POS_UPPER_THIRD,ROWS_EXTENDED_11_PLUS,4763.3,PREV_CLOSE_PROXY,,NEUTRAL,4856.21,5.0,5.0,MODE_C_BALANCED,1.0,4727.915,4727.915,4727.915,0.0,128.295,0.0,0.0,green_box_edge::green_edge_1,MODE_C_BALANCED,4727.915,128.295,0.0,0.0,green_box_edge::green_edge_1,MODE_A_LIVE_PROXIMITY_HEAVY,REGIME_LEVEL_BROAD,61.71375,1.0,4727.915,4727.915,4727.915,0.0,128.295,0.0,0.0,green_box_edge::green_edge_1,0.0,0.0,0.0,ORACLE_GT10_CANDIDATE_GENERATION_FAIL,CANDIDATE_GENERATION_FAILURE_GT10,0.0,0.0,0.0,0.0,0.0,1.0
2026-01-21,2026-01-20,L5,RANGE_NORMAL_60_120,CLOSE_POS_UPPER_THIRD,ROWS_EXTENDED_11_PLUS,4763.3,PREV_CLOSE_PROXY,,NEUTRAL,4833.04,5.0,5.0,MODE_C_BALANCED,1.0,4712.915,4712.915,4712.915,0.0,120.125,0.0,0.0,prior_hlc::previous_mid,MODE_C_BALANCED,4712.915,120.125,0.0,0.0,prior_hlc::previous_mid,MODE_A_LIVE_PROXIMITY_HEAVY,REGIME_LEVEL_BROAD,58.134792,1.0,4712.915,4712.915,4712.915,0.0,120.125,0.0,0.0,prior_hlc::previous_mid,0.0,0.0,0.0,ORACLE_GT10_CANDIDATE_GENERATION_FAIL,CANDIDATE_GENERATION_FAILURE_GT10,0.0,0.0,0.0,0.0,0.0,1.0
2026-01-21,2026-01-20,L6,RANGE_NORMAL_60_120,CLOSE_POS_UPPER_THIRD,ROWS_EXTENDED_11_PLUS,4763.3,PREV_CLOSE_PROXY,,NEUTRAL,4812.42,5.0,5.0,MODE_B_EMA_CHANNEL_DIRECTION_HEAVY,1.0,4686.2225,4686.2225,4686.2225,0.0,126.1975,0.0,0.0,prior_range_fraction::prev_range_0.25,MODE_B_EMA_CHANNEL_DIRECTION_HEAVY,4686.2225,126.1975,0.0,0.0,prior_range_fraction::prev_range_0.25,MODE_A_LIVE_PROXIMITY_HEAVY,REGIME_LEVEL_BROAD,58.401287,1.0,4686.2225,4686.2225,4686.2225,0.0,126.1975,0.0,0.0,prior_range_fraction::prev_range_0.25,0.0,0.0,0.0,ORACLE_GT10_CANDIDATE_GENERATION_FAIL,CANDIDATE_GENERATION_FAILURE_GT10,0.0,0.0,0.0,0.0,0.0,1.0
2026-01-21,2026-01-20,L7,RANGE_NORMAL_60_120,CLOSE_POS_UPPER_THIRD,ROWS_EXTENDED_11_PLUS,4763.3,PREV_CLOSE_PROXY,,NEUTRAL,4792.89,5.0,5.0,MODE_B_EMA_CHANNEL_DIRECTION_HEAVY,1.0,4659.53,4659.53,4659.53,0.0,133.36,0.0,0.0,prior_hlc::previous_low,MODE_B_EMA_CHANNEL_DIRECTION_HEAVY,4659.53,133.36,0.0,0.0,prior_hlc::previous_low,MODE_B_EMA_CHANNEL_DIRECTION_HEAVY,REGIME_LEVEL_BROAD,57.884029,1.0,4659.53,4659.53,4659.53,0.0,133.36,0.0,0.0,prior_hlc::previous_low,0.0,0.0,0.0,ORACLE_GT10_CANDIDATE_GENERATION_FAIL,CANDIDATE_GENERATION_FAILURE_GT10,0.0,0.0,0.0,0.0,0.0,1.0
2026-01-22,2026-01-21,L4,RANGE_WIDE_120_220,CLOSE_POS_MIDDLE_THIRD,ROWS_STANDARD_9_10,4831.03,PREV_CLOSE_PROXY,,NEUTRAL,4853.55,15.0,5.0,MODE_A_LIVE_PROXIMITY_HEAVY,3.0,4822.115,4822.115,4822.115,0.0,31.435,0.0,0.0,prior_hlc::previous_mid,MODE_C_BALANCED,4898.04125,44.49125,0.0,0.0,green_box_quarter::green_box_2_75pct,MODE_A_LIVE_PROXIMITY_HEAVY,LEVEL_ONLY,63.93794,1.0,4898.04125,4898.04125,4898.04125,0.0,44.49125,0.0,0.0,green_box_quarter::green_box_2_75pct,13.05625,0.0,13.05625,ORACLE_GT10_CANDIDATE_GENERATION_FAIL,CANDIDATE_GENERATION_FAILURE_GT10,0.0,0.0,0.0,0.0,0.0,1.0
2026-01-22,2026-01-21,L5,RANGE_WIDE_120_220,CLOSE_POS_MIDDLE_THIRD,ROWS_STANDARD_9_10,4831.03,PREV_CLOSE_PROXY,,NEUTRAL,4828.22,15.0,5.0,MODE_C_BALANCED,3.0,4800.036623,4800.036623,4800.036623,0.0,28.183377,0.0,0.0,prior_range_fraction::prev_range_0.333333,MODE_C_BALANCED,4877.7325,49.5125,0.0,0.0,green_box_midline::green_mid_2,MODE_B_EMA_CHANNEL_DIRECTION_HEAVY,LEVEL_ONLY,65.426818,1.0,4888.35,4888.35,4888.35,0.0,60.13,0.0,0.0,prior_hlc::previous_high,31.946623,10.6175,21.329123,ORACLE_GT10_CANDIDATE_GENERATION_FAIL,CANDIDATE_GENERATION_FAILURE_GT10,0.0,0.0,0.0,0.0,0.0,1.0
2026-01-22,2026-01-21,L6,RANGE_WIDE_120_220,CLOSE_POS_MIDDLE_THIRD,ROWS_STANDARD_9_10,4831.03,PREV_CLOSE_PROXY,,NEUTRAL,4803.79,15.0,5.0,MODE_C_BALANCED,1.0,4776.18875,4776.18875,4776.18875,0.0,27.60125,0.0,0.0,green_box_quarter::green_box_1_25pct,MODE_C_BALANCED,4776.18875,27.60125,0.0,0.0,green_box_quarter::green_box_1_25pct,MODE_D_NEAREST_VALID_LADDER,LEVEL_ONLY,62.812841,1.0,4837.74646,4837.74646,4837.74646,0.0,33.95646,0.0,0.0,prior_range_fraction::prev_range_0.618,6.35521,6.35521,0.0,ORACLE_GT10_CANDIDATE_GENERATION_FAIL,CANDIDATE_GENERATION_FAILURE_GT10,0.0,0.0,0.0,0.0,0.0,1.0
2026-01-22,2026-01-21,L7,RANGE_WIDE_120_220,CLOSE_POS_MIDDLE_THIRD,ROWS_STANDARD_9_10,4831.03,PREV_CLOSE_PROXY,,NEUTRAL,4776.28,15.0,5.0,MODE_C_BALANCED,1.0,4755.88,4755.88,4755.88,0.0,20.4,0.0,0.0,prior_hlc::previous_low,MODE_C_BALANCED,4755.88,20.4,0.0,0.0,prior_hlc::previous_low,MODE_C_BALANCED,LEVEL_ONLY,62.170645,1.0,4755.88,4755.88,4755.88,0.0,20.4,0.0,0.0,prior_hlc::previous_low,0.0,0.0,0.0,ORACLE_GT10_CANDIDATE_GENERATION_FAIL,CANDIDATE_GENERATION_FAILURE_GT10,0.0,0.0,0.0,0.0,0.0,1.0
2026-01-23,2026-01-22,L4,RANGE_WIDE_120_220,CLOSE_POS_UPPER_THIRD,ROWS_SPARSE_1_8,4936.06,PREV_CLOSE_PROXY,,NEUTRAL,4918.05,5.0,5.0,MODE_C_BALANCED,1.0,4921.01,4921.01,4921.01,0.0,2.96,1.0,1.0,green_box_midline::green_mid_2,MODE_C_BALANCED,4921.01,2.96,1.0,1.0,green_box_midline::green_mid_2,MODE_A_LIVE_PROXIMITY_HEAVY,LEVEL_ONLY,63.680453,1.0,4921.01,4921.01,4921.01,0.0,2.96,1.0,1.0,green_box_midline::green_mid_2,0.0,0.0,0.0,ORACLE_WITHIN_3,ROUTER_ACCEPTABLE_WITHIN_5,1.0,1.0,0.0,0.0,0.0,0.0
2026-01-23,2026-01-22,L5,RANGE_WIDE_120_220,CLOSE_POS_UPPER_THIRD,ROWS_SPARSE_1_8,4936.06,PREV_CLOSE_PROXY,,NEUTRAL,4895.71,5.0,5.0,MODE_C_BALANCED,1.0,4896.235,4896.235,4896.235,0.0,0.525,1.0,1.0,green_box_quarter::green_box_2_25pct,MODE_C_BALANCED,4896.235,0.525,1.0,1.0,green_box_quarter::green_box_2_25pct,MODE_B_EMA_CHANNEL_DIRECTION_HEAVY,LEVEL_ONLY,65.263423,1.0,4896.235,4896.235,4896.235,0.0,0.525,1.0,1.0,green_box_quarter::green_box_2_25pct,0.0,0.0,0.0,ORACLE_WITHIN_3,ROUTER_ACCEPTABLE_WITHIN_5,1.0,1.0,0.0,0.0,0.0,0.0
2026-01-23,2026-01-22,L6,RANGE_WIDE_120_220,CLOSE_POS_UPPER_THIRD,ROWS_SPARSE_1_8,4936.06,PREV_CLOSE_PROXY,,NEUTRAL,4870.76,5.0,5.0,MODE_C_BALANCED,1.0,4891.01,4891.01,4891.01,0.0,20.25,0.0,0.0,red_box_midline::red_mid_1,MODE_C_BALANCED,4891.01,20.25,0.0,0.0,red_box_midline::red_mid_1,MODE_D_NEAREST_VALID_LADDER,LEVEL_ONLY,62.615958,1.0,4891.01,4891.01,4891.01,0.0,20.25,0.0,0.0,red_box_midline::red_mid_1,0.0,0.0,0.0,ORACLE_GT10_CANDIDATE_GENERATION_FAIL,CANDIDATE_GENERATION_FAILURE_GT10,0.0,0.0,0.0,0.0,0.0,1.0
2026-01-23,2026-01-22,L7,RANGE_WIDE_120_220,CLOSE_POS_UPPER_THIRD,ROWS_SPARSE_1_8,4936.06,PREV_CLOSE_PROXY,,NEUTRAL,4847.66,5.0,5.0,MODE_C_BALANCED,1.0,4866.235,4866.235,4866.235,0.0,18.575,0.0,0.0,red_box_quarter::red_box_1_75pct,MODE_C_BALANCED,4866.235,18.575,0.0,0.0,red_box_quarter::red_box_1_75pct,MODE_C_BALANCED,LEVEL_ONLY,61.660182,1.0,4866.235,4866.235,4866.235,0.0,18.575,0.0,0.0,red_box_quarter::red_box_1_75pct,0.0,0.0,0.0,ORACLE_GT10_CANDIDATE_GENERATION_FAIL,CANDIDATE_GENERATION_FAILURE_GT10,0.0,0.0,0.0,0.0,0.0,1.0
2026-01-26,2026-01-23,L4,RANGE_NORMAL_60_120,CLOSE_POS_UPPER_THIRD,ROWS_EXTENDED_11_PLUS,4987.98,PREV_CLOSE_PROXY,,NEUTRAL,5057.59,10.0,5.0,MODE_B_EMA_CHANNEL_DIRECTION_HEAVY,1.0,5079.925,5079.925,5079.925,0.0,22.335,0.0,0.0,green_box_edge::green_edge_3,MODE_B_EMA_CHANNEL_DIRECTION_HEAVY,5079.925,22.335,0.0,0.0,green_box_edge::green_edge_3,MODE_A_LIVE_PROXIMITY_HEAVY,REGIME_LEVEL_BROAD,62.430667,1.0,5079.925,5079.925,5079.925,0.0,22.335,0.0,0.0,green_box_edge::green_edge_3,0.0,0.0,0.0,ORACLE_GT10_CANDIDATE_GENERATION_FAIL,CANDIDATE_GENERATION_FAILURE_GT10,0.0,0.0,0.0,0.0,0.0,1.0
2026-01-26,2026-01-23,L5,RANGE_NORMAL_60_120,CLOSE_POS_UPPER_THIRD,ROWS_EXTENDED_11_PLUS,4987.98,PREV_CLOSE_PROXY,,NEUTRAL,5031.93,10.0,5.0,MODE_B_EMA_CHANNEL_DIRECTION_HEAVY,1.0,5049.8375,5049.8375,5049.8375,0.0,17.9075,0.0,0.0,green_box_midline::green_mid_3,MODE_B_EMA_CHANNEL_DIRECTION_HEAVY,5049.8375,17.9075,0.0,0.0,green_box_midline::green_mid_3,MODE_A_LIVE_PROXIMITY_HEAVY,REGIME_LEVEL_BROAD,58.411667,1.0,5049.8375,5049.8375,5049.8375,0.0,17.9075,0.0,0.0,green_box_midline::green_mid_3,0.0,0.0,0.0,ORACLE_GT10_CANDIDATE_GENERATION_FAIL,CANDIDATE_GENERATION_FAILURE_GT10,0.0,0.0,0.0,0.0,0.0,1.0
2026-01-26,2026-01-23,L6,RANGE_NORMAL_60_120,CLOSE_POS_UPPER_THIRD,ROWS_EXTENDED_11_PLUS,4987.98,PREV_CLOSE_PROXY,,NEUTRAL,5007.82,10.0,5.0,MODE_B_EMA_CHANNEL_DIRECTION_HEAVY,2.0,5034.79375,5034.79375,5034.79375,0.0,26.97375,0.0,0.0,green_box_quarter::green_box_3_25pct,MODE_B_EMA_CHANNEL_DIRECTION_HEAVY,4921.9875,85.8325,0.0,0.0,prior_range_fraction::prev_range_0.25,MODE_A_LIVE_PROXIMITY_HEAVY,REGIME_LEVEL_BROAD,59.073917,1.0,4921.9875,4921.9875,4921.9875,0.0,85.8325,0.0,0.0,prior_range_fraction::prev_range_0.25,58.85875,0.0,58.85875,ORACLE_GT10_CANDIDATE_GENERATION_FAIL,CANDIDATE_GENERATION_FAILURE_GT10,0.0,0.0,0.0,0.0,0.0,1.0
2026-01-26,2026-01-23,L7,RANGE_NORMAL_60_120,CLOSE_POS_UPPER_THIRD,ROWS_EXTENDED_11_PLUS,4987.98,PREV_CLOSE_PROXY,,NEUTRAL,4984.24,10.0,5.0,MODE_A_LIVE_PROXIMITY_HEAVY,2.0,5019.75,5019.75,5019.75,0.0,35.51,0.0,0.0,green_box_edge::green_edge_2,MODE_B_EMA_CHANNEL_DIRECTION_HEAVY,4899.4,84.84,0.0,0.0,prior_hlc::previous_low,MODE_B_EMA_CHANNEL_DIRECTION_HEAVY,REGIME_LEVEL_BROAD,58.352667,1.0,4899.4,4899.4,4899.4,0.0,84.84,0.0,0.0,prior_hlc::previous_low,49.33,0.0,49.33,ORACLE_GT10_CANDIDATE_GENERATION_FAIL,CANDIDATE_GENERATION_FAILURE_GT10,0.0,0.0,0.0,0.0,0.0,1.0
2026-01-27,2026-01-26,L4,RANGE_WIDE_120_220,CLOSE_POS_LOWER_THIRD,ROWS_STANDARD_9_10,5008.17,PREV_CLOSE_PROXY,,NEUTRAL,5064.63,5.0,5.0,MODE_B_EMA_CHANNEL_DIRECTION_HEAVY,1.0,5046.59625,5046.59625,5046.59625,0.0,18.03375,0.0,0.0,green_box_quarter::green_box_1_75pct,MODE_B_EMA_CHANNEL_DIRECTION_HEAVY,5046.59625,18.03375,0.0,0.0,green_box_quarter::green_box_1_75pct,MODE_A_LIVE_PROXIMITY_HEAVY,LEVEL_ONLY,63.960902,1.0,5046.59625,5046.59625,5046.59625,0.0,18.03375,0.0,0.0,green_box_quarter::green_box_1_75pct,0.0,0.0,0.0,ORACLE_GT10_CANDIDATE_GENERATION_FAIL,CANDIDATE_GENERATION_FAILURE_GT10,0.0,0.0,0.0,0.0,0.0,1.0
2026-01-27,2026-01-26,L5,RANGE_WIDE_120_220,CLOSE_POS_LOWER_THIRD,ROWS_STANDARD_9_10,5008.17,PREV_CLOSE_PROXY,,NEUTRAL,5033.46,5.0,5.0,MODE_C_BALANCED,1.0,5020.2075,5020.2075,5020.2075,0.0,13.2525,0.0,0.0,prior_range_fraction::prev_range_0.25,MODE_C_BALANCED,5020.2075,13.2525,0.0,0.0,prior_range_fraction::prev_range_0.25,MODE_B_EMA_CHANNEL_DIRECTION_HEAVY,LEVEL_ONLY,65.499,1.0,5020.2075,5020.2075,5020.2075,0.0,13.2525,0.0,0.0,prior_range_fraction::prev_range_0.25,0.0,0.0,0.0,ORACLE_GT10_CANDIDATE_GENERATION_FAIL,CANDIDATE_GENERATION_FAILURE_GT10,0.0,0.0,0.0,0.0,0.0,1.0
2026-01-27,2026-01-26,L6,RANGE_WIDE_120_220,CLOSE_POS_LOWER_THIRD,ROWS_STANDARD_9_10,5008.17,PREV_CLOSE_PROXY,,NEUTRAL,4998.75,5.0,5.0,MODE_D_NEAREST_VALID_LADDER,1.0,4989.93,4989.93,4989.93,0.0,8.82,0.0,0.0,prior_hlc::previous_low,MODE_D_NEAREST_VALID_LADDER,4989.93,8.82,0.0,0.0,prior_hlc::previous_low,MODE_D_NEAREST_VALID_LADDER,LEVEL_ONLY,62.290125,1.0,4989.93,4989.93,4989.93,0.0,8.82,0.0,0.0,prior_hlc::previous_low,0.0,0.0,0.0,ORACLE_WITHIN_10,ORACLE_ONLY_REDUCES_ERROR_NOT_WITHIN_5,0.0,0.0,0.0,0.0,0.0,0.0
2026-01-27,2026-01-26,L7,RANGE_WIDE_120_220,CLOSE_POS_LOWER_THIRD,ROWS_STANDARD_9_10,5008.17,PREV_CLOSE_PROXY,,NEUTRAL,4958.82,5.0,5.0,MODE_B_EMA_CHANNEL_DIRECTION_HEAVY,1.0,4959.93,4959.93,4959.93,0.0,1.11,1.0,1.0,red_box_edge::red_edge_2,MODE_B_EMA_CHANNEL_DIRECTION_HEAVY,4959.93,1.11,1.0,1.0,red_box_edge::red_edge_2,MODE_C_BALANCED,LEVEL_ONLY,61.17407,1.0,4959.93,4959.93,4959.93,0.0,1.11,1.0,1.0,red_box_edge::red_edge_2,0.0,0.0,0.0,ORACLE_WITHIN_3,ROUTER_ACCEPTABLE_WITHIN_5,1.0,1.0,0.0,0.0,0.0,0.0
2026-01-28,2026-01-27,L4,RANGE_WIDE_120_220,CLOSE_POS_UPPER_THIRD,ROWS_STANDARD_9_10,5181.22,PREV_CLOSE_PROXY,,NEUTRAL,5243.94,10.0,5.0,MODE_C_BALANCED,1.0,5168.534375,5168.37625,5168.6925,0.31625,75.405625,0.0,0.0,prior_range_fraction::prev_range_0.875 | green_box_midline::green_mid_2,MODE_C_BALANCED,5168.534375,75.405625,0.0,0.0,prior_range_fraction::prev_range_0.875 | green_box_midline::green_mid_2,MODE_A_LIVE_PROXIMITY_HEAVY,LEVEL_ONLY,63.703981,1.0,5168.534375,5168.37625,5168.6925,0.31625,75.405625,0.0,0.0,prior_range_fraction::prev_range_0.875 | green_box_midline::green_mid_2,0.0,0.0,0.0,ORACLE_GT10_CANDIDATE_GENERATION_FAIL,CANDIDATE_GENERATION_FAILURE_GT10,0.0,0.0,0.0,0.0,0.0,1.0
2026-01-28,2026-01-27,L5,RANGE_WIDE_120_220,CLOSE_POS_UPPER_THIRD,ROWS_STANDARD_9_10,5181.22,PREV_CLOSE_PROXY,,NEUTRAL,5212.86,10.0,5.0,MODE_C_BALANCED,1.0,5140.725625,5138.6925,5142.75875,4.06625,72.134375,0.0,0.0,red_box_midline::red_mid_1 | green_box_quarter::green_box_2_25pct,MODE_C_BALANCED,5140.725625,72.134375,0.0,0.0,red_box_midline::red_mid_1 | green_box_quarter::green_box_2_25pct,MODE_B_EMA_CHANNEL_DIRECTION_HEAVY,LEVEL_ONLY,65.337877,1.0,5140.725625,5138.6925,5142.75875,4.06625,72.134375,0.0,0.0,red_box_midline::red_mid_1 | green_box_quarter::green_box_2_25pct,0.0,0.0,0.0,ORACLE_GT10_CANDIDATE_GENERATION_FAIL,CANDIDATE_GENERATION_FAILURE_GT10,0.0,0.0,0.0,0.0,0.0,1.0
2026-01-28,2026-01-27,L6,RANGE_WIDE_120_220,CLOSE_POS_UPPER_THIRD,ROWS_STANDARD_9_10,5181.22,PREV_CLOSE_PROXY,,NEUTRAL,5180.87,15.0,5.0,MODE_C_BALANCED,1.0,5138.6925,5138.6925,5138.6925,0.0,42.1775,0.0,0.0,red_box_midline::red_mid_1,MODE_C_BALANCED,5138.6925,42.1775,0.0,0.0,red_box_midline::red_mid_1,MODE_D_NEAREST_VALID_LADDER,LEVEL_ONLY,62.278784,1.0,5138.6925,5138.6925,5138.6925,0.0,42.1775,0.0,0.0,red_box_midline::red_mid_1,0.0,0.0,0.0,ORACLE_GT10_CANDIDATE_GENERATION_FAIL,CANDIDATE_GENERATION_FAILURE_GT10,0.0,0.0,0.0,0.0,0.0,1.0
2026-01-28,2026-01-27,L7,RANGE_WIDE_120_220,CLOSE_POS_UPPER_THIRD,ROWS_STANDARD_9_10,5181.22,PREV_CLOSE_PROXY,,NEUTRAL,5152.26,20.0,5.0,MODE_B_EMA_CHANNEL_DIRECTION_HEAVY,2.0,5112.75875,5112.75875,5112.75875,0.0,39.50125,0.0,0.0,red_box_quarter::red_box_1_75pct,MODE_C_BALANCED,5090.89125,61.36875,0.0,0.0,green_box_quarter::green_box_1_75pct,MODE_C_BALANCED,LEVEL_ONLY,61.68525,1.0,5090.89125,5090.89125,5090.89125,0.0,61.36875,0.0,0.0,green_box_quarter::green_box_1_75pct,21.8675,0.0,21.8675,ORACLE_GT10_CANDIDATE_GENERATION_FAIL,CANDIDATE_GENERATION_FAILURE_GT10,0.0,0.0,0.0,0.0,0.0,1.0
2026-01-29,2026-01-28,L4,RANGE_EXTREME_220_PLUS,CLOSE_POS_UPPER_THIRD,ROWS_SPARSE_1_8,5417.12,PREV_CLOSE_PROXY,,NEUTRAL,5354.75,10.0,5.0,MODE_C_BALANCED,1.0,5303.23,5303.23,5303.23,0.0,51.52,0.0,0.0,green_box_edge::green_edge_1,MODE_C_BALANCED,5303.23,51.52,0.0,0.0,green_box_edge::green_edge_1,MODE_A_LIVE_PROXIMITY_HEAVY,LEVEL_ONLY,63.368192,1.0,5303.23,5303.23,5303.23,0.0,51.52,0.0,0.0,green_box_edge::green_edge_1,0.0,0.0,0.0,ORACLE_GT10_CANDIDATE_GENERATION_FAIL,CANDIDATE_GENERATION_FAILURE_GT10,0.0,0.0,0.0,0.0,0.0,1.0
2026-01-29,2026-01-28,L5,RANGE_EXTREME_220_PLUS,CLOSE_POS_UPPER_THIRD,ROWS_SPARSE_1_8,5417.12,PREV_CLOSE_PROXY,,NEUTRAL,5309.52,10.0,5.0,MODE_B_EMA_CHANNEL_DIRECTION_HEAVY,2.0,5273.23,5273.23,5273.23,0.0,36.29,0.0,0.0,red_box_edge::red_edge_1,MODE_B_EMA_CHANNEL_DIRECTION_HEAVY,5417.12,107.6,0.0,0.0,prior_hlc::previous_close,MODE_B_EMA_CHANNEL_DIRECTION_HEAVY,LEVEL_ONLY,65.198006,1.0,5417.12,5417.12,5417.12,0.0,107.6,0.0,0.0,prior_hlc::previous_close,71.31,0.0,71.31,ORACLE_GT10_CANDIDATE_GENERATION_FAIL,CANDIDATE_GENERATION_FAILURE_GT10,0.0,0.0,0.0,0.0,0.0,1.0
2026-01-29,2026-01-28,L6,RANGE_EXTREME_220_PLUS,CLOSE_POS_UPPER_THIRD,ROWS_SPARSE_1_8,5417.12,PREV_CLOSE_PROXY,,NEUTRAL,5250.84,10.0,5.0,MODE_B_EMA_CHANNEL_DIRECTION_HEAVY,1.0,5244.619913,5244.619913,5244.619913,0.0,6.220087,0.0,0.0,prior_range_fraction::prev_range_0.333333,MODE_B_EMA_CHANNEL_DIRECTION_HEAVY,5244.619913,6.220087,0.0,0.0,prior_range_fraction::prev_range_0.333333,MODE_D_NEAREST_VALID_LADDER,LEVEL_ONLY,62.151405,1.0,5244.619913,5244.619913,5244.619913,0.0,6.220087,0.0,0.0,prior_range_fraction::prev_range_0.333333,0.0,0.0,0.0,ORACLE_WITHIN_10,ORACLE_ONLY_REDUCES_ERROR_NOT_WITHIN_5,0.0,0.0,0.0,0.0,0.0,0.0
2026-01-29,2026-01-28,L7,RANGE_EXTREME_220_PLUS,CLOSE_POS_UPPER_THIRD,ROWS_SPARSE_1_8,5417.12,PREV_CLOSE_PROXY,,NEUTRAL,5202.3,10.0,5.0,MODE_B_EMA_CHANNEL_DIRECTION_HEAVY,1.0,5222.815,5222.815,5222.815,0.0,20.515,0.0,0.0,prior_range_fraction::prev_range_0.25,MODE_B_EMA_CHANNEL_DIRECTION_HEAVY,5222.815,20.515,0.0,0.0,prior_range_fraction::prev_range_0.25,MODE_C_BALANCED,LEVEL_ONLY,61.44208,1.0,5222.815,5222.815,5222.815,0.0,20.515,0.0,0.0,prior_range_fraction::prev_range_0.25,0.0,0.0,0.0,ORACLE_GT10_CANDIDATE_GENERATION_FAIL,CANDIDATE_GENERATION_FAILURE_GT10,0.0,0.0,0.0,0.0,0.0,1.0
2026-01-30,2026-01-29,L4,RANGE_EXTREME_220_PLUS,CLOSE_POS_MIDDLE_THIRD,ROWS_STANDARD_9_10,5370.92,PREV_CLOSE_PROXY,,NEUTRAL,5502.93,15.0,5.0,MODE_B_EMA_CHANNEL_DIRECTION_HEAVY,1.0,5475.085,5475.085,5475.085,0.0,27.845,0.0,0.0,prior_range_fraction::prev_range_0.75,MODE_B_EMA_CHANNEL_DIRECTION_HEAVY,5475.085,27.845,0.0,0.0,prior_range_fraction::prev_range_0.75,MODE_A_LIVE_PROXIMITY_HEAVY,LEVEL_ONLY,63.034306,1.0,5366.79,5366.79,5366.79,0.0,136.14,0.0,0.0,green_box_edge::green_edge_1,108.295,108.295,0.0,ORACLE_GT10_CANDIDATE_GENERATION_FAIL,CANDIDATE_GENERATION_FAILURE_GT10,0.0,0.0,0.0,0.0,0.0,1.0
2026-01-30,2026-01-29,L5,RANGE_EXTREME_220_PLUS,CLOSE_POS_MIDDLE_THIRD,ROWS_STANDARD_9_10,5370.92,PREV_CLOSE_PROXY,,NEUTRAL,5453.11,15.0,5.0,MODE_B_EMA_CHANNEL_DIRECTION_HEAVY,1.0,5402.1875,5402.1875,5402.1875,0.0,50.9225,0.0,0.0,red_box_quarter::red_box_1_75pct,MODE_B_EMA_CHANNEL_DIRECTION_HEAVY,5402.1875,50.9225,0.0,0.0,red_box_quarter::red_box_1_75pct,MODE_B_EMA_CHANNEL_DIRECTION_HEAVY,LEVEL_ONLY,65.060548,1.0,5402.1875,5402.1875,5402.1875,0.0,50.9225,0.0,0.0,red_box_quarter::red_box_1_75pct,0.0,0.0,0.0,ORACLE_GT10_CANDIDATE_GENERATION_FAIL,CANDIDATE_GENERATION_FAILURE_GT10,0.0,0.0,0.0,0.0,0.0,1.0
2026-01-30,2026-01-29,L6,RANGE_EXTREME_220_PLUS,CLOSE_POS_MIDDLE_THIRD,ROWS_STANDARD_9_10,5370.92,PREV_CLOSE_PROXY,,NEUTRAL,5400.77,10.0,5.0,MODE_C_BALANCED,1.0,5269.593169,5269.593169,5269.593169,0.0,131.176831,0.0,0.0,prior_range_fraction::prev_range_0.333333,MODE_C_BALANCED,5269.593169,131.176831,0.0,0.0,prior_range_fraction::prev_range_0.333333,MODE_D_NEAREST_VALID_LADDER,LEVEL_ONLY,62.143428,1.0,5269.593169,5269.593169,5269.593169,0.0,131.176831,0.0,0.0,prior_range_fraction::prev_range_0.333333,0.0,0.0,0.0,ORACLE_GT10_CANDIDATE_GENERATION_FAIL,CANDIDATE_GENERATION_FAILURE_GT10,0.0,0.0,0.0,0.0,0.0,1.0
2026-01-30,2026-01-29,L7,RANGE_EXTREME_220_PLUS,CLOSE_POS_MIDDLE_THIRD,ROWS_STANDARD_9_10,5370.92,PREV_CLOSE_PROXY,,NEUTRAL,5349.51,15.0,5.0,MODE_B_EMA_CHANNEL_DIRECTION_HEAVY,3.0,5228.495,5228.495,5228.495,0.0,121.015,0.0,0.0,prior_range_fraction::prev_range_0.25,MODE_B_EMA_CHANNEL_DIRECTION_HEAVY,5205.995,143.515,0.0,0.0,red_box_midline::red_mid_2,MODE_C_BALANCED,LEVEL_ONLY,61.021018,1.0,5205.995,5205.995,5205.995,0.0,143.515,0.0,0.0,red_box_midline::red_mid_2,22.5,0.0,22.5,ORACLE_GT10_CANDIDATE_GENERATION_FAIL,CANDIDATE_GENERATION_FAILURE_GT10,0.0,0.0,0.0,0.0,0.0,1.0
2026-02-02,2026-01-30,L4,RANGE_EXTREME_220_PLUS,CLOSE_POS_LOWER_THIRD,ROWS_EXTENDED_11_PLUS,4885.18,PREV_CLOSE_PROXY,,NEUTRAL,4926.32,5.0,5.0,MODE_B_EMA_CHANNEL_DIRECTION_HEAVY,1.0,5083.835,5083.835,5083.835,0.0,157.515,0.0,0.0,green_box_edge::green_edge_1,MODE_B_EMA_CHANNEL_DIRECTION_HEAVY,5083.835,157.515,0.0,0.0,green_box_edge::green_edge_1,MODE_A_LIVE_PROXIMITY_HEAVY,LEVEL_ONLY,62.769127,1.0,5083.835,5083.835,5083.835,0.0,157.515,0.0,0.0,green_box_edge::green_edge_1,0.0,0.0,0.0,ORACLE_GT10_CANDIDATE_GENERATION_FAIL,CANDIDATE_GENERATION_FAILURE_GT10,0.0,0.0,0.0,0.0,0.0,1.0
2026-02-02,2026-01-30,L5,RANGE_EXTREME_220_PLUS,CLOSE_POS_LOWER_THIRD,ROWS_EXTENDED_11_PLUS,4885.18,PREV_CLOSE_PROXY,,NEUTRAL,4879.19,5.0,5.0,MODE_C_BALANCED,1.0,5053.835,5053.835,5053.835,0.0,174.645,0.0,0.0,red_box_edge::red_edge_1,MODE_C_BALANCED,5053.835,174.645,0.0,0.0,red_box_edge::red_edge_1,MODE_B_EMA_CHANNEL_DIRECTION_HEAVY,LEVEL_ONLY,64.833917,1.0,5053.835,5053.835,5053.835,0.0,174.645,0.0,0.0,red_box_edge::red_edge_1,0.0,0.0,0.0,ORACLE_GT10_CANDIDATE_GENERATION_FAIL,CANDIDATE_GENERATION_FAILURE_GT10,0.0,0.0,0.0,0.0,0.0,1.0
2026-02-02,2026-01-30,L6,RANGE_EXTREME_220_PLUS,CLOSE_POS_LOWER_THIRD,ROWS_EXTENDED_11_PLUS,4885.18,PREV_CLOSE_PROXY,,NEUTRAL,4831.95,5.0,5.0,MODE_C_BALANCED,1.0,4941.473079,4941.473079,4941.473079,0.0,109.523079,0.0,0.0,prior_range_fraction::prev_range_0.333333,MODE_C_BALANCED,4941.473079,109.523079,0.0,0.0,prior_range_fraction::prev_range_0.333333,MODE_D_NEAREST_VALID_LADDER,LEVEL_ONLY,62.019292,1.0,4941.473079,4941.473079,4941.473079,0.0,109.523079,0.0,0.0,prior_range_fraction::prev_range_0.333333,0.0,0.0,0.0,ORACLE_GT10_CANDIDATE_GENERATION_FAIL,CANDIDATE_GENERATION_FAILURE_GT10,0.0,0.0,0.0,0.0,0.0,1.0
2026-02-02,2026-01-30,L7,RANGE_EXTREME_220_PLUS,CLOSE_POS_LOWER_THIRD,ROWS_EXTENDED_11_PLUS,4885.18,PREV_CLOSE_PROXY,,NEUTRAL,4780.49,5.0,5.0,MODE_B_EMA_CHANNEL_DIRECTION_HEAVY,1.0,4877.7925,4877.7925,4877.7925,0.0,97.3025,0.0,0.0,prior_range_fraction::prev_range_0.25,MODE_B_EMA_CHANNEL_DIRECTION_HEAVY,4877.7925,97.3025,0.0,0.0,prior_range_fraction::prev_range_0.25,MODE_C_BALANCED,LEVEL_ONLY,60.601988,1.0,4877.7925,4877.7925,4877.7925,0.0,97.3025,0.0,0.0,prior_range_fraction::prev_range_0.25,0.0,0.0,0.0,ORACLE_GT10_CANDIDATE_GENERATION_FAIL,CANDIDATE_GENERATION_FAILURE_GT10,0.0,0.0,0.0,0.0,0.0,1.0
2026-02-03,2026-02-02,L4,RANGE_EXTREME_220_PLUS,CLOSE_POS_MIDDLE_THIRD,ROWS_EXTENDED_11_PLUS,4660.96,PREV_CLOSE_PROXY,,NEUTRAL,4884.57,5.0,5.0,MODE_B_EMA_CHANNEL_DIRECTION_HEAVY,1.0,4786.65,4786.65,4786.65,0.0,97.92,0.0,0.0,green_box_midline::green_mid_2,MODE_B_EMA_CHANNEL_DIRECTION_HEAVY,4786.65,97.92,0.0,0.0,green_box_midline::green_mid_2,MODE_A_LIVE_PROXIMITY_HEAVY,LEVEL_ONLY,62.505721,1.0,4786.65,4786.65,4786.65,0.0,97.92,0.0,0.0,green_box_midline::green_mid_2,0.0,0.0,0.0,ORACLE_GT10_CANDIDATE_GENERATION_FAIL,CANDIDATE_GENERATION_FAILURE_GT10,0.0,0.0,0.0,0.0,0.0,1.0
2026-02-03,2026-02-02,L5,RANGE_EXTREME_220_PLUS,CLOSE_POS_MIDDLE_THIRD,ROWS_EXTENDED_11_PLUS,4660.96,PREV_CLOSE_PROXY,,NEUTRAL,4848.53,5.0,5.0,MODE_C_BALANCED,1.0,4756.65,4756.65,4756.65,0.0,91.88,0.0,0.0,red_box_midline::red_mid_1,MODE_C_BALANCED,4756.65,91.88,0.0,0.0,red_box_midline::red_mid_1,MODE_B_EMA_CHANNEL_DIRECTION_HEAVY,LEVEL_ONLY,64.609529,1.0,4756.65,4756.65,4756.65,0.0,91.88,0.0,0.0,red_box_midline::red_mid_1,0.0,0.0,0.0,ORACLE_GT10_CANDIDATE_GENERATION_FAIL,CANDIDATE_GENERATION_FAILURE_GT10,0.0,0.0,0.0,0.0,0.0,1.0
2026-02-03,2026-02-02,L6,RANGE_EXTREME_220_PLUS,CLOSE_POS_MIDDLE_THIRD,ROWS_EXTENDED_11_PLUS,4660.96,PREV_CLOSE_PROXY,,NEUTRAL,4805.99,5.0,5.0,MODE_B_EMA_CHANNEL_DIRECTION_HEAVY,1.0,4692.705,4692.705,4692.705,0.0,113.285,0.0,0.0,red_box_quarter::red_box_1_75pct,MODE_B_EMA_CHANNEL_DIRECTION_HEAVY,4692.705,113.285,0.0,0.0,red_box_quarter::red_box_1_75pct,MODE_D_NEAREST_VALID_LADDER,LEVEL_ONLY,61.896691,1.0,4692.705,4692.705,4692.705,0.0,113.285,0.0,0.0,red_box_quarter::red_box_1_75pct,0.0,0.0,0.0,ORACLE_GT10_CANDIDATE_GENERATION_FAIL,CANDIDATE_GENERATION_FAILURE_GT10,0.0,0.0,0.0,0.0,0.0,1.0
2026-02-03,2026-02-02,L7,RANGE_EXTREME_220_PLUS,CLOSE_POS_MIDDLE_THIRD,ROWS_EXTENDED_11_PLUS,4660.96,PREV_CLOSE_PROXY,,NEUTRAL,4768.25,5.0,5.0,MODE_B_EMA_CHANNEL_DIRECTION_HEAVY,1.0,4643.76,4643.76,4643.76,0.0,124.49,0.0,0.0,prior_hlc::previous_mid,MODE_B_EMA_CHANNEL_DIRECTION_HEAVY,4643.76,124.49,0.0,0.0,prior_hlc::previous_mid,MODE_B_EMA_CHANNEL_DIRECTION_HEAVY,LEVEL_ONLY,59.808833,1.0,4643.76,4643.76,4643.76,0.0,124.49,0.0,0.0,prior_hlc::previous_mid,0.0,0.0,0.0,ORACLE_GT10_CANDIDATE_GENERATION_FAIL,CANDIDATE_GENERATION_FAILURE_GT10,0.0,0.0,0.0,0.0,0.0,1.0
2026-02-04,2026-02-03,L4,RANGE_EXTREME_220_PLUS,CLOSE_POS_UPPER_THIRD,ROWS_STANDARD_9_10,4946.72,PREV_CLOSE_PROXY,,NEUTRAL,4996.14,5.0,5.0,MODE_C_BALANCED,1.0,4912.005,4912.005,4912.005,0.0,84.135,0.0,0.0,prior_range_fraction::prev_range_0.75,MODE_C_BALANCED,4912.005,84.135,0.0,0.0,prior_range_fraction::prev_range_0.75,MODE_A_LIVE_PROXIMITY_HEAVY,LEVEL_ONLY,62.421838,1.0,4912.005,4912.005,4912.005,0.0,84.135,0.0,0.0,prior_range_fraction::prev_range_0.75,0.0,0.0,0.0,ORACLE_GT10_CANDIDATE_GENERATION_FAIL,CANDIDATE_GENERATION_FAILURE_GT10,0.0,0.0,0.0,0.0,0.0,1.0
2026-02-04,2026-02-03,L5,RANGE_EXTREME_220_PLUS,CLOSE_POS_UPPER_THIRD,ROWS_STANDARD_9_10,4946.72,PREV_CLOSE_PROXY,,NEUTRAL,4948.43,5.0,5.0,MODE_C_BALANCED,1.0,4859.7675,4859.7675,4859.7675,0.0,88.6625,0.0,0.0,red_box_quarter::red_box_1_75pct,MODE_C_BALANCED,4859.7675,88.6625,0.0,0.0,red_box_quarter::red_box_1_75pct,MODE_B_EMA_CHANNEL_DIRECTION_HEAVY,LEVEL_ONLY,64.233966,1.0,4859.7675,4859.7675,4859.7675,0.0,88.6625,0.0,0.0,red_box_quarter::red_box_1_75pct,0.0,0.0,0.0,ORACLE_GT10_CANDIDATE_GENERATION_FAIL,CANDIDATE_GENERATION_FAILURE_GT10,0.0,0.0,0.0,0.0,0.0,1.0
2026-02-04,2026-02-03,L6,RANGE_EXTREME_220_PLUS,CLOSE_POS_UPPER_THIRD,ROWS_STANDARD_9_10,4946.72,PREV_CLOSE_PROXY,,NEUTRAL,4900.2,5.0,5.0,MODE_B_EMA_CHANNEL_DIRECTION_HEAVY,1.0,4775.379891,4775.379891,4775.379891,0.0,124.820109,0.0,0.0,prior_range_fraction::prev_range_0.333333,MODE_B_EMA_CHANNEL_DIRECTION_HEAVY,4775.379891,124.820109,0.0,0.0,prior_range_fraction::prev_range_0.333333,MODE_D_NEAREST_VALID_LADDER,LEVEL_ONLY,61.780823,1.0,4775.379891,4775.379891,4775.379891,0.0,124.820109,0.0,0.0,prior_range_fraction::prev_range_0.333333,0.0,0.0,0.0,ORACLE_GT10_CANDIDATE_GENERATION_FAIL,CANDIDATE_GENERATION_FAILURE_GT10,0.0,0.0,0.0,0.0,0.0,1.0
2026-02-04,2026-02-03,L7,RANGE_EXTREME_220_PLUS,CLOSE_POS_UPPER_THIRD,ROWS_STANDARD_9_10,4946.72,PREV_CLOSE_PROXY,,NEUTRAL,4851.46,5.0,5.0,MODE_B_EMA_CHANNEL_DIRECTION_HEAVY,1.0,4725.555,4725.555,4725.555,0.0,125.905,0.0,0.0,red_box_midline::red_mid_2,MODE_B_EMA_CHANNEL_DIRECTION_HEAVY,4725.555,125.905,0.0,0.0,red_box_midline::red_mid_2,MODE_B_EMA_CHANNEL_DIRECTION_HEAVY,LEVEL_ONLY,59.691,1.0,4725.555,4725.555,4725.555,0.0,125.905,0.0,0.0,red_box_midline::red_mid_2,0.0,0.0,0.0,ORACLE_GT10_CANDIDATE_GENERATION_FAIL,CANDIDATE_GENERATION_FAILURE_GT10,0.0,0.0,0.0,0.0,0.0,1.0
2026-02-05,2026-02-04,L4,RANGE_EXTREME_220_PLUS,CLOSE_POS_MIDDLE_THIRD,ROWS_EXTENDED_11_PLUS,4964.74,PREV_CLOSE_PROXY,,NEUTRAL,4990.45,5.0,5.0,MODE_C_BALANCED,1.0,5091.92,5091.92,5091.92,0.0,101.47,0.0,0.0,prior_hlc::previous_high,MODE_C_BALANCED,5091.92,101.47,0.0,0.0,prior_hlc::previous_high,MODE_A_LIVE_PROXIMITY_HEAVY,LEVEL_ONLY,62.339607,1.0,5091.92,5091.92,5091.92,0.0,101.47,0.0,0.0,prior_hlc::previous_high,0.0,0.0,0.0,ORACLE_GT10_CANDIDATE_GENERATION_FAIL,CANDIDATE_GENERATION_FAILURE_GT10,0.0,0.0,0.0,0.0,0.0,1.0
2026-02-05,2026-02-04,L5,RANGE_EXTREME_220_PLUS,CLOSE_POS_MIDDLE_THIRD,ROWS_EXTENDED_11_PLUS,4964.74,PREV_CLOSE_PROXY,,NEUTRAL,4944.86,5.0,5.0,MODE_B_EMA_CHANNEL_DIRECTION_HEAVY,1.0,5087.9025,5087.9025,5087.9025,0.0,143.0425,0.0,0.0,green_box_quarter::green_box_2_75pct,MODE_B_EMA_CHANNEL_DIRECTION_HEAVY,5087.9025,143.0425,0.0,0.0,green_box_quarter::green_box_2_75pct,MODE_B_EMA_CHANNEL_DIRECTION_HEAVY,LEVEL_ONLY,63.860494,1.0,5087.9025,5087.9025,5087.9025,0.0,143.0425,0.0,0.0,green_box_quarter::green_box_2_75pct,0.0,0.0,0.0,ORACLE_GT10_CANDIDATE_GENERATION_FAIL,CANDIDATE_GENERATION_FAILURE_GT10,0.0,0.0,0.0,0.0,0.0,1.0
2026-02-05,2026-02-04,L6,RANGE_EXTREME_220_PLUS,CLOSE_POS_MIDDLE_THIRD,ROWS_EXTENDED_11_PLUS,4964.74,PREV_CLOSE_PROXY,,NEUTRAL,4896.2,5.0,5.0,MODE_B_EMA_CHANNEL_DIRECTION_HEAVY,1.0,5057.9025,5057.9025,5057.9025,0.0,161.7025,0.0,0.0,red_box_quarter::red_box_1_25pct,MODE_B_EMA_CHANNEL_DIRECTION_HEAVY,5057.9025,161.7025,0.0,0.0,red_box_quarter::red_box_1_25pct,MODE_D_NEAREST_VALID_LADDER,LEVEL_ONLY,61.666385,1.0,5057.9025,5057.9025,5057.9025,0.0,161.7025,0.0,0.0,red_box_quarter::red_box_1_25pct,0.0,0.0,0.0,ORACLE_GT10_CANDIDATE_GENERATION_FAIL,CANDIDATE_GENERATION_FAILURE_GT10,0.0,0.0,0.0,0.0,0.0,1.0
2026-02-05,2026-02-04,L7,RANGE_EXTREME_220_PLUS,CLOSE_POS_MIDDLE_THIRD,ROWS_EXTENDED_11_PLUS,4964.74,PREV_CLOSE_PROXY,,NEUTRAL,4843.94,5.0,5.0,MODE_E_SPACING_PRESERVATION,1.0,5031.385,5031.385,5031.385,0.0,187.445,0.0,0.0,prior_range_fraction::prev_range_0.75,MODE_E_SPACING_PRESERVATION,5031.385,187.445,0.0,0.0,prior_range_fraction::prev_range_0.75,MODE_B_EMA_CHANNEL_DIRECTION_HEAVY,LEVEL_ONLY,59.53198,1.0,5031.385,5031.385,5031.385,0.0,187.445,0.0,0.0,prior_range_fraction::prev_range_0.75,0.0,0.0,0.0,ORACLE_GT10_CANDIDATE_GENERATION_FAIL,CANDIDATE_GENERATION_FAILURE_GT10,0.0,0.0,0.0,0.0,0.0,1.0
2026-02-06,2026-02-05,L4,RANGE_EXTREME_220_PLUS,CLOSE_POS_LOWER_THIRD,ROWS_EXTENDED_11_PLUS,4779.46,PREV_CLOSE_PROXY,,NEUTRAL,4897.44,10.0,5.0,MODE_C_BALANCED,1.0,4906.79,4906.79,4906.79,0.0,9.35,0.0,0.0,green_box_edge::green_edge_1,MODE_C_BALANCED,4906.79,9.35,0.0,0.0,green_box_edge::green_edge_1,MODE_A_LIVE_PROXIMITY_HEAVY,LEVEL_ONLY,62.222721,1.0,4906.79,4906.79,4906.79,0.0,9.35,0.0,0.0,green_box_edge::green_edge_1,0.0,0.0,0.0,ORACLE_WITHIN_10,ORACLE_ONLY_REDUCES_ERROR_NOT_WITHIN_5,0.0,0.0,0.0,0.0,0.0,0.0
2026-02-06,2026-02-05,L5,RANGE_EXTREME_220_PLUS,CLOSE_POS_LOWER_THIRD,ROWS_EXTENDED_11_PLUS,4779.46,PREV_CLOSE_PROXY,,NEUTRAL,4854.08,10.0,5.0,MODE_C_BALANCED,2.0,4876.79,4876.79,4876.79,0.0,22.71,0.0,0.0,red_box_edge::red_edge_1,MODE_C_BALANCED,4825.805,28.275,0.0,0.0,prior_range_fraction::prev_range_0.25,MODE_B_EMA_CHANNEL_DIRECTION_HEAVY,LEVEL_ONLY,63.769476,1.0,4825.805,4825.805,4825.805,0.0,28.275,0.0,0.0,prior_range_fraction::prev_range_0.25,5.565,0.0,5.565,ORACLE_GT10_CANDIDATE_GENERATION_FAIL,CANDIDATE_GENERATION_FAILURE_GT10,0.0,0.0,0.0,0.0,0.0,1.0
2026-02-06,2026-02-05,L6,RANGE_EXTREME_220_PLUS,CLOSE_POS_LOWER_THIRD,ROWS_EXTENDED_11_PLUS,4779.46,PREV_CLOSE_PROXY,,NEUTRAL,4803.0,10.0,5.0,MODE_A_LIVE_PROXIMITY_HEAVY,1.0,4803.305,4803.305,4803.305,0.0,0.305,1.0,1.0,red_box_midline::red_mid_2,MODE_A_LIVE_PROXIMITY_HEAVY,4803.305,0.305,1.0,1.0,red_box_midline::red_mid_2,MODE_D_NEAREST_VALID_LADDER,LEVEL_ONLY,61.495955,1.0,4803.305,4803.305,4803.305,0.0,0.305,1.0,1.0,red_box_midline::red_mid_2,0.0,0.0,0.0,ORACLE_WITHIN_3,ROUTER_ACCEPTABLE_WITHIN_5,1.0,1.0,0.0,0.0,0.0,0.0
2026-02-06,2026-02-05,L7,RANGE_EXTREME_220_PLUS,CLOSE_POS_LOWER_THIRD,ROWS_EXTENDED_11_PLUS,4779.46,PREV_CLOSE_PROXY,,NEUTRAL,4746.79,10.0,5.0,MODE_C_BALANCED,1.0,4792.8125,4792.8125,4792.8125,0.0,46.0225,0.0,0.0,prior_range_fraction::prev_range_0.125,MODE_C_BALANCED,4792.8125,46.0225,0.0,0.0,prior_range_fraction::prev_range_0.125,MODE_B_EMA_CHANNEL_DIRECTION_HEAVY,LEVEL_ONLY,59.37483,1.0,4792.8125,4792.8125,4792.8125,0.0,46.0225,0.0,0.0,prior_range_fraction::prev_range_0.125,0.0,0.0,0.0,ORACLE_GT10_CANDIDATE_GENERATION_FAIL,CANDIDATE_GENERATION_FAILURE_GT10,0.0,0.0,0.0,0.0,0.0,1.0
2026-02-09,2026-02-06,L4,RANGE_EXTREME_220_PLUS,CLOSE_POS_UPPER_THIRD,ROWS_STANDARD_9_10,4965.74,PREV_CLOSE_PROXY,,NEUTRAL,4956.67,5.0,5.0,MODE_B_EMA_CHANNEL_DIRECTION_HEAVY,1.0,4971.43,4971.43,4971.43,0.0,14.76,0.0,0.0,prior_hlc::previous_high,MODE_B_EMA_CHANNEL_DIRECTION_HEAVY,4971.43,14.76,0.0,0.0,prior_hlc::previous_high,MODE_A_LIVE_PROXIMITY_HEAVY,LEVEL_ONLY,62.204001,1.0,4971.43,4971.43,4971.43,0.0,14.76,0.0,0.0,prior_hlc::previous_high,0.0,0.0,0.0,ORACLE_GT10_CANDIDATE_GENERATION_FAIL,CANDIDATE_GENERATION_FAILURE_GT10,0.0,0.0,0.0,0.0,0.0,1.0
2026-02-09,2026-02-06,L5,RANGE_EXTREME_220_PLUS,CLOSE_POS_UPPER_THIRD,ROWS_STANDARD_9_10,4965.74,PREV_CLOSE_PROXY,,NEUTRAL,4905.52,5.0,5.0,MODE_B_EMA_CHANNEL_DIRECTION_HEAVY,1.0,4928.17625,4928.17625,4928.17625,0.0,22.65625,0.0,0.0,red_box_quarter::red_box_1_25pct,MODE_B_EMA_CHANNEL_DIRECTION_HEAVY,4928.17625,22.65625,0.0,0.0,red_box_quarter::red_box_1_25pct,MODE_B_EMA_CHANNEL_DIRECTION_HEAVY,LEVEL_ONLY,63.68041,1.0,4928.17625,4928.17625,4928.17625,0.0,22.65625,0.0,0.0,red_box_quarter::red_box_1_25pct,0.0,0.0,0.0,ORACLE_GT10_CANDIDATE_GENERATION_FAIL,CANDIDATE_GENERATION_FAILURE_GT10,0.0,0.0,0.0,0.0,0.0,1.0
2026-02-09,2026-02-06,L6,RANGE_EXTREME_220_PLUS,CLOSE_POS_UPPER_THIRD,ROWS_STANDARD_9_10,4965.74,PREV_CLOSE_PROXY,,NEUTRAL,4853.78,5.0,5.0,MODE_C_BALANCED,1.0,4884.9225,4884.9225,4884.9225,0.0,31.1425,0.0,0.0,red_box_midline::red_mid_1,MODE_C_BALANCED,4884.9225,31.1425,0.0,0.0,red_box_midline::red_mid_1,MODE_D_NEAREST_VALID_LADDER,LEVEL_ONLY,61.942118,1.0,4884.9225,4884.9225,4884.9225,0.0,31.1425,0.0,0.0,red_box_midline::red_mid_1,0.0,0.0,0.0,ORACLE_GT10_CANDIDATE_GENERATION_FAIL,CANDIDATE_GENERATION_FAILURE_GT10,0.0,0.0,0.0,0.0,0.0,1.0
2026-02-09,2026-02-06,L7,RANGE_EXTREME_220_PLUS,CLOSE_POS_UPPER_THIRD,ROWS_STANDARD_9_10,4965.74,PREV_CLOSE_PROXY,,NEUTRAL,4803.35,5.0,5.0,MODE_C_BALANCED,1.0,4828.415,4828.415,4828.415,0.0,25.065,0.0,0.0,green_box_edge::green_edge_1,MODE_C_BALANCED,4828.415,25.065,0.0,0.0,green_box_edge::green_edge_1,MODE_B_EMA_CHANNEL_DIRECTION_HEAVY,LEVEL_ONLY,59.073614,1.0,4828.415,4828.415,4828.415,0.0,25.065,0.0,0.0,green_box_edge::green_edge_1,0.0,0.0,0.0,ORACLE_GT10_CANDIDATE_GENERATION_FAIL,CANDIDATE_GENERATION_FAILURE_GT10,0.0,0.0,0.0,0.0,0.0,1.0
2026-02-10,2026-02-09,L4,RANGE_WIDE_120_220,CLOSE_POS_UPPER_THIRD,ROWS_STANDARD_9_10,5057.94,PREV_CLOSE_PROXY,,NEUTRAL,5139.66,5.0,5.0,MODE_B_EMA_CHANNEL_DIRECTION_HEAVY,1.0,5135.6975,5135.6975,5135.6975,0.0,3.9625,0.0,1.0,green_box_quarter::green_box_3_25pct,MODE_B_EMA_CHANNEL_DIRECTION_HEAVY,5135.6975,3.9625,0.0,1.0,green_box_quarter::green_box_3_25pct,MODE_A_LIVE_PROXIMITY_HEAVY,LEVEL_ONLY,62.090146,1.0,5135.6975,5135.6975,5135.6975,0.0,3.9625,0.0,1.0,green_box_quarter::green_box_3_25pct,0.0,0.0,0.0,ORACLE_WITHIN_5,ROUTER_ACCEPTABLE_WITHIN_5,0.0,1.0,0.0,0.0,0.0,0.0
2026-02-10,2026-02-09,L5,RANGE_WIDE_120_220,CLOSE_POS_UPPER_THIRD,ROWS_STANDARD_9_10,5057.94,PREV_CLOSE_PROXY,,NEUTRAL,5081.07,5.0,5.0,MODE_B_EMA_CHANNEL_DIRECTION_HEAVY,1.0,5116.72,5116.72,5116.72,0.0,35.65,0.0,0.0,green_box_edge::green_edge_2,MODE_B_EMA_CHANNEL_DIRECTION_HEAVY,5116.72,35.65,0.0,0.0,green_box_edge::green_edge_2,MODE_B_EMA_CHANNEL_DIRECTION_HEAVY,LEVEL_ONLY,63.274139,1.0,5116.72,5116.72,5116.72,0.0,35.65,0.0,0.0,green_box_edge::green_edge_2,0.0,0.0,0.0,ORACLE_GT10_CANDIDATE_GENERATION_FAIL,CANDIDATE_GENERATION_FAILURE_GT10,0.0,0.0,0.0,0.0,0.0,1.0
2026-02-10,2026-02-09,L6,RANGE_WIDE_120_220,CLOSE_POS_UPPER_THIRD,ROWS_STANDARD_9_10,5057.94,PREV_CLOSE_PROXY,,NEUTRAL,5034.62,5.0,5.0,MODE_D_NEAREST_VALID_LADDER,1.0,5057.94,5057.94,5057.94,0.0,23.32,0.0,0.0,prior_hlc::previous_close,MODE_D_NEAREST_VALID_LADDER,5057.94,23.32,0.0,0.0,prior_hlc::previous_close,MODE_D_NEAREST_VALID_LADDER,LEVEL_ONLY,61.769944,1.0,5057.94,5057.94,5057.94,0.0,23.32,0.0,0.0,prior_hlc::previous_close,0.0,0.0,0.0,ORACLE_GT10_CANDIDATE_GENERATION_FAIL,CANDIDATE_GENERATION_FAILURE_GT10,0.0,0.0,0.0,0.0,0.0,1.0
2026-02-10,2026-02-09,L7,RANGE_WIDE_120_220,CLOSE_POS_UPPER_THIRD,ROWS_STANDARD_9_10,5057.94,PREV_CLOSE_PROXY,,NEUTRAL,4987.02,5.0,5.0,MODE_A_LIVE_PROXIMITY_HEAVY,1.0,5056.265,5056.265,5056.265,0.0,69.245,0.0,0.0,prior_range_fraction::prev_range_0.75,MODE_A_LIVE_PROXIMITY_HEAVY,5056.265,69.245,0.0,0.0,prior_range_fraction::prev_range_0.75,MODE_C_BALANCED,LEVEL_ONLY,59.052135,1.0,5056.265,5056.265,5056.265,0.0,69.245,0.0,0.0,prior_range_fraction::prev_range_0.75,0.0,0.0,0.0,ORACLE_GT10_CANDIDATE_GENERATION_FAIL,CANDIDATE_GENERATION_FAILURE_GT10,0.0,0.0,0.0,0.0,0.0,1.0
2026-02-11,2026-02-10,L4,RANGE_NORMAL_60_120,CLOSE_POS_MIDDLE_THIRD,ROWS_STANDARD_9_10,5025.3,PREV_CLOSE_PROXY,,NEUTRAL,5075.63,20.0,5.0,MODE_C_BALANCED,1.0,5078.415,5078.27,5078.56,0.29,2.785,1.0,1.0,green_box_midline::green_mid_2 | prior_hlc::previous_high,MODE_C_BALANCED,5078.415,2.785,1.0,1.0,green_box_midline::green_mid_2 | prior_hlc::previous_high,MODE_A_LIVE_PROXIMITY_HEAVY,REGIME_LEVEL_EXACT,47.404542,1.0,5078.415,5078.27,5078.56,0.29,2.785,1.0,1.0,green_box_midline::green_mid_2 | prior_hlc::previous_high,0.0,0.0,0.0,ORACLE_WITHIN_3,ROUTER_ACCEPTABLE_WITHIN_5,1.0,1.0,0.0,0.0,0.0,0.0
2026-02-11,2026-02-10,L5,RANGE_NORMAL_60_120,CLOSE_POS_MIDDLE_THIRD,ROWS_STANDARD_9_10,5025.3,PREV_CLOSE_PROXY,,NEUTRAL,5016.51,10.0,5.0,MODE_C_BALANCED,2.0,5031.7725,5030.42,5033.125,2.705,15.2625,0.0,0.0,prior_hlc::previous_pivot_hlc3 | red_box_quarter::red_box_1_75pct,MODE_C_BALANCED,5046.00344,29.49344,0.0,0.0,prior_range_fraction::prev_range_0.618 | green_box_edge::green_edge_1 | red_box_midline::red_mid_1,MODE_A_LIVE_PROXIMITY_HEAVY,REGIME_LEVEL_EXACT,53.83433,1.0,5046.00344,5043.73688,5048.27,4.53312,29.49344,0.0,0.0,prior_range_fraction::prev_range_0.618 | green_box_edge::green_edge_1 | red_box_midline::red_mid_1,14.23094,0.0,14.23094,ORACLE_GT10_CANDIDATE_GENERATION_FAIL,CANDIDATE_GENERATION_FAILURE_GT10,0.0,0.0,0.0,0.0,0.0,1.0
2026-02-11,2026-02-10,L6,RANGE_NORMAL_60_120,CLOSE_POS_MIDDLE_THIRD,ROWS_STANDARD_9_10,5025.3,PREV_CLOSE_PROXY,,NEUTRAL,4967.33,15.0,5.0,MODE_C_BALANCED,1.0,5010.19,5010.19,5010.19,0.0,42.86,0.0,0.0,prior_range_fraction::prev_range_0.25,MODE_C_BALANCED,5010.19,42.86,0.0,0.0,prior_range_fraction::prev_range_0.25,MODE_B_EMA_CHANNEL_DIRECTION_HEAVY,REGIME_LEVEL_EXACT,43.843884,1.0,5010.19,5010.19,5010.19,0.0,42.86,0.0,0.0,prior_range_fraction::prev_range_0.25,0.0,0.0,0.0,ORACLE_GT10_CANDIDATE_GENERATION_FAIL,CANDIDATE_GENERATION_FAILURE_GT10,0.0,0.0,0.0,0.0,0.0,1.0
2026-02-11,2026-02-10,L7,RANGE_NORMAL_60_120,CLOSE_POS_MIDDLE_THIRD,ROWS_STANDARD_9_10,5025.3,PREV_CLOSE_PROXY,,NEUTRAL,4912.29,20.0,5.0,MODE_B_EMA_CHANNEL_DIRECTION_HEAVY,4.0,4957.4,4957.4,4957.4,0.0,45.11,0.0,0.0,red_box_edge::red_edge_2,MODE_D_NEAREST_VALID_LADDER,4987.4,75.11,0.0,0.0,prior_hlc::previous_low,MODE_B_EMA_CHANNEL_DIRECTION_HEAVY,REGIME_LEVEL_EXACT,37.970542,1.0,5002.69,5002.545,5002.835,0.29,90.4,0.0,0.0,green_box_quarter::green_box_1_25pct | red_box_quarter::red_box_2_25pct,45.29,15.29,30.0,ORACLE_GT10_CANDIDATE_GENERATION_FAIL,CANDIDATE_GENERATION_FAILURE_GT10,0.0,0.0,0.0,0.0,0.0,1.0
2026-02-12,2026-02-11,L4,RANGE_NORMAL_60_120,CLOSE_POS_MIDDLE_THIRD,ROWS_EXTENDED_11_PLUS,5084.24,PREV_CLOSE_PROXY,,NEUTRAL,5117.76,5.0,5.0,MODE_B_EMA_CHANNEL_DIRECTION_HEAVY,1.0,5119.06,5119.06,5119.06,0.0,1.3,1.0,1.0,prior_hlc::previous_high,MODE_B_EMA_CHANNEL_DIRECTION_HEAVY,5119.06,1.3,1.0,1.0,prior_hlc::previous_high,MODE_A_LIVE_PROXIMITY_HEAVY,REGIME_LEVEL_BROAD,52.517667,1.0,5119.06,5119.06,5119.06,0.0,1.3,1.0,1.0,prior_hlc::previous_high,0.0,0.0,0.0,ORACLE_WITHIN_3,ROUTER_ACCEPTABLE_WITHIN_5,1.0,1.0,0.0,0.0,0.0,0.0
2026-02-12,2026-02-11,L5,RANGE_NORMAL_60_120,CLOSE_POS_MIDDLE_THIRD,ROWS_EXTENDED_11_PLUS,5084.24,PREV_CLOSE_PROXY,,NEUTRAL,5075.63,5.0,5.0,MODE_C_BALANCED,1.0,5067.735,5067.735,5067.735,0.0,7.895,0.0,0.0,green_box_quarter::green_box_1_75pct,MODE_C_BALANCED,5067.735,7.895,0.0,0.0,green_box_quarter::green_box_1_75pct,MODE_A_LIVE_PROXIMITY_HEAVY,REGIME_LEVEL_BROAD,55.924291,1.0,5067.735,5067.735,5067.735,0.0,7.895,0.0,0.0,green_box_quarter::green_box_1_75pct,0.0,0.0,0.0,ORACLE_WITHIN_10,ORACLE_ONLY_REDUCES_ERROR_NOT_WITHIN_5,0.0,0.0,0.0,0.0,0.0,0.0
2026-02-12,2026-02-11,L6,RANGE_NORMAL_60_120,CLOSE_POS_MIDDLE_THIRD,ROWS_EXTENDED_11_PLUS,5084.24,PREV_CLOSE_PROXY,,NEUTRAL,5037.65,5.0,5.0,MODE_C_BALANCED,1.0,5035.205,5035.205,5035.205,0.0,2.445,1.0,1.0,green_box_quarter::green_box_1_25pct,MODE_C_BALANCED,5035.205,2.445,1.0,1.0,green_box_quarter::green_box_1_25pct,MODE_A_LIVE_PROXIMITY_HEAVY,REGIME_LEVEL_BROAD,47.195542,1.0,5035.205,5035.205,5035.205,0.0,2.445,1.0,1.0,green_box_quarter::green_box_1_25pct,0.0,0.0,0.0,ORACLE_WITHIN_3,ROUTER_ACCEPTABLE_WITHIN_5,1.0,1.0,0.0,0.0,0.0,0.0
2026-02-12,2026-02-11,L7,RANGE_NORMAL_60_120,CLOSE_POS_MIDDLE_THIRD,ROWS_EXTENDED_11_PLUS,5084.24,PREV_CLOSE_PROXY,,NEUTRAL,4999.12,5.0,5.0,MODE_B_EMA_CHANNEL_DIRECTION_HEAVY,1.0,5005.205,5005.205,5005.205,0.0,6.085,0.0,0.0,red_box_quarter::red_box_2_75pct,MODE_B_EMA_CHANNEL_DIRECTION_HEAVY,5005.205,6.085,0.0,0.0,red_box_quarter::red_box_2_75pct,MODE_B_EMA_CHANNEL_DIRECTION_HEAVY,REGIME_LEVEL_BROAD,42.735667,1.0,5005.205,5005.205,5005.205,0.0,6.085,0.0,0.0,red_box_quarter::red_box_2_75pct,0.0,0.0,0.0,ORACLE_WITHIN_10,ORACLE_ONLY_REDUCES_ERROR_NOT_WITHIN_5,0.0,0.0,0.0,0.0,0.0,0.0
2026-02-13,2026-02-12,L4,RANGE_EXTREME_220_PLUS,CLOSE_POS_LOWER_THIRD,ROWS_SPARSE_1_8,4921.64,PREV_CLOSE_PROXY,,NEUTRAL,4960.96,20.0,5.0,MODE_B_EMA_CHANNEL_DIRECTION_HEAVY,3.0,4952.346593,4952.346593,4952.346593,0.0,8.613407,0.0,0.0,prior_range_fraction::prev_range_0.333333,MODE_C_BALANCED,5004.24,43.28,0.0,0.0,green_box_edge::green_edge_1,MODE_A_LIVE_PROXIMITY_HEAVY,LEVEL_ONLY,63.103444,1.0,5004.24,5004.24,5004.24,0.0,43.28,0.0,0.0,green_box_edge::green_edge_1,34.666593,0.0,34.666593,ORACLE_WITHIN_10,ORACLE_ONLY_REDUCES_ERROR_NOT_WITHIN_5,0.0,0.0,0.0,0.0,0.0,0.0
2026-02-13,2026-02-12,L5,RANGE_EXTREME_220_PLUS,CLOSE_POS_LOWER_THIRD,ROWS_SPARSE_1_8,4921.64,PREV_CLOSE_PROXY,,NEUTRAL,4914.19,20.0,5.0,MODE_D_NEAREST_VALID_LADDER,4.0,4921.64,4921.64,4921.64,0.0,7.45,0.0,0.0,prior_hlc::previous_close,MODE_C_BALANCED,4966.706667,52.516667,0.0,0.0,prior_hlc::previous_pivot_hlc3,MODE_B_EMA_CHANNEL_DIRECTION_HEAVY,LEVEL_ONLY,62.712538,1.0,4966.706667,4966.706667,4966.706667,0.0,52.516667,0.0,0.0,prior_hlc::previous_pivot_hlc3,45.066667,0.0,45.066667,ORACLE_WITHIN_10,ORACLE_ONLY_REDUCES_ERROR_NOT_WITHIN_5,0.0,0.0,0.0,0.0,0.0,0.0
2026-02-13,2026-02-12,L6,RANGE_EXTREME_220_PLUS,CLOSE_POS_LOWER_THIRD,ROWS_SPARSE_1_8,4921.64,PREV_CLOSE_PROXY,,NEUTRAL,4870.79,15.0,5.0,MODE_C_BALANCED,1.0,4879.98,4879.98,4879.98,0.0,9.19,0.0,0.0,red_box_quarter::red_box_2_75pct,MODE_C_BALANCED,4879.98,9.19,0.0,0.0,red_box_quarter::red_box_2_75pct,MODE_D_NEAREST_VALID_LADDER,LEVEL_ONLY,61.859661,1.0,4879.98,4879.98,4879.98,0.0,9.19,0.0,0.0,red_box_quarter::red_box_2_75pct,0.0,0.0,0.0,ORACLE_WITHIN_10,ORACLE_ONLY_REDUCES_ERROR_NOT_WITHIN_5,0.0,0.0,0.0,0.0,0.0,0.0
2026-02-13,2026-02-12,L7,RANGE_EXTREME_220_PLUS,CLOSE_POS_LOWER_THIRD,ROWS_SPARSE_1_8,4921.64,PREV_CLOSE_PROXY,,NEUTRAL,4825.68,15.0,5.0,MODE_B_EMA_CHANNEL_DIRECTION_HEAVY,2.0,4878.56,4878.56,4878.56,0.0,52.88,0.0,0.0,prior_hlc::previous_low,MODE_B_EMA_CHANNEL_DIRECTION_HEAVY,4906.23,80.55,0.0,0.0,prior_range_fraction::prev_range_0.125,MODE_C_BALANCED,LEVEL_ONLY,58.812457,1.0,4906.23,4906.23,4906.23,0.0,80.55,0.0,0.0,prior_range_fraction::prev_range_0.125,27.67,0.0,27.67,ORACLE_GT10_CANDIDATE_GENERATION_FAIL,CANDIDATE_GENERATION_FAILURE_GT10,0.0,0.0,0.0,0.0,0.0,1.0
2026-02-16,2026-02-13,L4,RANGE_WIDE_120_220,CLOSE_POS_UPPER_THIRD,ROWS_SPARSE_1_8,5042.46,PREV_CLOSE_PROXY,,NEUTRAL,5039.88,5.0,5.0,MODE_C_BALANCED,1.0,5027.2375,5026.025,5028.45,2.425,12.6425,0.0,0.0,prior_range_fraction::prev_range_0.875 | green_box_midline::green_mid_2,MODE_C_BALANCED,5027.2375,12.6425,0.0,0.0,prior_range_fraction::prev_range_0.875 | green_box_midline::green_mid_2,MODE_A_LIVE_PROXIMITY_HEAVY,LEVEL_ONLY,63.019315,1.0,5027.2375,5026.025,5028.45,2.425,12.6425,0.0,0.0,prior_range_fraction::prev_range_0.875 | green_box_midline::green_mid_2,0.0,0.0,0.0,ORACLE_GT10_CANDIDATE_GENERATION_FAIL,CANDIDATE_GENERATION_FAILURE_GT10,0.0,0.0,0.0,0.0,0.0,1.0
2026-02-16,2026-02-13,L5,RANGE_WIDE_120_220,CLOSE_POS_UPPER_THIRD,ROWS_SPARSE_1_8,5042.46,PREV_CLOSE_PROXY,,NEUTRAL,5001.35,5.0,5.0,MODE_C_BALANCED,1.0,5004.625,5004.625,5004.625,0.0,3.275,0.0,1.0,green_box_quarter::green_box_2_25pct,MODE_C_BALANCED,5004.625,3.275,0.0,1.0,green_box_quarter::green_box_2_25pct,MODE_B_EMA_CHANNEL_DIRECTION_HEAVY,LEVEL_ONLY,62.370473,1.0,5004.625,5004.625,5004.625,0.0,3.275,0.0,1.0,green_box_quarter::green_box_2_25pct,0.0,0.0,0.0,ORACLE_WITHIN_5,ROUTER_ACCEPTABLE_WITHIN_5,0.0,1.0,0.0,0.0,0.0,0.0
2026-02-16,2026-02-13,L6,RANGE_WIDE_120_220,CLOSE_POS_UPPER_THIRD,ROWS_SPARSE_1_8,5042.46,PREV_CLOSE_PROXY,,NEUTRAL,4961.15,10.0,5.0,MODE_C_BALANCED,2.0,4980.8,4980.8,4980.8,0.0,19.65,0.0,0.0,green_box_edge::green_edge_1,MODE_C_BALANCED,4998.45,37.3,0.0,0.0,red_box_midline::red_mid_1,MODE_D_NEAREST_VALID_LADDER,LEVEL_ONLY,61.910606,1.0,4998.45,4998.45,4998.45,0.0,37.3,0.0,0.0,red_box_midline::red_mid_1,17.65,0.0,17.65,ORACLE_GT10_CANDIDATE_GENERATION_FAIL,CANDIDATE_GENERATION_FAILURE_GT10,0.0,0.0,0.0,0.0,0.0,1.0
2026-02-16,2026-02-13,L7,RANGE_WIDE_120_220,CLOSE_POS_UPPER_THIRD,ROWS_SPARSE_1_8,5042.46,PREV_CLOSE_PROXY,,NEUTRAL,4914.19,10.0,5.0,MODE_C_BALANCED,1.0,4956.975,4956.975,4956.975,0.0,42.785,0.0,0.0,green_box_quarter::green_box_1_75pct,MODE_C_BALANCED,4956.975,42.785,0.0,0.0,green_box_quarter::green_box_1_75pct,MODE_C_BALANCED,LEVEL_ONLY,58.712505,1.0,4956.975,4956.975,4956.975,0.0,42.785,0.0,0.0,green_box_quarter::green_box_1_75pct,0.0,0.0,0.0,ORACLE_GT10_CANDIDATE_GENERATION_FAIL,CANDIDATE_GENERATION_FAILURE_GT10,0.0,0.0,0.0,0.0,0.0,1.0
2026-02-17,2026-02-16,L4,RANGE_NORMAL_60_120,CLOSE_POS_MIDDLE_THIRD,ROWS_STANDARD_9_10,4993.64,PREV_CLOSE_PROXY,,NEUTRAL,5037.25,20.0,5.0,MODE_D_NEAREST_VALID_LADDER,2.0,5041.18125,5041.18125,5041.18125,0.0,3.93125,0.0,1.0,prior_range_fraction::prev_range_0.875,MODE_C_BALANCED,5023.245,14.005,0.0,0.0,green_box_edge::green_edge_1,MODE_A_LIVE_PROXIMITY_HEAVY,REGIME_LEVEL_EXACT,50.808606,1.0,5052.43125,5052.16,5052.7025,0.5425,15.18125,0.0,0.0,prior_hlc::previous_high | green_box_midline::green_mid_2,11.25,1.17625,10.07375,ORACLE_WITHIN_5,CANDIDATE_RANKING_FAILURE_LOWER_RANK_CANDIDATE,0.0,1.0,1.0,0.0,1.0,0.0
2026-02-17,2026-02-16,L5,RANGE_NORMAL_60_120,CLOSE_POS_MIDDLE_THIRD,ROWS_STANDARD_9_10,4993.64,PREV_CLOSE_PROXY,,NEUTRAL,4997.56,15.0,5.0,MODE_C_BALANCED,3.0,4993.7875,4993.7875,4993.7875,0.0,3.7725,0.0,1.0,green_box_midline::green_mid_1,MODE_D_NEAREST_VALID_LADDER,5005.675209,8.115209,0.0,0.0,prior_hlc::previous_pivot_hlc3 | red_box_quarter::red_box_1_75pct,MODE_A_LIVE_PROXIMITY_HEAVY,REGIME_LEVEL_EXACT,50.528424,1.0,5022.97375,5022.7025,5023.245,0.5425,25.41375,0.0,0.0,red_box_midline::red_mid_1 | green_box_edge::green_edge_1,21.64125,17.298541,4.342709,ORACLE_WITHIN_5,CANDIDATE_RANKING_FAILURE_LOWER_RANK_CANDIDATE,0.0,1.0,1.0,0.0,1.0,0.0
2026-02-17,2026-02-16,L6,RANGE_NORMAL_60_120,CLOSE_POS_MIDDLE_THIRD,ROWS_STANDARD_9_10,4993.64,PREV_CLOSE_PROXY,,NEUTRAL,4963.07,15.0,5.0,MODE_D_NEAREST_VALID_LADDER,1.0,4986.2875,4986.2875,4986.2875,0.0,23.2175,0.0,0.0,prior_range_fraction::prev_range_0.25,MODE_D_NEAREST_VALID_LADDER,4986.2875,23.2175,0.0,0.0,prior_range_fraction::prev_range_0.25,MODE_B_EMA_CHANNEL_DIRECTION_HEAVY,REGIME_LEVEL_EXACT,43.461972,1.0,4986.2875,4986.2875,4986.2875,0.0,23.2175,0.0,0.0,prior_range_fraction::prev_range_0.25,0.0,0.0,0.0,ORACLE_GT10_CANDIDATE_GENERATION_FAIL,CANDIDATE_GENERATION_FAILURE_GT10,0.0,0.0,0.0,0.0,0.0,1.0
2026-02-17,2026-02-16,L7,RANGE_NORMAL_60_120,CLOSE_POS_MIDDLE_THIRD,ROWS_STANDARD_9_10,4993.64,PREV_CLOSE_PROXY,,NEUTRAL,4920.57,20.0,5.0,MODE_B_EMA_CHANNEL_DIRECTION_HEAVY,3.0,4890.14375,4890.14375,4890.14375,0.0,30.42625,0.0,0.0,red_box_quarter::red_box_3_75pct,MODE_D_NEAREST_VALID_LADDER,4964.33,43.76,0.0,0.0,prior_hlc::previous_low,MODE_B_EMA_CHANNEL_DIRECTION_HEAVY,REGIME_LEVEL_EXACT,37.12122,1.0,4978.7875,4978.51625,4979.05875,0.5425,58.2175,0.0,0.0,red_box_quarter::red_box_2_25pct | green_box_quarter::green_box_1_25pct,27.79125,14.4575,13.33375,ORACLE_GT10_CANDIDATE_GENERATION_FAIL,CANDIDATE_GENERATION_FAILURE_GT10,0.0,0.0,0.0,0.0,0.0,1.0
2026-02-18,2026-02-17,L4,RANGE_WIDE_120_220,CLOSE_POS_LOWER_THIRD,ROWS_STANDARD_9_10,4877.1,PREV_CLOSE_PROXY,,NEUTRAL,4912.68,10.0,5.0,MODE_B_EMA_CHANNEL_DIRECTION_HEAVY,2.0,4912.9,4912.9,4912.9,0.0,0.22,1.0,1.0,green_box_quarter::green_box_1_75pct,MODE_C_BALANCED,4940.16064,27.48064,0.0,0.0,prior_range_fraction::prev_range_0.618,MODE_A_LIVE_PROXIMITY_HEAVY,LEVEL_ONLY,62.879687,1.0,4940.16064,4940.16064,4940.16064,0.0,27.48064,0.0,0.0,prior_range_fraction::prev_range_0.618,27.26064,0.0,27.26064,ORACLE_WITHIN_3,CANDIDATE_RANKING_FAILURE_LOWER_RANK_CANDIDATE,1.0,1.0,1.0,0.0,1.0,0.0
2026-02-18,2026-02-17,L5,RANGE_WIDE_120_220,CLOSE_POS_LOWER_THIRD,ROWS_STANDARD_9_10,4877.1,PREV_CLOSE_PROXY,,NEUTRAL,4878.73,10.0,5.0,MODE_C_BALANCED,2.0,4881.84,4881.84,4881.84,0.0,3.11,0.0,1.0,prior_range_fraction::prev_range_0.25,MODE_C_BALANCED,4906.46,27.73,0.0,0.0,red_box_edge::red_edge_1,MODE_B_EMA_CHANNEL_DIRECTION_HEAVY,LEVEL_ONLY,62.587672,1.0,4906.46,4906.46,4906.46,0.0,27.73,0.0,0.0,red_box_edge::red_edge_1,24.62,0.0,24.62,ORACLE_WITHIN_5,CANDIDATE_RANKING_FAILURE_LOWER_RANK_CANDIDATE,0.0,1.0,1.0,0.0,1.0,0.0
2026-02-18,2026-02-17,L6,RANGE_WIDE_120_220,CLOSE_POS_LOWER_THIRD,ROWS_STANDARD_9_10,4877.1,PREV_CLOSE_PROXY,,NEUTRAL,4842.48,10.0,5.0,MODE_C_BALANCED,2.0,4842.22,4842.22,4842.22,0.0,0.26,1.0,1.0,prior_hlc::previous_low,MODE_C_BALANCED,4859.34,16.86,0.0,0.0,red_box_midline::red_mid_2,MODE_D_NEAREST_VALID_LADDER,LEVEL_ONLY,61.66525,1.0,4859.34,4859.34,4859.34,0.0,16.86,0.0,0.0,red_box_midline::red_mid_2,16.6,0.0,16.6,ORACLE_WITHIN_3,CANDIDATE_RANKING_FAILURE_LOWER_RANK_CANDIDATE,1.0,1.0,1.0,0.0,1.0,0.0
2026-02-18,2026-02-17,L7,RANGE_WIDE_120_220,CLOSE_POS_LOWER_THIRD,ROWS_STANDARD_9_10,4877.1,PREV_CLOSE_PROXY,,NEUTRAL,4805.69,5.0,5.0,MODE_B_EMA_CHANNEL_DIRECTION_HEAVY,1.0,4812.22,4812.22,4812.22,0.0,6.53,0.0,0.0,red_box_edge::red_edge_2,MODE_B_EMA_CHANNEL_DIRECTION_HEAVY,4812.22,6.53,0.0,0.0,red_box_edge::red_edge_2,MODE_C_BALANCED,LEVEL_ONLY,58.430487,1.0,4812.22,4812.22,4812.22,0.0,6.53,0.0,0.0,red_box_edge::red_edge_2,0.0,0.0,0.0,ORACLE_WITHIN_10,ORACLE_ONLY_REDUCES_ERROR_NOT_WITHIN_5,0.0,0.0,0.0,0.0,0.0,0.0
2026-02-19,2026-02-18,L4,RANGE_WIDE_120_220,CLOSE_POS_UPPER_THIRD,ROWS_EXTENDED_11_PLUS,4977.24,PREV_CLOSE_PROXY,,NEUTRAL,5030.72,10.0,5.0,MODE_A_LIVE_PROXIMITY_HEAVY,1.0,4970.93375,4970.93375,4970.93375,0.0,59.78625,0.0,0.0,green_box_quarter::green_box_2_25pct,MODE_A_LIVE_PROXIMITY_HEAVY,4970.93375,59.78625,0.0,0.0,green_box_quarter::green_box_2_25pct,MODE_A_LIVE_PROXIMITY_HEAVY,LEVEL_ONLY,62.79997,1.0,4970.93375,4970.93375,4970.93375,0.0,59.78625,0.0,0.0,green_box_quarter::green_box_2_25pct,0.0,0.0,0.0,ORACLE_GT10_CANDIDATE_GENERATION_FAIL,CANDIDATE_GENERATION_FAILURE_GT10,0.0,0.0,0.0,0.0,0.0,1.0
2026-02-19,2026-02-18,L5,RANGE_WIDE_120_220,CLOSE_POS_UPPER_THIRD,ROWS_EXTENDED_11_PLUS,4977.24,PREV_CLOSE_PROXY,,NEUTRAL,5000.02,10.0,5.0,MODE_C_BALANCED,1.0,4964.2825,4964.2825,4964.2825,0.0,35.7375,0.0,0.0,red_box_midline::red_mid_1,MODE_C_BALANCED,4964.2825,35.7375,0.0,0.0,red_box_midline::red_mid_1,MODE_B_EMA_CHANNEL_DIRECTION_HEAVY,LEVEL_ONLY,62.246505,1.0,4964.2825,4964.2825,4964.2825,0.0,35.7375,0.0,0.0,red_box_midline::red_mid_1,0.0,0.0,0.0,ORACLE_GT10_CANDIDATE_GENERATION_FAIL,CANDIDATE_GENERATION_FAILURE_GT10,0.0,0.0,0.0,0.0,0.0,1.0
2026-02-19,2026-02-18,L6,RANGE_WIDE_120_220,CLOSE_POS_UPPER_THIRD,ROWS_EXTENDED_11_PLUS,4977.24,PREV_CLOSE_PROXY,,NEUTRAL,4972.89,10.0,5.0,MODE_C_BALANCED,1.0,4947.585,4947.585,4947.585,0.0,25.305,0.0,0.0,green_box_edge::green_edge_1,MODE_C_BALANCED,4947.585,25.305,0.0,0.0,green_box_edge::green_edge_1,MODE_D_NEAREST_VALID_LADDER,LEVEL_ONLY,61.590871,1.0,4947.585,4947.585,4947.585,0.0,25.305,0.0,0.0,green_box_edge::green_edge_1,0.0,0.0,0.0,ORACLE_GT10_CANDIDATE_GENERATION_FAIL,CANDIDATE_GENERATION_FAILURE_GT10,0.0,0.0,0.0,0.0,0.0,1.0
2026-02-19,2026-02-18,L7,RANGE_WIDE_120_220,CLOSE_POS_UPPER_THIRD,ROWS_EXTENDED_11_PLUS,4977.24,PREV_CLOSE_PROXY,,NEUTRAL,4944.55,10.0,5.0,MODE_A_LIVE_PROXIMITY_HEAVY,1.0,4932.585,4932.585,4932.585,0.0,11.965,0.0,0.0,prior_hlc::previous_mid,MODE_A_LIVE_PROXIMITY_HEAVY,4932.585,11.965,0.0,0.0,prior_hlc::previous_mid,MODE_C_BALANCED,LEVEL_ONLY,58.446708,1.0,4877.53875,4877.53875,4877.53875,0.0,67.01125,0.0,0.0,green_box_quarter::green_box_1_25pct,55.04625,55.04625,0.0,ORACLE_GT10_CANDIDATE_GENERATION_FAIL,CANDIDATE_GENERATION_FAILURE_GT10,0.0,0.0,0.0,0.0,0.0,1.0
2026-02-20,2026-02-19,L4,RANGE_NORMAL_60_120,CLOSE_POS_MIDDLE_THIRD,ROWS_STANDARD_9_10,4995.96,PREV_CLOSE_PROXY,,NEUTRAL,5017.88,20.0,5.0,MODE_C_BALANCED,3.0,5022.25,5022.25,5022.25,0.0,4.37,0.0,1.0,prior_hlc::previous_high,MODE_C_BALANCED,5008.628125,9.251875,0.0,0.0,green_box_edge::green_edge_1 | red_box_quarter::red_box_1_25pct,MODE_A_LIVE_PROXIMITY_HEAVY,REGIME_LEVEL_EXACT,50.904542,1.0,5029.3525,5029.3525,5029.3525,0.0,11.4725,0.0,0.0,green_box_midline::green_mid_2,7.1025,2.220625,4.881875,ORACLE_WITHIN_5,CANDIDATE_RANKING_FAILURE_LOWER_RANK_CANDIDATE,0.0,1.0,1.0,0.0,1.0,0.0
2026-02-20,2026-02-19,L5,RANGE_NORMAL_60_120,CLOSE_POS_MIDDLE_THIRD,ROWS_STANDARD_9_10,4995.96,PREV_CLOSE_PROXY,,NEUTRAL,4995.03,20.0,5.0,MODE_C_BALANCED,3.0,4992.956667,4992.956667,4992.956667,0.0,2.073333,1.0,1.0,prior_hlc::previous_pivot_hlc3,MODE_C_BALANCED,5006.455,11.425,0.0,0.0,green_box_edge::green_edge_1,MODE_A_LIVE_PROXIMITY_HEAVY,REGIME_LEVEL_EXACT,50.084741,1.0,5006.455,5006.455,5006.455,0.0,11.425,0.0,0.0,green_box_edge::green_edge_1,9.351667,0.0,9.351667,ORACLE_WITHIN_3,CANDIDATE_RANKING_FAILURE_LOWER_RANK_CANDIDATE,1.0,1.0,1.0,0.0,1.0,0.0
2026-02-20,2026-02-19,L6,RANGE_NORMAL_60_120,CLOSE_POS_MIDDLE_THIRD,ROWS_STANDARD_9_10,4995.96,PREV_CLOSE_PROXY,,NEUTRAL,4965.99,15.0,5.0,MODE_C_BALANCED,1.0,4976.25625,4976.0575,4976.455,0.3975,10.26625,0.0,0.0,prior_range_fraction::prev_range_0.25 | red_box_edge::red_edge_1,MODE_C_BALANCED,4976.25625,10.26625,0.0,0.0,prior_range_fraction::prev_range_0.25 | red_box_edge::red_edge_1,MODE_B_EMA_CHANNEL_DIRECTION_HEAVY,REGIME_LEVEL_EXACT,43.142092,1.0,4976.25625,4976.0575,4976.455,0.3975,10.26625,0.0,0.0,prior_range_fraction::prev_range_0.25 | red_box_edge::red_edge_1,0.0,0.0,0.0,ORACLE_GT10_CANDIDATE_GENERATION_FAIL,CANDIDATE_GENERATION_FAILURE_GT10,0.0,0.0,0.0,0.0,0.0,1.0
2026-02-20,2026-02-19,L7,RANGE_NORMAL_60_120,CLOSE_POS_MIDDLE_THIRD,ROWS_STANDARD_9_10,4995.96,PREV_CLOSE_PROXY,,NEUTRAL,4935.99,20.0,5.0,MODE_B_EMA_CHANNEL_DIRECTION_HEAVY,3.0,4919.21125,4919.21125,4919.21125,0.0,16.77875,0.0,0.0,red_box_quarter::red_box_3_25pct,MODE_D_NEAREST_VALID_LADDER,4965.00625,29.01625,0.0,0.0,red_box_quarter::red_box_2_25pct,MODE_B_EMA_CHANNEL_DIRECTION_HEAVY,REGIME_LEVEL_EXACT,37.339833,1.0,4974.281875,4972.10875,4976.455,4.34625,38.291875,0.0,0.0,green_box_quarter::green_box_1_25pct | red_box_edge::red_edge_1,21.513125,9.275625,12.2375,ORACLE_GT10_CANDIDATE_GENERATION_FAIL,CANDIDATE_GENERATION_FAILURE_GT10,0.0,0.0,0.0,0.0,0.0,1.0
2026-02-23,2026-02-20,L4,RANGE_WIDE_120_220,CLOSE_POS_UPPER_THIRD,ROWS_EXTENDED_11_PLUS,5107.8,PREV_CLOSE_PROXY,,NEUTRAL,5150.72,15.0,5.0,MODE_B_EMA_CHANNEL_DIRECTION_HEAVY,1.0,5137.96,5137.96,5137.96,0.0,12.76,0.0,0.0,green_box_edge::green_edge_2,MODE_B_EMA_CHANNEL_DIRECTION_HEAVY,5137.96,12.76,0.0,0.0,green_box_edge::green_edge_2,MODE_A_LIVE_PROXIMITY_HEAVY,REGIME_LEVEL_BROAD,51.851833,1.0,5137.96,5137.96,5137.96,0.0,12.76,0.0,0.0,green_box_edge::green_edge_2,0.0,0.0,0.0,ORACLE_GT10_CANDIDATE_GENERATION_FAIL,CANDIDATE_GENERATION_FAILURE_GT10,0.0,0.0,0.0,0.0,0.0,1.0
2026-02-23,2026-02-20,L5,RANGE_WIDE_120_220,CLOSE_POS_UPPER_THIRD,ROWS_EXTENDED_11_PLUS,5107.8,PREV_CLOSE_PROXY,,NEUTRAL,5126.12,15.0,5.0,MODE_D_NEAREST_VALID_LADDER,1.0,5098.92,5098.92,5098.92,0.0,27.2,0.0,0.0,green_box_midline::green_mid_2,MODE_D_NEAREST_VALID_LADDER,5098.92,27.2,0.0,0.0,green_box_midline::green_mid_2,MODE_A_LIVE_PROXIMITY_HEAVY,REGIME_LEVEL_BROAD,35.612708,1.0,5098.92,5098.92,5098.92,0.0,27.2,0.0,0.0,green_box_midline::green_mid_2,0.0,0.0,0.0,ORACLE_GT10_CANDIDATE_GENERATION_FAIL,CANDIDATE_GENERATION_FAILURE_GT10,0.0,0.0,0.0,0.0,0.0,1.0
2026-02-23,2026-02-20,L6,RANGE_WIDE_120_220,CLOSE_POS_UPPER_THIRD,ROWS_EXTENDED_11_PLUS,5107.8,PREV_CLOSE_PROXY,,NEUTRAL,5102.34,15.0,5.0,MODE_C_BALANCED,1.0,5076.42,5076.42,5076.42,0.0,25.92,0.0,0.0,prior_range_fraction::prev_range_0.75,MODE_C_BALANCED,5076.42,25.92,0.0,0.0,prior_range_fraction::prev_range_0.75,MODE_A_LIVE_PROXIMITY_HEAVY,REGIME_LEVEL_BROAD,24.068208,1.0,5076.42,5076.42,5076.42,0.0,25.92,0.0,0.0,prior_range_fraction::prev_range_0.75,0.0,0.0,0.0,ORACLE_GT10_CANDIDATE_GENERATION_FAIL,CANDIDATE_GENERATION_FAILURE_GT10,0.0,0.0,0.0,0.0,0.0,1.0
2026-02-23,2026-02-20,L7,RANGE_WIDE_120_220,CLOSE_POS_UPPER_THIRD,ROWS_EXTENDED_11_PLUS,5107.8,PREV_CLOSE_PROXY,,NEUTRAL,5079.49,15.0,5.0,MODE_D_NEAREST_VALID_LADDER,2.0,5065.853333,5065.853333,5065.853333,0.0,13.636667,0.0,0.0,prior_hlc::previous_pivot_hlc3,MODE_C_BALANCED,5044.88,34.61,0.0,0.0,prior_hlc::previous_mid,MODE_A_LIVE_PROXIMITY_HEAVY,REGIME_LEVEL_BROAD,14.735208,1.0,5044.88,5044.88,5044.88,0.0,34.61,0.0,0.0,prior_hlc::previous_mid,20.973333,0.0,20.973333,ORACLE_GT10_CANDIDATE_GENERATION_FAIL,CANDIDATE_GENERATION_FAILURE_GT10,0.0,0.0,0.0,0.0,0.0,1.0
2026-02-24,2026-02-23,L4,RANGE_WIDE_120_220,CLOSE_POS_UPPER_THIRD,ROWS_EXTENDED_11_PLUS,5227.5,PREV_CLOSE_PROXY,,NEUTRAL,5263.54,20.0,5.0,MODE_B_EMA_CHANNEL_DIRECTION_HEAVY,2.0,5267.82,5267.82,5267.82,0.0,4.28,0.0,1.0,green_box_edge::green_edge_2,MODE_B_EMA_CHANNEL_DIRECTION_HEAVY,5288.88875,25.34875,0.0,0.0,green_box_quarter::green_box_3_25pct,MODE_A_LIVE_PROXIMITY_HEAVY,REGIME_LEVEL_BROAD,48.470056,1.0,5288.88875,5288.88875,5288.88875,0.0,25.34875,0.0,0.0,green_box_quarter::green_box_3_25pct,21.06875,0.0,21.06875,ORACLE_WITHIN_5,CANDIDATE_RANKING_FAILURE_LOWER_RANK_CANDIDATE,0.0,1.0,1.0,0.0,1.0,0.0
2026-02-24,2026-02-23,L5,RANGE_WIDE_120_220,CLOSE_POS_UPPER_THIRD,ROWS_EXTENDED_11_PLUS,5227.5,PREV_CLOSE_PROXY,,NEUTRAL,5234.73,20.0,5.0,MODE_D_NEAREST_VALID_LADDER,2.0,5225.6825,5225.6825,5225.6825,0.0,9.0475,0.0,0.0,green_box_midline::green_mid_2,MODE_D_NEAREST_VALID_LADDER,5246.75125,12.02125,0.0,0.0,green_box_quarter::green_box_2_75pct,MODE_A_LIVE_PROXIMITY_HEAVY,REGIME_LEVEL_BROAD,31.957778,1.0,5246.75125,5246.75125,5246.75125,0.0,12.02125,0.0,0.0,green_box_quarter::green_box_2_75pct,2.97375,0.0,2.97375,ORACLE_WITHIN_10,ORACLE_ONLY_REDUCES_ERROR_NOT_WITHIN_5,0.0,0.0,0.0,0.0,0.0,0.0
2026-02-24,2026-02-23,L6,RANGE_WIDE_120_220,CLOSE_POS_UPPER_THIRD,ROWS_EXTENDED_11_PLUS,5227.5,PREV_CLOSE_PROXY,,NEUTRAL,5205.3,20.0,5.0,MODE_C_BALANCED,1.0,5203.1825,5203.1825,5203.1825,0.0,2.1175,1.0,1.0,prior_range_fraction::prev_range_0.75,MODE_C_BALANCED,5203.1825,2.1175,1.0,1.0,prior_range_fraction::prev_range_0.75,MODE_A_LIVE_PROXIMITY_HEAVY,REGIME_LEVEL_BROAD,25.15275,1.0,5203.1825,5203.1825,5203.1825,0.0,2.1175,1.0,1.0,prior_range_fraction::prev_range_0.75,0.0,0.0,0.0,ORACLE_WITHIN_3,ROUTER_ACCEPTABLE_WITHIN_5,1.0,1.0,0.0,0.0,0.0,0.0
2026-02-24,2026-02-23,L7,RANGE_WIDE_120_220,CLOSE_POS_UPPER_THIRD,ROWS_EXTENDED_11_PLUS,5227.5,PREV_CLOSE_PROXY,,NEUTRAL,5176.62,20.0,5.0,MODE_C_BALANCED,1.0,5168.545,5168.545,5168.545,0.0,8.075,0.0,0.0,prior_hlc::previous_mid,MODE_C_BALANCED,5168.545,8.075,0.0,0.0,prior_hlc::previous_mid,MODE_A_LIVE_PROXIMITY_HEAVY,REGIME_LEVEL_BROAD,16.97475,1.0,5168.545,5168.545,5168.545,0.0,8.075,0.0,0.0,prior_hlc::previous_mid,0.0,0.0,0.0,ORACLE_WITHIN_10,ORACLE_ONLY_REDUCES_ERROR_NOT_WITHIN_5,0.0,0.0,0.0,0.0,0.0,0.0
2026-02-25,2026-02-24,L4,RANGE_WIDE_120_220,CLOSE_POS_LOWER_THIRD,ROWS_EXTENDED_11_PLUS,5143.76,PREV_CLOSE_PROXY,,NEUTRAL,5252.87,5.0,5.0,MODE_B_EMA_CHANNEL_DIRECTION_HEAVY,1.0,5279.68,5279.68,5279.68,0.0,26.81,0.0,0.0,green_box_edge::green_edge_2,MODE_B_EMA_CHANNEL_DIRECTION_HEAVY,5279.68,26.81,0.0,0.0,green_box_edge::green_edge_2,MODE_A_LIVE_PROXIMITY_HEAVY,LEVEL_ONLY,62.542748,1.0,5279.68,5279.68,5279.68,0.0,26.81,0.0,0.0,green_box_edge::green_edge_2,0.0,0.0,0.0,ORACLE_GT10_CANDIDATE_GENERATION_FAIL,CANDIDATE_GENERATION_FAILURE_GT10,0.0,0.0,0.0,0.0,0.0,1.0
2026-02-25,2026-02-24,L5,RANGE_WIDE_120_220,CLOSE_POS_LOWER_THIRD,ROWS_EXTENDED_11_PLUS,5143.76,PREV_CLOSE_PROXY,,NEUTRAL,5210.99,5.0,5.0,MODE_B_EMA_CHANNEL_DIRECTION_HEAVY,1.0,5230.03875,5230.03875,5230.03875,0.0,19.04875,0.0,0.0,prior_range_fraction::prev_range_0.875,MODE_B_EMA_CHANNEL_DIRECTION_HEAVY,5230.03875,19.04875,0.0,0.0,prior_range_fraction::prev_range_0.875,MODE_B_EMA_CHANNEL_DIRECTION_HEAVY,LEVEL_ONLY,61.960704,1.0,5230.03875,5230.03875,5230.03875,0.0,19.04875,0.0,0.0,prior_range_fraction::prev_range_0.875,0.0,0.0,0.0,ORACLE_GT10_CANDIDATE_GENERATION_FAIL,CANDIDATE_GENERATION_FAILURE_GT10,0.0,0.0,0.0,0.0,0.0,1.0
2026-02-25,2026-02-24,L6,RANGE_WIDE_120_220,CLOSE_POS_LOWER_THIRD,ROWS_EXTENDED_11_PLUS,5143.76,PREV_CLOSE_PROXY,,NEUTRAL,5174.66,5.0,5.0,MODE_C_BALANCED,1.0,5189.65634,5189.65634,5189.65634,0.0,14.99634,0.0,0.0,prior_range_fraction::prev_range_0.618,MODE_C_BALANCED,5189.65634,14.99634,0.0,0.0,prior_range_fraction::prev_range_0.618,MODE_D_NEAREST_VALID_LADDER,LEVEL_ONLY,61.723054,1.0,5189.65634,5189.65634,5189.65634,0.0,14.99634,0.0,0.0,prior_range_fraction::prev_range_0.618,0.0,0.0,0.0,ORACLE_GT10_CANDIDATE_GENERATION_FAIL,CANDIDATE_GENERATION_FAILURE_GT10,0.0,0.0,0.0,0.0,0.0,1.0
2026-02-25,2026-02-24,L7,RANGE_WIDE_120_220,CLOSE_POS_LOWER_THIRD,ROWS_EXTENDED_11_PLUS,5143.76,PREV_CLOSE_PROXY,,NEUTRAL,5141.24,5.0,5.0,MODE_C_BALANCED,1.0,5156.115,5156.115,5156.115,0.0,14.875,0.0,0.0,red_box_edge::red_edge_1,MODE_C_BALANCED,5156.115,14.875,0.0,0.0,red_box_edge::red_edge_1,MODE_C_BALANCED,LEVEL_ONLY,57.91225,1.0,5156.115,5156.115,5156.115,0.0,14.875,0.0,0.0,red_box_edge::red_edge_1,0.0,0.0,0.0,ORACLE_GT10_CANDIDATE_GENERATION_FAIL,CANDIDATE_GENERATION_FAILURE_GT10,0.0,0.0,0.0,0.0,0.0,1.0
2026-02-26,2026-02-25,L4,RANGE_NORMAL_60_120,CLOSE_POS_MIDDLE_THIRD,ROWS_SPARSE_1_8,5164.84,PREV_CLOSE_PROXY,,NEUTRAL,5167.75,10.0,5.0,MODE_B_EMA_CHANNEL_DIRECTION_HEAVY,2.0,5169.393125,5169.03125,5169.755,0.72375,1.643125,1.0,1.0,green_box_quarter::green_box_1_75pct | prior_hlc::previous_mid,MODE_C_BALANCED,5185.720032,17.970032,0.0,0.0,prior_range_fraction::prev_range_0.666667,MODE_A_LIVE_PROXIMITY_HEAVY,REGIME_LEVEL_BROAD,56.351443,1.0,5185.720032,5185.720032,5185.720032,0.0,17.970032,0.0,0.0,prior_range_fraction::prev_range_0.666667,16.326907,0.0,16.326907,ORACLE_WITHIN_3,CANDIDATE_RANKING_FAILURE_LOWER_RANK_CANDIDATE,1.0,1.0,1.0,0.0,1.0,0.0
2026-02-26,2026-02-25,L5,RANGE_NORMAL_60_120,CLOSE_POS_MIDDLE_THIRD,ROWS_SPARSE_1_8,5164.84,PREV_CLOSE_PROXY,,NEUTRAL,5128.94,15.0,5.0,MODE_A_LIVE_PROXIMITY_HEAVY,3.0,5145.8075,5145.8075,5145.8075,0.0,16.8675,0.0,0.0,prior_range_fraction::prev_range_0.25,MODE_C_BALANCED,5164.84,35.9,0.0,0.0,prior_hlc::previous_close,MODE_A_LIVE_PROXIMITY_HEAVY,REGIME_LEVEL_BROAD,57.340798,1.0,5164.84,5164.84,5164.84,0.0,35.9,0.0,0.0,prior_hlc::previous_close,19.0325,0.0,19.0325,ORACLE_GT10_CANDIDATE_GENERATION_FAIL,CANDIDATE_GENERATION_FAILURE_GT10,0.0,0.0,0.0,0.0,0.0,1.0
2026-02-26,2026-02-25,L6,RANGE_NORMAL_60_120,CLOSE_POS_MIDDLE_THIRD,ROWS_SPARSE_1_8,5164.84,PREV_CLOSE_PROXY,,NEUTRAL,5092.49,15.0,5.0,MODE_B_EMA_CHANNEL_DIRECTION_HEAVY,3.0,5122.58375,5121.86,5123.3075,1.4475,30.09375,0.0,0.0,prior_hlc::previous_low | red_box_midline::red_mid_2,MODE_C_BALANCED,5145.8075,53.3175,0.0,0.0,prior_range_fraction::prev_range_0.25,MODE_A_LIVE_PROXIMITY_HEAVY,REGIME_LEVEL_BROAD,51.806338,1.0,5145.8075,5145.8075,5145.8075,0.0,53.3175,0.0,0.0,prior_range_fraction::prev_range_0.25,23.22375,0.0,23.22375,ORACLE_GT10_CANDIDATE_GENERATION_FAIL,CANDIDATE_GENERATION_FAILURE_GT10,0.0,0.0,0.0,0.0,0.0,1.0
2026-02-26,2026-02-25,L7,RANGE_NORMAL_60_120,CLOSE_POS_MIDDLE_THIRD,ROWS_SPARSE_1_8,5164.84,PREV_CLOSE_PROXY,,NEUTRAL,5042.41,10.0,5.0,MODE_C_BALANCED,1.0,5107.58375,5107.58375,5107.58375,0.0,65.17375,0.0,0.0,red_box_quarter::red_box_2_75pct,MODE_C_BALANCED,5107.58375,65.17375,0.0,0.0,red_box_quarter::red_box_2_75pct,MODE_B_EMA_CHANNEL_DIRECTION_HEAVY,REGIME_LEVEL_BROAD,44.781732,1.0,5107.58375,5107.58375,5107.58375,0.0,65.17375,0.0,0.0,red_box_quarter::red_box_2_75pct,0.0,0.0,0.0,ORACLE_GT10_CANDIDATE_GENERATION_FAIL,CANDIDATE_GENERATION_FAILURE_GT10,0.0,0.0,0.0,0.0,0.0,1.0
2026-02-27,2026-02-26,L4,RANGE_NORMAL_60_120,CLOSE_POS_UPPER_THIRD,ROWS_STANDARD_9_10,5185.0,PREV_CLOSE_PROXY,,NEUTRAL,5200.74,20.0,5.0,MODE_B_EMA_CHANNEL_DIRECTION_HEAVY,2.0,5207.35,5205.52,5209.18,3.66,6.61,0.0,0.0,prior_hlc::previous_high | green_box_midline::green_mid_2,MODE_C_BALANCED,5192.35,8.39,0.0,0.0,red_box_quarter::red_box_1_25pct,MODE_D_NEAREST_VALID_LADDER,REGIME_LEVEL_EXACT,49.657639,1.0,5192.35,5192.35,5192.35,0.0,8.39,0.0,0.0,red_box_quarter::red_box_1_25pct,1.78,0.0,1.78,ORACLE_WITHIN_10,ORACLE_ONLY_REDUCES_ERROR_NOT_WITHIN_5,0.0,0.0,0.0,0.0,0.0,0.0
2026-02-27,2026-02-26,L5,RANGE_NORMAL_60_120,CLOSE_POS_UPPER_THIRD,ROWS_STANDARD_9_10,5185.0,PREV_CLOSE_PROXY,,NEUTRAL,5159.15,15.0,5.0,MODE_C_BALANCED,3.0,5167.84,5167.84,5167.84,0.0,8.69,0.0,0.0,prior_hlc::previous_mid,MODE_C_BALANCED,5194.225,35.075,0.0,0.0,red_box_quarter::red_box_1_25pct | green_box_quarter::green_box_2_25pct | prior_range_fraction::prev_range_0.875,MODE_A_LIVE_PROXIMITY_HEAVY,REGIME_LEVEL_EXACT,54.258347,1.0,5194.225,5192.35,5196.1,3.75,35.075,0.0,0.0,red_box_quarter::red_box_1_25pct | green_box_quarter::green_box_2_25pct | prior_range_fraction::prev_range_0.875,26.385,0.0,26.385,ORACLE_WITHIN_10,ORACLE_ONLY_REDUCES_ERROR_NOT_WITHIN_5,0.0,0.0,0.0,0.0,0.0,0.0
2026-02-27,2026-02-26,L6,RANGE_NORMAL_60_120,CLOSE_POS_UPPER_THIRD,ROWS_STANDARD_9_10,5185.0,PREV_CLOSE_PROXY,,NEUTRAL,5120.49,20.0,5.0,MODE_C_BALANCED,2.0,5158.94752,5158.94752,5158.94752,0.0,38.45752,0.0,0.0,prior_range_fraction::prev_range_0.382,MODE_C_BALANCED,5168.755,48.265,0.0,0.0,prior_hlc::previous_mid | green_box_quarter::green_box_1_75pct,MODE_A_LIVE_PROXIMITY_HEAVY,REGIME_LEVEL_EXACT,55.03709,1.0,5168.755,5167.84,5169.67,1.83,48.265,0.0,0.0,prior_hlc::previous_mid | green_box_quarter::green_box_1_75pct,9.80748,0.0,9.80748,ORACLE_GT10_CANDIDATE_GENERATION_FAIL,CANDIDATE_GENERATION_FAILURE_GT10,0.0,0.0,0.0,0.0,0.0,1.0
2026-02-27,2026-02-26,L7,RANGE_NORMAL_60_120,CLOSE_POS_UPPER_THIRD,ROWS_STANDARD_9_10,5185.0,PREV_CLOSE_PROXY,,NEUTRAL,5082.63,15.0,5.0,MODE_C_BALANCED,1.0,5141.455,5139.58,5143.33,3.75,58.825,0.0,0.0,prior_range_fraction::prev_range_0.125 | red_box_quarter::red_box_2_25pct | green_box_quarter::green_box_1_25pct,MODE_C_BALANCED,5141.455,58.825,0.0,0.0,prior_range_fraction::prev_range_0.125 | red_box_quarter::red_box_2_25pct | green_box_quarter::green_box_1_25pct,MODE_B_EMA_CHANNEL_DIRECTION_HEAVY,REGIME_LEVEL_EXACT,53.783222,1.0,5141.455,5139.58,5143.33,3.75,58.825,0.0,0.0,prior_range_fraction::prev_range_0.125 | red_box_quarter::red_box_2_25pct | green_box_quarter::green_box_1_25pct,0.0,0.0,0.0,ORACLE_GT10_CANDIDATE_GENERATION_FAIL,CANDIDATE_GENERATION_FAILURE_GT10,0.0,0.0,0.0,0.0,0.0,1.0
2026-03-02,2026-02-27,L4,RANGE_NORMAL_60_120,CLOSE_POS_UPPER_THIRD,ROWS_EXTENDED_11_PLUS,5280.0,PREV_CLOSE_PROXY,,NEUTRAL,5367.98,15.0,5.0,MODE_B_EMA_CHANNEL_DIRECTION_HEAVY,1.0,5364.85,5364.85,5364.85,0.0,3.13,0.0,1.0,green_box_quarter::green_box_3_75pct,MODE_B_EMA_CHANNEL_DIRECTION_HEAVY,5364.85,3.13,0.0,1.0,green_box_quarter::green_box_3_75pct,MODE_A_LIVE_PROXIMITY_HEAVY,REGIME_LEVEL_BROAD,64.141778,1.0,5364.85,5364.85,5364.85,0.0,3.13,0.0,1.0,green_box_quarter::green_box_3_75pct,0.0,0.0,0.0,ORACLE_WITHIN_5,ROUTER_ACCEPTABLE_WITHIN_5,0.0,1.0,0.0,0.0,0.0,0.0
2026-03-02,2026-02-27,L5,RANGE_NORMAL_60_120,CLOSE_POS_UPPER_THIRD,ROWS_EXTENDED_11_PLUS,5280.0,PREV_CLOSE_PROXY,,NEUTRAL,5326.06,15.0,5.0,MODE_B_EMA_CHANNEL_DIRECTION_HEAVY,1.0,5328.87,5328.87,5328.87,0.0,2.81,1.0,1.0,green_box_quarter::green_box_3_25pct,MODE_B_EMA_CHANNEL_DIRECTION_HEAVY,5328.87,2.81,1.0,1.0,green_box_quarter::green_box_3_25pct,MODE_A_LIVE_PROXIMITY_HEAVY,REGIME_LEVEL_BROAD,60.109481,1.0,5328.87,5328.87,5328.87,0.0,2.81,1.0,1.0,green_box_quarter::green_box_3_25pct,0.0,0.0,0.0,ORACLE_WITHIN_3,ROUTER_ACCEPTABLE_WITHIN_5,1.0,1.0,0.0,0.0,0.0,0.0
2026-03-02,2026-02-27,L6,RANGE_NORMAL_60_120,CLOSE_POS_UPPER_THIRD,ROWS_EXTENDED_11_PLUS,5280.0,PREV_CLOSE_PROXY,,NEUTRAL,5290.73,15.0,5.0,MODE_A_LIVE_PROXIMITY_HEAVY,1.0,5292.89,5292.89,5292.89,0.0,2.16,1.0,1.0,green_box_quarter::green_box_2_75pct,MODE_A_LIVE_PROXIMITY_HEAVY,5292.89,2.16,1.0,1.0,green_box_quarter::green_box_2_75pct,MODE_A_LIVE_PROXIMITY_HEAVY,REGIME_LEVEL_BROAD,60.789982,1.0,5292.89,5292.89,5292.89,0.0,2.16,1.0,1.0,green_box_quarter::green_box_2_75pct,0.0,0.0,0.0,ORACLE_WITHIN_3,ROUTER_ACCEPTABLE_WITHIN_5,1.0,1.0,0.0,0.0,0.0,0.0
2026-03-02,2026-02-27,L7,RANGE_NORMAL_60_120,CLOSE_POS_UPPER_THIRD,ROWS_EXTENDED_11_PLUS,5280.0,PREV_CLOSE_PROXY,,NEUTRAL,5256.98,15.0,5.0,MODE_A_LIVE_PROXIMITY_HEAVY,1.0,5280.0,5280.0,5280.0,0.0,23.02,0.0,0.0,prior_hlc::previous_close,MODE_A_LIVE_PROXIMITY_HEAVY,5280.0,23.02,0.0,0.0,prior_hlc::previous_close,MODE_C_BALANCED,REGIME_LEVEL_BROAD,59.561181,1.0,5166.96,5166.96,5166.96,0.0,90.02,0.0,0.0,prior_hlc::previous_low,67.0,67.0,0.0,ORACLE_GT10_CANDIDATE_GENERATION_FAIL,CANDIDATE_GENERATION_FAILURE_GT10,0.0,0.0,0.0,0.0,0.0,1.0
2026-03-03,2026-03-02,L4,RANGE_WIDE_120_220,CLOSE_POS_MIDDLE_THIRD,ROWS_STANDARD_9_10,5321.84,PREV_CLOSE_PROXY,,NEUTRAL,5324.04,20.0,5.0,MODE_A_LIVE_PROXIMITY_HEAVY,2.0,5340.1,5340.1,5340.1,0.0,16.06,0.0,0.0,prior_hlc::previous_mid,MODE_C_BALANCED,5379.62,55.58,0.0,0.0,prior_range_fraction::prev_range_0.75,MODE_A_LIVE_PROXIMITY_HEAVY,LEVEL_ONLY,62.638458,1.0,5379.62,5379.62,5379.62,0.0,55.58,0.0,0.0,prior_range_fraction::prev_range_0.75,39.52,0.0,39.52,ORACLE_GT10_CANDIDATE_GENERATION_FAIL,CANDIDATE_GENERATION_FAILURE_GT10,0.0,0.0,0.0,0.0,0.0,1.0
2026-03-03,2026-03-02,L5,RANGE_WIDE_120_220,CLOSE_POS_MIDDLE_THIRD,ROWS_STANDARD_9_10,5321.84,PREV_CLOSE_PROXY,,NEUTRAL,5286.64,20.0,5.0,MODE_D_NEAREST_VALID_LADDER,2.0,5313.753281,5313.753281,5313.753281,0.0,27.113281,0.0,0.0,prior_range_fraction::prev_range_0.333333,MODE_C_BALANCED,5348.61,61.97,0.0,0.0,red_box_quarter::red_box_1_75pct,MODE_A_LIVE_PROXIMITY_HEAVY,LEVEL_ONLY,61.696677,1.0,5348.61,5348.61,5348.61,0.0,61.97,0.0,0.0,red_box_quarter::red_box_1_75pct,34.856719,0.0,34.856719,ORACLE_GT10_CANDIDATE_GENERATION_FAIL,CANDIDATE_GENERATION_FAILURE_GT10,0.0,0.0,0.0,0.0,0.0,1.0
2026-03-03,2026-03-02,L6,RANGE_WIDE_120_220,CLOSE_POS_MIDDLE_THIRD,ROWS_STANDARD_9_10,5321.84,PREV_CLOSE_PROXY,,NEUTRAL,5249.62,20.0,5.0,MODE_C_BALANCED,2.0,5284.57,5284.57,5284.57,0.0,34.95,0.0,0.0,green_box_quarter::green_box_1_25pct,MODE_C_BALANCED,5321.44656,71.82656,0.0,0.0,prior_range_fraction::prev_range_0.382,MODE_D_NEAREST_VALID_LADDER,LEVEL_ONLY,61.818917,1.0,5321.44656,5321.44656,5321.44656,0.0,71.82656,0.0,0.0,prior_range_fraction::prev_range_0.382,36.87656,0.0,36.87656,ORACLE_GT10_CANDIDATE_GENERATION_FAIL,CANDIDATE_GENERATION_FAILURE_GT10,0.0,0.0,0.0,0.0,0.0,1.0
2026-03-03,2026-03-02,L7,RANGE_WIDE_120_220,CLOSE_POS_MIDDLE_THIRD,ROWS_STANDARD_9_10,5321.84,PREV_CLOSE_PROXY,,NEUTRAL,5213.93,20.0,5.0,MODE_D_NEAREST_VALID_LADDER,1.0,5261.06,5261.06,5261.06,0.0,47.13,0.0,0.0,prior_hlc::previous_low,MODE_D_NEAREST_VALID_LADDER,5261.06,47.13,0.0,0.0,prior_hlc::previous_low,MODE_C_BALANCED,LEVEL_ONLY,57.237115,1.0,5284.57,5284.57,5284.57,0.0,70.64,0.0,0.0,green_box_quarter::green_box_1_25pct,23.51,23.51,0.0,ORACLE_GT10_CANDIDATE_GENERATION_FAIL,CANDIDATE_GENERATION_FAILURE_GT10,0.0,0.0,0.0,0.0,0.0,1.0
2026-03-04,2026-03-03,L4,RANGE_EXTREME_220_PLUS,CLOSE_POS_LOWER_THIRD,ROWS_STANDARD_9_10,5088.24,PREV_CLOSE_PROXY,,NEUTRAL,5112.47,5.0,5.0,MODE_A_LIVE_PROXIMITY_HEAVY,1.0,5069.6675,5069.6675,5069.6675,0.0,42.8025,0.0,0.0,red_box_midline::red_mid_2,MODE_A_LIVE_PROXIMITY_HEAVY,5069.6675,42.8025,0.0,0.0,red_box_midline::red_mid_2,MODE_A_LIVE_PROXIMITY_HEAVY,LEVEL_ONLY,62.530397,1.0,5069.6675,5069.6675,5069.6675,0.0,42.8025,0.0,0.0,red_box_midline::red_mid_2,0.0,0.0,0.0,ORACLE_GT10_CANDIDATE_GENERATION_FAIL,CANDIDATE_GENERATION_FAILURE_GT10,0.0,0.0,0.0,0.0,0.0,1.0
2026-03-04,2026-03-03,L5,RANGE_EXTREME_220_PLUS,CLOSE_POS_LOWER_THIRD,ROWS_STANDARD_9_10,5088.24,PREV_CLOSE_PROXY,,NEUTRAL,5078.76,5.0,5.0,MODE_B_EMA_CHANNEL_DIRECTION_HEAVY,1.0,5088.24,5088.24,5088.24,0.0,9.48,0.0,0.0,prior_hlc::previous_close,MODE_B_EMA_CHANNEL_DIRECTION_HEAVY,5088.24,9.48,0.0,0.0,prior_hlc::previous_close,MODE_B_EMA_CHANNEL_DIRECTION_HEAVY,LEVEL_ONLY,61.360087,1.0,5088.24,5088.24,5088.24,0.0,9.48,0.0,0.0,prior_hlc::previous_close,0.0,0.0,0.0,ORACLE_WITHIN_10,ORACLE_ONLY_REDUCES_ERROR_NOT_WITHIN_5,0.0,0.0,0.0,0.0,0.0,0.0
2026-03-04,2026-03-03,L6,RANGE_EXTREME_220_PLUS,CLOSE_POS_LOWER_THIRD,ROWS_STANDARD_9_10,5088.24,PREV_CLOSE_PROXY,,NEUTRAL,5043.41,5.0,5.0,MODE_C_BALANCED,1.0,5017.96875,5017.96875,5017.96875,0.0,25.44125,0.0,0.0,red_box_quarter::red_box_2_75pct,MODE_C_BALANCED,5017.96875,25.44125,0.0,0.0,red_box_quarter::red_box_2_75pct,MODE_D_NEAREST_VALID_LADDER,LEVEL_ONLY,61.723458,1.0,5017.96875,5017.96875,5017.96875,0.0,25.44125,0.0,0.0,red_box_quarter::red_box_2_75pct,0.0,0.0,0.0,ORACLE_GT10_CANDIDATE_GENERATION_FAIL,CANDIDATE_GENERATION_FAILURE_GT10,0.0,0.0,0.0,0.0,0.0,1.0
2026-03-04,2026-03-03,L7,RANGE_EXTREME_220_PLUS,CLOSE_POS_LOWER_THIRD,ROWS_STANDARD_9_10,5088.24,PREV_CLOSE_PROXY,,NEUTRAL,5012.24,5.0,5.0,MODE_B_EMA_CHANNEL_DIRECTION_HEAVY,1.0,4996.27,4996.27,4996.27,0.0,15.97,0.0,0.0,prior_hlc::previous_low,MODE_B_EMA_CHANNEL_DIRECTION_HEAVY,4996.27,15.97,0.0,0.0,prior_hlc::previous_low,MODE_C_BALANCED,LEVEL_ONLY,56.949583,1.0,4996.27,4996.27,4996.27,0.0,15.97,0.0,0.0,prior_hlc::previous_low,0.0,0.0,0.0,ORACLE_GT10_CANDIDATE_GENERATION_FAIL,CANDIDATE_GENERATION_FAILURE_GT10,0.0,0.0,0.0,0.0,0.0,1.0
2026-03-05,2026-03-04,L4,RANGE_WIDE_120_220,CLOSE_POS_MIDDLE_THIRD,ROWS_STANDARD_9_10,5141.1,PREV_CLOSE_PROXY,,NEUTRAL,5173.51,25.0,5.0,MODE_C_BALANCED,1.0,5175.565,5175.565,5175.565,0.0,2.055,1.0,1.0,prior_range_fraction::prev_range_0.75,MODE_C_BALANCED,5175.565,2.055,1.0,1.0,prior_range_fraction::prev_range_0.75,MODE_A_LIVE_PROXIMITY_HEAVY,REGIME_LEVEL_EXACT,5.833333,1.0,5175.565,5175.565,5175.565,0.0,2.055,1.0,1.0,prior_range_fraction::prev_range_0.75,0.0,0.0,0.0,ORACLE_WITHIN_3,ROUTER_ACCEPTABLE_WITHIN_5,1.0,1.0,0.0,0.0,0.0,0.0
2026-03-05,2026-03-04,L5,RANGE_WIDE_120_220,CLOSE_POS_MIDDLE_THIRD,ROWS_STANDARD_9_10,5141.1,PREV_CLOSE_PROXY,,NEUTRAL,5139.59,25.0,5.0,MODE_C_BALANCED,1.0,5149.0525,5149.0525,5149.0525,0.0,9.4625,0.0,0.0,red_box_quarter::red_box_1_75pct,MODE_C_BALANCED,5149.0525,9.4625,0.0,0.0,red_box_quarter::red_box_1_75pct,MODE_A_LIVE_PROXIMITY_HEAVY,REGIME_LEVEL_EXACT,5.833333,1.0,5149.0525,5149.0525,5149.0525,0.0,9.4625,0.0,0.0,red_box_quarter::red_box_1_75pct,0.0,0.0,0.0,ORACLE_WITHIN_10,ORACLE_ONLY_REDUCES_ERROR_NOT_WITHIN_5,0.0,0.0,0.0,0.0,0.0,0.0
2026-03-05,2026-03-04,L6,RANGE_WIDE_120_220,CLOSE_POS_MIDDLE_THIRD,ROWS_STANDARD_9_10,5141.1,PREV_CLOSE_PROXY,,NEUTRAL,5103.66,25.0,5.0,MODE_C_BALANCED,2.0,5103.0025,5103.0025,5103.0025,0.0,0.6575,1.0,1.0,green_box_quarter::green_box_1_25pct,MODE_C_BALANCED,5130.6322,26.9722,0.0,0.0,prior_range_fraction::prev_range_0.382,MODE_A_LIVE_PROXIMITY_HEAVY,REGIME_LEVEL_EXACT,5.833333,1.0,5130.6322,5130.6322,5130.6322,0.0,26.9722,0.0,0.0,prior_range_fraction::prev_range_0.382,26.3147,0.0,26.3147,ORACLE_WITHIN_3,CANDIDATE_RANKING_FAILURE_LOWER_RANK_CANDIDATE,1.0,1.0,1.0,0.0,1.0,0.0
2026-03-05,2026-03-04,L7,RANGE_WIDE_120_220,CLOSE_POS_MIDDLE_THIRD,ROWS_STANDARD_9_10,5141.1,PREV_CLOSE_PROXY,,NEUTRAL,5066.73,25.0,5.0,MODE_D_NEAREST_VALID_LADDER,1.0,5083.99,5083.99,5083.99,0.0,17.26,0.0,0.0,prior_hlc::previous_low,MODE_D_NEAREST_VALID_LADDER,5083.99,17.26,0.0,0.0,prior_hlc::previous_low,MODE_D_NEAREST_VALID_LADDER,REGIME_LEVEL_EXACT,5.833333,1.0,5083.99,5083.99,5083.99,0.0,17.26,0.0,0.0,prior_hlc::previous_low,0.0,0.0,0.0,ORACLE_GT10_CANDIDATE_GENERATION_FAIL,CANDIDATE_GENERATION_FAILURE_GT10,0.0,0.0,0.0,0.0,0.0,1.0
2026-03-06,2026-03-05,L4,RANGE_WIDE_120_220,CLOSE_POS_LOWER_THIRD,ROWS_SPARSE_1_8,5081.02,PREV_CLOSE_PROXY,,NEUTRAL,5105.9,20.0,5.0,MODE_B_EMA_CHANNEL_DIRECTION_HEAVY,2.0,5116.265,5116.265,5116.265,0.0,10.365,0.0,0.0,green_box_quarter::green_box_1_75pct,MODE_C_BALANCED,5139.97784,34.07784,0.0,0.0,prior_range_fraction::prev_range_0.618,MODE_A_LIVE_PROXIMITY_HEAVY,LEVEL_ONLY,62.738294,1.0,5139.97784,5139.97784,5139.97784,0.0,34.07784,0.0,0.0,prior_range_fraction::prev_range_0.618,23.71284,0.0,23.71284,ORACLE_GT10_CANDIDATE_GENERATION_FAIL,CANDIDATE_GENERATION_FAILURE_GT10,0.0,0.0,0.0,0.0,0.0,1.0
2026-03-06,2026-03-05,L5,RANGE_WIDE_120_220,CLOSE_POS_LOWER_THIRD,ROWS_SPARSE_1_8,5081.02,PREV_CLOSE_PROXY,,NEUTRAL,5070.97,25.0,5.0,MODE_D_NEAREST_VALID_LADDER,3.0,5081.02,5081.02,5081.02,0.0,10.05,0.0,0.0,prior_hlc::previous_close,MODE_C_BALANCED,5108.0,37.03,0.0,0.0,red_box_edge::red_edge_1,MODE_A_LIVE_PROXIMITY_HEAVY,LEVEL_ONLY,61.777487,1.0,5108.0,5108.0,5108.0,0.0,37.03,0.0,0.0,red_box_edge::red_edge_1,26.98,0.0,26.98,ORACLE_GT10_CANDIDATE_GENERATION_FAIL,CANDIDATE_GENERATION_FAILURE_GT10,0.0,0.0,0.0,0.0,0.0,1.0
2026-03-06,2026-03-05,L6,RANGE_WIDE_120_220,CLOSE_POS_LOWER_THIRD,ROWS_SPARSE_1_8,5081.02,PREV_CLOSE_PROXY,,NEUTRAL,5039.06,20.0,5.0,MODE_C_BALANCED,2.0,5051.06,5051.06,5051.06,0.0,12.0,0.0,0.0,prior_hlc::previous_low,MODE_C_BALANCED,5064.53,25.47,0.0,0.0,red_box_midline::red_mid_2,MODE_D_NEAREST_VALID_LADDER,LEVEL_ONLY,61.544482,1.0,5064.53,5064.53,5064.53,0.0,25.47,0.0,0.0,red_box_midline::red_mid_2,13.47,0.0,13.47,ORACLE_GT10_CANDIDATE_GENERATION_FAIL,CANDIDATE_GENERATION_FAILURE_GT10,0.0,0.0,0.0,0.0,0.0,1.0
2026-03-06,2026-03-05,L7,RANGE_WIDE_120_220,CLOSE_POS_LOWER_THIRD,ROWS_SPARSE_1_8,5081.02,PREV_CLOSE_PROXY,,NEUTRAL,5004.85,15.0,5.0,MODE_B_EMA_CHANNEL_DIRECTION_HEAVY,1.0,5021.06,5021.06,5021.06,0.0,16.21,0.0,0.0,red_box_edge::red_edge_2,MODE_B_EMA_CHANNEL_DIRECTION_HEAVY,5021.06,16.21,0.0,0.0,red_box_edge::red_edge_2,MODE_C_BALANCED,LEVEL_ONLY,56.849895,1.0,5021.06,5021.06,5021.06,0.0,16.21,0.0,0.0,red_box_edge::red_edge_2,0.0,0.0,0.0,ORACLE_GT10_CANDIDATE_GENERATION_FAIL,CANDIDATE_GENERATION_FAILURE_GT10,0.0,0.0,0.0,0.0,0.0,1.0
2026-03-09,2026-03-06,L4,RANGE_NORMAL_60_120,CLOSE_POS_UPPER_THIRD,ROWS_STANDARD_9_10,5174.64,PREV_CLOSE_PROXY,,NEUTRAL,5198.3,25.0,5.0,MODE_B_EMA_CHANNEL_DIRECTION_HEAVY,1.0,5174.78,5174.78,5174.78,0.0,23.52,0.0,0.0,prior_hlc::previous_high,MODE_B_EMA_CHANNEL_DIRECTION_HEAVY,5174.78,23.52,0.0,0.0,prior_hlc::previous_high,MODE_D_NEAREST_VALID_LADDER,REGIME_LEVEL_EXACT,50.816877,1.0,5174.78,5174.78,5174.78,0.0,23.52,0.0,0.0,prior_hlc::previous_high,0.0,0.0,0.0,ORACLE_GT10_CANDIDATE_GENERATION_FAIL,CANDIDATE_GENERATION_FAILURE_GT10,0.0,0.0,0.0,0.0,0.0,1.0
2026-03-09,2026-03-06,L5,RANGE_NORMAL_60_120,CLOSE_POS_UPPER_THIRD,ROWS_STANDARD_9_10,5174.64,PREV_CLOSE_PROXY,,NEUTRAL,5168.78,20.0,5.0,MODE_C_BALANCED,1.0,5158.795,5156.92,5160.67,3.75,9.985,0.0,0.0,red_box_quarter::red_box_1_25pct | prior_range_fraction::prev_range_0.875,MODE_C_BALANCED,5158.795,9.985,0.0,0.0,red_box_quarter::red_box_1_25pct | prior_range_fraction::prev_range_0.875,MODE_A_LIVE_PROXIMITY_HEAVY,REGIME_LEVEL_EXACT,54.818443,1.0,5158.795,5156.92,5160.67,3.75,9.985,0.0,0.0,red_box_quarter::red_box_1_25pct | prior_range_fraction::prev_range_0.875,0.0,0.0,0.0,ORACLE_WITHIN_10,ORACLE_ONLY_REDUCES_ERROR_NOT_WITHIN_5,0.0,0.0,0.0,0.0,0.0,0.0
2026-03-09,2026-03-06,L6,RANGE_NORMAL_60_120,CLOSE_POS_UPPER_THIRD,ROWS_STANDARD_9_10,5174.64,PREV_CLOSE_PROXY,,NEUTRAL,5140.78,20.0,5.0,MODE_E_SPACING_PRESERVATION,1.0,5137.153371,5137.153371,5137.153371,0.0,3.626629,0.0,1.0,prior_range_fraction::prev_range_0.666667,MODE_E_SPACING_PRESERVATION,5137.153371,3.626629,0.0,1.0,prior_range_fraction::prev_range_0.666667,MODE_A_LIVE_PROXIMITY_HEAVY,REGIME_LEVEL_EXACT,55.056943,1.0,5151.2,5151.2,5151.2,0.0,10.42,0.0,0.0,green_box_quarter::green_box_2_25pct,6.793371,6.793371,0.0,ORACLE_WITHIN_5,MODE_SELECTION_FAILURE,0.0,1.0,1.0,1.0,0.0,0.0
2026-03-09,2026-03-06,L7,RANGE_NORMAL_60_120,CLOSE_POS_UPPER_THIRD,ROWS_STANDARD_9_10,5174.64,PREV_CLOSE_PROXY,,NEUTRAL,5108.7,15.0,5.0,MODE_C_BALANCED,1.0,5087.8,5085.48,5090.12,4.64,20.9,0.0,0.0,red_box_quarter::red_box_2_25pct | prior_range_fraction::prev_range_0.25,MODE_C_BALANCED,5087.8,20.9,0.0,0.0,red_box_quarter::red_box_2_25pct | prior_range_fraction::prev_range_0.25,MODE_B_EMA_CHANNEL_DIRECTION_HEAVY,REGIME_LEVEL_EXACT,54.057193,1.0,5087.8,5085.48,5090.12,4.64,20.9,0.0,0.0,red_box_quarter::red_box_2_25pct | prior_range_fraction::prev_range_0.25,0.0,0.0,0.0,ORACLE_GT10_CANDIDATE_GENERATION_FAIL,CANDIDATE_GENERATION_FAILURE_GT10,0.0,0.0,0.0,0.0,0.0,1.0
2026-03-10,2026-03-09,L4,RANGE_WIDE_120_220,CLOSE_POS_MIDDLE_THIRD,ROWS_STANDARD_9_10,5136.66,PREV_CLOSE_PROXY,,NEUTRAL,5174.89,25.0,5.0,MODE_B_EMA_CHANNEL_DIRECTION_HEAVY,1.0,5152.1675,5152.1675,5152.1675,0.0,22.7225,0.0,0.0,prior_range_fraction::prev_range_0.75,MODE_B_EMA_CHANNEL_DIRECTION_HEAVY,5152.1675,22.7225,0.0,0.0,prior_range_fraction::prev_range_0.75,MODE_A_LIVE_PROXIMITY_HEAVY,REGIME_LEVEL_EXACT,12.833333,1.0,5227.91,5227.91,5227.91,0.0,53.02,0.0,0.0,green_box_edge::green_edge_2,30.2975,30.2975,0.0,ORACLE_GT10_CANDIDATE_GENERATION_FAIL,CANDIDATE_GENERATION_FAILURE_GT10,0.0,0.0,0.0,0.0,0.0,1.0
2026-03-10,2026-03-09,L5,RANGE_WIDE_120_220,CLOSE_POS_MIDDLE_THIRD,ROWS_STANDARD_9_10,5136.66,PREV_CLOSE_PROXY,,NEUTRAL,5145.87,25.0,5.0,MODE_C_BALANCED,2.0,5118.04625,5118.04625,5118.04625,0.0,27.82375,0.0,0.0,red_box_quarter::red_box_1_75pct,MODE_B_EMA_CHANNEL_DIRECTION_HEAVY,5197.91,52.04,0.0,0.0,prior_hlc::previous_high,MODE_A_LIVE_PROXIMITY_HEAVY,REGIME_LEVEL_EXACT,7.0,1.0,5197.91,5197.91,5197.91,0.0,52.04,0.0,0.0,prior_hlc::previous_high,24.21625,0.0,24.21625,ORACLE_GT10_CANDIDATE_GENERATION_FAIL,CANDIDATE_GENERATION_FAILURE_GT10,0.0,0.0,0.0,0.0,0.0,1.0
2026-03-10,2026-03-09,L6,RANGE_WIDE_120_220,CLOSE_POS_MIDDLE_THIRD,ROWS_STANDARD_9_10,5136.66,PREV_CLOSE_PROXY,,NEUTRAL,5116.85,25.0,5.0,MODE_D_NEAREST_VALID_LADDER,2.0,5128.01546,5128.01546,5128.01546,0.0,11.16546,0.0,0.0,prior_range_fraction::prev_range_0.618,MODE_C_BALANCED,5084.83454,32.01546,0.0,0.0,prior_range_fraction::prev_range_0.382,MODE_A_LIVE_PROXIMITY_HEAVY,REGIME_LEVEL_EXACT,7.0,1.0,5084.83454,5084.83454,5084.83454,0.0,32.01546,0.0,0.0,prior_range_fraction::prev_range_0.382,20.85,0.0,20.85,ORACLE_GT10_CANDIDATE_GENERATION_FAIL,CANDIDATE_GENERATION_FAILURE_GT10,0.0,0.0,0.0,0.0,0.0,1.0
2026-03-10,2026-03-09,L7,RANGE_WIDE_120_220,CLOSE_POS_MIDDLE_THIRD,ROWS_STANDARD_9_10,5136.66,PREV_CLOSE_PROXY,,NEUTRAL,5088.85,20.0,5.0,MODE_B_EMA_CHANNEL_DIRECTION_HEAVY,2.0,5091.425,5091.425,5091.425,0.0,2.575,1.0,1.0,red_box_edge::red_edge_1,MODE_C_BALANCED,5041.56125,47.28875,0.0,0.0,green_box_quarter::green_box_1_25pct,MODE_D_NEAREST_VALID_LADDER,REGIME_LEVEL_EXACT,7.0,1.0,5041.56125,5041.56125,5041.56125,0.0,47.28875,0.0,0.0,green_box_quarter::green_box_1_25pct,44.71375,0.0,44.71375,ORACLE_WITHIN_3,CANDIDATE_RANKING_FAILURE_LOWER_RANK_CANDIDATE,1.0,1.0,1.0,0.0,1.0,0.0
2026-03-11,2026-03-10,L4,RANGE_WIDE_120_220,CLOSE_POS_MIDDLE_THIRD,ROWS_STANDARD_9_10,5192.64,PREV_CLOSE_PROXY,,NEUTRAL,5249.95,25.0,5.0,MODE_D_NEAREST_VALID_LADDER,2.0,5268.59,5268.59,5268.59,0.0,18.64,0.0,0.0,green_box_edge::green_edge_2,MODE_C_BALANCED,5223.45625,26.49375,0.0,0.0,prior_range_fraction::prev_range_0.875,MODE_A_LIVE_PROXIMITY_HEAVY,REGIME_LEVEL_EXACT,13.166667,1.0,5223.45625,5223.45625,5223.45625,0.0,26.49375,0.0,0.0,prior_range_fraction::prev_range_0.875,7.85375,0.0,7.85375,ORACLE_GT10_CANDIDATE_GENERATION_FAIL,CANDIDATE_GENERATION_FAILURE_GT10,0.0,0.0,0.0,0.0,0.0,1.0
2026-03-11,2026-03-10,L5,RANGE_WIDE_120_220,CLOSE_POS_MIDDLE_THIRD,ROWS_STANDARD_9_10,5192.64,PREV_CLOSE_PROXY,,NEUTRAL,5222.07,25.0,5.0,MODE_B_EMA_CHANNEL_DIRECTION_HEAVY,2.0,5238.59,5238.59,5238.59,0.0,16.52,0.0,0.0,prior_hlc::previous_high,MODE_C_BALANCED,5200.8225,21.2475,0.0,0.0,red_box_midline::red_mid_1,MODE_A_LIVE_PROXIMITY_HEAVY,REGIME_LEVEL_EXACT,8.166667,1.0,5200.8225,5200.8225,5200.8225,0.0,21.2475,0.0,0.0,red_box_midline::red_mid_1,4.7275,0.0,4.7275,ORACLE_GT10_CANDIDATE_GENERATION_FAIL,CANDIDATE_GENERATION_FAILURE_GT10,0.0,0.0,0.0,0.0,0.0,1.0
2026-03-11,2026-03-10,L6,RANGE_WIDE_120_220,CLOSE_POS_MIDDLE_THIRD,ROWS_STANDARD_9_10,5192.64,PREV_CLOSE_PROXY,,NEUTRAL,5189.44,25.0,5.0,MODE_B_EMA_CHANNEL_DIRECTION_HEAVY,1.0,5182.916667,5182.916667,5182.916667,0.0,6.523333,0.0,0.0,prior_hlc::previous_pivot_hlc3,MODE_B_EMA_CHANNEL_DIRECTION_HEAVY,5182.916667,6.523333,0.0,0.0,prior_hlc::previous_pivot_hlc3,MODE_A_LIVE_PROXIMITY_HEAVY,REGIME_LEVEL_EXACT,8.166667,1.0,5182.916667,5182.916667,5182.916667,0.0,6.523333,0.0,0.0,prior_hlc::previous_pivot_hlc3,0.0,0.0,0.0,ORACLE_WITHIN_10,ORACLE_ONLY_REDUCES_ERROR_NOT_WITHIN_5,0.0,0.0,0.0,0.0,0.0,0.0
2026-03-11,2026-03-10,L7,RANGE_WIDE_120_220,CLOSE_POS_MIDDLE_THIRD,ROWS_STANDARD_9_10,5192.64,PREV_CLOSE_PROXY,,NEUTRAL,5163.6,25.0,5.0,MODE_B_EMA_CHANNEL_DIRECTION_HEAVY,2.0,5163.055,5163.055,5163.055,0.0,0.545,1.0,1.0,red_box_edge::red_edge_1,MODE_C_BALANCED,5136.40375,27.19625,0.0,0.0,green_box_quarter::green_box_1_25pct,MODE_D_NEAREST_VALID_LADDER,REGIME_LEVEL_EXACT,9.793417,1.0,5136.40375,5136.40375,5136.40375,0.0,27.19625,0.0,0.0,green_box_quarter::green_box_1_25pct,26.65125,0.0,26.65125,ORACLE_WITHIN_3,CANDIDATE_RANKING_FAILURE_LOWER_RANK_CANDIDATE,1.0,1.0,1.0,0.0,1.0,0.0
2026-03-12,2026-03-11,L4,RANGE_NORMAL_60_120,CLOSE_POS_MIDDLE_THIRD,ROWS_STANDARD_9_10,5175.96,PREV_CLOSE_PROXY,,NEUTRAL,5238.21,20.0,5.0,MODE_D_NEAREST_VALID_LADDER,2.0,5227.055,5227.055,5227.055,0.0,11.155,0.0,0.0,green_box_midline::green_mid_2,MODE_C_BALANCED,5212.055,26.155,0.0,0.0,red_box_quarter::red_box_1_25pct | green_box_quarter::green_box_2_25pct,MODE_A_LIVE_PROXIMITY_HEAVY,REGIME_LEVEL_EXACT,51.163647,1.0,5212.055,5210.0575,5214.0525,3.995,26.155,0.0,0.0,red_box_quarter::red_box_1_25pct | green_box_quarter::green_box_2_25pct,15.0,0.0,15.0,ORACLE_GT10_CANDIDATE_GENERATION_FAIL,CANDIDATE_GENERATION_FAILURE_GT10,0.0,0.0,0.0,0.0,0.0,1.0
2026-03-12,2026-03-11,L5,RANGE_NORMAL_60_120,CLOSE_POS_MIDDLE_THIRD,ROWS_STANDARD_9_10,5175.96,PREV_CLOSE_PROXY,,NEUTRAL,5214.48,15.0,5.0,MODE_C_BALANCED,2.0,5199.0525,5197.055,5201.05,3.995,15.4275,0.0,0.0,red_box_midline::red_mid_1 | green_box_edge::green_edge_1,MODE_C_BALANCED,5188.0475,26.4325,0.0,0.0,green_box_quarter::green_box_1_75pct,MODE_A_LIVE_PROXIMITY_HEAVY,REGIME_LEVEL_EXACT,50.414205,1.0,5188.0475,5188.0475,5188.0475,0.0,26.4325,0.0,0.0,green_box_quarter::green_box_1_75pct,11.005,0.0,11.005,ORACLE_GT10_CANDIDATE_GENERATION_FAIL,CANDIDATE_GENERATION_FAILURE_GT10,0.0,0.0,0.0,0.0,0.0,1.0
2026-03-12,2026-03-11,L6,RANGE_NORMAL_60_120,CLOSE_POS_MIDDLE_THIRD,ROWS_STANDARD_9_10,5175.96,PREV_CLOSE_PROXY,,NEUTRAL,5185.72,10.0,5.0,MODE_C_BALANCED,2.0,5186.05,5186.05,5186.05,0.0,0.33,1.0,1.0,prior_hlc::previous_mid,MODE_C_BALANCED,5172.43032,13.28968,0.0,0.0,prior_range_fraction::prev_range_0.25 | red_box_edge::red_edge_1 | prior_hlc::previous_close | prior_range_fraction::prev_range_0.382,MODE_B_EMA_CHANNEL_DIRECTION_HEAVY,REGIME_LEVEL_EXACT,44.326774,1.0,5172.43032,5167.545,5177.31564,9.77064,13.28968,0.0,0.0,prior_range_fraction::prev_range_0.25 | red_box_edge::red_edge_1 | prior_hlc::previous_close | prior_range_fraction::prev_range_0.382,12.95968,0.0,12.95968,ORACLE_WITHIN_3,CANDIDATE_RANKING_FAILURE_LOWER_RANK_CANDIDATE,1.0,1.0,1.0,0.0,1.0,0.0
2026-03-12,2026-03-11,L7,RANGE_NORMAL_60_120,CLOSE_POS_MIDDLE_THIRD,ROWS_STANDARD_9_10,5175.96,PREV_CLOSE_PROXY,,NEUTRAL,5157.46,20.0,5.0,MODE_C_BALANCED,1.0,5160.045,5158.0475,5162.0425,3.995,2.585,1.0,1.0,red_box_quarter::red_box_2_25pct | green_box_quarter::green_box_1_25pct,MODE_C_BALANCED,5160.045,2.585,1.0,1.0,red_box_quarter::red_box_2_25pct | green_box_quarter::green_box_1_25pct,MODE_B_EMA_CHANNEL_DIRECTION_HEAVY,REGIME_LEVEL_EXACT,37.640032,1.0,5160.045,5158.0475,5162.0425,3.995,2.585,1.0,1.0,red_box_quarter::red_box_2_25pct | green_box_quarter::green_box_1_25pct,0.0,0.0,0.0,ORACLE_WITHIN_3,ROUTER_ACCEPTABLE_WITHIN_5,1.0,1.0,0.0,0.0,0.0,0.0
2026-03-13,2026-03-12,L4,RANGE_WIDE_120_220,CLOSE_POS_LOWER_THIRD,ROWS_STANDARD_9_10,5079.04,PREV_CLOSE_PROXY,,NEUTRAL,5106.89,10.0,5.0,MODE_B_EMA_CHANNEL_DIRECTION_HEAVY,2.0,5117.56625,5117.56625,5117.56625,0.0,10.67625,0.0,0.0,green_box_quarter::green_box_1_75pct,MODE_C_BALANCED,5139.51734,32.62734,0.0,0.0,prior_range_fraction::prev_range_0.618,MODE_A_LIVE_PROXIMITY_HEAVY,LEVEL_ONLY,62.08594,1.0,5139.51734,5139.51734,5139.51734,0.0,32.62734,0.0,0.0,prior_range_fraction::prev_range_0.618,21.95109,0.0,21.95109,ORACLE_GT10_CANDIDATE_GENERATION_FAIL,CANDIDATE_GENERATION_FAILURE_GT10,0.0,0.0,0.0,0.0,0.0,1.0
2026-03-13,2026-03-12,L5,RANGE_WIDE_120_220,CLOSE_POS_LOWER_THIRD,ROWS_STANDARD_9_10,5079.04,PREV_CLOSE_PROXY,,NEUTRAL,5079.86,15.0,5.0,MODE_D_NEAREST_VALID_LADDER,3.0,5079.04,5079.04,5079.04,0.0,0.82,1.0,1.0,prior_hlc::previous_close,MODE_C_BALANCED,5108.395,28.535,0.0,0.0,red_box_edge::red_edge_1,MODE_B_EMA_CHANNEL_DIRECTION_HEAVY,LEVEL_ONLY,60.909925,1.0,5108.395,5108.395,5108.395,0.0,28.535,0.0,0.0,red_box_edge::red_edge_1,27.715,0.0,27.715,ORACLE_WITHIN_3,CANDIDATE_RANKING_FAILURE_LOWER_RANK_CANDIDATE,1.0,1.0,1.0,0.0,1.0,0.0
2026-03-13,2026-03-12,L6,RANGE_WIDE_120_220,CLOSE_POS_LOWER_THIRD,ROWS_STANDARD_9_10,5079.04,PREV_CLOSE_PROXY,,NEUTRAL,5053.98,10.0,5.0,MODE_C_BALANCED,2.0,5055.08,5055.08,5055.08,0.0,1.1,1.0,1.0,prior_hlc::previous_low,MODE_C_BALANCED,5066.7375,12.7575,0.0,0.0,red_box_midline::red_mid_2,MODE_D_NEAREST_VALID_LADDER,LEVEL_ONLY,61.333737,1.0,5066.7375,5066.7375,5066.7375,0.0,12.7575,0.0,0.0,red_box_midline::red_mid_2,11.6575,0.0,11.6575,ORACLE_WITHIN_3,CANDIDATE_RANKING_FAILURE_LOWER_RANK_CANDIDATE,1.0,1.0,1.0,0.0,1.0,0.0
2026-03-13,2026-03-12,L7,RANGE_WIDE_120_220,CLOSE_POS_LOWER_THIRD,ROWS_STANDARD_9_10,5079.04,PREV_CLOSE_PROXY,,NEUTRAL,5023.5,5.0,5.0,MODE_B_EMA_CHANNEL_DIRECTION_HEAVY,1.0,5025.08,5025.08,5025.08,0.0,1.58,1.0,1.0,red_box_edge::red_edge_2,MODE_B_EMA_CHANNEL_DIRECTION_HEAVY,5025.08,1.58,1.0,1.0,red_box_edge::red_edge_2,MODE_C_BALANCED,LEVEL_ONLY,57.165,1.0,5025.08,5025.08,5025.08,0.0,1.58,1.0,1.0,red_box_edge::red_edge_2,0.0,0.0,0.0,ORACLE_WITHIN_3,ROUTER_ACCEPTABLE_WITHIN_5,1.0,1.0,0.0,0.0,0.0,0.0
2026-03-16,2026-03-13,L4,RANGE_NORMAL_60_120,CLOSE_POS_LOWER_THIRD,ROWS_STANDARD_9_10,5018.66,PREV_CLOSE_PROXY,,NEUTRAL,5080.85,15.0,5.0,MODE_C_BALANCED,2.0,5091.22,5091.22,5091.22,0.0,10.37,0.0,0.0,red_box_midline::red_mid_1,MODE_C_BALANCED,5065.51,15.34,0.0,0.0,green_box_quarter::green_box_1_75pct,MODE_A_LIVE_PROXIMITY_HEAVY,REGIME_LEVEL_BROAD,32.916139,1.0,5065.51,5065.51,5065.51,0.0,15.34,0.0,0.0,green_box_quarter::green_box_1_75pct,4.97,0.0,4.97,ORACLE_GT10_CANDIDATE_GENERATION_FAIL,CANDIDATE_GENERATION_FAILURE_GT10,0.0,0.0,0.0,0.0,0.0,1.0
2026-03-16,2026-03-13,L5,RANGE_NORMAL_60_120,CLOSE_POS_LOWER_THIRD,ROWS_STANDARD_9_10,5018.66,PREV_CLOSE_PROXY,,NEUTRAL,5057.31,15.0,5.0,MODE_C_BALANCED,2.0,5052.273333,5052.273333,5052.273333,0.0,5.036667,0.0,0.0,prior_hlc::previous_pivot_hlc3,MODE_C_BALANCED,5046.94,10.37,0.0,0.0,green_box_midline::green_mid_1,MODE_A_LIVE_PROXIMITY_HEAVY,REGIME_LEVEL_BROAD,33.544264,1.0,5035.51,5035.51,5035.51,0.0,21.8,0.0,0.0,red_box_quarter::red_box_2_25pct,16.763333,11.43,5.333333,ORACLE_WITHIN_10,ORACLE_ONLY_REDUCES_ERROR_NOT_WITHIN_5,0.0,0.0,0.0,0.0,0.0,0.0
2026-03-16,2026-03-13,L6,RANGE_NORMAL_60_120,CLOSE_POS_LOWER_THIRD,ROWS_STANDARD_9_10,5018.66,PREV_CLOSE_PROXY,,NEUTRAL,5028.51,15.0,5.0,MODE_D_NEAREST_VALID_LADDER,2.0,5028.37,5028.37,5028.37,0.0,0.14,1.0,1.0,green_box_quarter::green_box_1_25pct,MODE_C_BALANCED,5035.51,7.0,0.0,0.0,red_box_quarter::red_box_2_25pct,MODE_A_LIVE_PROXIMITY_HEAVY,REGIME_LEVEL_BROAD,39.430028,1.0,4998.37,4998.37,4998.37,0.0,30.14,0.0,0.0,red_box_quarter::red_box_2_75pct,30.0,23.14,6.86,ORACLE_WITHIN_3,CANDIDATE_RANKING_FAILURE_LOWER_RANK_CANDIDATE,1.0,1.0,1.0,0.0,1.0,0.0
2026-03-16,2026-03-13,L7,RANGE_NORMAL_60_120,CLOSE_POS_LOWER_THIRD,ROWS_STANDARD_9_10,5018.66,PREV_CLOSE_PROXY,,NEUTRAL,4999.43,10.0,5.0,MODE_B_EMA_CHANNEL_DIRECTION_HEAVY,1.0,5009.8,5009.8,5009.8,0.0,10.37,0.0,0.0,prior_hlc::previous_low,MODE_B_EMA_CHANNEL_DIRECTION_HEAVY,5009.8,10.37,0.0,0.0,prior_hlc::previous_low,MODE_A_LIVE_PROXIMITY_HEAVY,REGIME_LEVEL_BROAD,35.813528,1.0,4942.66,4942.66,4942.66,0.0,56.77,0.0,0.0,red_box_midline::red_mid_3,46.4,46.4,0.0,ORACLE_GT10_CANDIDATE_GENERATION_FAIL,CANDIDATE_GENERATION_FAILURE_GT10,0.0,0.0,0.0,0.0,0.0,1.0
2026-03-17,2026-03-16,L4,RANGE_NORMAL_60_120,CLOSE_POS_MIDDLE_THIRD,ROWS_SPARSE_1_8,5006.25,PREV_CLOSE_PROXY,,NEUTRAL,5032.61,10.0,5.0,MODE_C_BALANCED,1.0,5014.480023,5014.480023,5014.480023,0.0,18.129977,0.0,0.0,prior_range_fraction::prev_range_0.666667,MODE_C_BALANCED,5014.480023,18.129977,0.0,0.0,prior_range_fraction::prev_range_0.666667,MODE_B_EMA_CHANNEL_DIRECTION_HEAVY,REGIME_LEVEL_EXACT,44.807583,1.0,5014.480023,5014.480023,5014.480023,0.0,18.129977,0.0,0.0,prior_range_fraction::prev_range_0.666667,0.0,0.0,0.0,ORACLE_GT10_CANDIDATE_GENERATION_FAIL,CANDIDATE_GENERATION_FAILURE_GT10,0.0,0.0,0.0,0.0,0.0,1.0
2026-03-17,2026-03-16,L5,RANGE_NORMAL_60_120,CLOSE_POS_MIDDLE_THIRD,ROWS_SPARSE_1_8,5006.25,PREV_CLOSE_PROXY,,NEUTRAL,5002.1,20.0,5.0,MODE_C_BALANCED,1.0,5006.25,5006.25,5006.25,0.0,4.15,0.0,1.0,prior_hlc::previous_close,MODE_C_BALANCED,5006.25,4.15,0.0,1.0,prior_hlc::previous_close,MODE_A_LIVE_PROXIMITY_HEAVY,REGIME_LEVEL_EXACT,36.954833,1.0,5006.25,5006.25,5006.25,0.0,4.15,0.0,1.0,prior_hlc::previous_close,0.0,0.0,0.0,ORACLE_WITHIN_5,ROUTER_ACCEPTABLE_WITHIN_5,0.0,1.0,0.0,0.0,0.0,0.0
2026-03-17,2026-03-16,L6,RANGE_NORMAL_60_120,CLOSE_POS_MIDDLE_THIRD,ROWS_SPARSE_1_8,5006.25,PREV_CLOSE_PROXY,,NEUTRAL,4972.65,20.0,5.0,MODE_C_BALANCED,2.0,4976.2925,4976.2925,4976.2925,0.0,3.6425,0.0,1.0,prior_range_fraction::prev_range_0.125,MODE_C_BALANCED,4985.105,12.455,0.0,0.0,prior_range_fraction::prev_range_0.25,MODE_A_LIVE_PROXIMITY_HEAVY,REGIME_LEVEL_EXACT,27.494833,1.0,4985.105,4985.105,4985.105,0.0,12.455,0.0,0.0,prior_range_fraction::prev_range_0.25,8.8125,0.0,8.8125,ORACLE_WITHIN_5,CANDIDATE_RANKING_FAILURE_LOWER_RANK_CANDIDATE,0.0,1.0,1.0,0.0,1.0,0.0
2026-03-17,2026-03-16,L7,RANGE_NORMAL_60_120,CLOSE_POS_MIDDLE_THIRD,ROWS_SPARSE_1_8,5006.25,PREV_CLOSE_PROXY,,NEUTRAL,4948.52,15.0,5.0,MODE_B_EMA_CHANNEL_DIRECTION_HEAVY,1.0,4950.0425,4950.0425,4950.0425,0.0,1.5225,1.0,1.0,red_box_quarter::red_box_2_75pct,MODE_B_EMA_CHANNEL_DIRECTION_HEAVY,4950.0425,1.5225,1.0,1.0,red_box_quarter::red_box_2_75pct,MODE_A_LIVE_PROXIMITY_HEAVY,REGIME_LEVEL_EXACT,34.661333,1.0,4976.2925,4976.2925,4976.2925,0.0,27.7725,0.0,0.0,prior_range_fraction::prev_range_0.125,26.25,26.25,0.0,ORACLE_WITHIN_3,MODE_SELECTION_FAILURE,1.0,1.0,1.0,1.0,0.0,0.0
2026-03-18,2026-03-17,L4,RANGE_NORMAL_60_120,CLOSE_POS_MIDDLE_THIRD,ROWS_EXTENDED_11_PLUS,5005.5,PREV_CLOSE_PROXY,,NEUTRAL,5033.04,5.0,5.0,MODE_C_BALANCED,1.0,5046.84,5044.52,5049.16,4.64,13.8,0.0,0.0,prior_hlc::previous_high | green_box_midline::green_mid_2,MODE_C_BALANCED,5046.84,13.8,0.0,0.0,prior_hlc::previous_high | green_box_midline::green_mid_2,MODE_A_LIVE_PROXIMITY_HEAVY,REGIME_LEVEL_BROAD,57.308087,1.0,5046.84,5044.52,5049.16,4.64,13.8,0.0,0.0,prior_hlc::previous_high | green_box_midline::green_mid_2,0.0,0.0,0.0,ORACLE_GT10_CANDIDATE_GENERATION_FAIL,CANDIDATE_GENERATION_FAILURE_GT10,0.0,0.0,0.0,0.0,0.0,1.0
2026-03-18,2026-03-17,L5,RANGE_NORMAL_60_120,CLOSE_POS_MIDDLE_THIRD,ROWS_EXTENDED_11_PLUS,5005.5,PREV_CLOSE_PROXY,,NEUTRAL,5007.6,5.0,5.0,MODE_C_BALANCED,1.0,5009.41,5007.7,5011.12,3.42,1.81,1.0,1.0,prior_hlc::previous_pivot_hlc3 | green_box_quarter::green_box_1_75pct,MODE_C_BALANCED,5009.41,1.81,1.0,1.0,prior_hlc::previous_pivot_hlc3 | green_box_quarter::green_box_1_75pct,MODE_A_LIVE_PROXIMITY_HEAVY,REGIME_LEVEL_BROAD,60.43628,1.0,5009.41,5007.7,5011.12,3.42,1.81,1.0,1.0,prior_hlc::previous_pivot_hlc3 | green_box_quarter::green_box_1_75pct,0.0,0.0,0.0,ORACLE_WITHIN_3,ROUTER_ACCEPTABLE_WITHIN_5,1.0,1.0,0.0,0.0,0.0,0.0
2026-03-18,2026-03-17,L6,RANGE_NORMAL_60_120,CLOSE_POS_MIDDLE_THIRD,ROWS_EXTENDED_11_PLUS,5005.5,PREV_CLOSE_PROXY,,NEUTRAL,4976.45,5.0,5.0,MODE_C_BALANCED,1.0,4983.44,4981.12,4985.76,4.64,6.99,0.0,0.0,red_box_quarter::red_box_2_25pct | green_box_quarter::green_box_1_25pct,MODE_C_BALANCED,4983.44,6.99,0.0,0.0,red_box_quarter::red_box_2_25pct | green_box_quarter::green_box_1_25pct,MODE_A_LIVE_PROXIMITY_HEAVY,REGIME_LEVEL_BROAD,54.179024,1.0,4983.44,4981.12,4985.76,4.64,6.99,0.0,0.0,red_box_quarter::red_box_2_25pct | green_box_quarter::green_box_1_25pct,0.0,0.0,0.0,ORACLE_WITHIN_10,ORACLE_ONLY_REDUCES_ERROR_NOT_WITHIN_5,0.0,0.0,0.0,0.0,0.0,0.0
2026-03-18,2026-03-17,L7,RANGE_NORMAL_60_120,CLOSE_POS_MIDDLE_THIRD,ROWS_EXTENDED_11_PLUS,5005.5,PREV_CLOSE_PROXY,,NEUTRAL,4948.65,5.0,5.0,MODE_B_EMA_CHANNEL_DIRECTION_HEAVY,1.0,4955.76,4955.76,4955.76,0.0,7.11,0.0,0.0,red_box_quarter::red_box_2_75pct,MODE_B_EMA_CHANNEL_DIRECTION_HEAVY,4955.76,7.11,0.0,0.0,red_box_quarter::red_box_2_75pct,MODE_B_EMA_CHANNEL_DIRECTION_HEAVY,REGIME_LEVEL_BROAD,51.127712,1.0,4955.76,4955.76,4955.76,0.0,7.11,0.0,0.0,red_box_quarter::red_box_2_75pct,0.0,0.0,0.0,ORACLE_WITHIN_10,ORACLE_ONLY_REDUCES_ERROR_NOT_WITHIN_5,0.0,0.0,0.0,0.0,0.0,0.0
2026-03-19,2026-03-18,L4,RANGE_WIDE_120_220,CLOSE_POS_LOWER_THIRD,ROWS_EXTENDED_11_PLUS,4818.64,PREV_CLOSE_PROXY,,NEUTRAL,4854.69,10.0,5.0,MODE_B_EMA_CHANNEL_DIRECTION_HEAVY,1.0,5016.38,5016.38,5016.38,0.0,161.69,0.0,0.0,prior_hlc::previous_high,MODE_B_EMA_CHANNEL_DIRECTION_HEAVY,5016.38,161.69,0.0,0.0,prior_hlc::previous_high,MODE_A_LIVE_PROXIMITY_HEAVY,LEVEL_ONLY,61.861406,1.0,5016.38,5016.38,5016.38,0.0,161.69,0.0,0.0,prior_hlc::previous_high,0.0,0.0,0.0,ORACLE_GT10_CANDIDATE_GENERATION_FAIL,CANDIDATE_GENERATION_FAILURE_GT10,0.0,0.0,0.0,0.0,0.0,1.0
2026-03-19,2026-03-18,L5,RANGE_WIDE_120_220,CLOSE_POS_LOWER_THIRD,ROWS_EXTENDED_11_PLUS,4818.64,PREV_CLOSE_PROXY,,NEUTRAL,4835.57,10.0,5.0,MODE_B_EMA_CHANNEL_DIRECTION_HEAVY,1.0,4964.0425,4964.0425,4964.0425,0.0,128.4725,0.0,0.0,prior_range_fraction::prev_range_0.75,MODE_B_EMA_CHANNEL_DIRECTION_HEAVY,4964.0425,128.4725,0.0,0.0,prior_range_fraction::prev_range_0.75,MODE_D_NEAREST_VALID_LADDER,LEVEL_ONLY,61.844051,1.0,4964.0425,4964.0425,4964.0425,0.0,128.4725,0.0,0.0,prior_range_fraction::prev_range_0.75,0.0,0.0,0.0,ORACLE_GT10_CANDIDATE_GENERATION_FAIL,CANDIDATE_GENERATION_FAILURE_GT10,0.0,0.0,0.0,0.0,0.0,1.0
2026-03-19,2026-03-18,L6,RANGE_WIDE_120_220,CLOSE_POS_LOWER_THIRD,ROWS_EXTENDED_11_PLUS,4818.64,PREV_CLOSE_PROXY,,NEUTRAL,4814.49,10.0,5.0,MODE_B_EMA_CHANNEL_DIRECTION_HEAVY,2.0,4911.705,4911.705,4911.705,0.0,97.215,0.0,0.0,prior_hlc::previous_mid,MODE_B_EMA_CHANNEL_DIRECTION_HEAVY,4936.4083,121.9183,0.0,0.0,prior_range_fraction::prev_range_0.618,MODE_D_NEAREST_VALID_LADDER,LEVEL_ONLY,61.23772,1.0,4936.4083,4936.4083,4936.4083,0.0,121.9183,0.0,0.0,prior_range_fraction::prev_range_0.618,24.7033,0.0,24.7033,ORACLE_GT10_CANDIDATE_GENERATION_FAIL,CANDIDATE_GENERATION_FAILURE_GT10,0.0,0.0,0.0,0.0,0.0,1.0
2026-03-19,2026-03-18,L7,RANGE_WIDE_120_220,CLOSE_POS_LOWER_THIRD,ROWS_EXTENDED_11_PLUS,4818.64,PREV_CLOSE_PROXY,,NEUTRAL,4794.4,10.0,5.0,MODE_C_BALANCED,1.0,4866.8675,4866.8675,4866.8675,0.0,72.4675,0.0,0.0,green_box_midline::green_mid_1,MODE_C_BALANCED,4866.8675,72.4675,0.0,0.0,green_box_midline::green_mid_1,MODE_C_BALANCED,LEVEL_ONLY,57.705409,1.0,4866.8675,4866.8675,4866.8675,0.0,72.4675,0.0,0.0,green_box_midline::green_mid_1,0.0,0.0,0.0,ORACLE_GT10_CANDIDATE_GENERATION_FAIL,CANDIDATE_GENERATION_FAILURE_GT10,0.0,0.0,0.0,0.0,0.0,1.0
2026-03-20,2026-03-19,L4,RANGE_EXTREME_220_PLUS,CLOSE_POS_MIDDLE_THIRD,ROWS_STANDARD_9_10,4650.38,PREV_CLOSE_PROXY,,NEUTRAL,4687.79,5.0,5.0,MODE_C_BALANCED,1.0,4798.64,4798.64,4798.64,0.0,110.85,0.0,0.0,green_box_midline::green_mid_2,MODE_C_BALANCED,4798.64,110.85,0.0,0.0,green_box_midline::green_mid_2,MODE_A_LIVE_PROXIMITY_HEAVY,LEVEL_ONLY,61.769453,1.0,4798.64,4798.64,4798.64,0.0,110.85,0.0,0.0,green_box_midline::green_mid_2,0.0,0.0,0.0,ORACLE_GT10_CANDIDATE_GENERATION_FAIL,CANDIDATE_GENERATION_FAILURE_GT10,0.0,0.0,0.0,0.0,0.0,1.0
2026-03-20,2026-03-19,L5,RANGE_EXTREME_220_PLUS,CLOSE_POS_MIDDLE_THIRD,ROWS_STANDARD_9_10,4650.38,PREV_CLOSE_PROXY,,NEUTRAL,4666.39,5.0,5.0,MODE_B_EMA_CHANNEL_DIRECTION_HEAVY,1.0,4768.64,4768.64,4768.64,0.0,102.25,0.0,0.0,red_box_midline::red_mid_1,MODE_B_EMA_CHANNEL_DIRECTION_HEAVY,4768.64,102.25,0.0,0.0,red_box_midline::red_mid_1,MODE_B_EMA_CHANNEL_DIRECTION_HEAVY,LEVEL_ONLY,61.248159,1.0,4768.64,4768.64,4768.64,0.0,102.25,0.0,0.0,red_box_midline::red_mid_1,0.0,0.0,0.0,ORACLE_GT10_CANDIDATE_GENERATION_FAIL,CANDIDATE_GENERATION_FAILURE_GT10,0.0,0.0,0.0,0.0,0.0,1.0
2026-03-20,2026-03-19,L6,RANGE_EXTREME_220_PLUS,CLOSE_POS_MIDDLE_THIRD,ROWS_STANDARD_9_10,4650.38,PREV_CLOSE_PROXY,,NEUTRAL,4642.43,5.0,5.0,MODE_B_EMA_CHANNEL_DIRECTION_HEAVY,1.0,4719.36,4719.36,4719.36,0.0,76.93,0.0,0.0,red_box_quarter::red_box_1_75pct,MODE_B_EMA_CHANNEL_DIRECTION_HEAVY,4719.36,76.93,0.0,0.0,red_box_quarter::red_box_1_75pct,MODE_D_NEAREST_VALID_LADDER,LEVEL_ONLY,61.152623,1.0,4719.36,4719.36,4719.36,0.0,76.93,0.0,0.0,red_box_quarter::red_box_1_75pct,0.0,0.0,0.0,ORACLE_GT10_CANDIDATE_GENERATION_FAIL,CANDIDATE_GENERATION_FAILURE_GT10,0.0,0.0,0.0,0.0,0.0,1.0
2026-03-20,2026-03-19,L7,RANGE_EXTREME_220_PLUS,CLOSE_POS_MIDDLE_THIRD,ROWS_STANDARD_9_10,4650.38,PREV_CLOSE_PROXY,,NEUTRAL,4621.43,5.0,5.0,MODE_C_BALANCED,1.0,4685.08,4685.08,4685.08,0.0,63.65,0.0,0.0,prior_hlc::previous_mid,MODE_C_BALANCED,4685.08,63.65,0.0,0.0,prior_hlc::previous_mid,MODE_C_BALANCED,LEVEL_ONLY,57.473365,1.0,4685.08,4685.08,4685.08,0.0,63.65,0.0,0.0,prior_hlc::previous_mid,0.0,0.0,0.0,ORACLE_GT10_CANDIDATE_GENERATION_FAIL,CANDIDATE_GENERATION_FAILURE_GT10,0.0,0.0,0.0,0.0,0.0,1.0
2026-03-23,2026-03-20,L4,RANGE_EXTREME_220_PLUS,CLOSE_POS_LOWER_THIRD,ROWS_STANDARD_9_10,4498.06,PREV_CLOSE_PROXY,,NEUTRAL,4524.06,10.0,5.0,MODE_B_EMA_CHANNEL_DIRECTION_HEAVY,2.0,4519.47,4519.47,4519.47,0.0,4.59,0.0,1.0,red_box_midline::red_mid_2,MODE_B_EMA_CHANNEL_DIRECTION_HEAVY,4555.525,31.465,0.0,0.0,red_box_quarter::red_box_2_25pct,MODE_A_LIVE_PROXIMITY_HEAVY,LEVEL_ONLY,61.678353,1.0,4555.525,4555.525,4555.525,0.0,31.465,0.0,0.0,red_box_quarter::red_box_2_25pct,26.875,0.0,26.875,ORACLE_WITHIN_5,CANDIDATE_RANKING_FAILURE_LOWER_RANK_CANDIDATE,0.0,1.0,1.0,0.0,1.0,0.0
2026-03-23,2026-03-20,L5,RANGE_EXTREME_220_PLUS,CLOSE_POS_LOWER_THIRD,ROWS_STANDARD_9_10,4498.06,PREV_CLOSE_PROXY,,NEUTRAL,4495.38,10.0,5.0,MODE_D_NEAREST_VALID_LADDER,1.0,4498.06,4498.06,4498.06,0.0,2.68,1.0,1.0,prior_hlc::previous_close,MODE_D_NEAREST_VALID_LADDER,4498.06,2.68,1.0,1.0,prior_hlc::previous_close,MODE_B_EMA_CHANNEL_DIRECTION_HEAVY,LEVEL_ONLY,61.170206,1.0,4498.06,4498.06,4498.06,0.0,2.68,1.0,1.0,prior_hlc::previous_close,0.0,0.0,0.0,ORACLE_WITHIN_3,ROUTER_ACCEPTABLE_WITHIN_5,1.0,1.0,0.0,0.0,0.0,0.0
2026-03-23,2026-03-20,L6,RANGE_EXTREME_220_PLUS,CLOSE_POS_LOWER_THIRD,ROWS_STANDARD_9_10,4498.06,PREV_CLOSE_PROXY,,NEUTRAL,4465.6,10.0,5.0,MODE_B_EMA_CHANNEL_DIRECTION_HEAVY,1.0,4483.415,4483.415,4483.415,0.0,17.815,0.0,0.0,red_box_quarter::red_box_2_75pct,MODE_B_EMA_CHANNEL_DIRECTION_HEAVY,4483.415,17.815,0.0,0.0,red_box_quarter::red_box_2_75pct,MODE_D_NEAREST_VALID_LADDER,LEVEL_ONLY,61.06825,1.0,4483.415,4483.415,4483.415,0.0,17.815,0.0,0.0,red_box_quarter::red_box_2_75pct,0.0,0.0,0.0,ORACLE_GT10_CANDIDATE_GENERATION_FAIL,CANDIDATE_GENERATION_FAILURE_GT10,0.0,0.0,0.0,0.0,0.0,1.0
2026-03-23,2026-03-20,L7,RANGE_EXTREME_220_PLUS,CLOSE_POS_LOWER_THIRD,ROWS_STANDARD_9_10,4498.06,PREV_CLOSE_PROXY,,NEUTRAL,4441.71,10.0,5.0,MODE_B_EMA_CHANNEL_DIRECTION_HEAVY,2.0,4477.36,4477.36,4477.36,0.0,35.65,0.0,0.0,prior_hlc::previous_low,MODE_B_EMA_CHANNEL_DIRECTION_HEAVY,4483.415,41.705,0.0,0.0,red_box_quarter::red_box_2_75pct,MODE_C_BALANCED,LEVEL_ONLY,57.191483,1.0,4483.415,4483.415,4483.415,0.0,41.705,0.0,0.0,red_box_quarter::red_box_2_75pct,6.055,0.0,6.055,ORACLE_GT10_CANDIDATE_GENERATION_FAIL,CANDIDATE_GENERATION_FAILURE_GT10,0.0,0.0,0.0,0.0,0.0,1.0
2026-03-24,2026-03-23,L4,RANGE_EXTREME_220_PLUS,CLOSE_POS_UPPER_THIRD,ROWS_STANDARD_9_10,4406.68,PREV_CLOSE_PROXY,,NEUTRAL,4445.82,10.0,5.0,MODE_B_EMA_CHANNEL_DIRECTION_HEAVY,1.0,4508.01375,4508.01375,4508.01375,0.0,62.19375,0.0,0.0,green_box_quarter::green_box_2_75pct,MODE_B_EMA_CHANNEL_DIRECTION_HEAVY,4508.01375,62.19375,0.0,0.0,green_box_quarter::green_box_2_75pct,MODE_A_LIVE_PROXIMITY_HEAVY,LEVEL_ONLY,61.579083,1.0,4536.45,4536.45,4536.45,0.0,90.63,0.0,0.0,prior_hlc::previous_high,28.43625,28.43625,0.0,ORACLE_GT10_CANDIDATE_GENERATION_FAIL,CANDIDATE_GENERATION_FAILURE_GT10,0.0,0.0,0.0,0.0,0.0,1.0
2026-03-24,2026-03-23,L5,RANGE_EXTREME_220_PLUS,CLOSE_POS_UPPER_THIRD,ROWS_STANDARD_9_10,4406.68,PREV_CLOSE_PROXY,,NEUTRAL,4395.52,10.0,5.0,MODE_B_EMA_CHANNEL_DIRECTION_HEAVY,2.0,4449.5775,4449.5775,4449.5775,0.0,54.0575,0.0,0.0,green_box_midline::green_mid_2,MODE_C_BALANCED,4478.01375,82.49375,0.0,0.0,red_box_quarter::red_box_1_25pct,MODE_B_EMA_CHANNEL_DIRECTION_HEAVY,LEVEL_ONLY,61.426125,1.0,4478.01375,4478.01375,4478.01375,0.0,82.49375,0.0,0.0,red_box_quarter::red_box_1_25pct,28.43625,0.0,28.43625,ORACLE_GT10_CANDIDATE_GENERATION_FAIL,CANDIDATE_GENERATION_FAILURE_GT10,0.0,0.0,0.0,0.0,0.0,1.0
2026-03-24,2026-03-23,L6,RANGE_EXTREME_220_PLUS,CLOSE_POS_UPPER_THIRD,ROWS_STANDARD_9_10,4406.68,PREV_CLOSE_PROXY,,NEUTRAL,4349.74,10.0,5.0,MODE_B_EMA_CHANNEL_DIRECTION_HEAVY,1.0,4369.32882,4369.32882,4369.32882,0.0,19.58882,0.0,0.0,prior_range_fraction::prev_range_0.618,MODE_B_EMA_CHANNEL_DIRECTION_HEAVY,4369.32882,19.58882,0.0,0.0,prior_range_fraction::prev_range_0.618,MODE_D_NEAREST_VALID_LADDER,LEVEL_ONLY,60.993556,1.0,4369.32882,4369.32882,4369.32882,0.0,19.58882,0.0,0.0,prior_range_fraction::prev_range_0.618,0.0,0.0,0.0,ORACLE_GT10_CANDIDATE_GENERATION_FAIL,CANDIDATE_GENERATION_FAILURE_GT10,0.0,0.0,0.0,0.0,0.0,1.0
2026-03-24,2026-03-23,L7,RANGE_EXTREME_220_PLUS,CLOSE_POS_UPPER_THIRD,ROWS_STANDARD_9_10,4406.68,PREV_CLOSE_PROXY,,NEUTRAL,4305.61,10.0,5.0,MODE_B_EMA_CHANNEL_DIRECTION_HEAVY,1.0,4302.705,4302.705,4302.705,0.0,2.905,1.0,1.0,red_box_edge::red_edge_1,MODE_B_EMA_CHANNEL_DIRECTION_HEAVY,4302.705,2.905,1.0,1.0,red_box_edge::red_edge_1,MODE_C_BALANCED,LEVEL_ONLY,56.910368,1.0,4302.705,4302.705,4302.705,0.0,2.905,1.0,1.0,red_box_edge::red_edge_1,0.0,0.0,0.0,ORACLE_WITHIN_3,ROUTER_ACCEPTABLE_WITHIN_5,1.0,1.0,0.0,0.0,0.0,0.0
2026-03-25,2026-03-24,L4,RANGE_WIDE_120_220,CLOSE_POS_UPPER_THIRD,ROWS_STANDARD_9_10,4474.36,PREV_CLOSE_PROXY,,NEUTRAL,4530.5,5.0,5.0,MODE_B_EMA_CHANNEL_DIRECTION_HEAVY,1.0,4540.08625,4540.08625,4540.08625,0.0,9.58625,0.0,0.0,green_box_quarter::green_box_3_25pct,MODE_B_EMA_CHANNEL_DIRECTION_HEAVY,4540.08625,9.58625,0.0,0.0,green_box_quarter::green_box_3_25pct,MODE_A_LIVE_PROXIMITY_HEAVY,REGIME_LEVEL_BROAD,48.045917,1.0,4540.08625,4540.08625,4540.08625,0.0,9.58625,0.0,0.0,green_box_quarter::green_box_3_25pct,0.0,0.0,0.0,ORACLE_WITHIN_10,ORACLE_ONLY_REDUCES_ERROR_NOT_WITHIN_5,0.0,0.0,0.0,0.0,0.0,0.0
2026-03-25,2026-03-24,L5,RANGE_WIDE_120_220,CLOSE_POS_UPPER_THIRD,ROWS_STANDARD_9_10,4474.36,PREV_CLOSE_PROXY,,NEUTRAL,4480.55,10.0,5.0,MODE_C_BALANCED,2.0,4462.0975,4462.0975,4462.0975,0.0,18.4525,0.0,0.0,green_box_midline::green_mid_2,MODE_D_NEAREST_VALID_LADDER,4514.09,33.54,0.0,0.0,green_box_edge::green_edge_2,MODE_A_LIVE_PROXIMITY_HEAVY,REGIME_LEVEL_BROAD,36.900292,1.0,4514.09,4514.09,4514.09,0.0,33.54,0.0,0.0,green_box_edge::green_edge_2,15.0875,0.0,15.0875,ORACLE_GT10_CANDIDATE_GENERATION_FAIL,CANDIDATE_GENERATION_FAILURE_GT10,0.0,0.0,0.0,0.0,0.0,1.0
2026-03-25,2026-03-24,L6,RANGE_WIDE_120_220,CLOSE_POS_UPPER_THIRD,ROWS_STANDARD_9_10,4474.36,PREV_CLOSE_PROXY,,NEUTRAL,4437.46,10.0,5.0,MODE_C_BALANCED,1.0,4421.523333,4421.523333,4421.523333,0.0,15.936667,0.0,0.0,prior_hlc::previous_pivot_hlc3,MODE_C_BALANCED,4421.523333,15.936667,0.0,0.0,prior_hlc::previous_pivot_hlc3,MODE_A_LIVE_PROXIMITY_HEAVY,REGIME_LEVEL_BROAD,29.901542,1.0,4474.36,4474.36,4474.36,0.0,36.9,0.0,0.0,prior_hlc::previous_close,20.963333,20.963333,0.0,ORACLE_GT10_CANDIDATE_GENERATION_FAIL,CANDIDATE_GENERATION_FAILURE_GT10,0.0,0.0,0.0,0.0,0.0,1.0
2026-03-25,2026-03-24,L7,RANGE_WIDE_120_220,CLOSE_POS_UPPER_THIRD,ROWS_STANDARD_9_10,4474.36,PREV_CLOSE_PROXY,,NEUTRAL,4388.14,10.0,5.0,MODE_D_NEAREST_VALID_LADDER,1.0,4439.5975,4439.5975,4439.5975,0.0,51.4575,0.0,0.0,prior_range_fraction::prev_range_0.75,MODE_D_NEAREST_VALID_LADDER,4439.5975,51.4575,0.0,0.0,prior_range_fraction::prev_range_0.75,MODE_A_LIVE_PROXIMITY_HEAVY,REGIME_LEVEL_BROAD,19.521042,1.0,4439.5975,4439.5975,4439.5975,0.0,51.4575,0.0,0.0,prior_range_fraction::prev_range_0.75,0.0,0.0,0.0,ORACLE_GT10_CANDIDATE_GENERATION_FAIL,CANDIDATE_GENERATION_FAILURE_GT10,0.0,0.0,0.0,0.0,0.0,1.0
2026-03-26,2026-03-25,L4,RANGE_WIDE_120_220,CLOSE_POS_MIDDLE_THIRD,ROWS_STANDARD_9_10,4506.28,PREV_CLOSE_PROXY,,NEUTRAL,4563.01,25.0,5.0,MODE_C_BALANCED,2.0,4565.9,4565.9,4565.9,0.0,2.89,1.0,1.0,prior_range_fraction::prev_range_0.75,MODE_C_BALANCED,4584.2,21.19,0.0,0.0,prior_range_fraction::prev_range_0.875,MODE_B_EMA_CHANNEL_DIRECTION_HEAVY,REGIME_LEVEL_EXACT,19.086208,1.0,4584.2,4584.2,4584.2,0.0,21.19,0.0,0.0,prior_range_fraction::prev_range_0.875,18.3,0.0,18.3,ORACLE_WITHIN_3,CANDIDATE_RANKING_FAILURE_LOWER_RANK_CANDIDATE,1.0,1.0,1.0,0.0,1.0,0.0
2026-03-26,2026-03-25,L5,RANGE_WIDE_120_220,CLOSE_POS_MIDDLE_THIRD,ROWS_STANDARD_9_10,4506.28,PREV_CLOSE_PROXY,,NEUTRAL,4529.99,25.0,5.0,MODE_C_BALANCED,1.0,4536.35,4536.35,4536.35,0.0,6.36,0.0,0.0,red_box_quarter::red_box_1_75pct,MODE_C_BALANCED,4536.35,6.36,0.0,0.0,red_box_quarter::red_box_1_75pct,MODE_A_LIVE_PROXIMITY_HEAVY,REGIME_LEVEL_EXACT,9.333333,1.0,4536.35,4536.35,4536.35,0.0,6.36,0.0,0.0,red_box_quarter::red_box_1_75pct,0.0,0.0,0.0,ORACLE_WITHIN_10,ORACLE_ONLY_REDUCES_ERROR_NOT_WITHIN_5,0.0,0.0,0.0,0.0,0.0,0.0
2026-03-26,2026-03-25,L6,RANGE_WIDE_120_220,CLOSE_POS_MIDDLE_THIRD,ROWS_STANDARD_9_10,4506.28,PREV_CLOSE_PROXY,,NEUTRAL,4492.23,25.0,5.0,MODE_C_BALANCED,1.0,4478.15,4478.15,4478.15,0.0,14.08,0.0,0.0,green_box_quarter::green_box_1_25pct,MODE_C_BALANCED,4478.15,14.08,0.0,0.0,green_box_quarter::green_box_1_25pct,MODE_B_EMA_CHANNEL_DIRECTION_HEAVY,REGIME_LEVEL_EXACT,9.333333,1.0,4478.15,4478.15,4478.15,0.0,14.08,0.0,0.0,green_box_quarter::green_box_1_25pct,0.0,0.0,0.0,ORACLE_GT10_CANDIDATE_GENERATION_FAIL,CANDIDATE_GENERATION_FAILURE_GT10,0.0,0.0,0.0,0.0,0.0,1.0
2026-03-26,2026-03-25,L7,RANGE_WIDE_120_220,CLOSE_POS_MIDDLE_THIRD,ROWS_STANDARD_9_10,4506.28,PREV_CLOSE_PROXY,,NEUTRAL,4457.85,20.0,5.0,MODE_D_NEAREST_VALID_LADDER,1.0,4456.1,4456.1,4456.1,0.0,1.75,1.0,1.0,prior_hlc::previous_low,MODE_D_NEAREST_VALID_LADDER,4456.1,1.75,1.0,1.0,prior_hlc::previous_low,MODE_D_NEAREST_VALID_LADDER,REGIME_LEVEL_EXACT,11.007708,1.0,4456.1,4456.1,4456.1,0.0,1.75,1.0,1.0,prior_hlc::previous_low,0.0,0.0,0.0,ORACLE_WITHIN_3,ROUTER_ACCEPTABLE_WITHIN_5,1.0,1.0,0.0,0.0,0.0,0.0
2026-03-27,2026-03-26,L4,RANGE_WIDE_120_220,CLOSE_POS_LOWER_THIRD,ROWS_STANDARD_9_10,4378.0,PREV_CLOSE_PROXY,,NEUTRAL,4456.11,15.0,5.0,MODE_C_BALANCED,1.0,4470.40456,4470.40456,4470.40456,0.0,14.29456,0.0,0.0,prior_range_fraction::prev_range_0.618,MODE_C_BALANCED,4470.40456,14.29456,0.0,0.0,prior_range_fraction::prev_range_0.618,MODE_A_LIVE_PROXIMITY_HEAVY,REGIME_LEVEL_BROAD,19.321779,1.0,4470.40456,4470.40456,4470.40456,0.0,14.29456,0.0,0.0,prior_range_fraction::prev_range_0.618,0.0,0.0,0.0,ORACLE_GT10_CANDIDATE_GENERATION_FAIL,CANDIDATE_GENERATION_FAILURE_GT10,0.0,0.0,0.0,0.0,0.0,1.0
2026-03-27,2026-03-26,L5,RANGE_WIDE_120_220,CLOSE_POS_LOWER_THIRD,ROWS_STANDARD_9_10,4378.0,PREV_CLOSE_PROXY,,NEUTRAL,4424.34,15.0,5.0,MODE_C_BALANCED,1.0,4432.64,4432.64,4432.64,0.0,8.3,0.0,0.0,red_box_edge::red_edge_1,MODE_C_BALANCED,4432.64,8.3,0.0,0.0,red_box_edge::red_edge_1,MODE_A_LIVE_PROXIMITY_HEAVY,REGIME_LEVEL_BROAD,19.663833,1.0,4399.41,4399.41,4399.41,0.0,24.93,0.0,0.0,prior_range_fraction::prev_range_0.25,16.63,16.63,0.0,ORACLE_WITHIN_10,ORACLE_ONLY_REDUCES_ERROR_NOT_WITHIN_5,0.0,0.0,0.0,0.0,0.0,0.0
2026-03-27,2026-03-26,L6,RANGE_WIDE_120_220,CLOSE_POS_LOWER_THIRD,ROWS_STANDARD_9_10,4378.0,PREV_CLOSE_PROXY,,NEUTRAL,4393.5,10.0,5.0,MODE_C_BALANCED,2.0,4376.91,4376.91,4376.91,0.0,16.59,0.0,0.0,red_box_midline::red_mid_2,MODE_C_BALANCED,4351.18,42.32,0.0,0.0,prior_hlc::previous_low,MODE_A_LIVE_PROXIMITY_HEAVY,REGIME_LEVEL_BROAD,26.634333,1.0,4351.18,4351.18,4351.18,0.0,42.32,0.0,0.0,prior_hlc::previous_low,25.73,0.0,25.73,ORACLE_GT10_CANDIDATE_GENERATION_FAIL,CANDIDATE_GENERATION_FAILURE_GT10,0.0,0.0,0.0,0.0,0.0,1.0
2026-03-27,2026-03-26,L7,RANGE_WIDE_120_220,CLOSE_POS_LOWER_THIRD,ROWS_STANDARD_9_10,4378.0,PREV_CLOSE_PROXY,,NEUTRAL,4362.5,5.0,5.0,MODE_B_EMA_CHANNEL_DIRECTION_HEAVY,1.0,4321.18,4321.18,4321.18,0.0,41.32,0.0,0.0,red_box_edge::red_edge_2,MODE_B_EMA_CHANNEL_DIRECTION_HEAVY,4321.18,41.32,0.0,0.0,red_box_edge::red_edge_2,MODE_A_LIVE_PROXIMITY_HEAVY,REGIME_LEVEL_BROAD,38.757833,1.0,4321.18,4321.18,4321.18,0.0,41.32,0.0,0.0,red_box_edge::red_edge_2,0.0,0.0,0.0,ORACLE_GT10_CANDIDATE_GENERATION_FAIL,CANDIDATE_GENERATION_FAILURE_GT10,0.0,0.0,0.0,0.0,0.0,1.0
2026-03-30,2026-03-27,L4,RANGE_WIDE_120_220,CLOSE_POS_MIDDLE_THIRD,ROWS_STANDARD_9_10,4495.46,PREV_CLOSE_PROXY,,NEUTRAL,4543.04,25.0,5.0,MODE_B_EMA_CHANNEL_DIRECTION_HEAVY,1.0,4532.93875,4532.93875,4532.93875,0.0,10.10125,0.0,0.0,prior_range_fraction::prev_range_0.875,MODE_B_EMA_CHANNEL_DIRECTION_HEAVY,4532.93875,10.10125,0.0,0.0,prior_range_fraction::prev_range_0.875,MODE_B_EMA_CHANNEL_DIRECTION_HEAVY,REGIME_LEVEL_EXACT,28.492639,1.0,4532.93875,4532.93875,4532.93875,0.0,10.10125,0.0,0.0,prior_range_fraction::prev_range_0.875,0.0,0.0,0.0,ORACLE_GT10_CANDIDATE_GENERATION_FAIL,CANDIDATE_GENERATION_FAILURE_GT10,0.0,0.0,0.0,0.0,0.0,1.0
2026-03-30,2026-03-27,L5,RANGE_WIDE_120_220,CLOSE_POS_MIDDLE_THIRD,ROWS_STANDARD_9_10,4495.46,PREV_CLOSE_PROXY,,NEUTRAL,4513.02,25.0,5.0,MODE_C_BALANCED,2.0,4502.9675,4502.9675,4502.9675,0.0,10.0525,0.0,0.0,red_box_midline::red_mid_1,MODE_C_BALANCED,4532.93875,19.91875,0.0,0.0,prior_range_fraction::prev_range_0.875,MODE_A_LIVE_PROXIMITY_HEAVY,REGIME_LEVEL_EXACT,10.7925,1.0,4532.93875,4532.93875,4532.93875,0.0,19.91875,0.0,0.0,prior_range_fraction::prev_range_0.875,9.86625,0.0,9.86625,ORACLE_GT10_CANDIDATE_GENERATION_FAIL,CANDIDATE_GENERATION_FAILURE_GT10,0.0,0.0,0.0,0.0,0.0,1.0
2026-03-30,2026-03-27,L6,RANGE_WIDE_120_220,CLOSE_POS_MIDDLE_THIRD,ROWS_STANDARD_9_10,4495.46,PREV_CLOSE_PROXY,,NEUTRAL,4484.03,25.0,5.0,MODE_C_BALANCED,1.0,4475.503333,4475.503333,4475.503333,0.0,8.526667,0.0,0.0,prior_hlc::previous_pivot_hlc3,MODE_C_BALANCED,4475.503333,8.526667,0.0,0.0,prior_hlc::previous_pivot_hlc3,MODE_B_EMA_CHANNEL_DIRECTION_HEAVY,REGIME_LEVEL_EXACT,21.290724,1.0,4424.30375,4424.30375,4424.30375,0.0,59.72625,0.0,0.0,red_box_quarter::red_box_2_25pct,51.199583,51.199583,0.0,ORACLE_WITHIN_10,ORACLE_ONLY_REDUCES_ERROR_NOT_WITHIN_5,0.0,0.0,0.0,0.0,0.0,0.0
2026-03-30,2026-03-27,L7,RANGE_WIDE_120_220,CLOSE_POS_MIDDLE_THIRD,ROWS_STANDARD_9_10,4495.46,PREV_CLOSE_PROXY,,NEUTRAL,4451.72,25.0,5.0,MODE_D_NEAREST_VALID_LADDER,3.0,4450.525,4450.525,4450.525,0.0,1.195,1.0,1.0,red_box_edge::red_edge_1,MODE_C_BALANCED,4401.86125,49.85875,0.0,0.0,green_box_quarter::green_box_1_25pct,MODE_D_NEAREST_VALID_LADDER,REGIME_LEVEL_EXACT,16.110889,1.0,4401.86125,4401.86125,4401.86125,0.0,49.85875,0.0,0.0,green_box_quarter::green_box_1_25pct,48.66375,0.0,48.66375,ORACLE_WITHIN_3,CANDIDATE_RANKING_FAILURE_LOWER_RANK_CANDIDATE,1.0,1.0,1.0,0.0,1.0,0.0
2026-03-31,2026-03-30,L4,RANGE_WIDE_120_220,CLOSE_POS_MIDDLE_THIRD,ROWS_SPARSE_1_8,4511.02,PREV_CLOSE_PROXY,,NEUTRAL,4538.28,25.0,5.0,MODE_B_EMA_CHANNEL_DIRECTION_HEAVY,2.0,4540.3925,4540.3925,4540.3925,0.0,2.1125,1.0,1.0,prior_range_fraction::prev_range_0.75,MODE_C_BALANCED,4560.52125,22.24125,0.0,0.0,prior_range_fraction::prev_range_0.875,MODE_B_EMA_CHANNEL_DIRECTION_HEAVY,REGIME_LEVEL_BROAD,29.911292,1.0,4560.52125,4560.52125,4560.52125,0.0,22.24125,0.0,0.0,prior_range_fraction::prev_range_0.875,20.12875,0.0,20.12875,ORACLE_WITHIN_3,CANDIDATE_RANKING_FAILURE_LOWER_RANK_CANDIDATE,1.0,1.0,1.0,0.0,1.0,0.0
2026-03-31,2026-03-30,L5,RANGE_WIDE_120_220,CLOSE_POS_MIDDLE_THIRD,ROWS_SPARSE_1_8,4511.02,PREV_CLOSE_PROXY,,NEUTRAL,4510.04,25.0,5.0,MODE_C_BALANCED,2.0,4509.01375,4509.01375,4509.01375,0.0,1.02625,1.0,1.0,red_box_quarter::red_box_1_75pct,MODE_C_BALANCED,4532.8925,22.8525,0.0,0.0,red_box_midline::red_mid_1,MODE_A_LIVE_PROXIMITY_HEAVY,REGIME_LEVEL_BROAD,20.438667,1.0,4532.8925,4532.8925,4532.8925,0.0,22.8525,0.0,0.0,red_box_midline::red_mid_1,21.82625,0.0,21.82625,ORACLE_WITHIN_3,CANDIDATE_RANKING_FAILURE_LOWER_RANK_CANDIDATE,1.0,1.0,1.0,0.0,1.0,0.0
2026-03-31,2026-03-30,L6,RANGE_WIDE_120_220,CLOSE_POS_MIDDLE_THIRD,ROWS_SPARSE_1_8,4511.02,PREV_CLOSE_PROXY,,NEUTRAL,4480.75,25.0,5.0,MODE_C_BALANCED,1.0,4481.13346,4481.13346,4481.13346,0.0,0.38346,1.0,1.0,prior_range_fraction::prev_range_0.382,MODE_C_BALANCED,4481.13346,0.38346,1.0,1.0,prior_range_fraction::prev_range_0.382,MODE_C_BALANCED,REGIME_LEVEL_BROAD,23.781654,1.0,4481.13346,4481.13346,4481.13346,0.0,0.38346,1.0,1.0,prior_range_fraction::prev_range_0.382,0.0,0.0,0.0,ORACLE_WITHIN_3,ROUTER_ACCEPTABLE_WITHIN_5,1.0,1.0,0.0,0.0,0.0,0.0
2026-03-31,2026-03-30,L7,RANGE_WIDE_120_220,CLOSE_POS_MIDDLE_THIRD,ROWS_SPARSE_1_8,4511.02,PREV_CLOSE_PROXY,,NEUTRAL,4448.16,20.0,5.0,MODE_C_BALANCED,1.0,4443.49875,4443.49875,4443.49875,0.0,4.66125,0.0,1.0,green_box_quarter::green_box_1_25pct,MODE_C_BALANCED,4443.49875,4.66125,0.0,1.0,green_box_quarter::green_box_1_25pct,MODE_D_NEAREST_VALID_LADDER,REGIME_LEVEL_BROAD,16.841042,1.0,4443.49875,4443.49875,4443.49875,0.0,4.66125,0.0,1.0,green_box_quarter::green_box_1_25pct,0.0,0.0,0.0,ORACLE_WITHIN_5,ROUTER_ACCEPTABLE_WITHIN_5,0.0,1.0,0.0,0.0,0.0,0.0
2026-04-01,2026-03-31,L4,RANGE_WIDE_120_220,CLOSE_POS_UPPER_THIRD,ROWS_STANDARD_9_10,4667.12,PREV_CLOSE_PROXY,,NEUTRAL,4705.0,5.0,5.0,MODE_B_EMA_CHANNEL_DIRECTION_HEAVY,1.0,4746.6725,4746.6725,4746.6725,0.0,41.6725,0.0,0.0,green_box_quarter::green_box_3_25pct,MODE_B_EMA_CHANNEL_DIRECTION_HEAVY,4746.6725,41.6725,0.0,0.0,green_box_quarter::green_box_3_25pct,MODE_A_LIVE_PROXIMITY_HEAVY,REGIME_LEVEL_BROAD,47.975106,1.0,4746.6725,4746.6725,4746.6725,0.0,41.6725,0.0,0.0,green_box_quarter::green_box_3_25pct,0.0,0.0,0.0,ORACLE_GT10_CANDIDATE_GENERATION_FAIL,CANDIDATE_GENERATION_FAILURE_GT10,0.0,0.0,0.0,0.0,0.0,1.0
2026-04-01,2026-03-31,L5,RANGE_WIDE_120_220,CLOSE_POS_UPPER_THIRD,ROWS_STANDARD_9_10,4667.12,PREV_CLOSE_PROXY,,NEUTRAL,4683.82,15.0,5.0,MODE_B_EMA_CHANNEL_DIRECTION_HEAVY,1.0,4687.32,4687.32,4687.32,0.0,3.5,0.0,1.0,prior_hlc::previous_high,MODE_B_EMA_CHANNEL_DIRECTION_HEAVY,4687.32,3.5,0.0,1.0,prior_hlc::previous_high,MODE_A_LIVE_PROXIMITY_HEAVY,REGIME_LEVEL_BROAD,32.87697,1.0,4687.32,4687.32,4687.32,0.0,3.5,0.0,1.0,prior_hlc::previous_high,0.0,0.0,0.0,ORACLE_WITHIN_5,ROUTER_ACCEPTABLE_WITHIN_5,0.0,1.0,0.0,0.0,0.0,0.0
2026-04-01,2026-03-31,L6,RANGE_WIDE_120_220,CLOSE_POS_UPPER_THIRD,ROWS_STANDARD_9_10,4667.12,PREV_CLOSE_PROXY,,NEUTRAL,4661.39,15.0,5.0,MODE_D_NEAREST_VALID_LADDER,3.0,4667.12,4667.12,4667.12,0.0,5.73,0.0,0.0,prior_hlc::previous_close,MODE_C_BALANCED,4629.2625,32.1275,0.0,0.0,green_box_quarter::green_box_2_25pct,MODE_C_BALANCED,REGIME_LEVEL_BROAD,30.832152,1.0,4629.2625,4629.2625,4629.2625,0.0,32.1275,0.0,0.0,green_box_quarter::green_box_2_25pct,26.3975,0.0,26.3975,ORACLE_WITHIN_10,ORACLE_ONLY_REDUCES_ERROR_NOT_WITHIN_5,0.0,0.0,0.0,0.0,0.0,0.0
2026-04-01,2026-03-31,L7,RANGE_WIDE_120_220,CLOSE_POS_UPPER_THIRD,ROWS_STANDARD_9_10,4667.12,PREV_CLOSE_PROXY,,NEUTRAL,4641.04,15.0,5.0,MODE_A_LIVE_PROXIMITY_HEAVY,2.0,4636.115,4636.115,4636.115,0.0,4.925,0.0,1.0,prior_range_fraction::prev_range_0.75,MODE_C_BALANCED,4570.5575,70.4825,0.0,0.0,green_box_quarter::green_box_1_75pct,MODE_A_LIVE_PROXIMITY_HEAVY,REGIME_LEVEL_BROAD,19.308083,1.0,4570.5575,4570.5575,4570.5575,0.0,70.4825,0.0,0.0,green_box_quarter::green_box_1_75pct,65.5575,0.0,65.5575,ORACLE_WITHIN_5,CANDIDATE_RANKING_FAILURE_LOWER_RANK_CANDIDATE,0.0,1.0,1.0,0.0,1.0,0.0
2026-04-02,2026-04-01,L4,RANGE_WIDE_120_220,CLOSE_POS_UPPER_THIRD,ROWS_EXTENDED_11_PLUS,4758.18,PREV_CLOSE_PROXY,,NEUTRAL,4810.02,20.0,5.0,MODE_B_EMA_CHANNEL_DIRECTION_HEAVY,1.0,4822.78,4822.78,4822.78,0.0,12.76,0.0,0.0,green_box_edge::green_edge_2,MODE_B_EMA_CHANNEL_DIRECTION_HEAVY,4822.78,12.76,0.0,0.0,green_box_edge::green_edge_2,MODE_A_LIVE_PROXIMITY_HEAVY,REGIME_LEVEL_EXACT,33.711833,1.0,4822.78,4822.78,4822.78,0.0,12.76,0.0,0.0,green_box_edge::green_edge_2,0.0,0.0,0.0,ORACLE_GT10_CANDIDATE_GENERATION_FAIL,CANDIDATE_GENERATION_FAILURE_GT10,0.0,0.0,0.0,0.0,0.0,1.0
2026-04-02,2026-04-01,L5,RANGE_WIDE_120_220,CLOSE_POS_UPPER_THIRD,ROWS_EXTENDED_11_PLUS,4758.18,PREV_CLOSE_PROXY,,NEUTRAL,4784.05,25.0,5.0,MODE_D_NEAREST_VALID_LADDER,1.0,4782.52,4782.52,4782.52,0.0,1.53,1.0,1.0,green_box_midline::green_mid_2,MODE_D_NEAREST_VALID_LADDER,4782.52,1.53,1.0,1.0,green_box_midline::green_mid_2,MODE_A_LIVE_PROXIMITY_HEAVY,REGIME_LEVEL_EXACT,19.513333,1.0,4782.52,4782.52,4782.52,0.0,1.53,1.0,1.0,green_box_midline::green_mid_2,0.0,0.0,0.0,ORACLE_WITHIN_3,ROUTER_ACCEPTABLE_WITHIN_5,1.0,1.0,0.0,0.0,0.0,0.0
2026-04-02,2026-04-01,L6,RANGE_WIDE_120_220,CLOSE_POS_UPPER_THIRD,ROWS_EXTENDED_11_PLUS,4758.18,PREV_CLOSE_PROXY,,NEUTRAL,4749.81,20.0,5.0,MODE_C_BALANCED,2.0,4742.26,4742.26,4742.26,0.0,7.55,0.0,0.0,green_box_edge::green_edge_1,MODE_D_NEAREST_VALID_LADDER,4761.205,11.395,0.0,0.0,prior_range_fraction::prev_range_0.75 | green_box_quarter::green_box_2_25pct,MODE_A_LIVE_PROXIMITY_HEAVY,REGIME_LEVEL_EXACT,27.650333,1.0,4761.205,4760.02,4762.39,2.37,11.395,0.0,0.0,prior_range_fraction::prev_range_0.75 | green_box_quarter::green_box_2_25pct,3.845,0.0,3.845,ORACLE_WITHIN_10,ORACLE_ONLY_REDUCES_ERROR_NOT_WITHIN_5,0.0,0.0,0.0,0.0,0.0,0.0
2026-04-02,2026-04-01,L7,RANGE_WIDE_120_220,CLOSE_POS_UPPER_THIRD,ROWS_EXTENDED_11_PLUS,4758.18,PREV_CLOSE_PROXY,,NEUTRAL,4714.19,25.0,5.0,MODE_D_NEAREST_VALID_LADDER,2.0,4727.26,4727.26,4727.26,0.0,13.07,0.0,0.0,prior_hlc::previous_mid,MODE_C_BALANCED,4681.87,32.32,0.0,0.0,green_box_quarter::green_box_1_25pct,MODE_A_LIVE_PROXIMITY_HEAVY,REGIME_LEVEL_EXACT,28.654333,1.0,4681.87,4681.87,4681.87,0.0,32.32,0.0,0.0,green_box_quarter::green_box_1_25pct,19.25,0.0,19.25,ORACLE_GT10_CANDIDATE_GENERATION_FAIL,CANDIDATE_GENERATION_FAILURE_GT10,0.0,0.0,0.0,0.0,0.0,1.0
2026-04-03,2026-04-02,L4,RANGE_EXTREME_220_PLUS,CLOSE_POS_MIDDLE_THIRD,ROWS_STANDARD_9_10,4676.04,PREV_CLOSE_PROXY,,NEUTRAL,4712.91,10.0,5.0,MODE_B_EMA_CHANNEL_DIRECTION_HEAVY,2.0,4677.3,4677.3,4677.3,0.0,35.61,0.0,0.0,prior_hlc::previous_mid,MODE_B_EMA_CHANNEL_DIRECTION_HEAVY,4761.35,48.44,0.0,0.0,green_box_midline::green_mid_2,MODE_A_LIVE_PROXIMITY_HEAVY,LEVEL_ONLY,61.2145,1.0,4761.35,4761.35,4761.35,0.0,48.44,0.0,0.0,green_box_midline::green_mid_2,12.83,0.0,12.83,ORACLE_GT10_CANDIDATE_GENERATION_FAIL,CANDIDATE_GENERATION_FAILURE_GT10,0.0,0.0,0.0,0.0,0.0,1.0
2026-04-03,2026-04-02,L5,RANGE_EXTREME_220_PLUS,CLOSE_POS_MIDDLE_THIRD,ROWS_STANDARD_9_10,4676.04,PREV_CLOSE_PROXY,,NEUTRAL,4676.39,10.0,5.0,MODE_C_BALANCED,2.0,4662.3,4662.3,4662.3,0.0,14.09,0.0,0.0,red_box_edge::red_edge_1,MODE_C_BALANCED,4731.35,54.96,0.0,0.0,red_box_midline::red_mid_1,MODE_B_EMA_CHANNEL_DIRECTION_HEAVY,LEVEL_ONLY,61.262062,1.0,4731.35,4731.35,4731.35,0.0,54.96,0.0,0.0,red_box_midline::red_mid_1,40.87,0.0,40.87,ORACLE_GT10_CANDIDATE_GENERATION_FAIL,CANDIDATE_GENERATION_FAILURE_GT10,0.0,0.0,0.0,0.0,0.0,1.0
2026-04-03,2026-04-02,L6,RANGE_EXTREME_220_PLUS,CLOSE_POS_MIDDLE_THIRD,ROWS_STANDARD_9_10,4676.04,PREV_CLOSE_PROXY,,NEUTRAL,4637.21,10.0,5.0,MODE_C_BALANCED,1.0,4648.2484,4648.2484,4648.2484,0.0,11.0384,0.0,0.0,prior_range_fraction::prev_range_0.382,MODE_C_BALANCED,4648.2484,11.0384,0.0,0.0,prior_range_fraction::prev_range_0.382,MODE_D_NEAREST_VALID_LADDER,LEVEL_ONLY,60.957098,1.0,4648.2484,4648.2484,4648.2484,0.0,11.0384,0.0,0.0,prior_range_fraction::prev_range_0.382,0.0,0.0,0.0,ORACLE_GT10_CANDIDATE_GENERATION_FAIL,CANDIDATE_GENERATION_FAILURE_GT10,0.0,0.0,0.0,0.0,0.0,1.0
2026-04-03,2026-04-02,L7,RANGE_EXTREME_220_PLUS,CLOSE_POS_MIDDLE_THIRD,ROWS_STANDARD_9_10,4676.04,PREV_CLOSE_PROXY,,NEUTRAL,4603.66,10.0,5.0,MODE_B_EMA_CHANNEL_DIRECTION_HEAVY,1.0,4627.775,4627.775,4627.775,0.0,24.115,0.0,0.0,red_box_quarter::red_box_2_25pct,MODE_B_EMA_CHANNEL_DIRECTION_HEAVY,4627.775,24.115,0.0,0.0,red_box_quarter::red_box_2_25pct,MODE_C_BALANCED,LEVEL_ONLY,57.028311,1.0,4627.775,4627.775,4627.775,0.0,24.115,0.0,0.0,red_box_quarter::red_box_2_25pct,0.0,0.0,0.0,ORACLE_GT10_CANDIDATE_GENERATION_FAIL,CANDIDATE_GENERATION_FAILURE_GT10,0.0,0.0,0.0,0.0,0.0,1.0
2026-04-06,2026-04-02,L4,RANGE_EXTREME_220_PLUS,CLOSE_POS_MIDDLE_THIRD,ROWS_STANDARD_9_10,4676.04,PREV_CLOSE_PROXY,,NEUTRAL,4712.91,15.0,5.0,MODE_B_EMA_CHANNEL_DIRECTION_HEAVY,2.0,4718.333415,4718.333415,4718.333415,0.0,5.423415,0.0,0.0,prior_range_fraction::prev_range_0.666667,MODE_B_EMA_CHANNEL_DIRECTION_HEAVY,4761.35,48.44,0.0,0.0,green_box_midline::green_mid_2,MODE_A_LIVE_PROXIMITY_HEAVY,LEVEL_ONLY,61.121857,1.0,4761.35,4761.35,4761.35,0.0,48.44,0.0,0.0,green_box_midline::green_mid_2,43.016585,0.0,43.016585,ORACLE_WITHIN_10,ORACLE_ONLY_REDUCES_ERROR_NOT_WITHIN_5,0.0,0.0,0.0,0.0,0.0,0.0
2026-04-06,2026-04-02,L5,RANGE_EXTREME_220_PLUS,CLOSE_POS_MIDDLE_THIRD,ROWS_STANDARD_9_10,4676.04,PREV_CLOSE_PROXY,,NEUTRAL,4676.39,15.0,5.0,MODE_C_BALANCED,1.0,4676.04,4676.04,4676.04,0.0,0.35,1.0,1.0,prior_hlc::previous_close,MODE_C_BALANCED,4676.04,0.35,1.0,1.0,prior_hlc::previous_close,MODE_B_EMA_CHANNEL_DIRECTION_HEAVY,LEVEL_ONLY,61.188446,1.0,4676.04,4676.04,4676.04,0.0,0.35,1.0,1.0,prior_hlc::previous_close,0.0,0.0,0.0,ORACLE_WITHIN_3,ROUTER_ACCEPTABLE_WITHIN_5,1.0,1.0,0.0,0.0,0.0,0.0
2026-04-06,2026-04-02,L6,RANGE_EXTREME_220_PLUS,CLOSE_POS_MIDDLE_THIRD,ROWS_STANDARD_9_10,4676.04,PREV_CLOSE_PROXY,,NEUTRAL,4637.21,15.0,5.0,MODE_C_BALANCED,1.0,4636.266585,4636.266585,4636.266585,0.0,0.943415,1.0,1.0,prior_range_fraction::prev_range_0.333333,MODE_C_BALANCED,4636.266585,0.943415,1.0,1.0,prior_range_fraction::prev_range_0.333333,MODE_D_NEAREST_VALID_LADDER,LEVEL_ONLY,60.951971,1.0,4636.266585,4636.266585,4636.266585,0.0,0.943415,1.0,1.0,prior_range_fraction::prev_range_0.333333,0.0,0.0,0.0,ORACLE_WITHIN_3,ROUTER_ACCEPTABLE_WITHIN_5,1.0,1.0,0.0,0.0,0.0,0.0
2026-04-06,2026-04-02,L7,RANGE_EXTREME_220_PLUS,CLOSE_POS_MIDDLE_THIRD,ROWS_STANDARD_9_10,4676.04,PREV_CLOSE_PROXY,,NEUTRAL,4603.66,15.0,5.0,MODE_D_NEAREST_VALID_LADDER,1.0,4593.25,4593.25,4593.25,0.0,10.41,0.0,0.0,red_box_midline::red_mid_2,MODE_D_NEAREST_VALID_LADDER,4593.25,10.41,0.0,0.0,red_box_midline::red_mid_2,MODE_C_BALANCED,LEVEL_ONLY,56.4925,1.0,4627.775,4627.775,4627.775,0.0,24.115,0.0,0.0,red_box_quarter::red_box_2_25pct,13.705,13.705,0.0,ORACLE_GT10_CANDIDATE_GENERATION_FAIL,CANDIDATE_GENERATION_FAILURE_GT10,0.0,0.0,0.0,0.0,0.0,1.0
2026-04-07,2026-04-06,L4,RANGE_NORMAL_60_120,CLOSE_POS_MIDDLE_THIRD,ROWS_STANDARD_9_10,4650.5,PREV_CLOSE_PROXY,,NEUTRAL,4686.47,20.0,5.0,MODE_C_BALANCED,1.0,4687.69,4685.725,4689.655,3.93,1.22,1.0,1.0,green_box_quarter::green_box_2_25pct | red_box_quarter::red_box_1_25pct,MODE_C_BALANCED,4687.69,1.22,1.0,1.0,green_box_quarter::green_box_2_25pct | red_box_quarter::red_box_1_25pct,MODE_A_LIVE_PROXIMITY_HEAVY,REGIME_LEVEL_EXACT,51.075833,1.0,4702.69,4702.69,4702.69,0.0,16.22,0.0,0.0,green_box_midline::green_mid_2,15.0,15.0,0.0,ORACLE_WITHIN_3,MODE_SELECTION_FAILURE,1.0,1.0,1.0,1.0,0.0,0.0
2026-04-07,2026-04-06,L5,RANGE_NORMAL_60_120,CLOSE_POS_MIDDLE_THIRD,ROWS_STANDARD_9_10,4650.5,PREV_CLOSE_PROXY,,NEUTRAL,4647.73,20.0,5.0,MODE_C_BALANCED,2.0,4652.234167,4651.795,4652.673333,0.878333,4.504167,0.0,1.0,green_box_quarter::green_box_1_75pct | prior_hlc::previous_pivot_hlc3,MODE_C_BALANCED,4668.76,21.03,0.0,0.0,green_box_edge::green_edge_1,MODE_A_LIVE_PROXIMITY_HEAVY,REGIME_LEVEL_EXACT,50.334741,1.0,4668.76,4668.76,4668.76,0.0,21.03,0.0,0.0,green_box_edge::green_edge_1,16.525833,0.0,16.525833,ORACLE_WITHIN_5,CANDIDATE_RANKING_FAILURE_LOWER_RANK_CANDIDATE,0.0,1.0,1.0,0.0,1.0,0.0
2026-04-07,2026-04-06,L6,RANGE_NORMAL_60_120,CLOSE_POS_MIDDLE_THIRD,ROWS_STANDARD_9_10,4650.5,PREV_CLOSE_PROXY,,NEUTRAL,4607.29,15.0,5.0,MODE_C_BALANCED,2.0,4627.33,4627.33,4627.33,0.0,20.04,0.0,0.0,prior_range_fraction::prev_range_0.25,MODE_C_BALANCED,4640.02252,32.73252,0.0,0.0,red_box_edge::red_edge_1 | prior_range_fraction::prev_range_0.382,MODE_B_EMA_CHANNEL_DIRECTION_HEAVY,REGIME_LEVEL_EXACT,45.388021,1.0,4640.02252,4638.76,4641.28504,2.52504,32.73252,0.0,0.0,red_box_edge::red_edge_1 | prior_range_fraction::prev_range_0.382,12.69252,0.0,12.69252,ORACLE_GT10_CANDIDATE_GENERATION_FAIL,CANDIDATE_GENERATION_FAILURE_GT10,0.0,0.0,0.0,0.0,0.0,1.0
2026-04-07,2026-04-06,L7,RANGE_NORMAL_60_120,CLOSE_POS_MIDDLE_THIRD,ROWS_STANDARD_9_10,4650.5,PREV_CLOSE_PROXY,,NEUTRAL,4566.31,20.0,5.0,MODE_B_EMA_CHANNEL_DIRECTION_HEAVY,3.0,4553.935,4553.935,4553.935,0.0,12.375,0.0,0.0,red_box_quarter::red_box_3_25pct,MODE_C_BALANCED,4619.83,53.52,0.0,0.0,green_box_quarter::green_box_1_25pct | red_box_quarter::red_box_2_25pct,MODE_B_EMA_CHANNEL_DIRECTION_HEAVY,REGIME_LEVEL_EXACT,41.339833,1.0,4619.83,4617.865,4621.795,3.93,53.52,0.0,0.0,green_box_quarter::green_box_1_25pct | red_box_quarter::red_box_2_25pct,41.145,0.0,41.145,ORACLE_GT10_CANDIDATE_GENERATION_FAIL,CANDIDATE_GENERATION_FAILURE_GT10,0.0,0.0,0.0,0.0,0.0,1.0
2026-04-08,2026-04-07,L4,RANGE_NORMAL_60_120,CLOSE_POS_UPPER_THIRD,ROWS_STANDARD_9_10,4705.73,PREV_CLOSE_PROXY,,NEUTRAL,4713.5,25.0,5.0,MODE_B_EMA_CHANNEL_DIRECTION_HEAVY,1.0,4713.38,4713.38,4713.38,0.0,0.12,1.0,1.0,green_box_midline::green_mid_2,MODE_B_EMA_CHANNEL_DIRECTION_HEAVY,4713.38,0.12,1.0,1.0,green_box_midline::green_mid_2,MODE_D_NEAREST_VALID_LADDER,REGIME_LEVEL_EXACT,51.553333,1.0,4713.38,4713.38,4713.38,0.0,0.12,1.0,1.0,green_box_midline::green_mid_2,0.0,0.0,0.0,ORACLE_WITHIN_3,ROUTER_ACCEPTABLE_WITHIN_5,1.0,1.0,0.0,0.0,0.0,0.0
2026-04-08,2026-04-07,L5,RANGE_NORMAL_60_120,CLOSE_POS_UPPER_THIRD,ROWS_STANDARD_9_10,4705.73,PREV_CLOSE_PROXY,,NEUTRAL,4677.93,20.0,5.0,MODE_C_BALANCED,2.0,4683.38,4683.38,4683.38,0.0,5.45,0.0,0.0,red_box_midline::red_mid_1,MODE_C_BALANCED,4702.875,24.945,0.0,0.0,red_box_quarter::red_box_1_25pct | prior_range_fraction::prev_range_0.875,MODE_A_LIVE_PROXIMITY_HEAVY,REGIME_LEVEL_EXACT,55.619458,1.0,4702.875,4701.0,4704.75,3.75,24.945,0.0,0.0,red_box_quarter::red_box_1_25pct | prior_range_fraction::prev_range_0.875,19.495,0.0,19.495,ORACLE_WITHIN_10,ORACLE_ONLY_REDUCES_ERROR_NOT_WITHIN_5,0.0,0.0,0.0,0.0,0.0,0.0
2026-04-08,2026-04-07,L6,RANGE_NORMAL_60_120,CLOSE_POS_UPPER_THIRD,ROWS_STANDARD_9_10,4705.73,PREV_CLOSE_PROXY,,NEUTRAL,4637.57,15.0,5.0,MODE_B_EMA_CHANNEL_DIRECTION_HEAVY,2.0,4650.04672,4650.04672,4650.04672,0.0,12.47672,0.0,0.0,prior_range_fraction::prev_range_0.382,MODE_C_BALANCED,4682.506685,44.936685,0.0,0.0,prior_range_fraction::prev_range_0.666667 | red_box_midline::red_mid_1,MODE_A_LIVE_PROXIMITY_HEAVY,REGIME_LEVEL_EXACT,55.797208,1.0,4682.506685,4681.63337,4683.38,1.74663,44.936685,0.0,0.0,prior_range_fraction::prev_range_0.666667 | red_box_midline::red_mid_1,32.459965,0.0,32.459965,ORACLE_GT10_CANDIDATE_GENERATION_FAIL,CANDIDATE_GENERATION_FAILURE_GT10,0.0,0.0,0.0,0.0,0.0,1.0
2026-04-08,2026-04-07,L7,RANGE_NORMAL_60_120,CLOSE_POS_UPPER_THIRD,ROWS_STANDARD_9_10,4705.73,PREV_CLOSE_PROXY,,NEUTRAL,4597.43,20.0,5.0,MODE_C_BALANCED,2.0,4621.53,4621.53,4621.53,0.0,24.1,0.0,0.0,prior_range_fraction::prev_range_0.125,MODE_C_BALANCED,4632.96,35.53,0.0,0.0,red_box_quarter::red_box_2_25pct | prior_range_fraction::prev_range_0.25,MODE_C_BALANCED,REGIME_LEVEL_EXACT,54.580411,1.0,4632.96,4630.52,4635.4,4.88,35.53,0.0,0.0,red_box_quarter::red_box_2_25pct | prior_range_fraction::prev_range_0.25,11.43,0.0,11.43,ORACLE_GT10_CANDIDATE_GENERATION_FAIL,CANDIDATE_GENERATION_FAILURE_GT10,0.0,0.0,0.0,0.0,0.0,1.0
2026-04-09,2026-04-08,L4,RANGE_WIDE_120_220,CLOSE_POS_LOWER_THIRD,ROWS_STANDARD_9_10,4719.26,PREV_CLOSE_PROXY,,NEUTRAL,4767.19,20.0,5.0,MODE_B_EMA_CHANNEL_DIRECTION_HEAVY,2.0,4770.27625,4770.27625,4770.27625,0.0,3.08625,0.0,1.0,green_box_quarter::green_box_1_75pct,MODE_C_BALANCED,4797.24286,30.05286,0.0,0.0,prior_range_fraction::prev_range_0.618,MODE_A_LIVE_PROXIMITY_HEAVY,REGIME_LEVEL_EXACT,19.344949,1.0,4797.24286,4797.24286,4797.24286,0.0,30.05286,0.0,0.0,prior_range_fraction::prev_range_0.618,26.96661,0.0,26.96661,ORACLE_WITHIN_5,CANDIDATE_RANKING_FAILURE_LOWER_RANK_CANDIDATE,0.0,1.0,1.0,0.0,1.0,0.0
2026-04-09,2026-04-08,L5,RANGE_WIDE_120_220,CLOSE_POS_LOWER_THIRD,ROWS_STANDARD_9_10,4719.26,PREV_CLOSE_PROXY,,NEUTRAL,4733.49,15.0,5.0,MODE_D_NEAREST_VALID_LADDER,1.0,4739.3675,4739.3675,4739.3675,0.0,5.8775,0.0,0.0,prior_range_fraction::prev_range_0.25,MODE_D_NEAREST_VALID_LADDER,4739.3675,5.8775,0.0,0.0,prior_range_fraction::prev_range_0.25,MODE_A_LIVE_PROXIMITY_HEAVY,REGIME_LEVEL_EXACT,19.195333,1.0,4739.3675,4739.3675,4739.3675,0.0,5.8775,0.0,0.0,prior_range_fraction::prev_range_0.25,0.0,0.0,0.0,ORACLE_WITHIN_10,ORACLE_ONLY_REDUCES_ERROR_NOT_WITHIN_5,0.0,0.0,0.0,0.0,0.0,0.0
2026-04-09,2026-04-08,L6,RANGE_WIDE_120_220,CLOSE_POS_LOWER_THIRD,ROWS_STANDARD_9_10,4719.26,PREV_CLOSE_PROXY,,NEUTRAL,4693.82,15.0,5.0,MODE_C_BALANCED,1.0,4700.05,4700.05,4700.05,0.0,6.23,0.0,0.0,prior_hlc::previous_low,MODE_C_BALANCED,4700.05,6.23,0.0,0.0,prior_hlc::previous_low,MODE_A_LIVE_PROXIMITY_HEAVY,REGIME_LEVEL_EXACT,25.717333,1.0,4700.05,4700.05,4700.05,0.0,6.23,0.0,0.0,prior_hlc::previous_low,0.0,0.0,0.0,ORACLE_WITHIN_10,ORACLE_ONLY_REDUCES_ERROR_NOT_WITHIN_5,0.0,0.0,0.0,0.0,0.0,0.0
2026-04-09,2026-04-08,L7,RANGE_WIDE_120_220,CLOSE_POS_LOWER_THIRD,ROWS_STANDARD_9_10,4719.26,PREV_CLOSE_PROXY,,NEUTRAL,4651.82,10.0,5.0,MODE_B_EMA_CHANNEL_DIRECTION_HEAVY,1.0,4670.05,4670.05,4670.05,0.0,18.23,0.0,0.0,red_box_edge::red_edge_2,MODE_B_EMA_CHANNEL_DIRECTION_HEAVY,4670.05,18.23,0.0,0.0,red_box_edge::red_edge_2,MODE_A_LIVE_PROXIMITY_HEAVY,REGIME_LEVEL_EXACT,45.915333,1.0,4670.05,4670.05,4670.05,0.0,18.23,0.0,0.0,red_box_edge::red_edge_2,0.0,0.0,0.0,ORACLE_GT10_CANDIDATE_GENERATION_FAIL,CANDIDATE_GENERATION_FAILURE_GT10,0.0,0.0,0.0,0.0,0.0,1.0
2026-04-10,2026-04-09,L4,RANGE_NORMAL_60_120,CLOSE_POS_MIDDLE_THIRD,ROWS_STANDARD_9_10,4765.5,PREV_CLOSE_PROXY,,NEUTRAL,4787.01,15.0,5.0,MODE_B_EMA_CHANNEL_DIRECTION_HEAVY,1.0,4782.96,4781.365,4784.555,3.19,4.05,0.0,1.0,green_box_quarter::green_box_2_25pct | red_box_quarter::red_box_1_25pct,MODE_B_EMA_CHANNEL_DIRECTION_HEAVY,4782.96,4.05,0.0,1.0,green_box_quarter::green_box_2_25pct | red_box_quarter::red_box_1_25pct,MODE_E_SPACING_PRESERVATION,REGIME_LEVEL_EXACT,53.615542,1.0,4782.96,4781.365,4784.555,3.19,4.05,0.0,1.0,green_box_quarter::green_box_2_25pct | red_box_quarter::red_box_1_25pct,0.0,0.0,0.0,ORACLE_WITHIN_5,ROUTER_ACCEPTABLE_WITHIN_5,0.0,1.0,0.0,0.0,0.0,0.0
2026-04-10,2026-04-09,L5,RANGE_NORMAL_60_120,CLOSE_POS_MIDDLE_THIRD,ROWS_STANDARD_9_10,4765.5,PREV_CLOSE_PROXY,,NEUTRAL,4746.82,25.0,5.0,MODE_C_BALANCED,2.0,4748.175,4748.175,4748.175,0.0,1.355,1.0,1.0,green_box_quarter::green_box_1_75pct,MODE_C_BALANCED,4764.77,17.95,0.0,0.0,green_box_edge::green_edge_1,MODE_A_LIVE_PROXIMITY_HEAVY,REGIME_LEVEL_EXACT,50.383483,1.0,4764.77,4764.77,4764.77,0.0,17.95,0.0,0.0,green_box_edge::green_edge_1,16.595,0.0,16.595,ORACLE_WITHIN_3,CANDIDATE_RANKING_FAILURE_LOWER_RANK_CANDIDATE,1.0,1.0,1.0,0.0,1.0,0.0
2026-04-10,2026-04-09,L6,RANGE_NORMAL_60_120,CLOSE_POS_MIDDLE_THIRD,ROWS_STANDARD_9_10,4765.5,PREV_CLOSE_PROXY,,NEUTRAL,4706.64,20.0,5.0,MODE_C_BALANCED,3.0,4724.08,4724.08,4724.08,0.0,17.44,0.0,0.0,prior_range_fraction::prev_range_0.25,MODE_C_BALANCED,4736.20716,29.56716,0.0,0.0,red_box_edge::red_edge_1 | prior_range_fraction::prev_range_0.382,MODE_B_EMA_CHANNEL_DIRECTION_HEAVY,REGIME_LEVEL_EXACT,45.583184,1.0,4736.20716,4734.77,4737.64432,2.87432,29.56716,0.0,0.0,red_box_edge::red_edge_1 | prior_range_fraction::prev_range_0.382,12.12716,0.0,12.12716,ORACLE_GT10_CANDIDATE_GENERATION_FAIL,CANDIDATE_GENERATION_FAILURE_GT10,0.0,0.0,0.0,0.0,0.0,1.0
2026-04-10,2026-04-09,L7,RANGE_NORMAL_60_120,CLOSE_POS_MIDDLE_THIRD,ROWS_STANDARD_9_10,4765.5,PREV_CLOSE_PROXY,,NEUTRAL,4671.56,20.0,5.0,MODE_B_EMA_CHANNEL_DIRECTION_HEAVY,3.0,4651.795,4651.795,4651.795,0.0,19.765,0.0,0.0,red_box_quarter::red_box_3_25pct,MODE_C_BALANCED,4716.58,45.02,0.0,0.0,green_box_quarter::green_box_1_25pct | red_box_quarter::red_box_2_25pct,MODE_B_EMA_CHANNEL_DIRECTION_HEAVY,REGIME_LEVEL_EXACT,41.58875,1.0,4716.58,4714.985,4718.175,3.19,45.02,0.0,0.0,green_box_quarter::green_box_1_25pct | red_box_quarter::red_box_2_25pct,25.255,0.0,25.255,ORACLE_GT10_CANDIDATE_GENERATION_FAIL,CANDIDATE_GENERATION_FAILURE_GT10,0.0,0.0,0.0,0.0,0.0,1.0
2026-04-13,2026-04-10,L4,RANGE_NORMAL_60_120,CLOSE_POS_LOWER_THIRD,ROWS_STANDARD_9_10,4749.18,PREV_CLOSE_PROXY,,NEUTRAL,4777.03,10.0,5.0,MODE_C_BALANCED,1.0,4768.91375,4766.2625,4771.565,5.3025,8.11625,0.0,0.0,green_box_quarter::green_box_1_75pct | prior_range_fraction::prev_range_0.618 | red_box_midline::red_mid_1,MODE_C_BALANCED,4768.91375,8.11625,0.0,0.0,green_box_quarter::green_box_1_75pct | prior_range_fraction::prev_range_0.618 | red_box_midline::red_mid_1,MODE_A_LIVE_PROXIMITY_HEAVY,REGIME_LEVEL_BROAD,34.828292,1.0,4768.91375,4766.2625,4771.565,5.3025,8.11625,0.0,0.0,green_box_quarter::green_box_1_75pct | prior_range_fraction::prev_range_0.618 | red_box_midline::red_mid_1,0.0,0.0,0.0,ORACLE_WITHIN_10,ORACLE_ONLY_REDUCES_ERROR_NOT_WITHIN_5,0.0,0.0,0.0,0.0,0.0,0.0
2026-04-13,2026-04-10,L5,RANGE_NORMAL_60_120,CLOSE_POS_LOWER_THIRD,ROWS_STANDARD_9_10,4749.18,PREV_CLOSE_PROXY,,NEUTRAL,4737.6,10.0,5.0,MODE_A_LIVE_PROXIMITY_HEAVY,2.0,4736.2625,4736.2625,4736.2625,0.0,1.3375,1.0,1.0,red_box_quarter::red_box_2_25pct,MODE_C_BALANCED,4756.454166,18.854166,0.0,0.0,green_box_midline::green_mid_1 | prior_range_fraction::prev_range_0.382 | prior_hlc::previous_pivot_hlc3,MODE_B_EMA_CHANNEL_DIRECTION_HEAVY,REGIME_LEVEL_BROAD,36.526104,1.0,4756.454166,4754.495,4758.413333,3.918333,18.854166,0.0,0.0,green_box_midline::green_mid_1 | prior_range_fraction::prev_range_0.382 | prior_hlc::previous_pivot_hlc3,17.516666,0.0,17.516666,ORACLE_WITHIN_3,CANDIDATE_RANKING_FAILURE_LOWER_RANK_CANDIDATE,1.0,1.0,1.0,0.0,1.0,0.0
2026-04-13,2026-04-10,L6,RANGE_NORMAL_60_120,CLOSE_POS_LOWER_THIRD,ROWS_STANDARD_9_10,4749.18,PREV_CLOSE_PROXY,,NEUTRAL,4695.33,15.0,5.0,MODE_B_EMA_CHANNEL_DIRECTION_HEAVY,3.0,4712.7275,4712.7275,4712.7275,0.0,17.3975,0.0,0.0,red_box_quarter::red_box_2_75pct,MODE_C_BALANCED,4742.7275,47.3975,0.0,0.0,green_box_quarter::green_box_1_25pct,MODE_C_BALANCED,REGIME_LEVEL_BROAD,40.895542,1.0,4742.7275,4742.7275,4742.7275,0.0,47.3975,0.0,0.0,green_box_quarter::green_box_1_25pct,30.0,0.0,30.0,ORACLE_GT10_CANDIDATE_GENERATION_FAIL,CANDIDATE_GENERATION_FAILURE_GT10,0.0,0.0,0.0,0.0,0.0,1.0
2026-04-13,2026-04-10,L7,RANGE_NORMAL_60_120,CLOSE_POS_LOWER_THIRD,ROWS_STANDARD_9_10,4749.18,PREV_CLOSE_PROXY,,NEUTRAL,4653.69,15.0,5.0,MODE_B_EMA_CHANNEL_DIRECTION_HEAVY,3.0,4677.425,4677.425,4677.425,0.0,23.735,0.0,0.0,red_box_midline::red_mid_3,MODE_B_EMA_CHANNEL_DIRECTION_HEAVY,4712.7275,59.0375,0.0,0.0,red_box_quarter::red_box_2_75pct,MODE_B_EMA_CHANNEL_DIRECTION_HEAVY,REGIME_LEVEL_BROAD,39.323542,1.0,4712.7275,4712.7275,4712.7275,0.0,59.0375,0.0,0.0,red_box_quarter::red_box_2_75pct,35.3025,0.0,35.3025,ORACLE_GT10_CANDIDATE_GENERATION_FAIL,CANDIDATE_GENERATION_FAILURE_GT10,0.0,0.0,0.0,0.0,0.0,1.0
2026-04-14,2026-04-13,L4,RANGE_NORMAL_60_120,CLOSE_POS_UPPER_THIRD,ROWS_STANDARD_9_10,4740.3,PREV_CLOSE_PROXY,,NEUTRAL,4768.21,20.0,5.0,MODE_B_EMA_CHANNEL_DIRECTION_HEAVY,1.0,4748.13375,4746.1175,4750.15,4.0325,20.07625,0.0,0.0,green_box_midline::green_mid_2 | prior_hlc::previous_high,MODE_B_EMA_CHANNEL_DIRECTION_HEAVY,4748.13375,20.07625,0.0,0.0,green_box_midline::green_mid_2 | prior_hlc::previous_high,MODE_D_NEAREST_VALID_LADDER,REGIME_LEVEL_EXACT,54.466,1.0,4748.13375,4746.1175,4750.15,4.0325,20.07625,0.0,0.0,green_box_midline::green_mid_2 | prior_hlc::previous_high,0.0,0.0,0.0,ORACLE_GT10_CANDIDATE_GENERATION_FAIL,CANDIDATE_GENERATION_FAILURE_GT10,0.0,0.0,0.0,0.0,0.0,1.0
2026-04-14,2026-04-13,L5,RANGE_NORMAL_60_120,CLOSE_POS_UPPER_THIRD,ROWS_STANDARD_9_10,4740.3,PREV_CLOSE_PROXY,,NEUTRAL,4728.16,20.0,5.0,MODE_C_BALANCED,1.0,4733.13375,4733.13375,4733.13375,0.0,4.97375,0.0,1.0,red_box_quarter::red_box_1_25pct,MODE_C_BALANCED,4733.13375,4.97375,0.0,1.0,red_box_quarter::red_box_1_25pct,MODE_A_LIVE_PROXIMITY_HEAVY,REGIME_LEVEL_EXACT,56.274583,1.0,4733.13375,4733.13375,4733.13375,0.0,4.97375,0.0,1.0,red_box_quarter::red_box_1_25pct,0.0,0.0,0.0,ORACLE_WITHIN_5,ROUTER_ACCEPTABLE_WITHIN_5,0.0,1.0,0.0,0.0,0.0,0.0
2026-04-14,2026-04-13,L6,RANGE_NORMAL_60_120,CLOSE_POS_UPPER_THIRD,ROWS_STANDARD_9_10,4740.3,PREV_CLOSE_PROXY,,NEUTRAL,4688.7,15.0,5.0,MODE_C_BALANCED,3.0,4684.56166,4684.56166,4684.56166,0.0,4.13834,0.0,1.0,prior_range_fraction::prev_range_0.382,MODE_C_BALANCED,4715.445434,26.745434,0.0,0.0,prior_range_fraction::prev_range_0.666667 | red_box_midline::red_mid_1,MODE_A_LIVE_PROXIMITY_HEAVY,REGIME_LEVEL_EXACT,56.513083,1.0,4715.445434,4714.773369,4716.1175,1.344131,26.745434,0.0,0.0,prior_range_fraction::prev_range_0.666667 | red_box_midline::red_mid_1,22.607094,0.0,22.607094,ORACLE_WITHIN_5,CANDIDATE_RANKING_FAILURE_LOWER_RANK_CANDIDATE,0.0,1.0,1.0,0.0,1.0,0.0
2026-04-14,2026-04-13,L7,RANGE_NORMAL_60_120,CLOSE_POS_UPPER_THIRD,ROWS_STANDARD_9_10,4740.3,PREV_CLOSE_PROXY,,NEUTRAL,4648.94,25.0,5.0,MODE_C_BALANCED,3.0,4657.28625,4657.28625,4657.28625,0.0,8.34625,0.0,0.0,prior_range_fraction::prev_range_0.125,MODE_B_EMA_CHANNEL_DIRECTION_HEAVY,4665.06875,16.12875,0.0,0.0,red_box_quarter::red_box_2_25pct,MODE_C_BALANCED,REGIME_LEVEL_EXACT,55.147489,1.0,4670.5525,4670.5525,4670.5525,0.0,21.6125,0.0,0.0,prior_range_fraction::prev_range_0.25,13.26625,5.48375,7.7825,ORACLE_WITHIN_10,ORACLE_ONLY_REDUCES_ERROR_NOT_WITHIN_5,0.0,0.0,0.0,0.0,0.0,0.0
2026-04-15,2026-04-14,L4,RANGE_NORMAL_60_120,CLOSE_POS_UPPER_THIRD,ROWS_STANDARD_9_10,4841.68,PREV_CLOSE_PROXY,,NEUTRAL,4871.18,25.0,5.0,MODE_B_EMA_CHANNEL_DIRECTION_HEAVY,1.0,4859.8475,4859.8475,4859.8475,0.0,11.3325,0.0,0.0,green_box_quarter::green_box_2_75pct,MODE_B_EMA_CHANNEL_DIRECTION_HEAVY,4859.8475,11.3325,0.0,0.0,green_box_quarter::green_box_2_75pct,MODE_D_NEAREST_VALID_LADDER,REGIME_LEVEL_EXACT,55.159394,1.0,4859.8475,4859.8475,4859.8475,0.0,11.3325,0.0,0.0,green_box_quarter::green_box_2_75pct,0.0,0.0,0.0,ORACLE_GT10_CANDIDATE_GENERATION_FAIL,CANDIDATE_GENERATION_FAILURE_GT10,0.0,0.0,0.0,0.0,0.0,1.0
2026-04-15,2026-04-14,L5,RANGE_NORMAL_60_120,CLOSE_POS_UPPER_THIRD,ROWS_STANDARD_9_10,4841.68,PREV_CLOSE_PROXY,,NEUTRAL,4833.44,20.0,5.0,MODE_D_NEAREST_VALID_LADDER,1.0,4828.375,4826.9025,4829.8475,2.945,5.065,0.0,0.0,green_box_quarter::green_box_2_25pct | red_box_quarter::red_box_1_25pct,MODE_D_NEAREST_VALID_LADDER,4828.375,5.065,0.0,0.0,green_box_quarter::green_box_2_25pct | red_box_quarter::red_box_1_25pct,MODE_A_LIVE_PROXIMITY_HEAVY,REGIME_LEVEL_EXACT,58.748246,1.0,4828.375,4826.9025,4829.8475,2.945,5.065,0.0,0.0,green_box_quarter::green_box_2_25pct | red_box_quarter::red_box_1_25pct,0.0,0.0,0.0,ORACLE_WITHIN_10,ORACLE_ONLY_REDUCES_ERROR_NOT_WITHIN_5,0.0,0.0,0.0,0.0,0.0,0.0
2026-04-15,2026-04-14,L6,RANGE_NORMAL_60_120,CLOSE_POS_UPPER_THIRD,ROWS_STANDARD_9_10,4841.68,PREV_CLOSE_PROXY,,NEUTRAL,4795.98,15.0,5.0,MODE_C_BALANCED,2.0,4794.69375,4793.9575,4795.43,1.4725,1.28625,1.0,1.0,green_box_quarter::green_box_1_75pct | prior_hlc::previous_mid,MODE_C_BALANCED,4812.884184,16.904184,0.0,0.0,prior_range_fraction::prev_range_0.666667 | red_box_midline::red_mid_1,MODE_A_LIVE_PROXIMITY_HEAVY,REGIME_LEVEL_EXACT,57.117083,1.0,4812.884184,4812.393367,4813.375,0.981633,16.904184,0.0,0.0,prior_range_fraction::prev_range_0.666667 | red_box_midline::red_mid_1,15.617934,0.0,15.617934,ORACLE_WITHIN_3,CANDIDATE_RANKING_FAILURE_LOWER_RANK_CANDIDATE,1.0,1.0,1.0,0.0,1.0,0.0
2026-04-15,2026-04-14,L7,RANGE_NORMAL_60_120,CLOSE_POS_UPPER_THIRD,ROWS_STANDARD_9_10,4841.68,PREV_CLOSE_PROXY,,NEUTRAL,4759.66,25.0,5.0,MODE_C_BALANCED,3.0,4757.2625,4757.2625,4757.2625,0.0,2.3975,1.0,1.0,prior_range_fraction::prev_range_0.125,MODE_B_EMA_CHANNEL_DIRECTION_HEAVY,4763.9575,4.2975,0.0,1.0,red_box_quarter::red_box_2_25pct,MODE_C_BALANCED,REGIME_LEVEL_EXACT,55.45379,1.0,4769.985,4769.985,4769.985,0.0,10.325,0.0,0.0,prior_range_fraction::prev_range_0.25,7.9275,6.0275,1.9,ORACLE_WITHIN_3,MODE_SELECTION_FAILURE,1.0,1.0,1.0,1.0,0.0,0.0
2026-04-16,2026-04-15,L4,RANGE_NORMAL_60_120,CLOSE_POS_LOWER_THIRD,ROWS_STANDARD_9_10,4790.68,PREV_CLOSE_PROXY,,NEUTRAL,4866.37,15.0,5.0,MODE_C_BALANCED,1.0,4841.20636,4838.78272,4843.63,4.84728,25.16364,0.0,0.0,prior_range_fraction::prev_range_0.618 | red_box_midline::red_mid_1 | green_box_edge::green_edge_1,MODE_C_BALANCED,4841.20636,25.16364,0.0,0.0,prior_range_fraction::prev_range_0.618 | red_box_midline::red_mid_1 | green_box_edge::green_edge_1,MODE_A_LIVE_PROXIMITY_HEAVY,REGIME_LEVEL_EXACT,26.629333,1.0,4841.20636,4838.78272,4843.63,4.84728,25.16364,0.0,0.0,prior_range_fraction::prev_range_0.618 | red_box_midline::red_mid_1 | green_box_edge::green_edge_1,0.0,0.0,0.0,ORACLE_GT10_CANDIDATE_GENERATION_FAIL,CANDIDATE_GENERATION_FAILURE_GT10,0.0,0.0,0.0,0.0,0.0,1.0
2026-04-16,2026-04-15,L5,RANGE_NORMAL_60_120,CLOSE_POS_LOWER_THIRD,ROWS_STANDARD_9_10,4790.68,PREV_CLOSE_PROXY,,NEUTRAL,4833.82,10.0,5.0,MODE_C_BALANCED,1.0,4816.54864,4814.62,4818.47728,3.85728,17.27136,0.0,0.0,green_box_midline::green_mid_1 | prior_hlc::previous_pivot_hlc3 | prior_range_fraction::prev_range_0.382,MODE_C_BALANCED,4816.54864,17.27136,0.0,0.0,green_box_midline::green_mid_1 | prior_hlc::previous_pivot_hlc3 | prior_range_fraction::prev_range_0.382,MODE_B_EMA_CHANNEL_DIRECTION_HEAVY,REGIME_LEVEL_EXACT,24.520834,1.0,4816.54864,4814.62,4818.47728,3.85728,17.27136,0.0,0.0,green_box_midline::green_mid_1 | prior_hlc::previous_pivot_hlc3 | prior_range_fraction::prev_range_0.382,0.0,0.0,0.0,ORACLE_GT10_CANDIDATE_GENERATION_FAIL,CANDIDATE_GENERATION_FAILURE_GT10,0.0,0.0,0.0,0.0,0.0,1.0
2026-04-16,2026-04-15,L6,RANGE_NORMAL_60_120,CLOSE_POS_LOWER_THIRD,ROWS_STANDARD_9_10,4790.68,PREV_CLOSE_PROXY,,NEUTRAL,4796.88,15.0,5.0,MODE_C_BALANCED,1.0,4799.62,4799.125,4800.115,0.99,2.74,1.0,1.0,red_box_quarter::red_box_2_25pct | green_box_quarter::green_box_1_25pct,MODE_C_BALANCED,4799.62,2.74,1.0,1.0,red_box_quarter::red_box_2_25pct | green_box_quarter::green_box_1_25pct,MODE_C_BALANCED,REGIME_LEVEL_EXACT,36.138833,1.0,4799.62,4799.125,4800.115,0.99,2.74,1.0,1.0,red_box_quarter::red_box_2_25pct | green_box_quarter::green_box_1_25pct,0.0,0.0,0.0,ORACLE_WITHIN_3,ROUTER_ACCEPTABLE_WITHIN_5,1.0,1.0,0.0,0.0,0.0,0.0
2026-04-16,2026-04-15,L7,RANGE_NORMAL_60_120,CLOSE_POS_LOWER_THIRD,ROWS_STANDARD_9_10,4790.68,PREV_CLOSE_PROXY,,NEUTRAL,4763.58,20.0,5.0,MODE_B_EMA_CHANNEL_DIRECTION_HEAVY,1.0,4770.115,4770.115,4770.115,0.0,6.535,0.0,0.0,red_box_quarter::red_box_2_75pct,MODE_B_EMA_CHANNEL_DIRECTION_HEAVY,4770.115,6.535,0.0,0.0,red_box_quarter::red_box_2_75pct,MODE_B_EMA_CHANNEL_DIRECTION_HEAVY,REGIME_LEVEL_EXACT,36.611333,1.0,4770.115,4770.115,4770.115,0.0,6.535,0.0,0.0,red_box_quarter::red_box_2_75pct,0.0,0.0,0.0,ORACLE_WITHIN_10,ORACLE_ONLY_REDUCES_ERROR_NOT_WITHIN_5,0.0,0.0,0.0,0.0,0.0,0.0
2026-04-17,2026-04-16,L4,RANGE_NORMAL_60_120,CLOSE_POS_LOWER_THIRD,ROWS_STANDARD_9_10,4790.78,PREV_CLOSE_PROXY,,NEUTRAL,4859.83,15.0,5.0,MODE_C_BALANCED,1.0,4820.245,4820.245,4820.245,0.0,39.585,0.0,0.0,green_box_edge::green_edge_1,MODE_C_BALANCED,4820.245,39.585,0.0,0.0,green_box_edge::green_edge_1,MODE_A_LIVE_PROXIMITY_HEAVY,REGIME_LEVEL_EXACT,26.661625,1.0,4820.245,4820.245,4820.245,0.0,39.585,0.0,0.0,green_box_edge::green_edge_1,0.0,0.0,0.0,ORACLE_GT10_CANDIDATE_GENERATION_FAIL,CANDIDATE_GENERATION_FAILURE_GT10,0.0,0.0,0.0,0.0,0.0,1.0
2026-04-17,2026-04-16,L5,RANGE_NORMAL_60_120,CLOSE_POS_LOWER_THIRD,ROWS_STANDARD_9_10,4790.78,PREV_CLOSE_PROXY,,NEUTRAL,4822.32,15.0,5.0,MODE_C_BALANCED,2.0,4808.20125,4808.20125,4808.20125,0.0,14.11875,0.0,0.0,green_box_quarter::green_box_1_75pct,MODE_C_BALANCED,4798.290416,24.029583,0.0,0.0,green_box_midline::green_mid_1 | prior_range_fraction::prev_range_0.382 | prior_hlc::previous_pivot_hlc3,MODE_B_EMA_CHANNEL_DIRECTION_HEAVY,REGIME_LEVEL_EXACT,26.162342,1.0,4798.290416,4796.1575,4800.423333,4.265833,24.029583,0.0,0.0,green_box_midline::green_mid_1 | prior_range_fraction::prev_range_0.382 | prior_hlc::previous_pivot_hlc3,9.910833,0.0,9.910833,ORACLE_GT10_CANDIDATE_GENERATION_FAIL,CANDIDATE_GENERATION_FAILURE_GT10,0.0,0.0,0.0,0.0,0.0,1.0
2026-04-17,2026-04-16,L6,RANGE_NORMAL_60_120,CLOSE_POS_LOWER_THIRD,ROWS_STANDARD_9_10,4790.78,PREV_CLOSE_PROXY,,NEUTRAL,4789.02,15.0,5.0,MODE_C_BALANCED,1.0,4781.1575,4778.20125,4784.11375,5.9125,7.8625,0.0,0.0,red_box_quarter::red_box_2_25pct | prior_range_fraction::prev_range_0.125 | green_box_quarter::green_box_1_25pct,MODE_C_BALANCED,4781.1575,7.8625,0.0,0.0,red_box_quarter::red_box_2_25pct | prior_range_fraction::prev_range_0.125 | green_box_quarter::green_box_1_25pct,MODE_C_BALANCED,REGIME_LEVEL_EXACT,43.219417,1.0,4781.1575,4778.20125,4784.11375,5.9125,7.8625,0.0,0.0,red_box_quarter::red_box_2_25pct | prior_range_fraction::prev_range_0.125 | green_box_quarter::green_box_1_25pct,0.0,0.0,0.0,ORACLE_WITHIN_10,ORACLE_ONLY_REDUCES_ERROR_NOT_WITHIN_5,0.0,0.0,0.0,0.0,0.0,0.0
2026-04-17,2026-04-16,L7,RANGE_NORMAL_60_120,CLOSE_POS_LOWER_THIRD,ROWS_STANDARD_9_10,4790.78,PREV_CLOSE_PROXY,,NEUTRAL,4747.74,20.0,5.0,MODE_D_NEAREST_VALID_LADDER,1.0,4754.11375,4754.11375,4754.11375,0.0,6.37375,0.0,0.0,red_box_quarter::red_box_2_75pct,MODE_D_NEAREST_VALID_LADDER,4754.11375,6.37375,0.0,0.0,red_box_quarter::red_box_2_75pct,MODE_B_EMA_CHANNEL_DIRECTION_HEAVY,REGIME_LEVEL_EXACT,37.706333,1.0,4772.07,4772.07,4772.07,0.0,24.33,0.0,0.0,prior_hlc::previous_low,17.95625,17.95625,0.0,ORACLE_WITHIN_10,ORACLE_ONLY_REDUCES_ERROR_NOT_WITHIN_5,0.0,0.0,0.0,0.0,0.0,0.0
2026-04-20,2026-04-17,L4,RANGE_WIDE_120_220,CLOSE_POS_MIDDLE_THIRD,ROWS_STANDARD_9_10,4832.42,PREV_CLOSE_PROXY,,NEUTRAL,4884.09,25.0,5.0,MODE_C_BALANCED,1.0,4876.095,4876.095,4876.095,0.0,7.995,0.0,0.0,prior_range_fraction::prev_range_0.875,MODE_C_BALANCED,4876.095,7.995,0.0,0.0,prior_range_fraction::prev_range_0.875,MODE_B_EMA_CHANNEL_DIRECTION_HEAVY,REGIME_LEVEL_EXACT,29.911292,1.0,4876.095,4876.095,4876.095,0.0,7.995,0.0,0.0,prior_range_fraction::prev_range_0.875,0.0,0.0,0.0,ORACLE_WITHIN_10,ORACLE_ONLY_REDUCES_ERROR_NOT_WITHIN_5,0.0,0.0,0.0,0.0,0.0,0.0
2026-04-20,2026-04-17,L5,RANGE_WIDE_120_220,CLOSE_POS_MIDDLE_THIRD,ROWS_STANDARD_9_10,4832.42,PREV_CLOSE_PROXY,,NEUTRAL,4846.45,15.0,5.0,MODE_C_BALANCED,1.0,4853.07,4853.07,4853.07,0.0,6.62,0.0,0.0,red_box_midline::red_mid_1,MODE_C_BALANCED,4853.07,6.62,0.0,0.0,red_box_midline::red_mid_1,MODE_A_LIVE_PROXIMITY_HEAVY,REGIME_LEVEL_EXACT,20.438667,1.0,4853.07,4853.07,4853.07,0.0,6.62,0.0,0.0,red_box_midline::red_mid_1,0.0,0.0,0.0,ORACLE_WITHIN_10,ORACLE_ONLY_REDUCES_ERROR_NOT_WITHIN_5,0.0,0.0,0.0,0.0,0.0,0.0
2026-04-20,2026-04-17,L6,RANGE_WIDE_120_220,CLOSE_POS_MIDDLE_THIRD,ROWS_STANDARD_9_10,4832.42,PREV_CLOSE_PROXY,,NEUTRAL,4808.63,25.0,5.0,MODE_D_NEAREST_VALID_LADDER,1.0,4814.8644,4814.8644,4814.8644,0.0,6.2344,0.0,0.0,prior_range_fraction::prev_range_0.382,MODE_D_NEAREST_VALID_LADDER,4814.8644,6.2344,0.0,0.0,prior_range_fraction::prev_range_0.382,MODE_C_BALANCED,REGIME_LEVEL_EXACT,23.781654,1.0,4795.245,4795.245,4795.245,0.0,13.385,0.0,0.0,red_box_quarter::red_box_2_25pct,7.1506,7.1506,0.0,ORACLE_WITHIN_10,ORACLE_ONLY_REDUCES_ERROR_NOT_WITHIN_5,0.0,0.0,0.0,0.0,0.0,0.0
2026-04-20,2026-04-17,L7,RANGE_WIDE_120_220,CLOSE_POS_MIDDLE_THIRD,ROWS_STANDARD_9_10,4832.42,PREV_CLOSE_PROXY,,NEUTRAL,4772.29,20.0,5.0,MODE_E_SPACING_PRESERVATION,1.0,4767.42,4767.42,4767.42,0.0,4.87,0.0,1.0,prior_hlc::previous_low,MODE_E_SPACING_PRESERVATION,4767.42,4.87,0.0,1.0,prior_hlc::previous_low,MODE_D_NEAREST_VALID_LADDER,REGIME_LEVEL_EXACT,16.841042,1.0,4767.42,4767.42,4767.42,0.0,4.87,0.0,1.0,prior_hlc::previous_low,0.0,0.0,0.0,ORACLE_WITHIN_5,ROUTER_ACCEPTABLE_WITHIN_5,0.0,1.0,0.0,0.0,0.0,0.0
2026-04-21,2026-04-20,L4,RANGE_NORMAL_60_120,CLOSE_POS_UPPER_THIRD,ROWS_STANDARD_9_10,4820.66,PREV_CLOSE_PROXY,,NEUTRAL,4875.42,25.0,5.0,MODE_B_EMA_CHANNEL_DIRECTION_HEAVY,2.0,4842.5325,4842.5325,4842.5325,0.0,32.8875,0.0,0.0,green_box_quarter::green_box_2_75pct,MODE_B_EMA_CHANNEL_DIRECTION_HEAVY,4827.465,47.955,0.0,0.0,green_box_midline::green_mid_2,MODE_A_LIVE_PROXIMITY_HEAVY,REGIME_LEVEL_EXACT,55.872551,1.0,4827.465,4827.465,4827.465,0.0,47.955,0.0,0.0,green_box_midline::green_mid_2,15.0675,0.0,15.0675,ORACLE_GT10_CANDIDATE_GENERATION_FAIL,CANDIDATE_GENERATION_FAILURE_GT10,0.0,0.0,0.0,0.0,0.0,1.0
2026-04-21,2026-04-20,L5,RANGE_NORMAL_60_120,CLOSE_POS_UPPER_THIRD,ROWS_STANDARD_9_10,4820.66,PREV_CLOSE_PROXY,,NEUTRAL,4831.95,15.0,5.0,MODE_C_BALANCED,1.0,4814.34,4812.3975,4816.2825,3.885,17.61,0.0,0.0,green_box_quarter::green_box_2_25pct | red_box_quarter::red_box_1_25pct | prior_range_fraction::prev_range_0.875,MODE_C_BALANCED,4814.34,17.61,0.0,0.0,green_box_quarter::green_box_2_25pct | red_box_quarter::red_box_1_25pct | prior_range_fraction::prev_range_0.875,MODE_A_LIVE_PROXIMITY_HEAVY,REGIME_LEVEL_EXACT,59.594768,1.0,4814.34,4812.3975,4816.2825,3.885,17.61,0.0,0.0,green_box_quarter::green_box_2_25pct | red_box_quarter::red_box_1_25pct | prior_range_fraction::prev_range_0.875,0.0,0.0,0.0,ORACLE_GT10_CANDIDATE_GENERATION_FAIL,CANDIDATE_GENERATION_FAILURE_GT10,0.0,0.0,0.0,0.0,0.0,1.0
2026-04-21,2026-04-20,L6,RANGE_NORMAL_60_120,CLOSE_POS_UPPER_THIRD,ROWS_STANDARD_9_10,4820.66,PREV_CLOSE_PROXY,,NEUTRAL,4784.68,15.0,5.0,MODE_C_BALANCED,1.0,4782.29625,4782.2625,4782.33,0.0675,2.38375,1.0,1.0,green_box_quarter::green_box_1_75pct | prior_hlc::previous_mid,MODE_C_BALANCED,4782.29625,2.38375,1.0,1.0,green_box_quarter::green_box_1_75pct | prior_hlc::previous_mid,MODE_A_LIVE_PROXIMITY_HEAVY,REGIME_LEVEL_EXACT,57.75402,1.0,4797.442515,4797.42003,4797.465,0.04497,12.762515,0.0,0.0,prior_range_fraction::prev_range_0.666667 | red_box_midline::red_mid_1,10.378765,10.378765,0.0,ORACLE_WITHIN_3,MODE_SELECTION_FAILURE,1.0,1.0,1.0,1.0,0.0,0.0
2026-04-21,2026-04-20,L7,RANGE_NORMAL_60_120,CLOSE_POS_UPPER_THIRD,ROWS_STANDARD_9_10,4820.66,PREV_CLOSE_PROXY,,NEUTRAL,4743.45,15.0,5.0,MODE_C_BALANCED,1.0,4750.32,4748.3775,4752.2625,3.885,6.87,0.0,0.0,prior_range_fraction::prev_range_0.125 | green_box_quarter::green_box_1_25pct | red_box_quarter::red_box_2_25pct,MODE_C_BALANCED,4750.32,6.87,0.0,0.0,prior_range_fraction::prev_range_0.125 | green_box_quarter::green_box_1_25pct | red_box_quarter::red_box_2_25pct,MODE_B_EMA_CHANNEL_DIRECTION_HEAVY,REGIME_LEVEL_EXACT,57.314768,1.0,4750.32,4748.3775,4752.2625,3.885,6.87,0.0,0.0,prior_range_fraction::prev_range_0.125 | green_box_quarter::green_box_1_25pct | red_box_quarter::red_box_2_25pct,0.0,0.0,0.0,ORACLE_WITHIN_10,ORACLE_ONLY_REDUCES_ERROR_NOT_WITHIN_5,0.0,0.0,0.0,0.0,0.0,0.0
2026-04-22,2026-04-21,L4,RANGE_WIDE_120_220,CLOSE_POS_LOWER_THIRD,ROWS_STANDARD_9_10,4720.06,PREV_CLOSE_PROXY,,NEUTRAL,4780.53,20.0,5.0,MODE_C_BALANCED,1.0,4770.33876,4770.33876,4770.33876,0.0,10.19124,0.0,0.0,prior_range_fraction::prev_range_0.618,MODE_C_BALANCED,4770.33876,10.19124,0.0,0.0,prior_range_fraction::prev_range_0.618,MODE_A_LIVE_PROXIMITY_HEAVY,REGIME_LEVEL_EXACT,19.73995,1.0,4770.33876,4770.33876,4770.33876,0.0,10.19124,0.0,0.0,prior_range_fraction::prev_range_0.618,0.0,0.0,0.0,ORACLE_GT10_CANDIDATE_GENERATION_FAIL,CANDIDATE_GENERATION_FAILURE_GT10,0.0,0.0,0.0,0.0,0.0,1.0
2026-04-22,2026-04-21,L5,RANGE_WIDE_120_220,CLOSE_POS_LOWER_THIRD,ROWS_STANDARD_9_10,4720.06,PREV_CLOSE_PROXY,,NEUTRAL,4740.11,15.0,5.0,MODE_C_BALANCED,1.0,4738.251667,4735.89,4740.613333,4.723333,1.858333,1.0,1.0,red_box_edge::red_edge_1 | prior_hlc::previous_pivot_hlc3,MODE_C_BALANCED,4738.251667,1.858333,1.0,1.0,red_box_edge::red_edge_1 | prior_hlc::previous_pivot_hlc3,MODE_A_LIVE_PROXIMITY_HEAVY,REGIME_LEVEL_EXACT,21.202,1.0,4738.251667,4735.89,4740.613333,4.723333,1.858333,1.0,1.0,red_box_edge::red_edge_1 | prior_hlc::previous_pivot_hlc3,0.0,0.0,0.0,ORACLE_WITHIN_3,ROUTER_ACCEPTABLE_WITHIN_5,1.0,1.0,0.0,0.0,0.0,0.0
2026-04-22,2026-04-21,L6,RANGE_WIDE_120_220,CLOSE_POS_LOWER_THIRD,ROWS_STANDARD_9_10,4720.06,PREV_CLOSE_PROXY,,NEUTRAL,4694.87,20.0,5.0,MODE_C_BALANCED,1.0,4687.185,4687.185,4687.185,0.0,7.685,0.0,0.0,red_box_midline::red_mid_2,MODE_C_BALANCED,4687.185,7.685,0.0,0.0,red_box_midline::red_mid_2,MODE_A_LIVE_PROXIMITY_HEAVY,REGIME_LEVEL_EXACT,28.11475,1.0,4687.185,4687.185,4687.185,0.0,7.685,0.0,0.0,red_box_midline::red_mid_2,0.0,0.0,0.0,ORACLE_WITHIN_10,ORACLE_ONLY_REDUCES_ERROR_NOT_WITHIN_5,0.0,0.0,0.0,0.0,0.0,0.0
2026-04-22,2026-04-21,L7,RANGE_WIDE_120_220,CLOSE_POS_LOWER_THIRD,ROWS_STANDARD_9_10,4720.06,PREV_CLOSE_PROXY,,NEUTRAL,4636.73,15.0,5.0,MODE_C_BALANCED,1.0,4638.48,4638.48,4638.48,0.0,1.75,1.0,1.0,red_box_edge::red_edge_2,MODE_C_BALANCED,4638.48,1.75,1.0,1.0,red_box_edge::red_edge_2,MODE_A_LIVE_PROXIMITY_HEAVY,REGIME_LEVEL_EXACT,41.238667,1.0,4638.48,4638.48,4638.48,0.0,1.75,1.0,1.0,red_box_edge::red_edge_2,0.0,0.0,0.0,ORACLE_WITHIN_3,ROUTER_ACCEPTABLE_WITHIN_5,1.0,1.0,0.0,0.0,0.0,0.0
2026-04-23,2026-04-22,L4,RANGE_COMPRESSED_0_60,CLOSE_POS_MIDDLE_THIRD,ROWS_EXTENDED_11_PLUS,4740.18,PREV_CLOSE_PROXY,,NEUTRAL,4873.73,15.0,5.0,MODE_D_NEAREST_VALID_LADDER,1.0,4772.34,4772.34,4772.34,0.0,101.39,0.0,0.0,prior_hlc::previous_high,MODE_D_NEAREST_VALID_LADDER,4772.34,101.39,0.0,0.0,prior_hlc::previous_high,MODE_A_LIVE_PROXIMITY_HEAVY,LEVEL_ONLY,61.060973,1.0,4772.34,4772.34,4772.34,0.0,101.39,0.0,0.0,prior_hlc::previous_high,0.0,0.0,0.0,ORACLE_GT10_CANDIDATE_GENERATION_FAIL,CANDIDATE_GENERATION_FAILURE_GT10,0.0,0.0,0.0,0.0,0.0,1.0
2026-04-23,2026-04-22,L5,RANGE_COMPRESSED_0_60,CLOSE_POS_MIDDLE_THIRD,ROWS_EXTENDED_11_PLUS,4740.18,PREV_CLOSE_PROXY,,NEUTRAL,4832.75,25.0,5.0,MODE_C_BALANCED,1.0,4758.16,4758.16,4758.16,0.0,74.59,0.0,0.0,prior_range_fraction::prev_range_0.75,MODE_C_BALANCED,4758.16,74.59,0.0,0.0,prior_range_fraction::prev_range_0.75,MODE_A_LIVE_PROXIMITY_HEAVY,LEVEL_ONLY,61.231908,1.0,4758.16,4758.16,4758.16,0.0,74.59,0.0,0.0,prior_range_fraction::prev_range_0.75,0.0,0.0,0.0,ORACLE_GT10_CANDIDATE_GENERATION_FAIL,CANDIDATE_GENERATION_FAILURE_GT10,0.0,0.0,0.0,0.0,0.0,1.0
2026-04-23,2026-04-22,L6,RANGE_COMPRESSED_0_60,CLOSE_POS_MIDDLE_THIRD,ROWS_EXTENDED_11_PLUS,4740.18,PREV_CLOSE_PROXY,,NEUTRAL,4783.45,20.0,5.0,MODE_D_NEAREST_VALID_LADDER,1.0,4716.88,4715.62,4718.14,2.52,66.57,0.0,0.0,prior_hlc::previous_low | red_box_quarter::red_box_2_25pct,MODE_D_NEAREST_VALID_LADDER,4716.88,66.57,0.0,0.0,prior_hlc::previous_low | red_box_quarter::red_box_2_25pct,MODE_D_NEAREST_VALID_LADDER,LEVEL_ONLY,60.718322,1.0,4716.88,4715.62,4718.14,2.52,66.57,0.0,0.0,prior_hlc::previous_low | red_box_quarter::red_box_2_25pct,0.0,0.0,0.0,ORACLE_GT10_CANDIDATE_GENERATION_FAIL,CANDIDATE_GENERATION_FAILURE_GT10,0.0,0.0,0.0,0.0,0.0,1.0
2026-04-23,2026-04-22,L7,RANGE_COMPRESSED_0_60,CLOSE_POS_MIDDLE_THIRD,ROWS_EXTENDED_11_PLUS,4740.18,PREV_CLOSE_PROXY,,NEUTRAL,4740.92,20.0,5.0,MODE_D_NEAREST_VALID_LADDER,1.0,4685.62,4685.62,4685.62,0.0,55.3,0.0,0.0,red_box_edge::red_edge_2,MODE_D_NEAREST_VALID_LADDER,4685.62,55.3,0.0,0.0,red_box_edge::red_edge_2,MODE_C_BALANCED,LEVEL_ONLY,56.729266,1.0,4685.62,4685.62,4685.62,0.0,55.3,0.0,0.0,red_box_edge::red_edge_2,0.0,0.0,0.0,ORACLE_GT10_CANDIDATE_GENERATION_FAIL,CANDIDATE_GENERATION_FAILURE_GT10,0.0,0.0,0.0,0.0,0.0,1.0
2026-04-24,2026-04-23,L4,RANGE_NORMAL_60_120,CLOSE_POS_MIDDLE_THIRD,ROWS_STANDARD_9_10,4694.36,PREV_CLOSE_PROXY,,NEUTRAL,4799.5,15.0,5.0,MODE_D_NEAREST_VALID_LADDER,2.0,4754.0,4754.0,4754.0,0.0,45.5,0.0,0.0,green_box_midline::green_mid_2,MODE_C_BALANCED,4740.825,58.675,0.0,0.0,red_box_quarter::red_box_1_25pct | green_box_quarter::green_box_2_25pct | prior_range_fraction::prev_range_0.875,MODE_E_SPACING_PRESERVATION,REGIME_LEVEL_EXACT,56.640104,1.0,4740.825,4738.95,4742.7,3.75,58.675,0.0,0.0,red_box_quarter::red_box_1_25pct | green_box_quarter::green_box_2_25pct | prior_range_fraction::prev_range_0.875,13.175,0.0,13.175,ORACLE_GT10_CANDIDATE_GENERATION_FAIL,CANDIDATE_GENERATION_FAILURE_GT10,0.0,0.0,0.0,0.0,0.0,1.0
2026-04-24,2026-04-23,L5,RANGE_NORMAL_60_120,CLOSE_POS_MIDDLE_THIRD,ROWS_STANDARD_9_10,4694.36,PREV_CLOSE_PROXY,,NEUTRAL,4769.97,15.0,5.0,MODE_B_EMA_CHANNEL_DIRECTION_HEAVY,1.0,4724.1,4724.1,4724.1,0.0,45.87,0.0,0.0,green_box_edge::green_edge_1,MODE_B_EMA_CHANNEL_DIRECTION_HEAVY,4724.1,45.87,0.0,0.0,green_box_edge::green_edge_1,MODE_A_LIVE_PROXIMITY_HEAVY,REGIME_LEVEL_EXACT,49.93595,1.0,4706.668333,4704.186667,4709.15,4.963333,63.301667,0.0,0.0,prior_hlc::previous_pivot_hlc3 | green_box_quarter::green_box_1_75pct,17.431667,17.431667,0.0,ORACLE_GT10_CANDIDATE_GENERATION_FAIL,CANDIDATE_GENERATION_FAILURE_GT10,0.0,0.0,0.0,0.0,0.0,1.0
2026-04-24,2026-04-23,L6,RANGE_NORMAL_60_120,CLOSE_POS_MIDDLE_THIRD,ROWS_STANDARD_9_10,4694.36,PREV_CLOSE_PROXY,,NEUTRAL,4737.93,15.0,5.0,MODE_C_BALANCED,3.0,4709.1,4709.1,4709.1,0.0,28.83,0.0,0.0,prior_hlc::previous_mid,MODE_C_BALANCED,4696.3136,41.6164,0.0,0.0,red_box_edge::red_edge_1 | prior_hlc::previous_close | prior_range_fraction::prev_range_0.382,MODE_B_EMA_CHANNEL_DIRECTION_HEAVY,REGIME_LEVEL_EXACT,45.621259,1.0,4686.7,4686.7,4686.7,0.0,51.23,0.0,0.0,prior_range_fraction::prev_range_0.25,22.4,9.6136,12.7864,ORACLE_GT10_CANDIDATE_GENERATION_FAIL,CANDIDATE_GENERATION_FAILURE_GT10,0.0,0.0,0.0,0.0,0.0,1.0
2026-04-24,2026-04-23,L7,RANGE_NORMAL_60_120,CLOSE_POS_MIDDLE_THIRD,ROWS_STANDARD_9_10,4694.36,PREV_CLOSE_PROXY,,NEUTRAL,4699.63,20.0,5.0,MODE_C_BALANCED,2.0,4694.1,4694.1,4694.1,0.0,5.53,0.0,0.0,red_box_edge::red_edge_1,MODE_C_BALANCED,4679.2,20.43,0.0,0.0,red_box_quarter::red_box_2_25pct | green_box_quarter::green_box_1_25pct,MODE_B_EMA_CHANNEL_DIRECTION_HEAVY,REGIME_LEVEL_EXACT,39.671542,1.0,4679.2,4679.15,4679.25,0.1,20.43,0.0,0.0,red_box_quarter::red_box_2_25pct | green_box_quarter::green_box_1_25pct,14.9,0.0,14.9,ORACLE_WITHIN_10,ORACLE_ONLY_REDUCES_ERROR_NOT_WITHIN_5,0.0,0.0,0.0,0.0,0.0,0.0
2026-04-27,2026-04-24,L4,RANGE_NORMAL_60_120,CLOSE_POS_MIDDLE_THIRD,ROWS_EXTENDED_11_PLUS,4707.26,PREV_CLOSE_PROXY,,NEUTRAL,4789.79,10.0,5.0,MODE_D_NEAREST_VALID_LADDER,1.0,4741.315,4740.4,4742.23,1.83,48.475,0.0,0.0,prior_hlc::previous_high | green_box_midline::green_mid_2,MODE_D_NEAREST_VALID_LADDER,4741.315,48.475,0.0,0.0,prior_hlc::previous_high | green_box_midline::green_mid_2,MODE_E_SPACING_PRESERVATION,REGIME_LEVEL_BROAD,63.232029,1.0,4726.315,4726.315,4726.315,0.0,63.475,0.0,0.0,red_box_quarter::red_box_1_25pct,15.0,15.0,0.0,ORACLE_GT10_CANDIDATE_GENERATION_FAIL,CANDIDATE_GENERATION_FAILURE_GT10,0.0,0.0,0.0,0.0,0.0,1.0
2026-04-27,2026-04-24,L5,RANGE_NORMAL_60_120,CLOSE_POS_MIDDLE_THIRD,ROWS_EXTENDED_11_PLUS,4707.26,PREV_CLOSE_PROXY,,NEUTRAL,4758.08,5.0,5.0,MODE_C_BALANCED,1.0,4700.884166,4699.975,4701.793333,1.818333,57.195833,0.0,0.0,green_box_quarter::green_box_1_75pct | prior_hlc::previous_pivot_hlc3,MODE_C_BALANCED,4700.884166,57.195833,0.0,0.0,green_box_quarter::green_box_1_75pct | prior_hlc::previous_pivot_hlc3,MODE_A_LIVE_PROXIMITY_HEAVY,REGIME_LEVEL_BROAD,63.568064,1.0,4700.884166,4699.975,4701.793333,1.818333,57.195833,0.0,0.0,green_box_quarter::green_box_1_75pct | prior_hlc::previous_pivot_hlc3,0.0,0.0,0.0,ORACLE_GT10_CANDIDATE_GENERATION_FAIL,CANDIDATE_GENERATION_FAILURE_GT10,0.0,0.0,0.0,0.0,0.0,1.0
2026-04-27,2026-04-24,L6,RANGE_NORMAL_60_120,CLOSE_POS_MIDDLE_THIRD,ROWS_EXTENDED_11_PLUS,4707.26,PREV_CLOSE_PROXY,,NEUTRAL,4722.56,10.0,5.0,MODE_C_BALANCED,1.0,4670.89,4669.975,4671.805,1.83,51.67,0.0,0.0,red_box_quarter::red_box_2_25pct | green_box_quarter::green_box_1_25pct,MODE_C_BALANCED,4670.89,51.67,0.0,0.0,red_box_quarter::red_box_2_25pct | green_box_quarter::green_box_1_25pct,MODE_A_LIVE_PROXIMITY_HEAVY,REGIME_LEVEL_BROAD,57.561795,1.0,4670.89,4669.975,4671.805,1.83,51.67,0.0,0.0,red_box_quarter::red_box_2_25pct | green_box_quarter::green_box_1_25pct,0.0,0.0,0.0,ORACLE_GT10_CANDIDATE_GENERATION_FAIL,CANDIDATE_GENERATION_FAILURE_GT10,0.0,0.0,0.0,0.0,0.0,1.0
2026-04-27,2026-04-24,L7,RANGE_NORMAL_60_120,CLOSE_POS_MIDDLE_THIRD,ROWS_EXTENDED_11_PLUS,4707.26,PREV_CLOSE_PROXY,,NEUTRAL,4688.57,10.0,5.0,MODE_B_EMA_CHANNEL_DIRECTION_HEAVY,1.0,4641.805,4641.805,4641.805,0.0,46.765,0.0,0.0,red_box_quarter::red_box_2_75pct,MODE_B_EMA_CHANNEL_DIRECTION_HEAVY,4641.805,46.765,0.0,0.0,red_box_quarter::red_box_2_75pct,MODE_B_EMA_CHANNEL_DIRECTION_HEAVY,REGIME_LEVEL_BROAD,54.479478,1.0,4641.805,4641.805,4641.805,0.0,46.765,0.0,0.0,red_box_quarter::red_box_2_75pct,0.0,0.0,0.0,ORACLE_GT10_CANDIDATE_GENERATION_FAIL,CANDIDATE_GENERATION_FAILURE_GT10,0.0,0.0,0.0,0.0,0.0,1.0
2026-04-28,2026-04-27,L4,RANGE_NORMAL_60_120,CLOSE_POS_LOWER_THIRD,ROWS_STANDARD_9_10,4681.76,PREV_CLOSE_PROXY,,NEUTRAL,4724.59,20.0,5.0,MODE_C_BALANCED,1.0,4713.63,4713.63,4713.63,0.0,10.96,0.0,0.0,green_box_edge::green_edge_1,MODE_C_BALANCED,4713.63,10.96,0.0,0.0,green_box_edge::green_edge_1,MODE_A_LIVE_PROXIMITY_HEAVY,REGIME_LEVEL_EXACT,26.693917,1.0,4713.63,4713.63,4713.63,0.0,10.96,0.0,0.0,green_box_edge::green_edge_1,0.0,0.0,0.0,ORACLE_GT10_CANDIDATE_GENERATION_FAIL,CANDIDATE_GENERATION_FAILURE_GT10,0.0,0.0,0.0,0.0,0.0,1.0
2026-04-28,2026-04-27,L5,RANGE_NORMAL_60_120,CLOSE_POS_LOWER_THIRD,ROWS_STANDARD_9_10,4681.76,PREV_CLOSE_PROXY,,NEUTRAL,4687.0,15.0,5.0,MODE_C_BALANCED,1.0,4691.700834,4690.395,4693.006667,2.611667,4.700834,0.0,1.0,green_box_midline::green_mid_1 | prior_range_fraction::prev_range_0.382 | prior_hlc::previous_pivot_hlc3,MODE_C_BALANCED,4691.700834,4.700834,0.0,1.0,green_box_midline::green_mid_1 | prior_range_fraction::prev_range_0.382 | prior_hlc::previous_pivot_hlc3,MODE_B_EMA_CHANNEL_DIRECTION_HEAVY,REGIME_LEVEL_EXACT,26.854167,1.0,4691.700834,4690.395,4693.006667,2.611667,4.700834,0.0,1.0,green_box_midline::green_mid_1 | prior_range_fraction::prev_range_0.382 | prior_hlc::previous_pivot_hlc3,0.0,0.0,0.0,ORACLE_WITHIN_5,ROUTER_ACCEPTABLE_WITHIN_5,0.0,1.0,0.0,0.0,0.0,0.0
2026-04-28,2026-04-27,L6,RANGE_NORMAL_60_120,CLOSE_POS_LOWER_THIRD,ROWS_STANDARD_9_10,4681.76,PREV_CLOSE_PROXY,,NEUTRAL,4642.74,10.0,5.0,MODE_B_EMA_CHANNEL_DIRECTION_HEAVY,2.0,4637.16,4637.16,4637.16,0.0,5.58,0.0,0.0,red_box_edge::red_edge_2,MODE_C_BALANCED,4677.45375,34.71375,0.0,0.0,red_box_quarter::red_box_2_25pct | prior_range_fraction::prev_range_0.125 | green_box_quarter::green_box_1_25pct | prior_range_fraction::prev_range_0.25,MODE_C_BALANCED,REGIME_LEVEL_EXACT,43.449167,1.0,4677.45375,4672.0125,4682.895,10.8825,34.71375,0.0,0.0,red_box_quarter::red_box_2_25pct | prior_range_fraction::prev_range_0.125 | green_box_quarter::green_box_1_25pct | prior_range_fraction::prev_range_0.25,29.13375,0.0,29.13375,ORACLE_WITHIN_10,ORACLE_ONLY_REDUCES_ERROR_NOT_WITHIN_5,0.0,0.0,0.0,0.0,0.0,0.0
2026-04-28,2026-04-27,L7,RANGE_NORMAL_60_120,CLOSE_POS_LOWER_THIRD,ROWS_STANDARD_9_10,4681.76,PREV_CLOSE_PROXY,,NEUTRAL,4609.63,25.0,5.0,MODE_B_EMA_CHANNEL_DIRECTION_HEAVY,4.0,4613.925,4613.925,4613.925,0.0,4.295,0.0,1.0,red_box_midline::red_mid_3,MODE_D_NEAREST_VALID_LADDER,4648.7775,39.1475,0.0,0.0,red_box_quarter::red_box_2_75pct,MODE_A_LIVE_PROXIMITY_HEAVY,REGIME_LEVEL_EXACT,39.134667,1.0,4648.7775,4648.7775,4648.7775,0.0,39.1475,0.0,0.0,red_box_quarter::red_box_2_75pct,34.8525,0.0,34.8525,ORACLE_WITHIN_5,CANDIDATE_RANKING_FAILURE_LOWER_RANK_CANDIDATE,0.0,1.0,1.0,0.0,1.0,0.0
2026-04-29,2026-04-28,L4,RANGE_WIDE_120_220,CLOSE_POS_LOWER_THIRD,ROWS_STANDARD_9_10,4597.2,PREV_CLOSE_PROXY,,NEUTRAL,4646.78,25.0,5.0,MODE_C_BALANCED,1.0,4645.40116,4645.40116,4645.40116,0.0,1.37884,1.0,1.0,prior_range_fraction::prev_range_0.618,MODE_C_BALANCED,4645.40116,1.37884,1.0,1.0,prior_range_fraction::prev_range_0.618,MODE_A_LIVE_PROXIMITY_HEAVY,REGIME_LEVEL_EXACT,21.678283,1.0,4645.40116,4645.40116,4645.40116,0.0,1.37884,1.0,1.0,prior_range_fraction::prev_range_0.618,0.0,0.0,0.0,ORACLE_WITHIN_3,ROUTER_ACCEPTABLE_WITHIN_5,1.0,1.0,0.0,0.0,0.0,0.0
2026-04-29,2026-04-28,L5,RANGE_WIDE_120_220,CLOSE_POS_LOWER_THIRD,ROWS_STANDARD_9_10,4597.2,PREV_CLOSE_PROXY,,NEUTRAL,4603.92,15.0,5.0,MODE_C_BALANCED,2.0,4597.2,4597.2,4597.2,0.0,6.72,0.0,0.0,prior_hlc::previous_close,MODE_C_BALANCED,4615.45,11.53,0.0,0.0,red_box_edge::red_edge_1 | prior_hlc::previous_pivot_hlc3,MODE_A_LIVE_PROXIMITY_HEAVY,REGIME_LEVEL_EXACT,28.208667,1.0,4615.45,4613.1,4617.8,4.7,11.53,0.0,0.0,red_box_edge::red_edge_1 | prior_hlc::previous_pivot_hlc3,4.81,0.0,4.81,ORACLE_WITHIN_10,ORACLE_ONLY_REDUCES_ERROR_NOT_WITHIN_5,0.0,0.0,0.0,0.0,0.0,0.0
2026-04-29,2026-04-28,L6,RANGE_WIDE_120_220,CLOSE_POS_LOWER_THIRD,ROWS_STANDARD_9_10,4597.2,PREV_CLOSE_PROXY,,NEUTRAL,4561.81,25.0,5.0,MODE_D_NEAREST_VALID_LADDER,3.0,4554.79,4554.79,4554.79,0.0,7.02,0.0,0.0,prior_hlc::previous_low,MODE_C_BALANCED,4568.945,7.135,0.0,0.0,red_box_midline::red_mid_2,MODE_A_LIVE_PROXIMITY_HEAVY,REGIME_LEVEL_EXACT,30.512167,1.0,4568.945,4568.945,4568.945,0.0,7.135,0.0,0.0,red_box_midline::red_mid_2,0.115,0.0,0.115,ORACLE_WITHIN_10,ORACLE_ONLY_REDUCES_ERROR_NOT_WITHIN_5,0.0,0.0,0.0,0.0,0.0,0.0
2026-04-29,2026-04-28,L7,RANGE_WIDE_120_220,CLOSE_POS_LOWER_THIRD,ROWS_STANDARD_9_10,4597.2,PREV_CLOSE_PROXY,,NEUTRAL,4527.79,15.0,5.0,MODE_C_BALANCED,1.0,4524.79,4524.79,4524.79,0.0,3.0,1.0,1.0,red_box_edge::red_edge_2,MODE_C_BALANCED,4524.79,3.0,1.0,1.0,red_box_edge::red_edge_2,MODE_A_LIVE_PROXIMITY_HEAVY,REGIME_LEVEL_EXACT,49.248667,1.0,4524.79,4524.79,4524.79,0.0,3.0,1.0,1.0,red_box_edge::red_edge_2,0.0,0.0,0.0,ORACLE_WITHIN_3,ROUTER_ACCEPTABLE_WITHIN_5,1.0,1.0,0.0,0.0,0.0,0.0
2026-04-30,2026-04-29,L4,RANGE_NORMAL_60_120,CLOSE_POS_LOWER_THIRD,ROWS_STANDARD_9_10,4543.48,PREV_CLOSE_PROXY,,NEUTRAL,4639.2,15.0,5.0,MODE_C_BALANCED,1.0,4591.54,4591.54,4591.54,0.0,47.66,0.0,0.0,green_box_quarter::green_box_2_25pct,MODE_C_BALANCED,4591.54,47.66,0.0,0.0,green_box_quarter::green_box_2_25pct,MODE_A_LIVE_PROXIMITY_HEAVY,REGIME_LEVEL_EXACT,28.994958,1.0,4591.54,4591.54,4591.54,0.0,47.66,0.0,0.0,green_box_quarter::green_box_2_25pct,0.0,0.0,0.0,ORACLE_GT10_CANDIDATE_GENERATION_FAIL,CANDIDATE_GENERATION_FAILURE_GT10,0.0,0.0,0.0,0.0,0.0,1.0
2026-04-30,2026-04-29,L5,RANGE_NORMAL_60_120,CLOSE_POS_LOWER_THIRD,ROWS_STANDARD_9_10,4543.48,PREV_CLOSE_PROXY,,NEUTRAL,4599.33,15.0,5.0,MODE_C_BALANCED,1.0,4585.29,4585.29,4585.29,0.0,14.04,0.0,0.0,prior_range_fraction::prev_range_0.75,MODE_C_BALANCED,4585.29,14.04,0.0,0.0,prior_range_fraction::prev_range_0.75,MODE_B_EMA_CHANNEL_DIRECTION_HEAVY,REGIME_LEVEL_EXACT,32.870676,1.0,4585.29,4585.29,4585.29,0.0,14.04,0.0,0.0,prior_range_fraction::prev_range_0.75,0.0,0.0,0.0,ORACLE_GT10_CANDIDATE_GENERATION_FAIL,CANDIDATE_GENERATION_FAILURE_GT10,0.0,0.0,0.0,0.0,0.0,1.0
2026-04-30,2026-04-29,L6,RANGE_NORMAL_60_120,CLOSE_POS_LOWER_THIRD,ROWS_STANDARD_9_10,4543.48,PREV_CLOSE_PROXY,,NEUTRAL,4555.58,15.0,5.0,MODE_C_BALANCED,2.0,4535.29,4535.29,4535.29,0.0,20.29,0.0,0.0,prior_range_fraction::prev_range_0.25,MODE_C_BALANCED,4525.915,29.665,0.0,0.0,prior_range_fraction::prev_range_0.125 | green_box_quarter::green_box_1_25pct | red_box_quarter::red_box_2_25pct,MODE_C_BALANCED,REGIME_LEVEL_EXACT,42.377333,1.0,4525.915,4522.79,4529.04,6.25,29.665,0.0,0.0,prior_range_fraction::prev_range_0.125 | green_box_quarter::green_box_1_25pct | red_box_quarter::red_box_2_25pct,9.375,0.0,9.375,ORACLE_GT10_CANDIDATE_GENERATION_FAIL,CANDIDATE_GENERATION_FAILURE_GT10,0.0,0.0,0.0,0.0,0.0,1.0
2026-04-30,2026-04-29,L7,RANGE_NORMAL_60_120,CLOSE_POS_LOWER_THIRD,ROWS_STANDARD_9_10,4543.48,PREV_CLOSE_PROXY,,NEUTRAL,4521.25,25.0,5.0,MODE_B_EMA_CHANNEL_DIRECTION_HEAVY,2.0,4510.29,4510.29,4510.29,0.0,10.96,0.0,0.0,prior_hlc::previous_low,MODE_B_EMA_CHANNEL_DIRECTION_HEAVY,4496.54,24.71,0.0,0.0,red_box_quarter::red_box_2_75pct,MODE_B_EMA_CHANNEL_DIRECTION_HEAVY,REGIME_LEVEL_EXACT,33.298333,1.0,4496.54,4496.54,4496.54,0.0,24.71,0.0,0.0,red_box_quarter::red_box_2_75pct,13.75,0.0,13.75,ORACLE_GT10_CANDIDATE_GENERATION_FAIL,CANDIDATE_GENERATION_FAILURE_GT10,0.0,0.0,0.0,0.0,0.0,1.0
2026-05-01,2026-04-30,L4,RANGE_NORMAL_60_120,CLOSE_POS_UPPER_THIRD,ROWS_STANDARD_9_10,4621.76,PREV_CLOSE_PROXY,,NEUTRAL,4640.24,25.0,5.0,MODE_B_EMA_CHANNEL_DIRECTION_HEAVY,1.0,4642.49,4642.49,4642.49,0.0,2.25,1.0,1.0,green_box_midline::green_mid_2,MODE_B_EMA_CHANNEL_DIRECTION_HEAVY,4642.49,2.25,1.0,1.0,green_box_midline::green_mid_2,MODE_B_EMA_CHANNEL_DIRECTION_HEAVY,REGIME_LEVEL_EXACT,56.531375,1.0,4642.49,4642.49,4642.49,0.0,2.25,1.0,1.0,green_box_midline::green_mid_2,0.0,0.0,0.0,ORACLE_WITHIN_3,ROUTER_ACCEPTABLE_WITHIN_5,1.0,1.0,0.0,0.0,0.0,0.0
2026-05-01,2026-04-30,L5,RANGE_NORMAL_60_120,CLOSE_POS_UPPER_THIRD,ROWS_STANDARD_9_10,4621.76,PREV_CLOSE_PROXY,,NEUTRAL,4599.79,15.0,5.0,MODE_C_BALANCED,2.0,4608.12,4608.12,4608.12,0.0,8.33,0.0,0.0,green_box_edge::green_edge_1,MODE_C_BALANCED,4629.365,29.575,0.0,0.0,green_box_quarter::green_box_2_25pct | red_box_quarter::red_box_1_25pct | prior_range_fraction::prev_range_0.875,MODE_A_LIVE_PROXIMITY_HEAVY,REGIME_LEVEL_EXACT,60.286125,1.0,4629.365,4625.305,4633.425,8.12,29.575,0.0,0.0,green_box_quarter::green_box_2_25pct | red_box_quarter::red_box_1_25pct | prior_range_fraction::prev_range_0.875,21.245,0.0,21.245,ORACLE_WITHIN_10,ORACLE_ONLY_REDUCES_ERROR_NOT_WITHIN_5,0.0,0.0,0.0,0.0,0.0,0.0
2026-05-01,2026-04-30,L6,RANGE_NORMAL_60_120,CLOSE_POS_UPPER_THIRD,ROWS_STANDARD_9_10,4621.76,PREV_CLOSE_PROXY,,NEUTRAL,4556.84,10.0,5.0,MODE_C_BALANCED,1.0,4593.12,4590.935,4595.305,4.37,36.28,0.0,0.0,green_box_quarter::green_box_1_75pct | prior_hlc::previous_mid | red_box_quarter::red_box_1_75pct,MODE_C_BALANCED,4593.12,36.28,0.0,0.0,green_box_quarter::green_box_1_75pct | prior_hlc::previous_mid | red_box_quarter::red_box_1_75pct,MODE_A_LIVE_PROXIMITY_HEAVY,REGIME_LEVEL_EXACT,58.351912,1.0,4593.12,4590.935,4595.305,4.37,36.28,0.0,0.0,green_box_quarter::green_box_1_75pct | prior_hlc::previous_mid | red_box_quarter::red_box_1_75pct,0.0,0.0,0.0,ORACLE_GT10_CANDIDATE_GENERATION_FAIL,CANDIDATE_GENERATION_FAILURE_GT10,0.0,0.0,0.0,0.0,0.0,1.0
2026-05-01,2026-04-30,L7,RANGE_NORMAL_60_120,CLOSE_POS_UPPER_THIRD,ROWS_STANDARD_9_10,4621.76,PREV_CLOSE_PROXY,,NEUTRAL,4517.48,15.0,5.0,MODE_C_BALANCED,1.0,4556.875,4552.815,4560.935,8.12,39.395,0.0,0.0,prior_range_fraction::prev_range_0.125 | green_box_quarter::green_box_1_25pct | red_box_quarter::red_box_2_25pct,MODE_C_BALANCED,4556.875,39.395,0.0,0.0,prior_range_fraction::prev_range_0.125 | green_box_quarter::green_box_1_25pct | red_box_quarter::red_box_2_25pct,MODE_B_EMA_CHANNEL_DIRECTION_HEAVY,REGIME_LEVEL_EXACT,58.7655,1.0,4556.875,4552.815,4560.935,8.12,39.395,0.0,0.0,prior_range_fraction::prev_range_0.125 | green_box_quarter::green_box_1_25pct | red_box_quarter::red_box_2_25pct,0.0,0.0,0.0,ORACLE_GT10_CANDIDATE_GENERATION_FAIL,CANDIDATE_GENERATION_FAILURE_GT10,0.0,0.0,0.0,0.0,0.0,1.0
2026-05-04,2026-05-01,L4,RANGE_NORMAL_60_120,CLOSE_POS_MIDDLE_THIRD,ROWS_STANDARD_9_10,4615.53,PREV_CLOSE_PROXY,,NEUTRAL,4645.95,20.0,5.0,MODE_C_BALANCED,1.0,4642.8125,4641.55875,4644.06625,2.5075,3.1375,0.0,1.0,green_box_quarter::green_box_2_25pct | red_box_quarter::red_box_1_25pct,MODE_C_BALANCED,4642.8125,3.1375,0.0,1.0,green_box_quarter::green_box_2_25pct | red_box_quarter::red_box_1_25pct,MODE_E_SPACING_PRESERVATION,REGIME_LEVEL_EXACT,56.63515,1.0,4642.8125,4641.55875,4644.06625,2.5075,3.1375,0.0,1.0,green_box_quarter::green_box_2_25pct | red_box_quarter::red_box_1_25pct,0.0,0.0,0.0,ORACLE_WITHIN_5,ROUTER_ACCEPTABLE_WITHIN_5,0.0,1.0,0.0,0.0,0.0,0.0
2026-05-04,2026-05-01,L5,RANGE_NORMAL_60_120,CLOSE_POS_MIDDLE_THIRD,ROWS_STANDARD_9_10,4615.53,PREV_CLOSE_PROXY,,NEUTRAL,4606.0,25.0,5.0,MODE_C_BALANCED,2.0,4609.05125,4609.05125,4609.05125,0.0,3.05125,0.0,1.0,green_box_quarter::green_box_1_75pct,MODE_C_BALANCED,4625.305,19.305,0.0,0.0,green_box_edge::green_edge_1,MODE_A_LIVE_PROXIMITY_HEAVY,REGIME_LEVEL_EXACT,49.574201,1.0,4625.305,4625.305,4625.305,0.0,19.305,0.0,0.0,green_box_edge::green_edge_1,16.25375,0.0,16.25375,ORACLE_WITHIN_5,CANDIDATE_RANKING_FAILURE_LOWER_RANK_CANDIDATE,0.0,1.0,1.0,0.0,1.0,0.0
2026-05-04,2026-05-01,L6,RANGE_NORMAL_60_120,CLOSE_POS_MIDDLE_THIRD,ROWS_STANDARD_9_10,4615.53,PREV_CLOSE_PROXY,,NEUTRAL,4565.35,20.0,5.0,MODE_C_BALANCED,1.0,4596.90323,4595.305,4598.50146,3.19646,31.55323,0.0,0.0,red_box_edge::red_edge_1 | prior_range_fraction::prev_range_0.382,MODE_C_BALANCED,4596.90323,31.55323,0.0,0.0,red_box_edge::red_edge_1 | prior_range_fraction::prev_range_0.382,MODE_B_EMA_CHANNEL_DIRECTION_HEAVY,REGIME_LEVEL_EXACT,45.710804,1.0,4596.90323,4595.305,4598.50146,3.19646,31.55323,0.0,0.0,red_box_edge::red_edge_1 | prior_range_fraction::prev_range_0.382,0.0,0.0,0.0,ORACLE_GT10_CANDIDATE_GENERATION_FAIL,CANDIDATE_GENERATION_FAILURE_GT10,0.0,0.0,0.0,0.0,0.0,1.0
2026-05-04,2026-05-01,L7,RANGE_NORMAL_60_120,CLOSE_POS_MIDDLE_THIRD,ROWS_STANDARD_9_10,4615.53,PREV_CLOSE_PROXY,,NEUTRAL,4522.79,20.0,5.0,MODE_B_EMA_CHANNEL_DIRECTION_HEAVY,3.0,4514.03625,4514.03625,4514.03625,0.0,8.75375,0.0,0.0,red_box_quarter::red_box_3_25pct,MODE_C_BALANCED,4579.05125,56.26125,0.0,0.0,red_box_quarter::red_box_2_25pct,MODE_B_EMA_CHANNEL_DIRECTION_HEAVY,REGIME_LEVEL_EXACT,43.098554,1.0,4579.05125,4579.05125,4579.05125,0.0,56.26125,0.0,0.0,red_box_quarter::red_box_2_25pct,47.5075,0.0,47.5075,ORACLE_WITHIN_10,ORACLE_ONLY_REDUCES_ERROR_NOT_WITHIN_5,0.0,0.0,0.0,0.0,0.0,0.0
2026-05-05,2026-05-04,L4,RANGE_WIDE_120_220,CLOSE_POS_LOWER_THIRD,ROWS_EXTENDED_11_PLUS,4523.73,PREV_CLOSE_PROXY,,NEUTRAL,4636.32,15.0,5.0,MODE_B_EMA_CHANNEL_DIRECTION_HEAVY,1.0,4638.5,4638.5,4638.5,0.0,2.18,1.0,1.0,prior_hlc::previous_high,MODE_B_EMA_CHANNEL_DIRECTION_HEAVY,4638.5,2.18,1.0,1.0,prior_hlc::previous_high,MODE_A_LIVE_PROXIMITY_HEAVY,REGIME_LEVEL_BROAD,29.656617,1.0,4534.985,4534.985,4534.985,0.0,101.335,0.0,0.0,prior_range_fraction::prev_range_0.25,99.155,99.155,0.0,ORACLE_WITHIN_3,MODE_SELECTION_FAILURE,1.0,1.0,1.0,1.0,0.0,0.0
2026-05-05,2026-05-04,L5,RANGE_WIDE_120_220,CLOSE_POS_LOWER_THIRD,ROWS_EXTENDED_11_PLUS,4523.73,PREV_CLOSE_PROXY,,NEUTRAL,4598.4,15.0,5.0,MODE_B_EMA_CHANNEL_DIRECTION_HEAVY,1.0,4603.995,4603.995,4603.995,0.0,5.595,0.0,0.0,prior_range_fraction::prev_range_0.75,MODE_B_EMA_CHANNEL_DIRECTION_HEAVY,4603.995,5.595,0.0,0.0,prior_range_fraction::prev_range_0.75,MODE_A_LIVE_PROXIMITY_HEAVY,REGIME_LEVEL_BROAD,31.118667,1.0,4512.485,4512.485,4512.485,0.0,85.915,0.0,0.0,red_box_midline::red_mid_2,80.32,80.32,0.0,ORACLE_WITHIN_10,ORACLE_ONLY_REDUCES_ERROR_NOT_WITHIN_5,0.0,0.0,0.0,0.0,0.0,0.0
2026-05-05,2026-05-04,L6,RANGE_WIDE_120_220,CLOSE_POS_LOWER_THIRD,ROWS_EXTENDED_11_PLUS,4523.73,PREV_CLOSE_PROXY,,NEUTRAL,4558.99,15.0,5.0,MODE_C_BALANCED,2.0,4569.49,4569.49,4569.49,0.0,10.5,0.0,0.0,prior_hlc::previous_mid,MODE_D_NEAREST_VALID_LADDER,4523.73,35.26,0.0,0.0,prior_hlc::previous_close,MODE_A_LIVE_PROXIMITY_HEAVY,REGIME_LEVEL_BROAD,34.443098,1.0,4523.73,4523.73,4523.73,0.0,35.26,0.0,0.0,prior_hlc::previous_close,24.76,0.0,24.76,ORACLE_GT10_CANDIDATE_GENERATION_FAIL,CANDIDATE_GENERATION_FAILURE_GT10,0.0,0.0,0.0,0.0,0.0,1.0
2026-05-05,2026-05-04,L7,RANGE_WIDE_120_220,CLOSE_POS_LOWER_THIRD,ROWS_EXTENDED_11_PLUS,4523.73,PREV_CLOSE_PROXY,,NEUTRAL,4518.42,15.0,5.0,MODE_A_LIVE_PROXIMITY_HEAVY,2.0,4542.485,4542.485,4542.485,0.0,24.065,0.0,0.0,green_box_midline::green_mid_1,MODE_B_EMA_CHANNEL_DIRECTION_HEAVY,4491.4825,26.9375,0.0,0.0,red_box_quarter::red_box_2_75pct,MODE_A_LIVE_PROXIMITY_HEAVY,REGIME_LEVEL_BROAD,46.341167,1.0,4491.4825,4491.4825,4491.4825,0.0,26.9375,0.0,0.0,red_box_quarter::red_box_2_75pct,2.8725,0.0,2.8725,ORACLE_GT10_CANDIDATE_GENERATION_FAIL,CANDIDATE_GENERATION_FAILURE_GT10,0.0,0.0,0.0,0.0,0.0,1.0
2026-05-06,2026-05-05,L4,RANGE_NORMAL_60_120,CLOSE_POS_MIDDLE_THIRD,ROWS_STANDARD_9_10,4557.19,PREV_CLOSE_PROXY,,NEUTRAL,4644.75,20.0,5.0,MODE_B_EMA_CHANNEL_DIRECTION_HEAVY,4.0,4629.5575,4629.5575,4629.5575,0.0,15.1925,0.0,0.0,green_box_quarter::green_box_3_25pct,MODE_D_NEAREST_VALID_LADDER,4590.925,53.825,0.0,0.0,green_box_midline::green_mid_2,MODE_E_SPACING_PRESERVATION,REGIME_LEVEL_EXACT,59.459549,1.0,4575.925,4573.8025,4578.0475,4.245,68.825,0.0,0.0,red_box_quarter::red_box_1_25pct | green_box_quarter::green_box_2_25pct,53.6325,15.0,38.6325,ORACLE_GT10_CANDIDATE_GENERATION_FAIL,CANDIDATE_GENERATION_FAILURE_GT10,0.0,0.0,0.0,0.0,0.0,1.0
2026-05-06,2026-05-05,L5,RANGE_NORMAL_60_120,CLOSE_POS_MIDDLE_THIRD,ROWS_STANDARD_9_10,4557.19,PREV_CLOSE_PROXY,,NEUTRAL,4601.04,20.0,5.0,MODE_B_EMA_CHANNEL_DIRECTION_HEAVY,2.0,4603.8025,4603.8025,4603.8025,0.0,2.7625,1.0,1.0,green_box_quarter::green_box_2_75pct,MODE_C_BALANCED,4565.17,35.87,0.0,0.0,green_box_edge::green_edge_1,MODE_A_LIVE_PROXIMITY_HEAVY,REGIME_LEVEL_EXACT,50.060597,1.0,4565.17,4565.17,4565.17,0.0,35.87,0.0,0.0,green_box_edge::green_edge_1,33.1075,0.0,33.1075,ORACLE_WITHIN_3,CANDIDATE_RANKING_FAILURE_LOWER_RANK_CANDIDATE,1.0,1.0,1.0,0.0,1.0,0.0
2026-05-06,2026-05-05,L6,RANGE_NORMAL_60_120,CLOSE_POS_MIDDLE_THIRD,ROWS_STANDARD_9_10,4557.19,PREV_CLOSE_PROXY,,NEUTRAL,4556.82,25.0,5.0,MODE_D_NEAREST_VALID_LADDER,4.0,4557.19,4557.19,4557.19,0.0,0.37,1.0,1.0,prior_hlc::previous_close,MODE_C_BALANCED,4550.17,6.65,0.0,0.0,prior_hlc::previous_mid,MODE_B_EMA_CHANNEL_DIRECTION_HEAVY,REGIME_LEVEL_EXACT,45.721675,1.0,4550.17,4550.17,4550.17,0.0,6.65,0.0,0.0,prior_hlc::previous_mid,6.28,0.0,6.28,ORACLE_WITHIN_3,CANDIDATE_RANKING_FAILURE_LOWER_RANK_CANDIDATE,1.0,1.0,1.0,0.0,1.0,0.0
2026-05-06,2026-05-05,L7,RANGE_NORMAL_60_120,CLOSE_POS_MIDDLE_THIRD,ROWS_STANDARD_9_10,4557.19,PREV_CLOSE_PROXY,,NEUTRAL,4510.42,25.0,5.0,MODE_C_BALANCED,1.0,4522.2925,4522.2925,4522.2925,0.0,11.8725,0.0,0.0,red_box_quarter::red_box_2_25pct,MODE_C_BALANCED,4522.2925,11.8725,0.0,0.0,red_box_quarter::red_box_2_25pct,MODE_B_EMA_CHANNEL_DIRECTION_HEAVY,REGIME_LEVEL_EXACT,41.275708,1.0,4522.2925,4522.2925,4522.2925,0.0,11.8725,0.0,0.0,red_box_quarter::red_box_2_25pct,0.0,0.0,0.0,ORACLE_GT10_CANDIDATE_GENERATION_FAIL,CANDIDATE_GENERATION_FAILURE_GT10,0.0,0.0,0.0,0.0,0.0,1.0
2026-05-07,2026-05-06,L4,RANGE_WIDE_120_220,CLOSE_POS_UPPER_THIRD,ROWS_STANDARD_9_10,4690.84,PREV_CLOSE_PROXY,,NEUTRAL,4728.08,10.0,5.0,MODE_B_EMA_CHANNEL_DIRECTION_HEAVY,2.0,4753.06,4753.06,4753.06,0.0,24.98,0.0,0.0,green_box_edge::green_edge_2,MODE_B_EMA_CHANNEL_DIRECTION_HEAVY,4778.8975,50.8175,0.0,0.0,green_box_quarter::green_box_3_25pct,MODE_A_LIVE_PROXIMITY_HEAVY,REGIME_LEVEL_BROAD,48.279897,1.0,4778.8975,4778.8975,4778.8975,0.0,50.8175,0.0,0.0,green_box_quarter::green_box_3_25pct,25.8375,0.0,25.8375,ORACLE_GT10_CANDIDATE_GENERATION_FAIL,CANDIDATE_GENERATION_FAILURE_GT10,0.0,0.0,0.0,0.0,0.0,1.0
2026-05-07,2026-05-06,L5,RANGE_WIDE_120_220,CLOSE_POS_UPPER_THIRD,ROWS_STANDARD_9_10,4690.84,PREV_CLOSE_PROXY,,NEUTRAL,4678.95,15.0,5.0,MODE_C_BALANCED,1.0,4701.385,4701.385,4701.385,0.0,22.435,0.0,0.0,green_box_midline::green_mid_2,MODE_C_BALANCED,4701.385,22.435,0.0,0.0,green_box_midline::green_mid_2,MODE_A_LIVE_PROXIMITY_HEAVY,REGIME_LEVEL_BROAD,48.723147,1.0,4701.385,4701.385,4701.385,0.0,22.435,0.0,0.0,green_box_midline::green_mid_2,0.0,0.0,0.0,ORACLE_GT10_CANDIDATE_GENERATION_FAIL,CANDIDATE_GENERATION_FAILURE_GT10,0.0,0.0,0.0,0.0,0.0,1.0
2026-05-07,2026-05-06,L6,RANGE_WIDE_120_220,CLOSE_POS_UPPER_THIRD,ROWS_STANDARD_9_10,4690.84,PREV_CLOSE_PROXY,,NEUTRAL,4638.72,20.0,5.0,MODE_C_BALANCED,1.0,4653.42,4653.42,4653.42,0.0,14.7,0.0,0.0,prior_hlc::previous_pivot_hlc3,MODE_C_BALANCED,4653.42,14.7,0.0,0.0,prior_hlc::previous_pivot_hlc3,MODE_A_LIVE_PROXIMITY_HEAVY,REGIME_LEVEL_BROAD,32.511724,1.0,4653.42,4653.42,4653.42,0.0,14.7,0.0,0.0,prior_hlc::previous_pivot_hlc3,0.0,0.0,0.0,ORACLE_GT10_CANDIDATE_GENERATION_FAIL,CANDIDATE_GENERATION_FAILURE_GT10,0.0,0.0,0.0,0.0,0.0,1.0
2026-05-07,2026-05-06,L7,RANGE_WIDE_120_220,CLOSE_POS_UPPER_THIRD,ROWS_STANDARD_9_10,4690.84,PREV_CLOSE_PROXY,,NEUTRAL,4599.88,15.0,5.0,MODE_C_BALANCED,1.0,4623.8725,4623.8725,4623.8725,0.0,23.9925,0.0,0.0,green_box_quarter::green_box_1_75pct,MODE_C_BALANCED,4623.8725,23.9925,0.0,0.0,green_box_quarter::green_box_1_75pct,MODE_A_LIVE_PROXIMITY_HEAVY,REGIME_LEVEL_BROAD,21.641417,1.0,4623.8725,4623.8725,4623.8725,0.0,23.9925,0.0,0.0,green_box_quarter::green_box_1_75pct,0.0,0.0,0.0,ORACLE_GT10_CANDIDATE_GENERATION_FAIL,CANDIDATE_GENERATION_FAILURE_GT10,0.0,0.0,0.0,0.0,0.0,1.0
2026-05-08,2026-05-07,L4,RANGE_NORMAL_60_120,CLOSE_POS_LOWER_THIRD,ROWS_STANDARD_9_10,4687.08,PREV_CLOSE_PROXY,,NEUTRAL,4730.4,25.0,5.0,MODE_C_BALANCED,2.0,4726.31625,4726.31625,4726.31625,0.0,4.08375,0.0,1.0,green_box_quarter::green_box_1_75pct,MODE_C_BALANCED,4740.015,9.615,0.0,0.0,green_box_edge::green_edge_1,MODE_A_LIVE_PROXIMITY_HEAVY,REGIME_LEVEL_EXACT,29.02725,1.0,4740.015,4740.015,4740.015,0.0,9.615,0.0,0.0,green_box_edge::green_edge_1,5.53125,0.0,5.53125,ORACLE_WITHIN_5,CANDIDATE_RANKING_FAILURE_LOWER_RANK_CANDIDATE,0.0,1.0,1.0,0.0,1.0,0.0
2026-05-08,2026-05-07,L5,RANGE_NORMAL_60_120,CLOSE_POS_LOWER_THIRD,ROWS_STANDARD_9_10,4687.08,PREV_CLOSE_PROXY,,NEUTRAL,4682.05,20.0,5.0,MODE_D_NEAREST_VALID_LADDER,1.0,4696.31625,4696.31625,4696.31625,0.0,14.26625,0.0,0.0,red_box_quarter::red_box_2_25pct,MODE_D_NEAREST_VALID_LADDER,4696.31625,14.26625,0.0,0.0,red_box_quarter::red_box_2_25pct,MODE_B_EMA_CHANNEL_DIRECTION_HEAVY,REGIME_LEVEL_EXACT,34.026073,1.0,4712.183737,4711.749973,4712.6175,0.867527,30.133736,0.0,0.0,prior_range_fraction::prev_range_0.333333 | green_box_midline::green_mid_1,15.867486,15.867486,0.0,ORACLE_GT10_CANDIDATE_GENERATION_FAIL,CANDIDATE_GENERATION_FAILURE_GT10,0.0,0.0,0.0,0.0,0.0,1.0
2026-05-08,2026-05-07,L6,RANGE_NORMAL_60_120,CLOSE_POS_LOWER_THIRD,ROWS_STANDARD_9_10,4687.08,PREV_CLOSE_PROXY,,NEUTRAL,4635.49,15.0,5.0,MODE_C_BALANCED,1.0,4697.04375,4695.16875,4698.91875,3.75,61.55375,0.0,0.0,prior_range_fraction::prev_range_0.125 | red_box_quarter::red_box_2_25pct | green_box_quarter::green_box_1_25pct,MODE_C_BALANCED,4697.04375,61.55375,0.0,0.0,prior_range_fraction::prev_range_0.125 | red_box_quarter::red_box_2_25pct | green_box_quarter::green_box_1_25pct,MODE_C_BALANCED,REGIME_LEVEL_EXACT,41.583278,1.0,4697.04375,4695.16875,4698.91875,3.75,61.55375,0.0,0.0,prior_range_fraction::prev_range_0.125 | red_box_quarter::red_box_2_25pct | green_box_quarter::green_box_1_25pct,0.0,0.0,0.0,ORACLE_GT10_CANDIDATE_GENERATION_FAIL,CANDIDATE_GENERATION_FAILURE_GT10,0.0,0.0,0.0,0.0,0.0,1.0
2026-05-08,2026-05-07,L7,RANGE_NORMAL_60_120,CLOSE_POS_LOWER_THIRD,ROWS_STANDARD_9_10,4687.08,PREV_CLOSE_PROXY,,NEUTRAL,4595.54,25.0,5.0,MODE_B_EMA_CHANNEL_DIRECTION_HEAVY,1.0,4600.425,4600.425,4600.425,0.0,4.885,0.0,1.0,red_box_edge::red_edge_3,MODE_B_EMA_CHANNEL_DIRECTION_HEAVY,4600.425,4.885,0.0,1.0,red_box_edge::red_edge_3,MODE_B_EMA_CHANNEL_DIRECTION_HEAVY,REGIME_LEVEL_EXACT,29.790889,1.0,4600.425,4600.425,4600.425,0.0,4.885,0.0,1.0,red_box_edge::red_edge_3,0.0,0.0,0.0,ORACLE_WITHIN_5,ROUTER_ACCEPTABLE_WITHIN_5,0.0,1.0,0.0,0.0,0.0,0.0
2026-05-11,2026-05-08,L4,RANGE_NORMAL_60_120,CLOSE_POS_MIDDLE_THIRD,ROWS_STANDARD_9_10,4715.62,PREV_CLOSE_PROXY,,NEUTRAL,4790.81,20.0,5.0,MODE_B_EMA_CHANNEL_DIRECTION_HEAVY,4.0,4792.13375,4792.13375,4792.13375,0.0,1.32375,1.0,1.0,green_box_quarter::green_box_3_25pct,MODE_D_NEAREST_VALID_LADDER,4753.9325,36.8775,0.0,0.0,green_box_midline::green_mid_2,MODE_E_SPACING_PRESERVATION,REGIME_LEVEL_EXACT,59.510279,1.0,4738.9325,4736.66625,4741.19875,4.5325,51.8775,0.0,0.0,red_box_quarter::red_box_1_25pct | green_box_quarter::green_box_2_25pct,50.55375,15.0,35.55375,ORACLE_WITHIN_3,CANDIDATE_RANKING_FAILURE_LOWER_RANK_CANDIDATE,1.0,1.0,1.0,0.0,1.0,0.0
2026-05-11,2026-05-08,L5,RANGE_NORMAL_60_120,CLOSE_POS_MIDDLE_THIRD,ROWS_STANDARD_9_10,4715.62,PREV_CLOSE_PROXY,,NEUTRAL,4756.62,15.0,5.0,MODE_C_BALANCED,1.0,4728.465,4728.465,4728.465,0.0,28.155,0.0,0.0,green_box_edge::green_edge_1,MODE_C_BALANCED,4728.465,28.155,0.0,0.0,green_box_edge::green_edge_1,MODE_A_LIVE_PROXIMITY_HEAVY,REGIME_LEVEL_EXACT,50.607193,1.0,4728.465,4728.465,4728.465,0.0,28.155,0.0,0.0,green_box_edge::green_edge_1,0.0,0.0,0.0,ORACLE_GT10_CANDIDATE_GENERATION_FAIL,CANDIDATE_GENERATION_FAILURE_GT10,0.0,0.0,0.0,0.0,0.0,1.0
2026-05-11,2026-05-08,L6,RANGE_NORMAL_60_120,CLOSE_POS_MIDDLE_THIRD,ROWS_STANDARD_9_10,4715.62,PREV_CLOSE_PROXY,,NEUTRAL,4721.87,20.0,5.0,MODE_A_LIVE_PROXIMITY_HEAVY,2.0,4714.5425,4713.465,4715.62,2.155,7.3275,0.0,0.0,prior_hlc::previous_mid | prior_hlc::previous_close,MODE_C_BALANCED,4698.465,23.405,0.0,0.0,red_box_edge::red_edge_1,MODE_B_EMA_CHANNEL_DIRECTION_HEAVY,REGIME_LEVEL_EXACT,47.393982,1.0,4698.465,4698.465,4698.465,0.0,23.405,0.0,0.0,red_box_edge::red_edge_1,16.0775,0.0,16.0775,ORACLE_WITHIN_10,ORACLE_ONLY_REDUCES_ERROR_NOT_WITHIN_5,0.0,0.0,0.0,0.0,0.0,0.0
2026-05-11,2026-05-08,L7,RANGE_NORMAL_60_120,CLOSE_POS_MIDDLE_THIRD,ROWS_STANDARD_9_10,4715.62,PREV_CLOSE_PROXY,,NEUTRAL,4684.33,25.0,5.0,MODE_C_BALANCED,1.0,4685.73125,4685.73125,4685.73125,0.0,1.40125,1.0,1.0,red_box_quarter::red_box_2_25pct,MODE_C_BALANCED,4685.73125,1.40125,1.0,1.0,red_box_quarter::red_box_2_25pct,MODE_B_EMA_CHANNEL_DIRECTION_HEAVY,REGIME_LEVEL_EXACT,44.781732,1.0,4685.73125,4685.73125,4685.73125,0.0,1.40125,1.0,1.0,red_box_quarter::red_box_2_25pct,0.0,0.0,0.0,ORACLE_WITHIN_3,ROUTER_ACCEPTABLE_WITHIN_5,1.0,1.0,0.0,0.0,0.0,0.0
2026-05-12,2026-05-11,L4,RANGE_NORMAL_60_120,CLOSE_POS_UPPER_THIRD,ROWS_STANDARD_9_10,4734.64,PREV_CLOSE_PROXY,,NEUTRAL,4786.09,25.0,5.0,MODE_D_NEAREST_VALID_LADDER,1.0,4794.82625,4794.82625,4794.82625,0.0,8.73625,0.0,0.0,green_box_quarter::green_box_3_25pct,MODE_D_NEAREST_VALID_LADDER,4794.82625,8.73625,0.0,0.0,green_box_quarter::green_box_3_25pct,MODE_A_LIVE_PROXIMITY_HEAVY,REGIME_LEVEL_EXACT,59.240667,1.0,4794.82625,4794.82625,4794.82625,0.0,8.73625,0.0,0.0,green_box_quarter::green_box_3_25pct,0.0,0.0,0.0,ORACLE_WITHIN_10,ORACLE_ONLY_REDUCES_ERROR_NOT_WITHIN_5,0.0,0.0,0.0,0.0,0.0,0.0
2026-05-12,2026-05-11,L5,RANGE_NORMAL_60_120,CLOSE_POS_UPPER_THIRD,ROWS_STANDARD_9_10,4734.64,PREV_CLOSE_PROXY,,NEUTRAL,4752.28,15.0,5.0,MODE_C_BALANCED,1.0,4732.8125,4729.64125,4735.98375,6.3425,19.4675,0.0,0.0,green_box_quarter::green_box_2_25pct | red_box_quarter::red_box_1_25pct | prior_range_fraction::prev_range_0.875,MODE_C_BALANCED,4732.8125,19.4675,0.0,0.0,green_box_quarter::green_box_2_25pct | red_box_quarter::red_box_1_25pct | prior_range_fraction::prev_range_0.875,MODE_A_LIVE_PROXIMITY_HEAVY,REGIME_LEVEL_EXACT,61.007917,1.0,4732.8125,4729.64125,4735.98375,6.3425,19.4675,0.0,0.0,green_box_quarter::green_box_2_25pct | red_box_quarter::red_box_1_25pct | prior_range_fraction::prev_range_0.875,0.0,0.0,0.0,ORACLE_GT10_CANDIDATE_GENERATION_FAIL,CANDIDATE_GENERATION_FAILURE_GT10,0.0,0.0,0.0,0.0,0.0,1.0
2026-05-12,2026-05-11,L6,RANGE_NORMAL_60_120,CLOSE_POS_UPPER_THIRD,ROWS_STANDARD_9_10,4734.64,PREV_CLOSE_PROXY,,NEUTRAL,4717.37,15.0,5.0,MODE_D_NEAREST_VALID_LADDER,1.0,4715.505434,4715.073367,4715.9375,0.864133,1.864566,1.0,1.0,prior_range_fraction::prev_range_0.666667 | red_box_midline::red_mid_1,MODE_D_NEAREST_VALID_LADDER,4715.505434,1.864566,1.0,1.0,prior_range_fraction::prev_range_0.666667 | red_box_midline::red_mid_1,MODE_A_LIVE_PROXIMITY_HEAVY,REGIME_LEVEL_EXACT,58.975167,1.0,4715.505434,4715.073367,4715.9375,0.864133,1.864566,1.0,1.0,prior_range_fraction::prev_range_0.666667 | red_box_midline::red_mid_1,0.0,0.0,0.0,ORACLE_WITHIN_3,ROUTER_ACCEPTABLE_WITHIN_5,1.0,1.0,0.0,0.0,0.0,0.0
2026-05-12,2026-05-11,L7,RANGE_NORMAL_60_120,CLOSE_POS_UPPER_THIRD,ROWS_STANDARD_9_10,4734.64,PREV_CLOSE_PROXY,,NEUTRAL,4680.73,15.0,5.0,MODE_C_BALANCED,1.0,4673.2525,4673.2525,4673.2525,0.0,7.4775,0.0,0.0,prior_range_fraction::prev_range_0.25,MODE_C_BALANCED,4673.2525,7.4775,0.0,0.0,prior_range_fraction::prev_range_0.25,MODE_B_EMA_CHANNEL_DIRECTION_HEAVY,REGIME_LEVEL_EXACT,58.917667,1.0,4663.8775,4660.70625,4667.04875,6.3425,16.8525,0.0,0.0,prior_range_fraction::prev_range_0.125 | green_box_quarter::green_box_1_25pct | red_box_quarter::red_box_2_25pct,9.375,9.375,0.0,ORACLE_WITHIN_10,ORACLE_ONLY_REDUCES_ERROR_NOT_WITHIN_5,0.0,0.0,0.0,0.0,0.0,0.0
2026-05-13,2026-05-12,L4,RANGE_WIDE_120_220,CLOSE_POS_MIDDLE_THIRD,ROWS_STANDARD_9_10,4715.15,PREV_CLOSE_PROXY,,NEUTRAL,4786.09,25.0,5.0,MODE_D_NEAREST_VALID_LADDER,1.0,4782.8225,4782.8225,4782.8225,0.0,3.2675,0.0,1.0,green_box_quarter::green_box_2_75pct,MODE_D_NEAREST_VALID_LADDER,4782.8225,3.2675,0.0,1.0,green_box_quarter::green_box_2_75pct,MODE_B_EMA_CHANNEL_DIRECTION_HEAVY,REGIME_LEVEL_EXACT,31.400652,1.0,4756.5725,4756.5725,4756.5725,0.0,29.5175,0.0,0.0,prior_range_fraction::prev_range_0.875,26.25,26.25,0.0,ORACLE_WITHIN_5,MODE_SELECTION_FAILURE,0.0,1.0,1.0,1.0,0.0,0.0
2026-05-13,2026-05-12,L5,RANGE_WIDE_120_220,CLOSE_POS_MIDDLE_THIRD,ROWS_STANDARD_9_10,4715.15,PREV_CLOSE_PROXY,,NEUTRAL,4746.53,25.0,5.0,MODE_B_EMA_CHANNEL_DIRECTION_HEAVY,2.0,4756.5725,4756.5725,4756.5725,0.0,10.0425,0.0,0.0,prior_range_fraction::prev_range_0.875,MODE_C_BALANCED,4732.165,14.365,0.0,0.0,red_box_midline::red_mid_1,MODE_A_LIVE_PROXIMITY_HEAVY,REGIME_LEVEL_EXACT,30.084833,1.0,4732.165,4732.165,4732.165,0.0,14.365,0.0,0.0,red_box_midline::red_mid_1,4.3225,0.0,4.3225,ORACLE_GT10_CANDIDATE_GENERATION_FAIL,CANDIDATE_GENERATION_FAILURE_GT10,0.0,0.0,0.0,0.0,0.0,1.0
2026-05-13,2026-05-12,L6,RANGE_WIDE_120_220,CLOSE_POS_MIDDLE_THIRD,ROWS_STANDARD_9_10,4715.15,PREV_CLOSE_PROXY,,NEUTRAL,4707.42,25.0,5.0,MODE_D_NEAREST_VALID_LADDER,3.0,4708.95,4708.95,4708.95,0.0,1.53,1.0,1.0,prior_hlc::previous_pivot_hlc3,MODE_C_BALANCED,4683.306622,24.113378,0.0,0.0,prior_range_fraction::prev_range_0.333333,MODE_C_BALANCED,REGIME_LEVEL_EXACT,26.272583,1.0,4683.306622,4683.306622,4683.306622,0.0,24.113378,0.0,0.0,prior_range_fraction::prev_range_0.333333,22.583378,0.0,22.583378,ORACLE_WITHIN_3,CANDIDATE_RANKING_FAILURE_LOWER_RANK_CANDIDATE,1.0,1.0,1.0,0.0,1.0,0.0
2026-05-13,2026-05-12,L7,RANGE_WIDE_120_220,CLOSE_POS_MIDDLE_THIRD,ROWS_STANDARD_9_10,4715.15,PREV_CLOSE_PROXY,,NEUTRAL,4670.27,20.0,5.0,MODE_C_BALANCED,1.0,4658.8775,4658.8775,4658.8775,0.0,11.3925,0.0,0.0,green_box_quarter::green_box_1_25pct,MODE_C_BALANCED,4658.8775,11.3925,0.0,0.0,green_box_quarter::green_box_1_25pct,MODE_D_NEAREST_VALID_LADDER,REGIME_LEVEL_EXACT,20.91897,1.0,4638.22,4638.22,4638.22,0.0,32.05,0.0,0.0,prior_hlc::previous_low,20.6575,20.6575,0.0,ORACLE_GT10_CANDIDATE_GENERATION_FAIL,CANDIDATE_GENERATION_FAILURE_GT10,0.0,0.0,0.0,0.0,0.0,1.0
2026-05-14,2026-05-13,L4,RANGE_COMPRESSED_0_60,CLOSE_POS_MIDDLE_THIRD,ROWS_STANDARD_9_10,4688.78,PREV_CLOSE_PROXY,,NEUTRAL,4768.67,15.0,5.0,MODE_B_EMA_CHANNEL_DIRECTION_HEAVY,3.0,4745.86625,4745.86625,4745.86625,0.0,22.80375,0.0,0.0,green_box_quarter::green_box_2_75pct,MODE_B_EMA_CHANNEL_DIRECTION_HEAVY,4726.78,41.89,0.0,0.0,prior_hlc::previous_high,MODE_A_LIVE_PROXIMITY_HEAVY,REGIME_LEVEL_BROAD,31.273048,1.0,4726.78,4726.78,4726.78,0.0,41.89,0.0,0.0,prior_hlc::previous_high,19.08625,0.0,19.08625,ORACLE_GT10_CANDIDATE_GENERATION_FAIL,CANDIDATE_GENERATION_FAILURE_GT10,0.0,0.0,0.0,0.0,0.0,1.0
2026-05-14,2026-05-13,L5,RANGE_COMPRESSED_0_60,CLOSE_POS_MIDDLE_THIRD,ROWS_STANDARD_9_10,4688.78,PREV_CLOSE_PROXY,,NEUTRAL,4734.88,15.0,5.0,MODE_C_BALANCED,1.0,4712.4525,4712.4525,4712.4525,0.0,22.4275,0.0,0.0,prior_range_fraction::prev_range_0.75,MODE_C_BALANCED,4712.4525,22.4275,0.0,0.0,prior_range_fraction::prev_range_0.75,MODE_A_LIVE_PROXIMITY_HEAVY,REGIME_LEVEL_BROAD,33.426089,1.0,4712.4525,4712.4525,4712.4525,0.0,22.4275,0.0,0.0,prior_range_fraction::prev_range_0.75,0.0,0.0,0.0,ORACLE_GT10_CANDIDATE_GENERATION_FAIL,CANDIDATE_GENERATION_FAILURE_GT10,0.0,0.0,0.0,0.0,0.0,1.0
2026-05-14,2026-05-13,L6,RANGE_COMPRESSED_0_60,CLOSE_POS_MIDDLE_THIRD,ROWS_STANDARD_9_10,4688.78,PREV_CLOSE_PROXY,,NEUTRAL,4699.33,15.0,5.0,MODE_C_BALANCED,1.0,4669.47,4669.47,4669.47,0.0,29.86,0.0,0.0,prior_hlc::previous_low,MODE_C_BALANCED,4669.47,29.86,0.0,0.0,prior_hlc::previous_low,MODE_A_LIVE_PROXIMITY_HEAVY,REGIME_LEVEL_BROAD,35.862583,1.0,4669.47,4669.47,4669.47,0.0,29.86,0.0,0.0,prior_hlc::previous_low,0.0,0.0,0.0,ORACLE_GT10_CANDIDATE_GENERATION_FAIL,CANDIDATE_GENERATION_FAILURE_GT10,0.0,0.0,0.0,0.0,0.0,1.0
2026-05-14,2026-05-13,L7,RANGE_COMPRESSED_0_60,CLOSE_POS_MIDDLE_THIRD,ROWS_STANDARD_9_10,4688.78,PREV_CLOSE_PROXY,,NEUTRAL,4670.27,10.0,5.0,MODE_B_EMA_CHANNEL_DIRECTION_HEAVY,1.0,4639.47,4639.47,4639.47,0.0,30.8,0.0,0.0,red_box_edge::red_edge_2,MODE_B_EMA_CHANNEL_DIRECTION_HEAVY,4639.47,30.8,0.0,0.0,red_box_edge::red_edge_2,MODE_A_LIVE_PROXIMITY_HEAVY,REGIME_LEVEL_BROAD,41.206083,1.0,4639.47,4639.47,4639.47,0.0,30.8,0.0,0.0,red_box_edge::red_edge_2,0.0,0.0,0.0,ORACLE_GT10_CANDIDATE_GENERATION_FAIL,CANDIDATE_GENERATION_FAILURE_GT10,0.0,0.0,0.0,0.0,0.0,1.0
2026-05-15,2026-05-14,L4,RANGE_NORMAL_60_120,CLOSE_POS_LOWER_THIRD,ROWS_STANDARD_9_10,4652.36,PREV_CLOSE_PROXY,,NEUTRAL,4693.67,25.0,5.0,MODE_C_BALANCED,1.0,4696.61,4696.61,4696.61,0.0,2.94,1.0,1.0,green_box_edge::green_edge_1,MODE_C_BALANCED,4696.61,2.94,1.0,1.0,green_box_edge::green_edge_1,MODE_A_LIVE_PROXIMITY_HEAVY,REGIME_LEVEL_EXACT,31.328292,1.0,4696.61,4696.61,4696.61,0.0,2.94,1.0,1.0,green_box_edge::green_edge_1,0.0,0.0,0.0,ORACLE_WITHIN_3,ROUTER_ACCEPTABLE_WITHIN_5,1.0,1.0,0.0,0.0,0.0,0.0
2026-05-15,2026-05-14,L5,RANGE_NORMAL_60_120,CLOSE_POS_LOWER_THIRD,ROWS_STANDARD_9_10,4652.36,PREV_CLOSE_PROXY,,NEUTRAL,4665.63,25.0,5.0,MODE_C_BALANCED,1.0,4669.213309,4669.213309,4669.213309,0.0,3.583309,0.0,1.0,prior_range_fraction::prev_range_0.333333,MODE_C_BALANCED,4669.213309,3.583309,0.0,1.0,prior_range_fraction::prev_range_0.333333,MODE_B_EMA_CHANNEL_DIRECTION_HEAVY,REGIME_LEVEL_EXACT,34.329009,1.0,4669.213309,4669.213309,4669.213309,0.0,3.583309,0.0,1.0,prior_range_fraction::prev_range_0.333333,0.0,0.0,0.0,ORACLE_WITHIN_5,ROUTER_ACCEPTABLE_WITHIN_5,0.0,1.0,0.0,0.0,0.0,0.0
2026-05-15,2026-05-14,L6,RANGE_NORMAL_60_120,CLOSE_POS_LOWER_THIRD,ROWS_STANDARD_9_10,4652.36,PREV_CLOSE_PROXY,,NEUTRAL,4635.27,15.0,5.0,MODE_C_BALANCED,1.0,4655.515,4653.5625,4657.4675,3.905,20.245,0.0,0.0,red_box_quarter::red_box_2_25pct | prior_range_fraction::prev_range_0.125 | green_box_quarter::green_box_1_25pct,MODE_C_BALANCED,4655.515,20.245,0.0,0.0,red_box_quarter::red_box_2_25pct | prior_range_fraction::prev_range_0.125 | green_box_quarter::green_box_1_25pct,MODE_C_BALANCED,REGIME_LEVEL_EXACT,36.671542,1.0,4655.515,4653.5625,4657.4675,3.905,20.245,0.0,0.0,red_box_quarter::red_box_2_25pct | prior_range_fraction::prev_range_0.125 | green_box_quarter::green_box_1_25pct,0.0,0.0,0.0,ORACLE_GT10_CANDIDATE_GENERATION_FAIL,CANDIDATE_GENERATION_FAILURE_GT10,0.0,0.0,0.0,0.0,0.0,1.0
2026-05-15,2026-05-14,L7,RANGE_NORMAL_60_120,CLOSE_POS_LOWER_THIRD,ROWS_STANDARD_9_10,4652.36,PREV_CLOSE_PROXY,,NEUTRAL,4600.62,25.0,5.0,MODE_B_EMA_CHANNEL_DIRECTION_HEAVY,4.0,4588.325,4588.325,4588.325,0.0,12.295,0.0,0.0,red_box_midline::red_mid_3,MODE_D_NEAREST_VALID_LADDER,4627.4675,26.8475,0.0,0.0,red_box_quarter::red_box_2_75pct,MODE_B_EMA_CHANNEL_DIRECTION_HEAVY,REGIME_LEVEL_EXACT,38.256667,1.0,4644.42,4644.42,4644.42,0.0,43.8,0.0,0.0,prior_hlc::previous_low,31.505,16.9525,14.5525,ORACLE_GT10_CANDIDATE_GENERATION_FAIL,CANDIDATE_GENERATION_FAILURE_GT10,0.0,0.0,0.0,0.0,0.0,1.0
2026-05-18,2026-05-15,L4,RANGE_WIDE_120_220,CLOSE_POS_LOWER_THIRD,ROWS_STANDARD_9_10,4538.64,PREV_CLOSE_PROXY,,NEUTRAL,4564.33,25.0,5.0,MODE_B_EMA_CHANNEL_DIRECTION_HEAVY,4.0,4570.2171,4570.2171,4570.2171,0.0,5.8871,0.0,0.0,prior_range_fraction::prev_range_0.382,MODE_C_BALANCED,4606.5729,42.2429,0.0,0.0,prior_range_fraction::prev_range_0.618,MODE_A_LIVE_PROXIMITY_HEAVY,REGIME_LEVEL_EXACT,30.054016,1.0,4606.5729,4606.5729,4606.5729,0.0,42.2429,0.0,0.0,prior_range_fraction::prev_range_0.618,36.3558,0.0,36.3558,ORACLE_WITHIN_10,ORACLE_ONLY_REDUCES_ERROR_NOT_WITHIN_5,0.0,0.0,0.0,0.0,0.0,0.0
2026-05-18,2026-05-15,L5,RANGE_WIDE_120_220,CLOSE_POS_LOWER_THIRD,ROWS_STANDARD_9_10,4538.64,PREV_CLOSE_PROXY,,NEUTRAL,4539.06,20.0,5.0,MODE_A_LIVE_PROXIMITY_HEAVY,3.0,4538.64,4538.64,4538.64,0.0,0.42,1.0,1.0,prior_hlc::previous_close,MODE_C_BALANCED,4572.6025,33.5425,0.0,0.0,prior_hlc::previous_pivot_hlc3 | red_box_edge::red_edge_1,MODE_A_LIVE_PROXIMITY_HEAVY,REGIME_LEVEL_EXACT,32.253583,1.0,4572.6025,4571.81,4573.395,1.585,33.5425,0.0,0.0,prior_hlc::previous_pivot_hlc3 | red_box_edge::red_edge_1,33.1225,0.0,33.1225,ORACLE_WITHIN_3,CANDIDATE_RANKING_FAILURE_LOWER_RANK_CANDIDATE,1.0,1.0,1.0,0.0,1.0,0.0
2026-05-18,2026-05-15,L6,RANGE_WIDE_120_220,CLOSE_POS_LOWER_THIRD,ROWS_STANDARD_9_10,4538.64,PREV_CLOSE_PROXY,,NEUTRAL,4511.93,25.0,5.0,MODE_D_NEAREST_VALID_LADDER,3.0,4511.37,4511.37,4511.37,0.0,0.56,1.0,1.0,prior_hlc::previous_low,MODE_C_BALANCED,4504.37625,7.55375,0.0,0.0,red_box_quarter::red_box_2_75pct,MODE_A_LIVE_PROXIMITY_HEAVY,REGIME_LEVEL_EXACT,32.860083,1.0,4504.37625,4504.37625,4504.37625,0.0,7.55375,0.0,0.0,red_box_quarter::red_box_2_75pct,6.99375,0.0,6.99375,ORACLE_WITHIN_3,CANDIDATE_RANKING_FAILURE_LOWER_RANK_CANDIDATE,1.0,1.0,1.0,0.0,1.0,0.0
2026-05-18,2026-05-15,L7,RANGE_WIDE_120_220,CLOSE_POS_LOWER_THIRD,ROWS_STANDARD_9_10,4538.64,PREV_CLOSE_PROXY,,NEUTRAL,4481.32,15.0,5.0,MODE_B_EMA_CHANNEL_DIRECTION_HEAVY,1.0,4481.37,4481.37,4481.37,0.0,0.05,1.0,1.0,red_box_edge::red_edge_2,MODE_B_EMA_CHANNEL_DIRECTION_HEAVY,4481.37,0.05,1.0,1.0,red_box_edge::red_edge_2,MODE_A_LIVE_PROXIMITY_HEAVY,REGIME_LEVEL_EXACT,53.974333,1.0,4481.37,4481.37,4481.37,0.0,0.05,1.0,1.0,red_box_edge::red_edge_2,0.0,0.0,0.0,ORACLE_WITHIN_3,ROUTER_ACCEPTABLE_WITHIN_5,1.0,1.0,0.0,0.0,0.0,0.0
2026-05-19,2026-05-18,L4,RANGE_NORMAL_60_120,CLOSE_POS_UPPER_THIRD,ROWS_STANDARD_9_10,4566.12,PREV_CLOSE_PROXY,,NEUTRAL,4606.82,25.0,5.0,MODE_D_NEAREST_VALID_LADDER,1.0,4630.96,4630.96,4630.96,0.0,24.14,0.0,0.0,green_box_quarter::green_box_3_25pct,MODE_D_NEAREST_VALID_LADDER,4630.96,24.14,0.0,0.0,green_box_quarter::green_box_3_25pct,MODE_A_LIVE_PROXIMITY_HEAVY,REGIME_LEVEL_EXACT,60.334074,1.0,4580.8,4580.8,4580.8,0.0,26.02,0.0,0.0,green_box_midline::green_mid_2,1.88,1.88,0.0,ORACLE_GT10_CANDIDATE_GENERATION_FAIL,CANDIDATE_GENERATION_FAILURE_GT10,0.0,0.0,0.0,0.0,0.0,1.0
2026-05-19,2026-05-18,L5,RANGE_NORMAL_60_120,CLOSE_POS_UPPER_THIRD,ROWS_STANDARD_9_10,4566.12,PREV_CLOSE_PROXY,,NEUTRAL,4586.21,15.0,5.0,MODE_C_BALANCED,1.0,4567.675,4564.08,4571.27,7.19,18.535,0.0,0.0,green_box_quarter::green_box_2_25pct | red_box_quarter::red_box_1_25pct | prior_range_fraction::prev_range_0.875,MODE_C_BALANCED,4567.675,18.535,0.0,0.0,green_box_quarter::green_box_2_25pct | red_box_quarter::red_box_1_25pct | prior_range_fraction::prev_range_0.875,MODE_A_LIVE_PROXIMITY_HEAVY,REGIME_LEVEL_EXACT,61.253381,1.0,4567.675,4564.08,4571.27,7.19,18.535,0.0,0.0,green_box_quarter::green_box_2_25pct | red_box_quarter::red_box_1_25pct | prior_range_fraction::prev_range_0.875,0.0,0.0,0.0,ORACLE_GT10_CANDIDATE_GENERATION_FAIL,CANDIDATE_GENERATION_FAILURE_GT10,0.0,0.0,0.0,0.0,0.0,1.0
2026-05-19,2026-05-18,L6,RANGE_NORMAL_60_120,CLOSE_POS_UPPER_THIRD,ROWS_STANDARD_9_10,4566.12,PREV_CLOSE_PROXY,,NEUTRAL,4558.95,15.0,5.0,MODE_D_NEAREST_VALID_LADDER,1.0,4550.226684,4549.653368,4550.8,1.146632,8.723316,0.0,0.0,prior_range_fraction::prev_range_0.666667 | red_box_midline::red_mid_1,MODE_D_NEAREST_VALID_LADDER,4550.226684,8.723316,0.0,0.0,prior_range_fraction::prev_range_0.666667 | red_box_midline::red_mid_1,MODE_A_LIVE_PROXIMITY_HEAVY,REGIME_LEVEL_EXACT,61.470502,1.0,4550.226684,4549.653368,4550.8,1.146632,8.723316,0.0,0.0,prior_range_fraction::prev_range_0.666667 | red_box_midline::red_mid_1,0.0,0.0,0.0,ORACLE_WITHIN_10,ORACLE_ONLY_REDUCES_ERROR_NOT_WITHIN_5,0.0,0.0,0.0,0.0,0.0,0.0
2026-05-19,2026-05-18,L7,RANGE_NORMAL_60_120,CLOSE_POS_UPPER_THIRD,ROWS_STANDARD_9_10,4566.12,PREV_CLOSE_PROXY,,NEUTRAL,4532.84,15.0,5.0,MODE_C_BALANCED,1.0,4513.92,4513.92,4513.92,0.0,18.92,0.0,0.0,green_box_midline::green_mid_1,MODE_C_BALANCED,4513.92,18.92,0.0,0.0,green_box_midline::green_mid_1,MODE_C_BALANCED,REGIME_LEVEL_EXACT,59.561181,1.0,4513.92,4513.92,4513.92,0.0,18.92,0.0,0.0,green_box_midline::green_mid_1,0.0,0.0,0.0,ORACLE_GT10_CANDIDATE_GENERATION_FAIL,CANDIDATE_GENERATION_FAILURE_GT10,0.0,0.0,0.0,0.0,0.0,1.0
2026-05-20,2026-05-19,L4,RANGE_WIDE_120_220,CLOSE_POS_LOWER_THIRD,ROWS_STANDARD_9_10,4481.92,PREV_CLOSE_PROXY,,NEUTRAL,4529.64,25.0,5.0,MODE_B_EMA_CHANNEL_DIRECTION_HEAVY,3.0,4521.775,4521.775,4521.775,0.0,7.865,0.0,0.0,green_box_quarter::green_box_1_75pct,MODE_C_BALANCED,4541.23048,11.59048,0.0,0.0,prior_range_fraction::prev_range_0.618,MODE_A_LIVE_PROXIMITY_HEAVY,REGIME_LEVEL_EXACT,27.900505,1.0,4541.23048,4541.23048,4541.23048,0.0,11.59048,0.0,0.0,prior_range_fraction::prev_range_0.618,3.72548,0.0,3.72548,ORACLE_WITHIN_10,ORACLE_ONLY_REDUCES_ERROR_NOT_WITHIN_5,0.0,0.0,0.0,0.0,0.0,0.0
2026-05-20,2026-05-19,L5,RANGE_WIDE_120_220,CLOSE_POS_LOWER_THIRD,ROWS_STANDARD_9_10,4481.92,PREV_CLOSE_PROXY,,NEUTRAL,4506.6,20.0,5.0,MODE_C_BALANCED,2.0,4505.259958,4505.259958,4505.259958,0.0,1.340042,1.0,1.0,prior_range_fraction::prev_range_0.333333,MODE_C_BALANCED,4511.42,4.82,0.0,1.0,red_box_edge::red_edge_1 | prior_hlc::previous_pivot_hlc3,MODE_A_LIVE_PROXIMITY_HEAVY,REGIME_LEVEL_EXACT,29.430889,1.0,4511.42,4511.32,4511.52,0.2,4.82,0.0,1.0,red_box_edge::red_edge_1 | prior_hlc::previous_pivot_hlc3,3.479958,0.0,3.479958,ORACLE_WITHIN_3,ROUTER_ACCEPTABLE_WITHIN_5,1.0,1.0,0.0,0.0,0.0,0.0
2026-05-20,2026-05-19,L6,RANGE_WIDE_120_220,CLOSE_POS_LOWER_THIRD,ROWS_STANDARD_9_10,4481.92,PREV_CLOSE_PROXY,,NEUTRAL,4487.59,25.0,5.0,MODE_C_BALANCED,4.0,4482.685,4482.685,4482.685,0.0,4.905,0.0,1.0,green_box_quarter::green_box_1_25pct,MODE_C_BALANCED,4452.685,34.905,0.0,0.0,red_box_quarter::red_box_2_75pct,MODE_A_LIVE_PROXIMITY_HEAVY,REGIME_LEVEL_EXACT,35.208,1.0,4452.685,4452.685,4452.685,0.0,34.905,0.0,0.0,red_box_quarter::red_box_2_75pct,30.0,0.0,30.0,ORACLE_WITHIN_5,CANDIDATE_RANKING_FAILURE_LOWER_RANK_CANDIDATE,0.0,1.0,1.0,0.0,1.0,0.0
2026-05-20,2026-05-19,L7,RANGE_WIDE_120_220,CLOSE_POS_LOWER_THIRD,ROWS_STANDARD_9_10,4481.92,PREV_CLOSE_PROXY,,NEUTRAL,4462.0,15.0,5.0,MODE_B_EMA_CHANNEL_DIRECTION_HEAVY,3.0,4463.14,4463.14,4463.14,0.0,1.14,1.0,1.0,prior_hlc::previous_low,MODE_B_EMA_CHANNEL_DIRECTION_HEAVY,4433.14,28.86,0.0,0.0,red_box_edge::red_edge_2,MODE_A_LIVE_PROXIMITY_HEAVY,REGIME_LEVEL_EXACT,58.144444,1.0,4433.14,4433.14,4433.14,0.0,28.86,0.0,0.0,red_box_edge::red_edge_2,27.72,0.0,27.72,ORACLE_WITHIN_3,CANDIDATE_RANKING_FAILURE_LOWER_RANK_CANDIDATE,1.0,1.0,1.0,0.0,1.0,0.0
2026-05-21,2026-05-20,L4,RANGE_NORMAL_60_120,CLOSE_POS_UPPER_THIRD,ROWS_STANDARD_9_10,4543.62,PREV_CLOSE_PROXY,,NEUTRAL,4608.29,25.0,5.0,MODE_D_NEAREST_VALID_LADDER,1.0,4598.845,4598.845,4598.845,0.0,9.445,0.0,0.0,green_box_quarter::green_box_3_25pct,MODE_D_NEAREST_VALID_LADDER,4598.845,9.445,0.0,0.0,green_box_quarter::green_box_3_25pct,MODE_A_LIVE_PROXIMITY_HEAVY,REGIME_LEVEL_EXACT,61.159185,1.0,4598.845,4598.845,4598.845,0.0,9.445,0.0,0.0,green_box_quarter::green_box_3_25pct,0.0,0.0,0.0,ORACLE_WITHIN_10,ORACLE_ONLY_REDUCES_ERROR_NOT_WITHIN_5,0.0,0.0,0.0,0.0,0.0,0.0
2026-05-21,2026-05-20,L5,RANGE_NORMAL_60_120,CLOSE_POS_UPPER_THIRD,ROWS_STANDARD_9_10,4543.62,PREV_CLOSE_PROXY,,NEUTRAL,4582.07,15.0,5.0,MODE_C_BALANCED,1.0,4537.285,4534.265,4540.305,6.04,44.785,0.0,0.0,green_box_quarter::green_box_2_25pct | red_box_quarter::red_box_1_25pct | prior_range_fraction::prev_range_0.875,MODE_C_BALANCED,4537.285,44.785,0.0,0.0,green_box_quarter::green_box_2_25pct | red_box_quarter::red_box_1_25pct | prior_range_fraction::prev_range_0.875,MODE_A_LIVE_PROXIMITY_HEAVY,REGIME_LEVEL_EXACT,61.522778,1.0,4537.285,4534.265,4540.305,6.04,44.785,0.0,0.0,green_box_quarter::green_box_2_25pct | red_box_quarter::red_box_1_25pct | prior_range_fraction::prev_range_0.875,0.0,0.0,0.0,ORACLE_GT10_CANDIDATE_GENERATION_FAIL,CANDIDATE_GENERATION_FAILURE_GT10,0.0,0.0,0.0,0.0,0.0,1.0
2026-05-21,2026-05-20,L6,RANGE_NORMAL_60_120,CLOSE_POS_UPPER_THIRD,ROWS_STANDARD_9_10,4543.62,PREV_CLOSE_PROXY,,NEUTRAL,4554.33,20.0,5.0,MODE_D_NEAREST_VALID_LADDER,2.0,4527.91,4527.91,4527.91,0.0,26.42,0.0,0.0,prior_range_fraction::prev_range_0.75,MODE_D_NEAREST_VALID_LADDER,4520.41,33.92,0.0,0.0,red_box_midline::red_mid_1,MODE_A_LIVE_PROXIMITY_HEAVY,REGIME_LEVEL_EXACT,62.589769,1.0,4520.41,4520.41,4520.41,0.0,33.92,0.0,0.0,red_box_midline::red_mid_1,7.5,0.0,7.5,ORACLE_GT10_CANDIDATE_GENERATION_FAIL,CANDIDATE_GENERATION_FAILURE_GT10,0.0,0.0,0.0,0.0,0.0,1.0
2026-05-21,2026-05-20,L7,RANGE_NORMAL_60_120,CLOSE_POS_UPPER_THIRD,ROWS_STANDARD_9_10,4543.62,PREV_CLOSE_PROXY,,NEUTRAL,4524.06,20.0,5.0,MODE_B_EMA_CHANNEL_DIRECTION_HEAVY,4.0,4534.265,4534.265,4534.265,0.0,10.205,0.0,0.0,green_box_quarter::green_box_2_25pct,MODE_C_BALANCED,4485.83,38.23,0.0,0.0,green_box_midline::green_mid_1,MODE_C_BALANCED,REGIME_LEVEL_EXACT,60.295637,1.0,4485.83,4485.83,4485.83,0.0,38.23,0.0,0.0,green_box_midline::green_mid_1,28.025,0.0,28.025,ORACLE_GT10_CANDIDATE_GENERATION_FAIL,CANDIDATE_GENERATION_FAILURE_GT10,0.0,0.0,0.0,0.0,0.0,1.0
2026-05-22,2026-05-21,L4,RANGE_NORMAL_60_120,CLOSE_POS_MIDDLE_THIRD,ROWS_STANDARD_9_10,4543.05,PREV_CLOSE_PROXY,,NEUTRAL,4614.22,20.0,5.0,MODE_B_EMA_CHANNEL_DIRECTION_HEAVY,3.0,4614.77875,4614.77875,4614.77875,0.0,0.55875,1.0,1.0,green_box_quarter::green_box_3_25pct,MODE_C_BALANCED,4557.5125,56.7075,0.0,0.0,red_box_quarter::red_box_1_25pct | green_box_quarter::green_box_2_25pct,MODE_E_SPACING_PRESERVATION,REGIME_LEVEL_EXACT,59.936396,1.0,4557.5125,4556.60125,4558.42375,1.8225,56.7075,0.0,0.0,red_box_quarter::red_box_1_25pct | green_box_quarter::green_box_2_25pct,56.14875,0.0,56.14875,ORACLE_WITHIN_3,CANDIDATE_RANKING_FAILURE_LOWER_RANK_CANDIDATE,1.0,1.0,1.0,0.0,1.0,0.0
2026-05-22,2026-05-21,L5,RANGE_NORMAL_60_120,CLOSE_POS_MIDDLE_THIRD,ROWS_STANDARD_9_10,4543.05,PREV_CLOSE_PROXY,,NEUTRAL,4582.41,20.0,5.0,MODE_C_BALANCED,1.0,4544.335,4544.335,4544.335,0.0,38.075,0.0,0.0,green_box_edge::green_edge_1,MODE_C_BALANCED,4544.335,38.075,0.0,0.0,green_box_edge::green_edge_1,MODE_A_LIVE_PROXIMITY_HEAVY,REGIME_LEVEL_EXACT,50.906833,1.0,4544.335,4544.335,4544.335,0.0,38.075,0.0,0.0,green_box_edge::green_edge_1,0.0,0.0,0.0,ORACLE_GT10_CANDIDATE_GENERATION_FAIL,CANDIDATE_GENERATION_FAILURE_GT10,0.0,0.0,0.0,0.0,0.0,1.0
2026-05-22,2026-05-21,L6,RANGE_NORMAL_60_120,CLOSE_POS_MIDDLE_THIRD,ROWS_STANDARD_9_10,4543.05,PREV_CLOSE_PROXY,,NEUTRAL,4551.77,25.0,5.0,MODE_D_NEAREST_VALID_LADDER,5.0,4556.60125,4556.60125,4556.60125,0.0,4.83125,0.0,1.0,red_box_quarter::red_box_1_25pct,MODE_D_NEAREST_VALID_LADDER,4529.335,22.435,0.0,0.0,prior_hlc::previous_mid,MODE_B_EMA_CHANNEL_DIRECTION_HEAVY,REGIME_LEVEL_EXACT,47.471675,1.0,4514.335,4514.335,4514.335,0.0,37.435,0.0,0.0,red_box_edge::red_edge_1,32.60375,15.0,17.60375,ORACLE_WITHIN_5,CANDIDATE_RANKING_FAILURE_LOWER_RANK_CANDIDATE,0.0,1.0,1.0,0.0,1.0,0.0
2026-05-22,2026-05-21,L7,RANGE_NORMAL_60_120,CLOSE_POS_MIDDLE_THIRD,ROWS_STANDARD_9_10,4543.05,PREV_CLOSE_PROXY,,NEUTRAL,4520.55,25.0,5.0,MODE_C_BALANCED,4.0,4519.57522,4519.57522,4519.57522,0.0,0.97478,1.0,1.0,prior_range_fraction::prev_range_0.382,MODE_C_BALANCED,4500.24625,20.30375,0.0,0.0,red_box_quarter::red_box_2_25pct,MODE_B_EMA_CHANNEL_DIRECTION_HEAVY,REGIME_LEVEL_EXACT,47.748708,1.0,4500.24625,4500.24625,4500.24625,0.0,20.30375,0.0,0.0,red_box_quarter::red_box_2_25pct,19.32897,0.0,19.32897,ORACLE_WITHIN_3,CANDIDATE_RANKING_FAILURE_LOWER_RANK_CANDIDATE,1.0,1.0,1.0,0.0,1.0,0.0
2026-05-25,2026-05-22,L4,RANGE_COMPRESSED_0_60,CLOSE_POS_LOWER_THIRD,ROWS_EXTENDED_11_PLUS,4507.9,PREV_CLOSE_PROXY,,NEUTRAL,4556.09,10.0,5.0,MODE_C_BALANCED,1.0,4522.2125,4522.2125,4522.2125,0.0,33.8775,0.0,0.0,green_box_quarter::green_box_1_75pct,MODE_C_BALANCED,4522.2125,33.8775,0.0,0.0,green_box_quarter::green_box_1_75pct,MODE_A_LIVE_PROXIMITY_HEAVY,LEVEL_ONLY,60.678775,1.0,4522.2125,4522.2125,4522.2125,0.0,33.8775,0.0,0.0,green_box_quarter::green_box_1_75pct,0.0,0.0,0.0,ORACLE_GT10_CANDIDATE_GENERATION_FAIL,CANDIDATE_GENERATION_FAILURE_GT10,0.0,0.0,0.0,0.0,0.0,1.0
2026-05-25,2026-05-22,L5,RANGE_COMPRESSED_0_60,CLOSE_POS_LOWER_THIRD,ROWS_EXTENDED_11_PLUS,4507.9,PREV_CLOSE_PROXY,,NEUTRAL,4524.91,10.0,5.0,MODE_A_LIVE_PROXIMITY_HEAVY,1.0,4492.2125,4492.2125,4492.2125,0.0,32.6975,0.0,0.0,red_box_quarter::red_box_2_25pct,MODE_A_LIVE_PROXIMITY_HEAVY,4492.2125,32.6975,0.0,0.0,red_box_quarter::red_box_2_25pct,MODE_B_EMA_CHANNEL_DIRECTION_HEAVY,LEVEL_ONLY,60.599854,1.0,4492.2125,4492.2125,4492.2125,0.0,32.6975,0.0,0.0,red_box_quarter::red_box_2_25pct,0.0,0.0,0.0,ORACLE_GT10_CANDIDATE_GENERATION_FAIL,CANDIDATE_GENERATION_FAILURE_GT10,0.0,0.0,0.0,0.0,0.0,1.0
2026-05-25,2026-05-22,L6,RANGE_COMPRESSED_0_60,CLOSE_POS_LOWER_THIRD,ROWS_EXTENDED_11_PLUS,4507.9,PREV_CLOSE_PROXY,,NEUTRAL,4494.67,10.0,5.0,MODE_B_EMA_CHANNEL_DIRECTION_HEAVY,1.0,4470.3975,4470.3975,4470.3975,0.0,24.2725,0.0,0.0,red_box_quarter::red_box_2_75pct,MODE_B_EMA_CHANNEL_DIRECTION_HEAVY,4470.3975,24.2725,0.0,0.0,red_box_quarter::red_box_2_75pct,MODE_D_NEAREST_VALID_LADDER,LEVEL_ONLY,58.774293,1.0,4470.3975,4470.3975,4470.3975,0.0,24.2725,0.0,0.0,red_box_quarter::red_box_2_75pct,0.0,0.0,0.0,ORACLE_GT10_CANDIDATE_GENERATION_FAIL,CANDIDATE_GENERATION_FAILURE_GT10,0.0,0.0,0.0,0.0,0.0,1.0
2026-05-25,2026-05-22,L7,RANGE_COMPRESSED_0_60,CLOSE_POS_LOWER_THIRD,ROWS_EXTENDED_11_PLUS,4507.9,PREV_CLOSE_PROXY,,NEUTRAL,4462.89,10.0,5.0,MODE_B_EMA_CHANNEL_DIRECTION_HEAVY,1.0,4448.5825,4448.5825,4448.5825,0.0,14.3075,0.0,0.0,red_box_quarter::red_box_3_25pct,MODE_B_EMA_CHANNEL_DIRECTION_HEAVY,4448.5825,14.3075,0.0,0.0,red_box_quarter::red_box_3_25pct,MODE_B_EMA_CHANNEL_DIRECTION_HEAVY,LEVEL_ONLY,55.97327,1.0,4448.5825,4448.5825,4448.5825,0.0,14.3075,0.0,0.0,red_box_quarter::red_box_3_25pct,0.0,0.0,0.0,ORACLE_GT10_CANDIDATE_GENERATION_FAIL,CANDIDATE_GENERATION_FAILURE_GT10,0.0,0.0,0.0,0.0,0.0,1.0
2026-05-26,2026-05-25,L4,RANGE_COMPRESSED_0_60,CLOSE_POS_UPPER_THIRD,ROWS_STANDARD_9_10,4570.94,PREV_CLOSE_PROXY,,NEUTRAL,4593.58,5.0,5.0,MODE_B_EMA_CHANNEL_DIRECTION_HEAVY,1.0,4580.13,4580.13,4580.13,0.0,13.45,0.0,0.0,prior_hlc::previous_high,MODE_B_EMA_CHANNEL_DIRECTION_HEAVY,4580.13,13.45,0.0,0.0,prior_hlc::previous_high,MODE_A_LIVE_PROXIMITY_HEAVY,REGIME_LEVEL_BROAD,39.228523,1.0,4580.13,4580.13,4580.13,0.0,13.45,0.0,0.0,prior_hlc::previous_high,0.0,0.0,0.0,ORACLE_GT10_CANDIDATE_GENERATION_FAIL,CANDIDATE_GENERATION_FAILURE_GT10,0.0,0.0,0.0,0.0,0.0,1.0
2026-05-26,2026-05-25,L5,RANGE_COMPRESSED_0_60,CLOSE_POS_UPPER_THIRD,ROWS_STANDARD_9_10,4570.94,PREV_CLOSE_PROXY,,NEUTRAL,4562.44,5.0,5.0,MODE_C_BALANCED,1.0,4548.303317,4548.303317,4548.303317,0.0,14.136683,0.0,0.0,prior_range_fraction::prev_range_0.333333,MODE_C_BALANCED,4548.303317,14.136683,0.0,0.0,prior_range_fraction::prev_range_0.333333,MODE_B_EMA_CHANNEL_DIRECTION_HEAVY,REGIME_LEVEL_BROAD,52.185958,1.0,4548.303317,4548.303317,4548.303317,0.0,14.136683,0.0,0.0,prior_range_fraction::prev_range_0.333333,0.0,0.0,0.0,ORACLE_GT10_CANDIDATE_GENERATION_FAIL,CANDIDATE_GENERATION_FAILURE_GT10,0.0,0.0,0.0,0.0,0.0,1.0
2026-05-26,2026-05-25,L6,RANGE_COMPRESSED_0_60,CLOSE_POS_UPPER_THIRD,ROWS_STANDARD_9_10,4570.94,PREV_CLOSE_PROXY,,NEUTRAL,4529.9,5.0,5.0,MODE_B_EMA_CHANNEL_DIRECTION_HEAVY,1.0,4512.1075,4512.1075,4512.1075,0.0,17.7925,0.0,0.0,red_box_quarter::red_box_2_75pct,MODE_B_EMA_CHANNEL_DIRECTION_HEAVY,4512.1075,17.7925,0.0,0.0,red_box_quarter::red_box_2_75pct,MODE_B_EMA_CHANNEL_DIRECTION_HEAVY,REGIME_LEVEL_BROAD,46.310208,1.0,4512.1075,4512.1075,4512.1075,0.0,17.7925,0.0,0.0,red_box_quarter::red_box_2_75pct,0.0,0.0,0.0,ORACLE_GT10_CANDIDATE_GENERATION_FAIL,CANDIDATE_GENERATION_FAILURE_GT10,0.0,0.0,0.0,0.0,0.0,1.0
2026-05-26,2026-05-25,L7,RANGE_COMPRESSED_0_60,CLOSE_POS_UPPER_THIRD,ROWS_STANDARD_9_10,4570.94,PREV_CLOSE_PROXY,,NEUTRAL,4499.76,5.0,5.0,MODE_B_EMA_CHANNEL_DIRECTION_HEAVY,1.0,4473.2375,4473.2375,4473.2375,0.0,26.5225,0.0,0.0,red_box_quarter::red_box_3_75pct,MODE_B_EMA_CHANNEL_DIRECTION_HEAVY,4473.2375,26.5225,0.0,0.0,red_box_quarter::red_box_3_75pct,MODE_B_EMA_CHANNEL_DIRECTION_HEAVY,REGIME_LEVEL_BROAD,45.753333,1.0,4473.2375,4473.2375,4473.2375,0.0,26.5225,0.0,0.0,red_box_quarter::red_box_3_75pct,0.0,0.0,0.0,ORACLE_GT10_CANDIDATE_GENERATION_FAIL,CANDIDATE_GENERATION_FAILURE_GT10,0.0,0.0,0.0,0.0,0.0,1.0
2026-05-27,2026-05-26,L4,RANGE_NORMAL_60_120,CLOSE_POS_LOWER_THIRD,ROWS_SPARSE_1_8,4507.47,PREV_CLOSE_PROXY,,NEUTRAL,4530.95,15.0,5.0,MODE_B_EMA_CHANNEL_DIRECTION_HEAVY,2.0,4530.09,4530.09,4530.09,0.0,0.86,1.0,1.0,green_box_quarter::green_box_1_75pct,MODE_C_BALANCED,4544.4456,13.4956,0.0,0.0,prior_range_fraction::prev_range_0.618 | green_box_edge::green_edge_1,MODE_A_LIVE_PROXIMITY_HEAVY,REGIME_LEVEL_BROAD,44.74698,1.0,4544.4456,4542.7512,4546.14,3.3888,13.4956,0.0,0.0,prior_range_fraction::prev_range_0.618 | green_box_edge::green_edge_1,12.6356,0.0,12.6356,ORACLE_WITHIN_3,CANDIDATE_RANKING_FAILURE_LOWER_RANK_CANDIDATE,1.0,1.0,1.0,0.0,1.0,0.0
2026-05-27,2026-05-26,L5,RANGE_NORMAL_60_120,CLOSE_POS_LOWER_THIRD,ROWS_SPARSE_1_8,4507.47,PREV_CLOSE_PROXY,,NEUTRAL,4496.68,15.0,5.0,MODE_D_NEAREST_VALID_LADDER,2.0,4497.99,4497.99,4497.99,0.0,1.31,1.0,1.0,green_box_quarter::green_box_1_25pct,MODE_D_NEAREST_VALID_LADDER,4506.54,9.86,0.0,0.0,prior_range_fraction::prev_range_0.25,MODE_B_EMA_CHANNEL_DIRECTION_HEAVY,REGIME_LEVEL_BROAD,45.646988,1.0,4506.54,4506.54,4506.54,0.0,9.86,0.0,0.0,prior_range_fraction::prev_range_0.25,8.55,0.0,8.55,ORACLE_WITHIN_3,CANDIDATE_RANKING_FAILURE_LOWER_RANK_CANDIDATE,1.0,1.0,1.0,0.0,1.0,0.0
2026-05-27,2026-05-26,L6,RANGE_NORMAL_60_120,CLOSE_POS_LOWER_THIRD,ROWS_SPARSE_1_8,4507.47,PREV_CLOSE_PROXY,,NEUTRAL,4459.72,10.0,5.0,MODE_B_EMA_CHANNEL_DIRECTION_HEAVY,2.0,4467.99,4467.99,4467.99,0.0,8.27,0.0,0.0,red_box_quarter::red_box_2_75pct,MODE_C_BALANCED,4484.04,24.32,0.0,0.0,red_box_midline::red_mid_2,MODE_C_BALANCED,REGIME_LEVEL_BROAD,43.862804,1.0,4484.04,4484.04,4484.04,0.0,24.32,0.0,0.0,red_box_midline::red_mid_2,16.05,0.0,16.05,ORACLE_WITHIN_10,ORACLE_ONLY_REDUCES_ERROR_NOT_WITHIN_5,0.0,0.0,0.0,0.0,0.0,0.0
2026-05-27,2026-05-26,L7,RANGE_NORMAL_60_120,CLOSE_POS_LOWER_THIRD,ROWS_SPARSE_1_8,4507.47,PREV_CLOSE_PROXY,,NEUTRAL,4421.27,10.0,5.0,MODE_B_EMA_CHANNEL_DIRECTION_HEAVY,2.0,4435.89,4435.89,4435.89,0.0,14.62,0.0,0.0,red_box_quarter::red_box_3_25pct,MODE_B_EMA_CHANNEL_DIRECTION_HEAVY,4467.99,46.72,0.0,0.0,red_box_quarter::red_box_2_75pct,MODE_B_EMA_CHANNEL_DIRECTION_HEAVY,REGIME_LEVEL_BROAD,41.411804,1.0,4467.99,4467.99,4467.99,0.0,46.72,0.0,0.0,red_box_quarter::red_box_2_75pct,32.1,0.0,32.1,ORACLE_GT10_CANDIDATE_GENERATION_FAIL,CANDIDATE_GENERATION_FAILURE_GT10,0.0,0.0,0.0,0.0,0.0,1.0
2026-05-28,2026-05-27,L4,RANGE_WIDE_120_220,CLOSE_POS_MIDDLE_THIRD,ROWS_STANDARD_9_10,4456.18,PREV_CLOSE_PROXY,,NEUTRAL,4495.53,25.0,5.0,MODE_C_BALANCED,2.0,4503.77,4503.77,4503.77,0.0,8.24,0.0,0.0,prior_range_fraction::prev_range_0.75,MODE_C_BALANCED,4520.815,25.285,0.0,0.0,prior_range_fraction::prev_range_0.875,MODE_D_NEAREST_VALID_LADDER,REGIME_LEVEL_EXACT,34.577958,1.0,4520.815,4520.815,4520.815,0.0,25.285,0.0,0.0,prior_range_fraction::prev_range_0.875,17.045,0.0,17.045,ORACLE_WITHIN_10,ORACLE_ONLY_REDUCES_ERROR_NOT_WITHIN_5,0.0,0.0,0.0,0.0,0.0,0.0
2026-05-28,2026-05-27,L5,RANGE_WIDE_120_220,CLOSE_POS_MIDDLE_THIRD,ROWS_STANDARD_9_10,4456.18,PREV_CLOSE_PROXY,,NEUTRAL,4466.16,25.0,5.0,MODE_B_EMA_CHANNEL_DIRECTION_HEAVY,3.0,4463.885,4463.885,4463.885,0.0,2.275,1.0,1.0,green_box_quarter::green_box_1_75pct,MODE_A_LIVE_PROXIMITY_HEAVY,4469.68,3.52,0.0,1.0,prior_hlc::previous_mid,MODE_A_LIVE_PROXIMITY_HEAVY,REGIME_LEVEL_EXACT,31.650125,1.0,4469.68,4469.68,4469.68,0.0,3.52,0.0,1.0,prior_hlc::previous_mid,1.245,0.0,1.245,ORACLE_WITHIN_3,ROUTER_ACCEPTABLE_WITHIN_5,1.0,1.0,0.0,0.0,0.0,0.0
2026-05-28,2026-05-27,L6,RANGE_WIDE_120_220,CLOSE_POS_MIDDLE_THIRD,ROWS_STANDARD_9_10,4456.18,PREV_CLOSE_PROXY,,NEUTRAL,4424.0,25.0,5.0,MODE_C_BALANCED,1.0,4433.885,4433.885,4433.885,0.0,9.885,0.0,0.0,red_box_quarter::red_box_2_25pct,MODE_C_BALANCED,4433.885,9.885,0.0,0.0,red_box_quarter::red_box_2_25pct,MODE_C_BALANCED,REGIME_LEVEL_EXACT,27.627965,1.0,4433.885,4433.885,4433.885,0.0,9.885,0.0,0.0,red_box_quarter::red_box_2_25pct,0.0,0.0,0.0,ORACLE_WITHIN_10,ORACLE_ONLY_REDUCES_ERROR_NOT_WITHIN_5,0.0,0.0,0.0,0.0,0.0,0.0
2026-05-28,2026-05-27,L7,RANGE_WIDE_120_220,CLOSE_POS_MIDDLE_THIRD,ROWS_STANDARD_9_10,4456.18,PREV_CLOSE_PROXY,,NEUTRAL,4379.41,20.0,5.0,MODE_D_NEAREST_VALID_LADDER,1.0,4422.295,4422.295,4422.295,0.0,42.885,0.0,0.0,green_box_quarter::green_box_1_25pct,MODE_D_NEAREST_VALID_LADDER,4422.295,42.885,0.0,0.0,green_box_quarter::green_box_1_25pct,MODE_D_NEAREST_VALID_LADDER,REGIME_LEVEL_EXACT,26.079333,1.0,4422.295,4422.295,4422.295,0.0,42.885,0.0,0.0,green_box_quarter::green_box_1_25pct,0.0,0.0,0.0,ORACLE_GT10_CANDIDATE_GENERATION_FAIL,CANDIDATE_GENERATION_FAILURE_GT10,0.0,0.0,0.0,0.0,0.0,1.0
2026-05-29,2026-05-28,L4,RANGE_WIDE_120_220,CLOSE_POS_UPPER_THIRD,ROWS_EXTENDED_11_PLUS,4495.64,PREV_CLOSE_PROXY,,NEUTRAL,4586.39,25.0,5.0,MODE_D_NEAREST_VALID_LADDER,1.0,4569.05,4569.05,4569.05,0.0,17.34,0.0,0.0,green_box_quarter::green_box_3_25pct,MODE_D_NEAREST_VALID_LADDER,4569.05,17.34,0.0,0.0,green_box_quarter::green_box_3_25pct,MODE_A_LIVE_PROXIMITY_HEAVY,REGIME_LEVEL_EXACT,34.444583,1.0,4569.05,4569.05,4569.05,0.0,17.34,0.0,0.0,green_box_quarter::green_box_3_25pct,0.0,0.0,0.0,ORACLE_GT10_CANDIDATE_GENERATION_FAIL,CANDIDATE_GENERATION_FAILURE_GT10,0.0,0.0,0.0,0.0,0.0,1.0
2026-05-29,2026-05-28,L5,RANGE_WIDE_120_220,CLOSE_POS_UPPER_THIRD,ROWS_EXTENDED_11_PLUS,4495.64,PREV_CLOSE_PROXY,,NEUTRAL,4557.79,25.0,5.0,MODE_D_NEAREST_VALID_LADDER,3.0,4524.05,4524.05,4524.05,0.0,33.74,0.0,0.0,green_box_quarter::green_box_2_75pct,MODE_A_LIVE_PROXIMITY_HEAVY,4516.55,41.24,0.0,0.0,prior_hlc::previous_high,MODE_A_LIVE_PROXIMITY_HEAVY,REGIME_LEVEL_EXACT,31.066958,1.0,4516.55,4516.55,4516.55,0.0,41.24,0.0,0.0,prior_hlc::previous_high,7.5,0.0,7.5,ORACLE_GT10_CANDIDATE_GENERATION_FAIL,CANDIDATE_GENERATION_FAILURE_GT10,0.0,0.0,0.0,0.0,0.0,1.0
2026-05-29,2026-05-28,L6,RANGE_WIDE_120_220,CLOSE_POS_UPPER_THIRD,ROWS_EXTENDED_11_PLUS,4495.64,PREV_CLOSE_PROXY,,NEUTRAL,4527.81,20.0,5.0,MODE_D_NEAREST_VALID_LADDER,3.0,4501.55,4501.55,4501.55,0.0,26.26,0.0,0.0,green_box_midline::green_mid_2,MODE_C_BALANCED,4466.55005,61.25995,0.0,0.0,prior_range_fraction::prev_range_0.666667,MODE_A_LIVE_PROXIMITY_HEAVY,REGIME_LEVEL_EXACT,30.831083,1.0,4466.55005,4466.55005,4466.55005,0.0,61.25995,0.0,0.0,prior_range_fraction::prev_range_0.666667,34.99995,0.0,34.99995,ORACLE_GT10_CANDIDATE_GENERATION_FAIL,CANDIDATE_GENERATION_FAILURE_GT10,0.0,0.0,0.0,0.0,0.0,1.0
2026-05-29,2026-05-28,L7,RANGE_WIDE_120_220,CLOSE_POS_UPPER_THIRD,ROWS_EXTENDED_11_PLUS,4495.64,PREV_CLOSE_PROXY,,NEUTRAL,4495.62,25.0,5.0,MODE_B_EMA_CHANNEL_DIRECTION_HEAVY,4.0,4479.05,4479.05,4479.05,0.0,16.57,0.0,0.0,green_box_quarter::green_box_2_25pct,MODE_C_BALANCED,4426.55,69.07,0.0,0.0,red_box_edge::red_edge_1,MODE_A_LIVE_PROXIMITY_HEAVY,REGIME_LEVEL_EXACT,23.7145,1.0,4426.55,4426.55,4426.55,0.0,69.07,0.0,0.0,red_box_edge::red_edge_1,52.5,0.0,52.5,ORACLE_GT10_CANDIDATE_GENERATION_FAIL,CANDIDATE_GENERATION_FAILURE_GT10,0.0,0.0,0.0,0.0,0.0,1.0
2026-06-01,2026-05-29,L4,RANGE_NORMAL_60_120,CLOSE_POS_MIDDLE_THIRD,ROWS_EXTENDED_11_PLUS,4541.13,PREV_CLOSE_PROXY,,NEUTRAL,4607.94,15.0,5.0,MODE_C_BALANCED,2.0,4593.3225,4591.295,4595.35,4.055,14.6175,0.0,0.0,green_box_midline::green_mid_2 | prior_hlc::previous_high,MODE_C_BALANCED,4578.3225,29.6175,0.0,0.0,red_box_quarter::red_box_1_25pct,MODE_E_SPACING_PRESERVATION,REGIME_LEVEL_BROAD,66.254758,1.0,4578.3225,4578.3225,4578.3225,0.0,29.6175,0.0,0.0,red_box_quarter::red_box_1_25pct,15.0,0.0,15.0,ORACLE_GT10_CANDIDATE_GENERATION_FAIL,CANDIDATE_GENERATION_FAILURE_GT10,0.0,0.0,0.0,0.0,0.0,1.0
2026-06-01,2026-05-29,L5,RANGE_NORMAL_60_120,CLOSE_POS_MIDDLE_THIRD,ROWS_EXTENDED_11_PLUS,4541.13,PREV_CLOSE_PROXY,,NEUTRAL,4580.08,10.0,5.0,MODE_B_EMA_CHANNEL_DIRECTION_HEAVY,2.0,4608.3225,4608.3225,4608.3225,0.0,28.2425,0.0,0.0,green_box_quarter::green_box_2_75pct,MODE_C_BALANCED,4541.04125,39.03875,0.0,0.0,green_box_quarter::green_box_1_75pct | prior_hlc::previous_pivot_hlc3,MODE_A_LIVE_PROXIMITY_HEAVY,REGIME_LEVEL_BROAD,63.479008,1.0,4541.04125,4540.2125,4541.87,1.6575,39.03875,0.0,0.0,green_box_quarter::green_box_1_75pct | prior_hlc::previous_pivot_hlc3,10.79625,0.0,10.79625,ORACLE_GT10_CANDIDATE_GENERATION_FAIL,CANDIDATE_GENERATION_FAILURE_GT10,0.0,0.0,0.0,0.0,0.0,1.0
2026-06-01,2026-05-29,L6,RANGE_NORMAL_60_120,CLOSE_POS_MIDDLE_THIRD,ROWS_EXTENDED_11_PLUS,4541.13,PREV_CLOSE_PROXY,,NEUTRAL,4547.84,15.0,5.0,MODE_C_BALANCED,3.0,4568.795,4568.795,4568.795,0.0,20.955,0.0,0.0,prior_range_fraction::prev_range_0.75,MODE_C_BALANCED,4508.185,39.655,0.0,0.0,green_box_quarter::green_box_1_25pct | red_box_quarter::red_box_2_25pct,MODE_B_EMA_CHANNEL_DIRECTION_HEAVY,REGIME_LEVEL_BROAD,60.599313,1.0,4508.185,4506.1575,4510.2125,4.055,39.655,0.0,0.0,green_box_quarter::green_box_1_25pct | red_box_quarter::red_box_2_25pct,18.7,0.0,18.7,ORACLE_GT10_CANDIDATE_GENERATION_FAIL,CANDIDATE_GENERATION_FAILURE_GT10,0.0,0.0,0.0,0.0,0.0,1.0
2026-06-01,2026-05-29,L7,RANGE_NORMAL_60_120,CLOSE_POS_MIDDLE_THIRD,ROWS_EXTENDED_11_PLUS,4541.13,PREV_CLOSE_PROXY,,NEUTRAL,4521.97,15.0,5.0,MODE_B_EMA_CHANNEL_DIRECTION_HEAVY,1.0,4529.70604,4529.70604,4529.70604,0.0,7.73604,0.0,0.0,prior_range_fraction::prev_range_0.382,MODE_B_EMA_CHANNEL_DIRECTION_HEAVY,4529.70604,7.73604,0.0,0.0,prior_range_fraction::prev_range_0.382,MODE_B_EMA_CHANNEL_DIRECTION_HEAVY,REGIME_LEVEL_BROAD,59.516194,1.0,4529.70604,4529.70604,4529.70604,0.0,7.73604,0.0,0.0,prior_range_fraction::prev_range_0.382,0.0,0.0,0.0,ORACLE_WITHIN_10,ORACLE_ONLY_REDUCES_ERROR_NOT_WITHIN_5,0.0,0.0,0.0,0.0,0.0,0.0
2026-06-02,2026-06-01,L4,RANGE_NORMAL_60_120,CLOSE_POS_MIDDLE_THIRD,ROWS_SPARSE_1_8,4484.66,PREV_CLOSE_PROXY,,NEUTRAL,4489.47,15.0,5.0,MODE_B_EMA_CHANNEL_DIRECTION_HEAVY,3.0,4494.793333,4492.766667,4496.82,4.053333,5.323333,0.0,0.0,prior_hlc::previous_pivot_hlc3 | green_box_quarter::green_box_1_75pct | prior_hlc::previous_mid,MODE_C_BALANCED,4527.925,38.455,0.0,0.0,green_box_quarter::green_box_2_25pct,MODE_B_EMA_CHANNEL_DIRECTION_HEAVY,REGIME_LEVEL_EXACT,40.762782,1.0,4527.925,4527.925,4527.925,0.0,38.455,0.0,0.0,green_box_quarter::green_box_2_25pct,33.131667,0.0,33.131667,ORACLE_WITHIN_10,ORACLE_ONLY_REDUCES_ERROR_NOT_WITHIN_5,0.0,0.0,0.0,0.0,0.0,0.0
2026-06-02,2026-06-01,L5,RANGE_NORMAL_60_120,CLOSE_POS_MIDDLE_THIRD,ROWS_SPARSE_1_8,4484.66,PREV_CLOSE_PROXY,,NEUTRAL,4457.53,20.0,5.0,MODE_A_LIVE_PROXIMITY_HEAVY,4.0,4459.755,4459.755,4459.755,0.0,2.225,1.0,1.0,prior_range_fraction::prev_range_0.125,MODE_C_BALANCED,4496.82,39.29,0.0,0.0,prior_hlc::previous_mid,MODE_A_LIVE_PROXIMITY_HEAVY,REGIME_LEVEL_EXACT,42.799291,1.0,4496.82,4496.82,4496.82,0.0,39.29,0.0,0.0,prior_hlc::previous_mid,37.065,0.0,37.065,ORACLE_WITHIN_3,CANDIDATE_RANKING_FAILURE_LOWER_RANK_CANDIDATE,1.0,1.0,1.0,0.0,1.0,0.0
2026-06-02,2026-06-01,L6,RANGE_NORMAL_60_120,CLOSE_POS_MIDDLE_THIRD,ROWS_SPARSE_1_8,4484.66,PREV_CLOSE_PROXY,,NEUTRAL,4426.17,25.0,5.0,MODE_B_EMA_CHANNEL_DIRECTION_HEAVY,5.0,4417.4,4417.4,4417.4,0.0,8.77,0.0,0.0,red_box_edge::red_edge_2,MODE_C_BALANCED,4459.755,33.585,0.0,0.0,prior_range_fraction::prev_range_0.125,MODE_A_LIVE_PROXIMITY_HEAVY,REGIME_LEVEL_EXACT,29.09425,1.0,4459.755,4459.755,4459.755,0.0,33.585,0.0,0.0,prior_range_fraction::prev_range_0.125,24.815,0.0,24.815,ORACLE_WITHIN_10,ORACLE_ONLY_REDUCES_ERROR_NOT_WITHIN_5,0.0,0.0,0.0,0.0,0.0,0.0
2026-06-02,2026-06-01,L7,RANGE_NORMAL_60_120,CLOSE_POS_MIDDLE_THIRD,ROWS_SPARSE_1_8,4484.66,PREV_CLOSE_PROXY,,NEUTRAL,4396.14,15.0,5.0,MODE_B_EMA_CHANNEL_DIRECTION_HEAVY,3.0,4369.085,4369.085,4369.085,0.0,27.055,0.0,0.0,red_box_quarter::red_box_3_75pct,MODE_C_BALANCED,4433.505,37.365,0.0,0.0,red_box_quarter::red_box_2_75pct,MODE_B_EMA_CHANNEL_DIRECTION_HEAVY,REGIME_LEVEL_EXACT,40.280167,1.0,4433.505,4433.505,4433.505,0.0,37.365,0.0,0.0,red_box_quarter::red_box_2_75pct,10.31,0.0,10.31,ORACLE_GT10_CANDIDATE_GENERATION_FAIL,CANDIDATE_GENERATION_FAILURE_GT10,0.0,0.0,0.0,0.0,0.0,1.0
2026-06-03,2026-06-02,L4,RANGE_NORMAL_60_120,CLOSE_POS_LOWER_THIRD,ROWS_STANDARD_9_10,4487.83,PREV_CLOSE_PROXY,,NEUTRAL,4539.09,20.0,5.0,MODE_D_NEAREST_VALID_LADDER,1.0,4530.79375,4530.79375,4530.79375,0.0,8.29625,0.0,0.0,green_box_quarter::green_box_2_25pct,MODE_D_NEAREST_VALID_LADDER,4530.79375,8.29625,0.0,0.0,green_box_quarter::green_box_2_25pct,MODE_A_LIVE_PROXIMITY_HEAVY,REGIME_LEVEL_EXACT,36.811152,1.0,4530.79375,4530.79375,4530.79375,0.0,8.29625,0.0,0.0,green_box_quarter::green_box_2_25pct,0.0,0.0,0.0,ORACLE_WITHIN_10,ORACLE_ONLY_REDUCES_ERROR_NOT_WITHIN_5,0.0,0.0,0.0,0.0,0.0,0.0
2026-06-03,2026-06-02,L5,RANGE_NORMAL_60_120,CLOSE_POS_LOWER_THIRD,ROWS_STANDARD_9_10,4487.83,PREV_CLOSE_PROXY,,NEUTRAL,4513.17,20.0,5.0,MODE_C_BALANCED,1.0,4521.8625,4521.8625,4521.8625,0.0,8.6925,0.0,0.0,prior_range_fraction::prev_range_0.75,MODE_C_BALANCED,4521.8625,8.6925,0.0,0.0,prior_range_fraction::prev_range_0.75,MODE_B_EMA_CHANNEL_DIRECTION_HEAVY,REGIME_LEVEL_EXACT,38.834154,1.0,4521.8625,4521.8625,4521.8625,0.0,8.6925,0.0,0.0,prior_range_fraction::prev_range_0.75,0.0,0.0,0.0,ORACLE_WITHIN_10,ORACLE_ONLY_REDUCES_ERROR_NOT_WITHIN_5,0.0,0.0,0.0,0.0,0.0,0.0
2026-06-03,2026-06-02,L6,RANGE_NORMAL_60_120,CLOSE_POS_LOWER_THIRD,ROWS_STANDARD_9_10,4487.83,PREV_CLOSE_PROXY,,NEUTRAL,4485.61,15.0,5.0,MODE_C_BALANCED,2.0,4482.5875,4482.5875,4482.5875,0.0,3.0225,0.0,1.0,prior_range_fraction::prev_range_0.25,MODE_C_BALANCED,4474.64375,10.96625,0.0,0.0,prior_range_fraction::prev_range_0.125 | red_box_quarter::red_box_2_25pct | green_box_quarter::green_box_1_25pct,MODE_C_BALANCED,REGIME_LEVEL_EXACT,37.04997,1.0,4474.64375,4472.76875,4476.51875,3.75,10.96625,0.0,0.0,prior_range_fraction::prev_range_0.125 | red_box_quarter::red_box_2_25pct | green_box_quarter::green_box_1_25pct,7.94375,0.0,7.94375,ORACLE_WITHIN_5,CANDIDATE_RANKING_FAILURE_LOWER_RANK_CANDIDATE,0.0,1.0,1.0,0.0,1.0,0.0
2026-06-03,2026-06-02,L7,RANGE_NORMAL_60_120,CLOSE_POS_LOWER_THIRD,ROWS_STANDARD_9_10,4487.83,PREV_CLOSE_PROXY,,NEUTRAL,4455.8,25.0,5.0,MODE_C_BALANCED,2.0,4462.95,4462.95,4462.95,0.0,7.15,0.0,0.0,prior_hlc::previous_low,MODE_D_NEAREST_VALID_LADDER,4446.51875,9.28125,0.0,0.0,red_box_quarter::red_box_2_75pct,MODE_B_EMA_CHANNEL_DIRECTION_HEAVY,REGIME_LEVEL_EXACT,34.59897,1.0,4472.76875,4472.76875,4472.76875,0.0,16.96875,0.0,0.0,prior_range_fraction::prev_range_0.125,9.81875,7.6875,2.13125,ORACLE_WITHIN_10,ORACLE_ONLY_REDUCES_ERROR_NOT_WITHIN_5,0.0,0.0,0.0,0.0,0.0,0.0
2026-06-04,2026-06-03,L4,RANGE_NORMAL_60_120,CLOSE_POS_LOWER_THIRD,ROWS_SPARSE_1_8,4434.35,PREV_CLOSE_PROXY,,NEUTRAL,4457.9,20.0,5.0,MODE_C_BALANCED,2.0,4462.844375,4461.625,4464.06375,2.43875,4.944375,0.0,1.0,prior_hlc::previous_mid | green_box_quarter::green_box_1_75pct,MODE_C_BALANCED,4476.625,18.725,0.0,0.0,green_box_edge::green_edge_1,MODE_A_LIVE_PROXIMITY_HEAVY,REGIME_LEVEL_EXACT,35.732333,1.0,4476.625,4476.625,4476.625,0.0,18.725,0.0,0.0,green_box_edge::green_edge_1,13.780625,0.0,13.780625,ORACLE_WITHIN_5,CANDIDATE_RANKING_FAILURE_LOWER_RANK_CANDIDATE,0.0,1.0,1.0,0.0,1.0,0.0
2026-06-04,2026-06-03,L5,RANGE_NORMAL_60_120,CLOSE_POS_LOWER_THIRD,ROWS_SPARSE_1_8,4434.35,PREV_CLOSE_PROXY,,NEUTRAL,4427.93,15.0,5.0,MODE_A_LIVE_PROXIMITY_HEAVY,3.0,4421.5025,4421.5025,4421.5025,0.0,6.4275,0.0,0.0,red_box_midline::red_mid_2,MODE_C_BALANCED,4444.0025,16.0725,0.0,0.0,prior_range_fraction::prev_range_0.25,MODE_A_LIVE_PROXIMITY_HEAVY,REGIME_LEVEL_EXACT,36.917333,1.0,4444.0025,4444.0025,4444.0025,0.0,16.0725,0.0,0.0,prior_range_fraction::prev_range_0.25,9.645,0.0,9.645,ORACLE_WITHIN_10,ORACLE_ONLY_REDUCES_ERROR_NOT_WITHIN_5,0.0,0.0,0.0,0.0,0.0,0.0
2026-06-04,2026-06-03,L6,RANGE_NORMAL_60_120,CLOSE_POS_LOWER_THIRD,ROWS_SPARSE_1_8,4434.35,PREV_CLOSE_PROXY,,NEUTRAL,4399.02,15.0,5.0,MODE_B_EMA_CHANNEL_DIRECTION_HEAVY,3.0,4396.38,4396.38,4396.38,0.0,2.64,1.0,1.0,red_box_edge::red_edge_2,MODE_D_NEAREST_VALID_LADDER,4421.5025,22.4825,0.0,0.0,red_box_midline::red_mid_2,MODE_A_LIVE_PROXIMITY_HEAVY,REGIME_LEVEL_EXACT,33.985583,1.0,4421.5025,4421.5025,4421.5025,0.0,22.4825,0.0,0.0,red_box_midline::red_mid_2,19.8425,0.0,19.8425,ORACLE_WITHIN_3,CANDIDATE_RANKING_FAILURE_LOWER_RANK_CANDIDATE,1.0,1.0,1.0,0.0,1.0,0.0
2026-06-04,2026-06-03,L7,RANGE_NORMAL_60_120,CLOSE_POS_LOWER_THIRD,ROWS_SPARSE_1_8,4434.35,PREV_CLOSE_PROXY,,NEUTRAL,4371.46,15.0,5.0,MODE_B_EMA_CHANNEL_DIRECTION_HEAVY,1.0,4371.2575,4371.2575,4371.2575,0.0,0.2025,1.0,1.0,red_box_midline::red_mid_3,MODE_B_EMA_CHANNEL_DIRECTION_HEAVY,4371.2575,0.2025,1.0,1.0,red_box_midline::red_mid_3,MODE_A_LIVE_PROXIMITY_HEAVY,REGIME_LEVEL_EXACT,30.369083,1.0,4408.94125,4408.94125,4408.94125,0.0,37.48125,0.0,0.0,red_box_quarter::red_box_2_75pct,37.27875,37.27875,0.0,ORACLE_WITHIN_3,MODE_SELECTION_FAILURE,1.0,1.0,1.0,1.0,0.0,0.0
2026-06-05,2026-06-04,L4,RANGE_NORMAL_60_120,CLOSE_POS_MIDDLE_THIRD,ROWS_STANDARD_9_10,4475.16,PREV_CLOSE_PROXY,,NEUTRAL,4514.07,20.0,5.0,MODE_C_BALANCED,2.0,4515.06,4515.06,4515.06,0.0,0.99,1.0,1.0,green_box_midline::green_mid_2,MODE_C_BALANCED,4500.06,14.01,0.0,0.0,green_box_quarter::green_box_2_25pct | red_box_quarter::red_box_1_25pct,MODE_E_SPACING_PRESERVATION,REGIME_LEVEL_EXACT,60.423917,1.0,4500.06,4499.865,4500.255,0.39,14.01,0.0,0.0,green_box_quarter::green_box_2_25pct | red_box_quarter::red_box_1_25pct,13.02,0.0,13.02,ORACLE_WITHIN_3,CANDIDATE_RANKING_FAILURE_LOWER_RANK_CANDIDATE,1.0,1.0,1.0,0.0,1.0,0.0
2026-06-05,2026-06-04,L5,RANGE_NORMAL_60_120,CLOSE_POS_MIDDLE_THIRD,ROWS_STANDARD_9_10,4475.16,PREV_CLOSE_PROXY,,NEUTRAL,4489.65,15.0,5.0,MODE_C_BALANCED,1.0,4484.67,4484.67,4484.67,0.0,4.98,0.0,1.0,green_box_edge::green_edge_1,MODE_C_BALANCED,4484.67,4.98,0.0,1.0,green_box_edge::green_edge_1,MODE_A_LIVE_PROXIMITY_HEAVY,REGIME_LEVEL_EXACT,51.250333,1.0,4484.67,4484.67,4484.67,0.0,4.98,0.0,1.0,green_box_edge::green_edge_1,0.0,0.0,0.0,ORACLE_WITHIN_5,ROUTER_ACCEPTABLE_WITHIN_5,0.0,1.0,0.0,0.0,0.0,0.0
2026-06-05,2026-06-04,L6,RANGE_NORMAL_60_120,CLOSE_POS_MIDDLE_THIRD,ROWS_STANDARD_9_10,4475.16,PREV_CLOSE_PROXY,,NEUTRAL,4460.74,25.0,5.0,MODE_C_BALANCED,1.0,4454.67,4454.67,4454.67,0.0,6.07,0.0,0.0,red_box_edge::red_edge_1,MODE_C_BALANCED,4454.67,6.07,0.0,0.0,red_box_edge::red_edge_1,MODE_B_EMA_CHANNEL_DIRECTION_HEAVY,REGIME_LEVEL_EXACT,47.575684,1.0,4454.67,4454.67,4454.67,0.0,6.07,0.0,0.0,red_box_edge::red_edge_1,0.0,0.0,0.0,ORACLE_WITHIN_10,ORACLE_ONLY_REDUCES_ERROR_NOT_WITHIN_5,0.0,0.0,0.0,0.0,0.0,0.0
2026-06-05,2026-06-04,L7,RANGE_NORMAL_60_120,CLOSE_POS_MIDDLE_THIRD,ROWS_STANDARD_9_10,4475.16,PREV_CLOSE_PROXY,,NEUTRAL,4432.43,20.0,5.0,MODE_C_BALANCED,1.0,4439.475,4439.475,4439.475,0.0,7.045,0.0,0.0,red_box_quarter::red_box_2_25pct,MODE_C_BALANCED,4439.475,7.045,0.0,0.0,red_box_quarter::red_box_2_25pct,MODE_B_EMA_CHANNEL_DIRECTION_HEAVY,REGIME_LEVEL_EXACT,48.908667,1.0,4439.475,4439.475,4439.475,0.0,7.045,0.0,0.0,red_box_quarter::red_box_2_25pct,0.0,0.0,0.0,ORACLE_WITHIN_10,ORACLE_ONLY_REDUCES_ERROR_NOT_WITHIN_5,0.0,0.0,0.0,0.0,0.0,0.0
2026-06-08,2026-06-05,L4,RANGE_WIDE_120_220,CLOSE_POS_LOWER_THIRD,ROWS_STANDARD_9_10,4328.02,PREV_CLOSE_PROXY,,NEUTRAL,4373.8,25.0,5.0,MODE_B_EMA_CHANNEL_DIRECTION_HEAVY,4.0,4377.54456,4377.54456,4377.54456,0.0,3.74456,0.0,1.0,prior_range_fraction::prev_range_0.382,MODE_C_BALANCED,4418.15544,44.35544,0.0,0.0,prior_range_fraction::prev_range_0.618,MODE_A_LIVE_PROXIMITY_HEAVY,REGIME_LEVEL_EXACT,31.51235,1.0,4418.15544,4418.15544,4418.15544,0.0,44.35544,0.0,0.0,prior_range_fraction::prev_range_0.618,40.61088,0.0,40.61088,ORACLE_WITHIN_5,CANDIDATE_RANKING_FAILURE_LOWER_RANK_CANDIDATE,0.0,1.0,1.0,0.0,1.0,0.0
2026-06-08,2026-06-05,L5,RANGE_WIDE_120_220,CLOSE_POS_LOWER_THIRD,ROWS_STANDARD_9_10,4328.02,PREV_CLOSE_PROXY,,NEUTRAL,4347.87,25.0,5.0,MODE_D_NEAREST_VALID_LADDER,3.0,4354.83,4354.83,4354.83,0.0,6.96,0.0,0.0,prior_range_fraction::prev_range_0.25,MODE_D_NEAREST_VALID_LADDER,4369.169943,21.299943,0.0,0.0,prior_range_fraction::prev_range_0.333333,MODE_A_LIVE_PROXIMITY_HEAVY,REGIME_LEVEL_EXACT,37.211917,1.0,4369.169943,4369.169943,4369.169943,0.0,21.299943,0.0,0.0,prior_range_fraction::prev_range_0.333333,14.339943,0.0,14.339943,ORACLE_WITHIN_10,ORACLE_ONLY_REDUCES_ERROR_NOT_WITHIN_5,0.0,0.0,0.0,0.0,0.0,0.0
2026-06-08,2026-06-05,L6,RANGE_WIDE_120_220,CLOSE_POS_LOWER_THIRD,ROWS_STANDARD_9_10,4328.02,PREV_CLOSE_PROXY,,NEUTRAL,4310.51,15.0,5.0,MODE_C_BALANCED,1.0,4309.44,4307.07,4311.81,4.74,1.07,1.0,1.0,red_box_quarter::red_box_2_75pct | prior_hlc::previous_low,MODE_C_BALANCED,4309.44,1.07,1.0,1.0,red_box_quarter::red_box_2_75pct | prior_hlc::previous_low,MODE_A_LIVE_PROXIMITY_HEAVY,REGIME_LEVEL_EXACT,35.193417,1.0,4309.44,4307.07,4311.81,4.74,1.07,1.0,1.0,red_box_quarter::red_box_2_75pct | prior_hlc::previous_low,0.0,0.0,0.0,ORACLE_WITHIN_3,ROUTER_ACCEPTABLE_WITHIN_5,1.0,1.0,0.0,0.0,0.0,0.0
2026-06-08,2026-06-05,L7,RANGE_WIDE_120_220,CLOSE_POS_LOWER_THIRD,ROWS_STANDARD_9_10,4328.02,PREV_CLOSE_PROXY,,NEUTRAL,4281.09,15.0,5.0,MODE_B_EMA_CHANNEL_DIRECTION_HEAVY,1.0,4281.81,4281.81,4281.81,0.0,0.72,1.0,1.0,red_box_edge::red_edge_2,MODE_B_EMA_CHANNEL_DIRECTION_HEAVY,4281.81,0.72,1.0,1.0,red_box_edge::red_edge_2,MODE_A_LIVE_PROXIMITY_HEAVY,REGIME_LEVEL_EXACT,56.307667,1.0,4281.81,4281.81,4281.81,0.0,0.72,1.0,1.0,red_box_edge::red_edge_2,0.0,0.0,0.0,ORACLE_WITHIN_3,ROUTER_ACCEPTABLE_WITHIN_5,1.0,1.0,0.0,0.0,0.0,0.0
2026-06-09,2026-06-08,L4,RANGE_NORMAL_60_120,CLOSE_POS_UPPER_THIRD,ROWS_SPARSE_1_8,4329.71,PREV_CLOSE_PROXY,,NEUTRAL,4370.04,10.0,5.0,MODE_B_EMA_CHANNEL_DIRECTION_HEAVY,1.0,4342.7725,4342.7725,4342.7725,0.0,27.2675,0.0,0.0,prior_range_fraction::prev_range_0.875,MODE_B_EMA_CHANNEL_DIRECTION_HEAVY,4342.7725,27.2675,0.0,0.0,prior_range_fraction::prev_range_0.875,MODE_A_LIVE_PROXIMITY_HEAVY,REGIME_LEVEL_EXACT,54.627583,1.0,4342.7725,4342.7725,4342.7725,0.0,27.2675,0.0,0.0,prior_range_fraction::prev_range_0.875,0.0,0.0,0.0,ORACLE_GT10_CANDIDATE_GENERATION_FAIL,CANDIDATE_GENERATION_FAILURE_GT10,0.0,0.0,0.0,0.0,0.0,1.0
2026-06-09,2026-06-08,L5,RANGE_NORMAL_60_120,CLOSE_POS_UPPER_THIRD,ROWS_SPARSE_1_8,4329.71,PREV_CLOSE_PROXY,,NEUTRAL,4342.11,15.0,5.0,MODE_D_NEAREST_VALID_LADDER,1.0,4332.145,4332.145,4332.145,0.0,9.965,0.0,0.0,prior_range_fraction::prev_range_0.75,MODE_D_NEAREST_VALID_LADDER,4332.145,9.965,0.0,0.0,prior_range_fraction::prev_range_0.75,MODE_A_LIVE_PROXIMITY_HEAVY,REGIME_LEVEL_EXACT,27.041833,1.0,4332.145,4332.145,4332.145,0.0,9.965,0.0,0.0,prior_range_fraction::prev_range_0.75,0.0,0.0,0.0,ORACLE_WITHIN_10,ORACLE_ONLY_REDUCES_ERROR_NOT_WITHIN_5,0.0,0.0,0.0,0.0,0.0,0.0
2026-06-09,2026-06-08,L6,RANGE_NORMAL_60_120,CLOSE_POS_UPPER_THIRD,ROWS_SPARSE_1_8,4329.71,PREV_CLOSE_PROXY,,NEUTRAL,4313.53,15.0,5.0,MODE_C_BALANCED,1.0,4311.5125,4311.5125,4311.5125,0.0,2.0175,1.0,1.0,green_box_quarter::green_box_1_75pct,MODE_C_BALANCED,4311.5125,2.0175,1.0,1.0,green_box_quarter::green_box_1_75pct,MODE_A_LIVE_PROXIMITY_HEAVY,REGIME_LEVEL_EXACT,27.047833,1.0,4311.5125,4311.5125,4311.5125,0.0,2.0175,1.0,1.0,green_box_quarter::green_box_1_75pct,0.0,0.0,0.0,ORACLE_WITHIN_3,ROUTER_ACCEPTABLE_WITHIN_5,1.0,1.0,0.0,0.0,0.0,0.0
2026-06-09,2026-06-08,L7,RANGE_NORMAL_60_120,CLOSE_POS_UPPER_THIRD,ROWS_SPARSE_1_8,4329.71,PREV_CLOSE_PROXY,,NEUTRAL,4284.94,15.0,5.0,MODE_C_BALANCED,1.0,4279.0075,4279.0075,4279.0075,0.0,5.9325,0.0,0.0,prior_range_fraction::prev_range_0.125,MODE_C_BALANCED,4279.0075,5.9325,0.0,0.0,prior_range_fraction::prev_range_0.125,MODE_B_EMA_CHANNEL_DIRECTION_HEAVY,REGIME_LEVEL_BROAD,60.541833,1.0,4279.0075,4279.0075,4279.0075,0.0,5.9325,0.0,0.0,prior_range_fraction::prev_range_0.125,0.0,0.0,0.0,ORACLE_WITHIN_10,ORACLE_ONLY_REDUCES_ERROR_NOT_WITHIN_5,0.0,0.0,0.0,0.0,0.0,0.0
2026-06-10,2026-06-09,L4,RANGE_WIDE_120_220,CLOSE_POS_LOWER_THIRD,ROWS_STANDARD_9_10,4259.46,PREV_CLOSE_PROXY,,NEUTRAL,4253.47,20.0,5.0,MODE_B_EMA_CHANNEL_DIRECTION_HEAVY,4.0,4279.123291,4279.123291,4279.123291,0.0,25.653291,0.0,0.0,prior_range_fraction::prev_range_0.333333,MODE_C_BALANCED,4315.25892,61.78892,0.0,0.0,prior_range_fraction::prev_range_0.618,MODE_A_LIVE_PROXIMITY_HEAVY,REGIME_LEVEL_EXACT,29.526768,1.0,4315.25892,4315.25892,4315.25892,0.0,61.78892,0.0,0.0,prior_range_fraction::prev_range_0.618,36.135629,0.0,36.135629,ORACLE_GT10_CANDIDATE_GENERATION_FAIL,CANDIDATE_GENERATION_FAILURE_GT10,0.0,0.0,0.0,0.0,0.0,1.0
2026-06-10,2026-06-09,L5,RANGE_WIDE_120_220,CLOSE_POS_LOWER_THIRD,ROWS_STANDARD_9_10,4259.46,PREV_CLOSE_PROXY,,NEUTRAL,4222.84,20.0,5.0,MODE_D_NEAREST_VALID_LADDER,3.0,4259.46,4259.46,4259.46,0.0,36.62,0.0,0.0,prior_hlc::previous_close,MODE_C_BALANCED,4285.976666,63.136666,0.0,0.0,red_box_edge::red_edge_1 | prior_hlc::previous_pivot_hlc3,MODE_A_LIVE_PROXIMITY_HEAVY,REGIME_LEVEL_EXACT,36.417004,1.0,4285.976666,4285.28,4286.673333,1.393333,63.136666,0.0,0.0,red_box_edge::red_edge_1 | prior_hlc::previous_pivot_hlc3,26.516666,0.0,26.516666,ORACLE_GT10_CANDIDATE_GENERATION_FAIL,CANDIDATE_GENERATION_FAILURE_GT10,0.0,0.0,0.0,0.0,0.0,1.0
2026-06-10,2026-06-09,L6,RANGE_WIDE_120_220,CLOSE_POS_LOWER_THIRD,ROWS_STANDARD_9_10,4259.46,PREV_CLOSE_PROXY,,NEUTRAL,4186.38,25.0,5.0,MODE_B_EMA_CHANNEL_DIRECTION_HEAVY,1.0,4226.4275,4226.4275,4226.4275,0.0,40.0475,0.0,0.0,red_box_quarter::red_box_2_75pct,MODE_B_EMA_CHANNEL_DIRECTION_HEAVY,4226.4275,40.0475,0.0,0.0,red_box_quarter::red_box_2_75pct,MODE_A_LIVE_PROXIMITY_HEAVY,REGIME_LEVEL_EXACT,40.723152,1.0,4246.045,4246.045,4246.045,0.0,59.665,0.0,0.0,red_box_midline::red_mid_2,19.6175,19.6175,0.0,ORACLE_GT10_CANDIDATE_GENERATION_FAIL,CANDIDATE_GENERATION_FAILURE_GT10,0.0,0.0,0.0,0.0,0.0,1.0
2026-06-10,2026-06-09,L7,RANGE_WIDE_120_220,CLOSE_POS_LOWER_THIRD,ROWS_STANDARD_9_10,4259.46,PREV_CLOSE_PROXY,,NEUTRAL,4144.02,15.0,5.0,MODE_D_NEAREST_VALID_LADDER,2.0,4187.1925,4187.1925,4187.1925,0.0,43.1725,0.0,0.0,red_box_quarter::red_box_3_25pct,MODE_B_EMA_CHANNEL_DIRECTION_HEAVY,4206.81,62.79,0.0,0.0,red_box_edge::red_edge_2,MODE_A_LIVE_PROXIMITY_HEAVY,REGIME_LEVEL_EXACT,60.124242,1.0,4206.81,4206.81,4206.81,0.0,62.79,0.0,0.0,red_box_edge::red_edge_2,19.6175,0.0,19.6175,ORACLE_GT10_CANDIDATE_GENERATION_FAIL,CANDIDATE_GENERATION_FAILURE_GT10,0.0,0.0,0.0,0.0,0.0,1.0
2026-06-11,2026-06-10,L4,RANGE_WIDE_120_220,CLOSE_POS_LOWER_THIRD,ROWS_EXTENDED_11_PLUS,4071.32,PREV_CLOSE_PROXY,,NEUTRAL,4194.64,15.0,5.0,MODE_B_EMA_CHANNEL_DIRECTION_HEAVY,1.0,4257.92,4257.92,4257.92,0.0,63.28,0.0,0.0,prior_hlc::previous_high,MODE_B_EMA_CHANNEL_DIRECTION_HEAVY,4257.92,63.28,0.0,0.0,prior_hlc::previous_high,MODE_B_EMA_CHANNEL_DIRECTION_HEAVY,REGIME_LEVEL_BROAD,35.919264,1.0,4257.92,4257.92,4257.92,0.0,63.28,0.0,0.0,prior_hlc::previous_high,0.0,0.0,0.0,ORACLE_GT10_CANDIDATE_GENERATION_FAIL,CANDIDATE_GENERATION_FAILURE_GT10,0.0,0.0,0.0,0.0,0.0,1.0
2026-06-11,2026-06-10,L5,RANGE_WIDE_120_220,CLOSE_POS_LOWER_THIRD,ROWS_EXTENDED_11_PLUS,4071.32,PREV_CLOSE_PROXY,,NEUTRAL,4165.1,20.0,5.0,MODE_B_EMA_CHANNEL_DIRECTION_HEAVY,3.0,4202.7,4202.7,4202.7,0.0,37.6,0.0,0.0,red_box_midline::red_mid_1,MODE_C_BALANCED,4092.26,72.84,0.0,0.0,red_box_midline::red_mid_2,MODE_A_LIVE_PROXIMITY_HEAVY,REGIME_LEVEL_BROAD,37.31298,1.0,4092.26,4092.26,4092.26,0.0,72.84,0.0,0.0,red_box_midline::red_mid_2,35.24,0.0,35.24,ORACLE_GT10_CANDIDATE_GENERATION_FAIL,CANDIDATE_GENERATION_FAILURE_GT10,0.0,0.0,0.0,0.0,0.0,1.0
2026-06-11,2026-06-10,L6,RANGE_WIDE_120_220,CLOSE_POS_LOWER_THIRD,ROWS_EXTENDED_11_PLUS,4071.32,PREV_CLOSE_PROXY,,NEUTRAL,4130.78,20.0,5.0,MODE_A_LIVE_PROXIMITY_HEAVY,2.0,4149.87,4149.87,4149.87,0.0,19.09,0.0,0.0,green_box_quarter::green_box_1_75pct,MODE_D_NEAREST_VALID_LADDER,4071.32,59.46,0.0,0.0,prior_hlc::previous_close,MODE_A_LIVE_PROXIMITY_HEAVY,REGIME_LEVEL_BROAD,41.776157,1.0,4071.32,4071.32,4071.32,0.0,59.46,0.0,0.0,prior_hlc::previous_close,40.37,0.0,40.37,ORACLE_GT10_CANDIDATE_GENERATION_FAIL,CANDIDATE_GENERATION_FAILURE_GT10,0.0,0.0,0.0,0.0,0.0,1.0
2026-06-11,2026-06-10,L7,RANGE_WIDE_120_220,CLOSE_POS_LOWER_THIRD,ROWS_EXTENDED_11_PLUS,4071.32,PREV_CLOSE_PROXY,,NEUTRAL,4097.25,20.0,5.0,MODE_C_BALANCED,1.0,4090.9,4090.9,4090.9,0.0,6.35,0.0,0.0,prior_range_fraction::prev_range_0.125,MODE_C_BALANCED,4090.9,6.35,0.0,0.0,prior_range_fraction::prev_range_0.125,MODE_A_LIVE_PROXIMITY_HEAVY,REGIME_LEVEL_BROAD,52.460275,1.0,4064.65,4064.65,4064.65,0.0,32.6,0.0,0.0,red_box_quarter::red_box_2_75pct,26.25,26.25,0.0,ORACLE_WITHIN_10,ORACLE_ONLY_REDUCES_ERROR_NOT_WITHIN_5,0.0,0.0,0.0,0.0,0.0,0.0
2026-06-12,2026-06-11,L4,RANGE_WIDE_120_220,CLOSE_POS_UPPER_THIRD,ROWS_EXTENDED_11_PLUS,4210.77,PREV_CLOSE_PROXY,,NEUTRAL,4220.33,20.0,5.0,MODE_B_EMA_CHANNEL_DIRECTION_HEAVY,2.0,4250.14,4250.14,4250.14,0.0,29.81,0.0,0.0,green_box_edge::green_edge_2,MODE_B_EMA_CHANNEL_DIRECTION_HEAVY,4306.7075,86.3775,0.0,0.0,green_box_midline::green_mid_3,MODE_A_LIVE_PROXIMITY_HEAVY,REGIME_LEVEL_EXACT,34.045167,1.0,4306.7075,4306.7075,4306.7075,0.0,86.3775,0.0,0.0,green_box_midline::green_mid_3,56.5675,0.0,56.5675,ORACLE_GT10_CANDIDATE_GENERATION_FAIL,CANDIDATE_GENERATION_FAILURE_GT10,0.0,0.0,0.0,0.0,0.0,1.0
2026-06-12,2026-06-11,L5,RANGE_WIDE_120_220,CLOSE_POS_UPPER_THIRD,ROWS_EXTENDED_11_PLUS,4210.77,PREV_CLOSE_PROXY,,NEUTRAL,4184.94,20.0,5.0,MODE_A_LIVE_PROXIMITY_HEAVY,2.0,4193.5725,4193.5725,4193.5725,0.0,8.6325,0.0,0.0,green_box_midline::green_mid_2,MODE_D_NEAREST_VALID_LADDER,4220.998125,36.058125,0.0,0.0,prior_hlc::previous_high | green_box_quarter::green_box_2_75pct,MODE_A_LIVE_PROXIMITY_HEAVY,REGIME_LEVEL_EXACT,26.846667,1.0,4220.998125,4220.14,4221.85625,1.71625,36.058125,0.0,0.0,prior_hlc::previous_high | green_box_quarter::green_box_2_75pct,27.425625,0.0,27.425625,ORACLE_WITHIN_10,ORACLE_ONLY_REDUCES_ERROR_NOT_WITHIN_5,0.0,0.0,0.0,0.0,0.0,0.0
2026-06-12,2026-06-11,L6,RANGE_WIDE_120_220,CLOSE_POS_UPPER_THIRD,ROWS_EXTENDED_11_PLUS,4210.77,PREV_CLOSE_PROXY,,NEUTRAL,4161.3,25.0,5.0,MODE_C_BALANCED,2.0,4165.28875,4165.28875,4165.28875,0.0,3.98875,0.0,1.0,green_box_quarter::green_box_2_25pct,MODE_C_BALANCED,4154.716732,6.583268,0.0,0.0,prior_range_fraction::prev_range_0.666667,MODE_A_LIVE_PROXIMITY_HEAVY,REGIME_LEVEL_EXACT,27.983667,1.0,4171.0725,4171.0725,4171.0725,0.0,9.7725,0.0,0.0,prior_range_fraction::prev_range_0.75,5.78375,3.189232,2.594518,ORACLE_WITHIN_5,CANDIDATE_RANKING_FAILURE_LOWER_RANK_CANDIDATE,0.0,1.0,1.0,0.0,1.0,0.0
2026-06-12,2026-06-11,L7,RANGE_WIDE_120_220,CLOSE_POS_UPPER_THIRD,ROWS_EXTENDED_11_PLUS,4210.77,PREV_CLOSE_PROXY,,NEUTRAL,4130.89,25.0,5.0,MODE_B_EMA_CHANNEL_DIRECTION_HEAVY,2.0,4135.28875,4135.28875,4135.28875,0.0,4.39875,0.0,1.0,red_box_quarter::red_box_1_75pct,MODE_C_BALANCED,4107.005,23.885,0.0,0.0,red_box_edge::red_edge_1,MODE_A_LIVE_PROXIMITY_HEAVY,REGIME_LEVEL_EXACT,18.774667,1.0,4107.005,4107.005,4107.005,0.0,23.885,0.0,0.0,red_box_edge::red_edge_1,19.48625,0.0,19.48625,ORACLE_WITHIN_5,CANDIDATE_RANKING_FAILURE_LOWER_RANK_CANDIDATE,0.0,1.0,1.0,0.0,1.0,0.0
2026-06-15,2026-06-12,L4,RANGE_NORMAL_60_120,CLOSE_POS_MIDDLE_THIRD,ROWS_EXTENDED_11_PLUS,4218.5,PREV_CLOSE_PROXY,,NEUTRAL,4345.41,20.0,5.0,MODE_B_EMA_CHANNEL_DIRECTION_HEAVY,4.0,4289.91875,4289.91875,4289.91875,0.0,55.49125,0.0,0.0,green_box_quarter::green_box_3_25pct,MODE_B_EMA_CHANNEL_DIRECTION_HEAVY,4263.34125,82.06875,0.0,0.0,green_box_quarter::green_box_2_75pct,MODE_A_LIVE_PROXIMITY_HEAVY,REGIME_LEVEL_EXACT,31.814333,1.0,4263.34125,4263.34125,4263.34125,0.0,82.06875,0.0,0.0,green_box_quarter::green_box_2_75pct,26.5775,0.0,26.5775,ORACLE_GT10_CANDIDATE_GENERATION_FAIL,CANDIDATE_GENERATION_FAILURE_GT10,0.0,0.0,0.0,0.0,0.0,1.0
2026-06-15,2026-06-12,L5,RANGE_NORMAL_60_120,CLOSE_POS_MIDDLE_THIRD,ROWS_EXTENDED_11_PLUS,4218.5,PREV_CLOSE_PROXY,,NEUTRAL,4313.94,15.0,5.0,MODE_B_EMA_CHANNEL_DIRECTION_HEAVY,2.0,4263.34125,4263.34125,4263.34125,0.0,50.59875,0.0,0.0,green_box_quarter::green_box_2_75pct,MODE_C_BALANCED,4233.34125,80.59875,0.0,0.0,red_box_quarter::red_box_1_25pct,MODE_A_LIVE_PROXIMITY_HEAVY,REGIME_LEVEL_EXACT,38.096333,1.0,4233.34125,4233.34125,4233.34125,0.0,80.59875,0.0,0.0,red_box_quarter::red_box_1_25pct,30.0,0.0,30.0,ORACLE_GT10_CANDIDATE_GENERATION_FAIL,CANDIDATE_GENERATION_FAILURE_GT10,0.0,0.0,0.0,0.0,0.0,1.0
2026-06-15,2026-06-12,L6,RANGE_NORMAL_60_120,CLOSE_POS_MIDDLE_THIRD,ROWS_EXTENDED_11_PLUS,4218.5,PREV_CLOSE_PROXY,,NEUTRAL,4281.24,20.0,5.0,MODE_D_NEAREST_VALID_LADDER,3.0,4227.5525,4227.5525,4227.5525,0.0,53.6875,0.0,0.0,prior_range_fraction::prev_range_0.75,MODE_D_NEAREST_VALID_LADDER,4206.76375,74.47625,0.0,0.0,red_box_quarter::red_box_1_75pct,MODE_A_LIVE_PROXIMITY_HEAVY,REGIME_LEVEL_EXACT,37.544333,1.0,4206.76375,4206.76375,4206.76375,0.0,74.47625,0.0,0.0,red_box_quarter::red_box_1_75pct,20.78875,0.0,20.78875,ORACLE_GT10_CANDIDATE_GENERATION_FAIL,CANDIDATE_GENERATION_FAILURE_GT10,0.0,0.0,0.0,0.0,0.0,1.0
2026-06-15,2026-06-12,L7,RANGE_NORMAL_60_120,CLOSE_POS_MIDDLE_THIRD,ROWS_EXTENDED_11_PLUS,4218.5,PREV_CLOSE_PROXY,,NEUTRAL,4248.13,15.0,5.0,MODE_C_BALANCED,1.0,4198.18396,4196.8975,4199.47042,2.57292,49.94604,0.0,0.0,green_box_midline::green_mid_1 | prior_range_fraction::prev_range_0.382,MODE_C_BALANCED,4198.18396,49.94604,0.0,0.0,green_box_midline::green_mid_1 | prior_range_fraction::prev_range_0.382,MODE_B_EMA_CHANNEL_DIRECTION_HEAVY,REGIME_LEVEL_EXACT,31.191709,1.0,4198.18396,4196.8975,4199.47042,2.57292,49.94604,0.0,0.0,green_box_midline::green_mid_1 | prior_range_fraction::prev_range_0.382,0.0,0.0,0.0,ORACLE_GT10_CANDIDATE_GENERATION_FAIL,CANDIDATE_GENERATION_FAILURE_GT10,0.0,0.0,0.0,0.0,0.0,1.0
2026-06-16,2026-06-15,L4,RANGE_NORMAL_60_120,CLOSE_POS_MIDDLE_THIRD,ROWS_STANDARD_9_10,4309.03,PREV_CLOSE_PROXY,,NEUTRAL,4358.15,20.0,5.0,MODE_C_BALANCED,1.0,4364.7475,4364.7475,4364.7475,0.0,6.5975,0.0,0.0,green_box_midline::green_mid_2,MODE_C_BALANCED,4364.7475,6.5975,0.0,0.0,green_box_midline::green_mid_2,MODE_E_SPACING_PRESERVATION,REGIME_LEVEL_EXACT,60.042905,1.0,4364.7475,4364.7475,4364.7475,0.0,6.5975,0.0,0.0,green_box_midline::green_mid_2,0.0,0.0,0.0,ORACLE_WITHIN_10,ORACLE_ONLY_REDUCES_ERROR_NOT_WITHIN_5,0.0,0.0,0.0,0.0,0.0,0.0
2026-06-16,2026-06-15,L5,RANGE_NORMAL_60_120,CLOSE_POS_MIDDLE_THIRD,ROWS_STANDARD_9_10,4309.03,PREV_CLOSE_PROXY,,NEUTRAL,4329.57,20.0,5.0,MODE_C_BALANCED,1.0,4329.875,4329.875,4329.875,0.0,0.305,1.0,1.0,green_box_edge::green_edge_1,MODE_C_BALANCED,4329.875,0.305,1.0,1.0,green_box_edge::green_edge_1,MODE_A_LIVE_PROXIMITY_HEAVY,REGIME_LEVEL_EXACT,54.035621,1.0,4329.875,4329.875,4329.875,0.0,0.305,1.0,1.0,green_box_edge::green_edge_1,0.0,0.0,0.0,ORACLE_WITHIN_3,ROUTER_ACCEPTABLE_WITHIN_5,1.0,1.0,0.0,0.0,0.0,0.0
2026-06-16,2026-06-15,L6,RANGE_NORMAL_60_120,CLOSE_POS_MIDDLE_THIRD,ROWS_STANDARD_9_10,4309.03,PREV_CLOSE_PROXY,,NEUTRAL,4300.22,20.0,5.0,MODE_C_BALANCED,1.0,4300.91509,4299.875,4301.95518,2.08018,0.69509,1.0,1.0,red_box_edge::red_edge_1 | prior_range_fraction::prev_range_0.382,MODE_C_BALANCED,4300.91509,0.69509,1.0,1.0,red_box_edge::red_edge_1 | prior_range_fraction::prev_range_0.382,MODE_B_EMA_CHANNEL_DIRECTION_HEAVY,REGIME_LEVEL_EXACT,49.327736,1.0,4300.91509,4299.875,4301.95518,2.08018,0.69509,1.0,1.0,red_box_edge::red_edge_1 | prior_range_fraction::prev_range_0.382,0.0,0.0,0.0,ORACLE_WITHIN_3,ROUTER_ACCEPTABLE_WITHIN_5,1.0,1.0,0.0,0.0,0.0,0.0
2026-06-16,2026-06-15,L7,RANGE_NORMAL_60_120,CLOSE_POS_MIDDLE_THIRD,ROWS_STANDARD_9_10,4309.03,PREV_CLOSE_PROXY,,NEUTRAL,4271.91,20.0,5.0,MODE_D_NEAREST_VALID_LADDER,1.0,4265.0025,4265.0025,4265.0025,0.0,6.9075,0.0,0.0,red_box_midline::red_mid_2,MODE_D_NEAREST_VALID_LADDER,4265.0025,6.9075,0.0,0.0,red_box_midline::red_mid_2,MODE_B_EMA_CHANNEL_DIRECTION_HEAVY,REGIME_LEVEL_EXACT,49.810178,1.0,4282.43875,4282.43875,4282.43875,0.0,10.52875,0.0,0.0,red_box_quarter::red_box_2_25pct,3.62125,3.62125,0.0,ORACLE_WITHIN_10,ORACLE_ONLY_REDUCES_ERROR_NOT_WITHIN_5,0.0,0.0,0.0,0.0,0.0,0.0
2026-06-17,2026-06-16,L4,RANGE_COMPRESSED_0_60,CLOSE_POS_MIDDLE_THIRD,ROWS_STANDARD_9_10,4331.14,PREV_CLOSE_PROXY,,NEUTRAL,4385.49,20.0,5.0,MODE_B_EMA_CHANNEL_DIRECTION_HEAVY,3.0,4394.8675,4394.8675,4394.8675,0.0,9.3775,0.0,0.0,green_box_quarter::green_box_3_25pct,MODE_D_NEAREST_VALID_LADDER,4354.95,30.54,0.0,0.0,prior_hlc::previous_high,MODE_A_LIVE_PROXIMITY_HEAVY,REGIME_LEVEL_BROAD,31.805125,1.0,4354.95,4354.95,4354.95,0.0,30.54,0.0,0.0,prior_hlc::previous_high,21.1625,0.0,21.1625,ORACLE_WITHIN_10,ORACLE_ONLY_REDUCES_ERROR_NOT_WITHIN_5,0.0,0.0,0.0,0.0,0.0,0.0
2026-06-17,2026-06-16,L5,RANGE_COMPRESSED_0_60,CLOSE_POS_MIDDLE_THIRD,ROWS_STANDARD_9_10,4331.14,PREV_CLOSE_PROXY,,NEUTRAL,4350.94,20.0,5.0,MODE_C_BALANCED,1.0,4342.615,4342.615,4342.615,0.0,8.325,0.0,0.0,prior_range_fraction::prev_range_0.75,MODE_C_BALANCED,4342.615,8.325,0.0,0.0,prior_range_fraction::prev_range_0.75,MODE_A_LIVE_PROXIMITY_HEAVY,REGIME_LEVEL_BROAD,33.794389,1.0,4342.615,4342.615,4342.615,0.0,8.325,0.0,0.0,prior_range_fraction::prev_range_0.75,0.0,0.0,0.0,ORACLE_WITHIN_10,ORACLE_ONLY_REDUCES_ERROR_NOT_WITHIN_5,0.0,0.0,0.0,0.0,0.0,0.0
2026-06-17,2026-06-16,L6,RANGE_COMPRESSED_0_60,CLOSE_POS_MIDDLE_THIRD,ROWS_STANDARD_9_10,4331.14,PREV_CLOSE_PROXY,,NEUTRAL,4322.25,20.0,5.0,MODE_C_BALANCED,1.0,4330.28,4330.28,4330.28,0.0,8.03,0.0,0.0,prior_hlc::previous_mid,MODE_C_BALANCED,4330.28,8.03,0.0,0.0,prior_hlc::previous_mid,MODE_A_LIVE_PROXIMITY_HEAVY,REGIME_LEVEL_BROAD,35.825389,1.0,4330.28,4330.28,4330.28,0.0,8.03,0.0,0.0,prior_hlc::previous_mid,0.0,0.0,0.0,ORACLE_WITHIN_10,ORACLE_ONLY_REDUCES_ERROR_NOT_WITHIN_5,0.0,0.0,0.0,0.0,0.0,0.0
2026-06-17,2026-06-16,L7,RANGE_COMPRESSED_0_60,CLOSE_POS_MIDDLE_THIRD,ROWS_STANDARD_9_10,4331.14,PREV_CLOSE_PROXY,,NEUTRAL,4290.28,15.0,5.0,MODE_B_EMA_CHANNEL_DIRECTION_HEAVY,2.0,4275.61,4275.61,4275.61,0.0,14.67,0.0,0.0,red_box_edge::red_edge_2,MODE_C_BALANCED,4305.61,15.33,0.0,0.0,prior_hlc::previous_low,MODE_A_LIVE_PROXIMITY_HEAVY,REGIME_LEVEL_BROAD,37.070667,1.0,4305.61,4305.61,4305.61,0.0,15.33,0.0,0.0,prior_hlc::previous_low,0.66,0.0,0.66,ORACLE_GT10_CANDIDATE_GENERATION_FAIL,CANDIDATE_GENERATION_FAILURE_GT10,0.0,0.0,0.0,0.0,0.0,1.0
2026-06-18,2026-06-17,L4,RANGE_WIDE_120_220,CLOSE_POS_LOWER_THIRD,ROWS_SPARSE_1_8,4257.74,PREV_CLOSE_PROXY,,NEUTRAL,4293.9,5.0,5.0,MODE_B_EMA_CHANNEL_DIRECTION_HEAVY,1.0,4281.47172,4281.47172,4281.47172,0.0,12.42828,0.0,0.0,prior_range_fraction::prev_range_0.382,MODE_B_EMA_CHANNEL_DIRECTION_HEAVY,4281.47172,12.42828,0.0,0.0,prior_range_fraction::prev_range_0.382,MODE_B_EMA_CHANNEL_DIRECTION_HEAVY,REGIME_LEVEL_BROAD,36.084829,1.0,4281.47172,4281.47172,4281.47172,0.0,12.42828,0.0,0.0,prior_range_fraction::prev_range_0.382,0.0,0.0,0.0,ORACLE_GT10_CANDIDATE_GENERATION_FAIL,CANDIDATE_GENERATION_FAILURE_GT10,0.0,0.0,0.0,0.0,0.0,1.0
2026-06-18,2026-06-17,L5,RANGE_WIDE_120_220,CLOSE_POS_LOWER_THIRD,ROWS_SPARSE_1_8,4257.74,PREV_CLOSE_PROXY,,NEUTRAL,4262.79,5.0,5.0,MODE_C_BALANCED,1.0,4243.2125,4243.2125,4243.2125,0.0,19.5775,0.0,0.0,green_box_quarter::green_box_1_25pct,MODE_C_BALANCED,4243.2125,19.5775,0.0,0.0,green_box_quarter::green_box_1_25pct,MODE_B_EMA_CHANNEL_DIRECTION_HEAVY,REGIME_LEVEL_BROAD,38.232639,1.0,4243.2125,4243.2125,4243.2125,0.0,19.5775,0.0,0.0,green_box_quarter::green_box_1_25pct,0.0,0.0,0.0,ORACLE_GT10_CANDIDATE_GENERATION_FAIL,CANDIDATE_GENERATION_FAILURE_GT10,0.0,0.0,0.0,0.0,0.0,1.0
2026-06-18,2026-06-17,L6,RANGE_WIDE_120_220,CLOSE_POS_LOWER_THIRD,ROWS_SPARSE_1_8,4257.74,PREV_CLOSE_PROXY,,NEUTRAL,4235.68,5.0,5.0,MODE_C_BALANCED,1.0,4213.2125,4213.2125,4213.2125,0.0,22.4675,0.0,0.0,red_box_quarter::red_box_2_75pct,MODE_C_BALANCED,4213.2125,22.4675,0.0,0.0,red_box_quarter::red_box_2_75pct,MODE_A_LIVE_PROXIMITY_HEAVY,REGIME_LEVEL_BROAD,40.245444,1.0,4213.2125,4213.2125,4213.2125,0.0,22.4675,0.0,0.0,red_box_quarter::red_box_2_75pct,0.0,0.0,0.0,ORACLE_GT10_CANDIDATE_GENERATION_FAIL,CANDIDATE_GENERATION_FAILURE_GT10,0.0,0.0,0.0,0.0,0.0,1.0
2026-06-18,2026-06-17,L7,RANGE_WIDE_120_220,CLOSE_POS_LOWER_THIRD,ROWS_SPARSE_1_8,4257.74,PREV_CLOSE_PROXY,,NEUTRAL,4203.55,5.0,5.0,MODE_B_EMA_CHANNEL_DIRECTION_HEAVY,1.0,4164.8475,4164.8475,4164.8475,0.0,38.7025,0.0,0.0,red_box_quarter::red_box_3_25pct,MODE_B_EMA_CHANNEL_DIRECTION_HEAVY,4164.8475,38.7025,0.0,0.0,red_box_quarter::red_box_3_25pct,MODE_C_BALANCED,REGIME_LEVEL_BROAD,53.341167,1.0,4164.8475,4164.8475,4164.8475,0.0,38.7025,0.0,0.0,red_box_quarter::red_box_3_25pct,0.0,0.0,0.0,ORACLE_GT10_CANDIDATE_GENERATION_FAIL,CANDIDATE_GENERATION_FAILURE_GT10,0.0,0.0,0.0,0.0,0.0,1.0
2026-06-19,2026-06-18,L4,RANGE_WIDE_120_220,CLOSE_POS_LOWER_THIRD,ROWS_STANDARD_9_10,4209.04,PREV_CLOSE_PROXY,,NEUTRAL,4332.32,15.0,5.0,MODE_C_BALANCED,1.0,4280.91738,4280.91738,4280.91738,0.0,51.40262,0.0,0.0,prior_range_fraction::prev_range_0.618,MODE_C_BALANCED,4280.91738,51.40262,0.0,0.0,prior_range_fraction::prev_range_0.618,MODE_A_LIVE_PROXIMITY_HEAVY,REGIME_LEVEL_EXACT,29.656617,1.0,4280.91738,4280.91738,4280.91738,0.0,51.40262,0.0,0.0,prior_range_fraction::prev_range_0.618,0.0,0.0,0.0,ORACLE_GT10_CANDIDATE_GENERATION_FAIL,CANDIDATE_GENERATION_FAILURE_GT10,0.0,0.0,0.0,0.0,0.0,1.0
2026-06-19,2026-06-18,L5,RANGE_WIDE_120_220,CLOSE_POS_LOWER_THIRD,ROWS_STANDARD_9_10,4209.04,PREV_CLOSE_PROXY,,NEUTRAL,4301.82,15.0,5.0,MODE_C_BALANCED,1.0,4247.564146,4244.363291,4250.765,6.401709,54.255854,0.0,0.0,prior_range_fraction::prev_range_0.333333 | prior_hlc::previous_pivot_hlc3 | red_box_edge::red_edge_1,MODE_C_BALANCED,4247.564146,54.255854,0.0,0.0,prior_range_fraction::prev_range_0.333333 | prior_hlc::previous_pivot_hlc3 | red_box_edge::red_edge_1,MODE_A_LIVE_PROXIMITY_HEAVY,REGIME_LEVEL_EXACT,35.96435,1.0,4247.564146,4244.363291,4250.765,6.401709,54.255854,0.0,0.0,prior_range_fraction::prev_range_0.333333 | prior_hlc::previous_pivot_hlc3 | red_box_edge::red_edge_1,0.0,0.0,0.0,ORACLE_GT10_CANDIDATE_GENERATION_FAIL,CANDIDATE_GENERATION_FAILURE_GT10,0.0,0.0,0.0,0.0,0.0,1.0
2026-06-19,2026-06-18,L6,RANGE_WIDE_120_220,CLOSE_POS_LOWER_THIRD,ROWS_STANDARD_9_10,4209.04,PREV_CLOSE_PROXY,,NEUTRAL,4270.84,25.0,5.0,MODE_C_BALANCED,5.0,4221.36125,4221.36125,4221.36125,0.0,49.47875,0.0,0.0,green_box_quarter::green_box_1_25pct,MODE_C_BALANCED,4191.36125,79.47875,0.0,0.0,red_box_quarter::red_box_2_75pct,MODE_A_LIVE_PROXIMITY_HEAVY,REGIME_LEVEL_EXACT,40.443417,1.0,4191.36125,4191.36125,4191.36125,0.0,79.47875,0.0,0.0,red_box_quarter::red_box_2_75pct,30.0,0.0,30.0,ORACLE_GT10_CANDIDATE_GENERATION_FAIL,CANDIDATE_GENERATION_FAILURE_GT10,0.0,0.0,0.0,0.0,0.0,1.0
2026-06-19,2026-06-18,L7,RANGE_WIDE_120_220,CLOSE_POS_LOWER_THIRD,ROWS_STANDARD_9_10,4209.04,PREV_CLOSE_PROXY,,NEUTRAL,4241.28,20.0,5.0,MODE_B_EMA_CHANNEL_DIRECTION_HEAVY,2.0,4201.56,4201.56,4201.56,0.0,39.72,0.0,0.0,prior_hlc::previous_low,MODE_B_EMA_CHANNEL_DIRECTION_HEAVY,4171.56,69.72,0.0,0.0,red_box_edge::red_edge_2,MODE_A_LIVE_PROXIMITY_HEAVY,REGIME_LEVEL_EXACT,58.641,1.0,4171.56,4171.56,4171.56,0.0,69.72,0.0,0.0,red_box_edge::red_edge_2,30.0,0.0,30.0,ORACLE_GT10_CANDIDATE_GENERATION_FAIL,CANDIDATE_GENERATION_FAILURE_GT10,0.0,0.0,0.0,0.0,0.0,1.0
2026-06-22,2026-06-19,L4,RANGE_NORMAL_60_120,CLOSE_POS_MIDDLE_THIRD,ROWS_STANDARD_9_10,4155.81,PREV_CLOSE_PROXY,,NEUTRAL,4216.38,20.0,5.0,MODE_C_BALANCED,2.0,4213.1275,4213.1275,4213.1275,0.0,3.2525,0.0,1.0,green_box_midline::green_mid_2,MODE_C_BALANCED,4198.1275,18.2525,0.0,0.0,green_box_quarter::green_box_2_25pct | red_box_quarter::red_box_1_25pct,MODE_E_SPACING_PRESERVATION,REGIME_LEVEL_EXACT,61.742757,1.0,4198.1275,4197.91625,4198.33875,0.4225,18.2525,0.0,0.0,green_box_quarter::green_box_2_25pct | red_box_quarter::red_box_1_25pct,15.0,0.0,15.0,ORACLE_WITHIN_5,CANDIDATE_RANKING_FAILURE_LOWER_RANK_CANDIDATE,0.0,1.0,1.0,0.0,1.0,0.0
2026-06-22,2026-06-19,L5,RANGE_NORMAL_60_120,CLOSE_POS_MIDDLE_THIRD,ROWS_STANDARD_9_10,4155.81,PREV_CLOSE_PROXY,,NEUTRAL,4178.43,15.0,5.0,MODE_C_BALANCED,1.0,4182.705,4182.705,4182.705,0.0,4.275,0.0,1.0,green_box_edge::green_edge_1,MODE_C_BALANCED,4182.705,4.275,0.0,1.0,green_box_edge::green_edge_1,MODE_A_LIVE_PROXIMITY_HEAVY,REGIME_LEVEL_EXACT,56.715507,1.0,4182.705,4182.705,4182.705,0.0,4.275,0.0,1.0,green_box_edge::green_edge_1,0.0,0.0,0.0,ORACLE_WITHIN_5,ROUTER_ACCEPTABLE_WITHIN_5,0.0,1.0,0.0,0.0,0.0,0.0
2026-06-22,2026-06-19,L6,RANGE_NORMAL_60_120,CLOSE_POS_MIDDLE_THIRD,ROWS_STANDARD_9_10,4155.81,PREV_CLOSE_PROXY,,NEUTRAL,4140.8,15.0,5.0,MODE_C_BALANCED,1.0,4154.79529,4152.705,4156.88558,4.18058,13.99529,0.0,0.0,red_box_edge::red_edge_1 | prior_hlc::previous_close | prior_range_fraction::prev_range_0.382,MODE_C_BALANCED,4154.79529,13.99529,0.0,0.0,red_box_edge::red_edge_1 | prior_hlc::previous_close | prior_range_fraction::prev_range_0.382,MODE_B_EMA_CHANNEL_DIRECTION_HEAVY,REGIME_LEVEL_EXACT,52.62129,1.0,4154.79529,4152.705,4156.88558,4.18058,13.99529,0.0,0.0,red_box_edge::red_edge_1 | prior_hlc::previous_close | prior_range_fraction::prev_range_0.382,0.0,0.0,0.0,ORACLE_GT10_CANDIDATE_GENERATION_FAIL,CANDIDATE_GENERATION_FAILURE_GT10,0.0,0.0,0.0,0.0,0.0,1.0
2026-06-22,2026-06-19,L7,RANGE_NORMAL_60_120,CLOSE_POS_MIDDLE_THIRD,ROWS_STANDARD_9_10,4155.81,PREV_CLOSE_PROXY,,NEUTRAL,4106.42,20.0,5.0,MODE_D_NEAREST_VALID_LADDER,1.0,4122.2825,4122.2825,4122.2825,0.0,15.8625,0.0,0.0,red_box_midline::red_mid_2,MODE_D_NEAREST_VALID_LADDER,4122.2825,15.8625,0.0,0.0,red_box_midline::red_mid_2,MODE_B_EMA_CHANNEL_DIRECTION_HEAVY,REGIME_LEVEL_EXACT,50.73804,1.0,4137.49375,4137.49375,4137.49375,0.0,31.07375,0.0,0.0,red_box_quarter::red_box_2_25pct,15.21125,15.21125,0.0,ORACLE_GT10_CANDIDATE_GENERATION_FAIL,CANDIDATE_GENERATION_FAILURE_GT10,0.0,0.0,0.0,0.0,0.0,1.0
2026-06-23,2026-06-22,L4,RANGE_NORMAL_60_120,CLOSE_POS_MIDDLE_THIRD,ROWS_STANDARD_9_10,4191.26,PREV_CLOSE_PROXY,,NEUTRAL,4212.81,20.0,5.0,MODE_C_BALANCED,1.0,4207.3425,4206.70625,4207.97875,1.2725,5.4675,0.0,0.0,red_box_quarter::red_box_1_25pct | green_box_quarter::green_box_2_25pct,MODE_C_BALANCED,4207.3425,5.4675,0.0,0.0,red_box_quarter::red_box_1_25pct | green_box_quarter::green_box_2_25pct,MODE_E_SPACING_PRESERVATION,REGIME_LEVEL_EXACT,61.448208,1.0,4207.3425,4206.70625,4207.97875,1.2725,5.4675,0.0,0.0,red_box_quarter::red_box_1_25pct | green_box_quarter::green_box_2_25pct,0.0,0.0,0.0,ORACLE_WITHIN_10,ORACLE_ONLY_REDUCES_ERROR_NOT_WITHIN_5,0.0,0.0,0.0,0.0,0.0,0.0
2026-06-23,2026-06-22,L5,RANGE_NORMAL_60_120,CLOSE_POS_MIDDLE_THIRD,ROWS_STANDARD_9_10,4191.26,PREV_CLOSE_PROXY,,NEUTRAL,4174.21,15.0,5.0,MODE_C_BALANCED,3.0,4168.59562,4168.59562,4168.59562,0.0,5.61438,0.0,0.0,prior_range_fraction::prev_range_0.382,MODE_C_BALANCED,4191.12469,16.91469,0.0,0.0,prior_range_fraction::prev_range_0.618 | green_box_edge::green_edge_1,MODE_A_LIVE_PROXIMITY_HEAVY,REGIME_LEVEL_EXACT,59.005042,1.0,4191.12469,4188.63438,4193.615,4.98062,16.91469,0.0,0.0,prior_range_fraction::prev_range_0.618 | green_box_edge::green_edge_1,11.30031,0.0,11.30031,ORACLE_WITHIN_10,ORACLE_ONLY_REDUCES_ERROR_NOT_WITHIN_5,0.0,0.0,0.0,0.0,0.0,0.0
2026-06-23,2026-06-22,L6,RANGE_NORMAL_60_120,CLOSE_POS_MIDDLE_THIRD,ROWS_STANDARD_9_10,4191.26,PREV_CLOSE_PROXY,,NEUTRAL,4137.23,20.0,5.0,MODE_C_BALANCED,1.0,4166.10531,4163.615,4168.59562,4.98062,28.87531,0.0,0.0,red_box_edge::red_edge_1 | prior_range_fraction::prev_range_0.382,MODE_C_BALANCED,4166.10531,28.87531,0.0,0.0,red_box_edge::red_edge_1 | prior_range_fraction::prev_range_0.382,MODE_B_EMA_CHANNEL_DIRECTION_HEAVY,REGIME_LEVEL_EXACT,54.225425,1.0,4166.10531,4163.615,4168.59562,4.98062,28.87531,0.0,0.0,red_box_edge::red_edge_1 | prior_range_fraction::prev_range_0.382,0.0,0.0,0.0,ORACLE_GT10_CANDIDATE_GENERATION_FAIL,CANDIDATE_GENERATION_FAILURE_GT10,0.0,0.0,0.0,0.0,0.0,1.0
2026-06-23,2026-06-22,L7,RANGE_NORMAL_60_120,CLOSE_POS_MIDDLE_THIRD,ROWS_STANDARD_9_10,4191.26,PREV_CLOSE_PROXY,,NEUTRAL,4101.88,20.0,5.0,MODE_C_BALANCED,2.0,4134.8875,4134.8875,4134.8875,0.0,33.0075,0.0,0.0,red_box_midline::red_mid_2,MODE_C_BALANCED,4149.25125,47.37125,0.0,0.0,red_box_quarter::red_box_2_25pct,MODE_B_EMA_CHANNEL_DIRECTION_HEAVY,REGIME_LEVEL_EXACT,51.613208,1.0,4149.25125,4149.25125,4149.25125,0.0,47.37125,0.0,0.0,red_box_quarter::red_box_2_25pct,14.36375,0.0,14.36375,ORACLE_GT10_CANDIDATE_GENERATION_FAIL,CANDIDATE_GENERATION_FAILURE_GT10,0.0,0.0,0.0,0.0,0.0,1.0
2026-06-25,2026-06-24,L4,RANGE_WIDE_120_220,CLOSE_POS_LOWER_THIRD,ROWS_STANDARD_9_10,3999.01,PREV_CLOSE_PROXY,,NEUTRAL,4098.68,25.0,5.0,MODE_C_BALANCED,1.0,4058.29158,4058.29158,4058.29158,0.0,40.38842,0.0,0.0,prior_range_fraction::prev_range_0.618,MODE_C_BALANCED,4058.29158,40.38842,0.0,0.0,prior_range_fraction::prev_range_0.618,MODE_A_LIVE_PROXIMITY_HEAVY,REGIME_LEVEL_EXACT,29.827258,1.0,4058.29158,4058.29158,4058.29158,0.0,40.38842,0.0,0.0,prior_range_fraction::prev_range_0.618,0.0,0.0,0.0,ORACLE_GT10_CANDIDATE_GENERATION_FAIL,CANDIDATE_GENERATION_FAILURE_GT10,0.0,0.0,0.0,0.0,0.0,1.0
2026-06-25,2026-06-24,L5,RANGE_WIDE_120_220,CLOSE_POS_LOWER_THIRD,ROWS_STANDARD_9_10,3999.01,PREV_CLOSE_PROXY,,NEUTRAL,4062.96,20.0,5.0,MODE_B_EMA_CHANNEL_DIRECTION_HEAVY,3.0,4078.16375,4078.16375,4078.16375,0.0,15.20375,0.0,0.0,green_box_quarter::green_box_2_25pct,MODE_C_BALANCED,4025.1475,37.8125,0.0,0.0,red_box_edge::red_edge_1 | prior_hlc::previous_pivot_hlc3,MODE_A_LIVE_PROXIMITY_HEAVY,REGIME_LEVEL_EXACT,35.593282,1.0,4025.1475,4024.375,4025.92,1.545,37.8125,0.0,0.0,red_box_edge::red_edge_1 | prior_hlc::previous_pivot_hlc3,22.60875,0.0,22.60875,ORACLE_GT10_CANDIDATE_GENERATION_FAIL,CANDIDATE_GENERATION_FAILURE_GT10,0.0,0.0,0.0,0.0,0.0,1.0
2026-06-25,2026-06-24,L6,RANGE_WIDE_120_220,CLOSE_POS_LOWER_THIRD,ROWS_STANDARD_9_10,3999.01,PREV_CLOSE_PROXY,,NEUTRAL,4029.12,25.0,5.0,MODE_C_BALANCED,5.0,4048.16375,4048.16375,4048.16375,0.0,19.04375,0.0,0.0,red_box_quarter::red_box_1_75pct,MODE_C_BALANCED,3976.7975,52.3225,0.0,0.0,red_box_midline::red_mid_2,MODE_A_LIVE_PROXIMITY_HEAVY,REGIME_LEVEL_EXACT,40.204474,1.0,3976.7975,3976.7975,3976.7975,0.0,52.3225,0.0,0.0,red_box_midline::red_mid_2,33.27875,0.0,33.27875,ORACLE_GT10_CANDIDATE_GENERATION_FAIL,CANDIDATE_GENERATION_FAILURE_GT10,0.0,0.0,0.0,0.0,0.0,1.0
2026-06-25,2026-06-24,L7,RANGE_WIDE_120_220,CLOSE_POS_LOWER_THIRD,ROWS_STANDARD_9_10,3999.01,PREV_CLOSE_PROXY,,NEUTRAL,3994.26,25.0,5.0,MODE_C_BALANCED,4.0,4006.7975,4006.7975,4006.7975,0.0,12.5375,0.0,0.0,green_box_midline::green_mid_1,MODE_B_EMA_CHANNEL_DIRECTION_HEAVY,3929.22,65.04,0.0,0.0,red_box_edge::red_edge_2,MODE_A_LIVE_PROXIMITY_HEAVY,REGIME_LEVEL_EXACT,57.402513,1.0,3929.22,3929.22,3929.22,0.0,65.04,0.0,0.0,red_box_edge::red_edge_2,52.5025,0.0,52.5025,ORACLE_GT10_CANDIDATE_GENERATION_FAIL,CANDIDATE_GENERATION_FAILURE_GT10,0.0,0.0,0.0,0.0,0.0,1.0
2026-06-26,2026-06-25,L4,RANGE_NORMAL_60_120,CLOSE_POS_UPPER_THIRD,ROWS_STANDARD_9_10,4026.59,PREV_CLOSE_PROXY,,NEUTRAL,4103.3,25.0,5.0,MODE_B_EMA_CHANNEL_DIRECTION_HEAVY,2.0,4088.15625,4088.15625,4088.15625,0.0,15.14375,0.0,0.0,green_box_quarter::green_box_3_25pct,MODE_B_EMA_CHANNEL_DIRECTION_HEAVY,4046.4675,56.8325,0.0,0.0,green_box_midline::green_mid_2,MODE_A_LIVE_PROXIMITY_HEAVY,REGIME_LEVEL_EXACT,62.070167,1.0,4046.4675,4046.4675,4046.4675,0.0,56.8325,0.0,0.0,green_box_midline::green_mid_2,41.68875,0.0,41.68875,ORACLE_GT10_CANDIDATE_GENERATION_FAIL,CANDIDATE_GENERATION_FAILURE_GT10,0.0,0.0,0.0,0.0,0.0,1.0
2026-06-26,2026-06-25,L5,RANGE_NORMAL_60_120,CLOSE_POS_UPPER_THIRD,ROWS_STANDARD_9_10,4026.59,PREV_CLOSE_PROXY,,NEUTRAL,4070.91,20.0,5.0,MODE_B_EMA_CHANNEL_DIRECTION_HEAVY,2.0,4074.26,4074.26,4074.26,0.0,3.35,0.0,1.0,green_box_edge::green_edge_2,MODE_C_BALANCED,4032.23875,38.67125,0.0,0.0,red_box_quarter::red_box_1_25pct | prior_range_fraction::prev_range_0.875,MODE_A_LIVE_PROXIMITY_HEAVY,REGIME_LEVEL_EXACT,62.353167,1.0,4032.23875,4030.36375,4034.11375,3.75,38.67125,0.0,0.0,red_box_quarter::red_box_1_25pct | prior_range_fraction::prev_range_0.875,35.32125,0.0,35.32125,ORACLE_WITHIN_5,CANDIDATE_RANKING_FAILURE_LOWER_RANK_CANDIDATE,0.0,1.0,1.0,0.0,1.0,0.0
2026-06-26,2026-06-25,L6,RANGE_NORMAL_60_120,CLOSE_POS_UPPER_THIRD,ROWS_STANDARD_9_10,4026.59,PREV_CLOSE_PROXY,,NEUTRAL,4036.2,20.0,5.0,MODE_D_NEAREST_VALID_LADDER,3.0,4023.9675,4023.9675,4023.9675,0.0,12.2325,0.0,0.0,prior_range_fraction::prev_range_0.75,MODE_C_BALANCED,4003.123125,33.076875,0.0,0.0,red_box_quarter::red_box_1_75pct | prior_hlc::previous_mid,MODE_A_LIVE_PROXIMITY_HEAVY,REGIME_LEVEL_EXACT,63.226912,1.0,4003.123125,4002.57125,4003.675,1.10375,33.076875,0.0,0.0,red_box_quarter::red_box_1_75pct | prior_hlc::previous_mid,20.844375,0.0,20.844375,ORACLE_GT10_CANDIDATE_GENERATION_FAIL,CANDIDATE_GENERATION_FAILURE_GT10,0.0,0.0,0.0,0.0,0.0,1.0
2026-06-26,2026-06-25,L7,RANGE_NORMAL_60_120,CLOSE_POS_UPPER_THIRD,ROWS_STANDARD_9_10,4026.59,PREV_CLOSE_PROXY,,NEUTRAL,4003.24,20.0,5.0,MODE_C_BALANCED,3.0,4003.675,4003.675,4003.675,0.0,0.435,1.0,1.0,prior_hlc::previous_mid,MODE_C_BALANCED,3990.8825,12.3575,0.0,0.0,green_box_midline::green_mid_1,MODE_C_BALANCED,REGIME_LEVEL_EXACT,60.749245,1.0,3990.8825,3990.8825,3990.8825,0.0,12.3575,0.0,0.0,green_box_midline::green_mid_1,11.9225,0.0,11.9225,ORACLE_WITHIN_3,CANDIDATE_RANKING_FAILURE_LOWER_RANK_CANDIDATE,1.0,1.0,1.0,0.0,1.0,0.0
2026-06-29,2026-06-26,L4,RANGE_NORMAL_60_120,CLOSE_POS_UPPER_THIRD,ROWS_STANDARD_9_10,4088.41,PREV_CLOSE_PROXY,,NEUTRAL,4097.6,25.0,5.0,MODE_C_BALANCED,2.0,4090.2975,4090.2975,4090.2975,0.0,7.3025,0.0,0.0,green_box_midline::green_mid_2,MODE_B_EMA_CHANNEL_DIRECTION_HEAVY,4161.7625,64.1625,0.0,0.0,green_box_midline::green_mid_3,MODE_A_LIVE_PROXIMITY_HEAVY,REGIME_LEVEL_EXACT,62.99392,1.0,4161.7625,4161.7625,4161.7625,0.0,64.1625,0.0,0.0,green_box_midline::green_mid_3,56.86,0.0,56.86,ORACLE_WITHIN_10,ORACLE_ONLY_REDUCES_ERROR_NOT_WITHIN_5,0.0,0.0,0.0,0.0,0.0,0.0
2026-06-29,2026-06-26,L5,RANGE_NORMAL_60_120,CLOSE_POS_UPPER_THIRD,ROWS_STANDARD_9_10,4088.41,PREV_CLOSE_PROXY,,NEUTRAL,4066.54,20.0,5.0,MODE_D_NEAREST_VALID_LADDER,2.0,4072.43125,4072.43125,4072.43125,0.0,5.89125,0.0,0.0,green_box_quarter::green_box_2_25pct,MODE_C_BALANCED,4080.03875,13.49875,0.0,0.0,red_box_quarter::red_box_1_25pct | prior_range_fraction::prev_range_0.875,MODE_A_LIVE_PROXIMITY_HEAVY,REGIME_LEVEL_EXACT,63.202713,1.0,4080.03875,4078.16375,4081.91375,3.75,13.49875,0.0,0.0,red_box_quarter::red_box_1_25pct | prior_range_fraction::prev_range_0.875,7.6075,0.0,7.6075,ORACLE_WITHIN_10,ORACLE_ONLY_REDUCES_ERROR_NOT_WITHIN_5,0.0,0.0,0.0,0.0,0.0,0.0
2026-06-29,2026-06-26,L6,RANGE_NORMAL_60_120,CLOSE_POS_UPPER_THIRD,ROWS_STANDARD_9_10,4088.41,PREV_CLOSE_PROXY,,NEUTRAL,4039.56,20.0,5.0,MODE_C_BALANCED,1.0,4040.998125,4039.565,4042.43125,2.86625,1.438125,1.0,1.0,prior_hlc::previous_mid | red_box_quarter::red_box_1_75pct,MODE_C_BALANCED,4040.998125,1.438125,1.0,1.0,prior_hlc::previous_mid | red_box_quarter::red_box_1_75pct,MODE_A_LIVE_PROXIMITY_HEAVY,REGIME_LEVEL_EXACT,63.883213,1.0,4060.2975,4060.2975,4060.2975,0.0,20.7375,0.0,0.0,red_box_midline::red_mid_1,19.299375,19.299375,0.0,ORACLE_WITHIN_3,MODE_SELECTION_FAILURE,1.0,1.0,1.0,1.0,0.0,0.0
2026-06-29,2026-06-26,L7,RANGE_NORMAL_60_120,CLOSE_POS_UPPER_THIRD,ROWS_STANDARD_9_10,4088.41,PREV_CLOSE_PROXY,,NEUTRAL,4003.96,25.0,5.0,MODE_C_BALANCED,3.0,4006.69875,4006.69875,4006.69875,0.0,2.73875,1.0,1.0,red_box_quarter::red_box_2_25pct,MODE_C_BALANCED,4018.8325,14.8725,0.0,0.0,green_box_midline::green_mid_1,MODE_C_BALANCED,REGIME_LEVEL_EXACT,62.181972,1.0,4018.8325,4018.8325,4018.8325,0.0,14.8725,0.0,0.0,green_box_midline::green_mid_1,12.13375,0.0,12.13375,ORACLE_WITHIN_3,CANDIDATE_RANKING_FAILURE_LOWER_RANK_CANDIDATE,1.0,1.0,1.0,0.0,1.0,0.0
2026-06-30,2026-06-29,L4,RANGE_NORMAL_60_120,CLOSE_POS_LOWER_THIRD,ROWS_STANDARD_9_10,4178.97,AUTO_JSON,ema_proxy_up,UP,4071.63,20.0,5.0,MODE_C_BALANCED,2.0,4072.66125,4072.66125,4072.66125,0.0,1.03125,1.0,1.0,green_box_quarter::green_box_2_25pct,MODE_C_BALANCED,4057.785848,13.844152,0.0,0.0,prior_range_fraction::prev_range_0.666667 | green_box_edge::green_edge_1,MODE_A_LIVE_PROXIMITY_HEAVY,REGIME_LEVEL_EXACT,39.026667,1.0,4116.54,4116.54,4116.54,0.0,44.91,0.0,0.0,green_box_edge::green_edge_2,43.87875,31.065848,12.812902,ORACLE_WITHIN_3,CANDIDATE_RANKING_FAILURE_LOWER_RANK_CANDIDATE,1.0,1.0,1.0,0.0,1.0,0.0
2026-06-30,2026-06-29,L5,RANGE_NORMAL_60_120,CLOSE_POS_LOWER_THIRD,ROWS_STANDARD_9_10,4178.97,AUTO_JSON,ema_proxy_up,UP,4039.56,25.0,5.0,MODE_B_EMA_CHANNEL_DIRECTION_HEAVY,1.0,4028.035,4028.035,4028.035,0.0,11.525,0.0,0.0,red_box_edge::red_edge_1,MODE_B_EMA_CHANNEL_DIRECTION_HEAVY,4028.035,11.525,0.0,0.0,red_box_edge::red_edge_1,MODE_B_EMA_CHANNEL_DIRECTION_HEAVY,REGIME_LEVEL_EXACT,40.439925,1.0,4028.035,4028.035,4028.035,0.0,11.525,0.0,0.0,red_box_edge::red_edge_1,0.0,0.0,0.0,ORACLE_GT10_CANDIDATE_GENERATION_FAIL,CANDIDATE_GENERATION_FAILURE_GT10,0.0,0.0,0.0,0.0,0.0,1.0
2026-06-30,2026-06-29,L6,RANGE_NORMAL_60_120,CLOSE_POS_LOWER_THIRD,ROWS_STANDARD_9_10,4178.97,AUTO_JSON,ema_proxy_up,UP,4005.44,20.0,5.0,MODE_B_EMA_CHANNEL_DIRECTION_HEAVY,2.0,4012.28125,4010.40625,4014.15625,3.75,6.84125,0.0,0.0,prior_range_fraction::prev_range_0.125 | green_box_quarter::green_box_1_25pct,MODE_B_EMA_CHANNEL_DIRECTION_HEAVY,4021.2825,15.8425,0.0,0.0,prior_range_fraction::prev_range_0.25,MODE_C_BALANCED,REGIME_LEVEL_EXACT,40.412583,1.0,4021.2825,4021.2825,4021.2825,0.0,15.8425,0.0,0.0,prior_range_fraction::prev_range_0.25,9.00125,0.0,9.00125,ORACLE_WITHIN_10,ORACLE_ONLY_REDUCES_ERROR_NOT_WITHIN_5,0.0,0.0,0.0,0.0,0.0,0.0
2026-06-30,2026-06-29,L7,RANGE_NORMAL_60_120,CLOSE_POS_LOWER_THIRD,ROWS_STANDARD_9_10,4178.97,AUTO_JSON,ema_proxy_up,UP,3967.25,25.0,5.0,MODE_B_EMA_CHANNEL_DIRECTION_HEAVY,2.0,3954.90375,3954.90375,3954.90375,0.0,12.34625,0.0,0.0,red_box_quarter::red_box_3_25pct,MODE_B_EMA_CHANNEL_DIRECTION_HEAVY,4010.40625,43.15625,0.0,0.0,prior_range_fraction::prev_range_0.125,MODE_B_EMA_CHANNEL_DIRECTION_HEAVY,REGIME_LEVEL_EXACT,37.443708,1.0,4010.40625,4010.40625,4010.40625,0.0,43.15625,0.0,0.0,prior_range_fraction::prev_range_0.125,30.81,0.0,30.81,ORACLE_GT10_CANDIDATE_GENERATION_FAIL,CANDIDATE_GENERATION_FAILURE_GT10,0.0,0.0,0.0,0.0,0.0,1.0
