level_date,prev_date,level_name,range_bucket,close_position_bucket,rows_bucket,live_reference_price,live_reference_source,live_channel_state,live_channel_norm,actual_published_level,dynamic_candidate_pool_count,dynamic_oracle_candidate_price,dynamic_oracle_abs_error,dynamic_oracle_within_3,dynamic_oracle_within_5,dynamic_oracle_source_family,dynamic_oracle_source_type,dynamic_oracle_prior_sample_count,dynamic_top1_candidate_price,dynamic_top1_abs_error,dynamic_top1_source_family,superset_audited_candidate_price,superset_audited_abs_error,superset_audited_within_5,dynamic_audited_candidate_price,dynamic_audited_abs_error,dynamic_audited_within_3,dynamic_audited_within_5,dynamic_audited_source,dynamic_improved_abs_error,dynamic_residual_recovered_within_5,dynamic_residual_recovered_within_3,dynamic_residual_better_than_superset,dynamic_residual_status
2025-10-02,2025-10-01,L4,RANGE_COMPRESSED_0_60,CLOSE_POS_LOWER_THIRD,ROWS_STANDARD_9_10,3865.54,PREV_CLOSE_PROXY,,NEUTRAL,3867.44,1,3884.8525,17.4125,False,False,SUPERSET_AUDITED_BASE,ORIGINAL_ORACLE_PRESERVED,,3884.8525,17.4125,SUPERSET_AUDITED_BASE,3884.8525,17.4125,False,3884.8525,17.4125,False,False,SUPERSET_AUDITED_BASE_PRESERVED,0.0,False,False,False,DYNAMIC_GT10
2025-10-02,2025-10-01,L5,RANGE_COMPRESSED_0_60,CLOSE_POS_LOWER_THIRD,ROWS_STANDARD_9_10,3865.54,PREV_CLOSE_PROXY,,NEUTRAL,3849.38,1,3871.403333,22.023333,False,False,SUPERSET_AUDITED_BASE,ORIGINAL_ORACLE_PRESERVED,,3871.403333,22.023333,SUPERSET_AUDITED_BASE,3871.403333,22.023333,False,3871.403333,22.023333,False,False,SUPERSET_AUDITED_BASE_PRESERVED,0.0,False,False,False,DYNAMIC_GT10
2025-10-02,2025-10-01,L6,RANGE_COMPRESSED_0_60,CLOSE_POS_LOWER_THIRD,ROWS_STANDARD_9_10,3865.54,PREV_CLOSE_PROXY,,NEUTRAL,3832.79,1,3871.3175,38.5275,False,False,SUPERSET_AUDITED_BASE,ORIGINAL_ORACLE_PRESERVED,,3871.3175,38.5275,SUPERSET_AUDITED_BASE,3871.3175,38.5275,False,3871.3175,38.5275,False,False,SUPERSET_AUDITED_BASE_PRESERVED,0.0,False,False,False,DYNAMIC_GT10
2025-10-02,2025-10-01,L7,RANGE_COMPRESSED_0_60,CLOSE_POS_LOWER_THIRD,ROWS_STANDARD_9_10,3865.54,PREV_CLOSE_PROXY,,NEUTRAL,3817.0,1,3850.32625,33.32625,False,False,SUPERSET_AUDITED_BASE,ORIGINAL_ORACLE_PRESERVED,,3850.32625,33.32625,SUPERSET_AUDITED_BASE,3850.32625,33.32625,False,3850.32625,33.32625,False,False,SUPERSET_AUDITED_BASE_PRESERVED,0.0,False,False,False,DYNAMIC_GT10
2025-10-03,2025-10-02,L4,RANGE_NORMAL_60_120,CLOSE_POS_MIDDLE_THIRD,ROWS_STANDARD_9_10,3856.24,PREV_CLOSE_PROXY,,NEUTRAL,3854.23,2,3859.91,5.68,False,False,SUPERSET_AUDITED_BASE,EXPANDED_ORACLE_BETTER,,3859.91,5.68,SUPERSET_AUDITED_BASE,3859.91,5.68,False,3859.91,5.68,False,False,SUPERSET_AUDITED_BASE_PRESERVED,0.0,False,False,False,DYNAMIC_WITHIN_10
2025-10-03,2025-10-02,L5,RANGE_NORMAL_60_120,CLOSE_POS_MIDDLE_THIRD,ROWS_STANDARD_9_10,3856.24,PREV_CLOSE_PROXY,,NEUTRAL,3833.88,1,3857.423333,23.543333,False,False,SUPERSET_AUDITED_BASE,ORIGINAL_ORACLE_PRESERVED,,3857.423333,23.543333,SUPERSET_AUDITED_BASE,3857.423333,23.543333,False,3857.423333,23.543333,False,False,SUPERSET_AUDITED_BASE_PRESERVED,0.0,False,False,False,DYNAMIC_GT10
2025-10-03,2025-10-02,L6,RANGE_NORMAL_60_120,CLOSE_POS_MIDDLE_THIRD,ROWS_STANDARD_9_10,3856.24,PREV_CLOSE_PROXY,,NEUTRAL,3813.75,1,3846.2075,32.4575,False,False,SUPERSET_AUDITED_BASE,ORIGINAL_ORACLE_PRESERVED,,3846.2075,32.4575,SUPERSET_AUDITED_BASE,3846.2075,32.4575,False,3846.2075,32.4575,False,False,SUPERSET_AUDITED_BASE_PRESERVED,0.0,False,False,False,DYNAMIC_GT10
2025-10-03,2025-10-02,L7,RANGE_NORMAL_60_120,CLOSE_POS_MIDDLE_THIRD,ROWS_STANDARD_9_10,3856.24,PREV_CLOSE_PROXY,,NEUTRAL,3794.9,1,3829.61125,34.71125,False,False,SUPERSET_AUDITED_BASE,ORIGINAL_ORACLE_PRESERVED,,3829.61125,34.71125,SUPERSET_AUDITED_BASE,3829.61125,34.71125,False,3829.61125,34.71125,False,False,SUPERSET_AUDITED_BASE_PRESERVED,0.0,False,False,False,DYNAMIC_GT10
2025-10-06,2025-10-03,L4,RANGE_COMPRESSED_0_60,CLOSE_POS_UPPER_THIRD,ROWS_SPARSE_1_8,3886.43,PREV_CLOSE_PROXY,,NEUTRAL,3872.61,1,3855.929982,16.680018,False,False,SUPERSET_AUDITED_BASE,ORIGINAL_ORACLE_PRESERVED,,3855.929982,16.680018,SUPERSET_AUDITED_BASE,3855.929982,16.680018,False,3855.929982,16.680018,False,False,SUPERSET_AUDITED_BASE_PRESERVED,0.0,False,False,False,DYNAMIC_GT10
2025-10-06,2025-10-03,L5,RANGE_COMPRESSED_0_60,CLOSE_POS_UPPER_THIRD,ROWS_SPARSE_1_8,3886.43,PREV_CLOSE_PROXY,,NEUTRAL,3851.28,1,3839.41375,11.86625,False,False,SUPERSET_AUDITED_BASE,ORIGINAL_ORACLE_PRESERVED,,3839.41375,11.86625,SUPERSET_AUDITED_BASE,3839.41375,11.86625,False,3839.41375,11.86625,False,False,SUPERSET_AUDITED_BASE_PRESERVED,0.0,False,False,False,DYNAMIC_GT10
2025-10-06,2025-10-03,L6,RANGE_COMPRESSED_0_60,CLOSE_POS_UPPER_THIRD,ROWS_SPARSE_1_8,3886.43,PREV_CLOSE_PROXY,,NEUTRAL,3830.61,1,3818.51125,12.09875,False,False,SUPERSET_AUDITED_BASE,ORIGINAL_ORACLE_PRESERVED,,3818.51125,12.09875,SUPERSET_AUDITED_BASE,3818.51125,12.09875,False,3818.51125,12.09875,False,False,SUPERSET_AUDITED_BASE_PRESERVED,0.0,False,False,False,DYNAMIC_GT10
2025-10-06,2025-10-03,L7,RANGE_COMPRESSED_0_60,CLOSE_POS_UPPER_THIRD,ROWS_SPARSE_1_8,3886.43,PREV_CLOSE_PROXY,,NEUTRAL,3810.83,1,3797.60875,13.22125,False,False,SUPERSET_AUDITED_BASE,ORIGINAL_ORACLE_PRESERVED,,3797.60875,13.22125,SUPERSET_AUDITED_BASE,3797.60875,13.22125,False,3797.60875,13.22125,False,False,SUPERSET_AUDITED_BASE_PRESERVED,0.0,False,False,False,DYNAMIC_GT10
2025-10-07,2025-10-06,L4,RANGE_NORMAL_60_120,CLOSE_POS_UPPER_THIRD,ROWS_SPARSE_1_8,3961.0,PREV_CLOSE_PROXY,,NEUTRAL,3964.13,1,3948.6225,15.5075,False,False,SUPERSET_AUDITED_BASE,ORIGINAL_ORACLE_PRESERVED,,3948.6225,15.5075,SUPERSET_AUDITED_BASE,3948.6225,15.5075,False,3948.6225,15.5075,False,False,SUPERSET_AUDITED_BASE_PRESERVED,0.0,False,False,False,DYNAMIC_GT10
2025-10-07,2025-10-06,L5,RANGE_NORMAL_60_120,CLOSE_POS_UPPER_THIRD,ROWS_SPARSE_1_8,3961.0,PREV_CLOSE_PROXY,,NEUTRAL,3946.24,1,3938.47,7.77,False,False,SUPERSET_AUDITED_BASE,ORIGINAL_ORACLE_PRESERVED,,3938.47,7.77,SUPERSET_AUDITED_BASE,3938.47,7.77,False,3938.47,7.77,False,False,SUPERSET_AUDITED_BASE_PRESERVED,0.0,False,False,False,DYNAMIC_WITHIN_10
2025-10-07,2025-10-06,L6,RANGE_NORMAL_60_120,CLOSE_POS_UPPER_THIRD,ROWS_SPARSE_1_8,3961.0,PREV_CLOSE_PROXY,,NEUTRAL,3927.93,1,3913.2875,14.6425,False,False,SUPERSET_AUDITED_BASE,ORIGINAL_ORACLE_PRESERVED,,3913.2875,14.6425,SUPERSET_AUDITED_BASE,3913.2875,14.6425,False,3913.2875,14.6425,False,False,SUPERSET_AUDITED_BASE_PRESERVED,0.0,False,False,False,DYNAMIC_GT10
2025-10-07,2025-10-06,L7,RANGE_NORMAL_60_120,CLOSE_POS_UPPER_THIRD,ROWS_SPARSE_1_8,3961.0,PREV_CLOSE_PROXY,,NEUTRAL,3710.52,1,3897.74625,187.22625,False,False,SUPERSET_AUDITED_BASE,ORIGINAL_ORACLE_PRESERVED,,3897.74625,187.22625,SUPERSET_AUDITED_BASE,3897.74625,187.22625,False,3897.74625,187.22625,False,False,SUPERSET_AUDITED_BASE_PRESERVED,0.0,False,False,False,DYNAMIC_GT10
2025-10-08,2025-10-07,L4,RANGE_COMPRESSED_0_60,CLOSE_POS_UPPER_THIRD,ROWS_SPARSE_1_8,3984.32,PREV_CLOSE_PROXY,,NEUTRAL,3970.41,21,3969.980629,0.429371,True,True,CHANNEL_LEVEL_RESIDUAL,superset_base_channel_original_mean,4.0,3972.06,1.65,SUPERSET_AUDITED_BASE,3972.06,1.65,True,3969.980629,0.429371,True,True,DYNAMIC_RESIDUAL_BETTER,1.220629,False,False,True,DYNAMIC_WITHIN_3
2025-10-08,2025-10-07,L5,RANGE_COMPRESSED_0_60,CLOSE_POS_UPPER_THIRD,ROWS_SPARSE_1_8,3984.32,PREV_CLOSE_PROXY,,NEUTRAL,3949.74,41,3946.882396,2.857604,True,True,SOURCE_LEVEL_RESIDUAL,superset_base_source_superset_mean,4.0,3953.365,3.625,SUPERSET_AUDITED_BASE,3953.365,3.625,True,3946.882396,2.857604,True,True,DYNAMIC_RESIDUAL_BETTER,0.767396,False,True,True,DYNAMIC_WITHIN_3
2025-10-08,2025-10-07,L6,RANGE_COMPRESSED_0_60,CLOSE_POS_UPPER_THIRD,ROWS_SPARSE_1_8,3984.32,PREV_CLOSE_PROXY,,NEUTRAL,3929.69,41,3930.865,1.175,True,True,SUPERSET_AUDITED_BASE,ORIGINAL_ORACLE_PRESERVED,,3930.865,1.175,SUPERSET_AUDITED_BASE,3930.865,1.175,True,3930.865,1.175,True,True,SUPERSET_AUDITED_BASE_PRESERVED,0.0,False,False,False,DYNAMIC_WITHIN_3
2025-10-08,2025-10-07,L7,RANGE_COMPRESSED_0_60,CLOSE_POS_UPPER_THIRD,ROWS_SPARSE_1_8,3984.32,PREV_CLOSE_PROXY,,NEUTRAL,3910.27,1,3910.8,0.53,True,True,SUPERSET_AUDITED_BASE,ORIGINAL_ORACLE_PRESERVED,,3910.8,0.53,SUPERSET_AUDITED_BASE,3910.8,0.53,True,3910.8,0.53,True,True,SUPERSET_AUDITED_BASE_PRESERVED,0.0,False,False,False,DYNAMIC_WITHIN_3
2025-10-09,2025-10-08,L4,RANGE_NORMAL_60_120,CLOSE_POS_UPPER_THIRD,ROWS_SPARSE_1_8,4041.38,PREV_CLOSE_PROXY,,NEUTRAL,4038.76,61,4039.386504,0.626504,True,True,LEVEL_RESIDUAL,superset_base_level_original_mean,5.0,4041.38,2.62,SUPERSET_AUDITED_BASE,4041.38,2.62,True,4039.386504,0.626504,True,True,DYNAMIC_RESIDUAL_BETTER,1.993496,False,False,True,DYNAMIC_WITHIN_3
2025-10-09,2025-10-08,L5,RANGE_NORMAL_60_120,CLOSE_POS_UPPER_THIRD,ROWS_SPARSE_1_8,4041.38,PREV_CLOSE_PROXY,,NEUTRAL,4019.13,61,4018.186667,0.943333,True,True,LEVEL_RESIDUAL,superset_base_level_superset_q25,5.0,4040.21,21.08,SUPERSET_AUDITED_BASE,4040.21,21.08,False,4018.186667,0.943333,True,True,DYNAMIC_RESIDUAL_BETTER,20.136667,True,True,True,DYNAMIC_WITHIN_3
2025-10-09,2025-10-08,L6,RANGE_NORMAL_60_120,CLOSE_POS_UPPER_THIRD,ROWS_SPARSE_1_8,4041.38,PREV_CLOSE_PROXY,,NEUTRAL,4001.52,61,3990.5775,10.9425,False,False,LEVEL_RESIDUAL,superset_base_level_superset_q25,5.0,4023.035,21.515,SUPERSET_AUDITED_BASE,4023.035,21.515,False,3990.5775,10.9425,False,False,DYNAMIC_RESIDUAL_BETTER,10.5725,False,False,True,DYNAMIC_GT10
2025-10-09,2025-10-08,L7,RANGE_NORMAL_60_120,CLOSE_POS_UPPER_THIRD,ROWS_SPARSE_1_8,4041.38,PREV_CLOSE_PROXY,,NEUTRAL,3985.35,41,3850.467813,134.882187,False,False,SOURCE_LEVEL_RESIDUAL,superset_base_source_superset_q75,4.0,3847.56,137.79,SUPERSET_AUDITED_BASE,3847.56,137.79,False,3850.467813,134.882187,False,False,DYNAMIC_RESIDUAL_BETTER,2.907813,False,False,True,DYNAMIC_GT10
2025-10-10,2025-10-09,L4,RANGE_NORMAL_60_120,CLOSE_POS_LOWER_THIRD,ROWS_STANDARD_9_10,3975.96,PREV_CLOSE_PROXY,,NEUTRAL,3999.31,61,3991.4675,7.8425,False,False,SOURCE_LEVEL_RESIDUAL,superset_base_source_superset_q75,5.0,3975.96,23.35,SUPERSET_AUDITED_BASE,3975.96,23.35,False,3991.4675,7.8425,False,False,DYNAMIC_RESIDUAL_BETTER,15.5075,False,False,True,DYNAMIC_WITHIN_10
2025-10-10,2025-10-09,L5,RANGE_NORMAL_60_120,CLOSE_POS_LOWER_THIRD,ROWS_STANDARD_9_10,3975.96,PREV_CLOSE_PROXY,,NEUTRAL,3980.31,61,3980.5775,0.2675,True,True,LEVEL_RESIDUAL,superset_base_level_superset_median,6.0,3992.93,12.62,SUPERSET_AUDITED_BASE,3992.93,12.62,False,3980.5775,0.2675,True,True,DYNAMIC_RESIDUAL_BETTER,12.3525,True,True,True,DYNAMIC_WITHIN_3
2025-10-10,2025-10-09,L6,RANGE_NORMAL_60_120,CLOSE_POS_LOWER_THIRD,ROWS_STANDARD_9_10,3975.96,PREV_CLOSE_PROXY,,NEUTRAL,3961.97,61,3961.971875,0.001875,True,True,LEVEL_RESIDUAL,superset_base_level_superset_mean,6.0,3973.1275,11.1575,SUPERSET_AUDITED_BASE,3973.1275,11.1575,False,3961.971875,0.001875,True,True,DYNAMIC_RESIDUAL_BETTER,11.155625,True,True,True,DYNAMIC_WITHIN_3
2025-10-10,2025-10-09,L7,RANGE_NORMAL_60_120,CLOSE_POS_LOWER_THIRD,ROWS_STANDARD_9_10,3975.96,PREV_CLOSE_PROXY,,NEUTRAL,3943.24,22,3944.588437,1.348437,True,True,CHANNEL_LEVEL_RESIDUAL,superset_base_channel_superset_q75,4.0,3941.680625,1.559375,SUPERSET_AUDITED_BASE,3941.680625,1.559375,True,3944.588437,1.348437,True,True,DYNAMIC_RESIDUAL_BETTER,0.210938,False,False,True,DYNAMIC_WITHIN_3
2025-10-13,2025-10-10,L4,RANGE_NORMAL_60_120,CLOSE_POS_UPPER_THIRD,ROWS_STANDARD_9_10,4012.42,PREV_CLOSE_PROXY,,NEUTRAL,4010.88,61,4010.77625,0.10375,True,True,SOURCE_LEVEL_RESIDUAL,superset_base_source_superset_median,6.0,4003.8475,7.0325,SUPERSET_AUDITED_BASE,4003.8475,7.0325,False,4010.77625,0.10375,True,True,DYNAMIC_RESIDUAL_BETTER,6.92875,True,True,True,DYNAMIC_WITHIN_3
2025-10-13,2025-10-10,L5,RANGE_NORMAL_60_120,CLOSE_POS_UPPER_THIRD,ROWS_STANDARD_9_10,4012.42,PREV_CLOSE_PROXY,,NEUTRAL,3994.06,61,3994.056667,0.003333,True,True,SUPERSET_AUDITED_BASE,ORIGINAL_ORACLE_PRESERVED,,3994.056667,0.003333,SUPERSET_AUDITED_BASE,3994.056667,0.003333,True,3994.056667,0.003333,True,True,SUPERSET_AUDITED_BASE_PRESERVED,0.0,False,False,False,DYNAMIC_WITHIN_3
2025-10-13,2025-10-10,L6,RANGE_NORMAL_60_120,CLOSE_POS_UPPER_THIRD,ROWS_STANDARD_9_10,4012.42,PREV_CLOSE_PROXY,,NEUTRAL,3974.97,61,3973.4025,1.5675,True,True,SUPERSET_AUDITED_BASE,ORIGINAL_ORACLE_PRESERVED,,3973.4025,1.5675,SUPERSET_AUDITED_BASE,3973.4025,1.5675,True,3973.4025,1.5675,True,True,SUPERSET_AUDITED_BASE_PRESERVED,0.0,False,False,False,DYNAMIC_WITHIN_3
2025-10-13,2025-10-10,L7,RANGE_NORMAL_60_120,CLOSE_POS_UPPER_THIRD,ROWS_STANDARD_9_10,4012.42,PREV_CLOSE_PROXY,,NEUTRAL,3956.47,61,3956.63875,0.16875,True,True,SUPERSET_AUDITED_BASE,ORIGINAL_ORACLE_PRESERVED,,3956.63875,0.16875,SUPERSET_AUDITED_BASE,3956.63875,0.16875,True,3956.63875,0.16875,True,True,SUPERSET_AUDITED_BASE_PRESERVED,0.0,False,False,False,DYNAMIC_WITHIN_3
2025-10-14,2025-10-13,L4,RANGE_WIDE_120_220,CLOSE_POS_UPPER_THIRD,ROWS_SPARSE_1_8,4110.41,PREV_CLOSE_PROXY,,NEUTRAL,4108.96,61,4108.275,0.685,True,True,SOURCE_LEVEL_RESIDUAL,superset_base_source_superset_q25,7.0,4110.41,1.45,SUPERSET_AUDITED_BASE,4110.41,1.45,True,4108.275,0.685,True,True,DYNAMIC_RESIDUAL_BETTER,0.765,False,False,True,DYNAMIC_WITHIN_3
2025-10-14,2025-10-13,L5,RANGE_WIDE_120_220,CLOSE_POS_UPPER_THIRD,ROWS_SPARSE_1_8,4110.41,PREV_CLOSE_PROXY,,NEUTRAL,4093.64,61,4088.6975,4.9425,False,True,LEVEL_RESIDUAL,superset_base_level_superset_q75,8.0,4086.7525,6.8875,SUPERSET_AUDITED_BASE,4086.7525,6.8875,False,4088.6975,4.9425,False,True,DYNAMIC_RESIDUAL_BETTER,1.945,True,False,True,DYNAMIC_WITHIN_5
2025-10-14,2025-10-13,L6,RANGE_WIDE_120_220,CLOSE_POS_UPPER_THIRD,ROWS_SPARSE_1_8,4110.41,PREV_CLOSE_PROXY,,NEUTRAL,4078.18,61,4056.801562,21.378438,False,False,LEVEL_RESIDUAL,superset_base_level_superset_q75,8.0,4052.60125,25.57875,SUPERSET_AUDITED_BASE,4052.60125,25.57875,False,4056.801562,21.378438,False,False,DYNAMIC_RESIDUAL_BETTER,4.200312,False,False,True,DYNAMIC_GT10
2025-10-14,2025-10-13,L7,RANGE_WIDE_120_220,CLOSE_POS_UPPER_THIRD,ROWS_SPARSE_1_8,4110.41,PREV_CLOSE_PROXY,,NEUTRAL,4061.81,61,4023.728594,38.081406,False,False,LEVEL_RESIDUAL,superset_base_level_superset_q75,6.0,4022.60125,39.20875,SUPERSET_AUDITED_BASE,4022.60125,39.20875,False,4023.728594,38.081406,False,False,DYNAMIC_RESIDUAL_BETTER,1.127344,False,False,True,DYNAMIC_GT10
2025-10-15,2025-10-14,L4,RANGE_NORMAL_60_120,CLOSE_POS_MIDDLE_THIRD,ROWS_STANDARD_9_10,4142.14,PREV_CLOSE_PROXY,,NEUTRAL,4150.06,61,4147.06969,2.99031,True,True,SOURCE_LEVEL_RESIDUAL,superset_base_source_superset_mean,8.0,4142.14,7.92,SUPERSET_AUDITED_BASE,4142.14,7.92,False,4147.06969,2.99031,True,True,DYNAMIC_RESIDUAL_BETTER,4.92969,True,True,True,DYNAMIC_WITHIN_3
2025-10-15,2025-10-14,L5,RANGE_NORMAL_60_120,CLOSE_POS_MIDDLE_THIRD,ROWS_STANDARD_9_10,4142.14,PREV_CLOSE_PROXY,,NEUTRAL,4135.03,61,4112.24,22.79,False,False,LEVEL_RESIDUAL,superset_base_level_superset_q75,9.0,4105.3525,29.6775,SUPERSET_AUDITED_BASE,4105.3525,29.6775,False,4112.24,22.79,False,False,DYNAMIC_RESIDUAL_BETTER,6.8875,False,False,True,DYNAMIC_GT10
2025-10-15,2025-10-14,L6,RANGE_NORMAL_60_120,CLOSE_POS_MIDDLE_THIRD,ROWS_STANDARD_9_10,4142.14,PREV_CLOSE_PROXY,,NEUTRAL,4119.47,42,4112.86375,6.60625,False,False,LEVEL_RESIDUAL,superset_base_level_superset_q75,9.0,4100.765,18.705,SUPERSET_AUDITED_BASE,4100.765,18.705,False,4112.86375,6.60625,False,False,DYNAMIC_RESIDUAL_BETTER,12.09875,False,False,True,DYNAMIC_WITHIN_10
2025-10-15,2025-10-14,L7,RANGE_NORMAL_60_120,CLOSE_POS_MIDDLE_THIRD,ROWS_STANDARD_9_10,4142.14,PREV_CLOSE_PROXY,,NEUTRAL,4105.05,61,4070.31375,34.73625,False,False,SOURCE_LEVEL_RESIDUAL,superset_base_source_superset_q75,6.0,4060.44,44.61,SUPERSET_AUDITED_BASE,4060.44,44.61,False,4070.31375,34.73625,False,False,DYNAMIC_RESIDUAL_BETTER,9.87375,False,False,True,DYNAMIC_GT10
2025-10-16,2025-10-15,L4,RANGE_NORMAL_60_120,CLOSE_POS_UPPER_THIRD,ROWS_STANDARD_9_10,4208.11,PREV_CLOSE_PROXY,,NEUTRAL,4201.69,42,4201.72625,0.03625,True,True,LEVEL_RESIDUAL,original_base_level_superset_median,10.0,4201.90625,0.21625,SUPERSET_AUDITED_BASE,4201.90625,0.21625,True,4201.72625,0.03625,True,True,DYNAMIC_RESIDUAL_BETTER,0.18,False,False,True,DYNAMIC_WITHIN_3
2025-10-16,2025-10-15,L5,RANGE_NORMAL_60_120,CLOSE_POS_UPPER_THIRD,ROWS_STANDARD_9_10,4208.11,PREV_CLOSE_PROXY,,NEUTRAL,4189.9,61,4189.07,0.83,True,True,SUPERSET_AUDITED_BASE,ORIGINAL_ORACLE_PRESERVED,,4189.07,0.83,SUPERSET_AUDITED_BASE,4189.07,0.83,True,4189.07,0.83,True,True,SUPERSET_AUDITED_BASE_PRESERVED,0.0,False,False,False,DYNAMIC_WITHIN_3
2025-10-16,2025-10-15,L6,RANGE_NORMAL_60_120,CLOSE_POS_UPPER_THIRD,ROWS_STANDARD_9_10,4208.11,PREV_CLOSE_PROXY,,NEUTRAL,4177.27,61,4175.865765,1.404235,True,True,LEVEL_RESIDUAL,superset_base_level_superset_recent8_median,8.0,4169.03264,8.23736,SUPERSET_AUDITED_BASE,4169.03264,8.23736,False,4175.865765,1.404235,True,True,DYNAMIC_RESIDUAL_BETTER,6.833125,True,True,True,DYNAMIC_WITHIN_3
2025-10-16,2025-10-15,L7,RANGE_NORMAL_60_120,CLOSE_POS_UPPER_THIRD,ROWS_STANDARD_9_10,4208.11,PREV_CLOSE_PROXY,,NEUTRAL,4162.99,61,4158.180312,4.809688,False,True,LEVEL_RESIDUAL,superset_base_level_superset_recent8_median,6.0,4150.79,12.2,SUPERSET_AUDITED_BASE,4150.79,12.2,False,4158.180312,4.809688,False,True,DYNAMIC_RESIDUAL_BETTER,7.390312,True,False,True,DYNAMIC_WITHIN_5
2025-10-17,2025-10-16,L4,RANGE_WIDE_120_220,CLOSE_POS_UPPER_THIRD,ROWS_EXTENDED_11_PLUS,4325.92,PREV_CLOSE_PROXY,,NEUTRAL,4305.21,61,4318.2775,13.0675,False,False,LEVEL_RESIDUAL,superset_base_level_superset_q25,11.0,4320.4125,15.2025,SUPERSET_AUDITED_BASE,4320.4125,15.2025,False,4318.2775,13.0675,False,False,DYNAMIC_RESIDUAL_BETTER,2.135,False,False,True,DYNAMIC_GT10
2025-10-17,2025-10-16,L5,RANGE_WIDE_120_220,CLOSE_POS_UPPER_THIRD,ROWS_EXTENDED_11_PLUS,4325.92,PREV_CLOSE_PROXY,,NEUTRAL,4289.52,61,4283.47875,6.04125,False,False,LEVEL_RESIDUAL,superset_base_level_superset_q25,11.0,4300.32875,10.80875,SUPERSET_AUDITED_BASE,4300.32875,10.80875,False,4283.47875,6.04125,False,False,DYNAMIC_RESIDUAL_BETTER,4.7675,False,False,True,DYNAMIC_WITHIN_10
2025-10-17,2025-10-16,L6,RANGE_WIDE_120_220,CLOSE_POS_UPPER_THIRD,ROWS_EXTENDED_11_PLUS,4325.92,PREV_CLOSE_PROXY,,NEUTRAL,4275.71,61,4274.07625,1.63375,True,True,LEVEL_RESIDUAL,superset_base_level_superset_q25,11.0,4290.4125,14.7025,SUPERSET_AUDITED_BASE,4290.4125,14.7025,False,4274.07625,1.63375,True,True,DYNAMIC_RESIDUAL_BETTER,13.06875,True,True,True,DYNAMIC_WITHIN_3
2025-10-17,2025-10-16,L7,RANGE_WIDE_120_220,CLOSE_POS_UPPER_THIRD,ROWS_EXTENDED_11_PLUS,4325.92,PREV_CLOSE_PROXY,,NEUTRAL,4263.05,61,4261.599687,1.450313,True,True,SOURCE_LEVEL_RESIDUAL,superset_base_source_superset_q25,8.0,4270.32875,7.27875,SUPERSET_AUDITED_BASE,4270.32875,7.27875,False,4261.599687,1.450313,True,True,DYNAMIC_RESIDUAL_BETTER,5.828437,True,True,True,DYNAMIC_WITHIN_3
2025-10-20,2025-10-17,L4,RANGE_WIDE_120_220,CLOSE_POS_MIDDLE_THIRD,ROWS_STANDARD_9_10,4252.68,PREV_CLOSE_PROXY,,NEUTRAL,4286.39,61,4320.093125,33.703125,False,False,LEVEL_RESIDUAL,superset_base_level_original_q25,12.0,4325.85875,39.46875,SUPERSET_AUDITED_BASE,4325.85875,39.46875,False,4320.093125,33.703125,False,False,DYNAMIC_RESIDUAL_BETTER,5.765625,False,False,True,DYNAMIC_GT10
2025-10-20,2025-10-17,L5,RANGE_WIDE_120_220,CLOSE_POS_MIDDLE_THIRD,ROWS_STANDARD_9_10,4252.68,PREV_CLOSE_PROXY,,NEUTRAL,4249.57,61,4310.080625,60.510625,False,False,LEVEL_RESIDUAL,superset_base_level_superset_q25,12.0,4324.815625,75.245625,SUPERSET_AUDITED_BASE,4324.815625,75.245625,False,4310.080625,60.510625,False,False,DYNAMIC_RESIDUAL_BETTER,14.735,False,False,True,DYNAMIC_GT10
2025-10-20,2025-10-17,L6,RANGE_WIDE_120_220,CLOSE_POS_MIDDLE_THIRD,ROWS_STANDARD_9_10,4252.68,PREV_CLOSE_PROXY,,NEUTRAL,4218.98,61,4279.83625,60.85625,False,False,SOURCE_LEVEL_RESIDUAL,superset_base_source_superset_q25,11.0,4297.945,78.965,SUPERSET_AUDITED_BASE,4297.945,78.965,False,4279.83625,60.85625,False,False,DYNAMIC_RESIDUAL_BETTER,18.10875,False,False,True,DYNAMIC_GT10
2025-10-20,2025-10-17,L7,RANGE_WIDE_120_220,CLOSE_POS_MIDDLE_THIRD,ROWS_STANDARD_9_10,4252.68,PREV_CLOSE_PROXY,,NEUTRAL,4188.96,61,4275.66625,86.70625,False,False,SOURCE_LEVEL_RESIDUAL,superset_base_source_superset_q25,9.0,4282.945,93.985,SUPERSET_AUDITED_BASE,4282.945,93.985,False,4275.66625,86.70625,False,False,DYNAMIC_RESIDUAL_BETTER,7.27875,False,False,True,DYNAMIC_GT10
2025-10-21,2025-10-20,L4,RANGE_WIDE_120_220,CLOSE_POS_UPPER_THIRD,ROWS_EXTENDED_11_PLUS,4356.3,PREV_CLOSE_PROXY,,NEUTRAL,4336.24,42,4336.051732,0.188268,True,True,LEVEL_RESIDUAL,superset_base_level_original_mean,13.0,4338.17875,1.93875,SUPERSET_AUDITED_BASE,4338.17875,1.93875,True,4336.051732,0.188268,True,True,DYNAMIC_RESIDUAL_BETTER,1.750482,False,False,True,DYNAMIC_WITHIN_3
2025-10-21,2025-10-20,L5,RANGE_WIDE_120_220,CLOSE_POS_UPPER_THIRD,ROWS_EXTENDED_11_PLUS,4356.3,PREV_CLOSE_PROXY,,NEUTRAL,4302.55,61,4312.23,9.68,False,False,LEVEL_RESIDUAL,superset_base_level_superset_q25,13.0,4333.31,30.76,SUPERSET_AUDITED_BASE,4333.31,30.76,False,4312.23,9.68,False,False,DYNAMIC_RESIDUAL_BETTER,21.08,False,False,True,DYNAMIC_WITHIN_10
2025-10-21,2025-10-20,L6,RANGE_WIDE_120_220,CLOSE_POS_UPPER_THIRD,ROWS_EXTENDED_11_PLUS,4356.3,PREV_CLOSE_PROXY,,NEUTRAL,4275.67,42,4292.88375,17.21375,False,False,LEVEL_RESIDUAL,superset_base_level_superset_q25,13.0,4314.39875,38.72875,SUPERSET_AUDITED_BASE,4314.39875,38.72875,False,4292.88375,17.21375,False,False,DYNAMIC_RESIDUAL_BETTER,21.515,False,False,True,DYNAMIC_GT10
2025-10-21,2025-10-20,L7,RANGE_WIDE_120_220,CLOSE_POS_UPPER_THIRD,ROWS_EXTENDED_11_PLUS,4356.3,PREV_CLOSE_PROXY,,NEUTRAL,4241.47,61,4273.435625,31.965625,False,False,SOURCE_LEVEL_RESIDUAL,superset_base_source_superset_q25,10.0,4300.25,58.78,SUPERSET_AUDITED_BASE,4300.25,58.78,False,4273.435625,31.965625,False,False,DYNAMIC_RESIDUAL_BETTER,26.814375,False,False,True,DYNAMIC_GT10
2025-10-22,2025-10-21,L4,RANGE_EXTREME_220_PLUS,CLOSE_POS_LOWER_THIRD,ROWS_EXTENDED_11_PLUS,4124.9,PREV_CLOSE_PROXY,,NEUTRAL,4243.57,61,4215.2425,28.3275,False,False,SOURCE_LEVEL_RESIDUAL,superset_base_source_superset_q75,11.0,4203.52875,40.04125,SUPERSET_AUDITED_BASE,4203.52875,40.04125,False,4215.2425,28.3275,False,False,DYNAMIC_RESIDUAL_BETTER,11.71375,False,False,True,DYNAMIC_GT10
2025-10-22,2025-10-21,L5,RANGE_EXTREME_220_PLUS,CLOSE_POS_LOWER_THIRD,ROWS_EXTENDED_11_PLUS,4124.9,PREV_CLOSE_PROXY,,NEUTRAL,4216.07,61,4178.901875,37.168125,False,False,LEVEL_RESIDUAL,superset_base_level_superset_q75,14.0,4173.52875,42.54125,SUPERSET_AUDITED_BASE,4173.52875,42.54125,False,4178.901875,37.168125,False,False,DYNAMIC_RESIDUAL_BETTER,5.373125,False,False,True,DYNAMIC_GT10
2025-10-22,2025-10-21,L6,RANGE_EXTREME_220_PLUS,CLOSE_POS_LOWER_THIRD,ROWS_EXTENDED_11_PLUS,4124.9,PREV_CLOSE_PROXY,,NEUTRAL,4182.91,61,4133.909653,49.000347,False,False,LEVEL_RESIDUAL,superset_base_level_superset_q75,14.0,4122.77625,60.13375,SUPERSET_AUDITED_BASE,4122.77625,60.13375,False,4133.909653,49.000347,False,False,DYNAMIC_RESIDUAL_BETTER,11.133403,False,False,True,DYNAMIC_GT10
2025-10-22,2025-10-21,L7,RANGE_EXTREME_220_PLUS,CLOSE_POS_LOWER_THIRD,ROWS_EXTENDED_11_PLUS,4124.9,PREV_CLOSE_PROXY,,NEUTRAL,4144.81,61,4095.110625,49.699375,False,False,SOURCE_LEVEL_RESIDUAL,superset_base_source_superset_q75,11.0,4082.4,62.41,SUPERSET_AUDITED_BASE,4082.4,62.41,False,4095.110625,49.699375,False,False,DYNAMIC_RESIDUAL_BETTER,12.710625,False,False,True,DYNAMIC_GT10
2025-10-23,2025-10-22,L4,RANGE_WIDE_120_220,CLOSE_POS_MIDDLE_THIRD,ROWS_STANDARD_9_10,4098.38,PREV_CLOSE_PROXY,,NEUTRAL,4177.89,61,4098.775629,79.114371,False,False,SOURCE_LEVEL_RESIDUAL,superset_base_source_superset_q75,12.0,4082.975,94.915,SUPERSET_AUDITED_BASE,4082.975,94.915,False,4098.775629,79.114371,False,False,DYNAMIC_RESIDUAL_BETTER,15.800629,False,False,True,DYNAMIC_GT10
2025-10-23,2025-10-22,L5,RANGE_WIDE_120_220,CLOSE_POS_MIDDLE_THIRD,ROWS_STANDARD_9_10,4098.38,PREV_CLOSE_PROXY,,NEUTRAL,4147.32,61,4064.198698,83.121302,False,False,LEVEL_RESIDUAL,superset_base_level_superset_q75,15.0,4056.869948,90.450052,SUPERSET_AUDITED_BASE,4056.869948,90.450052,False,4064.198698,83.121302,False,False,DYNAMIC_RESIDUAL_BETTER,7.32875,False,False,True,DYNAMIC_GT10
2025-10-23,2025-10-22,L6,RANGE_WIDE_120_220,CLOSE_POS_MIDDLE_THIRD,ROWS_STANDARD_9_10,4098.38,PREV_CLOSE_PROXY,,NEUTRAL,4104.93,61,4041.359375,63.570625,False,False,LEVEL_RESIDUAL,superset_base_level_superset_q75,15.0,4027.98875,76.94125,SUPERSET_AUDITED_BASE,4027.98875,76.94125,False,4041.359375,63.570625,False,False,DYNAMIC_RESIDUAL_BETTER,13.370625,False,False,True,DYNAMIC_GT10
2025-10-23,2025-10-22,L7,RANGE_WIDE_120_220,CLOSE_POS_MIDDLE_THIRD,ROWS_STANDARD_9_10,4098.38,PREV_CLOSE_PROXY,,NEUTRAL,4068.85,61,4024.378125,44.471875,False,False,SOURCE_LEVEL_RESIDUAL,superset_base_source_superset_q75,12.0,4004.66,64.19,SUPERSET_AUDITED_BASE,4004.66,64.19,False,4024.378125,44.471875,False,False,DYNAMIC_RESIDUAL_BETTER,19.718125,False,False,True,DYNAMIC_GT10
2025-10-24,2025-10-23,L4,RANGE_NORMAL_60_120,CLOSE_POS_UPPER_THIRD,ROWS_STANDARD_9_10,4125.98,PREV_CLOSE_PROXY,,NEUTRAL,4171.67,81,4156.591268,15.078732,False,False,SOURCE_LEVEL_RESIDUAL,superset_base_source_superset_q75,13.0,4139.91125,31.75875,SUPERSET_AUDITED_BASE,4139.91125,31.75875,False,4156.591268,15.078732,False,False,DYNAMIC_RESIDUAL_BETTER,16.680018,False,False,True,DYNAMIC_GT10
2025-10-24,2025-10-23,L5,RANGE_NORMAL_60_120,CLOSE_POS_UPPER_THIRD,ROWS_STANDARD_9_10,4125.98,PREV_CLOSE_PROXY,,NEUTRAL,4135.65,81,4124.404062,11.245937,False,False,LEVEL_RESIDUAL,superset_base_level_superset_q75,16.0,4115.61,20.04,SUPERSET_AUDITED_BASE,4115.61,20.04,False,4124.404062,11.245937,False,False,DYNAMIC_RESIDUAL_BETTER,8.794063,False,False,True,DYNAMIC_GT10
2025-10-24,2025-10-23,L6,RANGE_NORMAL_60_120,CLOSE_POS_UPPER_THIRD,ROWS_STANDARD_9_10,4125.98,PREV_CLOSE_PROXY,,NEUTRAL,4099.72,81,4098.60017,1.11983,True,True,RANGE_CLOSE_LEVEL_RESIDUAL,superset_base_range_close_superset_mean,4.0,4097.86708,1.85292,SUPERSET_AUDITED_BASE,4097.86708,1.85292,True,4098.60017,1.11983,True,True,DYNAMIC_RESIDUAL_BETTER,0.73309,False,False,True,DYNAMIC_WITHIN_3
2025-10-24,2025-10-23,L7,RANGE_NORMAL_60_120,CLOSE_POS_UPPER_THIRD,ROWS_STANDARD_9_10,4125.98,PREV_CLOSE_PROXY,,NEUTRAL,4061.44,61,4052.078125,9.361875,False,False,LEVEL_RESIDUAL,superset_base_level_superset_q25,14.0,4078.8925,17.4525,SUPERSET_AUDITED_BASE,4078.8925,17.4525,False,4052.078125,9.361875,False,False,DYNAMIC_RESIDUAL_BETTER,8.090625,False,False,True,DYNAMIC_WITHIN_10
2025-10-27,2025-10-24,L4,RANGE_NORMAL_60_120,CLOSE_POS_UPPER_THIRD,ROWS_STANDARD_9_10,4112.26,PREV_CLOSE_PROXY,,NEUTRAL,4166.24,101,4166.245148,0.005148,True,True,LEVEL_RESIDUAL,superset_base_level_original_mean,17.0,4158.24375,7.99625,SUPERSET_AUDITED_BASE,4158.24375,7.99625,False,4166.245148,0.005148,True,True,DYNAMIC_RESIDUAL_BETTER,7.991102,True,True,True,DYNAMIC_WITHIN_3
2025-10-27,2025-10-24,L5,RANGE_NORMAL_60_120,CLOSE_POS_UPPER_THIRD,ROWS_STANDARD_9_10,4112.26,PREV_CLOSE_PROXY,,NEUTRAL,4129.36,101,4129.9225,0.5625,True,True,REGIME_LEVEL_RESIDUAL,superset_base_regime_superset_q75,3.0,4119.4875,9.8725,SUPERSET_AUDITED_BASE,4119.4875,9.8725,False,4129.9225,0.5625,True,True,DYNAMIC_RESIDUAL_BETTER,9.31,True,True,True,DYNAMIC_WITHIN_3
2025-10-27,2025-10-24,L6,RANGE_NORMAL_60_120,CLOSE_POS_UPPER_THIRD,ROWS_STANDARD_9_10,4112.26,PREV_CLOSE_PROXY,,NEUTRAL,4091.91,101,4094.703546,2.793546,True,True,LEVEL_RESIDUAL,superset_base_level_superset_mean,17.0,4095.73125,3.82125,SUPERSET_AUDITED_BASE,4095.73125,3.82125,True,4094.703546,2.793546,True,True,DYNAMIC_RESIDUAL_BETTER,1.027704,False,True,True,DYNAMIC_WITHIN_3
2025-10-27,2025-10-24,L7,RANGE_NORMAL_60_120,CLOSE_POS_UPPER_THIRD,ROWS_STANDARD_9_10,4112.26,PREV_CLOSE_PROXY,,NEUTRAL,4056.5,81,4056.42625,0.07375,True,True,LEVEL_RESIDUAL,superset_base_level_original_median,15.0,4056.95625,0.45625,SUPERSET_AUDITED_BASE,4056.95625,0.45625,True,4056.42625,0.07375,True,True,DYNAMIC_RESIDUAL_BETTER,0.3825,False,False,True,DYNAMIC_WITHIN_3
2025-10-28,2025-10-27,L4,RANGE_WIDE_120_220,CLOSE_POS_LOWER_THIRD,ROWS_EXTENDED_11_PLUS,3981.07,PREV_CLOSE_PROXY,,NEUTRAL,4133.51,61,4134.641889,1.131889,True,True,LEVEL_RESIDUAL,superset_base_level_superset_q75,18.0,4118.255,15.255,SUPERSET_AUDITED_BASE,4118.255,15.255,False,4134.641889,1.131889,True,True,DYNAMIC_RESIDUAL_BETTER,14.123111,True,True,True,DYNAMIC_WITHIN_3
2025-10-28,2025-10-27,L5,RANGE_WIDE_120_220,CLOSE_POS_LOWER_THIRD,ROWS_EXTENDED_11_PLUS,3981.07,PREV_CLOSE_PROXY,,NEUTRAL,4092.09,61,4097.3,5.21,False,False,SUPERSET_AUDITED_BASE,ORIGINAL_ORACLE_PRESERVED,,4097.3,5.21,SUPERSET_AUDITED_BASE,4097.3,5.21,False,4097.3,5.21,False,False,SUPERSET_AUDITED_BASE_PRESERVED,0.0,False,False,False,DYNAMIC_WITHIN_10
2025-10-28,2025-10-27,L6,RANGE_WIDE_120_220,CLOSE_POS_LOWER_THIRD,ROWS_EXTENDED_11_PLUS,3981.07,PREV_CLOSE_PROXY,,NEUTRAL,4059.5,42,4060.472479,0.972479,True,True,LEVEL_RESIDUAL,superset_base_level_superset_mean,18.0,4061.65538,2.15538,SUPERSET_AUDITED_BASE,4061.65538,2.15538,True,4060.472479,0.972479,True,True,DYNAMIC_RESIDUAL_BETTER,1.182901,False,False,True,DYNAMIC_WITHIN_3
2025-10-28,2025-10-27,L7,RANGE_WIDE_120_220,CLOSE_POS_LOWER_THIRD,ROWS_EXTENDED_11_PLUS,3981.07,PREV_CLOSE_PROXY,,NEUTRAL,4025.25,61,4025.39,0.14,True,True,SUPERSET_AUDITED_BASE,ORIGINAL_ORACLE_PRESERVED,,4025.39,0.14,SUPERSET_AUDITED_BASE,4025.39,0.14,True,4025.39,0.14,True,True,SUPERSET_AUDITED_BASE_PRESERVED,0.0,False,False,False,DYNAMIC_WITHIN_3
2025-10-29,2025-10-28,L4,RANGE_WIDE_120_220,CLOSE_POS_MIDDLE_THIRD,ROWS_STANDARD_9_10,3952.66,PREV_CLOSE_PROXY,,NEUTRAL,4053.69,61,4047.680013,6.009987,False,False,SOURCE_LEVEL_RESIDUAL,superset_base_source_superset_q75,16.0,4029.3325,24.3575,SUPERSET_AUDITED_BASE,4029.3325,24.3575,False,4047.680013,6.009987,False,False,DYNAMIC_RESIDUAL_BETTER,18.347513,False,False,True,DYNAMIC_WITHIN_10
2025-10-29,2025-10-28,L5,RANGE_WIDE_120_220,CLOSE_POS_MIDDLE_THIRD,ROWS_STANDARD_9_10,3952.66,PREV_CLOSE_PROXY,,NEUTRAL,4020.72,61,4019.814375,0.905625,True,True,LEVEL_RESIDUAL,superset_base_level_superset_q75,19.0,4008.945,11.775,SUPERSET_AUDITED_BASE,4008.945,11.775,False,4019.814375,0.905625,True,True,DYNAMIC_RESIDUAL_BETTER,10.869375,True,True,True,DYNAMIC_WITHIN_3
2025-10-29,2025-10-28,L6,RANGE_WIDE_120_220,CLOSE_POS_MIDDLE_THIRD,ROWS_STANDARD_9_10,3952.66,PREV_CLOSE_PROXY,,NEUTRAL,3988.68,61,3982.246425,6.433575,False,False,LEVEL_RESIDUAL,superset_base_level_superset_q75,19.0,3968.8758,19.8042,SUPERSET_AUDITED_BASE,3968.8758,19.8042,False,3982.246425,6.433575,False,False,DYNAMIC_RESIDUAL_BETTER,13.370625,False,False,True,DYNAMIC_WITHIN_10
2025-10-29,2025-10-28,L7,RANGE_WIDE_120_220,CLOSE_POS_MIDDLE_THIRD,ROWS_STANDARD_9_10,3952.66,PREV_CLOSE_PROXY,,NEUTRAL,3960.38,61,3957.888125,2.491875,True,True,SOURCE_LEVEL_RESIDUAL,superset_base_source_superset_q75,16.0,3938.17,22.21,SUPERSET_AUDITED_BASE,3938.17,22.21,False,3957.888125,2.491875,True,True,DYNAMIC_RESIDUAL_BETTER,19.718125,True,True,True,DYNAMIC_WITHIN_3
2025-10-30,2025-10-29,L4,RANGE_NORMAL_60_120,CLOSE_POS_LOWER_THIRD,ROWS_EXTENDED_11_PLUS,3930.12,PREV_CLOSE_PROXY,,NEUTRAL,4090.3,61,3992.26875,98.03125,False,False,SOURCE_LEVEL_RESIDUAL,superset_base_source_superset_q75,17.0,3968.91875,121.38125,SUPERSET_AUDITED_BASE,3968.91875,121.38125,False,3992.26875,98.03125,False,False,DYNAMIC_RESIDUAL_BETTER,23.35,False,False,True,DYNAMIC_GT10
2025-10-30,2025-10-29,L5,RANGE_NORMAL_60_120,CLOSE_POS_LOWER_THIRD,ROWS_EXTENDED_11_PLUS,3930.12,PREV_CLOSE_PROXY,,NEUTRAL,4056.8,61,3962.470312,94.329688,False,False,LEVEL_RESIDUAL,superset_base_level_superset_q75,20.0,3950.6725,106.1275,SUPERSET_AUDITED_BASE,3950.6725,106.1275,False,3962.470312,94.329688,False,False,DYNAMIC_RESIDUAL_BETTER,11.797812,False,False,True,DYNAMIC_GT10
2025-10-30,2025-10-29,L6,RANGE_NORMAL_60_120,CLOSE_POS_LOWER_THIRD,ROWS_EXTENDED_11_PLUS,3930.12,PREV_CLOSE_PROXY,,NEUTRAL,4023.85,61,3948.359175,75.490825,False,False,LEVEL_RESIDUAL,superset_base_level_original_q75,20.0,3932.42625,91.42375,SUPERSET_AUDITED_BASE,3932.42625,91.42375,False,3948.359175,75.490825,False,False,DYNAMIC_RESIDUAL_BETTER,15.932925,False,False,True,DYNAMIC_GT10
2025-10-30,2025-10-29,L7,RANGE_NORMAL_60_120,CLOSE_POS_LOWER_THIRD,ROWS_EXTENDED_11_PLUS,3930.12,PREV_CLOSE_PROXY,,NEUTRAL,3991.27,61,3936.39,54.88,False,False,SOURCE_LEVEL_RESIDUAL,superset_base_source_superset_q75,17.0,3914.18,77.09,SUPERSET_AUDITED_BASE,3914.18,77.09,False,3936.39,54.88,False,False,DYNAMIC_RESIDUAL_BETTER,22.21,False,False,True,DYNAMIC_GT10
2025-10-31,2025-10-30,L4,RANGE_NORMAL_60_120,CLOSE_POS_UPPER_THIRD,ROWS_STANDARD_9_10,4024.28,PREV_CLOSE_PROXY,,NEUTRAL,4053.95,101,4053.435625,0.514375,True,True,REGIME_LEVEL_RESIDUAL,superset_base_regime_superset_q75,4.0,4039.49875,14.45125,SUPERSET_AUDITED_BASE,4039.49875,14.45125,False,4053.435625,0.514375,True,True,DYNAMIC_RESIDUAL_BETTER,13.936875,True,True,True,DYNAMIC_WITHIN_3
2025-10-31,2025-10-30,L5,RANGE_NORMAL_60_120,CLOSE_POS_UPPER_THIRD,ROWS_STANDARD_9_10,4024.28,PREV_CLOSE_PROXY,,NEUTRAL,4020.43,101,4021.365,0.935,True,True,LEVEL_RESIDUAL,superset_base_level_superset_q75,21.0,4009.49875,10.93125,SUPERSET_AUDITED_BASE,4009.49875,10.93125,False,4021.365,0.935,True,True,DYNAMIC_RESIDUAL_BETTER,9.99625,True,True,True,DYNAMIC_WITHIN_3
2025-10-31,2025-10-30,L6,RANGE_NORMAL_60_120,CLOSE_POS_UPPER_THIRD,ROWS_STANDARD_9_10,4024.28,PREV_CLOSE_PROXY,,NEUTRAL,3988.15,101,3985.70297,2.44703,True,True,LEVEL_RESIDUAL,superset_base_level_original_recent8_median,8.0,3974.05625,14.09375,SUPERSET_AUDITED_BASE,3974.05625,14.09375,False,3985.70297,2.44703,True,True,DYNAMIC_RESIDUAL_BETTER,11.64672,True,True,True,DYNAMIC_WITHIN_3
2025-10-31,2025-10-30,L7,RANGE_NORMAL_60_120,CLOSE_POS_UPPER_THIRD,ROWS_STANDARD_9_10,4024.28,PREV_CLOSE_PROXY,,NEUTRAL,3959.89,101,3959.258437,0.631563,True,True,REGIME_LEVEL_RESIDUAL,superset_base_regime_superset_q75,4.0,3956.335,3.555,SUPERSET_AUDITED_BASE,3956.335,3.555,True,3959.258437,0.631563,True,True,DYNAMIC_RESIDUAL_BETTER,2.923437,False,True,True,DYNAMIC_WITHIN_3
2025-11-03,2025-10-31,L4,RANGE_NORMAL_60_120,CLOSE_POS_MIDDLE_THIRD,ROWS_EXTENDED_11_PLUS,4002.19,PREV_CLOSE_PROXY,,NEUTRAL,4042.58,61,4040.895018,1.684982,True,True,LEVEL_RESIDUAL,superset_base_level_superset_q75,21.0,4024.215,18.365,SUPERSET_AUDITED_BASE,4024.215,18.365,False,4040.895018,1.684982,True,True,DYNAMIC_RESIDUAL_BETTER,16.680018,True,True,True,DYNAMIC_WITHIN_3
2025-11-03,2025-10-31,L5,RANGE_NORMAL_60_120,CLOSE_POS_MIDDLE_THIRD,ROWS_EXTENDED_11_PLUS,4002.19,PREV_CLOSE_PROXY,,NEUTRAL,4013.99,61,4013.752663,0.237337,True,True,LEVEL_RESIDUAL,superset_base_level_superset_mean,22.0,4007.21375,6.77625,SUPERSET_AUDITED_BASE,4007.21375,6.77625,False,4013.752663,0.237337,True,True,DYNAMIC_RESIDUAL_BETTER,6.538913,True,True,True,DYNAMIC_WITHIN_3
2025-11-03,2025-10-31,L6,RANGE_NORMAL_60_120,CLOSE_POS_MIDDLE_THIRD,ROWS_EXTENDED_11_PLUS,4002.19,PREV_CLOSE_PROXY,,NEUTRAL,3985.4,42,3985.846891,0.446891,True,True,LEVEL_RESIDUAL,superset_base_level_superset_mean,22.0,3981.21625,4.18375,SUPERSET_AUDITED_BASE,3981.21625,4.18375,True,3985.846891,0.446891,True,True,DYNAMIC_RESIDUAL_BETTER,3.736859,False,True,True,DYNAMIC_WITHIN_3
2025-11-03,2025-10-31,L7,RANGE_NORMAL_60_120,CLOSE_POS_MIDDLE_THIRD,ROWS_EXTENDED_11_PLUS,4002.19,PREV_CLOSE_PROXY,,NEUTRAL,3953.24,61,3955.1025,1.8625,True,True,LEVEL_RESIDUAL,superset_base_level_superset_recent8_median,8.0,3942.22,11.02,SUPERSET_AUDITED_BASE,3942.22,11.02,False,3955.1025,1.8625,True,True,DYNAMIC_RESIDUAL_BETTER,9.1575,True,True,True,DYNAMIC_WITHIN_3
2025-11-04,2025-11-03,L4,RANGE_NORMAL_60_120,CLOSE_POS_MIDDLE_THIRD,ROWS_STANDARD_9_10,4001.26,PREV_CLOSE_PROXY,,NEUTRAL,4037.15,61,4032.2925,4.8575,False,True,SOURCE_LEVEL_RESIDUAL,superset_base_source_superset_q75,19.0,4011.435,25.715,SUPERSET_AUDITED_BASE,4011.435,25.715,False,4032.2925,4.8575,False,True,DYNAMIC_RESIDUAL_BETTER,20.8575,True,False,True,DYNAMIC_WITHIN_5
2025-11-04,2025-11-03,L5,RANGE_NORMAL_60_120,CLOSE_POS_MIDDLE_THIRD,ROWS_STANDARD_9_10,4001.26,PREV_CLOSE_PROXY,,NEUTRAL,4011.32,61,4005.551875,5.768125,False,False,LEVEL_RESIDUAL,superset_base_level_superset_q75,23.0,3993.73125,17.58875,SUPERSET_AUDITED_BASE,3993.73125,17.58875,False,4005.551875,5.768125,False,False,DYNAMIC_RESIDUAL_BETTER,11.820625,False,False,True,DYNAMIC_WITHIN_10
2025-11-04,2025-11-03,L6,RANGE_NORMAL_60_120,CLOSE_POS_MIDDLE_THIRD,ROWS_STANDARD_9_10,4001.26,PREV_CLOSE_PROXY,,NEUTRAL,3978.19,61,3981.435,3.245,False,True,SUPERSET_AUDITED_BASE,ORIGINAL_ORACLE_PRESERVED,,3981.435,3.245,SUPERSET_AUDITED_BASE,3981.435,3.245,True,3981.435,3.245,False,True,SUPERSET_AUDITED_BASE_PRESERVED,0.0,False,False,False,DYNAMIC_WITHIN_5
2025-11-04,2025-11-03,L7,RANGE_NORMAL_60_120,CLOSE_POS_MIDDLE_THIRD,ROWS_STANDARD_9_10,4001.26,PREV_CLOSE_PROXY,,NEUTRAL,3947.62,61,3954.46,6.84,False,False,LEVEL_RESIDUAL,superset_base_level_superset_q75,21.0,3932.25,15.37,SUPERSET_AUDITED_BASE,3932.25,15.37,False,3954.46,6.84,False,False,DYNAMIC_RESIDUAL_BETTER,8.53,False,False,True,DYNAMIC_WITHIN_10
2025-11-05,2025-11-04,L4,RANGE_NORMAL_60_120,CLOSE_POS_LOWER_THIRD,ROWS_SPARSE_1_8,3931.9,PREV_CLOSE_PROXY,,NEUTRAL,3973.68,61,3976.9475,3.2675,False,True,LEVEL_RESIDUAL,superset_base_level_superset_median,23.0,3968.95125,4.72875,SUPERSET_AUDITED_BASE,3968.95125,4.72875,True,3976.9475,3.2675,False,True,DYNAMIC_RESIDUAL_BETTER,1.46125,False,False,True,DYNAMIC_WITHIN_5
2025-11-05,2025-11-04,L5,RANGE_NORMAL_60_120,CLOSE_POS_LOWER_THIRD,ROWS_SPARSE_1_8,3931.9,PREV_CLOSE_PROXY,,NEUTRAL,3944.85,61,3944.315938,0.534062,True,True,LEVEL_RESIDUAL,superset_base_level_superset_q25,24.0,3955.5775,10.7275,SUPERSET_AUDITED_BASE,3955.5775,10.7275,False,3944.315938,0.534062,True,True,DYNAMIC_RESIDUAL_BETTER,10.193438,True,True,True,DYNAMIC_WITHIN_3
2025-11-05,2025-11-04,L6,RANGE_NORMAL_60_120,CLOSE_POS_LOWER_THIRD,ROWS_SPARSE_1_8,3931.9,PREV_CLOSE_PROXY,,NEUTRAL,3916.74,61,3930.16,13.42,False,False,LEVEL_RESIDUAL,superset_base_level_superset_q25,24.0,3942.20375,25.46375,SUPERSET_AUDITED_BASE,3942.20375,25.46375,False,3930.16,13.42,False,False,DYNAMIC_RESIDUAL_BETTER,12.04375,False,False,True,DYNAMIC_GT10
2025-11-05,2025-11-04,L7,RANGE_NORMAL_60_120,CLOSE_POS_LOWER_THIRD,ROWS_SPARSE_1_8,3931.9,PREV_CLOSE_PROXY,,NEUTRAL,3888.49,61,3921.55125,33.06125,False,False,SOURCE_LEVEL_RESIDUAL,superset_base_source_superset_q25,21.0,3928.83,40.34,SUPERSET_AUDITED_BASE,3928.83,40.34,False,3921.55125,33.06125,False,False,DYNAMIC_RESIDUAL_BETTER,7.27875,False,False,True,DYNAMIC_GT10
2025-11-06,2025-11-05,L4,RANGE_NORMAL_60_120,CLOSE_POS_UPPER_THIRD,ROWS_STANDARD_9_10,3979.04,PREV_CLOSE_PROXY,,NEUTRAL,4026.17,101,4025.40375,0.76625,True,True,RANGE_CLOSE_LEVEL_RESIDUAL,superset_base_range_close_original_q25,7.0,4020.51,5.66,SUPERSET_AUDITED_BASE,4020.51,5.66,False,4025.40375,0.76625,True,True,DYNAMIC_RESIDUAL_BETTER,4.89375,True,True,True,DYNAMIC_WITHIN_3
2025-11-06,2025-11-05,L5,RANGE_NORMAL_60_120,CLOSE_POS_UPPER_THIRD,ROWS_STANDARD_9_10,3979.04,PREV_CLOSE_PROXY,,NEUTRAL,3999.38,101,3998.515,0.865,True,True,REGIME_LEVEL_RESIDUAL,superset_base_regime_superset_q25,5.0,3997.685,1.695,SUPERSET_AUDITED_BASE,3997.685,1.695,True,3998.515,0.865,True,True,DYNAMIC_RESIDUAL_BETTER,0.83,False,False,True,DYNAMIC_WITHIN_3
2025-11-06,2025-11-05,L6,RANGE_NORMAL_60_120,CLOSE_POS_UPPER_THIRD,ROWS_STANDARD_9_10,3979.04,PREV_CLOSE_PROXY,,NEUTRAL,3971.33,101,3972.823752,1.493752,True,True,SOURCE_LEVEL_RESIDUAL,superset_base_source_superset_recent8_median,8.0,3964.850417,6.479583,SUPERSET_AUDITED_BASE,3964.850417,6.479583,False,3972.823752,1.493752,True,True,DYNAMIC_RESIDUAL_BETTER,4.985831,True,True,True,DYNAMIC_WITHIN_3
2025-11-06,2025-11-05,L7,RANGE_NORMAL_60_120,CLOSE_POS_UPPER_THIRD,ROWS_STANDARD_9_10,3979.04,PREV_CLOSE_PROXY,,NEUTRAL,3946.09,101,3946.419375,0.329375,True,True,LEVEL_RESIDUAL,superset_base_level_superset_median,23.0,3944.86,1.23,SUPERSET_AUDITED_BASE,3944.86,1.23,True,3946.419375,0.329375,True,True,DYNAMIC_RESIDUAL_BETTER,0.900625,False,False,True,DYNAMIC_WITHIN_3
2025-11-07,2025-11-06,L4,RANGE_COMPRESSED_0_60,CLOSE_POS_LOWER_THIRD,ROWS_SPARSE_1_8,3976.93,PREV_CLOSE_PROXY,,NEUTRAL,3994.41,61,3994.133732,0.276268,True,True,SOURCE_LEVEL_RESIDUAL,superset_base_source_superset_median,22.0,3982.909982,11.500018,SUPERSET_AUDITED_BASE,3982.909982,11.500018,False,3994.133732,0.276268,True,True,DYNAMIC_RESIDUAL_BETTER,11.22375,True,True,True,DYNAMIC_WITHIN_3
2025-11-07,2025-11-06,L5,RANGE_COMPRESSED_0_60,CLOSE_POS_LOWER_THIRD,ROWS_SPARSE_1_8,3976.93,PREV_CLOSE_PROXY,,NEUTRAL,3965.9,61,3966.45375,0.55375,True,True,SUPERSET_AUDITED_BASE,ORIGINAL_ORACLE_PRESERVED,,3966.45375,0.55375,SUPERSET_AUDITED_BASE,3966.45375,0.55375,True,3966.45375,0.55375,True,True,SUPERSET_AUDITED_BASE_PRESERVED,0.0,False,False,False,DYNAMIC_WITHIN_3
2025-11-07,2025-11-06,L6,RANGE_COMPRESSED_0_60,CLOSE_POS_LOWER_THIRD,ROWS_SPARSE_1_8,3976.93,PREV_CLOSE_PROXY,,NEUTRAL,3939.99,61,3945.19125,5.20125,False,False,SUPERSET_AUDITED_BASE,ORIGINAL_ORACLE_PRESERVED,,3945.19125,5.20125,SUPERSET_AUDITED_BASE,3945.19125,5.20125,False,3945.19125,5.20125,False,False,SUPERSET_AUDITED_BASE_PRESERVED,0.0,False,False,False,DYNAMIC_WITHIN_10
2025-11-07,2025-11-06,L7,RANGE_COMPRESSED_0_60,CLOSE_POS_LOWER_THIRD,ROWS_SPARSE_1_8,3976.93,PREV_CLOSE_PROXY,,NEUTRAL,3916.67,61,3914.106563,2.563437,True,True,LEVEL_RESIDUAL,superset_base_level_superset_q25,24.0,3923.92875,7.25875,SUPERSET_AUDITED_BASE,3923.92875,7.25875,False,3914.106563,2.563437,True,True,DYNAMIC_RESIDUAL_BETTER,4.695313,True,True,True,DYNAMIC_WITHIN_3
2025-11-10,2025-11-07,L4,RANGE_COMPRESSED_0_60,CLOSE_POS_MIDDLE_THIRD,ROWS_STANDARD_9_10,4000.84,PREV_CLOSE_PROXY,,NEUTRAL,4017.8,61,4017.759792,0.040208,True,True,LEVEL_RESIDUAL,superset_base_level_superset_recent8_median,7.0,4003.308542,14.491458,SUPERSET_AUDITED_BASE,4003.308542,14.491459,False,4017.759792,0.040208,True,True,DYNAMIC_RESIDUAL_BETTER,14.451251,True,True,True,DYNAMIC_WITHIN_3
2025-11-10,2025-11-07,L5,RANGE_COMPRESSED_0_60,CLOSE_POS_MIDDLE_THIRD,ROWS_STANDARD_9_10,4000.84,PREV_CLOSE_PROXY,,NEUTRAL,3992.42,61,3992.22224,0.19776,True,True,LEVEL_RESIDUAL,superset_base_level_superset_mean,27.0,3986.346875,6.073125,SUPERSET_AUDITED_BASE,3986.346875,6.073125,False,3992.22224,0.19776,True,True,DYNAMIC_RESIDUAL_BETTER,5.875365,True,True,True,DYNAMIC_WITHIN_3
2025-11-10,2025-11-07,L6,RANGE_COMPRESSED_0_60,CLOSE_POS_MIDDLE_THIRD,ROWS_STANDARD_9_10,4000.84,PREV_CLOSE_PROXY,,NEUTRAL,3968.14,61,3968.194627,0.054627,True,True,LEVEL_RESIDUAL,superset_base_level_superset_mean,27.0,3965.2825,2.8575,SUPERSET_AUDITED_BASE,3965.2825,2.8575,True,3968.194627,0.054627,True,True,DYNAMIC_RESIDUAL_BETTER,2.802873,False,False,True,DYNAMIC_WITHIN_3
2025-11-10,2025-11-07,L7,RANGE_COMPRESSED_0_60,CLOSE_POS_MIDDLE_THIRD,ROWS_STANDARD_9_10,4000.84,PREV_CLOSE_PROXY,,NEUTRAL,3943.22,61,3944.4,1.18,True,True,LEVEL_RESIDUAL,superset_base_level_original_median,25.0,3944.54,1.32,SUPERSET_AUDITED_BASE,3944.54,1.32,True,3944.4,1.18,True,True,DYNAMIC_RESIDUAL_BETTER,0.14,False,False,True,DYNAMIC_WITHIN_3
2025-11-11,2025-11-10,L4,RANGE_NORMAL_60_120,CLOSE_POS_UPPER_THIRD,ROWS_STANDARD_9_10,4115.78,PREV_CLOSE_PROXY,,NEUTRAL,4158.14,101,4158.078958,0.061042,True,True,REGIME_LEVEL_RESIDUAL,superset_base_regime_original_mean,6.0,4146.47,11.67,SUPERSET_AUDITED_BASE,4146.47,11.67,False,4158.078958,0.061042,True,True,DYNAMIC_RESIDUAL_BETTER,11.608958,True,True,True,DYNAMIC_WITHIN_3
2025-11-11,2025-11-10,L5,RANGE_NORMAL_60_120,CLOSE_POS_UPPER_THIRD,ROWS_STANDARD_9_10,4115.78,PREV_CLOSE_PROXY,,NEUTRAL,4131.74,101,4121.112812,10.627188,False,False,LEVEL_RESIDUAL,superset_base_level_superset_q75,28.0,4109.315,22.425,SUPERSET_AUDITED_BASE,4109.315,22.425,False,4121.112812,10.627188,False,False,DYNAMIC_RESIDUAL_BETTER,11.797812,False,False,True,DYNAMIC_GT10
2025-11-11,2025-11-10,L6,RANGE_NORMAL_60_120,CLOSE_POS_UPPER_THIRD,ROWS_STANDARD_9_10,4115.78,PREV_CLOSE_PROXY,,NEUTRAL,4099.17,101,4091.045957,8.124043,False,False,LEVEL_RESIDUAL,superset_base_level_superset_q75,28.0,4076.81502,22.35498,SUPERSET_AUDITED_BASE,4076.81502,22.35498,False,4091.045957,8.124043,False,False,DYNAMIC_RESIDUAL_BETTER,14.230937,False,False,True,DYNAMIC_WITHIN_10
2025-11-11,2025-11-10,L7,RANGE_NORMAL_60_120,CLOSE_POS_UPPER_THIRD,ROWS_STANDARD_9_10,4115.78,PREV_CLOSE_PROXY,,NEUTRAL,4067.01,101,4058.03142,8.97858,False,False,SOURCE_LEVEL_RESIDUAL,superset_base_source_superset_q75,25.0,4042.66142,24.34858,SUPERSET_AUDITED_BASE,4042.66142,24.34858,False,4058.03142,8.97858,False,False,DYNAMIC_RESIDUAL_BETTER,15.37,False,False,True,DYNAMIC_WITHIN_10
2025-11-12,2025-11-11,L4,RANGE_COMPRESSED_0_60,CLOSE_POS_MIDDLE_THIRD,ROWS_SPARSE_1_8,4126.6,PREV_CLOSE_PROXY,,NEUTRAL,4129.0,61,4137.28375,8.28375,False,False,LEVEL_RESIDUAL,superset_base_level_superset_q25,28.0,4138.78375,9.78375,SUPERSET_AUDITED_BASE,4138.78375,9.78375,False,4137.28375,8.28375,False,False,DYNAMIC_RESIDUAL_BETTER,1.5,False,False,True,DYNAMIC_WITHIN_10
2025-11-12,2025-11-11,L5,RANGE_COMPRESSED_0_60,CLOSE_POS_MIDDLE_THIRD,ROWS_SPARSE_1_8,4126.6,PREV_CLOSE_PROXY,,NEUTRAL,4097.81,61,4103.699149,5.889149,False,False,LEVEL_RESIDUAL,superset_base_level_superset_q25,29.0,4114.426649,16.616649,SUPERSET_AUDITED_BASE,4114.426649,16.616649,False,4103.699149,5.889149,False,False,DYNAMIC_RESIDUAL_BETTER,10.7275,False,False,True,DYNAMIC_WITHIN_10
2025-11-12,2025-11-11,L6,RANGE_COMPRESSED_0_60,CLOSE_POS_MIDDLE_THIRD,ROWS_SPARSE_1_8,4126.6,PREV_CLOSE_PROXY,,NEUTRAL,4064.25,61,4076.445,12.195,False,False,LEVEL_RESIDUAL,superset_base_level_superset_q25,29.0,4087.6025,23.3525,SUPERSET_AUDITED_BASE,4087.6025,23.3525,False,4076.445,12.195,False,False,DYNAMIC_RESIDUAL_BETTER,11.1575,False,False,True,DYNAMIC_GT10
2025-11-12,2025-11-11,L7,RANGE_COMPRESSED_0_60,CLOSE_POS_MIDDLE_THIRD,ROWS_SPARSE_1_8,4126.6,PREV_CLOSE_PROXY,,NEUTRAL,4034.75,61,4059.85625,25.10625,False,False,SOURCE_LEVEL_RESIDUAL,superset_base_source_superset_q25,26.0,4067.13,32.38,SUPERSET_AUDITED_BASE,4067.13,32.38,False,4059.85625,25.10625,False,False,DYNAMIC_RESIDUAL_BETTER,7.27375,False,False,True,DYNAMIC_GT10
2025-11-13,2025-11-12,L4,RANGE_NORMAL_60_120,CLOSE_POS_UPPER_THIRD,ROWS_STANDARD_9_10,4195.32,PREV_CLOSE_PROXY,,NEUTRAL,4233.19,101,4240.1,6.91,False,False,LEVEL_RESIDUAL,superset_base_level_superset_q25,29.0,4248.09625,14.90625,REGIME_LEVEL_RESIDUAL,4241.75,8.56,False,4240.1,6.91,False,False,DYNAMIC_RESIDUAL_BETTER,1.65,False,False,True,DYNAMIC_WITHIN_10
2025-11-13,2025-11-12,L5,RANGE_NORMAL_60_120,CLOSE_POS_UPPER_THIRD,ROWS_STANDARD_9_10,4195.32,PREV_CLOSE_PROXY,,NEUTRAL,4204.6,101,4206.04,1.44,True,True,SUPERSET_AUDITED_BASE,ORIGINAL_ORACLE_PRESERVED,,4207.3025,2.7025,REGIME_LEVEL_RESIDUAL,4206.04,1.44,True,4206.04,1.44,True,True,SUPERSET_AUDITED_BASE_PRESERVED,0.0,False,False,False,DYNAMIC_WITHIN_3
2025-11-13,2025-11-12,L6,RANGE_NORMAL_60_120,CLOSE_POS_UPPER_THIRD,ROWS_STANDARD_9_10,4195.32,PREV_CLOSE_PROXY,,NEUTRAL,4175.81,101,4175.846914,0.036914,True,True,REGIME_LEVEL_RESIDUAL,superset_base_regime_superset_q25,7.0,4175.846914,0.036914,REGIME_LEVEL_RESIDUAL,4174.136704,1.673296,True,4175.846914,0.036914,True,True,DYNAMIC_RESIDUAL_BETTER,1.636382,False,False,True,DYNAMIC_WITHIN_3
2025-11-13,2025-11-12,L7,RANGE_NORMAL_60_120,CLOSE_POS_UPPER_THIRD,ROWS_STANDARD_9_10,4195.32,PREV_CLOSE_PROXY,,NEUTRAL,4146.28,101,4144.494737,1.785263,True,True,REGIME_LEVEL_RESIDUAL,superset_base_regime_superset_mean,7.0,4140.85994,5.42006,REGIME_LEVEL_RESIDUAL,4141.17244,5.10756,False,4144.494737,1.785263,True,True,DYNAMIC_RESIDUAL_BETTER,3.322297,True,True,True,DYNAMIC_WITHIN_3
2025-11-14,2025-11-13,L4,RANGE_NORMAL_60_120,CLOSE_POS_LOWER_THIRD,ROWS_EXTENDED_11_PLUS,4171.26,PREV_CLOSE_PROXY,,NEUTRAL,4270.12,61,4305.0725,34.9525,False,False,LEVEL_RESIDUAL,superset_base_level_original_q25,30.0,4307.45,37.33,SUPERSET_AUDITED_BASE,4307.45,37.33,False,4305.0725,34.9525,False,False,DYNAMIC_RESIDUAL_BETTER,2.3775,False,False,True,DYNAMIC_GT10
2025-11-14,2025-11-13,L5,RANGE_NORMAL_60_120,CLOSE_POS_LOWER_THIRD,ROWS_EXTENDED_11_PLUS,4171.26,PREV_CLOSE_PROXY,,NEUTRAL,4239.31,61,4264.281875,24.971875,False,False,LEVEL_RESIDUAL,superset_base_level_superset_q25,31.0,4275.05,35.74,SUPERSET_AUDITED_BASE,4275.05,35.74,False,4264.281875,24.971875,False,False,DYNAMIC_RESIDUAL_BETTER,10.768125,False,False,True,DYNAMIC_GT10
2025-11-14,2025-11-13,L6,RANGE_NORMAL_60_120,CLOSE_POS_LOWER_THIRD,ROWS_EXTENDED_11_PLUS,4171.26,PREV_CLOSE_PROXY,,NEUTRAL,4205.65,61,4229.72,24.07,False,False,LEVEL_RESIDUAL,superset_base_level_superset_q25,31.0,4242.65,37.0,SUPERSET_AUDITED_BASE,4242.65,37.0,False,4229.72,24.07,False,False,DYNAMIC_RESIDUAL_BETTER,12.93,False,False,True,DYNAMIC_GT10
2025-11-14,2025-11-13,L7,RANGE_NORMAL_60_120,CLOSE_POS_LOWER_THIRD,ROWS_EXTENDED_11_PLUS,4171.26,PREV_CLOSE_PROXY,,NEUTRAL,4177.38,61,4202.027845,24.647845,False,False,SOURCE_LEVEL_RESIDUAL,superset_base_source_superset_q25,28.0,4211.850033,34.470033,SUPERSET_AUDITED_BASE,4211.850033,34.470033,False,4202.027845,24.647845,False,False,DYNAMIC_RESIDUAL_BETTER,9.822188,False,False,True,DYNAMIC_GT10
2025-11-17,2025-11-14,L4,RANGE_WIDE_120_220,CLOSE_POS_LOWER_THIRD,ROWS_STANDARD_9_10,4085.1,PREV_CLOSE_PROXY,,NEUTRAL,4111.02,61,4238.44,127.42,False,False,LEVEL_RESIDUAL,superset_base_level_original_q25,31.0,4241.27,130.25,SUPERSET_AUDITED_BASE,4241.27,130.25,False,4238.44,127.42,False,False,DYNAMIC_RESIDUAL_BETTER,2.83,False,False,True,DYNAMIC_GT10
2025-11-17,2025-11-14,L5,RANGE_WIDE_120_220,CLOSE_POS_LOWER_THIRD,ROWS_STANDARD_9_10,4085.1,PREV_CLOSE_PROXY,,NEUTRAL,4076.11,61,4177.635938,101.525938,False,False,LEVEL_RESIDUAL,superset_base_level_superset_q25,32.0,4188.8975,112.7875,SUPERSET_AUDITED_BASE,4188.8975,112.7875,False,4177.635938,101.525938,False,False,DYNAMIC_RESIDUAL_BETTER,11.261562,False,False,True,DYNAMIC_GT10
2025-11-17,2025-11-14,L6,RANGE_WIDE_120_220,CLOSE_POS_LOWER_THIRD,ROWS_STANDARD_9_10,4085.1,PREV_CLOSE_PROXY,,NEUTRAL,4041.59,61,4126.494015,84.904015,False,False,LEVEL_RESIDUAL,superset_base_level_superset_q25,32.0,4142.89964,101.30964,SUPERSET_AUDITED_BASE,4142.89964,101.30964,False,4126.494015,84.904015,False,False,DYNAMIC_RESIDUAL_BETTER,16.405625,False,False,True,DYNAMIC_GT10
2025-11-17,2025-11-14,L7,RANGE_WIDE_120_220,CLOSE_POS_LOWER_THIRD,ROWS_STANDARD_9_10,4085.1,PREV_CLOSE_PROXY,,NEUTRAL,4009.23,61,4089.3275,80.0975,False,False,SOURCE_LEVEL_RESIDUAL,superset_base_source_superset_q25,29.0,4106.78,97.55,SUPERSET_AUDITED_BASE,4106.78,97.55,False,4089.3275,80.0975,False,False,DYNAMIC_RESIDUAL_BETTER,17.4525,False,False,True,DYNAMIC_GT10
2025-11-18,2025-11-17,L4,RANGE_NORMAL_60_120,CLOSE_POS_MIDDLE_THIRD,ROWS_STANDARD_9_10,4045.52,PREV_CLOSE_PROXY,,NEUTRAL,4104.67,101,4104.439375,0.230625,True,True,RANGE_CLOSE_LEVEL_RESIDUAL,superset_base_range_close_original_q25,4.0,4104.2725,0.3975,SUPERSET_AUDITED_BASE,4104.2725,0.3975,True,4104.439375,0.230625,True,True,DYNAMIC_RESIDUAL_BETTER,0.166875,False,False,True,DYNAMIC_WITHIN_3
2025-11-18,2025-11-17,L5,RANGE_NORMAL_60_120,CLOSE_POS_MIDDLE_THIRD,ROWS_STANDARD_9_10,4045.52,PREV_CLOSE_PROXY,,NEUTRAL,4069.43,101,4068.857709,0.572291,True,True,REGIME_LEVEL_RESIDUAL,superset_base_regime_superset_q25,3.0,4071.835,2.405,SUPERSET_AUDITED_BASE,4071.835,2.405,True,4068.857709,0.572291,True,True,DYNAMIC_RESIDUAL_BETTER,1.832709,False,False,True,DYNAMIC_WITHIN_3
2025-11-18,2025-11-17,L6,RANGE_NORMAL_60_120,CLOSE_POS_MIDDLE_THIRD,ROWS_STANDARD_9_10,4045.52,PREV_CLOSE_PROXY,,NEUTRAL,4036.18,101,4036.765,0.585,True,True,RANGE_CLOSE_LEVEL_RESIDUAL,superset_base_range_close_original_q75,4.0,4031.8975,4.2825,SUPERSET_AUDITED_BASE,4031.8975,4.2825,True,4036.765,0.585,True,True,DYNAMIC_RESIDUAL_BETTER,3.6975,False,True,True,DYNAMIC_WITHIN_3
2025-11-18,2025-11-17,L7,RANGE_NORMAL_60_120,CLOSE_POS_MIDDLE_THIRD,ROWS_STANDARD_9_10,4045.52,PREV_CLOSE_PROXY,,NEUTRAL,4005.49,101,4006.37375,0.88375,True,True,RANGE_CLOSE_LEVEL_RESIDUAL,superset_base_range_close_superset_median,4.0,3993.17875,12.31125,SUPERSET_AUDITED_BASE,3993.17875,12.31125,False,4006.37375,0.88375,True,True,DYNAMIC_RESIDUAL_BETTER,11.4275,True,True,True,DYNAMIC_WITHIN_3
2025-11-19,2025-11-18,L4,RANGE_NORMAL_60_120,CLOSE_POS_UPPER_THIRD,ROWS_STANDARD_9_10,4067.3,PREV_CLOSE_PROXY,,NEUTRAL,4105.38,101,4109.675,4.295,False,True,LEVEL_RESIDUAL,superset_base_level_original_q25,32.0,4116.590937,11.210937,REGIME_LEVEL_RESIDUAL,4112.4,7.02,False,4109.675,4.295,False,True,DYNAMIC_RESIDUAL_BETTER,2.725,True,False,True,DYNAMIC_WITHIN_5
2025-11-19,2025-11-18,L5,RANGE_NORMAL_60_120,CLOSE_POS_UPPER_THIRD,ROWS_STANDARD_9_10,4067.3,PREV_CLOSE_PROXY,,NEUTRAL,4070.7,101,4068.733333,1.966667,True,True,REGIME_LEVEL_RESIDUAL,superset_base_regime_superset_q25,8.0,4068.733333,1.966667,REGIME_LEVEL_RESIDUAL,4068.11,2.59,True,4068.733333,1.966667,True,True,DYNAMIC_RESIDUAL_BETTER,0.623333,False,False,True,DYNAMIC_WITHIN_3
2025-11-19,2025-11-18,L6,RANGE_NORMAL_60_120,CLOSE_POS_UPPER_THIRD,ROWS_STANDARD_9_10,4067.3,PREV_CLOSE_PROXY,,NEUTRAL,4040.63,102,4040.20842,0.42158,True,True,SOURCE_LEVEL_RESIDUAL,original_base_source_original_q75,4.0,4050.846967,10.216967,REGIME_LEVEL_RESIDUAL,4049.20012,8.57012,False,4040.20842,0.42158,True,True,DYNAMIC_RESIDUAL_BETTER,8.14854,True,True,True,DYNAMIC_WITHIN_3
2025-11-19,2025-11-18,L7,RANGE_NORMAL_60_120,CLOSE_POS_UPPER_THIRD,ROWS_STANDARD_9_10,4067.3,PREV_CLOSE_PROXY,,NEUTRAL,4008.31,101,4008.206695,0.103305,True,True,LEVEL_RESIDUAL,superset_base_level_superset_mean,32.0,4009.544375,1.234375,REGIME_LEVEL_RESIDUAL,4009.785,1.475,True,4008.206695,0.103305,True,True,DYNAMIC_RESIDUAL_BETTER,1.371695,False,False,True,DYNAMIC_WITHIN_3
2025-11-20,2025-11-19,L4,RANGE_NORMAL_60_120,CLOSE_POS_LOWER_THIRD,ROWS_SPARSE_1_8,4077.81,PREV_CLOSE_PROXY,,NEUTRAL,4109.29,61,4110.239118,0.949118,True,True,LEVEL_RESIDUAL,superset_base_level_original_mean,33.0,4103.33252,5.95748,SUPERSET_AUDITED_BASE,4103.33252,5.95748,False,4110.239118,0.949118,True,True,DYNAMIC_RESIDUAL_BETTER,5.008362,True,True,True,DYNAMIC_WITHIN_3
2025-11-20,2025-11-19,L5,RANGE_NORMAL_60_120,CLOSE_POS_LOWER_THIRD,ROWS_SPARSE_1_8,4077.81,PREV_CLOSE_PROXY,,NEUTRAL,4074.15,81,4069.8825,4.2675,False,True,LEVEL_RESIDUAL,superset_base_level_superset_median,35.0,4069.0525,5.0975,SUPERSET_AUDITED_BASE,4069.0525,5.0975,False,4069.8825,4.2675,False,True,DYNAMIC_RESIDUAL_BETTER,0.83,True,False,True,DYNAMIC_WITHIN_5
2025-11-20,2025-11-19,L6,RANGE_NORMAL_60_120,CLOSE_POS_LOWER_THIRD,ROWS_SPARSE_1_8,4077.81,PREV_CLOSE_PROXY,,NEUTRAL,4040.63,81,4040.62,0.01,True,True,LEVEL_RESIDUAL,superset_base_level_superset_median,35.0,4039.0525,1.5775,SUPERSET_AUDITED_BASE,4039.0525,1.5775,True,4040.62,0.01,True,True,DYNAMIC_RESIDUAL_BETTER,1.5675,False,False,True,DYNAMIC_WITHIN_3
2025-11-20,2025-11-19,L7,RANGE_NORMAL_60_120,CLOSE_POS_LOWER_THIRD,ROWS_SPARSE_1_8,4077.81,PREV_CLOSE_PROXY,,NEUTRAL,4011.09,81,4010.87,0.22,True,True,LEVEL_RESIDUAL,superset_base_level_superset_recent8_median,8.0,4012.2675,1.1775,SUPERSET_AUDITED_BASE,4012.2675,1.1775,True,4010.87,0.22,True,True,DYNAMIC_RESIDUAL_BETTER,0.9575,False,False,True,DYNAMIC_WITHIN_3
2025-11-21,2025-11-20,L4,RANGE_NORMAL_60_120,CLOSE_POS_MIDDLE_THIRD,ROWS_STANDARD_9_10,4077.2,PREV_CLOSE_PROXY,,NEUTRAL,4109.29,101,4109.47,0.18,True,True,REGIME_LEVEL_RESIDUAL,superset_base_regime_original_q25,4.0,4114.945,5.655,SUPERSET_AUDITED_BASE,4114.945,5.655,False,4109.47,0.18,True,True,DYNAMIC_RESIDUAL_BETTER,5.475,True,True,True,DYNAMIC_WITHIN_3
2025-11-21,2025-11-20,L5,RANGE_NORMAL_60_120,CLOSE_POS_MIDDLE_THIRD,ROWS_STANDARD_9_10,4077.2,PREV_CLOSE_PROXY,,NEUTRAL,4075.93,101,4077.611979,1.681979,True,True,REGIME_LEVEL_RESIDUAL,superset_base_regime_superset_mean,4.0,4072.2825,3.6475,SUPERSET_AUDITED_BASE,4072.2825,3.6475,True,4077.611979,1.681979,True,True,DYNAMIC_RESIDUAL_BETTER,1.965521,False,True,True,DYNAMIC_WITHIN_3
2025-11-21,2025-11-20,L6,RANGE_NORMAL_60_120,CLOSE_POS_MIDDLE_THIRD,ROWS_STANDARD_9_10,4077.2,PREV_CLOSE_PROXY,,NEUTRAL,4043.38,102,4043.92369,0.54369,True,True,LEVEL_RESIDUAL,superset_base_level_superset_recent8_median,8.0,4047.42,4.04,SUPERSET_AUDITED_BASE,4047.42,4.04,True,4043.92369,0.54369,True,True,DYNAMIC_RESIDUAL_BETTER,3.49631,False,True,True,DYNAMIC_WITHIN_3
2025-11-21,2025-11-20,L7,RANGE_NORMAL_60_120,CLOSE_POS_MIDDLE_THIRD,ROWS_STANDARD_9_10,4077.2,PREV_CLOSE_PROXY,,NEUTRAL,4008.63,101,4008.6575,0.0275,True,True,LEVEL_RESIDUAL,superset_base_level_original_median,34.0,4008.97,0.34,SUPERSET_AUDITED_BASE,4008.97,0.34,True,4008.6575,0.0275,True,True,DYNAMIC_RESIDUAL_BETTER,0.3125,False,False,True,DYNAMIC_WITHIN_3
2025-11-24,2025-11-21,L4,RANGE_NORMAL_60_120,CLOSE_POS_MIDDLE_THIRD,ROWS_STANDARD_9_10,4065.26,PREV_CLOSE_PROXY,,NEUTRAL,4112.0,101,4110.34875,1.65125,True,True,REGIME_LEVEL_RESIDUAL,superset_base_regime_superset_q75,5.0,4102.42875,9.57125,SUPERSET_AUDITED_BASE,4102.42875,9.57125,False,4110.34875,1.65125,True,True,DYNAMIC_RESIDUAL_BETTER,7.92,True,True,True,DYNAMIC_WITHIN_3
2025-11-24,2025-11-21,L5,RANGE_NORMAL_60_120,CLOSE_POS_MIDDLE_THIRD,ROWS_STANDARD_9_10,4065.26,PREV_CLOSE_PROXY,,NEUTRAL,4079.5,101,4080.2125,0.7125,True,True,REGIME_LEVEL_RESIDUAL,superset_base_regime_superset_median,5.0,4076.565,2.935,SUPERSET_AUDITED_BASE,4076.565,2.935,True,4080.2125,0.7125,True,True,DYNAMIC_RESIDUAL_BETTER,2.2225,False,False,True,DYNAMIC_WITHIN_3
2025-11-24,2025-11-21,L6,RANGE_NORMAL_60_120,CLOSE_POS_MIDDLE_THIRD,ROWS_STANDARD_9_10,4065.26,PREV_CLOSE_PROXY,,NEUTRAL,4047.0,101,4046.9465,0.0535,True,True,REGIME_LEVEL_RESIDUAL,superset_base_regime_original_mean,5.0,4045.5725,1.4275,SUPERSET_AUDITED_BASE,4045.5725,1.4275,True,4046.9465,0.0535,True,True,DYNAMIC_RESIDUAL_BETTER,1.374,False,False,True,DYNAMIC_WITHIN_3
2025-11-24,2025-11-21,L7,RANGE_NORMAL_60_120,CLOSE_POS_MIDDLE_THIRD,ROWS_STANDARD_9_10,4065.26,PREV_CLOSE_PROXY,,NEUTRAL,4010.46,82,4010.893085,0.433085,True,True,LEVEL_RESIDUAL,superset_base_level_original_mean,35.0,4012.511875,2.051875,SUPERSET_AUDITED_BASE,4012.511875,2.051875,True,4010.893085,0.433085,True,True,DYNAMIC_RESIDUAL_BETTER,1.61879,False,False,True,DYNAMIC_WITHIN_3
2025-11-25,2025-11-24,L4,RANGE_NORMAL_60_120,CLOSE_POS_UPPER_THIRD,ROWS_STANDARD_9_10,4134.62,PREV_CLOSE_PROXY,,NEUTRAL,4143.47,82,4144.851875,1.381875,True,True,LEVEL_RESIDUAL,superset_base_level_superset_recent8_median,7.0,4153.4375,9.9675,REGIME_LEVEL_RESIDUAL,4150.506875,7.036875,False,4144.851875,1.381875,True,True,DYNAMIC_RESIDUAL_BETTER,5.655,True,True,True,DYNAMIC_WITHIN_3
2025-11-25,2025-11-24,L5,RANGE_NORMAL_60_120,CLOSE_POS_UPPER_THIRD,ROWS_STANDARD_9_10,4134.62,PREV_CLOSE_PROXY,,NEUTRAL,4108.27,101,4107.486667,0.783333,True,True,REGIME_LEVEL_RESIDUAL,superset_base_regime_superset_median,9.0,4105.726667,2.543333,REGIME_LEVEL_RESIDUAL,4104.896667,3.373333,True,4107.486667,0.783333,True,True,DYNAMIC_RESIDUAL_BETTER,2.59,False,True,True,DYNAMIC_WITHIN_3
2025-11-25,2025-11-24,L6,RANGE_NORMAL_60_120,CLOSE_POS_UPPER_THIRD,ROWS_STANDARD_9_10,4134.62,PREV_CLOSE_PROXY,,NEUTRAL,4078.21,101,4078.2763,0.0663,True,True,SUPERSET_AUDITED_BASE,ORIGINAL_ORACLE_PRESERVED,,4079.8438,1.6338,REGIME_LEVEL_RESIDUAL,4078.2763,0.0663,True,4078.2763,0.0663,True,True,SUPERSET_AUDITED_BASE_PRESERVED,0.0,False,False,False,DYNAMIC_WITHIN_3
2025-11-25,2025-11-24,L7,RANGE_NORMAL_60_120,CLOSE_POS_UPPER_THIRD,ROWS_STANDARD_9_10,4134.62,PREV_CLOSE_PROXY,,NEUTRAL,4045.41,101,4042.844063,2.565937,True,True,LEVEL_RESIDUAL,superset_base_level_superset_q25,36.0,4052.21,6.8,REGIME_LEVEL_RESIDUAL,4052.66625,7.25625,False,4042.844063,2.565937,True,True,DYNAMIC_RESIDUAL_BETTER,4.690313,True,True,True,DYNAMIC_WITHIN_3
2025-11-26,2025-11-25,L4,RANGE_COMPRESSED_0_60,CLOSE_POS_MIDDLE_THIRD,ROWS_STANDARD_9_10,4130.64,PREV_CLOSE_PROXY,,NEUTRAL,4181.28,62,4165.365729,15.914271,False,False,LEVEL_RESIDUAL,superset_base_level_superset_q75,37.0,4150.110729,31.169271,SUPERSET_AUDITED_BASE,4150.110729,31.169271,False,4165.365729,15.914271,False,False,DYNAMIC_RESIDUAL_BETTER,15.255,False,False,True,DYNAMIC_GT10
2025-11-26,2025-11-25,L5,RANGE_COMPRESSED_0_60,CLOSE_POS_MIDDLE_THIRD,ROWS_STANDARD_9_10,4130.64,PREV_CLOSE_PROXY,,NEUTRAL,4146.58,61,4136.628525,9.951475,False,False,LEVEL_RESIDUAL,superset_base_level_superset_q75,39.0,4126.22665,20.35335,SUPERSET_AUDITED_BASE,4126.22665,20.35335,False,4136.628525,9.951475,False,False,DYNAMIC_RESIDUAL_BETTER,10.401875,False,False,True,DYNAMIC_WITHIN_10
2025-11-26,2025-11-25,L6,RANGE_COMPRESSED_0_60,CLOSE_POS_MIDDLE_THIRD,ROWS_STANDARD_9_10,4130.64,PREV_CLOSE_PROXY,,NEUTRAL,4111.42,61,4111.68875,0.26875,True,True,SOURCE_LEVEL_RESIDUAL,superset_base_source_superset_q75,33.0,4099.59,11.83,SUPERSET_AUDITED_BASE,4099.59,11.83,False,4111.68875,0.26875,True,True,DYNAMIC_RESIDUAL_BETTER,11.56125,True,True,True,DYNAMIC_WITHIN_3
2025-11-26,2025-11-25,L7,RANGE_COMPRESSED_0_60,CLOSE_POS_MIDDLE_THIRD,ROWS_STANDARD_9_10,4130.64,PREV_CLOSE_PROXY,,NEUTRAL,4082.04,61,4079.68,2.36,True,True,SUPERSET_AUDITED_BASE,ORIGINAL_ORACLE_PRESERVED,,4079.68,2.36,SUPERSET_AUDITED_BASE,4079.68,2.36,True,4079.68,2.36,True,True,SUPERSET_AUDITED_BASE_PRESERVED,0.0,False,False,False,DYNAMIC_WITHIN_3
2025-11-27,2025-11-26,L4,RANGE_COMPRESSED_0_60,CLOSE_POS_UPPER_THIRD,ROWS_STANDARD_9_10,4163.7,PREV_CLOSE_PROXY,,NEUTRAL,4172.25,61,4172.059792,0.190208,True,True,SOURCE_LEVEL_RESIDUAL,superset_base_source_superset_q75,33.0,4156.552292,15.697708,SUPERSET_AUDITED_BASE,4156.552292,15.697708,False,4172.059792,0.190208,True,True,DYNAMIC_RESIDUAL_BETTER,15.5075,True,True,True,DYNAMIC_WITHIN_3
2025-11-27,2025-11-26,L5,RANGE_COMPRESSED_0_60,CLOSE_POS_UPPER_THIRD,ROWS_STANDARD_9_10,4163.7,PREV_CLOSE_PROXY,,NEUTRAL,4143.1,61,4143.039792,0.060209,True,True,LEVEL_RESIDUAL,superset_base_level_superset_recent8_median,8.0,4139.885625,3.214375,SUPERSET_AUDITED_BASE,4139.885625,3.214375,True,4143.039792,0.060209,True,True,DYNAMIC_RESIDUAL_BETTER,3.154166,False,True,True,DYNAMIC_WITHIN_3
2025-11-27,2025-11-26,L6,RANGE_COMPRESSED_0_60,CLOSE_POS_UPPER_THIRD,ROWS_STANDARD_9_10,4163.7,PREV_CLOSE_PROXY,,NEUTRAL,4108.29,61,4106.19375,2.09625,True,True,LEVEL_RESIDUAL,superset_base_level_superset_q25,40.0,4118.2375,9.9475,SUPERSET_AUDITED_BASE,4118.2375,9.9475,False,4106.19375,2.09625,True,True,DYNAMIC_RESIDUAL_BETTER,7.85125,True,True,True,DYNAMIC_WITHIN_3
2025-11-27,2025-11-26,L7,RANGE_COMPRESSED_0_60,CLOSE_POS_UPPER_THIRD,ROWS_STANDARD_9_10,4163.7,PREV_CLOSE_PROXY,,NEUTRAL,4073.19,61,4090.007813,16.817813,False,False,SOURCE_LEVEL_RESIDUAL,superset_base_source_superset_q25,36.0,4099.83,26.64,SUPERSET_AUDITED_BASE,4099.83,26.64,False,4090.007813,16.817813,False,False,DYNAMIC_RESIDUAL_BETTER,9.822187,False,False,True,DYNAMIC_GT10
2025-11-28,2025-11-27,L4,RANGE_COMPRESSED_0_60,CLOSE_POS_MIDDLE_THIRD,ROWS_STANDARD_9_10,4157.37,PREV_CLOSE_PROXY,,NEUTRAL,4169.5,61,4169.710625,0.210625,True,True,SOURCE_LEVEL_RESIDUAL,superset_base_source_superset_median,34.0,4161.7525,7.7475,SUPERSET_AUDITED_BASE,4161.7525,7.7475,False,4169.710625,0.210625,True,True,DYNAMIC_RESIDUAL_BETTER,7.536875,True,True,True,DYNAMIC_WITHIN_3
2025-11-28,2025-11-27,L5,RANGE_COMPRESSED_0_60,CLOSE_POS_MIDDLE_THIRD,ROWS_STANDARD_9_10,4157.37,PREV_CLOSE_PROXY,,NEUTRAL,4139.9,61,4140.659158,0.759158,True,True,LEVEL_RESIDUAL,superset_base_level_superset_q25,41.0,4151.386658,11.486658,SUPERSET_AUDITED_BASE,4151.386658,11.486658,False,4140.659158,0.759158,True,True,DYNAMIC_RESIDUAL_BETTER,10.7275,True,True,True,DYNAMIC_WITHIN_3
2025-11-28,2025-11-27,L6,RANGE_COMPRESSED_0_60,CLOSE_POS_MIDDLE_THIRD,ROWS_STANDARD_9_10,4157.37,PREV_CLOSE_PROXY,,NEUTRAL,4110.09,61,4113.785,3.695,False,True,SOURCE_LEVEL_RESIDUAL,superset_base_source_superset_q25,35.0,4126.715,16.625,SUPERSET_AUDITED_BASE,4126.715,16.625,False,4113.785,3.695,False,True,DYNAMIC_RESIDUAL_BETTER,12.93,True,False,True,DYNAMIC_WITHIN_5
2025-11-28,2025-11-27,L7,RANGE_COMPRESSED_0_60,CLOSE_POS_MIDDLE_THIRD,ROWS_STANDARD_9_10,4157.37,PREV_CLOSE_PROXY,,NEUTRAL,4078.58,61,4095.2475,16.6675,False,False,SOURCE_LEVEL_RESIDUAL,superset_base_source_superset_q25,37.0,4112.7,34.12,SUPERSET_AUDITED_BASE,4112.7,34.12,False,4095.2475,16.6675,False,False,DYNAMIC_RESIDUAL_BETTER,17.4525,False,False,True,DYNAMIC_GT10
2025-12-01,2025-11-28,L4,RANGE_NORMAL_60_120,CLOSE_POS_UPPER_THIRD,ROWS_STANDARD_9_10,4219.51,PREV_CLOSE_PROXY,,NEUTRAL,4237.83,102,4238.3735,0.5435,True,True,REGIME_LEVEL_RESIDUAL,superset_base_regime_original_mean,10.0,4228.24125,9.58875,REGIME_LEVEL_RESIDUAL,4232.8175,5.0125,False,4238.3735,0.5435,True,True,DYNAMIC_RESIDUAL_BETTER,4.469,True,True,True,DYNAMIC_WITHIN_3
2025-12-01,2025-11-28,L5,RANGE_NORMAL_60_120,CLOSE_POS_UPPER_THIRD,ROWS_STANDARD_9_10,4219.51,PREV_CLOSE_PROXY,,NEUTRAL,4209.18,101,4205.154063,4.025937,False,True,LEVEL_RESIDUAL,superset_base_level_superset_q25,42.0,4216.98875,7.80875,REGIME_LEVEL_RESIDUAL,4215.9425,6.7625,False,4205.154063,4.025937,False,True,DYNAMIC_RESIDUAL_BETTER,2.736563,True,False,True,DYNAMIC_WITHIN_5
2025-12-01,2025-11-28,L6,RANGE_NORMAL_60_120,CLOSE_POS_UPPER_THIRD,ROWS_STANDARD_9_10,4219.51,PREV_CLOSE_PROXY,,NEUTRAL,4188.77,101,4190.76435,1.99435,True,True,LEVEL_RESIDUAL,superset_base_level_superset_recent8_median,8.0,4193.15965,4.38965,REGIME_LEVEL_RESIDUAL,4192.8175,4.0475,True,4190.76435,1.99435,True,True,DYNAMIC_RESIDUAL_BETTER,2.05315,False,True,True,DYNAMIC_WITHIN_3
2025-12-01,2025-11-28,L7,RANGE_NORMAL_60_120,CLOSE_POS_UPPER_THIRD,ROWS_STANDARD_9_10,4219.51,PREV_CLOSE_PROXY,,NEUTRAL,4164.44,101,4165.093239,0.653239,True,True,REGIME_LEVEL_RESIDUAL,superset_base_regime_superset_mean,10.0,4163.660625,0.779375,REGIME_LEVEL_RESIDUAL,4163.13,1.31,True,4165.093239,0.653239,True,True,DYNAMIC_RESIDUAL_BETTER,0.656761,False,False,True,DYNAMIC_WITHIN_3
2025-12-02,2025-12-01,L4,RANGE_COMPRESSED_0_60,CLOSE_POS_MIDDLE_THIRD,ROWS_SPARSE_1_8,4232.12,PREV_CLOSE_PROXY,,NEUTRAL,4229.6,81,4236.32116,6.72116,False,False,LEVEL_RESIDUAL,superset_base_level_original_q25,41.0,4241.97616,12.37616,SUPERSET_AUDITED_BASE,4241.97616,12.37616,False,4236.32116,6.72116,False,False,DYNAMIC_RESIDUAL_BETTER,5.655,False,False,True,DYNAMIC_WITHIN_10
2025-12-02,2025-12-01,L5,RANGE_COMPRESSED_0_60,CLOSE_POS_MIDDLE_THIRD,ROWS_SPARSE_1_8,4232.12,PREV_CLOSE_PROXY,,NEUTRAL,4209.81,81,4209.815947,0.005947,True,True,LEVEL_RESIDUAL,superset_base_level_superset_mean,43.0,4208.86,0.95,SUPERSET_AUDITED_BASE,4208.86,0.95,True,4209.815947,0.005947,True,True,DYNAMIC_RESIDUAL_BETTER,0.944053,False,False,True,DYNAMIC_WITHIN_3
2025-12-02,2025-12-01,L6,RANGE_COMPRESSED_0_60,CLOSE_POS_MIDDLE_THIRD,ROWS_SPARSE_1_8,4232.12,PREV_CLOSE_PROXY,,NEUTRAL,4187.32,81,4187.27,0.05,True,True,SOURCE_LEVEL_RESIDUAL,superset_base_source_superset_q75,37.0,4175.44,11.88,SUPERSET_AUDITED_BASE,4175.44,11.88,False,4187.27,0.05,True,True,DYNAMIC_RESIDUAL_BETTER,11.83,True,True,True,DYNAMIC_WITHIN_3
2025-12-02,2025-12-01,L7,RANGE_COMPRESSED_0_60,CLOSE_POS_MIDDLE_THIRD,ROWS_SPARSE_1_8,4232.12,PREV_CLOSE_PROXY,,NEUTRAL,4167.18,81,4154.275625,12.904375,False,False,SOURCE_LEVEL_RESIDUAL,superset_base_source_superset_q75,39.0,4142.02,25.16,SUPERSET_AUDITED_BASE,4142.02,25.16,False,4154.275625,12.904375,False,False,DYNAMIC_RESIDUAL_BETTER,12.255625,False,False,True,DYNAMIC_GT10
2025-12-03,2025-12-02,L4,RANGE_NORMAL_60_120,CLOSE_POS_MIDDLE_THIRD,ROWS_STANDARD_9_10,4205.64,PREV_CLOSE_PROXY,,NEUTRAL,4233.23,102,4233.28875,0.05875,True,True,LEVEL_RESIDUAL,original_base_level_superset_q25,42.0,4229.4125,3.8175,SUPERSET_AUDITED_BASE,4229.4125,3.8175,True,4233.28875,0.05875,True,True,DYNAMIC_RESIDUAL_BETTER,3.75875,False,True,True,DYNAMIC_WITHIN_3
2025-12-03,2025-12-02,L5,RANGE_NORMAL_60_120,CLOSE_POS_MIDDLE_THIRD,ROWS_STANDARD_9_10,4205.64,PREV_CLOSE_PROXY,,NEUTRAL,4213.24,101,4215.275,2.035,True,True,REGIME_LEVEL_RESIDUAL,superset_base_regime_superset_q25,6.0,4216.345,3.105,SUPERSET_AUDITED_BASE,4216.345,3.105,True,4215.275,2.035,True,True,DYNAMIC_RESIDUAL_BETTER,1.07,False,True,True,DYNAMIC_WITHIN_3
2025-12-03,2025-12-02,L6,RANGE_NORMAL_60_120,CLOSE_POS_MIDDLE_THIRD,ROWS_STANDARD_9_10,4205.64,PREV_CLOSE_PROXY,,NEUTRAL,4192.7,101,4192.14375,0.55625,True,True,RANGE_CLOSE_LEVEL_RESIDUAL,superset_base_range_close_original_q75,7.0,4185.46,7.24,SUPERSET_AUDITED_BASE,4185.46,7.24,False,4192.14375,0.55625,True,True,DYNAMIC_RESIDUAL_BETTER,6.68375,True,True,True,DYNAMIC_WITHIN_3
2025-12-03,2025-12-02,L7,RANGE_NORMAL_60_120,CLOSE_POS_MIDDLE_THIRD,ROWS_STANDARD_9_10,4205.64,PREV_CLOSE_PROXY,,NEUTRAL,4170.01,101,4169.836306,0.173694,True,True,LEVEL_RESIDUAL,superset_base_level_original_mean,42.0,4172.005,1.995,SUPERSET_AUDITED_BASE,4172.005,1.995,True,4169.836306,0.173694,True,True,DYNAMIC_RESIDUAL_BETTER,1.821306,False,False,True,DYNAMIC_WITHIN_3
2025-12-04,2025-12-03,L4,RANGE_COMPRESSED_0_60,CLOSE_POS_LOWER_THIRD,ROWS_SPARSE_1_8,4202.98,PREV_CLOSE_PROXY,,NEUTRAL,4205.73,61,4217.51875,11.78875,False,False,LEVEL_RESIDUAL,superset_base_level_original_q25,43.0,4223.465,17.735,SUPERSET_AUDITED_BASE,4223.465,17.735,False,4217.51875,11.78875,False,False,DYNAMIC_RESIDUAL_BETTER,5.94625,False,False,True,DYNAMIC_GT10
2025-12-04,2025-12-03,L5,RANGE_COMPRESSED_0_60,CLOSE_POS_LOWER_THIRD,ROWS_SPARSE_1_8,4202.98,PREV_CLOSE_PROXY,,NEUTRAL,4188.05,61,4182.7375,5.3125,False,False,LEVEL_RESIDUAL,superset_base_level_superset_q25,45.0,4193.465,5.415,SUPERSET_AUDITED_BASE,4193.465,5.415,False,4182.7375,5.3125,False,False,DYNAMIC_RESIDUAL_BETTER,0.1025,False,False,True,DYNAMIC_WITHIN_10
2025-12-04,2025-12-03,L6,RANGE_COMPRESSED_0_60,CLOSE_POS_LOWER_THIRD,ROWS_SPARSE_1_8,4202.98,PREV_CLOSE_PROXY,,NEUTRAL,4167.92,61,4163.0375,4.8825,False,True,LEVEL_RESIDUAL,superset_base_level_superset_q25,45.0,4174.195,6.275,SUPERSET_AUDITED_BASE,4174.195,6.275,False,4163.0375,4.8825,False,True,DYNAMIC_RESIDUAL_BETTER,1.3925,True,False,True,DYNAMIC_WITHIN_5
2025-12-04,2025-12-03,L7,RANGE_COMPRESSED_0_60,CLOSE_POS_LOWER_THIRD,ROWS_SPARSE_1_8,4202.98,PREV_CLOSE_PROXY,,NEUTRAL,4144.41,61,4144.1225,0.2875,True,True,SOURCE_LEVEL_RESIDUAL,superset_base_source_superset_recent8_median,8.0,4145.29,0.88,SUPERSET_AUDITED_BASE,4145.29,0.88,True,4144.1225,0.2875,True,True,DYNAMIC_RESIDUAL_BETTER,0.5925,False,False,True,DYNAMIC_WITHIN_3
2025-12-05,2025-12-04,L4,RANGE_COMPRESSED_0_60,CLOSE_POS_UPPER_THIRD,ROWS_SPARSE_1_8,4208.64,PREV_CLOSE_PROXY,,NEUTRAL,4205.56,61,4205.601087,0.041087,True,True,SOURCE_LEVEL_RESIDUAL,superset_base_source_superset_mean,7.0,4202.011459,3.548541,SUPERSET_AUDITED_BASE,4202.011459,3.548541,True,4205.601087,0.041087,True,True,DYNAMIC_RESIDUAL_BETTER,3.507454,False,True,True,DYNAMIC_WITHIN_3
2025-12-05,2025-12-04,L5,RANGE_COMPRESSED_0_60,CLOSE_POS_UPPER_THIRD,ROWS_SPARSE_1_8,4208.64,PREV_CLOSE_PROXY,,NEUTRAL,4183.25,61,4184.190625,0.940625,True,True,LEVEL_RESIDUAL,superset_base_level_superset_recent8_median,8.0,4185.268125,2.018125,SUPERSET_AUDITED_BASE,4185.268125,2.018125,True,4184.190625,0.940625,True,True,DYNAMIC_RESIDUAL_BETTER,1.0775,False,False,True,DYNAMIC_WITHIN_3
2025-12-05,2025-12-04,L6,RANGE_COMPRESSED_0_60,CLOSE_POS_UPPER_THIRD,ROWS_SPARSE_1_8,4208.64,PREV_CLOSE_PROXY,,NEUTRAL,4164.02,61,4164.3481,0.3281,True,True,LEVEL_RESIDUAL,superset_base_level_superset_median,46.0,4163.6675,0.3525,SUPERSET_AUDITED_BASE,4163.6675,0.3525,True,4164.3481,0.3281,True,True,DYNAMIC_RESIDUAL_BETTER,0.0244,False,False,True,DYNAMIC_WITHIN_3
2025-12-05,2025-12-04,L7,RANGE_COMPRESSED_0_60,CLOSE_POS_UPPER_THIRD,ROWS_SPARSE_1_8,4208.64,PREV_CLOSE_PROXY,,NEUTRAL,4143.27,61,4142.934542,0.335458,True,True,LEVEL_RESIDUAL,superset_base_level_original_mean,44.0,4145.07,1.8,SUPERSET_AUDITED_BASE,4145.07,1.8,True,4142.934542,0.335458,True,True,DYNAMIC_RESIDUAL_BETTER,1.464542,False,False,True,DYNAMIC_WITHIN_3
2025-12-08,2025-12-05,L4,RANGE_NORMAL_60_120,CLOSE_POS_LOWER_THIRD,ROWS_SPARSE_1_8,4199.09,PREV_CLOSE_PROXY,,NEUTRAL,4209.43,81,4227.383,17.953,False,False,LEVEL_RESIDUAL,superset_base_level_original_q25,45.0,4233.6205,24.1905,SUPERSET_AUDITED_BASE,4233.6205,24.1905,False,4227.383,17.953,False,False,DYNAMIC_RESIDUAL_BETTER,6.2375,False,False,True,DYNAMIC_GT10
2025-12-08,2025-12-05,L5,RANGE_NORMAL_60_120,CLOSE_POS_LOWER_THIRD,ROWS_SPARSE_1_8,4199.09,PREV_CLOSE_PROXY,,NEUTRAL,4188.47,81,4193.924375,5.454375,False,False,RANGE_CLOSE_LEVEL_RESIDUAL,superset_base_range_close_superset_q25,5.0,4206.544375,18.074375,SUPERSET_AUDITED_BASE,4206.544375,18.074375,False,4193.924375,5.454375,False,False,DYNAMIC_RESIDUAL_BETTER,12.62,False,False,True,DYNAMIC_WITHIN_10
2025-12-08,2025-12-05,L6,RANGE_NORMAL_60_120,CLOSE_POS_LOWER_THIRD,ROWS_SPARSE_1_8,4199.09,PREV_CLOSE_PROXY,,NEUTRAL,4168.88,81,4172.36875,3.48875,False,True,LEVEL_RESIDUAL,superset_base_level_superset_recent8_median,8.0,4174.21625,5.33625,SUPERSET_AUDITED_BASE,4174.21625,5.33625,False,4172.36875,3.48875,False,True,DYNAMIC_RESIDUAL_BETTER,1.8475,True,False,True,DYNAMIC_WITHIN_5
2025-12-08,2025-12-05,L7,RANGE_NORMAL_60_120,CLOSE_POS_LOWER_THIRD,ROWS_SPARSE_1_8,4199.09,PREV_CLOSE_PROXY,,NEUTRAL,4144.37,81,4142.625,1.745,True,True,LEVEL_RESIDUAL,superset_base_level_superset_q25,45.0,4149.90375,5.53375,SUPERSET_AUDITED_BASE,4149.90375,5.53375,False,4142.625,1.745,True,True,DYNAMIC_RESIDUAL_BETTER,3.78875,True,True,True,DYNAMIC_WITHIN_3
2025-12-09,2025-12-08,L4,RANGE_COMPRESSED_0_60,CLOSE_POS_MIDDLE_THIRD,ROWS_SPARSE_1_8,4190.56,PREV_CLOSE_PROXY,,NEUTRAL,4214.14,81,4217.089498,2.949498,True,True,RANGE_CLOSE_LEVEL_RESIDUAL,superset_base_range_close_superset_q75,5.0,4202.59804,11.54196,SUPERSET_AUDITED_BASE,4202.59804,11.54196,False,4217.089498,2.949498,True,True,DYNAMIC_RESIDUAL_BETTER,8.592462,True,True,True,DYNAMIC_WITHIN_3
2025-12-09,2025-12-08,L5,RANGE_COMPRESSED_0_60,CLOSE_POS_MIDDLE_THIRD,ROWS_SPARSE_1_8,4190.56,PREV_CLOSE_PROXY,,NEUTRAL,4191.11,81,4181.748125,9.361875,False,False,LEVEL_RESIDUAL,superset_base_level_superset_q75,48.0,4173.4525,17.6575,SUPERSET_AUDITED_BASE,4173.4525,17.6575,False,4181.748125,9.361875,False,False,DYNAMIC_RESIDUAL_BETTER,8.295625,False,False,True,DYNAMIC_WITHIN_10
2025-12-09,2025-12-08,L6,RANGE_COMPRESSED_0_60,CLOSE_POS_MIDDLE_THIRD,ROWS_SPARSE_1_8,4190.56,PREV_CLOSE_PROXY,,NEUTRAL,4169.53,81,4167.0875,2.4425,True,True,RANGE_CLOSE_LEVEL_RESIDUAL,superset_base_range_close_superset_q75,5.0,4155.2575,14.2725,SUPERSET_AUDITED_BASE,4155.2575,14.2725,False,4167.0875,2.4425,True,True,DYNAMIC_RESIDUAL_BETTER,11.83,True,True,True,DYNAMIC_WITHIN_3
2025-12-09,2025-12-08,L7,RANGE_COMPRESSED_0_60,CLOSE_POS_MIDDLE_THIRD,ROWS_SPARSE_1_8,4190.56,PREV_CLOSE_PROXY,,NEUTRAL,4149.41,81,4149.290312,0.119688,True,True,SOURCE_LEVEL_RESIDUAL,superset_base_source_superset_q75,44.0,4137.0625,12.3475,SUPERSET_AUDITED_BASE,4137.0625,12.3475,False,4149.290312,0.119688,True,True,DYNAMIC_RESIDUAL_BETTER,12.227812,True,True,True,DYNAMIC_WITHIN_3
2025-12-10,2025-12-09,L4,RANGE_COMPRESSED_0_60,CLOSE_POS_UPPER_THIRD,ROWS_SPARSE_1_8,4208.1,PREV_CLOSE_PROXY,,NEUTRAL,4215.84,101,4216.894904,1.054904,True,True,LEVEL_RESIDUAL,superset_base_level_superset_q75,47.0,4202.021675,13.818325,SUPERSET_AUDITED_BASE,4202.021675,13.818325,False,4216.894904,1.054904,True,True,DYNAMIC_RESIDUAL_BETTER,12.763421,True,True,True,DYNAMIC_WITHIN_3
2025-12-10,2025-12-09,L5,RANGE_COMPRESSED_0_60,CLOSE_POS_UPPER_THIRD,ROWS_SPARSE_1_8,4208.1,PREV_CLOSE_PROXY,,NEUTRAL,4194.44,101,4191.40875,3.03125,False,True,LEVEL_RESIDUAL,superset_base_level_superset_q75,49.0,4181.53625,12.90375,SUPERSET_AUDITED_BASE,4181.53625,12.90375,False,4191.40875,3.03125,False,True,DYNAMIC_RESIDUAL_BETTER,9.8725,True,False,True,DYNAMIC_WITHIN_5
2025-12-10,2025-12-09,L6,RANGE_COMPRESSED_0_60,CLOSE_POS_UPPER_THIRD,ROWS_SPARSE_1_8,4208.1,PREV_CLOSE_PROXY,,NEUTRAL,4173.28,101,4172.22,1.06,True,True,SOURCE_LEVEL_RESIDUAL,superset_base_source_superset_q75,43.0,4160.365,12.915,SUPERSET_AUDITED_BASE,4160.365,12.915,False,4172.22,1.06,True,True,DYNAMIC_RESIDUAL_BETTER,11.855,True,True,True,DYNAMIC_WITHIN_3
2025-12-10,2025-12-09,L7,RANGE_COMPRESSED_0_60,CLOSE_POS_UPPER_THIRD,ROWS_SPARSE_1_8,4208.1,PREV_CLOSE_PROXY,,NEUTRAL,4152.33,101,4152.305625,0.024375,True,True,LEVEL_RESIDUAL,superset_base_level_superset_q75,47.0,4140.05,12.28,SUPERSET_AUDITED_BASE,4140.05,12.28,False,4152.305625,0.024375,True,True,DYNAMIC_RESIDUAL_BETTER,12.255625,True,True,True,DYNAMIC_WITHIN_3
2025-12-11,2025-12-10,L4,RANGE_COMPRESSED_0_60,CLOSE_POS_UPPER_THIRD,ROWS_SPARSE_1_8,4228.54,PREV_CLOSE_PROXY,,NEUTRAL,4212.52,101,4211.530218,0.989782,True,True,LEVEL_RESIDUAL,superset_base_level_original_recent8_median,8.0,4217.126468,4.606468,SUPERSET_AUDITED_BASE,4217.126468,4.606468,True,4211.530218,0.989782,True,True,DYNAMIC_RESIDUAL_BETTER,3.616686,False,True,True,DYNAMIC_WITHIN_3
2025-12-11,2025-12-10,L5,RANGE_COMPRESSED_0_60,CLOSE_POS_UPPER_THIRD,ROWS_SPARSE_1_8,4228.54,PREV_CLOSE_PROXY,,NEUTRAL,4192.13,101,4191.973281,0.156719,True,True,REGIME_LEVEL_RESIDUAL,superset_base_regime_superset_q25,4.0,4194.393125,2.263125,SUPERSET_AUDITED_BASE,4194.393125,2.263125,True,4191.973281,0.156719,True,True,DYNAMIC_RESIDUAL_BETTER,2.106406,False,False,True,DYNAMIC_WITHIN_3
2025-12-11,2025-12-10,L6,RANGE_COMPRESSED_0_60,CLOSE_POS_UPPER_THIRD,ROWS_SPARSE_1_8,4228.54,PREV_CLOSE_PROXY,,NEUTRAL,4173.9,101,4173.93,0.03,True,True,RANGE_CLOSE_LEVEL_RESIDUAL,superset_base_range_close_superset_median,5.0,4173.5775,0.3225,SUPERSET_AUDITED_BASE,4173.5775,0.3225,True,4173.93,0.03,True,True,DYNAMIC_RESIDUAL_BETTER,0.2925,False,False,True,DYNAMIC_WITHIN_3
2025-12-11,2025-12-10,L7,RANGE_COMPRESSED_0_60,CLOSE_POS_UPPER_THIRD,ROWS_SPARSE_1_8,4228.54,PREV_CLOSE_PROXY,,NEUTRAL,4154.37,101,4152.055,2.315,True,True,LEVEL_RESIDUAL,superset_base_level_superset_recent8_median,8.0,4151.84,2.53,SUPERSET_AUDITED_BASE,4151.84,2.53,True,4152.055,2.315,True,True,DYNAMIC_RESIDUAL_BETTER,0.215,False,False,True,DYNAMIC_WITHIN_3
2025-12-12,2025-12-11,L4,RANGE_NORMAL_60_120,CLOSE_POS_UPPER_THIRD,ROWS_STANDARD_9_10,4279.59,PREV_CLOSE_PROXY,,NEUTRAL,4258.86,101,4258.93875,0.07875,True,True,REGIME_LEVEL_RESIDUAL,superset_base_regime_original_q25,11.0,4261.949375,3.089375,REGIME_LEVEL_RESIDUAL,4265.5675,6.7075,False,4258.93875,0.07875,True,True,DYNAMIC_RESIDUAL_BETTER,6.62875,True,True,True,DYNAMIC_WITHIN_3
2025-12-12,2025-12-11,L5,RANGE_NORMAL_60_120,CLOSE_POS_UPPER_THIRD,ROWS_STANDARD_9_10,4279.59,PREV_CLOSE_PROXY,,NEUTRAL,4245.23,101,4248.612084,3.382084,False,True,LEVEL_RESIDUAL,superset_base_level_superset_q25,51.0,4257.773751,12.543751,REGIME_LEVEL_RESIDUAL,4257.357084,12.127084,False,4248.612084,3.382084,False,True,DYNAMIC_RESIDUAL_BETTER,8.745,True,False,True,DYNAMIC_WITHIN_5
2025-12-12,2025-12-11,L6,RANGE_NORMAL_60_120,CLOSE_POS_UPPER_THIRD,ROWS_STANDARD_9_10,4279.59,PREV_CLOSE_PROXY,,NEUTRAL,4231.66,101,4231.72849,0.06849,True,True,RANGE_CLOSE_LEVEL_RESIDUAL,superset_base_range_close_superset_q25,13.0,4236.30034,4.64034,REGIME_LEVEL_RESIDUAL,4235.54974,3.88974,True,4231.72849,0.06849,True,True,DYNAMIC_RESIDUAL_BETTER,3.82125,False,True,True,DYNAMIC_WITHIN_3
2025-12-12,2025-12-11,L7,RANGE_NORMAL_60_120,CLOSE_POS_UPPER_THIRD,ROWS_STANDARD_9_10,4279.59,PREV_CLOSE_PROXY,,NEUTRAL,4215.76,101,4215.4075,0.3525,True,True,SUPERSET_AUDITED_BASE,ORIGINAL_ORACLE_PRESERVED,,4214.441875,1.318125,REGIME_LEVEL_RESIDUAL,4215.4075,0.3525,True,4215.4075,0.3525,True,True,SUPERSET_AUDITED_BASE_PRESERVED,0.0,False,False,False,DYNAMIC_WITHIN_3
2025-12-15,2025-12-12,L4,RANGE_NORMAL_60_120,CLOSE_POS_MIDDLE_THIRD,ROWS_SPARSE_1_8,4299.72,PREV_CLOSE_PROXY,,NEUTRAL,4304.36,81,4304.421373,0.061373,True,True,LEVEL_RESIDUAL,superset_base_level_original_mean,50.0,4299.72,4.64,SUPERSET_AUDITED_BASE,4299.72,4.64,True,4304.421373,0.061373,True,True,DYNAMIC_RESIDUAL_BETTER,4.578627,False,True,True,DYNAMIC_WITHIN_3
2025-12-15,2025-12-12,L5,RANGE_NORMAL_60_120,CLOSE_POS_MIDDLE_THIRD,ROWS_SPARSE_1_8,4299.72,PREV_CLOSE_PROXY,,NEUTRAL,4285.43,81,4294.310729,8.880729,False,False,LEVEL_RESIDUAL,superset_base_level_superset_q25,52.0,4305.058542,19.628542,SUPERSET_AUDITED_BASE,4305.058542,19.628542,False,4294.310729,8.880729,False,False,DYNAMIC_RESIDUAL_BETTER,10.747813,False,False,True,DYNAMIC_WITHIN_10
2025-12-15,2025-12-12,L6,RANGE_NORMAL_60_120,CLOSE_POS_MIDDLE_THIRD,ROWS_SPARSE_1_8,4299.72,PREV_CLOSE_PROXY,,NEUTRAL,4264.18,81,4264.279375,0.099375,True,True,RANGE_CLOSE_LEVEL_RESIDUAL,superset_base_range_close_superset_q75,8.0,4259.2575,4.9225,SUPERSET_AUDITED_BASE,4259.2575,4.9225,True,4264.279375,0.099375,True,True,DYNAMIC_RESIDUAL_BETTER,4.823125,False,True,True,DYNAMIC_WITHIN_3
2025-12-15,2025-12-12,L7,RANGE_NORMAL_60_120,CLOSE_POS_MIDDLE_THIRD,ROWS_SPARSE_1_8,4299.72,PREV_CLOSE_PROXY,,NEUTRAL,4244.2,81,4243.53875,0.66125,True,True,SUPERSET_AUDITED_BASE,ORIGINAL_ORACLE_PRESERVED,,4243.53875,0.66125,SUPERSET_AUDITED_BASE,4243.53875,0.66125,True,4243.53875,0.66125,True,True,SUPERSET_AUDITED_BASE_PRESERVED,0.0,False,False,False,DYNAMIC_WITHIN_3
2025-12-16,2025-12-15,L4,RANGE_NORMAL_60_120,CLOSE_POS_LOWER_THIRD,ROWS_SPARSE_1_8,4304.91,PREV_CLOSE_PROXY,,NEUTRAL,4320.99,102,4321.001837,0.011837,True,True,REGIME_LEVEL_RESIDUAL,original_base_regime_superset_mean,3.0,4317.19125,3.79875,SUPERSET_AUDITED_BASE,4317.19125,3.79875,True,4321.001837,0.011837,True,True,DYNAMIC_RESIDUAL_BETTER,3.786913,False,True,True,DYNAMIC_WITHIN_3
2025-12-16,2025-12-15,L5,RANGE_NORMAL_60_120,CLOSE_POS_LOWER_THIRD,ROWS_SPARSE_1_8,4304.91,PREV_CLOSE_PROXY,,NEUTRAL,4301.91,101,4300.506875,1.403125,True,True,RANGE_CLOSE_LEVEL_RESIDUAL,superset_base_range_close_superset_q75,6.0,4299.365625,2.544375,SUPERSET_AUDITED_BASE,4299.365625,2.544375,True,4300.506875,1.403125,True,True,DYNAMIC_RESIDUAL_BETTER,1.14125,False,False,True,DYNAMIC_WITHIN_3
2025-12-16,2025-12-15,L6,RANGE_NORMAL_60_120,CLOSE_POS_LOWER_THIRD,ROWS_SPARSE_1_8,4304.91,PREV_CLOSE_PROXY,,NEUTRAL,4281.92,101,4279.02875,2.89125,True,True,SOURCE_LEVEL_RESIDUAL,superset_base_source_superset_q75,47.0,4267.17375,14.74625,SUPERSET_AUDITED_BASE,4267.17375,14.74625,False,4279.02875,2.89125,True,True,DYNAMIC_RESIDUAL_BETTER,11.855,True,True,True,DYNAMIC_WITHIN_3
2025-12-16,2025-12-15,L7,RANGE_NORMAL_60_120,CLOSE_POS_LOWER_THIRD,ROWS_SPARSE_1_8,4304.91,PREV_CLOSE_PROXY,,NEUTRAL,4264.18,101,4255.68625,8.49375,False,False,SOURCE_LEVEL_RESIDUAL,superset_base_source_superset_q75,49.0,4243.40625,20.77375,SUPERSET_AUDITED_BASE,4243.40625,20.77375,False,4255.68625,8.49375,False,False,DYNAMIC_RESIDUAL_BETTER,12.28,False,False,True,DYNAMIC_WITHIN_10
2025-12-17,2025-12-16,L4,RANGE_NORMAL_60_120,CLOSE_POS_MIDDLE_THIRD,ROWS_SPARSE_1_8,4302.04,PREV_CLOSE_PROXY,,NEUTRAL,4315.01,81,4316.205,1.195,True,True,RANGE_CLOSE_LEVEL_RESIDUAL,superset_base_range_close_superset_q75,9.0,4306.63375,8.37625,SUPERSET_AUDITED_BASE,4306.63375,8.37625,False,4316.205,1.195,True,True,DYNAMIC_RESIDUAL_BETTER,7.18125,True,True,True,DYNAMIC_WITHIN_3
2025-12-17,2025-12-16,L5,RANGE_NORMAL_60_120,CLOSE_POS_MIDDLE_THIRD,ROWS_SPARSE_1_8,4302.04,PREV_CLOSE_PROXY,,NEUTRAL,4297.24,81,4296.789375,0.450625,True,True,LEVEL_RESIDUAL,superset_base_level_superset_q75,54.0,4287.4425,9.7975,SUPERSET_AUDITED_BASE,4287.4425,9.7975,False,4296.789375,0.450625,True,True,DYNAMIC_RESIDUAL_BETTER,9.346875,True,True,True,DYNAMIC_WITHIN_3
2025-12-17,2025-12-16,L6,RANGE_NORMAL_60_120,CLOSE_POS_MIDDLE_THIRD,ROWS_SPARSE_1_8,4302.04,PREV_CLOSE_PROXY,,NEUTRAL,4278.84,81,4276.877188,1.962812,True,True,SOURCE_LEVEL_RESIDUAL,superset_base_source_superset_q75,48.0,4264.9425,13.8975,SUPERSET_AUDITED_BASE,4264.9425,13.8975,False,4276.877188,1.962812,True,True,DYNAMIC_RESIDUAL_BETTER,11.934688,True,True,True,DYNAMIC_WITHIN_3
2025-12-17,2025-12-16,L7,RANGE_NORMAL_60_120,CLOSE_POS_MIDDLE_THIRD,ROWS_SPARSE_1_8,4302.04,PREV_CLOSE_PROXY,,NEUTRAL,4258.9,81,4258.994028,0.094028,True,True,RANGE_CLOSE_LEVEL_RESIDUAL,superset_base_range_close_original_mean,9.0,4253.25125,5.64875,SUPERSET_AUDITED_BASE,4253.25125,5.64875,False,4258.994028,0.094028,True,True,DYNAMIC_RESIDUAL_BETTER,5.554722,True,True,True,DYNAMIC_WITHIN_3
2025-12-19,2025-12-18,L4,RANGE_NORMAL_60_120,CLOSE_POS_MIDDLE_THIRD,ROWS_SPARSE_1_8,4332.34,PREV_CLOSE_PROXY,,NEUTRAL,4340.32,81,4340.789375,0.469375,True,True,RANGE_CLOSE_LEVEL_RESIDUAL,superset_base_range_close_original_q25,10.0,4344.40625,4.08625,SUPERSET_AUDITED_BASE,4344.40625,4.08625,True,4340.789375,0.469375,True,True,DYNAMIC_RESIDUAL_BETTER,3.616875,False,True,True,DYNAMIC_WITHIN_3
2025-12-19,2025-12-18,L5,RANGE_NORMAL_60_120,CLOSE_POS_MIDDLE_THIRD,ROWS_SPARSE_1_8,4332.34,PREV_CLOSE_PROXY,,NEUTRAL,4323.86,81,4324.8675,1.0075,True,True,SUPERSET_AUDITED_BASE,ORIGINAL_ORACLE_PRESERVED,,4324.8675,1.0075,SUPERSET_AUDITED_BASE,4324.8675,1.0075,True,4324.8675,1.0075,True,True,SUPERSET_AUDITED_BASE_PRESERVED,0.0,False,False,False,DYNAMIC_WITHIN_3
2025-12-19,2025-12-18,L6,RANGE_NORMAL_60_120,CLOSE_POS_MIDDLE_THIRD,ROWS_SPARSE_1_8,4332.34,PREV_CLOSE_PROXY,,NEUTRAL,4306.94,82,4306.97,0.03,True,True,RANGE_CLOSE_LEVEL_RESIDUAL,original_base_range_close_original_median,10.0,4309.473125,2.533125,SUPERSET_AUDITED_BASE,4309.473125,2.533125,True,4306.97,0.03,True,True,DYNAMIC_RESIDUAL_BETTER,2.503125,False,False,True,DYNAMIC_WITHIN_3
2025-12-19,2025-12-18,L7,RANGE_NORMAL_60_120,CLOSE_POS_MIDDLE_THIRD,ROWS_SPARSE_1_8,4332.34,PREV_CLOSE_PROXY,,NEUTRAL,4290.25,81,4290.239062,0.010938,True,True,RANGE_CLOSE_LEVEL_RESIDUAL,superset_base_range_close_original_q25,10.0,4290.32875,0.07875,SUPERSET_AUDITED_BASE,4290.32875,0.07875,True,4290.239062,0.010938,True,True,DYNAMIC_RESIDUAL_BETTER,0.067812,False,False,True,DYNAMIC_WITHIN_3
2025-12-22,2025-12-19,L4,RANGE_COMPRESSED_0_60,CLOSE_POS_MIDDLE_THIRD,ROWS_SPARSE_1_8,4338.16,PREV_CLOSE_PROXY,,NEUTRAL,4336.01,101,4334.977363,1.032637,True,True,REGIME_LEVEL_RESIDUAL,superset_base_regime_superset_mean,3.0,4338.51668,2.50668,SUPERSET_AUDITED_BASE,4338.51668,2.50668,True,4334.977363,1.032637,True,True,DYNAMIC_RESIDUAL_BETTER,1.474043,False,False,True,DYNAMIC_WITHIN_3
2025-12-22,2025-12-19,L5,RANGE_COMPRESSED_0_60,CLOSE_POS_MIDDLE_THIRD,ROWS_SPARSE_1_8,4338.16,PREV_CLOSE_PROXY,,NEUTRAL,4317.56,82,4317.58625,0.02625,True,True,REGIME_LEVEL_RESIDUAL,original_base_regime_superset_q75,3.0,4317.94,0.38,SUPERSET_AUDITED_BASE,4317.94,0.38,True,4317.58625,0.02625,True,True,DYNAMIC_RESIDUAL_BETTER,0.35375,False,False,True,DYNAMIC_WITHIN_3
2025-12-22,2025-12-19,L6,RANGE_COMPRESSED_0_60,CLOSE_POS_MIDDLE_THIRD,ROWS_SPARSE_1_8,4338.16,PREV_CLOSE_PROXY,,NEUTRAL,4300.17,102,4301.178125,1.008125,True,True,RANGE_CLOSE_LEVEL_RESIDUAL,superset_base_range_close_superset_median,6.0,4293.834375,6.335625,SUPERSET_AUDITED_BASE,4293.834375,6.335625,False,4301.178125,1.008125,True,True,DYNAMIC_RESIDUAL_BETTER,5.3275,True,True,True,DYNAMIC_WITHIN_3
2025-12-22,2025-12-19,L7,RANGE_COMPRESSED_0_60,CLOSE_POS_MIDDLE_THIRD,ROWS_SPARSE_1_8,4338.16,PREV_CLOSE_PROXY,,NEUTRAL,4283.27,101,4283.399375,0.129375,True,True,LEVEL_RESIDUAL,superset_base_level_superset_recent8_median,8.0,4279.31,3.96,SUPERSET_AUDITED_BASE,4279.31,3.96,True,4283.399375,0.129375,True,True,DYNAMIC_RESIDUAL_BETTER,3.830625,False,True,True,DYNAMIC_WITHIN_3
2025-12-23,2025-12-22,L4,RANGE_NORMAL_60_120,CLOSE_POS_UPPER_THIRD,ROWS_STANDARD_9_10,4443.59,PREV_CLOSE_PROXY,,NEUTRAL,4467.13,101,4467.094286,0.035714,True,True,SOURCE_LEVEL_RESIDUAL,superset_base_source_superset_mean,46.0,4465.19375,1.93625,REGIME_LEVEL_RESIDUAL,4461.6425,5.4875,False,4467.094286,0.035714,True,True,DYNAMIC_RESIDUAL_BETTER,5.451786,True,True,True,DYNAMIC_WITHIN_3
2025-12-23,2025-12-22,L5,RANGE_NORMAL_60_120,CLOSE_POS_UPPER_THIRD,ROWS_STANDARD_9_10,4443.59,PREV_CLOSE_PROXY,,NEUTRAL,4453.37,101,4453.341875,0.028125,True,True,RANGE_CLOSE_LEVEL_RESIDUAL,superset_base_range_close_superset_q75,14.0,4443.6375,9.7325,REGIME_LEVEL_RESIDUAL,4443.995,9.375,False,4453.341875,0.028125,True,True,DYNAMIC_RESIDUAL_BETTER,9.346875,True,True,True,DYNAMIC_WITHIN_3
2025-12-23,2025-12-22,L6,RANGE_NORMAL_60_120,CLOSE_POS_UPPER_THIRD,ROWS_STANDARD_9_10,4443.59,PREV_CLOSE_PROXY,,NEUTRAL,4440.6,101,4426.09375,14.50625,False,False,SOURCE_LEVEL_RESIDUAL,superset_base_source_superset_q75,49.0,4412.989962,27.610038,REGIME_LEVEL_RESIDUAL,4413.995,26.605,False,4426.09375,14.50625,False,False,DYNAMIC_RESIDUAL_BETTER,12.09875,False,False,True,DYNAMIC_GT10
2025-12-23,2025-12-22,L7,RANGE_NORMAL_60_120,CLOSE_POS_UPPER_THIRD,ROWS_STANDARD_9_10,4443.59,PREV_CLOSE_PROXY,,NEUTRAL,4426.21,101,4391.92038,34.28962,False,False,SOURCE_LEVEL_RESIDUAL,superset_base_source_superset_q75,53.0,4378.929442,47.280558,REGIME_LEVEL_RESIDUAL,4379.64038,46.56962,False,4391.92038,34.28962,False,False,DYNAMIC_RESIDUAL_BETTER,12.28,False,False,True,DYNAMIC_GT10
2025-12-24,2025-12-23,L4,RANGE_NORMAL_60_120,CLOSE_POS_UPPER_THIRD,ROWS_SPARSE_1_8,4484.54,PREV_CLOSE_PROXY,,NEUTRAL,4479.79,81,4480.169785,0.379785,True,True,LEVEL_RESIDUAL,superset_base_level_original_recent8_median,8.0,4483.46625,3.67625,SUPERSET_AUDITED_BASE,4483.46625,3.67625,True,4480.169785,0.379785,True,True,DYNAMIC_RESIDUAL_BETTER,3.296465,False,True,True,DYNAMIC_WITHIN_3
2025-12-24,2025-12-23,L5,RANGE_NORMAL_60_120,CLOSE_POS_UPPER_THIRD,ROWS_SPARSE_1_8,4484.54,PREV_CLOSE_PROXY,,NEUTRAL,4467.74,62,4465.595139,2.144861,True,True,RANGE_CLOSE_LEVEL_RESIDUAL,original_base_range_close_superset_mean,15.0,4472.410625,4.670625,SUPERSET_AUDITED_BASE,4472.410625,4.670625,True,4465.595139,2.144861,True,True,DYNAMIC_RESIDUAL_BETTER,2.525764,False,True,True,DYNAMIC_WITHIN_3
2025-12-24,2025-12-23,L6,RANGE_NORMAL_60_120,CLOSE_POS_UPPER_THIRD,ROWS_SPARSE_1_8,4484.54,PREV_CLOSE_PROXY,,NEUTRAL,4455.68,82,4455.996372,0.316372,True,True,SOURCE_LEVEL_RESIDUAL,superset_base_source_superset_median,8.0,4458.340625,2.660625,SUPERSET_AUDITED_BASE,4458.340625,2.660625,True,4455.996372,0.316372,True,True,DYNAMIC_RESIDUAL_BETTER,2.344253,False,False,True,DYNAMIC_WITHIN_3
2025-12-26,2025-12-24,L4,RANGE_NORMAL_60_120,CLOSE_POS_MIDDLE_THIRD,ROWS_SPARSE_1_8,4479.58,PREV_CLOSE_PROXY,,NEUTRAL,4492.12,102,4492.116875,0.003125,True,True,RANGE_CLOSE_LEVEL_RESIDUAL,original_base_range_close_superset_recent8_median,8.0,4493.934076,1.814076,SUPERSET_AUDITED_BASE,4493.934076,1.814076,True,4492.116875,0.003125,True,True,DYNAMIC_RESIDUAL_BETTER,1.810951,False,False,True,DYNAMIC_WITHIN_3
2025-12-26,2025-12-24,L5,RANGE_NORMAL_60_120,CLOSE_POS_MIDDLE_THIRD,ROWS_SPARSE_1_8,4479.58,PREV_CLOSE_PROXY,,NEUTRAL,4479.11,101,4478.93617,0.17383,True,True,RANGE_CLOSE_LEVEL_RESIDUAL,superset_base_range_close_superset_recent8_median,8.0,4477.97242,1.13758,SUPERSET_AUDITED_BASE,4477.97242,1.13758,True,4478.93617,0.17383,True,True,DYNAMIC_RESIDUAL_BETTER,0.96375,False,False,True,DYNAMIC_WITHIN_3
2025-12-26,2025-12-24,L6,RANGE_NORMAL_60_120,CLOSE_POS_MIDDLE_THIRD,ROWS_SPARSE_1_8,4479.58,PREV_CLOSE_PROXY,,NEUTRAL,4466.22,101,4466.26625,0.04625,True,True,RANGE_CLOSE_LEVEL_RESIDUAL,superset_base_range_close_original_q75,11.0,4458.10375,8.11625,SUPERSET_AUDITED_BASE,4458.10375,8.11625,False,4466.26625,0.04625,True,True,DYNAMIC_RESIDUAL_BETTER,8.07,True,True,True,DYNAMIC_WITHIN_3
2025-12-26,2025-12-24,L7,RANGE_NORMAL_60_120,CLOSE_POS_MIDDLE_THIRD,ROWS_SPARSE_1_8,4479.58,PREV_CLOSE_PROXY,,NEUTRAL,4454.16,101,4444.157187,10.002812,False,False,SOURCE_LEVEL_RESIDUAL,superset_base_source_superset_q75,54.0,4431.85375,22.30625,SUPERSET_AUDITED_BASE,4431.85375,22.30625,False,4444.157187,10.002812,False,False,DYNAMIC_RESIDUAL_BETTER,12.303438,False,False,True,DYNAMIC_GT10
2025-12-29,2025-12-26,L4,RANGE_NORMAL_60_120,CLOSE_POS_UPPER_THIRD,ROWS_EXTENDED_11_PLUS,4531.0,PREV_CLOSE_PROXY,,NEUTRAL,4530.28,81,4529.092505,1.187495,True,True,SOURCE_LEVEL_RESIDUAL,superset_base_source_superset_recent8_median,8.0,4532.18397,1.90397,SUPERSET_AUDITED_BASE,4532.18397,1.90397,True,4529.092505,1.187495,True,True,DYNAMIC_RESIDUAL_BETTER,0.716475,False,False,True,DYNAMIC_WITHIN_3
2025-12-29,2025-12-26,L5,RANGE_NORMAL_60_120,CLOSE_POS_UPPER_THIRD,ROWS_EXTENDED_11_PLUS,4531.0,PREV_CLOSE_PROXY,,NEUTRAL,4515.32,81,4514.452969,0.867031,True,True,RANGE_CLOSE_LEVEL_RESIDUAL,superset_base_range_close_superset_q25,16.0,4516.700625,1.380625,SUPERSET_AUDITED_BASE,4516.700625,1.380625,True,4514.452969,0.867031,True,True,DYNAMIC_RESIDUAL_BETTER,0.513594,False,False,True,DYNAMIC_WITHIN_3
2025-12-29,2025-12-26,L6,RANGE_NORMAL_60_120,CLOSE_POS_UPPER_THIRD,ROWS_EXTENDED_11_PLUS,4531.0,PREV_CLOSE_PROXY,,NEUTRAL,4499.26,81,4498.83673,0.42327,True,True,LEVEL_RESIDUAL,superset_base_level_original_q25,60.0,4505.571105,6.311105,SUPERSET_AUDITED_BASE,4505.571105,6.311105,False,4498.83673,0.42327,True,True,DYNAMIC_RESIDUAL_BETTER,5.887835,True,True,True,DYNAMIC_WITHIN_3
2025-12-29,2025-12-26,L7,RANGE_NORMAL_60_120,CLOSE_POS_UPPER_THIRD,ROWS_EXTENDED_11_PLUS,4531.0,PREV_CLOSE_PROXY,,NEUTRAL,4482.36,81,4482.18,0.18,True,True,RANGE_CLOSE_LEVEL_RESIDUAL,superset_base_range_close_superset_recent8_median,8.0,4480.91,1.45,SUPERSET_AUDITED_BASE,4480.91,1.45,True,4482.18,0.18,True,True,DYNAMIC_RESIDUAL_BETTER,1.27,False,False,True,DYNAMIC_WITHIN_3
2025-12-30,2025-12-29,L4,RANGE_EXTREME_220_PLUS,CLOSE_POS_LOWER_THIRD,ROWS_STANDARD_9_10,4332.04,PREV_CLOSE_PROXY,,NEUTRAL,4350.13,61,4435.785,85.655,False,False,LEVEL_RESIDUAL,superset_base_level_original_q25,59.0,4441.09,90.96,SUPERSET_AUDITED_BASE,4441.09,90.96,False,4435.785,85.655,False,False,DYNAMIC_RESIDUAL_BETTER,5.305,False,False,True,DYNAMIC_GT10
2025-12-30,2025-12-29,L5,RANGE_EXTREME_220_PLUS,CLOSE_POS_LOWER_THIRD,ROWS_STANDARD_9_10,4332.04,PREV_CLOSE_PROXY,,NEUTRAL,4329.56,61,4402.345,72.785,False,False,SOURCE_LEVEL_RESIDUAL,superset_base_source_superset_q25,59.0,4411.09,81.53,SUPERSET_AUDITED_BASE,4411.09,81.53,False,4402.345,72.785,False,False,DYNAMIC_RESIDUAL_BETTER,8.745,False,False,True,DYNAMIC_GT10
2025-12-30,2025-12-29,L6,RANGE_EXTREME_220_PLUS,CLOSE_POS_LOWER_THIRD,ROWS_STANDARD_9_10,4332.04,PREV_CLOSE_PROXY,,NEUTRAL,4312.71,61,4378.572146,65.862146,False,False,LEVEL_RESIDUAL,superset_base_level_original_q25,61.0,4384.883251,72.173251,SUPERSET_AUDITED_BASE,4384.883251,72.173251,False,4378.572146,65.862146,False,False,DYNAMIC_RESIDUAL_BETTER,6.311105,False,False,True,DYNAMIC_GT10
2025-12-30,2025-12-29,L7,RANGE_EXTREME_220_PLUS,CLOSE_POS_LOWER_THIRD,ROWS_STANDARD_9_10,4332.04,PREV_CLOSE_PROXY,,NEUTRAL,4296.74,61,4358.315625,61.575625,False,False,SOURCE_LEVEL_RESIDUAL,superset_base_source_superset_q25,56.0,4364.28,67.54,SUPERSET_AUDITED_BASE,4364.28,67.54,False,4358.315625,61.575625,False,False,DYNAMIC_RESIDUAL_BETTER,5.964375,False,False,True,DYNAMIC_GT10
2026-01-01,2025-12-31,L4,RANGE_NORMAL_60_120,CLOSE_POS_MIDDLE_THIRD,ROWS_STANDARD_9_10,4318.87,PREV_CLOSE_PROXY,,NEUTRAL,4359.13,101,4366.291875,7.161875,False,False,LEVEL_RESIDUAL,superset_base_level_original_q25,60.0,4372.49,13.36,REGIME_LEVEL_RESIDUAL,4372.0925,12.9625,False,4366.291875,7.161875,False,False,DYNAMIC_RESIDUAL_BETTER,5.800625,False,False,True,DYNAMIC_WITHIN_10
2026-01-01,2025-12-31,L5,RANGE_NORMAL_60_120,CLOSE_POS_MIDDLE_THIRD,ROWS_STANDARD_9_10,4318.87,PREV_CLOSE_PROXY,,NEUTRAL,4342.0,101,4341.457745,0.542255,True,True,REGIME_LEVEL_RESIDUAL,superset_base_regime_superset_mean,7.0,4335.160543,6.839457,REGIME_LEVEL_RESIDUAL,4337.915543,4.084457,True,4341.457745,0.542255,True,True,DYNAMIC_RESIDUAL_BETTER,3.542202,False,True,True,DYNAMIC_WITHIN_3
2026-01-01,2025-12-31,L6,RANGE_NORMAL_60_120,CLOSE_POS_MIDDLE_THIRD,ROWS_STANDARD_9_10,4318.87,PREV_CLOSE_PROXY,,NEUTRAL,4324.37,101,4321.60739,2.76261,True,True,SOURCE_LEVEL_RESIDUAL,superset_base_source_superset_q75,53.0,4308.59989,15.77011,REGIME_LEVEL_RESIDUAL,4309.50864,14.86136,False,4321.60739,2.76261,True,True,DYNAMIC_RESIDUAL_BETTER,12.09875,True,True,True,DYNAMIC_WITHIN_3
2026-01-01,2025-12-31,L7,RANGE_NORMAL_60_120,CLOSE_POS_MIDDLE_THIRD,ROWS_STANDARD_9_10,4318.87,PREV_CLOSE_PROXY,,NEUTRAL,4308.35,101,4306.663125,1.686875,True,True,REGIME_LEVEL_RESIDUAL,superset_base_regime_superset_q75,7.0,4292.4825,15.8675,REGIME_LEVEL_RESIDUAL,4292.8225,15.5275,False,4306.663125,1.686875,True,True,DYNAMIC_RESIDUAL_BETTER,13.840625,True,True,True,DYNAMIC_WITHIN_3
2026-01-02,2025-12-31,L4,RANGE_NORMAL_60_120,CLOSE_POS_MIDDLE_THIRD,ROWS_STANDARD_9_10,4318.87,PREV_CLOSE_PROXY,,NEUTRAL,4376.66,101,4376.324375,0.335625,True,True,RANGE_CLOSE_LEVEL_RESIDUAL,superset_base_range_close_original_median,13.0,4371.709844,4.950156,REGIME_LEVEL_RESIDUAL,4372.0925,4.5675,True,4376.324375,0.335625,True,True,DYNAMIC_RESIDUAL_BETTER,4.231875,False,True,True,DYNAMIC_WITHIN_3
2026-01-02,2025-12-31,L5,RANGE_NORMAL_60_120,CLOSE_POS_MIDDLE_THIRD,ROWS_STANDARD_9_10,4318.87,PREV_CLOSE_PROXY,,NEUTRAL,4352.91,101,4347.64636,5.26364,False,False,SOURCE_LEVEL_RESIDUAL,superset_base_source_superset_q75,61.0,4335.69136,17.21864,REGIME_LEVEL_RESIDUAL,4338.27136,14.63864,False,4347.64636,5.26364,False,False,DYNAMIC_RESIDUAL_BETTER,9.375,False,False,True,DYNAMIC_WITHIN_10
2026-01-02,2025-12-31,L6,RANGE_NORMAL_60_120,CLOSE_POS_MIDDLE_THIRD,ROWS_STANDARD_9_10,4318.87,PREV_CLOSE_PROXY,,NEUTRAL,4330.45,101,4330.234375,0.215625,True,True,LEVEL_RESIDUAL,superset_base_level_original_recent8_median,8.0,4324.149375,6.300625,REGIME_LEVEL_RESIDUAL,4323.89,6.56,False,4330.234375,0.215625,True,True,DYNAMIC_RESIDUAL_BETTER,6.344375,True,True,True,DYNAMIC_WITHIN_3
2026-01-02,2025-12-31,L7,RANGE_NORMAL_60_120,CLOSE_POS_MIDDLE_THIRD,ROWS_STANDARD_9_10,4318.87,PREV_CLOSE_PROXY,,NEUTRAL,4308.24,101,4308.13625,0.10375,True,True,REGIME_LEVEL_RESIDUAL,superset_base_regime_original_q25,8.0,4308.13625,0.10375,REGIME_LEVEL_RESIDUAL,4308.89,0.65,True,4308.13625,0.10375,True,True,DYNAMIC_RESIDUAL_BETTER,0.54625,False,False,True,DYNAMIC_WITHIN_3
2026-01-05,2026-01-02,L4,RANGE_NORMAL_60_120,CLOSE_POS_LOWER_THIRD,ROWS_STANDARD_9_10,4332.72,PREV_CLOSE_PROXY,,NEUTRAL,4375.02,81,4369.875306,5.144694,False,False,SOURCE_LEVEL_RESIDUAL,superset_base_source_superset_q75,52.0,4355.89875,19.12125,SUPERSET_AUDITED_BASE,4355.89875,19.12125,False,4369.875306,5.144694,False,False,DYNAMIC_RESIDUAL_BETTER,13.976556,False,False,True,DYNAMIC_WITHIN_10
2026-01-05,2026-01-02,L5,RANGE_NORMAL_60_120,CLOSE_POS_LOWER_THIRD,ROWS_STANDARD_9_10,4332.72,PREV_CLOSE_PROXY,,NEUTRAL,4350.66,81,4350.294375,0.365625,True,True,SOURCE_LEVEL_RESIDUAL,superset_base_source_superset_q75,62.0,4340.6025,10.0575,SUPERSET_AUDITED_BASE,4340.6025,10.0575,False,4350.294375,0.365625,True,True,DYNAMIC_RESIDUAL_BETTER,9.691875,True,True,True,DYNAMIC_WITHIN_3
2026-01-05,2026-01-02,L6,RANGE_NORMAL_60_120,CLOSE_POS_LOWER_THIRD,ROWS_STANDARD_9_10,4332.72,PREV_CLOSE_PROXY,,NEUTRAL,4326.31,81,4326.80375,0.49375,True,True,LEVEL_RESIDUAL,superset_base_level_superset_median,64.0,4325.30625,1.00375,SUPERSET_AUDITED_BASE,4325.30625,1.00375,True,4326.80375,0.49375,True,True,DYNAMIC_RESIDUAL_BETTER,0.51,False,False,True,DYNAMIC_WITHIN_3
2026-01-05,2026-01-02,L7,RANGE_NORMAL_60_120,CLOSE_POS_LOWER_THIRD,ROWS_STANDARD_9_10,4332.72,PREV_CLOSE_PROXY,,NEUTRAL,4303.29,81,4303.615,0.325,True,True,SOURCE_LEVEL_RESIDUAL,superset_base_source_superset_q25,59.0,4310.01,6.72,SUPERSET_AUDITED_BASE,4310.01,6.72,False,4303.615,0.325,True,True,DYNAMIC_RESIDUAL_BETTER,6.395,True,True,True,DYNAMIC_WITHIN_3
2026-01-06,2026-01-05,L4,RANGE_NORMAL_60_120,CLOSE_POS_UPPER_THIRD,ROWS_STANDARD_9_10,4448.89,PREV_CLOSE_PROXY,,NEUTRAL,4459.82,101,4459.711494,0.108506,True,True,RANGE_CLOSE_LEVEL_RESIDUAL,superset_base_range_close_superset_mean,17.0,4459.480192,0.339808,REGIME_LEVEL_RESIDUAL,4455.78,4.04,True,4459.711494,0.108506,True,True,DYNAMIC_RESIDUAL_BETTER,3.931494,False,True,True,DYNAMIC_WITHIN_3
2026-01-06,2026-01-05,L5,RANGE_NORMAL_60_120,CLOSE_POS_UPPER_THIRD,ROWS_STANDARD_9_10,4448.89,PREV_CLOSE_PROXY,,NEUTRAL,4437.39,101,4438.4825,1.0925,True,True,RANGE_CLOSE_LEVEL_RESIDUAL,superset_base_range_close_superset_q25,17.0,4439.925833,2.535833,REGIME_LEVEL_RESIDUAL,4439.9225,2.5325,True,4438.4825,1.0925,True,True,DYNAMIC_RESIDUAL_BETTER,1.44,False,False,True,DYNAMIC_WITHIN_3
2026-01-06,2026-01-05,L6,RANGE_NORMAL_60_120,CLOSE_POS_UPPER_THIRD,ROWS_STANDARD_9_10,4448.89,PREV_CLOSE_PROXY,,NEUTRAL,4417.98,101,4417.039817,0.940183,True,True,RANGE_CLOSE_LEVEL_RESIDUAL,superset_base_range_close_superset_recent8_median,8.0,4420.2487,2.2687,REGIME_LEVEL_RESIDUAL,4420.315,2.335,True,4417.039817,0.940183,True,True,DYNAMIC_RESIDUAL_BETTER,1.394817,False,False,True,DYNAMIC_WITHIN_3
2026-01-06,2026-01-05,L7,RANGE_NORMAL_60_120,CLOSE_POS_UPPER_THIRD,ROWS_STANDARD_9_10,4448.89,PREV_CLOSE_PROXY,,NEUTRAL,4398.56,101,4398.070572,0.489428,True,True,SOURCE_LEVEL_RESIDUAL,superset_base_source_superset_q75,60.0,4385.29401,13.26599,REGIME_LEVEL_RESIDUAL,4385.75026,12.80974,False,4398.070572,0.489428,True,True,DYNAMIC_RESIDUAL_BETTER,12.320312,True,True,True,DYNAMIC_WITHIN_3
2026-01-07,2026-01-06,L4,RANGE_NORMAL_60_120,CLOSE_POS_UPPER_THIRD,ROWS_STANDARD_9_10,4494.54,PREV_CLOSE_PROXY,,NEUTRAL,4510.43,101,4510.093899,0.336101,True,True,LEVEL_RESIDUAL,superset_base_level_superset_q25,64.0,4518.686964,8.256964,REGIME_LEVEL_RESIDUAL,4514.9625,4.5325,True,4510.093899,0.336101,True,True,DYNAMIC_RESIDUAL_BETTER,4.196399,False,True,True,DYNAMIC_WITHIN_3
2026-01-07,2026-01-06,L5,RANGE_NORMAL_60_120,CLOSE_POS_UPPER_THIRD,ROWS_STANDARD_9_10,4494.54,PREV_CLOSE_PROXY,,NEUTRAL,4491.87,101,4490.999881,0.870119,True,True,REGIME_LEVEL_RESIDUAL,superset_base_regime_superset_mean,14.0,4485.758333,6.111667,REGIME_LEVEL_RESIDUAL,4486.8375,5.0325,False,4490.999881,0.870119,True,True,DYNAMIC_RESIDUAL_BETTER,4.162381,True,True,True,DYNAMIC_WITHIN_3
2026-01-07,2026-01-06,L6,RANGE_NORMAL_60_120,CLOSE_POS_UPPER_THIRD,ROWS_STANDARD_9_10,4494.54,PREV_CLOSE_PROXY,,NEUTRAL,4475.3,101,4475.382315,0.082315,True,True,LEVEL_RESIDUAL,superset_base_level_superset_median,66.0,4475.787088,0.487088,REGIME_LEVEL_RESIDUAL,4474.16669,1.13331,True,4475.382315,0.082315,True,True,DYNAMIC_RESIDUAL_BETTER,1.050995,False,False,True,DYNAMIC_WITHIN_3
2026-01-07,2026-01-06,L7,RANGE_NORMAL_60_120,CLOSE_POS_UPPER_THIRD,ROWS_STANDARD_9_10,4494.54,PREV_CLOSE_PROXY,,NEUTRAL,4455.74,101,4455.81,0.07,True,True,SOURCE_LEVEL_RESIDUAL,superset_base_source_superset_q25,61.0,4462.145625,6.405625,REGIME_LEVEL_RESIDUAL,4462.53,6.79,False,4455.81,0.07,True,True,DYNAMIC_RESIDUAL_BETTER,6.72,True,True,True,DYNAMIC_WITHIN_3
2026-01-08,2026-01-07,L4,RANGE_NORMAL_60_120,CLOSE_POS_MIDDLE_THIRD,ROWS_STANDARD_9_10,4456.36,PREV_CLOSE_PROXY,,NEUTRAL,4494.25,101,4494.04399,0.20601,True,True,SOURCE_LEVEL_RESIDUAL,superset_base_source_superset_mean,55.0,4491.121111,3.128889,REGIME_LEVEL_RESIDUAL,4490.95375,3.29625,True,4494.04399,0.20601,True,True,DYNAMIC_RESIDUAL_BETTER,3.09024,False,True,True,DYNAMIC_WITHIN_3
2026-01-08,2026-01-07,L5,RANGE_NORMAL_60_120,CLOSE_POS_MIDDLE_THIRD,ROWS_STANDARD_9_10,4456.36,PREV_CLOSE_PROXY,,NEUTRAL,4477.38,101,4477.38456,0.00456,True,True,RANGE_CLOSE_LEVEL_RESIDUAL,superset_base_range_close_superset_median,14.0,4471.68831,5.69169,REGIME_LEVEL_RESIDUAL,4474.09331,3.28669,True,4477.38456,0.00456,True,True,DYNAMIC_RESIDUAL_BETTER,3.28213,False,True,True,DYNAMIC_WITHIN_3
2026-01-08,2026-01-07,L6,RANGE_NORMAL_60_120,CLOSE_POS_MIDDLE_THIRD,ROWS_STANDARD_9_10,4456.36,PREV_CLOSE_PROXY,,NEUTRAL,4457.79,101,4458.8,1.01,True,True,REGIME_LEVEL_RESIDUAL,superset_base_regime_superset_q25,9.0,4463.4725,5.6825,REGIME_LEVEL_RESIDUAL,4462.045,4.255,True,4458.8,1.01,True,True,DYNAMIC_RESIDUAL_BETTER,3.245,False,True,True,DYNAMIC_WITHIN_3
2026-01-08,2026-01-07,L7,RANGE_NORMAL_60_120,CLOSE_POS_MIDDLE_THIRD,ROWS_STANDARD_9_10,4456.36,PREV_CLOSE_PROXY,,NEUTRAL,4438.21,101,4438.4175,0.2075,True,True,REGIME_LEVEL_RESIDUAL,superset_base_regime_original_median,9.0,4433.31875,4.89125,REGIME_LEVEL_RESIDUAL,4433.65875,4.55125,True,4438.4175,0.2075,True,True,DYNAMIC_RESIDUAL_BETTER,4.34375,False,True,True,DYNAMIC_WITHIN_3
2026-01-09,2026-01-08,L4,RANGE_NORMAL_60_120,CLOSE_POS_UPPER_THIRD,ROWS_STANDARD_9_10,4477.28,PREV_CLOSE_PROXY,,NEUTRAL,4487.52,101,4486.954375,0.565625,True,True,REGIME_LEVEL_RESIDUAL,superset_base_regime_superset_q75,15.0,4482.614,4.906,REGIME_LEVEL_RESIDUAL,4479.44,8.08,False,4486.954375,0.565625,True,True,DYNAMIC_RESIDUAL_BETTER,7.514375,True,True,True,DYNAMIC_WITHIN_3
2026-01-09,2026-01-08,L5,RANGE_NORMAL_60_120,CLOSE_POS_UPPER_THIRD,ROWS_STANDARD_9_10,4477.28,PREV_CLOSE_PROXY,,NEUTRAL,4468.29,101,4468.301667,0.011667,True,True,REGIME_LEVEL_RESIDUAL,superset_base_regime_superset_q25,15.0,4468.301667,0.011667,REGIME_LEVEL_RESIDUAL,4469.02,0.73,True,4468.301667,0.011667,True,True,DYNAMIC_RESIDUAL_BETTER,0.718333,False,False,True,DYNAMIC_WITHIN_3
2026-01-09,2026-01-08,L6,RANGE_NORMAL_60_120,CLOSE_POS_UPPER_THIRD,ROWS_STANDARD_9_10,4477.28,PREV_CLOSE_PROXY,,NEUTRAL,4447.13,102,4446.862826,0.267174,True,True,RANGE_CLOSE_LEVEL_RESIDUAL,superset_base_range_close_superset_mean,19.0,4443.271462,3.858538,REGIME_LEVEL_RESIDUAL,4444.472112,2.657888,True,4446.862826,0.267174,True,True,DYNAMIC_RESIDUAL_BETTER,2.390714,False,False,True,DYNAMIC_WITHIN_3
2026-01-09,2026-01-08,L7,RANGE_NORMAL_60_120,CLOSE_POS_UPPER_THIRD,ROWS_STANDARD_9_10,4477.28,PREV_CLOSE_PROXY,,NEUTRAL,4426.62,101,4427.634375,1.014375,True,True,REGIME_LEVEL_RESIDUAL,superset_base_regime_superset_q25,15.0,4427.634375,1.014375,REGIME_LEVEL_RESIDUAL,4428.6,1.98,True,4427.634375,1.014375,True,True,DYNAMIC_RESIDUAL_BETTER,0.965625,False,False,True,DYNAMIC_WITHIN_3
2026-01-12,2026-01-09,L4,RANGE_NORMAL_60_120,CLOSE_POS_UPPER_THIRD,ROWS_STANDARD_9_10,4509.3,PREV_CLOSE_PROXY,,NEUTRAL,4544.9,101,4537.420825,7.479175,False,False,SOURCE_LEVEL_RESIDUAL,superset_base_source_superset_q75,57.0,4527.083125,17.816875,REGIME_LEVEL_RESIDUAL,4523.6025,21.2975,False,4537.420825,7.479175,False,False,DYNAMIC_RESIDUAL_BETTER,13.818325,False,False,True,DYNAMIC_WITHIN_10
2026-01-12,2026-01-09,L5,RANGE_NORMAL_60_120,CLOSE_POS_UPPER_THIRD,ROWS_STANDARD_9_10,4509.3,PREV_CLOSE_PROXY,,NEUTRAL,4528.66,101,4527.51349,1.14651,True,True,REGIME_LEVEL_RESIDUAL,superset_base_regime_superset_mean,16.0,4522.695,5.965,REGIME_LEVEL_RESIDUAL,4523.6025,5.0575,False,4527.51349,1.14651,True,True,DYNAMIC_RESIDUAL_BETTER,3.91099,True,True,True,DYNAMIC_WITHIN_3
2026-01-12,2026-01-09,L6,RANGE_NORMAL_60_120,CLOSE_POS_UPPER_THIRD,ROWS_STANDARD_9_10,4509.3,PREV_CLOSE_PROXY,,NEUTRAL,4511.6,101,4507.74273,3.85727,False,True,SOURCE_LEVEL_RESIDUAL,superset_base_source_superset_q75,59.0,4495.11988,16.48012,REGIME_LEVEL_RESIDUAL,4495.753355,15.846645,False,4507.74273,3.85727,False,True,DYNAMIC_RESIDUAL_BETTER,11.989375,True,False,True,DYNAMIC_WITHIN_5
2026-01-12,2026-01-09,L7,RANGE_NORMAL_60_120,CLOSE_POS_UPPER_THIRD,ROWS_STANDARD_9_10,4509.3,PREV_CLOSE_PROXY,,NEUTRAL,4491.48,82,4491.93567,0.45567,True,True,REGIME_LEVEL_RESIDUAL,original_base_regime_superset_q75,16.0,4486.521875,4.958125,REGIME_LEVEL_RESIDUAL,4485.730625,5.749375,False,4491.93567,0.45567,True,True,DYNAMIC_RESIDUAL_BETTER,5.293705,True,True,True,DYNAMIC_WITHIN_3
2026-01-13,2026-01-12,L4,RANGE_NORMAL_60_120,CLOSE_POS_UPPER_THIRD,ROWS_SPARSE_1_8,4597.38,PREV_CLOSE_PROXY,,NEUTRAL,4600.74,101,4600.144265,0.595735,True,True,RANGE_CLOSE_LEVEL_RESIDUAL,superset_base_range_close_superset_recent8_median,8.0,4599.07625,1.66375,SUPERSET_AUDITED_BASE,4599.07625,1.66375,True,4600.144265,0.595735,True,True,DYNAMIC_RESIDUAL_BETTER,1.068015,False,False,True,DYNAMIC_WITHIN_3
2026-01-13,2026-01-12,L5,RANGE_NORMAL_60_120,CLOSE_POS_UPPER_THIRD,ROWS_SPARSE_1_8,4597.38,PREV_CLOSE_PROXY,,NEUTRAL,4572.9,101,4573.35375,0.45375,True,True,RANGE_CLOSE_LEVEL_RESIDUAL,superset_base_range_close_superset_q25,21.0,4574.79375,1.89375,SUPERSET_AUDITED_BASE,4574.79375,1.89375,True,4573.35375,0.45375,True,True,DYNAMIC_RESIDUAL_BETTER,1.44,False,False,True,DYNAMIC_WITHIN_3
2026-01-13,2026-01-12,L6,RANGE_NORMAL_60_120,CLOSE_POS_UPPER_THIRD,ROWS_SPARSE_1_8,4597.38,PREV_CLOSE_PROXY,,NEUTRAL,4546.29,101,4546.179792,0.110208,True,True,REGIME_LEVEL_RESIDUAL,superset_base_regime_superset_mean,3.0,4549.3575,3.0675,SUPERSET_AUDITED_BASE,4549.3575,3.0675,True,4546.179792,0.110208,True,True,DYNAMIC_RESIDUAL_BETTER,2.957292,False,True,True,DYNAMIC_WITHIN_3
2026-01-13,2026-01-12,L7,RANGE_NORMAL_60_120,CLOSE_POS_UPPER_THIRD,ROWS_SPARSE_1_8,4597.38,PREV_CLOSE_PROXY,,NEUTRAL,4518.09,81,4517.988921,0.101079,True,True,RANGE_CLOSE_LEVEL_RESIDUAL,superset_base_range_close_superset_q75,18.0,4512.4,5.69,SUPERSET_AUDITED_BASE,4512.4,5.69,False,4517.988921,0.101079,True,True,DYNAMIC_RESIDUAL_BETTER,5.588921,True,True,True,DYNAMIC_WITHIN_3
2026-01-14,2026-01-13,L4,RANGE_NORMAL_60_120,CLOSE_POS_LOWER_THIRD,ROWS_STANDARD_9_10,4586.3,PREV_CLOSE_PROXY,,NEUTRAL,4597.86,81,4600.37125,2.51125,True,True,LEVEL_RESIDUAL,superset_base_level_original_q25,69.0,4605.32625,7.46625,SUPERSET_AUDITED_BASE,4605.32625,7.46625,False,4600.37125,2.51125,True,True,DYNAMIC_RESIDUAL_BETTER,4.955,True,True,True,DYNAMIC_WITHIN_3
2026-01-14,2026-01-13,L5,RANGE_NORMAL_60_120,CLOSE_POS_LOWER_THIRD,ROWS_STANDARD_9_10,4586.3,PREV_CLOSE_PROXY,,NEUTRAL,4575.27,81,4581.19349,5.92349,False,False,RANGE_CLOSE_LEVEL_RESIDUAL,superset_base_range_close_superset_q25,8.0,4595.177084,19.907084,SUPERSET_AUDITED_BASE,4595.177084,19.907084,False,4581.19349,5.92349,False,False,DYNAMIC_RESIDUAL_BETTER,13.983594,False,False,True,DYNAMIC_WITHIN_10
2026-01-14,2026-01-13,L6,RANGE_NORMAL_60_120,CLOSE_POS_LOWER_THIRD,ROWS_STANDARD_9_10,4586.3,PREV_CLOSE_PROXY,,NEUTRAL,4546.5,81,4560.592187,14.092187,False,False,RANGE_CLOSE_LEVEL_RESIDUAL,superset_base_range_close_superset_q25,8.0,4575.32625,28.82625,SUPERSET_AUDITED_BASE,4575.32625,28.82625,False,4560.592187,14.092187,False,False,DYNAMIC_RESIDUAL_BETTER,14.734063,False,False,True,DYNAMIC_GT10
2026-01-14,2026-01-13,L7,RANGE_NORMAL_60_120,CLOSE_POS_LOWER_THIRD,ROWS_STANDARD_9_10,4586.3,PREV_CLOSE_PROXY,,NEUTRAL,4519.14,81,4556.062492,36.922492,False,False,RANGE_CLOSE_LEVEL_RESIDUAL,superset_base_range_close_superset_q25,8.0,4569.72,50.58,SUPERSET_AUDITED_BASE,4569.72,50.58,False,4556.062492,36.922492,False,False,DYNAMIC_RESIDUAL_BETTER,13.657508,False,False,True,DYNAMIC_GT10
2026-01-15,2026-01-14,L4,RANGE_COMPRESSED_0_60,CLOSE_POS_UPPER_THIRD,ROWS_SPARSE_1_8,4626.39,PREV_CLOSE_PROXY,,NEUTRAL,4597.72,101,4616.560009,18.840009,False,False,LEVEL_RESIDUAL,superset_base_level_original_q25,70.0,4622.040009,24.320009,SUPERSET_AUDITED_BASE,4622.040009,24.320009,False,4616.560009,18.840009,False,False,DYNAMIC_RESIDUAL_BETTER,5.48,False,False,True,DYNAMIC_GT10
2026-01-15,2026-01-14,L5,RANGE_COMPRESSED_0_60,CLOSE_POS_UPPER_THIRD,ROWS_SPARSE_1_8,4626.39,PREV_CLOSE_PROXY,,NEUTRAL,4574.22,101,4594.220625,20.000625,False,False,SOURCE_LEVEL_RESIDUAL,superset_base_source_superset_q25,70.0,4600.64625,26.42625,SUPERSET_AUDITED_BASE,4600.64625,26.42625,False,4594.220625,20.000625,False,False,DYNAMIC_RESIDUAL_BETTER,6.425625,False,False,True,DYNAMIC_GT10
2026-01-15,2026-01-14,L6,RANGE_COMPRESSED_0_60,CLOSE_POS_UPPER_THIRD,ROWS_SPARSE_1_8,4626.39,PREV_CLOSE_PROXY,,NEUTRAL,4549.19,101,4573.380974,24.190974,False,False,LEVEL_RESIDUAL,superset_base_level_original_q25,72.0,4579.665,30.475,SUPERSET_AUDITED_BASE,4579.665,30.475,False,4573.380974,24.190974,False,False,DYNAMIC_RESIDUAL_BETTER,6.284026,False,False,True,DYNAMIC_GT10
2026-01-15,2026-01-14,L7,RANGE_COMPRESSED_0_60,CLOSE_POS_UPPER_THIRD,ROWS_SPARSE_1_8,4626.39,PREV_CLOSE_PROXY,,NEUTRAL,4516.94,101,4551.8175,34.8775,False,False,SOURCE_LEVEL_RESIDUAL,superset_base_source_superset_q25,66.0,4558.59,41.65,SUPERSET_AUDITED_BASE,4558.59,41.65,False,4551.8175,34.8775,False,False,DYNAMIC_RESIDUAL_BETTER,6.7725,False,False,True,DYNAMIC_GT10
2026-01-16,2026-01-15,L4,RANGE_COMPRESSED_0_60,CLOSE_POS_UPPER_THIRD,ROWS_SPARSE_1_8,4615.76,PREV_CLOSE_PROXY,,NEUTRAL,4618.64,101,4617.266675,1.373325,True,True,SOURCE_LEVEL_RESIDUAL,superset_base_source_superset_median,61.0,4612.626675,6.013325,SUPERSET_AUDITED_BASE,4612.626675,6.013325,False,4617.266675,1.373325,True,True,DYNAMIC_RESIDUAL_BETTER,4.64,True,True,True,DYNAMIC_WITHIN_3
2026-01-16,2026-01-15,L5,RANGE_COMPRESSED_0_60,CLOSE_POS_UPPER_THIRD,ROWS_SPARSE_1_8,4615.76,PREV_CLOSE_PROXY,,NEUTRAL,4591.17,101,4591.099375,0.070625,True,True,REGIME_LEVEL_RESIDUAL,superset_base_regime_superset_mean,6.0,4592.693125,1.523125,SUPERSET_AUDITED_BASE,4592.693125,1.523125,True,4591.099375,0.070625,True,True,DYNAMIC_RESIDUAL_BETTER,1.4525,False,False,True,DYNAMIC_WITHIN_3
2026-01-16,2026-01-15,L6,RANGE_COMPRESSED_0_60,CLOSE_POS_UPPER_THIRD,ROWS_SPARSE_1_8,4615.76,PREV_CLOSE_PROXY,,NEUTRAL,4566.81,101,4565.96625,0.84375,True,True,RANGE_CLOSE_LEVEL_RESIDUAL,superset_base_range_close_superset_q25,7.0,4571.5275,4.7175,SUPERSET_AUDITED_BASE,4571.5275,4.7175,True,4565.96625,0.84375,True,True,DYNAMIC_RESIDUAL_BETTER,3.87375,False,True,True,DYNAMIC_WITHIN_3
2026-01-16,2026-01-15,L7,RANGE_COMPRESSED_0_60,CLOSE_POS_UPPER_THIRD,ROWS_SPARSE_1_8,4615.76,PREV_CLOSE_PROXY,,NEUTRAL,4541.12,101,4544.166875,3.046875,False,True,SOURCE_LEVEL_RESIDUAL,superset_base_source_superset_q25,67.0,4551.19,10.07,SUPERSET_AUDITED_BASE,4551.19,10.07,False,4544.166875,3.046875,False,True,DYNAMIC_RESIDUAL_BETTER,7.023125,True,False,True,DYNAMIC_WITHIN_5
2026-01-19,2026-01-16,L4,RANGE_NORMAL_60_120,CLOSE_POS_UPPER_THIRD,ROWS_SPARSE_1_8,4595.66,PREV_CLOSE_PROXY,,NEUTRAL,4615.0,101,4610.033744,4.966256,False,True,SOURCE_LEVEL_RESIDUAL,superset_base_source_superset_q75,62.0,4596.7525,18.2475,SUPERSET_AUDITED_BASE,4596.7525,18.2475,False,4610.033744,4.966256,False,True,DYNAMIC_RESIDUAL_BETTER,13.281244,True,False,True,DYNAMIC_WITHIN_5
2026-01-19,2026-01-16,L5,RANGE_NORMAL_60_120,CLOSE_POS_UPPER_THIRD,ROWS_SPARSE_1_8,4595.66,PREV_CLOSE_PROXY,,NEUTRAL,4592.49,82,4593.064688,0.574688,True,True,REGIME_LEVEL_RESIDUAL,original_base_regime_original_q25,4.0,4589.2525,3.2375,SUPERSET_AUDITED_BASE,4589.2525,3.2375,True,4593.064688,0.574688,True,True,DYNAMIC_RESIDUAL_BETTER,2.662812,False,True,True,DYNAMIC_WITHIN_3
2026-01-19,2026-01-16,L6,RANGE_NORMAL_60_120,CLOSE_POS_UPPER_THIRD,ROWS_SPARSE_1_8,4595.66,PREV_CLOSE_PROXY,,NEUTRAL,4569.99,102,4569.971655,0.018345,True,True,RANGE_CLOSE_LEVEL_RESIDUAL,superset_base_range_close_superset_median,22.0,4568.62125,1.36875,SUPERSET_AUDITED_BASE,4568.62125,1.36875,True,4569.971655,0.018345,True,True,DYNAMIC_RESIDUAL_BETTER,1.350405,False,False,True,DYNAMIC_WITHIN_3
2026-01-19,2026-01-16,L7,RANGE_NORMAL_60_120,CLOSE_POS_UPPER_THIRD,ROWS_SPARSE_1_8,4595.66,PREV_CLOSE_PROXY,,NEUTRAL,4546.84,81,4548.2325,1.3925,True,True,LEVEL_RESIDUAL,superset_base_level_superset_q75,71.0,4535.9925,10.8475,SUPERSET_AUDITED_BASE,4535.9925,10.8475,False,4548.2325,1.3925,True,True,DYNAMIC_RESIDUAL_BETTER,9.455,True,True,True,DYNAMIC_WITHIN_3
2026-01-20,2026-01-19,L4,RANGE_NORMAL_60_120,CLOSE_POS_UPPER_THIRD,ROWS_STANDARD_9_10,4670.86,PREV_CLOSE_PROXY,,NEUTRAL,4696.99,101,4697.20375,0.21375,True,True,LEVEL_RESIDUAL,superset_base_level_superset_median,73.0,4697.692426,0.702426,REGIME_LEVEL_RESIDUAL,4693.16375,3.82625,True,4697.20375,0.21375,True,True,DYNAMIC_RESIDUAL_BETTER,3.6125,False,True,True,DYNAMIC_WITHIN_3
2026-01-20,2026-01-19,L5,RANGE_NORMAL_60_120,CLOSE_POS_UPPER_THIRD,ROWS_STANDARD_9_10,4670.86,PREV_CLOSE_PROXY,,NEUTRAL,4677.12,101,4678.789062,1.669063,True,True,LEVEL_RESIDUAL,superset_base_level_original_recent8_median,8.0,4679.7675,2.6475,REGIME_LEVEL_RESIDUAL,4680.4975,3.3775,True,4678.789062,1.669063,True,True,DYNAMIC_RESIDUAL_BETTER,1.708437,False,True,True,DYNAMIC_WITHIN_3
2026-01-20,2026-01-19,L6,RANGE_NORMAL_60_120,CLOSE_POS_UPPER_THIRD,ROWS_STANDARD_9_10,4670.86,PREV_CLOSE_PROXY,,NEUTRAL,4655.27,101,4655.16375,0.10625,True,True,REGIME_LEVEL_RESIDUAL,superset_base_regime_superset_q25,17.0,4657.43245,2.16245,REGIME_LEVEL_RESIDUAL,4657.49875,2.22875,True,4655.16375,0.10625,True,True,DYNAMIC_RESIDUAL_BETTER,2.1225,False,False,True,DYNAMIC_WITHIN_3
2026-01-20,2026-01-19,L7,RANGE_NORMAL_60_120,CLOSE_POS_UPPER_THIRD,ROWS_STANDARD_9_10,4670.86,PREV_CLOSE_PROXY,,NEUTRAL,4633.67,101,4632.9475,0.7225,True,True,SOURCE_LEVEL_RESIDUAL,superset_base_source_superset_recent8_median,8.0,4638.5625,4.8925,REGIME_LEVEL_RESIDUAL,4637.3325,3.6625,True,4632.9475,0.7225,True,True,DYNAMIC_RESIDUAL_BETTER,2.94,False,True,True,DYNAMIC_WITHIN_3
2026-01-21,2026-01-20,L4,RANGE_NORMAL_60_120,CLOSE_POS_UPPER_THIRD,ROWS_EXTENDED_11_PLUS,4763.3,PREV_CLOSE_PROXY,,NEUTRAL,4856.21,81,4741.891556,114.318444,False,False,SOURCE_LEVEL_RESIDUAL,superset_base_source_superset_q75,64.0,4727.915,128.295,SUPERSET_AUDITED_BASE,4727.915,128.295,False,4741.891556,114.318444,False,False,DYNAMIC_RESIDUAL_BETTER,13.976556,False,False,True,DYNAMIC_GT10
2026-01-21,2026-01-20,L5,RANGE_NORMAL_60_120,CLOSE_POS_UPPER_THIRD,ROWS_EXTENDED_11_PLUS,4763.3,PREV_CLOSE_PROXY,,NEUTRAL,4833.04,81,4721.061875,111.978125,False,False,LEVEL_RESIDUAL,superset_base_level_original_q75,76.0,4712.915,120.125,SUPERSET_AUDITED_BASE,4712.915,120.125,False,4721.061875,111.978125,False,False,DYNAMIC_RESIDUAL_BETTER,8.146875,False,False,True,DYNAMIC_GT10
2026-01-21,2026-01-20,L6,RANGE_NORMAL_60_120,CLOSE_POS_UPPER_THIRD,ROWS_EXTENDED_11_PLUS,4763.3,PREV_CLOSE_PROXY,,NEUTRAL,4812.42,81,4698.1025,114.3175,False,False,SOURCE_LEVEL_RESIDUAL,superset_base_source_superset_q75,65.0,4686.2225,126.1975,SUPERSET_AUDITED_BASE,4686.2225,126.1975,False,4698.1025,114.3175,False,False,DYNAMIC_RESIDUAL_BETTER,11.88,False,False,True,DYNAMIC_GT10
2026-01-21,2026-01-20,L7,RANGE_NORMAL_60_120,CLOSE_POS_UPPER_THIRD,ROWS_EXTENDED_11_PLUS,4763.3,PREV_CLOSE_PROXY,,NEUTRAL,4792.89,81,4671.79,121.1,False,False,SOURCE_LEVEL_RESIDUAL,superset_base_source_superset_q75,70.0,4659.53,133.36,SUPERSET_AUDITED_BASE,4659.53,133.36,False,4671.79,121.1,False,False,DYNAMIC_RESIDUAL_BETTER,12.26,False,False,True,DYNAMIC_GT10
2026-01-22,2026-01-21,L4,RANGE_WIDE_120_220,CLOSE_POS_MIDDLE_THIRD,ROWS_STANDARD_9_10,4831.03,PREV_CLOSE_PROXY,,NEUTRAL,4853.55,81,4848.71625,4.83375,False,True,REGIME_LEVEL_RESIDUAL,superset_base_regime_superset_mean,3.0,4822.115,31.435,SUPERSET_AUDITED_BASE,4822.115,31.435,False,4848.71625,4.83375,False,True,DYNAMIC_RESIDUAL_BETTER,26.60125,True,False,True,DYNAMIC_WITHIN_5
2026-01-22,2026-01-21,L5,RANGE_WIDE_120_220,CLOSE_POS_MIDDLE_THIRD,ROWS_STANDARD_9_10,4831.03,PREV_CLOSE_PROXY,,NEUTRAL,4828.22,81,4811.811623,16.408377,False,False,REGIME_LEVEL_RESIDUAL,superset_base_regime_superset_median,3.0,4800.036623,28.183377,SUPERSET_AUDITED_BASE,4800.036623,28.183377,False,4811.811623,16.408377,False,False,DYNAMIC_RESIDUAL_BETTER,11.775,False,False,True,DYNAMIC_GT10
2026-01-22,2026-01-21,L6,RANGE_WIDE_120_220,CLOSE_POS_MIDDLE_THIRD,ROWS_STANDARD_9_10,4831.03,PREV_CLOSE_PROXY,,NEUTRAL,4803.79,82,4804.6067,0.8167,True,True,SOURCE_LEVEL_RESIDUAL,superset_base_source_original_q75,11.0,4795.99295,7.79705,SUPERSET_AUDITED_BASE,4795.99295,7.79705,False,4804.6067,0.8167,True,True,DYNAMIC_RESIDUAL_BETTER,6.98035,True,True,True,DYNAMIC_WITHIN_3
2026-01-22,2026-01-21,L7,RANGE_WIDE_120_220,CLOSE_POS_MIDDLE_THIRD,ROWS_STANDARD_9_10,4831.03,PREV_CLOSE_PROXY,,NEUTRAL,4776.28,81,4778.09,1.81,True,True,REGIME_LEVEL_RESIDUAL,superset_base_regime_superset_median,3.0,4755.88,20.4,SUPERSET_AUDITED_BASE,4755.88,20.4,False,4778.09,1.81,True,True,DYNAMIC_RESIDUAL_BETTER,18.59,True,True,True,DYNAMIC_WITHIN_3
2026-01-23,2026-01-22,L4,RANGE_WIDE_120_220,CLOSE_POS_UPPER_THIRD,ROWS_SPARSE_1_8,4936.06,PREV_CLOSE_PROXY,,NEUTRAL,4918.05,61,4916.440516,1.609484,True,True,LEVEL_RESIDUAL,superset_base_level_superset_q25,75.0,4921.01,2.96,SUPERSET_AUDITED_BASE,4921.01,2.96,True,4916.440516,1.609484,True,True,DYNAMIC_RESIDUAL_BETTER,1.350516,False,False,True,DYNAMIC_WITHIN_3
2026-01-23,2026-01-22,L5,RANGE_WIDE_120_220,CLOSE_POS_UPPER_THIRD,ROWS_SPARSE_1_8,4936.06,PREV_CLOSE_PROXY,,NEUTRAL,4895.71,61,4895.729278,0.019278,True,True,LEVEL_RESIDUAL,superset_base_level_superset_mean,77.0,4896.235,0.525,SUPERSET_AUDITED_BASE,4896.235,0.525,True,4895.729278,0.019278,True,True,DYNAMIC_RESIDUAL_BETTER,0.505722,False,False,True,DYNAMIC_WITHIN_3
2026-01-23,2026-01-22,L6,RANGE_WIDE_120_220,CLOSE_POS_UPPER_THIRD,ROWS_SPARSE_1_8,4936.06,PREV_CLOSE_PROXY,,NEUTRAL,4870.76,61,4884.735,13.975,False,False,LEVEL_RESIDUAL,superset_base_level_original_q25,77.0,4891.01,20.25,SUPERSET_AUDITED_BASE,4891.01,20.25,False,4884.735,13.975,False,False,DYNAMIC_RESIDUAL_BETTER,6.275,False,False,True,DYNAMIC_GT10
2026-01-23,2026-01-22,L7,RANGE_WIDE_120_220,CLOSE_POS_UPPER_THIRD,ROWS_SPARSE_1_8,4936.06,PREV_CLOSE_PROXY,,NEUTRAL,4847.66,61,4859.211875,11.551875,False,False,SOURCE_LEVEL_RESIDUAL,superset_base_source_superset_q25,71.0,4866.235,18.575,SUPERSET_AUDITED_BASE,4866.235,18.575,False,4859.211875,11.551875,False,False,DYNAMIC_RESIDUAL_BETTER,7.023125,False,False,True,DYNAMIC_GT10
2026-01-26,2026-01-23,L4,RANGE_NORMAL_60_120,CLOSE_POS_UPPER_THIRD,ROWS_EXTENDED_11_PLUS,4987.98,PREV_CLOSE_PROXY,,NEUTRAL,5057.59,81,5074.795,17.205,False,False,LEVEL_RESIDUAL,superset_base_level_original_q25,76.0,5079.925,22.335,SUPERSET_AUDITED_BASE,5079.925,22.335,False,5074.795,17.205,False,False,DYNAMIC_RESIDUAL_BETTER,5.13,False,False,True,DYNAMIC_GT10
2026-01-26,2026-01-23,L5,RANGE_NORMAL_60_120,CLOSE_POS_UPPER_THIRD,ROWS_EXTENDED_11_PLUS,4987.98,PREV_CLOSE_PROXY,,NEUTRAL,5031.93,81,5043.411875,11.481875,False,False,LEVEL_RESIDUAL,superset_base_level_original_q25,78.0,5049.8375,17.9075,SUPERSET_AUDITED_BASE,5049.8375,17.9075,False,5043.411875,11.481875,False,False,DYNAMIC_RESIDUAL_BETTER,6.425625,False,False,True,DYNAMIC_GT10
2026-01-26,2026-01-23,L6,RANGE_NORMAL_60_120,CLOSE_POS_UPPER_THIRD,ROWS_EXTENDED_11_PLUS,4987.98,PREV_CLOSE_PROXY,,NEUTRAL,5007.82,82,5028.244796,20.424796,False,False,LEVEL_RESIDUAL,superset_base_level_original_q25,78.0,5034.546875,26.726875,SUPERSET_AUDITED_BASE,5034.546875,26.726875,False,5028.244796,20.424796,False,False,DYNAMIC_RESIDUAL_BETTER,6.302079,False,False,True,DYNAMIC_GT10
2026-01-26,2026-01-23,L7,RANGE_NORMAL_60_120,CLOSE_POS_UPPER_THIRD,ROWS_EXTENDED_11_PLUS,4987.98,PREV_CLOSE_PROXY,,NEUTRAL,4984.24,81,5009.68,25.44,False,False,LEVEL_RESIDUAL,superset_base_level_superset_recent8_median,7.0,5019.75,35.51,SUPERSET_AUDITED_BASE,5019.75,35.51,False,5009.68,25.44,False,False,DYNAMIC_RESIDUAL_BETTER,10.07,False,False,True,DYNAMIC_GT10
2026-01-27,2026-01-26,L4,RANGE_WIDE_120_220,CLOSE_POS_LOWER_THIRD,ROWS_STANDARD_9_10,5008.17,PREV_CLOSE_PROXY,,NEUTRAL,5064.63,61,5060.731037,3.898963,False,True,SOURCE_LEVEL_RESIDUAL,superset_base_source_superset_q75,67.0,5046.59625,18.03375,SUPERSET_AUDITED_BASE,5046.59625,18.03375,False,5060.731037,3.898963,False,True,DYNAMIC_RESIDUAL_BETTER,14.134787,True,False,True,DYNAMIC_WITHIN_5
2026-01-27,2026-01-26,L5,RANGE_WIDE_120_220,CLOSE_POS_LOWER_THIRD,ROWS_STANDARD_9_10,5008.17,PREV_CLOSE_PROXY,,NEUTRAL,5033.46,61,5028.73125,4.72875,False,True,LEVEL_RESIDUAL,superset_base_level_original_q75,79.0,5020.2075,13.2525,SUPERSET_AUDITED_BASE,5020.2075,13.2525,False,5028.73125,4.72875,False,True,DYNAMIC_RESIDUAL_BETTER,8.52375,True,False,True,DYNAMIC_WITHIN_5
2026-01-27,2026-01-26,L6,RANGE_WIDE_120_220,CLOSE_POS_LOWER_THIRD,ROWS_STANDARD_9_10,5008.17,PREV_CLOSE_PROXY,,NEUTRAL,4998.75,61,4998.106805,0.643195,True,True,LEVEL_RESIDUAL,superset_base_level_superset_q75,79.0,4989.93,8.82,SUPERSET_AUDITED_BASE,4989.93,8.82,False,4998.106805,0.643195,True,True,DYNAMIC_RESIDUAL_BETTER,8.176805,True,True,True,DYNAMIC_WITHIN_3
2026-01-27,2026-01-26,L7,RANGE_WIDE_120_220,CLOSE_POS_LOWER_THIRD,ROWS_STANDARD_9_10,5008.17,PREV_CLOSE_PROXY,,NEUTRAL,4958.82,61,4958.088296,0.731704,True,True,LEVEL_RESIDUAL,superset_base_level_original_mean,76.0,4959.93,1.11,SUPERSET_AUDITED_BASE,4959.93,1.11,True,4958.088296,0.731704,True,True,DYNAMIC_RESIDUAL_BETTER,0.378296,False,False,True,DYNAMIC_WITHIN_3
2026-01-28,2026-01-27,L4,RANGE_WIDE_120_220,CLOSE_POS_UPPER_THIRD,ROWS_STANDARD_9_10,5181.22,PREV_CLOSE_PROXY,,NEUTRAL,5243.94,81,5182.995677,60.944323,False,False,SOURCE_LEVEL_RESIDUAL,superset_base_source_superset_q75,68.0,5168.534375,75.405625,SUPERSET_AUDITED_BASE,5168.534375,75.405625,False,5182.995677,60.944323,False,False,DYNAMIC_RESIDUAL_BETTER,14.461302,False,False,True,DYNAMIC_GT10
2026-01-28,2026-01-27,L5,RANGE_WIDE_120_220,CLOSE_POS_UPPER_THIRD,ROWS_STANDARD_9_10,5181.22,PREV_CLOSE_PROXY,,NEUTRAL,5212.86,81,5150.100625,62.759375,False,False,SOURCE_LEVEL_RESIDUAL,superset_base_source_superset_q75,77.0,5140.725625,72.134375,SUPERSET_AUDITED_BASE,5140.725625,72.134375,False,5150.100625,62.759375,False,False,DYNAMIC_RESIDUAL_BETTER,9.375,False,False,True,DYNAMIC_GT10
2026-01-28,2026-01-27,L6,RANGE_WIDE_120_220,CLOSE_POS_UPPER_THIRD,ROWS_STANDARD_9_10,5181.22,PREV_CLOSE_PROXY,,NEUTRAL,5180.87,81,5150.5475,30.3225,False,False,SOURCE_LEVEL_RESIDUAL,superset_base_source_superset_q75,67.0,5138.6925,42.1775,SUPERSET_AUDITED_BASE,5138.6925,42.1775,False,5150.5475,30.3225,False,False,DYNAMIC_RESIDUAL_BETTER,11.855,False,False,True,DYNAMIC_GT10
2026-01-28,2026-01-27,L7,RANGE_WIDE_120_220,CLOSE_POS_UPPER_THIRD,ROWS_STANDARD_9_10,5181.22,PREV_CLOSE_PROXY,,NEUTRAL,5152.26,81,5125.01875,27.24125,False,False,SOURCE_LEVEL_RESIDUAL,superset_base_source_superset_q75,74.0,5112.75875,39.50125,SUPERSET_AUDITED_BASE,5112.75875,39.50125,False,5125.01875,27.24125,False,False,DYNAMIC_RESIDUAL_BETTER,12.26,False,False,True,DYNAMIC_GT10
2026-01-29,2026-01-28,L4,RANGE_EXTREME_220_PLUS,CLOSE_POS_UPPER_THIRD,ROWS_SPARSE_1_8,5417.12,PREV_CLOSE_PROXY,,NEUTRAL,5354.75,61,5321.26375,33.48625,False,False,LEVEL_RESIDUAL,superset_base_level_superset_recent8_median,7.0,5303.23,51.52,SUPERSET_AUDITED_BASE,5303.23,51.52,False,5321.26375,33.48625,False,False,DYNAMIC_RESIDUAL_BETTER,18.03375,False,False,True,DYNAMIC_GT10
2026-01-29,2026-01-28,L5,RANGE_EXTREME_220_PLUS,CLOSE_POS_UPPER_THIRD,ROWS_SPARSE_1_8,5417.12,PREV_CLOSE_PROXY,,NEUTRAL,5309.52,61,5282.921875,26.598125,False,False,SOURCE_LEVEL_RESIDUAL,superset_base_source_superset_q75,78.0,5273.23,36.29,SUPERSET_AUDITED_BASE,5273.23,36.29,False,5282.921875,26.598125,False,False,DYNAMIC_RESIDUAL_BETTER,9.691875,False,False,True,DYNAMIC_GT10
2026-01-29,2026-01-28,L6,RANGE_EXTREME_220_PLUS,CLOSE_POS_UPPER_THIRD,ROWS_SPARSE_1_8,5417.12,PREV_CLOSE_PROXY,,NEUTRAL,5250.84,61,5249.364913,1.475087,True,True,LEVEL_RESIDUAL,superset_base_level_original_recent8_median,7.0,5244.619913,6.220087,SUPERSET_AUDITED_BASE,5244.619913,6.220087,False,5249.364913,1.475087,True,True,DYNAMIC_RESIDUAL_BETTER,4.745,True,True,True,DYNAMIC_WITHIN_3
2026-01-29,2026-01-28,L7,RANGE_EXTREME_220_PLUS,CLOSE_POS_UPPER_THIRD,ROWS_SPARSE_1_8,5417.12,PREV_CLOSE_PROXY,,NEUTRAL,5202.3,61,5215.5575,13.2575,False,False,SOURCE_LEVEL_RESIDUAL,superset_base_source_superset_q25,75.0,5222.815,20.515,SUPERSET_AUDITED_BASE,5222.815,20.515,False,5215.5575,13.2575,False,False,DYNAMIC_RESIDUAL_BETTER,7.2575,False,False,True,DYNAMIC_GT10
2026-01-30,2026-01-29,L4,RANGE_EXTREME_220_PLUS,CLOSE_POS_MIDDLE_THIRD,ROWS_STANDARD_9_10,5370.92,PREV_CLOSE_PROXY,,NEUTRAL,5502.93,61,5493.11875,9.81125,False,False,LEVEL_RESIDUAL,superset_base_level_superset_recent8_median,7.0,5475.085,27.845,SUPERSET_AUDITED_BASE,5475.085,27.845,False,5493.11875,9.81125,False,False,DYNAMIC_RESIDUAL_BETTER,18.03375,False,False,True,DYNAMIC_WITHIN_10
2026-01-30,2026-01-29,L5,RANGE_EXTREME_220_PLUS,CLOSE_POS_MIDDLE_THIRD,ROWS_STANDARD_9_10,5370.92,PREV_CLOSE_PROXY,,NEUTRAL,5453.11,61,5415.44,37.67,False,False,LEVEL_RESIDUAL,superset_base_level_superset_recent8_median,7.0,5402.1875,50.9225,SUPERSET_AUDITED_BASE,5402.1875,50.9225,False,5415.44,37.67,False,False,DYNAMIC_RESIDUAL_BETTER,13.2525,False,False,True,DYNAMIC_GT10
2026-01-30,2026-01-29,L6,RANGE_EXTREME_220_PLUS,CLOSE_POS_MIDDLE_THIRD,ROWS_STANDARD_9_10,5370.92,PREV_CLOSE_PROXY,,NEUTRAL,5400.77,61,5281.473169,119.296831,False,False,SOURCE_LEVEL_RESIDUAL,superset_base_source_superset_q75,69.0,5269.593169,131.176831,SUPERSET_AUDITED_BASE,5269.593169,131.176831,False,5281.473169,119.296831,False,False,DYNAMIC_RESIDUAL_BETTER,11.88,False,False,True,DYNAMIC_GT10
2026-01-30,2026-01-29,L7,RANGE_EXTREME_220_PLUS,CLOSE_POS_MIDDLE_THIRD,ROWS_STANDARD_9_10,5370.92,PREV_CLOSE_PROXY,,NEUTRAL,5349.51,61,5240.782812,108.727188,False,False,SOURCE_LEVEL_RESIDUAL,superset_base_source_superset_q75,76.0,5228.495,121.015,SUPERSET_AUDITED_BASE,5228.495,121.015,False,5240.782812,108.727188,False,False,DYNAMIC_RESIDUAL_BETTER,12.287812,False,False,True,DYNAMIC_GT10
2026-02-02,2026-01-30,L4,RANGE_EXTREME_220_PLUS,CLOSE_POS_LOWER_THIRD,ROWS_EXTENDED_11_PLUS,4885.18,PREV_CLOSE_PROXY,,NEUTRAL,4926.32,61,5078.88,152.56,False,False,LEVEL_RESIDUAL,superset_base_level_original_q25,81.0,5083.835,157.515,SUPERSET_AUDITED_BASE,5083.835,157.515,False,5078.88,152.56,False,False,DYNAMIC_RESIDUAL_BETTER,4.955,False,False,True,DYNAMIC_GT10
2026-02-02,2026-01-30,L5,RANGE_EXTREME_220_PLUS,CLOSE_POS_LOWER_THIRD,ROWS_EXTENDED_11_PLUS,4885.18,PREV_CLOSE_PROXY,,NEUTRAL,4879.19,61,5047.74625,168.55625,False,False,LEVEL_RESIDUAL,superset_base_level_original_q25,83.0,5053.835,174.645,SUPERSET_AUDITED_BASE,5053.835,174.645,False,5047.74625,168.55625,False,False,DYNAMIC_RESIDUAL_BETTER,6.08875,False,False,True,DYNAMIC_GT10
2026-02-02,2026-01-30,L6,RANGE_EXTREME_220_PLUS,CLOSE_POS_LOWER_THIRD,ROWS_EXTENDED_11_PLUS,4885.18,PREV_CLOSE_PROXY,,NEUTRAL,4831.95,61,4935.171,103.221,False,False,LEVEL_RESIDUAL,superset_base_level_original_q25,82.0,4941.473079,109.523079,SUPERSET_AUDITED_BASE,4941.473079,109.523079,False,4935.171,103.221,False,False,DYNAMIC_RESIDUAL_BETTER,6.302079,False,False,True,DYNAMIC_GT10
2026-02-02,2026-01-30,L7,RANGE_EXTREME_220_PLUS,CLOSE_POS_LOWER_THIRD,ROWS_EXTENDED_11_PLUS,4885.18,PREV_CLOSE_PROXY,,NEUTRAL,4780.49,61,4867.95,87.46,False,False,LEVEL_RESIDUAL,superset_base_level_superset_recent8_median,6.0,4877.7925,97.3025,SUPERSET_AUDITED_BASE,4877.7925,97.3025,False,4867.95,87.46,False,False,DYNAMIC_RESIDUAL_BETTER,9.8425,False,False,True,DYNAMIC_GT10
2026-02-03,2026-02-02,L4,RANGE_EXTREME_220_PLUS,CLOSE_POS_MIDDLE_THIRD,ROWS_EXTENDED_11_PLUS,4660.96,PREV_CLOSE_PROXY,,NEUTRAL,4884.57,61,4814.495,70.075,False,False,LEVEL_RESIDUAL,superset_base_level_superset_recent8_median,7.0,4786.65,97.92,SUPERSET_AUDITED_BASE,4786.65,97.92,False,4814.495,70.075,False,False,DYNAMIC_RESIDUAL_BETTER,27.845,False,False,True,DYNAMIC_GT10
2026-02-03,2026-02-02,L5,RANGE_EXTREME_220_PLUS,CLOSE_POS_MIDDLE_THIRD,ROWS_EXTENDED_11_PLUS,4660.96,PREV_CLOSE_PROXY,,NEUTRAL,4848.53,61,4784.833377,63.696623,False,False,LEVEL_RESIDUAL,superset_base_level_superset_recent8_median,7.0,4756.65,91.88,SUPERSET_AUDITED_BASE,4756.65,91.88,False,4784.833377,63.696623,False,False,DYNAMIC_RESIDUAL_BETTER,28.183377,False,False,True,DYNAMIC_GT10
2026-02-03,2026-02-02,L6,RANGE_EXTREME_220_PLUS,CLOSE_POS_MIDDLE_THIRD,ROWS_EXTENDED_11_PLUS,4660.96,PREV_CLOSE_PROXY,,NEUTRAL,4805.99,61,4704.5725,101.4175,False,False,SOURCE_LEVEL_RESIDUAL,superset_base_source_superset_q75,70.0,4692.705,113.285,SUPERSET_AUDITED_BASE,4692.705,113.285,False,4704.5725,101.4175,False,False,DYNAMIC_RESIDUAL_BETTER,11.8675,False,False,True,DYNAMIC_GT10
2026-02-03,2026-02-02,L7,RANGE_EXTREME_220_PLUS,CLOSE_POS_MIDDLE_THIRD,ROWS_EXTENDED_11_PLUS,4660.96,PREV_CLOSE_PROXY,,NEUTRAL,4768.25,61,4656.04,112.21,False,False,SOURCE_LEVEL_RESIDUAL,superset_base_source_superset_q75,77.0,4643.76,124.49,SUPERSET_AUDITED_BASE,4643.76,124.49,False,4656.04,112.21,False,False,DYNAMIC_RESIDUAL_BETTER,12.28,False,False,True,DYNAMIC_GT10
2026-02-04,2026-02-03,L4,RANGE_EXTREME_220_PLUS,CLOSE_POS_UPPER_THIRD,ROWS_STANDARD_9_10,4946.72,PREV_CLOSE_PROXY,,NEUTRAL,4996.14,61,4939.85,56.29,False,False,LEVEL_RESIDUAL,superset_base_level_superset_recent8_median,7.0,4912.005,84.135,SUPERSET_AUDITED_BASE,4912.005,84.135,False,4939.85,56.29,False,False,DYNAMIC_RESIDUAL_BETTER,27.845,False,False,True,DYNAMIC_GT10
2026-02-04,2026-02-03,L5,RANGE_EXTREME_220_PLUS,CLOSE_POS_UPPER_THIRD,ROWS_STANDARD_9_10,4946.72,PREV_CLOSE_PROXY,,NEUTRAL,4948.43,61,4896.0575,52.3725,False,False,LEVEL_RESIDUAL,superset_base_level_superset_recent8_median,7.0,4859.7675,88.6625,SUPERSET_AUDITED_BASE,4859.7675,88.6625,False,4896.0575,52.3725,False,False,DYNAMIC_RESIDUAL_BETTER,36.29,False,False,True,DYNAMIC_GT10
2026-02-04,2026-02-03,L6,RANGE_EXTREME_220_PLUS,CLOSE_POS_UPPER_THIRD,ROWS_STANDARD_9_10,4946.72,PREV_CLOSE_PROXY,,NEUTRAL,4900.2,61,4787.369266,112.830734,False,False,SOURCE_LEVEL_RESIDUAL,superset_base_source_superset_q75,71.0,4775.379891,124.820109,SUPERSET_AUDITED_BASE,4775.379891,124.820109,False,4787.369266,112.830734,False,False,DYNAMIC_RESIDUAL_BETTER,11.989375,False,False,True,DYNAMIC_GT10
2026-02-04,2026-02-03,L7,RANGE_EXTREME_220_PLUS,CLOSE_POS_UPPER_THIRD,ROWS_STANDARD_9_10,4946.72,PREV_CLOSE_PROXY,,NEUTRAL,4851.46,61,4737.835,113.625,False,False,SOURCE_LEVEL_RESIDUAL,superset_base_source_superset_q75,77.0,4725.555,125.905,SUPERSET_AUDITED_BASE,4725.555,125.905,False,4737.835,113.625,False,False,DYNAMIC_RESIDUAL_BETTER,12.28,False,False,True,DYNAMIC_GT10
2026-02-05,2026-02-04,L4,RANGE_EXTREME_220_PLUS,CLOSE_POS_MIDDLE_THIRD,ROWS_EXTENDED_11_PLUS,4964.74,PREV_CLOSE_PROXY,,NEUTRAL,4990.45,61,5087.139266,96.689266,False,False,LEVEL_RESIDUAL,superset_base_level_original_q25,83.0,5091.92,101.47,SUPERSET_AUDITED_BASE,5091.92,101.47,False,5087.139266,96.689266,False,False,DYNAMIC_RESIDUAL_BETTER,4.780734,False,False,True,DYNAMIC_GT10
2026-02-05,2026-02-04,L5,RANGE_EXTREME_220_PLUS,CLOSE_POS_MIDDLE_THIRD,ROWS_EXTENDED_11_PLUS,4964.74,PREV_CLOSE_PROXY,,NEUTRAL,4944.86,61,5082.4875,137.6275,False,False,LEVEL_RESIDUAL,superset_base_level_original_q25,85.0,5087.9025,143.0425,SUPERSET_AUDITED_BASE,5087.9025,143.0425,False,5082.4875,137.6275,False,False,DYNAMIC_RESIDUAL_BETTER,5.415,False,False,True,DYNAMIC_GT10
2026-02-05,2026-02-04,L6,RANGE_EXTREME_220_PLUS,CLOSE_POS_MIDDLE_THIRD,ROWS_EXTENDED_11_PLUS,4964.74,PREV_CLOSE_PROXY,,NEUTRAL,4896.2,61,5051.141046,154.941046,False,False,LEVEL_RESIDUAL,superset_base_level_original_q25,84.0,5057.9025,161.7025,SUPERSET_AUDITED_BASE,5057.9025,161.7025,False,5051.141046,154.941046,False,False,DYNAMIC_RESIDUAL_BETTER,6.761454,False,False,True,DYNAMIC_GT10
2026-02-05,2026-02-04,L7,RANGE_EXTREME_220_PLUS,CLOSE_POS_MIDDLE_THIRD,ROWS_EXTENDED_11_PLUS,4964.74,PREV_CLOSE_PROXY,,NEUTRAL,4843.94,61,5010.87,166.93,False,False,LEVEL_RESIDUAL,superset_base_level_superset_recent8_median,5.0,5031.385,187.445,SUPERSET_AUDITED_BASE,5031.385,187.445,False,5010.87,166.93,False,False,DYNAMIC_RESIDUAL_BETTER,20.515,False,False,True,DYNAMIC_GT10
2026-02-06,2026-02-05,L4,RANGE_EXTREME_220_PLUS,CLOSE_POS_LOWER_THIRD,ROWS_EXTENDED_11_PLUS,4779.46,PREV_CLOSE_PROXY,,NEUTRAL,4897.44,61,4901.66,4.22,False,True,LEVEL_RESIDUAL,superset_base_level_original_q25,84.0,4906.79,9.35,SUPERSET_AUDITED_BASE,4906.79,9.35,False,4901.66,4.22,False,True,DYNAMIC_RESIDUAL_BETTER,5.13,True,False,True,DYNAMIC_WITHIN_5
2026-02-06,2026-02-05,L5,RANGE_EXTREME_220_PLUS,CLOSE_POS_LOWER_THIRD,ROWS_EXTENDED_11_PLUS,4779.46,PREV_CLOSE_PROXY,,NEUTRAL,4854.08,61,4871.375,17.295,False,False,LEVEL_RESIDUAL,superset_base_level_original_q25,85.0,4876.79,22.71,SUPERSET_AUDITED_BASE,4876.79,22.71,False,4871.375,17.295,False,False,DYNAMIC_RESIDUAL_BETTER,5.415,False,False,True,DYNAMIC_GT10
2026-02-06,2026-02-05,L6,RANGE_EXTREME_220_PLUS,CLOSE_POS_LOWER_THIRD,ROWS_EXTENDED_11_PLUS,4779.46,PREV_CLOSE_PROXY,,NEUTRAL,4803.0,61,4802.964041,0.035959,True,True,SOURCE_LEVEL_RESIDUAL,superset_base_source_superset_mean,71.0,4803.305,0.305,SUPERSET_AUDITED_BASE,4803.305,0.305,True,4802.964041,0.035959,True,True,DYNAMIC_RESIDUAL_BETTER,0.269041,False,False,True,DYNAMIC_WITHIN_3
2026-02-06,2026-02-05,L7,RANGE_EXTREME_220_PLUS,CLOSE_POS_LOWER_THIRD,ROWS_EXTENDED_11_PLUS,4779.46,PREV_CLOSE_PROXY,,NEUTRAL,4746.79,61,4782.0,35.21,False,False,LEVEL_RESIDUAL,superset_base_level_superset_recent8_median,4.0,4792.8125,46.0225,SUPERSET_AUDITED_BASE,4792.8125,46.0225,False,4782.0,35.21,False,False,DYNAMIC_RESIDUAL_BETTER,10.8125,False,False,True,DYNAMIC_GT10
2026-02-09,2026-02-06,L4,RANGE_EXTREME_220_PLUS,CLOSE_POS_UPPER_THIRD,ROWS_STANDARD_9_10,4965.74,PREV_CLOSE_PROXY,,NEUTRAL,4956.67,61,4965.775,9.105,False,False,LEVEL_RESIDUAL,superset_base_level_original_q25,85.0,4971.43,14.76,SUPERSET_AUDITED_BASE,4971.43,14.76,False,4965.775,9.105,False,False,DYNAMIC_RESIDUAL_BETTER,5.655,False,False,True,DYNAMIC_WITHIN_10
2026-02-09,2026-02-06,L5,RANGE_EXTREME_220_PLUS,CLOSE_POS_UPPER_THIRD,ROWS_STANDARD_9_10,4965.74,PREV_CLOSE_PROXY,,NEUTRAL,4905.52,61,4921.750625,16.230625,False,False,LEVEL_RESIDUAL,superset_base_level_original_q25,86.0,4928.17625,22.65625,SUPERSET_AUDITED_BASE,4928.17625,22.65625,False,4921.750625,16.230625,False,False,DYNAMIC_RESIDUAL_BETTER,6.425625,False,False,True,DYNAMIC_GT10
2026-02-09,2026-02-06,L6,RANGE_EXTREME_220_PLUS,CLOSE_POS_UPPER_THIRD,ROWS_STANDARD_9_10,4965.74,PREV_CLOSE_PROXY,,NEUTRAL,4853.78,61,4878.611395,24.831395,False,False,LEVEL_RESIDUAL,superset_base_level_original_q25,85.0,4884.9225,31.1425,SUPERSET_AUDITED_BASE,4884.9225,31.1425,False,4878.611395,24.831395,False,False,DYNAMIC_RESIDUAL_BETTER,6.311105,False,False,True,DYNAMIC_GT10
2026-02-09,2026-02-06,L7,RANGE_EXTREME_220_PLUS,CLOSE_POS_UPPER_THIRD,ROWS_STANDARD_9_10,4965.74,PREV_CLOSE_PROXY,,NEUTRAL,4803.35,61,4795.14625,8.20375,False,False,LEVEL_RESIDUAL,superset_base_level_superset_recent8_median,4.0,4828.415,25.065,SUPERSET_AUDITED_BASE,4828.415,25.065,False,4795.14625,8.20375,False,False,DYNAMIC_RESIDUAL_BETTER,16.86125,False,False,True,DYNAMIC_WITHIN_10
2026-02-10,2026-02-09,L4,RANGE_WIDE_120_220,CLOSE_POS_UPPER_THIRD,ROWS_STANDARD_9_10,5057.94,PREV_CLOSE_PROXY,,NEUTRAL,5139.66,81,5139.833437,0.173437,True,True,LEVEL_RESIDUAL,superset_base_level_original_median,86.0,5135.6975,3.9625,SUPERSET_AUDITED_BASE,5135.6975,3.9625,True,5139.833437,0.173437,True,True,DYNAMIC_RESIDUAL_BETTER,3.789063,False,True,True,DYNAMIC_WITHIN_3
2026-02-10,2026-02-09,L5,RANGE_WIDE_120_220,CLOSE_POS_UPPER_THIRD,ROWS_STANDARD_9_10,5057.94,PREV_CLOSE_PROXY,,NEUTRAL,5081.07,81,5105.91125,24.84125,False,False,RANGE_CLOSE_LEVEL_RESIDUAL,superset_base_range_close_superset_q25,5.0,5116.72,35.65,SUPERSET_AUDITED_BASE,5116.72,35.65,False,5105.91125,24.84125,False,False,DYNAMIC_RESIDUAL_BETTER,10.80875,False,False,True,DYNAMIC_GT10
2026-02-10,2026-02-09,L6,RANGE_WIDE_120_220,CLOSE_POS_UPPER_THIRD,ROWS_STANDARD_9_10,5057.94,PREV_CLOSE_PROXY,,NEUTRAL,5034.62,81,5037.69,3.07,False,True,RANGE_CLOSE_LEVEL_RESIDUAL,superset_base_range_close_superset_q25,5.0,5057.94,23.32,SUPERSET_AUDITED_BASE,5057.94,23.32,False,5037.69,3.07,False,True,DYNAMIC_RESIDUAL_BETTER,20.25,True,False,True,DYNAMIC_WITHIN_5
2026-02-10,2026-02-09,L7,RANGE_WIDE_120_220,CLOSE_POS_UPPER_THIRD,ROWS_STANDARD_9_10,5057.94,PREV_CLOSE_PROXY,,NEUTRAL,4987.02,81,5020.72125,33.70125,False,False,LEVEL_RESIDUAL,superset_base_level_superset_recent8_median,4.0,5056.265,69.245,SUPERSET_AUDITED_BASE,5056.265,69.245,False,5020.72125,33.70125,False,False,DYNAMIC_RESIDUAL_BETTER,35.54375,False,False,True,DYNAMIC_GT10
2026-02-11,2026-02-10,L4,RANGE_NORMAL_60_120,CLOSE_POS_MIDDLE_THIRD,ROWS_STANDARD_9_10,5025.3,PREV_CLOSE_PROXY,,NEUTRAL,5075.63,101,5075.464837,0.165163,True,True,RANGE_CLOSE_LEVEL_RESIDUAL,superset_base_range_close_superset_q25,15.0,5078.89525,3.26525,REGIME_LEVEL_RESIDUAL,5078.415,2.785,True,5075.464837,0.165163,True,True,DYNAMIC_RESIDUAL_BETTER,2.619837,False,False,True,DYNAMIC_WITHIN_3
2026-02-11,2026-02-10,L5,RANGE_NORMAL_60_120,CLOSE_POS_MIDDLE_THIRD,ROWS_STANDARD_9_10,5025.3,PREV_CLOSE_PROXY,,NEUTRAL,5016.51,101,5021.045,4.535,False,True,SOURCE_LEVEL_RESIDUAL,superset_base_source_superset_q25,85.0,5030.7025,14.1925,REGIME_LEVEL_RESIDUAL,5031.7725,15.2625,False,5021.045,4.535,False,True,DYNAMIC_RESIDUAL_BETTER,10.7275,True,False,True,DYNAMIC_WITHIN_5
2026-02-11,2026-02-10,L6,RANGE_NORMAL_60_120,CLOSE_POS_MIDDLE_THIRD,ROWS_STANDARD_9_10,5025.3,PREV_CLOSE_PROXY,,NEUTRAL,4967.33,101,4986.87,19.54,False,False,LEVEL_RESIDUAL,superset_base_level_superset_recent8_median,5.0,5011.097886,43.767886,REGIME_LEVEL_RESIDUAL,5010.19,42.86,False,4986.87,19.54,False,False,DYNAMIC_RESIDUAL_BETTER,23.32,False,False,True,DYNAMIC_GT10
2026-02-11,2026-02-10,L7,RANGE_NORMAL_60_120,CLOSE_POS_MIDDLE_THIRD,ROWS_STANDARD_9_10,5025.3,PREV_CLOSE_PROXY,,NEUTRAL,4912.29,101,4899.76625,12.52375,False,False,LEVEL_RESIDUAL,superset_base_level_superset_recent8_median,4.0,4956.8275,44.5375,REGIME_LEVEL_RESIDUAL,4957.4,45.11,False,4899.76625,12.52375,False,False,DYNAMIC_RESIDUAL_BETTER,32.58625,False,False,True,DYNAMIC_GT10
2026-02-12,2026-02-11,L4,RANGE_NORMAL_60_120,CLOSE_POS_MIDDLE_THIRD,ROWS_EXTENDED_11_PLUS,5084.24,PREV_CLOSE_PROXY,,NEUTRAL,5117.76,81,5119.06,1.3,True,True,SUPERSET_AUDITED_BASE,ORIGINAL_ORACLE_PRESERVED,,5119.06,1.3,SUPERSET_AUDITED_BASE,5119.06,1.3,True,5119.06,1.3,True,True,SUPERSET_AUDITED_BASE_PRESERVED,0.0,False,False,False,DYNAMIC_WITHIN_3
2026-02-12,2026-02-11,L5,RANGE_NORMAL_60_120,CLOSE_POS_MIDDLE_THIRD,ROWS_EXTENDED_11_PLUS,5084.24,PREV_CLOSE_PROXY,,NEUTRAL,5075.63,81,5075.266562,0.363438,True,True,RANGE_CLOSE_LEVEL_RESIDUAL,superset_base_range_close_superset_q75,16.0,5067.735,7.895,SUPERSET_AUDITED_BASE,5067.735,7.895,False,5075.266562,0.363438,True,True,DYNAMIC_RESIDUAL_BETTER,7.531562,True,True,True,DYNAMIC_WITHIN_3
2026-02-12,2026-02-11,L6,RANGE_NORMAL_60_120,CLOSE_POS_MIDDLE_THIRD,ROWS_EXTENDED_11_PLUS,5084.24,PREV_CLOSE_PROXY,,NEUTRAL,5037.65,81,5036.485405,1.164595,True,True,LEVEL_RESIDUAL,superset_base_level_original_median,88.0,5035.205,2.445,SUPERSET_AUDITED_BASE,5035.205,2.445,True,5036.485405,1.164595,True,True,DYNAMIC_RESIDUAL_BETTER,1.280405,False,False,True,DYNAMIC_WITHIN_3
2026-02-12,2026-02-11,L7,RANGE_NORMAL_60_120,CLOSE_POS_MIDDLE_THIRD,ROWS_EXTENDED_11_PLUS,5084.24,PREV_CLOSE_PROXY,,NEUTRAL,4999.12,81,5000.088679,0.968679,True,True,SOURCE_LEVEL_RESIDUAL,superset_base_source_superset_mean,81.0,5005.205,6.085,SUPERSET_AUDITED_BASE,5005.205,6.085,False,5000.088679,0.968679,True,True,DYNAMIC_RESIDUAL_BETTER,5.116321,True,True,True,DYNAMIC_WITHIN_3
2026-02-13,2026-02-12,L4,RANGE_EXTREME_220_PLUS,CLOSE_POS_LOWER_THIRD,ROWS_SPARSE_1_8,4921.64,PREV_CLOSE_PROXY,,NEUTRAL,4960.96,61,4957.864294,3.095706,False,True,SOURCE_LEVEL_RESIDUAL,superset_base_source_superset_mean,79.0,4952.346593,8.613407,SUPERSET_AUDITED_BASE,4952.346593,8.613407,False,4957.864294,3.095706,False,True,DYNAMIC_RESIDUAL_BETTER,5.517701,True,False,True,DYNAMIC_WITHIN_5
2026-02-13,2026-02-12,L5,RANGE_EXTREME_220_PLUS,CLOSE_POS_LOWER_THIRD,ROWS_SPARSE_1_8,4921.64,PREV_CLOSE_PROXY,,NEUTRAL,4914.19,61,4911.90375,2.28625,True,True,LEVEL_RESIDUAL,superset_base_level_superset_q25,90.0,4921.64,7.45,SUPERSET_AUDITED_BASE,4921.64,7.45,False,4911.90375,2.28625,True,True,DYNAMIC_RESIDUAL_BETTER,5.16375,True,True,True,DYNAMIC_WITHIN_3
2026-02-13,2026-02-12,L6,RANGE_EXTREME_220_PLUS,CLOSE_POS_LOWER_THIRD,ROWS_SPARSE_1_8,4921.64,PREV_CLOSE_PROXY,,NEUTRAL,4870.79,81,4871.165,0.375,True,True,LEVEL_RESIDUAL,superset_base_level_original_q25,89.0,4879.98,9.19,SUPERSET_AUDITED_BASE,4879.98,9.19,False,4871.165,0.375,True,True,DYNAMIC_RESIDUAL_BETTER,8.815,True,True,True,DYNAMIC_WITHIN_3
2026-02-13,2026-02-12,L7,RANGE_EXTREME_220_PLUS,CLOSE_POS_LOWER_THIRD,ROWS_SPARSE_1_8,4921.64,PREV_CLOSE_PROXY,,NEUTRAL,4825.68,81,4821.77875,3.90125,False,True,RANGE_CLOSE_LEVEL_RESIDUAL,superset_base_range_close_superset_median,4.0,4878.56,52.88,SUPERSET_AUDITED_BASE,4878.56,52.88,False,4821.77875,3.90125,False,True,DYNAMIC_RESIDUAL_BETTER,48.97875,True,False,True,DYNAMIC_WITHIN_5
2026-02-16,2026-02-13,L4,RANGE_WIDE_120_220,CLOSE_POS_UPPER_THIRD,ROWS_SPARSE_1_8,5042.46,PREV_CLOSE_PROXY,,NEUTRAL,5039.88,81,5041.718906,1.838906,True,True,LEVEL_RESIDUAL,superset_base_level_superset_q75,90.0,5027.2375,12.6425,SUPERSET_AUDITED_BASE,5027.2375,12.6425,False,5041.718906,1.838906,True,True,DYNAMIC_RESIDUAL_BETTER,10.803594,True,True,True,DYNAMIC_WITHIN_3
2026-02-16,2026-02-13,L5,RANGE_WIDE_120_220,CLOSE_POS_UPPER_THIRD,ROWS_SPARSE_1_8,5042.46,PREV_CLOSE_PROXY,,NEUTRAL,5001.35,81,4998.958125,2.391875,True,True,RANGE_CLOSE_LEVEL_RESIDUAL,superset_base_range_close_superset_median,6.0,5004.625,3.275,SUPERSET_AUDITED_BASE,5004.625,3.275,True,4998.958125,2.391875,True,True,DYNAMIC_RESIDUAL_BETTER,0.883125,False,True,True,DYNAMIC_WITHIN_3
2026-02-16,2026-02-13,L6,RANGE_WIDE_120_220,CLOSE_POS_UPPER_THIRD,ROWS_SPARSE_1_8,5042.46,PREV_CLOSE_PROXY,,NEUTRAL,4961.15,81,4963.32375,2.17375,True,True,RANGE_CLOSE_LEVEL_RESIDUAL,superset_base_range_close_superset_median,6.0,4980.8,19.65,SUPERSET_AUDITED_BASE,4980.8,19.65,False,4963.32375,2.17375,True,True,DYNAMIC_RESIDUAL_BETTER,17.47625,True,True,True,DYNAMIC_WITHIN_3
2026-02-16,2026-02-13,L7,RANGE_WIDE_120_220,CLOSE_POS_UPPER_THIRD,ROWS_SPARSE_1_8,5042.46,PREV_CLOSE_PROXY,,NEUTRAL,4914.19,62,4911.40875,2.78125,True,True,LEVEL_RESIDUAL,original_base_level_superset_recent8_median,6.0,4938.4,24.21,SUPERSET_AUDITED_BASE,4938.4,24.21,False,4911.40875,2.78125,True,True,DYNAMIC_RESIDUAL_BETTER,21.42875,True,True,True,DYNAMIC_WITHIN_3
2026-02-17,2026-02-16,L4,RANGE_NORMAL_60_120,CLOSE_POS_MIDDLE_THIRD,ROWS_STANDARD_9_10,4993.64,PREV_CLOSE_PROXY,,NEUTRAL,5037.25,101,5037.095,0.155,True,True,RANGE_CLOSE_LEVEL_RESIDUAL,superset_base_range_close_original_q25,17.0,5041.364659,4.114659,REGIME_LEVEL_RESIDUAL,5041.18125,3.93125,True,5037.095,0.155,True,True,DYNAMIC_RESIDUAL_BETTER,3.77625,False,True,True,DYNAMIC_WITHIN_3
2026-02-17,2026-02-16,L5,RANGE_NORMAL_60_120,CLOSE_POS_MIDDLE_THIRD,ROWS_STANDARD_9_10,4993.64,PREV_CLOSE_PROXY,,NEUTRAL,4997.56,101,4997.473074,0.086927,True,True,RANGE_CLOSE_LEVEL_RESIDUAL,superset_base_range_close_superset_recent8_median,8.0,4991.0325,6.5275,REGIME_LEVEL_RESIDUAL,4993.7875,3.7725,True,4997.473074,0.086927,True,True,DYNAMIC_RESIDUAL_BETTER,3.685573,False,True,True,DYNAMIC_WITHIN_3
2026-02-17,2026-02-16,L6,RANGE_NORMAL_60_120,CLOSE_POS_MIDDLE_THIRD,ROWS_STANDARD_9_10,4993.64,PREV_CLOSE_PROXY,,NEUTRAL,4963.07,101,4966.6375,3.5675,False,True,LEVEL_RESIDUAL,superset_base_level_superset_recent8_median,7.0,4985.364215,22.294215,REGIME_LEVEL_RESIDUAL,4986.2875,23.2175,False,4966.6375,3.5675,False,True,DYNAMIC_RESIDUAL_BETTER,19.65,True,False,True,DYNAMIC_WITHIN_5
2026-02-17,2026-02-16,L7,RANGE_NORMAL_60_120,CLOSE_POS_MIDDLE_THIRD,ROWS_STANDARD_9_10,4993.64,PREV_CLOSE_PROXY,,NEUTRAL,4920.57,101,4903.984375,16.585625,False,False,REGIME_LEVEL_RESIDUAL,superset_base_regime_superset_q75,11.0,4889.80375,30.76625,REGIME_LEVEL_RESIDUAL,4890.14375,30.42625,False,4903.984375,16.585625,False,False,DYNAMIC_RESIDUAL_BETTER,13.840625,False,False,True,DYNAMIC_GT10
2026-02-18,2026-02-17,L4,RANGE_WIDE_120_220,CLOSE_POS_LOWER_THIRD,ROWS_STANDARD_9_10,4877.1,PREV_CLOSE_PROXY,,NEUTRAL,4912.68,61,4912.9,0.22,True,True,SUPERSET_AUDITED_BASE,ORIGINAL_ORACLE_PRESERVED,,4912.9,0.22,SUPERSET_AUDITED_BASE,4912.9,0.22,True,4912.9,0.22,True,True,SUPERSET_AUDITED_BASE_PRESERVED,0.0,False,False,False,DYNAMIC_WITHIN_3
2026-02-18,2026-02-17,L5,RANGE_WIDE_120_220,CLOSE_POS_LOWER_THIRD,ROWS_STANDARD_9_10,4877.1,PREV_CLOSE_PROXY,,NEUTRAL,4878.73,61,4881.84,3.11,False,True,SUPERSET_AUDITED_BASE,ORIGINAL_ORACLE_PRESERVED,,4881.84,3.11,SUPERSET_AUDITED_BASE,4881.84,3.11,True,4881.84,3.11,False,True,SUPERSET_AUDITED_BASE_PRESERVED,0.0,False,False,False,DYNAMIC_WITHIN_5
2026-02-18,2026-02-17,L6,RANGE_WIDE_120_220,CLOSE_POS_LOWER_THIRD,ROWS_STANDARD_9_10,4877.1,PREV_CLOSE_PROXY,,NEUTRAL,4842.48,61,4842.5425,0.0625,True,True,SOURCE_LEVEL_RESIDUAL,superset_base_source_superset_median,79.0,4842.22,0.26,SUPERSET_AUDITED_BASE,4842.22,0.26,True,4842.5425,0.0625,True,True,DYNAMIC_RESIDUAL_BETTER,0.1975,False,False,True,DYNAMIC_WITHIN_3
2026-02-18,2026-02-17,L7,RANGE_WIDE_120_220,CLOSE_POS_LOWER_THIRD,ROWS_STANDARD_9_10,4877.1,PREV_CLOSE_PROXY,,NEUTRAL,4805.69,61,4806.809068,1.119068,True,True,LEVEL_RESIDUAL,superset_base_level_original_mean,88.0,4812.22,6.53,SUPERSET_AUDITED_BASE,4812.22,6.53,False,4806.809068,1.119068,True,True,DYNAMIC_RESIDUAL_BETTER,5.410932,True,True,True,DYNAMIC_WITHIN_3
2026-02-19,2026-02-18,L4,RANGE_WIDE_120_220,CLOSE_POS_UPPER_THIRD,ROWS_EXTENDED_11_PLUS,4977.24,PREV_CLOSE_PROXY,,NEUTRAL,5030.72,81,4985.806979,44.913021,False,False,SOURCE_LEVEL_RESIDUAL,superset_base_source_superset_q75,83.0,4970.93375,59.78625,SUPERSET_AUDITED_BASE,4970.93375,59.78625,False,4985.806979,44.913021,False,False,DYNAMIC_RESIDUAL_BETTER,14.873229,False,False,True,DYNAMIC_GT10
2026-02-19,2026-02-18,L5,RANGE_WIDE_120_220,CLOSE_POS_UPPER_THIRD,ROWS_EXTENDED_11_PLUS,4977.24,PREV_CLOSE_PROXY,,NEUTRAL,5000.02,81,4974.1175,25.9025,False,False,SOURCE_LEVEL_RESIDUAL,superset_base_source_superset_q75,91.0,4964.2825,35.7375,SUPERSET_AUDITED_BASE,4964.2825,35.7375,False,4974.1175,25.9025,False,False,DYNAMIC_RESIDUAL_BETTER,9.835,False,False,True,DYNAMIC_GT10
2026-02-19,2026-02-18,L6,RANGE_WIDE_120_220,CLOSE_POS_UPPER_THIRD,ROWS_EXTENDED_11_PLUS,4977.24,PREV_CLOSE_PROXY,,NEUTRAL,4972.89,81,4957.1575,15.7325,False,False,SOURCE_LEVEL_RESIDUAL,superset_base_source_superset_q75,80.0,4947.585,25.305,SUPERSET_AUDITED_BASE,4947.585,25.305,False,4957.1575,15.7325,False,False,DYNAMIC_RESIDUAL_BETTER,9.5725,False,False,True,DYNAMIC_GT10
2026-02-19,2026-02-18,L7,RANGE_WIDE_120_220,CLOSE_POS_UPPER_THIRD,ROWS_EXTENDED_11_PLUS,4977.24,PREV_CLOSE_PROXY,,NEUTRAL,4944.55,81,4944.785,0.235,True,True,SOURCE_LEVEL_RESIDUAL,superset_base_source_superset_q75,85.0,4932.585,11.965,SUPERSET_AUDITED_BASE,4932.585,11.965,False,4944.785,0.235,True,True,DYNAMIC_RESIDUAL_BETTER,11.73,True,True,True,DYNAMIC_WITHIN_3
2026-02-20,2026-02-19,L4,RANGE_NORMAL_60_120,CLOSE_POS_MIDDLE_THIRD,ROWS_STANDARD_9_10,4995.96,PREV_CLOSE_PROXY,,NEUTRAL,5017.88,101,5017.887813,0.007812,True,True,REGIME_LEVEL_RESIDUAL,superset_base_regime_superset_q25,12.0,5022.090521,4.210521,REGIME_LEVEL_RESIDUAL,5022.25,4.37,True,5017.887813,0.007812,True,True,DYNAMIC_RESIDUAL_BETTER,4.362188,False,True,True,DYNAMIC_WITHIN_3
2026-02-20,2026-02-19,L5,RANGE_NORMAL_60_120,CLOSE_POS_MIDDLE_THIRD,ROWS_STANDARD_9_10,4995.96,PREV_CLOSE_PROXY,,NEUTRAL,4995.03,82,4995.16372,0.13372,True,True,SUPERSET_AUDITED_BASE,EXPANDED_ORACLE_BETTER,,4990.376667,4.653333,REGIME_LEVEL_RESIDUAL,4995.16372,0.13372,True,4995.16372,0.13372,True,True,SUPERSET_AUDITED_BASE_PRESERVED,0.0,False,False,False,DYNAMIC_WITHIN_3
2026-02-20,2026-02-19,L6,RANGE_NORMAL_60_120,CLOSE_POS_MIDDLE_THIRD,ROWS_STANDARD_9_10,4995.96,PREV_CLOSE_PROXY,,NEUTRAL,4965.99,101,4966.498125,0.508125,True,True,LEVEL_RESIDUAL,superset_base_level_superset_q25,94.0,4975.3475,9.3575,REGIME_LEVEL_RESIDUAL,4976.25625,10.26625,False,4966.498125,0.508125,True,True,DYNAMIC_RESIDUAL_BETTER,9.758125,True,True,True,DYNAMIC_WITHIN_3
2026-02-20,2026-02-19,L7,RANGE_NORMAL_60_120,CLOSE_POS_MIDDLE_THIRD,ROWS_STANDARD_9_10,4995.96,PREV_CLOSE_PROXY,,NEUTRAL,4935.99,101,4934.620625,1.369375,True,True,REGIME_LEVEL_RESIDUAL,superset_base_regime_superset_q75,12.0,4918.225,17.765,REGIME_LEVEL_RESIDUAL,4919.21125,16.77875,False,4934.620625,1.369375,True,True,DYNAMIC_RESIDUAL_BETTER,15.409375,True,True,True,DYNAMIC_WITHIN_3
2026-02-23,2026-02-20,L4,RANGE_WIDE_120_220,CLOSE_POS_UPPER_THIRD,ROWS_EXTENDED_11_PLUS,5107.8,PREV_CLOSE_PROXY,,NEUTRAL,5150.72,101,5151.807917,1.087917,True,True,REGIME_LEVEL_RESIDUAL,superset_base_regime_original_mean,3.0,5137.96,12.76,SUPERSET_AUDITED_BASE,5137.96,12.76,False,5151.807917,1.087917,True,True,DYNAMIC_RESIDUAL_BETTER,11.672083,True,True,True,DYNAMIC_WITHIN_3
2026-02-23,2026-02-20,L5,RANGE_WIDE_120_220,CLOSE_POS_UPPER_THIRD,ROWS_EXTENDED_11_PLUS,5107.8,PREV_CLOSE_PROXY,,NEUTRAL,5126.12,101,5113.02,13.1,False,False,RANGE_CLOSE_LEVEL_RESIDUAL,superset_base_range_close_superset_q75,8.0,5098.92,27.2,SUPERSET_AUDITED_BASE,5098.92,27.2,False,5113.02,13.1,False,False,DYNAMIC_RESIDUAL_BETTER,14.1,False,False,True,DYNAMIC_GT10
2026-02-23,2026-02-20,L6,RANGE_WIDE_120_220,CLOSE_POS_UPPER_THIRD,ROWS_EXTENDED_11_PLUS,5107.8,PREV_CLOSE_PROXY,,NEUTRAL,5102.34,101,5101.793438,0.546562,True,True,RANGE_CLOSE_LEVEL_RESIDUAL,superset_base_range_close_superset_q75,8.0,5076.42,25.92,SUPERSET_AUDITED_BASE,5076.42,25.92,False,5101.793438,0.546562,True,True,DYNAMIC_RESIDUAL_BETTER,25.373438,True,True,True,DYNAMIC_WITHIN_3
2026-02-23,2026-02-20,L7,RANGE_WIDE_120_220,CLOSE_POS_UPPER_THIRD,ROWS_EXTENDED_11_PLUS,5107.8,PREV_CLOSE_PROXY,,NEUTRAL,5079.49,101,5078.093333,1.396667,True,True,SOURCE_LEVEL_RESIDUAL,superset_base_source_superset_q75,87.0,5065.853333,13.636667,SUPERSET_AUDITED_BASE,5065.853333,13.636667,False,5078.093333,1.396667,True,True,DYNAMIC_RESIDUAL_BETTER,12.24,True,True,True,DYNAMIC_WITHIN_3
2026-02-24,2026-02-23,L4,RANGE_WIDE_120_220,CLOSE_POS_UPPER_THIRD,ROWS_EXTENDED_11_PLUS,5227.5,PREV_CLOSE_PROXY,,NEUTRAL,5263.54,101,5263.409375,0.130625,True,True,LEVEL_RESIDUAL,superset_base_level_superset_q25,96.0,5267.82,4.28,SUPERSET_AUDITED_BASE,5267.82,4.28,True,5263.409375,0.130625,True,True,DYNAMIC_RESIDUAL_BETTER,4.149375,False,True,True,DYNAMIC_WITHIN_3
2026-02-24,2026-02-23,L5,RANGE_WIDE_120_220,CLOSE_POS_UPPER_THIRD,ROWS_EXTENDED_11_PLUS,5227.5,PREV_CLOSE_PROXY,,NEUTRAL,5234.73,101,5235.555,0.825,True,True,LEVEL_RESIDUAL,superset_base_level_superset_q75,97.0,5225.6825,9.0475,SUPERSET_AUDITED_BASE,5225.6825,9.0475,False,5235.555,0.825,True,True,DYNAMIC_RESIDUAL_BETTER,8.2225,True,True,True,DYNAMIC_WITHIN_3
2026-02-24,2026-02-23,L6,RANGE_WIDE_120_220,CLOSE_POS_UPPER_THIRD,ROWS_EXTENDED_11_PLUS,5227.5,PREV_CLOSE_PROXY,,NEUTRAL,5205.3,102,5205.087808,0.212192,True,True,SOURCE_LEVEL_RESIDUAL,superset_base_source_original_mean,13.0,5203.7625,1.5375,SUPERSET_AUDITED_BASE,5203.7625,1.5375,True,5205.087808,0.212192,True,True,DYNAMIC_RESIDUAL_BETTER,1.325308,False,False,True,DYNAMIC_WITHIN_3
2026-02-24,2026-02-23,L7,RANGE_WIDE_120_220,CLOSE_POS_UPPER_THIRD,ROWS_EXTENDED_11_PLUS,5227.5,PREV_CLOSE_PROXY,,NEUTRAL,5176.62,101,5180.765,4.145,False,True,LEVEL_RESIDUAL,superset_base_level_superset_q75,92.0,5168.545,8.075,SUPERSET_AUDITED_BASE,5168.545,8.075,False,5180.765,4.145,False,True,DYNAMIC_RESIDUAL_BETTER,3.93,True,False,True,DYNAMIC_WITHIN_5
2026-02-25,2026-02-24,L4,RANGE_WIDE_120_220,CLOSE_POS_LOWER_THIRD,ROWS_EXTENDED_11_PLUS,5143.76,PREV_CLOSE_PROXY,,NEUTRAL,5252.87,61,5275.073532,22.203532,False,False,LEVEL_RESIDUAL,superset_base_level_original_q25,97.0,5279.68,26.81,SUPERSET_AUDITED_BASE,5279.68,26.81,False,5275.073532,22.203532,False,False,DYNAMIC_RESIDUAL_BETTER,4.606468,False,False,True,DYNAMIC_GT10
2026-02-25,2026-02-24,L5,RANGE_WIDE_120_220,CLOSE_POS_LOWER_THIRD,ROWS_EXTENDED_11_PLUS,5143.76,PREV_CLOSE_PROXY,,NEUTRAL,5210.99,81,5203.075,7.915,False,False,RANGE_CLOSE_LEVEL_RESIDUAL,superset_base_range_close_superset_mean,4.0,5230.03875,19.04875,SUPERSET_AUDITED_BASE,5230.03875,19.04875,False,5203.075,7.915,False,False,DYNAMIC_RESIDUAL_BETTER,11.13375,False,False,True,DYNAMIC_WITHIN_10
2026-02-25,2026-02-24,L6,RANGE_WIDE_120_220,CLOSE_POS_LOWER_THIRD,ROWS_EXTENDED_11_PLUS,5143.76,PREV_CLOSE_PROXY,,NEUTRAL,5174.66,81,5178.944465,4.284465,False,True,SOURCE_LEVEL_RESIDUAL,superset_base_source_superset_q25,83.0,5189.65634,14.99634,SUPERSET_AUDITED_BASE,5189.65634,14.99634,False,5178.944465,4.284465,False,True,DYNAMIC_RESIDUAL_BETTER,10.711875,True,False,True,DYNAMIC_WITHIN_5
2026-02-25,2026-02-24,L7,RANGE_WIDE_120_220,CLOSE_POS_LOWER_THIRD,ROWS_EXTENDED_11_PLUS,5143.76,PREV_CLOSE_PROXY,,NEUTRAL,5141.24,81,5138.6625,2.5775,True,True,LEVEL_RESIDUAL,superset_base_level_superset_q25,93.0,5156.115,14.875,SUPERSET_AUDITED_BASE,5156.115,14.875,False,5138.6625,2.5775,True,True,DYNAMIC_RESIDUAL_BETTER,12.2975,True,True,True,DYNAMIC_WITHIN_3
2026-02-26,2026-02-25,L4,RANGE_NORMAL_60_120,CLOSE_POS_MIDDLE_THIRD,ROWS_SPARSE_1_8,5164.84,PREV_CLOSE_PROXY,,NEUTRAL,5167.75,101,5167.350625,0.399375,True,True,RANGE_CLOSE_LEVEL_RESIDUAL,superset_base_range_close_original_recent8_median,8.0,5169.393125,1.643125,SUPERSET_AUDITED_BASE,5169.393125,1.643125,True,5167.350625,0.399375,True,True,DYNAMIC_RESIDUAL_BETTER,1.24375,False,False,True,DYNAMIC_WITHIN_3
2026-02-26,2026-02-25,L5,RANGE_NORMAL_60_120,CLOSE_POS_MIDDLE_THIRD,ROWS_SPARSE_1_8,5164.84,PREV_CLOSE_PROXY,,NEUTRAL,5128.94,101,5136.71875,7.77875,False,False,SOURCE_LEVEL_RESIDUAL,superset_base_source_superset_q25,95.0,5145.8075,16.8675,SUPERSET_AUDITED_BASE,5145.8075,16.8675,False,5136.71875,7.77875,False,False,DYNAMIC_RESIDUAL_BETTER,9.08875,False,False,True,DYNAMIC_WITHIN_10
2026-02-26,2026-02-25,L6,RANGE_NORMAL_60_120,CLOSE_POS_MIDDLE_THIRD,ROWS_SPARSE_1_8,5164.84,PREV_CLOSE_PROXY,,NEUTRAL,5092.49,101,5110.54,18.05,False,False,SOURCE_LEVEL_RESIDUAL,superset_base_source_superset_q25,84.0,5122.58375,30.09375,SUPERSET_AUDITED_BASE,5122.58375,30.09375,False,5110.54,18.05,False,False,DYNAMIC_RESIDUAL_BETTER,12.04375,False,False,True,DYNAMIC_GT10
2026-02-26,2026-02-25,L7,RANGE_NORMAL_60_120,CLOSE_POS_MIDDLE_THIRD,ROWS_SPARSE_1_8,5164.84,PREV_CLOSE_PROXY,,NEUTRAL,5042.41,101,5090.775625,48.365625,False,False,LEVEL_RESIDUAL,superset_base_level_superset_q25,94.0,5107.58375,65.17375,SUPERSET_AUDITED_BASE,5107.58375,65.17375,False,5090.775625,48.365625,False,False,DYNAMIC_RESIDUAL_BETTER,16.808125,False,False,True,DYNAMIC_GT10
2026-02-27,2026-02-26,L4,RANGE_NORMAL_60_120,CLOSE_POS_UPPER_THIRD,ROWS_STANDARD_9_10,5185.0,PREV_CLOSE_PROXY,,NEUTRAL,5200.74,101,5201.53875,0.79875,True,True,REGIME_LEVEL_RESIDUAL,superset_base_regime_original_q25,18.0,5203.896563,3.156563,REGIME_LEVEL_RESIDUAL,5207.35,6.61,False,5201.53875,0.79875,True,True,DYNAMIC_RESIDUAL_BETTER,5.81125,True,True,True,DYNAMIC_WITHIN_3
2026-02-27,2026-02-26,L5,RANGE_NORMAL_60_120,CLOSE_POS_UPPER_THIRD,ROWS_STANDARD_9_10,5185.0,PREV_CLOSE_PROXY,,NEUTRAL,5159.15,101,5159.570625,0.420625,True,True,LEVEL_RESIDUAL,superset_base_level_superset_q25,100.0,5166.5775,7.4275,REGIME_LEVEL_RESIDUAL,5167.84,8.69,False,5159.570625,0.420625,True,True,DYNAMIC_RESIDUAL_BETTER,8.269375,True,True,True,DYNAMIC_WITHIN_3
2026-02-27,2026-02-26,L6,RANGE_NORMAL_60_120,CLOSE_POS_UPPER_THIRD,ROWS_STANDARD_9_10,5185.0,PREV_CLOSE_PROXY,,NEUTRAL,5120.49,101,5144.24502,23.75502,False,False,SOURCE_LEVEL_RESIDUAL,superset_base_source_superset_q25,85.0,5160.567918,40.077918,REGIME_LEVEL_RESIDUAL,5158.94752,38.45752,False,5144.24502,23.75502,False,False,DYNAMIC_RESIDUAL_BETTER,14.7025,False,False,True,DYNAMIC_GT10
2026-02-27,2026-02-26,L7,RANGE_NORMAL_60_120,CLOSE_POS_UPPER_THIRD,ROWS_STANDARD_9_10,5185.0,PREV_CLOSE_PROXY,,NEUTRAL,5082.63,101,5123.44125,40.81125,False,False,LEVEL_RESIDUAL,superset_base_level_superset_q25,95.0,5142.24625,59.61625,REGIME_LEVEL_RESIDUAL,5141.455,58.825,False,5123.44125,40.81125,False,False,DYNAMIC_RESIDUAL_BETTER,18.01375,False,False,True,DYNAMIC_GT10
2026-03-02,2026-02-27,L4,RANGE_NORMAL_60_120,CLOSE_POS_UPPER_THIRD,ROWS_EXTENDED_11_PLUS,5280.0,PREV_CLOSE_PROXY,,NEUTRAL,5367.98,81,5367.891818,0.088182,True,True,RANGE_CLOSE_LEVEL_RESIDUAL,superset_base_range_close_original_mean,26.0,5364.85,3.13,SUPERSET_AUDITED_BASE,5364.85,3.13,True,5367.891818,0.088182,True,True,DYNAMIC_RESIDUAL_BETTER,3.041818,False,True,True,DYNAMIC_WITHIN_3
2026-03-02,2026-02-27,L5,RANGE_NORMAL_60_120,CLOSE_POS_UPPER_THIRD,ROWS_EXTENDED_11_PLUS,5280.0,PREV_CLOSE_PROXY,,NEUTRAL,5326.06,81,5325.70375,0.35625,True,True,RANGE_CLOSE_LEVEL_RESIDUAL,superset_base_range_close_superset_q25,26.0,5328.87,2.81,SUPERSET_AUDITED_BASE,5328.87,2.81,True,5325.70375,0.35625,True,True,DYNAMIC_RESIDUAL_BETTER,2.45375,False,False,True,DYNAMIC_WITHIN_3
2026-03-02,2026-02-27,L6,RANGE_NORMAL_60_120,CLOSE_POS_UPPER_THIRD,ROWS_EXTENDED_11_PLUS,5280.0,PREV_CLOSE_PROXY,,NEUTRAL,5290.73,82,5290.69882,0.03118,True,True,LEVEL_RESIDUAL,superset_base_level_original_mean,100.0,5292.643125,1.913125,SUPERSET_AUDITED_BASE,5292.643125,1.913125,True,5290.69882,0.03118,True,True,DYNAMIC_RESIDUAL_BETTER,1.881945,False,False,True,DYNAMIC_WITHIN_3
2026-03-02,2026-02-27,L7,RANGE_NORMAL_60_120,CLOSE_POS_UPPER_THIRD,ROWS_EXTENDED_11_PLUS,5280.0,PREV_CLOSE_PROXY,,NEUTRAL,5256.98,81,5260.94,3.96,False,True,LEVEL_RESIDUAL,superset_base_level_superset_q25,96.0,5280.0,23.02,SUPERSET_AUDITED_BASE,5280.0,23.02,False,5260.94,3.96,False,True,DYNAMIC_RESIDUAL_BETTER,19.06,True,False,True,DYNAMIC_WITHIN_5
2026-03-03,2026-03-02,L4,RANGE_WIDE_120_220,CLOSE_POS_MIDDLE_THIRD,ROWS_STANDARD_9_10,5321.84,PREV_CLOSE_PROXY,,NEUTRAL,5324.04,101,5335.145,11.105,False,False,LEVEL_RESIDUAL,superset_base_level_original_q25,101.0,5340.1,16.06,SUPERSET_AUDITED_BASE,5340.1,16.06,False,5335.145,11.105,False,False,DYNAMIC_RESIDUAL_BETTER,4.955,False,False,True,DYNAMIC_GT10
2026-03-03,2026-03-02,L5,RANGE_WIDE_120_220,CLOSE_POS_MIDDLE_THIRD,ROWS_STANDARD_9_10,5321.84,PREV_CLOSE_PROXY,,NEUTRAL,5286.64,101,5303.535156,16.895156,False,False,SOURCE_LEVEL_RESIDUAL,superset_base_source_superset_q25,98.0,5313.753281,27.113281,SUPERSET_AUDITED_BASE,5313.753281,27.113281,False,5303.535156,16.895156,False,False,DYNAMIC_RESIDUAL_BETTER,10.218125,False,False,True,DYNAMIC_GT10
2026-03-03,2026-03-02,L6,RANGE_WIDE_120_220,CLOSE_POS_MIDDLE_THIRD,ROWS_STANDARD_9_10,5321.84,PREV_CLOSE_PROXY,,NEUTRAL,5249.62,101,5269.64712,20.02712,False,False,SOURCE_LEVEL_RESIDUAL,superset_base_source_superset_q25,86.0,5284.57,34.95,SUPERSET_AUDITED_BASE,5284.57,34.95,False,5269.64712,20.02712,False,False,DYNAMIC_RESIDUAL_BETTER,14.92288,False,False,True,DYNAMIC_GT10
2026-03-03,2026-03-02,L7,RANGE_WIDE_120_220,CLOSE_POS_MIDDLE_THIRD,ROWS_STANDARD_9_10,5321.84,PREV_CLOSE_PROXY,,NEUTRAL,5213.93,101,5240.545,26.615,False,False,LEVEL_RESIDUAL,superset_base_level_superset_q25,97.0,5261.06,47.13,SUPERSET_AUDITED_BASE,5261.06,47.13,False,5240.545,26.615,False,False,DYNAMIC_RESIDUAL_BETTER,20.515,False,False,True,DYNAMIC_GT10
2026-03-04,2026-03-03,L4,RANGE_EXTREME_220_PLUS,CLOSE_POS_LOWER_THIRD,ROWS_STANDARD_9_10,5088.24,PREV_CLOSE_PROXY,,NEUTRAL,5112.47,81,5086.137868,26.332132,False,False,RANGE_CLOSE_LEVEL_RESIDUAL,superset_base_range_close_superset_q75,4.0,5069.6675,42.8025,SUPERSET_AUDITED_BASE,5069.6675,42.8025,False,5086.137868,26.332132,False,False,DYNAMIC_RESIDUAL_BETTER,16.470368,False,False,True,DYNAMIC_GT10
2026-03-04,2026-03-03,L5,RANGE_EXTREME_220_PLUS,CLOSE_POS_LOWER_THIRD,ROWS_STANDARD_9_10,5088.24,PREV_CLOSE_PROXY,,NEUTRAL,5078.76,81,5078.53125,0.22875,True,True,LEVEL_RESIDUAL,superset_base_level_superset_q25,103.0,5088.24,9.48,SUPERSET_AUDITED_BASE,5088.24,9.48,False,5078.53125,0.22875,True,True,DYNAMIC_RESIDUAL_BETTER,9.25125,True,True,True,DYNAMIC_WITHIN_3
2026-03-04,2026-03-03,L6,RANGE_EXTREME_220_PLUS,CLOSE_POS_LOWER_THIRD,ROWS_STANDARD_9_10,5088.24,PREV_CLOSE_PROXY,,NEUTRAL,5043.41,81,5028.29375,15.11625,False,False,SOURCE_LEVEL_RESIDUAL,superset_base_source_superset_q75,87.0,5017.96875,25.44125,SUPERSET_AUDITED_BASE,5017.96875,25.44125,False,5028.29375,15.11625,False,False,DYNAMIC_RESIDUAL_BETTER,10.325,False,False,True,DYNAMIC_GT10
2026-03-04,2026-03-03,L7,RANGE_EXTREME_220_PLUS,CLOSE_POS_LOWER_THIRD,ROWS_STANDARD_9_10,5088.24,PREV_CLOSE_PROXY,,NEUTRAL,5012.24,81,5008.41125,3.82875,False,True,SOURCE_LEVEL_RESIDUAL,superset_base_source_superset_q75,94.0,4996.27,15.97,SUPERSET_AUDITED_BASE,4996.27,15.97,False,5008.41125,3.82875,False,True,DYNAMIC_RESIDUAL_BETTER,12.14125,True,False,True,DYNAMIC_WITHIN_5
2026-03-05,2026-03-04,L4,RANGE_WIDE_120_220,CLOSE_POS_MIDDLE_THIRD,ROWS_STANDARD_9_10,5141.1,PREV_CLOSE_PROXY,,NEUTRAL,5173.51,101,5172.603437,0.906563,True,True,LEVEL_RESIDUAL,superset_base_level_superset_recent8_median,8.0,5175.565,2.055,SUPERSET_AUDITED_BASE,5175.565,2.055,True,5172.603437,0.906563,True,True,DYNAMIC_RESIDUAL_BETTER,1.148437,False,False,True,DYNAMIC_WITHIN_3
2026-03-05,2026-03-04,L5,RANGE_WIDE_120_220,CLOSE_POS_MIDDLE_THIRD,ROWS_STANDARD_9_10,5141.1,PREV_CLOSE_PROXY,,NEUTRAL,5139.59,101,5139.260625,0.329375,True,True,LEVEL_RESIDUAL,superset_base_level_superset_q25,104.0,5149.0525,9.4625,SUPERSET_AUDITED_BASE,5149.0525,9.4625,False,5139.260625,0.329375,True,True,DYNAMIC_RESIDUAL_BETTER,9.133125,True,True,True,DYNAMIC_WITHIN_3
2026-03-05,2026-03-04,L6,RANGE_WIDE_120_220,CLOSE_POS_MIDDLE_THIRD,ROWS_STANDARD_9_10,5141.1,PREV_CLOSE_PROXY,,NEUTRAL,5103.66,101,5103.355,0.305,True,True,LEVEL_RESIDUAL,superset_base_level_original_median,103.0,5103.0025,0.6575,SUPERSET_AUDITED_BASE,5103.0025,0.6575,True,5103.355,0.305,True,True,DYNAMIC_RESIDUAL_BETTER,0.3525,False,False,True,DYNAMIC_WITHIN_3
2026-03-05,2026-03-04,L7,RANGE_WIDE_120_220,CLOSE_POS_MIDDLE_THIRD,ROWS_STANDARD_9_10,5141.1,PREV_CLOSE_PROXY,,NEUTRAL,5066.73,101,5065.0425,1.6875,True,True,LEVEL_RESIDUAL,superset_base_level_superset_recent8_median,8.0,5083.99,17.26,SUPERSET_AUDITED_BASE,5083.99,17.26,False,5065.0425,1.6875,True,True,DYNAMIC_RESIDUAL_BETTER,15.5725,True,True,True,DYNAMIC_WITHIN_3
2026-03-06,2026-03-05,L4,RANGE_WIDE_120_220,CLOSE_POS_LOWER_THIRD,ROWS_SPARSE_1_8,5081.02,PREV_CLOSE_PROXY,,NEUTRAL,5105.9,81,5109.3975,3.4975,False,True,RANGE_CLOSE_LEVEL_RESIDUAL,superset_base_range_close_superset_q25,4.0,5116.265,10.365,SUPERSET_AUDITED_BASE,5116.265,10.365,False,5109.3975,3.4975,False,True,DYNAMIC_RESIDUAL_BETTER,6.8675,True,False,True,DYNAMIC_WITHIN_5
2026-03-06,2026-03-05,L5,RANGE_WIDE_120_220,CLOSE_POS_LOWER_THIRD,ROWS_SPARSE_1_8,5081.02,PREV_CLOSE_PROXY,,NEUTRAL,5070.97,81,5071.54,0.57,True,True,LEVEL_RESIDUAL,superset_base_level_superset_q25,105.0,5081.02,10.05,SUPERSET_AUDITED_BASE,5081.02,10.05,False,5071.54,0.57,True,True,DYNAMIC_RESIDUAL_BETTER,9.48,True,True,True,DYNAMIC_WITHIN_3
2026-03-06,2026-03-05,L6,RANGE_WIDE_120_220,CLOSE_POS_LOWER_THIRD,ROWS_SPARSE_1_8,5081.02,PREV_CLOSE_PROXY,,NEUTRAL,5039.06,81,5039.01625,0.04375,True,True,LEVEL_RESIDUAL,superset_base_level_superset_q25,104.0,5051.06,12.0,SUPERSET_AUDITED_BASE,5051.06,12.0,False,5039.01625,0.04375,True,True,DYNAMIC_RESIDUAL_BETTER,11.95625,True,True,True,DYNAMIC_WITHIN_3
2026-03-06,2026-03-05,L7,RANGE_WIDE_120_220,CLOSE_POS_LOWER_THIRD,ROWS_SPARSE_1_8,5081.02,PREV_CLOSE_PROXY,,NEUTRAL,5004.85,81,5006.185,1.335,True,True,RANGE_CLOSE_LEVEL_RESIDUAL,superset_base_range_close_superset_q25,5.0,5021.06,16.21,SUPERSET_AUDITED_BASE,5021.06,16.21,False,5006.185,1.335,True,True,DYNAMIC_RESIDUAL_BETTER,14.875,True,True,True,DYNAMIC_WITHIN_3
2026-03-09,2026-03-06,L4,RANGE_NORMAL_60_120,CLOSE_POS_UPPER_THIRD,ROWS_STANDARD_9_10,5174.64,PREV_CLOSE_PROXY,,NEUTRAL,5198.3,101,5189.251354,9.048646,False,False,SOURCE_LEVEL_RESIDUAL,superset_base_source_superset_q75,95.0,5178.685461,19.614539,REGIME_LEVEL_RESIDUAL,5174.78,23.52,False,5189.251354,9.048646,False,False,DYNAMIC_RESIDUAL_BETTER,14.471354,False,False,True,DYNAMIC_WITHIN_10
2026-03-09,2026-03-06,L5,RANGE_NORMAL_60_120,CLOSE_POS_UPPER_THIRD,ROWS_STANDARD_9_10,5174.64,PREV_CLOSE_PROXY,,NEUTRAL,5168.78,101,5168.486875,0.293125,True,True,SOURCE_LEVEL_RESIDUAL,superset_base_source_superset_q75,102.0,5160.49,8.29,REGIME_LEVEL_RESIDUAL,5158.795,9.985,False,5168.486875,0.293125,True,True,DYNAMIC_RESIDUAL_BETTER,9.691875,True,True,True,DYNAMIC_WITHIN_3
2026-03-09,2026-03-06,L6,RANGE_NORMAL_60_120,CLOSE_POS_UPPER_THIRD,ROWS_STANDARD_9_10,5174.64,PREV_CLOSE_PROXY,,NEUTRAL,5140.78,101,5140.251689,0.528311,True,True,REGIME_LEVEL_RESIDUAL,superset_base_regime_original_mean,19.0,5138.720871,2.059129,REGIME_LEVEL_RESIDUAL,5137.153371,3.626629,True,5140.251689,0.528311,True,True,DYNAMIC_RESIDUAL_BETTER,3.098318,False,True,True,DYNAMIC_WITHIN_3
2026-03-09,2026-03-06,L7,RANGE_NORMAL_60_120,CLOSE_POS_UPPER_THIRD,ROWS_STANDARD_9_10,5174.64,PREV_CLOSE_PROXY,,NEUTRAL,5108.7,101,5100.0,8.7,False,False,SOURCE_LEVEL_RESIDUAL,superset_base_source_superset_q75,97.0,5088.1525,20.5475,REGIME_LEVEL_RESIDUAL,5087.8,20.9,False,5100.0,8.7,False,False,DYNAMIC_RESIDUAL_BETTER,12.2,False,False,True,DYNAMIC_WITHIN_10
2026-03-10,2026-03-09,L4,RANGE_WIDE_120_220,CLOSE_POS_MIDDLE_THIRD,ROWS_STANDARD_9_10,5136.66,PREV_CLOSE_PROXY,,NEUTRAL,5174.89,101,5181.833125,6.943125,False,False,REGIME_LEVEL_RESIDUAL,superset_base_regime_superset_q75,6.0,5152.1675,22.7225,SUPERSET_AUDITED_BASE,5152.1675,22.7225,False,5181.833125,6.943125,False,False,DYNAMIC_RESIDUAL_BETTER,15.779375,False,False,True,DYNAMIC_WITHIN_10
2026-03-10,2026-03-09,L5,RANGE_WIDE_120_220,CLOSE_POS_MIDDLE_THIRD,ROWS_STANDARD_9_10,5136.66,PREV_CLOSE_PROXY,,NEUTRAL,5145.87,101,5142.127533,3.742467,False,True,REGIME_LEVEL_RESIDUAL,superset_base_regime_superset_q75,6.0,5118.04625,27.82375,SUPERSET_AUDITED_BASE,5118.04625,27.82375,False,5142.127533,3.742467,False,True,DYNAMIC_RESIDUAL_BETTER,24.081283,True,False,True,DYNAMIC_WITHIN_5
2026-03-10,2026-03-09,L6,RANGE_WIDE_120_220,CLOSE_POS_MIDDLE_THIRD,ROWS_STANDARD_9_10,5136.66,PREV_CLOSE_PROXY,,NEUTRAL,5116.85,101,5116.226085,0.623915,True,True,LEVEL_RESIDUAL,superset_base_level_superset_q25,106.0,5128.01546,11.16546,SUPERSET_AUDITED_BASE,5128.01546,11.16546,False,5116.226085,0.623915,True,True,DYNAMIC_RESIDUAL_BETTER,10.541545,True,True,True,DYNAMIC_WITHIN_3
2026-03-10,2026-03-09,L7,RANGE_WIDE_120_220,CLOSE_POS_MIDDLE_THIRD,ROWS_STANDARD_9_10,5136.66,PREV_CLOSE_PROXY,,NEUTRAL,5088.85,101,5090.835,1.985,True,True,LEVEL_RESIDUAL,superset_base_level_superset_median,102.0,5091.425,2.575,SUPERSET_AUDITED_BASE,5091.425,2.575,True,5090.835,1.985,True,True,DYNAMIC_RESIDUAL_BETTER,0.59,False,False,True,DYNAMIC_WITHIN_3
2026-03-11,2026-03-10,L4,RANGE_WIDE_120_220,CLOSE_POS_MIDDLE_THIRD,ROWS_STANDARD_9_10,5192.64,PREV_CLOSE_PROXY,,NEUTRAL,5249.95,101,5259.5325,9.5825,False,False,REGIME_LEVEL_RESIDUAL,superset_base_regime_superset_q25,7.0,5268.59,18.64,SUPERSET_AUDITED_BASE,5268.59,18.64,False,5259.5325,9.5825,False,False,DYNAMIC_RESIDUAL_BETTER,9.0575,False,False,True,DYNAMIC_WITHIN_10
2026-03-11,2026-03-10,L5,RANGE_WIDE_120_220,CLOSE_POS_MIDDLE_THIRD,ROWS_STANDARD_9_10,5192.64,PREV_CLOSE_PROXY,,NEUTRAL,5222.07,101,5220.30211,1.76789,True,True,REGIME_LEVEL_RESIDUAL,superset_base_regime_superset_q25,7.0,5245.22011,23.15011,REGIME_LEVEL_RESIDUAL,5238.59,16.52,False,5220.30211,1.76789,True,True,DYNAMIC_RESIDUAL_BETTER,14.75211,True,True,True,DYNAMIC_WITHIN_3
2026-03-11,2026-03-10,L6,RANGE_WIDE_120_220,CLOSE_POS_MIDDLE_THIRD,ROWS_STANDARD_9_10,5192.64,PREV_CLOSE_PROXY,,NEUTRAL,5189.44,101,5190.873317,1.433317,True,True,LEVEL_RESIDUAL,superset_base_level_superset_q75,107.0,5182.905773,6.534227,REGIME_LEVEL_RESIDUAL,5182.916667,6.523333,False,5190.873317,1.433317,True,True,DYNAMIC_RESIDUAL_BETTER,5.090016,True,True,True,DYNAMIC_WITHIN_3
2026-03-11,2026-03-10,L7,RANGE_WIDE_120_220,CLOSE_POS_MIDDLE_THIRD,ROWS_STANDARD_9_10,5192.64,PREV_CLOSE_PROXY,,NEUTRAL,5163.6,101,5163.055,0.545,True,True,SUPERSET_AUDITED_BASE,ORIGINAL_ORACLE_PRESERVED,,5160.48,3.12,REGIME_LEVEL_RESIDUAL,5163.055,0.545,True,5163.055,0.545,True,True,SUPERSET_AUDITED_BASE_PRESERVED,0.0,False,False,False,DYNAMIC_WITHIN_3
2026-03-12,2026-03-11,L4,RANGE_NORMAL_60_120,CLOSE_POS_MIDDLE_THIRD,ROWS_STANDARD_9_10,5175.96,PREV_CLOSE_PROXY,,NEUTRAL,5238.21,101,5241.516302,3.306302,False,True,LEVEL_RESIDUAL,superset_base_level_superset_q75,108.0,5227.4525,10.7575,REGIME_LEVEL_RESIDUAL,5227.055,11.155,False,5241.516302,3.306302,False,True,DYNAMIC_RESIDUAL_BETTER,7.848698,True,False,True,DYNAMIC_WITHIN_5
2026-03-12,2026-03-11,L5,RANGE_NORMAL_60_120,CLOSE_POS_MIDDLE_THIRD,ROWS_STANDARD_9_10,5175.96,PREV_CLOSE_PROXY,,NEUTRAL,5214.48,101,5208.925,5.555,False,False,SOURCE_LEVEL_RESIDUAL,superset_base_source_superset_q75,105.0,5196.6475,17.8325,REGIME_LEVEL_RESIDUAL,5199.0525,15.4275,False,5208.925,5.555,False,False,DYNAMIC_RESIDUAL_BETTER,9.8725,False,False,True,DYNAMIC_WITHIN_10
2026-03-12,2026-03-11,L6,RANGE_NORMAL_60_120,CLOSE_POS_MIDDLE_THIRD,ROWS_STANDARD_9_10,5175.96,PREV_CLOSE_PROXY,,NEUTRAL,5185.72,101,5185.422188,0.297812,True,True,LEVEL_RESIDUAL,superset_base_level_superset_recent8_median,8.0,5187.4775,1.7575,REGIME_LEVEL_RESIDUAL,5186.05,0.33,True,5185.422188,0.297812,True,True,DYNAMIC_RESIDUAL_BETTER,0.032188,False,False,True,DYNAMIC_WITHIN_3
2026-03-12,2026-03-11,L7,RANGE_NORMAL_60_120,CLOSE_POS_MIDDLE_THIRD,ROWS_STANDARD_9_10,5175.96,PREV_CLOSE_PROXY,,NEUTRAL,5157.46,101,5158.035781,0.575781,True,True,RANGE_CLOSE_LEVEL_RESIDUAL,superset_base_range_close_superset_q25,20.0,5159.395,1.935,REGIME_LEVEL_RESIDUAL,5160.045,2.585,True,5158.035781,0.575781,True,True,DYNAMIC_RESIDUAL_BETTER,2.009219,False,False,True,DYNAMIC_WITHIN_3
2026-03-13,2026-03-12,L4,RANGE_WIDE_120_220,CLOSE_POS_LOWER_THIRD,ROWS_STANDARD_9_10,5079.04,PREV_CLOSE_PROXY,,NEUTRAL,5106.89,81,5107.20125,0.31125,True,True,RANGE_CLOSE_LEVEL_RESIDUAL,superset_base_range_close_superset_q25,5.0,5117.56625,10.67625,SUPERSET_AUDITED_BASE,5117.56625,10.67625,False,5107.20125,0.31125,True,True,DYNAMIC_RESIDUAL_BETTER,10.365,True,True,True,DYNAMIC_WITHIN_3
2026-03-13,2026-03-12,L5,RANGE_WIDE_120_220,CLOSE_POS_LOWER_THIRD,ROWS_STANDARD_9_10,5079.04,PREV_CLOSE_PROXY,,NEUTRAL,5079.86,101,5079.456667,0.403333,True,True,LEVEL_RESIDUAL,superset_base_level_original_median,110.0,5079.04,0.82,SUPERSET_AUDITED_BASE,5079.04,0.82,True,5079.456667,0.403333,True,True,DYNAMIC_RESIDUAL_BETTER,0.416667,False,False,True,DYNAMIC_WITHIN_3
2026-03-13,2026-03-12,L6,RANGE_WIDE_120_220,CLOSE_POS_LOWER_THIRD,ROWS_STANDARD_9_10,5079.04,PREV_CLOSE_PROXY,,NEUTRAL,5053.98,101,5054.736155,0.756155,True,True,RANGE_CLOSE_LEVEL_RESIDUAL,superset_base_range_close_superset_q75,6.0,5055.08,1.1,SUPERSET_AUDITED_BASE,5055.08,1.1,True,5054.736155,0.756155,True,True,DYNAMIC_RESIDUAL_BETTER,0.343845,False,False,True,DYNAMIC_WITHIN_3
2026-03-13,2026-03-12,L7,RANGE_WIDE_120_220,CLOSE_POS_LOWER_THIRD,ROWS_STANDARD_9_10,5079.04,PREV_CLOSE_PROXY,,NEUTRAL,5023.5,101,5022.615,0.885,True,True,RANGE_CLOSE_LEVEL_RESIDUAL,superset_base_range_close_superset_q75,6.0,5025.08,1.58,SUPERSET_AUDITED_BASE,5025.08,1.58,True,5022.615,0.885,True,True,DYNAMIC_RESIDUAL_BETTER,0.695,False,False,True,DYNAMIC_WITHIN_3
2026-03-16,2026-03-13,L4,RANGE_NORMAL_60_120,CLOSE_POS_LOWER_THIRD,ROWS_STANDARD_9_10,5018.66,PREV_CLOSE_PROXY,,NEUTRAL,5080.85,102,5080.99509,0.145089,True,True,RANGE_CLOSE_LEVEL_RESIDUAL,superset_base_range_close_superset_q75,8.0,5071.746667,9.103333,SUPERSET_AUDITED_BASE,5071.746667,9.103334,False,5080.99509,0.145089,True,True,DYNAMIC_RESIDUAL_BETTER,8.958245,True,True,True,DYNAMIC_WITHIN_3
2026-03-16,2026-03-13,L5,RANGE_NORMAL_60_120,CLOSE_POS_LOWER_THIRD,ROWS_STANDARD_9_10,5018.66,PREV_CLOSE_PROXY,,NEUTRAL,5057.31,101,5057.370833,0.060833,True,True,RANGE_CLOSE_LEVEL_RESIDUAL,superset_base_range_close_superset_q75,9.0,5052.273333,5.036667,SUPERSET_AUDITED_BASE,5052.273333,5.036667,False,5057.370833,0.060833,True,True,DYNAMIC_RESIDUAL_BETTER,4.975834,True,True,True,DYNAMIC_WITHIN_3
2026-03-16,2026-03-13,L6,RANGE_NORMAL_60_120,CLOSE_POS_LOWER_THIRD,ROWS_STANDARD_9_10,5018.66,PREV_CLOSE_PROXY,,NEUTRAL,5028.51,101,5028.53375,0.02375,True,True,LEVEL_RESIDUAL,superset_base_level_superset_recent8_median,8.0,5028.37,0.14,SUPERSET_AUDITED_BASE,5028.37,0.14,True,5028.53375,0.02375,True,True,DYNAMIC_RESIDUAL_BETTER,0.11625,False,False,True,DYNAMIC_WITHIN_3
2026-03-16,2026-03-13,L7,RANGE_NORMAL_60_120,CLOSE_POS_LOWER_THIRD,ROWS_STANDARD_9_10,5018.66,PREV_CLOSE_PROXY,,NEUTRAL,4999.43,101,5003.08,3.65,False,True,REGIME_LEVEL_RESIDUAL,superset_base_regime_superset_median,3.0,5009.8,10.37,SUPERSET_AUDITED_BASE,5009.8,10.37,False,5003.08,3.65,False,True,DYNAMIC_RESIDUAL_BETTER,6.72,True,False,True,DYNAMIC_WITHIN_5
2026-03-17,2026-03-16,L4,RANGE_NORMAL_60_120,CLOSE_POS_MIDDLE_THIRD,ROWS_SPARSE_1_8,5006.25,PREV_CLOSE_PROXY,,NEUTRAL,5032.61,101,5029.162366,3.447633,False,True,SOURCE_LEVEL_RESIDUAL,superset_base_source_superset_q75,100.0,5014.480023,18.129977,SUPERSET_AUDITED_BASE,5014.480023,18.129977,False,5029.162366,3.447633,False,True,DYNAMIC_RESIDUAL_BETTER,14.682344,True,False,True,DYNAMIC_WITHIN_5
2026-03-17,2026-03-16,L5,RANGE_NORMAL_60_120,CLOSE_POS_MIDDLE_THIRD,ROWS_SPARSE_1_8,5006.25,PREV_CLOSE_PROXY,,NEUTRAL,5002.1,101,5000.936308,1.163692,True,True,REGIME_LEVEL_RESIDUAL,superset_base_regime_superset_mean,5.0,5006.25,4.15,SUPERSET_AUDITED_BASE,5006.25,4.15,True,5000.936308,1.163692,True,True,DYNAMIC_RESIDUAL_BETTER,2.986308,False,True,True,DYNAMIC_WITHIN_3
2026-03-17,2026-03-16,L6,RANGE_NORMAL_60_120,CLOSE_POS_MIDDLE_THIRD,ROWS_SPARSE_1_8,5006.25,PREV_CLOSE_PROXY,,NEUTRAL,4972.65,101,4973.118368,0.468368,True,True,RANGE_CLOSE_LEVEL_RESIDUAL,superset_base_range_close_superset_mean,21.0,4976.2925,3.6425,SUPERSET_AUDITED_BASE,4976.2925,3.6425,True,4973.118368,0.468368,True,True,DYNAMIC_RESIDUAL_BETTER,3.174132,False,True,True,DYNAMIC_WITHIN_3
2026-03-17,2026-03-16,L7,RANGE_NORMAL_60_120,CLOSE_POS_MIDDLE_THIRD,ROWS_SPARSE_1_8,5006.25,PREV_CLOSE_PROXY,,NEUTRAL,4948.52,101,4948.425,0.095,True,True,RANGE_CLOSE_LEVEL_RESIDUAL,superset_base_range_close_superset_recent8_median,8.0,4950.0425,1.5225,SUPERSET_AUDITED_BASE,4950.0425,1.5225,True,4948.425,0.095,True,True,DYNAMIC_RESIDUAL_BETTER,1.4275,False,False,True,DYNAMIC_WITHIN_3
2026-03-18,2026-03-17,L4,RANGE_NORMAL_60_120,CLOSE_POS_MIDDLE_THIRD,ROWS_EXTENDED_11_PLUS,5005.5,PREV_CLOSE_PROXY,,NEUTRAL,5033.04,81,5040.509375,7.469375,False,False,LEVEL_RESIDUAL,superset_base_level_original_q25,112.0,5046.84,13.8,SUPERSET_AUDITED_BASE,5046.84,13.8,False,5040.509375,7.469375,False,False,DYNAMIC_RESIDUAL_BETTER,6.330625,False,False,True,DYNAMIC_WITHIN_10
2026-03-18,2026-03-17,L5,RANGE_NORMAL_60_120,CLOSE_POS_MIDDLE_THIRD,ROWS_EXTENDED_11_PLUS,5005.5,PREV_CLOSE_PROXY,,NEUTRAL,5007.6,81,5006.48,1.12,True,True,RANGE_CLOSE_LEVEL_RESIDUAL,superset_base_range_close_superset_q25,22.0,5009.41,1.81,SUPERSET_AUDITED_BASE,5009.41,1.81,True,5006.48,1.12,True,True,DYNAMIC_RESIDUAL_BETTER,0.69,False,False,True,DYNAMIC_WITHIN_3
2026-03-18,2026-03-17,L6,RANGE_NORMAL_60_120,CLOSE_POS_MIDDLE_THIRD,ROWS_EXTENDED_11_PLUS,5005.5,PREV_CLOSE_PROXY,,NEUTRAL,4976.45,81,4976.179375,0.270625,True,True,RANGE_CLOSE_LEVEL_RESIDUAL,superset_base_range_close_superset_recent8_median,8.0,4983.44,6.99,SUPERSET_AUDITED_BASE,4983.44,6.99,False,4976.179375,0.270625,True,True,DYNAMIC_RESIDUAL_BETTER,6.719375,True,True,True,DYNAMIC_WITHIN_3
2026-03-18,2026-03-17,L7,RANGE_NORMAL_60_120,CLOSE_POS_MIDDLE_THIRD,ROWS_EXTENDED_11_PLUS,5005.5,PREV_CLOSE_PROXY,,NEUTRAL,4948.65,81,4949.686409,1.036409,True,True,LEVEL_RESIDUAL,superset_base_level_original_mean,108.0,4955.76,7.11,SUPERSET_AUDITED_BASE,4955.76,7.11,False,4949.686409,1.036409,True,True,DYNAMIC_RESIDUAL_BETTER,6.073591,True,True,True,DYNAMIC_WITHIN_3
2026-03-19,2026-03-18,L4,RANGE_WIDE_120_220,CLOSE_POS_LOWER_THIRD,ROWS_EXTENDED_11_PLUS,4818.64,PREV_CLOSE_PROXY,,NEUTRAL,4854.69,81,5005.781563,151.091563,False,False,RANGE_CLOSE_LEVEL_RESIDUAL,superset_base_range_close_superset_q25,6.0,5016.38,161.69,SUPERSET_AUDITED_BASE,5016.38,161.69,False,5005.781563,151.091563,False,False,DYNAMIC_RESIDUAL_BETTER,10.598437,False,False,True,DYNAMIC_GT10
2026-03-19,2026-03-18,L5,RANGE_WIDE_120_220,CLOSE_POS_LOWER_THIRD,ROWS_EXTENDED_11_PLUS,4818.64,PREV_CLOSE_PROXY,,NEUTRAL,4835.57,81,4944.594821,109.024821,False,False,RANGE_CLOSE_LEVEL_RESIDUAL,superset_base_range_close_superset_mean,7.0,4964.0425,128.4725,SUPERSET_AUDITED_BASE,4964.0425,128.4725,False,4944.594821,109.024821,False,False,DYNAMIC_RESIDUAL_BETTER,19.447679,False,False,True,DYNAMIC_GT10
2026-03-19,2026-03-18,L6,RANGE_WIDE_120_220,CLOSE_POS_LOWER_THIRD,ROWS_EXTENDED_11_PLUS,4818.64,PREV_CLOSE_PROXY,,NEUTRAL,4814.49,81,4894.207663,79.717663,False,False,RANGE_CLOSE_LEVEL_RESIDUAL,superset_base_range_close_superset_mean,7.0,4911.705,97.215,SUPERSET_AUDITED_BASE,4911.705,97.215,False,4894.207663,79.717663,False,False,DYNAMIC_RESIDUAL_BETTER,17.497337,False,False,True,DYNAMIC_GT10
2026-03-19,2026-03-18,L7,RANGE_WIDE_120_220,CLOSE_POS_LOWER_THIRD,ROWS_EXTENDED_11_PLUS,4818.64,PREV_CLOSE_PROXY,,NEUTRAL,4794.4,81,4847.153929,52.753929,False,False,RANGE_CLOSE_LEVEL_RESIDUAL,superset_base_range_close_superset_mean,7.0,4866.8675,72.4675,SUPERSET_AUDITED_BASE,4866.8675,72.4675,False,4847.153929,52.753929,False,False,DYNAMIC_RESIDUAL_BETTER,19.713571,False,False,True,DYNAMIC_GT10
2026-03-20,2026-03-19,L4,RANGE_EXTREME_220_PLUS,CLOSE_POS_MIDDLE_THIRD,ROWS_STANDARD_9_10,4650.38,PREV_CLOSE_PROXY,,NEUTRAL,4687.79,61,4788.27,100.48,False,False,LEVEL_RESIDUAL,superset_base_level_original_recent8_median,7.0,4798.64,110.85,SUPERSET_AUDITED_BASE,4798.64,110.85,False,4788.27,100.48,False,False,DYNAMIC_RESIDUAL_BETTER,10.37,False,False,True,DYNAMIC_GT10
2026-03-20,2026-03-19,L5,RANGE_EXTREME_220_PLUS,CLOSE_POS_MIDDLE_THIRD,ROWS_STANDARD_9_10,4650.38,PREV_CLOSE_PROXY,,NEUTRAL,4666.39,61,4758.7325,92.3425,False,False,SOURCE_LEVEL_RESIDUAL,superset_base_source_superset_q25,110.0,4768.64,102.25,SUPERSET_AUDITED_BASE,4768.64,102.25,False,4758.7325,92.3425,False,False,DYNAMIC_RESIDUAL_BETTER,9.9075,False,False,True,DYNAMIC_GT10
2026-03-20,2026-03-19,L6,RANGE_EXTREME_220_PLUS,CLOSE_POS_MIDDLE_THIRD,ROWS_STANDARD_9_10,4650.38,PREV_CLOSE_PROXY,,NEUTRAL,4642.43,61,4706.00875,63.57875,False,False,SOURCE_LEVEL_RESIDUAL,superset_base_source_superset_q25,99.0,4719.36,76.93,SUPERSET_AUDITED_BASE,4719.36,76.93,False,4706.00875,63.57875,False,False,DYNAMIC_RESIDUAL_BETTER,13.35125,False,False,True,DYNAMIC_GT10
2026-03-20,2026-03-19,L7,RANGE_EXTREME_220_PLUS,CLOSE_POS_MIDDLE_THIRD,ROWS_STANDARD_9_10,4650.38,PREV_CLOSE_PROXY,,NEUTRAL,4621.43,61,4666.785625,45.355625,False,False,LEVEL_RESIDUAL,superset_base_level_superset_q25,110.0,4685.08,63.65,SUPERSET_AUDITED_BASE,4685.08,63.65,False,4666.785625,45.355625,False,False,DYNAMIC_RESIDUAL_BETTER,18.294375,False,False,True,DYNAMIC_GT10
2026-03-23,2026-03-20,L4,RANGE_EXTREME_220_PLUS,CLOSE_POS_LOWER_THIRD,ROWS_STANDARD_9_10,4498.06,PREV_CLOSE_PROXY,,NEUTRAL,4524.06,81,4523.555921,0.504079,True,True,SOURCE_LEVEL_RESIDUAL,superset_base_source_superset_mean,103.0,4519.47,4.59,SUPERSET_AUDITED_BASE,4519.47,4.59,True,4523.555921,0.504079,True,True,DYNAMIC_RESIDUAL_BETTER,4.085921,False,True,True,DYNAMIC_WITHIN_3
2026-03-23,2026-03-20,L5,RANGE_EXTREME_220_PLUS,CLOSE_POS_LOWER_THIRD,ROWS_STANDARD_9_10,4498.06,PREV_CLOSE_PROXY,,NEUTRAL,4495.38,81,4496.25,0.87,True,True,LEVEL_RESIDUAL,superset_base_level_superset_recent8_median,7.0,4498.06,2.68,SUPERSET_AUDITED_BASE,4498.06,2.68,True,4496.25,0.87,True,True,DYNAMIC_RESIDUAL_BETTER,1.81,False,False,True,DYNAMIC_WITHIN_3
2026-03-23,2026-03-20,L6,RANGE_EXTREME_220_PLUS,CLOSE_POS_LOWER_THIRD,ROWS_STANDARD_9_10,4498.06,PREV_CLOSE_PROXY,,NEUTRAL,4465.6,81,4465.812278,0.212278,True,True,RANGE_CLOSE_LEVEL_RESIDUAL,superset_base_range_close_superset_mean,6.0,4483.415,17.815,SUPERSET_AUDITED_BASE,4483.415,17.815,False,4465.812278,0.212278,True,True,DYNAMIC_RESIDUAL_BETTER,17.602722,True,True,True,DYNAMIC_WITHIN_3
2026-03-23,2026-03-20,L7,RANGE_EXTREME_220_PLUS,CLOSE_POS_LOWER_THIRD,ROWS_STANDARD_9_10,4498.06,PREV_CLOSE_PROXY,,NEUTRAL,4441.71,81,4446.465833,4.755833,False,True,RANGE_CLOSE_LEVEL_RESIDUAL,superset_base_range_close_superset_mean,6.0,4477.36,35.65,SUPERSET_AUDITED_BASE,4477.36,35.65,False,4446.465833,4.755833,False,True,DYNAMIC_RESIDUAL_BETTER,30.894167,True,False,True,DYNAMIC_WITHIN_5
2026-03-24,2026-03-23,L4,RANGE_EXTREME_220_PLUS,CLOSE_POS_UPPER_THIRD,ROWS_STANDARD_9_10,4406.68,PREV_CLOSE_PROXY,,NEUTRAL,4445.82,61,4497.3375,51.5175,False,False,SOURCE_LEVEL_RESIDUAL,superset_base_source_superset_recent8_median,7.0,4508.01375,62.19375,SUPERSET_AUDITED_BASE,4508.01375,62.19375,False,4497.3375,51.5175,False,False,DYNAMIC_RESIDUAL_BETTER,10.67625,False,False,True,DYNAMIC_GT10
2026-03-24,2026-03-23,L5,RANGE_EXTREME_220_PLUS,CLOSE_POS_UPPER_THIRD,ROWS_STANDARD_9_10,4406.68,PREV_CLOSE_PROXY,,NEUTRAL,4395.52,61,4439.358125,43.838125,False,False,SOURCE_LEVEL_RESIDUAL,superset_base_source_superset_q25,112.0,4449.5775,54.0575,SUPERSET_AUDITED_BASE,4449.5775,54.0575,False,4439.358125,43.838125,False,False,DYNAMIC_RESIDUAL_BETTER,10.219375,False,False,True,DYNAMIC_GT10
2026-03-24,2026-03-23,L6,RANGE_EXTREME_220_PLUS,CLOSE_POS_UPPER_THIRD,ROWS_STANDARD_9_10,4406.68,PREV_CLOSE_PROXY,,NEUTRAL,4349.74,61,4354.33248,4.59248,False,True,SOURCE_LEVEL_RESIDUAL,superset_base_source_superset_q25,101.0,4369.32882,19.58882,SUPERSET_AUDITED_BASE,4369.32882,19.58882,False,4354.33248,4.59248,False,True,DYNAMIC_RESIDUAL_BETTER,14.99634,True,False,True,DYNAMIC_WITHIN_5
2026-03-24,2026-03-23,L7,RANGE_EXTREME_220_PLUS,CLOSE_POS_UPPER_THIRD,ROWS_STANDARD_9_10,4406.68,PREV_CLOSE_PROXY,,NEUTRAL,4305.61,61,4302.705,2.905,True,True,SUPERSET_AUDITED_BASE,ORIGINAL_ORACLE_PRESERVED,,4302.705,2.905,SUPERSET_AUDITED_BASE,4302.705,2.905,True,4302.705,2.905,True,True,SUPERSET_AUDITED_BASE_PRESERVED,0.0,False,False,False,DYNAMIC_WITHIN_3
2026-03-25,2026-03-24,L4,RANGE_WIDE_120_220,CLOSE_POS_UPPER_THIRD,ROWS_STANDARD_9_10,4474.36,PREV_CLOSE_PROXY,,NEUTRAL,4530.5,81,4529.41,1.09,True,True,LEVEL_RESIDUAL,superset_base_level_superset_recent8_median,7.0,4540.08625,9.58625,SUPERSET_AUDITED_BASE,4540.08625,9.58625,False,4529.41,1.09,True,True,DYNAMIC_RESIDUAL_BETTER,8.49625,True,True,True,DYNAMIC_WITHIN_3
2026-03-25,2026-03-24,L5,RANGE_WIDE_120_220,CLOSE_POS_UPPER_THIRD,ROWS_STANDARD_9_10,4474.36,PREV_CLOSE_PROXY,,NEUTRAL,4480.55,81,4484.759375,4.209375,False,True,RANGE_CLOSE_LEVEL_RESIDUAL,superset_base_range_close_superset_q75,10.0,4462.0975,18.4525,SUPERSET_AUDITED_BASE,4462.0975,18.4525,False,4484.759375,4.209375,False,True,DYNAMIC_RESIDUAL_BETTER,14.243125,True,False,True,DYNAMIC_WITHIN_5
2026-03-25,2026-03-24,L6,RANGE_WIDE_120_220,CLOSE_POS_UPPER_THIRD,ROWS_STANDARD_9_10,4474.36,PREV_CLOSE_PROXY,,NEUTRAL,4437.46,81,4429.665833,7.794167,False,False,LEVEL_RESIDUAL,superset_base_level_original_q75,117.0,4421.523333,15.936667,SUPERSET_AUDITED_BASE,4421.523333,15.936667,False,4429.665833,7.794167,False,False,DYNAMIC_RESIDUAL_BETTER,8.1425,False,False,True,DYNAMIC_WITHIN_10
2026-03-25,2026-03-24,L7,RANGE_WIDE_120_220,CLOSE_POS_UPPER_THIRD,ROWS_STANDARD_9_10,4474.36,PREV_CLOSE_PROXY,,NEUTRAL,4388.14,81,4402.865,14.725,False,False,RANGE_CLOSE_LEVEL_RESIDUAL,superset_base_range_close_original_q25,10.0,4439.5975,51.4575,SUPERSET_AUDITED_BASE,4439.5975,51.4575,False,4402.865,14.725,False,False,DYNAMIC_RESIDUAL_BETTER,36.7325,False,False,True,DYNAMIC_GT10
2026-03-26,2026-03-25,L4,RANGE_WIDE_120_220,CLOSE_POS_MIDDLE_THIRD,ROWS_STANDARD_9_10,4506.28,PREV_CLOSE_PROXY,,NEUTRAL,4563.01,101,4565.9,2.89,True,True,SUPERSET_AUDITED_BASE,ORIGINAL_ORACLE_PRESERVED,,4576.23375,13.22375,REGIME_LEVEL_RESIDUAL,4565.9,2.89,True,4565.9,2.89,True,True,SUPERSET_AUDITED_BASE_PRESERVED,0.0,False,False,False,DYNAMIC_WITHIN_3
2026-03-26,2026-03-25,L5,RANGE_WIDE_120_220,CLOSE_POS_MIDDLE_THIRD,ROWS_STANDARD_9_10,4506.28,PREV_CLOSE_PROXY,,NEUTRAL,4529.99,101,4526.4425,3.5475,False,True,LEVEL_RESIDUAL,superset_base_level_superset_q25,118.0,4537.50625,7.51625,REGIME_LEVEL_RESIDUAL,4536.35,6.36,False,4526.4425,3.5475,False,True,DYNAMIC_RESIDUAL_BETTER,2.8125,True,False,True,DYNAMIC_WITHIN_5
2026-03-26,2026-03-25,L6,RANGE_WIDE_120_220,CLOSE_POS_MIDDLE_THIRD,ROWS_STANDARD_9_10,4506.28,PREV_CLOSE_PROXY,,NEUTRAL,4492.23,101,4488.948838,3.281162,False,True,REGIME_LEVEL_RESIDUAL,superset_base_regime_superset_q75,8.0,4478.955884,13.274116,REGIME_LEVEL_RESIDUAL,4478.15,14.08,False,4488.948838,3.281162,False,True,DYNAMIC_RESIDUAL_BETTER,10.798838,True,False,True,DYNAMIC_WITHIN_5
2026-03-26,2026-03-25,L7,RANGE_WIDE_120_220,CLOSE_POS_MIDDLE_THIRD,ROWS_STANDARD_9_10,4506.28,PREV_CLOSE_PROXY,,NEUTRAL,4457.85,101,4456.1,1.75,True,True,SUPERSET_AUDITED_BASE,ORIGINAL_ORACLE_PRESERVED,,4455.085,2.765,REGIME_LEVEL_RESIDUAL,4456.1,1.75,True,4456.1,1.75,True,True,SUPERSET_AUDITED_BASE_PRESERVED,0.0,False,False,False,DYNAMIC_WITHIN_3
2026-03-27,2026-03-26,L4,RANGE_WIDE_120_220,CLOSE_POS_LOWER_THIRD,ROWS_STANDARD_9_10,4378.0,PREV_CLOSE_PROXY,,NEUTRAL,4456.11,101,4459.806123,3.696123,False,True,RANGE_CLOSE_LEVEL_RESIDUAL,superset_base_range_close_superset_q25,6.0,4470.40456,14.29456,SUPERSET_AUDITED_BASE,4470.40456,14.29456,False,4459.806123,3.696123,False,True,DYNAMIC_RESIDUAL_BETTER,10.598437,True,False,True,DYNAMIC_WITHIN_5
2026-03-27,2026-03-26,L5,RANGE_WIDE_120_220,CLOSE_POS_LOWER_THIRD,ROWS_STANDARD_9_10,4378.0,PREV_CLOSE_PROXY,,NEUTRAL,4424.34,101,4422.875,1.465,True,True,LEVEL_RESIDUAL,superset_base_level_superset_q25,119.0,4432.64,8.3,SUPERSET_AUDITED_BASE,4432.64,8.3,False,4422.875,1.465,True,True,DYNAMIC_RESIDUAL_BETTER,6.835,True,True,True,DYNAMIC_WITHIN_3
2026-03-27,2026-03-26,L6,RANGE_WIDE_120_220,CLOSE_POS_LOWER_THIRD,ROWS_STANDARD_9_10,4378.0,PREV_CLOSE_PROXY,,NEUTRAL,4393.5,101,4385.43868,8.06132,False,False,LEVEL_RESIDUAL,superset_base_level_original_q75,119.0,4376.91,16.59,SUPERSET_AUDITED_BASE,4376.91,16.59,False,4385.43868,8.06132,False,False,DYNAMIC_RESIDUAL_BETTER,8.52868,False,False,True,DYNAMIC_WITHIN_10
2026-03-27,2026-03-26,L7,RANGE_WIDE_120_220,CLOSE_POS_LOWER_THIRD,ROWS_STANDARD_9_10,4378.0,PREV_CLOSE_PROXY,,NEUTRAL,4362.5,101,4332.11375,30.38625,False,False,SOURCE_LEVEL_RESIDUAL,superset_base_source_superset_q75,111.0,4321.18,41.32,SUPERSET_AUDITED_BASE,4321.18,41.32,False,4332.11375,30.38625,False,False,DYNAMIC_RESIDUAL_BETTER,10.93375,False,False,True,DYNAMIC_GT10
2026-03-30,2026-03-27,L4,RANGE_WIDE_120_220,CLOSE_POS_MIDDLE_THIRD,ROWS_STANDARD_9_10,4495.46,PREV_CLOSE_PROXY,,NEUTRAL,4543.04,102,4543.2725,0.2325,True,True,REGIME_LEVEL_RESIDUAL,original_base_regime_superset_recent8_median,8.0,4532.773125,10.266875,REGIME_LEVEL_RESIDUAL,4534.828125,8.211875,False,4543.2725,0.2325,True,True,DYNAMIC_RESIDUAL_BETTER,7.979375,True,True,True,DYNAMIC_WITHIN_3
2026-03-30,2026-03-27,L5,RANGE_WIDE_120_220,CLOSE_POS_MIDDLE_THIRD,ROWS_STANDARD_9_10,4495.46,PREV_CLOSE_PROXY,,NEUTRAL,4513.02,101,4512.78375,0.23625,True,True,SOURCE_LEVEL_RESIDUAL,superset_base_source_superset_q75,116.0,4505.58203,7.43797,REGIME_LEVEL_RESIDUAL,4502.9675,10.0525,False,4512.78375,0.23625,True,True,DYNAMIC_RESIDUAL_BETTER,9.81625,True,True,True,DYNAMIC_WITHIN_3
2026-03-30,2026-03-27,L6,RANGE_WIDE_120_220,CLOSE_POS_MIDDLE_THIRD,ROWS_STANDARD_9_10,4495.46,PREV_CLOSE_PROXY,,NEUTRAL,4484.03,101,4484.323333,0.293333,True,True,SOURCE_LEVEL_RESIDUAL,superset_base_source_superset_q75,105.0,4475.583652,8.446348,REGIME_LEVEL_RESIDUAL,4475.503333,8.526667,False,4484.323333,0.293333,True,True,DYNAMIC_RESIDUAL_BETTER,8.233334,True,True,True,DYNAMIC_WITHIN_3
2026-03-30,2026-03-27,L7,RANGE_WIDE_120_220,CLOSE_POS_MIDDLE_THIRD,ROWS_STANDARD_9_10,4495.46,PREV_CLOSE_PROXY,,NEUTRAL,4451.72,101,4451.6725,0.0475,True,True,REGIME_LEVEL_RESIDUAL,superset_base_regime_superset_recent8_median,8.0,4451.07,0.65,REGIME_LEVEL_RESIDUAL,4450.525,1.195,True,4451.6725,0.0475,True,True,DYNAMIC_RESIDUAL_BETTER,1.1475,False,False,True,DYNAMIC_WITHIN_3
2026-03-31,2026-03-30,L4,RANGE_WIDE_120_220,CLOSE_POS_MIDDLE_THIRD,ROWS_SPARSE_1_8,4511.02,PREV_CLOSE_PROXY,,NEUTRAL,4538.28,81,4540.3925,2.1125,True,True,SUPERSET_AUDITED_BASE,ORIGINAL_ORACLE_PRESERVED,,4540.3925,2.1125,SUPERSET_AUDITED_BASE,4540.3925,2.1125,True,4540.3925,2.1125,True,True,SUPERSET_AUDITED_BASE_PRESERVED,0.0,False,False,False,DYNAMIC_WITHIN_3
2026-03-31,2026-03-30,L5,RANGE_WIDE_120_220,CLOSE_POS_MIDDLE_THIRD,ROWS_SPARSE_1_8,4511.02,PREV_CLOSE_PROXY,,NEUTRAL,4510.04,81,4509.579586,0.460414,True,True,LEVEL_RESIDUAL,superset_base_level_original_mean,121.0,4509.01375,1.02625,SUPERSET_AUDITED_BASE,4509.01375,1.02625,True,4509.579586,0.460414,True,True,DYNAMIC_RESIDUAL_BETTER,0.565836,False,False,True,DYNAMIC_WITHIN_3
2026-03-31,2026-03-30,L6,RANGE_WIDE_120_220,CLOSE_POS_MIDDLE_THIRD,ROWS_SPARSE_1_8,4511.02,PREV_CLOSE_PROXY,,NEUTRAL,4480.75,81,4480.82846,0.07846,True,True,LEVEL_RESIDUAL,superset_base_level_superset_median,121.0,4481.13346,0.38346,SUPERSET_AUDITED_BASE,4481.13346,0.38346,True,4480.82846,0.07846,True,True,DYNAMIC_RESIDUAL_BETTER,0.305,False,False,True,DYNAMIC_WITHIN_3
2026-03-31,2026-03-30,L7,RANGE_WIDE_120_220,CLOSE_POS_MIDDLE_THIRD,ROWS_SPARSE_1_8,4511.02,PREV_CLOSE_PROXY,,NEUTRAL,4448.16,81,4444.36875,3.79125,False,True,RANGE_CLOSE_LEVEL_RESIDUAL,superset_base_range_close_superset_median,10.0,4443.49875,4.66125,SUPERSET_AUDITED_BASE,4443.49875,4.66125,True,4444.36875,3.79125,False,True,DYNAMIC_RESIDUAL_BETTER,0.87,False,False,True,DYNAMIC_WITHIN_5
2026-04-01,2026-03-31,L4,RANGE_WIDE_120_220,CLOSE_POS_UPPER_THIRD,ROWS_STANDARD_9_10,4667.12,PREV_CLOSE_PROXY,,NEUTRAL,4705.0,101,4737.08625,32.08625,False,False,SOURCE_LEVEL_RESIDUAL,superset_base_source_superset_recent8_median,7.0,4746.6725,41.6725,SUPERSET_AUDITED_BASE,4746.6725,41.6725,False,4737.08625,32.08625,False,False,DYNAMIC_RESIDUAL_BETTER,9.58625,False,False,True,DYNAMIC_GT10
2026-04-01,2026-03-31,L5,RANGE_WIDE_120_220,CLOSE_POS_UPPER_THIRD,ROWS_STANDARD_9_10,4667.12,PREV_CLOSE_PROXY,,NEUTRAL,4683.82,101,4682.8,1.02,True,True,LEVEL_RESIDUAL,superset_base_level_superset_recent8_median,8.0,4687.32,3.5,SUPERSET_AUDITED_BASE,4687.32,3.5,True,4682.8,1.02,True,True,DYNAMIC_RESIDUAL_BETTER,2.48,False,True,True,DYNAMIC_WITHIN_3
2026-04-01,2026-03-31,L6,RANGE_WIDE_120_220,CLOSE_POS_UPPER_THIRD,ROWS_STANDARD_9_10,4667.12,PREV_CLOSE_PROXY,,NEUTRAL,4661.39,101,4663.340886,1.950886,True,True,SOURCE_LEVEL_RESIDUAL,superset_base_source_superset_mean,107.0,4667.12,5.73,SUPERSET_AUDITED_BASE,4667.12,5.73,False,4663.340886,1.950886,True,True,DYNAMIC_RESIDUAL_BETTER,3.779114,True,True,True,DYNAMIC_WITHIN_3
2026-04-01,2026-03-31,L7,RANGE_WIDE_120_220,CLOSE_POS_UPPER_THIRD,ROWS_STANDARD_9_10,4667.12,PREV_CLOSE_PROXY,,NEUTRAL,4641.04,101,4637.5875,3.4525,False,True,LEVEL_RESIDUAL,superset_base_level_superset_recent8_median,8.0,4636.115,4.925,SUPERSET_AUDITED_BASE,4636.115,4.925,True,4637.5875,3.4525,False,True,DYNAMIC_RESIDUAL_BETTER,1.4725,False,False,True,DYNAMIC_WITHIN_5
2026-04-02,2026-04-01,L4,RANGE_WIDE_120_220,CLOSE_POS_UPPER_THIRD,ROWS_EXTENDED_11_PLUS,4758.18,PREV_CLOSE_PROXY,,NEUTRAL,4810.02,101,4810.839595,0.819595,True,True,SOURCE_LEVEL_RESIDUAL,superset_base_source_superset_recent8_median,8.0,4822.78,12.76,SUPERSET_AUDITED_BASE,4822.78,12.76,False,4810.839595,0.819595,True,True,DYNAMIC_RESIDUAL_BETTER,11.940405,True,True,True,DYNAMIC_WITHIN_3
2026-04-02,2026-04-01,L5,RANGE_WIDE_120_220,CLOSE_POS_UPPER_THIRD,ROWS_EXTENDED_11_PLUS,4758.18,PREV_CLOSE_PROXY,,NEUTRAL,4784.05,101,4783.056523,0.993477,True,True,LEVEL_RESIDUAL,superset_base_level_original_mean,123.0,4782.52,1.53,SUPERSET_AUDITED_BASE,4782.52,1.53,True,4783.056523,0.993477,True,True,DYNAMIC_RESIDUAL_BETTER,0.536523,False,False,True,DYNAMIC_WITHIN_3
2026-04-02,2026-04-01,L6,RANGE_WIDE_120_220,CLOSE_POS_UPPER_THIRD,ROWS_EXTENDED_11_PLUS,4758.18,PREV_CLOSE_PROXY,,NEUTRAL,4749.81,101,4750.21665,0.40665,True,True,LEVEL_RESIDUAL,superset_base_level_superset_q75,123.0,4742.26,7.55,SUPERSET_AUDITED_BASE,4742.26,7.55,False,4750.21665,0.40665,True,True,DYNAMIC_RESIDUAL_BETTER,7.14335,True,True,True,DYNAMIC_WITHIN_3
2026-04-02,2026-04-01,L7,RANGE_WIDE_120_220,CLOSE_POS_UPPER_THIRD,ROWS_EXTENDED_11_PLUS,4758.18,PREV_CLOSE_PROXY,,NEUTRAL,4714.19,101,4716.359201,2.169201,True,True,RANGE_CLOSE_LEVEL_RESIDUAL,superset_base_range_close_original_mean,12.0,4727.26,13.07,SUPERSET_AUDITED_BASE,4727.26,13.07,False,4716.359201,2.169201,True,True,DYNAMIC_RESIDUAL_BETTER,10.900799,True,True,True,DYNAMIC_WITHIN_3
2026-04-03,2026-04-02,L4,RANGE_EXTREME_220_PLUS,CLOSE_POS_MIDDLE_THIRD,ROWS_STANDARD_9_10,4676.04,PREV_CLOSE_PROXY,,NEUTRAL,4712.91,81,4722.66375,9.75375,False,False,RANGE_CLOSE_LEVEL_RESIDUAL,superset_base_range_close_superset_q75,4.0,4677.3,35.61,SUPERSET_AUDITED_BASE,4677.3,35.61,False,4722.66375,9.75375,False,False,DYNAMIC_RESIDUAL_BETTER,25.85625,False,False,True,DYNAMIC_WITHIN_10
2026-04-03,2026-04-02,L5,RANGE_EXTREME_220_PLUS,CLOSE_POS_MIDDLE_THIRD,ROWS_STANDARD_9_10,4676.04,PREV_CLOSE_PROXY,,NEUTRAL,4676.39,61,4672.11625,4.27375,False,True,SOURCE_LEVEL_RESIDUAL,superset_base_source_superset_q75,120.0,4662.3,14.09,SUPERSET_AUDITED_BASE,4662.3,14.09,False,4672.11625,4.27375,False,True,DYNAMIC_RESIDUAL_BETTER,9.81625,True,False,True,DYNAMIC_WITHIN_5
2026-04-03,2026-04-02,L6,RANGE_EXTREME_220_PLUS,CLOSE_POS_MIDDLE_THIRD,ROWS_STANDARD_9_10,4676.04,PREV_CLOSE_PROXY,,NEUTRAL,4637.21,61,4636.874305,0.335695,True,True,LEVEL_RESIDUAL,superset_base_level_superset_q25,124.0,4648.2484,11.0384,SUPERSET_AUDITED_BASE,4648.2484,11.0384,False,4636.874305,0.335695,True,True,DYNAMIC_RESIDUAL_BETTER,10.702705,True,True,True,DYNAMIC_WITHIN_3
2026-04-03,2026-04-02,L7,RANGE_EXTREME_220_PLUS,CLOSE_POS_MIDDLE_THIRD,ROWS_STANDARD_9_10,4676.04,PREV_CLOSE_PROXY,,NEUTRAL,4603.66,61,4608.715,5.055,False,False,LEVEL_RESIDUAL,superset_base_level_superset_q25,120.0,4627.775,24.115,SUPERSET_AUDITED_BASE,4627.775,24.115,False,4608.715,5.055,False,False,DYNAMIC_RESIDUAL_BETTER,19.06,False,False,True,DYNAMIC_WITHIN_10
2026-04-06,2026-04-02,L4,RANGE_EXTREME_220_PLUS,CLOSE_POS_MIDDLE_THIRD,ROWS_STANDARD_9_10,4676.04,PREV_CLOSE_PROXY,,NEUTRAL,4712.91,101,4712.09529,0.81471,True,True,LEVEL_RESIDUAL,superset_base_level_superset_recent8_median,8.0,4718.333415,5.423415,SUPERSET_AUDITED_BASE,4718.333415,5.423415,False,4712.09529,0.81471,True,True,DYNAMIC_RESIDUAL_BETTER,4.608705,True,True,True,DYNAMIC_WITHIN_3
2026-04-06,2026-04-02,L5,RANGE_EXTREME_220_PLUS,CLOSE_POS_MIDDLE_THIRD,ROWS_STANDARD_9_10,4676.04,PREV_CLOSE_PROXY,,NEUTRAL,4676.39,101,4676.602147,0.212147,True,True,LEVEL_RESIDUAL,superset_base_level_superset_mean,125.0,4676.04,0.35,SUPERSET_AUDITED_BASE,4676.04,0.35,True,4676.602147,0.212147,True,True,DYNAMIC_RESIDUAL_BETTER,0.137853,False,False,True,DYNAMIC_WITHIN_3
2026-04-06,2026-04-02,L6,RANGE_EXTREME_220_PLUS,CLOSE_POS_MIDDLE_THIRD,ROWS_STANDARD_9_10,4676.04,PREV_CLOSE_PROXY,,NEUTRAL,4637.21,61,4636.406585,0.803415,True,True,LEVEL_RESIDUAL,superset_base_level_original_median,125.0,4636.266585,0.943415,SUPERSET_AUDITED_BASE,4636.266585,0.943415,True,4636.406585,0.803415,True,True,DYNAMIC_RESIDUAL_BETTER,0.14,False,False,True,DYNAMIC_WITHIN_3
2026-04-06,2026-04-02,L7,RANGE_EXTREME_220_PLUS,CLOSE_POS_MIDDLE_THIRD,ROWS_STANDARD_9_10,4676.04,PREV_CLOSE_PROXY,,NEUTRAL,4603.66,61,4604.0975,0.4375,True,True,SOURCE_LEVEL_RESIDUAL,superset_base_source_superset_q75,117.0,4593.25,10.41,SUPERSET_AUDITED_BASE,4593.25,10.41,False,4604.0975,0.4375,True,True,DYNAMIC_RESIDUAL_BETTER,9.9725,True,True,True,DYNAMIC_WITHIN_3
2026-04-07,2026-04-06,L4,RANGE_NORMAL_60_120,CLOSE_POS_MIDDLE_THIRD,ROWS_STANDARD_9_10,4650.5,PREV_CLOSE_PROXY,,NEUTRAL,4686.47,101,4686.49625,0.02625,True,True,REGIME_LEVEL_RESIDUAL,superset_base_regime_original_median,14.0,4688.037946,1.567946,REGIME_LEVEL_RESIDUAL,4687.69,1.22,True,4686.49625,0.02625,True,True,DYNAMIC_RESIDUAL_BETTER,1.19375,False,False,True,DYNAMIC_WITHIN_3
2026-04-07,2026-04-06,L5,RANGE_NORMAL_60_120,CLOSE_POS_MIDDLE_THIRD,ROWS_STANDARD_9_10,4650.5,PREV_CLOSE_PROXY,,NEUTRAL,4647.73,102,4649.04,1.31,True,True,RANGE_CLOSE_LEVEL_RESIDUAL,superset_base_range_close_superset_q25,23.0,4650.509583,2.779583,REGIME_LEVEL_RESIDUAL,4651.795,4.065,True,4649.04,1.31,True,True,DYNAMIC_RESIDUAL_BETTER,2.755,False,True,True,DYNAMIC_WITHIN_3
2026-04-07,2026-04-06,L6,RANGE_NORMAL_60_120,CLOSE_POS_MIDDLE_THIRD,ROWS_STANDARD_9_10,4650.5,PREV_CLOSE_PROXY,,NEUTRAL,4607.29,101,4613.97875,6.68875,False,False,SOURCE_LEVEL_RESIDUAL,superset_base_source_superset_q25,111.0,4627.87875,20.58875,REGIME_LEVEL_RESIDUAL,4627.33,20.04,False,4613.97875,6.68875,False,False,DYNAMIC_RESIDUAL_BETTER,13.35125,False,False,True,DYNAMIC_WITHIN_10
2026-04-07,2026-04-06,L7,RANGE_NORMAL_60_120,CLOSE_POS_MIDDLE_THIRD,ROWS_STANDARD_9_10,4650.5,PREV_CLOSE_PROXY,,NEUTRAL,4566.31,101,4567.775625,1.465625,True,True,RANGE_CLOSE_LEVEL_RESIDUAL,superset_base_range_close_superset_q75,23.0,4552.27625,14.03375,REGIME_LEVEL_RESIDUAL,4553.935,12.375,False,4567.775625,1.465625,True,True,DYNAMIC_RESIDUAL_BETTER,10.909375,True,True,True,DYNAMIC_WITHIN_3
2026-04-08,2026-04-07,L4,RANGE_NORMAL_60_120,CLOSE_POS_UPPER_THIRD,ROWS_STANDARD_9_10,4705.73,PREV_CLOSE_PROXY,,NEUTRAL,4713.5,101,4713.38,0.12,True,True,SUPERSET_AUDITED_BASE,ORIGINAL_ORACLE_PRESERVED,,4718.14375,4.64375,REGIME_LEVEL_RESIDUAL,4713.38,0.12,True,4713.38,0.12,True,True,SUPERSET_AUDITED_BASE_PRESERVED,0.0,False,False,False,DYNAMIC_WITHIN_3
2026-04-08,2026-04-07,L5,RANGE_NORMAL_60_120,CLOSE_POS_UPPER_THIRD,ROWS_STANDARD_9_10,4705.73,PREV_CLOSE_PROXY,,NEUTRAL,4677.93,102,4677.439443,0.490557,True,True,SOURCE_LEVEL_RESIDUAL,superset_base_source_original_mean,5.0,4674.747735,3.182265,REGIME_LEVEL_RESIDUAL,4676.46086,1.46914,True,4677.439443,0.490557,True,True,DYNAMIC_RESIDUAL_BETTER,0.978583,False,False,True,DYNAMIC_WITHIN_3
2026-04-08,2026-04-07,L6,RANGE_NORMAL_60_120,CLOSE_POS_UPPER_THIRD,ROWS_STANDARD_9_10,4705.73,PREV_CLOSE_PROXY,,NEUTRAL,4637.57,101,4638.46399,0.89399,True,True,LEVEL_RESIDUAL,superset_base_level_superset_q25,127.0,4651.667118,14.097118,REGIME_LEVEL_RESIDUAL,4650.04672,12.47672,False,4638.46399,0.89399,True,True,DYNAMIC_RESIDUAL_BETTER,11.58273,True,True,True,DYNAMIC_WITHIN_3
2026-04-08,2026-04-07,L7,RANGE_NORMAL_60_120,CLOSE_POS_UPPER_THIRD,ROWS_STANDARD_9_10,4705.73,PREV_CLOSE_PROXY,,NEUTRAL,4597.43,101,4601.985,4.555,False,True,LEVEL_RESIDUAL,superset_base_level_superset_q25,123.0,4622.32125,24.89125,REGIME_LEVEL_RESIDUAL,4621.53,24.1,False,4601.985,4.555,False,True,DYNAMIC_RESIDUAL_BETTER,19.545,True,False,True,DYNAMIC_WITHIN_5
2026-04-09,2026-04-08,L4,RANGE_WIDE_120_220,CLOSE_POS_LOWER_THIRD,ROWS_STANDARD_9_10,4719.26,PREV_CLOSE_PROXY,,NEUTRAL,4767.19,101,4766.508292,0.681707,True,True,SOURCE_LEVEL_RESIDUAL,superset_base_source_superset_recent8_median,8.0,4770.27625,3.08625,SUPERSET_AUDITED_BASE,4770.27625,3.08625,True,4766.508292,0.681707,True,True,DYNAMIC_RESIDUAL_BETTER,2.404543,False,True,True,DYNAMIC_WITHIN_3
2026-04-09,2026-04-08,L5,RANGE_WIDE_120_220,CLOSE_POS_LOWER_THIRD,ROWS_STANDARD_9_10,4719.26,PREV_CLOSE_PROXY,,NEUTRAL,4733.49,101,4732.6125,0.8775,True,True,RANGE_CLOSE_LEVEL_RESIDUAL,superset_base_range_close_superset_median,8.0,4739.3675,5.8775,SUPERSET_AUDITED_BASE,4739.3675,5.8775,False,4732.6125,0.8775,True,True,DYNAMIC_RESIDUAL_BETTER,5.0,True,True,True,DYNAMIC_WITHIN_3
2026-04-09,2026-04-08,L6,RANGE_WIDE_120_220,CLOSE_POS_LOWER_THIRD,ROWS_STANDARD_9_10,4719.26,PREV_CLOSE_PROXY,,NEUTRAL,4693.82,101,4693.5,0.32,True,True,RANGE_CLOSE_LEVEL_RESIDUAL,superset_base_range_close_superset_recent8_median,8.0,4700.05,6.23,SUPERSET_AUDITED_BASE,4700.05,6.23,False,4693.5,0.32,True,True,DYNAMIC_RESIDUAL_BETTER,5.91,True,True,True,DYNAMIC_WITHIN_3
2026-04-09,2026-04-08,L7,RANGE_WIDE_120_220,CLOSE_POS_LOWER_THIRD,ROWS_STANDARD_9_10,4719.26,PREV_CLOSE_PROXY,,NEUTRAL,4651.82,101,4651.256389,0.563611,True,True,RANGE_CLOSE_LEVEL_RESIDUAL,superset_base_range_close_superset_mean,9.0,4670.05,18.23,SUPERSET_AUDITED_BASE,4670.05,18.23,False,4651.256389,0.563611,True,True,DYNAMIC_RESIDUAL_BETTER,17.666389,True,True,True,DYNAMIC_WITHIN_3
2026-04-10,2026-04-09,L4,RANGE_NORMAL_60_120,CLOSE_POS_MIDDLE_THIRD,ROWS_STANDARD_9_10,4765.5,PREV_CLOSE_PROXY,,NEUTRAL,4787.01,101,4785.724894,1.285106,True,True,LEVEL_RESIDUAL,superset_base_level_superset_mean,128.0,4783.203417,3.806583,REGIME_LEVEL_RESIDUAL,4782.96,4.05,True,4785.724894,1.285106,True,True,DYNAMIC_RESIDUAL_BETTER,2.764894,False,True,True,DYNAMIC_WITHIN_3
2026-04-10,2026-04-09,L5,RANGE_NORMAL_60_120,CLOSE_POS_MIDDLE_THIRD,ROWS_STANDARD_9_10,4765.5,PREV_CLOSE_PROXY,,NEUTRAL,4746.82,101,4746.6,0.22,True,True,LEVEL_RESIDUAL,superset_base_level_original_recent8_median,8.0,4745.42,1.4,REGIME_LEVEL_RESIDUAL,4748.175,1.355,True,4746.6,0.22,True,True,DYNAMIC_RESIDUAL_BETTER,1.135,False,False,True,DYNAMIC_WITHIN_3
2026-04-10,2026-04-09,L6,RANGE_NORMAL_60_120,CLOSE_POS_MIDDLE_THIRD,ROWS_STANDARD_9_10,4765.5,PREV_CLOSE_PROXY,,NEUTRAL,4706.64,101,4708.926875,2.286875,True,True,REGIME_LEVEL_RESIDUAL,superset_base_regime_superset_q25,15.0,4723.75,17.11,REGIME_LEVEL_RESIDUAL,4724.08,17.44,False,4708.926875,2.286875,True,True,DYNAMIC_RESIDUAL_BETTER,15.153125,True,True,True,DYNAMIC_WITHIN_3
2026-04-10,2026-04-09,L7,RANGE_NORMAL_60_120,CLOSE_POS_MIDDLE_THIRD,ROWS_STANDARD_9_10,4765.5,PREV_CLOSE_PROXY,,NEUTRAL,4671.56,101,4667.24375,4.31625,False,True,REGIME_LEVEL_RESIDUAL,superset_base_regime_superset_q75,15.0,4650.4725,21.0875,REGIME_LEVEL_RESIDUAL,4651.795,19.765,False,4667.24375,4.31625,False,True,DYNAMIC_RESIDUAL_BETTER,15.44875,True,False,True,DYNAMIC_WITHIN_5
2026-04-13,2026-04-10,L4,RANGE_NORMAL_60_120,CLOSE_POS_LOWER_THIRD,ROWS_STANDARD_9_10,4749.18,PREV_CLOSE_PROXY,,NEUTRAL,4777.03,101,4778.017083,0.987083,True,True,RANGE_CLOSE_LEVEL_RESIDUAL,superset_base_range_close_superset_q75,9.0,4768.91375,8.11625,SUPERSET_AUDITED_BASE,4768.91375,8.11625,False,4778.017083,0.987083,True,True,DYNAMIC_RESIDUAL_BETTER,7.129167,True,True,True,DYNAMIC_WITHIN_3
2026-04-13,2026-04-10,L5,RANGE_NORMAL_60_120,CLOSE_POS_LOWER_THIRD,ROWS_STANDARD_9_10,4749.18,PREV_CLOSE_PROXY,,NEUTRAL,4737.6,101,4736.950625,0.649375,True,True,SOURCE_LEVEL_RESIDUAL,superset_base_source_superset_recent8_median,8.0,4736.2625,1.3375,SUPERSET_AUDITED_BASE,4736.2625,1.3375,True,4736.950625,0.649375,True,True,DYNAMIC_RESIDUAL_BETTER,0.688125,False,False,True,DYNAMIC_WITHIN_3
2026-04-13,2026-04-10,L6,RANGE_NORMAL_60_120,CLOSE_POS_LOWER_THIRD,ROWS_STANDARD_9_10,4749.18,PREV_CLOSE_PROXY,,NEUTRAL,4695.33,101,4697.152812,1.822812,True,True,REGIME_LEVEL_RESIDUAL,superset_base_regime_superset_q25,4.0,4712.7275,17.3975,SUPERSET_AUDITED_BASE,4712.7275,17.3975,False,4697.152812,1.822812,True,True,DYNAMIC_RESIDUAL_BETTER,15.574688,True,True,True,DYNAMIC_WITHIN_3
2026-04-13,2026-04-10,L7,RANGE_NORMAL_60_120,CLOSE_POS_LOWER_THIRD,ROWS_STANDARD_9_10,4749.18,PREV_CLOSE_PROXY,,NEUTRAL,4653.69,101,4657.0025,3.3125,False,True,REGIME_LEVEL_RESIDUAL,superset_base_regime_superset_q25,4.0,4677.425,23.735,SUPERSET_AUDITED_BASE,4677.425,23.735,False,4657.0025,3.3125,False,True,DYNAMIC_RESIDUAL_BETTER,20.4225,True,False,True,DYNAMIC_WITHIN_5
2026-04-14,2026-04-13,L4,RANGE_NORMAL_60_120,CLOSE_POS_UPPER_THIRD,ROWS_STANDARD_9_10,4740.3,PREV_CLOSE_PROXY,,NEUTRAL,4768.21,101,4761.687494,6.522506,False,False,SOURCE_LEVEL_RESIDUAL,superset_base_source_superset_q75,118.0,4752.17375,16.03625,REGIME_LEVEL_RESIDUAL,4748.13375,20.07625,False,4761.687494,6.522506,False,False,DYNAMIC_RESIDUAL_BETTER,13.553744,False,False,True,DYNAMIC_WITHIN_10
2026-04-14,2026-04-13,L5,RANGE_NORMAL_60_120,CLOSE_POS_UPPER_THIRD,ROWS_STANDARD_9_10,4740.3,PREV_CLOSE_PROXY,,NEUTRAL,4728.16,101,4727.68375,0.47625,True,True,RANGE_CLOSE_LEVEL_RESIDUAL,superset_base_range_close_original_recent8_median,7.0,4731.69375,3.53375,REGIME_LEVEL_RESIDUAL,4733.13375,4.97375,True,4727.68375,0.47625,True,True,DYNAMIC_RESIDUAL_BETTER,4.4975,False,True,True,DYNAMIC_WITHIN_3
2026-04-14,2026-04-13,L6,RANGE_NORMAL_60_120,CLOSE_POS_UPPER_THIRD,ROWS_STANDARD_9_10,4740.3,PREV_CLOSE_PROXY,,NEUTRAL,4688.7,101,4688.188289,0.511711,True,True,RANGE_CLOSE_LEVEL_RESIDUAL,superset_base_range_close_superset_q75,29.0,4686.001468,2.698532,REGIME_LEVEL_RESIDUAL,4684.56166,4.13834,True,4688.188289,0.511711,True,True,DYNAMIC_RESIDUAL_BETTER,3.626629,False,True,True,DYNAMIC_WITHIN_3
2026-04-14,2026-04-13,L7,RANGE_NORMAL_60_120,CLOSE_POS_UPPER_THIRD,ROWS_STANDARD_9_10,4740.3,PREV_CLOSE_PROXY,,NEUTRAL,4648.94,101,4650.276592,1.336592,True,True,LEVEL_RESIDUAL,superset_base_level_original_mean,127.0,4657.63875,8.69875,REGIME_LEVEL_RESIDUAL,4657.28625,8.34625,False,4650.276592,1.336592,True,True,DYNAMIC_RESIDUAL_BETTER,7.009658,True,True,True,DYNAMIC_WITHIN_3
2026-04-15,2026-04-14,L4,RANGE_NORMAL_60_120,CLOSE_POS_UPPER_THIRD,ROWS_STANDARD_9_10,4841.68,PREV_CLOSE_PROXY,,NEUTRAL,4871.18,101,4870.62,0.56,True,True,REGIME_LEVEL_RESIDUAL,superset_base_regime_superset_q75,22.0,4856.394063,14.785937,REGIME_LEVEL_RESIDUAL,4859.8475,11.3325,False,4870.62,0.56,True,True,DYNAMIC_RESIDUAL_BETTER,10.7725,True,True,True,DYNAMIC_WITHIN_3
2026-04-15,2026-04-14,L5,RANGE_NORMAL_60_120,CLOSE_POS_UPPER_THIRD,ROWS_STANDARD_9_10,4841.68,PREV_CLOSE_PROXY,,NEUTRAL,4833.44,101,4833.42625,0.01375,True,True,RANGE_CLOSE_LEVEL_RESIDUAL,superset_base_range_close_superset_q75,30.0,4829.6375,3.8025,REGIME_LEVEL_RESIDUAL,4828.375,5.065,False,4833.42625,0.01375,True,True,DYNAMIC_RESIDUAL_BETTER,5.05125,True,True,True,DYNAMIC_WITHIN_3
2026-04-15,2026-04-14,L6,RANGE_NORMAL_60_120,CLOSE_POS_UPPER_THIRD,ROWS_STANDARD_9_10,4841.68,PREV_CLOSE_PROXY,,NEUTRAL,4795.98,101,4796.256218,0.276218,True,True,REGIME_LEVEL_RESIDUAL,superset_base_regime_superset_mean,22.0,4796.256218,0.276218,REGIME_LEVEL_RESIDUAL,4794.69375,1.28625,True,4796.256218,0.276218,True,True,DYNAMIC_RESIDUAL_BETTER,1.010032,False,False,True,DYNAMIC_WITHIN_3
2026-04-15,2026-04-14,L7,RANGE_NORMAL_60_120,CLOSE_POS_UPPER_THIRD,ROWS_STANDARD_9_10,4841.68,PREV_CLOSE_PROXY,,NEUTRAL,4759.66,101,4757.615,2.045,True,True,RANGE_CLOSE_LEVEL_RESIDUAL,superset_base_range_close_superset_median,27.0,4757.354375,2.305625,REGIME_LEVEL_RESIDUAL,4757.2625,2.3975,True,4757.615,2.045,True,True,DYNAMIC_RESIDUAL_BETTER,0.3525,False,False,True,DYNAMIC_WITHIN_3
2026-04-16,2026-04-15,L4,RANGE_NORMAL_60_120,CLOSE_POS_LOWER_THIRD,ROWS_STANDARD_9_10,4790.68,PREV_CLOSE_PROXY,,NEUTRAL,4866.37,101,4860.32761,6.04239,False,False,REGIME_LEVEL_RESIDUAL,superset_base_regime_superset_q75,5.0,4841.20636,25.16364,SUPERSET_AUDITED_BASE,4841.20636,25.16364,False,4860.32761,6.04239,False,False,DYNAMIC_RESIDUAL_BETTER,19.12125,False,False,True,DYNAMIC_WITHIN_10
2026-04-16,2026-04-15,L5,RANGE_NORMAL_60_120,CLOSE_POS_LOWER_THIRD,ROWS_STANDARD_9_10,4790.68,PREV_CLOSE_PROXY,,NEUTRAL,4833.82,101,4826.13489,7.68511,False,False,SOURCE_LEVEL_RESIDUAL,superset_base_source_superset_q75,127.0,4816.54864,17.27136,SUPERSET_AUDITED_BASE,4816.54864,17.27136,False,4826.13489,7.68511,False,False,DYNAMIC_RESIDUAL_BETTER,9.58625,False,False,True,DYNAMIC_WITHIN_10
2026-04-16,2026-04-15,L6,RANGE_NORMAL_60_120,CLOSE_POS_LOWER_THIRD,ROWS_STANDARD_9_10,4790.68,PREV_CLOSE_PROXY,,NEUTRAL,4796.88,101,4797.021875,0.141875,True,True,RANGE_CLOSE_LEVEL_RESIDUAL,superset_base_range_close_superset_recent8_median,8.0,4799.62,2.74,SUPERSET_AUDITED_BASE,4799.62,2.74,True,4797.021875,0.141875,True,True,DYNAMIC_RESIDUAL_BETTER,2.598125,False,False,True,DYNAMIC_WITHIN_3
2026-04-16,2026-04-15,L7,RANGE_NORMAL_60_120,CLOSE_POS_LOWER_THIRD,ROWS_STANDARD_9_10,4790.68,PREV_CLOSE_PROXY,,NEUTRAL,4763.58,101,4763.432895,0.147105,True,True,RANGE_CLOSE_LEVEL_RESIDUAL,superset_base_range_close_superset_mean,11.0,4770.115,6.535,SUPERSET_AUDITED_BASE,4770.115,6.535,False,4763.432895,0.147105,True,True,DYNAMIC_RESIDUAL_BETTER,6.387895,True,True,True,DYNAMIC_WITHIN_3
2026-04-17,2026-04-16,L4,RANGE_NORMAL_60_120,CLOSE_POS_LOWER_THIRD,ROWS_STANDARD_9_10,4790.78,PREV_CLOSE_PROXY,,NEUTRAL,4859.83,101,4842.537812,17.292188,False,False,REGIME_LEVEL_RESIDUAL,superset_base_regime_superset_q75,6.0,4820.245,39.585,SUPERSET_AUDITED_BASE,4820.245,39.585,False,4842.537812,17.292188,False,False,DYNAMIC_RESIDUAL_BETTER,22.292812,False,False,True,DYNAMIC_GT10
2026-04-17,2026-04-16,L5,RANGE_NORMAL_60_120,CLOSE_POS_LOWER_THIRD,ROWS_STANDARD_9_10,4790.78,PREV_CLOSE_PROXY,,NEUTRAL,4822.32,101,4818.0175,4.3025,False,True,SOURCE_LEVEL_RESIDUAL,superset_base_source_superset_q75,128.0,4808.20125,14.11875,SUPERSET_AUDITED_BASE,4808.20125,14.11875,False,4818.0175,4.3025,False,True,DYNAMIC_RESIDUAL_BETTER,9.81625,True,False,True,DYNAMIC_WITHIN_5
2026-04-17,2026-04-16,L6,RANGE_NORMAL_60_120,CLOSE_POS_LOWER_THIRD,ROWS_STANDARD_9_10,4790.78,PREV_CLOSE_PROXY,,NEUTRAL,4789.02,101,4788.990625,0.029375,True,True,SOURCE_LEVEL_RESIDUAL,superset_base_source_superset_q75,119.0,4781.1575,7.8625,SUPERSET_AUDITED_BASE,4781.1575,7.8625,False,4788.990625,0.029375,True,True,DYNAMIC_RESIDUAL_BETTER,7.833125,True,True,True,DYNAMIC_WITHIN_3
2026-04-17,2026-04-16,L7,RANGE_NORMAL_60_120,CLOSE_POS_LOWER_THIRD,ROWS_STANDARD_9_10,4790.78,PREV_CLOSE_PROXY,,NEUTRAL,4747.74,101,4747.5325,0.2075,True,True,REGIME_LEVEL_RESIDUAL,superset_base_regime_superset_q75,6.0,4754.11375,6.37375,SUPERSET_AUDITED_BASE,4754.11375,6.37375,False,4747.5325,0.2075,True,True,DYNAMIC_RESIDUAL_BETTER,6.16625,True,True,True,DYNAMIC_WITHIN_3
2026-04-20,2026-04-17,L4,RANGE_WIDE_120_220,CLOSE_POS_MIDDLE_THIRD,ROWS_STANDARD_9_10,4832.42,PREV_CLOSE_PROXY,,NEUTRAL,4884.09,102,4884.4,0.31,True,True,LEVEL_RESIDUAL,superset_base_level_original_median,134.0,4884.535938,0.445938,REGIME_LEVEL_RESIDUAL,4881.4575,2.6325,True,4884.4,0.31,True,True,DYNAMIC_RESIDUAL_BETTER,2.3225,False,False,True,DYNAMIC_WITHIN_3
2026-04-20,2026-04-17,L5,RANGE_WIDE_120_220,CLOSE_POS_MIDDLE_THIRD,ROWS_STANDARD_9_10,4832.42,PREV_CLOSE_PROXY,,NEUTRAL,4846.45,102,4847.593958,1.143958,True,True,SOURCE_LEVEL_RESIDUAL,superset_base_source_original_q25,6.0,4854.65375,8.20375,REGIME_LEVEL_RESIDUAL,4852.8075,6.3575,False,4847.593958,1.143958,True,True,DYNAMIC_RESIDUAL_BETTER,5.213542,True,True,True,DYNAMIC_WITHIN_3
2026-04-20,2026-04-17,L6,RANGE_WIDE_120_220,CLOSE_POS_MIDDLE_THIRD,ROWS_STANDARD_9_10,4832.42,PREV_CLOSE_PROXY,,NEUTRAL,4808.63,101,4809.08994,0.45994,True,True,RANGE_CLOSE_LEVEL_RESIDUAL,superset_base_range_close_superset_q25,11.0,4815.789354,7.159354,REGIME_LEVEL_RESIDUAL,4814.8644,6.2344,False,4809.08994,0.45994,True,True,DYNAMIC_RESIDUAL_BETTER,5.77446,True,True,True,DYNAMIC_WITHIN_3
2026-04-20,2026-04-17,L7,RANGE_WIDE_120_220,CLOSE_POS_MIDDLE_THIRD,ROWS_STANDARD_9_10,4832.42,PREV_CLOSE_PROXY,,NEUTRAL,4772.29,101,4768.615,3.675,False,True,RANGE_CLOSE_LEVEL_RESIDUAL,superset_base_range_close_superset_median,11.0,4768.29,4.0,REGIME_LEVEL_RESIDUAL,4767.42,4.87,True,4768.615,3.675,False,True,DYNAMIC_RESIDUAL_BETTER,1.195,False,False,True,DYNAMIC_WITHIN_5
2026-04-21,2026-04-20,L4,RANGE_NORMAL_60_120,CLOSE_POS_UPPER_THIRD,ROWS_STANDARD_9_10,4820.66,PREV_CLOSE_PROXY,,NEUTRAL,4875.42,101,4857.013906,18.406094,False,False,SOURCE_LEVEL_RESIDUAL,superset_base_source_superset_q75,122.0,4840.158125,35.261875,REGIME_LEVEL_RESIDUAL,4842.5325,32.8875,False,4857.013906,18.406094,False,False,DYNAMIC_RESIDUAL_BETTER,14.481406,False,False,True,DYNAMIC_GT10
2026-04-21,2026-04-20,L5,RANGE_NORMAL_60_120,CLOSE_POS_UPPER_THIRD,ROWS_STANDARD_9_10,4820.66,PREV_CLOSE_PROXY,,NEUTRAL,4831.95,101,4824.2125,7.7375,False,False,SOURCE_LEVEL_RESIDUAL,superset_base_source_superset_q75,129.0,4816.035,15.915,REGIME_LEVEL_RESIDUAL,4814.34,17.61,False,4824.2125,7.7375,False,False,DYNAMIC_RESIDUAL_BETTER,9.8725,False,False,True,DYNAMIC_WITHIN_10
2026-04-21,2026-04-20,L6,RANGE_NORMAL_60_120,CLOSE_POS_UPPER_THIRD,ROWS_STANDARD_9_10,4820.66,PREV_CLOSE_PROXY,,NEUTRAL,4784.68,101,4784.704375,0.024375,True,True,REGIME_LEVEL_RESIDUAL,superset_base_regime_original_recent8_median,8.0,4783.846709,0.833291,REGIME_LEVEL_RESIDUAL,4782.29625,2.38375,True,4784.704375,0.024375,True,True,DYNAMIC_RESIDUAL_BETTER,2.359375,False,False,True,DYNAMIC_WITHIN_3
2026-04-21,2026-04-20,L7,RANGE_NORMAL_60_120,CLOSE_POS_UPPER_THIRD,ROWS_STANDARD_9_10,4820.66,PREV_CLOSE_PROXY,,NEUTRAL,4743.45,101,4743.469893,0.019893,True,True,LEVEL_RESIDUAL,superset_base_level_original_mean,132.0,4750.581625,7.131625,REGIME_LEVEL_RESIDUAL,4750.32,6.87,False,4743.469893,0.019893,True,True,DYNAMIC_RESIDUAL_BETTER,6.850107,True,True,True,DYNAMIC_WITHIN_3
2026-04-22,2026-04-21,L4,RANGE_WIDE_120_220,CLOSE_POS_LOWER_THIRD,ROWS_STANDARD_9_10,4720.06,PREV_CLOSE_PROXY,,NEUTRAL,4780.53,101,4784.315316,3.785316,False,True,LEVEL_RESIDUAL,superset_base_level_superset_q75,136.0,4770.33876,10.19124,SUPERSET_AUDITED_BASE,4770.33876,10.19124,False,4784.315316,3.785316,False,True,DYNAMIC_RESIDUAL_BETTER,6.405924,True,False,True,DYNAMIC_WITHIN_5
2026-04-22,2026-04-21,L5,RANGE_WIDE_120_220,CLOSE_POS_LOWER_THIRD,ROWS_STANDARD_9_10,4720.06,PREV_CLOSE_PROXY,,NEUTRAL,4740.11,101,4739.142141,0.967859,True,True,SOURCE_LEVEL_RESIDUAL,superset_base_source_superset_mean,130.0,4738.251667,1.858333,SUPERSET_AUDITED_BASE,4738.251667,1.858333,True,4739.142141,0.967859,True,True,DYNAMIC_RESIDUAL_BETTER,0.890474,False,False,True,DYNAMIC_WITHIN_3
2026-04-22,2026-04-21,L6,RANGE_WIDE_120_220,CLOSE_POS_LOWER_THIRD,ROWS_STANDARD_9_10,4720.06,PREV_CLOSE_PROXY,,NEUTRAL,4694.87,101,4694.969375,0.099375,True,True,SOURCE_LEVEL_RESIDUAL,superset_base_source_superset_q75,122.0,4687.185,7.685,SUPERSET_AUDITED_BASE,4687.185,7.685,False,4694.969375,0.099375,True,True,DYNAMIC_RESIDUAL_BETTER,7.585625,True,True,True,DYNAMIC_WITHIN_3
2026-04-22,2026-04-21,L7,RANGE_WIDE_120_220,CLOSE_POS_LOWER_THIRD,ROWS_STANDARD_9_10,4720.06,PREV_CLOSE_PROXY,,NEUTRAL,4636.73,101,4637.2525,0.5225,True,True,REGIME_LEVEL_RESIDUAL,superset_base_regime_superset_q75,6.0,4638.48,1.75,SUPERSET_AUDITED_BASE,4638.48,1.75,True,4637.2525,0.5225,True,True,DYNAMIC_RESIDUAL_BETTER,1.2275,False,False,True,DYNAMIC_WITHIN_3
2026-04-23,2026-04-22,L4,RANGE_COMPRESSED_0_60,CLOSE_POS_MIDDLE_THIRD,ROWS_EXTENDED_11_PLUS,4740.18,PREV_CLOSE_PROXY,,NEUTRAL,4873.73,81,4788.044375,85.685625,False,False,LEVEL_RESIDUAL,superset_base_level_superset_recent8_median,8.0,4772.34,101.39,SUPERSET_AUDITED_BASE,4772.34,101.39,False,4788.044375,85.685625,False,False,DYNAMIC_RESIDUAL_BETTER,15.704375,False,False,True,DYNAMIC_GT10
2026-04-23,2026-04-22,L5,RANGE_COMPRESSED_0_60,CLOSE_POS_MIDDLE_THIRD,ROWS_EXTENDED_11_PLUS,4740.18,PREV_CLOSE_PROXY,,NEUTRAL,4832.75,81,4771.6275,61.1225,False,False,RANGE_CLOSE_LEVEL_RESIDUAL,superset_base_range_close_original_q75,7.0,4758.16,74.59,SUPERSET_AUDITED_BASE,4758.16,74.59,False,4771.6275,61.1225,False,False,DYNAMIC_RESIDUAL_BETTER,13.4675,False,False,True,DYNAMIC_GT10
2026-04-23,2026-04-22,L6,RANGE_COMPRESSED_0_60,CLOSE_POS_MIDDLE_THIRD,ROWS_EXTENDED_11_PLUS,4740.18,PREV_CLOSE_PROXY,,NEUTRAL,4783.45,81,4728.735,54.715,False,False,RANGE_CLOSE_LEVEL_RESIDUAL,superset_base_range_close_superset_q75,7.0,4716.88,66.57,SUPERSET_AUDITED_BASE,4716.88,66.57,False,4728.735,54.715,False,False,DYNAMIC_RESIDUAL_BETTER,11.855,False,False,True,DYNAMIC_GT10
2026-04-23,2026-04-22,L7,RANGE_COMPRESSED_0_60,CLOSE_POS_MIDDLE_THIRD,ROWS_EXTENDED_11_PLUS,4740.18,PREV_CLOSE_PROXY,,NEUTRAL,4740.92,81,4695.44625,45.47375,False,False,SOURCE_LEVEL_RESIDUAL,superset_base_source_superset_q75,130.0,4685.62,55.3,SUPERSET_AUDITED_BASE,4685.62,55.3,False,4695.44625,45.47375,False,False,DYNAMIC_RESIDUAL_BETTER,9.82625,False,False,True,DYNAMIC_GT10
2026-04-24,2026-04-23,L4,RANGE_NORMAL_60_120,CLOSE_POS_MIDDLE_THIRD,ROWS_STANDARD_9_10,4694.36,PREV_CLOSE_PROXY,,NEUTRAL,4799.5,101,4776.619945,22.880055,False,False,LEVEL_RESIDUAL,superset_base_level_superset_recent8_median,8.0,4753.58875,45.91125,REGIME_LEVEL_RESIDUAL,4754.0,45.5,False,4776.619945,22.880055,False,False,DYNAMIC_RESIDUAL_BETTER,22.619945,False,False,True,DYNAMIC_GT10
2026-04-24,2026-04-23,L5,RANGE_NORMAL_60_120,CLOSE_POS_MIDDLE_THIRD,ROWS_STANDARD_9_10,4694.36,PREV_CLOSE_PROXY,,NEUTRAL,4769.97,101,4734.101875,35.868125,False,False,SOURCE_LEVEL_RESIDUAL,superset_base_source_superset_q75,132.0,4721.52,48.45,REGIME_LEVEL_RESIDUAL,4724.1,45.87,False,4734.101875,35.868125,False,False,DYNAMIC_RESIDUAL_BETTER,10.001875,False,False,True,DYNAMIC_GT10
2026-04-24,2026-04-23,L6,RANGE_NORMAL_60_120,CLOSE_POS_MIDDLE_THIRD,ROWS_STANDARD_9_10,4694.36,PREV_CLOSE_PROXY,,NEUTRAL,4737.93,101,4717.229375,20.700625,False,False,LEVEL_RESIDUAL,superset_base_level_original_q75,139.0,4707.3125,30.6175,REGIME_LEVEL_RESIDUAL,4709.1,28.83,False,4717.229375,20.700625,False,False,DYNAMIC_RESIDUAL_BETTER,8.129375,False,False,True,DYNAMIC_GT10
2026-04-24,2026-04-23,L7,RANGE_NORMAL_60_120,CLOSE_POS_MIDDLE_THIRD,ROWS_STANDARD_9_10,4694.36,PREV_CLOSE_PROXY,,NEUTRAL,4699.63,101,4699.52625,0.10375,True,True,RANGE_CLOSE_LEVEL_RESIDUAL,superset_base_range_close_superset_recent8_median,8.0,4693.11375,6.51625,REGIME_LEVEL_RESIDUAL,4694.1,5.53,False,4699.52625,0.10375,True,True,DYNAMIC_RESIDUAL_BETTER,5.42625,True,True,True,DYNAMIC_WITHIN_3
2026-04-27,2026-04-24,L4,RANGE_NORMAL_60_120,CLOSE_POS_MIDDLE_THIRD,ROWS_EXTENDED_11_PLUS,4707.26,PREV_CLOSE_PROXY,,NEUTRAL,4789.79,101,4770.34057,19.44943,False,False,LEVEL_RESIDUAL,superset_base_level_superset_recent8_median,8.0,4741.315,48.475,SUPERSET_AUDITED_BASE,4741.315,48.475,False,4770.34057,19.44943,False,False,DYNAMIC_RESIDUAL_BETTER,29.02557,False,False,True,DYNAMIC_GT10
2026-04-27,2026-04-24,L5,RANGE_NORMAL_60_120,CLOSE_POS_MIDDLE_THIRD,ROWS_EXTENDED_11_PLUS,4707.26,PREV_CLOSE_PROXY,,NEUTRAL,4758.08,101,4716.579221,41.500779,False,False,LEVEL_RESIDUAL,superset_base_level_superset_recent8_median,8.0,4700.884166,57.195834,SUPERSET_AUDITED_BASE,4700.884166,57.195833,False,4716.579221,41.500779,False,False,DYNAMIC_RESIDUAL_BETTER,15.695054,False,False,True,DYNAMIC_GT10
2026-04-27,2026-04-24,L6,RANGE_NORMAL_60_120,CLOSE_POS_MIDDLE_THIRD,ROWS_EXTENDED_11_PLUS,4707.26,PREV_CLOSE_PROXY,,NEUTRAL,4722.56,101,4679.056215,43.503785,False,False,LEVEL_RESIDUAL,superset_base_level_original_q75,140.0,4670.89,51.67,SUPERSET_AUDITED_BASE,4670.89,51.67,False,4679.056215,43.503785,False,False,DYNAMIC_RESIDUAL_BETTER,8.166215,False,False,True,DYNAMIC_GT10
2026-04-27,2026-04-24,L7,RANGE_NORMAL_60_120,CLOSE_POS_MIDDLE_THIRD,ROWS_EXTENDED_11_PLUS,4707.26,PREV_CLOSE_PROXY,,NEUTRAL,4688.57,101,4656.42625,32.14375,False,False,RANGE_CLOSE_LEVEL_RESIDUAL,superset_base_range_close_superset_q75,26.0,4641.805,46.765,SUPERSET_AUDITED_BASE,4641.805,46.765,False,4656.42625,32.14375,False,False,DYNAMIC_RESIDUAL_BETTER,14.62125,False,False,True,DYNAMIC_GT10
2026-04-28,2026-04-27,L4,RANGE_NORMAL_60_120,CLOSE_POS_LOWER_THIRD,ROWS_STANDARD_9_10,4681.76,PREV_CLOSE_PROXY,,NEUTRAL,4724.59,101,4722.239792,2.350209,True,True,REGIME_LEVEL_RESIDUAL,superset_base_regime_superset_q25,7.0,4713.955,10.635,REGIME_LEVEL_RESIDUAL,4713.63,10.96,False,4722.239792,2.350209,True,True,DYNAMIC_RESIDUAL_BETTER,8.609791,True,True,True,DYNAMIC_WITHIN_3
2026-04-28,2026-04-27,L5,RANGE_NORMAL_60_120,CLOSE_POS_LOWER_THIRD,ROWS_STANDARD_9_10,4681.76,PREV_CLOSE_PROXY,,NEUTRAL,4687.0,101,4686.059584,0.940416,True,True,REGIME_LEVEL_RESIDUAL,superset_base_regime_superset_q25,7.0,4693.88579,6.88579,REGIME_LEVEL_RESIDUAL,4691.700834,4.700834,True,4686.059584,0.940416,True,True,DYNAMIC_RESIDUAL_BETTER,3.760418,False,True,True,DYNAMIC_WITHIN_3
2026-04-28,2026-04-27,L6,RANGE_NORMAL_60_120,CLOSE_POS_LOWER_THIRD,ROWS_STANDARD_9_10,4681.76,PREV_CLOSE_PROXY,,NEUTRAL,4642.74,101,4644.93375,2.19375,True,True,LEVEL_RESIDUAL,superset_base_level_superset_recent8_median,8.0,4637.731875,5.008125,REGIME_LEVEL_RESIDUAL,4637.16,5.58,False,4644.93375,2.19375,True,True,DYNAMIC_RESIDUAL_BETTER,3.38625,True,True,True,DYNAMIC_WITHIN_3
2026-04-28,2026-04-27,L7,RANGE_NORMAL_60_120,CLOSE_POS_LOWER_THIRD,ROWS_STANDARD_9_10,4681.76,PREV_CLOSE_PROXY,,NEUTRAL,4609.63,101,4608.151343,1.478657,True,True,LEVEL_RESIDUAL,superset_base_level_superset_mean,137.0,4607.470625,2.159375,REGIME_LEVEL_RESIDUAL,4613.925,4.295,True,4608.151343,1.478657,True,True,DYNAMIC_RESIDUAL_BETTER,2.816343,False,True,True,DYNAMIC_WITHIN_3
2026-04-29,2026-04-28,L4,RANGE_WIDE_120_220,CLOSE_POS_LOWER_THIRD,ROWS_STANDARD_9_10,4597.2,PREV_CLOSE_PROXY,,NEUTRAL,4646.78,101,4645.40116,1.37884,True,True,SUPERSET_AUDITED_BASE,ORIGINAL_ORACLE_PRESERVED,,4645.40116,1.37884,SUPERSET_AUDITED_BASE,4645.40116,1.37884,True,4645.40116,1.37884,True,True,SUPERSET_AUDITED_BASE_PRESERVED,0.0,False,False,False,DYNAMIC_WITHIN_3
2026-04-29,2026-04-28,L5,RANGE_WIDE_120_220,CLOSE_POS_LOWER_THIRD,ROWS_STANDARD_9_10,4597.2,PREV_CLOSE_PROXY,,NEUTRAL,4603.92,102,4604.0325,0.1125,True,True,LEVEL_RESIDUAL,superset_base_level_original_median,142.0,4598.539166,5.380834,REGIME_LEVEL_RESIDUAL,4603.4475,0.4725,True,4604.0325,0.1125,True,True,DYNAMIC_RESIDUAL_BETTER,0.36,False,False,True,DYNAMIC_WITHIN_3
2026-04-29,2026-04-28,L6,RANGE_WIDE_120_220,CLOSE_POS_LOWER_THIRD,ROWS_STANDARD_9_10,4597.2,PREV_CLOSE_PROXY,,NEUTRAL,4561.81,101,4562.559038,0.749037,True,True,LEVEL_RESIDUAL,superset_base_level_superset_q75,142.0,4555.05,6.76,REGIME_LEVEL_RESIDUAL,4554.79,7.02,False,4562.559038,0.749037,True,True,DYNAMIC_RESIDUAL_BETTER,6.270963,True,True,True,DYNAMIC_WITHIN_3
2026-04-29,2026-04-28,L7,RANGE_WIDE_120_220,CLOSE_POS_LOWER_THIRD,ROWS_STANDARD_9_10,4597.2,PREV_CLOSE_PROXY,,NEUTRAL,4527.79,102,4527.6075,0.1825,True,True,LEVEL_RESIDUAL,superset_base_level_superset_median,138.0,4523.445,4.345,REGIME_LEVEL_RESIDUAL,4528.75125,0.96125,True,4527.6075,0.1825,True,True,DYNAMIC_RESIDUAL_BETTER,0.77875,False,False,True,DYNAMIC_WITHIN_3
2026-04-30,2026-04-29,L4,RANGE_NORMAL_60_120,CLOSE_POS_LOWER_THIRD,ROWS_STANDARD_9_10,4543.48,PREV_CLOSE_PROXY,,NEUTRAL,4639.2,101,4627.77625,11.42375,False,False,SOURCE_LEVEL_RESIDUAL,superset_base_source_superset_recent8_median,8.0,4595.760625,43.439375,REGIME_LEVEL_RESIDUAL,4591.54,47.66,False,4627.77625,11.42375,False,False,DYNAMIC_RESIDUAL_BETTER,36.23625,False,False,True,DYNAMIC_GT10
2026-04-30,2026-04-29,L5,RANGE_NORMAL_60_120,CLOSE_POS_LOWER_THIRD,ROWS_STANDARD_9_10,4543.48,PREV_CLOSE_PROXY,,NEUTRAL,4599.33,101,4597.455,1.875,True,True,LEVEL_RESIDUAL,superset_base_level_original_recent8_median,8.0,4586.614232,12.715768,REGIME_LEVEL_RESIDUAL,4585.29,14.04,False,4597.455,1.875,True,True,DYNAMIC_RESIDUAL_BETTER,12.165,True,True,True,DYNAMIC_WITHIN_3
2026-04-30,2026-04-29,L6,RANGE_NORMAL_60_120,CLOSE_POS_LOWER_THIRD,ROWS_STANDARD_9_10,4543.48,PREV_CLOSE_PROXY,,NEUTRAL,4555.58,101,4543.47993,12.10007,False,False,LEVEL_RESIDUAL,superset_base_level_original_q75,143.0,4533.99,21.59,REGIME_LEVEL_RESIDUAL,4535.29,20.29,False,4543.47993,12.10007,False,False,DYNAMIC_RESIDUAL_BETTER,8.18993,False,False,True,DYNAMIC_GT10
2026-04-30,2026-04-29,L7,RANGE_NORMAL_60_120,CLOSE_POS_LOWER_THIRD,ROWS_STANDARD_9_10,4543.48,PREV_CLOSE_PROXY,,NEUTRAL,4521.25,101,4521.028125,0.221875,True,True,SOURCE_LEVEL_RESIDUAL,superset_base_source_superset_q75,134.0,4504.435937,16.814063,REGIME_LEVEL_RESIDUAL,4510.29,10.96,False,4521.028125,0.221875,True,True,DYNAMIC_RESIDUAL_BETTER,10.738125,True,True,True,DYNAMIC_WITHIN_3
2026-05-01,2026-04-30,L4,RANGE_NORMAL_60_120,CLOSE_POS_UPPER_THIRD,ROWS_STANDARD_9_10,4621.76,PREV_CLOSE_PROXY,,NEUTRAL,4640.24,101,4639.605937,0.634063,True,True,RANGE_CLOSE_LEVEL_RESIDUAL,superset_base_range_close_superset_q25,32.0,4641.194687,0.954687,REGIME_LEVEL_RESIDUAL,4642.49,2.25,True,4639.605937,0.634063,True,True,DYNAMIC_RESIDUAL_BETTER,1.615937,False,False,True,DYNAMIC_WITHIN_3
2026-05-01,2026-04-30,L5,RANGE_NORMAL_60_120,CLOSE_POS_UPPER_THIRD,ROWS_STANDARD_9_10,4621.76,PREV_CLOSE_PROXY,,NEUTRAL,4599.79,102,4599.15868,0.63132,True,True,SOURCE_LEVEL_RESIDUAL,superset_base_source_original_q25,8.0,4606.406875,6.616875,REGIME_LEVEL_RESIDUAL,4604.90118,5.11118,False,4599.15868,0.63132,True,True,DYNAMIC_RESIDUAL_BETTER,4.47986,True,True,True,DYNAMIC_WITHIN_3
2026-05-01,2026-04-30,L6,RANGE_NORMAL_60_120,CLOSE_POS_UPPER_THIRD,ROWS_STANDARD_9_10,4621.76,PREV_CLOSE_PROXY,,NEUTRAL,4556.84,101,4581.12,24.28,False,False,SOURCE_LEVEL_RESIDUAL,superset_base_source_superset_q25,129.0,4594.705179,37.865179,REGIME_LEVEL_RESIDUAL,4593.12,36.28,False,4581.12,24.28,False,False,DYNAMIC_RESIDUAL_BETTER,12.0,False,False,True,DYNAMIC_GT10
2026-05-01,2026-04-30,L7,RANGE_NORMAL_60_120,CLOSE_POS_UPPER_THIRD,ROWS_STANDARD_9_10,4621.76,PREV_CLOSE_PROXY,,NEUTRAL,4517.48,101,4539.03375,21.55375,False,False,SOURCE_LEVEL_RESIDUAL,superset_base_source_superset_q25,135.0,4556.867625,39.387625,REGIME_LEVEL_RESIDUAL,4556.875,39.395,False,4539.03375,21.55375,False,False,DYNAMIC_RESIDUAL_BETTER,17.84125,False,False,True,DYNAMIC_GT10
2026-05-04,2026-05-01,L4,RANGE_NORMAL_60_120,CLOSE_POS_MIDDLE_THIRD,ROWS_STANDARD_9_10,4615.53,PREV_CLOSE_PROXY,,NEUTRAL,4645.95,101,4645.941985,0.008015,True,True,REGIME_LEVEL_RESIDUAL,superset_base_regime_original_mean,17.0,4643.21,2.74,REGIME_LEVEL_RESIDUAL,4642.8125,3.1375,True,4645.941985,0.008015,True,True,DYNAMIC_RESIDUAL_BETTER,3.129485,False,True,True,DYNAMIC_WITHIN_3
2026-05-04,2026-05-01,L5,RANGE_NORMAL_60_120,CLOSE_POS_MIDDLE_THIRD,ROWS_STANDARD_9_10,4615.53,PREV_CLOSE_PROXY,,NEUTRAL,4606.0,101,4606.29625,0.29625,True,True,RANGE_CLOSE_LEVEL_RESIDUAL,superset_base_range_close_superset_q25,27.0,4606.64625,0.64625,REGIME_LEVEL_RESIDUAL,4609.05125,3.05125,True,4606.29625,0.29625,True,True,DYNAMIC_RESIDUAL_BETTER,2.755,False,True,True,DYNAMIC_WITHIN_3
2026-05-04,2026-05-01,L6,RANGE_NORMAL_60_120,CLOSE_POS_MIDDLE_THIRD,ROWS_STANDARD_9_10,4615.53,PREV_CLOSE_PROXY,,NEUTRAL,4565.35,101,4579.46323,14.11323,False,False,REGIME_LEVEL_RESIDUAL,superset_base_regime_superset_q25,17.0,4596.57323,31.22323,REGIME_LEVEL_RESIDUAL,4596.90323,31.55323,False,4579.46323,14.11323,False,False,DYNAMIC_RESIDUAL_BETTER,17.44,False,False,True,DYNAMIC_GT10
2026-05-04,2026-05-01,L7,RANGE_NORMAL_60_120,CLOSE_POS_MIDDLE_THIRD,ROWS_STANDARD_9_10,4615.53,PREV_CLOSE_PROXY,,NEUTRAL,4522.79,101,4522.98875,0.19875,True,True,REGIME_LEVEL_RESIDUAL,superset_base_regime_superset_recent8_median,8.0,4513.38625,9.40375,REGIME_LEVEL_RESIDUAL,4514.03625,8.75375,False,4522.98875,0.19875,True,True,DYNAMIC_RESIDUAL_BETTER,8.555,True,True,True,DYNAMIC_WITHIN_3
2026-05-05,2026-05-04,L4,RANGE_WIDE_120_220,CLOSE_POS_LOWER_THIRD,ROWS_EXTENDED_11_PLUS,4523.73,PREV_CLOSE_PROXY,,NEUTRAL,4636.32,81,4636.440677,0.120677,True,True,RANGE_CLOSE_LEVEL_RESIDUAL,superset_base_range_close_superset_mean,10.0,4638.5,2.18,SUPERSET_AUDITED_BASE,4638.5,2.18,True,4636.440677,0.120677,True,True,DYNAMIC_RESIDUAL_BETTER,2.059323,False,False,True,DYNAMIC_WITHIN_3
2026-05-05,2026-05-04,L5,RANGE_WIDE_120_220,CLOSE_POS_LOWER_THIRD,ROWS_EXTENDED_11_PLUS,4523.73,PREV_CLOSE_PROXY,,NEUTRAL,4598.4,81,4598.1175,0.2825,True,True,RANGE_CLOSE_LEVEL_RESIDUAL,superset_base_range_close_superset_recent8_median,7.0,4603.995,5.595,SUPERSET_AUDITED_BASE,4603.995,5.595,False,4598.1175,0.2825,True,True,DYNAMIC_RESIDUAL_BETTER,5.3125,True,True,True,DYNAMIC_WITHIN_3
2026-05-05,2026-05-04,L6,RANGE_WIDE_120_220,CLOSE_POS_LOWER_THIRD,ROWS_EXTENDED_11_PLUS,4523.73,PREV_CLOSE_PROXY,,NEUTRAL,4558.99,101,4557.698635,1.291365,True,True,LEVEL_RESIDUAL,superset_base_level_superset_q25,146.0,4569.49,10.5,SUPERSET_AUDITED_BASE,4569.49,10.5,False,4557.698635,1.291365,True,True,DYNAMIC_RESIDUAL_BETTER,9.208635,True,True,True,DYNAMIC_WITHIN_3
2026-05-05,2026-05-04,L7,RANGE_WIDE_120_220,CLOSE_POS_LOWER_THIRD,ROWS_EXTENDED_11_PLUS,4523.73,PREV_CLOSE_PROXY,,NEUTRAL,4518.42,101,4513.324167,5.095833,False,False,REGIME_LEVEL_RESIDUAL,superset_base_regime_superset_mean,3.0,4542.485,24.065,SUPERSET_AUDITED_BASE,4542.485,24.065,False,4513.324167,5.095833,False,False,DYNAMIC_RESIDUAL_BETTER,18.969167,False,False,True,DYNAMIC_WITHIN_10
2026-05-06,2026-05-05,L4,RANGE_NORMAL_60_120,CLOSE_POS_MIDDLE_THIRD,ROWS_STANDARD_9_10,4557.19,PREV_CLOSE_PROXY,,NEUTRAL,4644.75,101,4645.065,0.315,True,True,SOURCE_LEVEL_RESIDUAL,superset_base_source_superset_q75,133.0,4631.325,13.425,REGIME_LEVEL_RESIDUAL,4629.5575,15.1925,False,4645.065,0.315,True,True,DYNAMIC_RESIDUAL_BETTER,14.8775,True,True,True,DYNAMIC_WITHIN_3
2026-05-06,2026-05-05,L5,RANGE_NORMAL_60_120,CLOSE_POS_MIDDLE_THIRD,ROWS_STANDARD_9_10,4557.19,PREV_CLOSE_PROXY,,NEUTRAL,4601.04,101,4600.912812,0.127188,True,True,REGIME_LEVEL_RESIDUAL,superset_base_regime_superset_q25,18.0,4600.912812,0.127188,REGIME_LEVEL_RESIDUAL,4603.8025,2.7625,True,4600.912812,0.127188,True,True,DYNAMIC_RESIDUAL_BETTER,2.635312,False,False,True,DYNAMIC_WITHIN_3
2026-05-06,2026-05-05,L6,RANGE_NORMAL_60_120,CLOSE_POS_MIDDLE_THIRD,ROWS_STANDARD_9_10,4557.19,PREV_CLOSE_PROXY,,NEUTRAL,4556.82,101,4556.885,0.065,True,True,LEVEL_RESIDUAL,superset_base_level_superset_median,147.0,4555.4025,1.4175,REGIME_LEVEL_RESIDUAL,4557.19,0.37,True,4556.885,0.065,True,True,DYNAMIC_RESIDUAL_BETTER,0.305,False,False,True,DYNAMIC_WITHIN_3
2026-05-06,2026-05-05,L7,RANGE_NORMAL_60_120,CLOSE_POS_MIDDLE_THIRD,ROWS_STANDARD_9_10,4557.19,PREV_CLOSE_PROXY,,NEUTRAL,4510.42,101,4516.346483,5.926483,False,False,LEVEL_RESIDUAL,superset_base_level_original_mean,143.0,4521.72,11.3,REGIME_LEVEL_RESIDUAL,4522.2925,11.8725,False,4516.346483,5.926483,False,False,DYNAMIC_RESIDUAL_BETTER,5.946017,False,False,True,DYNAMIC_WITHIN_10
2026-05-07,2026-05-06,L4,RANGE_WIDE_120_220,CLOSE_POS_UPPER_THIRD,ROWS_STANDARD_9_10,4690.84,PREV_CLOSE_PROXY,,NEUTRAL,4728.08,101,4735.452188,7.372188,False,False,REGIME_LEVEL_RESIDUAL,superset_base_regime_superset_q25,4.0,4753.06,24.98,SUPERSET_AUDITED_BASE,4753.06,24.98,False,4735.452188,7.372188,False,False,DYNAMIC_RESIDUAL_BETTER,17.607812,False,False,True,DYNAMIC_WITHIN_10
2026-05-07,2026-05-06,L5,RANGE_WIDE_120_220,CLOSE_POS_UPPER_THIRD,ROWS_STANDARD_9_10,4690.84,PREV_CLOSE_PROXY,,NEUTRAL,4678.95,101,4689.8475,10.8975,False,False,REGIME_LEVEL_RESIDUAL,superset_base_regime_superset_q25,4.0,4701.385,22.435,SUPERSET_AUDITED_BASE,4701.385,22.435,False,4689.8475,10.8975,False,False,DYNAMIC_RESIDUAL_BETTER,11.5375,False,False,True,DYNAMIC_GT10
2026-05-07,2026-05-06,L6,RANGE_WIDE_120_220,CLOSE_POS_UPPER_THIRD,ROWS_STANDARD_9_10,4690.84,PREV_CLOSE_PROXY,,NEUTRAL,4638.72,101,4640.94328,2.22328,True,True,SOURCE_LEVEL_RESIDUAL,superset_base_source_superset_q25,133.0,4653.42,14.7,SUPERSET_AUDITED_BASE,4653.42,14.7,False,4640.94328,2.22328,True,True,DYNAMIC_RESIDUAL_BETTER,12.47672,True,True,True,DYNAMIC_WITHIN_3
2026-05-07,2026-05-06,L7,RANGE_WIDE_120_220,CLOSE_POS_UPPER_THIRD,ROWS_STANDARD_9_10,4690.84,PREV_CLOSE_PROXY,,NEUTRAL,4599.88,101,4599.6625,0.2175,True,True,RANGE_CLOSE_LEVEL_RESIDUAL,superset_base_range_close_superset_q25,13.0,4623.8725,23.9925,SUPERSET_AUDITED_BASE,4623.8725,23.9925,False,4599.6625,0.2175,True,True,DYNAMIC_RESIDUAL_BETTER,23.775,True,True,True,DYNAMIC_WITHIN_3
2026-05-08,2026-05-07,L4,RANGE_NORMAL_60_120,CLOSE_POS_LOWER_THIRD,ROWS_STANDARD_9_10,4687.08,PREV_CLOSE_PROXY,,NEUTRAL,4730.4,102,4730.3475,0.0525,True,True,RANGE_CLOSE_LEVEL_RESIDUAL,original_base_range_close_superset_q25,14.0,4741.158125,10.758125,REGIME_LEVEL_RESIDUAL,4733.041875,2.641875,True,4730.3475,0.0525,True,True,DYNAMIC_RESIDUAL_BETTER,2.589375,False,False,True,DYNAMIC_WITHIN_3
2026-05-08,2026-05-07,L5,RANGE_NORMAL_60_120,CLOSE_POS_LOWER_THIRD,ROWS_STANDARD_9_10,4687.08,PREV_CLOSE_PROXY,,NEUTRAL,4682.05,101,4684.6425,2.5925,True,True,RANGE_CLOSE_LEVEL_RESIDUAL,superset_base_range_close_superset_q25,15.0,4699.053345,17.003345,REGIME_LEVEL_RESIDUAL,4696.31625,14.26625,False,4684.6425,2.5925,True,True,DYNAMIC_RESIDUAL_BETTER,11.67375,True,True,True,DYNAMIC_WITHIN_3
2026-05-08,2026-05-07,L6,RANGE_NORMAL_60_120,CLOSE_POS_LOWER_THIRD,ROWS_STANDARD_9_10,4687.08,PREV_CLOSE_PROXY,,NEUTRAL,4635.49,101,4682.76625,47.27625,False,False,RANGE_CLOSE_LEVEL_RESIDUAL,superset_base_range_close_superset_q25,15.0,4697.18375,61.69375,REGIME_LEVEL_RESIDUAL,4697.04375,61.55375,False,4682.76625,47.27625,False,False,DYNAMIC_RESIDUAL_BETTER,14.2775,False,False,True,DYNAMIC_GT10
2026-05-08,2026-05-07,L7,RANGE_NORMAL_60_120,CLOSE_POS_LOWER_THIRD,ROWS_STANDARD_9_10,4687.08,PREV_CLOSE_PROXY,,NEUTRAL,4595.54,101,4595.108539,0.431461,True,True,RANGE_CLOSE_LEVEL_RESIDUAL,superset_base_range_close_superset_mean,15.0,4596.13,0.59,REGIME_LEVEL_RESIDUAL,4600.425,4.885,True,4595.108539,0.431461,True,True,DYNAMIC_RESIDUAL_BETTER,4.453539,False,True,True,DYNAMIC_WITHIN_3
2026-05-11,2026-05-08,L4,RANGE_NORMAL_60_120,CLOSE_POS_MIDDLE_THIRD,ROWS_STANDARD_9_10,4715.62,PREV_CLOSE_PROXY,,NEUTRAL,4790.81,101,4791.73317,0.92317,True,True,LEVEL_RESIDUAL,superset_base_level_superset_recent8_median,8.0,4795.27125,4.46125,REGIME_LEVEL_RESIDUAL,4792.13375,1.32375,True,4791.73317,0.92317,True,True,DYNAMIC_RESIDUAL_BETTER,0.40058,False,False,True,DYNAMIC_WITHIN_3
2026-05-11,2026-05-08,L5,RANGE_NORMAL_60_120,CLOSE_POS_MIDDLE_THIRD,ROWS_STANDARD_9_10,4715.62,PREV_CLOSE_PROXY,,NEUTRAL,4756.62,101,4738.5175,18.1025,False,False,SOURCE_LEVEL_RESIDUAL,superset_base_source_superset_q75,141.0,4725.558125,31.061875,REGIME_LEVEL_RESIDUAL,4728.465,28.155,False,4738.5175,18.1025,False,False,DYNAMIC_RESIDUAL_BETTER,10.0525,False,False,True,DYNAMIC_GT10
2026-05-11,2026-05-08,L6,RANGE_NORMAL_60_120,CLOSE_POS_MIDDLE_THIRD,ROWS_STANDARD_9_10,4715.62,PREV_CLOSE_PROXY,,NEUTRAL,4721.87,102,4721.7825,0.0875,True,True,RANGE_CLOSE_LEVEL_RESIDUAL,original_base_range_close_original_q75,29.0,4717.195625,4.674375,REGIME_LEVEL_RESIDUAL,4717.565625,4.304375,True,4721.7825,0.0875,True,True,DYNAMIC_RESIDUAL_BETTER,4.216875,False,True,True,DYNAMIC_WITHIN_3
2026-05-11,2026-05-08,L7,RANGE_NORMAL_60_120,CLOSE_POS_MIDDLE_THIRD,ROWS_STANDARD_9_10,4715.62,PREV_CLOSE_PROXY,,NEUTRAL,4684.33,101,4684.40875,0.07875,True,True,REGIME_LEVEL_RESIDUAL,superset_base_regime_original_q25,19.0,4684.40875,0.07875,REGIME_LEVEL_RESIDUAL,4685.73125,1.40125,True,4684.40875,0.07875,True,True,DYNAMIC_RESIDUAL_BETTER,1.3225,False,False,True,DYNAMIC_WITHIN_3
2026-05-12,2026-05-11,L4,RANGE_NORMAL_60_120,CLOSE_POS_UPPER_THIRD,ROWS_STANDARD_9_10,4734.64,PREV_CLOSE_PROXY,,NEUTRAL,4786.09,101,4789.229146,3.139146,False,True,LEVEL_RESIDUAL,superset_base_level_original_q25,150.0,4792.57625,6.48625,REGIME_LEVEL_RESIDUAL,4794.82625,8.73625,False,4789.229146,3.139146,False,True,DYNAMIC_RESIDUAL_BETTER,5.597104,True,False,True,DYNAMIC_WITHIN_5
2026-05-12,2026-05-11,L5,RANGE_NORMAL_60_120,CLOSE_POS_UPPER_THIRD,ROWS_STANDARD_9_10,4734.64,PREV_CLOSE_PROXY,,NEUTRAL,4752.28,101,4742.86875,9.41125,False,False,SOURCE_LEVEL_RESIDUAL,superset_base_source_superset_q75,142.0,4734.5075,17.7725,REGIME_LEVEL_RESIDUAL,4732.8125,19.4675,False,4742.86875,9.41125,False,False,DYNAMIC_RESIDUAL_BETTER,10.05625,False,False,True,DYNAMIC_WITHIN_10
2026-05-12,2026-05-11,L6,RANGE_NORMAL_60_120,CLOSE_POS_UPPER_THIRD,ROWS_STANDARD_9_10,4734.64,PREV_CLOSE_PROXY,,NEUTRAL,4717.37,101,4717.17873,0.19127,True,True,REGIME_LEVEL_RESIDUAL,superset_base_regime_original_median,25.0,4715.576006,1.793994,REGIME_LEVEL_RESIDUAL,4715.505434,1.864566,True,4717.17873,0.19127,True,True,DYNAMIC_RESIDUAL_BETTER,1.673296,False,False,True,DYNAMIC_WITHIN_3
2026-05-12,2026-05-11,L7,RANGE_NORMAL_60_120,CLOSE_POS_UPPER_THIRD,ROWS_STANDARD_9_10,4734.64,PREV_CLOSE_PROXY,,NEUTRAL,4680.73,101,4681.666875,0.936875,True,True,LEVEL_RESIDUAL,superset_base_level_superset_q75,147.0,4673.08375,7.64625,REGIME_LEVEL_RESIDUAL,4673.2525,7.4775,False,4681.666875,0.936875,True,True,DYNAMIC_RESIDUAL_BETTER,6.540625,True,True,True,DYNAMIC_WITHIN_3
2026-05-13,2026-05-12,L4,RANGE_WIDE_120_220,CLOSE_POS_MIDDLE_THIRD,ROWS_STANDARD_9_10,4715.15,PREV_CLOSE_PROXY,,NEUTRAL,4786.09,101,4786.11875,0.02875,True,True,LEVEL_RESIDUAL,superset_base_level_original_median,151.0,4785.455,0.635,REGIME_LEVEL_RESIDUAL,4782.8225,3.2675,True,4786.11875,0.02875,True,True,DYNAMIC_RESIDUAL_BETTER,3.23875,False,True,True,DYNAMIC_WITHIN_3
2026-05-13,2026-05-12,L5,RANGE_WIDE_120_220,CLOSE_POS_MIDDLE_THIRD,ROWS_STANDARD_9_10,4715.15,PREV_CLOSE_PROXY,,NEUTRAL,4746.53,101,4745.345625,1.184375,True,True,RANGE_CLOSE_LEVEL_RESIDUAL,superset_base_range_close_superset_q25,12.0,4759.023707,12.493707,REGIME_LEVEL_RESIDUAL,4756.5725,10.0425,False,4745.345625,1.184375,True,True,DYNAMIC_RESIDUAL_BETTER,8.858125,True,True,True,DYNAMIC_WITHIN_3
2026-05-13,2026-05-12,L6,RANGE_WIDE_120_220,CLOSE_POS_MIDDLE_THIRD,ROWS_STANDARD_9_10,4715.15,PREV_CLOSE_PROXY,,NEUTRAL,4707.42,101,4708.6325,1.2125,True,True,LEVEL_RESIDUAL,superset_base_level_superset_median,152.0,4709.224104,1.804104,REGIME_LEVEL_RESIDUAL,4708.95,1.53,True,4708.6325,1.2125,True,True,DYNAMIC_RESIDUAL_BETTER,0.3175,False,False,True,DYNAMIC_WITHIN_3
2026-05-13,2026-05-12,L7,RANGE_WIDE_120_220,CLOSE_POS_MIDDLE_THIRD,ROWS_STANDARD_9_10,4715.15,PREV_CLOSE_PROXY,,NEUTRAL,4670.27,101,4671.5125,1.2425,True,True,REGIME_LEVEL_RESIDUAL,superset_base_regime_superset_q75,11.0,4660.0725,10.1975,REGIME_LEVEL_RESIDUAL,4658.8775,11.3925,False,4671.5125,1.2425,True,True,DYNAMIC_RESIDUAL_BETTER,10.15,True,True,True,DYNAMIC_WITHIN_3
2026-05-14,2026-05-13,L4,RANGE_COMPRESSED_0_60,CLOSE_POS_MIDDLE_THIRD,ROWS_STANDARD_9_10,4688.78,PREV_CLOSE_PROXY,,NEUTRAL,4768.67,101,4768.696614,0.026614,True,True,REGIME_LEVEL_RESIDUAL,superset_base_regime_superset_q75,3.0,4745.86625,22.80375,SUPERSET_AUDITED_BASE,4745.86625,22.80375,False,4768.696614,0.026614,True,True,DYNAMIC_RESIDUAL_BETTER,22.777136,True,True,True,DYNAMIC_WITHIN_3
2026-05-14,2026-05-13,L5,RANGE_COMPRESSED_0_60,CLOSE_POS_MIDDLE_THIRD,ROWS_STANDARD_9_10,4688.78,PREV_CLOSE_PROXY,,NEUTRAL,4734.88,101,4730.783962,4.096038,False,True,RANGE_CLOSE_LEVEL_RESIDUAL,superset_base_range_close_superset_q75,8.0,4712.4525,22.4275,SUPERSET_AUDITED_BASE,4712.4525,22.4275,False,4730.783962,4.096038,False,True,DYNAMIC_RESIDUAL_BETTER,18.331462,True,False,True,DYNAMIC_WITHIN_5
2026-05-14,2026-05-13,L6,RANGE_COMPRESSED_0_60,CLOSE_POS_MIDDLE_THIRD,ROWS_STANDARD_9_10,4688.78,PREV_CLOSE_PROXY,,NEUTRAL,4699.33,101,4681.948125,17.381875,False,False,RANGE_CLOSE_LEVEL_RESIDUAL,superset_base_range_close_superset_q75,8.0,4669.47,29.86,SUPERSET_AUDITED_BASE,4669.47,29.86,False,4681.948125,17.381875,False,False,DYNAMIC_RESIDUAL_BETTER,12.478125,False,False,True,DYNAMIC_GT10
2026-05-14,2026-05-13,L7,RANGE_COMPRESSED_0_60,CLOSE_POS_MIDDLE_THIRD,ROWS_STANDARD_9_10,4688.78,PREV_CLOSE_PROXY,,NEUTRAL,4670.27,101,4655.020625,15.249375,False,False,RANGE_CLOSE_LEVEL_RESIDUAL,superset_base_range_close_superset_q75,8.0,4639.47,30.8,SUPERSET_AUDITED_BASE,4639.47,30.8,False,4655.020625,15.249375,False,False,DYNAMIC_RESIDUAL_BETTER,15.550625,False,False,True,DYNAMIC_GT10
2026-05-15,2026-05-14,L4,RANGE_NORMAL_60_120,CLOSE_POS_LOWER_THIRD,ROWS_STANDARD_9_10,4652.36,PREV_CLOSE_PROXY,,NEUTRAL,4693.67,102,4693.84927,0.17927,True,True,SOURCE_LEVEL_RESIDUAL,superset_base_source_superset_median,14.0,4695.850625,2.180625,REGIME_LEVEL_RESIDUAL,4690.75875,2.91125,True,4693.84927,0.17927,True,True,DYNAMIC_RESIDUAL_BETTER,2.73198,False,False,True,DYNAMIC_WITHIN_3
2026-05-15,2026-05-14,L5,RANGE_NORMAL_60_120,CLOSE_POS_LOWER_THIRD,ROWS_STANDARD_9_10,4652.36,PREV_CLOSE_PROXY,,NEUTRAL,4665.63,101,4665.034559,0.595441,True,True,LEVEL_RESIDUAL,superset_base_level_superset_recent8_median,8.0,4670.25007,4.62007,REGIME_LEVEL_RESIDUAL,4669.213309,3.583309,True,4665.034559,0.595441,True,True,DYNAMIC_RESIDUAL_BETTER,2.987868,False,True,True,DYNAMIC_WITHIN_3
2026-05-15,2026-05-14,L6,RANGE_NORMAL_60_120,CLOSE_POS_LOWER_THIRD,ROWS_STANDARD_9_10,4652.36,PREV_CLOSE_PROXY,,NEUTRAL,4635.27,101,4636.100938,0.830937,True,True,RANGE_CLOSE_LEVEL_RESIDUAL,superset_base_range_close_superset_q25,16.0,4654.215,18.945,REGIME_LEVEL_RESIDUAL,4655.515,20.245,False,4636.100938,0.830937,True,True,DYNAMIC_RESIDUAL_BETTER,19.414063,True,True,True,DYNAMIC_WITHIN_3
2026-05-15,2026-05-14,L7,RANGE_NORMAL_60_120,CLOSE_POS_LOWER_THIRD,ROWS_STANDARD_9_10,4652.36,PREV_CLOSE_PROXY,,NEUTRAL,4600.62,101,4599.1725,1.4475,True,True,SOURCE_LEVEL_RESIDUAL,superset_base_source_superset_q75,145.0,4583.8825,16.7375,REGIME_LEVEL_RESIDUAL,4588.325,12.295,False,4599.1725,1.4475,True,True,DYNAMIC_RESIDUAL_BETTER,10.8475,True,True,True,DYNAMIC_WITHIN_3
2026-05-18,2026-05-15,L4,RANGE_WIDE_120_220,CLOSE_POS_LOWER_THIRD,ROWS_STANDARD_9_10,4538.64,PREV_CLOSE_PROXY,,NEUTRAL,4564.33,101,4564.619996,0.289996,True,True,LEVEL_RESIDUAL,superset_base_level_original_q25,154.0,4570.406639,6.076639,REGIME_LEVEL_RESIDUAL,4570.2171,5.8871,False,4564.619996,0.289996,True,True,DYNAMIC_RESIDUAL_BETTER,5.597104,True,True,True,DYNAMIC_WITHIN_3
2026-05-18,2026-05-15,L5,RANGE_WIDE_120_220,CLOSE_POS_LOWER_THIRD,ROWS_STANDARD_9_10,4538.64,PREV_CLOSE_PROXY,,NEUTRAL,4539.06,101,4539.199375,0.139375,True,True,RANGE_CLOSE_LEVEL_RESIDUAL,superset_base_range_close_superset_q75,12.0,4539.719583,0.659583,REGIME_LEVEL_RESIDUAL,4538.64,0.42,True,4539.199375,0.139375,True,True,DYNAMIC_RESIDUAL_BETTER,0.280625,False,False,True,DYNAMIC_WITHIN_3
2026-05-18,2026-05-15,L6,RANGE_WIDE_120_220,CLOSE_POS_LOWER_THIRD,ROWS_STANDARD_9_10,4538.64,PREV_CLOSE_PROXY,,NEUTRAL,4511.93,101,4511.51,0.42,True,True,LEVEL_RESIDUAL,superset_base_level_original_median,155.0,4508.9875,2.9425,REGIME_LEVEL_RESIDUAL,4511.37,0.56,True,4511.51,0.42,True,True,DYNAMIC_RESIDUAL_BETTER,0.14,False,False,True,DYNAMIC_WITHIN_3
2026-05-18,2026-05-15,L7,RANGE_WIDE_120_220,CLOSE_POS_LOWER_THIRD,ROWS_STANDARD_9_10,4538.64,PREV_CLOSE_PROXY,,NEUTRAL,4481.32,101,4481.2875,0.0325,True,True,REGIME_LEVEL_RESIDUAL,superset_base_regime_original_q75,8.0,4481.2875,0.0325,REGIME_LEVEL_RESIDUAL,4481.37,0.05,True,4481.2875,0.0325,True,True,DYNAMIC_RESIDUAL_BETTER,0.0175,False,False,True,DYNAMIC_WITHIN_3
2026-05-19,2026-05-18,L4,RANGE_NORMAL_60_120,CLOSE_POS_UPPER_THIRD,ROWS_STANDARD_9_10,4566.12,PREV_CLOSE_PROXY,,NEUTRAL,4606.82,101,4625.14875,18.32875,False,False,REGIME_LEVEL_RESIDUAL,superset_base_regime_original_q25,26.0,4626.998125,20.178125,REGIME_LEVEL_RESIDUAL,4630.96,24.14,False,4625.14875,18.32875,False,False,DYNAMIC_RESIDUAL_BETTER,5.81125,False,False,True,DYNAMIC_GT10
2026-05-19,2026-05-18,L5,RANGE_NORMAL_60_120,CLOSE_POS_UPPER_THIRD,ROWS_STANDARD_9_10,4566.12,PREV_CLOSE_PROXY,,NEUTRAL,4586.21,101,4578.169375,8.040625,False,False,SOURCE_LEVEL_RESIDUAL,superset_base_source_superset_q75,147.0,4569.8175,16.3925,REGIME_LEVEL_RESIDUAL,4567.675,18.535,False,4578.169375,8.040625,False,False,DYNAMIC_RESIDUAL_BETTER,10.494375,False,False,True,DYNAMIC_WITHIN_10
2026-05-19,2026-05-18,L6,RANGE_NORMAL_60_120,CLOSE_POS_UPPER_THIRD,ROWS_STANDARD_9_10,4566.12,PREV_CLOSE_PROXY,,NEUTRAL,4558.95,101,4558.349496,0.600503,True,True,LEVEL_RESIDUAL,superset_base_level_original_q75,156.0,4550.366256,8.583744,REGIME_LEVEL_RESIDUAL,4550.226684,8.723316,False,4558.349496,0.600503,True,True,DYNAMIC_RESIDUAL_BETTER,8.122813,True,True,True,DYNAMIC_WITHIN_3
2026-05-19,2026-05-18,L7,RANGE_NORMAL_60_120,CLOSE_POS_UPPER_THIRD,ROWS_STANDARD_9_10,4566.12,PREV_CLOSE_PROXY,,NEUTRAL,4532.84,101,4524.82375,8.01625,False,False,SOURCE_LEVEL_RESIDUAL,superset_base_source_superset_q75,147.0,4514.011875,18.828125,REGIME_LEVEL_RESIDUAL,4513.92,18.92,False,4524.82375,8.01625,False,False,DYNAMIC_RESIDUAL_BETTER,10.90375,False,False,True,DYNAMIC_WITHIN_10
2026-05-20,2026-05-19,L4,RANGE_WIDE_120_220,CLOSE_POS_LOWER_THIRD,ROWS_STANDARD_9_10,4481.92,PREV_CLOSE_PROXY,,NEUTRAL,4529.64,102,4529.601875,0.038125,True,True,LEVEL_RESIDUAL,superset_base_level_superset_median,156.0,4525.749959,3.890041,REGIME_LEVEL_RESIDUAL,4526.32,3.32,True,4529.601875,0.038125,True,True,DYNAMIC_RESIDUAL_BETTER,3.281875,False,True,True,DYNAMIC_WITHIN_3
2026-05-20,2026-05-19,L5,RANGE_WIDE_120_220,CLOSE_POS_LOWER_THIRD,ROWS_STANDARD_9_10,4481.92,PREV_CLOSE_PROXY,,NEUTRAL,4506.6,101,4507.118291,0.518291,True,True,REGIME_LEVEL_RESIDUAL,superset_base_regime_original_q75,9.0,4505.679958,0.920042,REGIME_LEVEL_RESIDUAL,4505.259958,1.340042,True,4507.118291,0.518291,True,True,DYNAMIC_RESIDUAL_BETTER,0.821751,False,False,True,DYNAMIC_WITHIN_3
2026-05-20,2026-05-19,L6,RANGE_WIDE_120_220,CLOSE_POS_LOWER_THIRD,ROWS_STANDARD_9_10,4481.92,PREV_CLOSE_PROXY,,NEUTRAL,4487.59,101,4488.09,0.5,True,True,RANGE_CLOSE_LEVEL_RESIDUAL,superset_base_range_close_superset_q75,14.0,4483.245,4.345,REGIME_LEVEL_RESIDUAL,4482.685,4.905,True,4488.09,0.5,True,True,DYNAMIC_RESIDUAL_BETTER,4.405,False,True,True,DYNAMIC_WITHIN_3
2026-05-20,2026-05-19,L7,RANGE_WIDE_120_220,CLOSE_POS_LOWER_THIRD,ROWS_STANDARD_9_10,4481.92,PREV_CLOSE_PROXY,,NEUTRAL,4462.0,101,4462.141562,0.141562,True,True,RANGE_CLOSE_LEVEL_RESIDUAL,superset_base_range_close_superset_q75,14.0,4463.09,1.09,REGIME_LEVEL_RESIDUAL,4463.14,1.14,True,4462.141562,0.141562,True,True,DYNAMIC_RESIDUAL_BETTER,0.998438,False,False,True,DYNAMIC_WITHIN_3
2026-05-21,2026-05-20,L4,RANGE_NORMAL_60_120,CLOSE_POS_UPPER_THIRD,ROWS_STANDARD_9_10,4543.62,PREV_CLOSE_PROXY,,NEUTRAL,4608.29,101,4610.34625,2.05625,True,True,REGIME_LEVEL_RESIDUAL,superset_base_regime_superset_q75,27.0,4602.885,5.405,REGIME_LEVEL_RESIDUAL,4598.845,9.445,False,4610.34625,2.05625,True,True,DYNAMIC_RESIDUAL_BETTER,7.38875,True,True,True,DYNAMIC_WITHIN_3
2026-05-21,2026-05-20,L5,RANGE_NORMAL_60_120,CLOSE_POS_UPPER_THIRD,ROWS_STANDARD_9_10,4543.62,PREV_CLOSE_PROXY,,NEUTRAL,4582.07,101,4548.21625,33.85375,False,False,SOURCE_LEVEL_RESIDUAL,superset_base_source_superset_q75,149.0,4535.29875,46.77125,REGIME_LEVEL_RESIDUAL,4537.285,44.785,False,4548.21625,33.85375,False,False,DYNAMIC_RESIDUAL_BETTER,10.93125,False,False,True,DYNAMIC_GT10
2026-05-21,2026-05-20,L6,RANGE_NORMAL_60_120,CLOSE_POS_UPPER_THIRD,ROWS_STANDARD_9_10,4543.62,PREV_CLOSE_PROXY,,NEUTRAL,4554.33,101,4536.045938,18.284062,False,False,LEVEL_RESIDUAL,superset_base_level_original_q75,158.0,4528.367488,25.962512,REGIME_LEVEL_RESIDUAL,4527.91,26.42,False,4536.045938,18.284062,False,False,DYNAMIC_RESIDUAL_BETTER,8.135938,False,False,True,DYNAMIC_GT10
2026-05-21,2026-05-20,L7,RANGE_NORMAL_60_120,CLOSE_POS_UPPER_THIRD,ROWS_STANDARD_9_10,4543.62,PREV_CLOSE_PROXY,,NEUTRAL,4524.06,101,4527.298438,3.238438,False,True,RANGE_CLOSE_LEVEL_RESIDUAL,superset_base_range_close_superset_q25,32.0,4534.6175,10.5575,REGIME_LEVEL_RESIDUAL,4534.265,10.205,False,4527.298438,3.238438,False,True,DYNAMIC_RESIDUAL_BETTER,6.966562,True,False,True,DYNAMIC_WITHIN_5
2026-05-22,2026-05-21,L4,RANGE_NORMAL_60_120,CLOSE_POS_MIDDLE_THIRD,ROWS_STANDARD_9_10,4543.05,PREV_CLOSE_PROXY,,NEUTRAL,4614.22,101,4614.77875,0.55875,True,True,SUPERSET_AUDITED_BASE,ORIGINAL_ORACLE_PRESERVED,,4616.54625,2.32625,REGIME_LEVEL_RESIDUAL,4614.77875,0.55875,True,4614.77875,0.55875,True,True,SUPERSET_AUDITED_BASE_PRESERVED,0.0,False,False,False,DYNAMIC_WITHIN_3
2026-05-22,2026-05-21,L5,RANGE_NORMAL_60_120,CLOSE_POS_MIDDLE_THIRD,ROWS_STANDARD_9_10,4543.05,PREV_CLOSE_PROXY,,NEUTRAL,4582.41,101,4559.170855,23.239145,False,False,REGIME_LEVEL_RESIDUAL,superset_base_regime_superset_q75,20.0,4541.500313,40.909687,REGIME_LEVEL_RESIDUAL,4544.335,38.075,False,4559.170855,23.239145,False,False,DYNAMIC_RESIDUAL_BETTER,14.835855,False,False,True,DYNAMIC_GT10
2026-05-22,2026-05-21,L6,RANGE_NORMAL_60_120,CLOSE_POS_MIDDLE_THIRD,ROWS_STANDARD_9_10,4543.05,PREV_CLOSE_PROXY,,NEUTRAL,4551.77,101,4551.408063,0.361937,True,True,REGIME_LEVEL_RESIDUAL,superset_base_regime_superset_mean,20.0,4556.25125,4.48125,REGIME_LEVEL_RESIDUAL,4556.60125,4.83125,True,4551.408063,0.361937,True,True,DYNAMIC_RESIDUAL_BETTER,4.469313,False,True,True,DYNAMIC_WITHIN_3
2026-05-22,2026-05-21,L7,RANGE_NORMAL_60_120,CLOSE_POS_MIDDLE_THIRD,ROWS_STANDARD_9_10,4543.05,PREV_CLOSE_PROXY,,NEUTRAL,4520.55,101,4519.57522,0.97478,True,True,SUPERSET_AUDITED_BASE,ORIGINAL_ORACLE_PRESERVED,,4518.025532,2.524468,REGIME_LEVEL_RESIDUAL,4519.57522,0.97478,True,4519.57522,0.97478,True,True,SUPERSET_AUDITED_BASE_PRESERVED,0.0,False,False,False,DYNAMIC_WITHIN_3
2026-05-25,2026-05-22,L4,RANGE_COMPRESSED_0_60,CLOSE_POS_LOWER_THIRD,ROWS_EXTENDED_11_PLUS,4507.9,PREV_CLOSE_PROXY,,NEUTRAL,4556.09,61,4537.43625,18.65375,False,False,SOURCE_LEVEL_RESIDUAL,superset_base_source_superset_q75,143.0,4522.2125,33.8775,SUPERSET_AUDITED_BASE,4522.2125,33.8775,False,4537.43625,18.65375,False,False,DYNAMIC_RESIDUAL_BETTER,15.22375,False,False,True,DYNAMIC_GT10
2026-05-25,2026-05-22,L5,RANGE_COMPRESSED_0_60,CLOSE_POS_LOWER_THIRD,ROWS_EXTENDED_11_PLUS,4507.9,PREV_CLOSE_PROXY,,NEUTRAL,4524.91,61,4504.033125,20.876875,False,False,SOURCE_LEVEL_RESIDUAL,superset_base_source_superset_q75,151.0,4492.2125,32.6975,SUPERSET_AUDITED_BASE,4492.2125,32.6975,False,4504.033125,20.876875,False,False,DYNAMIC_RESIDUAL_BETTER,11.820625,False,False,True,DYNAMIC_GT10
2026-05-25,2026-05-22,L6,RANGE_COMPRESSED_0_60,CLOSE_POS_LOWER_THIRD,ROWS_EXTENDED_11_PLUS,4507.9,PREV_CLOSE_PROXY,,NEUTRAL,4494.67,61,4478.563715,16.106285,False,False,LEVEL_RESIDUAL,superset_base_level_original_q75,160.0,4470.3975,24.2725,SUPERSET_AUDITED_BASE,4470.3975,24.2725,False,4478.563715,16.106285,False,False,DYNAMIC_RESIDUAL_BETTER,8.166215,False,False,True,DYNAMIC_GT10
2026-05-25,2026-05-22,L7,RANGE_COMPRESSED_0_60,CLOSE_POS_LOWER_THIRD,ROWS_EXTENDED_11_PLUS,4507.9,PREV_CLOSE_PROXY,,NEUTRAL,4462.89,61,4459.48625,3.40375,False,True,SOURCE_LEVEL_RESIDUAL,superset_base_source_superset_q75,151.0,4448.5825,14.3075,SUPERSET_AUDITED_BASE,4448.5825,14.3075,False,4459.48625,3.40375,False,True,DYNAMIC_RESIDUAL_BETTER,10.90375,True,False,True,DYNAMIC_WITHIN_5
2026-05-26,2026-05-25,L4,RANGE_COMPRESSED_0_60,CLOSE_POS_UPPER_THIRD,ROWS_STANDARD_9_10,4570.94,PREV_CLOSE_PROXY,,NEUTRAL,4593.58,82,4594.418171,0.838171,True,True,RANGE_CLOSE_LEVEL_RESIDUAL,original_base_range_close_superset_q75,8.0,4581.478854,12.101146,SUPERSET_AUDITED_BASE,4581.478854,12.101146,False,4594.418171,0.838171,True,True,DYNAMIC_RESIDUAL_BETTER,11.262975,True,True,True,DYNAMIC_WITHIN_3
2026-05-26,2026-05-25,L5,RANGE_COMPRESSED_0_60,CLOSE_POS_UPPER_THIRD,ROWS_STANDARD_9_10,4570.94,PREV_CLOSE_PROXY,,NEUTRAL,4562.44,81,4560.428942,2.011058,True,True,SOURCE_LEVEL_RESIDUAL,superset_base_source_superset_q75,152.0,4548.303317,14.136683,SUPERSET_AUDITED_BASE,4548.303317,14.136683,False,4560.428942,2.011058,True,True,DYNAMIC_RESIDUAL_BETTER,12.125625,True,True,True,DYNAMIC_WITHIN_3
2026-05-26,2026-05-25,L6,RANGE_COMPRESSED_0_60,CLOSE_POS_UPPER_THIRD,ROWS_STANDARD_9_10,4570.94,PREV_CLOSE_PROXY,,NEUTRAL,4529.9,81,4520.34486,9.55514,False,False,LEVEL_RESIDUAL,superset_base_level_original_q75,161.0,4512.1075,17.7925,SUPERSET_AUDITED_BASE,4512.1075,17.7925,False,4520.34486,9.55514,False,False,DYNAMIC_RESIDUAL_BETTER,8.23736,False,False,True,DYNAMIC_WITHIN_10
2026-05-26,2026-05-25,L7,RANGE_COMPRESSED_0_60,CLOSE_POS_UPPER_THIRD,ROWS_STANDARD_9_10,4570.94,PREV_CLOSE_PROXY,,NEUTRAL,4499.76,81,4484.2125,15.5475,False,False,SOURCE_LEVEL_RESIDUAL,superset_base_source_superset_q75,152.0,4473.2375,26.5225,SUPERSET_AUDITED_BASE,4473.2375,26.5225,False,4484.2125,15.5475,False,False,DYNAMIC_RESIDUAL_BETTER,10.975,False,False,True,DYNAMIC_GT10
2026-05-27,2026-05-26,L4,RANGE_NORMAL_60_120,CLOSE_POS_LOWER_THIRD,ROWS_SPARSE_1_8,4507.47,PREV_CLOSE_PROXY,,NEUTRAL,4530.95,101,4531.444375,0.494375,True,True,SOURCE_LEVEL_RESIDUAL,superset_base_source_superset_recent8_median,8.0,4530.09,0.86,SUPERSET_AUDITED_BASE,4530.09,0.86,True,4531.444375,0.494375,True,True,DYNAMIC_RESIDUAL_BETTER,0.365625,False,False,True,DYNAMIC_WITHIN_3
2026-05-27,2026-05-26,L5,RANGE_NORMAL_60_120,CLOSE_POS_LOWER_THIRD,ROWS_SPARSE_1_8,4507.47,PREV_CLOSE_PROXY,,NEUTRAL,4496.68,101,4497.99,1.31,True,True,SUPERSET_AUDITED_BASE,ORIGINAL_ORACLE_PRESERVED,,4497.99,1.31,SUPERSET_AUDITED_BASE,4497.99,1.31,True,4497.99,1.31,True,True,SUPERSET_AUDITED_BASE_PRESERVED,0.0,False,False,False,DYNAMIC_WITHIN_3
2026-05-27,2026-05-26,L6,RANGE_NORMAL_60_120,CLOSE_POS_LOWER_THIRD,ROWS_SPARSE_1_8,4507.47,PREV_CLOSE_PROXY,,NEUTRAL,4459.72,101,4457.621875,2.098125,True,True,REGIME_LEVEL_RESIDUAL,superset_base_regime_superset_q25,4.0,4467.99,8.27,SUPERSET_AUDITED_BASE,4467.99,8.27,False,4457.621875,2.098125,True,True,DYNAMIC_RESIDUAL_BETTER,6.171875,True,True,True,DYNAMIC_WITHIN_3
2026-05-27,2026-05-26,L7,RANGE_NORMAL_60_120,CLOSE_POS_LOWER_THIRD,ROWS_SPARSE_1_8,4507.47,PREV_CLOSE_PROXY,,NEUTRAL,4421.27,101,4421.654688,0.384687,True,True,REGIME_LEVEL_RESIDUAL,superset_base_regime_superset_q25,4.0,4435.89,14.62,SUPERSET_AUDITED_BASE,4435.89,14.62,False,4421.654688,0.384687,True,True,DYNAMIC_RESIDUAL_BETTER,14.235313,True,True,True,DYNAMIC_WITHIN_3
2026-05-28,2026-05-27,L4,RANGE_WIDE_120_220,CLOSE_POS_MIDDLE_THIRD,ROWS_STANDARD_9_10,4456.18,PREV_CLOSE_PROXY,,NEUTRAL,4495.53,101,4497.5875,2.0575,True,True,REGIME_LEVEL_RESIDUAL,superset_base_regime_superset_q25,12.0,4506.72,11.19,REGIME_LEVEL_RESIDUAL,4503.77,8.24,False,4497.5875,2.0575,True,True,DYNAMIC_RESIDUAL_BETTER,6.1825,True,True,True,DYNAMIC_WITHIN_3
2026-05-28,2026-05-27,L5,RANGE_WIDE_120_220,CLOSE_POS_MIDDLE_THIRD,ROWS_STANDARD_9_10,4456.18,PREV_CLOSE_PROXY,,NEUTRAL,4466.16,101,4466.621623,0.461623,True,True,LEVEL_RESIDUAL,superset_base_level_superset_mean,163.0,4465.295064,0.864936,REGIME_LEVEL_RESIDUAL,4463.885,2.275,True,4466.621623,0.461623,True,True,DYNAMIC_RESIDUAL_BETTER,1.813377,False,False,True,DYNAMIC_WITHIN_3
2026-05-28,2026-05-27,L6,RANGE_WIDE_120_220,CLOSE_POS_MIDDLE_THIRD,ROWS_STANDARD_9_10,4456.18,PREV_CLOSE_PROXY,,NEUTRAL,4424.0,101,4422.72352,1.27648,True,True,LEVEL_RESIDUAL,superset_base_level_superset_q25,163.0,4434.008762,10.008762,REGIME_LEVEL_RESIDUAL,4433.885,9.885,False,4422.72352,1.27648,True,True,DYNAMIC_RESIDUAL_BETTER,8.60852,True,True,True,DYNAMIC_WITHIN_3
2026-05-28,2026-05-27,L7,RANGE_WIDE_120_220,CLOSE_POS_MIDDLE_THIRD,ROWS_STANDARD_9_10,4456.18,PREV_CLOSE_PROXY,,NEUTRAL,4379.41,101,4405.2975,25.8875,False,False,SOURCE_LEVEL_RESIDUAL,superset_base_source_superset_q25,154.0,4423.7675,44.3575,REGIME_LEVEL_RESIDUAL,4422.295,42.885,False,4405.2975,25.8875,False,False,DYNAMIC_RESIDUAL_BETTER,16.9975,False,False,True,DYNAMIC_GT10
2026-05-29,2026-05-28,L4,RANGE_WIDE_120_220,CLOSE_POS_UPPER_THIRD,ROWS_EXTENDED_11_PLUS,4495.64,PREV_CLOSE_PROXY,,NEUTRAL,4586.39,101,4584.289375,2.100625,True,True,SOURCE_LEVEL_RESIDUAL,superset_base_source_superset_q75,146.0,4569.05,17.34,SUPERSET_AUDITED_BASE,4569.05,17.34,False,4584.289375,2.100625,True,True,DYNAMIC_RESIDUAL_BETTER,15.239375,True,True,True,DYNAMIC_WITHIN_3
2026-05-29,2026-05-28,L5,RANGE_WIDE_120_220,CLOSE_POS_UPPER_THIRD,ROWS_EXTENDED_11_PLUS,4495.64,PREV_CLOSE_PROXY,,NEUTRAL,4557.79,101,4546.711875,11.078125,False,False,REGIME_LEVEL_RESIDUAL,superset_base_regime_superset_q75,6.0,4524.05,33.74,SUPERSET_AUDITED_BASE,4524.05,33.74,False,4546.711875,11.078125,False,False,DYNAMIC_RESIDUAL_BETTER,22.661875,False,False,True,DYNAMIC_GT10
2026-05-29,2026-05-28,L6,RANGE_WIDE_120_220,CLOSE_POS_UPPER_THIRD,ROWS_EXTENDED_11_PLUS,4495.64,PREV_CLOSE_PROXY,,NEUTRAL,4527.81,101,4524.512917,3.297083,False,True,RANGE_CLOSE_LEVEL_RESIDUAL,superset_base_range_close_superset_q75,14.0,4501.55,26.26,SUPERSET_AUDITED_BASE,4501.55,26.26,False,4524.512917,3.297083,False,True,DYNAMIC_RESIDUAL_BETTER,22.962917,True,False,True,DYNAMIC_WITHIN_5
2026-05-29,2026-05-28,L7,RANGE_WIDE_120_220,CLOSE_POS_UPPER_THIRD,ROWS_EXTENDED_11_PLUS,4495.64,PREV_CLOSE_PROXY,,NEUTRAL,4495.62,101,4490.0425,5.5775,False,False,REGIME_LEVEL_RESIDUAL,superset_base_regime_superset_q75,6.0,4479.05,16.57,SUPERSET_AUDITED_BASE,4479.05,16.57,False,4490.0425,5.5775,False,False,DYNAMIC_RESIDUAL_BETTER,10.9925,False,False,True,DYNAMIC_WITHIN_10
2026-06-01,2026-05-29,L4,RANGE_NORMAL_60_120,CLOSE_POS_MIDDLE_THIRD,ROWS_EXTENDED_11_PLUS,4541.13,PREV_CLOSE_PROXY,,NEUTRAL,4607.94,101,4607.783802,0.156198,True,True,LEVEL_RESIDUAL,superset_base_level_superset_q75,164.0,4593.3225,14.6175,SUPERSET_AUDITED_BASE,4593.3225,14.6175,False,4607.783802,0.156198,True,True,DYNAMIC_RESIDUAL_BETTER,14.461302,True,True,True,DYNAMIC_WITHIN_3
2026-06-01,2026-05-29,L5,RANGE_NORMAL_60_120,CLOSE_POS_MIDDLE_THIRD,ROWS_EXTENDED_11_PLUS,4541.13,PREV_CLOSE_PROXY,,NEUTRAL,4580.08,101,4601.7025,21.6225,False,False,LEVEL_RESIDUAL,superset_base_level_original_q25,165.0,4608.3225,28.2425,SUPERSET_AUDITED_BASE,4608.3225,28.2425,False,4601.7025,21.6225,False,False,DYNAMIC_RESIDUAL_BETTER,6.62,False,False,True,DYNAMIC_GT10
2026-06-01,2026-05-29,L6,RANGE_NORMAL_60_120,CLOSE_POS_MIDDLE_THIRD,ROWS_EXTENDED_11_PLUS,4541.13,PREV_CLOSE_PROXY,,NEUTRAL,4547.84,101,4556.795,8.955,False,False,SOURCE_LEVEL_RESIDUAL,superset_base_source_superset_q25,149.0,4568.795,20.955,SUPERSET_AUDITED_BASE,4568.795,20.955,False,4556.795,8.955,False,False,DYNAMIC_RESIDUAL_BETTER,12.0,False,False,True,DYNAMIC_WITHIN_10
2026-06-01,2026-05-29,L7,RANGE_NORMAL_60_120,CLOSE_POS_MIDDLE_THIRD,ROWS_EXTENDED_11_PLUS,4541.13,PREV_CLOSE_PROXY,,NEUTRAL,4521.97,101,4523.36479,1.39479,True,True,REGIME_LEVEL_RESIDUAL,superset_base_regime_superset_q25,4.0,4529.70604,7.73604,SUPERSET_AUDITED_BASE,4529.70604,7.73604,False,4523.36479,1.39479,True,True,DYNAMIC_RESIDUAL_BETTER,6.34125,True,True,True,DYNAMIC_WITHIN_3
2026-06-02,2026-06-01,L4,RANGE_NORMAL_60_120,CLOSE_POS_MIDDLE_THIRD,ROWS_SPARSE_1_8,4484.66,PREV_CLOSE_PROXY,,NEUTRAL,4489.47,101,4489.138333,0.331667,True,True,LEVEL_RESIDUAL,superset_base_level_original_q25,165.0,4494.793333,5.323333,SUPERSET_AUDITED_BASE,4494.793333,5.323333,False,4489.138333,0.331667,True,True,DYNAMIC_RESIDUAL_BETTER,4.991666,True,True,True,DYNAMIC_WITHIN_3
2026-06-02,2026-06-01,L5,RANGE_NORMAL_60_120,CLOSE_POS_MIDDLE_THIRD,ROWS_SPARSE_1_8,4484.66,PREV_CLOSE_PROXY,,NEUTRAL,4457.53,101,4457.17625,0.35375,True,True,REGIME_LEVEL_RESIDUAL,superset_base_regime_superset_median,6.0,4459.755,2.225,SUPERSET_AUDITED_BASE,4459.755,2.225,True,4457.17625,0.35375,True,True,DYNAMIC_RESIDUAL_BETTER,1.87125,False,False,True,DYNAMIC_WITHIN_3
2026-06-02,2026-06-01,L6,RANGE_NORMAL_60_120,CLOSE_POS_MIDDLE_THIRD,ROWS_SPARSE_1_8,4484.66,PREV_CLOSE_PROXY,,NEUTRAL,4426.17,101,4425.85434,0.31566,True,True,LEVEL_RESIDUAL,superset_base_level_original_q75,166.0,4417.4,8.77,SUPERSET_AUDITED_BASE,4417.4,8.77,False,4425.85434,0.31566,True,True,DYNAMIC_RESIDUAL_BETTER,8.45434,True,True,True,DYNAMIC_WITHIN_3
2026-06-02,2026-06-01,L7,RANGE_NORMAL_60_120,CLOSE_POS_MIDDLE_THIRD,ROWS_SPARSE_1_8,4484.66,PREV_CLOSE_PROXY,,NEUTRAL,4396.14,101,4382.20875,13.93125,False,False,RANGE_CLOSE_LEVEL_RESIDUAL,superset_base_range_close_superset_q75,32.0,4369.085,27.055,SUPERSET_AUDITED_BASE,4369.085,27.055,False,4382.20875,13.93125,False,False,DYNAMIC_RESIDUAL_BETTER,13.12375,False,False,True,DYNAMIC_GT10
2026-06-03,2026-06-02,L4,RANGE_NORMAL_60_120,CLOSE_POS_LOWER_THIRD,ROWS_STANDARD_9_10,4487.83,PREV_CLOSE_PROXY,,NEUTRAL,4539.09,101,4538.422402,0.667598,True,True,RANGE_CLOSE_LEVEL_RESIDUAL,superset_base_range_close_superset_mean,17.0,4531.365625,7.724375,REGIME_LEVEL_RESIDUAL,4530.79375,8.29625,False,4538.422402,0.667598,True,True,DYNAMIC_RESIDUAL_BETTER,7.628652,True,True,True,DYNAMIC_WITHIN_3
2026-06-03,2026-06-02,L5,RANGE_NORMAL_60_120,CLOSE_POS_LOWER_THIRD,ROWS_STANDARD_9_10,4487.83,PREV_CLOSE_PROXY,,NEUTRAL,4513.17,101,4513.202083,0.032083,True,True,REGIME_LEVEL_RESIDUAL,superset_base_regime_superset_q25,11.0,4522.479255,9.309255,REGIME_LEVEL_RESIDUAL,4521.8625,8.6925,False,4513.202083,0.032083,True,True,DYNAMIC_RESIDUAL_BETTER,8.660417,True,True,True,DYNAMIC_WITHIN_3
2026-06-03,2026-06-02,L6,RANGE_NORMAL_60_120,CLOSE_POS_LOWER_THIRD,ROWS_STANDARD_9_10,4487.83,PREV_CLOSE_PROXY,,NEUTRAL,4485.61,102,4485.763021,0.153021,True,True,SOURCE_LEVEL_RESIDUAL,superset_base_source_superset_median,16.0,4483.295208,2.314792,REGIME_LEVEL_RESIDUAL,4486.035208,0.425208,True,4485.763021,0.153021,True,True,DYNAMIC_RESIDUAL_BETTER,0.272187,False,False,True,DYNAMIC_WITHIN_3
2026-06-03,2026-06-02,L7,RANGE_NORMAL_60_120,CLOSE_POS_LOWER_THIRD,ROWS_STANDARD_9_10,4487.83,PREV_CLOSE_PROXY,,NEUTRAL,4455.8,101,4456.57625,0.77625,True,True,REGIME_LEVEL_RESIDUAL,superset_base_regime_superset_median,11.0,4461.582188,5.782187,REGIME_LEVEL_RESIDUAL,4462.95,7.15,False,4456.57625,0.77625,True,True,DYNAMIC_RESIDUAL_BETTER,6.37375,True,True,True,DYNAMIC_WITHIN_3
2026-06-04,2026-06-03,L4,RANGE_NORMAL_60_120,CLOSE_POS_LOWER_THIRD,ROWS_SPARSE_1_8,4434.35,PREV_CLOSE_PROXY,,NEUTRAL,4457.9,102,4457.889375,0.010625,True,True,SOURCE_LEVEL_RESIDUAL,original_base_source_original_q25,17.0,4460.31375,2.41375,SUPERSET_AUDITED_BASE,4460.31375,2.41375,True,4457.889375,0.010625,True,True,DYNAMIC_RESIDUAL_BETTER,2.403125,False,False,True,DYNAMIC_WITHIN_3
2026-06-04,2026-06-03,L5,RANGE_NORMAL_60_120,CLOSE_POS_LOWER_THIRD,ROWS_SPARSE_1_8,4434.35,PREV_CLOSE_PROXY,,NEUTRAL,4427.93,102,4428.081875,0.151875,True,True,SOURCE_LEVEL_RESIDUAL,superset_base_source_superset_q25,9.0,4432.7525,4.8225,SUPERSET_AUDITED_BASE,4432.7525,4.8225,True,4428.081875,0.151875,True,True,DYNAMIC_RESIDUAL_BETTER,4.670625,False,True,True,DYNAMIC_WITHIN_3
2026-06-04,2026-06-03,L6,RANGE_NORMAL_60_120,CLOSE_POS_LOWER_THIRD,ROWS_SPARSE_1_8,4434.35,PREV_CLOSE_PROXY,,NEUTRAL,4399.02,101,4398.349375,0.670625,True,True,SOURCE_LEVEL_RESIDUAL,superset_base_source_superset_recent8_median,8.0,4396.38,2.64,SUPERSET_AUDITED_BASE,4396.38,2.64,True,4398.349375,0.670625,True,True,DYNAMIC_RESIDUAL_BETTER,1.969375,False,False,True,DYNAMIC_WITHIN_3
2026-06-04,2026-06-03,L7,RANGE_NORMAL_60_120,CLOSE_POS_LOWER_THIRD,ROWS_SPARSE_1_8,4434.35,PREV_CLOSE_PROXY,,NEUTRAL,4371.46,101,4371.448437,0.011563,True,True,RANGE_CLOSE_LEVEL_RESIDUAL,superset_base_range_close_superset_q75,19.0,4371.2575,0.2025,SUPERSET_AUDITED_BASE,4371.2575,0.2025,True,4371.448437,0.011563,True,True,DYNAMIC_RESIDUAL_BETTER,0.190937,False,False,True,DYNAMIC_WITHIN_3
2026-06-05,2026-06-04,L4,RANGE_NORMAL_60_120,CLOSE_POS_MIDDLE_THIRD,ROWS_STANDARD_9_10,4475.16,PREV_CLOSE_PROXY,,NEUTRAL,4514.07,101,4515.06,0.99,True,True,SUPERSET_AUDITED_BASE,ORIGINAL_ORACLE_PRESERVED,,4515.4575,1.3875,REGIME_LEVEL_RESIDUAL,4515.06,0.99,True,4515.06,0.99,True,True,SUPERSET_AUDITED_BASE_PRESERVED,0.0,False,False,False,DYNAMIC_WITHIN_3
2026-06-05,2026-06-04,L5,RANGE_NORMAL_60_120,CLOSE_POS_MIDDLE_THIRD,ROWS_STANDARD_9_10,4475.16,PREV_CLOSE_PROXY,,NEUTRAL,4489.65,101,4489.582553,0.067447,True,True,RANGE_CLOSE_LEVEL_RESIDUAL,superset_base_range_close_original_mean,33.0,4481.9075,7.7425,REGIME_LEVEL_RESIDUAL,4484.67,4.98,True,4489.582553,0.067447,True,True,DYNAMIC_RESIDUAL_BETTER,4.912553,False,True,True,DYNAMIC_WITHIN_3
2026-06-05,2026-06-04,L6,RANGE_NORMAL_60_120,CLOSE_POS_MIDDLE_THIRD,ROWS_STANDARD_9_10,4475.16,PREV_CLOSE_PROXY,,NEUTRAL,4460.74,101,4460.375,0.365,True,True,SOURCE_LEVEL_RESIDUAL,superset_base_source_superset_recent8_median,8.0,4454.3,6.44,REGIME_LEVEL_RESIDUAL,4454.67,6.07,False,4460.375,0.365,True,True,DYNAMIC_RESIDUAL_BETTER,5.705,True,True,True,DYNAMIC_WITHIN_3
2026-06-05,2026-06-04,L7,RANGE_NORMAL_60_120,CLOSE_POS_MIDDLE_THIRD,ROWS_STANDARD_9_10,4475.16,PREV_CLOSE_PROXY,,NEUTRAL,4432.43,101,4434.567725,2.137725,True,True,LEVEL_RESIDUAL,superset_base_level_original_mean,165.0,4438.07375,5.64375,REGIME_LEVEL_RESIDUAL,4439.475,7.045,False,4434.567725,2.137725,True,True,DYNAMIC_RESIDUAL_BETTER,4.907275,True,True,True,DYNAMIC_WITHIN_3
2026-06-08,2026-06-05,L4,RANGE_WIDE_120_220,CLOSE_POS_LOWER_THIRD,ROWS_STANDARD_9_10,4328.02,PREV_CLOSE_PROXY,,NEUTRAL,4373.8,101,4372.938092,0.861908,True,True,LEVEL_RESIDUAL,superset_base_level_superset_q25,169.0,4377.406746,3.606746,REGIME_LEVEL_RESIDUAL,4377.54456,3.74456,True,4372.938092,0.861908,True,True,DYNAMIC_RESIDUAL_BETTER,2.882652,False,True,True,DYNAMIC_WITHIN_3
2026-06-08,2026-06-05,L5,RANGE_WIDE_120_220,CLOSE_POS_LOWER_THIRD,ROWS_STANDARD_9_10,4328.02,PREV_CLOSE_PROXY,,NEUTRAL,4347.87,101,4347.895625,0.025625,True,True,SOURCE_LEVEL_RESIDUAL,superset_base_source_superset_q25,160.0,4355.27625,7.40625,REGIME_LEVEL_RESIDUAL,4354.83,6.96,False,4347.895625,0.025625,True,True,DYNAMIC_RESIDUAL_BETTER,6.934375,True,True,True,DYNAMIC_WITHIN_3
2026-06-08,2026-06-05,L6,RANGE_WIDE_120_220,CLOSE_POS_LOWER_THIRD,ROWS_STANDARD_9_10,4328.02,PREV_CLOSE_PROXY,,NEUTRAL,4310.51,101,4310.547396,0.037396,True,True,LEVEL_RESIDUAL,superset_base_level_superset_recent8_median,8.0,4308.68,1.83,REGIME_LEVEL_RESIDUAL,4309.44,1.07,True,4310.547396,0.037396,True,True,DYNAMIC_RESIDUAL_BETTER,1.032604,False,False,True,DYNAMIC_WITHIN_3
2026-06-08,2026-06-05,L7,RANGE_WIDE_120_220,CLOSE_POS_LOWER_THIRD,ROWS_STANDARD_9_10,4328.02,PREV_CLOSE_PROXY,,NEUTRAL,4281.09,101,4281.185,0.095,True,True,RANGE_CLOSE_LEVEL_RESIDUAL,superset_base_range_close_original_q75,15.0,4281.495,0.405,REGIME_LEVEL_RESIDUAL,4281.81,0.72,True,4281.185,0.095,True,True,DYNAMIC_RESIDUAL_BETTER,0.625,False,False,True,DYNAMIC_WITHIN_3
2026-06-09,2026-06-08,L4,RANGE_NORMAL_60_120,CLOSE_POS_UPPER_THIRD,ROWS_SPARSE_1_8,4329.71,PREV_CLOSE_PROXY,,NEUTRAL,4370.04,101,4358.28,11.76,False,False,REGIME_LEVEL_RESIDUAL,superset_base_regime_superset_q75,5.0,4342.7725,27.2675,SUPERSET_AUDITED_BASE,4342.7725,27.2675,False,4358.28,11.76,False,False,DYNAMIC_RESIDUAL_BETTER,15.5075,False,False,True,DYNAMIC_GT10
2026-06-09,2026-06-08,L5,RANGE_NORMAL_60_120,CLOSE_POS_UPPER_THIRD,ROWS_SPARSE_1_8,4329.71,PREV_CLOSE_PROXY,,NEUTRAL,4342.11,101,4341.644375,0.465625,True,True,RANGE_CLOSE_LEVEL_RESIDUAL,superset_base_range_close_superset_q75,36.0,4332.145,9.965,SUPERSET_AUDITED_BASE,4332.145,9.965,False,4341.644375,0.465625,True,True,DYNAMIC_RESIDUAL_BETTER,9.499375,True,True,True,DYNAMIC_WITHIN_3
2026-06-09,2026-06-08,L6,RANGE_NORMAL_60_120,CLOSE_POS_UPPER_THIRD,ROWS_SPARSE_1_8,4329.71,PREV_CLOSE_PROXY,,NEUTRAL,4313.53,101,4313.636658,0.106658,True,True,RANGE_CLOSE_LEVEL_RESIDUAL,superset_base_range_close_superset_recent8_median,8.0,4311.5125,2.0175,SUPERSET_AUDITED_BASE,4311.5125,2.0175,True,4313.636658,0.106658,True,True,DYNAMIC_RESIDUAL_BETTER,1.910842,False,False,True,DYNAMIC_WITHIN_3
2026-06-09,2026-06-08,L7,RANGE_NORMAL_60_120,CLOSE_POS_UPPER_THIRD,ROWS_SPARSE_1_8,4329.71,PREV_CLOSE_PROXY,,NEUTRAL,4284.94,81,4284.756875,0.183125,True,True,RANGE_CLOSE_LEVEL_RESIDUAL,superset_base_range_close_superset_q75,33.0,4279.0075,5.9325,SUPERSET_AUDITED_BASE,4279.0075,5.9325,False,4284.756875,0.183125,True,True,DYNAMIC_RESIDUAL_BETTER,5.749375,True,True,True,DYNAMIC_WITHIN_3
2026-06-10,2026-06-09,L4,RANGE_WIDE_120_220,CLOSE_POS_LOWER_THIRD,ROWS_STANDARD_9_10,4259.46,PREV_CLOSE_PROXY,,NEUTRAL,4253.47,101,4269.877766,16.407766,False,False,RANGE_CLOSE_LEVEL_RESIDUAL,superset_base_range_close_superset_q25,14.0,4279.079302,25.609302,REGIME_LEVEL_RESIDUAL,4279.123291,25.653291,False,4269.877766,16.407766,False,False,DYNAMIC_RESIDUAL_BETTER,9.245525,False,False,True,DYNAMIC_GT10
2026-06-10,2026-06-09,L5,RANGE_WIDE_120_220,CLOSE_POS_LOWER_THIRD,ROWS_STANDARD_9_10,4259.46,PREV_CLOSE_PROXY,,NEUTRAL,4222.84,101,4248.653489,25.813489,False,False,REGIME_LEVEL_RESIDUAL,superset_base_regime_superset_mean,11.0,4259.88,37.04,REGIME_LEVEL_RESIDUAL,4259.46,36.62,False,4248.653489,25.813489,False,False,DYNAMIC_RESIDUAL_BETTER,10.806511,False,False,True,DYNAMIC_GT10
2026-06-10,2026-06-09,L6,RANGE_WIDE_120_220,CLOSE_POS_LOWER_THIRD,ROWS_STANDARD_9_10,4259.46,PREV_CLOSE_PROXY,,NEUTRAL,4186.38,101,4214.015228,27.635227,False,False,RANGE_CLOSE_LEVEL_RESIDUAL,superset_base_range_close_superset_mean,16.0,4226.0075,39.6275,REGIME_LEVEL_RESIDUAL,4226.4275,40.0475,False,4214.015228,27.635227,False,False,DYNAMIC_RESIDUAL_BETTER,12.412273,False,False,True,DYNAMIC_GT10
2026-06-10,2026-06-09,L7,RANGE_WIDE_120_220,CLOSE_POS_LOWER_THIRD,ROWS_STANDARD_9_10,4259.46,PREV_CLOSE_PROXY,,NEUTRAL,4144.02,101,4170.4775,26.4575,False,False,RANGE_CLOSE_LEVEL_RESIDUAL,superset_base_range_close_superset_q25,16.0,4186.8075,42.7875,REGIME_LEVEL_RESIDUAL,4187.1925,43.1725,False,4170.4775,26.4575,False,False,DYNAMIC_RESIDUAL_BETTER,16.715,False,False,True,DYNAMIC_GT10
2026-06-11,2026-06-10,L4,RANGE_WIDE_120_220,CLOSE_POS_LOWER_THIRD,ROWS_EXTENDED_11_PLUS,4071.32,PREV_CLOSE_PROXY,,NEUTRAL,4194.64,101,4243.425,48.785,False,False,REGIME_LEVEL_RESIDUAL,superset_base_regime_superset_q25,3.0,4257.92,63.28,SUPERSET_AUDITED_BASE,4257.92,63.28,False,4243.425,48.785,False,False,DYNAMIC_RESIDUAL_BETTER,14.495,False,False,True,DYNAMIC_GT10
2026-06-11,2026-06-10,L5,RANGE_WIDE_120_220,CLOSE_POS_LOWER_THIRD,ROWS_EXTENDED_11_PLUS,4071.32,PREV_CLOSE_PROXY,,NEUTRAL,4165.1,101,4190.378125,25.278125,False,False,REGIME_LEVEL_RESIDUAL,superset_base_regime_superset_q25,3.0,4202.7,37.6,SUPERSET_AUDITED_BASE,4202.7,37.6,False,4190.378125,25.278125,False,False,DYNAMIC_RESIDUAL_BETTER,12.321875,False,False,True,DYNAMIC_GT10
2026-06-11,2026-06-10,L6,RANGE_WIDE_120_220,CLOSE_POS_LOWER_THIRD,ROWS_EXTENDED_11_PLUS,4071.32,PREV_CLOSE_PROXY,,NEUTRAL,4130.78,101,4135.832126,5.052126,False,False,RANGE_CLOSE_LEVEL_RESIDUAL,superset_base_range_close_superset_mean,17.0,4149.87,19.09,SUPERSET_AUDITED_BASE,4149.87,19.09,False,4135.832126,5.052126,False,False,DYNAMIC_RESIDUAL_BETTER,14.037874,False,False,True,DYNAMIC_WITHIN_10
2026-06-11,2026-06-10,L7,RANGE_WIDE_120_220,CLOSE_POS_LOWER_THIRD,ROWS_EXTENDED_11_PLUS,4071.32,PREV_CLOSE_PROXY,,NEUTRAL,4097.25,101,4101.7475,4.4975,False,True,LEVEL_RESIDUAL,superset_base_level_superset_q75,169.0,4090.9,6.35,SUPERSET_AUDITED_BASE,4090.9,6.35,False,4101.7475,4.4975,False,True,DYNAMIC_RESIDUAL_BETTER,1.8525,True,False,True,DYNAMIC_WITHIN_5
2026-06-12,2026-06-11,L4,RANGE_WIDE_120_220,CLOSE_POS_UPPER_THIRD,ROWS_EXTENDED_11_PLUS,4210.77,PREV_CLOSE_PROXY,,NEUTRAL,4220.33,101,4238.966875,18.636875,False,False,RANGE_CLOSE_LEVEL_RESIDUAL,superset_base_range_close_superset_q25,15.0,4248.20125,27.87125,REGIME_LEVEL_RESIDUAL,4250.14,29.81,False,4238.966875,18.636875,False,False,DYNAMIC_RESIDUAL_BETTER,11.173125,False,False,True,DYNAMIC_GT10
2026-06-12,2026-06-11,L5,RANGE_WIDE_120_220,CLOSE_POS_UPPER_THIRD,ROWS_EXTENDED_11_PLUS,4210.77,PREV_CLOSE_PROXY,,NEUTRAL,4184.94,102,4185.096563,0.156563,True,True,LEVEL_RESIDUAL,superset_base_level_original_q25,174.0,4187.645938,2.705938,REGIME_LEVEL_RESIDUAL,4192.285313,7.345313,False,4185.096563,0.156563,True,True,DYNAMIC_RESIDUAL_BETTER,7.18875,True,True,True,DYNAMIC_WITHIN_3
2026-06-12,2026-06-11,L6,RANGE_WIDE_120_220,CLOSE_POS_UPPER_THIRD,ROWS_EXTENDED_11_PLUS,4210.77,PREV_CLOSE_PROXY,,NEUTRAL,4161.3,102,4160.734616,0.565384,True,True,SOURCE_LEVEL_RESIDUAL,superset_base_source_original_q25,17.0,4169.984464,8.684464,REGIME_LEVEL_RESIDUAL,4162.894616,1.594616,True,4160.734616,0.565384,True,True,DYNAMIC_RESIDUAL_BETTER,1.029232,False,False,True,DYNAMIC_WITHIN_3
2026-06-12,2026-06-11,L7,RANGE_WIDE_120_220,CLOSE_POS_UPPER_THIRD,ROWS_EXTENDED_11_PLUS,4210.77,PREV_CLOSE_PROXY,,NEUTRAL,4130.89,101,4131.162738,0.272738,True,True,REGIME_LEVEL_RESIDUAL,superset_base_regime_superset_mean,7.0,4131.162738,0.272738,REGIME_LEVEL_RESIDUAL,4135.28875,4.39875,True,4131.162738,0.272738,True,True,DYNAMIC_RESIDUAL_BETTER,4.126012,False,True,True,DYNAMIC_WITHIN_3
2026-06-15,2026-06-12,L4,RANGE_NORMAL_60_120,CLOSE_POS_MIDDLE_THIRD,ROWS_EXTENDED_11_PLUS,4218.5,PREV_CLOSE_PROXY,,NEUTRAL,4345.41,101,4308.28375,37.12625,False,False,REGIME_LEVEL_RESIDUAL,superset_base_regime_superset_q75,5.0,4289.91875,55.49125,SUPERSET_AUDITED_BASE,4289.91875,55.49125,False,4308.28375,37.12625,False,False,DYNAMIC_RESIDUAL_BETTER,18.365,False,False,True,DYNAMIC_GT10
2026-06-15,2026-06-12,L5,RANGE_NORMAL_60_120,CLOSE_POS_MIDDLE_THIRD,ROWS_EXTENDED_11_PLUS,4218.5,PREV_CLOSE_PROXY,,NEUTRAL,4313.94,101,4275.139063,38.800937,False,False,SOURCE_LEVEL_RESIDUAL,superset_base_source_superset_q75,164.0,4263.34125,50.59875,SUPERSET_AUDITED_BASE,4263.34125,50.59875,False,4275.139063,38.800937,False,False,DYNAMIC_RESIDUAL_BETTER,11.797813,False,False,True,DYNAMIC_GT10
2026-06-15,2026-06-12,L6,RANGE_NORMAL_60_120,CLOSE_POS_MIDDLE_THIRD,ROWS_EXTENDED_11_PLUS,4218.5,PREV_CLOSE_PROXY,,NEUTRAL,4281.24,101,4235.78986,45.45014,False,False,SOURCE_LEVEL_RESIDUAL,superset_base_source_superset_q75,157.0,4227.5525,53.6875,SUPERSET_AUDITED_BASE,4227.5525,53.6875,False,4235.78986,45.45014,False,False,DYNAMIC_RESIDUAL_BETTER,8.23736,False,False,True,DYNAMIC_GT10
2026-06-15,2026-06-12,L7,RANGE_NORMAL_60_120,CLOSE_POS_MIDDLE_THIRD,ROWS_EXTENDED_11_PLUS,4218.5,PREV_CLOSE_PROXY,,NEUTRAL,4248.13,101,4212.80521,35.32479,False,False,RANGE_CLOSE_LEVEL_RESIDUAL,superset_base_range_close_superset_q75,34.0,4198.18396,49.94604,SUPERSET_AUDITED_BASE,4198.18396,49.94604,False,4212.80521,35.32479,False,False,DYNAMIC_RESIDUAL_BETTER,14.62125,False,False,True,DYNAMIC_GT10
2026-06-16,2026-06-15,L4,RANGE_NORMAL_60_120,CLOSE_POS_MIDDLE_THIRD,ROWS_STANDARD_9_10,4309.03,PREV_CLOSE_PROXY,,NEUTRAL,4358.15,101,4358.8604,0.7104,True,True,SOURCE_LEVEL_RESIDUAL,superset_base_source_superset_q25,157.0,4364.666875,6.516875,REGIME_LEVEL_RESIDUAL,4364.7475,6.5975,False,4358.8604,0.7104,True,True,DYNAMIC_RESIDUAL_BETTER,5.8871,True,True,True,DYNAMIC_WITHIN_3
2026-06-16,2026-06-15,L5,RANGE_NORMAL_60_120,CLOSE_POS_MIDDLE_THIRD,ROWS_STANDARD_9_10,4309.03,PREV_CLOSE_PROXY,,NEUTRAL,4329.57,101,4329.875,0.305,True,True,SUPERSET_AUDITED_BASE,ORIGINAL_ORACLE_PRESERVED,,4327.201875,2.368125,REGIME_LEVEL_RESIDUAL,4329.875,0.305,True,4329.875,0.305,True,True,SUPERSET_AUDITED_BASE_PRESERVED,0.0,False,False,False,DYNAMIC_WITHIN_3
2026-06-16,2026-06-15,L6,RANGE_NORMAL_60_120,CLOSE_POS_MIDDLE_THIRD,ROWS_STANDARD_9_10,4309.03,PREV_CLOSE_PROXY,,NEUTRAL,4300.22,101,4300.368037,0.148037,True,True,RANGE_CLOSE_LEVEL_RESIDUAL,superset_base_range_close_superset_mean,35.0,4300.56509,0.34509,REGIME_LEVEL_RESIDUAL,4300.91509,0.69509,True,4300.368037,0.148037,True,True,DYNAMIC_RESIDUAL_BETTER,0.547053,False,False,True,DYNAMIC_WITHIN_3
2026-06-16,2026-06-15,L7,RANGE_NORMAL_60_120,CLOSE_POS_MIDDLE_THIRD,ROWS_STANDARD_9_10,4309.03,PREV_CLOSE_PROXY,,NEUTRAL,4271.91,101,4269.6575,2.2525,True,True,REGIME_LEVEL_RESIDUAL,superset_base_regime_original_median,22.0,4263.155937,8.754063,REGIME_LEVEL_RESIDUAL,4265.0025,6.9075,False,4269.6575,2.2525,True,True,DYNAMIC_RESIDUAL_BETTER,4.655,True,True,True,DYNAMIC_WITHIN_3
2026-06-17,2026-06-16,L4,RANGE_COMPRESSED_0_60,CLOSE_POS_MIDDLE_THIRD,ROWS_STANDARD_9_10,4331.14,PREV_CLOSE_PROXY,,NEUTRAL,4385.49,101,4388.4476,2.9576,True,True,SOURCE_LEVEL_RESIDUAL,superset_base_source_superset_q25,158.0,4394.8675,9.3775,SUPERSET_AUDITED_BASE,4394.8675,9.3775,False,4388.4476,2.9576,True,True,DYNAMIC_RESIDUAL_BETTER,6.4199,True,True,True,DYNAMIC_WITHIN_3
2026-06-17,2026-06-16,L5,RANGE_COMPRESSED_0_60,CLOSE_POS_MIDDLE_THIRD,ROWS_STANDARD_9_10,4331.14,PREV_CLOSE_PROXY,,NEUTRAL,4350.94,101,4351.8925,0.9525,True,True,RANGE_CLOSE_LEVEL_RESIDUAL,superset_base_range_close_original_median,9.0,4342.615,8.325,SUPERSET_AUDITED_BASE,4342.615,8.325,False,4351.8925,0.9525,True,True,DYNAMIC_RESIDUAL_BETTER,7.3725,True,True,True,DYNAMIC_WITHIN_3
2026-06-17,2026-06-16,L6,RANGE_COMPRESSED_0_60,CLOSE_POS_MIDDLE_THIRD,ROWS_STANDARD_9_10,4331.14,PREV_CLOSE_PROXY,,NEUTRAL,4322.25,101,4322.1675,0.0825,True,True,RANGE_CLOSE_LEVEL_RESIDUAL,superset_base_range_close_original_q25,9.0,4330.28,8.03,SUPERSET_AUDITED_BASE,4330.28,8.03,False,4322.1675,0.0825,True,True,DYNAMIC_RESIDUAL_BETTER,7.9475,True,True,True,DYNAMIC_WITHIN_3
2026-06-17,2026-06-16,L7,RANGE_COMPRESSED_0_60,CLOSE_POS_MIDDLE_THIRD,ROWS_STANDARD_9_10,4331.14,PREV_CLOSE_PROXY,,NEUTRAL,4290.28,102,4290.04,0.24,True,True,REGIME_LEVEL_RESIDUAL,superset_base_regime_superset_mean,4.0,4290.61,0.33,SUPERSET_AUDITED_BASE,4290.61,0.33,True,4290.04,0.24,True,True,DYNAMIC_RESIDUAL_BETTER,0.09,False,False,True,DYNAMIC_WITHIN_3
2026-06-18,2026-06-17,L4,RANGE_WIDE_120_220,CLOSE_POS_LOWER_THIRD,ROWS_SPARSE_1_8,4257.74,PREV_CLOSE_PROXY,,NEUTRAL,4293.9,81,4295.92297,2.02297,True,True,LEVEL_RESIDUAL,superset_base_level_superset_q75,177.0,4281.47172,12.42828,SUPERSET_AUDITED_BASE,4281.47172,12.42828,False,4295.92297,2.02297,True,True,DYNAMIC_RESIDUAL_BETTER,10.40531,True,True,True,DYNAMIC_WITHIN_3
2026-06-18,2026-06-17,L5,RANGE_WIDE_120_220,CLOSE_POS_LOWER_THIRD,ROWS_SPARSE_1_8,4257.74,PREV_CLOSE_PROXY,,NEUTRAL,4262.79,81,4255.033125,7.756875,False,False,SOURCE_LEVEL_RESIDUAL,superset_base_source_superset_q75,167.0,4243.2125,19.5775,SUPERSET_AUDITED_BASE,4243.2125,19.5775,False,4255.033125,7.756875,False,False,DYNAMIC_RESIDUAL_BETTER,11.820625,False,False,True,DYNAMIC_WITHIN_10
2026-06-18,2026-06-17,L6,RANGE_WIDE_120_220,CLOSE_POS_LOWER_THIRD,ROWS_SPARSE_1_8,4257.74,PREV_CLOSE_PROXY,,NEUTRAL,4235.68,81,4221.522187,14.157813,False,False,SOURCE_LEVEL_RESIDUAL,superset_base_source_superset_q75,160.0,4213.2125,22.4675,SUPERSET_AUDITED_BASE,4213.2125,22.4675,False,4221.522187,14.157813,False,False,DYNAMIC_RESIDUAL_BETTER,8.309687,False,False,True,DYNAMIC_GT10
2026-06-18,2026-06-17,L7,RANGE_WIDE_120_220,CLOSE_POS_LOWER_THIRD,ROWS_SPARSE_1_8,4257.74,PREV_CLOSE_PROXY,,NEUTRAL,4203.55,81,4175.8225,27.7275,False,False,SOURCE_LEVEL_RESIDUAL,superset_base_source_superset_q75,168.0,4164.8475,38.7025,SUPERSET_AUDITED_BASE,4164.8475,38.7025,False,4175.8225,27.7275,False,False,DYNAMIC_RESIDUAL_BETTER,10.975,False,False,True,DYNAMIC_GT10
2026-06-19,2026-06-18,L4,RANGE_WIDE_120_220,CLOSE_POS_LOWER_THIRD,ROWS_STANDARD_9_10,4209.04,PREV_CLOSE_PROXY,,NEUTRAL,4332.32,101,4296.125505,36.194495,False,False,SOURCE_LEVEL_RESIDUAL,superset_base_source_superset_q75,160.0,4283.2668,49.0532,REGIME_LEVEL_RESIDUAL,4280.91738,51.40262,False,4296.125505,36.194495,False,False,DYNAMIC_RESIDUAL_BETTER,15.208125,False,False,True,DYNAMIC_GT10
2026-06-19,2026-06-18,L5,RANGE_WIDE_120_220,CLOSE_POS_LOWER_THIRD,ROWS_STANDARD_9_10,4209.04,PREV_CLOSE_PROXY,,NEUTRAL,4301.82,101,4259.689771,42.130229,False,False,SOURCE_LEVEL_RESIDUAL,superset_base_source_superset_q75,168.0,4248.514156,53.305844,REGIME_LEVEL_RESIDUAL,4247.564146,54.255854,False,4259.689771,42.130229,False,False,DYNAMIC_RESIDUAL_BETTER,12.125625,False,False,True,DYNAMIC_GT10
2026-06-19,2026-06-18,L6,RANGE_WIDE_120_220,CLOSE_POS_LOWER_THIRD,ROWS_STANDARD_9_10,4209.04,PREV_CLOSE_PROXY,,NEUTRAL,4270.84,101,4229.887917,40.952083,False,False,SOURCE_LEVEL_RESIDUAL,superset_base_source_superset_q75,161.0,4222.17625,48.66375,REGIME_LEVEL_RESIDUAL,4221.36125,49.47875,False,4229.887917,40.952083,False,False,DYNAMIC_RESIDUAL_BETTER,8.526667,False,False,True,DYNAMIC_GT10
2026-06-19,2026-06-18,L7,RANGE_WIDE_120_220,CLOSE_POS_LOWER_THIRD,ROWS_STANDARD_9_10,4209.04,PREV_CLOSE_PROXY,,NEUTRAL,4241.28,101,4212.58,28.7,False,False,SOURCE_LEVEL_RESIDUAL,superset_base_source_superset_q75,169.0,4201.0075,40.2725,REGIME_LEVEL_RESIDUAL,4201.56,39.72,False,4212.58,28.7,False,False,DYNAMIC_RESIDUAL_BETTER,11.02,False,False,True,DYNAMIC_GT10
2026-06-22,2026-06-19,L4,RANGE_NORMAL_60_120,CLOSE_POS_MIDDLE_THIRD,ROWS_STANDARD_9_10,4155.81,PREV_CLOSE_PROXY,,NEUTRAL,4216.38,101,4216.395,0.015,True,True,LEVEL_RESIDUAL,superset_base_level_superset_median,179.0,4213.525,2.855,REGIME_LEVEL_RESIDUAL,4213.1275,3.2525,True,4216.395,0.015,True,True,DYNAMIC_RESIDUAL_BETTER,3.2375,False,True,True,DYNAMIC_WITHIN_3
2026-06-22,2026-06-19,L5,RANGE_NORMAL_60_120,CLOSE_POS_MIDDLE_THIRD,ROWS_STANDARD_9_10,4155.81,PREV_CLOSE_PROXY,,NEUTRAL,4178.43,101,4179.870313,1.440312,True,True,RANGE_CLOSE_LEVEL_RESIDUAL,superset_base_range_close_superset_q25,36.0,4180.12125,1.69125,REGIME_LEVEL_RESIDUAL,4182.705,4.275,True,4179.870313,1.440312,True,True,DYNAMIC_RESIDUAL_BETTER,2.834688,False,True,True,DYNAMIC_WITHIN_3
2026-06-22,2026-06-19,L6,RANGE_NORMAL_60_120,CLOSE_POS_MIDDLE_THIRD,ROWS_STANDARD_9_10,4155.81,PREV_CLOSE_PROXY,,NEUTRAL,4140.8,101,4140.942165,0.142165,True,True,REGIME_LEVEL_RESIDUAL,superset_base_regime_superset_q25,23.0,4154.42529,13.62529,REGIME_LEVEL_RESIDUAL,4154.79529,13.99529,False,4140.942165,0.142165,True,True,DYNAMIC_RESIDUAL_BETTER,13.853125,True,True,True,DYNAMIC_WITHIN_3
2026-06-22,2026-06-19,L7,RANGE_NORMAL_60_120,CLOSE_POS_MIDDLE_THIRD,ROWS_STANDARD_9_10,4155.81,PREV_CLOSE_PROXY,,NEUTRAL,4106.42,101,4107.47125,1.05125,True,True,SOURCE_LEVEL_RESIDUAL,superset_base_source_superset_q25,170.0,4120.584375,14.164375,REGIME_LEVEL_RESIDUAL,4122.2825,15.8625,False,4107.47125,1.05125,True,True,DYNAMIC_RESIDUAL_BETTER,14.81125,True,True,True,DYNAMIC_WITHIN_3
2026-06-23,2026-06-22,L4,RANGE_NORMAL_60_120,CLOSE_POS_MIDDLE_THIRD,ROWS_STANDARD_9_10,4191.26,PREV_CLOSE_PROXY,,NEUTRAL,4212.81,102,4212.748125,0.061875,True,True,REGIME_LEVEL_RESIDUAL,original_base_regime_superset_q75,24.0,4207.898125,4.911875,REGIME_LEVEL_RESIDUAL,4207.97875,4.83125,True,4212.748125,0.061875,True,True,DYNAMIC_RESIDUAL_BETTER,4.769375,False,True,True,DYNAMIC_WITHIN_3
2026-06-23,2026-06-22,L5,RANGE_NORMAL_60_120,CLOSE_POS_MIDDLE_THIRD,ROWS_STANDARD_9_10,4191.26,PREV_CLOSE_PROXY,,NEUTRAL,4174.21,101,4174.30765,0.09765,True,True,RANGE_CLOSE_LEVEL_RESIDUAL,superset_base_range_close_superset_mean,37.0,4165.760933,8.449067,REGIME_LEVEL_RESIDUAL,4168.59562,5.61438,False,4174.30765,0.09765,True,True,DYNAMIC_RESIDUAL_BETTER,5.51673,True,True,True,DYNAMIC_WITHIN_3
2026-06-23,2026-06-22,L6,RANGE_NORMAL_60_120,CLOSE_POS_MIDDLE_THIRD,ROWS_STANDARD_9_10,4191.26,PREV_CLOSE_PROXY,,NEUTRAL,4137.23,101,4151.248843,14.018843,False,False,REGIME_LEVEL_RESIDUAL,superset_base_regime_superset_q25,24.0,4165.572765,28.342765,REGIME_LEVEL_RESIDUAL,4166.10531,28.87531,False,4151.248843,14.018843,False,False,DYNAMIC_RESIDUAL_BETTER,14.856467,False,False,True,DYNAMIC_GT10
2026-06-23,2026-06-22,L7,RANGE_NORMAL_60_120,CLOSE_POS_MIDDLE_THIRD,ROWS_STANDARD_9_10,4191.26,PREV_CLOSE_PROXY,,NEUTRAL,4101.88,101,4119.51875,17.63875,False,False,SOURCE_LEVEL_RESIDUAL,superset_base_source_superset_q25,171.0,4132.745,30.865,REGIME_LEVEL_RESIDUAL,4134.8875,33.0075,False,4119.51875,17.63875,False,False,DYNAMIC_RESIDUAL_BETTER,15.36875,False,False,True,DYNAMIC_GT10
2026-06-25,2026-06-24,L4,RANGE_WIDE_120_220,CLOSE_POS_LOWER_THIRD,ROWS_STANDARD_9_10,3999.01,PREV_CLOSE_PROXY,,NEUTRAL,4098.68,101,4073.530955,25.149045,False,False,SOURCE_LEVEL_RESIDUAL,superset_base_source_superset_q75,162.0,4056.638455,42.041545,REGIME_LEVEL_RESIDUAL,4058.29158,40.38842,False,4073.530955,25.149045,False,False,DYNAMIC_RESIDUAL_BETTER,15.239375,False,False,True,DYNAMIC_GT10
2026-06-25,2026-06-24,L5,RANGE_WIDE_120_220,CLOSE_POS_LOWER_THIRD,ROWS_STANDARD_9_10,3999.01,PREV_CLOSE_PROXY,,NEUTRAL,4062.96,101,4068.98875,6.02875,False,False,RANGE_CLOSE_LEVEL_RESIDUAL,superset_base_range_close_superset_q25,19.0,4078.58375,15.62375,REGIME_LEVEL_RESIDUAL,4078.16375,15.20375,False,4068.98875,6.02875,False,False,DYNAMIC_RESIDUAL_BETTER,9.175,False,False,True,DYNAMIC_WITHIN_10
2026-06-25,2026-06-24,L6,RANGE_WIDE_120_220,CLOSE_POS_LOWER_THIRD,ROWS_STANDARD_9_10,3999.01,PREV_CLOSE_PROXY,,NEUTRAL,4029.12,101,4035.307388,6.187388,False,False,SOURCE_LEVEL_RESIDUAL,superset_base_source_superset_q25,164.0,4049.23375,20.11375,REGIME_LEVEL_RESIDUAL,4048.16375,19.04375,False,4035.307388,6.187388,False,False,DYNAMIC_RESIDUAL_BETTER,12.856362,False,False,True,DYNAMIC_WITHIN_10
2026-06-25,2026-06-24,L7,RANGE_WIDE_120_220,CLOSE_POS_LOWER_THIRD,ROWS_STANDARD_9_10,3999.01,PREV_CLOSE_PROXY,,NEUTRAL,3994.26,101,3991.181875,3.078125,False,True,LEVEL_RESIDUAL,superset_base_level_superset_q25,178.0,4006.7475,12.4875,REGIME_LEVEL_RESIDUAL,4006.7975,12.5375,False,3991.181875,3.078125,False,True,DYNAMIC_RESIDUAL_BETTER,9.459375,True,False,True,DYNAMIC_WITHIN_5
2026-06-26,2026-06-25,L4,RANGE_NORMAL_60_120,CLOSE_POS_UPPER_THIRD,ROWS_STANDARD_9_10,4026.59,PREV_CLOSE_PROXY,,NEUTRAL,4103.3,101,4103.5375,0.2375,True,True,SOURCE_LEVEL_RESIDUAL,superset_base_source_superset_q75,163.0,4092.92,10.38,REGIME_LEVEL_RESIDUAL,4088.15625,15.14375,False,4103.5375,0.2375,True,True,DYNAMIC_RESIDUAL_BETTER,14.90625,True,True,True,DYNAMIC_WITHIN_3
2026-06-26,2026-06-25,L5,RANGE_NORMAL_60_120,CLOSE_POS_UPPER_THIRD,ROWS_STANDARD_9_10,4026.59,PREV_CLOSE_PROXY,,NEUTRAL,4070.91,101,4070.8825,0.0275,True,True,RANGE_CLOSE_LEVEL_RESIDUAL,superset_base_range_close_original_q25,37.0,4072.546875,1.636875,REGIME_LEVEL_RESIDUAL,4074.26,3.35,True,4070.8825,0.0275,True,True,DYNAMIC_RESIDUAL_BETTER,3.3225,False,True,True,DYNAMIC_WITHIN_3
2026-06-26,2026-06-25,L6,RANGE_NORMAL_60_120,CLOSE_POS_UPPER_THIRD,ROWS_STANDARD_9_10,4026.59,PREV_CLOSE_PROXY,,NEUTRAL,4036.2,101,4032.494167,3.705833,False,True,SOURCE_LEVEL_RESIDUAL,superset_base_source_superset_q75,165.0,4025.352221,10.847779,REGIME_LEVEL_RESIDUAL,4023.9675,12.2325,False,4032.494167,3.705833,False,True,DYNAMIC_RESIDUAL_BETTER,8.526667,True,False,True,DYNAMIC_WITHIN_5
2026-06-26,2026-06-25,L7,RANGE_NORMAL_60_120,CLOSE_POS_UPPER_THIRD,ROWS_STANDARD_9_10,4026.59,PREV_CLOSE_PROXY,,NEUTRAL,4003.24,101,4002.955,0.285,True,True,LEVEL_RESIDUAL,superset_base_level_original_median,179.0,4003.766875,0.526875,REGIME_LEVEL_RESIDUAL,4003.675,0.435,True,4002.955,0.285,True,True,DYNAMIC_RESIDUAL_BETTER,0.15,False,False,True,DYNAMIC_WITHIN_3
2026-06-29,2026-06-26,L4,RANGE_NORMAL_60_120,CLOSE_POS_UPPER_THIRD,ROWS_STANDARD_9_10,4088.41,PREV_CLOSE_PROXY,,NEUTRAL,4097.6,101,4098.927265,1.327265,True,True,LEVEL_RESIDUAL,superset_base_level_superset_recent8_median,8.0,4085.765,11.835,REGIME_LEVEL_RESIDUAL,4090.2975,7.3025,False,4098.927265,1.327265,True,True,DYNAMIC_RESIDUAL_BETTER,5.975235,True,True,True,DYNAMIC_WITHIN_3
2026-06-29,2026-06-26,L5,RANGE_NORMAL_60_120,CLOSE_POS_UPPER_THIRD,ROWS_STANDARD_9_10,4088.41,PREV_CLOSE_PROXY,,NEUTRAL,4066.54,101,4065.970625,0.569375,True,True,LEVEL_RESIDUAL,superset_base_level_superset_q25,184.0,4069.89875,3.35875,REGIME_LEVEL_RESIDUAL,4072.43125,5.89125,False,4065.970625,0.569375,True,True,DYNAMIC_RESIDUAL_BETTER,5.321875,True,True,True,DYNAMIC_WITHIN_3
2026-06-29,2026-06-26,L6,RANGE_NORMAL_60_120,CLOSE_POS_UPPER_THIRD,ROWS_STANDARD_9_10,4088.41,PREV_CLOSE_PROXY,,NEUTRAL,4039.56,101,4039.260659,0.299341,True,True,LEVEL_RESIDUAL,superset_base_level_original_mean,184.0,4042.756907,3.196907,REGIME_LEVEL_RESIDUAL,4040.998125,1.438125,True,4039.260659,0.299341,True,True,DYNAMIC_RESIDUAL_BETTER,1.138784,False,False,True,DYNAMIC_WITHIN_3
2026-06-29,2026-06-26,L7,RANGE_NORMAL_60_120,CLOSE_POS_UPPER_THIRD,ROWS_STANDARD_9_10,4088.41,PREV_CLOSE_PROXY,,NEUTRAL,4003.96,101,4003.04625,0.91375,True,True,REGIME_LEVEL_RESIDUAL,superset_base_regime_superset_recent8_median,8.0,4006.53,2.57,REGIME_LEVEL_RESIDUAL,4006.69875,2.73875,True,4003.04625,0.91375,True,True,DYNAMIC_RESIDUAL_BETTER,1.825,False,False,True,DYNAMIC_WITHIN_3
2026-06-30,2026-06-29,L4,RANGE_NORMAL_60_120,CLOSE_POS_LOWER_THIRD,ROWS_STANDARD_9_10,4178.97,AUTO_JSON,ema_proxy_up,UP,4071.63,81,4071.884375,0.254375,True,True,RANGE_CLOSE_LEVEL_RESIDUAL,superset_base_range_close_superset_q25,19.0,4074.989062,3.359062,REGIME_LEVEL_RESIDUAL,4072.66125,1.03125,True,4071.884375,0.254375,True,True,DYNAMIC_RESIDUAL_BETTER,0.776875,False,False,True,DYNAMIC_WITHIN_3
2026-06-30,2026-06-29,L5,RANGE_NORMAL_60_120,CLOSE_POS_LOWER_THIRD,ROWS_STANDARD_9_10,4178.97,AUTO_JSON,ema_proxy_up,UP,4039.56,82,4039.12,0.44,True,True,RANGE_CLOSE_LEVEL_RESIDUAL,superset_base_range_close_original_q75,20.0,4027.875983,11.684017,REGIME_LEVEL_RESIDUAL,4031.785,7.775,False,4039.12,0.44,True,True,DYNAMIC_RESIDUAL_BETTER,7.335,True,True,True,DYNAMIC_WITHIN_3
2026-06-30,2026-06-29,L6,RANGE_NORMAL_60_120,CLOSE_POS_LOWER_THIRD,ROWS_STANDARD_9_10,4178.97,AUTO_JSON,ema_proxy_up,UP,4005.44,81,4003.612813,1.827188,True,True,REGIME_LEVEL_RESIDUAL,superset_base_regime_original_mean,12.0,4010.98125,5.54125,REGIME_LEVEL_RESIDUAL,4012.28125,6.84125,False,4003.612813,1.827188,True,True,DYNAMIC_RESIDUAL_BETTER,5.014062,True,True,True,DYNAMIC_WITHIN_3
2026-06-30,2026-06-29,L7,RANGE_NORMAL_60_120,CLOSE_POS_LOWER_THIRD,ROWS_STANDARD_9_10,4178.97,AUTO_JSON,ema_proxy_up,UP,3967.25,81,3965.89375,1.35625,True,True,SOURCE_LEVEL_RESIDUAL,superset_base_source_superset_q75,175.0,3952.072344,15.177656,REGIME_LEVEL_RESIDUAL,3954.90375,12.34625,False,3965.89375,1.35625,True,True,DYNAMIC_RESIDUAL_BETTER,10.99,True,True,True,DYNAMIC_WITHIN_3
