oracle_ordered_ladder_available,oracle_ordered_ladder_valid,oracle_bracketed_by_L5_L6,oracle_inside_L4_L7,oracle_ordered_ladder_median_abs_error,oracle_ordered_ladder_mean_abs_error,oracle_ordered_ladder_pct_within_3,oracle_ordered_ladder_pct_within_5,oracle_ordered_ladder_total_width,oracle_ordered_ladder_mean_rank,L4_oracle_mode,L4_cluster_mid,L4_cluster_min,L4_cluster_max,L4_cluster_width,L4_actual,L4_abs_error,L4_within_3,L4_within_5,L4_candidate_keys,L5_oracle_mode,L5_cluster_mid,L5_cluster_min,L5_cluster_max,L5_cluster_width,L5_actual,L5_abs_error,L5_within_3,L5_within_5,L5_candidate_keys,L6_oracle_mode,L6_cluster_mid,L6_cluster_min,L6_cluster_max,L6_cluster_width,L6_actual,L6_abs_error,L6_within_3,L6_within_5,L6_candidate_keys,L7_oracle_mode,L7_cluster_mid,L7_cluster_min,L7_cluster_max,L7_cluster_width,L7_actual,L7_abs_error,L7_within_3,L7_within_5,L7_candidate_keys,level_date,prev_date,range_bucket,close_position_bucket,rows_bucket,live_reference_price,live_reference_source,live_channel_state,live_channel_norm
True,True,False,True,27.674792,27.822396,0.0,0.0,0.0,1.0,MODE_C_BALANCED,3884.8525,3884.8525,3884.8525,0.0,3867.44,17.4125,0.0,0.0,prior_range_fraction::prev_range_0.75,MODE_C_BALANCED,3871.403333,3871.403333,3871.403333,0.0,3849.38,22.023333,0.0,0.0,prior_hlc::previous_pivot_hlc3,MODE_C_BALANCED,3871.3175,3871.3175,3871.3175,0.0,3832.79,38.5275,0.0,0.0,green_box_midline::green_mid_1,MODE_C_BALANCED,3850.32625,3850.32625,3850.32625,0.0,3817.0,33.32625,0.0,0.0,red_box_quarter::red_box_2_25pct,2025-10-02,2025-10-01,RANGE_COMPRESSED_0_60,CLOSE_POS_LOWER_THIRD,ROWS_STANDARD_9_10,3865.54,PREV_CLOSE_PROXY,,NEUTRAL
True,True,True,True,28.000417,28.451146,0.0,0.0,0.0,1.0,MODE_C_BALANCED,3877.3225,3877.3225,3877.3225,0.0,3854.23,23.0925,0.0,0.0,prior_range_fraction::prev_range_0.75,MODE_C_BALANCED,3857.423333,3857.423333,3857.423333,0.0,3833.88,23.543333,0.0,0.0,prior_hlc::previous_pivot_hlc3,MODE_C_BALANCED,3846.2075,3846.2075,3846.2075,0.0,3813.75,32.4575,0.0,0.0,green_box_midline::green_mid_1,MODE_C_BALANCED,3829.61125,3829.61125,3829.61125,0.0,3794.9,34.71125,0.0,0.0,red_box_quarter::red_box_2_25pct,2025-10-03,2025-10-02,RANGE_NORMAL_60_120,CLOSE_POS_MIDDLE_THIRD,ROWS_STANDARD_9_10,3856.24,PREV_CLOSE_PROXY,,NEUTRAL
True,True,False,False,12.66,13.466567,0.0,0.0,0.0,1.0,MODE_E_SPACING_PRESERVATION,3855.929982,3855.929982,3855.929982,0.0,3872.61,16.680018,0.0,0.0,prior_range_fraction::prev_range_0.333333,MODE_B_EMA_CHANNEL_DIRECTION_HEAVY,3839.41375,3839.41375,3839.41375,0.0,3851.28,11.86625,0.0,0.0,red_box_quarter::red_box_2_25pct,MODE_B_EMA_CHANNEL_DIRECTION_HEAVY,3818.51125,3818.51125,3818.51125,0.0,3830.61,12.09875,0.0,0.0,red_box_quarter::red_box_2_75pct,MODE_B_EMA_CHANNEL_DIRECTION_HEAVY,3797.60875,3797.60875,3797.60875,0.0,3810.83,13.22125,0.0,0.0,red_box_quarter::red_box_3_25pct,2025-10-06,2025-10-03,RANGE_COMPRESSED_0_60,CLOSE_POS_UPPER_THIRD,ROWS_SPARSE_1_8,3886.43,PREV_CLOSE_PROXY,,NEUTRAL
True,True,False,False,15.075,56.286563,0.0,0.0,0.0,1.0,MODE_C_BALANCED,3948.6225,3948.6225,3948.6225,0.0,3964.13,15.5075,0.0,0.0,prior_range_fraction::prev_range_0.75,MODE_C_BALANCED,3938.47,3938.47,3938.47,0.0,3946.24,7.77,0.0,0.0,prior_hlc::previous_pivot_hlc3,MODE_C_BALANCED,3913.2875,3913.2875,3913.2875,0.0,3927.93,14.6425,0.0,0.0,green_box_midline::green_mid_1,MODE_C_BALANCED,3897.74625,3897.74625,3897.74625,0.0,3710.52,187.22625,0.0,0.0,red_box_quarter::red_box_2_25pct,2025-10-07,2025-10-06,RANGE_NORMAL_60_120,CLOSE_POS_UPPER_THIRD,ROWS_SPARSE_1_8,3961.0,PREV_CLOSE_PROXY,,NEUTRAL
True,True,False,False,1.4125,1.745,75.0,100.0,0.0,1.0,MODE_C_BALANCED,3972.06,3972.06,3972.06,0.0,3970.41,1.65,1.0,1.0,prior_hlc::previous_pivot_hlc3,MODE_C_BALANCED,3953.365,3953.365,3953.365,0.0,3949.74,3.625,0.0,1.0,prior_range_fraction::prev_range_0.25,MODE_B_EMA_CHANNEL_DIRECTION_HEAVY,3930.865,3930.865,3930.865,0.0,3929.69,1.175,1.0,1.0,red_box_midline::red_mid_2,MODE_B_EMA_CHANNEL_DIRECTION_HEAVY,3910.8,3910.8,3910.8,0.0,3910.27,0.53,1.0,1.0,red_box_edge::red_edge_2,2025-10-08,2025-10-07,RANGE_COMPRESSED_0_60,CLOSE_POS_UPPER_THIRD,ROWS_SPARSE_1_8,3984.32,PREV_CLOSE_PROXY,,NEUTRAL
True,True,False,True,21.2975,45.75125,25.0,25.0,0.0,1.0,MODE_C_BALANCED,4041.38,4041.38,4041.38,0.0,4038.76,2.62,1.0,1.0,prior_hlc::previous_close,MODE_C_BALANCED,4040.21,4040.21,4040.21,0.0,4019.13,21.08,0.0,0.0,prior_range_fraction::prev_range_0.75,MODE_C_BALANCED,4023.035,4023.035,4023.035,0.0,4001.52,21.515,0.0,0.0,green_box_quarter::green_box_1_75pct,MODE_B_EMA_CHANNEL_DIRECTION_HEAVY,3847.56,3847.56,3847.56,0.0,3985.35,137.79,0.0,0.0,red_box_edge::red_edge_4,2025-10-09,2025-10-08,RANGE_NORMAL_60_120,CLOSE_POS_UPPER_THIRD,ROWS_SPARSE_1_8,4041.38,PREV_CLOSE_PROXY,,NEUTRAL
True,False,True,True,11.88875,12.181875,25.0,25.0,0.0,1.5,MODE_A_LIVE_PROXIMITY_HEAVY,3975.96,3975.96,3975.96,0.0,3999.31,23.35,0.0,0.0,prior_hlc::previous_close,MODE_C_BALANCED,3992.93,3992.93,3992.93,0.0,3980.31,12.62,0.0,0.0,prior_hlc::previous_pivot_hlc3,MODE_C_BALANCED,3973.1275,3973.1275,3973.1275,0.0,3961.97,11.1575,0.0,0.0,prior_range_fraction::prev_range_0.25,MODE_B_EMA_CHANNEL_DIRECTION_HEAVY,3944.84,3944.84,3944.84,0.0,3943.24,1.6,1.0,1.0,prior_hlc::previous_low,2025-10-10,2025-10-09,RANGE_NORMAL_60_120,CLOSE_POS_LOWER_THIRD,ROWS_STANDARD_9_10,3975.96,PREV_CLOSE_PROXY,,NEUTRAL
True,True,False,False,0.868125,2.193021,75.0,75.0,0.0,1.0,MODE_C_BALANCED,4003.8475,4003.8475,4003.8475,0.0,4010.88,7.0325,0.0,0.0,prior_range_fraction::prev_range_0.75,MODE_C_BALANCED,3994.056667,3994.056667,3994.056667,0.0,3994.06,0.003333,1.0,1.0,prior_hlc::previous_pivot_hlc3,MODE_C_BALANCED,3973.4025,3973.4025,3973.4025,0.0,3974.97,1.5675,1.0,1.0,green_box_midline::green_mid_1,MODE_C_BALANCED,3956.63875,3956.63875,3956.63875,0.0,3956.47,0.16875,1.0,1.0,red_box_quarter::red_box_2_25pct,2025-10-13,2025-10-10,RANGE_NORMAL_60_120,CLOSE_POS_UPPER_THIRD,ROWS_STANDARD_9_10,4012.42,PREV_CLOSE_PROXY,,NEUTRAL
True,True,False,True,16.233125,18.28125,25.0,25.0,0.0,1.0,MODE_C_BALANCED,4110.41,4110.41,4110.41,0.0,4108.96,1.45,1.0,1.0,prior_hlc::previous_close,MODE_D_NEAREST_VALID_LADDER,4086.7525,4086.7525,4086.7525,0.0,4093.64,6.8875,0.0,0.0,prior_range_fraction::prev_range_0.75,MODE_C_BALANCED,4052.60125,4052.60125,4052.60125,0.0,4078.18,25.57875,0.0,0.0,green_box_quarter::green_box_1_75pct,MODE_C_BALANCED,4022.60125,4022.60125,4022.60125,0.0,4061.81,39.20875,0.0,0.0,red_box_quarter::red_box_2_25pct,2025-10-14,2025-10-13,RANGE_WIDE_120_220,CLOSE_POS_UPPER_THIRD,ROWS_SPARSE_1_8,4110.41,PREV_CLOSE_PROXY,,NEUTRAL
True,True,False,True,29.44125,27.853125,0.0,0.0,0.0,1.0,MODE_C_BALANCED,4142.14,4142.14,4142.14,0.0,4150.06,7.92,0.0,0.0,prior_hlc::previous_close,MODE_C_BALANCED,4105.3525,4105.3525,4105.3525,0.0,4135.03,29.6775,0.0,0.0,green_box_quarter::green_box_1_25pct,MODE_B_EMA_CHANNEL_DIRECTION_HEAVY,4090.265,4090.265,4090.265,0.0,4119.47,29.205,0.0,0.0,red_box_midline::red_mid_2,MODE_B_EMA_CHANNEL_DIRECTION_HEAVY,4060.44,4060.44,4060.44,0.0,4105.05,44.61,0.0,0.0,red_box_edge::red_edge_2,2025-10-15,2025-10-14,RANGE_NORMAL_60_120,CLOSE_POS_MIDDLE_THIRD,ROWS_STANDARD_9_10,4142.14,PREV_CLOSE_PROXY,,NEUTRAL
True,True,False,False,5.49618,6.00559,50.0,50.0,0.0,1.25,MODE_C_BALANCED,4198.935,4198.935,4198.935,0.0,4201.69,2.755,1.0,1.0,prior_range_fraction::prev_range_0.75,MODE_C_BALANCED,4189.07,4189.07,4189.07,0.0,4189.9,0.83,1.0,1.0,prior_hlc::previous_pivot_hlc3,MODE_C_BALANCED,4169.03264,4167.665,4170.40028,2.73528,4177.27,8.23736,0.0,0.0,green_box_midline::green_mid_1 | prior_range_fraction::prev_range_0.382,MODE_C_BALANCED,4150.79,4150.4725,4151.1075,0.635,4162.99,12.2,0.0,0.0,prior_range_fraction::prev_range_0.125 | red_box_quarter::red_box_2_25pct,2025-10-16,2025-10-15,RANGE_NORMAL_60_120,CLOSE_POS_UPPER_THIRD,ROWS_STANDARD_9_10,4208.11,PREV_CLOSE_PROXY,,NEUTRAL
True,True,False,False,12.755625,11.998125,0.0,0.0,0.0,1.0,MODE_C_BALANCED,4320.4125,4320.4125,4320.4125,0.0,4305.21,15.2025,0.0,0.0,green_box_midline::green_mid_2,MODE_C_BALANCED,4300.32875,4300.32875,4300.32875,0.0,4289.52,10.80875,0.0,0.0,green_box_quarter::green_box_2_25pct,MODE_C_BALANCED,4290.4125,4290.4125,4290.4125,0.0,4275.71,14.7025,0.0,0.0,red_box_midline::red_mid_1,MODE_C_BALANCED,4270.32875,4270.32875,4270.32875,0.0,4263.05,7.27875,0.0,0.0,red_box_quarter::red_box_1_75pct,2025-10-17,2025-10-16,RANGE_WIDE_120_220,CLOSE_POS_UPPER_THIRD,ROWS_EXTENDED_11_PLUS,4325.92,PREV_CLOSE_PROXY,,NEUTRAL
True,True,False,False,77.105312,71.916094,0.0,0.0,0.0,1.25,MODE_C_BALANCED,4325.85875,4325.85875,4325.85875,0.0,4286.39,39.46875,0.0,0.0,green_box_quarter::green_box_2_25pct,MODE_C_BALANCED,4324.815625,4323.7725,4325.85875,2.08625,4249.57,75.245625,0.0,0.0,red_box_midline::red_mid_1 | green_box_quarter::green_box_2_25pct,MODE_A_LIVE_PROXIMITY_HEAVY,4297.945,4297.945,4297.945,0.0,4218.98,78.965,0.0,0.0,green_box_edge::green_edge_1,MODE_A_LIVE_PROXIMITY_HEAVY,4282.945,4282.945,4282.945,0.0,4188.96,93.985,0.0,0.0,prior_hlc::previous_mid,2025-10-20,2025-10-17,RANGE_WIDE_120_220,CLOSE_POS_MIDDLE_THIRD,ROWS_STANDARD_9_10,4252.68,PREV_CLOSE_PROXY,,NEUTRAL
True,True,False,False,35.17,33.04,0.0,25.0,0.0,1.0,MODE_C_BALANCED,4339.28,4339.28,4339.28,0.0,4336.24,3.04,0.0,1.0,green_box_quarter::green_box_2_25pct,MODE_C_BALANCED,4333.31,4333.31,4333.31,0.0,4302.55,30.76,0.0,0.0,red_box_midline::red_mid_1,MODE_C_BALANCED,4315.25,4315.25,4315.25,0.0,4275.67,39.58,0.0,0.0,green_box_edge::green_edge_1,MODE_C_BALANCED,4300.25,4300.25,4300.25,0.0,4241.47,58.78,0.0,0.0,prior_hlc::previous_mid,2025-10-21,2025-10-20,RANGE_WIDE_120_220,CLOSE_POS_UPPER_THIRD,ROWS_EXTENDED_11_PLUS,4356.3,PREV_CLOSE_PROXY,,NEUTRAL
True,True,True,True,51.3375,51.281562,0.0,0.0,0.0,1.25,MODE_B_EMA_CHANNEL_DIRECTION_HEAVY,4203.52875,4203.52875,4203.52875,0.0,4243.57,40.04125,0.0,0.0,green_box_quarter::green_box_1_75pct,MODE_C_BALANCED,4173.52875,4173.52875,4173.52875,0.0,4216.07,42.54125,0.0,0.0,red_box_quarter::red_box_2_25pct,MODE_C_BALANCED,4122.77625,4122.77625,4122.77625,0.0,4182.91,60.13375,0.0,0.0,green_box_quarter::green_box_1_25pct,MODE_B_EMA_CHANNEL_DIRECTION_HEAVY,4082.4,4082.4,4082.4,0.0,4144.81,62.41,0.0,0.0,prior_hlc::previous_low,2025-10-22,2025-10-21,RANGE_EXTREME_220_PLUS,CLOSE_POS_LOWER_THIRD,ROWS_EXTENDED_11_PLUS,4124.9,PREV_CLOSE_PROXY,,NEUTRAL
True,True,False,False,83.695651,81.624075,0.0,0.0,0.0,1.0,MODE_C_BALANCED,4082.975,4082.975,4082.975,0.0,4177.89,94.915,0.0,0.0,prior_hlc::previous_mid,MODE_C_BALANCED,4056.869948,4056.869948,4056.869948,0.0,4147.32,90.450052,0.0,0.0,prior_range_fraction::prev_range_0.333333,MODE_B_EMA_CHANNEL_DIRECTION_HEAVY,4027.98875,4027.98875,4027.98875,0.0,4104.93,76.94125,0.0,0.0,green_box_quarter::green_box_1_25pct,MODE_C_BALANCED,4004.66,4004.66,4004.66,0.0,4068.85,64.19,0.0,0.0,prior_hlc::previous_low,2025-10-23,2025-10-22,RANGE_WIDE_120_220,CLOSE_POS_MIDDLE_THIRD,ROWS_STANDARD_9_10,4098.38,PREV_CLOSE_PROXY,,NEUTRAL
True,True,False,True,18.74625,17.776042,25.0,25.0,0.0,1.25,MODE_C_BALANCED,4139.91125,4139.91125,4139.91125,0.0,4171.67,31.75875,0.0,0.0,red_box_quarter::red_box_1_25pct,MODE_C_BALANCED,4115.61,4115.61,4115.61,0.0,4135.65,20.04,0.0,0.0,prior_hlc::previous_pivot_hlc3,MODE_C_BALANCED,4097.86708,4095.7675,4099.96666,4.19916,4099.72,1.85292,1.0,1.0,green_box_midline::green_mid_1 | prior_range_fraction::prev_range_0.382,MODE_C_BALANCED,4078.8925,4077.18875,4080.59625,3.4075,4061.44,17.4525,0.0,0.0,prior_range_fraction::prev_range_0.125 | red_box_quarter::red_box_2_25pct,2025-10-24,2025-10-23,RANGE_NORMAL_60_120,CLOSE_POS_UPPER_THIRD,ROWS_STANDARD_9_10,4125.98,PREV_CLOSE_PROXY,,NEUTRAL
True,True,True,True,5.90875,5.536562,25.0,50.0,0.0,1.0,MODE_B_EMA_CHANNEL_DIRECTION_HEAVY,4158.24375,4158.24375,4158.24375,0.0,4166.24,7.99625,0.0,0.0,green_box_quarter::green_box_2_75pct,MODE_C_BALANCED,4119.4875,4119.4875,4119.4875,0.0,4129.36,9.8725,0.0,0.0,prior_range_fraction::prev_range_0.75,MODE_D_NEAREST_VALID_LADDER,4095.73125,4095.73125,4095.73125,0.0,4091.91,3.82125,0.0,1.0,red_box_quarter::red_box_1_75pct,MODE_C_BALANCED,4056.95625,4056.95625,4056.95625,0.0,4056.5,0.45625,1.0,1.0,prior_range_fraction::prev_range_0.125,2025-10-27,2025-10-24,RANGE_NORMAL_60_120,CLOSE_POS_UPPER_THIRD,ROWS_STANDARD_9_10,4112.26,PREV_CLOSE_PROXY,,NEUTRAL
True,True,False,False,4.34962,6.02356,25.0,50.0,0.0,3.75,MODE_B_EMA_CHANNEL_DIRECTION_HEAVY,4118.255,4118.255,4118.255,0.0,4133.51,15.255,0.0,0.0,green_box_quarter::green_box_2_75pct,MODE_B_EMA_CHANNEL_DIRECTION_HEAVY,4097.3,4097.3,4097.3,0.0,4092.09,5.21,0.0,0.0,green_box_midline::green_mid_2,MODE_B_EMA_CHANNEL_DIRECTION_HEAVY,4056.01076,4055.39,4056.63152,1.24152,4059.5,3.48924,0.0,1.0,green_box_edge::green_edge_1 | prior_range_fraction::prev_range_0.618,MODE_B_EMA_CHANNEL_DIRECTION_HEAVY,4025.39,4025.39,4025.39,0.0,4025.25,0.14,1.0,1.0,red_box_edge::red_edge_1,2025-10-28,2025-10-27,RANGE_WIDE_120_220,CLOSE_POS_LOWER_THIRD,ROWS_EXTENDED_11_PLUS,3981.07,PREV_CLOSE_PROXY,,NEUTRAL
True,True,False,True,21.0071,19.536675,0.0,0.0,0.0,1.5,MODE_C_BALANCED,4029.3325,4029.3325,4029.3325,0.0,4053.69,24.3575,0.0,0.0,green_box_quarter::green_box_2_75pct,MODE_B_EMA_CHANNEL_DIRECTION_HEAVY,4008.945,4008.945,4008.945,0.0,4020.72,11.775,0.0,0.0,green_box_midline::green_mid_2,MODE_A_LIVE_PROXIMITY_HEAVY,3968.8758,3968.8758,3968.8758,0.0,3988.68,19.8042,0.0,0.0,prior_range_fraction::prev_range_0.618,MODE_B_EMA_CHANNEL_DIRECTION_HEAVY,3938.17,3938.17,3938.17,0.0,3960.38,22.21,0.0,0.0,red_box_edge::red_edge_1,2025-10-29,2025-10-28,RANGE_WIDE_120_220,CLOSE_POS_MIDDLE_THIRD,ROWS_STANDARD_9_10,3952.66,PREV_CLOSE_PROXY,,NEUTRAL
True,True,False,True,98.775625,99.005625,0.0,0.0,0.0,1.0,MODE_C_BALANCED,3968.91875,3968.91875,3968.91875,0.0,4090.3,121.38125,0.0,0.0,green_box_quarter::green_box_1_75pct,MODE_C_BALANCED,3950.6725,3950.6725,3950.6725,0.0,4056.8,106.1275,0.0,0.0,green_box_midline::green_mid_1,MODE_C_BALANCED,3932.42625,3932.42625,3932.42625,0.0,4023.85,91.42375,0.0,0.0,green_box_quarter::green_box_1_25pct,MODE_B_EMA_CHANNEL_DIRECTION_HEAVY,3914.18,3914.18,3914.18,0.0,3991.27,77.09,0.0,0.0,prior_hlc::previous_low,2025-10-30,2025-10-29,RANGE_NORMAL_60_120,CLOSE_POS_LOWER_THIRD,ROWS_EXTENDED_11_PLUS,3930.12,PREV_CLOSE_PROXY,,NEUTRAL
True,True,False,True,12.5125,10.757812,0.0,25.0,0.0,1.0,MODE_B_EMA_CHANNEL_DIRECTION_HEAVY,4039.49875,4039.49875,4039.49875,0.0,4053.95,14.45125,0.0,0.0,green_box_quarter::green_box_2_75pct,MODE_C_BALANCED,4009.49875,4009.49875,4009.49875,0.0,4020.43,10.93125,0.0,0.0,red_box_quarter::red_box_1_25pct,MODE_C_BALANCED,3974.05625,3974.05625,3974.05625,0.0,3988.15,14.09375,0.0,0.0,red_box_quarter::red_box_1_75pct,MODE_C_BALANCED,3956.335,3956.335,3956.335,0.0,3959.89,3.555,0.0,1.0,red_box_edge::red_edge_1,2025-10-31,2025-10-30,RANGE_NORMAL_60_120,CLOSE_POS_UPPER_THIRD,ROWS_STANDARD_9_10,4024.28,PREV_CLOSE_PROXY,,NEUTRAL
True,True,True,True,9.9175,11.244062,0.0,0.0,0.0,1.25,MODE_C_BALANCED,4024.215,4024.215,4024.215,0.0,4042.58,18.365,0.0,0.0,green_box_edge::green_edge_1,MODE_C_BALANCED,4007.21375,4007.21375,4007.21375,0.0,4013.99,6.77625,0.0,0.0,red_box_quarter::red_box_1_75pct,MODE_C_BALANCED,3994.215,3994.215,3994.215,0.0,3985.4,8.815,0.0,0.0,red_box_edge::red_edge_1,MODE_B_EMA_CHANNEL_DIRECTION_HEAVY,3942.22,3942.22,3942.22,0.0,3953.24,11.02,0.0,0.0,red_box_edge::red_edge_2,2025-11-03,2025-10-31,RANGE_NORMAL_60_120,CLOSE_POS_MIDDLE_THIRD,ROWS_EXTENDED_11_PLUS,4002.19,PREV_CLOSE_PROXY,,NEUTRAL
True,True,False,True,16.479375,15.479687,0.0,25.0,0.0,1.25,MODE_C_BALANCED,4011.435,4011.435,4011.435,0.0,4037.15,25.715,0.0,0.0,green_box_edge::green_edge_1,MODE_C_BALANCED,3993.73125,3993.73125,3993.73125,0.0,4011.32,17.58875,0.0,0.0,red_box_quarter::red_box_1_75pct,MODE_C_BALANCED,3981.435,3981.435,3981.435,0.0,3978.19,3.245,0.0,1.0,red_box_edge::red_edge_1,MODE_B_EMA_CHANNEL_DIRECTION_HEAVY,3932.25,3932.25,3932.25,0.0,3947.62,15.37,0.0,0.0,red_box_edge::red_edge_2,2025-11-04,2025-11-03,RANGE_NORMAL_60_120,CLOSE_POS_MIDDLE_THIRD,ROWS_STANDARD_9_10,4001.26,PREV_CLOSE_PROXY,,NEUTRAL
True,True,False,True,18.095625,20.315,0.0,25.0,0.0,1.0,MODE_C_BALANCED,3968.95125,3968.95125,3968.95125,0.0,3973.68,4.72875,0.0,1.0,green_box_quarter::green_box_1_75pct,MODE_C_BALANCED,3955.5775,3955.5775,3955.5775,0.0,3944.85,10.7275,0.0,0.0,green_box_midline::green_mid_1,MODE_C_BALANCED,3942.20375,3942.20375,3942.20375,0.0,3916.74,25.46375,0.0,0.0,green_box_quarter::green_box_1_25pct,MODE_C_BALANCED,3928.83,3928.83,3928.83,0.0,3888.49,40.34,0.0,0.0,prior_hlc::previous_low,2025-11-05,2025-11-04,RANGE_NORMAL_60_120,CLOSE_POS_LOWER_THIRD,ROWS_SPARSE_1_8,3931.9,PREV_CLOSE_PROXY,,NEUTRAL
True,True,True,True,3.6775,3.766146,50.0,50.0,0.0,1.0,MODE_D_NEAREST_VALID_LADDER,4020.51,4020.51,4020.51,0.0,4026.17,5.66,0.0,0.0,green_box_edge::green_edge_2,MODE_D_NEAREST_VALID_LADDER,3997.685,3997.685,3997.685,0.0,3999.38,1.695,1.0,1.0,green_box_midline::green_mid_2,MODE_D_NEAREST_VALID_LADDER,3964.850417,3963.4475,3966.253333,2.805833,3971.33,6.479583,0.0,0.0,green_box_quarter::green_box_1_75pct | prior_hlc::previous_pivot_hlc3,MODE_C_BALANCED,3944.86,3944.86,3944.86,0.0,3946.09,1.23,1.0,1.0,red_box_edge::red_edge_1,2025-11-06,2025-11-05,RANGE_NORMAL_60_120,CLOSE_POS_UPPER_THIRD,ROWS_STANDARD_9_10,3979.04,PREV_CLOSE_PROXY,,NEUTRAL
True,True,False,True,6.23,6.128442,25.0,25.0,0.0,1.0,MODE_B_EMA_CHANNEL_DIRECTION_HEAVY,3982.909982,3982.909982,3982.909982,0.0,3994.41,11.500018,0.0,0.0,prior_range_fraction::prev_range_0.333333,MODE_A_LIVE_PROXIMITY_HEAVY,3966.45375,3966.45375,3966.45375,0.0,3965.9,0.55375,1.0,1.0,red_box_quarter::red_box_2_25pct,MODE_B_EMA_CHANNEL_DIRECTION_HEAVY,3945.19125,3945.19125,3945.19125,0.0,3939.99,5.20125,0.0,0.0,red_box_quarter::red_box_2_75pct,MODE_B_EMA_CHANNEL_DIRECTION_HEAVY,3923.92875,3923.92875,3923.92875,0.0,3916.67,7.25875,0.0,0.0,red_box_quarter::red_box_3_25pct,2025-11-07,2025-11-06,RANGE_COMPRESSED_0_60,CLOSE_POS_LOWER_THIRD,ROWS_SPARSE_1_8,3976.93,PREV_CLOSE_PROXY,,NEUTRAL
True,True,False,True,4.465312,6.185521,50.0,50.0,0.0,1.0,MODE_C_BALANCED,4003.308542,4000.963333,4005.65375,4.690417,4017.8,14.491459,0.0,0.0,prior_hlc::previous_pivot_hlc3 | green_box_quarter::green_box_1_75pct,MODE_D_NEAREST_VALID_LADDER,3986.346875,3984.91125,3987.7825,2.87125,3992.42,6.073125,0.0,0.0,green_box_quarter::green_box_1_25pct | prior_range_fraction::prev_range_0.25,MODE_B_EMA_CHANNEL_DIRECTION_HEAVY,3965.2825,3965.2825,3965.2825,0.0,3968.14,2.8575,1.0,1.0,red_box_midline::red_mid_2,MODE_B_EMA_CHANNEL_DIRECTION_HEAVY,3944.54,3944.54,3944.54,0.0,3943.22,1.32,1.0,1.0,red_box_edge::red_edge_2,2025-11-10,2025-11-07,RANGE_COMPRESSED_0_60,CLOSE_POS_MIDDLE_THIRD,ROWS_STANDARD_9_10,4000.84,PREV_CLOSE_PROXY,,NEUTRAL
True,True,False,True,22.38999,20.19964,0.0,0.0,0.0,1.0,MODE_D_NEAREST_VALID_LADDER,4146.47,4146.47,4146.47,0.0,4158.14,11.67,0.0,0.0,green_box_edge::green_edge_2,MODE_D_NEAREST_VALID_LADDER,4109.315,4109.315,4109.315,0.0,4131.74,22.425,0.0,0.0,green_box_midline::green_mid_2,MODE_C_BALANCED,4076.81502,4076.7,4076.93004,0.23004,4099.17,22.35498,0.0,0.0,prior_hlc::previous_pivot_hlc3 | prior_range_fraction::prev_range_0.666667,MODE_C_BALANCED,4042.66142,4042.16,4043.16284,1.00284,4067.01,24.34858,0.0,0.0,red_box_edge::red_edge_1 | prior_range_fraction::prev_range_0.382,2025-11-11,2025-11-10,RANGE_NORMAL_60_120,CLOSE_POS_UPPER_THIRD,ROWS_STANDARD_9_10,4115.78,PREV_CLOSE_PROXY,,NEUTRAL
True,True,False,True,19.984575,20.533225,0.0,0.0,0.0,1.0,MODE_C_BALANCED,4138.78375,4138.78375,4138.78375,0.0,4129.0,9.78375,0.0,0.0,red_box_quarter::red_box_1_25pct,MODE_C_BALANCED,4114.426649,4114.426649,4114.426649,0.0,4097.81,16.616649,0.0,0.0,prior_range_fraction::prev_range_0.333333,MODE_B_EMA_CHANNEL_DIRECTION_HEAVY,4087.6025,4087.6025,4087.6025,0.0,4064.25,23.3525,0.0,0.0,red_box_midline::red_mid_2,MODE_B_EMA_CHANNEL_DIRECTION_HEAVY,4067.13,4067.13,4067.13,0.0,4034.75,32.38,0.0,0.0,red_box_edge::red_edge_2,2025-11-12,2025-11-11,RANGE_COMPRESSED_0_60,CLOSE_POS_MIDDLE_THIRD,ROWS_SPARSE_1_8,4126.6,PREV_CLOSE_PROXY,,NEUTRAL
True,True,True,True,3.390428,4.195214,50.0,50.0,0.0,1.25,MODE_A_LIVE_PROXIMITY_HEAVY,4241.75,4241.75,4241.75,0.0,4233.19,8.56,0.0,0.0,green_box_edge::green_edge_2,MODE_C_BALANCED,4206.04,4206.04,4206.04,0.0,4204.6,1.44,1.0,1.0,green_box_midline::green_mid_2,MODE_D_NEAREST_VALID_LADDER,4174.136704,4174.136704,4174.136704,0.0,4175.81,1.673296,1.0,1.0,prior_range_fraction::prev_range_0.666667,MODE_C_BALANCED,4141.17244,4140.33,4142.01488,1.68488,4146.28,5.10756,0.0,0.0,red_box_edge::red_edge_1 | prior_range_fraction::prev_range_0.382,2025-11-13,2025-11-12,RANGE_NORMAL_60_120,CLOSE_POS_UPPER_THIRD,ROWS_STANDARD_9_10,4195.32,PREV_CLOSE_PROXY,,NEUTRAL
True,True,False,False,36.37,36.135008,0.0,0.0,0.0,1.0,MODE_B_EMA_CHANNEL_DIRECTION_HEAVY,4307.45,4307.45,4307.45,0.0,4270.12,37.33,0.0,0.0,green_box_midline::green_mid_3,MODE_B_EMA_CHANNEL_DIRECTION_HEAVY,4275.05,4275.05,4275.05,0.0,4239.31,35.74,0.0,0.0,green_box_edge::green_edge_2,MODE_B_EMA_CHANNEL_DIRECTION_HEAVY,4242.65,4242.65,4242.65,0.0,4205.65,37.0,0.0,0.0,green_box_midline::green_mid_2,MODE_B_EMA_CHANNEL_DIRECTION_HEAVY,4211.850033,4211.850033,4211.850033,0.0,4177.38,34.470033,0.0,0.0,prior_range_fraction::prev_range_0.666667,2025-11-14,2025-11-13,RANGE_NORMAL_60_120,CLOSE_POS_LOWER_THIRD,ROWS_EXTENDED_11_PLUS,4171.26,PREV_CLOSE_PROXY,,NEUTRAL
True,True,False,False,107.04857,110.474285,0.0,0.0,0.0,1.0,MODE_B_EMA_CHANNEL_DIRECTION_HEAVY,4241.27,4241.27,4241.27,0.0,4111.02,130.25,0.0,0.0,green_box_edge::green_edge_2,MODE_B_EMA_CHANNEL_DIRECTION_HEAVY,4188.8975,4188.8975,4188.8975,0.0,4076.11,112.7875,0.0,0.0,prior_range_fraction::prev_range_0.875,MODE_B_EMA_CHANNEL_DIRECTION_HEAVY,4142.89964,4142.89964,4142.89964,0.0,4041.59,101.30964,0.0,0.0,prior_range_fraction::prev_range_0.618,MODE_C_BALANCED,4106.78,4106.78,4106.78,0.0,4009.23,97.55,0.0,0.0,red_box_edge::red_edge_1,2025-11-17,2025-11-14,RANGE_WIDE_120_220,CLOSE_POS_LOWER_THIRD,ROWS_STANDARD_9_10,4085.1,PREV_CLOSE_PROXY,,NEUTRAL
True,True,True,True,3.34375,4.849062,50.0,75.0,0.0,1.0,MODE_C_BALANCED,4104.2725,4104.2725,4104.2725,0.0,4104.67,0.3975,1.0,1.0,green_box_midline::green_mid_2,MODE_C_BALANCED,4071.835,4071.835,4071.835,0.0,4069.43,2.405,1.0,1.0,green_box_edge::green_edge_1,MODE_C_BALANCED,4031.8975,4031.8975,4031.8975,0.0,4036.18,4.2825,0.0,1.0,prior_range_fraction::prev_range_0.25,MODE_D_NEAREST_VALID_LADDER,3993.17875,3993.17875,3993.17875,0.0,4005.49,12.31125,0.0,0.0,red_box_quarter::red_box_2_75pct,2025-11-18,2025-11-17,RANGE_NORMAL_60_120,CLOSE_POS_MIDDLE_THIRD,ROWS_STANDARD_9_10,4045.52,PREV_CLOSE_PROXY,,NEUTRAL
True,True,True,True,4.805,5.35619,50.0,50.0,0.0,1.5,MODE_D_NEAREST_VALID_LADDER,4112.4,4112.4,4112.4,0.0,4105.38,7.02,0.0,0.0,green_box_edge::green_edge_2,MODE_C_BALANCED,4068.11,4068.11,4068.11,0.0,4070.7,2.59,1.0,1.0,red_box_quarter::red_box_1_25pct,MODE_C_BALANCED,4030.29024,4030.29024,4030.29024,0.0,4040.63,10.33976,0.0,0.0,prior_range_fraction::prev_range_0.382,MODE_B_EMA_CHANNEL_DIRECTION_HEAVY,4009.785,4008.62,4010.95,2.33,4008.31,1.475,1.0,1.0,prior_range_fraction::prev_range_0.125 | red_box_quarter::red_box_2_25pct,2025-11-19,2025-11-18,RANGE_NORMAL_60_120,CLOSE_POS_UPPER_THIRD,ROWS_STANDARD_9_10,4067.3,PREV_CLOSE_PROXY,,NEUTRAL
True,True,False,True,3.3375,3.452495,50.0,50.0,0.0,1.0,MODE_C_BALANCED,4103.33252,4103.33252,4103.33252,0.0,4109.29,5.95748,0.0,0.0,prior_range_fraction::prev_range_0.618,MODE_D_NEAREST_VALID_LADDER,4069.0525,4069.0525,4069.0525,0.0,4074.15,5.0975,0.0,0.0,green_box_quarter::green_box_1_25pct,MODE_B_EMA_CHANNEL_DIRECTION_HEAVY,4039.0525,4039.0525,4039.0525,0.0,4040.63,1.5775,1.0,1.0,red_box_quarter::red_box_2_75pct,MODE_B_EMA_CHANNEL_DIRECTION_HEAVY,4012.2675,4012.2675,4012.2675,0.0,4011.09,1.1775,1.0,1.0,red_box_quarter::red_box_3_25pct,2025-11-20,2025-11-19,RANGE_NORMAL_60_120,CLOSE_POS_LOWER_THIRD,ROWS_SPARSE_1_8,4077.81,PREV_CLOSE_PROXY,,NEUTRAL
True,True,False,True,4.65125,4.681875,25.0,50.0,0.0,2.5,MODE_B_EMA_CHANNEL_DIRECTION_HEAVY,4114.945,4114.945,4114.945,0.0,4109.29,5.655,0.0,0.0,green_box_midline::green_mid_2,MODE_C_BALANCED,4072.2825,4072.2825,4072.2825,0.0,4075.93,3.6475,0.0,1.0,red_box_quarter::red_box_1_75pct,MODE_B_EMA_CHANNEL_DIRECTION_HEAVY,4034.295,4034.295,4034.295,0.0,4043.38,9.085,0.0,0.0,red_box_midline::red_mid_2,MODE_B_EMA_CHANNEL_DIRECTION_HEAVY,4008.97,4008.97,4008.97,0.0,4008.63,0.34,1.0,1.0,red_box_edge::red_edge_2,2025-11-21,2025-11-20,RANGE_NORMAL_60_120,CLOSE_POS_MIDDLE_THIRD,ROWS_STANDARD_9_10,4077.2,PREV_CLOSE_PROXY,,NEUTRAL
True,True,True,True,3.846875,4.673125,50.0,75.0,0.0,1.5,MODE_C_BALANCED,4102.42875,4101.05,4103.8075,2.7575,4112.0,9.57125,0.0,0.0,prior_hlc::previous_high | green_box_midline::green_mid_2,MODE_C_BALANCED,4076.565,4076.565,4076.565,0.0,4079.5,2.935,1.0,1.0,green_box_edge::green_edge_1,MODE_C_BALANCED,4045.5725,4041.8225,4049.3225,7.5,4047.0,1.4275,1.0,1.0,prior_range_fraction::prev_range_0.25 | red_box_edge::red_edge_1 | green_box_midline::green_mid_1,MODE_B_EMA_CHANNEL_DIRECTION_HEAVY,4005.70125,4005.70125,4005.70125,0.0,4010.46,4.75875,0.0,1.0,red_box_quarter::red_box_2_75pct,2025-11-24,2025-11-21,RANGE_NORMAL_60_120,CLOSE_POS_MIDDLE_THIRD,ROWS_STANDARD_9_10,4065.26,PREV_CLOSE_PROXY,,NEUTRAL
True,True,False,True,5.314792,5.219908,25.0,50.0,0.0,2.25,MODE_B_EMA_CHANNEL_DIRECTION_HEAVY,4153.65375,4153.65375,4153.65375,0.0,4143.47,10.18375,0.0,0.0,green_box_quarter::green_box_2_75pct,MODE_C_BALANCED,4104.896667,4104.896667,4104.896667,0.0,4108.27,3.373333,0.0,1.0,prior_hlc::previous_pivot_hlc3,MODE_C_BALANCED,4078.2763,4078.2763,4078.2763,0.0,4078.21,0.0663,1.0,1.0,prior_range_fraction::prev_range_0.382,MODE_B_EMA_CHANNEL_DIRECTION_HEAVY,4052.66625,4052.66625,4052.66625,0.0,4045.41,7.25625,0.0,0.0,prior_range_fraction::prev_range_0.125,2025-11-25,2025-11-24,RANGE_NORMAL_60_120,CLOSE_POS_UPPER_THIRD,ROWS_STANDARD_9_10,4134.62,PREV_CLOSE_PROXY,,NEUTRAL
True,True,False,True,16.091675,16.614587,25.0,25.0,0.0,1.0,MODE_C_BALANCED,4149.365,4149.365,4149.365,0.0,4181.28,31.915,0.0,0.0,red_box_quarter::red_box_1_25pct,MODE_D_NEAREST_VALID_LADDER,4126.22665,4126.22665,4126.22665,0.0,4146.58,20.35335,0.0,0.0,prior_range_fraction::prev_range_0.333333,MODE_B_EMA_CHANNEL_DIRECTION_HEAVY,4099.59,4099.59,4099.59,0.0,4111.42,11.83,0.0,0.0,red_box_midline::red_mid_2,MODE_B_EMA_CHANNEL_DIRECTION_HEAVY,4079.68,4079.68,4079.68,0.0,4082.04,2.36,1.0,1.0,red_box_edge::red_edge_2,2025-11-26,2025-11-25,RANGE_COMPRESSED_0_60,CLOSE_POS_MIDDLE_THIRD,ROWS_STANDARD_9_10,4130.64,PREV_CLOSE_PROXY,,NEUTRAL
True,True,False,False,12.822604,13.874896,0.0,25.0,0.0,1.0,MODE_C_BALANCED,4156.552292,4155.663333,4157.44125,1.777917,4172.25,15.697708,0.0,0.0,prior_hlc::previous_pivot_hlc3 | green_box_quarter::green_box_1_75pct,MODE_C_BALANCED,4139.885625,4139.03375,4140.7375,1.70375,4143.1,3.214375,0.0,1.0,green_box_quarter::green_box_1_25pct | prior_range_fraction::prev_range_0.25,MODE_B_EMA_CHANNEL_DIRECTION_HEAVY,4118.2375,4118.2375,4118.2375,0.0,4108.29,9.9475,0.0,0.0,red_box_midline::red_mid_2,MODE_B_EMA_CHANNEL_DIRECTION_HEAVY,4099.83,4099.83,4099.83,0.0,4073.19,26.64,0.0,0.0,red_box_edge::red_edge_2,2025-11-27,2025-11-26,RANGE_COMPRESSED_0_60,CLOSE_POS_UPPER_THIRD,ROWS_STANDARD_9_10,4163.7,PREV_CLOSE_PROXY,,NEUTRAL
True,True,False,True,14.055829,17.494789,0.0,0.0,0.0,1.5,MODE_C_BALANCED,4161.7525,4161.7525,4161.7525,0.0,4169.5,7.7475,0.0,0.0,red_box_quarter::red_box_1_25pct,MODE_D_NEAREST_VALID_LADDER,4151.386658,4151.386658,4151.386658,0.0,4139.9,11.486658,0.0,0.0,prior_range_fraction::prev_range_0.333333,MODE_B_EMA_CHANNEL_DIRECTION_HEAVY,4126.715,4126.715,4126.715,0.0,4110.09,16.625,0.0,0.0,red_box_midline::red_mid_2,MODE_B_EMA_CHANNEL_DIRECTION_HEAVY,4112.7,4112.7,4112.7,0.0,4078.58,34.12,0.0,0.0,red_box_edge::red_edge_2,2025-11-28,2025-11-27,RANGE_COMPRESSED_0_60,CLOSE_POS_MIDDLE_THIRD,ROWS_STANDARD_9_10,4157.37,PREV_CLOSE_PROXY,,NEUTRAL
True,True,False,True,5.1425,4.589375,25.0,50.0,0.0,1.5,MODE_B_EMA_CHANNEL_DIRECTION_HEAVY,4244.0675,4244.0675,4244.0675,0.0,4237.83,6.2375,0.0,0.0,green_box_quarter::green_box_2_75pct,MODE_C_BALANCED,4215.9425,4214.0675,4217.8175,3.75,4209.18,6.7625,0.0,0.0,red_box_quarter::red_box_1_25pct | prior_range_fraction::prev_range_0.875,MODE_C_BALANCED,4192.8175,4192.8175,4192.8175,0.0,4188.77,4.0475,0.0,1.0,green_box_quarter::green_box_1_75pct,MODE_B_EMA_CHANNEL_DIRECTION_HEAVY,4163.13,4162.8175,4163.4425,0.625,4164.44,1.31,1.0,1.0,red_box_quarter::red_box_2_25pct | prior_range_fraction::prev_range_0.125,2025-12-01,2025-11-28,RANGE_NORMAL_60_120,CLOSE_POS_UPPER_THIRD,ROWS_STANDARD_9_10,4219.51,PREV_CLOSE_PROXY,,NEUTRAL
True,True,False,True,12.12808,12.59154,25.0,25.0,0.0,1.0,MODE_C_BALANCED,4241.97616,4241.97616,4241.97616,0.0,4229.6,12.37616,0.0,0.0,prior_range_fraction::prev_range_0.618,MODE_A_LIVE_PROXIMITY_HEAVY,4208.86,4208.86,4208.86,0.0,4209.81,0.95,1.0,1.0,red_box_quarter::red_box_2_25pct,MODE_B_EMA_CHANNEL_DIRECTION_HEAVY,4175.44,4175.44,4175.44,0.0,4187.32,11.88,0.0,0.0,red_box_edge::red_edge_2,MODE_B_EMA_CHANNEL_DIRECTION_HEAVY,4142.02,4142.02,4142.02,0.0,4167.18,25.16,0.0,0.0,red_box_quarter::red_box_3_75pct,2025-12-02,2025-12-01,RANGE_COMPRESSED_0_60,CLOSE_POS_MIDDLE_THIRD,ROWS_SPARSE_1_8,4232.12,PREV_CLOSE_PROXY,,NEUTRAL
True,True,True,True,4.03,4.32375,25.0,75.0,0.0,1.0,MODE_E_SPACING_PRESERVATION,4238.185,4235.98,4240.39,4.41,4233.23,4.955,0.0,1.0,prior_hlc::previous_high | green_box_midline::green_mid_2,MODE_C_BALANCED,4216.345,4214.8,4217.89,3.09,4213.24,3.105,0.0,1.0,green_box_edge::green_edge_1 | prior_range_fraction::prev_range_0.75,MODE_C_BALANCED,4185.46,4181.71,4189.21,7.5,4192.7,7.24,0.0,0.0,prior_range_fraction::prev_range_0.25 | red_box_edge::red_edge_1 | green_box_midline::green_mid_1,MODE_C_BALANCED,4172.005,4172.005,4172.005,0.0,4170.01,1.995,1.0,1.0,red_box_quarter::red_box_2_25pct,2025-12-03,2025-12-02,RANGE_NORMAL_60_120,CLOSE_POS_MIDDLE_THIRD,ROWS_STANDARD_9_10,4205.64,PREV_CLOSE_PROXY,,NEUTRAL
True,True,False,True,5.845,7.57625,25.0,25.0,0.0,1.0,MODE_C_BALANCED,4223.465,4223.465,4223.465,0.0,4205.73,17.735,0.0,0.0,green_box_quarter::green_box_1_75pct,MODE_A_LIVE_PROXIMITY_HEAVY,4193.465,4193.465,4193.465,0.0,4188.05,5.415,0.0,0.0,red_box_quarter::red_box_2_25pct,MODE_D_NEAREST_VALID_LADDER,4174.195,4174.195,4174.195,0.0,4167.92,6.275,0.0,0.0,red_box_quarter::red_box_2_75pct,MODE_B_EMA_CHANNEL_DIRECTION_HEAVY,4145.29,4145.29,4145.29,0.0,4144.41,0.88,1.0,1.0,red_box_midline::red_mid_3,2025-12-04,2025-12-03,RANGE_COMPRESSED_0_60,CLOSE_POS_LOWER_THIRD,ROWS_SPARSE_1_8,4202.98,PREV_CLOSE_PROXY,,NEUTRAL
True,True,False,False,1.909063,1.929792,75.0,100.0,0.0,1.0,MODE_C_BALANCED,4202.011459,4201.056667,4202.96625,1.909583,4205.56,3.548542,0.0,1.0,prior_hlc::previous_pivot_hlc3 | green_box_quarter::green_box_1_75pct,MODE_C_BALANCED,4185.268125,4184.36875,4186.1675,1.79875,4183.25,2.018125,1.0,1.0,green_box_quarter::green_box_1_25pct | prior_range_fraction::prev_range_0.25,MODE_B_EMA_CHANNEL_DIRECTION_HEAVY,4163.6675,4163.6675,4163.6675,0.0,4164.02,0.3525,1.0,1.0,red_box_midline::red_mid_2,MODE_B_EMA_CHANNEL_DIRECTION_HEAVY,4145.07,4145.07,4145.07,0.0,4143.27,1.8,1.0,1.0,red_box_edge::red_edge_2,2025-12-05,2025-12-04,RANGE_COMPRESSED_0_60,CLOSE_POS_UPPER_THIRD,ROWS_SPARSE_1_8,4208.64,PREV_CLOSE_PROXY,,NEUTRAL
True,True,True,True,11.804063,13.283719,0.0,0.0,0.0,1.25,MODE_C_BALANCED,4233.6205,4233.6205,4233.6205,0.0,4209.43,24.1905,0.0,0.0,prior_range_fraction::prev_range_0.618,MODE_C_BALANCED,4206.544375,4204.21625,4208.8725,4.65625,4188.47,18.074375,0.0,0.0,green_box_quarter::green_box_1_25pct | prior_range_fraction::prev_range_0.25,MODE_D_NEAREST_VALID_LADDER,4174.21625,4174.21625,4174.21625,0.0,4168.88,5.33625,0.0,0.0,red_box_quarter::red_box_2_75pct,MODE_B_EMA_CHANNEL_DIRECTION_HEAVY,4149.90375,4149.90375,4149.90375,0.0,4144.37,5.53375,0.0,0.0,red_box_quarter::red_box_3_25pct,2025-12-08,2025-12-05,RANGE_NORMAL_60_120,CLOSE_POS_LOWER_THIRD,ROWS_SPARSE_1_8,4199.09,PREV_CLOSE_PROXY,,NEUTRAL
True,True,False,True,13.31,13.954865,0.0,0.0,0.0,1.0,MODE_C_BALANCED,4202.59804,4202.59804,4202.59804,0.0,4214.14,11.54196,0.0,0.0,prior_range_fraction::prev_range_0.618,MODE_A_LIVE_PROXIMITY_HEAVY,4173.4525,4173.4525,4173.4525,0.0,4191.11,17.6575,0.0,0.0,red_box_quarter::red_box_2_25pct,MODE_B_EMA_CHANNEL_DIRECTION_HEAVY,4155.2575,4155.2575,4155.2575,0.0,4169.53,14.2725,0.0,0.0,red_box_quarter::red_box_2_75pct,MODE_C_BALANCED,4137.0625,4137.0625,4137.0625,0.0,4149.41,12.3475,0.0,0.0,red_box_quarter::red_box_3_25pct,2025-12-09,2025-12-08,RANGE_COMPRESSED_0_60,CLOSE_POS_MIDDLE_THIRD,ROWS_SPARSE_1_8,4190.56,PREV_CLOSE_PROXY,,NEUTRAL
True,True,False,False,12.909375,12.979269,0.0,0.0,0.0,1.0,MODE_C_BALANCED,4202.021675,4199.82,4204.22335,4.40335,4215.84,13.818325,0.0,0.0,prior_hlc::previous_pivot_hlc3 | green_box_quarter::green_box_1_75pct | prior_range_fraction::prev_range_0.666667,MODE_C_BALANCED,4181.53625,4180.2075,4182.865,2.6575,4194.44,12.90375,0.0,0.0,green_box_quarter::green_box_1_25pct | red_box_edge::red_edge_1 | prior_range_fraction::prev_range_0.25,MODE_B_EMA_CHANNEL_DIRECTION_HEAVY,4160.365,4160.365,4160.365,0.0,4173.28,12.915,0.0,0.0,red_box_midline::red_mid_2,MODE_B_EMA_CHANNEL_DIRECTION_HEAVY,4140.05,4140.05,4140.05,0.0,4152.33,12.28,0.0,0.0,red_box_edge::red_edge_2,2025-12-10,2025-12-09,RANGE_COMPRESSED_0_60,CLOSE_POS_UPPER_THIRD,ROWS_SPARSE_1_8,4208.1,PREV_CLOSE_PROXY,,NEUTRAL
True,True,False,False,2.396562,2.430523,75.0,100.0,0.0,1.75,MODE_C_BALANCED,4217.126468,4214.44625,4219.806686,5.360436,4212.52,4.606468,0.0,1.0,green_box_quarter::green_box_1_75pct | prior_hlc::previous_pivot_hlc3 | prior_range_fraction::prev_range_0.666667,MODE_C_BALANCED,4194.393125,4192.70875,4196.0775,3.36875,4192.13,2.263125,1.0,1.0,green_box_quarter::green_box_1_25pct | red_box_edge::red_edge_1 | prior_range_fraction::prev_range_0.25,MODE_B_EMA_CHANNEL_DIRECTION_HEAVY,4173.5775,4173.5775,4173.5775,0.0,4173.9,0.3225,1.0,1.0,red_box_midline::red_mid_2,MODE_B_EMA_CHANNEL_DIRECTION_HEAVY,4151.84,4151.84,4151.84,0.0,4154.37,2.53,1.0,1.0,red_box_edge::red_edge_2,2025-12-11,2025-12-10,RANGE_COMPRESSED_0_60,CLOSE_POS_UPPER_THIRD,ROWS_SPARSE_1_8,4228.54,PREV_CLOSE_PROXY,,NEUTRAL
True,True,False,False,5.29862,5.769206,25.0,50.0,0.0,3.0,MODE_C_BALANCED,4265.5675,4265.5675,4265.5675,0.0,4258.86,6.7075,0.0,0.0,prior_range_fraction::prev_range_0.75,MODE_C_BALANCED,4257.357084,4256.646667,4258.0675,1.420833,4245.23,12.127084,0.0,0.0,prior_hlc::previous_pivot_hlc3 | red_box_midline::red_mid_1,MODE_C_BALANCED,4235.54974,4235.54974,4235.54974,0.0,4231.66,3.88974,0.0,1.0,prior_range_fraction::prev_range_0.382,MODE_C_BALANCED,4215.4075,4214.58625,4216.22875,1.6425,4215.76,0.3525,1.0,1.0,prior_range_fraction::prev_range_0.125 | red_box_quarter::red_box_2_25pct,2025-12-12,2025-12-11,RANGE_NORMAL_60_120,CLOSE_POS_UPPER_THIRD,ROWS_STANDARD_9_10,4279.59,PREV_CLOSE_PROXY,,NEUTRAL
True,False,True,True,4.78125,7.463073,25.0,75.0,0.0,3.0,MODE_A_LIVE_PROXIMITY_HEAVY,4299.72,4299.72,4299.72,0.0,4304.36,4.64,0.0,1.0,prior_hlc::previous_close,MODE_C_BALANCED,4305.058542,4303.703333,4306.41375,2.710417,4285.43,19.628542,0.0,0.0,prior_hlc::previous_pivot_hlc3 | red_box_quarter::red_box_1_75pct,MODE_B_EMA_CHANNEL_DIRECTION_HEAVY,4259.2575,4259.2575,4259.2575,0.0,4264.18,4.9225,0.0,1.0,red_box_midline::red_mid_2,MODE_D_NEAREST_VALID_LADDER,4243.53875,4243.53875,4243.53875,0.0,4244.2,0.66125,1.0,1.0,red_box_quarter::red_box_2_75pct,2025-12-15,2025-12-12,RANGE_NORMAL_60_120,CLOSE_POS_MIDDLE_THIRD,ROWS_SPARSE_1_8,4299.72,PREV_CLOSE_PROXY,,NEUTRAL
True,True,False,True,9.629755,10.644409,25.0,50.0,0.0,1.25,MODE_C_BALANCED,4325.50326,4325.50326,4325.50326,0.0,4320.99,4.51326,0.0,1.0,prior_range_fraction::prev_range_0.618,MODE_D_NEAREST_VALID_LADDER,4299.365625,4297.17375,4301.5575,4.38375,4301.91,2.544375,1.0,1.0,green_box_quarter::green_box_1_25pct | prior_range_fraction::prev_range_0.25,MODE_B_EMA_CHANNEL_DIRECTION_HEAVY,4267.17375,4267.17375,4267.17375,0.0,4281.92,14.74625,0.0,0.0,red_box_quarter::red_box_2_75pct,MODE_B_EMA_CHANNEL_DIRECTION_HEAVY,4243.40625,4243.40625,4243.40625,0.0,4264.18,20.77375,0.0,0.0,red_box_quarter::red_box_3_25pct,2025-12-16,2025-12-15,RANGE_NORMAL_60_120,CLOSE_POS_LOWER_THIRD,ROWS_SPARSE_1_8,4304.91,PREV_CLOSE_PROXY,,NEUTRAL
True,True,False,True,9.086875,9.43,0.0,0.0,0.0,1.0,MODE_B_EMA_CHANNEL_DIRECTION_HEAVY,4306.63375,4306.63375,4306.63375,0.0,4315.01,8.37625,0.0,0.0,green_box_quarter::green_box_1_75pct,MODE_A_LIVE_PROXIMITY_HEAVY,4287.4425,4287.4425,4287.4425,0.0,4297.24,9.7975,0.0,0.0,prior_range_fraction::prev_range_0.25,MODE_B_EMA_CHANNEL_DIRECTION_HEAVY,4264.9425,4264.9425,4264.9425,0.0,4278.84,13.8975,0.0,0.0,red_box_midline::red_mid_2,MODE_B_EMA_CHANNEL_DIRECTION_HEAVY,4253.25125,4253.25125,4253.25125,0.0,4258.9,5.64875,0.0,0.0,red_box_quarter::red_box_2_75pct,2025-12-17,2025-12-16,RANGE_NORMAL_60_120,CLOSE_POS_MIDDLE_THIRD,ROWS_SPARSE_1_8,4302.04,PREV_CLOSE_PROXY,,NEUTRAL
True,True,False,True,2.546875,2.43625,50.0,100.0,0.0,1.5,MODE_B_EMA_CHANNEL_DIRECTION_HEAVY,4344.40625,4344.40625,4344.40625,0.0,4340.32,4.08625,0.0,1.0,green_box_quarter::green_box_1_75pct,MODE_D_NEAREST_VALID_LADDER,4324.8675,4324.8675,4324.8675,0.0,4323.86,1.0075,1.0,1.0,prior_range_fraction::prev_range_0.25,MODE_D_NEAREST_VALID_LADDER,4302.3675,4302.3675,4302.3675,0.0,4306.94,4.5725,0.0,1.0,red_box_midline::red_mid_2,MODE_B_EMA_CHANNEL_DIRECTION_HEAVY,4290.32875,4290.32875,4290.32875,0.0,4290.25,0.07875,1.0,1.0,red_box_quarter::red_box_2_75pct,2025-12-19,2025-12-18,RANGE_NORMAL_60_120,CLOSE_POS_MIDDLE_THIRD,ROWS_SPARSE_1_8,4332.34,PREV_CLOSE_PROXY,,NEUTRAL
True,False,False,True,6.03625,5.96417,25.0,50.0,0.0,1.5,MODE_C_BALANCED,4338.51668,4338.51668,4338.51668,0.0,4336.01,2.50668,1.0,1.0,prior_range_fraction::prev_range_0.618,MODE_A_LIVE_PROXIMITY_HEAVY,4308.2825,4308.2825,4308.2825,0.0,4317.56,9.2775,0.0,0.0,red_box_quarter::red_box_2_25pct,MODE_D_NEAREST_VALID_LADDER,4308.2825,4308.2825,4308.2825,0.0,4300.17,8.1125,0.0,0.0,red_box_quarter::red_box_2_25pct,MODE_D_NEAREST_VALID_LADDER,4279.31,4279.31,4279.31,0.0,4283.27,3.96,0.0,1.0,red_box_edge::red_edge_2,2025-12-22,2025-12-19,RANGE_COMPRESSED_0_60,CLOSE_POS_MIDDLE_THIRD,ROWS_SPARSE_1_8,4338.16,PREV_CLOSE_PROXY,,NEUTRAL
True,True,True,True,17.99,22.00928,0.0,0.0,0.0,1.0,MODE_B_EMA_CHANNEL_DIRECTION_HEAVY,4461.6425,4461.6425,4461.6425,0.0,4467.13,5.4875,0.0,0.0,green_box_quarter::green_box_2_75pct,MODE_D_NEAREST_VALID_LADDER,4443.995,4443.995,4443.995,0.0,4453.37,9.375,0.0,0.0,green_box_midline::green_mid_2,MODE_D_NEAREST_VALID_LADDER,4413.995,4413.995,4413.995,0.0,4440.6,26.605,0.0,0.0,red_box_midline::red_mid_1,MODE_C_BALANCED,4379.64038,4378.7,4380.58076,1.88076,4426.21,46.56962,0.0,0.0,red_box_edge::red_edge_1 | prior_range_fraction::prev_range_0.382,2025-12-23,2025-12-22,RANGE_NORMAL_60_120,CLOSE_POS_UPPER_THIRD,ROWS_STANDARD_9_10,4443.59,PREV_CLOSE_PROXY,,NEUTRAL
False,False,,,,,,,,,,,,,,,,,,,,,,,,,,,,,,,,,,,,,,,,,,,,,,,,,2025-12-24,2025-12-23,RANGE_NORMAL_60_120,CLOSE_POS_UPPER_THIRD,ROWS_SPARSE_1_8,4484.54,PREV_CLOSE_PROXY,,NEUTRAL
True,True,False,True,6.174062,8.947989,25.0,50.0,0.0,1.0,MODE_B_EMA_CHANNEL_DIRECTION_HEAVY,4487.888125,4487.095,4488.68125,1.58625,4492.12,4.231875,0.0,1.0,prior_hlc::previous_mid | green_box_quarter::green_box_1_75pct,MODE_C_BALANCED,4477.97242,4477.97242,4477.97242,0.0,4479.11,1.13758,1.0,1.0,prior_range_fraction::prev_range_0.382,MODE_C_BALANCED,4458.10375,4458.10375,4458.10375,0.0,4466.22,8.11625,0.0,0.0,prior_range_fraction::prev_range_0.125,MODE_C_BALANCED,4431.85375,4431.85375,4431.85375,0.0,4454.16,22.30625,0.0,0.0,red_box_quarter::red_box_2_75pct,2025-12-26,2025-12-24,RANGE_NORMAL_60_120,CLOSE_POS_MIDDLE_THIRD,ROWS_SPARSE_1_8,4479.58,PREV_CLOSE_PROXY,,NEUTRAL
True,True,False,True,1.676985,2.761425,75.0,75.0,0.0,2.0,MODE_C_BALANCED,4532.18397,4526.87669,4537.49125,10.61456,4530.28,1.90397,1.0,1.0,prior_range_fraction::prev_range_0.666667 | green_box_edge::green_edge_1 | prior_range_fraction::prev_range_0.75 | red_box_quarter::red_box_1_25pct,MODE_E_SPACING_PRESERVATION,4516.700625,4515.385,4518.01625,2.63125,4515.32,1.380625,1.0,1.0,prior_hlc::previous_mid | green_box_quarter::green_box_1_75pct,MODE_E_SPACING_PRESERVATION,4505.571105,4503.89331,4507.2489,3.35559,4499.26,6.311105,0.0,0.0,prior_range_fraction::prev_range_0.333333 | green_box_midline::green_mid_1 | prior_range_fraction::prev_range_0.382,MODE_C_BALANCED,4480.91,4480.91,4480.91,0.0,4482.36,1.45,1.0,1.0,prior_hlc::previous_low,2025-12-29,2025-12-26,RANGE_NORMAL_60_120,CLOSE_POS_UPPER_THIRD,ROWS_EXTENDED_11_PLUS,4531.0,PREV_CLOSE_PROXY,,NEUTRAL
True,True,False,False,76.851625,78.050813,0.0,0.0,0.0,1.0,MODE_C_BALANCED,4441.09,4441.09,4441.09,0.0,4350.13,90.96,0.0,0.0,green_box_edge::green_edge_1,MODE_C_BALANCED,4411.09,4411.09,4411.09,0.0,4329.56,81.53,0.0,0.0,red_box_edge::red_edge_1,MODE_C_BALANCED,4384.883251,4384.883251,4384.883251,0.0,4312.71,72.173251,0.0,0.0,prior_range_fraction::prev_range_0.333333,MODE_C_BALANCED,4364.28,4364.28,4364.28,0.0,4296.74,67.54,0.0,0.0,prior_range_fraction::prev_range_0.25,2025-12-30,2025-12-29,RANGE_EXTREME_220_PLUS,CLOSE_POS_LOWER_THIRD,ROWS_STANDARD_9_10,4332.04,PREV_CLOSE_PROXY,,NEUTRAL
True,True,True,True,13.91193,11.858954,0.0,25.0,0.0,1.0,MODE_C_BALANCED,4372.0925,4371.025,4373.16,2.135,4359.13,12.9625,0.0,0.0,green_box_midline::green_mid_2 | prior_hlc::previous_high,MODE_C_BALANCED,4337.915543,4335.51772,4340.313366,4.795646,4342.0,4.084457,0.0,1.0,prior_range_fraction::prev_range_0.618 | green_box_edge::green_edge_1 | prior_range_fraction::prev_range_0.666667,MODE_C_BALANCED,4309.50864,4306.755,4312.26228,5.50728,4324.37,14.86136,0.0,0.0,green_box_midline::green_mid_1 | red_box_edge::red_edge_1 | prior_range_fraction::prev_range_0.382,MODE_C_BALANCED,4292.8225,4292.8225,4292.8225,0.0,4308.35,15.5275,0.0,0.0,red_box_quarter::red_box_2_25pct,2026-01-01,2025-12-31,RANGE_NORMAL_60_120,CLOSE_POS_MIDDLE_THIRD,ROWS_STANDARD_9_10,4318.87,PREV_CLOSE_PROXY,,NEUTRAL
True,True,False,True,5.56375,6.604035,25.0,50.0,0.0,2.0,MODE_C_BALANCED,4372.0925,4371.025,4373.16,2.135,4376.66,4.5675,0.0,1.0,green_box_midline::green_mid_2 | prior_hlc::previous_high,MODE_C_BALANCED,4338.27136,4335.51772,4341.025,5.50728,4352.91,14.63864,0.0,0.0,prior_range_fraction::prev_range_0.618 | green_box_edge::green_edge_1 | red_box_midline::red_mid_1,MODE_C_BALANCED,4323.89,4323.89,4323.89,0.0,4330.45,6.56,0.0,0.0,prior_hlc::previous_mid,MODE_B_EMA_CHANNEL_DIRECTION_HEAVY,4308.89,4308.89,4308.89,0.0,4308.24,0.65,1.0,1.0,red_box_edge::red_edge_1,2026-01-02,2025-12-31,RANGE_NORMAL_60_120,CLOSE_POS_MIDDLE_THIRD,ROWS_STANDARD_9_10,4318.87,PREV_CLOSE_PROXY,,NEUTRAL
True,True,True,True,8.38875,9.225625,25.0,25.0,0.0,1.0,MODE_B_EMA_CHANNEL_DIRECTION_HEAVY,4355.89875,4355.89875,4355.89875,0.0,4375.02,19.12125,0.0,0.0,green_box_quarter::green_box_1_75pct,MODE_C_BALANCED,4340.6025,4340.6025,4340.6025,0.0,4350.66,10.0575,0.0,0.0,green_box_midline::green_mid_1,MODE_C_BALANCED,4325.30625,4325.30625,4325.30625,0.0,4326.31,1.00375,1.0,1.0,green_box_quarter::green_box_1_25pct,MODE_B_EMA_CHANNEL_DIRECTION_HEAVY,4310.01,4310.01,4310.01,0.0,4303.29,6.72,0.0,0.0,prior_hlc::previous_low,2026-01-05,2026-01-02,RANGE_NORMAL_60_120,CLOSE_POS_LOWER_THIRD,ROWS_STANDARD_9_10,4332.72,PREV_CLOSE_PROXY,,NEUTRAL
True,True,False,True,3.28625,5.42931,50.0,75.0,0.0,1.5,MODE_B_EMA_CHANNEL_DIRECTION_HEAVY,4455.78,4455.78,4455.78,0.0,4459.82,4.04,0.0,1.0,prior_hlc::previous_high,MODE_D_NEAREST_VALID_LADDER,4439.9225,4438.0475,4441.7975,3.75,4437.39,2.5325,1.0,1.0,red_box_quarter::red_box_1_25pct | prior_range_fraction::prev_range_0.875,MODE_D_NEAREST_VALID_LADDER,4420.315,4420.315,4420.315,0.0,4417.98,2.335,1.0,1.0,red_box_midline::red_mid_1,MODE_C_BALANCED,4385.75026,4384.85,4386.65052,1.80052,4398.56,12.80974,0.0,0.0,red_box_edge::red_edge_1 | prior_range_fraction::prev_range_0.382,2026-01-06,2026-01-05,RANGE_NORMAL_60_120,CLOSE_POS_UPPER_THIRD,ROWS_STANDARD_9_10,4448.89,PREV_CLOSE_PROXY,,NEUTRAL
True,True,False,True,4.7825,4.372077,25.0,50.0,0.0,1.5,MODE_B_EMA_CHANNEL_DIRECTION_HEAVY,4514.9625,4514.9625,4514.9625,0.0,4510.43,4.5325,0.0,1.0,green_box_quarter::green_box_2_75pct,MODE_D_NEAREST_VALID_LADDER,4486.8375,4484.9625,4488.7125,3.75,4491.87,5.0325,0.0,0.0,red_box_quarter::red_box_1_25pct | prior_range_fraction::prev_range_0.875,MODE_D_NEAREST_VALID_LADDER,4474.16669,4474.16669,4474.16669,0.0,4475.3,1.13331,1.0,1.0,prior_range_fraction::prev_range_0.666667,MODE_A_LIVE_PROXIMITY_HEAVY,4462.53,4462.53,4462.53,0.0,4455.74,6.79,0.0,0.0,prior_hlc::previous_mid,2026-01-07,2026-01-06,RANGE_NORMAL_60_120,CLOSE_POS_UPPER_THIRD,ROWS_STANDARD_9_10,4494.54,PREV_CLOSE_PROXY,,NEUTRAL
True,True,False,True,3.775625,3.847297,0.0,100.0,0.0,1.75,MODE_C_BALANCED,4490.95375,4490.95375,4490.95375,0.0,4494.25,3.29625,0.0,1.0,prior_range_fraction::prev_range_0.875,MODE_C_BALANCED,4474.09331,4471.14162,4477.045,5.90338,4477.38,3.28669,0.0,1.0,prior_range_fraction::prev_range_0.618 | red_box_midline::red_mid_1 | green_box_edge::green_edge_1,MODE_C_BALANCED,4462.045,4462.045,4462.045,0.0,4457.79,4.255,0.0,1.0,prior_hlc::previous_mid,MODE_C_BALANCED,4433.65875,4433.65875,4433.65875,0.0,4438.21,4.55125,0.0,1.0,red_box_quarter::red_box_2_25pct,2026-01-08,2026-01-07,RANGE_NORMAL_60_120,CLOSE_POS_MIDDLE_THIRD,ROWS_STANDARD_9_10,4456.36,PREV_CLOSE_PROXY,,NEUTRAL
True,True,False,True,2.755,3.58,50.0,75.0,0.0,1.75,MODE_C_BALANCED,4479.44,4479.44,4479.44,0.0,4487.52,8.08,0.0,0.0,prior_hlc::previous_high,MODE_C_BALANCED,4469.02,4466.73,4471.31,4.58,4468.29,0.73,1.0,1.0,red_box_quarter::red_box_1_25pct | green_box_quarter::green_box_2_25pct,MODE_C_BALANCED,4443.6,4441.31,4445.89,4.58,4447.13,3.53,0.0,1.0,red_box_quarter::red_box_1_75pct | green_box_quarter::green_box_1_75pct,MODE_C_BALANCED,4428.6,4428.6,4428.6,0.0,4426.62,1.98,1.0,1.0,red_box_edge::red_edge_1,2026-01-09,2026-01-08,RANGE_NORMAL_60_120,CLOSE_POS_UPPER_THIRD,ROWS_STANDARD_9_10,4477.28,PREV_CLOSE_PROXY,,NEUTRAL
True,False,True,True,11.135822,12.156661,0.0,0.0,0.0,1.5,MODE_D_NEAREST_VALID_LADDER,4523.6025,4523.6025,4523.6025,0.0,4544.9,21.2975,0.0,0.0,green_box_midline::green_mid_2,MODE_D_NEAREST_VALID_LADDER,4523.6025,4523.6025,4523.6025,0.0,4528.66,5.0575,0.0,0.0,green_box_midline::green_mid_2,MODE_D_NEAREST_VALID_LADDER,4495.753355,4495.753355,4495.753355,0.0,4511.6,15.846645,0.0,0.0,prior_range_fraction::prev_range_0.666667,MODE_C_BALANCED,4485.055,4485.055,4485.055,0.0,4491.48,6.425,0.0,0.0,prior_hlc::previous_mid,2026-01-12,2026-01-09,RANGE_NORMAL_60_120,CLOSE_POS_UPPER_THIRD,ROWS_STANDARD_9_10,4509.3,PREV_CLOSE_PROXY,,NEUTRAL
True,True,False,True,2.480625,3.07875,50.0,75.0,0.0,1.5,MODE_C_BALANCED,4599.07625,4597.38,4600.7725,3.3925,4600.74,1.66375,1.0,1.0,prior_hlc::previous_close | prior_range_fraction::prev_range_0.75,MODE_C_BALANCED,4574.79375,4574.79375,4574.79375,0.0,4572.9,1.89375,1.0,1.0,red_box_quarter::red_box_1_75pct,MODE_C_BALANCED,4549.3575,4549.3575,4549.3575,0.0,4546.29,3.0675,0.0,1.0,green_box_midline::green_mid_1,MODE_B_EMA_CHANNEL_DIRECTION_HEAVY,4512.4,4512.4,4512.4,0.0,4518.09,5.69,0.0,0.0,prior_hlc::previous_low,2026-01-13,2026-01-12,RANGE_NORMAL_60_120,CLOSE_POS_UPPER_THIRD,ROWS_SPARSE_1_8,4597.38,PREV_CLOSE_PROXY,,NEUTRAL
True,True,True,True,24.366667,26.694896,0.0,0.0,0.0,1.0,MODE_C_BALANCED,4605.32625,4605.32625,4605.32625,0.0,4597.86,7.46625,0.0,0.0,green_box_quarter::green_box_1_75pct,MODE_C_BALANCED,4595.177084,4593.4575,4596.896667,3.439167,4575.27,19.907084,0.0,0.0,green_box_midline::green_mid_1 | prior_hlc::previous_pivot_hlc3,MODE_C_BALANCED,4575.32625,4575.32625,4575.32625,0.0,4546.5,28.82625,0.0,0.0,red_box_quarter::red_box_2_25pct,MODE_C_BALANCED,4569.72,4569.72,4569.72,0.0,4519.14,50.58,0.0,0.0,prior_hlc::previous_low,2026-01-14,2026-01-13,RANGE_NORMAL_60_120,CLOSE_POS_LOWER_THIRD,ROWS_STANDARD_9_10,4586.3,PREV_CLOSE_PROXY,,NEUTRAL
True,True,False,False,28.450625,30.717815,0.0,0.0,0.0,1.5,MODE_C_BALANCED,4622.040009,4619.29,4624.790018,5.500018,4597.72,24.320009,0.0,0.0,prior_hlc::previous_pivot_hlc3 | green_box_quarter::green_box_1_75pct | prior_range_fraction::prev_range_0.666667,MODE_B_EMA_CHANNEL_DIRECTION_HEAVY,4600.64625,4599.1275,4602.165,3.0375,4574.22,26.42625,0.0,0.0,green_box_quarter::green_box_1_25pct | red_box_edge::red_edge_1 | prior_range_fraction::prev_range_0.25,MODE_B_EMA_CHANNEL_DIRECTION_HEAVY,4579.665,4579.665,4579.665,0.0,4549.19,30.475,0.0,0.0,red_box_midline::red_mid_2,MODE_B_EMA_CHANNEL_DIRECTION_HEAVY,4558.59,4558.59,4558.59,0.0,4516.94,41.65,0.0,0.0,red_box_edge::red_edge_2,2026-01-15,2026-01-14,RANGE_COMPRESSED_0_60,CLOSE_POS_UPPER_THIRD,ROWS_SPARSE_1_8,4626.39,PREV_CLOSE_PROXY,,NEUTRAL
True,True,False,False,5.365412,5.580987,25.0,50.0,0.0,1.25,MODE_C_BALANCED,4612.626675,4609.83,4615.42335,5.59335,4618.64,6.013325,0.0,0.0,prior_hlc::previous_pivot_hlc3 | green_box_quarter::green_box_1_75pct | prior_range_fraction::prev_range_0.666667,MODE_B_EMA_CHANNEL_DIRECTION_HEAVY,4592.693125,4591.35875,4594.0275,2.66875,4591.17,1.523125,1.0,1.0,green_box_quarter::green_box_1_25pct | red_box_edge::red_edge_1 | prior_range_fraction::prev_range_0.25,MODE_B_EMA_CHANNEL_DIRECTION_HEAVY,4571.5275,4571.5275,4571.5275,0.0,4566.81,4.7175,0.0,1.0,red_box_midline::red_mid_2,MODE_B_EMA_CHANNEL_DIRECTION_HEAVY,4551.19,4551.19,4551.19,0.0,4541.12,10.07,0.0,0.0,red_box_edge::red_edge_2,2026-01-16,2026-01-15,RANGE_COMPRESSED_0_60,CLOSE_POS_UPPER_THIRD,ROWS_SPARSE_1_8,4615.76,PREV_CLOSE_PROXY,,NEUTRAL
True,False,True,True,9.05625,10.27625,0.0,25.0,0.0,1.25,MODE_C_BALANCED,4596.7525,4593.75,4599.755,6.005,4615.0,18.2475,0.0,0.0,green_box_edge::green_edge_1 | prior_hlc::previous_close | prior_range_fraction::prev_range_0.75,MODE_C_BALANCED,4599.755,4599.755,4599.755,0.0,4592.49,7.265,0.0,0.0,prior_range_fraction::prev_range_0.75,MODE_C_BALANCED,4565.245,4565.245,4565.245,0.0,4569.99,4.745,0.0,1.0,green_box_midline::green_mid_1,MODE_C_BALANCED,4535.9925,4535.245,4536.74,1.495,4546.84,10.8475,0.0,0.0,red_box_midline::red_mid_2 | prior_hlc::previous_low,2026-01-19,2026-01-16,RANGE_NORMAL_60_120,CLOSE_POS_UPPER_THIRD,ROWS_SPARSE_1_8,4595.66,PREV_CLOSE_PROXY,,NEUTRAL
True,True,True,True,3.52,3.27375,25.0,100.0,0.0,1.5,MODE_B_EMA_CHANNEL_DIRECTION_HEAVY,4693.16375,4690.83,4695.4975,4.6675,4696.99,3.82625,0.0,1.0,prior_hlc::previous_high | green_box_midline::green_mid_2,MODE_C_BALANCED,4680.4975,4678.16375,4682.83125,4.6675,4677.12,3.3775,0.0,1.0,red_box_quarter::red_box_1_25pct | prior_range_fraction::prev_range_0.875 | green_box_quarter::green_box_2_25pct,MODE_C_BALANCED,4657.49875,4657.49875,4657.49875,0.0,4655.27,2.22875,1.0,1.0,green_box_quarter::green_box_1_75pct,MODE_C_BALANCED,4637.3325,4637.3325,4637.3325,0.0,4633.67,3.6625,0.0,1.0,prior_range_fraction::prev_range_0.25,2026-01-20,2026-01-19,RANGE_NORMAL_60_120,CLOSE_POS_UPPER_THIRD,ROWS_STANDARD_9_10,4670.86,PREV_CLOSE_PROXY,,NEUTRAL
True,True,False,False,127.24625,126.994375,0.0,0.0,0.0,1.0,MODE_C_BALANCED,4727.915,4727.915,4727.915,0.0,4856.21,128.295,0.0,0.0,green_box_edge::green_edge_1,MODE_C_BALANCED,4712.915,4712.915,4712.915,0.0,4833.04,120.125,0.0,0.0,prior_hlc::previous_mid,MODE_B_EMA_CHANNEL_DIRECTION_HEAVY,4686.2225,4686.2225,4686.2225,0.0,4812.42,126.1975,0.0,0.0,prior_range_fraction::prev_range_0.25,MODE_B_EMA_CHANNEL_DIRECTION_HEAVY,4659.53,4659.53,4659.53,0.0,4792.89,133.36,0.0,0.0,prior_hlc::previous_low,2026-01-21,2026-01-20,RANGE_NORMAL_60_120,CLOSE_POS_UPPER_THIRD,ROWS_EXTENDED_11_PLUS,4763.3,PREV_CLOSE_PROXY,,NEUTRAL
True,True,False,False,27.892314,26.904907,0.0,0.0,0.0,2.0,MODE_A_LIVE_PROXIMITY_HEAVY,4822.115,4822.115,4822.115,0.0,4853.55,31.435,0.0,0.0,prior_hlc::previous_mid,MODE_C_BALANCED,4800.036623,4800.036623,4800.036623,0.0,4828.22,28.183377,0.0,0.0,prior_range_fraction::prev_range_0.333333,MODE_C_BALANCED,4776.18875,4776.18875,4776.18875,0.0,4803.79,27.60125,0.0,0.0,green_box_quarter::green_box_1_25pct,MODE_C_BALANCED,4755.88,4755.88,4755.88,0.0,4776.28,20.4,0.0,0.0,prior_hlc::previous_low,2026-01-22,2026-01-21,RANGE_WIDE_120_220,CLOSE_POS_MIDDLE_THIRD,ROWS_STANDARD_9_10,4831.03,PREV_CLOSE_PROXY,,NEUTRAL
True,True,False,False,10.7675,10.5775,50.0,50.0,0.0,1.0,MODE_C_BALANCED,4921.01,4921.01,4921.01,0.0,4918.05,2.96,1.0,1.0,green_box_midline::green_mid_2,MODE_C_BALANCED,4896.235,4896.235,4896.235,0.0,4895.71,0.525,1.0,1.0,green_box_quarter::green_box_2_25pct,MODE_C_BALANCED,4891.01,4891.01,4891.01,0.0,4870.76,20.25,0.0,0.0,red_box_midline::red_mid_1,MODE_C_BALANCED,4866.235,4866.235,4866.235,0.0,4847.66,18.575,0.0,0.0,red_box_quarter::red_box_1_75pct,2026-01-23,2026-01-22,RANGE_WIDE_120_220,CLOSE_POS_UPPER_THIRD,ROWS_SPARSE_1_8,4936.06,PREV_CLOSE_PROXY,,NEUTRAL
True,True,False,False,24.654375,25.681562,0.0,0.0,0.0,1.5,MODE_B_EMA_CHANNEL_DIRECTION_HEAVY,5079.925,5079.925,5079.925,0.0,5057.59,22.335,0.0,0.0,green_box_edge::green_edge_3,MODE_B_EMA_CHANNEL_DIRECTION_HEAVY,5049.8375,5049.8375,5049.8375,0.0,5031.93,17.9075,0.0,0.0,green_box_midline::green_mid_3,MODE_B_EMA_CHANNEL_DIRECTION_HEAVY,5034.79375,5034.79375,5034.79375,0.0,5007.82,26.97375,0.0,0.0,green_box_quarter::green_box_3_25pct,MODE_A_LIVE_PROXIMITY_HEAVY,5019.75,5019.75,5019.75,0.0,4984.24,35.51,0.0,0.0,green_box_edge::green_edge_2,2026-01-26,2026-01-23,RANGE_NORMAL_60_120,CLOSE_POS_UPPER_THIRD,ROWS_EXTENDED_11_PLUS,4987.98,PREV_CLOSE_PROXY,,NEUTRAL
True,True,True,True,11.03625,10.304063,25.0,25.0,0.0,1.0,MODE_B_EMA_CHANNEL_DIRECTION_HEAVY,5046.59625,5046.59625,5046.59625,0.0,5064.63,18.03375,0.0,0.0,green_box_quarter::green_box_1_75pct,MODE_C_BALANCED,5020.2075,5020.2075,5020.2075,0.0,5033.46,13.2525,0.0,0.0,prior_range_fraction::prev_range_0.25,MODE_D_NEAREST_VALID_LADDER,4989.93,4989.93,4989.93,0.0,4998.75,8.82,0.0,0.0,prior_hlc::previous_low,MODE_B_EMA_CHANNEL_DIRECTION_HEAVY,4959.93,4959.93,4959.93,0.0,4958.82,1.11,1.0,1.0,red_box_edge::red_edge_2,2026-01-27,2026-01-26,RANGE_WIDE_120_220,CLOSE_POS_LOWER_THIRD,ROWS_STANDARD_9_10,5008.17,PREV_CLOSE_PROXY,,NEUTRAL
True,True,False,False,57.155938,57.304688,0.0,0.0,0.0,1.25,MODE_C_BALANCED,5168.534375,5168.37625,5168.6925,0.31625,5243.94,75.405625,0.0,0.0,prior_range_fraction::prev_range_0.875 | green_box_midline::green_mid_2,MODE_C_BALANCED,5140.725625,5138.6925,5142.75875,4.06625,5212.86,72.134375,0.0,0.0,red_box_midline::red_mid_1 | green_box_quarter::green_box_2_25pct,MODE_C_BALANCED,5138.6925,5138.6925,5138.6925,0.0,5180.87,42.1775,0.0,0.0,red_box_midline::red_mid_1,MODE_B_EMA_CHANNEL_DIRECTION_HEAVY,5112.75875,5112.75875,5112.75875,0.0,5152.26,39.50125,0.0,0.0,red_box_quarter::red_box_1_75pct,2026-01-28,2026-01-27,RANGE_WIDE_120_220,CLOSE_POS_UPPER_THIRD,ROWS_STANDARD_9_10,5181.22,PREV_CLOSE_PROXY,,NEUTRAL
True,True,False,False,28.4025,28.636272,0.0,0.0,0.0,1.25,MODE_C_BALANCED,5303.23,5303.23,5303.23,0.0,5354.75,51.52,0.0,0.0,green_box_edge::green_edge_1,MODE_B_EMA_CHANNEL_DIRECTION_HEAVY,5273.23,5273.23,5273.23,0.0,5309.52,36.29,0.0,0.0,red_box_edge::red_edge_1,MODE_B_EMA_CHANNEL_DIRECTION_HEAVY,5244.619913,5244.619913,5244.619913,0.0,5250.84,6.220087,0.0,0.0,prior_range_fraction::prev_range_0.333333,MODE_B_EMA_CHANNEL_DIRECTION_HEAVY,5222.815,5222.815,5222.815,0.0,5202.3,20.515,0.0,0.0,prior_range_fraction::prev_range_0.25,2026-01-29,2026-01-28,RANGE_EXTREME_220_PLUS,CLOSE_POS_UPPER_THIRD,ROWS_SPARSE_1_8,5417.12,PREV_CLOSE_PROXY,,NEUTRAL
True,True,True,True,85.96875,82.739833,0.0,0.0,0.0,1.5,MODE_B_EMA_CHANNEL_DIRECTION_HEAVY,5475.085,5475.085,5475.085,0.0,5502.93,27.845,0.0,0.0,prior_range_fraction::prev_range_0.75,MODE_B_EMA_CHANNEL_DIRECTION_HEAVY,5402.1875,5402.1875,5402.1875,0.0,5453.11,50.9225,0.0,0.0,red_box_quarter::red_box_1_75pct,MODE_C_BALANCED,5269.593169,5269.593169,5269.593169,0.0,5400.77,131.176831,0.0,0.0,prior_range_fraction::prev_range_0.333333,MODE_B_EMA_CHANNEL_DIRECTION_HEAVY,5228.495,5228.495,5228.495,0.0,5349.51,121.015,0.0,0.0,prior_range_fraction::prev_range_0.25,2026-01-30,2026-01-29,RANGE_EXTREME_220_PLUS,CLOSE_POS_MIDDLE_THIRD,ROWS_STANDARD_9_10,5370.92,PREV_CLOSE_PROXY,,NEUTRAL
True,True,False,True,133.519039,134.746395,0.0,0.0,0.0,1.0,MODE_B_EMA_CHANNEL_DIRECTION_HEAVY,5083.835,5083.835,5083.835,0.0,4926.32,157.515,0.0,0.0,green_box_edge::green_edge_1,MODE_C_BALANCED,5053.835,5053.835,5053.835,0.0,4879.19,174.645,0.0,0.0,red_box_edge::red_edge_1,MODE_C_BALANCED,4941.473079,4941.473079,4941.473079,0.0,4831.95,109.523079,0.0,0.0,prior_range_fraction::prev_range_0.333333,MODE_B_EMA_CHANNEL_DIRECTION_HEAVY,4877.7925,4877.7925,4877.7925,0.0,4780.49,97.3025,0.0,0.0,prior_range_fraction::prev_range_0.25,2026-02-02,2026-01-30,RANGE_EXTREME_220_PLUS,CLOSE_POS_LOWER_THIRD,ROWS_EXTENDED_11_PLUS,4885.18,PREV_CLOSE_PROXY,,NEUTRAL
True,True,False,True,105.6025,106.89375,0.0,0.0,0.0,1.0,MODE_B_EMA_CHANNEL_DIRECTION_HEAVY,4786.65,4786.65,4786.65,0.0,4884.57,97.92,0.0,0.0,green_box_midline::green_mid_2,MODE_C_BALANCED,4756.65,4756.65,4756.65,0.0,4848.53,91.88,0.0,0.0,red_box_midline::red_mid_1,MODE_B_EMA_CHANNEL_DIRECTION_HEAVY,4692.705,4692.705,4692.705,0.0,4805.99,113.285,0.0,0.0,red_box_quarter::red_box_1_75pct,MODE_B_EMA_CHANNEL_DIRECTION_HEAVY,4643.76,4643.76,4643.76,0.0,4768.25,124.49,0.0,0.0,prior_hlc::previous_mid,2026-02-03,2026-02-02,RANGE_EXTREME_220_PLUS,CLOSE_POS_MIDDLE_THIRD,ROWS_EXTENDED_11_PLUS,4660.96,PREV_CLOSE_PROXY,,NEUTRAL
True,True,False,False,106.741304,105.880652,0.0,0.0,0.0,1.0,MODE_C_BALANCED,4912.005,4912.005,4912.005,0.0,4996.14,84.135,0.0,0.0,prior_range_fraction::prev_range_0.75,MODE_C_BALANCED,4859.7675,4859.7675,4859.7675,0.0,4948.43,88.6625,0.0,0.0,red_box_quarter::red_box_1_75pct,MODE_B_EMA_CHANNEL_DIRECTION_HEAVY,4775.379891,4775.379891,4775.379891,0.0,4900.2,124.820109,0.0,0.0,prior_range_fraction::prev_range_0.333333,MODE_B_EMA_CHANNEL_DIRECTION_HEAVY,4725.555,4725.555,4725.555,0.0,4851.46,125.905,0.0,0.0,red_box_midline::red_mid_2,2026-02-04,2026-02-03,RANGE_EXTREME_220_PLUS,CLOSE_POS_UPPER_THIRD,ROWS_STANDARD_9_10,4946.72,PREV_CLOSE_PROXY,,NEUTRAL
True,True,False,False,152.3725,148.415,0.0,0.0,0.0,1.0,MODE_C_BALANCED,5091.92,5091.92,5091.92,0.0,4990.45,101.47,0.0,0.0,prior_hlc::previous_high,MODE_B_EMA_CHANNEL_DIRECTION_HEAVY,5087.9025,5087.9025,5087.9025,0.0,4944.86,143.0425,0.0,0.0,green_box_quarter::green_box_2_75pct,MODE_B_EMA_CHANNEL_DIRECTION_HEAVY,5057.9025,5057.9025,5057.9025,0.0,4896.2,161.7025,0.0,0.0,red_box_quarter::red_box_1_25pct,MODE_E_SPACING_PRESERVATION,5031.385,5031.385,5031.385,0.0,4843.94,187.445,0.0,0.0,prior_range_fraction::prev_range_0.75,2026-02-05,2026-02-04,RANGE_EXTREME_220_PLUS,CLOSE_POS_MIDDLE_THIRD,ROWS_EXTENDED_11_PLUS,4964.74,PREV_CLOSE_PROXY,,NEUTRAL
True,True,False,False,16.03,19.596875,25.0,25.0,0.0,1.25,MODE_C_BALANCED,4906.79,4906.79,4906.79,0.0,4897.44,9.35,0.0,0.0,green_box_edge::green_edge_1,MODE_C_BALANCED,4876.79,4876.79,4876.79,0.0,4854.08,22.71,0.0,0.0,red_box_edge::red_edge_1,MODE_A_LIVE_PROXIMITY_HEAVY,4803.305,4803.305,4803.305,0.0,4803.0,0.305,1.0,1.0,red_box_midline::red_mid_2,MODE_C_BALANCED,4792.8125,4792.8125,4792.8125,0.0,4746.79,46.0225,0.0,0.0,prior_range_fraction::prev_range_0.125,2026-02-06,2026-02-05,RANGE_EXTREME_220_PLUS,CLOSE_POS_LOWER_THIRD,ROWS_EXTENDED_11_PLUS,4779.46,PREV_CLOSE_PROXY,,NEUTRAL
True,True,False,True,23.860625,23.405938,0.0,0.0,0.0,1.0,MODE_B_EMA_CHANNEL_DIRECTION_HEAVY,4971.43,4971.43,4971.43,0.0,4956.67,14.76,0.0,0.0,prior_hlc::previous_high,MODE_B_EMA_CHANNEL_DIRECTION_HEAVY,4928.17625,4928.17625,4928.17625,0.0,4905.52,22.65625,0.0,0.0,red_box_quarter::red_box_1_25pct,MODE_C_BALANCED,4884.9225,4884.9225,4884.9225,0.0,4853.78,31.1425,0.0,0.0,red_box_midline::red_mid_1,MODE_C_BALANCED,4828.415,4828.415,4828.415,0.0,4803.35,25.065,0.0,0.0,green_box_edge::green_edge_1,2026-02-09,2026-02-06,RANGE_EXTREME_220_PLUS,CLOSE_POS_UPPER_THIRD,ROWS_STANDARD_9_10,4965.74,PREV_CLOSE_PROXY,,NEUTRAL
True,True,True,True,29.485,33.044375,0.0,25.0,0.0,1.0,MODE_B_EMA_CHANNEL_DIRECTION_HEAVY,5135.6975,5135.6975,5135.6975,0.0,5139.66,3.9625,0.0,1.0,green_box_quarter::green_box_3_25pct,MODE_B_EMA_CHANNEL_DIRECTION_HEAVY,5116.72,5116.72,5116.72,0.0,5081.07,35.65,0.0,0.0,green_box_edge::green_edge_2,MODE_D_NEAREST_VALID_LADDER,5057.94,5057.94,5057.94,0.0,5034.62,23.32,0.0,0.0,prior_hlc::previous_close,MODE_A_LIVE_PROXIMITY_HEAVY,5056.265,5056.265,5056.265,0.0,4987.02,69.245,0.0,0.0,prior_range_fraction::prev_range_0.75,2026-02-10,2026-02-09,RANGE_WIDE_120_220,CLOSE_POS_UPPER_THIRD,ROWS_STANDARD_9_10,5057.94,PREV_CLOSE_PROXY,,NEUTRAL
True,True,True,True,29.06125,26.504375,25.0,25.0,0.0,2.0,MODE_C_BALANCED,5078.415,5078.27,5078.56,0.29,5075.63,2.785,1.0,1.0,green_box_midline::green_mid_2 | prior_hlc::previous_high,MODE_C_BALANCED,5031.7725,5030.42,5033.125,2.705,5016.51,15.2625,0.0,0.0,prior_hlc::previous_pivot_hlc3 | red_box_quarter::red_box_1_75pct,MODE_C_BALANCED,5010.19,5010.19,5010.19,0.0,4967.33,42.86,0.0,0.0,prior_range_fraction::prev_range_0.25,MODE_B_EMA_CHANNEL_DIRECTION_HEAVY,4957.4,4957.4,4957.4,0.0,4912.29,45.11,0.0,0.0,red_box_edge::red_edge_2,2026-02-11,2026-02-10,RANGE_NORMAL_60_120,CLOSE_POS_MIDDLE_THIRD,ROWS_STANDARD_9_10,5025.3,PREV_CLOSE_PROXY,,NEUTRAL
True,True,False,True,4.265,4.43125,50.0,50.0,0.0,1.0,MODE_B_EMA_CHANNEL_DIRECTION_HEAVY,5119.06,5119.06,5119.06,0.0,5117.76,1.3,1.0,1.0,prior_hlc::previous_high,MODE_C_BALANCED,5067.735,5067.735,5067.735,0.0,5075.63,7.895,0.0,0.0,green_box_quarter::green_box_1_75pct,MODE_C_BALANCED,5035.205,5035.205,5035.205,0.0,5037.65,2.445,1.0,1.0,green_box_quarter::green_box_1_25pct,MODE_B_EMA_CHANNEL_DIRECTION_HEAVY,5005.205,5005.205,5005.205,0.0,4999.12,6.085,0.0,0.0,red_box_quarter::red_box_2_75pct,2026-02-12,2026-02-11,RANGE_NORMAL_60_120,CLOSE_POS_MIDDLE_THIRD,ROWS_EXTENDED_11_PLUS,5084.24,PREV_CLOSE_PROXY,,NEUTRAL
True,True,True,True,8.901703,19.533352,0.0,0.0,0.0,2.5,MODE_B_EMA_CHANNEL_DIRECTION_HEAVY,4952.346593,4952.346593,4952.346593,0.0,4960.96,8.613407,0.0,0.0,prior_range_fraction::prev_range_0.333333,MODE_D_NEAREST_VALID_LADDER,4921.64,4921.64,4921.64,0.0,4914.19,7.45,0.0,0.0,prior_hlc::previous_close,MODE_C_BALANCED,4879.98,4879.98,4879.98,0.0,4870.79,9.19,0.0,0.0,red_box_quarter::red_box_2_75pct,MODE_B_EMA_CHANNEL_DIRECTION_HEAVY,4878.56,4878.56,4878.56,0.0,4825.68,52.88,0.0,0.0,prior_hlc::previous_low,2026-02-13,2026-02-12,RANGE_EXTREME_220_PLUS,CLOSE_POS_LOWER_THIRD,ROWS_SPARSE_1_8,4921.64,PREV_CLOSE_PROXY,,NEUTRAL
True,True,False,False,16.14625,19.588125,0.0,25.0,0.0,1.25,MODE_C_BALANCED,5027.2375,5026.025,5028.45,2.425,5039.88,12.6425,0.0,0.0,prior_range_fraction::prev_range_0.875 | green_box_midline::green_mid_2,MODE_C_BALANCED,5004.625,5004.625,5004.625,0.0,5001.35,3.275,0.0,1.0,green_box_quarter::green_box_2_25pct,MODE_C_BALANCED,4980.8,4980.8,4980.8,0.0,4961.15,19.65,0.0,0.0,green_box_edge::green_edge_1,MODE_C_BALANCED,4956.975,4956.975,4956.975,0.0,4914.19,42.785,0.0,0.0,green_box_quarter::green_box_1_75pct,2026-02-16,2026-02-13,RANGE_WIDE_120_220,CLOSE_POS_UPPER_THIRD,ROWS_SPARSE_1_8,5042.46,PREV_CLOSE_PROXY,,NEUTRAL
True,True,True,True,13.574375,15.336875,0.0,50.0,0.0,2.25,MODE_D_NEAREST_VALID_LADDER,5041.18125,5041.18125,5041.18125,0.0,5037.25,3.93125,0.0,1.0,prior_range_fraction::prev_range_0.875,MODE_C_BALANCED,4993.7875,4993.7875,4993.7875,0.0,4997.56,3.7725,0.0,1.0,green_box_midline::green_mid_1,MODE_D_NEAREST_VALID_LADDER,4986.2875,4986.2875,4986.2875,0.0,4963.07,23.2175,0.0,0.0,prior_range_fraction::prev_range_0.25,MODE_B_EMA_CHANNEL_DIRECTION_HEAVY,4890.14375,4890.14375,4890.14375,0.0,4920.57,30.42625,0.0,0.0,red_box_quarter::red_box_3_75pct,2026-02-17,2026-02-16,RANGE_NORMAL_60_120,CLOSE_POS_MIDDLE_THIRD,ROWS_STANDARD_9_10,4993.64,PREV_CLOSE_PROXY,,NEUTRAL
True,True,True,True,1.685,2.53,50.0,75.0,0.0,1.75,MODE_B_EMA_CHANNEL_DIRECTION_HEAVY,4912.9,4912.9,4912.9,0.0,4912.68,0.22,1.0,1.0,green_box_quarter::green_box_1_75pct,MODE_C_BALANCED,4881.84,4881.84,4881.84,0.0,4878.73,3.11,0.0,1.0,prior_range_fraction::prev_range_0.25,MODE_C_BALANCED,4842.22,4842.22,4842.22,0.0,4842.48,0.26,1.0,1.0,prior_hlc::previous_low,MODE_B_EMA_CHANNEL_DIRECTION_HEAVY,4812.22,4812.22,4812.22,0.0,4805.69,6.53,0.0,0.0,red_box_edge::red_edge_2,2026-02-18,2026-02-17,RANGE_WIDE_120_220,CLOSE_POS_LOWER_THIRD,ROWS_STANDARD_9_10,4877.1,PREV_CLOSE_PROXY,,NEUTRAL
True,True,False,False,30.52125,33.198438,0.0,0.0,0.0,1.0,MODE_A_LIVE_PROXIMITY_HEAVY,4970.93375,4970.93375,4970.93375,0.0,5030.72,59.78625,0.0,0.0,green_box_quarter::green_box_2_25pct,MODE_C_BALANCED,4964.2825,4964.2825,4964.2825,0.0,5000.02,35.7375,0.0,0.0,red_box_midline::red_mid_1,MODE_C_BALANCED,4947.585,4947.585,4947.585,0.0,4972.89,25.305,0.0,0.0,green_box_edge::green_edge_1,MODE_A_LIVE_PROXIMITY_HEAVY,4932.585,4932.585,4932.585,0.0,4944.55,11.965,0.0,0.0,prior_hlc::previous_mid,2026-02-19,2026-02-18,RANGE_WIDE_120_220,CLOSE_POS_UPPER_THIRD,ROWS_EXTENDED_11_PLUS,4977.24,PREV_CLOSE_PROXY,,NEUTRAL
True,True,False,True,7.318125,8.372083,25.0,50.0,0.0,2.5,MODE_C_BALANCED,5022.25,5022.25,5022.25,0.0,5017.88,4.37,0.0,1.0,prior_hlc::previous_high,MODE_C_BALANCED,4992.956667,4992.956667,4992.956667,0.0,4995.03,2.073333,1.0,1.0,prior_hlc::previous_pivot_hlc3,MODE_C_BALANCED,4976.25625,4976.0575,4976.455,0.3975,4965.99,10.26625,0.0,0.0,prior_range_fraction::prev_range_0.25 | red_box_edge::red_edge_1,MODE_B_EMA_CHANNEL_DIRECTION_HEAVY,4919.21125,4919.21125,4919.21125,0.0,4935.99,16.77875,0.0,0.0,red_box_quarter::red_box_3_25pct,2026-02-20,2026-02-19,RANGE_NORMAL_60_120,CLOSE_POS_MIDDLE_THIRD,ROWS_STANDARD_9_10,4995.96,PREV_CLOSE_PROXY,,NEUTRAL
True,True,False,True,19.778334,19.879167,0.0,0.0,0.0,1.25,MODE_B_EMA_CHANNEL_DIRECTION_HEAVY,5137.96,5137.96,5137.96,0.0,5150.72,12.76,0.0,0.0,green_box_edge::green_edge_2,MODE_D_NEAREST_VALID_LADDER,5098.92,5098.92,5098.92,0.0,5126.12,27.2,0.0,0.0,green_box_midline::green_mid_2,MODE_C_BALANCED,5076.42,5076.42,5076.42,0.0,5102.34,25.92,0.0,0.0,prior_range_fraction::prev_range_0.75,MODE_D_NEAREST_VALID_LADDER,5065.853333,5065.853333,5065.853333,0.0,5079.49,13.636667,0.0,0.0,prior_hlc::previous_pivot_hlc3,2026-02-23,2026-02-20,RANGE_WIDE_120_220,CLOSE_POS_UPPER_THIRD,ROWS_EXTENDED_11_PLUS,5107.8,PREV_CLOSE_PROXY,,NEUTRAL
True,True,False,True,6.1775,5.88,25.0,50.0,0.0,1.5,MODE_B_EMA_CHANNEL_DIRECTION_HEAVY,5267.82,5267.82,5267.82,0.0,5263.54,4.28,0.0,1.0,green_box_edge::green_edge_2,MODE_D_NEAREST_VALID_LADDER,5225.6825,5225.6825,5225.6825,0.0,5234.73,9.0475,0.0,0.0,green_box_midline::green_mid_2,MODE_C_BALANCED,5203.1825,5203.1825,5203.1825,0.0,5205.3,2.1175,1.0,1.0,prior_range_fraction::prev_range_0.75,MODE_C_BALANCED,5168.545,5168.545,5168.545,0.0,5176.62,8.075,0.0,0.0,prior_hlc::previous_mid,2026-02-24,2026-02-23,RANGE_WIDE_120_220,CLOSE_POS_UPPER_THIRD,ROWS_EXTENDED_11_PLUS,5227.5,PREV_CLOSE_PROXY,,NEUTRAL
True,True,False,False,17.022545,18.932523,0.0,0.0,0.0,1.0,MODE_B_EMA_CHANNEL_DIRECTION_HEAVY,5279.68,5279.68,5279.68,0.0,5252.87,26.81,0.0,0.0,green_box_edge::green_edge_2,MODE_B_EMA_CHANNEL_DIRECTION_HEAVY,5230.03875,5230.03875,5230.03875,0.0,5210.99,19.04875,0.0,0.0,prior_range_fraction::prev_range_0.875,MODE_C_BALANCED,5189.65634,5189.65634,5189.65634,0.0,5174.66,14.99634,0.0,0.0,prior_range_fraction::prev_range_0.618,MODE_C_BALANCED,5156.115,5156.115,5156.115,0.0,5141.24,14.875,0.0,0.0,red_box_edge::red_edge_1,2026-02-25,2026-02-24,RANGE_WIDE_120_220,CLOSE_POS_LOWER_THIRD,ROWS_EXTENDED_11_PLUS,5143.76,PREV_CLOSE_PROXY,,NEUTRAL
True,True,False,True,23.480625,28.444531,25.0,25.0,0.0,2.25,MODE_B_EMA_CHANNEL_DIRECTION_HEAVY,5169.393125,5169.03125,5169.755,0.72375,5167.75,1.643125,1.0,1.0,green_box_quarter::green_box_1_75pct | prior_hlc::previous_mid,MODE_A_LIVE_PROXIMITY_HEAVY,5145.8075,5145.8075,5145.8075,0.0,5128.94,16.8675,0.0,0.0,prior_range_fraction::prev_range_0.25,MODE_B_EMA_CHANNEL_DIRECTION_HEAVY,5122.58375,5121.86,5123.3075,1.4475,5092.49,30.09375,0.0,0.0,prior_hlc::previous_low | red_box_midline::red_mid_2,MODE_C_BALANCED,5107.58375,5107.58375,5107.58375,0.0,5042.41,65.17375,0.0,0.0,red_box_quarter::red_box_2_75pct,2026-02-26,2026-02-25,RANGE_NORMAL_60_120,CLOSE_POS_MIDDLE_THIRD,ROWS_SPARSE_1_8,5164.84,PREV_CLOSE_PROXY,,NEUTRAL
True,True,False,True,23.57376,28.14563,0.0,0.0,0.0,2.0,MODE_B_EMA_CHANNEL_DIRECTION_HEAVY,5207.35,5205.52,5209.18,3.66,5200.74,6.61,0.0,0.0,prior_hlc::previous_high | green_box_midline::green_mid_2,MODE_C_BALANCED,5167.84,5167.84,5167.84,0.0,5159.15,8.69,0.0,0.0,prior_hlc::previous_mid,MODE_C_BALANCED,5158.94752,5158.94752,5158.94752,0.0,5120.49,38.45752,0.0,0.0,prior_range_fraction::prev_range_0.382,MODE_C_BALANCED,5141.455,5139.58,5143.33,3.75,5082.63,58.825,0.0,0.0,prior_range_fraction::prev_range_0.125 | red_box_quarter::red_box_2_25pct | green_box_quarter::green_box_1_25pct,2026-02-27,2026-02-26,RANGE_NORMAL_60_120,CLOSE_POS_UPPER_THIRD,ROWS_STANDARD_9_10,5185.0,PREV_CLOSE_PROXY,,NEUTRAL
True,True,False,True,2.97,7.78,50.0,75.0,0.0,1.0,MODE_B_EMA_CHANNEL_DIRECTION_HEAVY,5364.85,5364.85,5364.85,0.0,5367.98,3.13,0.0,1.0,green_box_quarter::green_box_3_75pct,MODE_B_EMA_CHANNEL_DIRECTION_HEAVY,5328.87,5328.87,5328.87,0.0,5326.06,2.81,1.0,1.0,green_box_quarter::green_box_3_25pct,MODE_A_LIVE_PROXIMITY_HEAVY,5292.89,5292.89,5292.89,0.0,5290.73,2.16,1.0,1.0,green_box_quarter::green_box_2_75pct,MODE_A_LIVE_PROXIMITY_HEAVY,5280.0,5280.0,5280.0,0.0,5256.98,23.02,0.0,0.0,prior_hlc::previous_close,2026-03-02,2026-02-27,RANGE_NORMAL_60_120,CLOSE_POS_UPPER_THIRD,ROWS_EXTENDED_11_PLUS,5280.0,PREV_CLOSE_PROXY,,NEUTRAL
True,True,False,True,31.031641,31.31332,0.0,0.0,0.0,1.75,MODE_A_LIVE_PROXIMITY_HEAVY,5340.1,5340.1,5340.1,0.0,5324.04,16.06,0.0,0.0,prior_hlc::previous_mid,MODE_D_NEAREST_VALID_LADDER,5313.753281,5313.753281,5313.753281,0.0,5286.64,27.113281,0.0,0.0,prior_range_fraction::prev_range_0.333333,MODE_C_BALANCED,5284.57,5284.57,5284.57,0.0,5249.62,34.95,0.0,0.0,green_box_quarter::green_box_1_25pct,MODE_D_NEAREST_VALID_LADDER,5261.06,5261.06,5261.06,0.0,5213.93,47.13,0.0,0.0,prior_hlc::previous_low,2026-03-03,2026-03-02,RANGE_WIDE_120_220,CLOSE_POS_MIDDLE_THIRD,ROWS_STANDARD_9_10,5321.84,PREV_CLOSE_PROXY,,NEUTRAL
True,False,True,False,20.705625,23.423437,0.0,0.0,0.0,1.0,MODE_A_LIVE_PROXIMITY_HEAVY,5069.6675,5069.6675,5069.6675,0.0,5112.47,42.8025,0.0,0.0,red_box_midline::red_mid_2,MODE_B_EMA_CHANNEL_DIRECTION_HEAVY,5088.24,5088.24,5088.24,0.0,5078.76,9.48,0.0,0.0,prior_hlc::previous_close,MODE_C_BALANCED,5017.96875,5017.96875,5017.96875,0.0,5043.41,25.44125,0.0,0.0,red_box_quarter::red_box_2_75pct,MODE_B_EMA_CHANNEL_DIRECTION_HEAVY,4996.27,4996.27,4996.27,0.0,5012.24,15.97,0.0,0.0,prior_hlc::previous_low,2026-03-04,2026-03-03,RANGE_EXTREME_220_PLUS,CLOSE_POS_LOWER_THIRD,ROWS_STANDARD_9_10,5088.24,PREV_CLOSE_PROXY,,NEUTRAL
True,True,True,True,5.75875,7.35875,50.0,50.0,0.0,1.25,MODE_C_BALANCED,5175.565,5175.565,5175.565,0.0,5173.51,2.055,1.0,1.0,prior_range_fraction::prev_range_0.75,MODE_C_BALANCED,5149.0525,5149.0525,5149.0525,0.0,5139.59,9.4625,0.0,0.0,red_box_quarter::red_box_1_75pct,MODE_C_BALANCED,5103.0025,5103.0025,5103.0025,0.0,5103.66,0.6575,1.0,1.0,green_box_quarter::green_box_1_25pct,MODE_D_NEAREST_VALID_LADDER,5083.99,5083.99,5083.99,0.0,5066.73,17.26,0.0,0.0,prior_hlc::previous_low,2026-03-05,2026-03-04,RANGE_WIDE_120_220,CLOSE_POS_MIDDLE_THIRD,ROWS_STANDARD_9_10,5141.1,PREV_CLOSE_PROXY,,NEUTRAL
True,True,True,True,11.1825,12.15625,0.0,0.0,0.0,2.0,MODE_B_EMA_CHANNEL_DIRECTION_HEAVY,5116.265,5116.265,5116.265,0.0,5105.9,10.365,0.0,0.0,green_box_quarter::green_box_1_75pct,MODE_D_NEAREST_VALID_LADDER,5081.02,5081.02,5081.02,0.0,5070.97,10.05,0.0,0.0,prior_hlc::previous_close,MODE_C_BALANCED,5051.06,5051.06,5051.06,0.0,5039.06,12.0,0.0,0.0,prior_hlc::previous_low,MODE_B_EMA_CHANNEL_DIRECTION_HEAVY,5021.06,5021.06,5021.06,0.0,5004.85,16.21,0.0,0.0,red_box_edge::red_edge_2,2026-03-06,2026-03-05,RANGE_WIDE_120_220,CLOSE_POS_LOWER_THIRD,ROWS_SPARSE_1_8,5081.02,PREV_CLOSE_PROXY,,NEUTRAL
True,True,False,True,15.4425,14.507907,0.0,25.0,0.0,1.0,MODE_B_EMA_CHANNEL_DIRECTION_HEAVY,5174.78,5174.78,5174.78,0.0,5198.3,23.52,0.0,0.0,prior_hlc::previous_high,MODE_C_BALANCED,5158.795,5156.92,5160.67,3.75,5168.78,9.985,0.0,0.0,red_box_quarter::red_box_1_25pct | prior_range_fraction::prev_range_0.875,MODE_E_SPACING_PRESERVATION,5137.153371,5137.153371,5137.153371,0.0,5140.78,3.626629,0.0,1.0,prior_range_fraction::prev_range_0.666667,MODE_C_BALANCED,5087.8,5085.48,5090.12,4.64,5108.7,20.9,0.0,0.0,red_box_quarter::red_box_2_25pct | prior_range_fraction::prev_range_0.25,2026-03-09,2026-03-06,RANGE_NORMAL_60_120,CLOSE_POS_UPPER_THIRD,ROWS_STANDARD_9_10,5174.64,PREV_CLOSE_PROXY,,NEUTRAL
True,False,False,True,16.94398,16.071677,25.0,25.0,0.0,1.75,MODE_B_EMA_CHANNEL_DIRECTION_HEAVY,5152.1675,5152.1675,5152.1675,0.0,5174.89,22.7225,0.0,0.0,prior_range_fraction::prev_range_0.75,MODE_C_BALANCED,5118.04625,5118.04625,5118.04625,0.0,5145.87,27.82375,0.0,0.0,red_box_quarter::red_box_1_75pct,MODE_D_NEAREST_VALID_LADDER,5128.01546,5128.01546,5128.01546,0.0,5116.85,11.16546,0.0,0.0,prior_range_fraction::prev_range_0.618,MODE_B_EMA_CHANNEL_DIRECTION_HEAVY,5091.425,5091.425,5091.425,0.0,5088.85,2.575,1.0,1.0,red_box_edge::red_edge_1,2026-03-10,2026-03-09,RANGE_WIDE_120_220,CLOSE_POS_MIDDLE_THIRD,ROWS_STANDARD_9_10,5136.66,PREV_CLOSE_PROXY,,NEUTRAL
True,True,True,True,11.521667,10.557083,25.0,25.0,0.0,1.75,MODE_D_NEAREST_VALID_LADDER,5268.59,5268.59,5268.59,0.0,5249.95,18.64,0.0,0.0,green_box_edge::green_edge_2,MODE_B_EMA_CHANNEL_DIRECTION_HEAVY,5238.59,5238.59,5238.59,0.0,5222.07,16.52,0.0,0.0,prior_hlc::previous_high,MODE_B_EMA_CHANNEL_DIRECTION_HEAVY,5182.916667,5182.916667,5182.916667,0.0,5189.44,6.523333,0.0,0.0,prior_hlc::previous_pivot_hlc3,MODE_B_EMA_CHANNEL_DIRECTION_HEAVY,5163.055,5163.055,5163.055,0.0,5163.6,0.545,1.0,1.0,red_box_edge::red_edge_1,2026-03-11,2026-03-10,RANGE_WIDE_120_220,CLOSE_POS_MIDDLE_THIRD,ROWS_STANDARD_9_10,5192.64,PREV_CLOSE_PROXY,,NEUTRAL
True,True,False,True,6.87,7.374375,50.0,50.0,0.0,1.75,MODE_D_NEAREST_VALID_LADDER,5227.055,5227.055,5227.055,0.0,5238.21,11.155,0.0,0.0,green_box_midline::green_mid_2,MODE_C_BALANCED,5199.0525,5197.055,5201.05,3.995,5214.48,15.4275,0.0,0.0,red_box_midline::red_mid_1 | green_box_edge::green_edge_1,MODE_C_BALANCED,5186.05,5186.05,5186.05,0.0,5185.72,0.33,1.0,1.0,prior_hlc::previous_mid,MODE_C_BALANCED,5160.045,5158.0475,5162.0425,3.995,5157.46,2.585,1.0,1.0,red_box_quarter::red_box_2_25pct | green_box_quarter::green_box_1_25pct,2026-03-12,2026-03-11,RANGE_NORMAL_60_120,CLOSE_POS_MIDDLE_THIRD,ROWS_STANDARD_9_10,5175.96,PREV_CLOSE_PROXY,,NEUTRAL
True,True,True,True,1.34,3.544062,75.0,75.0,0.0,2.0,MODE_B_EMA_CHANNEL_DIRECTION_HEAVY,5117.56625,5117.56625,5117.56625,0.0,5106.89,10.67625,0.0,0.0,green_box_quarter::green_box_1_75pct,MODE_D_NEAREST_VALID_LADDER,5079.04,5079.04,5079.04,0.0,5079.86,0.82,1.0,1.0,prior_hlc::previous_close,MODE_C_BALANCED,5055.08,5055.08,5055.08,0.0,5053.98,1.1,1.0,1.0,prior_hlc::previous_low,MODE_B_EMA_CHANNEL_DIRECTION_HEAVY,5025.08,5025.08,5025.08,0.0,5023.5,1.58,1.0,1.0,red_box_edge::red_edge_2,2026-03-13,2026-03-12,RANGE_WIDE_120_220,CLOSE_POS_LOWER_THIRD,ROWS_STANDARD_9_10,5079.04,PREV_CLOSE_PROXY,,NEUTRAL
True,True,False,True,7.703333,6.479167,25.0,25.0,0.0,1.75,MODE_C_BALANCED,5091.22,5091.22,5091.22,0.0,5080.85,10.37,0.0,0.0,red_box_midline::red_mid_1,MODE_C_BALANCED,5052.273333,5052.273333,5052.273333,0.0,5057.31,5.036667,0.0,0.0,prior_hlc::previous_pivot_hlc3,MODE_D_NEAREST_VALID_LADDER,5028.37,5028.37,5028.37,0.0,5028.51,0.14,1.0,1.0,green_box_quarter::green_box_1_25pct,MODE_B_EMA_CHANNEL_DIRECTION_HEAVY,5009.8,5009.8,5009.8,0.0,4999.43,10.37,0.0,0.0,prior_hlc::previous_low,2026-03-16,2026-03-13,RANGE_NORMAL_60_120,CLOSE_POS_LOWER_THIRD,ROWS_STANDARD_9_10,5018.66,PREV_CLOSE_PROXY,,NEUTRAL
True,True,True,True,3.89625,6.861244,25.0,75.0,0.0,1.25,MODE_C_BALANCED,5014.480023,5014.480023,5014.480023,0.0,5032.61,18.129977,0.0,0.0,prior_range_fraction::prev_range_0.666667,MODE_C_BALANCED,5006.25,5006.25,5006.25,0.0,5002.1,4.15,0.0,1.0,prior_hlc::previous_close,MODE_C_BALANCED,4976.2925,4976.2925,4976.2925,0.0,4972.65,3.6425,0.0,1.0,prior_range_fraction::prev_range_0.125,MODE_B_EMA_CHANNEL_DIRECTION_HEAVY,4950.0425,4950.0425,4950.0425,0.0,4948.52,1.5225,1.0,1.0,red_box_quarter::red_box_2_75pct,2026-03-17,2026-03-16,RANGE_NORMAL_60_120,CLOSE_POS_MIDDLE_THIRD,ROWS_SPARSE_1_8,5006.25,PREV_CLOSE_PROXY,,NEUTRAL
True,True,True,True,7.05,7.4275,25.0,25.0,0.0,1.0,MODE_C_BALANCED,5046.84,5044.52,5049.16,4.64,5033.04,13.8,0.0,0.0,prior_hlc::previous_high | green_box_midline::green_mid_2,MODE_C_BALANCED,5009.41,5007.7,5011.12,3.42,5007.6,1.81,1.0,1.0,prior_hlc::previous_pivot_hlc3 | green_box_quarter::green_box_1_75pct,MODE_C_BALANCED,4983.44,4981.12,4985.76,4.64,4976.45,6.99,0.0,0.0,red_box_quarter::red_box_2_25pct | green_box_quarter::green_box_1_25pct,MODE_B_EMA_CHANNEL_DIRECTION_HEAVY,4955.76,4955.76,4955.76,0.0,4948.65,7.11,0.0,0.0,red_box_quarter::red_box_2_75pct,2026-03-18,2026-03-17,RANGE_NORMAL_60_120,CLOSE_POS_MIDDLE_THIRD,ROWS_EXTENDED_11_PLUS,5005.5,PREV_CLOSE_PROXY,,NEUTRAL
True,True,False,False,112.84375,114.96125,0.0,0.0,0.0,1.25,MODE_B_EMA_CHANNEL_DIRECTION_HEAVY,5016.38,5016.38,5016.38,0.0,4854.69,161.69,0.0,0.0,prior_hlc::previous_high,MODE_B_EMA_CHANNEL_DIRECTION_HEAVY,4964.0425,4964.0425,4964.0425,0.0,4835.57,128.4725,0.0,0.0,prior_range_fraction::prev_range_0.75,MODE_B_EMA_CHANNEL_DIRECTION_HEAVY,4911.705,4911.705,4911.705,0.0,4814.49,97.215,0.0,0.0,prior_hlc::previous_mid,MODE_C_BALANCED,4866.8675,4866.8675,4866.8675,0.0,4794.4,72.4675,0.0,0.0,green_box_midline::green_mid_1,2026-03-19,2026-03-18,RANGE_WIDE_120_220,CLOSE_POS_LOWER_THIRD,ROWS_EXTENDED_11_PLUS,4818.64,PREV_CLOSE_PROXY,,NEUTRAL
True,True,False,False,89.59,88.42,0.0,0.0,0.0,1.0,MODE_C_BALANCED,4798.64,4798.64,4798.64,0.0,4687.79,110.85,0.0,0.0,green_box_midline::green_mid_2,MODE_B_EMA_CHANNEL_DIRECTION_HEAVY,4768.64,4768.64,4768.64,0.0,4666.39,102.25,0.0,0.0,red_box_midline::red_mid_1,MODE_B_EMA_CHANNEL_DIRECTION_HEAVY,4719.36,4719.36,4719.36,0.0,4642.43,76.93,0.0,0.0,red_box_quarter::red_box_1_75pct,MODE_C_BALANCED,4685.08,4685.08,4685.08,0.0,4621.43,63.65,0.0,0.0,prior_hlc::previous_mid,2026-03-20,2026-03-19,RANGE_EXTREME_220_PLUS,CLOSE_POS_MIDDLE_THIRD,ROWS_STANDARD_9_10,4650.38,PREV_CLOSE_PROXY,,NEUTRAL
True,True,True,True,11.2025,15.18375,25.0,50.0,0.0,1.5,MODE_B_EMA_CHANNEL_DIRECTION_HEAVY,4519.47,4519.47,4519.47,0.0,4524.06,4.59,0.0,1.0,red_box_midline::red_mid_2,MODE_D_NEAREST_VALID_LADDER,4498.06,4498.06,4498.06,0.0,4495.38,2.68,1.0,1.0,prior_hlc::previous_close,MODE_B_EMA_CHANNEL_DIRECTION_HEAVY,4483.415,4483.415,4483.415,0.0,4465.6,17.815,0.0,0.0,red_box_quarter::red_box_2_75pct,MODE_B_EMA_CHANNEL_DIRECTION_HEAVY,4477.36,4477.36,4477.36,0.0,4441.71,35.65,0.0,0.0,prior_hlc::previous_low,2026-03-23,2026-03-20,RANGE_EXTREME_220_PLUS,CLOSE_POS_LOWER_THIRD,ROWS_STANDARD_9_10,4498.06,PREV_CLOSE_PROXY,,NEUTRAL
True,True,True,True,36.82316,34.686267,25.0,25.0,0.0,1.25,MODE_B_EMA_CHANNEL_DIRECTION_HEAVY,4508.01375,4508.01375,4508.01375,0.0,4445.82,62.19375,0.0,0.0,green_box_quarter::green_box_2_75pct,MODE_B_EMA_CHANNEL_DIRECTION_HEAVY,4449.5775,4449.5775,4449.5775,0.0,4395.52,54.0575,0.0,0.0,green_box_midline::green_mid_2,MODE_B_EMA_CHANNEL_DIRECTION_HEAVY,4369.32882,4369.32882,4369.32882,0.0,4349.74,19.58882,0.0,0.0,prior_range_fraction::prev_range_0.618,MODE_B_EMA_CHANNEL_DIRECTION_HEAVY,4302.705,4302.705,4302.705,0.0,4305.61,2.905,1.0,1.0,red_box_edge::red_edge_1,2026-03-24,2026-03-23,RANGE_EXTREME_220_PLUS,CLOSE_POS_UPPER_THIRD,ROWS_STANDARD_9_10,4406.68,PREV_CLOSE_PROXY,,NEUTRAL
True,False,False,True,17.194584,23.858229,0.0,0.0,0.0,1.25,MODE_B_EMA_CHANNEL_DIRECTION_HEAVY,4540.08625,4540.08625,4540.08625,0.0,4530.5,9.58625,0.0,0.0,green_box_quarter::green_box_3_25pct,MODE_C_BALANCED,4462.0975,4462.0975,4462.0975,0.0,4480.55,18.4525,0.0,0.0,green_box_midline::green_mid_2,MODE_C_BALANCED,4421.523333,4421.523333,4421.523333,0.0,4437.46,15.936667,0.0,0.0,prior_hlc::previous_pivot_hlc3,MODE_D_NEAREST_VALID_LADDER,4439.5975,4439.5975,4439.5975,0.0,4388.14,51.4575,0.0,0.0,prior_range_fraction::prev_range_0.75,2026-03-25,2026-03-24,RANGE_WIDE_120_220,CLOSE_POS_UPPER_THIRD,ROWS_STANDARD_9_10,4474.36,PREV_CLOSE_PROXY,,NEUTRAL
True,True,True,True,4.625,6.27,50.0,50.0,0.0,1.25,MODE_C_BALANCED,4565.9,4565.9,4565.9,0.0,4563.01,2.89,1.0,1.0,prior_range_fraction::prev_range_0.75,MODE_C_BALANCED,4536.35,4536.35,4536.35,0.0,4529.99,6.36,0.0,0.0,red_box_quarter::red_box_1_75pct,MODE_C_BALANCED,4478.15,4478.15,4478.15,0.0,4492.23,14.08,0.0,0.0,green_box_quarter::green_box_1_25pct,MODE_D_NEAREST_VALID_LADDER,4456.1,4456.1,4456.1,0.0,4457.85,1.75,1.0,1.0,prior_hlc::previous_low,2026-03-26,2026-03-25,RANGE_WIDE_120_220,CLOSE_POS_MIDDLE_THIRD,ROWS_STANDARD_9_10,4506.28,PREV_CLOSE_PROXY,,NEUTRAL
True,True,True,True,15.44228,20.12614,0.0,0.0,0.0,1.25,MODE_C_BALANCED,4470.40456,4470.40456,4470.40456,0.0,4456.11,14.29456,0.0,0.0,prior_range_fraction::prev_range_0.618,MODE_C_BALANCED,4432.64,4432.64,4432.64,0.0,4424.34,8.3,0.0,0.0,red_box_edge::red_edge_1,MODE_C_BALANCED,4376.91,4376.91,4376.91,0.0,4393.5,16.59,0.0,0.0,red_box_midline::red_mid_2,MODE_B_EMA_CHANNEL_DIRECTION_HEAVY,4321.18,4321.18,4321.18,0.0,4362.5,41.32,0.0,0.0,red_box_edge::red_edge_2,2026-03-27,2026-03-26,RANGE_WIDE_120_220,CLOSE_POS_LOWER_THIRD,ROWS_STANDARD_9_10,4378.0,PREV_CLOSE_PROXY,,NEUTRAL
True,True,True,True,9.289583,7.468854,25.0,25.0,0.0,1.75,MODE_B_EMA_CHANNEL_DIRECTION_HEAVY,4532.93875,4532.93875,4532.93875,0.0,4543.04,10.10125,0.0,0.0,prior_range_fraction::prev_range_0.875,MODE_C_BALANCED,4502.9675,4502.9675,4502.9675,0.0,4513.02,10.0525,0.0,0.0,red_box_midline::red_mid_1,MODE_C_BALANCED,4475.503333,4475.503333,4475.503333,0.0,4484.03,8.526667,0.0,0.0,prior_hlc::previous_pivot_hlc3,MODE_D_NEAREST_VALID_LADDER,4450.525,4450.525,4450.525,0.0,4451.72,1.195,1.0,1.0,red_box_edge::red_edge_1,2026-03-30,2026-03-27,RANGE_WIDE_120_220,CLOSE_POS_MIDDLE_THIRD,ROWS_STANDARD_9_10,4495.46,PREV_CLOSE_PROXY,,NEUTRAL
True,True,False,True,1.569375,2.045865,75.0,100.0,0.0,1.5,MODE_B_EMA_CHANNEL_DIRECTION_HEAVY,4540.3925,4540.3925,4540.3925,0.0,4538.28,2.1125,1.0,1.0,prior_range_fraction::prev_range_0.75,MODE_C_BALANCED,4509.01375,4509.01375,4509.01375,0.0,4510.04,1.02625,1.0,1.0,red_box_quarter::red_box_1_75pct,MODE_C_BALANCED,4481.13346,4481.13346,4481.13346,0.0,4480.75,0.38346,1.0,1.0,prior_range_fraction::prev_range_0.382,MODE_C_BALANCED,4443.49875,4443.49875,4443.49875,0.0,4448.16,4.66125,0.0,1.0,green_box_quarter::green_box_1_25pct,2026-03-31,2026-03-30,RANGE_WIDE_120_220,CLOSE_POS_MIDDLE_THIRD,ROWS_SPARSE_1_8,4511.02,PREV_CLOSE_PROXY,,NEUTRAL
True,True,True,True,5.3275,13.956875,0.0,50.0,0.0,1.75,MODE_B_EMA_CHANNEL_DIRECTION_HEAVY,4746.6725,4746.6725,4746.6725,0.0,4705.0,41.6725,0.0,0.0,green_box_quarter::green_box_3_25pct,MODE_B_EMA_CHANNEL_DIRECTION_HEAVY,4687.32,4687.32,4687.32,0.0,4683.82,3.5,0.0,1.0,prior_hlc::previous_high,MODE_D_NEAREST_VALID_LADDER,4667.12,4667.12,4667.12,0.0,4661.39,5.73,0.0,0.0,prior_hlc::previous_close,MODE_A_LIVE_PROXIMITY_HEAVY,4636.115,4636.115,4636.115,0.0,4641.04,4.925,0.0,1.0,prior_range_fraction::prev_range_0.75,2026-04-01,2026-03-31,RANGE_WIDE_120_220,CLOSE_POS_UPPER_THIRD,ROWS_STANDARD_9_10,4667.12,PREV_CLOSE_PROXY,,NEUTRAL
True,True,True,True,10.155,8.7275,25.0,25.0,0.0,1.5,MODE_B_EMA_CHANNEL_DIRECTION_HEAVY,4822.78,4822.78,4822.78,0.0,4810.02,12.76,0.0,0.0,green_box_edge::green_edge_2,MODE_D_NEAREST_VALID_LADDER,4782.52,4782.52,4782.52,0.0,4784.05,1.53,1.0,1.0,green_box_midline::green_mid_2,MODE_C_BALANCED,4742.26,4742.26,4742.26,0.0,4749.81,7.55,0.0,0.0,green_box_edge::green_edge_1,MODE_D_NEAREST_VALID_LADDER,4727.26,4727.26,4727.26,0.0,4714.19,13.07,0.0,0.0,prior_hlc::previous_mid,2026-04-02,2026-04-01,RANGE_WIDE_120_220,CLOSE_POS_UPPER_THIRD,ROWS_EXTENDED_11_PLUS,4758.18,PREV_CLOSE_PROXY,,NEUTRAL
True,True,False,True,19.1025,21.21335,0.0,0.0,0.0,1.5,MODE_B_EMA_CHANNEL_DIRECTION_HEAVY,4677.3,4677.3,4677.3,0.0,4712.91,35.61,0.0,0.0,prior_hlc::previous_mid,MODE_C_BALANCED,4662.3,4662.3,4662.3,0.0,4676.39,14.09,0.0,0.0,red_box_edge::red_edge_1,MODE_C_BALANCED,4648.2484,4648.2484,4648.2484,0.0,4637.21,11.0384,0.0,0.0,prior_range_fraction::prev_range_0.382,MODE_B_EMA_CHANNEL_DIRECTION_HEAVY,4627.775,4627.775,4627.775,0.0,4603.66,24.115,0.0,0.0,red_box_quarter::red_box_2_25pct,2026-04-03,2026-04-02,RANGE_EXTREME_220_PLUS,CLOSE_POS_MIDDLE_THIRD,ROWS_STANDARD_9_10,4676.04,PREV_CLOSE_PROXY,,NEUTRAL
True,True,True,True,3.183415,4.281707,50.0,50.0,0.0,1.25,MODE_B_EMA_CHANNEL_DIRECTION_HEAVY,4718.333415,4718.333415,4718.333415,0.0,4712.91,5.423415,0.0,0.0,prior_range_fraction::prev_range_0.666667,MODE_C_BALANCED,4676.04,4676.04,4676.04,0.0,4676.39,0.35,1.0,1.0,prior_hlc::previous_close,MODE_C_BALANCED,4636.266585,4636.266585,4636.266585,0.0,4637.21,0.943415,1.0,1.0,prior_range_fraction::prev_range_0.333333,MODE_D_NEAREST_VALID_LADDER,4593.25,4593.25,4593.25,0.0,4603.66,10.41,0.0,0.0,red_box_midline::red_mid_2,2026-04-06,2026-04-02,RANGE_EXTREME_220_PLUS,CLOSE_POS_MIDDLE_THIRD,ROWS_STANDARD_9_10,4676.04,PREV_CLOSE_PROXY,,NEUTRAL
True,True,True,True,8.439583,9.534792,25.0,50.0,0.0,2.0,MODE_C_BALANCED,4687.69,4685.725,4689.655,3.93,4686.47,1.22,1.0,1.0,green_box_quarter::green_box_2_25pct | red_box_quarter::red_box_1_25pct,MODE_C_BALANCED,4652.234167,4651.795,4652.673333,0.878333,4647.73,4.504167,0.0,1.0,green_box_quarter::green_box_1_75pct | prior_hlc::previous_pivot_hlc3,MODE_C_BALANCED,4627.33,4627.33,4627.33,0.0,4607.29,20.04,0.0,0.0,prior_range_fraction::prev_range_0.25,MODE_B_EMA_CHANNEL_DIRECTION_HEAVY,4553.935,4553.935,4553.935,0.0,4566.31,12.375,0.0,0.0,red_box_quarter::red_box_3_25pct,2026-04-07,2026-04-06,RANGE_NORMAL_60_120,CLOSE_POS_MIDDLE_THIRD,ROWS_STANDARD_9_10,4650.5,PREV_CLOSE_PROXY,,NEUTRAL
True,True,False,True,8.96336,10.53668,25.0,25.0,0.0,1.75,MODE_B_EMA_CHANNEL_DIRECTION_HEAVY,4713.38,4713.38,4713.38,0.0,4713.5,0.12,1.0,1.0,green_box_midline::green_mid_2,MODE_C_BALANCED,4683.38,4683.38,4683.38,0.0,4677.93,5.45,0.0,0.0,red_box_midline::red_mid_1,MODE_B_EMA_CHANNEL_DIRECTION_HEAVY,4650.04672,4650.04672,4650.04672,0.0,4637.57,12.47672,0.0,0.0,prior_range_fraction::prev_range_0.382,MODE_C_BALANCED,4621.53,4621.53,4621.53,0.0,4597.43,24.1,0.0,0.0,prior_range_fraction::prev_range_0.125,2026-04-08,2026-04-07,RANGE_NORMAL_60_120,CLOSE_POS_UPPER_THIRD,ROWS_STANDARD_9_10,4705.73,PREV_CLOSE_PROXY,,NEUTRAL
True,True,True,True,6.05375,8.355937,0.0,25.0,0.0,1.25,MODE_B_EMA_CHANNEL_DIRECTION_HEAVY,4770.27625,4770.27625,4770.27625,0.0,4767.19,3.08625,0.0,1.0,green_box_quarter::green_box_1_75pct,MODE_D_NEAREST_VALID_LADDER,4739.3675,4739.3675,4739.3675,0.0,4733.49,5.8775,0.0,0.0,prior_range_fraction::prev_range_0.25,MODE_C_BALANCED,4700.05,4700.05,4700.05,0.0,4693.82,6.23,0.0,0.0,prior_hlc::previous_low,MODE_B_EMA_CHANNEL_DIRECTION_HEAVY,4670.05,4670.05,4670.05,0.0,4651.82,18.23,0.0,0.0,red_box_edge::red_edge_2,2026-04-09,2026-04-08,RANGE_WIDE_120_220,CLOSE_POS_LOWER_THIRD,ROWS_STANDARD_9_10,4719.26,PREV_CLOSE_PROXY,,NEUTRAL
True,True,False,True,10.745,10.6525,25.0,50.0,0.0,2.25,MODE_B_EMA_CHANNEL_DIRECTION_HEAVY,4782.96,4781.365,4784.555,3.19,4787.01,4.05,0.0,1.0,green_box_quarter::green_box_2_25pct | red_box_quarter::red_box_1_25pct,MODE_C_BALANCED,4748.175,4748.175,4748.175,0.0,4746.82,1.355,1.0,1.0,green_box_quarter::green_box_1_75pct,MODE_C_BALANCED,4724.08,4724.08,4724.08,0.0,4706.64,17.44,0.0,0.0,prior_range_fraction::prev_range_0.25,MODE_B_EMA_CHANNEL_DIRECTION_HEAVY,4651.795,4651.795,4651.795,0.0,4671.56,19.765,0.0,0.0,red_box_quarter::red_box_3_25pct,2026-04-10,2026-04-09,RANGE_NORMAL_60_120,CLOSE_POS_MIDDLE_THIRD,ROWS_STANDARD_9_10,4765.5,PREV_CLOSE_PROXY,,NEUTRAL
True,True,False,True,12.756875,12.646562,25.0,25.0,0.0,2.25,MODE_C_BALANCED,4768.91375,4766.2625,4771.565,5.3025,4777.03,8.11625,0.0,0.0,green_box_quarter::green_box_1_75pct | prior_range_fraction::prev_range_0.618 | red_box_midline::red_mid_1,MODE_A_LIVE_PROXIMITY_HEAVY,4736.2625,4736.2625,4736.2625,0.0,4737.6,1.3375,1.0,1.0,red_box_quarter::red_box_2_25pct,MODE_B_EMA_CHANNEL_DIRECTION_HEAVY,4712.7275,4712.7275,4712.7275,0.0,4695.33,17.3975,0.0,0.0,red_box_quarter::red_box_2_75pct,MODE_B_EMA_CHANNEL_DIRECTION_HEAVY,4677.425,4677.425,4677.425,0.0,4653.69,23.735,0.0,0.0,red_box_midline::red_mid_3,2026-04-13,2026-04-10,RANGE_NORMAL_60_120,CLOSE_POS_LOWER_THIRD,ROWS_STANDARD_9_10,4749.18,PREV_CLOSE_PROXY,,NEUTRAL
True,True,False,True,6.66,9.383648,0.0,50.0,0.0,2.0,MODE_B_EMA_CHANNEL_DIRECTION_HEAVY,4748.13375,4746.1175,4750.15,4.0325,4768.21,20.07625,0.0,0.0,green_box_midline::green_mid_2 | prior_hlc::previous_high,MODE_C_BALANCED,4733.13375,4733.13375,4733.13375,0.0,4728.16,4.97375,0.0,1.0,red_box_quarter::red_box_1_25pct,MODE_C_BALANCED,4684.56166,4684.56166,4684.56166,0.0,4688.7,4.13834,0.0,1.0,prior_range_fraction::prev_range_0.382,MODE_C_BALANCED,4657.28625,4657.28625,4657.28625,0.0,4648.94,8.34625,0.0,0.0,prior_range_fraction::prev_range_0.125,2026-04-14,2026-04-13,RANGE_NORMAL_60_120,CLOSE_POS_UPPER_THIRD,ROWS_STANDARD_9_10,4740.3,PREV_CLOSE_PROXY,,NEUTRAL
True,True,False,True,3.73125,5.020313,50.0,50.0,0.0,1.75,MODE_B_EMA_CHANNEL_DIRECTION_HEAVY,4859.8475,4859.8475,4859.8475,0.0,4871.18,11.3325,0.0,0.0,green_box_quarter::green_box_2_75pct,MODE_D_NEAREST_VALID_LADDER,4828.375,4826.9025,4829.8475,2.945,4833.44,5.065,0.0,0.0,green_box_quarter::green_box_2_25pct | red_box_quarter::red_box_1_25pct,MODE_C_BALANCED,4794.69375,4793.9575,4795.43,1.4725,4795.98,1.28625,1.0,1.0,green_box_quarter::green_box_1_75pct | prior_hlc::previous_mid,MODE_C_BALANCED,4757.2625,4757.2625,4757.2625,0.0,4759.66,2.3975,1.0,1.0,prior_range_fraction::prev_range_0.125,2026-04-15,2026-04-14,RANGE_NORMAL_60_120,CLOSE_POS_UPPER_THIRD,ROWS_STANDARD_9_10,4841.68,PREV_CLOSE_PROXY,,NEUTRAL
True,True,False,True,11.90318,12.9275,25.0,25.0,0.0,1.0,MODE_C_BALANCED,4841.20636,4838.78272,4843.63,4.84728,4866.37,25.16364,0.0,0.0,prior_range_fraction::prev_range_0.618 | red_box_midline::red_mid_1 | green_box_edge::green_edge_1,MODE_C_BALANCED,4816.54864,4814.62,4818.47728,3.85728,4833.82,17.27136,0.0,0.0,green_box_midline::green_mid_1 | prior_hlc::previous_pivot_hlc3 | prior_range_fraction::prev_range_0.382,MODE_C_BALANCED,4799.62,4799.125,4800.115,0.99,4796.88,2.74,1.0,1.0,red_box_quarter::red_box_2_25pct | green_box_quarter::green_box_1_25pct,MODE_B_EMA_CHANNEL_DIRECTION_HEAVY,4770.115,4770.115,4770.115,0.0,4763.58,6.535,0.0,0.0,red_box_quarter::red_box_2_75pct,2026-04-16,2026-04-15,RANGE_NORMAL_60_120,CLOSE_POS_LOWER_THIRD,ROWS_STANDARD_9_10,4790.68,PREV_CLOSE_PROXY,,NEUTRAL
True,True,True,True,10.990625,16.985,0.0,0.0,0.0,1.25,MODE_C_BALANCED,4820.245,4820.245,4820.245,0.0,4859.83,39.585,0.0,0.0,green_box_edge::green_edge_1,MODE_C_BALANCED,4808.20125,4808.20125,4808.20125,0.0,4822.32,14.11875,0.0,0.0,green_box_quarter::green_box_1_75pct,MODE_C_BALANCED,4781.1575,4778.20125,4784.11375,5.9125,4789.02,7.8625,0.0,0.0,red_box_quarter::red_box_2_25pct | prior_range_fraction::prev_range_0.125 | green_box_quarter::green_box_1_25pct,MODE_D_NEAREST_VALID_LADDER,4754.11375,4754.11375,4754.11375,0.0,4747.74,6.37375,0.0,0.0,red_box_quarter::red_box_2_75pct,2026-04-17,2026-04-16,RANGE_NORMAL_60_120,CLOSE_POS_LOWER_THIRD,ROWS_STANDARD_9_10,4790.78,PREV_CLOSE_PROXY,,NEUTRAL
True,True,True,True,6.4272,6.42985,0.0,25.0,0.0,1.0,MODE_C_BALANCED,4876.095,4876.095,4876.095,0.0,4884.09,7.995,0.0,0.0,prior_range_fraction::prev_range_0.875,MODE_C_BALANCED,4853.07,4853.07,4853.07,0.0,4846.45,6.62,0.0,0.0,red_box_midline::red_mid_1,MODE_D_NEAREST_VALID_LADDER,4814.8644,4814.8644,4814.8644,0.0,4808.63,6.2344,0.0,0.0,prior_range_fraction::prev_range_0.382,MODE_E_SPACING_PRESERVATION,4767.42,4767.42,4767.42,0.0,4772.29,4.87,0.0,1.0,prior_hlc::previous_low,2026-04-20,2026-04-17,RANGE_WIDE_120_220,CLOSE_POS_MIDDLE_THIRD,ROWS_STANDARD_9_10,4832.42,PREV_CLOSE_PROXY,,NEUTRAL
True,True,False,True,12.24,14.937812,25.0,25.0,0.0,1.25,MODE_B_EMA_CHANNEL_DIRECTION_HEAVY,4842.5325,4842.5325,4842.5325,0.0,4875.42,32.8875,0.0,0.0,green_box_quarter::green_box_2_75pct,MODE_C_BALANCED,4814.34,4812.3975,4816.2825,3.885,4831.95,17.61,0.0,0.0,green_box_quarter::green_box_2_25pct | red_box_quarter::red_box_1_25pct | prior_range_fraction::prev_range_0.875,MODE_C_BALANCED,4782.29625,4782.2625,4782.33,0.0675,4784.68,2.38375,1.0,1.0,green_box_quarter::green_box_1_75pct | prior_hlc::previous_mid,MODE_C_BALANCED,4750.32,4748.3775,4752.2625,3.885,4743.45,6.87,0.0,0.0,prior_range_fraction::prev_range_0.125 | green_box_quarter::green_box_1_25pct | red_box_quarter::red_box_2_25pct,2026-04-21,2026-04-20,RANGE_NORMAL_60_120,CLOSE_POS_UPPER_THIRD,ROWS_STANDARD_9_10,4820.66,PREV_CLOSE_PROXY,,NEUTRAL
True,True,True,True,4.771667,5.371143,50.0,50.0,0.0,1.0,MODE_C_BALANCED,4770.33876,4770.33876,4770.33876,0.0,4780.53,10.19124,0.0,0.0,prior_range_fraction::prev_range_0.618,MODE_C_BALANCED,4738.251667,4735.89,4740.613333,4.723333,4740.11,1.858333,1.0,1.0,red_box_edge::red_edge_1 | prior_hlc::previous_pivot_hlc3,MODE_C_BALANCED,4687.185,4687.185,4687.185,0.0,4694.87,7.685,0.0,0.0,red_box_midline::red_mid_2,MODE_C_BALANCED,4638.48,4638.48,4638.48,0.0,4636.73,1.75,1.0,1.0,red_box_edge::red_edge_2,2026-04-22,2026-04-21,RANGE_WIDE_120_220,CLOSE_POS_LOWER_THIRD,ROWS_STANDARD_9_10,4720.06,PREV_CLOSE_PROXY,,NEUTRAL
True,True,True,True,70.58,74.4625,0.0,0.0,0.0,1.0,MODE_D_NEAREST_VALID_LADDER,4772.34,4772.34,4772.34,0.0,4873.73,101.39,0.0,0.0,prior_hlc::previous_high,MODE_C_BALANCED,4758.16,4758.16,4758.16,0.0,4832.75,74.59,0.0,0.0,prior_range_fraction::prev_range_0.75,MODE_D_NEAREST_VALID_LADDER,4716.88,4715.62,4718.14,2.52,4783.45,66.57,0.0,0.0,prior_hlc::previous_low | red_box_quarter::red_box_2_25pct,MODE_D_NEAREST_VALID_LADDER,4685.62,4685.62,4685.62,0.0,4740.92,55.3,0.0,0.0,red_box_edge::red_edge_2,2026-04-23,2026-04-22,RANGE_COMPRESSED_0_60,CLOSE_POS_MIDDLE_THIRD,ROWS_EXTENDED_11_PLUS,4740.18,PREV_CLOSE_PROXY,,NEUTRAL
True,True,False,True,37.165,31.4325,0.0,0.0,0.0,2.0,MODE_D_NEAREST_VALID_LADDER,4754.0,4754.0,4754.0,0.0,4799.5,45.5,0.0,0.0,green_box_midline::green_mid_2,MODE_B_EMA_CHANNEL_DIRECTION_HEAVY,4724.1,4724.1,4724.1,0.0,4769.97,45.87,0.0,0.0,green_box_edge::green_edge_1,MODE_C_BALANCED,4709.1,4709.1,4709.1,0.0,4737.93,28.83,0.0,0.0,prior_hlc::previous_mid,MODE_C_BALANCED,4694.1,4694.1,4694.1,0.0,4699.63,5.53,0.0,0.0,red_box_edge::red_edge_1,2026-04-24,2026-04-23,RANGE_NORMAL_60_120,CLOSE_POS_MIDDLE_THIRD,ROWS_STANDARD_9_10,4694.36,PREV_CLOSE_PROXY,,NEUTRAL
True,True,False,True,50.0725,51.026458,0.0,0.0,0.0,1.0,MODE_D_NEAREST_VALID_LADDER,4741.315,4740.4,4742.23,1.83,4789.79,48.475,0.0,0.0,prior_hlc::previous_high | green_box_midline::green_mid_2,MODE_C_BALANCED,4700.884166,4699.975,4701.793333,1.818333,4758.08,57.195833,0.0,0.0,green_box_quarter::green_box_1_75pct | prior_hlc::previous_pivot_hlc3,MODE_C_BALANCED,4670.89,4669.975,4671.805,1.83,4722.56,51.67,0.0,0.0,red_box_quarter::red_box_2_25pct | green_box_quarter::green_box_1_25pct,MODE_B_EMA_CHANNEL_DIRECTION_HEAVY,4641.805,4641.805,4641.805,0.0,4688.57,46.765,0.0,0.0,red_box_quarter::red_box_2_75pct,2026-04-27,2026-04-24,RANGE_NORMAL_60_120,CLOSE_POS_MIDDLE_THIRD,ROWS_EXTENDED_11_PLUS,4707.26,PREV_CLOSE_PROXY,,NEUTRAL
True,True,True,True,5.140417,6.383959,0.0,50.0,0.0,2.0,MODE_C_BALANCED,4713.63,4713.63,4713.63,0.0,4724.59,10.96,0.0,0.0,green_box_edge::green_edge_1,MODE_C_BALANCED,4691.700834,4690.395,4693.006667,2.611667,4687.0,4.700834,0.0,1.0,green_box_midline::green_mid_1 | prior_range_fraction::prev_range_0.382 | prior_hlc::previous_pivot_hlc3,MODE_B_EMA_CHANNEL_DIRECTION_HEAVY,4637.16,4637.16,4637.16,0.0,4642.74,5.58,0.0,0.0,red_box_edge::red_edge_2,MODE_B_EMA_CHANNEL_DIRECTION_HEAVY,4613.925,4613.925,4613.925,0.0,4609.63,4.295,0.0,1.0,red_box_midline::red_mid_3,2026-04-28,2026-04-27,RANGE_NORMAL_60_120,CLOSE_POS_LOWER_THIRD,ROWS_STANDARD_9_10,4681.76,PREV_CLOSE_PROXY,,NEUTRAL
True,True,True,True,4.86,4.52971,50.0,50.0,0.0,1.75,MODE_C_BALANCED,4645.40116,4645.40116,4645.40116,0.0,4646.78,1.37884,1.0,1.0,prior_range_fraction::prev_range_0.618,MODE_C_BALANCED,4597.2,4597.2,4597.2,0.0,4603.92,6.72,0.0,0.0,prior_hlc::previous_close,MODE_D_NEAREST_VALID_LADDER,4554.79,4554.79,4554.79,0.0,4561.81,7.02,0.0,0.0,prior_hlc::previous_low,MODE_C_BALANCED,4524.79,4524.79,4524.79,0.0,4527.79,3.0,1.0,1.0,red_box_edge::red_edge_2,2026-04-29,2026-04-28,RANGE_WIDE_120_220,CLOSE_POS_LOWER_THIRD,ROWS_STANDARD_9_10,4597.2,PREV_CLOSE_PROXY,,NEUTRAL
True,True,True,True,17.165,23.2375,0.0,0.0,0.0,1.5,MODE_C_BALANCED,4591.54,4591.54,4591.54,0.0,4639.2,47.66,0.0,0.0,green_box_quarter::green_box_2_25pct,MODE_C_BALANCED,4585.29,4585.29,4585.29,0.0,4599.33,14.04,0.0,0.0,prior_range_fraction::prev_range_0.75,MODE_C_BALANCED,4535.29,4535.29,4535.29,0.0,4555.58,20.29,0.0,0.0,prior_range_fraction::prev_range_0.25,MODE_B_EMA_CHANNEL_DIRECTION_HEAVY,4510.29,4510.29,4510.29,0.0,4521.25,10.96,0.0,0.0,prior_hlc::previous_low,2026-04-30,2026-04-29,RANGE_NORMAL_60_120,CLOSE_POS_LOWER_THIRD,ROWS_STANDARD_9_10,4543.48,PREV_CLOSE_PROXY,,NEUTRAL
True,True,False,True,22.305,21.56375,25.0,25.0,0.0,1.25,MODE_B_EMA_CHANNEL_DIRECTION_HEAVY,4642.49,4642.49,4642.49,0.0,4640.24,2.25,1.0,1.0,green_box_midline::green_mid_2,MODE_C_BALANCED,4608.12,4608.12,4608.12,0.0,4599.79,8.33,0.0,0.0,green_box_edge::green_edge_1,MODE_C_BALANCED,4593.12,4590.935,4595.305,4.37,4556.84,36.28,0.0,0.0,green_box_quarter::green_box_1_75pct | prior_hlc::previous_mid | red_box_quarter::red_box_1_75pct,MODE_C_BALANCED,4556.875,4552.815,4560.935,8.12,4517.48,39.395,0.0,0.0,prior_range_fraction::prev_range_0.125 | green_box_quarter::green_box_1_25pct | red_box_quarter::red_box_2_25pct,2026-05-01,2026-04-30,RANGE_NORMAL_60_120,CLOSE_POS_UPPER_THIRD,ROWS_STANDARD_9_10,4621.76,PREV_CLOSE_PROXY,,NEUTRAL
True,True,False,True,5.945625,11.623932,0.0,50.0,0.0,1.75,MODE_C_BALANCED,4642.8125,4641.55875,4644.06625,2.5075,4645.95,3.1375,0.0,1.0,green_box_quarter::green_box_2_25pct | red_box_quarter::red_box_1_25pct,MODE_C_BALANCED,4609.05125,4609.05125,4609.05125,0.0,4606.0,3.05125,0.0,1.0,green_box_quarter::green_box_1_75pct,MODE_C_BALANCED,4596.90323,4595.305,4598.50146,3.19646,4565.35,31.55323,0.0,0.0,red_box_edge::red_edge_1 | prior_range_fraction::prev_range_0.382,MODE_B_EMA_CHANNEL_DIRECTION_HEAVY,4514.03625,4514.03625,4514.03625,0.0,4522.79,8.75375,0.0,0.0,red_box_quarter::red_box_3_25pct,2026-05-04,2026-05-01,RANGE_NORMAL_60_120,CLOSE_POS_MIDDLE_THIRD,ROWS_STANDARD_9_10,4615.53,PREV_CLOSE_PROXY,,NEUTRAL
True,True,False,False,8.0475,10.585,25.0,25.0,0.0,1.5,MODE_B_EMA_CHANNEL_DIRECTION_HEAVY,4638.5,4638.5,4638.5,0.0,4636.32,2.18,1.0,1.0,prior_hlc::previous_high,MODE_B_EMA_CHANNEL_DIRECTION_HEAVY,4603.995,4603.995,4603.995,0.0,4598.4,5.595,0.0,0.0,prior_range_fraction::prev_range_0.75,MODE_C_BALANCED,4569.49,4569.49,4569.49,0.0,4558.99,10.5,0.0,0.0,prior_hlc::previous_mid,MODE_A_LIVE_PROXIMITY_HEAVY,4542.485,4542.485,4542.485,0.0,4518.42,24.065,0.0,0.0,green_box_midline::green_mid_1,2026-05-05,2026-05-04,RANGE_WIDE_120_220,CLOSE_POS_LOWER_THIRD,ROWS_EXTENDED_11_PLUS,4523.73,PREV_CLOSE_PROXY,,NEUTRAL
True,True,True,True,7.3175,7.549375,50.0,50.0,0.0,2.75,MODE_B_EMA_CHANNEL_DIRECTION_HEAVY,4629.5575,4629.5575,4629.5575,0.0,4644.75,15.1925,0.0,0.0,green_box_quarter::green_box_3_25pct,MODE_B_EMA_CHANNEL_DIRECTION_HEAVY,4603.8025,4603.8025,4603.8025,0.0,4601.04,2.7625,1.0,1.0,green_box_quarter::green_box_2_75pct,MODE_D_NEAREST_VALID_LADDER,4557.19,4557.19,4557.19,0.0,4556.82,0.37,1.0,1.0,prior_hlc::previous_close,MODE_C_BALANCED,4522.2925,4522.2925,4522.2925,0.0,4510.42,11.8725,0.0,0.0,red_box_quarter::red_box_2_25pct,2026-05-06,2026-05-05,RANGE_NORMAL_60_120,CLOSE_POS_MIDDLE_THIRD,ROWS_STANDARD_9_10,4557.19,PREV_CLOSE_PROXY,,NEUTRAL
True,True,True,True,23.21375,21.526875,0.0,0.0,0.0,1.25,MODE_B_EMA_CHANNEL_DIRECTION_HEAVY,4753.06,4753.06,4753.06,0.0,4728.08,24.98,0.0,0.0,green_box_edge::green_edge_2,MODE_C_BALANCED,4701.385,4701.385,4701.385,0.0,4678.95,22.435,0.0,0.0,green_box_midline::green_mid_2,MODE_C_BALANCED,4653.42,4653.42,4653.42,0.0,4638.72,14.7,0.0,0.0,prior_hlc::previous_pivot_hlc3,MODE_C_BALANCED,4623.8725,4623.8725,4623.8725,0.0,4599.88,23.9925,0.0,0.0,green_box_quarter::green_box_1_75pct,2026-05-07,2026-05-06,RANGE_WIDE_120_220,CLOSE_POS_UPPER_THIRD,ROWS_STANDARD_9_10,4690.84,PREV_CLOSE_PROXY,,NEUTRAL
True,False,False,True,9.575625,21.197188,0.0,50.0,0.0,1.25,MODE_C_BALANCED,4726.31625,4726.31625,4726.31625,0.0,4730.4,4.08375,0.0,1.0,green_box_quarter::green_box_1_75pct,MODE_D_NEAREST_VALID_LADDER,4696.31625,4696.31625,4696.31625,0.0,4682.05,14.26625,0.0,0.0,red_box_quarter::red_box_2_25pct,MODE_C_BALANCED,4697.04375,4695.16875,4698.91875,3.75,4635.49,61.55375,0.0,0.0,prior_range_fraction::prev_range_0.125 | red_box_quarter::red_box_2_25pct | green_box_quarter::green_box_1_25pct,MODE_B_EMA_CHANNEL_DIRECTION_HEAVY,4600.425,4600.425,4600.425,0.0,4595.54,4.885,0.0,1.0,red_box_edge::red_edge_3,2026-05-08,2026-05-07,RANGE_NORMAL_60_120,CLOSE_POS_LOWER_THIRD,ROWS_STANDARD_9_10,4687.08,PREV_CLOSE_PROXY,,NEUTRAL
True,True,True,True,4.364375,9.551875,50.0,50.0,0.0,2.0,MODE_B_EMA_CHANNEL_DIRECTION_HEAVY,4792.13375,4792.13375,4792.13375,0.0,4790.81,1.32375,1.0,1.0,green_box_quarter::green_box_3_25pct,MODE_C_BALANCED,4728.465,4728.465,4728.465,0.0,4756.62,28.155,0.0,0.0,green_box_edge::green_edge_1,MODE_A_LIVE_PROXIMITY_HEAVY,4714.5425,4713.465,4715.62,2.155,4721.87,7.3275,0.0,0.0,prior_hlc::previous_mid | prior_hlc::previous_close,MODE_C_BALANCED,4685.73125,4685.73125,4685.73125,0.0,4684.33,1.40125,1.0,1.0,red_box_quarter::red_box_2_25pct,2026-05-11,2026-05-08,RANGE_NORMAL_60_120,CLOSE_POS_MIDDLE_THIRD,ROWS_STANDARD_9_10,4715.62,PREV_CLOSE_PROXY,,NEUTRAL
True,True,False,True,8.106875,9.386454,25.0,25.0,0.0,1.0,MODE_D_NEAREST_VALID_LADDER,4794.82625,4794.82625,4794.82625,0.0,4786.09,8.73625,0.0,0.0,green_box_quarter::green_box_3_25pct,MODE_C_BALANCED,4732.8125,4729.64125,4735.98375,6.3425,4752.28,19.4675,0.0,0.0,green_box_quarter::green_box_2_25pct | red_box_quarter::red_box_1_25pct | prior_range_fraction::prev_range_0.875,MODE_D_NEAREST_VALID_LADDER,4715.505434,4715.073367,4715.9375,0.864133,4717.37,1.864566,1.0,1.0,prior_range_fraction::prev_range_0.666667 | red_box_midline::red_mid_1,MODE_C_BALANCED,4673.2525,4673.2525,4673.2525,0.0,4680.73,7.4775,0.0,0.0,prior_range_fraction::prev_range_0.25,2026-05-12,2026-05-11,RANGE_NORMAL_60_120,CLOSE_POS_UPPER_THIRD,ROWS_STANDARD_9_10,4734.64,PREV_CLOSE_PROXY,,NEUTRAL
True,True,True,True,6.655,6.558125,25.0,50.0,0.0,1.75,MODE_D_NEAREST_VALID_LADDER,4782.8225,4782.8225,4782.8225,0.0,4786.09,3.2675,0.0,1.0,green_box_quarter::green_box_2_75pct,MODE_B_EMA_CHANNEL_DIRECTION_HEAVY,4756.5725,4756.5725,4756.5725,0.0,4746.53,10.0425,0.0,0.0,prior_range_fraction::prev_range_0.875,MODE_D_NEAREST_VALID_LADDER,4708.95,4708.95,4708.95,0.0,4707.42,1.53,1.0,1.0,prior_hlc::previous_pivot_hlc3,MODE_C_BALANCED,4658.8775,4658.8775,4658.8775,0.0,4670.27,11.3925,0.0,0.0,green_box_quarter::green_box_1_25pct,2026-05-13,2026-05-12,RANGE_WIDE_120_220,CLOSE_POS_MIDDLE_THIRD,ROWS_STANDARD_9_10,4715.15,PREV_CLOSE_PROXY,,NEUTRAL
True,True,True,True,26.331875,26.472812,0.0,0.0,0.0,1.5,MODE_B_EMA_CHANNEL_DIRECTION_HEAVY,4745.86625,4745.86625,4745.86625,0.0,4768.67,22.80375,0.0,0.0,green_box_quarter::green_box_2_75pct,MODE_C_BALANCED,4712.4525,4712.4525,4712.4525,0.0,4734.88,22.4275,0.0,0.0,prior_range_fraction::prev_range_0.75,MODE_C_BALANCED,4669.47,4669.47,4669.47,0.0,4699.33,29.86,0.0,0.0,prior_hlc::previous_low,MODE_B_EMA_CHANNEL_DIRECTION_HEAVY,4639.47,4639.47,4639.47,0.0,4670.27,30.8,0.0,0.0,red_box_edge::red_edge_2,2026-05-14,2026-05-13,RANGE_COMPRESSED_0_60,CLOSE_POS_MIDDLE_THIRD,ROWS_STANDARD_9_10,4688.78,PREV_CLOSE_PROXY,,NEUTRAL
True,True,False,True,7.939154,9.765827,25.0,50.0,0.0,1.75,MODE_C_BALANCED,4696.61,4696.61,4696.61,0.0,4693.67,2.94,1.0,1.0,green_box_edge::green_edge_1,MODE_C_BALANCED,4669.213309,4669.213309,4669.213309,0.0,4665.63,3.583309,0.0,1.0,prior_range_fraction::prev_range_0.333333,MODE_C_BALANCED,4655.515,4653.5625,4657.4675,3.905,4635.27,20.245,0.0,0.0,red_box_quarter::red_box_2_25pct | prior_range_fraction::prev_range_0.125 | green_box_quarter::green_box_1_25pct,MODE_B_EMA_CHANNEL_DIRECTION_HEAVY,4588.325,4588.325,4588.325,0.0,4600.62,12.295,0.0,0.0,red_box_midline::red_mid_3,2026-05-15,2026-05-14,RANGE_NORMAL_60_120,CLOSE_POS_LOWER_THIRD,ROWS_STANDARD_9_10,4652.36,PREV_CLOSE_PROXY,,NEUTRAL
True,True,True,True,0.49,1.729275,75.0,75.0,0.0,2.75,MODE_B_EMA_CHANNEL_DIRECTION_HEAVY,4570.2171,4570.2171,4570.2171,0.0,4564.33,5.8871,0.0,0.0,prior_range_fraction::prev_range_0.382,MODE_A_LIVE_PROXIMITY_HEAVY,4538.64,4538.64,4538.64,0.0,4539.06,0.42,1.0,1.0,prior_hlc::previous_close,MODE_D_NEAREST_VALID_LADDER,4511.37,4511.37,4511.37,0.0,4511.93,0.56,1.0,1.0,prior_hlc::previous_low,MODE_B_EMA_CHANNEL_DIRECTION_HEAVY,4481.37,4481.37,4481.37,0.0,4481.32,0.05,1.0,1.0,red_box_edge::red_edge_2,2026-05-18,2026-05-15,RANGE_WIDE_120_220,CLOSE_POS_LOWER_THIRD,ROWS_STANDARD_9_10,4538.64,PREV_CLOSE_PROXY,,NEUTRAL
True,True,True,True,18.7275,17.579579,0.0,0.0,0.0,1.0,MODE_D_NEAREST_VALID_LADDER,4630.96,4630.96,4630.96,0.0,4606.82,24.14,0.0,0.0,green_box_quarter::green_box_3_25pct,MODE_C_BALANCED,4567.675,4564.08,4571.27,7.19,4586.21,18.535,0.0,0.0,green_box_quarter::green_box_2_25pct | red_box_quarter::red_box_1_25pct | prior_range_fraction::prev_range_0.875,MODE_D_NEAREST_VALID_LADDER,4550.226684,4549.653368,4550.8,1.146632,4558.95,8.723316,0.0,0.0,prior_range_fraction::prev_range_0.666667 | red_box_midline::red_mid_1,MODE_C_BALANCED,4513.92,4513.92,4513.92,0.0,4532.84,18.92,0.0,0.0,green_box_midline::green_mid_1,2026-05-19,2026-05-18,RANGE_NORMAL_60_120,CLOSE_POS_UPPER_THIRD,ROWS_STANDARD_9_10,4566.12,PREV_CLOSE_PROXY,,NEUTRAL
True,True,False,True,3.122521,3.812511,50.0,75.0,0.0,3.0,MODE_B_EMA_CHANNEL_DIRECTION_HEAVY,4521.775,4521.775,4521.775,0.0,4529.64,7.865,0.0,0.0,green_box_quarter::green_box_1_75pct,MODE_C_BALANCED,4505.259958,4505.259958,4505.259958,0.0,4506.6,1.340042,1.0,1.0,prior_range_fraction::prev_range_0.333333,MODE_C_BALANCED,4482.685,4482.685,4482.685,0.0,4487.59,4.905,0.0,1.0,green_box_quarter::green_box_1_25pct,MODE_B_EMA_CHANNEL_DIRECTION_HEAVY,4463.14,4463.14,4463.14,0.0,4462.0,1.14,1.0,1.0,prior_hlc::previous_low,2026-05-20,2026-05-19,RANGE_WIDE_120_220,CLOSE_POS_LOWER_THIRD,ROWS_STANDARD_9_10,4481.92,PREV_CLOSE_PROXY,,NEUTRAL
True,False,False,True,18.3125,22.71375,0.0,0.0,0.0,2.0,MODE_D_NEAREST_VALID_LADDER,4598.845,4598.845,4598.845,0.0,4608.29,9.445,0.0,0.0,green_box_quarter::green_box_3_25pct,MODE_C_BALANCED,4537.285,4534.265,4540.305,6.04,4582.07,44.785,0.0,0.0,green_box_quarter::green_box_2_25pct | red_box_quarter::red_box_1_25pct | prior_range_fraction::prev_range_0.875,MODE_D_NEAREST_VALID_LADDER,4527.91,4527.91,4527.91,0.0,4554.33,26.42,0.0,0.0,prior_range_fraction::prev_range_0.75,MODE_B_EMA_CHANNEL_DIRECTION_HEAVY,4534.265,4534.265,4534.265,0.0,4524.06,10.205,0.0,0.0,green_box_quarter::green_box_2_25pct,2026-05-21,2026-05-20,RANGE_NORMAL_60_120,CLOSE_POS_UPPER_THIRD,ROWS_STANDARD_9_10,4543.62,PREV_CLOSE_PROXY,,NEUTRAL
True,False,False,True,2.903015,11.109945,50.0,75.0,0.0,3.25,MODE_B_EMA_CHANNEL_DIRECTION_HEAVY,4614.77875,4614.77875,4614.77875,0.0,4614.22,0.55875,1.0,1.0,green_box_quarter::green_box_3_25pct,MODE_C_BALANCED,4544.335,4544.335,4544.335,0.0,4582.41,38.075,0.0,0.0,green_box_edge::green_edge_1,MODE_D_NEAREST_VALID_LADDER,4556.60125,4556.60125,4556.60125,0.0,4551.77,4.83125,0.0,1.0,red_box_quarter::red_box_1_25pct,MODE_C_BALANCED,4519.57522,4519.57522,4519.57522,0.0,4520.55,0.97478,1.0,1.0,prior_range_fraction::prev_range_0.382,2026-05-22,2026-05-21,RANGE_NORMAL_60_120,CLOSE_POS_MIDDLE_THIRD,ROWS_STANDARD_9_10,4543.05,PREV_CLOSE_PROXY,,NEUTRAL
True,True,False,True,28.485,26.28875,0.0,0.0,0.0,1.0,MODE_C_BALANCED,4522.2125,4522.2125,4522.2125,0.0,4556.09,33.8775,0.0,0.0,green_box_quarter::green_box_1_75pct,MODE_A_LIVE_PROXIMITY_HEAVY,4492.2125,4492.2125,4492.2125,0.0,4524.91,32.6975,0.0,0.0,red_box_quarter::red_box_2_25pct,MODE_B_EMA_CHANNEL_DIRECTION_HEAVY,4470.3975,4470.3975,4470.3975,0.0,4494.67,24.2725,0.0,0.0,red_box_quarter::red_box_2_75pct,MODE_B_EMA_CHANNEL_DIRECTION_HEAVY,4448.5825,4448.5825,4448.5825,0.0,4462.89,14.3075,0.0,0.0,red_box_quarter::red_box_3_25pct,2026-05-25,2026-05-22,RANGE_COMPRESSED_0_60,CLOSE_POS_LOWER_THIRD,ROWS_EXTENDED_11_PLUS,4507.9,PREV_CLOSE_PROXY,,NEUTRAL
True,True,False,True,15.964592,17.975421,0.0,0.0,0.0,1.0,MODE_B_EMA_CHANNEL_DIRECTION_HEAVY,4580.13,4580.13,4580.13,0.0,4593.58,13.45,0.0,0.0,prior_hlc::previous_high,MODE_C_BALANCED,4548.303317,4548.303317,4548.303317,0.0,4562.44,14.136683,0.0,0.0,prior_range_fraction::prev_range_0.333333,MODE_B_EMA_CHANNEL_DIRECTION_HEAVY,4512.1075,4512.1075,4512.1075,0.0,4529.9,17.7925,0.0,0.0,red_box_quarter::red_box_2_75pct,MODE_B_EMA_CHANNEL_DIRECTION_HEAVY,4473.2375,4473.2375,4473.2375,0.0,4499.76,26.5225,0.0,0.0,red_box_quarter::red_box_3_75pct,2026-05-26,2026-05-25,RANGE_COMPRESSED_0_60,CLOSE_POS_UPPER_THIRD,ROWS_STANDARD_9_10,4570.94,PREV_CLOSE_PROXY,,NEUTRAL
True,True,False,True,4.79,6.265,50.0,50.0,0.0,2.0,MODE_B_EMA_CHANNEL_DIRECTION_HEAVY,4530.09,4530.09,4530.09,0.0,4530.95,0.86,1.0,1.0,green_box_quarter::green_box_1_75pct,MODE_D_NEAREST_VALID_LADDER,4497.99,4497.99,4497.99,0.0,4496.68,1.31,1.0,1.0,green_box_quarter::green_box_1_25pct,MODE_B_EMA_CHANNEL_DIRECTION_HEAVY,4467.99,4467.99,4467.99,0.0,4459.72,8.27,0.0,0.0,red_box_quarter::red_box_2_75pct,MODE_B_EMA_CHANNEL_DIRECTION_HEAVY,4435.89,4435.89,4435.89,0.0,4421.27,14.62,0.0,0.0,red_box_quarter::red_box_3_25pct,2026-05-27,2026-05-26,RANGE_NORMAL_60_120,CLOSE_POS_LOWER_THIRD,ROWS_SPARSE_1_8,4507.47,PREV_CLOSE_PROXY,,NEUTRAL
True,True,True,True,9.0625,15.82125,25.0,25.0,0.0,1.75,MODE_C_BALANCED,4503.77,4503.77,4503.77,0.0,4495.53,8.24,0.0,0.0,prior_range_fraction::prev_range_0.75,MODE_B_EMA_CHANNEL_DIRECTION_HEAVY,4463.885,4463.885,4463.885,0.0,4466.16,2.275,1.0,1.0,green_box_quarter::green_box_1_75pct,MODE_C_BALANCED,4433.885,4433.885,4433.885,0.0,4424.0,9.885,0.0,0.0,red_box_quarter::red_box_2_25pct,MODE_D_NEAREST_VALID_LADDER,4422.295,4422.295,4422.295,0.0,4379.41,42.885,0.0,0.0,green_box_quarter::green_box_1_25pct,2026-05-28,2026-05-27,RANGE_WIDE_120_220,CLOSE_POS_MIDDLE_THIRD,ROWS_STANDARD_9_10,4456.18,PREV_CLOSE_PROXY,,NEUTRAL
True,True,False,True,21.8,23.4775,0.0,0.0,0.0,2.75,MODE_D_NEAREST_VALID_LADDER,4569.05,4569.05,4569.05,0.0,4586.39,17.34,0.0,0.0,green_box_quarter::green_box_3_25pct,MODE_D_NEAREST_VALID_LADDER,4524.05,4524.05,4524.05,0.0,4557.79,33.74,0.0,0.0,green_box_quarter::green_box_2_75pct,MODE_D_NEAREST_VALID_LADDER,4501.55,4501.55,4501.55,0.0,4527.81,26.26,0.0,0.0,green_box_midline::green_mid_2,MODE_B_EMA_CHANNEL_DIRECTION_HEAVY,4479.05,4479.05,4479.05,0.0,4495.62,16.57,0.0,0.0,green_box_quarter::green_box_2_25pct,2026-05-29,2026-05-28,RANGE_WIDE_120_220,CLOSE_POS_UPPER_THIRD,ROWS_EXTENDED_11_PLUS,4495.64,PREV_CLOSE_PROXY,,NEUTRAL
True,False,False,True,17.78625,17.88776,0.0,0.0,0.0,2.0,MODE_C_BALANCED,4593.3225,4591.295,4595.35,4.055,4607.94,14.6175,0.0,0.0,green_box_midline::green_mid_2 | prior_hlc::previous_high,MODE_B_EMA_CHANNEL_DIRECTION_HEAVY,4608.3225,4608.3225,4608.3225,0.0,4580.08,28.2425,0.0,0.0,green_box_quarter::green_box_2_75pct,MODE_C_BALANCED,4568.795,4568.795,4568.795,0.0,4547.84,20.955,0.0,0.0,prior_range_fraction::prev_range_0.75,MODE_B_EMA_CHANNEL_DIRECTION_HEAVY,4529.70604,4529.70604,4529.70604,0.0,4521.97,7.73604,0.0,0.0,prior_range_fraction::prev_range_0.382,2026-06-01,2026-05-29,RANGE_NORMAL_60_120,CLOSE_POS_MIDDLE_THIRD,ROWS_EXTENDED_11_PLUS,4541.13,PREV_CLOSE_PROXY,,NEUTRAL
True,True,False,True,7.046666,10.843333,25.0,25.0,0.0,3.75,MODE_B_EMA_CHANNEL_DIRECTION_HEAVY,4494.793333,4492.766667,4496.82,4.053333,4489.47,5.323333,0.0,0.0,prior_hlc::previous_pivot_hlc3 | green_box_quarter::green_box_1_75pct | prior_hlc::previous_mid,MODE_A_LIVE_PROXIMITY_HEAVY,4459.755,4459.755,4459.755,0.0,4457.53,2.225,1.0,1.0,prior_range_fraction::prev_range_0.125,MODE_B_EMA_CHANNEL_DIRECTION_HEAVY,4417.4,4417.4,4417.4,0.0,4426.17,8.77,0.0,0.0,red_box_edge::red_edge_2,MODE_B_EMA_CHANNEL_DIRECTION_HEAVY,4369.085,4369.085,4369.085,0.0,4396.14,27.055,0.0,0.0,red_box_quarter::red_box_3_75pct,2026-06-02,2026-06-01,RANGE_NORMAL_60_120,CLOSE_POS_MIDDLE_THIRD,ROWS_SPARSE_1_8,4484.66,PREV_CLOSE_PROXY,,NEUTRAL
True,True,True,True,7.723125,6.790313,0.0,25.0,0.0,1.5,MODE_D_NEAREST_VALID_LADDER,4530.79375,4530.79375,4530.79375,0.0,4539.09,8.29625,0.0,0.0,green_box_quarter::green_box_2_25pct,MODE_C_BALANCED,4521.8625,4521.8625,4521.8625,0.0,4513.17,8.6925,0.0,0.0,prior_range_fraction::prev_range_0.75,MODE_C_BALANCED,4482.5875,4482.5875,4482.5875,0.0,4485.61,3.0225,0.0,1.0,prior_range_fraction::prev_range_0.25,MODE_C_BALANCED,4462.95,4462.95,4462.95,0.0,4455.8,7.15,0.0,0.0,prior_hlc::previous_low,2026-06-03,2026-06-02,RANGE_NORMAL_60_120,CLOSE_POS_LOWER_THIRD,ROWS_STANDARD_9_10,4487.83,PREV_CLOSE_PROXY,,NEUTRAL
True,True,False,True,3.792187,3.553594,50.0,75.0,0.0,2.25,MODE_C_BALANCED,4462.844375,4461.625,4464.06375,2.43875,4457.9,4.944375,0.0,1.0,prior_hlc::previous_mid | green_box_quarter::green_box_1_75pct,MODE_A_LIVE_PROXIMITY_HEAVY,4421.5025,4421.5025,4421.5025,0.0,4427.93,6.4275,0.0,0.0,red_box_midline::red_mid_2,MODE_B_EMA_CHANNEL_DIRECTION_HEAVY,4396.38,4396.38,4396.38,0.0,4399.02,2.64,1.0,1.0,red_box_edge::red_edge_2,MODE_B_EMA_CHANNEL_DIRECTION_HEAVY,4371.2575,4371.2575,4371.2575,0.0,4371.46,0.2025,1.0,1.0,red_box_midline::red_mid_3,2026-06-04,2026-06-03,RANGE_NORMAL_60_120,CLOSE_POS_LOWER_THIRD,ROWS_SPARSE_1_8,4434.35,PREV_CLOSE_PROXY,,NEUTRAL
True,True,True,True,5.525,4.77125,25.0,50.0,0.0,1.25,MODE_C_BALANCED,4515.06,4515.06,4515.06,0.0,4514.07,0.99,1.0,1.0,green_box_midline::green_mid_2,MODE_C_BALANCED,4484.67,4484.67,4484.67,0.0,4489.65,4.98,0.0,1.0,green_box_edge::green_edge_1,MODE_C_BALANCED,4454.67,4454.67,4454.67,0.0,4460.74,6.07,0.0,0.0,red_box_edge::red_edge_1,MODE_C_BALANCED,4439.475,4439.475,4439.475,0.0,4432.43,7.045,0.0,0.0,red_box_quarter::red_box_2_25pct,2026-06-05,2026-06-04,RANGE_NORMAL_60_120,CLOSE_POS_MIDDLE_THIRD,ROWS_STANDARD_9_10,4475.16,PREV_CLOSE_PROXY,,NEUTRAL
True,True,True,True,2.40728,3.12364,50.0,75.0,0.0,2.25,MODE_B_EMA_CHANNEL_DIRECTION_HEAVY,4377.54456,4377.54456,4377.54456,0.0,4373.8,3.74456,0.0,1.0,prior_range_fraction::prev_range_0.382,MODE_D_NEAREST_VALID_LADDER,4354.83,4354.83,4354.83,0.0,4347.87,6.96,0.0,0.0,prior_range_fraction::prev_range_0.25,MODE_C_BALANCED,4309.44,4307.07,4311.81,4.74,4310.51,1.07,1.0,1.0,red_box_quarter::red_box_2_75pct | prior_hlc::previous_low,MODE_B_EMA_CHANNEL_DIRECTION_HEAVY,4281.81,4281.81,4281.81,0.0,4281.09,0.72,1.0,1.0,red_box_edge::red_edge_2,2026-06-08,2026-06-05,RANGE_WIDE_120_220,CLOSE_POS_LOWER_THIRD,ROWS_STANDARD_9_10,4328.02,PREV_CLOSE_PROXY,,NEUTRAL
True,True,True,True,7.94875,11.295625,25.0,25.0,0.0,1.0,MODE_B_EMA_CHANNEL_DIRECTION_HEAVY,4342.7725,4342.7725,4342.7725,0.0,4370.04,27.2675,0.0,0.0,prior_range_fraction::prev_range_0.875,MODE_D_NEAREST_VALID_LADDER,4332.145,4332.145,4332.145,0.0,4342.11,9.965,0.0,0.0,prior_range_fraction::prev_range_0.75,MODE_C_BALANCED,4311.5125,4311.5125,4311.5125,0.0,4313.53,2.0175,1.0,1.0,green_box_quarter::green_box_1_75pct,MODE_C_BALANCED,4279.0075,4279.0075,4279.0075,0.0,4284.94,5.9325,0.0,0.0,prior_range_fraction::prev_range_0.125,2026-06-09,2026-06-08,RANGE_NORMAL_60_120,CLOSE_POS_UPPER_THIRD,ROWS_SPARSE_1_8,4329.71,PREV_CLOSE_PROXY,,NEUTRAL
True,True,True,True,38.33375,36.373323,0.0,0.0,0.0,2.5,MODE_B_EMA_CHANNEL_DIRECTION_HEAVY,4279.123291,4279.123291,4279.123291,0.0,4253.47,25.653291,0.0,0.0,prior_range_fraction::prev_range_0.333333,MODE_D_NEAREST_VALID_LADDER,4259.46,4259.46,4259.46,0.0,4222.84,36.62,0.0,0.0,prior_hlc::previous_close,MODE_B_EMA_CHANNEL_DIRECTION_HEAVY,4226.4275,4226.4275,4226.4275,0.0,4186.38,40.0475,0.0,0.0,red_box_quarter::red_box_2_75pct,MODE_D_NEAREST_VALID_LADDER,4187.1925,4187.1925,4187.1925,0.0,4144.02,43.1725,0.0,0.0,red_box_quarter::red_box_3_25pct,2026-06-10,2026-06-09,RANGE_WIDE_120_220,CLOSE_POS_LOWER_THIRD,ROWS_STANDARD_9_10,4259.46,PREV_CLOSE_PROXY,,NEUTRAL
True,True,False,False,28.345,31.58,0.0,0.0,0.0,1.75,MODE_B_EMA_CHANNEL_DIRECTION_HEAVY,4257.92,4257.92,4257.92,0.0,4194.64,63.28,0.0,0.0,prior_hlc::previous_high,MODE_B_EMA_CHANNEL_DIRECTION_HEAVY,4202.7,4202.7,4202.7,0.0,4165.1,37.6,0.0,0.0,red_box_midline::red_mid_1,MODE_A_LIVE_PROXIMITY_HEAVY,4149.87,4149.87,4149.87,0.0,4130.78,19.09,0.0,0.0,green_box_quarter::green_box_1_75pct,MODE_C_BALANCED,4090.9,4090.9,4090.9,0.0,4097.25,6.35,0.0,0.0,prior_range_fraction::prev_range_0.125,2026-06-11,2026-06-10,RANGE_WIDE_120_220,CLOSE_POS_LOWER_THIRD,ROWS_EXTENDED_11_PLUS,4071.32,PREV_CLOSE_PROXY,,NEUTRAL
True,True,False,True,6.515625,11.7075,0.0,50.0,0.0,2.0,MODE_B_EMA_CHANNEL_DIRECTION_HEAVY,4250.14,4250.14,4250.14,0.0,4220.33,29.81,0.0,0.0,green_box_edge::green_edge_2,MODE_A_LIVE_PROXIMITY_HEAVY,4193.5725,4193.5725,4193.5725,0.0,4184.94,8.6325,0.0,0.0,green_box_midline::green_mid_2,MODE_C_BALANCED,4165.28875,4165.28875,4165.28875,0.0,4161.3,3.98875,0.0,1.0,green_box_quarter::green_box_2_25pct,MODE_B_EMA_CHANNEL_DIRECTION_HEAVY,4135.28875,4135.28875,4135.28875,0.0,4130.89,4.39875,0.0,1.0,red_box_quarter::red_box_1_75pct,2026-06-12,2026-06-11,RANGE_WIDE_120_220,CLOSE_POS_UPPER_THIRD,ROWS_EXTENDED_11_PLUS,4210.77,PREV_CLOSE_PROXY,,NEUTRAL
True,True,False,True,52.143125,52.430885,0.0,0.0,0.0,2.5,MODE_B_EMA_CHANNEL_DIRECTION_HEAVY,4289.91875,4289.91875,4289.91875,0.0,4345.41,55.49125,0.0,0.0,green_box_quarter::green_box_3_25pct,MODE_B_EMA_CHANNEL_DIRECTION_HEAVY,4263.34125,4263.34125,4263.34125,0.0,4313.94,50.59875,0.0,0.0,green_box_quarter::green_box_2_75pct,MODE_D_NEAREST_VALID_LADDER,4227.5525,4227.5525,4227.5525,0.0,4281.24,53.6875,0.0,0.0,prior_range_fraction::prev_range_0.75,MODE_C_BALANCED,4198.18396,4196.8975,4199.47042,2.57292,4248.13,49.94604,0.0,0.0,green_box_midline::green_mid_1 | prior_range_fraction::prev_range_0.382,2026-06-15,2026-06-12,RANGE_NORMAL_60_120,CLOSE_POS_MIDDLE_THIRD,ROWS_EXTENDED_11_PLUS,4218.5,PREV_CLOSE_PROXY,,NEUTRAL
True,True,True,True,3.646295,3.626272,50.0,50.0,0.0,1.0,MODE_C_BALANCED,4364.7475,4364.7475,4364.7475,0.0,4358.15,6.5975,0.0,0.0,green_box_midline::green_mid_2,MODE_C_BALANCED,4329.875,4329.875,4329.875,0.0,4329.57,0.305,1.0,1.0,green_box_edge::green_edge_1,MODE_C_BALANCED,4300.91509,4299.875,4301.95518,2.08018,4300.22,0.69509,1.0,1.0,red_box_edge::red_edge_1 | prior_range_fraction::prev_range_0.382,MODE_D_NEAREST_VALID_LADDER,4265.0025,4265.0025,4265.0025,0.0,4271.91,6.9075,0.0,0.0,red_box_midline::red_mid_2,2026-06-16,2026-06-15,RANGE_NORMAL_60_120,CLOSE_POS_MIDDLE_THIRD,ROWS_STANDARD_9_10,4309.03,PREV_CLOSE_PROXY,,NEUTRAL
True,True,True,True,8.85125,10.100625,0.0,0.0,0.0,1.75,MODE_B_EMA_CHANNEL_DIRECTION_HEAVY,4394.8675,4394.8675,4394.8675,0.0,4385.49,9.3775,0.0,0.0,green_box_quarter::green_box_3_25pct,MODE_C_BALANCED,4342.615,4342.615,4342.615,0.0,4350.94,8.325,0.0,0.0,prior_range_fraction::prev_range_0.75,MODE_C_BALANCED,4330.28,4330.28,4330.28,0.0,4322.25,8.03,0.0,0.0,prior_hlc::previous_mid,MODE_B_EMA_CHANNEL_DIRECTION_HEAVY,4275.61,4275.61,4275.61,0.0,4290.28,14.67,0.0,0.0,red_box_edge::red_edge_2,2026-06-17,2026-06-16,RANGE_COMPRESSED_0_60,CLOSE_POS_MIDDLE_THIRD,ROWS_STANDARD_9_10,4331.14,PREV_CLOSE_PROXY,,NEUTRAL
True,True,False,True,21.0225,23.293945,0.0,0.0,0.0,1.0,MODE_B_EMA_CHANNEL_DIRECTION_HEAVY,4281.47172,4281.47172,4281.47172,0.0,4293.9,12.42828,0.0,0.0,prior_range_fraction::prev_range_0.382,MODE_C_BALANCED,4243.2125,4243.2125,4243.2125,0.0,4262.79,19.5775,0.0,0.0,green_box_quarter::green_box_1_25pct,MODE_C_BALANCED,4213.2125,4213.2125,4213.2125,0.0,4235.68,22.4675,0.0,0.0,red_box_quarter::red_box_2_75pct,MODE_B_EMA_CHANNEL_DIRECTION_HEAVY,4164.8475,4164.8475,4164.8475,0.0,4203.55,38.7025,0.0,0.0,red_box_quarter::red_box_3_25pct,2026-06-18,2026-06-17,RANGE_WIDE_120_220,CLOSE_POS_LOWER_THIRD,ROWS_SPARSE_1_8,4257.74,PREV_CLOSE_PROXY,,NEUTRAL
True,True,False,True,50.440685,48.714306,0.0,0.0,0.0,2.25,MODE_C_BALANCED,4280.91738,4280.91738,4280.91738,0.0,4332.32,51.40262,0.0,0.0,prior_range_fraction::prev_range_0.618,MODE_C_BALANCED,4247.564146,4244.363291,4250.765,6.401709,4301.82,54.255854,0.0,0.0,prior_range_fraction::prev_range_0.333333 | prior_hlc::previous_pivot_hlc3 | red_box_edge::red_edge_1,MODE_C_BALANCED,4221.36125,4221.36125,4221.36125,0.0,4270.84,49.47875,0.0,0.0,green_box_quarter::green_box_1_25pct,MODE_B_EMA_CHANNEL_DIRECTION_HEAVY,4201.56,4201.56,4201.56,0.0,4241.28,39.72,0.0,0.0,prior_hlc::previous_low,2026-06-19,2026-06-18,RANGE_WIDE_120_220,CLOSE_POS_LOWER_THIRD,ROWS_STANDARD_9_10,4209.04,PREV_CLOSE_PROXY,,NEUTRAL
True,True,True,True,9.135145,9.346322,0.0,50.0,0.0,1.25,MODE_C_BALANCED,4213.1275,4213.1275,4213.1275,0.0,4216.38,3.2525,0.0,1.0,green_box_midline::green_mid_2,MODE_C_BALANCED,4182.705,4182.705,4182.705,0.0,4178.43,4.275,0.0,1.0,green_box_edge::green_edge_1,MODE_C_BALANCED,4154.79529,4152.705,4156.88558,4.18058,4140.8,13.99529,0.0,0.0,red_box_edge::red_edge_1 | prior_hlc::previous_close | prior_range_fraction::prev_range_0.382,MODE_D_NEAREST_VALID_LADDER,4122.2825,4122.2825,4122.2825,0.0,4106.42,15.8625,0.0,0.0,red_box_midline::red_mid_2,2026-06-22,2026-06-19,RANGE_NORMAL_60_120,CLOSE_POS_MIDDLE_THIRD,ROWS_STANDARD_9_10,4155.81,PREV_CLOSE_PROXY,,NEUTRAL
True,True,False,True,17.244845,18.241172,0.0,0.0,0.0,1.75,MODE_C_BALANCED,4207.3425,4206.70625,4207.97875,1.2725,4212.81,5.4675,0.0,0.0,red_box_quarter::red_box_1_25pct | green_box_quarter::green_box_2_25pct,MODE_C_BALANCED,4168.59562,4168.59562,4168.59562,0.0,4174.21,5.61438,0.0,0.0,prior_range_fraction::prev_range_0.382,MODE_C_BALANCED,4166.10531,4163.615,4168.59562,4.98062,4137.23,28.87531,0.0,0.0,red_box_edge::red_edge_1 | prior_range_fraction::prev_range_0.382,MODE_C_BALANCED,4134.8875,4134.8875,4134.8875,0.0,4101.88,33.0075,0.0,0.0,red_box_midline::red_mid_2,2026-06-23,2026-06-22,RANGE_NORMAL_60_120,CLOSE_POS_MIDDLE_THIRD,ROWS_STANDARD_9_10,4191.26,PREV_CLOSE_PROXY,,NEUTRAL
True,False,False,False,17.12375,21.793355,0.0,0.0,0.0,3.25,MODE_C_BALANCED,4058.29158,4058.29158,4058.29158,0.0,4098.68,40.38842,0.0,0.0,prior_range_fraction::prev_range_0.618,MODE_B_EMA_CHANNEL_DIRECTION_HEAVY,4078.16375,4078.16375,4078.16375,0.0,4062.96,15.20375,0.0,0.0,green_box_quarter::green_box_2_25pct,MODE_C_BALANCED,4048.16375,4048.16375,4048.16375,0.0,4029.12,19.04375,0.0,0.0,red_box_quarter::red_box_1_75pct,MODE_C_BALANCED,4006.7975,4006.7975,4006.7975,0.0,3994.26,12.5375,0.0,0.0,green_box_midline::green_mid_1,2026-06-25,2026-06-24,RANGE_WIDE_120_220,CLOSE_POS_LOWER_THIRD,ROWS_STANDARD_9_10,3999.01,PREV_CLOSE_PROXY,,NEUTRAL
True,True,True,True,7.79125,7.790312,25.0,50.0,0.0,2.5,MODE_B_EMA_CHANNEL_DIRECTION_HEAVY,4088.15625,4088.15625,4088.15625,0.0,4103.3,15.14375,0.0,0.0,green_box_quarter::green_box_3_25pct,MODE_B_EMA_CHANNEL_DIRECTION_HEAVY,4074.26,4074.26,4074.26,0.0,4070.91,3.35,0.0,1.0,green_box_edge::green_edge_2,MODE_D_NEAREST_VALID_LADDER,4023.9675,4023.9675,4023.9675,0.0,4036.2,12.2325,0.0,0.0,prior_range_fraction::prev_range_0.75,MODE_C_BALANCED,4003.675,4003.675,4003.675,0.0,4003.24,0.435,1.0,1.0,prior_hlc::previous_mid,2026-06-26,2026-06-25,RANGE_NORMAL_60_120,CLOSE_POS_UPPER_THIRD,ROWS_STANDARD_9_10,4026.59,PREV_CLOSE_PROXY,,NEUTRAL
True,True,False,True,4.315,4.342656,50.0,50.0,0.0,2.0,MODE_C_BALANCED,4090.2975,4090.2975,4090.2975,0.0,4097.6,7.3025,0.0,0.0,green_box_midline::green_mid_2,MODE_D_NEAREST_VALID_LADDER,4072.43125,4072.43125,4072.43125,0.0,4066.54,5.89125,0.0,0.0,green_box_quarter::green_box_2_25pct,MODE_C_BALANCED,4040.998125,4039.565,4042.43125,2.86625,4039.56,1.438125,1.0,1.0,prior_hlc::previous_mid | red_box_quarter::red_box_1_75pct,MODE_C_BALANCED,4006.69875,4006.69875,4006.69875,0.0,4003.96,2.73875,1.0,1.0,red_box_quarter::red_box_2_25pct,2026-06-29,2026-06-26,RANGE_NORMAL_60_120,CLOSE_POS_UPPER_THIRD,ROWS_STANDARD_9_10,4088.41,PREV_CLOSE_PROXY,,NEUTRAL
True,True,False,False,9.183125,7.935937,25.0,25.0,0.0,1.75,MODE_C_BALANCED,4072.66125,4072.66125,4072.66125,0.0,4071.63,1.03125,1.0,1.0,green_box_quarter::green_box_2_25pct,MODE_B_EMA_CHANNEL_DIRECTION_HEAVY,4028.035,4028.035,4028.035,0.0,4039.56,11.525,0.0,0.0,red_box_edge::red_edge_1,MODE_B_EMA_CHANNEL_DIRECTION_HEAVY,4012.28125,4010.40625,4014.15625,3.75,4005.44,6.84125,0.0,0.0,prior_range_fraction::prev_range_0.125 | green_box_quarter::green_box_1_25pct,MODE_B_EMA_CHANNEL_DIRECTION_HEAVY,3954.90375,3954.90375,3954.90375,0.0,3967.25,12.34625,0.0,0.0,red_box_quarter::red_box_3_25pct,2026-06-30,2026-06-29,RANGE_NORMAL_60_120,CLOSE_POS_LOWER_THIRD,ROWS_STANDARD_9_10,4178.97,AUTO_JSON,ema_proxy_up,UP
