cluster_rank,level_date,prev_date,level_name,range_bucket,close_position_bucket,rows_bucket,candidate_method,cluster_raw_id,cluster_candidate_count,cluster_min,cluster_max,cluster_mid,cluster_mean,cluster_median,cluster_width,cluster_score,score_mean,score_sum,rank_weight_sum,best_candidate_rank_in_cluster,actual_published_level,cluster_mid_signed_error,cluster_mid_abs_error,cluster_mean_abs_error,cluster_median_abs_error,cluster_contains_actual,cluster_mid_within_3,cluster_mid_within_5,cluster_band_plus_3_contains_actual,cluster_band_plus_5_contains_actual,candidate_anchor_keys,candidate_prices,candidate_ranks
1,2025-10-02,2025-10-01,L4,RANGE_COMPRESSED_0_60,CLOSE_POS_LOWER_THIRD,ROWS_STANDARD_9_10,HISTORICAL_GLOBAL,1,1,3884.8525,3884.8525,3884.8525,3884.8525,3884.8525,0.0,84.75125,91.8125,91.8125,1.0,1,3867.44,-17.4125,17.4125,17.4125,17.4125,False,False,False,False,False,prior_range_fraction::prev_range_0.75,3884.852500,1
1,2025-10-02,2025-10-01,L5,RANGE_COMPRESSED_0_60,CLOSE_POS_LOWER_THIRD,ROWS_STANDARD_9_10,HISTORICAL_GLOBAL,1,1,3871.403333,3871.403333,3871.403333,3871.403333,3871.403333,0.0,77.0155,78.475,78.475,1.0,1,3849.38,-22.023333,22.023333,22.023333,22.023333,False,False,False,False,False,prior_hlc::previous_pivot_hlc3,3871.403333,1
1,2025-10-02,2025-10-01,L6,RANGE_COMPRESSED_0_60,CLOSE_POS_LOWER_THIRD,ROWS_STANDARD_9_10,HISTORICAL_GLOBAL,1,1,3871.3175,3871.3175,3871.3175,3871.3175,3871.3175,0.0,86.27375,94.4375,94.4375,1.0,1,3832.79,-38.5275,38.5275,38.5275,38.5275,False,False,False,False,False,green_box_midline::green_mid_1,3871.317500,1
1,2025-10-02,2025-10-01,L7,RANGE_COMPRESSED_0_60,CLOSE_POS_LOWER_THIRD,ROWS_STANDARD_9_10,HISTORICAL_GLOBAL,1,1,3850.32625,3850.32625,3850.32625,3850.32625,3850.32625,0.0,86.168625,94.25625,94.25625,1.0,1,3817.0,-33.32625,33.32625,33.32625,33.32625,False,False,False,False,False,red_box_quarter::red_box_2_25pct,3850.326250,1
1,2025-10-03,2025-10-02,L4,RANGE_NORMAL_60_120,CLOSE_POS_MIDDLE_THIRD,ROWS_STANDARD_9_10,REGIME_RANGE_ONLY,1,1,3877.3225,3877.3225,3877.3225,3877.3225,3877.3225,0.0,83.01125,88.8125,88.8125,1.0,1,3854.23,-23.0925,23.0925,23.0925,23.0925,False,False,False,False,False,prior_range_fraction::prev_range_0.75,3877.322500,1
1,2025-10-03,2025-10-02,L5,RANGE_NORMAL_60_120,CLOSE_POS_MIDDLE_THIRD,ROWS_STANDARD_9_10,REGIME_RANGE_ONLY,1,1,3857.423333,3857.423333,3857.423333,3857.423333,3857.423333,0.0,75.2755,75.475,75.475,1.0,1,3833.88,-23.543333,23.543333,23.543333,23.543333,False,False,False,False,False,prior_hlc::previous_pivot_hlc3,3857.423333,1
1,2025-10-03,2025-10-02,L6,RANGE_NORMAL_60_120,CLOSE_POS_MIDDLE_THIRD,ROWS_STANDARD_9_10,REGIME_RANGE_ONLY,1,1,3846.2075,3846.2075,3846.2075,3846.2075,3846.2075,0.0,84.53375,91.4375,91.4375,1.0,1,3813.75,-32.4575,32.4575,32.4575,32.4575,False,False,False,False,False,green_box_midline::green_mid_1,3846.207500,1
1,2025-10-03,2025-10-02,L7,RANGE_NORMAL_60_120,CLOSE_POS_MIDDLE_THIRD,ROWS_STANDARD_9_10,REGIME_RANGE_ONLY,1,1,3829.61125,3829.61125,3829.61125,3829.61125,3829.61125,0.0,84.428625,91.25625,91.25625,1.0,1,3794.9,-34.71125,34.71125,34.71125,34.71125,False,False,False,False,False,red_box_quarter::red_box_2_25pct,3829.611250,1
1,2025-10-06,2025-10-03,L4,RANGE_COMPRESSED_0_60,CLOSE_POS_UPPER_THIRD,ROWS_SPARSE_1_8,REGIME_RANGE_ONLY,1,1,3855.929982,3855.929982,3855.929982,3855.929982,3855.929982,0.0,84.980813,92.208298,92.208298,1.0,1,3872.61,16.680018,16.680018,16.680018,16.680018,False,False,False,False,False,prior_range_fraction::prev_range_0.333333,3855.929982,1
1,2025-10-06,2025-10-03,L5,RANGE_COMPRESSED_0_60,CLOSE_POS_UPPER_THIRD,ROWS_SPARSE_1_8,REGIME_RANGE_ONLY,1,1,3839.41375,3839.41375,3839.41375,3839.41375,3839.41375,0.0,83.777938,90.134375,90.134375,1.0,1,3851.28,11.86625,11.86625,11.86625,11.86625,False,False,False,False,False,red_box_quarter::red_box_2_25pct,3839.413750,1
1,2025-10-06,2025-10-03,L6,RANGE_COMPRESSED_0_60,CLOSE_POS_UPPER_THIRD,ROWS_SPARSE_1_8,REGIME_RANGE_ONLY,1,1,3818.51125,3818.51125,3818.51125,3818.51125,3818.51125,0.0,84.452187,91.296875,91.296875,1.0,1,3830.61,12.09875,12.09875,12.09875,12.09875,False,False,False,False,False,red_box_quarter::red_box_2_75pct,3818.511250,1
1,2025-10-06,2025-10-03,L7,RANGE_COMPRESSED_0_60,CLOSE_POS_UPPER_THIRD,ROWS_SPARSE_1_8,REGIME_RANGE_ONLY,1,1,3797.60875,3797.60875,3797.60875,3797.60875,3797.60875,0.0,75.422313,75.728125,75.728125,1.0,1,3810.83,13.22125,13.22125,13.22125,13.22125,False,False,False,False,False,red_box_quarter::red_box_3_25pct,3797.608750,1
1,2025-10-07,2025-10-06,L4,RANGE_NORMAL_60_120,CLOSE_POS_UPPER_THIRD,ROWS_SPARSE_1_8,REGIME_RANGE_CLOSE,1,1,3948.6225,3948.6225,3948.6225,3948.6225,3948.6225,0.0,82.14125,87.3125,87.3125,1.0,1,3964.13,15.5075,15.5075,15.5075,15.5075,False,False,False,False,False,prior_range_fraction::prev_range_0.75,3948.622500,1
1,2025-10-07,2025-10-06,L5,RANGE_NORMAL_60_120,CLOSE_POS_UPPER_THIRD,ROWS_SPARSE_1_8,REGIME_RANGE_CLOSE,1,1,3938.47,3938.47,3938.47,3938.47,3938.47,0.0,74.4055,73.975,73.975,1.0,1,3946.24,7.77,7.77,7.77,7.77,False,False,False,False,False,prior_hlc::previous_pivot_hlc3,3938.470000,1
1,2025-10-07,2025-10-06,L6,RANGE_NORMAL_60_120,CLOSE_POS_UPPER_THIRD,ROWS_SPARSE_1_8,REGIME_RANGE_CLOSE,1,1,3913.2875,3913.2875,3913.2875,3913.2875,3913.2875,0.0,83.66375,89.9375,89.9375,1.0,1,3927.93,14.6425,14.6425,14.6425,14.6425,False,False,False,False,False,green_box_midline::green_mid_1,3913.287500,1
1,2025-10-07,2025-10-06,L7,RANGE_NORMAL_60_120,CLOSE_POS_UPPER_THIRD,ROWS_SPARSE_1_8,REGIME_RANGE_CLOSE,1,1,3897.74625,3897.74625,3897.74625,3897.74625,3897.74625,0.0,83.558625,89.75625,89.75625,1.0,1,3710.52,-187.22625,187.22625,187.22625,187.22625,False,False,False,False,False,red_box_quarter::red_box_2_25pct,3897.746250,1
1,2025-10-08,2025-10-07,L4,RANGE_COMPRESSED_0_60,CLOSE_POS_UPPER_THIRD,ROWS_SPARSE_1_8,REGIME_RANGE_CLOSE_ROWS,1,1,3972.06,3972.06,3972.06,3972.06,3972.06,0.0,84.806833,91.908333,91.908333,1.0,1,3970.41,-1.65,1.65,1.65,1.65,False,True,True,True,True,prior_hlc::previous_pivot_hlc3,3972.060000,1
1,2025-10-08,2025-10-07,L5,RANGE_COMPRESSED_0_60,CLOSE_POS_UPPER_THIRD,ROWS_SPARSE_1_8,REGIME_RANGE_CLOSE_ROWS,1,1,3953.365,3953.365,3953.365,3953.365,3953.365,0.0,85.349375,92.84375,92.84375,1.0,1,3949.74,-3.625,3.625,3.625,3.625,False,False,True,False,True,prior_range_fraction::prev_range_0.25,3953.365000,1
1,2025-10-08,2025-10-07,L6,RANGE_COMPRESSED_0_60,CLOSE_POS_UPPER_THIRD,ROWS_SPARSE_1_8,REGIME_RANGE_CLOSE_ROWS,1,1,3930.865,3930.865,3930.865,3930.865,3930.865,0.0,83.225125,89.18125,89.18125,1.0,1,3929.69,-1.175,1.175,1.175,1.175,False,True,True,True,True,red_box_midline::red_mid_2,3930.865000,1
1,2025-10-08,2025-10-07,L7,RANGE_COMPRESSED_0_60,CLOSE_POS_UPPER_THIRD,ROWS_SPARSE_1_8,REGIME_RANGE_CLOSE_ROWS,1,1,3910.8,3910.8,3910.8,3910.8,3910.8,0.0,75.7975,76.375,76.375,1.0,1,3910.27,-0.53,0.53,0.53,0.53,False,True,True,True,True,red_box_edge::red_edge_2,3910.800000,1
1,2025-10-09,2025-10-08,L4,RANGE_NORMAL_60_120,CLOSE_POS_UPPER_THIRD,ROWS_SPARSE_1_8,REGIME_RANGE_CLOSE_ROWS,1,1,4041.38,4041.38,4041.38,4041.38,4041.38,0.0,55.6715,41.675,41.675,1.0,1,4038.76,-2.62,2.62,2.62,2.62,False,True,True,True,True,prior_hlc::previous_close,4041.380000,1
1,2025-10-09,2025-10-08,L5,RANGE_NORMAL_60_120,CLOSE_POS_UPPER_THIRD,ROWS_SPARSE_1_8,REGIME_RANGE_CLOSE_ROWS,1,1,4040.21,4040.21,4040.21,4040.21,4040.21,0.0,76.475375,77.54375,77.54375,1.0,1,4019.13,-21.08,21.08,21.08,21.08,False,False,False,False,False,prior_range_fraction::prev_range_0.75,4040.210000,1
1,2025-10-09,2025-10-08,L6,RANGE_NORMAL_60_120,CLOSE_POS_UPPER_THIRD,ROWS_SPARSE_1_8,REGIME_RANGE_CLOSE_ROWS,1,1,4023.035,4023.035,4023.035,4023.035,4023.035,0.0,85.463562,93.040625,93.040625,1.0,1,4001.52,-21.515,21.515,21.515,21.515,False,False,False,False,False,green_box_quarter::green_box_1_75pct,4023.035000,1
1,2025-10-09,2025-10-08,L7,RANGE_NORMAL_60_120,CLOSE_POS_UPPER_THIRD,ROWS_SPARSE_1_8,REGIME_RANGE_CLOSE_ROWS,1,1,3847.56,3847.56,3847.56,3847.56,3847.56,0.0,35.27,6.5,6.5,1.0,1,3985.35,137.79,137.79,137.79,137.79,False,False,False,False,False,red_box_edge::red_edge_4,3847.560000,1
1,2025-10-10,2025-10-09,L4,RANGE_NORMAL_60_120,CLOSE_POS_LOWER_THIRD,ROWS_STANDARD_9_10,REGIME_RANGE_ONLY,2,1,4029.7025,4029.7025,4029.7025,4029.7025,4029.7025,0.0,85.349375,92.84375,92.84375,1.0,1,3999.31,-30.3925,30.3925,30.3925,30.3925,False,False,False,False,False,prior_range_fraction::prev_range_0.75,4029.702500,1
2,2025-10-10,2025-10-09,L4,RANGE_NORMAL_60_120,CLOSE_POS_LOWER_THIRD,ROWS_STANDARD_9_10,REGIME_RANGE_ONLY,1,1,3975.96,3975.96,3975.96,3975.96,3975.96,0.0,62.799214,60.860714,60.860714,0.5,2,3999.31,23.35,23.35,23.35,23.35,False,False,False,False,False,prior_hlc::previous_close,3975.960000,2
1,2025-10-10,2025-10-09,L5,RANGE_NORMAL_60_120,CLOSE_POS_LOWER_THIRD,ROWS_STANDARD_9_10,REGIME_RANGE_ONLY,3,1,4004.30875,4004.30875,4004.30875,4004.30875,4004.30875,0.0,85.79525,93.6125,93.6125,1.0,1,3980.31,-23.99875,23.99875,23.99875,23.99875,False,False,False,False,False,red_box_quarter::red_box_1_75pct,4004.308750,1
2,2025-10-10,2025-10-09,L5,RANGE_NORMAL_60_120,CLOSE_POS_LOWER_THIRD,ROWS_STANDARD_9_10,REGIME_RANGE_ONLY,1,1,3962.73375,3962.73375,3962.73375,3962.73375,3962.73375,0.0,78.760866,88.380804,88.380804,0.5,2,3980.31,17.57625,17.57625,17.57625,17.57625,False,False,False,False,False,green_box_quarter::green_box_1_25pct,3962.733750,2
3,2025-10-10,2025-10-09,L5,RANGE_NORMAL_60_120,CLOSE_POS_LOWER_THIRD,ROWS_STANDARD_9_10,REGIME_RANGE_ONLY,4,1,4029.7025,4029.7025,4029.7025,4029.7025,4029.7025,0.0,70.727756,76.829464,76.829464,0.333333,3,3980.31,-49.3925,49.3925,49.3925,49.3925,False,False,False,False,False,prior_range_fraction::prev_range_0.75,4029.702500,3
4,2025-10-10,2025-10-09,L5,RANGE_NORMAL_60_120,CLOSE_POS_LOWER_THIRD,ROWS_STANDARD_9_10,REGIME_RANGE_ONLY,2,1,3992.93,3992.93,3992.93,3992.93,3992.93,0.0,68.032643,73.332143,73.332143,0.25,4,3980.31,-12.62,12.62,12.62,12.62,False,False,False,False,False,prior_hlc::previous_pivot_hlc3,3992.930000,4
1,2025-10-10,2025-10-09,L6,RANGE_NORMAL_60_120,CLOSE_POS_LOWER_THIRD,ROWS_STANDARD_9_10,REGIME_RANGE_ONLY,2,1,3973.1275,3973.1275,3973.1275,3973.1275,3973.1275,0.0,85.1645,92.525,92.525,1.0,1,3961.97,-11.1575,11.1575,11.1575,11.1575,False,False,False,False,False,prior_range_fraction::prev_range_0.25,3973.127500,1
2,2025-10-10,2025-10-09,L6,RANGE_NORMAL_60_120,CLOSE_POS_LOWER_THIRD,ROWS_STANDARD_9_10,REGIME_RANGE_ONLY,4,1,3998.52125,3998.52125,3998.52125,3998.52125,3998.52125,0.0,81.049277,92.326339,92.326339,0.5,2,3961.97,-36.55125,36.55125,36.55125,36.55125,False,False,False,False,False,green_box_quarter::green_box_1_75pct,3998.521250,2
3,2025-10-10,2025-10-09,L6,RANGE_NORMAL_60_120,CLOSE_POS_LOWER_THIRD,ROWS_STANDARD_9_10,REGIME_RANGE_ONLY,3,1,3980.6275,3980.6275,3980.6275,3980.6275,3980.6275,0.0,77.95756,89.294643,89.294643,0.333333,3,3961.97,-18.6575,18.6575,18.6575,18.6575,False,False,False,False,False,green_box_midline::green_mid_1,3980.627500,3
4,2025-10-10,2025-10-09,L6,RANGE_NORMAL_60_120,CLOSE_POS_LOWER_THIRD,ROWS_STANDARD_9_10,REGIME_RANGE_ONLY,1,1,3950.6275,3950.6275,3950.6275,3950.6275,3950.6275,0.0,68.958054,74.927679,74.927679,0.25,4,3961.97,11.3425,11.3425,11.3425,11.3425,False,False,False,False,False,red_box_midline::red_mid_2,3950.627500,4
1,2025-10-10,2025-10-09,L7,RANGE_NORMAL_60_120,CLOSE_POS_LOWER_THIRD,ROWS_STANDARD_9_10,REGIME_RANGE_ONLY,3,1,3944.84,3944.84,3944.84,3944.84,3944.84,0.0,83.4245,89.525,89.525,1.0,1,3943.24,-1.6,1.6,1.6,1.6,False,True,True,True,True,prior_hlc::previous_low,3944.840000,1
2,2025-10-10,2025-10-09,L7,RANGE_NORMAL_60_120,CLOSE_POS_LOWER_THIRD,ROWS_STANDARD_9_10,REGIME_RANGE_ONLY,4,1,3968.52125,3968.52125,3968.52125,3968.52125,3968.52125,0.0,79.185768,89.113393,89.113393,0.5,2,3943.24,-25.28125,25.28125,25.28125,25.28125,False,False,False,False,False,red_box_quarter::red_box_2_25pct,3968.521250,2
3,2025-10-10,2025-10-09,L7,RANGE_NORMAL_60_120,CLOSE_POS_LOWER_THIRD,ROWS_STANDARD_9_10,REGIME_RANGE_ONLY,2,1,3914.84,3914.84,3914.84,3914.84,3914.84,0.0,35.053095,15.321429,15.321429,0.333333,3,3943.24,28.4,28.4,28.4,28.4,False,False,False,False,False,red_box_edge::red_edge_2,3914.840000,3
4,2025-10-10,2025-10-09,L7,RANGE_NORMAL_60_120,CLOSE_POS_LOWER_THIRD,ROWS_STANDARD_9_10,REGIME_RANGE_ONLY,1,1,3771.69,3771.69,3771.69,3771.69,3771.69,0.0,28.855714,5.785714,5.785714,0.25,4,3943.24,171.55,171.55,171.55,171.55,False,False,False,False,False,red_box_edge::red_edge_4,3771.690000,4
1,2025-10-13,2025-10-10,L4,RANGE_NORMAL_60_120,CLOSE_POS_UPPER_THIRD,ROWS_STANDARD_9_10,REGIME_RANGE_CLOSE_ROWS,1,1,4003.8475,4003.8475,4003.8475,4003.8475,4003.8475,0.0,81.70625,86.5625,86.5625,1.0,1,4010.88,7.0325,7.0325,7.0325,7.0325,False,False,False,False,False,prior_range_fraction::prev_range_0.75,4003.847500,1
1,2025-10-13,2025-10-10,L5,RANGE_NORMAL_60_120,CLOSE_POS_UPPER_THIRD,ROWS_STANDARD_9_10,REGIME_RANGE_CLOSE_ROWS,1,1,3994.056667,3994.056667,3994.056667,3994.056667,3994.056667,0.0,73.9705,73.225,73.225,1.0,1,3994.06,0.003333,0.003333,0.003333,0.003333,False,True,True,True,True,prior_hlc::previous_pivot_hlc3,3994.056667,1
1,2025-10-13,2025-10-10,L6,RANGE_NORMAL_60_120,CLOSE_POS_UPPER_THIRD,ROWS_STANDARD_9_10,REGIME_RANGE_CLOSE_ROWS,1,1,3973.4025,3973.4025,3973.4025,3973.4025,3973.4025,0.0,83.22875,89.1875,89.1875,1.0,1,3974.97,1.5675,1.5675,1.5675,1.5675,False,True,True,True,True,green_box_midline::green_mid_1,3973.402500,1
1,2025-10-13,2025-10-10,L7,RANGE_NORMAL_60_120,CLOSE_POS_UPPER_THIRD,ROWS_STANDARD_9_10,REGIME_RANGE_CLOSE_ROWS,1,1,3956.63875,3956.63875,3956.63875,3956.63875,3956.63875,0.0,83.123625,89.00625,89.00625,1.0,1,3956.47,-0.16875,0.16875,0.16875,0.16875,False,True,True,True,True,red_box_quarter::red_box_2_25pct,3956.638750,1
1,2025-10-14,2025-10-13,L4,RANGE_WIDE_120_220,CLOSE_POS_UPPER_THIRD,ROWS_SPARSE_1_8,REGIME_CLOSE_ONLY,3,1,4086.7525,4086.7525,4086.7525,4086.7525,4086.7525,0.0,84.576042,91.510417,91.510417,1.0,1,4108.96,22.2075,22.2075,22.2075,22.2075,False,False,False,False,False,prior_range_fraction::prev_range_0.75,4086.752500,1
2,2025-10-14,2025-10-13,L4,RANGE_WIDE_120_220,CLOSE_POS_UPPER_THIRD,ROWS_SPARSE_1_8,REGIME_CLOSE_ONLY,1,1,4052.60125,4052.60125,4052.60125,4052.60125,4052.60125,0.0,80.443125,91.28125,91.28125,0.5,2,4108.96,56.35875,56.35875,56.35875,56.35875,False,False,False,False,False,green_box_quarter::green_box_1_75pct,4052.601250,2
3,2025-10-14,2025-10-13,L4,RANGE_WIDE_120_220,CLOSE_POS_UPPER_THIRD,ROWS_SPARSE_1_8,REGIME_CLOSE_ONLY,4,1,4098.13625,4098.13625,4098.13625,4098.13625,4098.13625,0.0,79.097104,91.259375,91.259375,0.333333,3,4108.96,10.82375,10.82375,10.82375,10.82375,False,False,False,False,False,red_box_quarter::red_box_1_25pct,4098.136250,3
4,2025-10-14,2025-10-13,L4,RANGE_WIDE_120_220,CLOSE_POS_UPPER_THIRD,ROWS_SPARSE_1_8,REGIME_CLOSE_ONLY,2,1,4074.46,4074.46,4074.46,4074.46,4074.46,0.0,77.569499,89.774999,89.774999,0.25,4,4108.96,34.5,34.5,34.5,34.5,False,False,False,False,False,prior_hlc::previous_pivot_hlc3,4074.460000,4
5,2025-10-14,2025-10-13,L4,RANGE_WIDE_120_220,CLOSE_POS_UPPER_THIRD,ROWS_SPARSE_1_8,REGIME_CLOSE_ONLY,5,1,4110.41,4110.41,4110.41,4110.41,4110.41,0.0,48.304833,40.008333,40.008333,0.2,5,4108.96,-1.45,1.45,1.45,1.45,False,True,True,True,True,prior_hlc::previous_close,4110.410000,5
1,2025-10-14,2025-10-13,L5,RANGE_WIDE_120_220,CLOSE_POS_UPPER_THIRD,ROWS_SPARSE_1_8,REGIME_CLOSE_ONLY,3,1,4060.36875,4060.36875,4060.36875,4060.36875,4060.36875,0.0,85.021917,92.279167,92.279167,1.0,1,4093.64,33.27125,33.27125,33.27125,33.27125,False,False,False,False,False,red_box_quarter::red_box_1_75pct,4060.368750,1
2,2025-10-14,2025-10-13,L5,RANGE_WIDE_120_220,CLOSE_POS_UPPER_THIRD,ROWS_SPARSE_1_8,REGIME_CLOSE_ONLY,2,1,4026.2175,4026.2175,4026.2175,4026.2175,4026.2175,0.0,80.112042,90.710417,90.710417,0.5,2,4093.64,67.4225,67.4225,67.4225,67.4225,False,False,False,False,False,prior_range_fraction::prev_range_0.25,4026.217500,2
3,2025-10-14,2025-10-13,L5,RANGE_WIDE_120_220,CLOSE_POS_UPPER_THIRD,ROWS_SPARSE_1_8,REGIME_CLOSE_ONLY,1,1,4014.83375,4014.83375,4014.83375,4014.83375,4014.83375,0.0,78.232542,89.76875,89.76875,0.333333,3,4093.64,78.80625,78.80625,78.80625,78.80625,False,False,False,False,False,green_box_quarter::green_box_1_25pct,4014.833750,3
4,2025-10-14,2025-10-13,L5,RANGE_WIDE_120_220,CLOSE_POS_UPPER_THIRD,ROWS_SPARSE_1_8,REGIME_CLOSE_ONLY,4,1,4074.46,4074.46,4074.46,4074.46,4074.46,0.0,76.530334,87.983334,87.983334,0.25,4,4093.64,19.18,19.18,19.18,19.18,False,False,False,False,False,prior_hlc::previous_pivot_hlc3,4074.460000,4
5,2025-10-14,2025-10-13,L5,RANGE_WIDE_120_220,CLOSE_POS_UPPER_THIRD,ROWS_SPARSE_1_8,REGIME_CLOSE_ONLY,5,1,4086.7525,4086.7525,4086.7525,4086.7525,4086.7525,0.0,69.108708,75.877083,75.877083,0.2,5,4093.64,6.8875,6.8875,6.8875,6.8875,False,False,False,False,False,prior_range_fraction::prev_range_0.75,4086.752500,5
1,2025-10-14,2025-10-13,L6,RANGE_WIDE_120_220,CLOSE_POS_UPPER_THIRD,ROWS_SPARSE_1_8,REGIME_CLOSE_ONLY,4,1,4042.19874,4042.19874,4042.19874,4042.19874,4042.19874,0.0,84.932529,92.12505,92.12505,1.0,1,4078.18,35.98126,35.98126,35.98126,35.98126,False,False,False,False,False,prior_range_fraction::prev_range_0.382,4042.198740,1
2,2025-10-14,2025-10-13,L6,RANGE_WIDE_120_220,CLOSE_POS_UPPER_THIRD,ROWS_SPARSE_1_8,REGIME_CLOSE_ONLY,5,1,4052.60125,4052.60125,4052.60125,4052.60125,4052.60125,0.0,80.496896,91.373958,91.373958,0.5,2,4078.18,25.57875,25.57875,25.57875,25.57875,False,False,False,False,False,green_box_quarter::green_box_1_75pct,4052.601250,2
3,2025-10-14,2025-10-13,L6,RANGE_WIDE_120_220,CLOSE_POS_UPPER_THIRD,ROWS_SPARSE_1_8,REGIME_CLOSE_ONLY,2,1,4026.2175,4026.2175,4026.2175,4026.2175,4026.2175,0.0,79.057834,91.191667,91.191667,0.333333,3,4078.18,51.9625,51.9625,51.9625,51.9625,False,False,False,False,False,prior_range_fraction::prev_range_0.25,4026.217500,3
4,2025-10-14,2025-10-13,L6,RANGE_WIDE_120_220,CLOSE_POS_UPPER_THIRD,ROWS_SPARSE_1_8,REGIME_CLOSE_ONLY,1,1,4003.7175,4003.7175,4003.7175,4003.7175,4003.7175,0.0,77.973687,90.471875,90.471875,0.25,4,4078.18,74.4625,74.4625,74.4625,74.4625,False,False,False,False,False,red_box_midline::red_mid_2,4003.717500,4
5,2025-10-14,2025-10-13,L6,RANGE_WIDE_120_220,CLOSE_POS_UPPER_THIRD,ROWS_SPARSE_1_8,REGIME_CLOSE_ONLY,3,1,4033.7175,4033.7175,4033.7175,4033.7175,4033.7175,0.0,76.780417,89.104167,89.104167,0.2,5,4078.18,44.4625,44.4625,44.4625,44.4625,False,False,False,False,False,green_box_midline::green_mid_1,4033.717500,5
1,2025-10-14,2025-10-13,L7,RANGE_WIDE_120_220,CLOSE_POS_UPPER_THIRD,ROWS_SPARSE_1_8,REGIME_CLOSE_ONLY,4,1,4011.08375,4011.08375,4011.08375,4011.08375,4011.08375,0.0,86.232062,94.365625,94.365625,1.0,1,4061.81,50.72625,50.72625,50.72625,50.72625,False,False,False,False,False,prior_range_fraction::prev_range_0.125,4011.083750,1
2,2025-10-14,2025-10-13,L7,RANGE_WIDE_120_220,CLOSE_POS_UPPER_THIRD,ROWS_SPARSE_1_8,REGIME_CLOSE_ONLY,5,1,4022.60125,4022.60125,4022.60125,4022.60125,4022.60125,0.0,79.075292,88.922917,88.922917,0.5,2,4061.81,39.20875,39.20875,39.20875,39.20875,False,False,False,False,False,red_box_quarter::red_box_2_25pct,4022.601250,2
3,2025-10-14,2025-10-13,L7,RANGE_WIDE_120_220,CLOSE_POS_UPPER_THIRD,ROWS_SPARSE_1_8,REGIME_CLOSE_ONLY,3,1,3995.95,3995.95,3995.95,3995.95,3995.95,0.0,77.317834,88.191667,88.191667,0.333333,3,4061.81,65.86,65.86,65.86,65.86,False,False,False,False,False,prior_hlc::previous_low,3995.950000,3
4,2025-10-14,2025-10-13,L7,RANGE_WIDE_120_220,CLOSE_POS_UPPER_THIRD,ROWS_SPARSE_1_8,REGIME_CLOSE_ONLY,2,1,3965.95,3965.95,3965.95,3965.95,3965.95,0.0,74.7275,84.875,84.875,0.25,4,4061.81,95.86,95.86,95.86,95.86,False,False,False,False,False,red_box_edge::red_edge_2,3965.950000,4
5,2025-10-14,2025-10-13,L7,RANGE_WIDE_120_220,CLOSE_POS_UPPER_THIRD,ROWS_SPARSE_1_8,REGIME_CLOSE_ONLY,1,1,3814.88,3814.88,3814.88,3814.88,3814.88,0.0,27.903333,4.833333,4.833333,0.2,5,4061.81,246.93,246.93,246.93,246.93,False,False,False,False,False,red_box_edge::red_edge_4,3814.880000,5
1,2025-10-15,2025-10-14,L4,RANGE_NORMAL_60_120,CLOSE_POS_MIDDLE_THIRD,ROWS_STANDARD_9_10,REGIME_RANGE_CLOSE_ROWS,1,1,4142.14,4142.14,4142.14,4142.14,4142.14,0.0,75.1595,75.275,75.275,1.0,1,4150.06,7.92,7.92,7.92,7.92,False,False,False,False,False,prior_hlc::previous_close,4142.140000,1
1,2025-10-15,2025-10-14,L5,RANGE_NORMAL_60_120,CLOSE_POS_MIDDLE_THIRD,ROWS_STANDARD_9_10,REGIME_RANGE_CLOSE_ROWS,1,1,4105.3525,4105.3525,4105.3525,4105.3525,4105.3525,0.0,82.313437,87.609375,87.609375,1.0,1,4135.03,29.6775,29.6775,29.6775,29.6775,False,False,False,False,False,green_box_quarter::green_box_1_25pct,4105.352500,1
1,2025-10-15,2025-10-14,L6,RANGE_NORMAL_60_120,CLOSE_POS_MIDDLE_THIRD,ROWS_STANDARD_9_10,REGIME_RANGE_CLOSE_ROWS,1,1,4090.265,4090.265,4090.265,4090.265,4090.265,0.0,74.510625,74.15625,74.15625,1.0,1,4119.47,29.205,29.205,29.205,29.205,False,False,False,False,False,red_box_midline::red_mid_2,4090.265000,1
1,2025-10-15,2025-10-14,L7,RANGE_NORMAL_60_120,CLOSE_POS_MIDDLE_THIRD,ROWS_STANDARD_9_10,REGIME_RANGE_CLOSE_ROWS,1,1,4060.44,4060.44,4060.44,4060.44,4060.44,0.0,39.939,14.55,14.55,1.0,1,4105.05,44.61,44.61,44.61,44.61,False,False,False,False,False,red_box_edge::red_edge_2,4060.440000,1
1,2025-10-16,2025-10-15,L4,RANGE_NORMAL_60_120,CLOSE_POS_UPPER_THIRD,ROWS_STANDARD_9_10,REGIME_RANGE_CLOSE_ROWS,2,1,4204.8775,4204.8775,4204.8775,4204.8775,4204.8775,0.0,83.79771,90.168466,90.168466,1.0,1,4201.69,-3.1875,3.1875,3.1875,3.1875,False,False,True,False,True,red_box_quarter::red_box_1_25pct,4204.877500,1
2,2025-10-16,2025-10-15,L4,RANGE_NORMAL_60_120,CLOSE_POS_UPPER_THIRD,ROWS_STANDARD_9_10,REGIME_RANGE_CLOSE_ROWS,1,1,4198.935,4198.935,4198.935,4198.935,4198.935,0.0,77.587614,86.357955,86.357955,0.5,2,4201.69,2.755,2.755,2.755,2.755,False,True,True,True,True,prior_range_fraction::prev_range_0.75,4198.935000,2
1,2025-10-16,2025-10-15,L5,RANGE_NORMAL_60_120,CLOSE_POS_UPPER_THIRD,ROWS_STANDARD_9_10,REGIME_RANGE_CLOSE_ROWS,1,1,4189.07,4189.07,4189.07,4189.07,4189.07,0.0,81.897606,86.892425,86.892425,1.0,1,4189.9,0.83,0.83,0.83,0.83,False,True,True,True,True,prior_hlc::previous_pivot_hlc3,4189.070000,1
1,2025-10-16,2025-10-15,L6,RANGE_NORMAL_60_120,CLOSE_POS_UPPER_THIRD,ROWS_STANDARD_9_10,REGIME_RANGE_CLOSE_ROWS,1,2,4167.665,4170.40028,4169.03264,4169.03264,4169.03264,2.73528,86.797911,90.008548,180.017096,1.5,1,4177.27,8.23736,8.23736,8.23736,8.23736,False,False,False,False,False,green_box_midline::green_mid_1 | prior_range_fraction::prev_range_0.382,4167.665000 | 4170.400280,2 | 1
1,2025-10-16,2025-10-15,L7,RANGE_NORMAL_60_120,CLOSE_POS_UPPER_THIRD,ROWS_STANDARD_9_10,REGIME_RANGE_CLOSE_ROWS,1,2,4150.4725,4151.1075,4150.79,4150.79,4150.79,0.635,89.243362,91.03821,182.076421,1.5,1,4162.99,12.2,12.2,12.2,12.2,False,False,False,False,False,prior_range_fraction::prev_range_0.125 | red_box_quarter::red_box_2_25pct,4150.472500 | 4151.107500,1 | 2
1,2025-10-17,2025-10-16,L4,RANGE_WIDE_120_220,CLOSE_POS_UPPER_THIRD,ROWS_EXTENDED_11_PLUS,REGIME_RANGE_CLOSE,1,1,4320.4125,4320.4125,4320.4125,4320.4125,4320.4125,0.0,85.305875,92.76875,92.76875,1.0,1,4305.21,-15.2025,15.2025,15.2025,15.2025,False,False,False,False,False,green_box_midline::green_mid_2,4320.412500,1
1,2025-10-17,2025-10-16,L5,RANGE_WIDE_120_220,CLOSE_POS_UPPER_THIRD,ROWS_EXTENDED_11_PLUS,REGIME_RANGE_CLOSE,1,1,4300.32875,4300.32875,4300.32875,4300.32875,4300.32875,0.0,55.466687,41.321875,41.321875,1.0,1,4289.52,-10.80875,10.80875,10.80875,10.80875,False,False,False,False,False,green_box_quarter::green_box_2_25pct,4300.328750,1
1,2025-10-17,2025-10-16,L6,RANGE_WIDE_120_220,CLOSE_POS_UPPER_THIRD,ROWS_EXTENDED_11_PLUS,REGIME_RANGE_CLOSE,1,1,4290.4125,4290.4125,4290.4125,4290.4125,4290.4125,0.0,84.174875,90.81875,90.81875,1.0,1,4275.71,-14.7025,14.7025,14.7025,14.7025,False,False,False,False,False,red_box_midline::red_mid_1,4290.412500,1
1,2025-10-17,2025-10-16,L7,RANGE_WIDE_120_220,CLOSE_POS_UPPER_THIRD,ROWS_EXTENDED_11_PLUS,REGIME_RANGE_CLOSE,1,1,4270.32875,4270.32875,4270.32875,4270.32875,4270.32875,0.0,83.640187,89.896875,89.896875,1.0,1,4263.05,-7.27875,7.27875,7.27875,7.27875,False,False,False,False,False,red_box_quarter::red_box_1_75pct,4270.328750,1
1,2025-10-20,2025-10-17,L4,RANGE_WIDE_120_220,CLOSE_POS_MIDDLE_THIRD,ROWS_STANDARD_9_10,REGIME_RANGE_ONLY,2,1,4353.7725,4353.7725,4353.7725,4353.7725,4353.7725,0.0,85.082798,92.384135,92.384135,1.0,1,4286.39,-67.3825,67.3825,67.3825,67.3825,False,False,False,False,False,green_box_midline::green_mid_2,4353.772500,1
2,2025-10-20,2025-10-17,L4,RANGE_WIDE_120_220,CLOSE_POS_MIDDLE_THIRD,ROWS_STANDARD_9_10,REGIME_RANGE_ONLY,1,1,4325.85875,4325.85875,4325.85875,4325.85875,4325.85875,0.0,49.712187,38.296875,38.296875,0.5,2,4286.39,-39.46875,39.46875,39.46875,39.46875,False,False,False,False,False,green_box_quarter::green_box_2_25pct,4325.858750,2
1,2025-10-20,2025-10-17,L5,RANGE_WIDE_120_220,CLOSE_POS_MIDDLE_THIRD,ROWS_STANDARD_9_10,REGIME_RANGE_ONLY,1,2,4323.7725,4325.85875,4324.815625,4324.815625,4324.815625,2.08625,73.793843,66.603005,133.20601,1.5,1,4249.57,-75.245625,75.245625,75.245625,75.245625,False,False,False,False,False,red_box_midline::red_mid_1 | green_box_quarter::green_box_2_25pct,4323.772500 | 4325.858750,1 | 2
1,2025-10-20,2025-10-17,L6,RANGE_WIDE_120_220,CLOSE_POS_MIDDLE_THIRD,ROWS_STANDARD_9_10,REGIME_RANGE_ONLY,2,1,4323.7725,4323.7725,4323.7725,4323.7725,4323.7725,0.0,83.951798,90.434135,90.434135,1.0,1,4218.98,-104.7925,104.7925,104.7925,104.7925,False,False,False,False,False,red_box_midline::red_mid_1,4323.772500,1
2,2025-10-20,2025-10-17,L6,RANGE_WIDE_120_220,CLOSE_POS_MIDDLE_THIRD,ROWS_STANDARD_9_10,REGIME_RANGE_ONLY,1,1,4297.945,4297.945,4297.945,4297.945,4297.945,0.0,50.21425,39.1625,39.1625,0.5,2,4218.98,-78.965,78.965,78.965,78.965,False,False,False,False,False,green_box_edge::green_edge_1,4297.945000,2
1,2025-10-20,2025-10-17,L7,RANGE_WIDE_120_220,CLOSE_POS_MIDDLE_THIRD,ROWS_STANDARD_9_10,REGIME_RANGE_ONLY,2,1,4295.85875,4295.85875,4295.85875,4295.85875,4295.85875,0.0,83.417111,89.51226,89.51226,1.0,1,4188.96,-106.89875,106.89875,106.89875,106.89875,False,False,False,False,False,red_box_quarter::red_box_1_75pct,4295.858750,1
2,2025-10-20,2025-10-17,L7,RANGE_WIDE_120_220,CLOSE_POS_MIDDLE_THIRD,ROWS_STANDARD_9_10,REGIME_RANGE_ONLY,1,1,4282.945,4282.945,4282.945,4282.945,4282.945,0.0,73.32725,79.0125,79.0125,0.5,2,4188.96,-93.985,93.985,93.985,93.985,False,False,False,False,False,prior_hlc::previous_mid,4282.945000,2
1,2025-10-21,2025-10-20,L4,RANGE_WIDE_120_220,CLOSE_POS_UPPER_THIRD,ROWS_EXTENDED_11_PLUS,REGIME_RANGE_CLOSE_ROWS,1,1,4339.28,4339.28,4339.28,4339.28,4339.28,0.0,53.463616,37.868304,37.868304,1.0,1,4336.24,-3.04,3.04,3.04,3.04,False,False,True,False,True,green_box_quarter::green_box_2_25pct,4339.280000,1
1,2025-10-21,2025-10-20,L5,RANGE_WIDE_120_220,CLOSE_POS_UPPER_THIRD,ROWS_EXTENDED_11_PLUS,REGIME_RANGE_CLOSE_ROWS,1,1,4333.31,4333.31,4333.31,4333.31,4333.31,0.0,84.767304,91.840179,91.840179,1.0,1,4302.55,-30.76,30.76,30.76,30.76,False,False,False,False,False,red_box_midline::red_mid_1,4333.310000,1
1,2025-10-21,2025-10-20,L6,RANGE_WIDE_120_220,CLOSE_POS_UPPER_THIRD,ROWS_EXTENDED_11_PLUS,REGIME_RANGE_CLOSE_ROWS,1,1,4315.25,4315.25,4315.25,4315.25,4315.25,0.0,53.965679,38.733929,38.733929,1.0,1,4275.67,-39.58,39.58,39.58,39.58,False,False,False,False,False,green_box_edge::green_edge_1,4315.250000,1
1,2025-10-21,2025-10-20,L7,RANGE_WIDE_120_220,CLOSE_POS_UPPER_THIRD,ROWS_EXTENDED_11_PLUS,REGIME_RANGE_CLOSE_ROWS,1,1,4300.25,4300.25,4300.25,4300.25,4300.25,0.0,77.078679,78.583929,78.583929,1.0,1,4241.47,-58.78,58.78,58.78,58.78,False,False,False,False,False,prior_hlc::previous_mid,4300.250000,1
1,2025-10-22,2025-10-21,L4,RANGE_EXTREME_220_PLUS,CLOSE_POS_LOWER_THIRD,ROWS_EXTENDED_11_PLUS,REGIME_CLOSE_ONLY,2,1,4203.52875,4203.52875,4203.52875,4203.52875,4203.52875,0.0,83.542313,89.728125,89.728125,1.0,1,4243.57,40.04125,40.04125,40.04125,40.04125,False,False,False,False,False,green_box_quarter::green_box_1_75pct,4203.528750,1
2,2025-10-22,2025-10-21,L4,RANGE_EXTREME_220_PLUS,CLOSE_POS_LOWER_THIRD,ROWS_EXTENDED_11_PLUS,REGIME_CLOSE_ONLY,1,1,4180.069902,4180.069902,4180.069902,4180.069902,4180.069902,0.0,79.124812,89.008297,89.008297,0.5,2,4243.57,63.500098,63.500098,63.500098,63.500098,False,False,False,False,False,prior_range_fraction::prev_range_0.333333,4180.069902,2
1,2025-10-22,2025-10-21,L5,RANGE_EXTREME_220_PLUS,CLOSE_POS_LOWER_THIRD,ROWS_EXTENDED_11_PLUS,REGIME_CLOSE_ONLY,1,1,4163.1525,4163.1525,4163.1525,4163.1525,4163.1525,0.0,84.225625,90.90625,90.90625,1.0,1,4216.07,52.9175,52.9175,52.9175,52.9175,False,False,False,False,False,green_box_midline::green_mid_1,4163.152500,1
2,2025-10-22,2025-10-21,L5,RANGE_EXTREME_220_PLUS,CLOSE_POS_LOWER_THIRD,ROWS_EXTENDED_11_PLUS,REGIME_CLOSE_ONLY,2,1,4173.52875,4173.52875,4173.52875,4173.52875,4173.52875,0.0,77.921937,86.934375,86.934375,0.5,2,4216.07,42.54125,42.54125,42.54125,42.54125,False,False,False,False,False,red_box_quarter::red_box_2_25pct,4173.528750,2
1,2025-10-22,2025-10-21,L6,RANGE_EXTREME_220_PLUS,CLOSE_POS_LOWER_THIRD,ROWS_EXTENDED_11_PLUS,REGIME_CLOSE_ONLY,2,1,4122.77625,4122.77625,4122.77625,4122.77625,4122.77625,0.0,83.578563,89.790625,89.790625,1.0,1,4182.91,60.13375,60.13375,60.13375,60.13375,False,False,False,False,False,green_box_quarter::green_box_1_25pct,4122.776250,1
2,2025-10-22,2025-10-21,L6,RANGE_EXTREME_220_PLUS,CLOSE_POS_LOWER_THIRD,ROWS_EXTENDED_11_PLUS,REGIME_CLOSE_ONLY,1,1,4092.77625,4092.77625,4092.77625,4092.77625,4092.77625,0.0,78.596187,88.096875,88.096875,0.5,2,4182.91,90.13375,90.13375,90.13375,90.13375,False,False,False,False,False,red_box_quarter::red_box_2_75pct,4092.776250,2
1,2025-10-22,2025-10-21,L7,RANGE_EXTREME_220_PLUS,CLOSE_POS_LOWER_THIRD,ROWS_EXTENDED_11_PLUS,REGIME_CLOSE_ONLY,2,1,4082.4,4082.4,4082.4,4082.4,4082.4,0.0,82.366,87.7,87.7,1.0,1,4144.81,62.41,62.41,62.41,62.41,False,False,False,False,False,prior_hlc::previous_low,4082.400000,1
2,2025-10-22,2025-10-21,L7,RANGE_EXTREME_220_PLUS,CLOSE_POS_LOWER_THIRD,ROWS_EXTENDED_11_PLUS,REGIME_CLOSE_ONLY,1,1,4012.02375,4012.02375,4012.02375,4012.02375,4012.02375,0.0,69.566313,72.528125,72.528125,0.5,2,4144.81,132.78625,132.78625,132.78625,132.78625,False,False,False,False,False,red_box_quarter::red_box_3_25pct,4012.023750,2
1,2025-10-23,2025-10-22,L4,RANGE_WIDE_120_220,CLOSE_POS_MIDDLE_THIRD,ROWS_STANDARD_9_10,REGIME_RANGE_CLOSE_ROWS,1,1,4082.975,4082.975,4082.975,4082.975,4082.975,0.0,55.35975,41.1375,41.1375,1.0,1,4177.89,94.915,94.915,94.915,94.915,False,False,False,False,False,prior_hlc::previous_mid,4082.975000,1
1,2025-10-23,2025-10-22,L5,RANGE_WIDE_120_220,CLOSE_POS_MIDDLE_THIRD,ROWS_STANDARD_9_10,REGIME_RANGE_CLOSE_ROWS,1,1,4056.869948,4056.869948,4056.869948,4056.869948,4056.869948,0.0,84.197927,90.858495,90.858495,1.0,1,4147.32,90.450052,90.450052,90.450052,90.450052,False,False,False,False,False,prior_range_fraction::prev_range_0.333333,4056.869948,1
1,2025-10-23,2025-10-22,L6,RANGE_WIDE_120_220,CLOSE_POS_MIDDLE_THIRD,ROWS_STANDARD_9_10,REGIME_RANGE_CLOSE_ROWS,1,1,4027.98875,4027.98875,4027.98875,4027.98875,4027.98875,0.0,53.429437,37.809375,37.809375,1.0,1,4104.93,76.94125,76.94125,76.94125,76.94125,False,False,False,False,False,green_box_quarter::green_box_1_25pct,4027.988750,1
1,2025-10-23,2025-10-22,L7,RANGE_WIDE_120_220,CLOSE_POS_MIDDLE_THIRD,ROWS_STANDARD_9_10,REGIME_RANGE_CLOSE_ROWS,1,1,4004.66,4004.66,4004.66,4004.66,4004.66,0.0,76.2035,77.075,77.075,1.0,1,4068.85,64.19,64.19,64.19,64.19,False,False,False,False,False,prior_hlc::previous_low,4004.660000,1
1,2025-10-24,2025-10-23,L4,RANGE_NORMAL_60_120,CLOSE_POS_UPPER_THIRD,ROWS_STANDARD_9_10,REGIME_RANGE_CLOSE_ROWS,2,1,4139.91125,4139.91125,4139.91125,4139.91125,4139.91125,0.0,82.792791,88.435846,88.435846,1.0,1,4171.67,31.75875,31.75875,31.75875,31.75875,False,False,False,False,False,red_box_quarter::red_box_1_25pct,4139.911250,1
2,2025-10-24,2025-10-23,L4,RANGE_NORMAL_60_120,CLOSE_POS_UPPER_THIRD,ROWS_STANDARD_9_10,REGIME_RANGE_CLOSE_ROWS,1,1,4132.5825,4132.5825,4132.5825,4132.5825,4132.5825,0.0,76.479721,84.447794,84.447794,0.5,2,4171.67,39.0875,39.0875,39.0875,39.0875,False,False,False,False,False,prior_range_fraction::prev_range_0.75,4132.582500,2
1,2025-10-24,2025-10-23,L5,RANGE_NORMAL_60_120,CLOSE_POS_UPPER_THIRD,ROWS_STANDARD_9_10,REGIME_RANGE_CLOSE_ROWS,1,1,4115.61,4115.61,4115.61,4115.61,4115.61,0.0,83.889637,90.326961,90.326961,1.0,1,4135.65,20.04,20.04,20.04,20.04,False,False,False,False,False,prior_hlc::previous_pivot_hlc3,4115.610000,1
1,2025-10-24,2025-10-23,L6,RANGE_NORMAL_60_120,CLOSE_POS_UPPER_THIRD,ROWS_STANDARD_9_10,REGIME_RANGE_CLOSE_ROWS,2,1,4110.25375,4110.25375,4110.25375,4110.25375,4110.25375,0.0,84.238846,90.929044,90.929044,1.0,1,4099.72,-10.53375,10.53375,10.53375,10.53375,False,False,False,False,False,red_box_quarter::red_box_1_75pct,4110.253750,1
2,2025-10-24,2025-10-23,L6,RANGE_NORMAL_60_120,CLOSE_POS_UPPER_THIRD,ROWS_STANDARD_9_10,REGIME_RANGE_CLOSE_ROWS,1,2,4095.7675,4099.96666,4097.86708,4097.86708,4097.86708,4.19916,79.618075,89.045981,178.091962,0.833333,2,4099.72,1.85292,1.85292,1.85292,1.85292,True,True,True,True,True,green_box_midline::green_mid_1 | prior_range_fraction::prev_range_0.382,4095.767500 | 4099.966660,3 | 2
1,2025-10-24,2025-10-23,L7,RANGE_NORMAL_60_120,CLOSE_POS_UPPER_THIRD,ROWS_STANDARD_9_10,REGIME_RANGE_CLOSE_ROWS,1,2,4077.18875,4080.59625,4078.8925,4078.8925,4078.8925,3.4075,84.91194,90.075643,180.151287,1.333333,1,4061.44,-17.4525,17.4525,17.4525,17.4525,False,False,False,False,False,prior_range_fraction::prev_range_0.125 | red_box_quarter::red_box_2_25pct,4077.188750 | 4080.596250,1 | 3
2,2025-10-24,2025-10-23,L7,RANGE_NORMAL_60_120,CLOSE_POS_UPPER_THIRD,ROWS_STANDARD_9_10,REGIME_RANGE_CLOSE_ROWS,2,1,4095.425,4095.425,4095.425,4095.425,4095.425,0.0,79.024471,88.835294,88.835294,0.5,2,4061.44,-33.985,33.985,33.985,33.985,False,False,False,False,False,red_box_edge::red_edge_1,4095.425000,2
1,2025-10-27,2025-10-24,L4,RANGE_NORMAL_60_120,CLOSE_POS_UPPER_THIRD,ROWS_STANDARD_9_10,REGIME_RANGE_CLOSE_ROWS,3,1,4158.24375,4158.24375,4158.24375,4158.24375,4158.24375,0.0,83.759813,90.103125,90.103125,1.0,1,4166.24,7.99625,7.99625,7.99625,7.99625,False,False,False,False,False,green_box_quarter::green_box_2_75pct,4158.243750,1
2,2025-10-27,2025-10-24,L4,RANGE_NORMAL_60_120,CLOSE_POS_UPPER_THIRD,ROWS_STANDARD_9_10,REGIME_RANGE_CLOSE_ROWS,2,1,4128.24375,4128.24375,4128.24375,4128.24375,4128.24375,0.0,78.690438,88.259375,88.259375,0.5,2,4166.24,37.99625,37.99625,37.99625,37.99625,False,False,False,False,False,red_box_quarter::red_box_1_25pct,4128.243750,2
3,2025-10-27,2025-10-24,L4,RANGE_NORMAL_60_120,CLOSE_POS_UPPER_THIRD,ROWS_STANDARD_9_10,REGIME_RANGE_CLOSE_ROWS,1,1,4119.4875,4119.4875,4119.4875,4119.4875,4119.4875,0.0,75.009917,84.2125,84.2125,0.333333,3,4166.24,46.7525,46.7525,46.7525,46.7525,False,False,False,False,False,prior_range_fraction::prev_range_0.75,4119.487500,3
1,2025-10-27,2025-10-24,L5,RANGE_NORMAL_60_120,CLOSE_POS_UPPER_THIRD,ROWS_STANDARD_9_10,REGIME_RANGE_CLOSE_ROWS,1,1,4100.403333,4100.403333,4100.403333,4100.403333,4100.403333,0.0,83.753167,90.091667,90.091667,1.0,1,4129.36,28.956667,28.956667,28.956667,28.956667,False,False,False,False,False,prior_hlc::previous_pivot_hlc3,4100.403333,1
2,2025-10-27,2025-10-24,L5,RANGE_NORMAL_60_120,CLOSE_POS_UPPER_THIRD,ROWS_STANDARD_9_10,REGIME_RANGE_CLOSE_ROWS,2,1,4119.4875,4119.4875,4119.4875,4119.4875,4119.4875,0.0,52.342125,42.83125,42.83125,0.5,2,4129.36,9.8725,9.8725,9.8725,9.8725,False,False,False,False,False,prior_range_fraction::prev_range_0.75,4119.487500,2
1,2025-10-27,2025-10-24,L6,RANGE_NORMAL_60_120,CLOSE_POS_UPPER_THIRD,ROWS_STANDARD_9_10,REGIME_RANGE_CLOSE_ROWS,2,1,4082.6691,4082.6691,4082.6691,4082.6691,4082.6691,0.0,86.312436,94.5042,94.5042,1.0,1,4091.91,9.2409,9.2409,9.2409,9.2409,False,False,False,False,False,prior_range_fraction::prev_range_0.382,4082.669100,1
2,2025-10-27,2025-10-24,L6,RANGE_NORMAL_60_120,CLOSE_POS_UPPER_THIRD,ROWS_STANDARD_9_10,REGIME_RANGE_CLOSE_ROWS,3,1,4095.73125,4095.73125,4095.73125,4095.73125,4095.73125,0.0,80.102375,90.69375,90.69375,0.5,2,4091.91,-3.82125,3.82125,3.82125,3.82125,False,False,True,False,True,red_box_quarter::red_box_1_75pct,4095.731250,2
3,2025-10-27,2025-10-24,L6,RANGE_NORMAL_60_120,CLOSE_POS_UPPER_THIRD,ROWS_STANDARD_9_10,REGIME_RANGE_CLOSE_ROWS,1,1,4076.9625,4076.9625,4076.9625,4076.9625,4076.9625,0.0,77.65375,88.770833,88.770833,0.333333,3,4091.91,14.9475,14.9475,14.9475,14.9475,False,False,False,False,False,green_box_midline::green_mid_1,4076.962500,3
1,2025-10-27,2025-10-24,L7,RANGE_NORMAL_60_120,CLOSE_POS_UPPER_THIRD,ROWS_STANDARD_9_10,REGIME_RANGE_CLOSE_ROWS,2,1,4056.95625,4056.95625,4056.95625,4056.95625,4056.95625,0.0,84.492063,91.365625,91.365625,1.0,1,4056.5,-0.45625,0.45625,0.45625,0.45625,False,True,True,True,True,prior_range_fraction::prev_range_0.125,4056.956250,1
2,2025-10-27,2025-10-24,L7,RANGE_NORMAL_60_120,CLOSE_POS_UPPER_THIRD,ROWS_STANDARD_9_10,REGIME_RANGE_CLOSE_ROWS,4,1,4079.475,4079.475,4079.475,4079.475,4079.475,0.0,78.888,88.6,88.6,0.5,2,4056.5,-22.975,22.975,22.975,22.975,False,False,False,False,False,red_box_edge::red_edge_1,4079.475000,2
3,2025-10-27,2025-10-24,L7,RANGE_NORMAL_60_120,CLOSE_POS_UPPER_THIRD,ROWS_STANDARD_9_10,REGIME_RANGE_CLOSE_ROWS,3,1,4063.21875,4063.21875,4063.21875,4063.21875,4063.21875,0.0,77.548625,88.589583,88.589583,0.333333,3,4056.5,-6.71875,6.71875,6.71875,6.71875,False,False,False,False,False,red_box_quarter::red_box_2_25pct,4063.218750,3
4,2025-10-27,2025-10-24,L7,RANGE_NORMAL_60_120,CLOSE_POS_UPPER_THIRD,ROWS_STANDARD_9_10,REGIME_RANGE_CLOSE_ROWS,1,1,4046.9625,4046.9625,4046.9625,4046.9625,4046.9625,0.0,48.515125,39.68125,39.68125,0.25,4,4056.5,9.5375,9.5375,9.5375,9.5375,False,False,False,False,False,red_box_midline::red_mid_2,4046.962500,4
1,2025-10-28,2025-10-27,L4,RANGE_WIDE_120_220,CLOSE_POS_LOWER_THIRD,ROWS_EXTENDED_11_PLUS,REGIME_RANGE_ONLY,4,1,4097.3,4097.3,4097.3,4097.3,4097.3,0.0,84.237454,90.926645,90.926645,1.0,1,4133.51,36.21,36.21,36.21,36.21,False,False,False,False,False,green_box_midline::green_mid_2,4097.300000,1
2,2025-10-28,2025-10-27,L4,RANGE_WIDE_120_220,CLOSE_POS_LOWER_THIRD,ROWS_EXTENDED_11_PLUS,REGIME_RANGE_ONLY,2,1,4067.3,4067.3,4067.3,4067.3,4067.3,0.0,71.528868,75.911842,75.911842,0.5,2,4133.51,66.21,66.21,66.21,66.21,False,False,False,False,False,red_box_midline::red_mid_1,4067.300000,2
3,2025-10-28,2025-10-27,L4,RANGE_WIDE_120_220,CLOSE_POS_LOWER_THIRD,ROWS_EXTENDED_11_PLUS,REGIME_RANGE_ONLY,1,1,4040.39,4040.39,4040.39,4040.39,4040.39,0.0,49.545627,40.308553,40.308553,0.333333,3,4133.51,93.12,93.12,93.12,93.12,False,False,False,False,False,prior_hlc::previous_mid,4040.390000,3
4,2025-10-28,2025-10-27,L4,RANGE_WIDE_120_220,CLOSE_POS_LOWER_THIRD,ROWS_EXTENDED_11_PLUS,REGIME_RANGE_ONLY,3,1,4076.345,4076.345,4076.345,4076.345,4076.345,0.0,46.61324,36.402138,36.402138,0.25,4,4133.51,57.165,57.165,57.165,57.165,False,False,False,False,False,green_box_quarter::green_box_2_25pct,4076.345000,4
5,2025-10-28,2025-10-27,L4,RANGE_WIDE_120_220,CLOSE_POS_LOWER_THIRD,ROWS_EXTENDED_11_PLUS,REGIME_RANGE_ONLY,5,1,4118.255,4118.255,4118.255,4118.255,4118.255,0.0,29.186997,7.046546,7.046546,0.2,5,4133.51,15.255,15.255,15.255,15.255,False,False,False,False,False,green_box_quarter::green_box_2_75pct,4118.255000,5
1,2025-10-28,2025-10-27,L5,RANGE_WIDE_120_220,CLOSE_POS_LOWER_THIRD,ROWS_EXTENDED_11_PLUS,REGIME_RANGE_ONLY,3,1,4067.3,4067.3,4067.3,4067.3,4067.3,0.0,83.916928,90.374013,90.374013,1.0,1,4092.09,24.79,24.79,24.79,24.79,False,False,False,False,False,red_box_midline::red_mid_1,4067.300000,1
2,2025-10-28,2025-10-27,L5,RANGE_WIDE_120_220,CLOSE_POS_LOWER_THIRD,ROWS_EXTENDED_11_PLUS,REGIME_RANGE_ONLY,1,1,4017.449954,4017.449954,4017.449954,4017.449954,4017.449954,0.0,79.717138,90.029548,90.029548,0.5,2,4092.09,74.640046,74.640046,74.640046,74.640046,False,False,False,False,False,prior_range_fraction::prev_range_0.333333,4017.449954,2
3,2025-10-28,2025-10-27,L5,RANGE_WIDE_120_220,CLOSE_POS_LOWER_THIRD,ROWS_EXTENDED_11_PLUS,REGIME_RANGE_ONLY,2,1,4040.39,4040.39,4040.39,4040.39,4040.39,0.0,71.109035,77.486842,77.486842,0.333333,3,4092.09,51.7,51.7,51.7,51.7,False,False,False,False,False,prior_hlc::previous_mid,4040.390000,3
4,2025-10-28,2025-10-27,L5,RANGE_WIDE_120_220,CLOSE_POS_LOWER_THIRD,ROWS_EXTENDED_11_PLUS,REGIME_RANGE_ONLY,5,1,4097.3,4097.3,4097.3,4097.3,4097.3,0.0,70.246809,77.149671,77.149671,0.25,4,4092.09,-5.21,5.21,5.21,5.21,False,False,False,False,False,green_box_midline::green_mid_2,4097.300000,4
5,2025-10-28,2025-10-27,L5,RANGE_WIDE_120_220,CLOSE_POS_LOWER_THIRD,ROWS_EXTENDED_11_PLUS,REGIME_RANGE_ONLY,4,1,4076.345,4076.345,4076.345,4076.345,4076.345,0.0,47.998267,39.47977,39.47977,0.2,5,4092.09,15.745,15.745,15.745,15.745,False,False,False,False,False,green_box_quarter::green_box_2_25pct,4076.345000,5
1,2025-10-28,2025-10-27,L6,RANGE_WIDE_120_220,CLOSE_POS_LOWER_THIRD,ROWS_EXTENDED_11_PLUS,REGIME_RANGE_ONLY,4,1,4067.3,4067.3,4067.3,4067.3,4067.3,0.0,83.106454,88.976645,88.976645,1.0,1,4059.5,-7.8,7.8,7.8,7.8,False,False,False,False,False,red_box_midline::red_mid_1,4067.300000,1
2,2025-10-28,2025-10-27,L6,RANGE_WIDE_120_220,CLOSE_POS_LOWER_THIRD,ROWS_EXTENDED_11_PLUS,REGIME_RANGE_ONLY,2,1,4017.449954,4017.449954,4017.449954,4017.449954,4017.449954,0.0,72.21029,77.086707,77.086707,0.5,2,4059.5,42.050046,42.050046,42.050046,42.050046,False,False,False,False,False,prior_range_fraction::prev_range_0.333333,4017.449954,2
3,2025-10-28,2025-10-27,L6,RANGE_WIDE_120_220,CLOSE_POS_LOWER_THIRD,ROWS_EXTENDED_11_PLUS,REGIME_RANGE_ONLY,3,2,4055.39,4056.63152,4056.01076,4056.01076,4056.01076,1.24152,51.325944,39.227267,78.454534,0.583333,3,4059.5,3.48924,3.48924,3.48924,3.48924,False,False,True,True,True,green_box_edge::green_edge_1 | prior_range_fraction::prev_range_0.618,4055.390000 | 4056.631520,4 | 3
4,2025-10-28,2025-10-27,L6,RANGE_WIDE_120_220,CLOSE_POS_LOWER_THIRD,ROWS_EXTENDED_11_PLUS,REGIME_RANGE_ONLY,1,1,3992.525,3992.525,3992.525,3992.525,3992.525,0.0,46.548648,36.980428,36.980428,0.2,5,4059.5,66.975,66.975,66.975,66.975,False,False,False,False,False,green_box_quarter::green_box_1_25pct,3992.525000,5
1,2025-10-28,2025-10-27,L7,RANGE_WIDE_120_220,CLOSE_POS_LOWER_THIRD,ROWS_EXTENDED_11_PLUS,REGIME_RANGE_ONLY,3,1,4025.39,4025.39,4025.39,4025.39,4025.39,0.0,84.674934,91.680921,91.680921,1.0,1,4025.25,-0.14,0.14,0.14,0.14,False,True,True,True,True,red_box_edge::red_edge_1,4025.390000,1
2,2025-10-28,2025-10-27,L7,RANGE_WIDE_120_220,CLOSE_POS_LOWER_THIRD,ROWS_EXTENDED_11_PLUS,REGIME_RANGE_ONLY,2,1,3992.525,3992.525,3992.525,3992.525,3992.525,0.0,79.126868,89.011842,89.011842,0.5,2,4025.25,32.725,32.725,32.725,32.725,False,False,False,False,False,green_box_quarter::green_box_1_25pct,3992.525000,2
3,2025-10-28,2025-10-27,L7,RANGE_WIDE_120_220,CLOSE_POS_LOWER_THIRD,ROWS_EXTENDED_11_PLUS,REGIME_RANGE_ONLY,5,1,4046.345,4046.345,4046.345,4046.345,4046.345,0.0,77.238433,88.05477,88.05477,0.333333,3,4025.25,-21.095,21.095,21.095,21.095,False,False,False,False,False,red_box_quarter::red_box_1_75pct,4046.345000,3
4,2025-10-28,2025-10-27,L7,RANGE_WIDE_120_220,CLOSE_POS_LOWER_THIRD,ROWS_EXTENDED_11_PLUS,REGIME_RANGE_ONLY,4,1,4040.39,4040.39,4040.39,4040.39,4040.39,0.0,70.228303,77.117763,77.117763,0.25,4,4025.25,-15.14,15.14,15.14,15.14,False,False,False,False,False,prior_hlc::previous_mid,4040.390000,4
5,2025-10-28,2025-10-27,L7,RANGE_WIDE_120_220,CLOSE_POS_LOWER_THIRD,ROWS_EXTENDED_11_PLUS,REGIME_RANGE_ONLY,1,1,3971.57,3971.57,3971.57,3971.57,3971.57,0.0,69.322711,76.246053,76.246053,0.2,5,4025.25,53.68,53.68,53.68,53.68,False,False,False,False,False,prior_hlc::previous_low,3971.570000,5
1,2025-10-29,2025-10-28,L4,RANGE_WIDE_120_220,CLOSE_POS_MIDDLE_THIRD,ROWS_STANDARD_9_10,REGIME_RANGE_CLOSE_ROWS,1,1,3953.17,3953.17,3953.17,3953.17,3953.17,0.0,54.75075,40.0875,40.0875,1.0,1,4053.69,100.52,100.52,100.52,100.52,False,False,False,False,False,prior_hlc::previous_mid,3953.170000,1
2,2025-10-29,2025-10-28,L4,RANGE_WIDE_120_220,CLOSE_POS_MIDDLE_THIRD,ROWS_STANDARD_9_10,REGIME_RANGE_CLOSE_ROWS,2,1,4029.3325,4029.3325,4029.3325,4029.3325,4029.3325,0.0,31.431313,6.778125,6.778125,0.5,2,4053.69,24.3575,24.3575,24.3575,24.3575,False,False,False,False,False,green_box_quarter::green_box_2_75pct,4029.332500,2
1,2025-10-29,2025-10-28,L5,RANGE_WIDE_120_220,CLOSE_POS_MIDDLE_THIRD,ROWS_STANDARD_9_10,REGIME_RANGE_CLOSE_ROWS,1,1,3930.986622,3930.986622,3930.986622,3930.986622,3930.986622,0.0,83.588927,89.808495,89.808495,1.0,1,4020.72,89.733378,89.733378,89.733378,89.733378,False,False,False,False,False,prior_range_fraction::prev_range_0.333333,3930.986622,1
2,2025-10-29,2025-10-28,L5,RANGE_WIDE_120_220,CLOSE_POS_MIDDLE_THIRD,ROWS_STANDARD_9_10,REGIME_RANGE_CLOSE_ROWS,2,1,4008.945,4008.945,4008.945,4008.945,4008.945,0.0,72.091125,76.88125,76.88125,0.5,2,4020.72,11.775,11.775,11.775,11.775,False,False,False,False,False,green_box_midline::green_mid_2,4008.945000,2
1,2025-10-29,2025-10-28,L6,RANGE_WIDE_120_220,CLOSE_POS_MIDDLE_THIRD,ROWS_STANDARD_9_10,REGIME_RANGE_CLOSE_ROWS,2,1,3968.8758,3968.8758,3968.8758,3968.8758,3968.8758,0.0,55.232643,40.91835,40.91835,1.0,1,3988.68,19.8042,19.8042,19.8042,19.8042,False,False,False,False,False,prior_range_fraction::prev_range_0.618,3968.875800,1
2,2025-10-29,2025-10-28,L6,RANGE_WIDE_120_220,CLOSE_POS_MIDDLE_THIRD,ROWS_STANDARD_9_10,REGIME_RANGE_CLOSE_ROWS,1,1,3907.0075,3907.0075,3907.0075,3907.0075,3907.0075,0.0,48.820437,36.759375,36.759375,0.5,2,3988.68,81.6725,81.6725,81.6725,81.6725,False,False,False,False,False,green_box_quarter::green_box_1_25pct,3907.007500,2
1,2025-10-29,2025-10-28,L7,RANGE_WIDE_120_220,CLOSE_POS_MIDDLE_THIRD,ROWS_STANDARD_9_10,REGIME_RANGE_CLOSE_ROWS,2,1,3938.17,3938.17,3938.17,3938.17,3938.17,0.0,84.51925,91.4125,91.4125,1.0,1,3960.38,22.21,22.21,22.21,22.21,False,False,False,False,False,red_box_edge::red_edge_1,3938.170000,1
2,2025-10-29,2025-10-28,L7,RANGE_WIDE_120_220,CLOSE_POS_MIDDLE_THIRD,ROWS_STANDARD_9_10,REGIME_RANGE_CLOSE_ROWS,1,1,3886.62,3886.62,3886.62,3886.62,3886.62,0.0,71.5945,76.025,76.025,0.5,2,3960.38,73.76,73.76,73.76,73.76,False,False,False,False,False,prior_hlc::previous_low,3886.620000,2
1,2025-10-30,2025-10-29,L4,RANGE_NORMAL_60_120,CLOSE_POS_LOWER_THIRD,ROWS_EXTENDED_11_PLUS,REGIME_RANGE_CLOSE,1,1,3968.91875,3968.91875,3968.91875,3968.91875,3968.91875,0.0,83.012027,88.813839,88.813839,1.0,1,4090.3,121.38125,121.38125,121.38125,121.38125,False,False,False,False,False,green_box_quarter::green_box_1_75pct,3968.918750,1
1,2025-10-30,2025-10-29,L5,RANGE_NORMAL_60_120,CLOSE_POS_LOWER_THIRD,ROWS_EXTENDED_11_PLUS,REGIME_RANGE_CLOSE,1,1,3950.6725,3950.6725,3950.6725,3950.6725,3950.6725,0.0,83.695339,89.991964,89.991964,1.0,1,4056.8,106.1275,106.1275,106.1275,106.1275,False,False,False,False,False,green_box_midline::green_mid_1,3950.672500,1
1,2025-10-30,2025-10-29,L6,RANGE_NORMAL_60_120,CLOSE_POS_LOWER_THIRD,ROWS_EXTENDED_11_PLUS,REGIME_RANGE_CLOSE,1,1,3932.42625,3932.42625,3932.42625,3932.42625,3932.42625,0.0,83.048277,88.876339,88.876339,1.0,1,4023.85,91.42375,91.42375,91.42375,91.42375,False,False,False,False,False,green_box_quarter::green_box_1_25pct,3932.426250,1
1,2025-10-30,2025-10-29,L7,RANGE_NORMAL_60_120,CLOSE_POS_LOWER_THIRD,ROWS_EXTENDED_11_PLUS,REGIME_RANGE_CLOSE,1,1,3914.18,3914.18,3914.18,3914.18,3914.18,0.0,81.835714,86.785714,86.785714,1.0,1,3991.27,77.09,77.09,77.09,77.09,False,False,False,False,False,prior_hlc::previous_low,3914.180000,1
1,2025-10-31,2025-10-30,L4,RANGE_NORMAL_60_120,CLOSE_POS_UPPER_THIRD,ROWS_STANDARD_9_10,REGIME_RANGE_CLOSE_ROWS,2,1,4009.49875,4009.49875,4009.49875,4009.49875,4009.49875,0.0,82.374074,87.71392,87.71392,1.0,1,4053.95,44.45125,44.45125,44.45125,44.45125,False,False,False,False,False,red_box_quarter::red_box_1_25pct,4009.498750,1
2,2025-10-31,2025-10-30,L4,RANGE_NORMAL_60_120,CLOSE_POS_UPPER_THIRD,ROWS_STANDARD_9_10,REGIME_RANGE_CLOSE_ROWS,1,1,3999.2775,3999.2775,3999.2775,3999.2775,3999.2775,0.0,75.921432,83.485227,83.485227,0.5,2,4053.95,54.6725,54.6725,54.6725,54.6725,False,False,False,False,False,prior_range_fraction::prev_range_0.75,3999.277500,2
3,2025-10-31,2025-10-30,L4,RANGE_NORMAL_60_120,CLOSE_POS_UPPER_THIRD,ROWS_STANDARD_9_10,REGIME_RANGE_CLOSE_ROWS,3,1,4039.49875,4039.49875,4039.49875,4039.49875,4039.49875,0.0,56.319746,51.988068,51.988068,0.333333,3,4053.95,14.45125,14.45125,14.45125,14.45125,False,False,False,False,False,green_box_quarter::green_box_2_75pct,4039.498750,3
1,2025-10-31,2025-10-30,L5,RANGE_NORMAL_60_120,CLOSE_POS_UPPER_THIRD,ROWS_STANDARD_9_10,REGIME_RANGE_CLOSE_ROWS,3,1,4009.49875,4009.49875,4009.49875,4009.49875,4009.49875,0.0,84.216892,90.891193,90.891193,1.0,1,4020.43,10.93125,10.93125,10.93125,10.93125,False,False,False,False,False,red_box_quarter::red_box_1_25pct,4009.498750,1
2,2025-10-31,2025-10-30,L5,RANGE_NORMAL_60_120,CLOSE_POS_UPPER_THIRD,ROWS_STANDARD_9_10,REGIME_RANGE_CLOSE_ROWS,1,1,3988.983333,3988.983333,3988.983333,3988.983333,3988.983333,0.0,79.331349,89.364394,89.364394,0.5,2,4020.43,31.446667,31.446667,31.446667,31.446667,False,False,False,False,False,prior_hlc::previous_pivot_hlc3,3988.983333,2
3,2025-10-31,2025-10-30,L5,RANGE_NORMAL_60_120,CLOSE_POS_UPPER_THIRD,ROWS_STANDARD_9_10,REGIME_RANGE_CLOSE_ROWS,2,1,3999.2775,3999.2775,3999.2775,3999.2775,3999.2775,0.0,50.376064,41.740341,41.740341,0.333333,3,4020.43,21.1525,21.1525,21.1525,21.1525,False,False,False,False,False,prior_range_fraction::prev_range_0.75,3999.277500,3
1,2025-10-31,2025-10-30,L6,RANGE_NORMAL_60_120,CLOSE_POS_UPPER_THIRD,ROWS_STANDARD_9_10,REGIME_RANGE_CLOSE_ROWS,2,1,3958.14614,3958.14614,3958.14614,3958.14614,3958.14614,0.0,85.679709,93.413291,93.413291,1.0,1,3988.15,30.00386,30.00386,30.00386,30.00386,False,False,False,False,False,prior_range_fraction::prev_range_0.382,3958.146140,1
2,2025-10-31,2025-10-30,L6,RANGE_NORMAL_60_120,CLOSE_POS_UPPER_THIRD,ROWS_STANDARD_9_10,REGIME_RANGE_CLOSE_ROWS,3,1,3968.61375,3968.61375,3968.61375,3968.61375,3968.61375,0.0,79.937767,90.409943,90.409943,0.5,2,3988.15,19.53625,19.53625,19.53625,19.53625,False,False,False,False,False,green_box_quarter::green_box_1_75pct,3968.613750,2
3,2025-10-31,2025-10-30,L6,RANGE_NORMAL_60_120,CLOSE_POS_UPPER_THIRD,ROWS_STANDARD_9_10,REGIME_RANGE_CLOSE_ROWS,4,1,3974.05625,3974.05625,3974.05625,3974.05625,3974.05625,0.0,78.347223,89.966477,89.966477,0.333333,3,3988.15,14.09375,14.09375,14.09375,14.09375,False,False,False,False,False,red_box_quarter::red_box_1_75pct,3974.056250,3
4,2025-10-31,2025-10-30,L6,RANGE_NORMAL_60_120,CLOSE_POS_UPPER_THIRD,ROWS_STANDARD_9_10,REGIME_RANGE_CLOSE_ROWS,1,1,3950.8925,3950.8925,3950.8925,3950.8925,3950.8925,0.0,76.951932,88.710227,88.710227,0.25,4,3988.15,37.2575,37.2575,37.2575,37.2575,False,False,False,False,False,green_box_midline::green_mid_1,3950.892500,4
1,2025-10-31,2025-10-30,L7,RANGE_NORMAL_60_120,CLOSE_POS_UPPER_THIRD,ROWS_STANDARD_9_10,REGIME_RANGE_CLOSE_ROWS,2,1,3929.42125,3929.42125,3929.42125,3929.42125,3929.42125,0.0,86.335704,94.544318,94.544318,1.0,1,3959.89,30.46875,30.46875,30.46875,30.46875,False,False,False,False,False,prior_range_fraction::prev_range_0.125,3929.421250,1
2,2025-10-31,2025-10-30,L7,RANGE_NORMAL_60_120,CLOSE_POS_UPPER_THIRD,ROWS_STANDARD_9_10,REGIME_RANGE_CLOSE_ROWS,3,1,3938.61375,3938.61375,3938.61375,3938.61375,3938.61375,0.0,78.846807,88.528977,88.528977,0.5,2,3959.89,21.27625,21.27625,21.27625,21.27625,False,False,False,False,False,red_box_quarter::red_box_2_25pct,3938.613750,2
3,2025-10-31,2025-10-30,L7,RANGE_NORMAL_60_120,CLOSE_POS_UPPER_THIRD,ROWS_STANDARD_9_10,REGIME_RANGE_CLOSE_ROWS,4,1,3956.335,3956.335,3956.335,3956.335,3956.335,0.0,77.132848,87.872727,87.872727,0.333333,3,3959.89,3.555,3.555,3.555,3.555,False,False,True,False,True,red_box_edge::red_edge_1,3956.335000,3
4,2025-10-31,2025-10-30,L7,RANGE_NORMAL_60_120,CLOSE_POS_UPPER_THIRD,ROWS_STANDARD_9_10,REGIME_RANGE_CLOSE_ROWS,1,1,3920.8925,3920.8925,3920.8925,3920.8925,3920.8925,0.0,47.882398,38.590341,38.590341,0.25,4,3959.89,38.9975,38.9975,38.9975,38.9975,False,False,False,False,False,red_box_midline::red_mid_2,3920.892500,4
1,2025-11-03,2025-10-31,L4,RANGE_NORMAL_60_120,CLOSE_POS_MIDDLE_THIRD,ROWS_EXTENDED_11_PLUS,REGIME_RANGE_CLOSE,2,1,4024.215,4024.215,4024.215,4024.215,4024.215,0.0,84.450848,91.294565,91.294565,1.0,1,4042.58,18.365,18.365,18.365,18.365,False,False,False,False,False,green_box_edge::green_edge_1,4024.215000,1
2,2025-11-03,2025-10-31,L4,RANGE_NORMAL_60_120,CLOSE_POS_MIDDLE_THIRD,ROWS_EXTENDED_11_PLUS,REGIME_RANGE_CLOSE,1,1,4002.19,4002.19,4002.19,4002.19,4002.19,0.0,70.569413,74.257609,74.257609,0.5,2,4042.58,40.39,40.39,40.39,40.39,False,False,False,False,False,prior_hlc::previous_close,4002.190000,2
1,2025-11-03,2025-10-31,L5,RANGE_NORMAL_60_120,CLOSE_POS_MIDDLE_THIRD,ROWS_EXTENDED_11_PLUS,REGIME_RANGE_CLOSE,2,1,4007.21375,4007.21375,4007.21375,4007.21375,4007.21375,0.0,84.454473,91.300815,91.300815,1.0,1,4013.99,6.77625,6.77625,6.77625,6.77625,False,False,False,False,False,red_box_quarter::red_box_1_75pct,4007.213750,1
2,2025-11-03,2025-10-31,L5,RANGE_NORMAL_60_120,CLOSE_POS_MIDDLE_THIRD,ROWS_EXTENDED_11_PLUS,REGIME_RANGE_CLOSE,1,1,3985.21875,3985.21875,3985.21875,3985.21875,3985.21875,0.0,77.723351,86.591984,86.591984,0.5,2,4013.99,28.77125,28.77125,28.77125,28.77125,False,False,False,False,False,green_box_quarter::green_box_1_25pct,3985.218750,2
1,2025-11-03,2025-10-31,L6,RANGE_NORMAL_60_120,CLOSE_POS_MIDDLE_THIRD,ROWS_EXTENDED_11_PLUS,REGIME_RANGE_CLOSE,2,1,3994.215,3994.215,3994.215,3994.215,3994.215,0.0,83.595348,89.819565,89.819565,1.0,1,3985.4,-8.815,8.815,8.815,8.815,False,False,False,False,False,red_box_edge::red_edge_1,3994.215000,1
2,2025-11-03,2025-10-31,L6,RANGE_NORMAL_60_120,CLOSE_POS_MIDDLE_THIRD,ROWS_EXTENDED_11_PLUS,REGIME_RANGE_CLOSE,1,1,3968.2175,3968.2175,3968.2175,3968.2175,3968.2175,0.0,69.920538,73.138859,73.138859,0.5,2,3985.4,17.1825,17.1825,17.1825,17.1825,False,False,False,False,False,red_box_midline::red_mid_2,3968.217500,2
1,2025-11-03,2025-10-31,L7,RANGE_NORMAL_60_120,CLOSE_POS_MIDDLE_THIRD,ROWS_EXTENDED_11_PLUS,REGIME_RANGE_CLOSE,2,1,3981.21625,3981.21625,3981.21625,3981.21625,3981.21625,0.0,84.309473,91.050815,91.050815,1.0,1,3953.24,-27.97625,27.97625,27.97625,27.97625,False,False,False,False,False,red_box_quarter::red_box_2_25pct,3981.216250,1
2,2025-11-03,2025-10-31,L7,RANGE_NORMAL_60_120,CLOSE_POS_MIDDLE_THIRD,ROWS_EXTENDED_11_PLUS,REGIME_RANGE_CLOSE,1,1,3942.22,3942.22,3942.22,3942.22,3942.22,0.0,35.348913,13.532609,13.532609,0.5,2,3953.24,11.02,11.02,11.02,11.02,False,False,False,False,False,red_box_edge::red_edge_2,3942.220000,2
1,2025-11-04,2025-11-03,L4,RANGE_NORMAL_60_120,CLOSE_POS_MIDDLE_THIRD,ROWS_STANDARD_9_10,REGIME_RANGE_CLOSE_ROWS,2,1,4011.435,4011.435,4011.435,4011.435,4011.435,0.0,84.3815,91.175,91.175,1.0,1,4037.15,25.715,25.715,25.715,25.715,False,False,False,False,False,green_box_edge::green_edge_1,4011.435000,1
2,2025-11-04,2025-11-03,L4,RANGE_NORMAL_60_120,CLOSE_POS_MIDDLE_THIRD,ROWS_STANDARD_9_10,REGIME_RANGE_CLOSE_ROWS,1,1,4001.26,4001.26,4001.26,4001.26,4001.26,0.0,70.5505,74.225,74.225,0.5,2,4037.15,35.89,35.89,35.89,35.89,False,False,False,False,False,prior_hlc::previous_close,4001.260000,2
1,2025-11-04,2025-11-03,L5,RANGE_NORMAL_60_120,CLOSE_POS_MIDDLE_THIRD,ROWS_STANDARD_9_10,REGIME_RANGE_CLOSE_ROWS,2,1,3993.73125,3993.73125,3993.73125,3993.73125,3993.73125,0.0,84.385125,91.18125,91.18125,1.0,1,4011.32,17.58875,17.58875,17.58875,17.58875,False,False,False,False,False,red_box_quarter::red_box_1_75pct,3993.731250,1
2,2025-11-04,2025-11-03,L5,RANGE_NORMAL_60_120,CLOSE_POS_MIDDLE_THIRD,ROWS_STANDARD_9_10,REGIME_RANGE_CLOSE_ROWS,1,1,3974.54625,3974.54625,3974.54625,3974.54625,3974.54625,0.0,77.704437,86.559375,86.559375,0.5,2,4011.32,36.77375,36.77375,36.77375,36.77375,False,False,False,False,False,green_box_quarter::green_box_1_25pct,3974.546250,2
1,2025-11-04,2025-11-03,L6,RANGE_NORMAL_60_120,CLOSE_POS_MIDDLE_THIRD,ROWS_STANDARD_9_10,REGIME_RANGE_CLOSE_ROWS,2,1,3981.435,3981.435,3981.435,3981.435,3981.435,0.0,83.526,89.7,89.7,1.0,1,3978.19,-3.245,3.245,3.245,3.245,False,False,True,False,True,red_box_edge::red_edge_1,3981.435000,1
2,2025-11-04,2025-11-03,L6,RANGE_NORMAL_60_120,CLOSE_POS_MIDDLE_THIRD,ROWS_STANDARD_9_10,REGIME_RANGE_CLOSE_ROWS,1,1,3956.8425,3956.8425,3956.8425,3956.8425,3956.8425,0.0,69.901625,73.10625,73.10625,0.5,2,3978.19,21.3475,21.3475,21.3475,21.3475,False,False,False,False,False,red_box_midline::red_mid_2,3956.842500,2
1,2025-11-04,2025-11-03,L7,RANGE_NORMAL_60_120,CLOSE_POS_MIDDLE_THIRD,ROWS_STANDARD_9_10,REGIME_RANGE_CLOSE_ROWS,2,1,3969.13875,3969.13875,3969.13875,3969.13875,3969.13875,0.0,84.240125,90.93125,90.93125,1.0,1,3947.62,-21.51875,21.51875,21.51875,21.51875,False,False,False,False,False,red_box_quarter::red_box_2_25pct,3969.138750,1
2,2025-11-04,2025-11-03,L7,RANGE_NORMAL_60_120,CLOSE_POS_MIDDLE_THIRD,ROWS_STANDARD_9_10,REGIME_RANGE_CLOSE_ROWS,1,1,3932.25,3932.25,3932.25,3932.25,3932.25,0.0,35.33,13.5,13.5,0.5,2,3947.62,15.37,15.37,15.37,15.37,False,False,False,False,False,red_box_edge::red_edge_2,3932.250000,2
1,2025-11-05,2025-11-04,L4,RANGE_NORMAL_60_120,CLOSE_POS_LOWER_THIRD,ROWS_SPARSE_1_8,REGIME_RANGE_CLOSE,1,1,3968.95125,3968.95125,3968.95125,3968.95125,3968.95125,0.0,82.799913,88.448125,88.448125,1.0,1,3973.68,4.72875,4.72875,4.72875,4.72875,False,False,True,False,True,green_box_quarter::green_box_1_75pct,3968.951250,1
2,2025-11-05,2025-11-04,L4,RANGE_NORMAL_60_120,CLOSE_POS_LOWER_THIRD,ROWS_SPARSE_1_8,REGIME_RANGE_CLOSE,2,1,4062.5675,4062.5675,4062.5675,4062.5675,4062.5675,0.0,36.735775,15.92375,15.92375,0.5,2,3973.68,-88.8875,88.8875,88.8875,88.8875,False,False,False,False,False,green_box_midline::green_mid_3,4062.567500,2
1,2025-11-05,2025-11-04,L5,RANGE_NORMAL_60_120,CLOSE_POS_LOWER_THIRD,ROWS_SPARSE_1_8,REGIME_RANGE_CLOSE,1,1,3955.5775,3955.5775,3955.5775,3955.5775,3955.5775,0.0,83.483225,89.62625,89.62625,1.0,1,3944.85,-10.7275,10.7275,10.7275,10.7275,False,False,False,False,False,green_box_midline::green_mid_1,3955.577500,1
2,2025-11-05,2025-11-04,L5,RANGE_NORMAL_60_120,CLOSE_POS_LOWER_THIRD,ROWS_SPARSE_1_8,REGIME_RANGE_CLOSE,2,1,4035.82,4035.82,4035.82,4035.82,4035.82,0.0,51.5149,41.405,41.405,0.5,2,3944.85,-90.97,90.97,90.97,90.97,False,False,False,False,False,green_box_edge::green_edge_2,4035.820000,2
1,2025-11-05,2025-11-04,L6,RANGE_NORMAL_60_120,CLOSE_POS_LOWER_THIRD,ROWS_SPARSE_1_8,REGIME_RANGE_CLOSE,2,1,4009.0725,4009.0725,4009.0725,4009.0725,4009.0725,0.0,85.613275,93.29875,93.29875,1.0,1,3916.74,-92.3325,92.3325,92.3325,92.3325,False,False,False,False,False,green_box_midline::green_mid_2,4009.072500,1
2,2025-11-05,2025-11-04,L6,RANGE_NORMAL_60_120,CLOSE_POS_LOWER_THIRD,ROWS_SPARSE_1_8,REGIME_RANGE_CLOSE,1,1,3942.20375,3942.20375,3942.20375,3942.20375,3942.20375,0.0,78.836163,88.510625,88.510625,0.5,2,3916.74,-25.46375,25.46375,25.46375,25.46375,False,False,False,False,False,green_box_quarter::green_box_1_25pct,3942.203750,2
1,2025-11-05,2025-11-04,L7,RANGE_NORMAL_60_120,CLOSE_POS_LOWER_THIRD,ROWS_SPARSE_1_8,REGIME_RANGE_CLOSE,2,1,3980.156692,3980.156692,3980.156692,3980.156692,3980.156692,0.0,85.568511,93.22157,93.22157,1.0,1,3888.49,-91.666692,91.666692,91.666692,91.666692,False,False,False,False,False,prior_range_fraction::prev_range_0.666667,3980.156692,1
2,2025-11-05,2025-11-04,L7,RANGE_NORMAL_60_120,CLOSE_POS_LOWER_THIRD,ROWS_SPARSE_1_8,REGIME_RANGE_CLOSE,1,1,3928.83,3928.83,3928.83,3928.83,3928.83,0.0,77.6236,86.42,86.42,0.5,2,3888.49,-40.34,40.34,40.34,40.34,False,False,False,False,False,prior_hlc::previous_low,3928.830000,2
1,2025-11-06,2025-11-05,L4,RANGE_NORMAL_60_120,CLOSE_POS_UPPER_THIRD,ROWS_STANDARD_9_10,REGIME_RANGE_CLOSE_ROWS,1,2,3975.185,3979.0975,3977.14125,3977.14125,3977.14125,3.9125,82.949228,85.159014,170.318029,1.5,1,4026.17,49.02875,49.02875,49.02875,49.02875,False,False,False,False,False,prior_range_fraction::prev_range_0.75 | red_box_quarter::red_box_1_25pct,3975.185000 | 3979.097500,2 | 1
2,2025-11-06,2025-11-05,L4,RANGE_NORMAL_60_120,CLOSE_POS_UPPER_THIRD,ROWS_STANDARD_9_10,REGIME_RANGE_CLOSE_ROWS,2,1,4009.0975,4009.0975,4009.0975,4009.0975,4009.0975,0.0,55.857368,51.190865,51.190865,0.333333,3,4026.17,17.0725,17.0725,17.0725,17.0725,False,False,False,False,False,green_box_quarter::green_box_2_75pct,4009.097500,3
3,2025-11-06,2025-11-05,L4,RANGE_NORMAL_60_120,CLOSE_POS_UPPER_THIRD,ROWS_STANDARD_9_10,REGIME_RANGE_CLOSE_ROWS,3,1,4020.51,4020.51,4020.51,4020.51,4020.51,0.0,49.646961,41.632692,41.632692,0.25,4,4026.17,5.66,5.66,5.66,5.66,False,False,False,False,False,green_box_edge::green_edge_2,4020.510000,4
1,2025-11-06,2025-11-05,L5,RANGE_NORMAL_60_120,CLOSE_POS_UPPER_THIRD,ROWS_STANDARD_9_10,REGIME_RANGE_CLOSE_ROWS,3,1,3997.685,3997.685,3997.685,3997.685,3997.685,0.0,83.954586,90.438942,90.438942,1.0,1,3999.38,1.695,1.695,1.695,1.695,False,True,True,True,True,green_box_midline::green_mid_2,3997.685000,1
2,2025-11-06,2025-11-05,L5,RANGE_NORMAL_60_120,CLOSE_POS_UPPER_THIRD,ROWS_STANDARD_9_10,REGIME_RANGE_CLOSE_ROWS,1,1,3966.253333,3966.253333,3966.253333,3966.253333,3966.253333,0.0,77.705987,88.860897,88.860897,0.333333,3,3999.38,33.126667,33.126667,33.126667,33.126667,False,False,False,False,False,prior_hlc::previous_pivot_hlc3,3966.253333,3
3,2025-11-06,2025-11-05,L5,RANGE_NORMAL_60_120,CLOSE_POS_UPPER_THIRD,ROWS_STANDARD_9_10,REGIME_RANGE_CLOSE_ROWS,2,2,3975.185,3979.0975,3977.14125,3977.14125,3977.14125,3.9125,65.569935,65.539543,131.079086,0.75,2,3999.38,22.23875,22.23875,22.23875,22.23875,False,False,False,False,False,prior_range_fraction::prev_range_0.75 | red_box_quarter::red_box_1_25pct,3975.185000 | 3979.097500,4 | 2
1,2025-11-06,2025-11-05,L6,RANGE_NORMAL_60_120,CLOSE_POS_UPPER_THIRD,ROWS_STANDARD_9_10,REGIME_RANGE_CLOSE_ROWS,1,3,3952.035,3956.2725,3954.15375,3953.6447,3952.6266,4.2375,86.723597,90.263099,270.789296,1.45,1,3971.33,17.17625,17.17625,17.6853,18.7034,False,False,False,False,False,green_box_midline::green_mid_1 | prior_range_fraction::prev_range_0.382 | red_box_quarter::red_box_1_75pct,3952.035000 | 3952.626600 | 3956.272500,5 | 1 | 4
2,2025-11-06,2025-11-05,L6,RANGE_NORMAL_60_120,CLOSE_POS_UPPER_THIRD,ROWS_STANDARD_9_10,REGIME_RANGE_CLOSE_ROWS,2,2,3963.4475,3966.253333,3964.850417,3964.850417,3964.850417,2.805833,81.785293,90.66855,181.3371,0.833333,2,3971.33,6.479583,6.479583,6.479583,6.479583,False,False,False,False,False,green_box_quarter::green_box_1_75pct | prior_hlc::previous_pivot_hlc3,3963.447500 | 3966.253333,3 | 2
1,2025-11-06,2025-11-05,L7,RANGE_NORMAL_60_120,CLOSE_POS_UPPER_THIRD,ROWS_STANDARD_9_10,REGIME_RANGE_CLOSE_ROWS,2,2,3933.4475,3936.8725,3935.16,3935.16,3935.16,3.425,85.500566,91.117067,182.234134,1.333333,1,3946.09,10.93,10.93,10.93,10.93,False,False,False,False,False,red_box_quarter::red_box_2_25pct | prior_range_fraction::prev_range_0.125,3933.447500 | 3936.872500,3 | 1
2,2025-11-06,2025-11-05,L7,RANGE_NORMAL_60_120,CLOSE_POS_UPPER_THIRD,ROWS_STANDARD_9_10,REGIME_RANGE_CLOSE_ROWS,4,1,3952.6266,3952.6266,3952.6266,3952.6266,3952.6266,0.0,79.379864,89.448042,89.448042,0.5,2,3946.09,-6.5366,6.5366,6.5366,6.5366,False,False,False,False,False,prior_range_fraction::prev_range_0.382,3952.626600,2
3,2025-11-06,2025-11-05,L7,RANGE_NORMAL_60_120,CLOSE_POS_UPPER_THIRD,ROWS_STANDARD_9_10,REGIME_RANGE_CLOSE_ROWS,3,1,3944.86,3944.86,3944.86,3944.86,3944.86,0.0,76.174154,87.369231,87.369231,0.25,4,3946.09,1.23,1.23,1.23,1.23,False,True,True,True,True,red_box_edge::red_edge_1,3944.860000,4
4,2025-11-06,2025-11-05,L7,RANGE_NORMAL_60_120,CLOSE_POS_UPPER_THIRD,ROWS_STANDARD_9_10,REGIME_RANGE_CLOSE_ROWS,1,1,3922.035,3922.035,3922.035,3922.035,3922.035,0.0,47.044356,37.835096,37.835096,0.2,5,3946.09,24.055,24.055,24.055,24.055,False,False,False,False,False,red_box_midline::red_mid_2,3922.035000,5
1,2025-11-07,2025-11-06,L4,RANGE_COMPRESSED_0_60,CLOSE_POS_LOWER_THIRD,ROWS_SPARSE_1_8,REGIME_RANGE_CLOSE,1,1,3982.909982,3982.909982,3982.909982,3982.909982,3982.909982,0.0,82.91859,88.652742,88.652742,1.0,1,3994.41,11.500018,11.500018,11.500018,11.500018,False,False,False,False,False,prior_range_fraction::prev_range_0.333333,3982.909982,1
1,2025-11-07,2025-11-06,L5,RANGE_COMPRESSED_0_60,CLOSE_POS_LOWER_THIRD,ROWS_SPARSE_1_8,REGIME_RANGE_CLOSE,1,1,3966.45375,3966.45375,3966.45375,3966.45375,3966.45375,0.0,81.715715,86.578819,86.578819,1.0,1,3965.9,-0.55375,0.55375,0.55375,0.55375,False,True,True,True,True,red_box_quarter::red_box_2_25pct,3966.453750,1
1,2025-11-07,2025-11-06,L6,RANGE_COMPRESSED_0_60,CLOSE_POS_LOWER_THIRD,ROWS_SPARSE_1_8,REGIME_RANGE_CLOSE,1,1,3945.19125,3945.19125,3945.19125,3945.19125,3945.19125,0.0,82.389965,87.741319,87.741319,1.0,1,3939.99,-5.20125,5.20125,5.20125,5.20125,False,False,False,False,False,red_box_quarter::red_box_2_75pct,3945.191250,1
1,2025-11-07,2025-11-06,L7,RANGE_COMPRESSED_0_60,CLOSE_POS_LOWER_THIRD,ROWS_SPARSE_1_8,REGIME_RANGE_CLOSE,1,1,3923.92875,3923.92875,3923.92875,3923.92875,3923.92875,0.0,73.36009,72.172569,72.172569,1.0,1,3916.67,-7.25875,7.25875,7.25875,7.25875,False,False,False,False,False,red_box_quarter::red_box_3_25pct,3923.928750,1
1,2025-11-10,2025-11-07,L4,RANGE_COMPRESSED_0_60,CLOSE_POS_MIDDLE_THIRD,ROWS_STANDARD_9_10,REGIME_RANGE_ONLY,1,1,3992.196649,3992.196649,3992.196649,3992.196649,3992.196649,0.0,82.909384,88.636869,88.636869,1.0,1,4017.8,25.603351,25.603351,25.603351,25.603351,False,False,False,False,False,prior_range_fraction::prev_range_0.333333,3992.196649,1
2,2025-11-10,2025-11-07,L4,RANGE_COMPRESSED_0_60,CLOSE_POS_MIDDLE_THIRD,ROWS_STANDARD_9_10,REGIME_RANGE_ONLY,2,2,4000.963333,4005.65375,4003.308542,4003.308542,4003.308542,4.690417,78.521509,87.900706,175.801413,0.833333,2,4017.8,14.491459,14.491459,14.491459,14.491459,False,False,False,False,False,prior_hlc::previous_pivot_hlc3 | green_box_quarter::green_box_1_75pct,4000.963333 | 4005.653750,2 | 3
1,2025-11-10,2025-11-07,L5,RANGE_COMPRESSED_0_60,CLOSE_POS_MIDDLE_THIRD,ROWS_STANDARD_9_10,REGIME_RANGE_ONLY,1,1,3975.65375,3975.65375,3975.65375,3975.65375,3975.65375,0.0,86.0925,94.125,94.125,1.0,1,3992.42,16.76625,16.76625,16.76625,16.76625,False,False,False,False,False,red_box_quarter::red_box_2_25pct,3975.653750,1
2,2025-11-10,2025-11-07,L5,RANGE_COMPRESSED_0_60,CLOSE_POS_MIDDLE_THIRD,ROWS_STANDARD_9_10,REGIME_RANGE_ONLY,2,2,3984.91125,3987.7825,3986.346875,3986.346875,3986.346875,2.87125,80.16702,87.977678,175.955357,0.833333,2,3992.42,6.073125,6.073125,6.073125,6.073125,False,False,False,False,True,green_box_quarter::green_box_1_25pct | prior_range_fraction::prev_range_0.25,3984.911250 | 3987.782500,3 | 2
1,2025-11-10,2025-11-07,L6,RANGE_COMPRESSED_0_60,CLOSE_POS_MIDDLE_THIRD,ROWS_STANDARD_9_10,REGIME_RANGE_ONLY,2,1,3965.2825,3965.2825,3965.2825,3965.2825,3965.2825,0.0,82.399402,87.757589,87.757589,1.0,1,3968.14,2.8575,2.8575,2.8575,2.8575,False,True,True,True,True,red_box_midline::red_mid_2,3965.282500,1
2,2025-11-10,2025-11-07,L6,RANGE_COMPRESSED_0_60,CLOSE_POS_MIDDLE_THIRD,ROWS_STANDARD_9_10,REGIME_RANGE_ONLY,1,1,3954.91125,3954.91125,3954.91125,3954.91125,3954.91125,0.0,61.080188,57.896875,57.896875,0.5,2,3968.14,13.22875,13.22875,13.22875,13.22875,False,False,False,False,False,red_box_quarter::red_box_2_75pct,3954.911250,2
1,2025-11-10,2025-11-07,L7,RANGE_COMPRESSED_0_60,CLOSE_POS_MIDDLE_THIRD,ROWS_STANDARD_9_10,REGIME_RANGE_ONLY,3,1,3944.54,3944.54,3944.54,3944.54,3944.54,0.0,79.153214,82.160714,82.160714,1.0,1,3943.22,-1.32,1.32,1.32,1.32,False,True,True,True,True,red_box_edge::red_edge_2,3944.540000,1
2,2025-11-10,2025-11-07,L7,RANGE_COMPRESSED_0_60,CLOSE_POS_MIDDLE_THIRD,ROWS_STANDARD_9_10,REGIME_RANGE_ONLY,2,1,3934.16875,3934.16875,3934.16875,3934.16875,3934.16875,0.0,69.350884,72.156696,72.156696,0.5,2,3943.22,9.05125,9.05125,9.05125,9.05125,False,False,False,False,False,red_box_quarter::red_box_3_25pct,3934.168750,2
3,2025-11-10,2025-11-07,L7,RANGE_COMPRESSED_0_60,CLOSE_POS_MIDDLE_THIRD,ROWS_STANDARD_9_10,REGIME_RANGE_ONLY,1,1,3923.7975,3923.7975,3923.7975,3923.7975,3923.7975,0.0,50.566542,42.06875,42.06875,0.333333,3,3943.22,19.4225,19.4225,19.4225,19.4225,False,False,False,False,False,red_box_midline::red_mid_3,3923.797500,3
1,2025-11-11,2025-11-10,L4,RANGE_NORMAL_60_120,CLOSE_POS_UPPER_THIRD,ROWS_STANDARD_9_10,REGIME_RANGE_CLOSE_ROWS,2,1,4097.8925,4097.8925,4097.8925,4097.8925,4097.8925,0.0,82.030438,87.121444,87.121444,1.0,1,4158.14,60.2475,60.2475,60.2475,60.2475,False,False,False,False,False,red_box_quarter::red_box_1_25pct,4097.892500,1
2,2025-11-11,2025-11-10,L4,RANGE_NORMAL_60_120,CLOSE_POS_UPPER_THIRD,ROWS_STANDARD_9_10,REGIME_RANGE_CLOSE_ROWS,1,1,4086.815,4086.815,4086.815,4086.815,4086.815,0.0,75.46325,82.695259,82.695259,0.5,2,4158.14,71.325,71.325,71.325,71.325,False,False,False,False,False,prior_range_fraction::prev_range_0.75,4086.815000,2
3,2025-11-11,2025-11-10,L4,RANGE_NORMAL_60_120,CLOSE_POS_UPPER_THIRD,ROWS_STANDARD_9_10,REGIME_RANGE_CLOSE_ROWS,3,1,4127.8925,4127.8925,4127.8925,4127.8925,4127.8925,0.0,55.594291,50.737284,50.737284,0.333333,3,4158.14,30.2475,30.2475,30.2475,30.2475,False,False,False,False,False,green_box_quarter::green_box_2_75pct,4127.892500,3
4,2025-11-11,2025-11-10,L4,RANGE_NORMAL_60_120,CLOSE_POS_UPPER_THIRD,ROWS_STANDARD_9_10,REGIME_RANGE_CLOSE_ROWS,4,1,4146.47,4146.47,4146.47,4146.47,4146.47,0.0,43.72575,31.423707,31.423707,0.25,4,4158.14,11.67,11.67,11.67,11.67,False,False,False,False,False,green_box_edge::green_edge_2,4146.470000,4
1,2025-11-11,2025-11-10,L5,RANGE_NORMAL_60_120,CLOSE_POS_UPPER_THIRD,ROWS_STANDARD_9_10,REGIME_RANGE_CLOSE_ROWS,4,1,4109.315,4109.315,4109.315,4109.315,4109.315,0.0,84.734188,91.783082,91.783082,1.0,1,4131.74,22.425,22.425,22.425,22.425,False,False,False,False,False,green_box_midline::green_mid_2,4109.315000,1
2,2025-11-11,2025-11-10,L5,RANGE_NORMAL_60_120,CLOSE_POS_UPPER_THIRD,ROWS_STANDARD_9_10,REGIME_RANGE_CLOSE_ROWS,3,1,4097.8925,4097.8925,4097.8925,4097.8925,4097.8925,0.0,79.491437,89.640409,89.640409,0.5,2,4131.74,33.8475,33.8475,33.8475,33.8475,False,False,False,False,False,red_box_quarter::red_box_1_25pct,4097.892500,2
3,2025-11-11,2025-11-10,L5,RANGE_NORMAL_60_120,CLOSE_POS_UPPER_THIRD,ROWS_STANDARD_9_10,REGIME_RANGE_CLOSE_ROWS,1,1,4076.7,4076.7,4076.7,4076.7,4076.7,0.0,77.539833,88.574425,88.574425,0.333333,3,4131.74,55.04,55.04,55.04,55.04,False,False,False,False,False,prior_hlc::previous_pivot_hlc3,4076.700000,3
4,2025-11-11,2025-11-10,L5,RANGE_NORMAL_60_120,CLOSE_POS_UPPER_THIRD,ROWS_STANDARD_9_10,REGIME_RANGE_CLOSE_ROWS,2,1,4086.815,4086.815,4086.815,4086.815,4086.815,0.0,49.022125,40.555388,40.555388,0.25,4,4131.74,44.925,44.925,44.925,44.925,False,False,False,False,False,prior_range_fraction::prev_range_0.75,4086.815000,4
1,2025-11-11,2025-11-10,L6,RANGE_NORMAL_60_120,CLOSE_POS_UPPER_THIRD,ROWS_STANDARD_9_10,REGIME_RANGE_CLOSE_ROWS,1,1,4043.16284,4043.16284,4043.16284,4043.16284,4043.16284,0.0,84.992436,92.228338,92.228338,1.0,1,4099.17,56.00716,56.00716,56.00716,56.00716,False,False,False,False,False,prior_range_fraction::prev_range_0.382,4043.162840,1
2,2025-11-11,2025-11-10,L6,RANGE_NORMAL_60_120,CLOSE_POS_UPPER_THIRD,ROWS_STANDARD_9_10,REGIME_RANGE_CLOSE_ROWS,4,2,4076.7,4076.93004,4076.81502,4076.81502,4076.81502,0.23004,84.281413,91.064106,182.128212,0.833333,2,4099.17,22.35498,22.35498,22.35498,22.35498,False,False,False,False,False,prior_hlc::previous_pivot_hlc3 | prior_range_fraction::prev_range_0.666667,4076.700000 | 4076.930040,2 | 3
3,2025-11-11,2025-11-10,L6,RANGE_NORMAL_60_120,CLOSE_POS_UPPER_THIRD,ROWS_STANDARD_9_10,REGIME_RANGE_CLOSE_ROWS,3,1,4060.7375,4060.7375,4060.7375,4060.7375,4060.7375,0.0,77.222375,89.176509,89.176509,0.25,4,4099.17,38.4325,38.4325,38.4325,38.4325,False,False,False,False,False,red_box_quarter::red_box_1_75pct,4060.737500,4
4,2025-11-11,2025-11-10,L6,RANGE_NORMAL_60_120,CLOSE_POS_UPPER_THIRD,ROWS_STANDARD_9_10,REGIME_RANGE_CLOSE_ROWS,2,1,4053.5825,4053.5825,4053.5825,4053.5825,4053.5825,0.0,76.812312,89.159159,89.159159,0.2,5,4099.17,45.5875,45.5875,45.5875,45.5875,False,False,False,False,False,green_box_quarter::green_box_1_75pct,4053.582500,5
1,2025-11-11,2025-11-10,L7,RANGE_NORMAL_60_120,CLOSE_POS_UPPER_THIRD,ROWS_STANDARD_9_10,REGIME_RANGE_CLOSE_ROWS,2,1,4012.6775,4012.6775,4012.6775,4012.6775,4012.6775,0.0,85.61025,93.293534,93.293534,1.0,1,4067.01,54.3325,54.3325,54.3325,54.3325,False,False,False,False,False,prior_range_fraction::prev_range_0.125,4012.677500,1
2,2025-11-11,2025-11-10,L7,RANGE_NORMAL_60_120,CLOSE_POS_UPPER_THIRD,ROWS_STANDARD_9_10,REGIME_RANGE_CLOSE_ROWS,4,2,4042.16,4043.16284,4042.66142,4042.66142,4042.66142,1.00284,83.273494,90.498839,180.997678,0.833333,2,4067.01,24.34858,24.34858,24.34858,24.34858,False,False,False,False,False,red_box_edge::red_edge_1 | prior_range_fraction::prev_range_0.382,4042.160000 | 4043.162840,2 | 3
3,2025-11-11,2025-11-10,L7,RANGE_NORMAL_60_120,CLOSE_POS_UPPER_THIRD,ROWS_STANDARD_9_10,REGIME_RANGE_CLOSE_ROWS,3,1,4023.5825,4023.5825,4023.5825,4023.5825,4023.5825,0.0,76.808625,88.463147,88.463147,0.25,4,4067.01,43.4275,43.4275,43.4275,43.4275,False,False,False,False,False,red_box_quarter::red_box_2_25pct,4023.582500,4
4,2025-11-11,2025-11-10,L7,RANGE_NORMAL_60_120,CLOSE_POS_UPPER_THIRD,ROWS_STANDARD_9_10,REGIME_RANGE_CLOSE_ROWS,1,1,4005.005,4005.005,4005.005,4005.005,4005.005,0.0,46.795125,37.405388,37.405388,0.2,5,4067.01,62.005,62.005,62.005,62.005,False,False,False,False,False,red_box_midline::red_mid_2,4005.005000,5
1,2025-11-12,2025-11-11,L4,RANGE_COMPRESSED_0_60,CLOSE_POS_MIDDLE_THIRD,ROWS_SPARSE_1_8,REGIME_RANGE_CLOSE,1,1,4138.78375,4138.78375,4138.78375,4138.78375,4138.78375,0.0,85.235187,92.646875,92.646875,1.0,1,4129.0,-9.78375,9.78375,9.78375,9.78375,False,False,False,False,False,red_box_quarter::red_box_1_25pct,4138.783750,1
1,2025-11-12,2025-11-11,L5,RANGE_COMPRESSED_0_60,CLOSE_POS_MIDDLE_THIRD,ROWS_SPARSE_1_8,REGIME_RANGE_CLOSE,1,1,4114.426649,4114.426649,4114.426649,4114.426649,4114.426649,0.0,85.870141,93.741622,93.741622,1.0,1,4097.81,-16.616649,16.616649,16.616649,16.616649,False,False,False,False,False,prior_range_fraction::prev_range_0.333333,4114.426649,1
1,2025-11-12,2025-11-11,L6,RANGE_COMPRESSED_0_60,CLOSE_POS_MIDDLE_THIRD,ROWS_SPARSE_1_8,REGIME_RANGE_CLOSE,1,1,4087.6025,4087.6025,4087.6025,4087.6025,4087.6025,0.0,76.250625,77.15625,77.15625,1.0,1,4064.25,-23.3525,23.3525,23.3525,23.3525,False,False,False,False,False,red_box_midline::red_mid_2,4087.602500,1
1,2025-11-12,2025-11-11,L7,RANGE_COMPRESSED_0_60,CLOSE_POS_MIDDLE_THIRD,ROWS_SPARSE_1_8,REGIME_RANGE_CLOSE,1,1,4067.13,4067.13,4067.13,4067.13,4067.13,0.0,84.28,91.0,91.0,1.0,1,4034.75,-32.38,32.38,32.38,32.38,False,False,False,False,False,red_box_edge::red_edge_2,4067.130000,1
1,2025-11-13,2025-11-12,L4,RANGE_NORMAL_60_120,CLOSE_POS_UPPER_THIRD,ROWS_STANDARD_9_10,REGIME_RANGE_CLOSE_ROWS,2,1,4193.895,4193.895,4193.895,4193.895,4193.895,0.0,81.96076,87.00131,87.00131,1.0,1,4233.19,39.295,39.295,39.295,39.295,False,False,False,False,False,red_box_quarter::red_box_1_25pct,4193.895000,1
2,2025-11-13,2025-11-12,L4,RANGE_NORMAL_60_120,CLOSE_POS_UPPER_THIRD,ROWS_STANDARD_9_10,REGIME_RANGE_CLOSE_ROWS,1,1,4183.54,4183.54,4183.54,4183.54,4183.54,0.0,75.370347,82.535081,82.535081,0.5,2,4233.19,49.65,49.65,49.65,49.65,False,False,False,False,False,prior_range_fraction::prev_range_0.75,4183.540000,2
3,2025-11-13,2025-11-12,L4,RANGE_NORMAL_60_120,CLOSE_POS_UPPER_THIRD,ROWS_STANDARD_9_10,REGIME_RANGE_CLOSE_ROWS,3,1,4223.895,4223.895,4223.895,4223.895,4223.895,0.0,55.447195,50.483669,50.483669,0.333333,3,4233.19,9.295,9.295,9.295,9.295,False,False,False,False,False,green_box_quarter::green_box_2_75pct,4223.895000,3
4,2025-11-13,2025-11-12,L4,RANGE_NORMAL_60_120,CLOSE_POS_UPPER_THIRD,ROWS_STANDARD_9_10,REGIME_RANGE_CLOSE_ROWS,4,1,4241.75,4241.75,4241.75,4241.75,4241.75,0.0,43.516717,31.063306,31.063306,0.25,4,4233.19,-8.56,8.56,8.56,8.56,False,False,False,False,False,green_box_edge::green_edge_2,4241.750000,4
5,2025-11-13,2025-11-12,L4,RANGE_NORMAL_60_120,CLOSE_POS_UPPER_THIRD,ROWS_STANDARD_9_10,REGIME_RANGE_CLOSE_ROWS,5,1,4259.605,4259.605,4259.605,4259.605,4259.605,0.0,33.821867,15.037702,15.037702,0.2,5,4233.19,-26.415,26.415,26.415,26.415,False,False,False,False,False,green_box_quarter::green_box_3_25pct,4259.605000,5
1,2025-11-13,2025-11-12,L5,RANGE_NORMAL_60_120,CLOSE_POS_UPPER_THIRD,ROWS_STANDARD_9_10,REGIME_RANGE_CLOSE_ROWS,4,1,4206.04,4206.04,4206.04,4206.04,4206.04,0.0,84.525155,91.422681,91.422681,1.0,1,4204.6,-1.44,1.44,1.44,1.44,False,True,True,True,True,green_box_midline::green_mid_2,4206.040000,1
2,2025-11-13,2025-11-12,L5,RANGE_NORMAL_60_120,CLOSE_POS_UPPER_THIRD,ROWS_STANDARD_9_10,REGIME_RANGE_CLOSE_ROWS,3,1,4193.895,4193.895,4193.895,4193.895,4193.895,0.0,79.344341,89.386794,89.386794,0.5,2,4204.6,10.705,10.705,10.705,10.705,False,False,False,False,False,red_box_quarter::red_box_1_25pct,4193.895000,2
3,2025-11-13,2025-11-12,L5,RANGE_NORMAL_60_120,CLOSE_POS_UPPER_THIRD,ROWS_STANDARD_9_10,REGIME_RANGE_CLOSE_ROWS,1,1,4168.66,4168.66,4168.66,4168.66,4168.66,0.0,77.44693,88.414247,88.414247,0.333333,3,4204.6,35.94,35.94,35.94,35.94,False,False,False,False,False,prior_hlc::previous_pivot_hlc3,4168.660000,3
4,2025-11-13,2025-11-12,L5,RANGE_NORMAL_60_120,CLOSE_POS_UPPER_THIRD,ROWS_STANDARD_9_10,REGIME_RANGE_CLOSE_ROWS,5,1,4223.895,4223.895,4223.895,4223.895,4223.895,0.0,49.098867,40.687702,40.687702,0.25,4,4204.6,-19.295,19.295,19.295,19.295,False,False,False,False,False,green_box_quarter::green_box_2_75pct,4223.895000,4
5,2025-11-13,2025-11-12,L5,RANGE_NORMAL_60_120,CLOSE_POS_UPPER_THIRD,ROWS_STANDARD_9_10,REGIME_RANGE_CLOSE_ROWS,2,1,4183.54,4183.54,4183.54,4183.54,4183.54,0.0,48.48277,40.315121,40.315121,0.2,5,4204.6,21.06,21.06,21.06,21.06,False,False,False,False,False,prior_range_fraction::prev_range_0.75,4183.540000,5
1,2025-11-13,2025-11-12,L6,RANGE_NORMAL_60_120,CLOSE_POS_UPPER_THIRD,ROWS_STANDARD_9_10,REGIME_RANGE_CLOSE_ROWS,1,1,4142.01488,4142.01488,4142.01488,4142.01488,4142.01488,0.0,84.853081,91.988071,91.988071,1.0,1,4175.81,33.79512,33.79512,33.79512,33.79512,False,False,False,False,False,prior_range_fraction::prev_range_0.382,4142.014880,1
2,2025-11-13,2025-11-12,L6,RANGE_NORMAL_60_120,CLOSE_POS_UPPER_THIRD,ROWS_STANDARD_9_10,REGIME_RANGE_CLOSE_ROWS,5,1,4193.895,4193.895,4193.895,4193.895,4193.895,0.0,80.345367,91.112702,91.112702,0.5,2,4175.81,-18.085,18.085,18.085,18.085,False,False,False,False,False,red_box_quarter::red_box_1_25pct,4193.895000,2
3,2025-11-13,2025-11-12,L6,RANGE_NORMAL_60_120,CLOSE_POS_UPPER_THIRD,ROWS_STANDARD_9_10,REGIME_RANGE_CLOSE_ROWS,3,1,4168.66,4168.66,4168.66,4168.66,4168.66,0.0,78.870269,90.86828,90.86828,0.333333,3,4175.81,7.15,7.15,7.15,7.15,False,False,False,False,False,prior_hlc::previous_pivot_hlc3,4168.660000,3
4,2025-11-13,2025-11-12,L6,RANGE_NORMAL_60_120,CLOSE_POS_UPPER_THIRD,ROWS_STANDARD_9_10,REGIME_RANGE_CLOSE_ROWS,4,1,4174.136704,4174.136704,4174.136704,4174.136704,4174.136704,0.0,78.043664,90.592524,90.592524,0.25,4,4175.81,1.673296,1.673296,1.673296,1.673296,False,True,True,True,True,prior_range_fraction::prev_range_0.666667,4174.136704,4
5,2025-11-13,2025-11-12,L6,RANGE_NORMAL_60_120,CLOSE_POS_UPPER_THIRD,ROWS_STANDARD_9_10,REGIME_RANGE_CLOSE_ROWS,2,1,4158.185,4158.185,4158.185,4158.185,4158.185,0.0,76.729472,89.016331,89.016331,0.2,5,4175.81,17.625,17.625,17.625,17.625,False,False,False,False,False,red_box_quarter::red_box_1_75pct,4158.185000,5
1,2025-11-13,2025-11-12,L7,RANGE_NORMAL_60_120,CLOSE_POS_UPPER_THIRD,ROWS_STANDARD_9_10,REGIME_RANGE_CLOSE_ROWS,1,1,4113.015,4113.015,4113.015,4113.015,4113.015,0.0,85.463153,93.039919,93.039919,1.0,1,4146.28,33.265,33.265,33.265,33.265,False,False,False,False,False,prior_range_fraction::prev_range_0.125,4113.015000,1
2,2025-11-13,2025-11-12,L7,RANGE_NORMAL_60_120,CLOSE_POS_UPPER_THIRD,ROWS_STANDARD_9_10,REGIME_RANGE_CLOSE_ROWS,3,2,4140.33,4142.01488,4141.17244,4141.17244,4141.17244,1.68488,82.47975,90.165134,180.330269,0.833333,2,4146.28,5.10756,5.10756,5.10756,5.10756,False,False,False,False,True,red_box_edge::red_edge_1 | prior_range_fraction::prev_range_0.382,4140.330000 | 4142.014880,2 | 3
3,2025-11-13,2025-11-12,L7,RANGE_NORMAL_60_120,CLOSE_POS_UPPER_THIRD,ROWS_STANDARD_9_10,REGIME_RANGE_CLOSE_ROWS,2,1,4122.475,4122.475,4122.475,4122.475,4122.475,0.0,76.800883,88.449798,88.449798,0.25,4,4146.28,23.805,23.805,23.805,23.805,False,False,False,False,False,red_box_quarter::red_box_2_25pct,4122.475000,4
4,2025-11-13,2025-11-12,L7,RANGE_NORMAL_60_120,CLOSE_POS_UPPER_THIRD,ROWS_STANDARD_9_10,REGIME_RANGE_CLOSE_ROWS,4,1,4168.64512,4168.64512,4168.64512,4168.64512,4168.64512,0.0,48.26436,39.938552,39.938552,0.2,5,4146.28,-22.36512,22.36512,22.36512,22.36512,False,False,False,False,False,prior_range_fraction::prev_range_0.618,4168.645120,5
1,2025-11-14,2025-11-13,L4,RANGE_NORMAL_60_120,CLOSE_POS_LOWER_THIRD,ROWS_EXTENDED_11_PLUS,REGIME_RANGE_CLOSE_ROWS,1,1,4307.45,4307.45,4307.45,4307.45,4307.45,0.0,40.065875,14.76875,14.76875,1.0,1,4270.12,-37.33,37.33,37.33,37.33,False,False,False,False,False,green_box_midline::green_mid_3,4307.450000,1
1,2025-11-14,2025-11-13,L5,RANGE_NORMAL_60_120,CLOSE_POS_LOWER_THIRD,ROWS_EXTENDED_11_PLUS,REGIME_RANGE_CLOSE_ROWS,1,1,4275.05,4275.05,4275.05,4275.05,4275.05,0.0,54.845,40.25,40.25,1.0,1,4239.31,-35.74,35.74,35.74,35.74,False,False,False,False,False,green_box_edge::green_edge_2,4275.050000,1
1,2025-11-14,2025-11-13,L6,RANGE_NORMAL_60_120,CLOSE_POS_LOWER_THIRD,ROWS_EXTENDED_11_PLUS,REGIME_RANGE_CLOSE_ROWS,1,1,4242.65,4242.65,4242.65,4242.65,4242.65,0.0,84.943375,92.14375,92.14375,1.0,1,4205.65,-37.0,37.0,37.0,37.0,False,False,False,False,False,green_box_midline::green_mid_2,4242.650000,1
1,2025-11-14,2025-11-13,L7,RANGE_NORMAL_60_120,CLOSE_POS_LOWER_THIRD,ROWS_EXTENDED_11_PLUS,REGIME_RANGE_CLOSE_ROWS,1,1,4211.850033,4211.850033,4211.850033,4211.850033,4211.850033,0.0,84.898611,92.06657,92.06657,1.0,1,4177.38,-34.470033,34.470033,34.470033,34.470033,False,False,False,False,False,prior_range_fraction::prev_range_0.666667,4211.850033,1
1,2025-11-17,2025-11-14,L4,RANGE_WIDE_120_220,CLOSE_POS_LOWER_THIRD,ROWS_STANDARD_9_10,REGIME_RANGE_CLOSE,1,1,4241.27,4241.27,4241.27,4241.27,4241.27,0.0,40.714091,15.886364,15.886364,1.0,1,4111.02,-130.25,130.25,130.25,130.25,False,False,False,False,False,green_box_edge::green_edge_2,4241.270000,1
1,2025-11-17,2025-11-14,L5,RANGE_WIDE_120_220,CLOSE_POS_LOWER_THIRD,ROWS_STANDARD_9_10,REGIME_RANGE_CLOSE,1,1,4188.8975,4188.8975,4188.8975,4188.8975,4188.8975,0.0,84.815841,91.923864,91.923864,1.0,1,4076.11,-112.7875,112.7875,112.7875,112.7875,False,False,False,False,False,prior_range_fraction::prev_range_0.875,4188.897500,1
1,2025-11-17,2025-11-14,L6,RANGE_WIDE_120_220,CLOSE_POS_LOWER_THIRD,ROWS_STANDARD_9_10,REGIME_RANGE_CLOSE,1,1,4142.89964,4142.89964,4142.89964,4142.89964,4142.89964,0.0,74.979795,74.965164,74.965164,1.0,1,4041.59,-101.30964,101.30964,101.30964,101.30964,False,False,False,False,False,prior_range_fraction::prev_range_0.618,4142.899640,1
1,2025-11-17,2025-11-14,L7,RANGE_WIDE_120_220,CLOSE_POS_LOWER_THIRD,ROWS_STANDARD_9_10,REGIME_RANGE_CLOSE,1,1,4106.78,4106.78,4106.78,4106.78,4106.78,0.0,84.736091,91.786364,91.786364,1.0,1,4009.23,-97.55,97.55,97.55,97.55,False,False,False,False,False,red_box_edge::red_edge_1,4106.780000,1
1,2025-11-18,2025-11-17,L4,RANGE_NORMAL_60_120,CLOSE_POS_MIDDLE_THIRD,ROWS_STANDARD_9_10,REGIME_RANGE_CLOSE_ROWS,2,1,4071.835,4071.835,4071.835,4071.835,4071.835,0.0,83.912382,90.366176,90.366176,1.0,1,4104.67,32.835,32.835,32.835,32.835,False,False,False,False,False,green_box_edge::green_edge_1,4071.835000,1
2,2025-11-18,2025-11-17,L4,RANGE_NORMAL_60_120,CLOSE_POS_MIDDLE_THIRD,ROWS_STANDARD_9_10,REGIME_RANGE_CLOSE_ROWS,3,1,4104.2725,4104.2725,4104.2725,4104.2725,4104.2725,0.0,79.761199,90.105515,90.105515,0.5,2,4104.67,0.3975,0.3975,0.3975,0.3975,False,True,True,True,True,green_box_midline::green_mid_2,4104.272500,2
3,2025-11-18,2025-11-17,L4,RANGE_NORMAL_60_120,CLOSE_POS_MIDDLE_THIRD,ROWS_STANDARD_9_10,REGIME_RANGE_CLOSE_ROWS,1,1,4045.52,4045.52,4045.52,4045.52,4045.52,0.0,69.089226,74.004412,74.004412,0.333333,3,4104.67,59.15,59.15,59.15,59.15,False,False,False,False,False,prior_hlc::previous_close,4045.520000,3
1,2025-11-18,2025-11-17,L5,RANGE_NORMAL_60_120,CLOSE_POS_MIDDLE_THIRD,ROWS_STANDARD_9_10,REGIME_RANGE_CLOSE_ROWS,3,1,4071.835,4071.835,4071.835,4071.835,4071.835,0.0,85.222074,92.624265,92.624265,1.0,1,4069.43,-2.405,2.405,2.405,2.405,False,True,True,True,True,green_box_edge::green_edge_1,4071.835000,1
2,2025-11-18,2025-11-17,L5,RANGE_NORMAL_60_120,CLOSE_POS_MIDDLE_THIRD,ROWS_STANDARD_9_10,REGIME_RANGE_CLOSE_ROWS,2,1,4058.05375,4058.05375,4058.05375,4058.05375,4058.05375,0.0,79.916007,90.372426,90.372426,0.5,2,4069.43,11.37625,11.37625,11.37625,11.37625,False,False,False,False,False,red_box_quarter::red_box_1_75pct,4058.053750,2
3,2025-11-18,2025-11-17,L5,RANGE_NORMAL_60_120,CLOSE_POS_MIDDLE_THIRD,ROWS_STANDARD_9_10,REGIME_RANGE_CLOSE_ROWS,1,1,4023.17875,4023.17875,4023.17875,4023.17875,4023.17875,0.0,76.243163,86.338787,86.338787,0.333333,3,4069.43,46.25125,46.25125,46.25125,46.25125,False,False,False,False,False,green_box_quarter::green_box_1_25pct,4023.178750,3
1,2025-11-18,2025-11-17,L6,RANGE_NORMAL_60_120,CLOSE_POS_MIDDLE_THIRD,ROWS_STANDARD_9_10,REGIME_RANGE_CLOSE_ROWS,2,1,4031.8975,4031.8975,4031.8975,4031.8975,4031.8975,0.0,83.717699,90.030515,90.030515,1.0,1,4036.18,4.2825,4.2825,4.2825,4.2825,False,False,True,False,True,prior_range_fraction::prev_range_0.25,4031.897500,1
2,2025-11-18,2025-11-17,L6,RANGE_NORMAL_60_120,CLOSE_POS_MIDDLE_THIRD,ROWS_STANDARD_9_10,REGIME_RANGE_CLOSE_ROWS,3,1,4041.835,4041.835,4041.835,4041.835,4041.835,0.0,79.056882,88.891176,88.891176,0.5,2,4036.18,-5.655,5.655,5.655,5.655,False,False,False,False,False,red_box_edge::red_edge_1,4041.835000,2
3,2025-11-18,2025-11-17,L6,RANGE_NORMAL_60_120,CLOSE_POS_MIDDLE_THIRD,ROWS_STANDARD_9_10,REGIME_RANGE_CLOSE_ROWS,1,1,4009.3975,4009.3975,4009.3975,4009.3975,4009.3975,0.0,68.440351,72.885662,72.885662,0.333333,3,4036.18,26.7825,26.7825,26.7825,26.7825,False,False,False,False,False,red_box_midline::red_mid_2,4009.397500,3
1,2025-11-18,2025-11-17,L7,RANGE_NORMAL_60_120,CLOSE_POS_MIDDLE_THIRD,ROWS_STANDARD_9_10,REGIME_RANGE_CLOSE_ROWS,3,1,4025.61625,4025.61625,4025.61625,4025.61625,4025.61625,0.0,83.771007,90.122426,90.122426,1.0,1,4005.49,-20.12625,20.12625,20.12625,20.12625,False,False,False,False,False,red_box_quarter::red_box_2_25pct,4025.616250,1
2,2025-11-18,2025-11-17,L7,RANGE_NORMAL_60_120,CLOSE_POS_MIDDLE_THIRD,ROWS_STANDARD_9_10,REGIME_RANGE_CLOSE_ROWS,2,1,3993.17875,3993.17875,3993.17875,3993.17875,3993.17875,0.0,51.411886,41.22739,41.22739,0.5,2,4005.49,12.31125,12.31125,12.31125,12.31125,False,False,False,False,False,red_box_quarter::red_box_2_75pct,3993.178750,2
3,2025-11-18,2025-11-17,L7,RANGE_NORMAL_60_120,CLOSE_POS_MIDDLE_THIRD,ROWS_STANDARD_9_10,REGIME_RANGE_CLOSE_ROWS,1,1,3976.96,3976.96,3976.96,3976.96,3976.96,0.0,33.868726,13.279412,13.279412,0.333333,3,4005.49,28.53,28.53,28.53,28.53,False,False,False,False,False,red_box_edge::red_edge_2,3976.960000,3
1,2025-11-19,2025-11-18,L4,RANGE_NORMAL_60_120,CLOSE_POS_UPPER_THIRD,ROWS_STANDARD_9_10,REGIME_RANGE_CLOSE_ROWS,2,1,4068.11,4068.11,4068.11,4068.11,4068.11,0.0,81.845295,86.802232,86.802232,1.0,1,4105.38,37.27,37.27,37.27,37.27,False,False,False,False,False,red_box_quarter::red_box_1_25pct,4068.110000,1
2,2025-11-19,2025-11-18,L4,RANGE_NORMAL_60_120,CLOSE_POS_UPPER_THIRD,ROWS_STANDARD_9_10,REGIME_RANGE_CLOSE_ROWS,1,1,4061.32,4061.32,4061.32,4061.32,4061.32,0.0,75.216393,82.269643,82.269643,0.5,2,4105.38,44.06,44.06,44.06,44.06,False,False,False,False,False,prior_range_fraction::prev_range_0.75,4061.320000,2
3,2025-11-19,2025-11-18,L4,RANGE_NORMAL_60_120,CLOSE_POS_UPPER_THIRD,ROWS_STANDARD_9_10,REGIME_RANGE_CLOSE_ROWS,3,1,4098.11,4098.11,4098.11,4098.11,4098.11,0.0,55.203435,50.063393,50.063393,0.333333,3,4105.38,7.27,7.27,7.27,7.27,False,False,False,False,False,green_box_quarter::green_box_2_75pct,4098.110000,3
4,2025-11-19,2025-11-18,L4,RANGE_NORMAL_60_120,CLOSE_POS_UPPER_THIRD,ROWS_STANDARD_9_10,REGIME_RANGE_CLOSE_ROWS,4,1,4112.4,4112.4,4112.4,4112.4,4112.4,0.0,41.064714,26.835714,26.835714,0.25,4,4105.38,-7.02,7.02,7.02,7.02,False,False,False,False,False,green_box_edge::green_edge_2,4112.400000,4
5,2025-11-19,2025-11-18,L4,RANGE_NORMAL_60_120,CLOSE_POS_UPPER_THIRD,ROWS_STANDARD_9_10,REGIME_RANGE_CLOSE_ROWS,5,1,4126.69,4126.69,4126.69,4126.69,4126.69,0.0,33.436982,14.374107,14.374107,0.2,5,4105.38,-21.31,21.31,21.31,21.31,False,False,False,False,False,green_box_quarter::green_box_3_25pct,4126.690000,5
1,2025-11-19,2025-11-18,L5,RANGE_NORMAL_60_120,CLOSE_POS_UPPER_THIRD,ROWS_STANDARD_9_10,REGIME_RANGE_CLOSE_ROWS,4,1,4083.82,4083.82,4083.82,4083.82,4083.82,0.0,85.663714,93.385714,93.385714,1.0,1,4070.7,-13.12,13.12,13.12,13.12,False,False,False,False,False,green_box_midline::green_mid_2,4083.820000,1
2,2025-11-19,2025-11-18,L5,RANGE_NORMAL_60_120,CLOSE_POS_UPPER_THIRD,ROWS_STANDARD_9_10,REGIME_RANGE_CLOSE_ROWS,3,1,4068.11,4068.11,4068.11,4068.11,4068.11,0.0,79.10058,88.966518,88.966518,0.5,2,4070.7,2.59,2.59,2.59,2.59,False,True,True,True,True,red_box_quarter::red_box_1_25pct,4068.110000,2
3,2025-11-19,2025-11-18,L5,RANGE_NORMAL_60_120,CLOSE_POS_UPPER_THIRD,ROWS_STANDARD_9_10,REGIME_RANGE_CLOSE_ROWS,1,1,4049.26,4049.26,4049.26,4049.26,4049.26,0.0,77.292976,88.14881,88.14881,0.333333,3,4070.7,21.44,21.44,21.44,21.44,False,False,False,False,False,prior_hlc::previous_pivot_hlc3,4049.260000,3
4,2025-11-19,2025-11-18,L5,RANGE_NORMAL_60_120,CLOSE_POS_UPPER_THIRD,ROWS_STANDARD_9_10,REGIME_RANGE_CLOSE_ROWS,5,1,4098.11,4098.11,4098.11,4098.11,4098.11,0.0,48.713982,40.024107,40.024107,0.25,4,4070.7,-27.41,27.41,27.41,27.41,False,False,False,False,False,green_box_quarter::green_box_2_75pct,4098.110000,4
5,2025-11-19,2025-11-18,L5,RANGE_NORMAL_60_120,CLOSE_POS_UPPER_THIRD,ROWS_STANDARD_9_10,REGIME_RANGE_CLOSE_ROWS,2,1,4061.32,4061.32,4061.32,4061.32,4061.32,0.0,48.251839,39.916964,39.916964,0.2,5,4070.7,9.38,9.38,9.38,9.38,False,False,False,False,False,prior_range_fraction::prev_range_0.75,4061.320000,5
1,2025-11-19,2025-11-18,L6,RANGE_NORMAL_60_120,CLOSE_POS_UPPER_THIRD,ROWS_STANDARD_9_10,REGIME_RANGE_CLOSE_ROWS,2,3,4049.26,4054.293361,4051.776681,4052.457787,4053.82,5.033361,86.598644,91.255176,273.765528,1.45,1,4040.63,-11.146681,11.146681,11.827787,13.19,False,False,False,False,False,prior_hlc::previous_pivot_hlc3 | red_box_midline::red_mid_1 | prior_range_fraction::prev_range_0.666667,4049.260000 | 4053.820000 | 4054.293361,4 | 1 | 5
2,2025-11-19,2025-11-18,L6,RANGE_NORMAL_60_120,CLOSE_POS_UPPER_THIRD,ROWS_STANDARD_9_10,REGIME_RANGE_CLOSE_ROWS,1,1,4030.29024,4030.29024,4030.29024,4030.29024,4030.29024,0.0,80.62215,91.589914,91.589914,0.5,2,4040.63,10.33976,10.33976,10.33976,10.33976,False,False,False,False,False,prior_range_fraction::prev_range_0.382,4030.290240,2
3,2025-11-19,2025-11-18,L6,RANGE_NORMAL_60_120,CLOSE_POS_UPPER_THIRD,ROWS_STANDARD_9_10,REGIME_RANGE_CLOSE_ROWS,3,1,4068.11,4068.11,4068.11,4068.11,4068.11,0.0,78.627149,90.449107,90.449107,0.333333,3,4040.63,-27.48,27.48,27.48,27.48,False,False,False,False,False,red_box_quarter::red_box_1_25pct,4068.110000,3
1,2025-11-19,2025-11-18,L7,RANGE_NORMAL_60_120,CLOSE_POS_UPPER_THIRD,ROWS_STANDARD_9_10,REGIME_RANGE_CLOSE_ROWS,1,2,4008.62,4010.95,4009.785,4009.785,4009.785,2.33,86.11999,90.523661,181.047322,1.333333,1,4008.31,-1.475,1.475,1.475,1.475,False,True,True,True,True,prior_range_fraction::prev_range_0.125 | red_box_quarter::red_box_2_25pct,4008.620000 | 4010.950000,1 | 3
2,2025-11-19,2025-11-18,L7,RANGE_NORMAL_60_120,CLOSE_POS_UPPER_THIRD,ROWS_STANDARD_9_10,REGIME_RANGE_CLOSE_ROWS,2,1,4025.24,4025.24,4025.24,4025.24,4025.24,0.0,80.361821,91.141071,91.141071,0.5,2,4008.31,-16.93,16.93,16.93,16.93,False,False,False,False,False,red_box_edge::red_edge_1,4025.240000,2
3,2025-11-19,2025-11-18,L7,RANGE_NORMAL_60_120,CLOSE_POS_UPPER_THIRD,ROWS_STANDARD_9_10,REGIME_RANGE_CLOSE_ROWS,3,1,4030.29024,4030.29024,4030.29024,4030.29024,4030.29024,0.0,63.765204,65.974489,65.974489,0.25,4,4008.31,-21.98024,21.98024,21.98024,21.98024,False,False,False,False,False,prior_range_fraction::prev_range_0.382,4030.290240,4
4,2025-11-19,2025-11-18,L7,RANGE_NORMAL_60_120,CLOSE_POS_UPPER_THIRD,ROWS_STANDARD_9_10,REGIME_RANGE_CLOSE_ROWS,4,1,4050.18976,4050.18976,4050.18976,4050.18976,4050.18976,0.0,47.879475,39.274957,39.274957,0.2,5,4008.31,-41.87976,41.87976,41.87976,41.87976,False,False,False,False,False,prior_range_fraction::prev_range_0.618,4050.189760,5
1,2025-11-20,2025-11-19,L4,RANGE_NORMAL_60_120,CLOSE_POS_LOWER_THIRD,ROWS_SPARSE_1_8,REGIME_RANGE_CLOSE_ROWS,1,1,4103.33252,4103.33252,4103.33252,4103.33252,4103.33252,0.0,75.585094,76.008783,76.008783,1.0,1,4109.29,5.95748,5.95748,5.95748,5.95748,False,False,False,False,False,prior_range_fraction::prev_range_0.618,4103.332520,1
1,2025-11-20,2025-11-19,L5,RANGE_NORMAL_60_120,CLOSE_POS_LOWER_THIRD,ROWS_SPARSE_1_8,REGIME_RANGE_CLOSE_ROWS,1,1,4069.0525,4069.0525,4069.0525,4069.0525,4069.0525,0.0,75.706271,76.217708,76.217708,1.0,1,4074.15,5.0975,5.0975,5.0975,5.0975,False,False,False,False,False,green_box_quarter::green_box_1_25pct,4069.052500,1
1,2025-11-20,2025-11-19,L6,RANGE_NORMAL_60_120,CLOSE_POS_LOWER_THIRD,ROWS_SPARSE_1_8,REGIME_RANGE_CLOSE_ROWS,1,1,4039.0525,4039.0525,4039.0525,4039.0525,4039.0525,0.0,53.245771,37.492708,37.492708,1.0,1,4040.63,1.5775,1.5775,1.5775,1.5775,False,True,True,True,True,red_box_quarter::red_box_2_75pct,4039.052500,1
1,2025-11-20,2025-11-19,L7,RANGE_NORMAL_60_120,CLOSE_POS_LOWER_THIRD,ROWS_SPARSE_1_8,REGIME_RANGE_CLOSE_ROWS,1,1,4012.2675,4012.2675,4012.2675,4012.2675,4012.2675,0.0,55.424396,41.248958,41.248958,1.0,1,4011.09,-1.1775,1.1775,1.1775,1.1775,False,True,True,True,True,red_box_quarter::red_box_3_25pct,4012.267500,1
1,2025-11-21,2025-11-20,L4,RANGE_NORMAL_60_120,CLOSE_POS_MIDDLE_THIRD,ROWS_STANDARD_9_10,REGIME_RANGE_CLOSE_ROWS,3,1,4114.945,4114.945,4114.945,4114.945,4114.945,0.0,85.889892,93.775676,93.775676,1.0,1,4109.29,-5.655,5.655,5.655,5.655,False,False,False,False,False,green_box_midline::green_mid_2,4114.945000,1
2,2025-11-21,2025-11-20,L4,RANGE_NORMAL_60_120,CLOSE_POS_MIDDLE_THIRD,ROWS_STANDARD_9_10,REGIME_RANGE_CLOSE_ROWS,2,1,4089.62,4089.62,4089.62,4089.62,4089.62,0.0,79.821095,90.208784,90.208784,0.5,2,4109.29,19.67,19.67,19.67,19.67,False,False,False,False,False,green_box_edge::green_edge_1,4089.620000,2
3,2025-11-21,2025-11-20,L4,RANGE_NORMAL_60_120,CLOSE_POS_MIDDLE_THIRD,ROWS_STANDARD_9_10,REGIME_RANGE_CLOSE_ROWS,1,1,4077.2,4077.2,4077.2,4077.2,4077.2,0.0,69.064329,73.961486,73.961486,0.333333,3,4109.29,32.09,32.09,32.09,32.09,False,False,False,False,False,prior_hlc::previous_close,4077.200000,3
1,2025-11-21,2025-11-20,L5,RANGE_NORMAL_60_120,CLOSE_POS_MIDDLE_THIRD,ROWS_STANDARD_9_10,REGIME_RANGE_CLOSE_ROWS,4,1,4089.62,4089.62,4089.62,4089.62,4089.62,0.0,85.014601,92.266554,92.266554,1.0,1,4075.93,-13.69,13.69,13.69,13.69,False,False,False,False,False,green_box_edge::green_edge_1,4089.620000,1
2,2025-11-21,2025-11-20,L5,RANGE_NORMAL_60_120,CLOSE_POS_MIDDLE_THIRD,ROWS_STANDARD_9_10,REGIME_RANGE_CLOSE_ROWS,3,1,4083.0334,4083.0334,4083.0334,4083.0334,4083.0334,0.0,80.926367,92.114426,92.114426,0.5,2,4075.93,-7.1034,7.1034,7.1034,7.1034,False,False,False,False,False,prior_range_fraction::prev_range_0.618,4083.033400,2
3,2025-11-21,2025-11-20,L5,RANGE_NORMAL_60_120,CLOSE_POS_MIDDLE_THIRD,ROWS_STANDARD_9_10,REGIME_RANGE_CLOSE_ROWS,2,1,4072.2825,4072.2825,4072.2825,4072.2825,4072.2825,0.0,78.491386,90.215034,90.215034,0.333333,3,4075.93,3.6475,3.6475,3.6475,3.6475,False,False,True,False,True,red_box_quarter::red_box_1_75pct,4072.282500,3
4,2025-11-21,2025-11-20,L5,RANGE_NORMAL_60_120,CLOSE_POS_MIDDLE_THIRD,ROWS_STANDARD_9_10,REGIME_RANGE_CLOSE_ROWS,1,1,4051.6325,4051.6325,4051.6325,4051.6325,4051.6325,0.0,75.551599,86.295861,86.295861,0.25,4,4075.93,24.2975,24.2975,24.2975,24.2975,False,False,False,False,False,green_box_quarter::green_box_1_25pct,4051.632500,4
1,2025-11-21,2025-11-20,L6,RANGE_NORMAL_60_120,CLOSE_POS_MIDDLE_THIRD,ROWS_STANDARD_9_10,REGIME_RANGE_CLOSE_ROWS,2,3,4056.795,4064.295,4060.545,4060.236667,4059.62,7.5,76.537446,73.512838,220.538514,1.75,1,4043.38,-17.165,17.165,16.856667,16.24,False,False,False,False,False,prior_range_fraction::prev_range_0.25 | red_box_edge::red_edge_1 | green_box_midline::green_mid_1,4056.795000 | 4059.620000 | 4064.295000,1 | 2 | 4
2,2025-11-21,2025-11-20,L6,RANGE_NORMAL_60_120,CLOSE_POS_MIDDLE_THIRD,ROWS_STANDARD_9_10,REGIME_RANGE_CLOSE_ROWS,1,1,4034.295,4034.295,4034.295,4034.295,4034.295,0.0,68.415454,72.842736,72.842736,0.333333,3,4043.38,9.085,9.085,9.085,9.085,False,False,False,False,False,red_box_midline::red_mid_2,4034.295000,3
1,2025-11-21,2025-11-20,L7,RANGE_NORMAL_60_120,CLOSE_POS_MIDDLE_THIRD,ROWS_STANDARD_9_10,REGIME_RANGE_CLOSE_ROWS,3,1,4038.97,4038.97,4038.97,4038.97,4038.97,0.0,83.990392,90.500676,90.500676,1.0,1,4008.63,-30.34,30.34,30.34,30.34,False,False,False,False,False,prior_hlc::previous_low,4038.970000,1
2,2025-11-21,2025-11-20,L7,RANGE_NORMAL_60_120,CLOSE_POS_MIDDLE_THIRD,ROWS_STANDARD_9_10,REGIME_RANGE_CLOSE_ROWS,4,1,4046.9575,4046.9575,4046.9575,4046.9575,4046.9575,0.0,79.67972,89.965034,89.965034,0.5,2,4008.63,-38.3275,38.3275,38.3275,38.3275,False,False,False,False,False,red_box_quarter::red_box_2_25pct,4046.957500,2
3,2025-11-21,2025-11-20,L7,RANGE_NORMAL_60_120,CLOSE_POS_MIDDLE_THIRD,ROWS_STANDARD_9_10,REGIME_RANGE_CLOSE_ROWS,2,1,4021.6325,4021.6325,4021.6325,4021.6325,4021.6325,0.0,49.87108,40.869679,40.869679,0.333333,3,4008.63,-13.0025,13.0025,13.0025,13.0025,False,False,False,False,False,red_box_quarter::red_box_2_75pct,4021.632500,3
4,2025-11-21,2025-11-20,L7,RANGE_NORMAL_60_120,CLOSE_POS_MIDDLE_THIRD,ROWS_STANDARD_9_10,REGIME_RANGE_CLOSE_ROWS,1,1,4008.97,4008.97,4008.97,4008.97,4008.97,0.0,33.177162,13.236486,13.236486,0.25,4,4008.63,-0.34,0.34,0.34,0.34,False,True,True,True,True,red_box_edge::red_edge_2,4008.970000,4
1,2025-11-24,2025-11-21,L4,RANGE_NORMAL_60_120,CLOSE_POS_MIDDLE_THIRD,ROWS_STANDARD_9_10,REGIME_RANGE_CLOSE_ROWS,3,2,4101.05,4103.8075,4102.42875,4102.42875,4102.42875,2.7575,88.419532,92.838158,185.676316,1.5,1,4112.0,9.57125,9.57125,9.57125,9.57125,False,False,False,False,False,prior_hlc::previous_high | green_box_midline::green_mid_2,4101.050000 | 4103.807500,2 | 1
2,2025-11-24,2025-11-21,L4,RANGE_NORMAL_60_120,CLOSE_POS_MIDDLE_THIRD,ROWS_STANDARD_9_10,REGIME_RANGE_CLOSE_ROWS,2,1,4076.565,4076.565,4076.565,4076.565,4076.565,0.0,78.460535,90.161842,90.161842,0.333333,3,4112.0,35.435,35.435,35.435,35.435,False,False,False,False,False,green_box_edge::green_edge_1,4076.565000,3
3,2025-11-24,2025-11-21,L4,RANGE_NORMAL_60_120,CLOSE_POS_MIDDLE_THIRD,ROWS_STANDARD_9_10,REGIME_RANGE_CLOSE_ROWS,1,1,4065.26,4065.26,4065.26,4065.26,4065.26,0.0,68.390237,73.948684,73.948684,0.25,4,4112.0,46.74,46.74,46.74,46.74,False,False,False,False,False,prior_hlc::previous_close,4065.260000,4
1,2025-11-24,2025-11-21,L5,RANGE_NORMAL_60_120,CLOSE_POS_MIDDLE_THIRD,ROWS_STANDARD_9_10,REGIME_RANGE_CLOSE_ROWS,2,2,4060.18625,4062.796667,4061.491459,4061.491459,4061.491459,2.610417,85.93033,91.771546,183.543092,1.25,1,4079.5,18.008541,18.008541,18.008541,18.008541,False,False,False,False,False,red_box_quarter::red_box_1_75pct | prior_hlc::previous_pivot_hlc3,4060.186250 | 4062.796667,4 | 1
2,2025-11-24,2025-11-21,L5,RANGE_NORMAL_60_120,CLOSE_POS_MIDDLE_THIRD,ROWS_STANDARD_9_10,REGIME_RANGE_CLOSE_ROWS,4,1,4076.565,4076.565,4076.565,4076.565,4076.565,0.0,80.952723,92.159868,92.159868,0.5,2,4079.5,2.935,2.935,2.935,2.935,False,True,True,True,True,green_box_edge::green_edge_1,4076.565000,2
3,2025-11-24,2025-11-21,L5,RANGE_NORMAL_60_120,CLOSE_POS_MIDDLE_THIRD,ROWS_STANDARD_9_10,REGIME_RANGE_CLOSE_ROWS,3,1,4070.88346,4070.88346,4070.88346,4070.88346,4070.88346,0.0,79.506405,91.965066,91.965066,0.333333,3,4079.5,8.61654,8.61654,8.61654,8.61654,False,False,False,False,False,prior_range_fraction::prev_range_0.618,4070.883460,3
4,2025-11-24,2025-11-21,L5,RANGE_NORMAL_60_120,CLOSE_POS_MIDDLE_THIRD,ROWS_STANDARD_9_10,REGIME_RANGE_CLOSE_ROWS,1,1,4035.70125,4035.70125,4035.70125,4035.70125,4035.70125,0.0,75.144174,86.283059,86.283059,0.2,5,4079.5,43.79875,43.79875,43.79875,43.79875,False,False,False,False,False,green_box_quarter::green_box_1_25pct,4035.701250,5
1,2025-11-24,2025-11-21,L6,RANGE_NORMAL_60_120,CLOSE_POS_MIDDLE_THIRD,ROWS_STANDARD_9_10,REGIME_RANGE_CLOSE_ROWS,3,3,4041.8225,4049.3225,4045.5725,4045.903333,4046.565,7.5,76.478868,73.411842,220.235526,1.75,1,4047.0,1.4275,1.4275,1.096667,0.435,True,True,True,True,True,prior_range_fraction::prev_range_0.25 | red_box_edge::red_edge_1 | green_box_midline::green_mid_1,4041.822500 | 4046.565000 | 4049.322500,1 | 2 | 4
2,2025-11-24,2025-11-21,L6,RANGE_NORMAL_60_120,CLOSE_POS_MIDDLE_THIRD,ROWS_STANDARD_9_10,REGIME_RANGE_CLOSE_ROWS,1,1,4019.3225,4019.3225,4019.3225,4019.3225,4019.3225,0.0,68.408028,72.829934,72.829934,0.333333,3,4047.0,27.6775,27.6775,27.6775,27.6775,False,False,False,False,False,red_box_midline::red_mid_2,4019.322500,3
3,2025-11-24,2025-11-21,L6,RANGE_NORMAL_60_120,CLOSE_POS_MIDDLE_THIRD,ROWS_STANDARD_9_10,REGIME_RANGE_CLOSE_ROWS,2,1,4032.94375,4032.94375,4032.94375,4032.94375,4032.94375,0.0,49.202625,41.55625,41.55625,0.2,5,4047.0,14.05625,14.05625,14.05625,14.05625,False,False,False,False,False,red_box_quarter::red_box_2_25pct,4032.943750,5
1,2025-11-24,2025-11-21,L7,RANGE_NORMAL_60_120,CLOSE_POS_MIDDLE_THIRD,ROWS_STANDARD_9_10,REGIME_RANGE_CLOSE_ROWS,3,1,4022.08,4022.08,4022.08,4022.08,4022.08,0.0,83.903763,90.351316,90.351316,1.0,1,4010.46,-11.62,11.62,11.62,11.62,False,False,False,False,False,prior_hlc::previous_low,4022.080000,1
2,2025-11-24,2025-11-21,L7,RANGE_NORMAL_60_120,CLOSE_POS_MIDDLE_THIRD,ROWS_STANDARD_9_10,REGIME_RANGE_CLOSE_ROWS,4,1,4032.94375,4032.94375,4032.94375,4032.94375,4032.94375,0.0,79.652493,89.918092,89.918092,0.5,2,4010.46,-22.48375,22.48375,22.48375,22.48375,False,False,False,False,False,red_box_quarter::red_box_2_25pct,4032.943750,2
3,2025-11-24,2025-11-21,L7,RANGE_NORMAL_60_120,CLOSE_POS_MIDDLE_THIRD,ROWS_STANDARD_9_10,REGIME_RANGE_CLOSE_ROWS,1,1,3992.08,3992.08,3992.08,3992.08,3992.08,0.0,59.632667,57.7,57.7,0.333333,3,4010.46,18.38,18.38,18.38,18.38,False,False,False,False,False,red_box_edge::red_edge_2,3992.080000,3
4,2025-11-24,2025-11-21,L7,RANGE_NORMAL_60_120,CLOSE_POS_MIDDLE_THIRD,ROWS_STANDARD_9_10,REGIME_RANGE_CLOSE_ROWS,2,1,4005.70125,4005.70125,4005.70125,4005.70125,4005.70125,0.0,49.142536,40.762993,40.762993,0.25,4,4010.46,4.75875,4.75875,4.75875,4.75875,False,False,True,False,True,red_box_quarter::red_box_2_75pct,4005.701250,4
1,2025-11-25,2025-11-24,L4,RANGE_NORMAL_60_120,CLOSE_POS_UPPER_THIRD,ROWS_STANDARD_9_10,REGIME_RANGE_CLOSE_ROWS,2,1,4123.65375,4123.65375,4123.65375,4123.65375,4123.65375,0.0,81.753514,86.64399,86.64399,1.0,1,4143.47,19.81625,19.81625,19.81625,19.81625,False,False,False,False,False,red_box_quarter::red_box_1_25pct,4123.653750,1
2,2025-11-25,2025-11-24,L4,RANGE_NORMAL_60_120,CLOSE_POS_UPPER_THIRD,ROWS_STANDARD_9_10,REGIME_RANGE_CLOSE_ROWS,1,1,4114.9475,4114.9475,4114.9475,4114.9475,4114.9475,0.0,75.094019,82.058654,82.058654,0.5,2,4143.47,28.5225,28.5225,28.5225,28.5225,False,False,False,False,False,prior_range_fraction::prev_range_0.75,4114.947500,2
3,2025-11-25,2025-11-24,L4,RANGE_NORMAL_60_120,CLOSE_POS_UPPER_THIRD,ROWS_STANDARD_9_10,REGIME_RANGE_CLOSE_ROWS,3,1,4153.65375,4153.65375,4153.65375,4153.65375,4153.65375,0.0,55.009676,49.729327,49.729327,0.333333,3,4143.47,-10.18375,10.18375,10.18375,10.18375,False,False,False,False,False,green_box_quarter::green_box_2_75pct,4153.653750,3
4,2025-11-25,2025-11-24,L4,RANGE_NORMAL_60_120,CLOSE_POS_UPPER_THIRD,ROWS_STANDARD_9_10,REGIME_RANGE_CLOSE_ROWS,4,1,4169.86,4169.86,4169.86,4169.86,4169.86,0.0,40.109308,25.188462,25.188462,0.25,4,4143.47,-26.39,26.39,26.39,26.39,False,False,False,False,False,green_box_edge::green_edge_2,4169.860000,4
5,2025-11-25,2025-11-24,L4,RANGE_NORMAL_60_120,CLOSE_POS_UPPER_THIRD,ROWS_STANDARD_9_10,REGIME_RANGE_CLOSE_ROWS,5,1,4186.06625,4186.06625,4186.06625,4186.06625,4186.06625,0.0,33.131048,13.846635,13.846635,0.2,5,4143.47,-42.59625,42.59625,42.59625,42.59625,False,False,False,False,False,green_box_quarter::green_box_3_25pct,4186.066250,5
1,2025-11-25,2025-11-24,L5,RANGE_NORMAL_60_120,CLOSE_POS_UPPER_THIRD,ROWS_STANDARD_9_10,REGIME_RANGE_CLOSE_ROWS,4,1,4137.4475,4137.4475,4137.4475,4137.4475,4137.4475,0.0,85.337385,92.823077,92.823077,1.0,1,4108.27,-29.1775,29.1775,29.1775,29.1775,False,False,False,False,False,green_box_midline::green_mid_2,4137.447500,1
2,2025-11-25,2025-11-24,L5,RANGE_NORMAL_60_120,CLOSE_POS_UPPER_THIRD,ROWS_STANDARD_9_10,REGIME_RANGE_CLOSE_ROWS,3,2,4123.65375,4127.40375,4125.52875,4125.52875,4125.52875,3.75,80.500232,89.885457,179.770914,0.833333,2,4108.27,-17.25875,17.25875,17.25875,17.25875,False,False,False,False,False,red_box_quarter::red_box_1_25pct | prior_range_fraction::prev_range_0.875,4123.653750 | 4127.403750,3 | 2
3,2025-11-25,2025-11-24,L5,RANGE_NORMAL_60_120,CLOSE_POS_UPPER_THIRD,ROWS_STANDARD_9_10,REGIME_RANGE_CLOSE_ROWS,1,1,4104.896667,4104.896667,4104.896667,4104.896667,4104.896667,0.0,76.503936,87.937821,87.937821,0.25,4,4108.27,3.373333,3.373333,3.373333,3.373333,False,False,True,False,True,prior_hlc::previous_pivot_hlc3,4104.896667,4
4,2025-11-25,2025-11-24,L5,RANGE_NORMAL_60_120,CLOSE_POS_UPPER_THIRD,ROWS_STANDARD_9_10,REGIME_RANGE_CLOSE_ROWS,2,1,4114.9475,4114.9475,4114.9475,4114.9475,4114.9475,0.0,48.068279,39.600481,39.600481,0.2,5,4108.27,-6.6775,6.6775,6.6775,6.6775,False,False,False,False,False,prior_range_fraction::prev_range_0.75,4114.947500,5
1,2025-11-25,2025-11-24,L6,RANGE_NORMAL_60_120,CLOSE_POS_UPPER_THIRD,ROWS_STANDARD_9_10,REGIME_RANGE_CLOSE_ROWS,2,1,4088.82875,4088.82875,4088.82875,4088.82875,4088.82875,0.0,85.731464,93.502524,93.502524,1.0,1,4078.21,-10.61875,10.61875,10.61875,10.61875,False,False,False,False,False,green_box_quarter::green_box_1_75pct,4088.828750,1
2,2025-11-25,2025-11-24,L6,RANGE_NORMAL_60_120,CLOSE_POS_UPPER_THIRD,ROWS_STANDARD_9_10,REGIME_RANGE_CLOSE_ROWS,3,2,4104.896667,4107.4475,4106.172083,4106.172083,4106.172083,2.550833,81.768197,91.401603,182.803206,0.75,2,4078.21,-27.962083,27.962083,27.962083,27.962083,False,False,False,False,False,prior_hlc::previous_pivot_hlc3 | red_box_midline::red_mid_1,4104.896667 | 4107.447500,4 | 2
3,2025-11-25,2025-11-24,L6,RANGE_NORMAL_60_120,CLOSE_POS_UPPER_THIRD,ROWS_STANDARD_9_10,REGIME_RANGE_CLOSE_ROWS,1,1,4078.2763,4078.2763,4078.2763,4078.2763,4078.2763,0.0,79.105257,91.273431,91.273431,0.333333,3,4078.21,-0.0663,0.0663,0.0663,0.0663,False,True,True,True,True,prior_range_fraction::prev_range_0.382,4078.276300,3
4,2025-11-25,2025-11-24,L6,RANGE_NORMAL_60_120,CLOSE_POS_UPPER_THIRD,ROWS_STANDARD_9_10,REGIME_RANGE_CLOSE_ROWS,4,1,4123.65375,4123.65375,4123.65375,4123.65375,4123.65375,0.0,77.254548,89.921635,89.921635,0.2,5,4078.21,-45.44375,45.44375,45.44375,45.44375,False,False,False,False,False,red_box_quarter::red_box_1_25pct,4123.653750,5
1,2025-11-25,2025-11-24,L7,RANGE_NORMAL_60_120,CLOSE_POS_UPPER_THIRD,ROWS_STANDARD_9_10,REGIME_RANGE_CLOSE_ROWS,1,1,4052.66625,4052.66625,4052.66625,4052.66625,4052.66625,0.0,87.332808,96.263462,96.263462,1.0,1,4045.41,-7.25625,7.25625,7.25625,7.25625,False,False,False,False,False,prior_range_fraction::prev_range_0.125,4052.666250,1
2,2025-11-25,2025-11-24,L7,RANGE_NORMAL_60_120,CLOSE_POS_UPPER_THIRD,ROWS_STANDARD_9_10,REGIME_RANGE_CLOSE_ROWS,2,1,4058.82875,4058.82875,4058.82875,4058.82875,4058.82875,0.0,77.444522,88.410096,88.410096,0.333333,3,4045.41,-13.41875,13.41875,13.41875,13.41875,False,False,False,False,False,red_box_quarter::red_box_2_25pct,4058.828750,3
3,2025-11-25,2025-11-24,L7,RANGE_NORMAL_60_120,CLOSE_POS_UPPER_THIRD,ROWS_STANDARD_9_10,REGIME_RANGE_CLOSE_ROWS,3,2,4075.035,4078.2763,4076.65565,4076.65565,4076.65565,3.2413,73.410333,78.039099,156.078198,0.75,2,4045.41,-31.24565,31.24565,31.24565,31.24565,False,False,False,False,False,red_box_edge::red_edge_1 | prior_range_fraction::prev_range_0.382,4075.035000 | 4078.276300,2 | 4
4,2025-11-25,2025-11-24,L7,RANGE_NORMAL_60_120,CLOSE_POS_UPPER_THIRD,ROWS_STANDARD_9_10,REGIME_RANGE_CLOSE_ROWS,4,1,4101.7937,4101.7937,4101.7937,4101.7937,4101.7937,0.0,47.573541,38.747485,38.747485,0.2,5,4045.41,-56.3837,56.3837,56.3837,56.3837,False,False,False,False,False,prior_range_fraction::prev_range_0.618,4101.793700,5
1,2025-11-26,2025-11-25,L4,RANGE_COMPRESSED_0_60,CLOSE_POS_MIDDLE_THIRD,ROWS_STANDARD_9_10,REGIME_RANGE_CLOSE_ROWS,1,1,4149.365,4149.365,4149.365,4149.365,4149.365,0.0,84.394188,91.196875,91.196875,1.0,1,4181.28,31.915,31.915,31.915,31.915,False,False,False,False,False,red_box_quarter::red_box_1_25pct,4149.365000,1
1,2025-11-26,2025-11-25,L5,RANGE_COMPRESSED_0_60,CLOSE_POS_MIDDLE_THIRD,ROWS_STANDARD_9_10,REGIME_RANGE_CLOSE_ROWS,1,1,4126.22665,4126.22665,4126.22665,4126.22665,4126.22665,0.0,85.029141,92.291622,92.291622,1.0,1,4146.58,20.35335,20.35335,20.35335,20.35335,False,False,False,False,False,prior_range_fraction::prev_range_0.333333,4126.226650,1
1,2025-11-26,2025-11-25,L6,RANGE_COMPRESSED_0_60,CLOSE_POS_MIDDLE_THIRD,ROWS_STANDARD_9_10,REGIME_RANGE_CLOSE_ROWS,1,1,4099.59,4099.59,4099.59,4099.59,4099.59,0.0,75.409625,75.70625,75.70625,1.0,1,4111.42,11.83,11.83,11.83,11.83,False,False,False,False,False,red_box_midline::red_mid_2,4099.590000,1
1,2025-11-26,2025-11-25,L7,RANGE_COMPRESSED_0_60,CLOSE_POS_MIDDLE_THIRD,ROWS_STANDARD_9_10,REGIME_RANGE_CLOSE_ROWS,1,1,4079.68,4079.68,4079.68,4079.68,4079.68,0.0,83.439,89.55,89.55,1.0,1,4082.04,2.36,2.36,2.36,2.36,False,True,True,True,True,red_box_edge::red_edge_2,4079.680000,1
1,2025-11-27,2025-11-26,L4,RANGE_COMPRESSED_0_60,CLOSE_POS_UPPER_THIRD,ROWS_STANDARD_9_10,REGIME_RANGE_CLOSE,1,2,4155.663333,4157.44125,4156.552292,4156.552292,4156.552292,1.777917,86.432802,87.926499,175.852997,1.5,1,4172.25,15.697708,15.697708,15.697708,15.697708,False,False,False,False,False,prior_hlc::previous_pivot_hlc3 | green_box_quarter::green_box_1_75pct,4155.663333 | 4157.441250,2 | 1
1,2025-11-27,2025-11-26,L5,RANGE_COMPRESSED_0_60,CLOSE_POS_UPPER_THIRD,ROWS_STANDARD_9_10,REGIME_RANGE_CLOSE,1,2,4139.03375,4140.7375,4139.885625,4139.885625,4139.885625,1.70375,86.330715,87.637957,175.275915,1.5,1,4143.1,3.214375,3.214375,3.214375,3.214375,False,False,True,True,True,green_box_quarter::green_box_1_25pct | prior_range_fraction::prev_range_0.25,4139.033750 | 4140.737500,2 | 1
1,2025-11-27,2025-11-26,L6,RANGE_COMPRESSED_0_60,CLOSE_POS_UPPER_THIRD,ROWS_STANDARD_9_10,REGIME_RANGE_CLOSE,1,1,4118.2375,4118.2375,4118.2375,4118.2375,4118.2375,0.0,82.162956,87.349924,87.349924,1.0,1,4108.29,-9.9475,9.9475,9.9475,9.9475,False,False,False,False,False,red_box_midline::red_mid_2,4118.237500,1
1,2025-11-27,2025-11-26,L7,RANGE_COMPRESSED_0_60,CLOSE_POS_UPPER_THIRD,ROWS_STANDARD_9_10,REGIME_RANGE_CLOSE,1,1,4099.83,4099.83,4099.83,4099.83,4099.83,0.0,78.916768,81.753049,81.753049,1.0,1,4073.19,-26.64,26.64,26.64,26.64,False,False,False,False,False,red_box_edge::red_edge_2,4099.830000,1
1,2025-11-28,2025-11-27,L4,RANGE_COMPRESSED_0_60,CLOSE_POS_MIDDLE_THIRD,ROWS_STANDARD_9_10,REGIME_RANGE_CLOSE_ROWS,1,1,4161.7525,4161.7525,4161.7525,4161.7525,4161.7525,0.0,84.274045,90.989732,90.989732,1.0,1,4169.5,7.7475,7.7475,7.7475,7.7475,False,False,False,False,False,red_box_quarter::red_box_1_25pct,4161.752500,1
2,2025-11-28,2025-11-27,L4,RANGE_COMPRESSED_0_60,CLOSE_POS_MIDDLE_THIRD,ROWS_STANDARD_9_10,REGIME_RANGE_CLOSE_ROWS,2,1,4191.7525,4191.7525,4191.7525,4191.7525,4191.7525,0.0,79.450393,89.569643,89.569643,0.5,2,4169.5,-22.2525,22.2525,22.2525,22.2525,False,False,False,False,False,green_box_quarter::green_box_2_75pct,4191.752500,2
1,2025-11-28,2025-11-27,L5,RANGE_COMPRESSED_0_60,CLOSE_POS_MIDDLE_THIRD,ROWS_STANDARD_9_10,REGIME_RANGE_CLOSE_ROWS,2,1,4162.245,4162.245,4162.245,4162.245,4162.245,0.0,85.748643,93.532143,93.532143,1.0,1,4139.9,-22.345,22.345,22.345,22.345,False,False,False,False,False,prior_range_fraction::prev_range_0.75,4162.245000,1
2,2025-11-28,2025-11-27,L5,RANGE_COMPRESSED_0_60,CLOSE_POS_MIDDLE_THIRD,ROWS_STANDARD_9_10,REGIME_RANGE_CLOSE_ROWS,1,1,4151.386658,4151.386658,4151.386658,4151.386658,4151.386658,0.0,80.908998,92.08448,92.08448,0.5,2,4139.9,-11.486658,11.486658,11.486658,11.486658,False,False,False,False,False,prior_range_fraction::prev_range_0.333333,4151.386658,2
1,2025-11-28,2025-11-27,L6,RANGE_COMPRESSED_0_60,CLOSE_POS_MIDDLE_THIRD,ROWS_STANDARD_9_10,REGIME_RANGE_CLOSE_ROWS,2,1,4142.7,4142.7,4142.7,4142.7,4142.7,0.0,83.704143,90.007143,90.007143,1.0,1,4110.09,-32.61,32.61,32.61,32.61,False,False,False,False,False,prior_hlc::previous_low,4142.700000,1
2,2025-11-28,2025-11-27,L6,RANGE_COMPRESSED_0_60,CLOSE_POS_MIDDLE_THIRD,ROWS_STANDARD_9_10,REGIME_RANGE_CLOSE_ROWS,1,1,4126.715,4126.715,4126.715,4126.715,4126.715,0.0,71.289482,75.499107,75.499107,0.5,2,4110.09,-16.625,16.625,16.625,16.625,False,False,False,False,False,red_box_midline::red_mid_2,4126.715000,2
1,2025-11-28,2025-11-27,L7,RANGE_COMPRESSED_0_60,CLOSE_POS_MIDDLE_THIRD,ROWS_STANDARD_9_10,REGIME_RANGE_CLOSE_ROWS,1,1,4112.7,4112.7,4112.7,4112.7,4112.7,0.0,81.529143,86.257143,86.257143,1.0,1,4078.58,-34.12,34.12,34.12,34.12,False,False,False,False,False,red_box_edge::red_edge_2,4112.700000,1
1,2025-12-01,2025-11-28,L4,RANGE_NORMAL_60_120,CLOSE_POS_UPPER_THIRD,ROWS_STANDARD_9_10,REGIME_RANGE_CLOSE_ROWS,2,1,4214.0675,4214.0675,4214.0675,4214.0675,4214.0675,0.0,81.67881,86.515189,86.515189,1.0,1,4237.83,23.7625,23.7625,23.7625,23.7625,False,False,False,False,False,red_box_quarter::red_box_1_25pct,4214.067500,1
2,2025-12-01,2025-11-28,L4,RANGE_NORMAL_60_120,CLOSE_POS_UPPER_THIRD,ROWS_STANDARD_9_10,REGIME_RANGE_CLOSE_ROWS,1,1,4208.755,4208.755,4208.755,4208.755,4208.755,0.0,74.994413,81.886919,81.886919,0.5,2,4237.83,29.075,29.075,29.075,29.075,False,False,False,False,False,prior_range_fraction::prev_range_0.75,4208.755000,2
3,2025-12-01,2025-11-28,L4,RANGE_NORMAL_60_120,CLOSE_POS_UPPER_THIRD,ROWS_STANDARD_9_10,REGIME_RANGE_CLOSE_ROWS,4,1,4244.0675,4244.0675,4244.0675,4244.0675,4244.0675,0.0,54.851966,49.457413,49.457413,0.333333,3,4237.83,-6.2375,6.2375,6.2375,6.2375,False,False,False,False,False,green_box_quarter::green_box_2_75pct,4244.067500,3
4,2025-12-01,2025-11-28,L4,RANGE_NORMAL_60_120,CLOSE_POS_UPPER_THIRD,ROWS_STANDARD_9_10,REGIME_RANGE_CLOSE_ROWS,3,1,4226.88,4226.88,4226.88,4226.88,4226.88,0.0,49.312709,41.056395,41.056395,0.25,4,4237.83,10.95,10.95,10.95,10.95,False,False,False,False,False,prior_hlc::previous_high,4226.880000,4
5,2025-12-01,2025-11-28,L4,RANGE_NORMAL_60_120,CLOSE_POS_UPPER_THIRD,ROWS_STANDARD_9_10,REGIME_RANGE_CLOSE_ROWS,5,1,4256.88,4256.88,4256.88,4256.88,4256.88,0.0,39.410488,24.673256,24.673256,0.2,5,4237.83,-19.05,19.05,19.05,19.05,False,False,False,False,False,green_box_edge::green_edge_2,4256.880000,5
1,2025-12-01,2025-11-28,L5,RANGE_NORMAL_60_120,CLOSE_POS_UPPER_THIRD,ROWS_STANDARD_9_10,REGIME_RANGE_CLOSE_ROWS,3,1,4231.255,4231.255,4231.255,4231.255,4231.255,0.0,85.071767,92.365116,92.365116,1.0,1,4209.18,-22.075,22.075,22.075,22.075,False,False,False,False,False,green_box_midline::green_mid_2,4231.255000,1
2,2025-12-01,2025-11-28,L5,RANGE_NORMAL_60_120,CLOSE_POS_UPPER_THIRD,ROWS_STANDARD_9_10,REGIME_RANGE_CLOSE_ROWS,1,2,4200.256667,4201.255,4200.755833,4200.755833,4200.755833,0.998333,81.860924,89.895615,179.79123,0.7,2,4209.18,8.424167,8.424167,8.424167,8.424167,False,False,False,False,False,prior_hlc::previous_pivot_hlc3 | red_box_midline::red_mid_1,4200.256667 | 4201.255000,5 | 2
3,2025-12-01,2025-11-28,L5,RANGE_NORMAL_60_120,CLOSE_POS_UPPER_THIRD,ROWS_STANDARD_9_10,REGIME_RANGE_CLOSE_ROWS,2,2,4214.0675,4217.8175,4215.9425,4215.9425,4215.9425,3.75,78.271967,89.491897,178.983794,0.583333,3,4209.18,-6.7625,6.7625,6.7625,6.7625,False,False,False,False,True,red_box_quarter::red_box_1_25pct | prior_range_fraction::prev_range_0.875,4214.067500 | 4217.817500,4 | 3
1,2025-12-01,2025-11-28,L6,RANGE_NORMAL_60_120,CLOSE_POS_UPPER_THIRD,ROWS_STANDARD_9_10,REGIME_RANGE_CLOSE_ROWS,1,1,4182.075,4182.075,4182.075,4182.075,4182.075,0.0,87.449552,96.464745,96.464745,1.0,1,4188.77,6.695,6.695,6.695,6.695,False,False,False,False,False,prior_range_fraction::prev_range_0.382,4182.075000,1
2,2025-12-01,2025-11-28,L6,RANGE_NORMAL_60_120,CLOSE_POS_UPPER_THIRD,ROWS_STANDARD_9_10,REGIME_RANGE_CLOSE_ROWS,3,2,4200.256667,4201.255,4200.755833,4200.755833,4200.755833,0.998333,81.572799,91.008043,182.016086,0.583333,3,4188.77,-11.985833,11.985833,11.985833,11.985833,False,False,False,False,False,prior_hlc::previous_pivot_hlc3 | red_box_midline::red_mid_1,4200.256667 | 4201.255000,4 | 3
3,2025-12-01,2025-11-28,L6,RANGE_NORMAL_60_120,CLOSE_POS_UPPER_THIRD,ROWS_STANDARD_9_10,REGIME_RANGE_CLOSE_ROWS,2,1,4192.8175,4192.8175,4192.8175,4192.8175,4192.8175,0.0,81.432644,92.987318,92.987318,0.5,2,4188.77,-4.0475,4.0475,4.0475,4.0475,False,False,True,False,True,green_box_quarter::green_box_1_75pct,4192.817500,2
4,2025-12-01,2025-11-28,L6,RANGE_NORMAL_60_120,CLOSE_POS_UPPER_THIRD,ROWS_STANDARD_9_10,REGIME_RANGE_CLOSE_ROWS,4,1,4214.0675,4214.0675,4214.0675,4214.0675,4214.0675,0.0,77.005532,89.492297,89.492297,0.2,5,4188.77,-25.2975,25.2975,25.2975,25.2975,False,False,False,False,False,red_box_quarter::red_box_1_25pct,4214.067500,5
1,2025-12-01,2025-11-28,L7,RANGE_NORMAL_60_120,CLOSE_POS_UPPER_THIRD,ROWS_STANDARD_9_10,REGIME_RANGE_CLOSE_ROWS,2,2,4162.8175,4163.4425,4163.13,4163.13,4163.13,0.625,88.518439,92.072021,184.144041,1.333333,1,4164.44,1.31,1.31,1.31,1.31,False,True,True,True,True,red_box_quarter::red_box_2_25pct | prior_range_fraction::prev_range_0.125,4162.817500 | 4163.442500,3 | 1
2,2025-12-01,2025-11-28,L7,RANGE_NORMAL_60_120,CLOSE_POS_UPPER_THIRD,ROWS_STANDARD_9_10,REGIME_RANGE_CLOSE_ROWS,3,1,4175.63,4175.63,4175.63,4175.63,4175.63,0.0,79.862366,90.279942,90.279942,0.5,2,4164.44,-11.19,11.19,11.19,11.19,False,False,False,False,False,red_box_edge::red_edge_1,4175.630000,2
3,2025-12-01,2025-11-28,L7,RANGE_NORMAL_60_120,CLOSE_POS_UPPER_THIRD,ROWS_STANDARD_9_10,REGIME_RANGE_CLOSE_ROWS,4,1,4182.075,4182.075,4182.075,4182.075,4182.075,0.0,63.173257,64.953891,64.953891,0.25,4,4164.44,-17.635,17.635,17.635,17.635,False,False,False,False,False,prior_range_fraction::prev_range_0.382,4182.075000,4
4,2025-12-01,2025-11-28,L7,RANGE_NORMAL_60_120,CLOSE_POS_UPPER_THIRD,ROWS_STANDARD_9_10,REGIME_RANGE_CLOSE_ROWS,1,1,4150.005,4150.005,4150.005,4150.005,4150.005,0.0,59.718834,59.687645,59.687645,0.2,5,4164.44,14.435,14.435,14.435,14.435,False,False,False,False,False,red_box_midline::red_mid_2,4150.005000,5
1,2025-12-02,2025-12-01,L4,RANGE_COMPRESSED_0_60,CLOSE_POS_MIDDLE_THIRD,ROWS_SPARSE_1_8,REGIME_RANGE_CLOSE_ROWS,1,1,4241.97616,4241.97616,4241.97616,4241.97616,4241.97616,0.0,84.994689,92.232223,92.232223,1.0,1,4229.6,-12.37616,12.37616,12.37616,12.37616,False,False,False,False,False,prior_range_fraction::prev_range_0.618,4241.976160,1
1,2025-12-02,2025-12-01,L5,RANGE_COMPRESSED_0_60,CLOSE_POS_MIDDLE_THIRD,ROWS_SPARSE_1_8,REGIME_RANGE_CLOSE_ROWS,1,1,4208.86,4208.86,4208.86,4208.86,4208.86,0.0,85.240131,92.655398,92.655398,1.0,1,4209.81,0.95,0.95,0.95,0.95,False,True,True,True,True,red_box_quarter::red_box_2_25pct,4208.860000,1
1,2025-12-02,2025-12-01,L6,RANGE_COMPRESSED_0_60,CLOSE_POS_MIDDLE_THIRD,ROWS_SPARSE_1_8,REGIME_RANGE_CLOSE_ROWS,1,1,4175.44,4175.44,4175.44,4175.44,4175.44,0.0,75.305818,75.527273,75.527273,1.0,1,4187.32,11.88,11.88,11.88,11.88,False,False,False,False,False,red_box_edge::red_edge_2,4175.440000,1
1,2025-12-02,2025-12-01,L7,RANGE_COMPRESSED_0_60,CLOSE_POS_MIDDLE_THIRD,ROWS_SPARSE_1_8,REGIME_RANGE_CLOSE_ROWS,1,1,4142.02,4142.02,4142.02,4142.02,4142.02,0.0,82.858506,88.549148,88.549148,1.0,1,4167.18,25.16,25.16,25.16,25.16,False,False,False,False,False,red_box_quarter::red_box_3_75pct,4142.020000,1
1,2025-12-03,2025-12-02,L4,RANGE_NORMAL_60_120,CLOSE_POS_MIDDLE_THIRD,ROWS_STANDARD_9_10,REGIME_RANGE_CLOSE_ROWS,3,2,4235.98,4240.39,4238.185,4238.185,4238.185,4.41,86.445367,91.941667,183.883334,1.5,1,4233.23,-4.955,4.955,4.955,4.955,False,False,True,True,True,prior_hlc::previous_high | green_box_midline::green_mid_2,4235.980000 | 4240.390000,2 | 1
2,2025-12-03,2025-12-02,L4,RANGE_NORMAL_60_120,CLOSE_POS_MIDDLE_THIRD,ROWS_STANDARD_9_10,REGIME_RANGE_CLOSE_ROWS,2,1,4214.8,4214.8,4214.8,4214.8,4214.8,0.0,78.303834,89.891667,89.891667,0.333333,3,4233.23,18.43,18.43,18.43,18.43,False,False,False,False,False,green_box_edge::green_edge_1,4214.800000,3
3,2025-12-03,2025-12-02,L4,RANGE_NORMAL_60_120,CLOSE_POS_MIDDLE_THIRD,ROWS_STANDARD_9_10,REGIME_RANGE_CLOSE_ROWS,1,1,4205.64,4205.64,4205.64,4205.64,4205.64,0.0,68.3475,73.875,73.875,0.25,4,4233.23,27.59,27.59,27.59,27.59,False,False,False,False,False,prior_hlc::previous_close,4205.640000,4
4,2025-12-03,2025-12-02,L4,RANGE_NORMAL_60_120,CLOSE_POS_MIDDLE_THIRD,ROWS_STANDARD_9_10,REGIME_RANGE_CLOSE_ROWS,4,1,4253.185,4253.185,4253.185,4253.185,4253.185,0.0,35.614312,18.128125,18.128125,0.2,5,4233.23,-19.955,19.955,19.955,19.955,False,False,False,False,False,green_box_quarter::green_box_2_75pct,4253.185000,5
1,2025-12-03,2025-12-02,L5,RANGE_NORMAL_60_120,CLOSE_POS_MIDDLE_THIRD,ROWS_STANDARD_9_10,REGIME_RANGE_CLOSE_ROWS,1,2,4197.595,4201.746667,4199.670834,4199.670834,4199.670834,4.151667,84.225012,91.169792,182.339584,1.25,1,4213.24,13.569166,13.569166,13.569166,13.569166,False,False,False,False,False,red_box_quarter::red_box_1_75pct | prior_hlc::previous_pivot_hlc3,4197.595000 | 4201.746667,4 | 1
2,2025-12-03,2025-12-02,L5,RANGE_NORMAL_60_120,CLOSE_POS_MIDDLE_THIRD,ROWS_STANDARD_9_10,REGIME_RANGE_CLOSE_ROWS,3,2,4214.8,4217.89,4216.345,4216.345,4216.345,3.09,80.291654,90.363541,180.727083,0.7,2,4213.24,-3.105,3.105,3.105,3.105,False,False,True,True,True,green_box_edge::green_edge_1 | prior_range_fraction::prev_range_0.75,4214.800000 | 4217.890000,2 | 5
3,2025-12-03,2025-12-02,L5,RANGE_NORMAL_60_120,CLOSE_POS_MIDDLE_THIRD,ROWS_STANDARD_9_10,REGIME_RANGE_CLOSE_ROWS,2,1,4208.33848,4208.33848,4208.33848,4208.33848,4208.33848,0.0,79.007809,91.105417,91.105417,0.333333,3,4213.24,4.90152,4.90152,4.90152,4.90152,False,False,True,False,True,prior_range_fraction::prev_range_0.618,4208.338480,3
1,2025-12-03,2025-12-02,L6,RANGE_NORMAL_60_120,CLOSE_POS_MIDDLE_THIRD,ROWS_STANDARD_9_10,REGIME_RANGE_CLOSE_ROWS,3,3,4181.71,4189.21,4185.46,4185.24,4184.8,7.5,77.198208,74.652083,223.95625,1.75,1,4192.7,7.24,7.24,7.46,7.9,False,False,False,False,True,prior_range_fraction::prev_range_0.25 | red_box_edge::red_edge_1 | green_box_midline::green_mid_1,4181.710000 | 4184.800000 | 4189.210000,2 | 1 | 4
2,2025-12-03,2025-12-02,L6,RANGE_NORMAL_60_120,CLOSE_POS_MIDDLE_THIRD,ROWS_STANDARD_9_10,REGIME_RANGE_CLOSE_ROWS,1,1,4159.21,4159.21,4159.21,4159.21,4159.21,0.0,68.365292,72.75625,72.75625,0.333333,3,4192.7,33.49,33.49,33.49,33.49,False,False,False,False,False,red_box_midline::red_mid_2,4159.210000,3
3,2025-12-03,2025-12-02,L6,RANGE_NORMAL_60_120,CLOSE_POS_MIDDLE_THIRD,ROWS_STANDARD_9_10,REGIME_RANGE_CLOSE_ROWS,2,1,4172.005,4172.005,4172.005,4172.005,4172.005,0.0,48.661292,40.622917,40.622917,0.2,5,4192.7,20.695,20.695,20.695,20.695,False,False,False,False,False,red_box_quarter::red_box_2_25pct,4172.005000,5
1,2025-12-03,2025-12-02,L7,RANGE_NORMAL_60_120,CLOSE_POS_MIDDLE_THIRD,ROWS_STANDARD_9_10,REGIME_RANGE_CLOSE_ROWS,4,1,4172.005,4172.005,4172.005,4172.005,4172.005,0.0,83.495792,89.647917,89.647917,1.0,1,4170.01,-1.995,1.995,1.995,1.995,False,True,True,True,True,red_box_quarter::red_box_2_25pct,4172.005000,1
2,2025-12-03,2025-12-02,L7,RANGE_NORMAL_60_120,CLOSE_POS_MIDDLE_THIRD,ROWS_STANDARD_9_10,REGIME_RANGE_CLOSE_ROWS,3,1,4163.62,4163.62,4163.62,4163.62,4163.62,0.0,79.405167,89.491667,89.491667,0.5,2,4170.01,6.39,6.39,6.39,6.39,False,False,False,False,False,prior_hlc::previous_low,4163.620000,2
3,2025-12-03,2025-12-02,L7,RANGE_NORMAL_60_120,CLOSE_POS_MIDDLE_THIRD,ROWS_STANDARD_9_10,REGIME_RANGE_CLOSE_ROWS,1,1,4133.62,4133.62,4133.62,4133.62,4133.62,0.0,59.091334,56.766667,56.766667,0.333333,3,4170.01,36.39,36.39,36.39,36.39,False,False,False,False,False,red_box_edge::red_edge_2,4133.620000,3
4,2025-12-03,2025-12-02,L7,RANGE_NORMAL_60_120,CLOSE_POS_MIDDLE_THIRD,ROWS_STANDARD_9_10,REGIME_RANGE_CLOSE_ROWS,2,1,4146.415,4146.415,4146.415,4146.415,4146.415,0.0,49.517437,41.409375,41.409375,0.25,4,4170.01,23.595,23.595,23.595,23.595,False,False,False,False,False,red_box_quarter::red_box_2_75pct,4146.415000,4
1,2025-12-04,2025-12-03,L4,RANGE_COMPRESSED_0_60,CLOSE_POS_LOWER_THIRD,ROWS_SPARSE_1_8,REGIME_RANGE_CLOSE_ROWS,1,1,4223.465,4223.465,4223.465,4223.465,4223.465,0.0,76.184823,77.042799,77.042799,1.0,1,4205.73,-17.735,17.735,17.735,17.735,False,False,False,False,False,green_box_quarter::green_box_1_75pct,4223.465000,1
1,2025-12-04,2025-12-03,L5,RANGE_COMPRESSED_0_60,CLOSE_POS_LOWER_THIRD,ROWS_SPARSE_1_8,REGIME_RANGE_CLOSE_ROWS,1,1,4193.465,4193.465,4193.465,4193.465,4193.465,0.0,84.145323,90.767799,90.767799,1.0,1,4188.05,-5.415,5.415,5.415,5.415,False,False,False,False,False,red_box_quarter::red_box_2_25pct,4193.465000,1
1,2025-12-04,2025-12-03,L6,RANGE_COMPRESSED_0_60,CLOSE_POS_LOWER_THIRD,ROWS_SPARSE_1_8,REGIME_RANGE_CLOSE_ROWS,1,1,4174.195,4174.195,4174.195,4174.195,4174.195,0.0,41.446448,17.149049,17.149049,1.0,1,4167.92,-6.275,6.275,6.275,6.275,False,False,False,False,False,red_box_quarter::red_box_2_75pct,4174.195000,1
1,2025-12-04,2025-12-03,L7,RANGE_COMPRESSED_0_60,CLOSE_POS_LOWER_THIRD,ROWS_SPARSE_1_8,REGIME_RANGE_CLOSE_ROWS,1,1,4145.29,4145.29,4145.29,4145.29,4145.29,0.0,54.538136,39.720924,39.720924,1.0,1,4144.41,-0.88,0.88,0.88,0.88,False,True,True,True,True,red_box_midline::red_mid_3,4145.290000,1
1,2025-12-05,2025-12-04,L4,RANGE_COMPRESSED_0_60,CLOSE_POS_UPPER_THIRD,ROWS_SPARSE_1_8,REGIME_RANGE_CLOSE_ROWS,1,2,4201.056667,4202.96625,4202.011459,4202.011459,4202.011459,1.909583,86.262759,87.833089,175.666178,1.5,1,4205.56,3.548542,3.548542,3.548542,3.548542,False,False,True,True,True,prior_hlc::previous_pivot_hlc3 | green_box_quarter::green_box_1_75pct,4201.056667 | 4202.966250,2 | 1
1,2025-12-05,2025-12-04,L5,RANGE_COMPRESSED_0_60,CLOSE_POS_UPPER_THIRD,ROWS_SPARSE_1_8,REGIME_RANGE_CLOSE_ROWS,1,2,4184.36875,4186.1675,4185.268125,4185.268125,4185.268125,1.79875,86.192938,87.544547,175.089095,1.5,1,4183.25,-2.018125,2.018125,2.018125,2.018125,False,True,True,True,True,green_box_quarter::green_box_1_25pct | prior_range_fraction::prev_range_0.25,4184.368750 | 4186.167500,2 | 1
1,2025-12-05,2025-12-04,L6,RANGE_COMPRESSED_0_60,CLOSE_POS_UPPER_THIRD,ROWS_SPARSE_1_8,REGIME_RANGE_CLOSE_ROWS,1,1,4163.6675,4163.6675,4163.6675,4163.6675,4163.6675,0.0,82.097943,87.237832,87.237832,1.0,1,4164.02,0.3525,0.3525,0.3525,0.3525,False,True,True,True,True,red_box_midline::red_mid_2,4163.667500,1
1,2025-12-05,2025-12-04,L7,RANGE_COMPRESSED_0_60,CLOSE_POS_UPPER_THIRD,ROWS_SPARSE_1_8,REGIME_RANGE_CLOSE_ROWS,1,1,4145.07,4145.07,4145.07,4145.07,4145.07,0.0,78.851755,81.640957,81.640957,1.0,1,4143.27,-1.8,1.8,1.8,1.8,False,True,True,True,True,red_box_edge::red_edge_2,4145.070000,1
1,2025-12-08,2025-12-05,L4,RANGE_NORMAL_60_120,CLOSE_POS_LOWER_THIRD,ROWS_SPARSE_1_8,REGIME_RANGE_CLOSE_ROWS,2,1,4240.685,4240.685,4240.685,4240.685,4240.685,0.0,85.4255,92.975,92.975,1.0,1,4209.43,-31.255,31.255,31.255,31.255,False,False,False,False,False,green_box_edge::green_edge_1,4240.685000,1
2,2025-12-08,2025-12-05,L4,RANGE_NORMAL_60_120,CLOSE_POS_LOWER_THIRD,ROWS_SPARSE_1_8,REGIME_RANGE_CLOSE_ROWS,1,1,4233.6205,4233.6205,4233.6205,4233.6205,4233.6205,0.0,70.956761,74.92545,74.92545,0.5,2,4209.43,-24.1905,24.1905,24.1905,24.1905,False,False,False,False,False,prior_range_fraction::prev_range_0.618,4233.620500,2
1,2025-12-08,2025-12-05,L5,RANGE_NORMAL_60_120,CLOSE_POS_LOWER_THIRD,ROWS_SPARSE_1_8,REGIME_RANGE_CLOSE_ROWS,1,2,4204.21625,4208.8725,4206.544375,4206.544375,4206.544375,4.65625,81.121344,83.135938,166.271875,1.5,1,4188.47,-18.074375,18.074375,18.074375,18.074375,False,False,False,False,False,green_box_quarter::green_box_1_25pct | prior_range_fraction::prev_range_0.25,4204.216250 | 4208.872500,2 | 1
1,2025-12-08,2025-12-05,L6,RANGE_NORMAL_60_120,CLOSE_POS_LOWER_THIRD,ROWS_SPARSE_1_8,REGIME_RANGE_CLOSE_ROWS,1,1,4174.21625,4174.21625,4174.21625,4174.21625,4174.21625,0.0,69.190031,64.982812,64.982812,1.0,1,4168.88,-5.33625,5.33625,5.33625,5.33625,False,False,False,False,False,red_box_quarter::red_box_2_75pct,4174.216250,1
1,2025-12-08,2025-12-05,L7,RANGE_NORMAL_60_120,CLOSE_POS_LOWER_THIRD,ROWS_SPARSE_1_8,REGIME_RANGE_CLOSE_ROWS,1,1,4149.90375,4149.90375,4149.90375,4149.90375,4149.90375,0.0,70.569344,67.360938,67.360938,1.0,1,4144.37,-5.53375,5.53375,5.53375,5.53375,False,False,False,False,False,red_box_quarter::red_box_3_25pct,4149.903750,1
1,2025-12-09,2025-12-08,L4,RANGE_COMPRESSED_0_60,CLOSE_POS_MIDDLE_THIRD,ROWS_SPARSE_1_8,REGIME_RANGE_CLOSE_ROWS,2,1,4202.59804,4202.59804,4202.59804,4202.59804,4202.59804,0.0,84.744503,91.800868,91.800868,1.0,1,4214.14,11.54196,11.54196,11.54196,11.54196,False,False,False,False,False,prior_range_fraction::prev_range_0.618,4202.598040,1
2,2025-12-09,2025-12-08,L4,RANGE_COMPRESSED_0_60,CLOSE_POS_MIDDLE_THIRD,ROWS_SPARSE_1_8,REGIME_RANGE_CLOSE_ROWS,1,1,4191.6475,4191.6475,4191.6475,4191.6475,4191.6475,0.0,79.792918,90.160204,90.160204,0.5,2,4214.14,22.4925,22.4925,22.4925,22.4925,False,False,False,False,False,red_box_quarter::red_box_1_75pct,4191.647500,2
1,2025-12-09,2025-12-08,L5,RANGE_COMPRESSED_0_60,CLOSE_POS_MIDDLE_THIRD,ROWS_SPARSE_1_8,REGIME_RANGE_CLOSE_ROWS,1,1,4173.4525,4173.4525,4173.4525,4173.4525,4173.4525,0.0,86.186325,94.286767,94.286767,1.0,1,4191.11,17.6575,17.6575,17.6575,17.6575,False,False,False,False,False,red_box_quarter::red_box_2_25pct,4173.452500,1
1,2025-12-09,2025-12-08,L6,RANGE_COMPRESSED_0_60,CLOSE_POS_MIDDLE_THIRD,ROWS_SPARSE_1_8,REGIME_RANGE_CLOSE_ROWS,2,1,4155.2575,4155.2575,4155.2575,4155.2575,4155.2575,0.0,84.952918,92.160204,92.160204,1.0,1,4169.53,14.2725,14.2725,14.2725,14.2725,False,False,False,False,False,red_box_quarter::red_box_2_75pct,4155.257500,1
2,2025-12-09,2025-12-08,L6,RANGE_COMPRESSED_0_60,CLOSE_POS_MIDDLE_THIRD,ROWS_SPARSE_1_8,REGIME_RANGE_CLOSE_ROWS,1,1,4146.16,4146.16,4146.16,4146.16,4146.16,0.0,71.055632,75.095918,75.095918,0.5,2,4169.53,23.37,23.37,23.37,23.37,False,False,False,False,False,red_box_edge::red_edge_2,4146.160000,2
1,2025-12-09,2025-12-08,L7,RANGE_COMPRESSED_0_60,CLOSE_POS_MIDDLE_THIRD,ROWS_SPARSE_1_8,REGIME_RANGE_CLOSE_ROWS,1,1,4118.8675,4118.8675,4118.8675,4118.8675,4118.8675,0.0,82.60832,88.117793,88.117793,1.0,1,4149.41,30.5425,30.5425,30.5425,30.5425,False,False,False,False,False,red_box_quarter::red_box_3_75pct,4118.867500,1
2,2025-12-09,2025-12-08,L7,RANGE_COMPRESSED_0_60,CLOSE_POS_MIDDLE_THIRD,ROWS_SPARSE_1_8,REGIME_RANGE_CLOSE_ROWS,2,1,4137.0625,4137.0625,4137.0625,4137.0625,4137.0625,0.0,72.049918,76.810204,76.810204,0.5,2,4149.41,12.3475,12.3475,12.3475,12.3475,False,False,False,False,False,red_box_quarter::red_box_3_25pct,4137.062500,2
1,2025-12-10,2025-12-09,L4,RANGE_COMPRESSED_0_60,CLOSE_POS_UPPER_THIRD,ROWS_SPARSE_1_8,REGIME_RANGE_CLOSE_ROWS,1,3,4199.82,4204.22335,4202.021675,4201.52195,4200.5225,4.40335,89.029256,89.202651,267.607953,1.833333,1,4215.84,13.818325,13.818325,14.31805,15.3175,False,False,False,False,False,prior_hlc::previous_pivot_hlc3 | green_box_quarter::green_box_1_75pct | prior_range_fraction::prev_range_0.666667,4199.820000 | 4200.522500 | 4204.223350,3 | 2 | 1
1,2025-12-10,2025-12-09,L5,RANGE_COMPRESSED_0_60,CLOSE_POS_UPPER_THIRD,ROWS_SPARSE_1_8,REGIME_RANGE_CLOSE_ROWS,1,3,4180.2075,4182.865,4181.53625,4181.250833,4180.68,2.6575,90.411333,88.936667,266.81,1.833333,1,4194.44,12.90375,12.90375,13.189167,13.76,False,False,False,False,False,green_box_quarter::green_box_1_25pct | red_box_edge::red_edge_1 | prior_range_fraction::prev_range_0.25,4180.207500 | 4180.680000 | 4182.865000,3 | 1 | 2
1,2025-12-10,2025-12-09,L6,RANGE_COMPRESSED_0_60,CLOSE_POS_UPPER_THIRD,ROWS_SPARSE_1_8,REGIME_RANGE_CLOSE_ROWS,1,1,4160.365,4160.365,4160.365,4160.365,4160.365,0.0,86.20705,94.3225,94.3225,1.0,1,4173.28,12.915,12.915,12.915,12.915,False,False,False,False,False,red_box_midline::red_mid_2,4160.365000,1
1,2025-12-10,2025-12-09,L7,RANGE_COMPRESSED_0_60,CLOSE_POS_UPPER_THIRD,ROWS_SPARSE_1_8,REGIME_RANGE_CLOSE_ROWS,1,1,4140.05,4140.05,4140.05,4140.05,4140.05,0.0,83.367467,89.426667,89.426667,1.0,1,4152.33,12.28,12.28,12.28,12.28,False,False,False,False,False,red_box_edge::red_edge_2,4140.050000,1
1,2025-12-11,2025-12-10,L4,RANGE_COMPRESSED_0_60,CLOSE_POS_UPPER_THIRD,ROWS_SPARSE_1_8,REGIME_RANGE_CLOSE_ROWS,2,1,4231.67125,4231.67125,4231.67125,4231.67125,4231.67125,0.0,84.950625,92.15625,92.15625,1.0,1,4212.52,-19.15125,19.15125,19.15125,19.15125,False,False,False,False,False,prior_range_fraction::prev_range_0.875,4231.671250,1
2,2025-12-11,2025-12-10,L4,RANGE_COMPRESSED_0_60,CLOSE_POS_UPPER_THIRD,ROWS_SPARSE_1_8,REGIME_RANGE_CLOSE_ROWS,1,3,4214.44625,4219.806686,4217.126468,4216.880979,4216.39,5.360436,82.160636,89.157161,267.471482,1.083333,2,4212.52,-4.606468,4.606468,4.360979,3.87,False,False,True,True,True,green_box_quarter::green_box_1_75pct | prior_hlc::previous_pivot_hlc3 | prior_range_fraction::prev_range_0.666667,4214.446250 | 4216.390000 | 4219.806686,3 | 4 | 2
1,2025-12-11,2025-12-10,L5,RANGE_COMPRESSED_0_60,CLOSE_POS_UPPER_THIRD,ROWS_SPARSE_1_8,REGIME_RANGE_CLOSE_ROWS,1,3,4192.70875,4196.0775,4194.393125,4194.700417,4195.315,3.36875,87.759049,88.891176,266.673529,1.583333,1,4192.13,-2.263125,2.263125,2.570417,3.185,False,True,True,True,True,green_box_quarter::green_box_1_25pct | red_box_edge::red_edge_1 | prior_range_fraction::prev_range_0.25,4192.708750 | 4195.315000 | 4196.077500,4 | 1 | 3
2,2025-12-11,2025-12-10,L5,RANGE_COMPRESSED_0_60,CLOSE_POS_UPPER_THIRD,ROWS_SPARSE_1_8,REGIME_RANGE_CLOSE_ROWS,2,1,4210.315,4210.315,4210.315,4210.315,4210.315,0.0,80.512,91.4,91.4,0.5,2,4192.13,-18.185,18.185,18.185,18.185,False,False,False,False,False,prior_hlc::previous_mid,4210.315000,2
1,2025-12-11,2025-12-10,L6,RANGE_COMPRESSED_0_60,CLOSE_POS_UPPER_THIRD,ROWS_SPARSE_1_8,REGIME_RANGE_CLOSE_ROWS,1,1,4173.5775,4173.5775,4173.5775,4173.5775,4173.5775,0.0,86.141544,94.209559,94.209559,1.0,1,4173.9,0.3225,0.3225,0.3225,0.3225,False,True,True,True,True,red_box_midline::red_mid_2,4173.577500,1
2,2025-12-11,2025-12-10,L6,RANGE_COMPRESSED_0_60,CLOSE_POS_UPPER_THIRD,ROWS_SPARSE_1_8,REGIME_RANGE_CLOSE_ROWS,2,1,4184.44625,4184.44625,4184.44625,4184.44625,4184.44625,0.0,72.511625,77.60625,77.60625,0.5,2,4173.9,-10.54625,10.54625,10.54625,10.54625,False,False,False,False,False,red_box_quarter::red_box_2_25pct,4184.446250,2
1,2025-12-11,2025-12-10,L7,RANGE_COMPRESSED_0_60,CLOSE_POS_UPPER_THIRD,ROWS_SPARSE_1_8,REGIME_RANGE_CLOSE_ROWS,1,1,4151.84,4151.84,4151.84,4151.84,4151.84,0.0,83.301961,89.313725,89.313725,1.0,1,4154.37,2.53,2.53,2.53,2.53,False,True,True,True,True,red_box_edge::red_edge_2,4151.840000,1
2,2025-12-11,2025-12-10,L7,RANGE_COMPRESSED_0_60,CLOSE_POS_UPPER_THIRD,ROWS_SPARSE_1_8,REGIME_RANGE_CLOSE_ROWS,2,1,4162.70875,4162.70875,4162.70875,4162.70875,4162.70875,0.0,73.432375,79.19375,79.19375,0.5,2,4154.37,-8.33875,8.33875,8.33875,8.33875,False,False,False,False,False,red_box_quarter::red_box_2_75pct,4162.708750,2
1,2025-12-12,2025-12-11,L4,RANGE_NORMAL_60_120,CLOSE_POS_UPPER_THIRD,ROWS_STANDARD_9_10,REGIME_RANGE_CLOSE_ROWS,2,1,4272.01375,4272.01375,4272.01375,4272.01375,4272.01375,0.0,81.552745,86.297837,86.297837,1.0,1,4258.86,-13.15375,13.15375,13.15375,13.15375,False,False,False,False,False,red_box_quarter::red_box_1_25pct,4272.013750,1
2,2025-12-12,2025-12-11,L4,RANGE_NORMAL_60_120,CLOSE_POS_UPPER_THIRD,ROWS_STANDARD_9_10,REGIME_RANGE_CLOSE_ROWS,1,1,4265.5675,4265.5675,4265.5675,4265.5675,4265.5675,0.0,74.826327,81.597115,81.597115,0.5,2,4258.86,-6.7075,6.7075,6.7075,6.7075,False,False,False,False,False,prior_range_fraction::prev_range_0.75,4265.567500,2
3,2025-12-12,2025-12-11,L4,RANGE_NORMAL_60_120,CLOSE_POS_UPPER_THIRD,ROWS_STANDARD_9_10,REGIME_RANGE_CLOSE_ROWS,3,1,4285.96,4285.96,4285.96,4285.96,4285.96,0.0,49.41909,40.090385,40.090385,0.333333,3,4258.86,-27.1,27.1,27.1,27.1,False,False,False,False,False,prior_hlc::previous_high,4285.960000,3
4,2025-12-12,2025-12-11,L4,RANGE_NORMAL_60_120,CLOSE_POS_UPPER_THIRD,ROWS_STANDARD_9_10,REGIME_RANGE_CLOSE_ROWS,4,1,4302.01375,4302.01375,4302.01375,4302.01375,4302.01375,0.0,48.496907,39.64984,39.64984,0.25,4,4258.86,-43.15375,43.15375,43.15375,43.15375,False,False,False,False,False,green_box_quarter::green_box_2_75pct,4302.013750,4
5,2025-12-12,2025-12-11,L4,RANGE_NORMAL_60_120,CLOSE_POS_UPPER_THIRD,ROWS_STANDARD_9_10,REGIME_RANGE_CLOSE_ROWS,5,1,4315.96,4315.96,4315.96,4315.96,4315.96,0.0,38.906231,23.803846,23.803846,0.2,5,4258.86,-57.1,57.1,57.1,57.1,False,False,False,False,False,green_box_edge::green_edge_2,4315.960000,5
1,2025-12-12,2025-12-11,L5,RANGE_NORMAL_60_120,CLOSE_POS_UPPER_THIRD,ROWS_STANDARD_9_10,REGIME_RANGE_CLOSE_ROWS,3,1,4288.0675,4288.0675,4288.0675,4288.0675,4288.0675,0.0,84.623539,91.592308,91.592308,1.0,1,4245.23,-42.8375,42.8375,42.8375,42.8375,False,False,False,False,False,green_box_midline::green_mid_2,4288.067500,1
2,2025-12-12,2025-12-11,L5,RANGE_NORMAL_60_120,CLOSE_POS_UPPER_THIRD,ROWS_STANDARD_9_10,REGIME_RANGE_CLOSE_ROWS,1,2,4256.646667,4258.0675,4257.357084,4257.357084,4257.357084,1.420833,81.124938,89.267708,178.535417,0.7,2,4245.23,-12.127084,12.127084,12.127084,12.127084,False,False,False,False,False,prior_hlc::previous_pivot_hlc3 | red_box_midline::red_mid_1,4256.646667 | 4258.067500,5 | 2
3,2025-12-12,2025-12-11,L5,RANGE_NORMAL_60_120,CLOSE_POS_UPPER_THIRD,ROWS_STANDARD_9_10,REGIME_RANGE_CLOSE_ROWS,2,2,4272.01375,4275.76375,4273.88875,4273.88875,4273.88875,3.75,77.88677,88.827765,177.655529,0.583333,3,4245.23,-28.65875,28.65875,28.65875,28.65875,False,False,False,False,False,red_box_quarter::red_box_1_25pct | prior_range_fraction::prev_range_0.875,4272.013750 | 4275.763750,4 | 3
1,2025-12-12,2025-12-11,L6,RANGE_NORMAL_60_120,CLOSE_POS_UPPER_THIRD,ROWS_STANDARD_9_10,REGIME_RANGE_CLOSE_ROWS,1,1,4235.54974,4235.54974,4235.54974,4235.54974,4235.54974,0.0,86.889266,95.498735,95.498735,1.0,1,4231.66,-3.88974,3.88974,3.88974,3.88974,False,False,True,False,True,prior_range_fraction::prev_range_0.382,4235.549740,1
2,2025-12-12,2025-12-11,L6,RANGE_NORMAL_60_120,CLOSE_POS_UPPER_THIRD,ROWS_STANDARD_9_10,REGIME_RANGE_CLOSE_ROWS,2,2,4244.12125,4246.22875,4245.175,4245.175,4245.175,2.1075,83.717943,92.941166,185.882332,0.833333,2,4231.66,-13.515,13.515,13.515,13.515,False,False,False,False,False,red_box_quarter::red_box_1_75pct | green_box_quarter::green_box_1_75pct,4244.121250 | 4246.228750,2 | 3
3,2025-12-12,2025-12-11,L6,RANGE_NORMAL_60_120,CLOSE_POS_UPPER_THIRD,ROWS_STANDARD_9_10,REGIME_RANGE_CLOSE_ROWS,3,2,4256.646667,4258.0675,4257.357084,4257.357084,4257.357084,1.420833,79.749135,90.343911,180.687822,0.45,4,4231.66,-25.697084,25.697084,25.697084,25.697084,False,False,False,False,False,prior_hlc::previous_pivot_hlc3 | red_box_midline::red_mid_1,4256.646667 | 4258.067500,5 | 4
1,2025-12-12,2025-12-11,L7,RANGE_NORMAL_60_120,CLOSE_POS_UPPER_THIRD,ROWS_STANDARD_9_10,REGIME_RANGE_CLOSE_ROWS,2,2,4214.58625,4216.22875,4215.4075,4215.4075,4215.4075,1.6425,88.013583,92.745373,185.490746,1.333333,1,4215.76,0.3525,0.3525,0.3525,0.3525,True,True,True,True,True,prior_range_fraction::prev_range_0.125 | red_box_quarter::red_box_2_25pct,4214.586250 | 4216.228750,1 | 3
2,2025-12-12,2025-12-11,L7,RANGE_NORMAL_60_120,CLOSE_POS_UPPER_THIRD,ROWS_STANDARD_9_10,REGIME_RANGE_CLOSE_ROWS,3,1,4230.175,4230.175,4230.175,4230.175,4230.175,0.0,79.484173,89.627885,89.627885,0.5,2,4215.76,-14.415,14.415,14.415,14.415,False,False,False,False,False,red_box_edge::red_edge_1,4230.175000,2
3,2025-12-12,2025-12-11,L7,RANGE_NORMAL_60_120,CLOSE_POS_UPPER_THIRD,ROWS_STANDARD_9_10,REGIME_RANGE_CLOSE_ROWS,4,1,4235.54974,4235.54974,4235.54974,4235.54974,4235.54974,0.0,62.725028,64.181083,64.181083,0.25,4,4215.76,-19.78974,19.78974,19.78974,19.78974,False,False,False,False,False,prior_range_fraction::prev_range_0.382,4235.549740,4
4,2025-12-12,2025-12-11,L7,RANGE_NORMAL_60_120,CLOSE_POS_UPPER_THIRD,ROWS_STANDARD_9_10,REGIME_RANGE_CLOSE_ROWS,1,1,4202.2825,4202.2825,4202.2825,4202.2825,4202.2825,0.0,59.158548,58.721635,58.721635,0.2,5,4215.76,13.4775,13.4775,13.4775,13.4775,False,False,False,False,False,red_box_midline::red_mid_2,4202.282500,5
1,2025-12-15,2025-12-12,L4,RANGE_NORMAL_60_120,CLOSE_POS_MIDDLE_THIRD,ROWS_SPARSE_1_8,REGIME_RANGE_CLOSE,3,2,4352.1325,4353.57,4352.85125,4352.85125,4352.85125,1.4375,81.264495,81.947406,163.894811,1.25,1,4304.36,-48.49125,48.49125,48.49125,48.49125,False,False,False,False,False,green_box_midline::green_mid_2 | prior_hlc::previous_high,4352.132500 | 4353.570000,1 | 4
2,2025-12-15,2025-12-12,L4,RANGE_NORMAL_60_120,CLOSE_POS_MIDDLE_THIRD,ROWS_SPARSE_1_8,REGIME_RANGE_CLOSE,2,1,4320.695,4320.695,4320.695,4320.695,4320.695,0.0,79.508764,89.670283,89.670283,0.5,2,4304.36,-16.335,16.335,16.335,16.335,False,False,False,False,False,green_box_edge::green_edge_1,4320.695000,2
3,2025-12-15,2025-12-12,L4,RANGE_NORMAL_60_120,CLOSE_POS_MIDDLE_THIRD,ROWS_SPARSE_1_8,REGIME_RANGE_CLOSE,1,1,4299.72,4299.72,4299.72,4299.72,4299.72,0.0,68.979148,73.814623,73.814623,0.333333,3,4304.36,4.64,4.64,4.64,4.64,False,False,True,False,True,prior_hlc::previous_close,4299.720000,3
4,2025-12-15,2025-12-12,L4,RANGE_NORMAL_60_120,CLOSE_POS_MIDDLE_THIRD,ROWS_SPARSE_1_8,REGIME_RANGE_CLOSE,4,1,4367.85125,4367.85125,4367.85125,4367.85125,4367.85125,0.0,35.159067,17.343219,17.343219,0.2,5,4304.36,-63.49125,63.49125,63.49125,63.49125,False,False,False,False,False,green_box_quarter::green_box_2_75pct,4367.851250,5
1,2025-12-15,2025-12-12,L5,RANGE_NORMAL_60_120,CLOSE_POS_MIDDLE_THIRD,ROWS_SPARSE_1_8,REGIME_RANGE_CLOSE,1,2,4303.703333,4306.41375,4305.058542,4305.058542,4305.058542,2.710417,84.807325,90.67671,181.35342,1.2,1,4285.43,-19.628542,19.628542,19.628542,19.628542,False,False,False,False,False,prior_hlc::previous_pivot_hlc3 | red_box_quarter::red_box_1_75pct,4303.703333 | 4306.413750,1 | 5
2,2025-12-15,2025-12-12,L5,RANGE_NORMAL_60_120,CLOSE_POS_MIDDLE_THIRD,ROWS_SPARSE_1_8,REGIME_RANGE_CLOSE,2,3,4316.9935,4321.653365,4319.323432,4319.780622,4320.695,4.659865,83.594905,90.567103,271.70131,1.083333,2,4285.43,-33.893432,33.893432,34.350622,35.265,False,False,False,False,False,prior_range_fraction::prev_range_0.618 | green_box_edge::green_edge_1 | prior_range_fraction::prev_range_0.666667,4316.993500 | 4320.695000 | 4321.653365,3 | 2 | 4
1,2025-12-15,2025-12-12,L6,RANGE_NORMAL_60_120,CLOSE_POS_MIDDLE_THIRD,ROWS_SPARSE_1_8,REGIME_RANGE_CLOSE,4,2,4290.695,4294.3965,4292.54575,4292.54575,4292.54575,3.7015,85.539577,91.603846,183.207691,1.333333,1,4264.18,-28.36575,28.36575,28.36575,28.36575,False,False,False,False,False,red_box_edge::red_edge_1 | prior_range_fraction::prev_range_0.382,4290.695000 | 4294.396500,1 | 3
2,2025-12-15,2025-12-12,L6,RANGE_NORMAL_60_120,CLOSE_POS_MIDDLE_THIRD,ROWS_SPARSE_1_8,REGIME_RANGE_CLOSE,2,1,4273.53875,4273.53875,4273.53875,4273.53875,4273.53875,0.0,80.143036,90.763856,90.763856,0.5,2,4264.18,-9.35875,9.35875,9.35875,9.35875,False,False,False,False,False,green_box_quarter::green_box_1_25pct,4273.538750,2
3,2025-12-15,2025-12-12,L6,RANGE_NORMAL_60_120,CLOSE_POS_MIDDLE_THIRD,ROWS_SPARSE_1_8,REGIME_RANGE_CLOSE,3,1,4281.7575,4281.7575,4281.7575,4281.7575,4281.7575,0.0,76.800385,88.448939,88.448939,0.25,4,4264.18,-17.5775,17.5775,17.5775,17.5775,False,False,False,False,False,prior_range_fraction::prev_range_0.25,4281.757500,4
4,2025-12-15,2025-12-12,L6,RANGE_NORMAL_60_120,CLOSE_POS_MIDDLE_THIRD,ROWS_SPARSE_1_8,REGIME_RANGE_CLOSE,1,1,4259.2575,4259.2575,4259.2575,4259.2575,4259.2575,0.0,67.263606,72.695873,72.695873,0.2,5,4264.18,4.9225,4.9225,4.9225,4.9225,False,False,True,False,True,red_box_midline::red_mid_2,4259.257500,5
1,2025-12-15,2025-12-12,L7,RANGE_NORMAL_60_120,CLOSE_POS_MIDDLE_THIRD,ROWS_SPARSE_1_8,REGIME_RANGE_CLOSE,4,1,4274.97625,4274.97625,4274.97625,4274.97625,4274.97625,0.0,85.181565,92.554422,92.554422,1.0,1,4244.2,-30.77625,30.77625,30.77625,30.77625,False,False,False,False,False,red_box_quarter::red_box_2_25pct,4274.976250,1
2,2025-12-15,2025-12-12,L7,RANGE_NORMAL_60_120,CLOSE_POS_MIDDLE_THIRD,ROWS_SPARSE_1_8,REGIME_RANGE_CLOSE,3,1,4257.82,4257.82,4257.82,4257.82,4257.82,0.0,78.996613,88.787264,88.787264,0.5,2,4244.2,-13.62,13.62,13.62,13.62,False,False,False,False,False,prior_hlc::previous_low,4257.820000,2
3,2025-12-15,2025-12-12,L7,RANGE_NORMAL_60_120,CLOSE_POS_MIDDLE_THIRD,ROWS_SPARSE_1_8,REGIME_RANGE_CLOSE,2,1,4243.53875,4243.53875,4243.53875,4243.53875,4243.53875,0.0,60.327151,58.897386,58.897386,0.333333,3,4244.2,0.66125,0.66125,0.66125,0.66125,False,True,True,True,True,red_box_quarter::red_box_2_75pct,4243.538750,3
4,2025-12-15,2025-12-12,L7,RANGE_NORMAL_60_120,CLOSE_POS_MIDDLE_THIRD,ROWS_SPARSE_1_8,REGIME_RANGE_CLOSE,1,1,4227.82,4227.82,4227.82,4227.82,4227.82,0.0,57.981094,56.001887,56.001887,0.25,4,4244.2,16.38,16.38,16.38,16.38,False,False,False,False,False,red_box_edge::red_edge_2,4227.820000,4
1,2025-12-16,2025-12-15,L4,RANGE_NORMAL_60_120,CLOSE_POS_LOWER_THIRD,ROWS_SPARSE_1_8,REGIME_RANGE_CLOSE_ROWS,1,1,4301.5575,4301.5575,4301.5575,4301.5575,4301.5575,0.0,85.179403,92.550694,92.550694,1.0,1,4320.99,19.4325,19.4325,19.4325,19.4325,False,False,False,False,False,prior_range_fraction::prev_range_0.25,4301.557500,1
2,2025-12-16,2025-12-15,L4,RANGE_NORMAL_60_120,CLOSE_POS_LOWER_THIRD,ROWS_SPARSE_1_8,REGIME_RANGE_CLOSE_ROWS,3,1,4332.825,4332.825,4332.825,4332.825,4332.825,0.0,81.127444,92.461111,92.461111,0.5,2,4320.99,-11.835,11.835,11.835,11.835,False,False,False,False,False,green_box_edge::green_edge_1,4332.825000,2
3,2025-12-16,2025-12-15,L4,RANGE_NORMAL_60_120,CLOSE_POS_LOWER_THIRD,ROWS_SPARSE_1_8,REGIME_RANGE_CLOSE_ROWS,2,1,4325.50326,4325.50326,4325.50326,4325.50326,4325.50326,0.0,69.413983,74.564339,74.564339,0.333333,3,4320.99,-4.51326,4.51326,4.51326,4.51326,False,False,True,False,True,prior_range_fraction::prev_range_0.618,4325.503260,3
1,2025-12-16,2025-12-15,L5,RANGE_NORMAL_60_120,CLOSE_POS_LOWER_THIRD,ROWS_SPARSE_1_8,REGIME_RANGE_CLOSE_ROWS,2,2,4297.17375,4301.5575,4299.365625,4299.365625,4299.365625,4.38375,79.77406,82.698437,165.396875,1.333333,1,4301.91,2.544375,2.544375,2.544375,2.544375,False,True,True,True,True,green_box_quarter::green_box_1_25pct | prior_range_fraction::prev_range_0.25,4297.173750 | 4301.557500,3 | 1
2,2025-12-16,2025-12-15,L5,RANGE_NORMAL_60_120,CLOSE_POS_LOWER_THIRD,ROWS_SPARSE_1_8,REGIME_RANGE_CLOSE_ROWS,1,1,4279.0575,4279.0575,4279.0575,4279.0575,4279.0575,0.0,73.146403,78.700694,78.700694,0.5,2,4301.91,22.8525,22.8525,22.8525,22.8525,False,False,False,False,False,red_box_midline::red_mid_2,4279.057500,2
1,2025-12-16,2025-12-15,L6,RANGE_NORMAL_60_120,CLOSE_POS_LOWER_THIRD,ROWS_SPARSE_1_8,REGIME_RANGE_CLOSE_ROWS,1,1,4267.17375,4267.17375,4267.17375,4267.17375,4267.17375,0.0,60.656882,50.270486,50.270486,1.0,1,4281.92,14.74625,14.74625,14.74625,14.74625,False,False,False,False,False,red_box_quarter::red_box_2_75pct,4267.173750,1
1,2025-12-16,2025-12-15,L7,RANGE_NORMAL_60_120,CLOSE_POS_LOWER_THIRD,ROWS_SPARSE_1_8,REGIME_RANGE_CLOSE_ROWS,1,1,4243.40625,4243.40625,4243.40625,4243.40625,4243.40625,0.0,62.835507,54.026736,54.026736,1.0,1,4264.18,20.77375,20.77375,20.77375,20.77375,False,False,False,False,False,red_box_quarter::red_box_3_25pct,4243.406250,1
1,2025-12-17,2025-12-16,L4,RANGE_NORMAL_60_120,CLOSE_POS_MIDDLE_THIRD,ROWS_SPARSE_1_8,REGIME_RANGE_CLOSE_ROWS,1,1,4306.63375,4306.63375,4306.63375,4306.63375,4306.63375,0.0,85.353165,92.850284,92.850284,1.0,1,4315.01,8.37625,8.37625,8.37625,8.37625,False,False,False,False,False,green_box_quarter::green_box_1_75pct,4306.633750,1
1,2025-12-17,2025-12-16,L5,RANGE_NORMAL_60_120,CLOSE_POS_MIDDLE_THIRD,ROWS_SPARSE_1_8,REGIME_RANGE_CLOSE_ROWS,1,1,4287.4425,4287.4425,4287.4425,4287.4425,4287.4425,0.0,55.401602,41.209659,41.209659,1.0,1,4297.24,9.7975,9.7975,9.7975,9.7975,False,False,False,False,False,prior_range_fraction::prev_range_0.25,4287.442500,1
1,2025-12-17,2025-12-16,L6,RANGE_NORMAL_60_120,CLOSE_POS_MIDDLE_THIRD,ROWS_SPARSE_1_8,REGIME_RANGE_CLOSE_ROWS,1,1,4264.9425,4264.9425,4264.9425,4264.9425,4264.9425,0.0,53.589102,38.084659,38.084659,1.0,1,4278.84,13.8975,13.8975,13.8975,13.8975,False,False,False,False,False,red_box_midline::red_mid_2,4264.942500,1
1,2025-12-17,2025-12-16,L7,RANGE_NORMAL_60_120,CLOSE_POS_MIDDLE_THIRD,ROWS_SPARSE_1_8,REGIME_RANGE_CLOSE_ROWS,1,1,4253.25125,4253.25125,4253.25125,4253.25125,4253.25125,0.0,85.287915,92.737784,92.737784,1.0,1,4258.9,5.64875,5.64875,5.64875,5.64875,False,False,False,False,False,red_box_quarter::red_box_2_75pct,4253.251250,1
1,2025-12-19,2025-12-18,L4,RANGE_NORMAL_60_120,CLOSE_POS_MIDDLE_THIRD,ROWS_SPARSE_1_8,REGIME_RANGE_CLOSE_ROWS,1,1,4344.40625,4344.40625,4344.40625,4344.40625,4344.40625,0.0,85.292152,92.745089,92.745089,1.0,1,4340.32,-4.08625,4.08625,4.08625,4.08625,False,False,True,False,True,green_box_quarter::green_box_1_75pct,4344.406250,1
2,2025-12-19,2025-12-18,L4,RANGE_NORMAL_60_120,CLOSE_POS_MIDDLE_THIRD,ROWS_SPARSE_1_8,REGIME_RANGE_CLOSE_ROWS,2,1,4352.496689,4352.496689,4352.496689,4352.496689,4352.496689,0.0,80.719864,91.758387,91.758387,0.5,2,4340.32,-12.176689,12.176689,12.176689,12.176689,False,False,False,False,False,prior_range_fraction::prev_range_0.666667,4352.496689,2
1,2025-12-19,2025-12-18,L5,RANGE_NORMAL_60_120,CLOSE_POS_MIDDLE_THIRD,ROWS_SPARSE_1_8,REGIME_RANGE_CLOSE_ROWS,2,1,4333.62042,4333.62042,4333.62042,4333.62042,4333.62042,0.0,84.263267,90.97115,90.97115,1.0,1,4323.86,-9.76042,9.76042,9.76042,9.76042,False,False,False,False,False,prior_range_fraction::prev_range_0.382,4333.620420,1
2,2025-12-19,2025-12-18,L5,RANGE_NORMAL_60_120,CLOSE_POS_MIDDLE_THIRD,ROWS_SPARSE_1_8,REGIME_RANGE_CLOSE_ROWS,1,1,4324.8675,4324.8675,4324.8675,4324.8675,4324.8675,0.0,51.340589,41.104464,41.104464,0.5,2,4323.86,-1.0075,1.0075,1.0075,1.0075,False,True,True,True,True,prior_range_fraction::prev_range_0.25,4324.867500,2
1,2025-12-19,2025-12-18,L6,RANGE_NORMAL_60_120,CLOSE_POS_MIDDLE_THIRD,ROWS_SPARSE_1_8,REGIME_RANGE_CLOSE_ROWS,2,1,4316.57875,4316.57875,4316.57875,4316.57875,4316.57875,0.0,85.351187,92.846875,92.846875,1.0,1,4306.94,-9.63875,9.63875,9.63875,9.63875,False,False,False,False,False,prior_range_fraction::prev_range_0.125,4316.578750,1
2,2025-12-19,2025-12-18,L6,RANGE_NORMAL_60_120,CLOSE_POS_MIDDLE_THIRD,ROWS_SPARSE_1_8,REGIME_RANGE_CLOSE_ROWS,1,1,4302.3675,4302.3675,4302.3675,4302.3675,4302.3675,0.0,49.528089,37.979464,37.979464,0.5,2,4306.94,4.5725,4.5725,4.5725,4.5725,False,False,True,False,True,red_box_midline::red_mid_2,4302.367500,2
1,2025-12-19,2025-12-18,L7,RANGE_NORMAL_60_120,CLOSE_POS_MIDDLE_THIRD,ROWS_SPARSE_1_8,REGIME_RANGE_CLOSE_ROWS,1,1,4290.32875,4290.32875,4290.32875,4290.32875,4290.32875,0.0,64.62525,57.1125,57.1125,1.0,1,4290.25,-0.07875,0.07875,0.07875,0.07875,False,True,True,True,True,red_box_quarter::red_box_2_75pct,4290.328750,1
1,2025-12-22,2025-12-19,L4,RANGE_COMPRESSED_0_60,CLOSE_POS_MIDDLE_THIRD,ROWS_SPARSE_1_8,REGIME_RANGE_CLOSE_ROWS,3,1,4350.6625,4350.6625,4350.6625,4350.6625,4350.6625,0.0,85.088757,92.394408,92.394408,1.0,1,4336.01,-14.6525,14.6525,14.6525,14.6525,False,False,False,False,False,prior_range_fraction::prev_range_0.875,4350.662500,1
2,2025-12-22,2025-12-19,L4,RANGE_COMPRESSED_0_60,CLOSE_POS_MIDDLE_THIRD,ROWS_SPARSE_1_8,REGIME_RANGE_CLOSE_ROWS,2,1,4338.51668,4338.51668,4338.51668,4338.51668,4338.51668,0.0,80.435503,91.268108,91.268108,0.5,2,4336.01,-2.50668,2.50668,2.50668,2.50668,False,True,True,True,True,prior_range_fraction::prev_range_0.618,4338.516680,2
3,2025-12-22,2025-12-19,L4,RANGE_COMPRESSED_0_60,CLOSE_POS_MIDDLE_THIRD,ROWS_SPARSE_1_8,REGIME_RANGE_CLOSE_ROWS,1,1,4327.5975,4327.5975,4327.5975,4327.5975,4327.5975,0.0,78.011035,89.386842,89.386842,0.333333,3,4336.01,8.4125,8.4125,8.4125,8.4125,False,False,False,False,False,red_box_quarter::red_box_1_75pct,4327.597500,3
1,2025-12-22,2025-12-19,L5,RANGE_COMPRESSED_0_60,CLOSE_POS_MIDDLE_THIRD,ROWS_SPARSE_1_8,REGIME_RANGE_CLOSE_ROWS,1,1,4308.2825,4308.2825,4308.2825,4308.2825,4308.2825,0.0,85.737775,93.513405,93.513405,1.0,1,4317.56,9.2775,9.2775,9.2775,9.2775,False,False,False,False,False,red_box_quarter::red_box_2_25pct,4308.282500,1
2,2025-12-22,2025-12-19,L5,RANGE_COMPRESSED_0_60,CLOSE_POS_MIDDLE_THIRD,ROWS_SPARSE_1_8,REGIME_RANGE_CLOSE_ROWS,2,1,4327.5975,4327.5975,4327.5975,4327.5975,4327.5975,0.0,81.103257,92.419408,92.419408,0.5,2,4317.56,-10.0375,10.0375,10.0375,10.0375,False,False,False,False,False,red_box_quarter::red_box_1_75pct,4327.597500,2
1,2025-12-22,2025-12-19,L6,RANGE_COMPRESSED_0_60,CLOSE_POS_MIDDLE_THIRD,ROWS_SPARSE_1_8,REGIME_RANGE_CLOSE_ROWS,2,1,4288.9675,4288.9675,4288.9675,4288.9675,4288.9675,0.0,84.504368,91.386842,91.386842,1.0,1,4300.17,11.2025,11.2025,11.2025,11.2025,False,False,False,False,False,red_box_quarter::red_box_2_75pct,4288.967500,1
2,2025-12-22,2025-12-19,L6,RANGE_COMPRESSED_0_60,CLOSE_POS_MIDDLE_THIRD,ROWS_SPARSE_1_8,REGIME_RANGE_CLOSE_ROWS,1,1,4279.31,4279.31,4279.31,4279.31,4279.31,0.0,70.746632,74.563158,74.563158,0.5,2,4300.17,20.86,20.86,20.86,20.86,False,False,False,False,False,red_box_edge::red_edge_2,4279.310000,2
3,2025-12-22,2025-12-19,L6,RANGE_COMPRESSED_0_60,CLOSE_POS_MIDDLE_THIRD,ROWS_SPARSE_1_8,REGIME_RANGE_CLOSE_ROWS,3,1,4308.2825,4308.2825,4308.2825,4308.2825,4308.2825,0.0,49.341673,39.956908,39.956908,0.333333,3,4300.17,-8.1125,8.1125,8.1125,8.1125,False,False,False,False,False,red_box_quarter::red_box_2_25pct,4308.282500,3
1,2025-12-22,2025-12-19,L7,RANGE_COMPRESSED_0_60,CLOSE_POS_MIDDLE_THIRD,ROWS_SPARSE_1_8,REGIME_RANGE_CLOSE_ROWS,1,1,4250.3375,4250.3375,4250.3375,4250.3375,4250.3375,0.0,82.299319,87.585033,87.585033,1.0,1,4283.27,32.9325,32.9325,32.9325,32.9325,False,False,False,False,False,red_box_quarter::red_box_3_75pct,4250.337500,1
2,2025-12-22,2025-12-19,L7,RANGE_COMPRESSED_0_60,CLOSE_POS_MIDDLE_THIRD,ROWS_SPARSE_1_8,REGIME_RANGE_CLOSE_ROWS,2,1,4269.6525,4269.6525,4269.6525,4269.6525,4269.6525,0.0,71.601368,76.036842,76.036842,0.5,2,4283.27,13.6175,13.6175,13.6175,13.6175,False,False,False,False,False,red_box_quarter::red_box_3_25pct,4269.652500,2
3,2025-12-22,2025-12-19,L7,RANGE_COMPRESSED_0_60,CLOSE_POS_MIDDLE_THIRD,ROWS_SPARSE_1_8,REGIME_RANGE_CLOSE_ROWS,3,1,4279.31,4279.31,4279.31,4279.31,4279.31,0.0,50.316798,41.638158,41.638158,0.333333,3,4283.27,3.96,3.96,3.96,3.96,False,False,True,False,True,red_box_edge::red_edge_2,4279.310000,3
1,2025-12-23,2025-12-22,L4,RANGE_NORMAL_60_120,CLOSE_POS_UPPER_THIRD,ROWS_STANDARD_9_10,REGIME_RANGE_CLOSE_ROWS,1,1,4412.230037,4412.230037,4412.230037,4412.230037,4412.230037,0.0,85.879539,93.757826,93.757826,1.0,1,4467.13,54.899963,54.899963,54.899963,54.899963,False,False,False,False,False,prior_range_fraction::prev_range_0.666667,4412.230037,1
2,2025-12-23,2025-12-22,L4,RANGE_NORMAL_60_120,CLOSE_POS_UPPER_THIRD,ROWS_STANDARD_9_10,REGIME_RANGE_CLOSE_ROWS,3,1,4431.6425,4431.6425,4431.6425,4431.6425,4431.6425,0.0,77.490437,86.190409,86.190409,0.5,2,4467.13,35.4875,35.4875,35.4875,35.4875,False,False,False,False,False,red_box_quarter::red_box_1_25pct,4431.642500,2
3,2025-12-23,2025-12-22,L4,RANGE_NORMAL_60_120,CLOSE_POS_UPPER_THIRD,ROWS_STANDARD_9_10,REGIME_RANGE_CLOSE_ROWS,2,1,4421.495,4421.495,4421.495,4421.495,4421.495,0.0,73.409916,81.453879,81.453879,0.333333,3,4467.13,45.635,45.635,45.635,45.635,False,False,False,False,False,prior_range_fraction::prev_range_0.75,4421.495000,3
4,2025-12-23,2025-12-22,L4,RANGE_NORMAL_60_120,CLOSE_POS_UPPER_THIRD,ROWS_STANDARD_9_10,REGIME_RANGE_CLOSE_ROWS,4,1,4449.29,4449.29,4449.29,4449.29,4449.29,0.0,48.4755,39.612931,39.612931,0.25,4,4467.13,17.84,17.84,17.84,17.84,False,False,False,False,False,prior_hlc::previous_high,4449.290000,4
5,2025-12-23,2025-12-22,L4,RANGE_NORMAL_60_120,CLOSE_POS_UPPER_THIRD,ROWS_STANDARD_9_10,REGIME_RANGE_CLOSE_ROWS,5,1,4461.6425,4461.6425,4461.6425,4461.6425,4461.6425,0.0,47.792292,39.124641,39.124641,0.2,5,4467.13,5.4875,5.4875,5.4875,5.4875,False,False,False,False,False,green_box_quarter::green_box_2_75pct,4461.642500,5
1,2025-12-23,2025-12-22,L5,RANGE_NORMAL_60_120,CLOSE_POS_UPPER_THIRD,ROWS_STANDARD_9_10,REGIME_RANGE_CLOSE_ROWS,1,1,4393.7,4393.7,4393.7,4393.7,4393.7,0.0,85.93025,93.845259,93.845259,1.0,1,4453.37,59.67,59.67,59.67,59.67,False,False,False,False,False,prior_hlc::previous_mid,4393.700000,1
2,2025-12-23,2025-12-22,L5,RANGE_NORMAL_60_120,CLOSE_POS_UPPER_THIRD,ROWS_STANDARD_9_10,REGIME_RANGE_CLOSE_ROWS,4,1,4443.995,4443.995,4443.995,4443.995,4443.995,0.0,80.402,91.210345,91.210345,0.5,2,4453.37,9.375,9.375,9.375,9.375,False,False,False,False,False,green_box_midline::green_mid_2,4443.995000,2
3,2025-12-23,2025-12-22,L5,RANGE_NORMAL_60_120,CLOSE_POS_UPPER_THIRD,ROWS_STANDARD_9_10,REGIME_RANGE_CLOSE_ROWS,2,1,4413.995,4413.995,4413.995,4413.995,4413.995,0.0,78.704042,90.581681,90.581681,0.333333,3,4453.37,39.375,39.375,39.375,39.375,False,False,False,False,False,red_box_midline::red_mid_1,4413.995000,3
4,2025-12-23,2025-12-22,L5,RANGE_NORMAL_60_120,CLOSE_POS_UPPER_THIRD,ROWS_STANDARD_9_10,REGIME_RANGE_CLOSE_ROWS,3,2,4431.6425,4435.3925,4433.5175,4433.5175,4433.5175,3.75,76.629719,88.499515,176.99903,0.45,4,4453.37,19.8525,19.8525,19.8525,19.8525,False,False,False,False,False,red_box_quarter::red_box_1_25pct | prior_range_fraction::prev_range_0.875,4431.642500 | 4435.392500,5 | 4
1,2025-12-23,2025-12-22,L6,RANGE_NORMAL_60_120,CLOSE_POS_UPPER_THIRD,ROWS_STANDARD_9_10,REGIME_RANGE_CLOSE_ROWS,2,1,4380.58076,4380.58076,4380.58076,4380.58076,4380.58076,0.0,86.612343,95.021281,95.021281,1.0,1,4440.6,60.01924,60.01924,60.01924,60.01924,False,False,False,False,False,prior_range_fraction::prev_range_0.382,4380.580760,1
2,2025-12-23,2025-12-22,L6,RANGE_NORMAL_60_120,CLOSE_POS_UPPER_THIRD,ROWS_STANDARD_9_10,REGIME_RANGE_CLOSE_ROWS,1,1,4375.169963,4375.169963,4375.169963,4375.169963,4375.169963,0.0,81.893961,93.782691,93.782691,0.5,2,4440.6,65.430037,65.430037,65.430037,65.430037,False,False,False,False,False,prior_range_fraction::prev_range_0.333333,4375.169963,2
3,2025-12-23,2025-12-22,L6,RANGE_NORMAL_60_120,CLOSE_POS_UPPER_THIRD,ROWS_STANDARD_9_10,REGIME_RANGE_CLOSE_ROWS,4,1,4396.3475,4396.3475,4396.3475,4396.3475,4396.3475,0.0,80.245417,93.239224,93.239224,0.333333,3,4440.6,44.2525,44.2525,44.2525,44.2525,False,False,False,False,False,red_box_quarter::red_box_1_75pct,4396.347500,3
4,2025-12-23,2025-12-22,L6,RANGE_NORMAL_60_120,CLOSE_POS_UPPER_THIRD,ROWS_STANDARD_9_10,REGIME_RANGE_CLOSE_ROWS,3,1,4391.0525,4391.0525,4391.0525,4391.0525,4391.0525,0.0,78.679156,91.6882,91.6882,0.25,4,4440.6,49.5475,49.5475,49.5475,49.5475,False,False,False,False,False,green_box_quarter::green_box_1_75pct,4391.052500,4
5,2025-12-23,2025-12-22,L6,RANGE_NORMAL_60_120,CLOSE_POS_UPPER_THIRD,ROWS_STANDARD_9_10,REGIME_RANGE_CLOSE_ROWS,5,1,4413.995,4413.995,4413.995,4413.995,4413.995,0.0,78.0165,91.235345,91.235345,0.2,5,4440.6,26.605,26.605,26.605,26.605,False,False,False,False,False,red_box_midline::red_mid_1,4413.995000,5
1,2025-12-23,2025-12-22,L7,RANGE_NORMAL_60_120,CLOSE_POS_UPPER_THIRD,ROWS_STANDARD_9_10,REGIME_RANGE_CLOSE_ROWS,2,1,4352.0075,4352.0075,4352.0075,4352.0075,4352.0075,0.0,87.524469,96.593912,96.593912,1.0,1,4426.21,74.2025,74.2025,74.2025,74.2025,False,False,False,False,False,prior_range_fraction::prev_range_0.125,4352.007500,1
2,2025-12-23,2025-12-22,L7,RANGE_NORMAL_60_120,CLOSE_POS_UPPER_THIRD,ROWS_STANDARD_9_10,REGIME_RANGE_CLOSE_ROWS,3,1,4361.0525,4361.0525,4361.0525,4361.0525,4361.0525,0.0,82.469469,94.774946,94.774946,0.5,2,4426.21,65.1575,65.1575,65.1575,65.1575,False,False,False,False,False,red_box_quarter::red_box_2_25pct,4361.052500,2
3,2025-12-23,2025-12-22,L7,RANGE_NORMAL_60_120,CLOSE_POS_UPPER_THIRD,ROWS_STANDARD_9_10,REGIME_RANGE_CLOSE_ROWS,4,2,4378.7,4380.58076,4379.64038,4379.64038,4379.64038,1.88076,72.411968,76.552362,153.104723,0.583333,3,4426.21,46.56962,46.56962,46.56962,46.56962,False,False,False,False,False,red_box_edge::red_edge_1 | prior_range_fraction::prev_range_0.382,4378.700000 | 4380.580760,3 | 4
4,2025-12-23,2025-12-22,L7,RANGE_NORMAL_60_120,CLOSE_POS_UPPER_THIRD,ROWS_STANDARD_9_10,REGIME_RANGE_CLOSE_ROWS,1,1,4343.405,4343.405,4343.405,4343.405,4343.405,0.0,58.881625,58.244181,58.244181,0.2,5,4426.21,82.805,82.805,82.805,82.805,False,False,False,False,False,red_box_midline::red_mid_2,4343.405000,5
1,2025-12-24,2025-12-23,L4,RANGE_NORMAL_60_120,CLOSE_POS_UPPER_THIRD,ROWS_SPARSE_1_8,REGIME_RANGE_CLOSE_ROWS,1,2,4482.3925,4484.54,4483.46625,4483.46625,4483.46625,2.1475,70.713598,61.38517,122.770339,1.5,1,4479.79,-3.67625,3.67625,3.67625,3.67625,False,False,True,True,True,prior_range_fraction::prev_range_0.75 | prior_hlc::previous_close,4482.392500 | 4484.540000,1 | 2
1,2025-12-24,2025-12-23,L5,RANGE_NORMAL_60_120,CLOSE_POS_UPPER_THIRD,ROWS_SPARSE_1_8,REGIME_RANGE_CLOSE_ROWS,1,1,4462.42875,4462.42875,4462.42875,4462.42875,4462.42875,0.0,82.728131,88.324364,88.324364,1.0,1,4467.74,5.31125,5.31125,5.31125,5.31125,False,False,False,False,False,red_box_quarter::red_box_1_75pct,4462.428750,1
2,2025-12-24,2025-12-23,L5,RANGE_NORMAL_60_120,CLOSE_POS_UPPER_THIRD,ROWS_SPARSE_1_8,REGIME_RANGE_CLOSE_ROWS,2,1,4482.3925,4482.3925,4482.3925,4482.3925,4482.3925,0.0,69.870291,73.052225,73.052225,0.5,2,4467.74,-14.6525,14.6525,14.6525,14.6525,False,False,False,False,False,prior_range_fraction::prev_range_0.75,4482.392500,2
1,2025-12-24,2025-12-23,L6,RANGE_NORMAL_60_120,CLOSE_POS_UPPER_THIRD,ROWS_SPARSE_1_8,REGIME_RANGE_CLOSE_ROWS,2,1,4467.50125,4467.50125,4467.50125,4467.50125,4467.50125,0.0,82.858478,88.5491,88.5491,1.0,1,4455.68,-11.82125,11.82125,11.82125,11.82125,False,False,False,False,False,green_box_quarter::green_box_1_75pct,4467.501250,1
2,2025-12-24,2025-12-23,L6,RANGE_NORMAL_60_120,CLOSE_POS_UPPER_THIRD,ROWS_SPARSE_1_8,REGIME_RANGE_CLOSE_ROWS,1,1,4447.5375,4447.5375,4447.5375,4447.5375,4447.5375,0.0,78.097381,87.236864,87.236864,0.5,2,4455.68,8.1425,8.1425,8.1425,8.1425,False,False,False,False,False,prior_range_fraction::prev_range_0.25,4447.537500,2
1,2025-12-26,2025-12-24,L4,RANGE_NORMAL_60_120,CLOSE_POS_MIDDLE_THIRD,ROWS_SPARSE_1_8,REGIME_RANGE_CLOSE_ROWS,1,2,4487.095,4488.68125,4487.888125,4487.888125,4487.888125,1.58625,88.890694,91.873437,183.746875,1.5,1,4492.12,4.231875,4.231875,4.231875,4.231875,False,False,True,False,True,prior_hlc::previous_mid | green_box_quarter::green_box_1_75pct,4487.095000 | 4488.681250,2 | 1
2,2025-12-26,2025-12-24,L4,RANGE_NORMAL_60_120,CLOSE_POS_MIDDLE_THIRD,ROWS_SPARSE_1_8,REGIME_RANGE_CLOSE_ROWS,2,1,4499.980026,4499.980026,4499.980026,4499.980026,4499.980026,0.0,79.154531,91.358387,91.358387,0.333333,3,4492.12,-7.860026,7.860026,7.860026,7.860026,False,False,False,False,False,prior_range_fraction::prev_range_0.666667,4499.980026,3
1,2025-12-26,2025-12-24,L5,RANGE_NORMAL_60_120,CLOSE_POS_MIDDLE_THIRD,ROWS_SPARSE_1_8,REGIME_RANGE_CLOSE_ROWS,2,1,4477.97242,4477.97242,4477.97242,4477.97242,4477.97242,0.0,84.031267,90.57115,90.57115,1.0,1,4479.11,1.13758,1.13758,1.13758,1.13758,False,True,True,True,True,prior_range_fraction::prev_range_0.382,4477.972420,1
2,2025-12-26,2025-12-24,L5,RANGE_NORMAL_60_120,CLOSE_POS_MIDDLE_THIRD,ROWS_SPARSE_1_8,REGIME_RANGE_CLOSE_ROWS,1,1,4467.7675,4467.7675,4467.7675,4467.7675,4467.7675,0.0,66.853,67.85,67.85,0.5,2,4479.11,11.3425,11.3425,11.3425,11.3425,False,False,False,False,False,prior_range_fraction::prev_range_0.25,4467.767500,2
1,2025-12-26,2025-12-24,L6,RANGE_NORMAL_60_120,CLOSE_POS_MIDDLE_THIRD,ROWS_SPARSE_1_8,REGIME_RANGE_CLOSE_ROWS,2,1,4458.10375,4458.10375,4458.10375,4458.10375,4458.10375,0.0,85.119188,92.446875,92.446875,1.0,1,4466.22,8.11625,8.11625,8.11625,8.11625,False,False,False,False,False,prior_range_fraction::prev_range_0.125,4458.103750,1
2,2025-12-26,2025-12-24,L6,RANGE_NORMAL_60_120,CLOSE_POS_MIDDLE_THIRD,ROWS_SPARSE_1_8,REGIME_RANGE_CLOSE_ROWS,1,2,4445.2675,4448.44,4446.85375,4446.85375,4446.85375,3.1725,66.116304,64.209375,128.41875,0.833333,2,4466.22,19.36625,19.36625,19.36625,19.36625,False,False,False,False,False,red_box_midline::red_mid_2 | prior_hlc::previous_low,4445.267500 | 4448.440000,3 | 2
1,2025-12-26,2025-12-24,L7,RANGE_NORMAL_60_120,CLOSE_POS_MIDDLE_THIRD,ROWS_SPARSE_1_8,REGIME_RANGE_CLOSE_ROWS,1,1,4431.85375,4431.85375,4431.85375,4431.85375,4431.85375,0.0,74.986555,74.976819,74.976819,1.0,1,4454.16,22.30625,22.30625,22.30625,22.30625,False,False,False,False,False,red_box_quarter::red_box_2_75pct,4431.853750,1
1,2025-12-29,2025-12-26,L4,RANGE_NORMAL_60_120,CLOSE_POS_UPPER_THIRD,ROWS_EXTENDED_11_PLUS,REGIME_RANGE_CLOSE,1,4,4526.87669,4537.49125,4532.18397,4531.84386,4531.50375,10.61456,87.4271,89.829734,359.318937,2.083333,1,4530.28,-1.90397,1.90397,1.56386,1.22375,True,True,True,True,True,prior_range_fraction::prev_range_0.666667 | green_box_edge::green_edge_1 | prior_range_fraction::prev_range_0.75 | red_box_quarter::red_box_1_25pct,4526.876690 | 4530.385000 | 4532.622500 | 4537.491250,2 | 1 | 4 | 3
2,2025-12-29,2025-12-26,L4,RANGE_NORMAL_60_120,CLOSE_POS_UPPER_THIRD,ROWS_EXTENDED_11_PLUS,REGIME_RANGE_CLOSE,2,1,4549.86,4549.86,4549.86,4549.86,4549.86,0.0,47.957467,39.409426,39.409426,0.2,5,4530.28,-19.58,19.58,19.58,19.58,False,False,False,False,False,prior_hlc::previous_high,4549.860000,5
1,2025-12-29,2025-12-26,L5,RANGE_NORMAL_60_120,CLOSE_POS_UPPER_THIRD,ROWS_EXTENDED_11_PLUS,REGIME_RANGE_CLOSE,1,2,4515.385,4518.01625,4516.700625,4516.700625,4516.700625,2.63125,89.02481,93.69019,187.380379,1.5,1,4515.32,-1.380625,1.380625,1.380625,1.380625,False,True,True,True,True,prior_hlc::previous_mid | green_box_quarter::green_box_1_75pct,4515.385000 | 4518.016250,2 | 1
2,2025-12-29,2025-12-26,L5,RANGE_NORMAL_60_120,CLOSE_POS_UPPER_THIRD,ROWS_EXTENDED_11_PLUS,REGIME_RANGE_CLOSE,4,1,4555.1225,4555.1225,4555.1225,4555.1225,4555.1225,0.0,78.97424,91.047541,91.047541,0.333333,3,4515.32,-39.8025,39.8025,39.8025,39.8025,False,False,False,False,False,green_box_midline::green_mid_2,4555.122500,3
3,2025-12-29,2025-12-26,L5,RANGE_NORMAL_60_120,CLOSE_POS_UPPER_THIRD,ROWS_EXTENDED_11_PLUS,REGIME_RANGE_CLOSE,2,1,4525.1225,4525.1225,4525.1225,4525.1225,4525.1225,0.0,77.919342,90.378176,90.378176,0.25,4,4515.32,-9.8025,9.8025,9.8025,9.8025,False,False,False,False,False,red_box_midline::red_mid_1,4525.122500,4
4,2025-12-29,2025-12-26,L5,RANGE_NORMAL_60_120,CLOSE_POS_UPPER_THIRD,ROWS_EXTENDED_11_PLUS,REGIME_RANGE_CLOSE,3,1,4541.24125,4541.24125,4541.24125,4541.24125,4541.24125,0.0,76.801771,89.140984,89.140984,0.2,5,4515.32,-25.92125,25.92125,25.92125,25.92125,False,False,False,False,False,prior_range_fraction::prev_range_0.875,4541.241250,5
1,2025-12-29,2025-12-26,L6,RANGE_NORMAL_60_120,CLOSE_POS_UPPER_THIRD,ROWS_EXTENDED_11_PLUS,REGIME_RANGE_CLOSE,1,3,4503.89331,4507.2489,4505.571105,4505.59657,4505.6475,3.35559,92.337378,94.466029,283.398087,1.75,1,4499.26,-6.311105,6.311105,6.33657,6.3875,False,False,False,False,True,prior_range_fraction::prev_range_0.333333 | green_box_midline::green_mid_1 | prior_range_fraction::prev_range_0.382,4503.893310 | 4505.647500 | 4507.248900,4 | 1 | 2
2,2025-12-29,2025-12-26,L6,RANGE_NORMAL_60_120,CLOSE_POS_UPPER_THIRD,ROWS_EXTENDED_11_PLUS,REGIME_RANGE_CLOSE,3,1,4518.01625,4518.01625,4518.01625,4518.01625,4518.01625,0.0,80.826437,94.240984,94.240984,0.333333,3,4499.26,-18.75625,18.75625,18.75625,18.75625,False,False,False,False,False,green_box_quarter::green_box_1_75pct,4518.016250,3
3,2025-12-29,2025-12-26,L6,RANGE_NORMAL_60_120,CLOSE_POS_UPPER_THIRD,ROWS_EXTENDED_11_PLUS,REGIME_RANGE_CLOSE,2,1,4512.75375,4512.75375,4512.75375,4512.75375,4512.75375,0.0,79.048914,93.015369,93.015369,0.2,5,4499.26,-13.49375,13.49375,13.49375,13.49375,False,False,False,False,False,red_box_quarter::red_box_1_75pct,4512.753750,5
1,2025-12-29,2025-12-26,L7,RANGE_NORMAL_60_120,CLOSE_POS_UPPER_THIRD,ROWS_EXTENDED_11_PLUS,REGIME_RANGE_CLOSE,2,2,4488.01625,4489.52875,4488.7725,4488.7725,4488.7725,1.5125,91.068969,95.517188,191.034375,1.5,1,4482.36,-6.4125,6.4125,6.4125,6.4125,False,False,False,False,False,red_box_quarter::red_box_2_25pct | prior_range_fraction::prev_range_0.125,4488.016250 | 4489.528750,2 | 1
2,2025-12-29,2025-12-26,L7,RANGE_NORMAL_60_120,CLOSE_POS_UPPER_THIRD,ROWS_EXTENDED_11_PLUS,REGIME_RANGE_CLOSE,4,1,4542.75375,4542.75375,4542.75375,4542.75375,4542.75375,0.0,80.719292,94.05625,94.05625,0.333333,3,4482.36,-60.39375,60.39375,60.39375,60.39375,False,False,False,False,False,green_box_quarter::green_box_2_25pct,4542.753750,3
3,2025-12-29,2025-12-26,L7,RANGE_NORMAL_60_120,CLOSE_POS_UPPER_THIRD,ROWS_EXTENDED_11_PLUS,REGIME_RANGE_CLOSE,3,1,4500.385,4500.385,4500.385,4500.385,4500.385,0.0,77.24325,89.2125,89.2125,0.25,4,4482.36,-18.025,18.025,18.025,18.025,False,False,False,False,False,red_box_edge::red_edge_1,4500.385000,4
4,2025-12-29,2025-12-26,L7,RANGE_NORMAL_60_120,CLOSE_POS_UPPER_THIRD,ROWS_EXTENDED_11_PLUS,REGIME_RANGE_CLOSE,1,1,4480.91,4480.91,4480.91,4480.91,4480.91,0.0,73.9505,84.225,84.225,0.2,5,4482.36,1.45,1.45,1.45,1.45,False,True,True,True,True,prior_hlc::previous_low,4480.910000,5
1,2025-12-30,2025-12-29,L4,RANGE_EXTREME_220_PLUS,CLOSE_POS_LOWER_THIRD,ROWS_STANDARD_9_10,REGIME_RANGE_CLOSE,1,1,4441.09,4441.09,4441.09,4441.09,4441.09,0.0,83.242314,89.210887,89.210887,1.0,1,4350.13,-90.96,90.96,90.96,90.96,False,False,False,False,False,green_box_edge::green_edge_1,4441.090000,1
1,2025-12-30,2025-12-29,L5,RANGE_EXTREME_220_PLUS,CLOSE_POS_LOWER_THIRD,ROWS_STANDARD_9_10,REGIME_RANGE_CLOSE,1,1,4411.09,4411.09,4411.09,4411.09,4411.09,0.0,74.788814,74.635887,74.635887,1.0,1,4329.56,-81.53,81.53,81.53,81.53,False,False,False,False,False,red_box_edge::red_edge_1,4411.090000,1
1,2025-12-30,2025-12-29,L6,RANGE_EXTREME_220_PLUS,CLOSE_POS_LOWER_THIRD,ROWS_STANDARD_9_10,REGIME_RANGE_CLOSE,1,1,4384.883251,4384.883251,4384.883251,4384.883251,4384.883251,0.0,73.809922,72.948142,72.948142,1.0,1,4312.71,-72.173251,72.173251,72.173251,72.173251,False,False,False,False,False,prior_range_fraction::prev_range_0.333333,4384.883251,1
1,2025-12-30,2025-12-29,L7,RANGE_EXTREME_220_PLUS,CLOSE_POS_LOWER_THIRD,ROWS_STANDARD_9_10,REGIME_RANGE_CLOSE,1,1,4364.28,4364.28,4364.28,4364.28,4364.28,0.0,33.282787,3.07377,3.07377,1.0,1,4296.74,-67.54,67.54,67.54,67.54,False,False,False,False,False,prior_range_fraction::prev_range_0.25,4364.280000,1
1,2026-01-01,2025-12-31,L4,RANGE_NORMAL_60_120,CLOSE_POS_MIDDLE_THIRD,ROWS_STANDARD_9_10,REGIME_RANGE_CLOSE_ROWS,3,2,4371.025,4373.16,4372.0925,4372.0925,4372.0925,2.135,84.871884,88.075893,176.151785,1.333333,1,4359.13,-12.9625,12.9625,12.9625,12.9625,False,False,False,False,False,green_box_midline::green_mid_2 | prior_hlc::previous_high,4371.025000 | 4373.160000,1 | 3
2,2026-01-01,2025-12-31,L4,RANGE_NORMAL_60_120,CLOSE_POS_MIDDLE_THIRD,ROWS_STANDARD_9_10,REGIME_RANGE_CLOSE_ROWS,2,1,4338.89,4338.89,4338.89,4338.89,4338.89,0.0,79.394119,89.472619,89.472619,0.5,2,4359.13,20.24,20.24,20.24,20.24,False,False,False,False,False,green_box_edge::green_edge_1,4338.890000,2
3,2026-01-01,2025-12-31,L4,RANGE_NORMAL_60_120,CLOSE_POS_MIDDLE_THIRD,ROWS_STANDARD_9_10,REGIME_RANGE_CLOSE_ROWS,1,1,4318.87,4318.87,4318.87,4318.87,4318.87,0.0,68.281214,73.760714,73.760714,0.25,4,4359.13,40.26,40.26,40.26,40.26,False,False,False,False,False,prior_hlc::previous_close,4318.870000,4
4,2026-01-01,2025-12-31,L4,RANGE_NORMAL_60_120,CLOSE_POS_MIDDLE_THIRD,ROWS_STANDARD_9_10,REGIME_RANGE_CLOSE_ROWS,4,1,4387.0925,4387.0925,4387.0925,4387.0925,4387.0925,0.0,34.752598,16.642411,16.642411,0.2,5,4359.13,-27.9625,27.9625,27.9625,27.9625,False,False,False,False,False,green_box_quarter::green_box_2_75pct,4387.092500,5
1,2026-01-01,2025-12-31,L5,RANGE_NORMAL_60_120,CLOSE_POS_MIDDLE_THIRD,ROWS_STANDARD_9_10,REGIME_RANGE_CLOSE_ROWS,1,2,4322.216667,4324.9575,4323.587084,4323.587084,4323.587084,2.740833,84.925213,90.236458,180.472917,1.25,1,4342.0,18.412916,18.412916,18.412916,18.412916,False,False,False,False,False,prior_hlc::previous_pivot_hlc3 | red_box_quarter::red_box_1_75pct,4322.216667 | 4324.957500,1 | 4
2,2026-01-01,2025-12-31,L5,RANGE_NORMAL_60_120,CLOSE_POS_MIDDLE_THIRD,ROWS_STANDARD_9_10,REGIME_RANGE_CLOSE_ROWS,2,3,4335.51772,4340.313366,4337.915543,4338.240362,4338.89,4.795646,82.707164,89.932182,269.796547,1.033333,2,4342.0,4.084457,4.084457,3.759638,3.11,False,False,True,True,True,prior_range_fraction::prev_range_0.618 | green_box_edge::green_edge_1 | prior_range_fraction::prev_range_0.666667,4335.517720 | 4338.890000 | 4340.313366,3 | 2 | 5
1,2026-01-01,2025-12-31,L6,RANGE_NORMAL_60_120,CLOSE_POS_MIDDLE_THIRD,ROWS_STANDARD_9_10,REGIME_RANGE_CLOSE_ROWS,3,3,4306.755,4312.26228,4309.50864,4309.302427,4308.89,5.50728,78.071102,73.82329,221.469871,1.7,1,4324.37,14.86136,14.86136,15.067573,15.48,False,False,False,False,False,green_box_midline::green_mid_1 | red_box_edge::red_edge_1 | prior_range_fraction::prev_range_0.382,4306.755000 | 4308.890000 | 4312.262280,5 | 1 | 2
2,2026-01-01,2025-12-31,L6,RANGE_NORMAL_60_120,CLOSE_POS_MIDDLE_THIRD,ROWS_STANDARD_9_10,REGIME_RANGE_CLOSE_ROWS,2,1,4299.255,4299.255,4299.255,4299.255,4299.255,0.0,77.206494,87.999702,87.999702,0.333333,3,4324.37,25.115,25.115,25.115,25.115,False,False,False,False,False,prior_range_fraction::prev_range_0.25,4299.255000,3
3,2026-01-01,2025-12-31,L6,RANGE_NORMAL_60_120,CLOSE_POS_MIDDLE_THIRD,ROWS_STANDARD_9_10,REGIME_RANGE_CLOSE_ROWS,1,1,4276.755,4276.755,4276.755,4276.755,4276.755,0.0,67.632339,72.641964,72.641964,0.25,4,4324.37,47.615,47.615,47.615,47.615,False,False,False,False,False,red_box_midline::red_mid_2,4276.755000,4
1,2026-01-01,2025-12-31,L7,RANGE_NORMAL_60_120,CLOSE_POS_MIDDLE_THIRD,ROWS_STANDARD_9_10,REGIME_RANGE_CLOSE_ROWS,4,1,4292.8225,4292.8225,4292.8225,4292.8225,4292.8225,0.0,84.743123,91.798488,91.798488,1.0,1,4308.35,15.5275,15.5275,15.5275,15.5275,False,False,False,False,False,red_box_quarter::red_box_2_25pct,4292.822500,1
2,2026-01-01,2025-12-31,L7,RANGE_NORMAL_60_120,CLOSE_POS_MIDDLE_THIRD,ROWS_STANDARD_9_10,REGIME_RANGE_CLOSE_ROWS,3,1,4274.62,4274.62,4274.62,4274.62,4274.62,0.0,78.663016,88.212097,88.212097,0.5,2,4308.35,33.73,33.73,33.73,33.73,False,False,False,False,False,prior_hlc::previous_low,4274.620000,2
3,2026-01-01,2025-12-31,L7,RANGE_NORMAL_60_120,CLOSE_POS_MIDDLE_THIRD,ROWS_STANDARD_9_10,REGIME_RANGE_CLOSE_ROWS,1,1,4244.62,4244.62,4244.62,4244.62,4244.62,0.0,58.28557,55.377419,55.377419,0.333333,3,4308.35,63.73,63.73,63.73,63.73,False,False,False,False,False,red_box_edge::red_edge_2,4244.620000,3
4,2026-01-01,2025-12-31,L7,RANGE_NORMAL_60_120,CLOSE_POS_MIDDLE_THIRD,ROWS_STANDARD_9_10,REGIME_RANGE_CLOSE_ROWS,2,1,4260.6875,4260.6875,4260.6875,4260.6875,4260.6875,0.0,48.69047,39.983569,39.983569,0.25,4,4308.35,47.6625,47.6625,47.6625,47.6625,False,False,False,False,False,red_box_quarter::red_box_2_75pct,4260.687500,4
1,2026-01-02,2025-12-31,L4,RANGE_NORMAL_60_120,CLOSE_POS_MIDDLE_THIRD,ROWS_STANDARD_9_10,REGIME_RANGE_CLOSE_ROWS,4,2,4371.025,4373.16,4372.0925,4372.0925,4372.0925,2.135,84.170262,88.015625,176.03125,1.25,1,4376.66,4.5675,4.5675,4.5675,4.5675,False,False,True,False,True,green_box_midline::green_mid_2 | prior_hlc::previous_high,4371.025000 | 4373.160000,1 | 4
2,2026-01-02,2025-12-31,L4,RANGE_NORMAL_60_120,CLOSE_POS_MIDDLE_THIRD,ROWS_STANDARD_9_10,REGIME_RANGE_CLOSE_ROWS,3,1,4360.8425,4360.8425,4360.8425,4360.8425,4360.8425,0.0,79.826875,90.21875,90.21875,0.5,2,4376.66,15.8175,15.8175,15.8175,15.8175,False,False,False,False,False,prior_range_fraction::prev_range_0.875,4360.842500,2
3,2026-01-02,2025-12-31,L4,RANGE_NORMAL_60_120,CLOSE_POS_MIDDLE_THIRD,ROWS_STANDARD_9_10,REGIME_RANGE_CLOSE_ROWS,2,1,4338.89,4338.89,4338.89,4338.89,4338.89,0.0,78.051292,89.45625,89.45625,0.333333,3,4376.66,37.77,37.77,37.77,37.77,False,False,False,False,False,green_box_edge::green_edge_1,4338.890000,3
4,2026-01-02,2025-12-31,L4,RANGE_NORMAL_60_120,CLOSE_POS_MIDDLE_THIRD,ROWS_STANDARD_9_10,REGIME_RANGE_CLOSE_ROWS,1,1,4318.87,4318.87,4318.87,4318.87,4318.87,0.0,67.878625,73.75625,73.75625,0.2,5,4376.66,57.79,57.79,57.79,57.79,False,False,False,False,False,prior_hlc::previous_close,4318.870000,5
1,2026-01-02,2025-12-31,L5,RANGE_NORMAL_60_120,CLOSE_POS_MIDDLE_THIRD,ROWS_STANDARD_9_10,REGIME_RANGE_CLOSE_ROWS,2,3,4335.51772,4341.025,4338.27136,4338.477573,4338.89,5.50728,86.972419,90.779583,272.33875,1.583333,1,4352.91,14.63864,14.63864,14.432427,14.02,False,False,False,False,False,prior_range_fraction::prev_range_0.618 | green_box_edge::green_edge_1 | red_box_midline::red_mid_1,4335.517720 | 4338.890000 | 4341.025000,4 | 3 | 1
2,2026-01-02,2025-12-31,L5,RANGE_NORMAL_60_120,CLOSE_POS_MIDDLE_THIRD,ROWS_STANDARD_9_10,REGIME_RANGE_CLOSE_ROWS,1,2,4322.216667,4324.9575,4323.587084,4323.587084,4323.587084,2.740833,80.504067,90.2,180.4,0.7,2,4352.91,29.322916,29.322916,29.322916,29.322916,False,False,False,False,False,prior_hlc::previous_pivot_hlc3 | red_box_quarter::red_box_1_75pct,4322.216667 | 4324.957500,2 | 5
1,2026-01-02,2025-12-31,L6,RANGE_NORMAL_60_120,CLOSE_POS_MIDDLE_THIRD,ROWS_STANDARD_9_10,REGIME_RANGE_CLOSE_ROWS,4,1,4323.89,4323.89,4323.89,4323.89,4323.89,0.0,85.614,93.3,93.3,1.0,1,4330.45,6.56,6.56,6.56,6.56,False,False,False,False,False,prior_hlc::previous_mid,4323.890000,1
2,2026-01-02,2025-12-31,L6,RANGE_NORMAL_60_120,CLOSE_POS_MIDDLE_THIRD,ROWS_STANDARD_9_10,REGIME_RANGE_CLOSE_ROWS,3,2,4308.89,4312.26228,4310.57614,4310.57614,4310.57614,3.37228,81.349662,90.7769,181.5538,0.833333,2,4330.45,19.87386,19.87386,19.87386,19.87386,False,False,False,False,False,red_box_edge::red_edge_1 | prior_range_fraction::prev_range_0.382,4308.890000 | 4312.262280,2 | 3
3,2026-01-02,2025-12-31,L6,RANGE_NORMAL_60_120,CLOSE_POS_MIDDLE_THIRD,ROWS_STANDARD_9_10,REGIME_RANGE_CLOSE_ROWS,2,1,4299.255,4299.255,4299.255,4299.255,4299.255,0.0,76.51825,87.9625,87.9625,0.25,4,4330.45,31.195,31.195,31.195,31.195,False,False,False,False,False,prior_range_fraction::prev_range_0.25,4299.255000,4
4,2026-01-02,2025-12-31,L6,RANGE_NORMAL_60_120,CLOSE_POS_MIDDLE_THIRD,ROWS_STANDARD_9_10,REGIME_RANGE_CLOSE_ROWS,1,1,4276.755,4276.755,4276.755,4276.755,4276.755,0.0,67.22975,72.6375,72.6375,0.2,5,4330.45,53.695,53.695,53.695,53.695,False,False,False,False,False,red_box_midline::red_mid_2,4276.755000,5
1,2026-01-02,2025-12-31,L7,RANGE_NORMAL_60_120,CLOSE_POS_MIDDLE_THIRD,ROWS_STANDARD_9_10,REGIME_RANGE_CLOSE_ROWS,5,1,4308.89,4308.89,4308.89,4308.89,4308.89,0.0,85.527,93.15,93.15,1.0,1,4308.24,-0.65,0.65,0.65,0.65,False,True,True,True,True,red_box_edge::red_edge_1,4308.890000,1
2,2026-01-02,2025-12-31,L7,RANGE_NORMAL_60_120,CLOSE_POS_MIDDLE_THIRD,ROWS_STANDARD_9_10,REGIME_RANGE_CLOSE_ROWS,4,1,4292.8225,4292.8225,4292.8225,4292.8225,4292.8225,0.0,80.70214,91.727827,91.727827,0.5,2,4308.24,15.4175,15.4175,15.4175,15.4175,False,False,False,False,False,red_box_quarter::red_box_2_25pct,4292.822500,2
3,2026-01-02,2025-12-31,L7,RANGE_NORMAL_60_120,CLOSE_POS_MIDDLE_THIRD,ROWS_STANDARD_9_10,REGIME_RANGE_CLOSE_ROWS,3,1,4274.62,4274.62,4274.62,4274.62,4274.62,0.0,77.2985,88.158333,88.158333,0.333333,3,4308.24,33.62,33.62,33.62,33.62,False,False,False,False,False,prior_hlc::previous_low,4274.620000,3
4,2026-01-02,2025-12-31,L7,RANGE_NORMAL_60_120,CLOSE_POS_MIDDLE_THIRD,ROWS_STANDARD_9_10,REGIME_RANGE_CLOSE_ROWS,1,1,4244.62,4244.62,4244.62,4244.62,4244.62,0.0,57.585048,55.319048,55.319048,0.25,4,4308.24,63.62,63.62,63.62,63.62,False,False,False,False,False,red_box_edge::red_edge_2,4244.620000,4
5,2026-01-02,2025-12-31,L7,RANGE_NORMAL_60_120,CLOSE_POS_MIDDLE_THIRD,ROWS_STANDARD_9_10,REGIME_RANGE_CLOSE_ROWS,2,1,4260.6875,4260.6875,4260.6875,4260.6875,4260.6875,0.0,48.255723,39.923661,39.923661,0.2,5,4308.24,47.5525,47.5525,47.5525,47.5525,False,False,False,False,False,red_box_quarter::red_box_2_75pct,4260.687500,5
1,2026-01-05,2026-01-02,L4,RANGE_NORMAL_60_120,CLOSE_POS_LOWER_THIRD,ROWS_STANDARD_9_10,REGIME_RANGE_CLOSE_ROWS,1,1,4355.89875,4355.89875,4355.89875,4355.89875,4355.89875,0.0,82.11462,87.266587,87.266587,1.0,1,4375.02,19.12125,19.12125,19.12125,19.12125,False,False,False,False,False,green_box_quarter::green_box_1_75pct,4355.898750,1
1,2026-01-05,2026-01-02,L5,RANGE_NORMAL_60_120,CLOSE_POS_LOWER_THIRD,ROWS_STANDARD_9_10,REGIME_RANGE_CLOSE_ROWS,1,1,4340.6025,4340.6025,4340.6025,4340.6025,4340.6025,0.0,82.797933,88.444712,88.444712,1.0,1,4350.66,10.0575,10.0575,10.0575,10.0575,False,False,False,False,False,green_box_midline::green_mid_1,4340.602500,1
1,2026-01-05,2026-01-02,L6,RANGE_NORMAL_60_120,CLOSE_POS_LOWER_THIRD,ROWS_STANDARD_9_10,REGIME_RANGE_CLOSE_ROWS,1,1,4325.30625,4325.30625,4325.30625,4325.30625,4325.30625,0.0,82.15087,87.329087,87.329087,1.0,1,4326.31,1.00375,1.00375,1.00375,1.00375,False,True,True,True,True,green_box_quarter::green_box_1_25pct,4325.306250,1
1,2026-01-05,2026-01-02,L7,RANGE_NORMAL_60_120,CLOSE_POS_LOWER_THIRD,ROWS_STANDARD_9_10,REGIME_RANGE_CLOSE_ROWS,1,1,4310.01,4310.01,4310.01,4310.01,4310.01,0.0,80.945,85.25,85.25,1.0,1,4303.29,-6.72,6.72,6.72,6.72,False,False,False,False,False,prior_hlc::previous_low,4310.010000,1
1,2026-01-06,2026-01-05,L4,RANGE_NORMAL_60_120,CLOSE_POS_UPPER_THIRD,ROWS_STANDARD_9_10,REGIME_RANGE_CLOSE_ROWS,1,1,4418.493371,4418.493371,4418.493371,4418.493371,4418.493371,0.0,85.494084,93.093249,93.093249,1.0,1,4459.82,41.326629,41.326629,41.326629,41.326629,False,False,False,False,False,prior_range_fraction::prev_range_0.666667,4418.493371,1
2,2026-01-06,2026-01-05,L4,RANGE_NORMAL_60_120,CLOSE_POS_UPPER_THIRD,ROWS_STANDARD_9_10,REGIME_RANGE_CLOSE_ROWS,3,1,4438.0475,4438.0475,4438.0475,4438.0475,4438.0475,0.0,77.424983,86.077557,86.077557,0.5,2,4459.82,21.7725,21.7725,21.7725,21.7725,False,False,False,False,False,red_box_quarter::red_box_1_25pct,4438.047500,2
3,2026-01-06,2026-01-05,L4,RANGE_NORMAL_60_120,CLOSE_POS_UPPER_THIRD,ROWS_STANDARD_9_10,REGIME_RANGE_CLOSE_ROWS,2,1,4427.815,4427.815,4427.815,4427.815,4427.815,0.0,73.322644,81.303409,81.303409,0.333333,3,4459.82,32.005,32.005,32.005,32.005,False,False,False,False,False,prior_range_fraction::prev_range_0.75,4427.815000,3
4,2026-01-06,2026-01-05,L4,RANGE_NORMAL_60_120,CLOSE_POS_UPPER_THIRD,ROWS_STANDARD_9_10,REGIME_RANGE_CLOSE_ROWS,4,1,4455.78,4455.78,4455.78,4455.78,4455.78,0.0,48.184591,39.111364,39.111364,0.25,4,4459.82,4.04,4.04,4.04,4.04,False,False,True,False,True,prior_hlc::previous_high,4455.780000,4
5,2026-01-06,2026-01-05,L4,RANGE_NORMAL_60_120,CLOSE_POS_UPPER_THIRD,ROWS_STANDARD_9_10,REGIME_RANGE_CLOSE_ROWS,5,1,4468.0475,4468.0475,4468.0475,4468.0475,4468.0475,0.0,46.680284,37.207386,37.207386,0.2,5,4459.82,-8.2275,8.2275,8.2275,8.2275,False,False,False,False,False,green_box_quarter::green_box_2_75pct,4468.047500,5
1,2026-01-06,2026-01-05,L5,RANGE_NORMAL_60_120,CLOSE_POS_UPPER_THIRD,ROWS_STANDARD_9_10,REGIME_RANGE_CLOSE_ROWS,1,1,4399.85,4399.85,4399.85,4399.85,4399.85,0.0,85.544796,93.180682,93.180682,1.0,1,4437.39,37.54,37.54,37.54,37.54,False,False,False,False,False,prior_hlc::previous_mid,4399.850000,1
2,2026-01-06,2026-01-05,L5,RANGE_NORMAL_60_120,CLOSE_POS_UPPER_THIRD,ROWS_STANDARD_9_10,REGIME_RANGE_CLOSE_ROWS,4,1,4450.315,4450.315,4450.315,4450.315,4450.315,0.0,80.169273,90.809091,90.809091,0.5,2,4437.39,-12.925,12.925,12.925,12.925,False,False,False,False,False,green_box_midline::green_mid_2,4450.315000,2
3,2026-01-06,2026-01-05,L5,RANGE_NORMAL_60_120,CLOSE_POS_UPPER_THIRD,ROWS_STANDARD_9_10,REGIME_RANGE_CLOSE_ROWS,2,1,4420.315,4420.315,4420.315,4420.315,4420.315,0.0,78.413133,90.080114,90.080114,0.333333,3,4437.39,17.075,17.075,17.075,17.075,False,False,False,False,False,red_box_midline::red_mid_1,4420.315000,3
4,2026-01-06,2026-01-05,L5,RANGE_NORMAL_60_120,CLOSE_POS_UPPER_THIRD,ROWS_STANDARD_9_10,REGIME_RANGE_CLOSE_ROWS,3,2,4438.0475,4441.7975,4439.9225,4439.9225,4439.9225,3.75,76.429719,88.154687,176.309375,0.45,4,4437.39,-2.5325,2.5325,2.5325,2.5325,False,True,True,True,True,red_box_quarter::red_box_1_25pct | prior_range_fraction::prev_range_0.875,4438.047500 | 4441.797500,5 | 4
1,2026-01-06,2026-01-05,L6,RANGE_NORMAL_60_120,CLOSE_POS_UPPER_THIRD,ROWS_STANDARD_9_10,REGIME_RANGE_CLOSE_ROWS,2,1,4386.65052,4386.65052,4386.65052,4386.65052,4386.65052,0.0,86.321434,94.519714,94.519714,1.0,1,4417.98,31.32948,31.32948,31.32948,31.32948,False,False,False,False,False,prior_range_fraction::prev_range_0.382,4386.650520,1
2,2026-01-06,2026-01-05,L6,RANGE_NORMAL_60_120,CLOSE_POS_UPPER_THIRD,ROWS_STANDARD_9_10,REGIME_RANGE_CLOSE_ROWS,1,1,4381.206629,4381.206629,4381.206629,4381.206629,4381.206629,0.0,81.508506,93.118114,93.118114,0.5,2,4417.98,36.773371,36.773371,36.773371,36.773371,False,False,False,False,False,prior_range_fraction::prev_range_0.333333,4381.206629,2
3,2026-01-06,2026-01-05,L6,RANGE_NORMAL_60_120,CLOSE_POS_UPPER_THIRD,ROWS_STANDARD_9_10,REGIME_RANGE_CLOSE_ROWS,4,1,4402.5825,4402.5825,4402.5825,4402.5825,4402.5825,0.0,79.925417,92.6875,92.6875,0.333333,3,4417.98,15.3975,15.3975,15.3975,15.3975,False,False,False,False,False,red_box_quarter::red_box_1_75pct,4402.582500,3
4,2026-01-06,2026-01-05,L6,RANGE_NORMAL_60_120,CLOSE_POS_UPPER_THIRD,ROWS_STANDARD_9_10,REGIME_RANGE_CLOSE_ROWS,3,1,4397.1175,4397.1175,4397.1175,4397.1175,4397.1175,0.0,78.417338,91.23679,91.23679,0.25,4,4417.98,20.8625,20.8625,20.8625,20.8625,False,False,False,False,False,green_box_quarter::green_box_1_75pct,4397.117500,4
5,2026-01-06,2026-01-05,L6,RANGE_NORMAL_60_120,CLOSE_POS_UPPER_THIRD,ROWS_STANDARD_9_10,REGIME_RANGE_CLOSE_ROWS,5,1,4420.315,4420.315,4420.315,4420.315,4420.315,0.0,77.783773,90.834091,90.834091,0.2,5,4417.98,-2.335,2.335,2.335,2.335,False,True,True,True,True,red_box_midline::red_mid_1,4420.315000,5
1,2026-01-06,2026-01-05,L7,RANGE_NORMAL_60_120,CLOSE_POS_UPPER_THIRD,ROWS_STANDARD_9_10,REGIME_RANGE_CLOSE_ROWS,1,1,4357.9025,4357.9025,4357.9025,4357.9025,4357.9025,0.0,87.240161,96.103726,96.103726,1.0,1,4398.56,40.6575,40.6575,40.6575,40.6575,False,False,False,False,False,prior_range_fraction::prev_range_0.125,4357.902500,1
2,2026-01-06,2026-01-05,L7,RANGE_NORMAL_60_120,CLOSE_POS_UPPER_THIRD,ROWS_STANDARD_9_10,REGIME_RANGE_CLOSE_ROWS,2,1,4367.1175,4367.1175,4367.1175,4367.1175,4367.1175,0.0,82.127007,94.184495,94.184495,0.5,2,4398.56,31.4425,31.4425,31.4425,31.4425,False,False,False,False,False,red_box_quarter::red_box_2_25pct,4367.117500,2
3,2026-01-06,2026-01-05,L7,RANGE_NORMAL_60_120,CLOSE_POS_UPPER_THIRD,ROWS_STANDARD_9_10,REGIME_RANGE_CLOSE_ROWS,4,1,4432.5825,4432.5825,4432.5825,4432.5825,4432.5825,0.0,80.456061,93.602404,93.602404,0.333333,3,4398.56,-34.0225,34.0225,34.0225,34.0225,False,False,False,False,False,green_box_quarter::green_box_2_25pct,4432.582500,3
4,2026-01-06,2026-01-05,L7,RANGE_NORMAL_60_120,CLOSE_POS_UPPER_THIRD,ROWS_STANDARD_9_10,REGIME_RANGE_CLOSE_ROWS,3,2,4384.85,4386.65052,4385.75026,4385.75026,4385.75026,1.80052,71.225297,76.223714,152.447429,0.45,4,4398.56,12.80974,12.80974,12.80974,12.80974,False,False,False,False,False,red_box_edge::red_edge_1 | prior_range_fraction::prev_range_0.382,4384.850000 | 4386.650520,4 | 5
1,2026-01-07,2026-01-06,L4,RANGE_NORMAL_60_120,CLOSE_POS_UPPER_THIRD,ROWS_STANDARD_9_10,REGIME_RANGE_CLOSE_ROWS,1,1,4474.16669,4474.16669,4474.16669,4474.16669,4474.16669,0.0,85.452375,93.021336,93.021336,1.0,1,4510.43,36.26331,36.26331,36.26331,36.26331,False,False,False,False,False,prior_range_fraction::prev_range_0.666667,4474.166690,1
2,2026-01-07,2026-01-06,L4,RANGE_NORMAL_60_120,CLOSE_POS_UPPER_THIRD,ROWS_STANDARD_9_10,REGIME_RANGE_CLOSE_ROWS,2,2,4479.985,4484.9625,4482.47375,4482.47375,4482.47375,4.9775,75.818684,83.676236,167.352472,0.833333,2,4510.43,27.95625,27.95625,27.95625,27.95625,False,False,False,False,False,prior_range_fraction::prev_range_0.75 | red_box_quarter::red_box_1_25pct,4479.985000 | 4484.962500,3 | 2
3,2026-01-07,2026-01-06,L4,RANGE_NORMAL_60_120,CLOSE_POS_UPPER_THIRD,ROWS_STANDARD_9_10,REGIME_RANGE_CLOSE_ROWS,3,1,4497.44,4497.44,4497.44,4497.44,4497.44,0.0,50.11375,42.4375,42.4375,0.25,4,4510.43,12.99,12.99,12.99,12.99,False,False,False,False,False,prior_hlc::previous_high,4497.440000,4
4,2026-01-07,2026-01-06,L4,RANGE_NORMAL_60_120,CLOSE_POS_UPPER_THIRD,ROWS_STANDARD_9_10,REGIME_RANGE_CLOSE_ROWS,4,1,4514.9625,4514.9625,4514.9625,4514.9625,4514.9625,0.0,46.633853,37.127332,37.127332,0.2,5,4510.43,-4.5325,4.5325,4.5325,4.5325,False,False,True,False,True,green_box_quarter::green_box_2_75pct,4514.962500,5
1,2026-01-07,2026-01-06,L5,RANGE_NORMAL_60_120,CLOSE_POS_UPPER_THIRD,ROWS_STANDARD_9_10,REGIME_RANGE_CLOSE_ROWS,3,2,4484.9625,4488.7125,4486.8375,4486.8375,4486.8375,3.75,84.255941,91.303347,182.606694,1.2,1,4491.87,5.0325,5.0325,5.0325,5.0325,False,False,False,False,True,red_box_quarter::red_box_1_25pct | prior_range_fraction::prev_range_0.875,4484.962500 | 4488.712500,1 | 5
2,2026-01-07,2026-01-06,L5,RANGE_NORMAL_60_120,CLOSE_POS_UPPER_THIRD,ROWS_STANDARD_9_10,REGIME_RANGE_CLOSE_ROWS,1,1,4462.53,4462.53,4462.53,4462.53,4462.53,0.0,81.503086,93.108769,93.108769,0.5,2,4491.87,29.34,29.34,29.34,29.34,False,False,False,False,False,prior_hlc::previous_mid,4462.530000,2
3,2026-01-07,2026-01-06,L5,RANGE_NORMAL_60_120,CLOSE_POS_UPPER_THIRD,ROWS_STANDARD_9_10,REGIME_RANGE_CLOSE_ROWS,4,1,4502.485,4502.485,4502.485,4502.485,4502.485,0.0,78.810756,90.765672,90.765672,0.333333,3,4491.87,-10.615,10.615,10.615,10.615,False,False,False,False,False,green_box_midline::green_mid_2,4502.485000,3
4,2026-01-07,2026-01-06,L5,RANGE_NORMAL_60_120,CLOSE_POS_UPPER_THIRD,ROWS_STANDARD_9_10,REGIME_RANGE_CLOSE_ROWS,2,1,4472.485,4472.485,4472.485,4472.485,4472.485,0.0,77.714987,90.02584,90.02584,0.25,4,4491.87,19.385,19.385,19.385,19.385,False,False,False,False,False,red_box_midline::red_mid_1,4472.485000,4
1,2026-01-07,2026-01-06,L6,RANGE_NORMAL_60_120,CLOSE_POS_UPPER_THIRD,ROWS_STANDARD_9_10,REGIME_RANGE_CLOSE_ROWS,1,2,4450.89331,4454.29124,4452.592275,4452.592275,4452.592275,3.39793,87.054864,93.75582,187.511641,1.333333,1,4475.3,22.707725,22.707725,22.707725,22.707725,False,False,False,False,False,prior_range_fraction::prev_range_0.333333 | prior_range_fraction::prev_range_0.382,4450.893310 | 4454.291240,3 | 1
2,2026-01-07,2026-01-06,L6,RANGE_NORMAL_60_120,CLOSE_POS_UPPER_THIRD,ROWS_STANDARD_9_10,REGIME_RANGE_CLOSE_ROWS,4,1,4474.16669,4474.16669,4474.16669,4474.16669,4474.16669,0.0,81.899154,93.791645,93.791645,0.5,2,4475.3,1.13331,1.13331,1.13331,1.13331,False,True,True,True,True,prior_range_fraction::prev_range_0.666667,4474.166690,2
3,2026-01-07,2026-01-06,L6,RANGE_NORMAL_60_120,CLOSE_POS_UPPER_THIRD,ROWS_STANDARD_9_10,REGIME_RANGE_CLOSE_ROWS,2,1,4460.0075,4460.0075,4460.0075,4460.0075,4460.0075,0.0,79.224123,92.627799,92.627799,0.25,4,4475.3,15.2925,15.2925,15.2925,15.2925,False,False,False,False,False,red_box_quarter::red_box_1_75pct,4460.007500,4
4,2026-01-07,2026-01-06,L6,RANGE_NORMAL_60_120,CLOSE_POS_UPPER_THIRD,ROWS_STANDARD_9_10,REGIME_RANGE_CLOSE_ROWS,3,1,4465.0525,4465.0525,4465.0525,4465.0525,4465.0525,0.0,77.989007,91.187943,91.187943,0.2,5,4475.3,10.2475,10.2475,10.2475,10.2475,False,False,False,False,False,green_box_quarter::green_box_1_75pct,4465.052500,5
1,2026-01-07,2026-01-06,L7,RANGE_NORMAL_60_120,CLOSE_POS_UPPER_THIRD,ROWS_STANDARD_9_10,REGIME_RANGE_CLOSE_ROWS,1,2,4435.0525,4436.3475,4435.7,4435.7,4435.7,1.295,91.004641,95.076278,190.152556,1.5,1,4455.74,20.04,20.04,20.04,20.04,False,False,False,False,False,red_box_quarter::red_box_2_25pct | prior_range_fraction::prev_range_0.125,4435.052500 | 4436.347500,2 | 1
2,2026-01-07,2026-01-06,L7,RANGE_NORMAL_60_120,CLOSE_POS_UPPER_THIRD,ROWS_STANDARD_9_10,REGIME_RANGE_CLOSE_ROWS,4,1,4490.0075,4490.0075,4490.0075,4490.0075,4490.0075,0.0,80.408201,93.519886,93.519886,0.333333,3,4455.74,-34.2675,34.2675,34.2675,34.2675,False,False,False,False,False,green_box_quarter::green_box_2_25pct,4490.007500,3
3,2026-01-07,2026-01-06,L7,RANGE_NORMAL_60_120,CLOSE_POS_UPPER_THIRD,ROWS_STANDARD_9_10,REGIME_RANGE_CLOSE_ROWS,3,1,4462.53,4462.53,4462.53,4462.53,4462.53,0.0,78.4395,91.275,91.275,0.25,4,4455.74,-6.79,6.79,6.79,6.79,False,False,False,False,False,prior_hlc::previous_mid,4462.530000,4
4,2026-01-07,2026-01-06,L7,RANGE_NORMAL_60_120,CLOSE_POS_UPPER_THIRD,ROWS_STANDARD_9_10,REGIME_RANGE_CLOSE_ROWS,2,1,4447.53,4447.53,4447.53,4447.53,4447.53,0.0,76.700886,88.967045,88.967045,0.2,5,4455.74,8.21,8.21,8.21,8.21,False,False,False,False,False,red_box_edge::red_edge_1,4447.530000,5
1,2026-01-08,2026-01-07,L4,RANGE_NORMAL_60_120,CLOSE_POS_MIDDLE_THIRD,ROWS_STANDARD_9_10,REGIME_RANGE_CLOSE_ROWS,3,1,4490.95375,4490.95375,4490.95375,4490.95375,4490.95375,0.0,79.622169,89.865809,89.865809,0.5,2,4494.25,3.29625,3.29625,3.29625,3.29625,False,False,True,False,True,prior_range_fraction::prev_range_0.875,4490.953750,2
2,2026-01-08,2026-01-07,L4,RANGE_NORMAL_60_120,CLOSE_POS_MIDDLE_THIRD,ROWS_STANDARD_9_10,REGIME_RANGE_CLOSE_ROWS,4,2,4500.59,4503.8175,4502.20375,4502.20375,4502.20375,3.2275,79.188873,81.774265,163.548529,1.2,1,4494.25,-7.95375,7.95375,7.95375,7.95375,False,False,False,False,False,prior_hlc::previous_high | green_box_midline::green_mid_2,4500.590000 | 4503.817500,5 | 1
3,2026-01-08,2026-01-07,L4,RANGE_NORMAL_60_120,CLOSE_POS_MIDDLE_THIRD,ROWS_STANDARD_9_10,REGIME_RANGE_CLOSE_ROWS,2,1,4477.045,4477.045,4477.045,4477.045,4477.045,0.0,78.016108,89.395588,89.395588,0.333333,3,4494.25,17.205,17.205,17.205,17.205,False,False,False,False,False,green_box_edge::green_edge_1,4477.045000,3
4,2026-01-08,2026-01-07,L4,RANGE_NORMAL_60_120,CLOSE_POS_MIDDLE_THIRD,ROWS_STANDARD_9_10,REGIME_RANGE_CLOSE_ROWS,1,1,4456.36,4456.36,4456.36,4456.36,4456.36,0.0,68.269029,73.739706,73.739706,0.25,4,4494.25,37.89,37.89,37.89,37.89,False,False,False,False,False,prior_hlc::previous_close,4456.360000,4
1,2026-01-08,2026-01-07,L5,RANGE_NORMAL_60_120,CLOSE_POS_MIDDLE_THIRD,ROWS_STANDARD_9_10,REGIME_RANGE_CLOSE_ROWS,2,3,4471.14162,4477.045,4474.09331,4474.001373,4473.8175,5.90338,86.491645,90.551642,271.654926,1.583333,1,4477.38,3.28669,3.28669,3.378627,3.5625,False,False,True,True,True,prior_range_fraction::prev_range_0.618 | red_box_midline::red_mid_1 | green_box_edge::green_edge_1,4471.141620 | 4473.817500 | 4477.045000,4 | 1 | 3
2,2026-01-08,2026-01-07,L5,RANGE_NORMAL_60_120,CLOSE_POS_MIDDLE_THIRD,ROWS_STANDARD_9_10,REGIME_RANGE_CLOSE_ROWS,1,2,4460.15,4460.43125,4460.290625,4460.290625,4460.290625,0.28125,82.590136,90.064889,180.129779,0.7,2,4477.38,17.089375,17.089375,17.089375,17.089375,False,False,False,False,False,prior_hlc::previous_pivot_hlc3 | red_box_quarter::red_box_1_75pct,4460.150000 | 4460.431250,2 | 5
1,2026-01-08,2026-01-07,L6,RANGE_NORMAL_60_120,CLOSE_POS_MIDDLE_THIRD,ROWS_STANDARD_9_10,REGIME_RANGE_CLOSE_ROWS,4,1,4462.045,4462.045,4462.045,4462.045,4462.045,0.0,85.409294,92.947059,92.947059,1.0,1,4457.79,-4.255,4.255,4.255,4.255,False,False,True,False,True,prior_hlc::previous_mid,4462.045000,1
2,2026-01-08,2026-01-07,L6,RANGE_NORMAL_60_120,CLOSE_POS_MIDDLE_THIRD,ROWS_STANDARD_9_10,REGIME_RANGE_CLOSE_ROWS,2,2,4442.7725,4447.045,4444.90875,4444.90875,4444.90875,4.2725,79.424847,89.973529,179.947058,0.75,2,4457.79,12.88125,12.88125,12.88125,12.88125,False,False,False,False,False,prior_range_fraction::prev_range_0.25 | red_box_edge::red_edge_1,4442.772500 | 4447.045000,4 | 2
3,2026-01-08,2026-01-07,L6,RANGE_NORMAL_60_120,CLOSE_POS_MIDDLE_THIRD,ROWS_STANDARD_9_10,REGIME_RANGE_CLOSE_ROWS,3,1,4452.94838,4452.94838,4452.94838,4452.94838,4452.94838,0.0,77.764989,88.962624,88.962624,0.333333,3,4457.79,4.84162,4.84162,4.84162,4.84162,False,False,True,False,True,prior_range_fraction::prev_range_0.382,4452.948380,3
4,2026-01-08,2026-01-07,L6,RANGE_NORMAL_60_120,CLOSE_POS_MIDDLE_THIRD,ROWS_STANDARD_9_10,REGIME_RANGE_CLOSE_ROWS,1,1,4420.2725,4420.2725,4420.2725,4420.2725,4420.2725,0.0,67.220154,72.620956,72.620956,0.2,5,4457.79,37.5175,37.5175,37.5175,37.5175,False,False,False,False,False,red_box_midline::red_mid_2,4420.272500,5
1,2026-01-08,2026-01-07,L7,RANGE_NORMAL_60_120,CLOSE_POS_MIDDLE_THIRD,ROWS_STANDARD_9_10,REGIME_RANGE_CLOSE_ROWS,5,1,4447.045,4447.045,4447.045,4447.045,4447.045,0.0,86.161429,94.243843,94.243843,1.0,1,4438.21,-8.835,8.835,8.835,8.835,False,False,False,False,False,red_box_edge::red_edge_1,4447.045000,1
2,2026-01-08,2026-01-07,L7,RANGE_NORMAL_60_120,CLOSE_POS_MIDDLE_THIRD,ROWS_STANDARD_9_10,REGIME_RANGE_CLOSE_ROWS,4,1,4433.65875,4433.65875,4433.65875,4433.65875,4433.65875,0.0,80.550441,91.466278,91.466278,0.5,2,4438.21,4.55125,4.55125,4.55125,4.55125,False,False,True,False,True,red_box_quarter::red_box_2_25pct,4433.658750,2
3,2026-01-08,2026-01-07,L7,RANGE_NORMAL_60_120,CLOSE_POS_MIDDLE_THIRD,ROWS_STANDARD_9_10,REGIME_RANGE_CLOSE_ROWS,3,1,4423.5,4423.5,4423.5,4423.5,4423.5,0.0,77.183077,87.959328,87.959328,0.333333,3,4438.21,14.71,14.71,14.71,14.71,False,False,False,False,False,prior_hlc::previous_low,4423.500000,3
4,2026-01-08,2026-01-07,L7,RANGE_NORMAL_60_120,CLOSE_POS_MIDDLE_THIRD,ROWS_STANDARD_9_10,REGIME_RANGE_CLOSE_ROWS,1,1,4393.5,4393.5,4393.5,4393.5,4393.5,0.0,57.459731,55.102985,55.102985,0.25,4,4438.21,44.71,44.71,44.71,44.71,False,False,False,False,False,red_box_edge::red_edge_2,4393.500000,4
5,2026-01-08,2026-01-07,L7,RANGE_NORMAL_60_120,CLOSE_POS_MIDDLE_THIRD,ROWS_STANDARD_9_10,REGIME_RANGE_CLOSE_ROWS,2,1,4406.88625,4406.88625,4406.88625,4406.88625,4406.88625,0.0,48.127109,39.701912,39.701912,0.2,5,4438.21,31.32375,31.32375,31.32375,31.32375,False,False,False,False,False,red_box_quarter::red_box_2_75pct,4406.886250,5
1,2026-01-09,2026-01-08,L4,RANGE_NORMAL_60_120,CLOSE_POS_UPPER_THIRD,ROWS_STANDARD_9_10,REGIME_RANGE_CLOSE_ROWS,1,1,4455.546691,4455.546691,4455.546691,4455.546691,4455.546691,0.0,85.372583,92.883763,92.883763,1.0,1,4487.52,31.973309,31.973309,31.973309,31.973309,False,False,False,False,False,prior_range_fraction::prev_range_0.666667,4455.546691,1
2,2026-01-09,2026-01-08,L4,RANGE_NORMAL_60_120,CLOSE_POS_UPPER_THIRD,ROWS_STANDARD_9_10,REGIME_RANGE_CLOSE_ROWS,3,1,4466.73,4466.73,4466.73,4466.73,4466.73,0.0,77.404351,86.041984,86.041984,0.5,2,4487.52,20.79,20.79,20.79,20.79,False,False,False,False,False,red_box_quarter::red_box_1_25pct,4466.730000,2
3,2026-01-09,2026-01-08,L4,RANGE_NORMAL_60_120,CLOSE_POS_UPPER_THIRD,ROWS_STANDARD_9_10,REGIME_RANGE_CLOSE_ROWS,2,1,4461.52,4461.52,4461.52,4461.52,4461.52,0.0,73.295134,81.255978,81.255978,0.333333,3,4487.52,26.0,26.0,26.0,26.0,False,False,False,False,False,prior_range_fraction::prev_range_0.75,4461.520000,3
4,2026-01-09,2026-01-08,L4,RANGE_NORMAL_60_120,CLOSE_POS_UPPER_THIRD,ROWS_STANDARD_9_10,REGIME_RANGE_CLOSE_ROWS,4,1,4479.44,4479.44,4479.44,4479.44,4479.44,0.0,50.01288,42.263587,42.263587,0.25,4,4487.52,8.08,8.08,8.08,8.08,False,False,False,False,False,prior_hlc::previous_high,4479.440000,4
5,2026-01-09,2026-01-08,L4,RANGE_NORMAL_60_120,CLOSE_POS_UPPER_THIRD,ROWS_STANDARD_9_10,REGIME_RANGE_CLOSE_ROWS,5,1,4496.73,4496.73,4496.73,4496.73,4496.73,0.0,48.70269,40.694293,40.694293,0.2,5,4487.52,-9.21,9.21,9.21,9.21,False,False,False,False,False,green_box_quarter::green_box_2_75pct,4496.730000,5
1,2026-01-09,2026-01-08,L5,RANGE_NORMAL_60_120,CLOSE_POS_UPPER_THIRD,ROWS_STANDARD_9_10,REGIME_RANGE_CLOSE_ROWS,3,2,4466.73,4471.31,4469.02,4469.02,4469.02,4.58,83.745651,91.682846,183.365692,1.2,1,4468.29,-0.73,0.73,0.73,0.73,True,True,True,True,True,red_box_quarter::red_box_1_25pct | green_box_quarter::green_box_2_25pct,4466.730000 | 4471.310000,1 | 5
2,2026-01-09,2026-01-08,L5,RANGE_NORMAL_60_120,CLOSE_POS_UPPER_THIRD,ROWS_STANDARD_9_10,REGIME_RANGE_CLOSE_ROWS,1,1,4443.6,4443.6,4443.6,4443.6,4443.6,0.0,81.423294,92.971196,92.971196,0.5,2,4468.29,24.69,24.69,24.69,24.69,False,False,False,False,False,prior_hlc::previous_mid,4443.600000,2
3,2026-01-09,2026-01-08,L5,RANGE_NORMAL_60_120,CLOSE_POS_UPPER_THIRD,ROWS_STANDARD_9_10,REGIME_RANGE_CLOSE_ROWS,4,1,4484.02,4484.02,4484.02,4484.02,4484.02,0.0,78.76258,90.682609,90.682609,0.333333,3,4468.29,-15.73,15.73,15.73,15.73,False,False,False,False,False,green_box_midline::green_mid_2,4484.020000,3
4,2026-01-09,2026-01-08,L5,RANGE_NORMAL_60_120,CLOSE_POS_UPPER_THIRD,ROWS_STANDARD_9_10,REGIME_RANGE_CLOSE_ROWS,2,1,4454.02,4454.02,4454.02,4454.02,4454.02,0.0,77.654766,89.922011,89.922011,0.25,4,4468.29,14.27,14.27,14.27,14.27,False,False,False,False,False,red_box_midline::red_mid_1,4454.020000,4
1,2026-01-09,2026-01-08,L6,RANGE_NORMAL_60_120,CLOSE_POS_UPPER_THIRD,ROWS_STANDARD_9_10,REGIME_RANGE_CLOSE_ROWS,3,1,4455.546691,4455.546691,4455.546691,4455.546691,4455.546691,0.0,86.356265,94.579768,94.579768,1.0,1,4447.13,-8.416691,8.416691,8.416691,8.416691,False,False,False,False,False,prior_range_fraction::prev_range_0.666667,4455.546691,1
2,2026-01-09,2026-01-08,L6,RANGE_NORMAL_60_120,CLOSE_POS_UPPER_THIRD,ROWS_STANDARD_9_10,REGIME_RANGE_CLOSE_ROWS,1,2,4431.653309,4435.14176,4433.397534,4433.397534,4433.397534,3.488451,82.905199,93.63512,187.270239,0.833333,2,4447.13,13.732466,13.732466,13.732466,13.732466,False,False,False,False,False,prior_range_fraction::prev_range_0.333333 | prior_range_fraction::prev_range_0.382,4431.653309 | 4435.141760,3 | 2
3,2026-01-09,2026-01-08,L6,RANGE_NORMAL_60_120,CLOSE_POS_UPPER_THIRD,ROWS_STANDARD_9_10,REGIME_RANGE_CLOSE_ROWS,2,2,4441.31,4445.89,4443.6,4443.6,4443.6,4.58,77.815944,91.804042,183.608084,0.45,4,4447.13,3.53,3.53,3.53,3.53,False,False,True,True,True,red_box_quarter::red_box_1_75pct | green_box_quarter::green_box_1_75pct,4441.310000 | 4445.890000,4 | 5
1,2026-01-09,2026-01-08,L7,RANGE_NORMAL_60_120,CLOSE_POS_UPPER_THIRD,ROWS_STANDARD_9_10,REGIME_RANGE_CLOSE_ROWS,1,2,4415.89,4416.72,4416.305,4416.305,4416.305,0.83,91.338627,94.946599,189.893198,1.5,1,4426.62,10.315,10.315,10.315,10.315,False,False,False,False,False,red_box_quarter::red_box_2_25pct | prior_range_fraction::prev_range_0.125,4415.890000 | 4416.720000,2 | 1
2,2026-01-09,2026-01-08,L7,RANGE_NORMAL_60_120,CLOSE_POS_UPPER_THIRD,ROWS_STANDARD_9_10,REGIME_RANGE_CLOSE_ROWS,4,1,4471.31,4471.31,4471.31,4471.31,4471.31,0.0,80.316703,93.362132,93.362132,0.333333,3,4426.62,-44.69,44.69,44.69,44.69,False,False,False,False,False,green_box_quarter::green_box_2_25pct,4471.310000,3
3,2026-01-09,2026-01-08,L7,RANGE_NORMAL_60_120,CLOSE_POS_UPPER_THIRD,ROWS_STANDARD_9_10,REGIME_RANGE_CLOSE_ROWS,3,1,4443.6,4443.6,4443.6,4443.6,4443.6,0.0,78.337147,91.098529,91.098529,0.25,4,4426.62,-16.98,16.98,16.98,16.98,False,False,False,False,False,prior_hlc::previous_mid,4443.600000,4
4,2026-01-09,2026-01-08,L7,RANGE_NORMAL_60_120,CLOSE_POS_UPPER_THIRD,ROWS_STANDARD_9_10,REGIME_RANGE_CLOSE_ROWS,2,1,4428.6,4428.6,4428.6,4428.6,4428.6,0.0,76.659015,88.894853,88.894853,0.2,5,4426.62,-1.98,1.98,1.98,1.98,False,True,True,True,True,red_box_edge::red_edge_1,4428.600000,5
1,2026-01-12,2026-01-09,L4,RANGE_NORMAL_60_120,CLOSE_POS_UPPER_THIRD,ROWS_STANDARD_9_10,REGIME_RANGE_CLOSE_ROWS,1,1,4495.753355,4495.753355,4495.753355,4495.753355,4495.753355,0.0,85.334396,92.817925,92.817925,1.0,1,4544.9,49.146645,49.146645,49.146645,49.146645,False,False,False,False,False,prior_range_fraction::prev_range_0.666667,4495.753355,1
2,2026-01-12,2026-01-09,L4,RANGE_NORMAL_60_120,CLOSE_POS_UPPER_THIRD,ROWS_STANDARD_9_10,REGIME_RANGE_CLOSE_ROWS,2,2,4501.1025,4505.37625,4503.239375,4503.239375,4503.239375,4.27375,76.41461,83.635938,167.271875,0.833333,2,4544.9,41.660625,41.660625,41.660625,41.660625,False,False,False,False,False,prior_range_fraction::prev_range_0.75 | red_box_quarter::red_box_1_25pct,4501.102500 | 4505.376250,3 | 2
3,2026-01-12,2026-01-09,L4,RANGE_NORMAL_60_120,CLOSE_POS_UPPER_THIRD,ROWS_STANDARD_9_10,REGIME_RANGE_CLOSE_ROWS,3,1,4517.15,4517.15,4517.15,4517.15,4517.15,0.0,49.964607,42.180357,42.180357,0.25,4,4544.9,27.75,27.75,27.75,27.75,False,False,False,False,False,prior_hlc::previous_high,4517.150000,4
4,2026-01-12,2026-01-09,L4,RANGE_NORMAL_60_120,CLOSE_POS_UPPER_THIRD,ROWS_STANDARD_9_10,REGIME_RANGE_CLOSE_ROWS,4,1,4523.6025,4523.6025,4523.6025,4523.6025,4523.6025,0.0,49.315,41.75,41.75,0.2,5,4544.9,21.2975,21.2975,21.2975,21.2975,False,False,False,False,False,green_box_midline::green_mid_2,4523.602500,5
1,2026-01-12,2026-01-09,L5,RANGE_NORMAL_60_120,CLOSE_POS_UPPER_THIRD,ROWS_STANDARD_9_10,REGIME_RANGE_CLOSE_ROWS,3,1,4505.37625,4505.37625,4505.37625,4505.37625,4505.37625,0.0,86.431437,94.709375,94.709375,1.0,1,4528.66,23.28375,23.28375,23.28375,23.28375,False,False,False,False,False,red_box_quarter::red_box_1_25pct,4505.376250,1
2,2026-01-12,2026-01-09,L5,RANGE_NORMAL_60_120,CLOSE_POS_UPPER_THIRD,ROWS_STANDARD_9_10,REGIME_RANGE_CLOSE_ROWS,1,1,4485.055,4485.055,4485.055,4485.055,4485.055,0.0,81.385107,92.905357,92.905357,0.5,2,4528.66,43.605,43.605,43.605,43.605,False,False,False,False,False,prior_hlc::previous_mid,4485.055000,2
3,2026-01-12,2026-01-09,L5,RANGE_NORMAL_60_120,CLOSE_POS_UPPER_THIRD,ROWS_STANDARD_9_10,REGIME_RANGE_CLOSE_ROWS,5,1,4523.6025,4523.6025,4523.6025,4523.6025,4523.6025,0.0,78.739524,90.642857,90.642857,0.333333,3,4528.66,5.0575,5.0575,5.0575,5.0575,False,False,False,False,False,green_box_midline::green_mid_2,4523.602500,3
4,2026-01-12,2026-01-09,L5,RANGE_NORMAL_60_120,CLOSE_POS_UPPER_THIRD,ROWS_STANDARD_9_10,REGIME_RANGE_CLOSE_ROWS,2,1,4493.6025,4493.6025,4493.6025,4493.6025,4493.6025,0.0,77.625946,89.872321,89.872321,0.25,4,4528.66,35.0575,35.0575,35.0575,35.0575,False,False,False,False,False,red_box_midline::red_mid_1,4493.602500,4
5,2026-01-12,2026-01-09,L5,RANGE_NORMAL_60_120,CLOSE_POS_UPPER_THIRD,ROWS_STANDARD_9_10,REGIME_RANGE_CLOSE_ROWS,4,1,4511.82875,4511.82875,4511.82875,4511.82875,4511.82875,0.0,77.109946,89.672321,89.672321,0.2,5,4528.66,16.83125,16.83125,16.83125,16.83125,False,False,False,False,False,green_box_quarter::green_box_2_25pct,4511.828750,5
1,2026-01-12,2026-01-09,L6,RANGE_NORMAL_60_120,CLOSE_POS_UPPER_THIRD,ROWS_STANDARD_9_10,REGIME_RANGE_CLOSE_ROWS,3,1,4495.753355,4495.753355,4495.753355,4495.753355,4495.753355,0.0,86.307272,94.495296,94.495296,1.0,1,4511.6,15.846645,15.846645,15.846645,15.846645,False,False,False,False,False,prior_range_fraction::prev_range_0.666667,4495.753355,1
2,2026-01-12,2026-01-09,L6,RANGE_NORMAL_60_120,CLOSE_POS_UPPER_THIRD,ROWS_STANDARD_9_10,REGIME_RANGE_CLOSE_ROWS,2,1,4488.28125,4488.28125,4488.28125,4488.28125,4488.28125,0.0,82.252,94.4,94.4,0.5,2,4511.6,23.31875,23.31875,23.31875,23.31875,False,False,False,False,False,green_box_quarter::green_box_1_75pct,4488.281250,2
3,2026-01-12,2026-01-09,L6,RANGE_NORMAL_60_120,CLOSE_POS_UPPER_THIRD,ROWS_STANDARD_9_10,REGIME_RANGE_CLOSE_ROWS,1,3,4474.356645,4481.82875,4478.092698,4477.888658,4477.48058,7.472105,80.249851,93.204547,279.61364,0.783333,3,4511.6,33.507303,33.507303,33.711342,34.11942,False,False,False,False,False,prior_range_fraction::prev_range_0.333333 | prior_range_fraction::prev_range_0.382 | red_box_quarter::red_box_1_75pct,4474.356645 | 4477.480580 | 4481.828750,4 | 3 | 5
1,2026-01-12,2026-01-09,L7,RANGE_NORMAL_60_120,CLOSE_POS_UPPER_THIRD,ROWS_STANDARD_9_10,REGIME_RANGE_CLOSE_ROWS,1,2,4458.28125,4460.98375,4459.6325,4459.6325,4459.6325,2.7025,89.654856,94.884579,189.769157,1.5,1,4491.48,31.8475,31.8475,31.8475,31.8475,False,False,False,False,False,red_box_quarter::red_box_2_25pct | prior_range_fraction::prev_range_0.125,4458.281250 | 4460.983750,2 | 1
2,2026-01-12,2026-01-09,L7,RANGE_NORMAL_60_120,CLOSE_POS_UPPER_THIRD,ROWS_STANDARD_9_10,REGIME_RANGE_CLOSE_ROWS,4,1,4511.82875,4511.82875,4511.82875,4511.82875,4511.82875,0.0,80.272944,93.286685,93.286685,0.333333,3,4491.48,-20.34875,20.34875,20.34875,20.34875,False,False,False,False,False,green_box_quarter::green_box_2_25pct,4511.828750,3
3,2026-01-12,2026-01-09,L7,RANGE_NORMAL_60_120,CLOSE_POS_UPPER_THIRD,ROWS_STANDARD_9_10,REGIME_RANGE_CLOSE_ROWS,2,1,4469.0075,4469.0075,4469.0075,4469.0075,4469.0075,0.0,78.947,92.15,92.15,0.25,4,4491.48,22.4725,22.4725,22.4725,22.4725,False,False,False,False,False,prior_range_fraction::prev_range_0.25,4469.007500,4
4,2026-01-12,2026-01-09,L7,RANGE_NORMAL_60_120,CLOSE_POS_UPPER_THIRD,ROWS_STANDARD_9_10,REGIME_RANGE_CLOSE_ROWS,3,1,4485.055,4485.055,4485.055,4485.055,4485.055,0.0,77.888195,91.01413,91.01413,0.2,5,4491.48,6.425,6.425,6.425,6.425,False,False,False,False,False,prior_hlc::previous_mid,4485.055000,5
1,2026-01-13,2026-01-12,L4,RANGE_NORMAL_60_120,CLOSE_POS_UPPER_THIRD,ROWS_SPARSE_1_8,REGIME_RANGE_CLOSE_ROWS,1,1,4586.315,4586.315,4586.315,4586.315,4586.315,0.0,85.517095,93.132923,93.132923,1.0,1,4600.74,14.425,14.425,14.425,14.425,False,False,False,False,False,green_box_edge::green_edge_1,4586.315000,1
2,2026-01-13,2026-01-12,L4,RANGE_NORMAL_60_120,CLOSE_POS_UPPER_THIRD,ROWS_SPARSE_1_8,REGIME_RANGE_CLOSE_ROWS,2,2,4597.38,4600.7725,4599.07625,4599.07625,4599.07625,3.3925,64.224851,61.282042,122.564084,0.833333,2,4600.74,1.66375,1.66375,1.66375,1.66375,True,True,True,True,True,prior_hlc::previous_close | prior_range_fraction::prev_range_0.75,4597.380000 | 4600.772500,3 | 2
1,2026-01-13,2026-01-12,L5,RANGE_NORMAL_60_120,CLOSE_POS_UPPER_THIRD,ROWS_SPARSE_1_8,REGIME_RANGE_CLOSE_ROWS,1,1,4567.83625,4567.83625,4567.83625,4567.83625,4567.83625,0.0,85.424658,92.973548,92.973548,1.0,1,4572.9,5.06375,5.06375,5.06375,5.06375,False,False,False,False,False,green_box_quarter::green_box_1_75pct,4567.836250,1
2,2026-01-13,2026-01-12,L5,RANGE_NORMAL_60_120,CLOSE_POS_UPPER_THIRD,ROWS_SPARSE_1_8,REGIME_RANGE_CLOSE_ROWS,2,1,4574.79375,4574.79375,4574.79375,4574.79375,4574.79375,0.0,78.658348,88.204049,88.204049,0.5,2,4572.9,-1.89375,1.89375,1.89375,1.89375,False,True,True,True,True,red_box_quarter::red_box_1_75pct,4574.793750,2
3,2026-01-13,2026-01-12,L5,RANGE_NORMAL_60_120,CLOSE_POS_UPPER_THIRD,ROWS_SPARSE_1_8,REGIME_RANGE_CLOSE_ROWS,3,1,4600.7725,4600.7725,4600.7725,4600.7725,4600.7725,0.0,68.487112,72.966285,72.966285,0.333333,3,4572.9,-27.8725,27.8725,27.8725,27.8725,False,False,False,False,False,prior_range_fraction::prev_range_0.75,4600.772500,3
1,2026-01-13,2026-01-12,L6,RANGE_NORMAL_60_120,CLOSE_POS_UPPER_THIRD,ROWS_SPARSE_1_8,REGIME_RANGE_CLOSE_ROWS,2,1,4549.3575,4549.3575,4549.3575,4549.3575,4549.3575,0.0,84.83922,91.964173,91.964173,1.0,1,4546.29,-3.0675,3.0675,3.0675,3.0675,False,False,True,False,True,green_box_midline::green_mid_1,4549.357500,1
2,2026-01-13,2026-01-12,L6,RANGE_NORMAL_60_120,CLOSE_POS_UPPER_THIRD,ROWS_SPARSE_1_8,REGIME_RANGE_CLOSE_ROWS,3,1,4567.83625,4567.83625,4567.83625,4567.83625,4567.83625,0.0,78.808633,88.46316,88.46316,0.5,2,4546.29,-21.54625,21.54625,21.54625,21.54625,False,False,False,False,False,green_box_quarter::green_box_1_75pct,4567.836250,2
3,2026-01-13,2026-01-12,L6,RANGE_NORMAL_60_120,CLOSE_POS_UPPER_THIRD,ROWS_SPARSE_1_8,REGIME_RANGE_CLOSE_ROWS,1,1,4541.8575,4541.8575,4541.8575,4541.8575,4541.8575,0.0,76.694265,87.116549,87.116549,0.333333,3,4546.29,4.4325,4.4325,4.4325,4.4325,False,False,True,False,True,prior_range_fraction::prev_range_0.25,4541.857500,3
1,2026-01-13,2026-01-12,L7,RANGE_NORMAL_60_120,CLOSE_POS_UPPER_THIRD,ROWS_SPARSE_1_8,REGIME_RANGE_CLOSE_ROWS,2,1,4512.4,4512.4,4512.4,4512.4,4512.4,0.0,80.2925,84.125,84.125,1.0,1,4518.09,5.69,5.69,5.69,5.69,False,False,False,False,False,prior_hlc::previous_low,4512.400000,1
2,2026-01-13,2026-01-12,L7,RANGE_NORMAL_60_120,CLOSE_POS_UPPER_THIRD,ROWS_SPARSE_1_8,REGIME_RANGE_CLOSE_ROWS,1,1,4334.57,4334.57,4334.57,4334.57,4334.57,0.0,28.618571,1.928571,1.928571,0.5,2,4518.09,183.52,183.52,183.52,183.52,False,False,False,False,False,red_box_edge::red_edge_4,4334.570000,2
1,2026-01-14,2026-01-13,L4,RANGE_NORMAL_60_120,CLOSE_POS_LOWER_THIRD,ROWS_STANDARD_9_10,REGIME_RANGE_CLOSE_ROWS,1,1,4605.32625,4605.32625,4605.32625,4605.32625,4605.32625,0.0,82.072979,87.194792,87.194792,1.0,1,4597.86,-7.46625,7.46625,7.46625,7.46625,False,False,False,False,False,green_box_quarter::green_box_1_75pct,4605.326250,1
2,2026-01-14,2026-01-13,L4,RANGE_NORMAL_60_120,CLOSE_POS_LOWER_THIRD,ROWS_STANDARD_9_10,REGIME_RANGE_CLOSE_ROWS,2,1,4610.9325,4610.9325,4610.9325,4610.9325,4610.9325,0.0,51.812875,41.91875,41.91875,0.5,2,4597.86,-13.0725,13.0725,13.0725,13.0725,False,False,False,False,False,red_box_midline::red_mid_1,4610.932500,2
1,2026-01-14,2026-01-13,L5,RANGE_NORMAL_60_120,CLOSE_POS_LOWER_THIRD,ROWS_STANDARD_9_10,REGIME_RANGE_CLOSE_ROWS,1,2,4593.4575,4596.896667,4595.177084,4595.177084,4595.177084,3.439167,82.301429,83.323959,166.647917,1.5,1,4575.27,-19.907084,19.907084,19.907084,19.907084,False,False,False,False,False,green_box_midline::green_mid_1 | prior_hlc::previous_pivot_hlc3,4593.457500 | 4596.896667,1 | 2
1,2026-01-14,2026-01-13,L6,RANGE_NORMAL_60_120,CLOSE_POS_LOWER_THIRD,ROWS_STANDARD_9_10,REGIME_RANGE_CLOSE_ROWS,1,1,4575.32625,4575.32625,4575.32625,4575.32625,4575.32625,0.0,85.423687,92.971875,92.971875,1.0,1,4546.5,-28.82625,28.82625,28.82625,28.82625,False,False,False,False,False,red_box_quarter::red_box_2_25pct,4575.326250,1
2,2026-01-14,2026-01-13,L6,RANGE_NORMAL_60_120,CLOSE_POS_LOWER_THIRD,ROWS_STANDARD_9_10,REGIME_RANGE_CLOSE_ROWS,2,1,4581.58875,4581.58875,4581.58875,4581.58875,4581.58875,0.0,78.109229,87.257292,87.257292,0.5,2,4546.5,-35.08875,35.08875,35.08875,35.08875,False,False,False,False,False,green_box_quarter::green_box_1_25pct,4581.588750,2
1,2026-01-14,2026-01-13,L7,RANGE_NORMAL_60_120,CLOSE_POS_LOWER_THIRD,ROWS_STANDARD_9_10,REGIME_RANGE_CLOSE_ROWS,1,1,4569.72,4569.72,4569.72,4569.72,4569.72,0.0,62.873916,54.092958,54.092958,1.0,1,4519.14,-50.58,50.58,50.58,50.58,False,False,False,False,False,prior_hlc::previous_low,4569.720000,1
1,2026-01-15,2026-01-14,L4,RANGE_COMPRESSED_0_60,CLOSE_POS_UPPER_THIRD,ROWS_SPARSE_1_8,REGIME_RANGE_CLOSE_ROWS,1,3,4619.29,4624.790018,4622.040009,4621.427506,4620.2025,5.500018,86.313493,89.632487,268.89746,1.583333,1,4597.72,-24.320009,24.320009,23.707506,22.4825,False,False,False,False,False,prior_hlc::previous_pivot_hlc3 | green_box_quarter::green_box_1_75pct | prior_range_fraction::prev_range_0.666667,4619.290000 | 4620.202500 | 4624.790018,4 | 1 | 3
2,2026-01-15,2026-01-14,L4,RANGE_COMPRESSED_0_60,CLOSE_POS_UPPER_THIRD,ROWS_SPARSE_1_8,REGIME_RANGE_CLOSE_ROWS,2,1,4636.1025,4636.1025,4636.1025,4636.1025,4636.1025,0.0,79.901858,90.348031,90.348031,0.5,2,4597.72,-38.3825,38.3825,38.3825,38.3825,False,False,False,False,False,prior_range_fraction::prev_range_0.875,4636.102500,2
1,2026-01-15,2026-01-14,L5,RANGE_COMPRESSED_0_60,CLOSE_POS_UPPER_THIRD,ROWS_SPARSE_1_8,REGIME_RANGE_CLOSE_ROWS,1,3,4599.1275,4602.165,4600.64625,4600.6775,4600.74,3.0375,90.131426,90.180044,270.540132,1.75,1,4574.22,-26.42625,26.42625,26.4575,26.52,False,False,False,False,False,green_box_quarter::green_box_1_25pct | red_box_edge::red_edge_1 | prior_range_fraction::prev_range_0.25,4599.127500 | 4600.740000 | 4602.165000,1 | 2 | 4
2,2026-01-15,2026-01-14,L5,RANGE_COMPRESSED_0_60,CLOSE_POS_UPPER_THIRD,ROWS_SPARSE_1_8,REGIME_RANGE_CLOSE_ROWS,2,1,4615.74,4615.74,4615.74,4615.74,4615.74,0.0,78.1299,89.591781,89.591781,0.333333,3,4574.22,-41.52,41.52,41.52,41.52,False,False,False,False,False,prior_hlc::previous_mid,4615.740000,3
1,2026-01-15,2026-01-14,L6,RANGE_COMPRESSED_0_60,CLOSE_POS_UPPER_THIRD,ROWS_SPARSE_1_8,REGIME_RANGE_CLOSE_ROWS,1,1,4579.665,4579.665,4579.665,4579.665,4579.665,0.0,86.811467,95.364598,95.364598,1.0,1,4549.19,-30.475,30.475,30.475,30.475,False,False,False,False,False,red_box_midline::red_mid_2,4579.665000,1
2,2026-01-15,2026-01-14,L6,RANGE_COMPRESSED_0_60,CLOSE_POS_UPPER_THIRD,ROWS_SPARSE_1_8,REGIME_RANGE_CLOSE_ROWS,2,1,4590.2025,4590.2025,4590.2025,4590.2025,4590.2025,0.0,71.462858,75.798031,75.798031,0.5,2,4549.19,-41.0125,41.0125,41.0125,41.0125,False,False,False,False,False,red_box_quarter::red_box_2_25pct,4590.202500,2
1,2026-01-15,2026-01-14,L7,RANGE_COMPRESSED_0_60,CLOSE_POS_UPPER_THIRD,ROWS_SPARSE_1_8,REGIME_RANGE_CLOSE_ROWS,1,1,4558.59,4558.59,4558.59,4558.59,4558.59,0.0,81.914083,86.920833,86.920833,1.0,1,4516.94,-41.65,41.65,41.65,41.65,False,False,False,False,False,red_box_edge::red_edge_2,4558.590000,1
2,2026-01-15,2026-01-14,L7,RANGE_COMPRESSED_0_60,CLOSE_POS_UPPER_THIRD,ROWS_SPARSE_1_8,REGIME_RANGE_CLOSE_ROWS,2,1,4569.1275,4569.1275,4569.1275,4569.1275,4569.1275,0.0,72.417375,77.44375,77.44375,0.5,2,4516.94,-52.1875,52.1875,52.1875,52.1875,False,False,False,False,False,red_box_quarter::red_box_2_75pct,4569.127500,2
1,2026-01-16,2026-01-15,L4,RANGE_COMPRESSED_0_60,CLOSE_POS_UPPER_THIRD,ROWS_SPARSE_1_8,REGIME_RANGE_CLOSE_ROWS,2,3,4609.83,4615.42335,4612.626675,4612.316533,4611.69625,5.59335,85.142362,89.593983,268.781948,1.45,1,4618.64,6.013325,6.013325,6.323467,6.94375,False,False,False,False,True,prior_hlc::previous_pivot_hlc3 | green_box_quarter::green_box_1_75pct | prior_range_fraction::prev_range_0.666667,4609.830000 | 4611.696250 | 4615.423350,5 | 1 | 4
2,2026-01-16,2026-01-15,L4,RANGE_COMPRESSED_0_60,CLOSE_POS_UPPER_THIRD,ROWS_SPARSE_1_8,REGIME_RANGE_CLOSE_ROWS,1,1,4591.35875,4591.35875,4591.35875,4591.35875,4591.35875,0.0,80.269125,90.98125,90.98125,0.5,2,4618.64,27.28125,27.28125,27.28125,27.28125,False,False,False,False,False,green_box_quarter::green_box_1_25pct,4591.358750,2
3,2026-01-16,2026-01-15,L4,RANGE_COMPRESSED_0_60,CLOSE_POS_UPPER_THIRD,ROWS_SPARSE_1_8,REGIME_RANGE_CLOSE_ROWS,3,1,4626.12125,4626.12125,4626.12125,4626.12125,4626.12125,0.0,78.53567,90.291385,90.291385,0.333333,3,4618.64,-7.48125,7.48125,7.48125,7.48125,False,False,False,False,False,prior_range_fraction::prev_range_0.875,4626.121250,3
1,2026-01-16,2026-01-15,L5,RANGE_COMPRESSED_0_60,CLOSE_POS_UPPER_THIRD,ROWS_SPARSE_1_8,REGIME_RANGE_CLOSE_ROWS,2,3,4591.35875,4594.0275,4592.693125,4592.417083,4591.865,2.66875,90.433593,90.14154,270.42462,1.75,1,4591.17,-1.523125,1.523125,1.247083,0.695,False,True,True,True,True,green_box_quarter::green_box_1_25pct | red_box_edge::red_edge_1 | prior_range_fraction::prev_range_0.25,4591.358750 | 4591.865000 | 4594.027500,1 | 2 | 4
2,2026-01-16,2026-01-15,L5,RANGE_COMPRESSED_0_60,CLOSE_POS_UPPER_THIRD,ROWS_SPARSE_1_8,REGIME_RANGE_CLOSE_ROWS,3,1,4606.865,4606.865,4606.865,4606.865,4606.865,0.0,78.097045,89.535135,89.535135,0.333333,3,4591.17,-15.695,15.695,15.695,15.695,False,False,False,False,False,prior_hlc::previous_mid,4606.865000,3
3,2026-01-16,2026-01-15,L5,RANGE_COMPRESSED_0_60,CLOSE_POS_UPPER_THIRD,ROWS_SPARSE_1_8,REGIME_RANGE_CLOSE_ROWS,1,1,4561.35875,4561.35875,4561.35875,4561.35875,4561.35875,0.0,36.565875,19.76875,19.76875,0.2,5,4591.17,29.81125,29.81125,29.81125,29.81125,False,False,False,False,False,red_box_quarter::red_box_2_75pct,4561.358750,5
1,2026-01-16,2026-01-15,L6,RANGE_COMPRESSED_0_60,CLOSE_POS_UPPER_THIRD,ROWS_SPARSE_1_8,REGIME_RANGE_CLOSE_ROWS,2,1,4571.5275,4571.5275,4571.5275,4571.5275,4571.5275,0.0,86.777968,95.306841,95.306841,1.0,1,4566.81,-4.7175,4.7175,4.7175,4.7175,False,False,True,False,True,red_box_midline::red_mid_2,4571.527500,1
2,2026-01-16,2026-01-15,L6,RANGE_COMPRESSED_0_60,CLOSE_POS_UPPER_THIRD,ROWS_SPARSE_1_8,REGIME_RANGE_CLOSE_ROWS,1,1,4541.02125,4541.02125,4541.02125,4541.02125,4541.02125,0.0,80.660625,91.65625,91.65625,0.5,2,4566.81,25.78875,25.78875,25.78875,25.78875,False,False,False,False,False,red_box_quarter::red_box_3_25pct,4541.021250,2
3,2026-01-16,2026-01-15,L6,RANGE_COMPRESSED_0_60,CLOSE_POS_UPPER_THIRD,ROWS_SPARSE_1_8,REGIME_RANGE_CLOSE_ROWS,3,1,4581.69625,4581.69625,4581.69625,4581.69625,4581.69625,0.0,70.09667,75.741385,75.741385,0.333333,3,4566.81,-14.88625,14.88625,14.88625,14.88625,False,False,False,False,False,red_box_quarter::red_box_2_25pct,4581.696250,3
1,2026-01-16,2026-01-15,L7,RANGE_COMPRESSED_0_60,CLOSE_POS_UPPER_THIRD,ROWS_SPARSE_1_8,REGIME_RANGE_CLOSE_ROWS,1,1,4510.515,4510.515,4510.515,4510.515,4510.515,0.0,85.585,93.25,93.25,1.0,1,4541.12,30.605,30.605,30.605,30.605,False,False,False,False,False,red_box_edge::red_edge_3,4510.515000,1
2,2026-01-16,2026-01-15,L7,RANGE_COMPRESSED_0_60,CLOSE_POS_UPPER_THIRD,ROWS_SPARSE_1_8,REGIME_RANGE_CLOSE_ROWS,2,1,4551.19,4551.19,4551.19,4551.19,4551.19,0.0,77.879654,86.861473,86.861473,0.5,2,4541.12,-10.07,10.07,10.07,10.07,False,False,False,False,False,red_box_edge::red_edge_2,4551.190000,2
3,2026-01-16,2026-01-15,L7,RANGE_COMPRESSED_0_60,CLOSE_POS_UPPER_THIRD,ROWS_SPARSE_1_8,REGIME_RANGE_CLOSE_ROWS,3,1,4561.35875,4561.35875,4561.35875,4561.35875,4561.35875,0.0,71.050275,77.385531,77.385531,0.333333,3,4541.12,-20.23875,20.23875,20.23875,20.23875,False,False,False,False,False,red_box_quarter::red_box_2_75pct,4561.358750,3
1,2026-01-19,2026-01-16,L4,RANGE_NORMAL_60_120,CLOSE_POS_UPPER_THIRD,ROWS_SPARSE_1_8,REGIME_RANGE_CLOSE_ROWS,1,3,4593.75,4599.755,4596.7525,4596.388333,4595.66,6.005,79.158846,74.614792,223.844375,1.833333,1,4615.0,18.2475,18.2475,18.611667,19.34,False,False,False,False,False,green_box_edge::green_edge_1 | prior_hlc::previous_close | prior_range_fraction::prev_range_0.75,4593.750000 | 4595.660000 | 4599.755000,2 | 3 | 1
1,2026-01-19,2026-01-16,L5,RANGE_NORMAL_60_120,CLOSE_POS_UPPER_THIRD,ROWS_SPARSE_1_8,REGIME_RANGE_CLOSE_ROWS,1,3,4578.0025,4579.4975,4578.75,4578.75,4578.75,1.495,92.277871,90.391042,271.173125,1.833333,1,4592.49,13.74,13.74,13.74,13.74,False,False,False,False,False,red_box_quarter::red_box_1_75pct | prior_hlc::previous_mid | green_box_quarter::green_box_1_75pct,4578.002500 | 4578.750000 | 4579.497500,3 | 2 | 1
2,2026-01-19,2026-01-16,L5,RANGE_NORMAL_60_120,CLOSE_POS_UPPER_THIRD,ROWS_SPARSE_1_8,REGIME_RANGE_CLOSE_ROWS,2,1,4599.755,4599.755,4599.755,4599.755,4599.755,0.0,67.807375,72.94375,72.94375,0.25,4,4592.49,-7.265,7.265,7.265,7.265,False,False,False,False,False,prior_range_fraction::prev_range_0.75,4599.755000,4
1,2026-01-19,2026-01-16,L6,RANGE_NORMAL_60_120,CLOSE_POS_UPPER_THIRD,ROWS_SPARSE_1_8,REGIME_RANGE_CLOSE_ROWS,3,1,4579.4975,4579.4975,4579.4975,4579.4975,4579.4975,0.0,82.795562,88.440625,88.440625,1.0,1,4569.99,-9.5075,9.5075,9.5075,9.5075,False,False,False,False,False,green_box_quarter::green_box_1_75pct,4579.497500,1
2,2026-01-19,2026-01-16,L6,RANGE_NORMAL_60_120,CLOSE_POS_UPPER_THIRD,ROWS_SPARSE_1_8,REGIME_RANGE_CLOSE_ROWS,1,1,4557.745,4557.745,4557.745,4557.745,4557.745,0.0,78.0093,87.085,87.085,0.5,2,4569.99,12.245,12.245,12.245,12.245,False,False,False,False,False,prior_range_fraction::prev_range_0.25,4557.745000,2
3,2026-01-19,2026-01-16,L6,RANGE_NORMAL_60_120,CLOSE_POS_UPPER_THIRD,ROWS_SPARSE_1_8,REGIME_RANGE_CLOSE_ROWS,2,1,4565.245,4565.245,4565.245,4565.245,4565.245,0.0,66.257717,69.1225,69.1225,0.333333,3,4569.99,4.745,4.745,4.745,4.745,False,False,True,False,True,green_box_midline::green_mid_1,4565.245000,3
1,2026-01-19,2026-01-16,L7,RANGE_NORMAL_60_120,CLOSE_POS_UPPER_THIRD,ROWS_SPARSE_1_8,REGIME_RANGE_CLOSE_ROWS,2,2,4535.245,4536.74,4535.9925,4535.9925,4535.9925,1.495,86.486767,87.590288,175.180575,1.5,1,4546.84,10.8475,10.8475,10.8475,10.8475,False,False,False,False,False,red_box_midline::red_mid_2 | prior_hlc::previous_low,4535.245000 | 4536.740000,1 | 2
2,2026-01-19,2026-01-16,L7,RANGE_NORMAL_60_120,CLOSE_POS_UPPER_THIRD,ROWS_SPARSE_1_8,REGIME_RANGE_CLOSE_ROWS,1,1,4392.72,4392.72,4392.72,4392.72,4392.72,0.0,27.271802,1.905405,1.905405,0.333333,3,4546.84,154.12,154.12,154.12,154.12,False,False,False,False,False,red_box_edge::red_edge_4,4392.720000,3
1,2026-01-20,2026-01-19,L4,RANGE_NORMAL_60_120,CLOSE_POS_UPPER_THIRD,ROWS_STANDARD_9_10,REGIME_RANGE_CLOSE_ROWS,1,1,4667.053357,4667.053357,4667.053357,4667.053357,4667.053357,0.0,85.126381,92.459278,92.459278,1.0,1,4696.99,29.936643,29.936643,29.936643,29.936643,False,False,False,False,False,prior_range_fraction::prev_range_0.666667,4667.053357,1
2,2026-01-20,2026-01-19,L4,RANGE_NORMAL_60_120,CLOSE_POS_UPPER_THIRD,ROWS_STANDARD_9_10,REGIME_RANGE_CLOSE_ROWS,3,1,4678.16375,4678.16375,4678.16375,4678.16375,4678.16375,0.0,77.362543,85.969901,85.969901,0.5,2,4696.99,18.82625,18.82625,18.82625,18.82625,False,False,False,False,False,red_box_quarter::red_box_1_25pct,4678.163750,2
3,2026-01-20,2026-01-19,L4,RANGE_NORMAL_60_120,CLOSE_POS_UPPER_THIRD,ROWS_STANDARD_9_10,REGIME_RANGE_CLOSE_ROWS,2,1,4672.9975,4672.9975,4672.9975,4672.9975,4672.9975,0.0,73.23939,81.159868,81.159868,0.333333,3,4696.99,23.9925,23.9925,23.9925,23.9925,False,False,False,False,False,prior_range_fraction::prev_range_0.75,4672.997500,3
4,2026-01-20,2026-01-19,L4,RANGE_NORMAL_60_120,CLOSE_POS_UPPER_THIRD,ROWS_STANDARD_9_10,REGIME_RANGE_CLOSE_ROWS,4,2,4690.83,4695.4975,4693.16375,4693.16375,4693.16375,4.6675,48.563554,41.501645,83.00329,0.45,4,4696.99,3.82625,3.82625,3.82625,3.82625,False,False,True,True,True,prior_hlc::previous_high | green_box_midline::green_mid_2,4690.830000 | 4695.497500,4 | 5
1,2026-01-20,2026-01-19,L5,RANGE_NORMAL_60_120,CLOSE_POS_UPPER_THIRD,ROWS_STANDARD_9_10,REGIME_RANGE_CLOSE_ROWS,3,3,4678.16375,4682.83125,4680.4975,4680.969583,4681.91375,4.6675,86.557994,90.629989,271.889967,1.45,1,4677.12,-3.3775,3.3775,3.849583,4.79375,False,False,True,True,True,red_box_quarter::red_box_1_25pct | prior_range_fraction::prev_range_0.875 | green_box_quarter::green_box_2_25pct,4678.163750 | 4681.913750 | 4682.831250,1 | 5 | 4
2,2026-01-20,2026-01-19,L5,RANGE_NORMAL_60_120,CLOSE_POS_UPPER_THIRD,ROWS_STANDARD_9_10,REGIME_RANGE_CLOSE_ROWS,1,1,4655.165,4655.165,4655.165,4655.165,4655.165,0.0,81.177092,92.546711,92.546711,0.5,2,4677.12,21.955,21.955,21.955,21.955,False,False,False,False,False,prior_hlc::previous_mid,4655.165000,2
3,2026-01-20,2026-01-19,L5,RANGE_NORMAL_60_120,CLOSE_POS_UPPER_THIRD,ROWS_STANDARD_9_10,REGIME_RANGE_CLOSE_ROWS,2,1,4665.4975,4665.4975,4665.4975,4665.4975,4665.4975,0.0,78.135621,89.601645,89.601645,0.333333,3,4677.12,11.6225,11.6225,11.6225,11.6225,False,False,False,False,False,red_box_midline::red_mid_1,4665.497500,3
1,2026-01-20,2026-01-19,L6,RANGE_NORMAL_60_120,CLOSE_POS_UPPER_THIRD,ROWS_STANDARD_9_10,REGIME_RANGE_CLOSE_ROWS,1,2,4643.276643,4646.74806,4645.012351,4645.012351,4645.012351,3.471417,85.637516,93.262694,186.525388,1.2,1,4655.27,10.257649,10.257649,10.257649,10.257649,False,False,False,False,False,prior_range_fraction::prev_range_0.333333 | prior_range_fraction::prev_range_0.382,4643.276643 | 4646.748060,5 | 1
2,2026-01-20,2026-01-19,L6,RANGE_NORMAL_60_120,CLOSE_POS_UPPER_THIRD,ROWS_STANDARD_9_10,REGIME_RANGE_CLOSE_ROWS,3,1,4667.053357,4667.053357,4667.053357,4667.053357,4667.053357,0.0,82.040385,94.035146,94.035146,0.5,2,4655.27,-11.783357,11.783357,11.783357,11.783357,False,False,False,False,False,prior_range_fraction::prev_range_0.666667,4667.053357,2
3,2026-01-20,2026-01-19,L6,RANGE_NORMAL_60_120,CLOSE_POS_UPPER_THIRD,ROWS_STANDARD_9_10,REGIME_RANGE_CLOSE_ROWS,2,1,4657.49875,4657.49875,4657.49875,4657.49875,4657.49875,0.0,80.64393,93.926316,93.926316,0.333333,3,4655.27,-2.22875,2.22875,2.22875,2.22875,False,True,True,True,True,green_box_quarter::green_box_1_75pct,4657.498750,3
4,2026-01-20,2026-01-19,L6,RANGE_NORMAL_60_120,CLOSE_POS_UPPER_THIRD,ROWS_STANDARD_9_10,REGIME_RANGE_CLOSE_ROWS,4,1,4682.83125,4682.83125,4682.83125,4682.83125,4682.83125,0.0,79.749365,93.533388,93.533388,0.25,4,4655.27,-27.56125,27.56125,27.56125,27.56125,False,False,False,False,False,green_box_quarter::green_box_2_25pct,4682.831250,4
1,2026-01-20,2026-01-19,L7,RANGE_NORMAL_60_120,CLOSE_POS_UPPER_THIRD,ROWS_STANDARD_9_10,REGIME_RANGE_CLOSE_ROWS,1,2,4627.49875,4628.41625,4627.9575,4627.9575,4627.9575,0.9175,91.029968,94.547187,189.094374,1.5,1,4633.67,5.7125,5.7125,5.7125,5.7125,False,False,False,False,False,red_box_quarter::red_box_2_25pct | prior_range_fraction::prev_range_0.125,4627.498750 | 4628.416250,2 | 1
2,2026-01-20,2026-01-19,L7,RANGE_NORMAL_60_120,CLOSE_POS_UPPER_THIRD,ROWS_STANDARD_9_10,REGIME_RANGE_CLOSE_ROWS,4,1,4682.83125,4682.83125,4682.83125,4682.83125,4682.83125,0.0,80.034892,92.87625,92.87625,0.333333,3,4633.67,-49.16125,49.16125,49.16125,49.16125,False,False,False,False,False,green_box_quarter::green_box_2_25pct,4682.831250,3
3,2026-01-20,2026-01-19,L7,RANGE_NORMAL_60_120,CLOSE_POS_UPPER_THIRD,ROWS_STANDARD_9_10,REGIME_RANGE_CLOSE_ROWS,2,1,4637.3325,4637.3325,4637.3325,4637.3325,4637.3325,0.0,78.6686,91.67,91.67,0.25,4,4633.67,-3.6625,3.6625,3.6625,3.6625,False,False,True,False,True,prior_range_fraction::prev_range_0.25,4637.332500,4
4,2026-01-20,2026-01-19,L7,RANGE_NORMAL_60_120,CLOSE_POS_UPPER_THIRD,ROWS_STANDARD_9_10,REGIME_RANGE_CLOSE_ROWS,3,1,4655.165,4655.165,4655.165,4655.165,4655.165,0.0,77.6219,90.555,90.555,0.2,5,4633.67,-21.495,21.495,21.495,21.495,False,False,False,False,False,prior_hlc::previous_mid,4655.165000,5
1,2026-01-21,2026-01-20,L4,RANGE_NORMAL_60_120,CLOSE_POS_UPPER_THIRD,ROWS_EXTENDED_11_PLUS,REGIME_RANGE_CLOSE_ROWS,1,1,4727.915,4727.915,4727.915,4727.915,4727.915,0.0,85.479828,93.068669,93.068669,1.0,1,4856.21,128.295,128.295,128.295,128.295,False,False,False,False,False,green_box_edge::green_edge_1,4727.915000,1
1,2026-01-21,2026-01-20,L5,RANGE_NORMAL_60_120,CLOSE_POS_UPPER_THIRD,ROWS_EXTENDED_11_PLUS,REGIME_RANGE_CLOSE_ROWS,1,1,4712.915,4712.915,4712.915,4712.915,4712.915,0.0,85.537828,93.168669,93.168669,1.0,1,4833.04,120.125,120.125,120.125,120.125,False,False,False,False,False,prior_hlc::previous_mid,4712.915000,1
1,2026-01-21,2026-01-20,L6,RANGE_NORMAL_60_120,CLOSE_POS_UPPER_THIRD,ROWS_EXTENDED_11_PLUS,REGIME_RANGE_CLOSE_ROWS,1,1,4686.2225,4686.2225,4686.2225,4686.2225,4686.2225,0.0,84.018953,90.549919,90.549919,1.0,1,4812.42,126.1975,126.1975,126.1975,126.1975,False,False,False,False,False,prior_range_fraction::prev_range_0.25,4686.222500,1
1,2026-01-21,2026-01-20,L7,RANGE_NORMAL_60_120,CLOSE_POS_UPPER_THIRD,ROWS_EXTENDED_11_PLUS,REGIME_RANGE_CLOSE_ROWS,1,1,4659.53,4659.53,4659.53,4659.53,4659.53,0.0,83.520658,89.690789,89.690789,1.0,1,4792.89,133.36,133.36,133.36,133.36,False,False,False,False,False,prior_hlc::previous_low,4659.530000,1
1,2026-01-22,2026-01-21,L4,RANGE_WIDE_120_220,CLOSE_POS_MIDDLE_THIRD,ROWS_STANDARD_9_10,REGIME_RANGE_CLOSE_ROWS,1,1,4822.115,4822.115,4822.115,4822.115,4822.115,0.0,52.939365,36.964423,36.964423,1.0,1,4853.55,31.435,31.435,31.435,31.435,False,False,False,False,False,prior_hlc::previous_mid,4822.115000,1
2,2026-01-22,2026-01-21,L4,RANGE_WIDE_120_220,CLOSE_POS_MIDDLE_THIRD,ROWS_STANDARD_9_10,REGIME_RANGE_CLOSE_ROWS,3,1,4918.35,4918.35,4918.35,4918.35,4918.35,0.0,48.490423,36.190385,36.190385,0.5,2,4853.55,-64.8,64.8,64.8,64.8,False,False,False,False,False,green_box_edge::green_edge_2,4918.350000,2
3,2026-01-22,2026-01-21,L4,RANGE_WIDE_120_220,CLOSE_POS_MIDDLE_THIRD,ROWS_STANDARD_9_10,REGIME_RANGE_CLOSE_ROWS,2,1,4898.04125,4898.04125,4898.04125,4898.04125,4898.04125,0.0,27.898441,2.985817,2.985817,0.333333,3,4853.55,-44.49125,44.49125,44.49125,44.49125,False,False,False,False,False,green_box_quarter::green_box_2_75pct,4898.041250,3
1,2026-01-22,2026-01-21,L5,RANGE_WIDE_120_220,CLOSE_POS_MIDDLE_THIRD,ROWS_STANDARD_9_10,REGIME_RANGE_CLOSE_ROWS,3,1,4888.35,4888.35,4888.35,4888.35,4888.35,0.0,82.316923,87.615385,87.615385,1.0,1,4828.22,-60.13,60.13,60.13,60.13,False,False,False,False,False,prior_hlc::previous_high,4888.350000,1
2,2026-01-22,2026-01-21,L5,RANGE_WIDE_120_220,CLOSE_POS_MIDDLE_THIRD,ROWS_STANDARD_9_10,REGIME_RANGE_CLOSE_ROWS,1,1,4800.036623,4800.036623,4800.036623,4800.036623,4800.036623,0.0,77.777542,86.685418,86.685418,0.5,2,4828.22,28.183377,28.183377,28.183377,28.183377,False,False,False,False,False,prior_range_fraction::prev_range_0.333333,4800.036623,2
3,2026-01-22,2026-01-21,L5,RANGE_WIDE_120_220,CLOSE_POS_MIDDLE_THIRD,ROWS_STANDARD_9_10,REGIME_RANGE_CLOSE_ROWS,2,1,4877.7325,4877.7325,4877.7325,4877.7325,4877.7325,0.0,68.558253,73.088942,73.088942,0.333333,3,4828.22,-49.5125,49.5125,49.5125,49.5125,False,False,False,False,False,green_box_midline::green_mid_2,4877.732500,3
1,2026-01-22,2026-01-21,L6,RANGE_WIDE_120_220,CLOSE_POS_MIDDLE_THIRD,ROWS_STANDARD_9_10,REGIME_RANGE_CLOSE_ROWS,3,1,4857.42375,4857.42375,4857.42375,4857.42375,4857.42375,0.0,83.589298,89.809135,89.809135,1.0,1,4803.79,-53.63375,53.63375,53.63375,53.63375,False,False,False,False,False,green_box_quarter::green_box_2_25pct,4857.423750,1
2,2026-01-22,2026-01-21,L6,RANGE_WIDE_120_220,CLOSE_POS_MIDDLE_THIRD,ROWS_STANDARD_9_10,REGIME_RANGE_CLOSE_ROWS,2,1,4837.74646,4837.74646,4837.74646,4837.74646,4837.74646,0.0,49.033104,37.126042,37.126042,0.5,2,4803.79,-33.95646,33.95646,33.95646,33.95646,False,False,False,False,False,prior_range_fraction::prev_range_0.618,4837.746460,2
3,2026-01-22,2026-01-21,L6,RANGE_WIDE_120_220,CLOSE_POS_MIDDLE_THIRD,ROWS_STANDARD_9_10,REGIME_RANGE_CLOSE_ROWS,1,1,4776.18875,4776.18875,4776.18875,4776.18875,4776.18875,0.0,45.67572,33.636298,33.636298,0.333333,3,4803.79,27.60125,27.60125,27.60125,27.60125,False,False,False,False,False,green_box_quarter::green_box_1_25pct,4776.188750,3
1,2026-01-22,2026-01-21,L7,RANGE_WIDE_120_220,CLOSE_POS_MIDDLE_THIRD,ROWS_STANDARD_9_10,REGIME_RANGE_CLOSE_ROWS,2,1,4807.115,4807.115,4807.115,4807.115,4807.115,0.0,82.329561,87.637175,87.637175,1.0,1,4776.28,-30.835,30.835,30.835,30.835,False,False,False,False,False,red_box_edge::red_edge_1,4807.115000,1
2,2026-01-22,2026-01-21,L7,RANGE_WIDE_120_220,CLOSE_POS_MIDDLE_THIRD,ROWS_STANDARD_9_10,REGIME_RANGE_CLOSE_ROWS,3,1,4827.42375,4827.42375,4827.42375,4827.42375,4827.42375,0.0,77.136466,85.580114,85.580114,0.5,2,4776.28,-51.14375,51.14375,51.14375,51.14375,False,False,False,False,False,red_box_quarter::red_box_1_75pct,4827.423750,2
3,2026-01-22,2026-01-21,L7,RANGE_WIDE_120_220,CLOSE_POS_MIDDLE_THIRD,ROWS_STANDARD_9_10,REGIME_RANGE_CLOSE_ROWS,1,1,4755.88,4755.88,4755.88,4755.88,4755.88,0.0,68.457894,72.915909,72.915909,0.333333,3,4776.28,20.4,20.4,20.4,20.4,False,False,False,False,False,prior_hlc::previous_low,4755.880000,3
1,2026-01-23,2026-01-22,L4,RANGE_WIDE_120_220,CLOSE_POS_UPPER_THIRD,ROWS_SPARSE_1_8,REGIME_RANGE_CLOSE_ROWS,1,1,4921.01,4921.01,4921.01,4921.01,4921.01,0.0,82.846382,88.528244,88.528244,1.0,1,4918.05,-2.96,2.96,2.96,2.96,False,True,True,True,True,green_box_midline::green_mid_2,4921.010000,1
1,2026-01-23,2026-01-22,L5,RANGE_WIDE_120_220,CLOSE_POS_UPPER_THIRD,ROWS_SPARSE_1_8,REGIME_RANGE_CLOSE_ROWS,1,1,4896.235,4896.235,4896.235,4896.235,4896.235,0.0,53.007194,37.081369,37.081369,1.0,1,4895.71,-0.525,0.525,0.525,0.525,False,True,True,True,True,green_box_quarter::green_box_2_25pct,4896.235000,1
1,2026-01-23,2026-01-22,L6,RANGE_WIDE_120_220,CLOSE_POS_UPPER_THIRD,ROWS_SPARSE_1_8,REGIME_RANGE_CLOSE_ROWS,1,1,4891.01,4891.01,4891.01,4891.01,4891.01,0.0,81.715382,86.578244,86.578244,1.0,1,4870.76,-20.25,20.25,20.25,20.25,False,False,False,False,False,red_box_midline::red_mid_1,4891.010000,1
1,2026-01-23,2026-01-22,L7,RANGE_WIDE_120_220,CLOSE_POS_UPPER_THIRD,ROWS_SPARSE_1_8,REGIME_RANGE_CLOSE_ROWS,1,1,4866.235,4866.235,4866.235,4866.235,4866.235,0.0,81.186341,85.666106,85.666106,1.0,1,4847.66,-18.575,18.575,18.575,18.575,False,False,False,False,False,red_box_quarter::red_box_1_75pct,4866.235000,1
1,2026-01-26,2026-01-23,L4,RANGE_NORMAL_60_120,CLOSE_POS_UPPER_THIRD,ROWS_EXTENDED_11_PLUS,REGIME_RANGE_CLOSE_ROWS,1,1,4959.575,4959.575,4959.575,4959.575,4959.575,0.0,85.37475,92.8875,92.8875,1.0,1,5057.59,98.015,98.015,98.015,98.015,False,False,False,False,False,green_box_edge::green_edge_1,4959.575000,1
2,2026-01-26,2026-01-23,L4,RANGE_NORMAL_60_120,CLOSE_POS_UPPER_THIRD,ROWS_EXTENDED_11_PLUS,REGIME_RANGE_CLOSE_ROWS,2,1,5079.925,5079.925,5079.925,5079.925,5079.925,0.0,33.97425,11.1625,11.1625,0.5,2,5057.59,-22.335,22.335,22.335,22.335,False,False,False,False,False,green_box_edge::green_edge_3,5079.925000,2
1,2026-01-26,2026-01-23,L5,RANGE_NORMAL_60_120,CLOSE_POS_UPPER_THIRD,ROWS_EXTENDED_11_PLUS,REGIME_RANGE_CLOSE_ROWS,1,1,4944.575,4944.575,4944.575,4944.575,4944.575,0.0,85.43275,92.9875,92.9875,1.0,1,5031.93,87.355,87.355,87.355,87.355,False,False,False,False,False,prior_hlc::previous_mid,4944.575000,1
2,2026-01-26,2026-01-23,L5,RANGE_NORMAL_60_120,CLOSE_POS_UPPER_THIRD,ROWS_EXTENDED_11_PLUS,REGIME_RANGE_CLOSE_ROWS,2,1,5049.8375,5049.8375,5049.8375,5049.8375,5049.8375,0.0,72.729125,77.98125,77.98125,0.5,2,5031.93,-17.9075,17.9075,17.9075,17.9075,False,False,False,False,False,green_box_midline::green_mid_3,5049.837500,2
1,2026-01-26,2026-01-23,L6,RANGE_NORMAL_60_120,CLOSE_POS_UPPER_THIRD,ROWS_EXTENDED_11_PLUS,REGIME_RANGE_CLOSE_ROWS,2,1,5034.79375,5034.79375,5034.79375,5034.79375,5034.79375,0.0,84.807437,91.909375,91.909375,1.0,1,5007.82,-26.97375,26.97375,26.97375,26.97375,False,False,False,False,False,green_box_quarter::green_box_3_25pct,5034.793750,1
2,2026-01-26,2026-01-23,L6,RANGE_NORMAL_60_120,CLOSE_POS_UPPER_THIRD,ROWS_EXTENDED_11_PLUS,REGIME_RANGE_CLOSE_ROWS,1,1,4921.9875,4921.9875,4921.9875,4921.9875,4921.9875,0.0,79.913875,90.36875,90.36875,0.5,2,5007.82,85.8325,85.8325,85.8325,85.8325,False,False,False,False,False,prior_range_fraction::prev_range_0.25,4921.987500,2
1,2026-01-26,2026-01-23,L7,RANGE_NORMAL_60_120,CLOSE_POS_UPPER_THIRD,ROWS_EXTENDED_11_PLUS,REGIME_RANGE_CLOSE_ROWS,1,1,4899.4,4899.4,4899.4,4899.4,4899.4,0.0,83.414588,89.507911,89.507911,1.0,1,4984.24,84.84,84.84,84.84,84.84,False,False,False,False,False,prior_hlc::previous_low,4899.400000,1
2,2026-01-26,2026-01-23,L7,RANGE_NORMAL_60_120,CLOSE_POS_UPPER_THIRD,ROWS_EXTENDED_11_PLUS,REGIME_RANGE_CLOSE_ROWS,2,1,5019.75,5019.75,5019.75,5019.75,5019.75,0.0,51.757399,41.823101,41.823101,0.5,2,4984.24,-35.51,35.51,35.51,35.51,False,False,False,False,False,green_box_edge::green_edge_2,5019.750000,2
1,2026-01-27,2026-01-26,L4,RANGE_WIDE_120_220,CLOSE_POS_LOWER_THIRD,ROWS_STANDARD_9_10,REGIME_RANGE_CLOSE_ROWS,1,1,5046.59625,5046.59625,5046.59625,5046.59625,5046.59625,0.0,83.765116,90.112269,90.112269,1.0,1,5064.63,18.03375,18.03375,18.03375,18.03375,False,False,False,False,False,green_box_quarter::green_box_1_75pct,5046.596250,1
1,2026-01-27,2026-01-26,L5,RANGE_WIDE_120_220,CLOSE_POS_LOWER_THIRD,ROWS_STANDARD_9_10,REGIME_RANGE_CLOSE_ROWS,1,1,5020.2075,5020.2075,5020.2075,5020.2075,5020.2075,0.0,82.949491,88.706019,88.706019,1.0,1,5033.46,13.2525,13.2525,13.2525,13.2525,False,False,False,False,False,prior_range_fraction::prev_range_0.25,5020.207500,1
1,2026-01-27,2026-01-26,L6,RANGE_WIDE_120_220,CLOSE_POS_LOWER_THIRD,ROWS_STANDARD_9_10,REGIME_RANGE_CLOSE_ROWS,1,1,4989.93,4989.93,4989.93,4989.93,4989.93,0.0,34.845741,5.768519,5.768519,1.0,1,4998.75,8.82,8.82,8.82,8.82,False,False,False,False,False,prior_hlc::previous_low,4989.930000,1
1,2026-01-27,2026-01-26,L7,RANGE_WIDE_120_220,CLOSE_POS_LOWER_THIRD,ROWS_STANDARD_9_10,REGIME_RANGE_CLOSE_ROWS,1,1,4959.93,4959.93,4959.93,4959.93,4959.93,0.0,38.286,11.7,11.7,1.0,1,4958.82,-1.11,1.11,1.11,1.11,False,True,True,True,True,red_box_edge::red_edge_2,4959.930000,1
1,2026-01-28,2026-01-27,L4,RANGE_WIDE_120_220,CLOSE_POS_UPPER_THIRD,ROWS_STANDARD_9_10,REGIME_RANGE_CLOSE,2,2,5168.37625,5168.6925,5168.534375,5168.534375,5168.534375,0.31625,88.672769,89.570808,179.141616,1.5,1,5243.94,75.405625,75.405625,75.405625,75.405625,False,False,False,False,False,prior_range_fraction::prev_range_0.875 | green_box_midline::green_mid_2,5168.376250 | 5168.692500,1 | 2
2,2026-01-28,2026-01-27,L4,RANGE_WIDE_120_220,CLOSE_POS_UPPER_THIRD,ROWS_STANDARD_9_10,REGIME_RANGE_CLOSE,1,2,5138.6925,5142.75875,5140.725625,5140.725625,5140.725625,4.06625,56.689357,52.760328,105.520656,0.583333,3,5243.94,103.214375,103.214375,103.214375,103.214375,False,False,False,False,False,red_box_midline::red_mid_1 | green_box_quarter::green_box_2_25pct,5138.692500 | 5142.758750,3 | 4
1,2026-01-28,2026-01-27,L5,RANGE_WIDE_120_220,CLOSE_POS_UPPER_THIRD,ROWS_STANDARD_9_10,REGIME_RANGE_CLOSE,2,2,5138.6925,5142.75875,5140.725625,5140.725625,5140.725625,4.06625,77.423578,78.164158,156.328316,1.333333,1,5212.86,72.134375,72.134375,72.134375,72.134375,False,False,False,False,False,red_box_midline::red_mid_1 | green_box_quarter::green_box_2_25pct,5138.692500 | 5142.758750,1 | 3
2,2026-01-28,2026-01-27,L5,RANGE_WIDE_120_220,CLOSE_POS_UPPER_THIRD,ROWS_STANDARD_9_10,REGIME_RANGE_CLOSE,1,1,5101.825,5101.825,5101.825,5101.825,5101.825,0.0,70.331585,73.847561,73.847561,0.5,2,5212.86,111.035,111.035,111.035,111.035,False,False,False,False,False,prior_hlc::previous_mid,5101.825000,2
1,2026-01-28,2026-01-27,L6,RANGE_WIDE_120_220,CLOSE_POS_UPPER_THIRD,ROWS_STANDARD_9_10,REGIME_RANGE_CLOSE,3,1,5138.6925,5138.6925,5138.6925,5138.6925,5138.6925,0.0,81.699265,86.550457,86.550457,1.0,1,5180.87,42.1775,42.1775,42.1775,42.1775,False,False,False,False,False,red_box_midline::red_mid_1,5138.692500,1
2,2026-01-28,2026-01-27,L6,RANGE_WIDE_120_220,CLOSE_POS_UPPER_THIRD,ROWS_STANDARD_9_10,REGIME_RANGE_CLOSE,1,1,5072.246608,5072.246608,5072.246608,5072.246608,5072.246608,0.0,70.099507,73.447426,73.447426,0.5,2,5180.87,108.623392,108.623392,108.623392,108.623392,False,False,False,False,False,prior_range_fraction::prev_range_0.333333,5072.246608,2
3,2026-01-28,2026-01-27,L6,RANGE_WIDE_120_220,CLOSE_POS_UPPER_THIRD,ROWS_STANDARD_9_10,REGIME_RANGE_CLOSE,2,1,5116.825,5116.825,5116.825,5116.825,5116.825,0.0,65.206414,67.309909,67.309909,0.333333,3,5180.87,64.045,64.045,64.045,64.045,False,False,False,False,False,green_box_edge::green_edge_1,5116.825000,3
1,2026-01-28,2026-01-27,L7,RANGE_WIDE_120_220,CLOSE_POS_UPPER_THIRD,ROWS_STANDARD_9_10,REGIME_RANGE_CLOSE,2,1,5090.89125,5090.89125,5090.89125,5090.89125,5090.89125,0.0,84.810324,91.914352,91.914352,1.0,1,5152.26,61.36875,61.36875,61.36875,61.36875,False,False,False,False,False,green_box_quarter::green_box_1_75pct,5090.891250,1
2,2026-01-28,2026-01-27,L7,RANGE_WIDE_120_220,CLOSE_POS_UPPER_THIRD,ROWS_STANDARD_9_10,REGIME_RANGE_CLOSE,4,1,5112.75875,5112.75875,5112.75875,5112.75875,5112.75875,0.0,77.169817,85.637616,85.637616,0.5,2,5152.26,39.50125,39.50125,39.50125,39.50125,False,False,False,False,False,red_box_quarter::red_box_1_75pct,5112.758750,2
3,2026-01-28,2026-01-27,L7,RANGE_WIDE_120_220,CLOSE_POS_UPPER_THIRD,ROWS_STANDARD_9_10,REGIME_RANGE_CLOSE,1,1,5039.02375,5039.02375,5039.02375,5039.02375,5039.02375,0.0,75.690611,85.386111,85.386111,0.333333,3,5152.26,113.23625,113.23625,113.23625,113.23625,False,False,False,False,False,green_box_quarter::green_box_1_25pct,5039.023750,3
4,2026-01-28,2026-01-27,L7,RANGE_WIDE_120_220,CLOSE_POS_UPPER_THIRD,ROWS_STANDARD_9_10,REGIME_RANGE_CLOSE,3,1,5101.825,5101.825,5101.825,5101.825,5101.825,0.0,68.405769,73.975463,73.975463,0.25,4,5152.26,50.435,50.435,50.435,50.435,False,False,False,False,False,prior_hlc::previous_mid,5101.825000,4
1,2026-01-29,2026-01-28,L4,RANGE_EXTREME_220_PLUS,CLOSE_POS_UPPER_THIRD,ROWS_SPARSE_1_8,REGIME_RANGE_ONLY,2,1,5303.23,5303.23,5303.23,5303.23,5303.23,0.0,83.015094,88.819127,88.819127,1.0,1,5354.75,51.52,51.52,51.52,51.52,False,False,False,False,False,green_box_edge::green_edge_1,5303.230000,1
2,2026-01-29,2026-01-28,L4,RANGE_EXTREME_220_PLUS,CLOSE_POS_UPPER_THIRD,ROWS_SPARSE_1_8,REGIME_RANGE_ONLY,1,1,5200.315,5200.315,5200.315,5200.315,5200.315,0.0,33.403946,10.179217,10.179217,0.5,2,5354.75,154.435,154.435,154.435,154.435,False,False,False,False,False,red_box_midline::red_mid_2,5200.315000,2
1,2026-01-29,2026-01-28,L5,RANGE_EXTREME_220_PLUS,CLOSE_POS_UPPER_THIRD,ROWS_SPARSE_1_8,REGIME_RANGE_ONLY,2,1,5417.12,5417.12,5417.12,5417.12,5417.12,0.0,76.075446,76.854217,76.854217,1.0,1,5309.52,-107.6,107.6,107.6,107.6,False,False,False,False,False,prior_hlc::previous_close,5417.120000,1
2,2026-01-29,2026-01-28,L5,RANGE_EXTREME_220_PLUS,CLOSE_POS_UPPER_THIRD,ROWS_SPARSE_1_8,REGIME_RANGE_ONLY,1,1,5273.23,5273.23,5273.23,5273.23,5273.23,0.0,70.561594,74.244127,74.244127,0.5,2,5309.52,36.29,36.29,36.29,36.29,False,False,False,False,False,red_box_edge::red_edge_1,5273.230000,2
1,2026-01-29,2026-01-28,L6,RANGE_EXTREME_220_PLUS,CLOSE_POS_UPPER_THIRD,ROWS_SPARSE_1_8,REGIME_RANGE_ONLY,2,1,5244.619913,5244.619913,5244.619913,5244.619913,5244.619913,0.0,73.582702,72.556382,72.556382,1.0,1,5250.84,6.220087,6.220087,6.220087,6.220087,False,False,False,False,False,prior_range_fraction::prev_range_0.333333,5244.619913,1
2,2026-01-29,2026-01-28,L6,RANGE_EXTREME_220_PLUS,CLOSE_POS_UPPER_THIRD,ROWS_SPARSE_1_8,REGIME_RANGE_ONLY,1,1,5163.8575,5163.8575,5163.8575,5163.8575,5163.8575,0.0,37.413196,17.091717,17.091717,0.5,2,5250.84,86.9825,86.9825,86.9825,86.9825,False,False,False,False,False,red_box_quarter::red_box_2_75pct,5163.857500,2
1,2026-01-29,2026-01-28,L7,RANGE_EXTREME_220_PLUS,CLOSE_POS_UPPER_THIRD,ROWS_SPARSE_1_8,REGIME_RANGE_ONLY,1,1,5157.4,5157.4,5157.4,5157.4,5157.4,0.0,41.192719,16.711585,16.711585,1.0,1,5202.3,44.9,44.9,44.9,44.9,False,False,False,False,False,prior_hlc::previous_low,5157.400000,1
2,2026-01-29,2026-01-28,L7,RANGE_EXTREME_220_PLUS,CLOSE_POS_UPPER_THIRD,ROWS_SPARSE_1_8,REGIME_RANGE_ONLY,2,1,5222.815,5222.815,5222.815,5222.815,5222.815,0.0,29.049025,2.670732,2.670732,0.5,2,5202.3,-20.515,20.515,20.515,20.515,False,False,False,False,False,prior_range_fraction::prev_range_0.25,5222.815000,2
1,2026-01-30,2026-01-29,L4,RANGE_EXTREME_220_PLUS,CLOSE_POS_MIDDLE_THIRD,ROWS_STANDARD_9_10,REGIME_RANGE_ONLY,3,1,5475.085,5475.085,5475.085,5475.085,5475.085,0.0,84.70775,91.7375,91.7375,1.0,1,5502.93,27.845,27.845,27.845,27.845,False,False,False,False,False,prior_range_fraction::prev_range_0.75,5475.085000,1
2,2026-01-30,2026-01-29,L4,RANGE_EXTREME_220_PLUS,CLOSE_POS_MIDDLE_THIRD,ROWS_STANDARD_9_10,REGIME_RANGE_ONLY,2,1,5366.79,5366.79,5366.79,5366.79,5366.79,0.0,79.007107,88.805357,88.805357,0.5,2,5502.93,136.14,136.14,136.14,136.14,False,False,False,False,False,green_box_edge::green_edge_1,5366.790000,2
3,2026-01-30,2026-01-29,L4,RANGE_EXTREME_220_PLUS,CLOSE_POS_MIDDLE_THIRD,ROWS_STANDARD_9_10,REGIME_RANGE_ONLY,1,1,5205.995,5205.995,5205.995,5205.995,5205.995,0.0,32.039167,10.125,10.125,0.333333,3,5502.93,296.935,296.935,296.935,296.935,False,False,False,False,False,red_box_midline::red_mid_2,5205.995000,3
1,2026-01-30,2026-01-29,L5,RANGE_EXTREME_220_PLUS,CLOSE_POS_MIDDLE_THIRD,ROWS_STANDARD_9_10,REGIME_RANGE_ONLY,3,1,5402.1875,5402.1875,5402.1875,5402.1875,5402.1875,0.0,86.067125,94.08125,94.08125,1.0,1,5453.11,50.9225,50.9225,50.9225,50.9225,False,False,False,False,False,red_box_quarter::red_box_1_75pct,5402.187500,1
2,2026-01-30,2026-01-29,L5,RANGE_EXTREME_220_PLUS,CLOSE_POS_MIDDLE_THIRD,ROWS_STANDARD_9_10,REGIME_RANGE_ONLY,2,1,5370.92,5370.92,5370.92,5370.92,5370.92,0.0,72.044,76.8,76.8,0.5,2,5453.11,82.19,82.19,82.19,82.19,False,False,False,False,False,prior_hlc::previous_close,5370.920000,2
3,2026-01-30,2026-01-29,L5,RANGE_EXTREME_220_PLUS,CLOSE_POS_MIDDLE_THIRD,ROWS_STANDARD_9_10,REGIME_RANGE_ONLY,1,1,5336.79,5336.79,5336.79,5336.79,5336.79,0.0,69.220274,74.230357,74.230357,0.333333,3,5453.11,116.32,116.32,116.32,116.32,False,False,False,False,False,red_box_edge::red_edge_1,5336.790000,3
1,2026-01-30,2026-01-29,L6,RANGE_EXTREME_220_PLUS,CLOSE_POS_MIDDLE_THIRD,ROWS_STANDARD_9_10,REGIME_RANGE_ONLY,2,1,5269.593169,5269.593169,5269.593169,5269.593169,5269.593169,0.0,59.731366,48.674769,48.674769,1.0,1,5400.77,131.176831,131.176831,131.176831,131.176831,False,False,False,False,False,prior_range_fraction::prev_range_0.333333,5269.593169,1
2,2026-01-30,2026-01-29,L6,RANGE_EXTREME_220_PLUS,CLOSE_POS_MIDDLE_THIRD,ROWS_STANDARD_9_10,REGIME_RANGE_ONLY,1,1,5140.5975,5140.5975,5140.5975,5140.5975,5140.5975,0.0,37.38175,17.0375,17.0375,0.5,2,5400.77,260.1725,260.1725,260.1725,260.1725,False,False,False,False,False,red_box_quarter::red_box_2_75pct,5140.597500,2
1,2026-01-30,2026-01-29,L7,RANGE_EXTREME_220_PLUS,CLOSE_POS_MIDDLE_THIRD,ROWS_STANDARD_9_10,REGIME_RANGE_ONLY,2,1,5205.995,5205.995,5205.995,5205.995,5205.995,0.0,83.43175,89.5375,89.5375,1.0,1,5349.51,143.515,143.515,143.515,143.515,False,False,False,False,False,red_box_midline::red_mid_2,5205.995000,1
2,2026-01-30,2026-01-29,L7,RANGE_EXTREME_220_PLUS,CLOSE_POS_MIDDLE_THIRD,ROWS_STANDARD_9_10,REGIME_RANGE_ONLY,1,1,5105.2,5105.2,5105.2,5105.2,5105.2,0.0,37.161018,16.656928,16.656928,0.5,2,5349.51,244.31,244.31,244.31,244.31,False,False,False,False,False,prior_hlc::previous_low,5105.200000,2
3,2026-01-30,2026-01-29,L7,RANGE_EXTREME_220_PLUS,CLOSE_POS_MIDDLE_THIRD,ROWS_STANDARD_9_10,REGIME_RANGE_ONLY,3,1,5228.495,5228.495,5228.495,5228.495,5228.495,0.0,27.70751,2.656627,2.656627,0.333333,3,5349.51,121.015,121.015,121.015,121.015,False,False,False,False,False,prior_range_fraction::prev_range_0.25,5228.495000,3
1,2026-02-02,2026-01-30,L4,RANGE_EXTREME_220_PLUS,CLOSE_POS_LOWER_THIRD,ROWS_EXTENDED_11_PLUS,REGIME_RANGE_CLOSE_ROWS,1,1,5083.835,5083.835,5083.835,5083.835,5083.835,0.0,82.999309,88.791912,88.791912,1.0,1,4926.32,-157.515,157.515,157.515,157.515,False,False,False,False,False,green_box_edge::green_edge_1,5083.835000,1
1,2026-02-02,2026-01-30,L5,RANGE_EXTREME_220_PLUS,CLOSE_POS_LOWER_THIRD,ROWS_EXTENDED_11_PLUS,REGIME_RANGE_CLOSE_ROWS,1,1,5053.835,5053.835,5053.835,5053.835,5053.835,0.0,74.545809,74.216912,74.216912,1.0,1,4879.19,-174.645,174.645,174.645,174.645,False,False,False,False,False,red_box_edge::red_edge_1,5053.835000,1
1,2026-02-02,2026-01-30,L6,RANGE_EXTREME_220_PLUS,CLOSE_POS_LOWER_THIRD,ROWS_EXTENDED_11_PLUS,REGIME_RANGE_CLOSE_ROWS,1,1,4941.473079,4941.473079,4941.473079,4941.473079,4941.473079,0.0,73.566917,72.529167,72.529167,1.0,1,4831.95,-109.523079,109.523079,109.523079,109.523079,False,False,False,False,False,prior_range_fraction::prev_range_0.333333,4941.473079,1
1,2026-02-02,2026-01-30,L7,RANGE_EXTREME_220_PLUS,CLOSE_POS_LOWER_THIRD,ROWS_EXTENDED_11_PLUS,REGIME_RANGE_CLOSE_ROWS,1,1,4877.7925,4877.7925,4877.7925,4877.7925,4877.7925,0.0,33.032857,2.642857,2.642857,1.0,1,4780.49,-97.3025,97.3025,97.3025,97.3025,False,False,False,False,False,prior_range_fraction::prev_range_0.25,4877.792500,1
1,2026-02-03,2026-02-02,L4,RANGE_EXTREME_220_PLUS,CLOSE_POS_MIDDLE_THIRD,ROWS_EXTENDED_11_PLUS,REGIME_RANGE_CLOSE,1,1,4786.65,4786.65,4786.65,4786.65,4786.65,0.0,42.559285,19.067733,19.067733,1.0,1,4884.57,97.92,97.92,97.92,97.92,False,False,False,False,False,green_box_midline::green_mid_2,4786.650000,1
1,2026-02-03,2026-02-02,L5,RANGE_EXTREME_220_PLUS,CLOSE_POS_MIDDLE_THIRD,ROWS_EXTENDED_11_PLUS,REGIME_RANGE_CLOSE,1,1,4756.65,4756.65,4756.65,4756.65,4756.65,0.0,35.809535,7.430233,7.430233,1.0,1,4848.53,91.88,91.88,91.88,91.88,False,False,False,False,False,red_box_midline::red_mid_1,4756.650000,1
1,2026-02-03,2026-02-02,L6,RANGE_EXTREME_220_PLUS,CLOSE_POS_MIDDLE_THIRD,ROWS_EXTENDED_11_PLUS,REGIME_RANGE_CLOSE,1,1,4692.705,4692.705,4692.705,4692.705,4692.705,0.0,84.21416,90.886483,90.886483,1.0,1,4805.99,113.285,113.285,113.285,113.285,False,False,False,False,False,red_box_quarter::red_box_1_75pct,4692.705000,1
1,2026-02-03,2026-02-02,L7,RANGE_EXTREME_220_PLUS,CLOSE_POS_MIDDLE_THIRD,ROWS_EXTENDED_11_PLUS,REGIME_RANGE_CLOSE,1,1,4643.76,4643.76,4643.76,4643.76,4643.76,0.0,77.163059,78.729412,78.729412,1.0,1,4768.25,124.49,124.49,124.49,124.49,False,False,False,False,False,prior_hlc::previous_mid,4643.760000,1
1,2026-02-04,2026-02-03,L4,RANGE_EXTREME_220_PLUS,CLOSE_POS_UPPER_THIRD,ROWS_STANDARD_9_10,REGIME_RANGE_CLOSE,1,1,4912.005,4912.005,4912.005,4912.005,4912.005,0.0,84.58775,91.530603,91.530603,1.0,1,4996.14,84.135,84.135,84.135,84.135,False,False,False,False,False,prior_range_fraction::prev_range_0.75,4912.005000,1
1,2026-02-04,2026-02-03,L5,RANGE_EXTREME_220_PLUS,CLOSE_POS_UPPER_THIRD,ROWS_STANDARD_9_10,REGIME_RANGE_CLOSE,1,1,4859.7675,4859.7675,4859.7675,4859.7675,4859.7675,0.0,85.947125,93.874353,93.874353,1.0,1,4948.43,88.6625,88.6625,88.6625,88.6625,False,False,False,False,False,red_box_quarter::red_box_1_75pct,4859.767500,1
1,2026-02-04,2026-02-03,L6,RANGE_EXTREME_220_PLUS,CLOSE_POS_UPPER_THIRD,ROWS_STANDARD_9_10,REGIME_RANGE_CLOSE,1,1,4775.379891,4775.379891,4775.379891,4775.379891,4775.379891,0.0,41.210874,16.742886,16.742886,1.0,1,4900.2,124.820109,124.820109,124.820109,124.820109,False,False,False,False,False,prior_range_fraction::prev_range_0.333333,4775.379891,1
1,2026-02-04,2026-02-03,L7,RANGE_EXTREME_220_PLUS,CLOSE_POS_UPPER_THIRD,ROWS_STANDARD_9_10,REGIME_RANGE_CLOSE,1,1,4725.555,4725.555,4725.555,4725.555,4725.555,0.0,83.310355,89.328198,89.328198,1.0,1,4851.46,125.905,125.905,125.905,125.905,False,False,False,False,False,red_box_midline::red_mid_2,4725.555000,1
1,2026-02-05,2026-02-04,L4,RANGE_EXTREME_220_PLUS,CLOSE_POS_MIDDLE_THIRD,ROWS_EXTENDED_11_PLUS,REGIME_RANGE_CLOSE_ROWS,1,1,5091.92,5091.92,5091.92,5091.92,5091.92,0.0,86.226954,94.356818,94.356818,1.0,1,4990.45,-101.47,101.47,101.47,101.47,False,False,False,False,False,prior_hlc::previous_high,5091.920000,1
1,2026-02-05,2026-02-04,L5,RANGE_EXTREME_220_PLUS,CLOSE_POS_MIDDLE_THIRD,ROWS_EXTENDED_11_PLUS,REGIME_RANGE_CLOSE_ROWS,1,1,5087.9025,5087.9025,5087.9025,5087.9025,5087.9025,0.0,77.476204,79.269318,79.269318,1.0,1,4944.86,-143.0425,143.0425,143.0425,143.0425,False,False,False,False,False,green_box_quarter::green_box_2_75pct,5087.902500,1
1,2026-02-05,2026-02-04,L6,RANGE_EXTREME_220_PLUS,CLOSE_POS_MIDDLE_THIRD,ROWS_EXTENDED_11_PLUS,REGIME_RANGE_CLOSE_ROWS,1,1,5057.9025,5057.9025,5057.9025,5057.9025,5057.9025,0.0,35.810454,7.431818,7.431818,1.0,1,4896.2,-161.7025,161.7025,161.7025,161.7025,False,False,False,False,False,red_box_quarter::red_box_1_25pct,5057.902500,1
1,2026-02-05,2026-02-04,L7,RANGE_EXTREME_220_PLUS,CLOSE_POS_MIDDLE_THIRD,ROWS_EXTENDED_11_PLUS,REGIME_RANGE_CLOSE_ROWS,1,1,5031.385,5031.385,5031.385,5031.385,5031.385,0.0,54.805,40.181034,40.181034,1.0,1,4843.94,-187.445,187.445,187.445,187.445,False,False,False,False,False,prior_range_fraction::prev_range_0.75,5031.385000,1
1,2026-02-06,2026-02-05,L4,RANGE_EXTREME_220_PLUS,CLOSE_POS_LOWER_THIRD,ROWS_EXTENDED_11_PLUS,REGIME_RANGE_CLOSE_ROWS,2,1,4906.79,4906.79,4906.79,4906.79,4906.79,0.0,82.969868,88.741152,88.741152,1.0,1,4897.44,-9.35,9.35,9.35,9.35,False,False,False,False,False,green_box_edge::green_edge_1,4906.790000,1
2,2026-02-06,2026-02-05,L4,RANGE_EXTREME_220_PLUS,CLOSE_POS_LOWER_THIRD,ROWS_EXTENDED_11_PLUS,REGIME_RANGE_CLOSE_ROWS,1,1,4847.799912,4847.799912,4847.799912,4847.799912,4847.799912,0.0,31.732697,7.297753,7.297753,0.5,2,4897.44,49.640088,49.640088,49.640088,49.640088,False,False,False,False,False,prior_range_fraction::prev_range_0.333333,4847.799912,2
1,2026-02-06,2026-02-05,L5,RANGE_EXTREME_220_PLUS,CLOSE_POS_LOWER_THIRD,ROWS_EXTENDED_11_PLUS,REGIME_RANGE_CLOSE_ROWS,1,1,4825.805,4825.805,4825.805,4825.805,4825.805,0.0,84.166322,90.804003,90.804003,1.0,1,4854.08,28.275,28.275,28.275,28.275,False,False,False,False,False,prior_range_fraction::prev_range_0.25,4825.805000,1
2,2026-02-06,2026-02-05,L5,RANGE_EXTREME_220_PLUS,CLOSE_POS_LOWER_THIRD,ROWS_EXTENDED_11_PLUS,REGIME_RANGE_CLOSE_ROWS,2,1,4876.79,4876.79,4876.79,4876.79,4876.79,0.0,70.516368,74.166152,74.166152,0.5,2,4854.08,-22.71,22.71,22.71,22.71,False,False,False,False,False,red_box_edge::red_edge_1,4876.790000,2
1,2026-02-06,2026-02-05,L6,RANGE_EXTREME_220_PLUS,CLOSE_POS_LOWER_THIRD,ROWS_EXTENDED_11_PLUS,REGIME_RANGE_CLOSE_ROWS,2,1,4847.799912,4847.799912,4847.799912,4847.799912,4847.799912,0.0,73.537476,72.478407,72.478407,1.0,1,4803.0,-44.799912,44.799912,44.799912,44.799912,False,False,False,False,False,prior_range_fraction::prev_range_0.333333,4847.799912,1
2,2026-02-06,2026-02-05,L6,RANGE_EXTREME_220_PLUS,CLOSE_POS_LOWER_THIRD,ROWS_EXTENDED_11_PLUS,REGIME_RANGE_CLOSE_ROWS,1,1,4803.305,4803.305,4803.305,4803.305,4803.305,0.0,31.732697,7.297753,7.297753,0.5,2,4803.0,-0.305,0.305,0.305,0.305,False,True,True,True,True,red_box_midline::red_mid_2,4803.305000,2
1,2026-02-06,2026-02-05,L7,RANGE_EXTREME_220_PLUS,CLOSE_POS_LOWER_THIRD,ROWS_EXTENDED_11_PLUS,REGIME_RANGE_CLOSE_ROWS,1,1,4792.8125,4792.8125,4792.8125,4792.8125,4792.8125,0.0,83.608551,89.84233,89.84233,1.0,1,4746.79,-46.0225,46.0225,46.0225,46.0225,False,False,False,False,False,prior_range_fraction::prev_range_0.125,4792.812500,1
2,2026-02-06,2026-02-05,L7,RANGE_EXTREME_220_PLUS,CLOSE_POS_LOWER_THIRD,ROWS_EXTENDED_11_PLUS,REGIME_RANGE_CLOSE_ROWS,2,1,4825.805,4825.805,4825.805,4825.805,4825.805,0.0,29.002727,2.590909,2.590909,0.5,2,4746.79,-79.015,79.015,79.015,79.015,False,False,False,False,False,prior_range_fraction::prev_range_0.25,4825.805000,2
1,2026-02-09,2026-02-06,L4,RANGE_EXTREME_220_PLUS,CLOSE_POS_UPPER_THIRD,ROWS_STANDARD_9_10,REGIME_RANGE_CLOSE_ROWS,1,1,4971.43,4971.43,4971.43,4971.43,4971.43,0.0,77.300667,78.966667,78.966667,1.0,1,4956.67,-14.76,14.76,14.76,14.76,False,False,False,False,False,prior_hlc::previous_high,4971.430000,1
1,2026-02-09,2026-02-06,L5,RANGE_EXTREME_220_PLUS,CLOSE_POS_UPPER_THIRD,ROWS_STANDARD_9_10,REGIME_RANGE_CLOSE_ROWS,1,1,4928.17625,4928.17625,4928.17625,4928.17625,4928.17625,0.0,85.054542,92.335417,92.335417,1.0,1,4905.52,-22.65625,22.65625,22.65625,22.65625,False,False,False,False,False,red_box_quarter::red_box_1_25pct,4928.176250,1
1,2026-02-09,2026-02-06,L6,RANGE_EXTREME_220_PLUS,CLOSE_POS_UPPER_THIRD,ROWS_STANDARD_9_10,REGIME_RANGE_CLOSE_ROWS,1,1,4884.9225,4884.9225,4884.9225,4884.9225,4884.9225,0.0,54.470417,39.604167,39.604167,1.0,1,4853.78,-31.1425,31.1425,31.1425,31.1425,False,False,False,False,False,red_box_midline::red_mid_1,4884.922500,1
1,2026-02-09,2026-02-06,L7,RANGE_EXTREME_220_PLUS,CLOSE_POS_UPPER_THIRD,ROWS_STANDARD_9_10,REGIME_RANGE_CLOSE_ROWS,1,1,4828.415,4828.415,4828.415,4828.415,4828.415,0.0,40.948298,16.290169,16.290169,1.0,1,4803.35,-25.065,25.065,25.065,25.065,False,False,False,False,False,green_box_edge::green_edge_1,4828.415000,1
1,2026-02-10,2026-02-09,L4,RANGE_WIDE_120_220,CLOSE_POS_UPPER_THIRD,ROWS_STANDARD_9_10,REGIME_RANGE_CLOSE_ROWS,1,1,5135.6975,5135.6975,5135.6975,5135.6975,5135.6975,0.0,76.501128,77.588152,77.588152,1.0,1,5139.66,3.9625,3.9625,3.9625,3.9625,False,False,True,False,True,green_box_quarter::green_box_3_25pct,5135.697500,1
1,2026-02-10,2026-02-09,L5,RANGE_WIDE_120_220,CLOSE_POS_UPPER_THIRD,ROWS_STANDARD_9_10,REGIME_RANGE_CLOSE_ROWS,1,1,5116.72,5116.72,5116.72,5116.72,5116.72,0.0,38.879066,12.722527,12.722527,1.0,1,5081.07,-35.65,35.65,35.65,35.65,False,False,False,False,False,green_box_edge::green_edge_2,5116.720000,1
1,2026-02-10,2026-02-09,L6,RANGE_WIDE_120_220,CLOSE_POS_UPPER_THIRD,ROWS_STANDARD_9_10,REGIME_RANGE_CLOSE_ROWS,1,1,5057.94,5057.94,5057.94,5057.94,5057.94,0.0,85.496566,93.097527,93.097527,1.0,1,5034.62,-23.32,23.32,23.32,23.32,False,False,False,False,False,prior_hlc::previous_close,5057.940000,1
1,2026-02-10,2026-02-09,L7,RANGE_WIDE_120_220,CLOSE_POS_UPPER_THIRD,ROWS_STANDARD_9_10,REGIME_RANGE_CLOSE_ROWS,1,1,5056.265,5056.265,5056.265,5056.265,5056.265,0.0,41.242792,16.797917,16.797917,1.0,1,4987.02,-69.245,69.245,69.245,69.245,False,False,False,False,False,prior_range_fraction::prev_range_0.75,5056.265000,1
1,2026-02-11,2026-02-10,L4,RANGE_NORMAL_60_120,CLOSE_POS_MIDDLE_THIRD,ROWS_STANDARD_9_10,REGIME_RANGE_CLOSE_ROWS,4,2,5078.27,5078.56,5078.415,5078.415,5078.415,0.29,81.506354,80.623369,161.246739,1.25,1,5075.63,-2.785,2.785,2.785,2.785,False,True,True,True,True,green_box_midline::green_mid_2 | prior_hlc::previous_high,5078.270000 | 5078.560000,1 | 4
2,2026-02-11,2026-02-10,L4,RANGE_NORMAL_60_120,CLOSE_POS_MIDDLE_THIRD,ROWS_STANDARD_9_10,REGIME_RANGE_CLOSE_ROWS,2,1,5047.98,5047.98,5047.98,5047.98,5047.98,0.0,79.202587,89.142391,89.142391,0.5,2,5075.63,27.65,27.65,27.65,27.65,False,False,False,False,False,green_box_edge::green_edge_1,5047.980000,2
3,2026-02-11,2026-02-10,L4,RANGE_NORMAL_60_120,CLOSE_POS_MIDDLE_THIRD,ROWS_STANDARD_9_10,REGIME_RANGE_CLOSE_ROWS,1,1,5025.3,5025.3,5025.3,5025.3,5025.3,0.0,68.895645,73.670652,73.670652,0.333333,3,5075.63,50.33,50.33,50.33,50.33,False,False,False,False,False,prior_hlc::previous_close,5025.300000,3
4,2026-02-11,2026-02-10,L4,RANGE_NORMAL_60_120,CLOSE_POS_MIDDLE_THIRD,ROWS_STANDARD_9_10,REGIME_RANGE_CLOSE_ROWS,3,1,5067.165,5067.165,5067.165,5067.165,5067.165,0.0,63.518657,66.239063,66.239063,0.2,5,5075.63,8.465,8.465,8.465,8.465,False,False,False,False,False,prior_range_fraction::prev_range_0.875,5067.165000,5
1,2026-02-11,2026-02-10,L5,RANGE_NORMAL_60_120,CLOSE_POS_MIDDLE_THIRD,ROWS_STANDARD_9_10,REGIME_RANGE_CLOSE_ROWS,2,3,5043.73688,5048.27,5046.00344,5046.662293,5047.98,4.53312,88.870607,90.965091,272.895272,1.7,1,5016.51,-29.49344,29.49344,30.152293,31.47,False,False,False,False,False,prior_range_fraction::prev_range_0.618 | green_box_edge::green_edge_1 | red_box_midline::red_mid_1,5043.736880 | 5047.980000 | 5048.270000,5 | 1 | 2
2,2026-02-11,2026-02-10,L5,RANGE_NORMAL_60_120,CLOSE_POS_MIDDLE_THIRD,ROWS_STANDARD_9_10,REGIME_RANGE_CLOSE_ROWS,1,2,5030.42,5033.125,5031.7725,5031.7725,5031.7725,2.705,79.196818,89.500951,179.001902,0.583333,3,5016.51,-15.2625,15.2625,15.2625,15.2625,False,False,False,False,False,prior_hlc::previous_pivot_hlc3 | red_box_quarter::red_box_1_75pct,5030.420000 | 5033.125000,3 | 4
1,2026-02-11,2026-02-10,L6,RANGE_NORMAL_60_120,CLOSE_POS_MIDDLE_THIRD,ROWS_STANDARD_9_10,REGIME_RANGE_CLOSE_ROWS,3,1,5032.98,5032.98,5032.98,5032.98,5032.98,0.0,84.55487,91.473913,91.473913,1.0,1,4967.33,-65.65,65.65,65.65,65.65,False,False,False,False,False,prior_hlc::previous_mid,5032.980000,1
2,2026-02-11,2026-02-10,L6,RANGE_NORMAL_60_120,CLOSE_POS_MIDDLE_THIRD,ROWS_STANDARD_9_10,REGIME_RANGE_CLOSE_ROWS,2,3,5017.98,5025.3,5021.64,5021.834373,5022.22312,7.32,80.645415,89.517843,268.553528,1.083333,2,4967.33,-54.31,54.31,54.504373,54.89312,False,False,False,False,False,red_box_edge::red_edge_1 | prior_range_fraction::prev_range_0.382 | prior_hlc::previous_close,5017.980000 | 5022.223120 | 5025.300000,2 | 4 | 3
3,2026-02-11,2026-02-10,L6,RANGE_NORMAL_60_120,CLOSE_POS_MIDDLE_THIRD,ROWS_STANDARD_9_10,REGIME_RANGE_CLOSE_ROWS,1,1,5010.19,5010.19,5010.19,5010.19,5010.19,0.0,75.704527,87.249185,87.249185,0.2,5,4967.33,-42.86,42.86,42.86,42.86,False,False,False,False,False,prior_range_fraction::prev_range_0.25,5010.190000,5
1,2026-02-11,2026-02-10,L7,RANGE_NORMAL_60_120,CLOSE_POS_MIDDLE_THIRD,ROWS_STANDARD_9_10,REGIME_RANGE_CLOSE_ROWS,4,1,5017.98,5017.98,5017.98,5017.98,5017.98,0.0,85.284722,92.73228,92.73228,1.0,1,4912.29,-105.69,105.69,105.69,105.69,False,False,False,False,False,red_box_edge::red_edge_1,5017.980000,1
2,2026-02-11,2026-02-10,L7,RANGE_NORMAL_60_120,CLOSE_POS_MIDDLE_THIRD,ROWS_STANDARD_9_10,REGIME_RANGE_CLOSE_ROWS,3,2,5002.545,5002.835,5002.69,5002.69,5002.69,0.29,83.627122,90.026992,180.053983,0.833333,2,4912.29,-90.4,90.4,90.4,90.4,False,False,False,False,False,green_box_quarter::green_box_1_25pct | red_box_quarter::red_box_2_25pct,5002.545000 | 5002.835000,3 | 2
3,2026-02-11,2026-02-10,L7,RANGE_NORMAL_60_120,CLOSE_POS_MIDDLE_THIRD,ROWS_STANDARD_9_10,REGIME_RANGE_CLOSE_ROWS,2,1,4987.4,4987.4,4987.4,4987.4,4987.4,0.0,76.036961,87.132692,87.132692,0.25,4,4912.29,-75.11,75.11,75.11,75.11,False,False,False,False,False,prior_hlc::previous_low,4987.400000,4
4,2026-02-11,2026-02-10,L7,RANGE_NORMAL_60_120,CLOSE_POS_MIDDLE_THIRD,ROWS_STANDARD_9_10,REGIME_RANGE_CLOSE_ROWS,1,1,4957.4,4957.4,4957.4,4957.4,4957.4,0.0,56.539187,54.205495,54.205495,0.2,5,4912.29,-45.11,45.11,45.11,45.11,False,False,False,False,False,red_box_edge::red_edge_2,4957.400000,5
1,2026-02-12,2026-02-11,L4,RANGE_NORMAL_60_120,CLOSE_POS_MIDDLE_THIRD,ROWS_EXTENDED_11_PLUS,REGIME_RANGE_CLOSE_ROWS,1,1,5119.06,5119.06,5119.06,5119.06,5119.06,0.0,52.944564,36.973387,36.973387,1.0,1,5117.76,-1.3,1.3,1.3,1.3,False,True,True,True,True,prior_hlc::previous_high,5119.060000,1
1,2026-02-12,2026-02-11,L5,RANGE_NORMAL_60_120,CLOSE_POS_MIDDLE_THIRD,ROWS_EXTENDED_11_PLUS,REGIME_RANGE_CLOSE_ROWS,1,1,5067.735,5067.735,5067.735,5067.735,5067.735,0.0,73.906127,73.114012,73.114012,1.0,1,5075.63,7.895,7.895,7.895,7.895,False,False,False,False,False,green_box_quarter::green_box_1_75pct,5067.735000,1
1,2026-02-12,2026-02-11,L6,RANGE_NORMAL_60_120,CLOSE_POS_MIDDLE_THIRD,ROWS_EXTENDED_11_PLUS,REGIME_RANGE_CLOSE_ROWS,1,1,5035.205,5035.205,5035.205,5035.205,5035.205,0.0,83.465252,89.595262,89.595262,1.0,1,5037.65,2.445,2.445,2.445,2.445,False,True,True,True,True,green_box_quarter::green_box_1_25pct,5035.205000,1
1,2026-02-12,2026-02-11,L7,RANGE_NORMAL_60_120,CLOSE_POS_MIDDLE_THIRD,ROWS_EXTENDED_11_PLUS,REGIME_RANGE_CLOSE_ROWS,1,1,5005.205,5005.205,5005.205,5005.205,5005.205,0.0,80.868638,85.118342,85.118342,1.0,1,4999.12,-6.085,6.085,6.085,6.085,False,False,False,False,False,red_box_quarter::red_box_2_75pct,5005.205000,1
1,2026-02-13,2026-02-12,L4,RANGE_EXTREME_220_PLUS,CLOSE_POS_LOWER_THIRD,ROWS_SPARSE_1_8,REGIME_RANGE_CLOSE,4,1,5004.24,5004.24,5004.24,5004.24,5004.24,0.0,82.936591,88.683777,88.683777,1.0,1,4960.96,-43.28,43.28,43.28,43.28,False,False,False,False,False,green_box_edge::green_edge_1,5004.240000,1
2,2026-02-13,2026-02-12,L4,RANGE_EXTREME_220_PLUS,CLOSE_POS_LOWER_THIRD,ROWS_SPARSE_1_8,REGIME_RANGE_CLOSE,3,1,4989.24,4989.24,4989.24,4989.24,4989.24,0.0,38.009415,18.119681,18.119681,0.5,2,4960.96,-28.28,28.28,28.28,28.28,False,False,False,False,False,prior_hlc::previous_mid,4989.240000,2
3,2026-02-13,2026-02-12,L4,RANGE_EXTREME_220_PLUS,CLOSE_POS_LOWER_THIRD,ROWS_SPARSE_1_8,REGIME_RANGE_CLOSE,1,1,4911.4,4911.4,4911.4,4911.4,4911.4,0.0,31.761507,9.646277,9.646277,0.333333,3,4960.96,49.56,49.56,49.56,49.56,False,False,False,False,False,red_box_midline::red_mid_2,4911.400000,3
4,2026-02-13,2026-02-12,L4,RANGE_EXTREME_220_PLUS,CLOSE_POS_LOWER_THIRD,ROWS_SPARSE_1_8,REGIME_RANGE_CLOSE,2,1,4952.346593,4952.346593,4952.346593,4952.346593,4952.346593,0.0,29.55383,6.989362,6.989362,0.25,4,4960.96,8.613407,8.613407,8.613407,8.613407,False,False,False,False,False,prior_range_fraction::prev_range_0.333333,4952.346593,4
1,2026-02-13,2026-02-12,L5,RANGE_EXTREME_220_PLUS,CLOSE_POS_LOWER_THIRD,ROWS_SPARSE_1_8,REGIME_RANGE_CLOSE,3,1,4966.706667,4966.706667,4966.706667,4966.706667,4966.706667,0.0,85.775248,93.578013,93.578013,1.0,1,4914.19,-52.516667,52.516667,52.516667,52.516667,False,False,False,False,False,prior_hlc::previous_pivot_hlc3,4966.706667,1
2,2026-02-13,2026-02-12,L5,RANGE_EXTREME_220_PLUS,CLOSE_POS_LOWER_THIRD,ROWS_SPARSE_1_8,REGIME_RANGE_CLOSE,2,1,4933.9,4933.9,4933.9,4933.9,4933.9,0.0,79.987455,90.495612,90.495612,0.5,2,4914.19,-19.71,19.71,19.71,19.71,False,False,False,False,False,prior_range_fraction::prev_range_0.25,4933.900000,2
3,2026-02-13,2026-02-12,L5,RANGE_EXTREME_220_PLUS,CLOSE_POS_LOWER_THIRD,ROWS_SPARSE_1_8,REGIME_RANGE_CLOSE,1,1,4921.64,4921.64,4921.64,4921.64,4921.64,0.0,70.433007,76.321277,76.321277,0.333333,3,4914.19,-7.45,7.45,7.45,7.45,False,False,False,False,False,prior_hlc::previous_close,4921.640000,3
4,2026-02-13,2026-02-12,L5,RANGE_EXTREME_220_PLUS,CLOSE_POS_LOWER_THIRD,ROWS_SPARSE_1_8,REGIME_RANGE_CLOSE,4,1,4974.24,4974.24,4974.24,4974.24,4974.24,0.0,68.483091,74.108777,74.108777,0.25,4,4914.19,-60.05,60.05,60.05,60.05,False,False,False,False,False,red_box_edge::red_edge_1,4974.240000,4
1,2026-02-13,2026-02-12,L6,RANGE_EXTREME_220_PLUS,CLOSE_POS_LOWER_THIRD,ROWS_SPARSE_1_8,REGIME_RANGE_CLOSE,3,1,4952.346593,4952.346593,4952.346593,4952.346593,4952.346593,0.0,73.504199,72.421032,72.421032,1.0,1,4870.79,-81.556593,81.556593,81.556593,81.556593,False,False,False,False,False,prior_range_fraction::prev_range_0.333333,4952.346593,1
2,2026-02-13,2026-02-12,L6,RANGE_EXTREME_220_PLUS,CLOSE_POS_LOWER_THIRD,ROWS_SPARSE_1_8,REGIME_RANGE_CLOSE,2,1,4911.4,4911.4,4911.4,4911.4,4911.4,0.0,50.551915,39.744681,39.744681,0.5,2,4870.79,-40.61,40.61,40.61,40.61,False,False,False,False,False,red_box_midline::red_mid_2,4911.400000,2
3,2026-02-13,2026-02-12,L6,RANGE_EXTREME_220_PLUS,CLOSE_POS_LOWER_THIRD,ROWS_SPARSE_1_8,REGIME_RANGE_CLOSE,1,1,4879.98,4879.98,4879.98,4879.98,4879.98,0.0,35.770757,16.558777,16.558777,0.333333,3,4870.79,-9.19,9.19,9.19,9.19,False,False,False,False,False,red_box_quarter::red_box_2_75pct,4879.980000,3
1,2026-02-13,2026-02-12,L7,RANGE_EXTREME_220_PLUS,CLOSE_POS_LOWER_THIRD,ROWS_SPARSE_1_8,REGIME_RANGE_CLOSE,2,1,4906.23,4906.23,4906.23,4906.23,4906.23,0.0,83.427833,89.530746,89.530746,1.0,1,4825.68,-80.55,80.55,80.55,80.55,False,False,False,False,False,prior_range_fraction::prev_range_0.125,4906.230000,1
2,2026-02-13,2026-02-12,L7,RANGE_EXTREME_220_PLUS,CLOSE_POS_LOWER_THIRD,ROWS_SPARSE_1_8,REGIME_RANGE_CLOSE,1,1,4878.56,4878.56,4878.56,4878.56,4878.56,0.0,33.469322,10.291935,10.291935,0.5,2,4825.68,-52.88,52.88,52.88,52.88,False,False,False,False,False,prior_hlc::previous_low,4878.560000,2
3,2026-02-13,2026-02-12,L7,RANGE_EXTREME_220_PLUS,CLOSE_POS_LOWER_THIRD,ROWS_SPARSE_1_8,REGIME_RANGE_CLOSE,3,1,4933.9,4933.9,4933.9,4933.9,4933.9,0.0,27.635376,2.532258,2.532258,0.333333,3,4825.68,-108.22,108.22,108.22,108.22,False,False,False,False,False,prior_range_fraction::prev_range_0.25,4933.900000,3
1,2026-02-16,2026-02-13,L4,RANGE_WIDE_120_220,CLOSE_POS_UPPER_THIRD,ROWS_SPARSE_1_8,REGIME_RANGE_CLOSE_ROWS,1,2,5026.025,5028.45,5027.2375,5027.2375,5027.2375,2.425,86.555734,89.12023,178.240461,1.5,1,5039.88,12.6425,12.6425,12.6425,12.6425,False,False,False,False,False,prior_range_fraction::prev_range_0.875 | green_box_midline::green_mid_2,5026.025000 | 5028.450000,1 | 2
1,2026-02-16,2026-02-13,L5,RANGE_WIDE_120_220,CLOSE_POS_UPPER_THIRD,ROWS_SPARSE_1_8,REGIME_RANGE_CLOSE_ROWS,1,1,5004.625,5004.625,5004.625,5004.625,5004.625,0.0,71.118245,68.307319,68.307319,1.0,1,5001.35,-3.275,3.275,3.275,3.275,False,False,True,False,True,green_box_quarter::green_box_2_25pct,5004.625000,1
1,2026-02-16,2026-02-13,L6,RANGE_WIDE_120_220,CLOSE_POS_UPPER_THIRD,ROWS_SPARSE_1_8,REGIME_RANGE_CLOSE_ROWS,1,1,4980.8,4980.8,4980.8,4980.8,4980.8,0.0,84.745527,91.802632,91.802632,1.0,1,4961.15,-19.65,19.65,19.65,19.65,False,False,False,False,False,green_box_edge::green_edge_1,4980.800000,1
2,2026-02-16,2026-02-13,L6,RANGE_WIDE_120_220,CLOSE_POS_UPPER_THIRD,ROWS_SPARSE_1_8,REGIME_RANGE_CLOSE_ROWS,2,1,4998.45,4998.45,4998.45,4998.45,4998.45,0.0,77.641191,86.450329,86.450329,0.5,2,4961.15,-37.3,37.3,37.3,37.3,False,False,False,False,False,red_box_midline::red_mid_1,4998.450000,2
1,2026-02-16,2026-02-13,L7,RANGE_WIDE_120_220,CLOSE_POS_UPPER_THIRD,ROWS_SPARSE_1_8,REGIME_RANGE_CLOSE_ROWS,1,1,4956.975,4956.975,4956.975,4956.975,4956.975,0.0,84.340931,91.105053,91.105053,1.0,1,4914.19,-42.785,42.785,42.785,42.785,False,False,False,False,False,green_box_quarter::green_box_1_75pct,4956.975000,1
2,2026-02-16,2026-02-13,L7,RANGE_WIDE_120_220,CLOSE_POS_UPPER_THIRD,ROWS_SPARSE_1_8,REGIME_RANGE_CLOSE_ROWS,2,1,4974.625,4974.625,4974.625,4974.625,4974.625,0.0,77.1104,85.535173,85.535173,0.5,2,4914.19,-60.435,60.435,60.435,60.435,False,False,False,False,False,red_box_quarter::red_box_1_75pct,4974.625000,2
1,2026-02-17,2026-02-16,L4,RANGE_NORMAL_60_120,CLOSE_POS_MIDDLE_THIRD,ROWS_STANDARD_9_10,REGIME_RANGE_CLOSE_ROWS,4,2,5052.16,5052.7025,5052.43125,5052.43125,5052.43125,0.5425,81.462121,80.930208,161.860417,1.25,1,5037.25,-15.18125,15.18125,15.18125,15.18125,False,False,False,False,False,prior_hlc::previous_high | green_box_midline::green_mid_2,5052.160000 | 5052.702500,4 | 1
2,2026-02-17,2026-02-16,L4,RANGE_NORMAL_60_120,CLOSE_POS_MIDDLE_THIRD,ROWS_STANDARD_9_10,REGIME_RANGE_CLOSE_ROWS,2,1,5023.245,5023.245,5023.245,5023.245,5023.245,0.0,79.18525,89.1125,89.1125,0.5,2,5037.25,14.005,14.005,14.005,14.005,False,False,False,False,False,green_box_edge::green_edge_1,5023.245000,2
3,2026-02-17,2026-02-16,L4,RANGE_NORMAL_60_120,CLOSE_POS_MIDDLE_THIRD,ROWS_STANDARD_9_10,REGIME_RANGE_CLOSE_ROWS,1,1,4993.64,4993.64,4993.64,4993.64,4993.64,0.0,68.890917,73.6625,73.6625,0.333333,3,5037.25,43.61,43.61,43.61,43.61,False,False,False,False,False,prior_hlc::previous_close,4993.640000,3
4,2026-02-17,2026-02-16,L4,RANGE_NORMAL_60_120,CLOSE_POS_MIDDLE_THIRD,ROWS_STANDARD_9_10,REGIME_RANGE_CLOSE_ROWS,3,1,5041.18125,5041.18125,5041.18125,5041.18125,5041.18125,0.0,63.409907,66.051563,66.051563,0.2,5,5037.25,-3.93125,3.93125,3.93125,3.93125,False,False,True,False,True,prior_range_fraction::prev_range_0.875,5041.181250,5
1,2026-02-17,2026-02-16,L5,RANGE_NORMAL_60_120,CLOSE_POS_MIDDLE_THIRD,ROWS_STANDARD_9_10,REGIME_RANGE_CLOSE_ROWS,3,2,5022.7025,5023.245,5022.97375,5022.97375,5022.97375,0.5425,88.494892,91.90625,183.8125,1.333333,1,4997.56,-25.41375,25.41375,25.41375,25.41375,False,False,False,False,False,red_box_midline::red_mid_1 | green_box_edge::green_edge_1,5022.702500 | 5023.245000,3 | 1
2,2026-02-17,2026-02-16,L5,RANGE_NORMAL_60_120,CLOSE_POS_MIDDLE_THIRD,ROWS_STANDARD_9_10,REGIME_RANGE_CLOSE_ROWS,1,1,4993.7875,4993.7875,4993.7875,4993.7875,4993.7875,0.0,80.49025,91.3625,91.3625,0.5,2,4997.56,3.7725,3.7725,3.7725,3.7725,False,False,True,False,True,green_box_midline::green_mid_1,4993.787500,2
3,2026-02-17,2026-02-16,L5,RANGE_NORMAL_60_120,CLOSE_POS_MIDDLE_THIRD,ROWS_STANDARD_9_10,REGIME_RANGE_CLOSE_ROWS,2,2,5003.376667,5007.97375,5005.675209,5005.675209,5005.675209,4.597083,76.426504,89.434375,178.86875,0.45,4,4997.56,-8.115209,8.115209,8.115209,8.115209,False,False,False,False,False,prior_hlc::previous_pivot_hlc3 | red_box_quarter::red_box_1_75pct,5003.376667 | 5007.973750,4 | 5
1,2026-02-17,2026-02-16,L6,RANGE_NORMAL_60_120,CLOSE_POS_MIDDLE_THIRD,ROWS_STANDARD_9_10,REGIME_RANGE_CLOSE_ROWS,3,1,5008.245,5008.245,5008.245,5008.245,5008.245,0.0,84.454,91.3,91.3,1.0,1,4963.07,-45.175,45.175,45.175,45.175,False,False,False,False,False,prior_hlc::previous_mid,5008.245000,1
2,2026-02-17,2026-02-16,L6,RANGE_NORMAL_60_120,CLOSE_POS_MIDDLE_THIRD,ROWS_STANDARD_9_10,REGIME_RANGE_CLOSE_ROWS,2,3,4993.245,4997.88106,4995.56303,4994.92202,4993.64,4.63606,82.926377,89.37835,268.13505,1.083333,2,4963.07,-32.49303,32.49303,31.85202,30.57,False,False,False,False,False,red_box_edge::red_edge_1 | prior_hlc::previous_close | prior_range_fraction::prev_range_0.382,4993.245000 | 4993.640000 | 4997.881060,2 | 3 | 4
3,2026-02-17,2026-02-16,L6,RANGE_NORMAL_60_120,CLOSE_POS_MIDDLE_THIRD,ROWS_STANDARD_9_10,REGIME_RANGE_CLOSE_ROWS,1,1,4986.2875,4986.2875,4986.2875,4986.2875,4986.2875,0.0,75.665125,87.18125,87.18125,0.2,5,4963.07,-23.2175,23.2175,23.2175,23.2175,False,False,False,False,False,prior_range_fraction::prev_range_0.25,4986.287500,5
1,2026-02-17,2026-02-16,L7,RANGE_NORMAL_60_120,CLOSE_POS_MIDDLE_THIRD,ROWS_STANDARD_9_10,REGIME_RANGE_CLOSE_ROWS,1,1,4890.14375,4890.14375,4890.14375,4890.14375,4890.14375,0.0,85.728855,93.498026,93.498026,1.0,1,4920.57,30.42625,30.42625,30.42625,30.42625,False,False,False,False,False,red_box_quarter::red_box_3_75pct,4890.143750,1
2,2026-02-17,2026-02-16,L7,RANGE_NORMAL_60_120,CLOSE_POS_MIDDLE_THIRD,ROWS_STANDARD_9_10,REGIME_RANGE_CLOSE_ROWS,3,2,4978.51625,4979.05875,4978.7875,4978.7875,4978.7875,0.5425,81.313142,89.86875,179.7375,0.583333,3,4920.57,-58.2175,58.2175,58.2175,58.2175,False,False,False,False,False,red_box_quarter::red_box_2_25pct | green_box_quarter::green_box_1_25pct,4978.516250 | 4979.058750,3 | 4
3,2026-02-17,2026-02-16,L7,RANGE_NORMAL_60_120,CLOSE_POS_MIDDLE_THIRD,ROWS_STANDARD_9_10,REGIME_RANGE_CLOSE_ROWS,4,1,4993.245,4993.245,4993.245,4993.245,4993.245,0.0,81.181671,92.554605,92.554605,0.5,2,4920.57,-72.675,72.675,72.675,72.675,False,False,False,False,False,red_box_edge::red_edge_1,4993.245000,2
4,2026-02-17,2026-02-16,L7,RANGE_NORMAL_60_120,CLOSE_POS_MIDDLE_THIRD,ROWS_STANDARD_9_10,REGIME_RANGE_CLOSE_ROWS,2,1,4964.33,4964.33,4964.33,4964.33,4964.33,0.0,75.580605,87.035526,87.035526,0.2,5,4920.57,-43.76,43.76,43.76,43.76,False,False,False,False,False,prior_hlc::previous_low,4964.330000,5
1,2026-02-18,2026-02-17,L4,RANGE_WIDE_120_220,CLOSE_POS_LOWER_THIRD,ROWS_STANDARD_9_10,REGIME_RANGE_CLOSE_ROWS,2,1,4940.16064,4940.16064,4940.16064,4940.16064,4940.16064,0.0,85.560185,93.207215,93.207215,1.0,1,4912.68,-27.48064,27.48064,27.48064,27.48064,False,False,False,False,False,prior_range_fraction::prev_range_0.618,4940.160640,1
2,2026-02-18,2026-02-17,L4,RANGE_WIDE_120_220,CLOSE_POS_LOWER_THIRD,ROWS_STANDARD_9_10,REGIME_RANGE_CLOSE_ROWS,1,1,4912.9,4912.9,4912.9,4912.9,4912.9,0.0,79.524169,89.696843,89.696843,0.5,2,4912.68,-0.22,0.22,0.22,0.22,False,True,True,True,True,green_box_quarter::green_box_1_75pct,4912.900000,2
1,2026-02-18,2026-02-17,L5,RANGE_WIDE_120_220,CLOSE_POS_LOWER_THIRD,ROWS_STANDARD_9_10,REGIME_RANGE_CLOSE_ROWS,1,1,4881.84,4881.84,4881.84,4881.84,4881.84,0.0,82.708544,88.290593,88.290593,1.0,1,4878.73,-3.11,3.11,3.11,3.11,False,False,True,False,True,prior_range_fraction::prev_range_0.25,4881.840000,1
2,2026-02-18,2026-02-17,L5,RANGE_WIDE_120_220,CLOSE_POS_LOWER_THIRD,ROWS_STANDARD_9_10,REGIME_RANGE_CLOSE_ROWS,2,1,4906.46,4906.46,4906.46,4906.46,4906.46,0.0,73.035606,78.509665,78.509665,0.5,2,4878.73,-27.73,27.73,27.73,27.73,False,False,False,False,False,red_box_edge::red_edge_1,4906.460000,2
1,2026-02-18,2026-02-17,L6,RANGE_WIDE_120_220,CLOSE_POS_LOWER_THIRD,ROWS_STANDARD_9_10,REGIME_RANGE_CLOSE_ROWS,2,1,4859.34,4859.34,4859.34,4859.34,4859.34,0.0,84.260231,90.965915,90.965915,1.0,1,4842.48,-16.86,16.86,16.86,16.86,False,False,False,False,False,red_box_midline::red_mid_2,4859.340000,1
2,2026-02-18,2026-02-17,L6,RANGE_WIDE_120_220,CLOSE_POS_LOWER_THIRD,ROWS_STANDARD_9_10,REGIME_RANGE_CLOSE_ROWS,1,1,4842.22,4842.22,4842.22,4842.22,4842.22,0.0,30.604794,5.353093,5.353093,0.5,2,4842.48,0.26,0.26,0.26,0.26,False,True,True,True,True,prior_hlc::previous_low,4842.220000,2
1,2026-02-18,2026-02-17,L7,RANGE_WIDE_120_220,CLOSE_POS_LOWER_THIRD,ROWS_STANDARD_9_10,REGIME_RANGE_CLOSE_ROWS,1,1,4812.22,4812.22,4812.22,4812.22,4812.22,0.0,62.82,54.0,54.0,1.0,1,4805.69,-6.53,6.53,6.53,6.53,False,False,False,False,False,red_box_edge::red_edge_2,4812.220000,1
1,2026-02-19,2026-02-18,L4,RANGE_WIDE_120_220,CLOSE_POS_UPPER_THIRD,ROWS_EXTENDED_11_PLUS,REGIME_RANGE_CLOSE_ROWS,1,1,4964.2825,4964.2825,4964.2825,4964.2825,4964.2825,0.0,73.314153,72.093367,72.093367,1.0,1,5030.72,66.4375,66.4375,66.4375,66.4375,False,False,False,False,False,red_box_midline::red_mid_1,4964.282500,1
2,2026-02-19,2026-02-18,L4,RANGE_WIDE_120_220,CLOSE_POS_UPPER_THIRD,ROWS_EXTENDED_11_PLUS,REGIME_RANGE_CLOSE_ROWS,2,1,4970.93375,4970.93375,4970.93375,4970.93375,4970.93375,0.0,46.69382,33.092793,33.092793,0.5,2,5030.72,59.78625,59.78625,59.78625,59.78625,False,False,False,False,False,green_box_quarter::green_box_2_25pct,4970.933750,2
1,2026-02-19,2026-02-18,L5,RANGE_WIDE_120_220,CLOSE_POS_UPPER_THIRD,ROWS_EXTENDED_11_PLUS,REGIME_RANGE_CLOSE_ROWS,2,1,4964.2825,4964.2825,4964.2825,4964.2825,4964.2825,0.0,81.997507,87.064668,87.064668,1.0,1,5000.02,35.7375,35.7375,35.7375,35.7375,False,False,False,False,False,red_box_midline::red_mid_1,4964.282500,1
2,2026-02-19,2026-02-18,L5,RANGE_WIDE_120_220,CLOSE_POS_UPPER_THIRD,ROWS_EXTENDED_11_PLUS,REGIME_RANGE_CLOSE_ROWS,1,1,4932.585,4932.585,4932.585,4932.585,4932.585,0.0,70.227653,73.668367,73.668367,0.5,2,5000.02,67.435,67.435,67.435,67.435,False,False,False,False,False,prior_hlc::previous_mid,4932.585000,2
1,2026-02-19,2026-02-18,L6,RANGE_WIDE_120_220,CLOSE_POS_UPPER_THIRD,ROWS_EXTENDED_11_PLUS,REGIME_RANGE_CLOSE_ROWS,1,1,4906.453281,4906.453281,4906.453281,4906.453281,4906.453281,0.0,73.995575,73.268232,73.268232,1.0,1,4972.89,66.436719,66.436719,66.436719,66.436719,False,False,False,False,False,prior_range_fraction::prev_range_0.333333,4906.453281,1
2,2026-02-19,2026-02-18,L6,RANGE_WIDE_120_220,CLOSE_POS_UPPER_THIRD,ROWS_EXTENDED_11_PLUS,REGIME_RANGE_CLOSE_ROWS,2,1,4947.585,4947.585,4947.585,4947.585,4947.585,0.0,47.195882,33.958418,33.958418,0.5,2,4972.89,25.305,25.305,25.305,25.305,False,False,False,False,False,green_box_edge::green_edge_1,4947.585000,2
1,2026-02-19,2026-02-18,L7,RANGE_WIDE_120_220,CLOSE_POS_UPPER_THIRD,ROWS_EXTENDED_11_PLUS,REGIME_RANGE_CLOSE_ROWS,1,1,4877.53875,4877.53875,4877.53875,4877.53875,4877.53875,0.0,80.917644,85.202835,85.202835,1.0,1,4944.55,67.01125,67.01125,67.01125,67.01125,False,False,False,False,False,green_box_quarter::green_box_1_25pct,4877.538750,1
2,2026-02-19,2026-02-18,L7,RANGE_WIDE_120_220,CLOSE_POS_UPPER_THIRD,ROWS_EXTENDED_11_PLUS,REGIME_RANGE_CLOSE_ROWS,2,1,4932.585,4932.585,4932.585,4932.585,4932.585,0.0,70.313642,73.816624,73.816624,0.5,2,4944.55,11.965,11.965,11.965,11.965,False,False,False,False,False,prior_hlc::previous_mid,4932.585000,2
1,2026-02-20,2026-02-19,L4,RANGE_NORMAL_60_120,CLOSE_POS_MIDDLE_THIRD,ROWS_STANDARD_9_10,REGIME_RANGE_CLOSE_ROWS,2,2,5006.455,5010.80125,5008.628125,5008.628125,5008.628125,4.34625,84.916992,91.508665,183.01733,1.333333,1,5017.88,9.251875,9.251875,9.251875,9.251875,False,False,False,False,False,green_box_edge::green_edge_1 | red_box_quarter::red_box_1_25pct,5006.455000 | 5010.801250,3 | 1
2,2026-02-20,2026-02-19,L4,RANGE_NORMAL_60_120,CLOSE_POS_MIDDLE_THIRD,ROWS_STANDARD_9_10,REGIME_RANGE_CLOSE_ROWS,4,1,5029.3525,5029.3525,5029.3525,5029.3525,5029.3525,0.0,80.278132,90.99678,90.99678,0.5,2,5017.88,-11.4725,11.4725,11.4725,11.4725,False,False,False,False,False,green_box_midline::green_mid_2,5029.352500,2
3,2026-02-20,2026-02-19,L4,RANGE_NORMAL_60_120,CLOSE_POS_MIDDLE_THIRD,ROWS_STANDARD_9_10,REGIME_RANGE_CLOSE_ROWS,1,1,4995.96,4995.96,4995.96,4995.96,4995.96,0.0,68.220954,73.656818,73.656818,0.25,4,5017.88,21.92,21.92,21.92,21.92,False,False,False,False,False,prior_hlc::previous_close,4995.960000,4
4,2026-02-20,2026-02-19,L4,RANGE_NORMAL_60_120,CLOSE_POS_MIDDLE_THIRD,ROWS_STANDARD_9_10,REGIME_RANGE_CLOSE_ROWS,3,1,5022.25,5022.25,5022.25,5022.25,5022.25,0.0,66.027349,70.564394,70.564394,0.2,5,5017.88,-4.37,4.37,4.37,4.37,False,False,True,False,True,prior_hlc::previous_high,5022.250000,5
1,2026-02-20,2026-02-19,L5,RANGE_NORMAL_60_120,CLOSE_POS_MIDDLE_THIRD,ROWS_STANDARD_9_10,REGIME_RANGE_CLOSE_ROWS,4,1,5006.455,5006.455,5006.455,5006.455,5006.455,0.0,85.799204,93.619318,93.619318,1.0,1,4995.03,-11.425,11.425,11.425,11.425,False,False,False,False,False,green_box_edge::green_edge_1,5006.455000,1
2,2026-02-20,2026-02-19,L5,RANGE_NORMAL_60_120,CLOSE_POS_MIDDLE_THIRD,ROWS_STANDARD_9_10,REGIME_RANGE_CLOSE_ROWS,1,2,4983.5575,4984.18738,4983.87244,4983.87244,4983.87244,0.62988,84.693498,92.381251,184.762502,0.833333,2,4995.03,11.15756,11.15756,11.15756,11.15756,False,False,False,False,False,green_box_midline::green_mid_1 | prior_range_fraction::prev_range_0.382,4983.557500 | 4984.187380,3 | 2
3,2026-02-20,2026-02-19,L5,RANGE_NORMAL_60_120,CLOSE_POS_MIDDLE_THIRD,ROWS_STANDARD_9_10,REGIME_RANGE_CLOSE_ROWS,3,1,4999.3525,4999.3525,4999.3525,4999.3525,4999.3525,0.0,77.665947,89.941288,89.941288,0.25,4,4995.03,-4.3225,4.3225,4.3225,4.3225,False,False,True,False,True,red_box_midline::red_mid_1,4999.352500,4
4,2026-02-20,2026-02-19,L5,RANGE_NORMAL_60_120,CLOSE_POS_MIDDLE_THIRD,ROWS_STANDARD_9_10,REGIME_RANGE_CLOSE_ROWS,2,1,4992.956667,4992.956667,4992.956667,4992.956667,4992.956667,0.0,77.113257,89.67803,89.67803,0.2,5,4995.03,2.073333,2.073333,2.073333,2.073333,False,True,True,True,True,prior_hlc::previous_pivot_hlc3,4992.956667,5
1,2026-02-20,2026-02-19,L6,RANGE_NORMAL_60_120,CLOSE_POS_MIDDLE_THIRD,ROWS_STANDARD_9_10,REGIME_RANGE_CLOSE_ROWS,3,2,4991.455,4995.96,4993.7075,4993.7075,4993.7075,4.505,83.985092,90.142803,180.285606,1.333333,1,4965.99,-27.7175,27.7175,27.7175,27.7175,False,False,False,False,False,prior_hlc::previous_mid | prior_hlc::previous_close,4991.455000 | 4995.960000,1 | 3
2,2026-02-20,2026-02-19,L6,RANGE_NORMAL_60_120,CLOSE_POS_MIDDLE_THIRD,ROWS_STANDARD_9_10,REGIME_RANGE_CLOSE_ROWS,1,2,4976.0575,4976.455,4976.25625,4976.25625,4976.25625,0.3975,81.922049,89.089394,178.178788,0.7,2,4965.99,-10.26625,10.26625,10.26625,10.26625,False,False,False,False,False,prior_range_fraction::prev_range_0.25 | red_box_edge::red_edge_1,4976.057500 | 4976.455000,5 | 2
3,2026-02-20,2026-02-19,L6,RANGE_NORMAL_60_120,CLOSE_POS_MIDDLE_THIRD,ROWS_STANDARD_9_10,REGIME_RANGE_CLOSE_ROWS,2,1,4984.18738,4984.18738,4984.18738,4984.18738,4984.18738,0.0,76.361174,87.691679,87.691679,0.25,4,4965.99,-18.19738,18.19738,18.19738,18.19738,False,False,False,False,False,prior_range_fraction::prev_range_0.382,4984.187380,4
1,2026-02-20,2026-02-19,L7,RANGE_NORMAL_60_120,CLOSE_POS_MIDDLE_THIRD,ROWS_STANDARD_9_10,REGIME_RANGE_CLOSE_ROWS,1,1,4896.31375,4896.31375,4896.31375,4896.31375,4896.31375,0.0,85.625689,93.320153,93.320153,1.0,1,4935.99,39.67625,39.67625,39.67625,39.67625,False,False,False,False,False,red_box_quarter::red_box_3_75pct,4896.313750,1
2,2026-02-20,2026-02-19,L7,RANGE_NORMAL_60_120,CLOSE_POS_MIDDLE_THIRD,ROWS_STANDARD_9_10,REGIME_RANGE_CLOSE_ROWS,2,1,4919.21125,4919.21125,4919.21125,4919.21125,4919.21125,0.0,79.500959,91.955676,91.955676,0.333333,3,4935.99,16.77875,16.77875,16.77875,16.77875,False,False,False,False,False,red_box_quarter::red_box_3_25pct,4919.211250,3
3,2026-02-20,2026-02-19,L7,RANGE_NORMAL_60_120,CLOSE_POS_MIDDLE_THIRD,ROWS_STANDARD_9_10,REGIME_RANGE_CLOSE_ROWS,4,2,4972.10875,4976.455,4974.281875,4974.281875,4974.281875,4.34625,79.49288,90.892379,181.784757,0.7,2,4935.99,-38.291875,38.291875,38.291875,38.291875,False,False,False,False,False,green_box_quarter::green_box_1_25pct | red_box_edge::red_edge_1,4972.108750 | 4976.455000,5 | 2
4,2026-02-20,2026-02-19,L7,RANGE_NORMAL_60_120,CLOSE_POS_MIDDLE_THIRD,ROWS_STANDARD_9_10,REGIME_RANGE_CLOSE_ROWS,3,1,4965.00625,4965.00625,4965.00625,4965.00625,4965.00625,0.0,77.794657,90.163202,90.163202,0.25,4,4935.99,-29.01625,29.01625,29.01625,29.01625,False,False,False,False,False,red_box_quarter::red_box_2_25pct,4965.006250,4
1,2026-02-23,2026-02-20,L4,RANGE_WIDE_120_220,CLOSE_POS_UPPER_THIRD,ROWS_EXTENDED_11_PLUS,REGIME_RANGE_CLOSE_ROWS,1,1,5068.92,5068.92,5068.92,5068.92,5068.92,0.0,73.3035,72.075,72.075,1.0,1,5150.72,81.8,81.8,81.8,81.8,False,False,False,False,False,red_box_midline::red_mid_1,5068.920000,1
2,2026-02-23,2026-02-20,L4,RANGE_WIDE_120_220,CLOSE_POS_UPPER_THIRD,ROWS_EXTENDED_11_PLUS,REGIME_RANGE_CLOSE_ROWS,2,1,5079.4,5079.4,5079.4,5079.4,5079.4,0.0,46.684587,33.076875,33.076875,0.5,2,5150.72,71.32,71.32,71.32,71.32,False,False,False,False,False,green_box_quarter::green_box_2_25pct,5079.400000,2
3,2026-02-23,2026-02-20,L4,RANGE_WIDE_120_220,CLOSE_POS_UPPER_THIRD,ROWS_EXTENDED_11_PLUS,REGIME_RANGE_CLOSE_ROWS,3,1,5137.96,5137.96,5137.96,5137.96,5137.96,0.0,30.481867,7.44,7.44,0.333333,3,5150.72,12.76,12.76,12.76,12.76,False,False,False,False,False,green_box_edge::green_edge_2,5137.960000,3
1,2026-02-23,2026-02-20,L5,RANGE_WIDE_120_220,CLOSE_POS_UPPER_THIRD,ROWS_EXTENDED_11_PLUS,REGIME_RANGE_CLOSE_ROWS,2,1,5068.92,5068.92,5068.92,5068.92,5068.92,0.0,81.988275,87.04875,87.04875,1.0,1,5126.12,57.2,57.2,57.2,57.2,False,False,False,False,False,red_box_midline::red_mid_1,5068.920000,1
2,2026-02-23,2026-02-20,L5,RANGE_WIDE_120_220,CLOSE_POS_UPPER_THIRD,ROWS_EXTENDED_11_PLUS,REGIME_RANGE_CLOSE_ROWS,1,1,5044.88,5044.88,5044.88,5044.88,5044.88,0.0,70.217,73.65,73.65,0.5,2,5126.12,81.24,81.24,81.24,81.24,False,False,False,False,False,prior_hlc::previous_mid,5044.880000,2
3,2026-02-23,2026-02-20,L5,RANGE_WIDE_120_220,CLOSE_POS_UPPER_THIRD,ROWS_EXTENDED_11_PLUS,REGIME_RANGE_CLOSE_ROWS,3,1,5098.92,5098.92,5098.92,5098.92,5098.92,0.0,36.662492,18.09625,18.09625,0.333333,3,5126.12,27.2,27.2,27.2,27.2,False,False,False,False,False,green_box_midline::green_mid_2,5098.920000,3
1,2026-02-23,2026-02-20,L6,RANGE_WIDE_120_220,CLOSE_POS_UPPER_THIRD,ROWS_EXTENDED_11_PLUS,REGIME_RANGE_CLOSE_ROWS,3,1,5076.42,5076.42,5076.42,5076.42,5076.42,0.0,84.669325,91.67125,91.67125,1.0,1,5102.34,25.92,25.92,25.92,25.92,False,False,False,False,False,prior_range_fraction::prev_range_0.75,5076.420000,1
2,2026-02-23,2026-02-20,L6,RANGE_WIDE_120_220,CLOSE_POS_UPPER_THIRD,ROWS_EXTENDED_11_PLUS,REGIME_RANGE_CLOSE_ROWS,1,1,5023.853291,5023.853291,5023.853291,5023.853291,5023.853291,0.0,69.984922,73.249865,73.249865,0.5,2,5102.34,78.486709,78.486709,78.486709,78.486709,False,False,False,False,False,prior_range_fraction::prev_range_0.333333,5023.853291,2
3,2026-02-23,2026-02-20,L6,RANGE_WIDE_120_220,CLOSE_POS_UPPER_THIRD,ROWS_EXTENDED_11_PLUS,REGIME_RANGE_CLOSE_ROWS,2,1,5059.88,5059.88,5059.88,5059.88,5059.88,0.0,45.853317,33.9425,33.9425,0.333333,3,5102.34,42.46,42.46,42.46,42.46,False,False,False,False,False,green_box_edge::green_edge_1,5059.880000,3
1,2026-02-23,2026-02-20,L7,RANGE_WIDE_120_220,CLOSE_POS_UPPER_THIRD,ROWS_EXTENDED_11_PLUS,REGIME_RANGE_CLOSE_ROWS,1,1,5001.32,5001.32,5001.32,5001.32,5001.32,0.0,80.906773,85.184091,85.184091,1.0,1,5079.49,78.17,78.17,78.17,78.17,False,False,False,False,False,green_box_quarter::green_box_1_25pct,5001.320000,1
2,2026-02-23,2026-02-20,L7,RANGE_WIDE_120_220,CLOSE_POS_UPPER_THIRD,ROWS_EXTENDED_11_PLUS,REGIME_RANGE_CLOSE_ROWS,3,1,5065.853333,5065.853333,5065.853333,5065.853333,5065.853333,0.0,72.240849,77.139394,77.139394,0.5,2,5079.49,13.636667,13.636667,13.636667,13.636667,False,False,False,False,False,prior_hlc::previous_pivot_hlc3,5065.853333,2
3,2026-02-23,2026-02-20,L7,RANGE_WIDE_120_220,CLOSE_POS_UPPER_THIRD,ROWS_EXTENDED_11_PLUS,REGIME_RANGE_CLOSE_ROWS,2,1,5044.88,5044.88,5044.88,5044.88,5044.88,0.0,68.970886,73.800379,73.800379,0.333333,3,5079.49,34.61,34.61,34.61,34.61,False,False,False,False,False,prior_hlc::previous_mid,5044.880000,3
1,2026-02-24,2026-02-23,L4,RANGE_WIDE_120_220,CLOSE_POS_UPPER_THIRD,ROWS_EXTENDED_11_PLUS,REGIME_RANGE_CLOSE_ROWS,1,1,5195.6825,5195.6825,5195.6825,5195.6825,5195.6825,0.0,73.298332,72.066089,72.066089,1.0,1,5263.54,67.8575,67.8575,67.8575,67.8575,False,False,False,False,False,red_box_midline::red_mid_1,5195.682500,1
2,2026-02-24,2026-02-23,L4,RANGE_WIDE_120_220,CLOSE_POS_UPPER_THIRD,ROWS_EXTENDED_11_PLUS,REGIME_RANGE_CLOSE_ROWS,2,1,5204.61375,5204.61375,5204.61375,5204.61375,5204.61375,0.0,46.680108,33.069152,33.069152,0.5,2,5263.54,58.92625,58.92625,58.92625,58.92625,False,False,False,False,False,green_box_quarter::green_box_2_25pct,5204.613750,2
3,2026-02-24,2026-02-23,L4,RANGE_WIDE_120_220,CLOSE_POS_UPPER_THIRD,ROWS_EXTENDED_11_PLUS,REGIME_RANGE_CLOSE_ROWS,4,1,5288.88875,5288.88875,5288.88875,5288.88875,5288.88875,0.0,35.214667,15.6,15.6,0.333333,3,5263.54,-25.34875,25.34875,25.34875,25.34875,False,False,False,False,False,green_box_quarter::green_box_3_25pct,5288.888750,3
4,2026-02-24,2026-02-23,L4,RANGE_WIDE_120_220,CLOSE_POS_UPPER_THIRD,ROWS_EXTENDED_11_PLUS,REGIME_RANGE_CLOSE_ROWS,3,1,5267.82,5267.82,5267.82,5267.82,5267.82,0.0,29.781089,7.381188,7.381188,0.25,4,5263.54,-4.28,4.28,4.28,4.28,False,False,True,False,True,green_box_edge::green_edge_2,5267.820000,4
1,2026-02-24,2026-02-23,L5,RANGE_WIDE_120_220,CLOSE_POS_UPPER_THIRD,ROWS_EXTENDED_11_PLUS,REGIME_RANGE_CLOSE_ROWS,2,1,5195.6825,5195.6825,5195.6825,5195.6825,5195.6825,0.0,81.983796,87.041027,87.041027,1.0,1,5234.73,39.0475,39.0475,39.0475,39.0475,False,False,False,False,False,red_box_midline::red_mid_1,5195.682500,1
2,2026-02-24,2026-02-23,L5,RANGE_WIDE_120_220,CLOSE_POS_UPPER_THIRD,ROWS_EXTENDED_11_PLUS,REGIME_RANGE_CLOSE_ROWS,1,1,5168.545,5168.545,5168.545,5168.545,5168.545,0.0,70.211832,73.641089,73.641089,0.5,2,5234.73,66.185,66.185,66.185,66.185,False,False,False,False,False,prior_hlc::previous_mid,5168.545000,2
3,2026-02-24,2026-02-23,L5,RANGE_WIDE_120_220,CLOSE_POS_UPPER_THIRD,ROWS_EXTENDED_11_PLUS,REGIME_RANGE_CLOSE_ROWS,3,1,5225.6825,5225.6825,5225.6825,5225.6825,5225.6825,0.0,36.628381,18.037438,18.037438,0.333333,3,5234.73,9.0475,9.0475,9.0475,9.0475,False,False,False,False,False,green_box_midline::green_mid_2,5225.682500,3
4,2026-02-24,2026-02-23,L5,RANGE_WIDE_120_220,CLOSE_POS_UPPER_THIRD,ROWS_EXTENDED_11_PLUS,REGIME_RANGE_CLOSE_ROWS,4,1,5246.75125,5246.75125,5246.75125,5246.75125,5246.75125,0.0,33.214,13.3,13.3,0.25,4,5234.73,-12.02125,12.02125,12.02125,12.02125,False,False,False,False,False,green_box_quarter::green_box_2_75pct,5246.751250,4
1,2026-02-24,2026-02-23,L6,RANGE_WIDE_120_220,CLOSE_POS_UPPER_THIRD,ROWS_EXTENDED_11_PLUS,REGIME_RANGE_CLOSE_ROWS,3,1,5203.1825,5203.1825,5203.1825,5203.1825,5203.1825,0.0,84.635214,91.612438,91.612438,1.0,1,5205.3,2.1175,2.1175,2.1175,2.1175,False,True,True,True,True,prior_range_fraction::prev_range_0.75,5203.182500,1
2,2026-02-24,2026-02-23,L6,RANGE_WIDE_120_220,CLOSE_POS_UPPER_THIRD,ROWS_EXTENDED_11_PLUS,REGIME_RANGE_CLOSE_ROWS,1,1,5145.453287,5145.453287,5145.453287,5145.453287,5145.453287,0.0,69.979753,73.240954,73.240954,0.5,2,5205.3,59.846713,59.846713,59.846713,59.846713,False,False,False,False,False,prior_range_fraction::prev_range_0.333333,5145.453287,2
3,2026-02-24,2026-02-23,L6,RANGE_WIDE_120_220,CLOSE_POS_UPPER_THIRD,ROWS_EXTENDED_11_PLUS,REGIME_RANGE_CLOSE_ROWS,4,1,5225.6825,5225.6825,5225.6825,5225.6825,5225.6825,0.0,50.497667,41.95,41.95,0.333333,3,5205.3,-20.3825,20.3825,20.3825,20.3825,False,False,False,False,False,green_box_midline::green_mid_2,5225.682500,3
4,2026-02-24,2026-02-23,L6,RANGE_WIDE_120_220,CLOSE_POS_UPPER_THIRD,ROWS_EXTENDED_11_PLUS,REGIME_RANGE_CLOSE_ROWS,2,1,5183.545,5183.545,5183.545,5183.545,5183.545,0.0,45.182171,33.934777,33.934777,0.25,4,5205.3,21.755,21.755,21.755,21.755,False,False,False,False,False,green_box_edge::green_edge_1,5183.545000,4
1,2026-02-24,2026-02-23,L7,RANGE_WIDE_120_220,CLOSE_POS_UPPER_THIRD,ROWS_EXTENDED_11_PLUS,REGIME_RANGE_CLOSE_ROWS,4,1,5204.61375,5204.61375,5204.61375,5204.61375,5204.61375,0.0,86.1795,94.275,94.275,1.0,1,5176.62,-27.99375,27.99375,27.99375,27.99375,False,False,False,False,False,green_box_quarter::green_box_2_25pct,5204.613750,1
2,2026-02-24,2026-02-23,L7,RANGE_WIDE_120_220,CLOSE_POS_UPPER_THIRD,ROWS_EXTENDED_11_PLUS,REGIME_RANGE_CLOSE_ROWS,1,1,5120.33875,5120.33875,5120.33875,5120.33875,5120.33875,0.0,76.9015,85.175,85.175,0.5,2,5176.62,56.28125,56.28125,56.28125,56.28125,False,False,False,False,False,green_box_quarter::green_box_1_25pct,5120.338750,2
3,2026-02-24,2026-02-23,L7,RANGE_WIDE_120_220,CLOSE_POS_UPPER_THIRD,ROWS_EXTENDED_11_PLUS,REGIME_RANGE_CLOSE_ROWS,3,1,5188.196667,5188.196667,5188.196667,5188.196667,5188.196667,0.0,70.873067,77.08,77.08,0.333333,3,5176.62,-11.576667,11.576667,11.576667,11.576667,False,False,False,False,False,prior_hlc::previous_pivot_hlc3,5188.196667,3
4,2026-02-24,2026-02-23,L7,RANGE_WIDE_120_220,CLOSE_POS_UPPER_THIRD,ROWS_EXTENDED_11_PLUS,REGIME_RANGE_CLOSE_ROWS,2,1,5168.545,5168.545,5168.545,5168.545,5168.545,0.0,68.29965,73.7925,73.7925,0.25,4,5176.62,8.075,8.075,8.075,8.075,False,False,False,False,False,prior_hlc::previous_mid,5168.545000,4
1,2026-02-25,2026-02-24,L4,RANGE_WIDE_120_220,CLOSE_POS_LOWER_THIRD,ROWS_EXTENDED_11_PLUS,REGIME_RANGE_CLOSE_ROWS,1,1,5279.68,5279.68,5279.68,5279.68,5279.68,0.0,39.287353,13.426471,13.426471,1.0,1,5252.87,-26.81,26.81,26.81,26.81,False,False,False,False,False,green_box_edge::green_edge_2,5279.680000,1
1,2026-02-25,2026-02-24,L5,RANGE_WIDE_120_220,CLOSE_POS_LOWER_THIRD,ROWS_EXTENDED_11_PLUS,REGIME_RANGE_CLOSE_ROWS,1,1,5230.03875,5230.03875,5230.03875,5230.03875,5230.03875,0.0,83.389103,89.463971,89.463971,1.0,1,5210.99,-19.04875,19.04875,19.04875,19.04875,False,False,False,False,False,prior_range_fraction::prev_range_0.875,5230.038750,1
1,2026-02-25,2026-02-24,L6,RANGE_WIDE_120_220,CLOSE_POS_LOWER_THIRD,ROWS_EXTENDED_11_PLUS,REGIME_RANGE_CLOSE_ROWS,1,1,5189.65634,5189.65634,5189.65634,5189.65634,5189.65634,0.0,73.553057,72.505271,72.505271,1.0,1,5174.66,-14.99634,14.99634,14.99634,14.99634,False,False,False,False,False,prior_range_fraction::prev_range_0.618,5189.656340,1
1,2026-02-25,2026-02-24,L7,RANGE_WIDE_120_220,CLOSE_POS_LOWER_THIRD,ROWS_EXTENDED_11_PLUS,REGIME_RANGE_CLOSE_ROWS,1,1,5156.115,5156.115,5156.115,5156.115,5156.115,0.0,83.316109,89.338119,89.338119,1.0,1,5141.24,-14.875,14.875,14.875,14.875,False,False,False,False,False,red_box_edge::red_edge_1,5156.115000,1
1,2026-02-26,2026-02-25,L4,RANGE_NORMAL_60_120,CLOSE_POS_MIDDLE_THIRD,ROWS_SPARSE_1_8,REGIME_RANGE_CLOSE_ROWS,2,1,5185.720032,5185.720032,5185.720032,5185.720032,5185.720032,0.0,83.131903,89.020523,89.020523,1.0,1,5167.75,-17.970032,17.970032,17.970032,17.970032,False,False,False,False,False,prior_range_fraction::prev_range_0.666667,5185.720032,1
2,2026-02-26,2026-02-25,L4,RANGE_NORMAL_60_120,CLOSE_POS_MIDDLE_THIRD,ROWS_SPARSE_1_8,REGIME_RANGE_CLOSE_ROWS,1,2,5169.03125,5169.755,5169.393125,5169.393125,5169.393125,0.72375,76.122602,77.746268,155.492536,0.833333,2,5167.75,-1.643125,1.643125,1.643125,1.643125,False,True,True,True,True,green_box_quarter::green_box_1_75pct | prior_hlc::previous_mid,5169.031250 | 5169.755000,3 | 2
1,2026-02-26,2026-02-25,L5,RANGE_NORMAL_60_120,CLOSE_POS_MIDDLE_THIRD,ROWS_SPARSE_1_8,REGIME_RANGE_CLOSE_ROWS,3,1,5164.84,5164.84,5164.84,5164.84,5164.84,0.0,84.209471,90.878398,90.878398,1.0,1,5128.94,-35.9,35.9,35.9,35.9,False,False,False,False,False,prior_hlc::previous_close,5164.840000,1
2,2026-02-26,2026-02-25,L5,RANGE_NORMAL_60_120,CLOSE_POS_MIDDLE_THIRD,ROWS_SPARSE_1_8,REGIME_RANGE_CLOSE_ROWS,2,1,5158.45178,5158.45178,5158.45178,5158.45178,5158.45178,0.0,78.675306,88.233286,88.233286,0.5,2,5128.94,-29.51178,29.51178,29.51178,29.51178,False,False,False,False,False,prior_range_fraction::prev_range_0.382,5158.451780,2
3,2026-02-26,2026-02-25,L5,RANGE_NORMAL_60_120,CLOSE_POS_MIDDLE_THIRD,ROWS_SPARSE_1_8,REGIME_RANGE_CLOSE_ROWS,1,1,5145.8075,5145.8075,5145.8075,5145.8075,5145.8075,0.0,64.139492,65.470388,65.470388,0.333333,3,5128.94,-16.8675,16.8675,16.8675,16.8675,False,False,False,False,False,prior_range_fraction::prev_range_0.25,5145.807500,3
1,2026-02-26,2026-02-25,L6,RANGE_NORMAL_60_120,CLOSE_POS_MIDDLE_THIRD,ROWS_SPARSE_1_8,REGIME_RANGE_CLOSE_ROWS,2,1,5133.83375,5133.83375,5133.83375,5133.83375,5133.83375,0.0,83.763226,90.109011,90.109011,1.0,1,5092.49,-41.34375,41.34375,41.34375,41.34375,False,False,False,False,False,prior_range_fraction::prev_range_0.125,5133.833750,1
2,2026-02-26,2026-02-25,L6,RANGE_NORMAL_60_120,CLOSE_POS_MIDDLE_THIRD,ROWS_SPARSE_1_8,REGIME_RANGE_CLOSE_ROWS,3,1,5145.8075,5145.8075,5145.8075,5145.8075,5145.8075,0.0,77.313763,88.184648,88.184648,0.333333,3,5092.49,-53.3175,53.3175,53.3175,53.3175,False,False,False,False,False,prior_range_fraction::prev_range_0.25,5145.807500,3
3,2026-02-26,2026-02-25,L6,RANGE_NORMAL_60_120,CLOSE_POS_MIDDLE_THIRD,ROWS_SPARSE_1_8,REGIME_RANGE_CLOSE_ROWS,1,2,5121.86,5123.3075,5122.58375,5122.58375,5122.58375,1.4475,65.623783,61.892384,123.784769,0.75,2,5092.49,-30.09375,30.09375,30.09375,30.09375,False,False,False,False,False,prior_hlc::previous_low | red_box_midline::red_mid_2,5121.860000 | 5123.307500,2 | 4
1,2026-02-26,2026-02-25,L7,RANGE_NORMAL_60_120,CLOSE_POS_MIDDLE_THIRD,ROWS_SPARSE_1_8,REGIME_RANGE_CLOSE_ROWS,1,1,5107.58375,5107.58375,5107.58375,5107.58375,5107.58375,0.0,73.569227,72.53315,72.53315,1.0,1,5042.41,-65.17375,65.17375,65.17375,65.17375,False,False,False,False,False,red_box_quarter::red_box_2_75pct,5107.583750,1
2,2026-02-26,2026-02-25,L7,RANGE_NORMAL_60_120,CLOSE_POS_MIDDLE_THIRD,ROWS_SPARSE_1_8,REGIME_RANGE_CLOSE_ROWS,2,1,5133.83375,5133.83375,5133.83375,5133.83375,5133.83375,0.0,49.638621,38.170037,38.170037,0.5,2,5042.41,-91.42375,91.42375,91.42375,91.42375,False,False,False,False,False,prior_range_fraction::prev_range_0.125,5133.833750,2
1,2026-02-27,2026-02-26,L4,RANGE_NORMAL_60_120,CLOSE_POS_UPPER_THIRD,ROWS_STANDARD_9_10,REGIME_RANGE_CLOSE_ROWS,1,1,5180.400025,5180.400025,5180.400025,5180.400025,5180.400025,0.0,84.473001,91.33276,91.33276,1.0,1,5200.74,20.339975,20.339975,20.339975,20.339975,False,False,False,False,False,prior_range_fraction::prev_range_0.666667,5180.400025,1
2,2026-02-27,2026-02-26,L4,RANGE_NORMAL_60_120,CLOSE_POS_UPPER_THIRD,ROWS_STANDARD_9_10,REGIME_RANGE_CLOSE_ROWS,3,1,5192.35,5192.35,5192.35,5192.35,5192.35,0.0,77.251591,85.778606,85.778606,0.5,2,5200.74,8.39,8.39,8.39,8.39,False,False,False,False,False,red_box_quarter::red_box_1_25pct,5192.350000,2
3,2026-02-27,2026-02-26,L4,RANGE_NORMAL_60_120,CLOSE_POS_UPPER_THIRD,ROWS_STANDARD_9_10,REGIME_RANGE_CLOSE_ROWS,2,1,5186.68,5186.68,5186.68,5186.68,5186.68,0.0,73.091455,80.904808,80.904808,0.333333,3,5200.74,14.06,14.06,14.06,14.06,False,False,False,False,False,prior_range_fraction::prev_range_0.75,5186.680000,3
4,2026-02-27,2026-02-26,L4,RANGE_NORMAL_60_120,CLOSE_POS_UPPER_THIRD,ROWS_STANDARD_9_10,REGIME_RANGE_CLOSE_ROWS,4,2,5205.52,5209.18,5207.35,5207.35,5207.35,3.66,56.265525,53.252284,106.504568,0.45,4,5200.74,-6.61,6.61,6.61,6.61,False,False,False,False,True,prior_hlc::previous_high | green_box_midline::green_mid_2,5205.520000 | 5209.180000,5 | 4
1,2026-02-27,2026-02-26,L5,RANGE_NORMAL_60_120,CLOSE_POS_UPPER_THIRD,ROWS_STANDARD_9_10,REGIME_RANGE_CLOSE_ROWS,3,3,5192.35,5196.1,5194.225,5194.82,5196.01,3.75,87.035971,90.062019,270.186058,1.45,1,5159.15,-35.075,35.075,35.67,36.86,False,False,False,False,False,red_box_quarter::red_box_1_25pct | green_box_quarter::green_box_2_25pct | prior_range_fraction::prev_range_0.875,5192.350000 | 5196.010000 | 5196.100000,1 | 4 | 5
2,2026-02-27,2026-02-26,L5,RANGE_NORMAL_60_120,CLOSE_POS_UPPER_THIRD,ROWS_STANDARD_9_10,REGIME_RANGE_CLOSE_ROWS,1,1,5167.84,5167.84,5167.84,5167.84,5167.84,0.0,80.523711,91.420192,91.420192,0.5,2,5159.15,-8.69,8.69,8.69,8.69,False,False,False,False,False,prior_hlc::previous_mid,5167.840000,2
3,2026-02-27,2026-02-26,L5,RANGE_NORMAL_60_120,CLOSE_POS_UPPER_THIRD,ROWS_STANDARD_9_10,REGIME_RANGE_CLOSE_ROWS,2,1,5179.18,5179.18,5179.18,5179.18,5179.18,0.0,77.642503,88.751442,88.751442,0.333333,3,5159.15,-20.03,20.03,20.03,20.03,False,False,False,False,False,red_box_midline::red_mid_1,5179.180000,3
1,2026-02-27,2026-02-26,L6,RANGE_NORMAL_60_120,CLOSE_POS_UPPER_THIRD,ROWS_STANDARD_9_10,REGIME_RANGE_CLOSE_ROWS,1,1,5158.94752,5158.94752,5158.94752,5158.94752,5158.94752,0.0,85.550804,93.191042,93.191042,1.0,1,5120.49,-38.45752,38.45752,38.45752,38.45752,False,False,False,False,False,prior_range_fraction::prev_range_0.382,5158.947520,1
2,2026-02-27,2026-02-26,L6,RANGE_NORMAL_60_120,CLOSE_POS_UPPER_THIRD,ROWS_STANDARD_9_10,REGIME_RANGE_CLOSE_ROWS,2,2,5167.84,5169.67,5168.755,5168.755,5168.755,1.83,83.073898,92.559135,185.11827,0.75,2,5120.49,-48.265,48.265,48.265,48.265,False,False,False,False,False,prior_hlc::previous_mid | green_box_quarter::green_box_1_75pct,5167.840000 | 5169.670000,2 | 4
3,2026-02-27,2026-02-26,L6,RANGE_NORMAL_60_120,CLOSE_POS_UPPER_THIRD,ROWS_STANDARD_9_10,REGIME_RANGE_CLOSE_ROWS,3,1,5180.400025,5180.400025,5180.400025,5180.400025,5180.400025,0.0,79.868752,92.589802,92.589802,0.333333,3,5120.49,-59.910025,59.910025,59.910025,59.910025,False,False,False,False,False,prior_range_fraction::prev_range_0.666667,5180.400025,3
4,2026-02-27,2026-02-26,L6,RANGE_NORMAL_60_120,CLOSE_POS_UPPER_THIRD,ROWS_STANDARD_9_10,REGIME_RANGE_CLOSE_ROWS,4,1,5196.01,5196.01,5196.01,5196.01,5196.01,0.0,78.474082,92.024279,92.024279,0.2,5,5120.49,-75.52,75.52,75.52,75.52,False,False,False,False,False,green_box_quarter::green_box_2_25pct,5196.010000,5
1,2026-02-27,2026-02-26,L7,RANGE_NORMAL_60_120,CLOSE_POS_UPPER_THIRD,ROWS_STANDARD_9_10,REGIME_RANGE_CLOSE_ROWS,1,3,5139.58,5143.33,5141.455,5140.86,5139.67,3.75,90.189516,92.05089,276.152669,1.7,1,5082.63,-58.825,58.825,58.23,57.04,False,False,False,False,False,prior_range_fraction::prev_range_0.125 | red_box_quarter::red_box_2_25pct | green_box_quarter::green_box_1_25pct,5139.580000 | 5139.670000 | 5143.330000,1 | 2 | 5
2,2026-02-27,2026-02-26,L7,RANGE_NORMAL_60_120,CLOSE_POS_UPPER_THIRD,ROWS_STANDARD_9_10,REGIME_RANGE_CLOSE_ROWS,3,1,5196.01,5196.01,5196.01,5196.01,5196.01,0.0,79.29069,91.593143,91.593143,0.333333,3,5082.63,-113.38,113.38,113.38,113.38,False,False,False,False,False,green_box_quarter::green_box_2_25pct,5196.010000,3
3,2026-02-27,2026-02-26,L7,RANGE_NORMAL_60_120,CLOSE_POS_UPPER_THIRD,ROWS_STANDARD_9_10,REGIME_RANGE_CLOSE_ROWS,2,1,5149.0,5149.0,5149.0,5149.0,5149.0,0.0,77.798262,90.169417,90.169417,0.25,4,5082.63,-66.37,66.37,66.37,66.37,False,False,False,False,False,prior_range_fraction::prev_range_0.25,5149.000000,4
1,2026-03-02,2026-02-27,L4,RANGE_NORMAL_60_120,CLOSE_POS_UPPER_THIRD,ROWS_EXTENDED_11_PLUS,REGIME_RANGE_CLOSE_ROWS,1,1,5238.92,5238.92,5238.92,5238.92,5238.92,0.0,84.732607,91.780357,91.780357,1.0,1,5367.98,129.06,129.06,129.06,129.06,False,False,False,False,False,green_box_edge::green_edge_1,5238.920000,1
2,2026-03-02,2026-02-27,L4,RANGE_NORMAL_60_120,CLOSE_POS_UPPER_THIRD,ROWS_EXTENDED_11_PLUS,REGIME_RANGE_CLOSE_ROWS,2,1,5364.85,5364.85,5364.85,5364.85,5364.85,0.0,34.982259,12.900446,12.900446,0.5,2,5367.98,3.13,3.13,3.13,3.13,False,False,True,False,True,green_box_quarter::green_box_3_75pct,5364.850000,2
3,2026-03-02,2026-02-27,L4,RANGE_NORMAL_60_120,CLOSE_POS_UPPER_THIRD,ROWS_EXTENDED_11_PLUS,REGIME_RANGE_CLOSE_ROWS,3,1,5382.84,5382.84,5382.84,5382.84,5382.84,0.0,31.83306,9.769643,9.769643,0.333333,3,5367.98,-14.86,14.86,14.86,14.86,False,False,False,False,False,green_box_edge::green_edge_3,5382.840000,3
1,2026-03-02,2026-02-27,L5,RANGE_NORMAL_60_120,CLOSE_POS_UPPER_THIRD,ROWS_EXTENDED_11_PLUS,REGIME_RANGE_CLOSE_ROWS,1,1,5223.92,5223.92,5223.92,5223.92,5223.92,0.0,84.790607,91.880357,91.880357,1.0,1,5326.06,102.14,102.14,102.14,102.14,False,False,False,False,False,prior_hlc::previous_mid,5223.920000,1
2,2026-03-02,2026-02-27,L5,RANGE_NORMAL_60_120,CLOSE_POS_UPPER_THIRD,ROWS_EXTENDED_11_PLUS,REGIME_RANGE_CLOSE_ROWS,3,1,5346.86,5346.86,5346.86,5346.86,5346.86,0.0,71.921268,76.588393,76.588393,0.5,2,5326.06,-20.8,20.8,20.8,20.8,False,False,False,False,False,green_box_midline::green_mid_3,5346.860000,2
3,2026-03-02,2026-02-27,L5,RANGE_NORMAL_60_120,CLOSE_POS_UPPER_THIRD,ROWS_EXTENDED_11_PLUS,REGIME_RANGE_CLOSE_ROWS,2,1,5328.87,5328.87,5328.87,5328.87,5328.87,0.0,70.2288,75.969196,75.969196,0.333333,3,5326.06,-2.81,2.81,2.81,2.81,False,True,True,True,True,green_box_quarter::green_box_3_25pct,5328.870000,3
1,2026-03-02,2026-02-27,L6,RANGE_NORMAL_60_120,CLOSE_POS_UPPER_THIRD,ROWS_EXTENDED_11_PLUS,REGIME_RANGE_CLOSE_ROWS,3,1,5328.87,5328.87,5328.87,5328.87,5328.87,0.0,83.99958,90.516518,90.516518,1.0,1,5290.73,-38.14,38.14,38.14,38.14,False,False,False,False,False,green_box_quarter::green_box_3_25pct,5328.870000,1
2,2026-03-02,2026-02-27,L6,RANGE_NORMAL_60_120,CLOSE_POS_UPPER_THIRD,ROWS_EXTENDED_11_PLUS,REGIME_RANGE_CLOSE_ROWS,1,1,5195.44,5195.44,5195.44,5195.44,5195.44,0.0,79.271732,89.261607,89.261607,0.5,2,5290.73,95.29,95.29,95.29,95.29,False,False,False,False,False,prior_range_fraction::prev_range_0.25,5195.440000,2
3,2026-03-02,2026-02-27,L6,RANGE_NORMAL_60_120,CLOSE_POS_UPPER_THIRD,ROWS_EXTENDED_11_PLUS,REGIME_RANGE_CLOSE_ROWS,2,1,5292.89,5292.89,5292.89,5292.89,5292.89,0.0,50.1463,41.344196,41.344196,0.333333,3,5290.73,-2.16,2.16,2.16,2.16,False,True,True,True,True,green_box_quarter::green_box_2_75pct,5292.890000,3
1,2026-03-02,2026-02-27,L7,RANGE_NORMAL_60_120,CLOSE_POS_UPPER_THIRD,ROWS_EXTENDED_11_PLUS,REGIME_RANGE_CLOSE_ROWS,1,1,5166.96,5166.96,5166.96,5166.96,5166.96,0.0,82.768654,88.394231,88.394231,1.0,1,5256.98,90.02,90.02,90.02,90.02,False,False,False,False,False,prior_hlc::previous_low,5166.960000,1
2,2026-03-02,2026-02-27,L7,RANGE_NORMAL_60_120,CLOSE_POS_UPPER_THIRD,ROWS_EXTENDED_11_PLUS,REGIME_RANGE_CLOSE_ROWS,3,1,5310.88,5310.88,5310.88,5310.88,5310.88,0.0,50.942039,40.417308,40.417308,0.5,2,5256.98,-53.9,53.9,53.9,53.9,False,False,False,False,False,green_box_edge::green_edge_2,5310.880000,2
3,2026-03-02,2026-02-27,L7,RANGE_NORMAL_60_120,CLOSE_POS_UPPER_THIRD,ROWS_EXTENDED_11_PLUS,REGIME_RANGE_CLOSE_ROWS,2,1,5280.0,5280.0,5280.0,5280.0,5280.0,0.0,49.23059,39.765385,39.765385,0.333333,3,5256.98,-23.02,23.02,23.02,23.02,False,False,False,False,False,prior_hlc::previous_close,5280.000000,3
1,2026-03-03,2026-03-02,L4,RANGE_WIDE_120_220,CLOSE_POS_MIDDLE_THIRD,ROWS_STANDARD_9_10,REGIME_RANGE_CLOSE_ROWS,2,1,5379.62,5379.62,5379.62,5379.62,5379.62,0.0,82.98396,88.765448,88.765448,1.0,1,5324.04,-55.58,55.58,55.58,55.58,False,False,False,False,False,prior_range_fraction::prev_range_0.75,5379.620000,1
2,2026-03-03,2026-03-02,L4,RANGE_WIDE_120_220,CLOSE_POS_MIDDLE_THIRD,ROWS_STANDARD_9_10,REGIME_RANGE_CLOSE_ROWS,1,1,5340.1,5340.1,5340.1,5340.1,5340.1,0.0,48.774373,36.679953,36.679953,0.5,2,5324.04,-16.06,16.06,16.06,16.06,False,False,False,False,False,prior_hlc::previous_mid,5340.100000,2
3,2026-03-03,2026-03-02,L4,RANGE_WIDE_120_220,CLOSE_POS_MIDDLE_THIRD,ROWS_STANDARD_9_10,REGIME_RANGE_CLOSE_ROWS,4,1,5449.14,5449.14,5449.14,5449.14,5449.14,0.0,46.9096,35.763679,35.763679,0.333333,3,5324.04,-125.1,125.1,125.1,125.1,False,False,False,False,False,green_box_edge::green_edge_2,5449.140000,3
4,2026-03-03,2026-03-02,L4,RANGE_WIDE_120_220,CLOSE_POS_MIDDLE_THIRD,ROWS_STANDARD_9_10,REGIME_RANGE_CLOSE_ROWS,3,1,5425.63,5425.63,5425.63,5425.63,5425.63,0.0,27.031426,2.640389,2.640389,0.25,4,5324.04,-101.59,101.59,101.59,101.59,False,False,False,False,False,green_box_quarter::green_box_2_75pct,5425.630000,4
1,2026-03-03,2026-03-02,L5,RANGE_WIDE_120_220,CLOSE_POS_MIDDLE_THIRD,ROWS_STANDARD_9_10,REGIME_RANGE_CLOSE_ROWS,2,1,5348.61,5348.61,5348.61,5348.61,5348.61,0.0,84.269022,90.981073,90.981073,1.0,1,5286.64,-61.97,61.97,61.97,61.97,False,False,False,False,False,red_box_quarter::red_box_1_75pct,5348.610000,1
2,2026-03-03,2026-03-02,L5,RANGE_WIDE_120_220,CLOSE_POS_MIDDLE_THIRD,ROWS_STANDARD_9_10,REGIME_RANGE_CLOSE_ROWS,4,1,5419.14,5419.14,5419.14,5419.14,5419.14,0.0,78.069434,87.188679,87.188679,0.5,2,5286.64,-132.5,132.5,132.5,132.5,False,False,False,False,False,prior_hlc::previous_high,5419.140000,2
3,2026-03-03,2026-03-02,L5,RANGE_WIDE_120_220,CLOSE_POS_MIDDLE_THIRD,ROWS_STANDARD_9_10,REGIME_RANGE_CLOSE_ROWS,1,1,5313.753281,5313.753281,5313.753281,5313.753281,5313.753281,0.0,76.279217,86.400948,86.400948,0.333333,3,5286.64,-27.113281,27.113281,27.113281,27.113281,False,False,False,False,False,prior_range_fraction::prev_range_0.333333,5313.753281,3
4,2026-03-03,2026-03-02,L5,RANGE_WIDE_120_220,CLOSE_POS_MIDDLE_THIRD,ROWS_STANDARD_9_10,REGIME_RANGE_CLOSE_ROWS,3,1,5402.12,5402.12,5402.12,5402.12,5402.12,0.0,67.691238,72.743514,72.743514,0.25,4,5286.64,-115.48,115.48,115.48,115.48,False,False,False,False,False,green_box_midline::green_mid_2,5402.120000,4
1,2026-03-03,2026-03-02,L6,RANGE_WIDE_120_220,CLOSE_POS_MIDDLE_THIRD,ROWS_STANDARD_9_10,REGIME_RANGE_CLOSE_ROWS,4,1,5378.61,5378.61,5378.61,5378.61,5378.61,0.0,83.341809,89.382429,89.382429,1.0,1,5249.62,-128.99,128.99,128.99,128.99,False,False,False,False,False,green_box_quarter::green_box_2_25pct,5378.610000,1
2,2026-03-03,2026-03-02,L6,RANGE_WIDE_120_220,CLOSE_POS_MIDDLE_THIRD,ROWS_STANDARD_9_10,REGIME_RANGE_CLOSE_ROWS,2,1,5321.44656,5321.44656,5321.44656,5321.44656,5321.44656,0.0,71.717952,76.237848,76.237848,0.5,2,5249.62,-71.82656,71.82656,71.82656,71.82656,False,False,False,False,False,prior_range_fraction::prev_range_0.382,5321.446560,2
3,2026-03-03,2026-03-02,L6,RANGE_WIDE_120_220,CLOSE_POS_MIDDLE_THIRD,ROWS_STANDARD_9_10,REGIME_RANGE_CLOSE_ROWS,3,1,5358.75344,5358.75344,5358.75344,5358.75344,5358.75344,0.0,47.499423,36.780614,36.780614,0.333333,3,5249.62,-109.13344,109.13344,109.13344,109.13344,False,False,False,False,False,prior_range_fraction::prev_range_0.618,5358.753440,3
4,2026-03-03,2026-03-02,L6,RANGE_WIDE_120_220,CLOSE_POS_MIDDLE_THIRD,ROWS_STANDARD_9_10,REGIME_RANGE_CLOSE_ROWS,1,1,5284.57,5284.57,5284.57,5284.57,5284.57,0.0,44.84406,33.351828,33.351828,0.25,4,5249.62,-34.95,34.95,34.95,34.95,False,False,False,False,False,green_box_quarter::green_box_1_25pct,5284.570000,4
1,2026-03-03,2026-03-02,L7,RANGE_WIDE_120_220,CLOSE_POS_MIDDLE_THIRD,ROWS_STANDARD_9_10,REGIME_RANGE_CLOSE_ROWS,2,1,5284.57,5284.57,5284.57,5284.57,5284.57,0.0,85.28283,92.729018,92.729018,1.0,1,5213.93,-70.64,70.64,70.64,70.64,False,False,False,False,False,green_box_quarter::green_box_1_25pct,5284.570000,1
2,2026-03-03,2026-03-02,L7,RANGE_WIDE_120_220,CLOSE_POS_MIDDLE_THIRD,ROWS_STANDARD_9_10,REGIME_RANGE_CLOSE_ROWS,3,1,5325.1,5325.1,5325.1,5325.1,5325.1,0.0,78.124679,87.283929,87.283929,0.5,2,5213.93,-111.17,111.17,111.17,111.17,False,False,False,False,False,red_box_edge::red_edge_1,5325.100000,2
3,2026-03-03,2026-03-02,L7,RANGE_WIDE_120_220,CLOSE_POS_MIDDLE_THIRD,ROWS_STANDARD_9_10,REGIME_RANGE_CLOSE_ROWS,4,1,5348.61,5348.61,5348.61,5348.61,5348.61,0.0,75.550042,85.14375,85.14375,0.333333,3,5213.93,-134.68,134.68,134.68,134.68,False,False,False,False,False,red_box_quarter::red_box_1_75pct,5348.610000,3
4,2026-03-03,2026-03-02,L7,RANGE_WIDE_120_220,CLOSE_POS_MIDDLE_THIRD,ROWS_STANDARD_9_10,REGIME_RANGE_CLOSE_ROWS,1,1,5261.06,5261.06,5261.06,5261.06,5261.06,0.0,67.6225,72.625,72.625,0.25,4,5213.93,-47.13,47.13,47.13,47.13,False,False,False,False,False,prior_hlc::previous_low,5261.060000,4
1,2026-03-04,2026-03-03,L4,RANGE_EXTREME_220_PLUS,CLOSE_POS_LOWER_THIRD,ROWS_STANDARD_9_10,REGIME_RANGE_CLOSE_ROWS,1,1,5069.6675,5069.6675,5069.6675,5069.6675,5069.6675,0.0,36.811472,9.15771,9.15771,1.0,1,5112.47,42.8025,42.8025,42.8025,42.8025,False,False,False,False,False,red_box_midline::red_mid_2,5069.667500,1
1,2026-03-04,2026-03-03,L5,RANGE_EXTREME_220_PLUS,CLOSE_POS_LOWER_THIRD,ROWS_STANDARD_9_10,REGIME_RANGE_CLOSE_ROWS,1,1,5088.24,5088.24,5088.24,5088.24,5088.24,0.0,75.482972,75.83271,75.83271,1.0,1,5078.76,-9.48,9.48,9.48,9.48,False,False,False,False,False,prior_hlc::previous_close,5088.240000,1
1,2026-03-04,2026-03-03,L6,RANGE_EXTREME_220_PLUS,CLOSE_POS_LOWER_THIRD,ROWS_STANDARD_9_10,REGIME_RANGE_CLOSE_ROWS,1,1,5017.96875,5017.96875,5017.96875,5017.96875,5017.96875,0.0,40.820722,16.07021,16.07021,1.0,1,5043.41,25.44125,25.44125,25.44125,25.44125,False,False,False,False,False,red_box_quarter::red_box_2_75pct,5017.968750,1
1,2026-03-04,2026-03-03,L7,RANGE_EXTREME_220_PLUS,CLOSE_POS_LOWER_THIRD,ROWS_STANDARD_9_10,REGIME_RANGE_CLOSE_ROWS,1,1,4996.27,4996.27,4996.27,4996.27,4996.27,0.0,40.596972,15.684434,15.684434,1.0,1,5012.24,15.97,15.97,15.97,15.97,False,False,False,False,False,prior_hlc::previous_low,4996.270000,1
1,2026-03-05,2026-03-04,L4,RANGE_WIDE_120_220,CLOSE_POS_MIDDLE_THIRD,ROWS_STANDARD_9_10,REGIME_RANGE_CLOSE_ROWS,1,1,5130.04,5130.04,5130.04,5130.04,5130.04,0.0,84.740778,91.794444,91.794444,1.0,1,5173.51,43.47,43.47,43.47,43.47,False,False,False,False,False,red_box_edge::red_edge_1,5130.040000,1
2,2026-03-05,2026-03-04,L4,RANGE_WIDE_120_220,CLOSE_POS_MIDDLE_THIRD,ROWS_STANDARD_9_10,REGIME_RANGE_CLOSE_ROWS,3,1,5175.565,5175.565,5175.565,5175.565,5175.565,0.0,78.935931,88.682639,88.682639,0.5,2,5173.51,-2.055,2.055,2.055,2.055,False,True,True,True,True,prior_range_fraction::prev_range_0.75,5175.565000,2
3,2026-03-05,2026-03-04,L4,RANGE_WIDE_120_220,CLOSE_POS_MIDDLE_THIRD,ROWS_STANDARD_9_10,REGIME_RANGE_CLOSE_ROWS,2,1,5145.04,5145.04,5145.04,5145.04,5145.04,0.0,47.432528,36.665278,36.665278,0.333333,3,5173.51,28.47,28.47,28.47,28.47,False,False,False,False,False,prior_hlc::previous_mid,5145.040000,3
4,2026-03-05,2026-03-04,L4,RANGE_WIDE_120_220,CLOSE_POS_MIDDLE_THIRD,ROWS_STANDARD_9_10,REGIME_RANGE_CLOSE_ROWS,5,1,5236.09,5236.09,5236.09,5236.09,5236.09,0.0,46.230167,35.741667,35.741667,0.25,4,5173.51,-62.58,62.58,62.58,62.58,False,False,False,False,False,green_box_edge::green_edge_2,5236.090000,4
5,2026-03-05,2026-03-04,L4,RANGE_WIDE_120_220,CLOSE_POS_MIDDLE_THIRD,ROWS_STANDARD_9_10,REGIME_RANGE_CLOSE_ROWS,4,1,5217.0775,5217.0775,5217.0775,5217.0775,5217.0775,0.0,26.62109,2.622569,2.622569,0.2,5,5173.51,-43.5675,43.5675,43.5675,43.5675,False,False,False,False,False,green_box_quarter::green_box_2_75pct,5217.077500,5
1,2026-03-05,2026-03-04,L5,RANGE_WIDE_120_220,CLOSE_POS_MIDDLE_THIRD,ROWS_STANDARD_9_10,REGIME_RANGE_CLOSE_ROWS,3,1,5149.0525,5149.0525,5149.0525,5149.0525,5149.0525,0.0,84.220993,90.898264,90.898264,1.0,1,5139.59,-9.4625,9.4625,9.4625,9.4625,False,False,False,False,False,red_box_quarter::red_box_1_75pct,5149.052500,1
2,2026-03-05,2026-03-04,L5,RANGE_WIDE_120_220,CLOSE_POS_MIDDLE_THIRD,ROWS_STANDARD_9_10,REGIME_RANGE_CLOSE_ROWS,5,1,5206.09,5206.09,5206.09,5206.09,5206.09,0.0,78.056667,87.166667,87.166667,0.5,2,5139.59,-66.5,66.5,66.5,66.5,False,False,False,False,False,prior_hlc::previous_high,5206.090000,2
3,2026-03-05,2026-03-04,L5,RANGE_WIDE_120_220,CLOSE_POS_MIDDLE_THIRD,ROWS_STANDARD_9_10,REGIME_RANGE_CLOSE_ROWS,2,1,5124.689959,5124.689959,5124.689959,5124.689959,5124.689959,0.0,76.270705,86.386273,86.386273,0.333333,3,5139.59,14.900041,14.900041,14.900041,14.900041,False,False,False,False,False,prior_range_fraction::prev_range_0.333333,5124.689959,3
4,2026-03-05,2026-03-04,L5,RANGE_WIDE_120_220,CLOSE_POS_MIDDLE_THIRD,ROWS_STANDARD_9_10,REGIME_RANGE_CLOSE_ROWS,1,1,5103.0025,5103.0025,5103.0025,5103.0025,5103.0025,0.0,71.476278,79.269444,79.269444,0.25,4,5139.59,36.5875,36.5875,36.5875,36.5875,False,False,False,False,False,green_box_quarter::green_box_1_25pct,5103.002500,4
5,2026-03-05,2026-03-04,L5,RANGE_WIDE_120_220,CLOSE_POS_MIDDLE_THIRD,ROWS_STANDARD_9_10,REGIME_RANGE_CLOSE_ROWS,4,1,5198.065,5198.065,5198.065,5198.065,5198.065,0.0,67.280903,72.725694,72.725694,0.2,5,5139.59,-58.475,58.475,58.475,58.475,False,False,False,False,False,green_box_midline::green_mid_2,5198.065000,5
1,2026-03-05,2026-03-04,L6,RANGE_WIDE_120_220,CLOSE_POS_MIDDLE_THIRD,ROWS_STANDARD_9_10,REGIME_RANGE_CLOSE_ROWS,5,1,5179.0525,5179.0525,5179.0525,5179.0525,5179.0525,0.0,83.329042,89.360417,89.360417,1.0,1,5103.66,-75.3925,75.3925,75.3925,75.3925,False,False,False,False,False,green_box_quarter::green_box_2_25pct,5179.052500,1
2,2026-03-05,2026-03-04,L6,RANGE_WIDE_120_220,CLOSE_POS_MIDDLE_THIRD,ROWS_STANDARD_9_10,REGIME_RANGE_CLOSE_ROWS,3,1,5130.6322,5130.6322,5130.6322,5130.6322,5130.6322,0.0,71.669923,76.155039,76.155039,0.5,2,5103.66,-26.9722,26.9722,26.9722,26.9722,False,False,False,False,False,prior_range_fraction::prev_range_0.382,5130.632200,2
3,2026-03-05,2026-03-04,L6,RANGE_WIDE_120_220,CLOSE_POS_MIDDLE_THIRD,ROWS_STANDARD_9_10,REGIME_RANGE_CLOSE_ROWS,1,1,5073.0025,5073.0025,5073.0025,5073.0025,5073.0025,0.0,48.246944,38.069444,38.069444,0.333333,3,5103.66,30.6575,30.6575,30.6575,30.6575,False,False,False,False,False,red_box_quarter::red_box_2_75pct,5073.002500,3
4,2026-03-05,2026-03-04,L6,RANGE_WIDE_120_220,CLOSE_POS_MIDDLE_THIRD,ROWS_STANDARD_9_10,REGIME_RANGE_CLOSE_ROWS,4,1,5159.4478,5159.4478,5159.4478,5159.4478,5159.4478,0.0,46.822421,36.762794,36.762794,0.25,4,5103.66,-55.7878,55.7878,55.7878,55.7878,False,False,False,False,False,prior_range_fraction::prev_range_0.618,5159.447800,4
5,2026-03-05,2026-03-04,L6,RANGE_WIDE_120_220,CLOSE_POS_MIDDLE_THIRD,ROWS_STANDARD_9_10,REGIME_RANGE_CLOSE_ROWS,2,1,5103.0025,5103.0025,5103.0025,5103.0025,5103.0025,0.0,44.435549,33.337153,33.337153,0.2,5,5103.66,0.6575,0.6575,0.6575,0.6575,False,True,True,True,True,green_box_quarter::green_box_1_25pct,5103.002500,5
1,2026-03-05,2026-03-04,L7,RANGE_WIDE_120_220,CLOSE_POS_MIDDLE_THIRD,ROWS_STANDARD_9_10,REGIME_RANGE_CLOSE_ROWS,3,1,5103.0025,5103.0025,5103.0025,5103.0025,5103.0025,0.0,85.23451,92.645707,92.645707,1.0,1,5066.73,-36.2725,36.2725,36.2725,36.2725,False,False,False,False,False,green_box_quarter::green_box_1_25pct,5103.002500,1
2,2026-03-05,2026-03-04,L7,RANGE_WIDE_120_220,CLOSE_POS_MIDDLE_THIRD,ROWS_STANDARD_9_10,REGIME_RANGE_CLOSE_ROWS,4,1,5130.04,5130.04,5130.04,5130.04,5130.04,0.0,78.114147,87.265771,87.265771,0.5,2,5066.73,-63.31,63.31,63.31,63.31,False,False,False,False,False,red_box_edge::red_edge_1,5130.040000,2
3,2026-03-05,2026-03-04,L7,RANGE_WIDE_120_220,CLOSE_POS_MIDDLE_THIRD,ROWS_STANDARD_9_10,REGIME_RANGE_CLOSE_ROWS,5,1,5149.0525,5149.0525,5149.0525,5149.0525,5149.0525,0.0,75.537032,85.12132,85.12132,0.333333,3,5066.73,-82.3225,82.3225,82.3225,82.3225,False,False,False,False,False,red_box_quarter::red_box_1_75pct,5149.052500,3
4,2026-03-05,2026-03-04,L7,RANGE_WIDE_120_220,CLOSE_POS_MIDDLE_THIRD,ROWS_STANDARD_9_10,REGIME_RANGE_CLOSE_ROWS,2,1,5083.99,5083.99,5083.99,5083.99,5083.99,0.0,67.613827,72.610047,72.610047,0.25,4,5066.73,-17.26,17.26,17.26,17.26,False,False,False,False,False,prior_hlc::previous_low,5083.990000,4
5,2026-03-05,2026-03-04,L7,RANGE_WIDE_120_220,CLOSE_POS_MIDDLE_THIRD,ROWS_STANDARD_9_10,REGIME_RANGE_CLOSE_ROWS,1,1,5034.9775,5034.9775,5034.9775,5034.9775,5034.9775,0.0,34.666477,16.493925,16.493925,0.2,5,5066.73,31.7525,31.7525,31.7525,31.7525,False,False,False,False,False,red_box_quarter::red_box_3_25pct,5034.977500,5
1,2026-03-06,2026-03-05,L4,RANGE_WIDE_120_220,CLOSE_POS_LOWER_THIRD,ROWS_SPARSE_1_8,REGIME_RANGE_CLOSE,1,1,5116.265,5116.265,5116.265,5116.265,5116.265,0.0,86.406495,94.66637,94.66637,1.0,1,5105.9,-10.365,10.365,10.365,10.365,False,False,False,False,False,green_box_quarter::green_box_1_75pct,5116.265000,1
2,2026-03-06,2026-03-05,L4,RANGE_WIDE_120_220,CLOSE_POS_LOWER_THIRD,ROWS_SPARSE_1_8,REGIME_RANGE_CLOSE,2,1,5139.97784,5139.97784,5139.97784,5139.97784,5139.97784,0.0,81.23631,92.648811,92.648811,0.5,2,5105.9,-34.07784,34.07784,34.07784,34.07784,False,False,False,False,False,prior_range_fraction::prev_range_0.618,5139.977840,2
3,2026-03-06,2026-03-05,L4,RANGE_WIDE_120_220,CLOSE_POS_LOWER_THIRD,ROWS_SPARSE_1_8,REGIME_RANGE_CLOSE,3,1,5194.94,5194.94,5194.94,5194.94,5194.94,0.0,50.639607,42.194725,42.194725,0.333333,3,5105.9,-89.04,89.04,89.04,89.04,False,False,False,False,False,prior_hlc::previous_high,5194.940000,3
4,2026-03-06,2026-03-05,L4,RANGE_WIDE_120_220,CLOSE_POS_LOWER_THIRD,ROWS_SPARSE_1_8,REGIME_RANGE_CLOSE,4,1,5224.94,5224.94,5224.94,5224.94,5224.94,0.0,33.243532,13.350917,13.350917,0.25,4,5105.9,-119.04,119.04,119.04,119.04,False,False,False,False,False,green_box_edge::green_edge_2,5224.940000,4
1,2026-03-06,2026-03-05,L5,RANGE_WIDE_120_220,CLOSE_POS_LOWER_THIRD,ROWS_SPARSE_1_8,REGIME_RANGE_CLOSE,4,1,5158.97,5158.97,5158.97,5158.97,5158.97,0.0,85.259315,92.688475,92.688475,1.0,1,5070.97,-88.0,88.0,88.0,88.0,False,False,False,False,False,prior_range_fraction::prev_range_0.75,5158.970000,1
2,2026-03-06,2026-03-05,L5,RANGE_WIDE_120_220,CLOSE_POS_LOWER_THIRD,ROWS_SPARSE_1_8,REGIME_RANGE_CLOSE,1,1,5081.02,5081.02,5081.02,5081.02,5081.02,0.0,79.595307,89.819495,89.819495,0.5,2,5070.97,-10.05,10.05,10.05,10.05,False,False,False,False,False,prior_hlc::previous_close,5081.020000,2
3,2026-03-06,2026-03-05,L5,RANGE_WIDE_120_220,CLOSE_POS_LOWER_THIRD,ROWS_SPARSE_1_8,REGIME_RANGE_CLOSE,5,1,5176.955,5176.955,5176.955,5176.955,5176.955,0.0,78.011949,89.388417,89.388417,0.333333,3,5070.97,-105.985,105.985,105.985,105.985,False,False,False,False,False,prior_range_fraction::prev_range_0.875,5176.955000,3
4,2026-03-06,2026-03-05,L5,RANGE_WIDE_120_220,CLOSE_POS_LOWER_THIRD,ROWS_SPARSE_1_8,REGIME_RANGE_CLOSE,2,1,5087.03,5087.03,5087.03,5087.03,5087.03,0.0,76.574255,88.05906,88.05906,0.25,4,5070.97,-16.06,16.06,16.06,16.06,False,False,False,False,False,prior_range_fraction::prev_range_0.25,5087.030000,4
5,2026-03-06,2026-03-05,L5,RANGE_WIDE_120_220,CLOSE_POS_LOWER_THIRD,ROWS_SPARSE_1_8,REGIME_RANGE_CLOSE,3,1,5108.0,5108.0,5108.0,5108.0,5108.0,0.0,70.311731,77.951261,77.951261,0.2,5,5070.97,-37.03,37.03,37.03,37.03,False,False,False,False,False,red_box_edge::red_edge_1,5108.000000,5
1,2026-03-06,2026-03-05,L6,RANGE_WIDE_120_220,CLOSE_POS_LOWER_THIRD,ROWS_SPARSE_1_8,REGIME_RANGE_CLOSE,2,1,5064.53,5064.53,5064.53,5064.53,5064.53,0.0,83.936356,90.407511,90.407511,1.0,1,5039.06,-25.47,25.47,25.47,25.47,False,False,False,False,False,red_box_midline::red_mid_2,5064.530000,1
2,2026-03-06,2026-03-05,L6,RANGE_WIDE_120_220,CLOSE_POS_LOWER_THIRD,ROWS_SPARSE_1_8,REGIME_RANGE_CLOSE,4,1,5139.97784,5139.97784,5139.97784,5139.97784,5139.97784,0.0,69.509236,72.429717,72.429717,0.5,2,5039.06,-100.91784,100.91784,100.91784,100.91784,False,False,False,False,False,prior_range_fraction::prev_range_0.618,5139.977840,2
3,2026-03-06,2026-03-05,L6,RANGE_WIDE_120_220,CLOSE_POS_LOWER_THIRD,ROWS_SPARSE_1_8,REGIME_RANGE_CLOSE,1,1,5051.06,5051.06,5051.06,5051.06,5051.06,0.0,56.584474,52.444495,52.444495,0.333333,3,5039.06,-12.0,12.0,12.0,12.0,False,False,False,False,False,prior_hlc::previous_low,5051.060000,3
4,2026-03-06,2026-03-05,L6,RANGE_WIDE_120_220,CLOSE_POS_LOWER_THIRD,ROWS_SPARSE_1_8,REGIME_RANGE_CLOSE,3,1,5123.0,5123.0,5123.0,5123.0,5123.0,0.0,49.458191,41.307225,41.307225,0.25,4,5039.06,-83.94,83.94,83.94,83.94,False,False,False,False,False,prior_hlc::previous_mid,5123.000000,4
1,2026-03-06,2026-03-05,L7,RANGE_WIDE_120_220,CLOSE_POS_LOWER_THIRD,ROWS_SPARSE_1_8,REGIME_RANGE_CLOSE,2,1,5094.53,5094.53,5094.53,5094.53,5094.53,0.0,83.350792,89.397917,89.397917,1.0,1,5004.85,-89.68,89.68,89.68,89.68,False,False,False,False,False,green_box_midline::green_mid_1,5094.530000,1
2,2026-03-06,2026-03-05,L7,RANGE_WIDE_120_220,CLOSE_POS_LOWER_THIRD,ROWS_SPARSE_1_8,REGIME_RANGE_CLOSE,3,1,5108.0,5108.0,5108.0,5108.0,5108.0,0.0,79.271444,89.261111,89.261111,0.5,2,5004.85,-103.15,103.15,103.15,103.15,False,False,False,False,False,red_box_edge::red_edge_1,5108.000000,2
3,2026-03-06,2026-03-05,L7,RANGE_WIDE_120_220,CLOSE_POS_LOWER_THIRD,ROWS_SPARSE_1_8,REGIME_RANGE_CLOSE,1,1,5021.06,5021.06,5021.06,5021.06,5021.06,0.0,48.920389,39.230556,39.230556,0.333333,3,5004.85,-16.21,16.21,16.21,16.21,False,False,False,False,False,red_box_edge::red_edge_2,5021.060000,3
1,2026-03-09,2026-03-06,L4,RANGE_NORMAL_60_120,CLOSE_POS_UPPER_THIRD,ROWS_STANDARD_9_10,REGIME_RANGE_CLOSE_ROWS,1,1,5137.153371,5137.153371,5137.153371,5137.153371,5137.153371,0.0,84.376267,91.165977,91.165977,1.0,1,5198.3,61.146629,61.146629,61.146629,61.146629,False,False,False,False,False,prior_range_fraction::prev_range_0.666667,5137.153371,1
2,2026-03-09,2026-03-06,L4,RANGE_NORMAL_60_120,CLOSE_POS_UPPER_THIRD,ROWS_STANDARD_9_10,REGIME_RANGE_CLOSE_ROWS,3,1,5156.92,5156.92,5156.92,5156.92,5156.92,0.0,77.235165,85.750284,85.750284,0.5,2,5198.3,41.38,41.38,41.38,41.38,False,False,False,False,False,red_box_quarter::red_box_1_25pct,5156.920000,2
3,2026-03-09,2026-03-06,L4,RANGE_NORMAL_60_120,CLOSE_POS_UPPER_THIRD,ROWS_STANDARD_9_10,REGIME_RANGE_CLOSE_ROWS,2,1,5146.56,5146.56,5146.56,5146.56,5146.56,0.0,73.069553,80.867045,80.867045,0.333333,3,5198.3,51.74,51.74,51.74,51.74,False,False,False,False,False,prior_range_fraction::prev_range_0.75,5146.560000,3
4,2026-03-09,2026-03-06,L4,RANGE_NORMAL_60_120,CLOSE_POS_UPPER_THIRD,ROWS_STANDARD_9_10,REGIME_RANGE_CLOSE_ROWS,4,1,5169.06,5169.06,5169.06,5169.06,5169.06,0.0,63.756437,65.959375,65.959375,0.25,4,5198.3,29.24,29.24,29.24,29.24,False,False,False,False,False,green_box_midline::green_mid_2,5169.060000,4
5,2026-03-09,2026-03-06,L4,RANGE_NORMAL_60_120,CLOSE_POS_UPPER_THIRD,ROWS_STANDARD_9_10,REGIME_RANGE_CLOSE_ROWS,5,1,5174.78,5174.78,5174.78,5174.78,5174.78,0.0,48.353386,40.092045,40.092045,0.2,5,5198.3,23.52,23.52,23.52,23.52,False,False,False,False,False,prior_hlc::previous_high,5174.780000,5
1,2026-03-09,2026-03-06,L5,RANGE_NORMAL_60_120,CLOSE_POS_UPPER_THIRD,ROWS_STANDARD_9_10,REGIME_RANGE_CLOSE_ROWS,4,2,5156.92,5160.67,5158.795,5158.795,5158.795,3.75,84.098454,91.031818,182.063636,1.2,1,5168.78,9.985,9.985,9.985,9.985,False,False,False,False,False,red_box_quarter::red_box_1_25pct | prior_range_fraction::prev_range_0.875,5156.920000 | 5160.670000,1 | 5
2,2026-03-09,2026-03-06,L5,RANGE_NORMAL_60_120,CLOSE_POS_UPPER_THIRD,ROWS_STANDARD_9_10,REGIME_RANGE_CLOSE_ROWS,1,1,5105.02016,5105.02016,5105.02016,5105.02016,5105.02016,0.0,81.858222,93.721073,93.721073,0.5,2,5168.78,63.75984,63.75984,63.75984,63.75984,False,False,False,False,False,prior_range_fraction::prev_range_0.382,5105.020160,2
3,2026-03-09,2026-03-06,L5,RANGE_NORMAL_60_120,CLOSE_POS_UPPER_THIRD,ROWS_STANDARD_9_10,REGIME_RANGE_CLOSE_ROWS,2,1,5118.34,5118.34,5118.34,5118.34,5118.34,0.0,79.093644,91.253409,91.253409,0.333333,3,5168.78,50.44,50.44,50.44,50.44,False,False,False,False,False,prior_hlc::previous_mid,5118.340000,3
4,2026-03-09,2026-03-06,L5,RANGE_NORMAL_60_120,CLOSE_POS_UPPER_THIRD,ROWS_STANDARD_9_10,REGIME_RANGE_CLOSE_ROWS,3,1,5139.06,5139.06,5139.06,5139.06,5139.06,0.0,76.902829,88.625568,88.625568,0.25,4,5168.78,29.72,29.72,29.72,29.72,False,False,False,False,False,red_box_midline::red_mid_1,5139.060000,4
1,2026-03-09,2026-03-06,L6,RANGE_NORMAL_60_120,CLOSE_POS_UPPER_THIRD,ROWS_STANDARD_9_10,REGIME_RANGE_CLOSE_ROWS,1,1,5105.02016,5105.02016,5105.02016,5105.02016,5105.02016,0.0,85.477797,93.065168,93.065168,1.0,1,5140.78,35.75984,35.75984,35.75984,35.75984,False,False,False,False,False,prior_range_fraction::prev_range_0.382,5105.020160,1
2,2026-03-09,2026-03-06,L6,RANGE_NORMAL_60_120,CLOSE_POS_UPPER_THIRD,ROWS_STANDARD_9_10,REGIME_RANGE_CLOSE_ROWS,2,2,5115.48,5118.34,5116.91,5116.91,5116.91,2.86,82.033348,92.327841,184.655682,0.75,2,5140.78,23.87,23.87,23.87,23.87,False,False,False,False,False,green_box_quarter::green_box_1_75pct | prior_hlc::previous_mid,5115.480000 | 5118.340000,4 | 2
3,2026-03-09,2026-03-06,L6,RANGE_NORMAL_60_120,CLOSE_POS_UPPER_THIRD,ROWS_STANDARD_9_10,REGIME_RANGE_CLOSE_ROWS,3,1,5137.153371,5137.153371,5137.153371,5137.153371,5137.153371,0.0,79.74464,92.375816,92.375816,0.333333,3,5140.78,3.626629,3.626629,3.626629,3.626629,False,False,True,False,True,prior_range_fraction::prev_range_0.666667,5137.153371,3
4,2026-03-09,2026-03-06,L6,RANGE_NORMAL_60_120,CLOSE_POS_UPPER_THIRD,ROWS_STANDARD_9_10,REGIME_RANGE_CLOSE_ROWS,4,1,5151.2,5151.2,5151.2,5151.2,5151.2,0.0,78.344494,91.800852,91.800852,0.2,5,5140.78,-10.42,10.42,10.42,10.42,False,False,False,False,False,green_box_quarter::green_box_2_25pct,5151.200000,5
1,2026-03-09,2026-03-06,L7,RANGE_NORMAL_60_120,CLOSE_POS_UPPER_THIRD,ROWS_STANDARD_9_10,REGIME_RANGE_CLOSE_ROWS,1,2,5076.01,5079.76,5077.885,5077.885,5077.885,3.75,84.482612,91.694159,183.388317,1.2,1,5108.7,30.815,30.815,30.815,30.815,False,False,False,False,False,prior_range_fraction::prev_range_0.125 | green_box_quarter::green_box_1_25pct,5076.010000 | 5079.760000,1 | 5
2,2026-03-09,2026-03-06,L7,RANGE_NORMAL_60_120,CLOSE_POS_UPPER_THIRD,ROWS_STANDARD_9_10,REGIME_RANGE_CLOSE_ROWS,2,2,5085.48,5090.12,5087.8,5087.8,5087.8,4.64,79.742557,91.078892,182.157784,0.75,2,5108.7,20.9,20.9,20.9,20.9,False,False,False,False,False,red_box_quarter::red_box_2_25pct | prior_range_fraction::prev_range_0.25,5085.480000 | 5090.120000,2 | 4
3,2026-03-09,2026-03-06,L7,RANGE_NORMAL_60_120,CLOSE_POS_UPPER_THIRD,ROWS_STANDARD_9_10,REGIME_RANGE_CLOSE_ROWS,3,1,5151.2,5151.2,5151.2,5151.2,5151.2,0.0,79.180961,91.403956,91.403956,0.333333,3,5108.7,-42.5,42.5,42.5,42.5,False,False,False,False,False,green_box_quarter::green_box_2_25pct,5151.200000,3
1,2026-03-10,2026-03-09,L4,RANGE_WIDE_120_220,CLOSE_POS_MIDDLE_THIRD,ROWS_STANDARD_9_10,REGIME_RANGE_CLOSE_ROWS,1,1,5091.425,5091.425,5091.425,5091.425,5091.425,0.0,84.647595,91.633784,91.633784,1.0,1,5174.89,83.465,83.465,83.465,83.465,False,False,False,False,False,red_box_edge::red_edge_1,5091.425000,1
2,2026-03-10,2026-03-09,L4,RANGE_WIDE_120_220,CLOSE_POS_MIDDLE_THIRD,ROWS_STANDARD_9_10,REGIME_RANGE_CLOSE_ROWS,3,1,5152.1675,5152.1675,5152.1675,5152.1675,5152.1675,0.0,77.50761,86.220017,86.220017,0.5,2,5174.89,22.7225,22.7225,22.7225,22.7225,False,False,False,False,False,prior_range_fraction::prev_range_0.75,5152.167500,2
3,2026-03-10,2026-03-09,L4,RANGE_WIDE_120_220,CLOSE_POS_MIDDLE_THIRD,ROWS_STANDARD_9_10,REGIME_RANGE_CLOSE_ROWS,2,1,5106.425,5106.425,5106.425,5106.425,5106.425,0.0,47.420336,36.644257,36.644257,0.333333,3,5174.89,68.465,68.465,68.465,68.465,False,False,False,False,False,prior_hlc::previous_mid,5106.425000,3
4,2026-03-10,2026-03-09,L4,RANGE_WIDE_120_220,CLOSE_POS_MIDDLE_THIRD,ROWS_STANDARD_9_10,REGIME_RANGE_CLOSE_ROWS,5,1,5227.91,5227.91,5227.91,5227.91,5227.91,0.0,46.211878,35.710135,35.710135,0.25,4,5174.89,-53.02,53.02,53.02,53.02,False,False,False,False,False,green_box_edge::green_edge_2,5227.910000,4
5,2026-03-10,2026-03-09,L4,RANGE_WIDE_120_220,CLOSE_POS_MIDDLE_THIRD,ROWS_STANDARD_9_10,REGIME_RANGE_CLOSE_ROWS,4,1,5201.28875,5201.28875,5201.28875,5201.28875,5201.28875,0.0,26.606286,2.597044,2.597044,0.2,5,5174.89,-26.39875,26.39875,26.39875,26.39875,False,False,False,False,False,green_box_quarter::green_box_2_75pct,5201.288750,5
1,2026-03-10,2026-03-09,L5,RANGE_WIDE_120_220,CLOSE_POS_MIDDLE_THIRD,ROWS_STANDARD_9_10,REGIME_RANGE_CLOSE_ROWS,3,1,5094.80375,5094.80375,5094.80375,5094.80375,5094.80375,0.0,84.162922,90.798142,90.798142,1.0,1,5145.87,51.06625,51.06625,51.06625,51.06625,False,False,False,False,False,green_box_quarter::green_box_1_75pct,5094.803750,1
2,2026-03-10,2026-03-09,L5,RANGE_WIDE_120_220,CLOSE_POS_MIDDLE_THIRD,ROWS_STANDARD_9_10,REGIME_RANGE_CLOSE_ROWS,4,1,5118.04625,5118.04625,5118.04625,5118.04625,5118.04625,0.0,80.152194,90.779645,90.779645,0.5,2,5145.87,27.82375,27.82375,27.82375,27.82375,False,False,False,False,False,red_box_quarter::red_box_1_75pct,5118.046250,2
3,2026-03-10,2026-03-09,L5,RANGE_WIDE_120_220,CLOSE_POS_MIDDLE_THIRD,ROWS_STANDARD_9_10,REGIME_RANGE_CLOSE_ROWS,5,1,5197.91,5197.91,5197.91,5197.91,5197.91,0.0,76.705045,87.135135,87.135135,0.333333,3,5145.87,-52.04,52.04,52.04,52.04,False,False,False,False,False,prior_hlc::previous_high,5197.910000,3
4,2026-03-10,2026-03-09,L5,RANGE_WIDE_120_220,CLOSE_POS_MIDDLE_THIRD,ROWS_STANDARD_9_10,REGIME_RANGE_CLOSE_ROWS,2,1,5075.929939,5075.929939,5075.929939,5075.929939,5075.929939,0.0,75.591846,86.365252,86.365252,0.25,4,5145.87,69.940061,69.940061,69.940061,69.940061,False,False,False,False,False,prior_range_fraction::prev_range_0.333333,5075.929939,4
5,2026-03-10,2026-03-09,L5,RANGE_WIDE_120_220,CLOSE_POS_MIDDLE_THIRD,ROWS_STANDARD_9_10,REGIME_RANGE_CLOSE_ROWS,1,1,5041.56125,5041.56125,5041.56125,5041.56125,5041.56125,0.0,70.983095,79.108784,79.108784,0.2,5,5145.87,104.30875,104.30875,104.30875,104.30875,False,False,False,False,False,green_box_quarter::green_box_1_25pct,5041.561250,5
1,2026-03-10,2026-03-09,L6,RANGE_WIDE_120_220,CLOSE_POS_MIDDLE_THIRD,ROWS_STANDARD_9_10,REGIME_RANGE_CLOSE_ROWS,5,1,5148.04625,5148.04625,5148.04625,5148.04625,5148.04625,0.0,83.310753,89.328885,89.328885,1.0,1,5116.85,-31.19625,31.19625,31.19625,31.19625,False,False,False,False,False,green_box_quarter::green_box_2_25pct,5148.046250,1
2,2026-03-10,2026-03-09,L6,RANGE_WIDE_120_220,CLOSE_POS_MIDDLE_THIRD,ROWS_STANDARD_9_10,REGIME_RANGE_CLOSE_ROWS,3,1,5084.83454,5084.83454,5084.83454,5084.83454,5084.83454,0.0,71.601124,76.03642,76.03642,0.5,2,5116.85,32.01546,32.01546,32.01546,32.01546,False,False,False,False,False,prior_range_fraction::prev_range_0.382,5084.834540,2
3,2026-03-10,2026-03-09,L6,RANGE_WIDE_120_220,CLOSE_POS_MIDDLE_THIRD,ROWS_STANDARD_9_10,REGIME_RANGE_CLOSE_ROWS,2,1,5041.56125,5041.56125,5041.56125,5041.56125,5041.56125,0.0,65.084495,67.099704,67.099704,0.333333,3,5116.85,75.28875,75.28875,75.28875,75.28875,False,False,False,False,False,green_box_quarter::green_box_1_25pct,5041.561250,3
4,2026-03-10,2026-03-09,L6,RANGE_WIDE_120_220,CLOSE_POS_MIDDLE_THIRD,ROWS_STANDARD_9_10,REGIME_RANGE_CLOSE_ROWS,1,1,5011.56125,5011.56125,5011.56125,5011.56125,5011.56125,0.0,47.487095,37.908784,37.908784,0.25,4,5116.85,105.28875,105.28875,105.28875,105.28875,False,False,False,False,False,red_box_quarter::red_box_2_75pct,5011.561250,4
5,2026-03-10,2026-03-09,L6,RANGE_WIDE_120_220,CLOSE_POS_MIDDLE_THIRD,ROWS_STANDARD_9_10,REGIME_RANGE_CLOSE_ROWS,4,1,5128.01546,5128.01546,5128.01546,5128.01546,5128.01546,0.0,46.407616,36.737269,36.737269,0.2,5,5116.85,-11.16546,11.16546,11.16546,11.16546,False,False,False,False,False,prior_range_fraction::prev_range_0.618,5128.015460,5
1,2026-03-10,2026-03-09,L7,RANGE_WIDE_120_220,CLOSE_POS_MIDDLE_THIRD,ROWS_STANDARD_9_10,REGIME_RANGE_CLOSE_ROWS,2,1,5041.56125,5041.56125,5041.56125,5041.56125,5041.56125,0.0,85.165324,92.52642,92.52642,1.0,1,5088.85,47.28875,47.28875,47.28875,47.28875,False,False,False,False,False,green_box_quarter::green_box_1_25pct,5041.561250,1
2,2026-03-10,2026-03-09,L7,RANGE_WIDE_120_220,CLOSE_POS_MIDDLE_THIRD,ROWS_STANDARD_9_10,REGIME_RANGE_CLOSE_ROWS,3,1,5091.425,5091.425,5091.425,5091.425,5091.425,0.0,78.099068,87.239773,87.239773,0.5,2,5088.85,-2.575,2.575,2.575,2.575,False,True,True,True,True,red_box_edge::red_edge_1,5091.425000,2
3,2026-03-10,2026-03-09,L7,RANGE_WIDE_120_220,CLOSE_POS_MIDDLE_THIRD,ROWS_STANDARD_9_10,REGIME_RANGE_CLOSE_ROWS,4,1,5118.04625,5118.04625,5118.04625,5118.04625,5118.04625,0.0,75.518406,85.089205,85.089205,0.333333,3,5088.85,-29.19625,29.19625,29.19625,29.19625,False,False,False,False,False,red_box_quarter::red_box_1_75pct,5118.046250,3
4,2026-03-10,2026-03-09,L7,RANGE_WIDE_120_220,CLOSE_POS_MIDDLE_THIRD,ROWS_STANDARD_9_10,REGIME_RANGE_CLOSE_ROWS,1,2,5011.56125,5014.94,5013.250625,5013.250625,5013.250625,3.37875,51.523206,44.649147,89.298295,0.45,4,5088.85,75.599375,75.599375,75.599375,75.599375,False,False,False,False,False,red_box_quarter::red_box_2_75pct | prior_hlc::previous_low,5011.561250 | 5014.940000,5 | 4
1,2026-03-11,2026-03-10,L4,RANGE_WIDE_120_220,CLOSE_POS_MIDDLE_THIRD,ROWS_STANDARD_9_10,REGIME_RANGE_CLOSE_ROWS,4,1,5223.45625,5223.45625,5223.45625,5223.45625,5223.45625,0.0,86.094313,94.128125,94.128125,1.0,1,5249.95,26.49375,26.49375,26.49375,26.49375,False,False,False,False,False,prior_range_fraction::prev_range_0.875,5223.456250,1
2,2026-03-11,2026-03-10,L4,RANGE_WIDE_120_220,CLOSE_POS_MIDDLE_THIRD,ROWS_STANDARD_9_10,REGIME_RANGE_CLOSE_ROWS,1,1,5163.055,5163.055,5163.055,5163.055,5163.055,0.0,80.617643,91.582143,91.582143,0.5,2,5249.95,86.895,86.895,86.895,86.895,False,False,False,False,False,red_box_edge::red_edge_1,5163.055000,2
3,2026-03-11,2026-03-10,L4,RANGE_WIDE_120_220,CLOSE_POS_MIDDLE_THIRD,ROWS_STANDARD_9_10,REGIME_RANGE_CLOSE_ROWS,3,1,5208.3225,5208.3225,5208.3225,5208.3225,5208.3225,0.0,76.143765,86.167411,86.167411,0.333333,3,5249.95,41.6275,41.6275,41.6275,41.6275,False,False,False,False,False,prior_range_fraction::prev_range_0.75,5208.322500,3
4,2026-03-11,2026-03-10,L4,RANGE_WIDE_120_220,CLOSE_POS_MIDDLE_THIRD,ROWS_STANDARD_9_10,REGIME_RANGE_CLOSE_ROWS,2,1,5178.055,5178.055,5178.055,5178.055,5178.055,0.0,46.74975,36.6375,36.6375,0.25,4,5249.95,71.895,71.895,71.895,71.895,False,False,False,False,False,prior_hlc::previous_mid,5178.055000,4
5,2026-03-11,2026-03-10,L4,RANGE_WIDE_120_220,CLOSE_POS_MIDDLE_THIRD,ROWS_STANDARD_9_10,REGIME_RANGE_CLOSE_ROWS,5,1,5268.59,5268.59,5268.59,5268.59,5268.59,0.0,45.806,35.7,35.7,0.2,5,5249.95,-18.64,18.64,18.64,18.64,False,False,False,False,False,green_box_edge::green_edge_2,5268.590000,5
1,2026-03-11,2026-03-10,L5,RANGE_WIDE_120_220,CLOSE_POS_MIDDLE_THIRD,ROWS_STANDARD_9_10,REGIME_RANGE_CLOSE_ROWS,4,1,5200.8225,5200.8225,5200.8225,5200.8225,5200.8225,0.0,84.566375,91.49375,91.49375,1.0,1,5222.07,21.2475,21.2475,21.2475,21.2475,False,False,False,False,False,red_box_midline::red_mid_1,5200.822500,1
2,2026-03-11,2026-03-10,L5,RANGE_WIDE_120_220,CLOSE_POS_MIDDLE_THIRD,ROWS_STANDARD_9_10,REGIME_RANGE_CLOSE_ROWS,2,1,5174.17125,5174.17125,5174.17125,5174.17125,5174.17125,0.0,80.132411,90.745536,90.745536,0.5,2,5222.07,47.89875,47.89875,47.89875,47.89875,False,False,False,False,False,green_box_quarter::green_box_1_75pct,5174.171250,2
3,2026-03-11,2026-03-10,L5,RANGE_WIDE_120_220,CLOSE_POS_MIDDLE_THIRD,ROWS_STANDARD_9_10,REGIME_RANGE_CLOSE_ROWS,3,1,5181.93875,5181.93875,5181.93875,5181.93875,5181.93875,0.0,78.796747,90.741518,90.741518,0.333333,3,5222.07,40.13125,40.13125,40.13125,40.13125,False,False,False,False,False,red_box_quarter::red_box_1_75pct,5181.938750,3
4,2026-03-11,2026-03-10,L5,RANGE_WIDE_120_220,CLOSE_POS_MIDDLE_THIRD,ROWS_STANDARD_9_10,REGIME_RANGE_CLOSE_ROWS,5,1,5238.59,5238.59,5238.59,5238.59,5238.59,0.0,76.0325,87.125,87.125,0.25,4,5222.07,-16.52,16.52,16.52,16.52,False,False,False,False,False,prior_hlc::previous_high,5238.590000,4
5,2026-03-11,2026-03-10,L5,RANGE_WIDE_120_220,CLOSE_POS_MIDDLE_THIRD,ROWS_STANDARD_9_10,REGIME_RANGE_CLOSE_ROWS,1,1,5157.876626,5157.876626,5157.876626,5157.876626,5157.876626,0.0,75.187927,86.358495,86.358495,0.2,5,5222.07,64.193374,64.193374,64.193374,64.193374,False,False,False,False,False,prior_range_fraction::prev_range_0.333333,5157.876626,5
1,2026-03-11,2026-03-10,L6,RANGE_WIDE_120_220,CLOSE_POS_MIDDLE_THIRD,ROWS_STANDARD_9_10,REGIME_RANGE_CLOSE_ROWS,4,1,5182.916667,5182.916667,5182.916667,5182.916667,5182.916667,0.0,85.807333,93.633332,93.633332,1.0,1,5189.44,6.523333,6.523333,6.523333,6.523333,False,False,False,False,False,prior_hlc::previous_pivot_hlc3,5182.916667,1
2,2026-03-11,2026-03-10,L6,RANGE_WIDE_120_220,CLOSE_POS_MIDDLE_THIRD,ROWS_STANDARD_9_10,REGIME_RANGE_CLOSE_ROWS,5,1,5211.93875,5211.93875,5211.93875,5211.93875,5211.93875,0.0,79.304875,89.31875,89.31875,0.5,2,5189.44,-22.49875,22.49875,22.49875,22.49875,False,False,False,False,False,green_box_quarter::green_box_2_25pct,5211.938750,2
3,2026-03-11,2026-03-10,L6,RANGE_WIDE_120_220,CLOSE_POS_MIDDLE_THIRD,ROWS_STANDARD_9_10,REGIME_RANGE_CLOSE_ROWS,3,1,5163.76874,5163.76874,5163.76874,5163.76874,5163.76874,0.0,70.245677,75.998293,75.998293,0.333333,3,5189.44,25.67126,25.67126,25.67126,25.67126,False,False,False,False,False,prior_range_fraction::prev_range_0.382,5163.768740,3
4,2026-03-11,2026-03-10,L6,RANGE_WIDE_120_220,CLOSE_POS_MIDDLE_THIRD,ROWS_STANDARD_9_10,REGIME_RANGE_CLOSE_ROWS,2,1,5136.40375,5136.40375,5136.40375,5136.40375,5136.40375,0.0,64.387317,67.047098,67.047098,0.25,4,5189.44,53.03625,53.03625,53.03625,53.03625,False,False,False,False,False,green_box_quarter::green_box_1_25pct,5136.403750,4
5,2026-03-11,2026-03-10,L6,RANGE_WIDE_120_220,CLOSE_POS_MIDDLE_THIRD,ROWS_STANDARD_9_10,REGIME_RANGE_CLOSE_ROWS,1,1,5106.40375,5106.40375,5106.40375,5106.40375,5106.40375,0.0,47.057143,37.857143,37.857143,0.2,5,5189.44,83.03625,83.03625,83.03625,83.03625,False,False,False,False,False,red_box_quarter::red_box_2_75pct,5106.403750,5
1,2026-03-11,2026-03-10,L7,RANGE_WIDE_120_220,CLOSE_POS_MIDDLE_THIRD,ROWS_STANDARD_9_10,REGIME_RANGE_CLOSE_ROWS,3,1,5136.40375,5136.40375,5136.40375,5136.40375,5136.40375,0.0,85.143093,92.488091,92.488091,1.0,1,5163.6,27.19625,27.19625,27.19625,27.19625,False,False,False,False,False,green_box_quarter::green_box_1_25pct,5136.403750,1
2,2026-03-11,2026-03-10,L7,RANGE_WIDE_120_220,CLOSE_POS_MIDDLE_THIRD,ROWS_STANDARD_9_10,REGIME_RANGE_CLOSE_ROWS,4,1,5163.055,5163.055,5163.055,5163.055,5163.055,0.0,77.77875,86.6875,86.6875,0.5,2,5163.6,0.545,0.545,0.545,0.545,False,True,True,True,True,red_box_edge::red_edge_1,5163.055000,2
3,2026-03-11,2026-03-10,L7,RANGE_WIDE_120_220,CLOSE_POS_MIDDLE_THIRD,ROWS_STANDARD_9_10,REGIME_RANGE_CLOSE_ROWS,5,1,5181.93875,5181.93875,5181.93875,5181.93875,5181.93875,0.0,75.51242,85.078885,85.078885,0.333333,3,5163.6,-18.33875,18.33875,18.33875,18.33875,False,False,False,False,False,red_box_quarter::red_box_1_75pct,5181.938750,3
4,2026-03-11,2026-03-10,L7,RANGE_WIDE_120_220,CLOSE_POS_MIDDLE_THIRD,ROWS_STANDARD_9_10,REGIME_RANGE_CLOSE_ROWS,2,1,5117.52,5117.52,5117.52,5117.52,5117.52,0.0,67.597419,72.581757,72.581757,0.25,4,5163.6,46.08,46.08,46.08,46.08,False,False,False,False,False,prior_hlc::previous_low,5117.520000,4
5,2026-03-11,2026-03-10,L7,RANGE_WIDE_120_220,CLOSE_POS_MIDDLE_THIRD,ROWS_STANDARD_9_10,REGIME_RANGE_CLOSE_ROWS,1,1,5106.40375,5106.40375,5106.40375,5106.40375,5106.40375,0.0,34.760821,16.656588,16.656588,0.2,5,5163.6,57.19625,57.19625,57.19625,57.19625,False,False,False,False,False,red_box_quarter::red_box_2_75pct,5106.403750,5
1,2026-03-12,2026-03-11,L4,RANGE_NORMAL_60_120,CLOSE_POS_MIDDLE_THIRD,ROWS_STANDARD_9_10,REGIME_RANGE_CLOSE_ROWS,3,2,5210.0575,5214.0525,5212.055,5212.055,5212.055,3.995,87.699226,93.473838,186.947677,1.5,1,5238.21,26.155,26.155,26.155,26.155,False,False,False,False,False,red_box_quarter::red_box_1_25pct | green_box_quarter::green_box_2_25pct,5210.057500 | 5214.052500,2 | 1
2,2026-03-12,2026-03-11,L4,RANGE_NORMAL_60_120,CLOSE_POS_MIDDLE_THIRD,ROWS_STANDARD_9_10,REGIME_RANGE_CLOSE_ROWS,4,1,5227.055,5227.055,5227.055,5227.055,5227.055,0.0,78.539779,90.29847,90.29847,0.333333,3,5238.21,11.155,11.155,11.155,11.155,False,False,False,False,False,green_box_midline::green_mid_2,5227.055000,3
3,2026-03-12,2026-03-11,L4,RANGE_NORMAL_60_120,CLOSE_POS_MIDDLE_THIRD,ROWS_STANDARD_9_10,REGIME_RANGE_CLOSE_ROWS,2,1,5201.05,5201.05,5201.05,5201.05,5201.05,0.0,77.125261,89.009071,89.009071,0.25,4,5238.21,37.16,37.16,37.16,37.16,False,False,False,False,False,green_box_edge::green_edge_1,5201.050000,4
4,2026-03-12,2026-03-11,L4,RANGE_NORMAL_60_120,CLOSE_POS_MIDDLE_THIRD,ROWS_STANDARD_9_10,REGIME_RANGE_CLOSE_ROWS,1,1,5175.96,5175.96,5175.96,5175.96,5175.96,0.0,67.807889,73.634292,73.634292,0.2,5,5238.21,62.25,62.25,62.25,62.25,False,False,False,False,False,prior_hlc::previous_close,5175.960000,5
1,2026-03-12,2026-03-11,L5,RANGE_NORMAL_60_120,CLOSE_POS_MIDDLE_THIRD,ROWS_STANDARD_9_10,REGIME_RANGE_CLOSE_ROWS,2,1,5188.0475,5188.0475,5188.0475,5188.0475,5188.0475,0.0,85.875209,93.75036,93.75036,1.0,1,5214.48,26.4325,26.4325,26.4325,26.4325,False,False,False,False,False,green_box_quarter::green_box_1_75pct,5188.047500,1
2,2026-03-12,2026-03-11,L5,RANGE_NORMAL_60_120,CLOSE_POS_MIDDLE_THIRD,ROWS_STANDARD_9_10,REGIME_RANGE_CLOSE_ROWS,1,2,5175.045,5177.31564,5176.18032,5176.18032,5176.18032,2.27064,80.835899,91.667923,183.335845,0.583333,3,5214.48,38.29968,38.29968,38.29968,38.29968,False,False,False,False,False,green_box_midline::green_mid_1 | prior_range_fraction::prev_range_0.382,5175.045000 | 5177.315640,4 | 3
3,2026-03-12,2026-03-11,L5,RANGE_NORMAL_60_120,CLOSE_POS_MIDDLE_THIRD,ROWS_STANDARD_9_10,REGIME_RANGE_CLOSE_ROWS,3,2,5197.055,5201.05,5199.0525,5199.0525,5199.0525,3.995,80.027365,91.280974,182.561947,0.7,2,5214.48,15.4275,15.4275,15.4275,15.4275,False,False,False,False,False,red_box_midline::red_mid_1 | green_box_edge::green_edge_1,5197.055000 | 5201.050000,5 | 2
1,2026-03-12,2026-03-11,L6,RANGE_NORMAL_60_120,CLOSE_POS_MIDDLE_THIRD,ROWS_STANDARD_9_10,REGIME_RANGE_CLOSE_ROWS,1,4,5167.545,5177.31564,5172.43032,5172.96766,5173.505,9.77064,84.945321,88.408306,353.633225,1.783333,1,5185.72,13.28968,13.28968,12.75234,12.215,False,False,False,False,False,prior_range_fraction::prev_range_0.25 | red_box_edge::red_edge_1 | prior_hlc::previous_close | prior_range_fraction::prev_range_0.382,5167.545000 | 5171.050000 | 5175.960000 | 5177.315640,5 | 1 | 3 | 4
2,2026-03-12,2026-03-11,L6,RANGE_NORMAL_60_120,CLOSE_POS_MIDDLE_THIRD,ROWS_STANDARD_9_10,REGIME_RANGE_CLOSE_ROWS,2,1,5186.05,5186.05,5186.05,5186.05,5186.05,0.0,80.104973,90.69823,90.69823,0.5,2,5185.72,-0.33,0.33,0.33,0.33,False,True,True,True,True,prior_hlc::previous_mid,5186.050000,2
1,2026-03-12,2026-03-11,L7,RANGE_NORMAL_60_120,CLOSE_POS_MIDDLE_THIRD,ROWS_STANDARD_9_10,REGIME_RANGE_CLOSE_ROWS,1,1,5080.0325,5080.0325,5080.0325,5080.0325,5080.0325,0.0,85.217321,92.616071,92.616071,1.0,1,5157.46,77.4275,77.4275,77.4275,77.4275,False,False,False,False,False,red_box_quarter::red_box_3_75pct,5080.032500,1
2,2026-03-12,2026-03-11,L7,RANGE_NORMAL_60_120,CLOSE_POS_MIDDLE_THIRD,ROWS_STANDARD_9_10,REGIME_RANGE_CLOSE_ROWS,4,1,5171.05,5171.05,5171.05,5171.05,5171.05,0.0,80.825821,91.941071,91.941071,0.5,2,5157.46,-13.59,13.59,13.59,13.59,False,False,False,False,False,red_box_edge::red_edge_1,5171.050000,2
3,2026-03-12,2026-03-11,L7,RANGE_NORMAL_60_120,CLOSE_POS_MIDDLE_THIRD,ROWS_STANDARD_9_10,REGIME_RANGE_CLOSE_ROWS,2,1,5106.0375,5106.0375,5106.0375,5106.0375,5106.0375,0.0,79.074836,91.220982,91.220982,0.333333,3,5157.46,51.4225,51.4225,51.4225,51.4225,False,False,False,False,False,red_box_quarter::red_box_3_25pct,5106.037500,3
4,2026-03-12,2026-03-11,L7,RANGE_NORMAL_60_120,CLOSE_POS_MIDDLE_THIRD,ROWS_STANDARD_9_10,REGIME_RANGE_CLOSE_ROWS,3,2,5158.0475,5162.0425,5160.045,5160.045,5160.045,3.995,76.891346,89.322322,178.644643,0.45,4,5157.46,-2.585,2.585,2.585,2.585,False,True,True,True,True,red_box_quarter::red_box_2_25pct | green_box_quarter::green_box_1_25pct,5158.047500 | 5162.042500,4 | 5
1,2026-03-13,2026-03-12,L4,RANGE_WIDE_120_220,CLOSE_POS_LOWER_THIRD,ROWS_STANDARD_9_10,REGIME_RANGE_CLOSE_ROWS,1,1,5117.56625,5117.56625,5117.56625,5117.56625,5117.56625,0.0,86.269267,94.42977,94.42977,1.0,1,5106.89,-10.67625,10.67625,10.67625,10.67625,False,False,False,False,False,green_box_quarter::green_box_1_75pct,5117.566250,1
2,2026-03-13,2026-03-12,L4,RANGE_WIDE_120_220,CLOSE_POS_LOWER_THIRD,ROWS_STANDARD_9_10,REGIME_RANGE_CLOSE_ROWS,2,1,5139.51734,5139.51734,5139.51734,5139.51734,5139.51734,0.0,81.121487,92.450839,92.450839,0.5,2,5106.89,-32.62734,32.62734,32.62734,32.62734,False,False,False,False,False,prior_range_fraction::prev_range_0.618,5139.517340,2
1,2026-03-13,2026-03-12,L5,RANGE_WIDE_120_220,CLOSE_POS_LOWER_THIRD,ROWS_STANDARD_9_10,REGIME_RANGE_CLOSE_ROWS,1,1,5079.04,5079.04,5079.04,5079.04,5079.04,0.0,83.458079,89.582895,89.582895,1.0,1,5079.86,0.82,0.82,0.82,0.82,False,True,True,True,True,prior_hlc::previous_close,5079.040000,1
2,2026-03-13,2026-03-12,L5,RANGE_WIDE_120_220,CLOSE_POS_LOWER_THIRD,ROWS_STANDARD_9_10,REGIME_RANGE_CLOSE_ROWS,2,1,5089.2375,5089.2375,5089.2375,5089.2375,5089.2375,0.0,78.526645,87.976974,87.976974,0.5,2,5079.86,-9.3775,9.3775,9.3775,9.3775,False,False,False,False,False,prior_range_fraction::prev_range_0.25,5089.237500,2
3,2026-03-13,2026-03-12,L5,RANGE_WIDE_120_220,CLOSE_POS_LOWER_THIRD,ROWS_STANDARD_9_10,REGIME_RANGE_CLOSE_ROWS,3,1,5108.395,5108.395,5108.395,5108.395,5108.395,0.0,71.263574,77.753289,77.753289,0.333333,3,5079.86,-28.535,28.535,28.535,28.535,False,False,False,False,False,red_box_edge::red_edge_1,5108.395000,3
1,2026-03-13,2026-03-12,L6,RANGE_WIDE_120_220,CLOSE_POS_LOWER_THIRD,ROWS_STANDARD_9_10,REGIME_RANGE_CLOSE_ROWS,2,1,5066.7375,5066.7375,5066.7375,5066.7375,5066.7375,0.0,83.821533,90.209539,90.209539,1.0,1,5053.98,-12.7575,12.7575,12.7575,12.7575,False,False,False,False,False,red_box_midline::red_mid_2,5066.737500,1
2,2026-03-13,2026-03-12,L6,RANGE_WIDE_120_220,CLOSE_POS_LOWER_THIRD,ROWS_STANDARD_9_10,REGIME_RANGE_CLOSE_ROWS,1,1,5055.08,5055.08,5055.08,5055.08,5055.08,0.0,57.780579,52.207895,52.207895,0.5,2,5053.98,-1.1,1.1,1.1,1.1,False,True,True,True,True,prior_hlc::previous_low,5055.080000,2
1,2026-03-13,2026-03-12,L7,RANGE_WIDE_120_220,CLOSE_POS_LOWER_THIRD,ROWS_STANDARD_9_10,REGIME_RANGE_CLOSE_ROWS,1,1,5025.08,5025.08,5025.08,5025.08,5025.08,0.0,54.115423,38.992109,38.992109,1.0,1,5023.5,-1.58,1.58,1.58,1.58,False,True,True,True,True,red_box_edge::red_edge_2,5025.080000,1
1,2026-03-16,2026-03-13,L4,RANGE_NORMAL_60_120,CLOSE_POS_LOWER_THIRD,ROWS_STANDARD_9_10,REGIME_RANGE_CLOSE_ROWS,1,1,5052.273333,5052.273333,5052.273333,5052.273333,5052.273333,0.0,83.642211,89.900363,89.900363,1.0,1,5080.85,28.576667,28.576667,28.576667,28.576667,False,False,False,False,False,prior_hlc::previous_pivot_hlc3,5052.273333,1
2,2026-03-16,2026-03-13,L4,RANGE_NORMAL_60_120,CLOSE_POS_LOWER_THIRD,ROWS_STANDARD_9_10,REGIME_RANGE_CLOSE_ROWS,2,1,5065.51,5065.51,5065.51,5065.51,5065.51,0.0,77.928399,86.945516,86.945516,0.5,2,5080.85,15.34,15.34,15.34,15.34,False,False,False,False,False,green_box_quarter::green_box_1_75pct,5065.510000,2
3,2026-03-16,2026-03-13,L4,RANGE_NORMAL_60_120,CLOSE_POS_LOWER_THIRD,ROWS_STANDARD_9_10,REGIME_RANGE_CLOSE_ROWS,3,1,5091.22,5091.22,5091.22,5091.22,5091.22,0.0,49.286759,39.862228,39.862228,0.333333,3,5080.85,-10.37,10.37,10.37,10.37,False,False,False,False,False,red_box_midline::red_mid_1,5091.220000,3
1,2026-03-16,2026-03-13,L5,RANGE_NORMAL_60_120,CLOSE_POS_LOWER_THIRD,ROWS_STANDARD_9_10,REGIME_RANGE_CLOSE_ROWS,1,1,5035.51,5035.51,5035.51,5035.51,5035.51,0.0,84.957481,92.168071,92.168071,1.0,1,5057.31,21.8,21.8,21.8,21.8,False,False,False,False,False,red_box_quarter::red_box_2_25pct,5035.510000,1
2,2026-03-16,2026-03-13,L5,RANGE_NORMAL_60_120,CLOSE_POS_LOWER_THIRD,ROWS_STANDARD_9_10,REGIME_RANGE_CLOSE_ROWS,2,1,5046.94,5046.94,5046.94,5046.94,5046.94,0.0,78.611712,88.123641,88.123641,0.5,2,5057.31,10.37,10.37,10.37,10.37,False,False,False,False,False,green_box_midline::green_mid_1,5046.940000,2
3,2026-03-16,2026-03-13,L5,RANGE_NORMAL_60_120,CLOSE_POS_LOWER_THIRD,ROWS_STANDARD_9_10,REGIME_RANGE_CLOSE_ROWS,3,1,5052.273333,5052.273333,5052.273333,5052.273333,5052.273333,0.0,70.373384,76.218478,76.218478,0.333333,3,5057.31,5.036667,5.036667,5.036667,5.036667,False,False,False,False,False,prior_hlc::previous_pivot_hlc3,5052.273333,3
1,2026-03-16,2026-03-13,L6,RANGE_NORMAL_60_120,CLOSE_POS_LOWER_THIRD,ROWS_STANDARD_9_10,REGIME_RANGE_CLOSE_ROWS,3,1,5035.51,5035.51,5035.51,5035.51,5035.51,0.0,84.230905,90.915353,90.915353,1.0,1,5028.51,-7.0,7.0,7.0,7.0,False,False,False,False,False,red_box_quarter::red_box_2_25pct,5035.510000,1
2,2026-03-16,2026-03-13,L6,RANGE_NORMAL_60_120,CLOSE_POS_LOWER_THIRD,ROWS_STANDARD_9_10,REGIME_RANGE_CLOSE_ROWS,2,1,5028.37,5028.37,5028.37,5028.37,5028.37,0.0,77.964649,87.008016,87.008016,0.5,2,5028.51,0.14,0.14,0.14,0.14,False,True,True,True,True,green_box_quarter::green_box_1_25pct,5028.370000,2
3,2026-03-16,2026-03-13,L6,RANGE_NORMAL_60_120,CLOSE_POS_LOWER_THIRD,ROWS_STANDARD_9_10,REGIME_RANGE_CLOSE_ROWS,1,1,4998.37,4998.37,4998.37,4998.37,4998.37,0.0,36.367023,17.586821,17.586821,0.333333,3,5028.51,30.14,30.14,30.14,30.14,False,False,False,False,False,red_box_quarter::red_box_2_75pct,4998.370000,3
1,2026-03-16,2026-03-13,L7,RANGE_NORMAL_60_120,CLOSE_POS_LOWER_THIRD,ROWS_STANDARD_9_10,REGIME_RANGE_CLOSE_ROWS,2,1,5009.8,5009.8,5009.8,5009.8,5009.8,0.0,61.672211,52.021053,52.021053,1.0,1,4999.43,-10.37,10.37,10.37,10.37,False,False,False,False,False,prior_hlc::previous_low,5009.800000,1
2,2026-03-16,2026-03-13,L7,RANGE_NORMAL_60_120,CLOSE_POS_LOWER_THIRD,ROWS_STANDARD_9_10,REGIME_RANGE_CLOSE_ROWS,1,1,4942.66,4942.66,4942.66,4942.66,4942.66,0.0,50.92952,40.395724,40.395724,0.5,2,4999.43,56.77,56.77,56.77,56.77,False,False,False,False,False,red_box_midline::red_mid_3,4942.660000,2
1,2026-03-17,2026-03-16,L4,RANGE_NORMAL_60_120,CLOSE_POS_MIDDLE_THIRD,ROWS_SPARSE_1_8,REGIME_RANGE_CLOSE_ROWS,1,3,5002.73,5005.1675,5003.94875,5003.933611,5003.903333,2.4375,84.907403,82.561614,247.684841,1.583333,1,5032.61,28.66125,28.66125,28.676389,28.706667,False,False,False,False,False,prior_hlc::previous_mid | prior_hlc::previous_pivot_hlc3 | green_box_quarter::green_box_1_75pct,5002.730000 | 5003.903333 | 5005.167500,3 | 1 | 4
2,2026-03-17,2026-03-16,L4,RANGE_NORMAL_60_120,CLOSE_POS_MIDDLE_THIRD,ROWS_SPARSE_1_8,REGIME_RANGE_CLOSE_ROWS,2,1,5014.480023,5014.480023,5014.480023,5014.480023,5014.480023,0.0,78.919865,88.654939,88.654939,0.5,2,5032.61,18.129977,18.129977,18.129977,18.129977,False,False,False,False,False,prior_range_fraction::prev_range_0.666667,5014.480023,2
1,2026-03-17,2026-03-16,L5,RANGE_NORMAL_60_120,CLOSE_POS_MIDDLE_THIRD,ROWS_SPARSE_1_8,REGIME_RANGE_CLOSE_ROWS,4,1,5006.25,5006.25,5006.25,5006.25,5006.25,0.0,83.9785,90.480172,90.480172,1.0,1,5002.1,-4.15,4.15,4.15,4.15,False,False,True,False,True,prior_hlc::previous_close,5006.250000,1
2,2026-03-17,2026-03-16,L5,RANGE_NORMAL_60_120,CLOSE_POS_MIDDLE_THIRD,ROWS_SPARSE_1_8,REGIME_RANGE_CLOSE_ROWS,3,1,4994.411,4994.411,4994.411,4994.411,4994.411,0.0,78.463267,87.867702,87.867702,0.5,2,5002.1,7.689,7.689,7.689,7.689,False,False,False,False,False,prior_range_fraction::prev_range_0.382,4994.411000,2
3,2026-03-17,2026-03-16,L5,RANGE_NORMAL_60_120,CLOSE_POS_MIDDLE_THIRD,ROWS_SPARSE_1_8,REGIME_RANGE_CLOSE_ROWS,2,1,4985.105,4985.105,4985.105,4985.105,4985.105,0.0,63.923667,65.098276,65.098276,0.333333,3,5002.1,16.995,16.995,16.995,16.995,False,False,False,False,False,prior_range_fraction::prev_range_0.25,4985.105000,3
4,2026-03-17,2026-03-16,L5,RANGE_NORMAL_60_120,CLOSE_POS_MIDDLE_THIRD,ROWS_SPARSE_1_8,REGIME_RANGE_CLOSE_ROWS,1,1,4976.2925,4976.2925,4976.2925,4976.2925,4976.2925,0.0,47.334062,37.644935,37.644935,0.25,4,5002.1,25.8075,25.8075,25.8075,25.8075,False,False,False,False,False,prior_range_fraction::prev_range_0.125,4976.292500,4
1,2026-03-17,2026-03-16,L6,RANGE_NORMAL_60_120,CLOSE_POS_MIDDLE_THIRD,ROWS_SPARSE_1_8,REGIME_RANGE_CLOSE_ROWS,1,1,4937.48,4937.48,4937.48,4937.48,4937.48,0.0,85.0365,92.30431,92.30431,1.0,1,4972.65,35.17,35.17,35.17,35.17,False,False,False,False,False,red_box_edge::red_edge_2,4937.480000,1
2,2026-03-17,2026-03-16,L6,RANGE_NORMAL_60_120,CLOSE_POS_MIDDLE_THIRD,ROWS_SPARSE_1_8,REGIME_RANGE_CLOSE_ROWS,3,1,4976.2925,4976.2925,4976.2925,4976.2925,4976.2925,0.0,79.551188,89.743427,89.743427,0.5,2,4972.65,-3.6425,3.6425,3.6425,3.6425,False,False,True,False,True,prior_range_fraction::prev_range_0.125,4976.292500,2
3,2026-03-17,2026-03-16,L6,RANGE_NORMAL_60_120,CLOSE_POS_MIDDLE_THIRD,ROWS_SPARSE_1_8,REGIME_RANGE_CLOSE_ROWS,4,1,4985.105,4985.105,4985.105,4985.105,4985.105,0.0,76.416125,87.786422,87.786422,0.25,4,4972.65,-12.455,12.455,12.455,12.455,False,False,False,False,False,prior_range_fraction::prev_range_0.25,4985.105000,4
4,2026-03-17,2026-03-16,L6,RANGE_NORMAL_60_120,CLOSE_POS_MIDDLE_THIRD,ROWS_SPARSE_1_8,REGIME_RANGE_CLOSE_ROWS,2,2,4962.605,4967.48,4965.0425,4965.0425,4965.0425,4.875,60.664104,61.530065,123.060129,0.533333,3,4972.65,7.6075,7.6075,7.6075,7.6075,False,False,False,False,False,red_box_midline::red_mid_2 | prior_hlc::previous_low,4962.605000 | 4967.480000,5 | 3
1,2026-03-17,2026-03-16,L7,RANGE_NORMAL_60_120,CLOSE_POS_MIDDLE_THIRD,ROWS_SPARSE_1_8,REGIME_RANGE_CLOSE_ROWS,1,1,4899.7925,4899.7925,4899.7925,4899.7925,4899.7925,0.0,76.842682,78.177038,78.177038,1.0,1,4948.52,48.7275,48.7275,48.7275,48.7275,False,False,False,False,False,red_box_quarter::red_box_3_75pct,4899.792500,1
2,2026-03-17,2026-03-16,L7,RANGE_NORMAL_60_120,CLOSE_POS_MIDDLE_THIRD,ROWS_SPARSE_1_8,REGIME_RANGE_CLOSE_ROWS,2,1,4950.0425,4950.0425,4950.0425,4950.0425,4950.0425,0.0,69.34939,72.154121,72.154121,0.5,2,4948.52,-1.5225,1.5225,1.5225,1.5225,False,True,True,True,True,red_box_quarter::red_box_2_75pct,4950.042500,2
3,2026-03-17,2026-03-16,L7,RANGE_NORMAL_60_120,CLOSE_POS_MIDDLE_THIRD,ROWS_SPARSE_1_8,REGIME_RANGE_CLOSE_ROWS,3,1,4976.2925,4976.2925,4976.2925,4976.2925,4976.2925,0.0,48.073881,37.77106,37.77106,0.333333,3,4948.52,-27.7725,27.7725,27.7725,27.7725,False,False,False,False,False,prior_range_fraction::prev_range_0.125,4976.292500,3
1,2026-03-18,2026-03-17,L4,RANGE_NORMAL_60_120,CLOSE_POS_MIDDLE_THIRD,ROWS_EXTENDED_11_PLUS,REGIME_RANGE_CLOSE_ROWS,1,2,5044.52,5049.16,5046.84,5046.84,5046.84,4.64,69.718172,63.450641,126.901282,1.5,1,5033.04,-13.8,13.8,13.8,13.8,False,False,False,False,False,prior_hlc::previous_high | green_box_midline::green_mid_2,5044.520000 | 5049.160000,2 | 1
1,2026-03-18,2026-03-17,L5,RANGE_NORMAL_60_120,CLOSE_POS_MIDDLE_THIRD,ROWS_EXTENDED_11_PLUS,REGIME_RANGE_CLOSE_ROWS,1,2,5007.7,5011.12,5009.41,5009.41,5009.41,3.42,81.040553,81.120954,162.241907,1.5,1,5007.6,-1.81,1.81,1.81,1.81,False,True,True,True,True,prior_hlc::previous_pivot_hlc3 | green_box_quarter::green_box_1_75pct,5007.700000 | 5011.120000,1 | 2
1,2026-03-18,2026-03-17,L6,RANGE_NORMAL_60_120,CLOSE_POS_MIDDLE_THIRD,ROWS_EXTENDED_11_PLUS,REGIME_RANGE_CLOSE_ROWS,1,2,4981.12,4985.76,4983.44,4983.44,4983.44,4.64,85.808641,91.192828,182.385657,1.5,1,4976.45,-6.99,6.99,6.99,6.99,False,False,False,False,True,red_box_quarter::red_box_2_25pct | green_box_quarter::green_box_1_25pct,4981.120000 | 4985.760000,1 | 2
1,2026-03-18,2026-03-17,L7,RANGE_NORMAL_60_120,CLOSE_POS_MIDDLE_THIRD,ROWS_EXTENDED_11_PLUS,REGIME_RANGE_CLOSE_ROWS,1,1,4955.76,4955.76,4955.76,4955.76,4955.76,0.0,62.663781,53.730657,53.730657,1.0,1,4948.65,-7.11,7.11,7.11,7.11,False,False,False,False,False,red_box_quarter::red_box_2_75pct,4955.760000,1
1,2026-03-19,2026-03-18,L4,RANGE_WIDE_120_220,CLOSE_POS_LOWER_THIRD,ROWS_EXTENDED_11_PLUS,REGIME_RANGE_CLOSE_ROWS,1,1,5016.38,5016.38,5016.38,5016.38,5016.38,0.0,55.722127,41.762288,41.762288,1.0,1,4854.69,-161.69,161.69,161.69,161.69,False,False,False,False,False,prior_hlc::previous_high,5016.380000,1
2,2026-03-19,2026-03-18,L4,RANGE_WIDE_120_220,CLOSE_POS_LOWER_THIRD,ROWS_EXTENDED_11_PLUS,REGIME_RANGE_CLOSE_ROWS,2,1,5046.38,5046.38,5046.38,5046.38,5046.38,0.0,35.19483,13.266949,13.266949,0.5,2,4854.69,-191.69,191.69,191.69,191.69,False,False,False,False,False,green_box_edge::green_edge_2,5046.380000,2
1,2026-03-19,2026-03-18,L5,RANGE_WIDE_120_220,CLOSE_POS_LOWER_THIRD,ROWS_EXTENDED_11_PLUS,REGIME_RANGE_CLOSE_ROWS,1,1,4964.0425,4964.0425,4964.0425,4964.0425,4964.0425,0.0,85.008502,92.256038,92.256038,1.0,1,4835.57,-128.4725,128.4725,128.4725,128.4725,False,False,False,False,False,prior_range_fraction::prev_range_0.75,4964.042500,1
2,2026-03-19,2026-03-18,L5,RANGE_WIDE_120_220,CLOSE_POS_LOWER_THIRD,ROWS_EXTENDED_11_PLUS,REGIME_RANGE_CLOSE_ROWS,2,1,4990.21125,4990.21125,4990.21125,4990.21125,4990.21125,0.0,79.29658,89.304449,89.304449,0.5,2,4835.57,-154.64125,154.64125,154.64125,154.64125,False,False,False,False,False,prior_range_fraction::prev_range_0.875,4990.211250,2
1,2026-03-19,2026-03-18,L6,RANGE_WIDE_120_220,CLOSE_POS_LOWER_THIRD,ROWS_EXTENDED_11_PLUS,REGIME_RANGE_CLOSE_ROWS,2,1,4936.4083,4936.4083,4936.4083,4936.4083,4936.4083,0.0,73.460534,72.345749,72.345749,1.0,1,4814.49,-121.9183,121.9183,121.9183,121.9183,False,False,False,False,False,prior_range_fraction::prev_range_0.618,4936.408300,1
2,2026-03-19,2026-03-18,L6,RANGE_WIDE_120_220,CLOSE_POS_LOWER_THIRD,ROWS_EXTENDED_11_PLUS,REGIME_RANGE_CLOSE_ROWS,1,1,4911.705,4911.705,4911.705,4911.705,4911.705,0.0,51.207377,40.874788,40.874788,0.5,2,4814.49,-97.215,97.215,97.215,97.215,False,False,False,False,False,prior_hlc::previous_mid,4911.705000,2
1,2026-03-19,2026-03-18,L7,RANGE_WIDE_120_220,CLOSE_POS_LOWER_THIRD,ROWS_EXTENDED_11_PLUS,REGIME_RANGE_CLOSE_ROWS,2,1,4896.705,4896.705,4896.705,4896.705,4896.705,0.0,83.221872,89.175641,89.175641,1.0,1,4794.4,-102.305,102.305,102.305,102.305,False,False,False,False,False,red_box_edge::red_edge_1,4896.705000,1
2,2026-03-19,2026-03-18,L7,RANGE_WIDE_120_220,CLOSE_POS_LOWER_THIRD,ROWS_EXTENDED_11_PLUS,REGIME_RANGE_CLOSE_ROWS,1,1,4866.8675,4866.8675,4866.8675,4866.8675,4866.8675,0.0,79.097971,88.962019,88.962019,0.5,2,4794.4,-72.4675,72.4675,72.4675,72.4675,False,False,False,False,False,green_box_midline::green_mid_1,4866.867500,2
1,2026-03-20,2026-03-19,L4,RANGE_EXTREME_220_PLUS,CLOSE_POS_MIDDLE_THIRD,ROWS_STANDARD_9_10,REGIME_RANGE_CLOSE_ROWS,1,1,4798.64,4798.64,4798.64,4798.64,4798.64,0.0,41.605464,17.423214,17.423214,1.0,1,4687.79,-110.85,110.85,110.85,110.85,False,False,False,False,False,green_box_midline::green_mid_2,4798.640000,1
1,2026-03-20,2026-03-19,L5,RANGE_EXTREME_220_PLUS,CLOSE_POS_MIDDLE_THIRD,ROWS_STANDARD_9_10,REGIME_RANGE_CLOSE_ROWS,1,1,4768.64,4768.64,4768.64,4768.64,4768.64,0.0,34.855714,5.785714,5.785714,1.0,1,4666.39,-102.25,102.25,102.25,102.25,False,False,False,False,False,red_box_midline::red_mid_1,4768.640000,1
1,2026-03-20,2026-03-19,L6,RANGE_EXTREME_220_PLUS,CLOSE_POS_MIDDLE_THIRD,ROWS_STANDARD_9_10,REGIME_RANGE_CLOSE_ROWS,1,1,4719.36,4719.36,4719.36,4719.36,4719.36,0.0,83.260339,89.241964,89.241964,1.0,1,4642.43,-76.93,76.93,76.93,76.93,False,False,False,False,False,red_box_quarter::red_box_1_75pct,4719.360000,1
1,2026-03-20,2026-03-19,L7,RANGE_EXTREME_220_PLUS,CLOSE_POS_MIDDLE_THIRD,ROWS_STANDARD_9_10,REGIME_RANGE_CLOSE_ROWS,1,1,4685.08,4685.08,4685.08,4685.08,4685.08,0.0,76.201288,77.071186,77.071186,1.0,1,4621.43,-63.65,63.65,63.65,63.65,False,False,False,False,False,prior_hlc::previous_mid,4685.080000,1
1,2026-03-23,2026-03-20,L4,RANGE_EXTREME_220_PLUS,CLOSE_POS_LOWER_THIRD,ROWS_STANDARD_9_10,REGIME_RANGE_CLOSE_ROWS,2,1,4555.525,4555.525,4555.525,4555.525,4555.525,0.0,37.102438,9.659375,9.659375,1.0,1,4524.06,-31.465,31.465,31.465,31.465,False,False,False,False,False,red_box_quarter::red_box_2_25pct,4555.525000,1
2,2026-03-23,2026-03-20,L4,RANGE_EXTREME_220_PLUS,CLOSE_POS_LOWER_THIRD,ROWS_STANDARD_9_10,REGIME_RANGE_CLOSE_ROWS,1,1,4519.47,4519.47,4519.47,4519.47,4519.47,0.0,32.5895,8.775,8.775,0.5,2,4524.06,4.59,4.59,4.59,4.59,False,False,True,False,True,red_box_midline::red_mid_2,4519.470000,2
1,2026-03-23,2026-03-20,L5,RANGE_EXTREME_220_PLUS,CLOSE_POS_LOWER_THIRD,ROWS_STANDARD_9_10,REGIME_RANGE_CLOSE_ROWS,1,1,4498.06,4498.06,4498.06,4498.06,4498.06,0.0,75.261,75.45,75.45,1.0,1,4495.38,-2.68,2.68,2.68,2.68,False,True,True,True,True,prior_hlc::previous_close,4498.060000,1
2,2026-03-23,2026-03-20,L5,RANGE_EXTREME_220_PLUS,CLOSE_POS_LOWER_THIRD,ROWS_STANDARD_9_10,REGIME_RANGE_CLOSE_ROWS,2,1,4519.47,4519.47,4519.47,4519.47,4519.47,0.0,32.817875,9.16875,9.16875,0.5,2,4495.38,-24.09,24.09,24.09,24.09,False,False,False,False,False,red_box_midline::red_mid_2,4519.470000,2
1,2026-03-23,2026-03-20,L6,RANGE_EXTREME_220_PLUS,CLOSE_POS_LOWER_THIRD,ROWS_STANDARD_9_10,REGIME_RANGE_CLOSE_ROWS,2,1,4509.665,4509.665,4509.665,4509.665,4509.665,0.0,84.789312,91.878125,91.878125,1.0,1,4465.6,-44.065,44.065,44.065,44.065,False,False,False,False,False,prior_range_fraction::prev_range_0.125,4509.665000,1
2,2026-03-23,2026-03-20,L6,RANGE_EXTREME_220_PLUS,CLOSE_POS_LOWER_THIRD,ROWS_STANDARD_9_10,REGIME_RANGE_CLOSE_ROWS,1,1,4483.415,4483.415,4483.415,4483.415,4483.415,0.0,36.59875,15.6875,15.6875,0.5,2,4465.6,-17.815,17.815,17.815,17.815,False,False,False,False,False,red_box_quarter::red_box_2_75pct,4483.415000,2
1,2026-03-23,2026-03-20,L7,RANGE_EXTREME_220_PLUS,CLOSE_POS_LOWER_THIRD,ROWS_STANDARD_9_10,REGIME_RANGE_CLOSE_ROWS,2,1,4483.415,4483.415,4483.415,4483.415,4483.415,0.0,41.692388,17.573083,17.573083,1.0,1,4441.71,-41.705,41.705,41.705,41.705,False,False,False,False,False,red_box_quarter::red_box_2_75pct,4483.415000,1
2,2026-03-23,2026-03-20,L7,RANGE_EXTREME_220_PLUS,CLOSE_POS_LOWER_THIRD,ROWS_STANDARD_9_10,REGIME_RANGE_CLOSE_ROWS,1,1,4477.36,4477.36,4477.36,4477.36,4477.36,0.0,36.374609,15.30105,15.30105,0.5,2,4441.71,-35.65,35.65,35.65,35.65,False,False,False,False,False,prior_hlc::previous_low,4477.360000,2
1,2026-03-24,2026-03-23,L4,RANGE_EXTREME_220_PLUS,CLOSE_POS_UPPER_THIRD,ROWS_STANDARD_9_10,REGIME_RANGE_CLOSE_ROWS,1,1,4508.01375,4508.01375,4508.01375,4508.01375,4508.01375,0.0,83.263128,89.246772,89.246772,1.0,1,4445.82,-62.19375,62.19375,62.19375,62.19375,False,False,False,False,False,green_box_quarter::green_box_2_75pct,4508.013750,1
2,2026-03-24,2026-03-23,L4,RANGE_EXTREME_220_PLUS,CLOSE_POS_UPPER_THIRD,ROWS_STANDARD_9_10,REGIME_RANGE_CLOSE_ROWS,2,1,4536.45,4536.45,4536.45,4536.45,4536.45,0.0,72.428909,77.463636,77.463636,0.5,2,4445.82,-90.63,90.63,90.63,90.63,False,False,False,False,False,prior_hlc::previous_high,4536.450000,2
1,2026-03-24,2026-03-23,L5,RANGE_EXTREME_220_PLUS,CLOSE_POS_UPPER_THIRD,ROWS_STANDARD_9_10,REGIME_RANGE_CLOSE_ROWS,2,1,4478.01375,4478.01375,4478.01375,4478.01375,4478.01375,0.0,84.182784,90.832386,90.832386,1.0,1,4395.52,-82.49375,82.49375,82.49375,82.49375,False,False,False,False,False,red_box_quarter::red_box_1_25pct,4478.013750,1
2,2026-03-24,2026-03-23,L5,RANGE_EXTREME_220_PLUS,CLOSE_POS_UPPER_THIRD,ROWS_STANDARD_9_10,REGIME_RANGE_CLOSE_ROWS,1,1,4449.5775,4449.5775,4449.5775,4449.5775,4449.5775,0.0,31.853565,7.506147,7.506147,0.5,2,4395.52,-54.0575,54.0575,54.0575,54.0575,False,False,False,False,False,green_box_midline::green_mid_2,4449.577500,2
1,2026-03-24,2026-03-23,L6,RANGE_EXTREME_220_PLUS,CLOSE_POS_UPPER_THIRD,ROWS_STANDARD_9_10,REGIME_RANGE_CLOSE_ROWS,1,1,4369.32882,4369.32882,4369.32882,4369.32882,4369.32882,0.0,55.470673,41.328747,41.328747,1.0,1,4349.74,-19.58882,19.58882,19.58882,19.58882,False,False,False,False,False,prior_range_fraction::prev_range_0.618,4369.328820,1
2,2026-03-24,2026-03-23,L6,RANGE_EXTREME_220_PLUS,CLOSE_POS_UPPER_THIRD,ROWS_STANDARD_9_10,REGIME_RANGE_CLOSE_ROWS,2,1,4419.5775,4419.5775,4419.5775,4419.5775,4419.5775,0.0,49.598659,38.101136,38.101136,0.5,2,4349.74,-69.8375,69.8375,69.8375,69.8375,False,False,False,False,False,red_box_midline::red_mid_1,4419.577500,2
1,2026-03-24,2026-03-23,L7,RANGE_EXTREME_220_PLUS,CLOSE_POS_UPPER_THIRD,ROWS_STANDARD_9_10,REGIME_RANGE_CLOSE_ROWS,1,1,4302.705,4302.705,4302.705,4302.705,4302.705,0.0,52.76425,36.6625,36.6625,1.0,1,4305.61,2.905,2.905,2.905,2.905,False,True,True,True,True,red_box_edge::red_edge_1,4302.705000,1
2,2026-03-24,2026-03-23,L7,RANGE_EXTREME_220_PLUS,CLOSE_POS_UPPER_THIRD,ROWS_STANDARD_9_10,REGIME_RANGE_CLOSE_ROWS,2,1,4332.705,4332.705,4332.705,4332.705,4332.705,0.0,36.0695,14.775,14.775,0.5,2,4305.61,-27.095,27.095,27.095,27.095,False,False,False,False,False,green_box_edge::green_edge_1,4332.705000,2
1,2026-03-25,2026-03-24,L4,RANGE_WIDE_120_220,CLOSE_POS_UPPER_THIRD,ROWS_STANDARD_9_10,REGIME_RANGE_CLOSE_ROWS,1,1,4540.08625,4540.08625,4540.08625,4540.08625,4540.08625,0.0,65.939981,59.379278,59.379278,1.0,1,4530.5,-9.58625,9.58625,9.58625,9.58625,False,False,False,False,False,green_box_quarter::green_box_3_25pct,4540.086250,1
1,2026-03-25,2026-03-24,L5,RANGE_WIDE_120_220,CLOSE_POS_UPPER_THIRD,ROWS_STANDARD_9_10,REGIME_RANGE_CLOSE_ROWS,1,1,4462.0975,4462.0975,4462.0975,4462.0975,4462.0975,0.0,76.312012,77.26209,77.26209,1.0,1,4480.55,18.4525,18.4525,18.4525,18.4525,False,False,False,False,False,green_box_midline::green_mid_2,4462.097500,1
2,2026-03-25,2026-03-24,L5,RANGE_WIDE_120_220,CLOSE_POS_UPPER_THIRD,ROWS_STANDARD_9_10,REGIME_RANGE_CLOSE_ROWS,2,1,4514.09,4514.09,4514.09,4514.09,4514.09,0.0,34.072541,11.331967,11.331967,0.5,2,4480.55,-33.54,33.54,33.54,33.54,False,False,False,False,False,green_box_edge::green_edge_2,4514.090000,2
1,2026-03-25,2026-03-24,L6,RANGE_WIDE_120_220,CLOSE_POS_UPPER_THIRD,ROWS_STANDARD_9_10,REGIME_RANGE_CLOSE_ROWS,2,1,4474.36,4474.36,4474.36,4474.36,4474.36,0.0,84.690041,91.706967,91.706967,1.0,1,4437.46,-36.9,36.9,36.9,36.9,False,False,False,False,False,prior_hlc::previous_close,4474.360000,1
2,2026-03-25,2026-03-24,L6,RANGE_WIDE_120_220,CLOSE_POS_UPPER_THIRD,ROWS_STANDARD_9_10,REGIME_RANGE_CLOSE_ROWS,1,1,4421.523333,4421.523333,4421.523333,4421.523333,4421.523333,0.0,78.699262,88.27459,88.27459,0.5,2,4437.46,15.936667,15.936667,15.936667,15.936667,False,False,False,False,False,prior_hlc::previous_pivot_hlc3,4421.523333,2
1,2026-03-25,2026-03-24,L7,RANGE_WIDE_120_220,CLOSE_POS_UPPER_THIRD,ROWS_STANDARD_9_10,REGIME_RANGE_CLOSE_ROWS,1,1,4332.11625,4332.11625,4332.11625,4332.11625,4332.11625,0.0,55.370565,41.156147,41.156147,1.0,1,4388.14,56.02375,56.02375,56.02375,56.02375,False,False,False,False,False,green_box_quarter::green_box_1_25pct,4332.116250,1
2,2026-03-25,2026-03-24,L7,RANGE_WIDE_120_220,CLOSE_POS_UPPER_THIRD,ROWS_STANDARD_9_10,REGIME_RANGE_CLOSE_ROWS,2,1,4439.5975,4439.5975,4439.5975,4439.5975,4439.5975,0.0,36.430472,15.397366,15.397366,0.5,2,4388.14,-51.4575,51.4575,51.4575,51.4575,False,False,False,False,False,prior_range_fraction::prev_range_0.75,4439.597500,2
1,2026-03-26,2026-03-25,L4,RANGE_WIDE_120_220,CLOSE_POS_MIDDLE_THIRD,ROWS_STANDARD_9_10,REGIME_RANGE_CLOSE_ROWS,4,1,4584.2,4584.2,4584.2,4584.2,4584.2,0.0,85.783093,93.59154,93.59154,1.0,1,4563.01,-21.19,21.19,21.19,21.19,False,False,False,False,False,prior_range_fraction::prev_range_0.875,4584.200000,1
2,2026-03-26,2026-03-25,L4,RANGE_WIDE_120_220,CLOSE_POS_MIDDLE_THIRD,ROWS_STANDARD_9_10,REGIME_RANGE_CLOSE_ROWS,1,1,4514.3,4514.3,4514.3,4514.3,4514.3,0.0,80.320317,91.069512,91.069512,0.5,2,4563.01,48.71,48.71,48.71,48.71,False,False,False,False,False,red_box_edge::red_edge_1,4514.300000,2
3,2026-03-26,2026-03-25,L4,RANGE_WIDE_120_220,CLOSE_POS_MIDDLE_THIRD,ROWS_STANDARD_9_10,REGIME_RANGE_CLOSE_ROWS,3,1,4565.9,4565.9,4565.9,4565.9,4565.9,0.0,75.840882,85.645198,85.645198,0.333333,3,4563.01,-2.89,2.89,2.89,2.89,False,True,True,True,True,prior_range_fraction::prev_range_0.75,4565.900000,3
4,2026-03-26,2026-03-25,L4,RANGE_WIDE_120_220,CLOSE_POS_MIDDLE_THIRD,ROWS_STANDARD_9_10,REGIME_RANGE_CLOSE_ROWS,5,1,4610.45,4610.45,4610.45,4610.45,4610.45,0.0,55.542011,51.79657,51.79657,0.25,4,4563.01,-47.44,47.44,47.44,47.44,False,False,False,False,False,green_box_quarter::green_box_2_75pct,4610.450000,4
5,2026-03-26,2026-03-25,L4,RANGE_WIDE_120_220,CLOSE_POS_MIDDLE_THIRD,ROWS_STANDARD_9_10,REGIME_RANGE_CLOSE_ROWS,2,1,4529.3,4529.3,4529.3,4529.3,4529.3,0.0,46.310848,36.570427,36.570427,0.2,5,4563.01,33.71,33.71,33.71,33.71,False,False,False,False,False,prior_hlc::previous_mid,4529.300000,5
1,2026-03-26,2026-03-25,L5,RANGE_WIDE_120_220,CLOSE_POS_MIDDLE_THIRD,ROWS_STANDARD_9_10,REGIME_RANGE_CLOSE_ROWS,3,1,4558.4,4558.4,4558.4,4558.4,4558.4,0.0,84.255156,90.957165,90.957165,1.0,1,4529.99,-28.41,28.41,28.41,28.41,False,False,False,False,False,red_box_midline::red_mid_1,4558.400000,1
2,2026-03-26,2026-03-25,L5,RANGE_WIDE_120_220,CLOSE_POS_MIDDLE_THIRD,ROWS_STANDARD_9_10,REGIME_RANGE_CLOSE_ROWS,4,1,4584.2,4584.2,4584.2,4584.2,4584.2,0.0,80.017011,90.54657,90.54657,0.5,2,4529.99,-54.21,54.21,54.21,54.21,False,False,False,False,False,prior_range_fraction::prev_range_0.875,4584.200000,2
3,2026-03-26,2026-03-25,L5,RANGE_WIDE_120_220,CLOSE_POS_MIDDLE_THIRD,ROWS_STANDARD_9_10,REGIME_RANGE_CLOSE_ROWS,2,1,4536.35,4536.35,4536.35,4536.35,4536.35,0.0,78.577226,90.363034,90.363034,0.333333,3,4529.99,-6.36,6.36,6.36,6.36,False,False,False,False,False,red_box_quarter::red_box_1_75pct,4536.350000,3
4,2026-03-26,2026-03-25,L5,RANGE_WIDE_120_220,CLOSE_POS_MIDDLE_THIRD,ROWS_STANDARD_9_10,REGIME_RANGE_CLOSE_ROWS,1,1,4522.25,4522.25,4522.25,4522.25,4522.25,0.0,77.829527,90.223323,90.223323,0.25,4,4529.99,7.74,7.74,7.74,7.74,False,False,False,False,False,green_box_quarter::green_box_1_75pct,4522.250000,4
5,2026-03-26,2026-03-25,L5,RANGE_WIDE_120_220,CLOSE_POS_MIDDLE_THIRD,ROWS_STANDARD_9_10,REGIME_RANGE_CLOSE_ROWS,5,1,4602.5,4602.5,4602.5,4602.5,4602.5,0.0,75.574146,87.02439,87.02439,0.2,5,4529.99,-72.51,72.51,72.51,72.51,False,False,False,False,False,prior_hlc::previous_high,4602.500000,5
1,2026-03-26,2026-03-25,L6,RANGE_WIDE_120_220,CLOSE_POS_MIDDLE_THIRD,ROWS_STANDARD_9_10,REGIME_RANGE_CLOSE_ROWS,3,1,4521.626667,4521.626667,4521.626667,4521.626667,4521.626667,0.0,85.496113,93.096747,93.096747,1.0,1,4492.23,-29.396667,29.396667,29.396667,29.396667,False,False,False,False,False,prior_hlc::previous_pivot_hlc3,4521.626667,1
2,2026-03-26,2026-03-25,L6,RANGE_WIDE_120_220,CLOSE_POS_MIDDLE_THIRD,ROWS_STANDARD_9_10,REGIME_RANGE_CLOSE_ROWS,5,1,4566.35,4566.35,4566.35,4566.35,4566.35,0.0,79.246521,89.21814,89.21814,0.5,2,4492.23,-74.12,74.12,74.12,74.12,False,False,False,False,False,green_box_quarter::green_box_2_25pct,4566.350000,2
3,2026-03-26,2026-03-25,L6,RANGE_WIDE_120_220,CLOSE_POS_MIDDLE_THIRD,ROWS_STANDARD_9_10,REGIME_RANGE_CLOSE_ROWS,2,1,4512.0248,4512.0248,4512.0248,4512.0248,4512.0248,0.0,70.026156,75.619809,75.619809,0.333333,3,4492.23,-19.7948,19.7948,19.7948,19.7948,False,False,False,False,False,prior_range_fraction::prev_range_0.382,4512.024800,3
4,2026-03-26,2026-03-25,L6,RANGE_WIDE_120_220,CLOSE_POS_MIDDLE_THIRD,ROWS_STANDARD_9_10,REGIME_RANGE_CLOSE_ROWS,1,1,4478.15,4478.15,4478.15,4478.15,4478.15,0.0,64.084434,66.524886,66.524886,0.25,4,4492.23,14.08,14.08,14.08,14.08,False,False,False,False,False,green_box_quarter::green_box_1_25pct,4478.150000,4
5,2026-03-26,2026-03-25,L6,RANGE_WIDE_120_220,CLOSE_POS_MIDDLE_THIRD,ROWS_STANDARD_9_10,REGIME_RANGE_CLOSE_ROWS,4,1,4546.5752,4546.5752,4546.5752,4546.5752,4546.5752,0.0,60.215981,60.544795,60.544795,0.2,5,4492.23,-54.3452,54.3452,54.3452,54.3452,False,False,False,False,False,prior_range_fraction::prev_range_0.618,4546.575200,5
1,2026-03-26,2026-03-25,L7,RANGE_WIDE_120_220,CLOSE_POS_MIDDLE_THIRD,ROWS_STANDARD_9_10,REGIME_RANGE_CLOSE_ROWS,3,2,4512.0248,4514.3,4513.1624,4513.1624,4513.1624,2.2752,85.787021,89.866432,179.732863,1.333333,1,4457.85,-55.3124,55.3124,55.3124,55.3124,False,False,False,False,False,prior_range_fraction::prev_range_0.382 | red_box_edge::red_edge_1,4512.024800 | 4514.300000,1 | 3
2,2026-03-26,2026-03-25,L7,RANGE_WIDE_120_220,CLOSE_POS_MIDDLE_THIRD,ROWS_STANDARD_9_10,REGIME_RANGE_CLOSE_ROWS,2,1,4478.15,4478.15,4478.15,4478.15,4478.15,0.0,80.922606,92.107941,92.107941,0.5,2,4457.85,-20.3,20.3,20.3,20.3,False,False,False,False,False,green_box_quarter::green_box_1_25pct,4478.150000,2
3,2026-03-26,2026-03-25,L7,RANGE_WIDE_120_220,CLOSE_POS_MIDDLE_THIRD,ROWS_STANDARD_9_10,REGIME_RANGE_CLOSE_ROWS,4,1,4536.35,4536.35,4536.35,4536.35,4536.35,0.0,74.786391,84.976537,84.976537,0.25,4,4457.85,-78.5,78.5,78.5,78.5,False,False,False,False,False,red_box_quarter::red_box_1_75pct,4536.350000,4
4,2026-03-26,2026-03-25,L7,RANGE_WIDE_120_220,CLOSE_POS_MIDDLE_THIRD,ROWS_STANDARD_9_10,REGIME_RANGE_CLOSE_ROWS,1,1,4456.1,4456.1,4456.1,4456.1,4456.1,0.0,67.157844,72.513525,72.513525,0.2,5,4457.85,1.75,1.75,1.75,1.75,False,True,True,True,True,prior_hlc::previous_low,4456.100000,5
1,2026-03-27,2026-03-26,L4,RANGE_WIDE_120_220,CLOSE_POS_LOWER_THIRD,ROWS_STANDARD_9_10,REGIME_RANGE_CLOSE_ROWS,2,1,4434.775,4434.775,4434.775,4434.775,4434.775,0.0,86.02801,94.01381,94.01381,1.0,1,4456.11,21.335,21.335,21.335,21.335,False,False,False,False,False,green_box_quarter::green_box_1_75pct,4434.775000,1
2,2026-03-27,2026-03-26,L4,RANGE_WIDE_120_220,CLOSE_POS_LOWER_THIRD,ROWS_STANDARD_9_10,REGIME_RANGE_CLOSE_ROWS,1,1,4424.87544,4424.87544,4424.87544,4424.87544,4424.87544,0.0,81.502562,93.107866,93.107866,0.5,2,4456.11,31.23456,31.23456,31.23456,31.23456,False,False,False,False,False,prior_range_fraction::prev_range_0.382,4424.875440,2
3,2026-03-27,2026-03-26,L4,RANGE_WIDE_120_220,CLOSE_POS_LOWER_THIRD,ROWS_STANDARD_9_10,REGIME_RANGE_CLOSE_ROWS,3,1,4470.40456,4470.40456,4470.40456,4470.40456,4470.40456,0.0,79.586286,92.102792,92.102792,0.333333,3,4456.11,-14.29456,14.29456,14.29456,14.29456,False,False,False,False,False,prior_range_fraction::prev_range_0.618,4470.404560,3
1,2026-03-27,2026-03-26,L5,RANGE_WIDE_120_220,CLOSE_POS_LOWER_THIRD,ROWS_STANDARD_9_10,REGIME_RANGE_CLOSE_ROWS,1,1,4378.0,4378.0,4378.0,4378.0,4378.0,0.0,85.151169,92.502016,92.502016,1.0,1,4424.34,46.34,46.34,46.34,46.34,False,False,False,False,False,prior_hlc::previous_close,4378.000000,1
2,2026-03-27,2026-03-26,L5,RANGE_WIDE_120_220,CLOSE_POS_LOWER_THIRD,ROWS_STANDARD_9_10,REGIME_RANGE_CLOSE_ROWS,2,1,4399.41,4399.41,4399.41,4399.41,4399.41,0.0,78.442943,87.832661,87.832661,0.5,2,4424.34,24.93,24.93,24.93,24.93,False,False,False,False,False,prior_range_fraction::prev_range_0.25,4399.410000,2
3,2026-03-27,2026-03-26,L5,RANGE_WIDE_120_220,CLOSE_POS_LOWER_THIRD,ROWS_STANDARD_9_10,REGIME_RANGE_CLOSE_ROWS,3,1,4432.64,4432.64,4432.64,4432.64,4432.64,0.0,71.061707,77.405242,77.405242,0.333333,3,4424.34,-8.3,8.3,8.3,8.3,False,False,False,False,False,red_box_edge::red_edge_1,4432.640000,3
1,2026-03-27,2026-03-26,L6,RANGE_WIDE_120_220,CLOSE_POS_LOWER_THIRD,ROWS_STANDARD_9_10,REGIME_RANGE_CLOSE_ROWS,2,1,4376.91,4376.91,4376.91,4376.91,4376.91,0.0,83.619665,89.861492,89.861492,1.0,1,4393.5,16.59,16.59,16.59,16.59,False,False,False,False,False,red_box_midline::red_mid_2,4376.910000,1
2,2026-03-27,2026-03-26,L6,RANGE_WIDE_120_220,CLOSE_POS_LOWER_THIRD,ROWS_STANDARD_9_10,REGIME_RANGE_CLOSE_ROWS,1,1,4351.18,4351.18,4351.18,4351.18,4351.18,0.0,70.215752,73.647849,73.647849,0.5,2,4393.5,42.32,42.32,42.32,42.32,False,False,False,False,False,prior_hlc::previous_low,4351.180000,2
1,2026-03-27,2026-03-26,L7,RANGE_WIDE_120_220,CLOSE_POS_LOWER_THIRD,ROWS_STANDARD_9_10,REGIME_RANGE_CLOSE_ROWS,1,1,4321.18,4321.18,4321.18,4321.18,4321.18,0.0,64.805616,57.423476,57.423476,1.0,1,4362.5,41.32,41.32,41.32,41.32,False,False,False,False,False,red_box_edge::red_edge_2,4321.180000,1
1,2026-03-30,2026-03-27,L4,RANGE_WIDE_120_220,CLOSE_POS_MIDDLE_THIRD,ROWS_STANDARD_9_10,REGIME_RANGE_CLOSE_ROWS,4,1,4532.93875,4532.93875,4532.93875,4532.93875,4532.93875,0.0,85.732393,93.504125,93.504125,1.0,1,4543.04,10.10125,10.10125,10.10125,10.10125,False,False,False,False,False,prior_range_fraction::prev_range_0.875,4532.938750,1
2,2026-03-30,2026-03-27,L4,RANGE_WIDE_120_220,CLOSE_POS_MIDDLE_THIRD,ROWS_STANDARD_9_10,REGIME_RANGE_CLOSE_ROWS,1,1,4450.525,4450.525,4450.525,4450.525,4450.525,0.0,80.27188,90.986,90.986,0.5,2,4543.04,92.515,92.515,92.515,92.515,False,False,False,False,False,red_box_edge::red_edge_1,4450.525000,2
3,2026-03-30,2026-03-27,L4,RANGE_WIDE_120_220,CLOSE_POS_MIDDLE_THIRD,ROWS_STANDARD_9_10,REGIME_RANGE_CLOSE_ROWS,3,1,4510.4675,4510.4675,4510.4675,4510.4675,4510.4675,0.0,75.84241,85.647833,85.647833,0.333333,3,4543.04,32.5725,32.5725,32.5725,32.5725,False,False,False,False,False,prior_range_fraction::prev_range_0.75,4510.467500,3
4,2026-03-30,2026-03-27,L4,RANGE_WIDE_120_220,CLOSE_POS_MIDDLE_THIRD,ROWS_STANDARD_9_10,REGIME_RANGE_CLOSE_ROWS,5,1,4559.18875,4559.18875,4559.18875,4559.18875,4559.18875,0.0,55.490857,51.708375,51.708375,0.25,4,4543.04,-16.14875,16.14875,16.14875,16.14875,False,False,False,False,False,green_box_quarter::green_box_2_75pct,4559.188750,4
5,2026-03-30,2026-03-27,L4,RANGE_WIDE_120_220,CLOSE_POS_MIDDLE_THIRD,ROWS_STANDARD_9_10,REGIME_RANGE_CLOSE_ROWS,2,1,4465.525,4465.525,4465.525,4465.525,4465.525,0.0,46.30451,36.5595,36.5595,0.2,5,4543.04,77.515,77.515,77.515,77.515,False,False,False,False,False,prior_hlc::previous_mid,4465.525000,5
1,2026-03-30,2026-03-27,L5,RANGE_WIDE_120_220,CLOSE_POS_MIDDLE_THIRD,ROWS_STANDARD_9_10,REGIME_RANGE_CLOSE_ROWS,2,1,4465.525,4465.525,4465.525,4465.525,4465.525,0.0,85.28166,92.727,92.727,1.0,1,4513.02,47.495,47.495,47.495,47.495,False,False,False,False,False,prior_hlc::previous_mid,4465.525000,1
2,2026-03-30,2026-03-27,L5,RANGE_WIDE_120_220,CLOSE_POS_MIDDLE_THIRD,ROWS_STANDARD_9_10,REGIME_RANGE_CLOSE_ROWS,4,1,4502.9675,4502.9675,4502.9675,4502.9675,4502.9675,0.0,80.204455,90.86975,90.86975,0.5,2,4513.02,10.0525,10.0525,10.0525,10.0525,False,False,False,False,False,red_box_midline::red_mid_1,4502.967500,2
3,2026-03-30,2026-03-27,L5,RANGE_WIDE_120_220,CLOSE_POS_MIDDLE_THIRD,ROWS_STANDARD_9_10,REGIME_RANGE_CLOSE_ROWS,5,1,4532.93875,4532.93875,4532.93875,4532.93875,4532.93875,0.0,78.632524,90.458375,90.458375,0.333333,3,4513.02,-19.91875,19.91875,19.91875,19.91875,False,False,False,False,False,prior_range_fraction::prev_range_0.875,4532.938750,3
4,2026-03-30,2026-03-27,L5,RANGE_WIDE_120_220,CLOSE_POS_MIDDLE_THIRD,ROWS_STANDARD_9_10,REGIME_RANGE_CLOSE_ROWS,3,1,4476.74625,4476.74625,4476.74625,4476.74625,4476.74625,0.0,77.874797,90.301375,90.301375,0.25,4,4513.02,36.27375,36.27375,36.27375,36.27375,False,False,False,False,False,red_box_quarter::red_box_1_75pct,4476.746250,4
5,2026-03-30,2026-03-27,L5,RANGE_WIDE_120_220,CLOSE_POS_MIDDLE_THIRD,ROWS_STANDARD_9_10,REGIME_RANGE_CLOSE_ROWS,1,1,4454.30375,4454.30375,4454.30375,4454.30375,4454.30375,0.0,77.380185,90.13825,90.13825,0.2,5,4513.02,58.71625,58.71625,58.71625,58.71625,False,False,False,False,False,green_box_quarter::green_box_1_75pct,4454.303750,5
1,2026-03-30,2026-03-27,L6,RANGE_WIDE_120_220,CLOSE_POS_MIDDLE_THIRD,ROWS_STANDARD_9_10,REGIME_RANGE_CLOSE_ROWS,2,1,4424.30375,4424.30375,4424.30375,4424.30375,4424.30375,0.0,86.25316,94.402,94.402,1.0,1,4484.03,59.72625,59.72625,59.72625,59.72625,False,False,False,False,False,red_box_quarter::red_box_2_25pct,4424.303750,1
2,2026-03-30,2026-03-27,L6,RANGE_WIDE_120_220,CLOSE_POS_MIDDLE_THIRD,ROWS_STANDARD_9_10,REGIME_RANGE_CLOSE_ROWS,4,1,4475.503333,4475.503333,4475.503333,4475.503333,4475.503333,0.0,81.445413,93.009332,93.009332,0.5,2,4484.03,8.526667,8.526667,8.526667,8.526667,False,False,False,False,False,prior_hlc::previous_pivot_hlc3,4475.503333,2
3,2026-03-30,2026-03-27,L6,RANGE_WIDE_120_220,CLOSE_POS_MIDDLE_THIRD,ROWS_STANDARD_9_10,REGIME_RANGE_CLOSE_ROWS,5,1,4506.74625,4506.74625,4506.74625,4506.74625,4506.74625,0.0,77.903682,89.20175,89.20175,0.333333,3,4484.03,-22.71625,22.71625,22.71625,22.71625,False,False,False,False,False,green_box_quarter::green_box_2_25pct,4506.746250,3
4,2026-03-30,2026-03-27,L6,RANGE_WIDE_120_220,CLOSE_POS_MIDDLE_THIRD,ROWS_STANDARD_9_10,REGIME_RANGE_CLOSE_ROWS,3,1,4444.31214,4444.31214,4444.31214,4444.31214,4444.31214,0.0,69.323727,75.55815,75.55815,0.25,4,4484.03,39.71786,39.71786,39.71786,39.71786,False,False,False,False,False,prior_range_fraction::prev_range_0.382,4444.312140,4
5,2026-03-30,2026-03-27,L6,RANGE_WIDE_120_220,CLOSE_POS_MIDDLE_THIRD,ROWS_STANDARD_9_10,REGIME_RANGE_CLOSE_ROWS,1,1,4401.86125,4401.86125,4401.86125,4401.86125,4401.86125,0.0,63.635092,66.439813,66.439813,0.2,5,4484.03,82.16875,82.16875,82.16875,82.16875,False,False,False,False,False,green_box_quarter::green_box_1_25pct,4401.861250,5
1,2026-03-30,2026-03-27,L7,RANGE_WIDE_120_220,CLOSE_POS_MIDDLE_THIRD,ROWS_STANDARD_9_10,REGIME_RANGE_CLOSE_ROWS,3,1,4444.31214,4444.31214,4444.31214,4444.31214,4444.31214,0.0,85.728553,93.497505,93.497505,1.0,1,4451.72,7.40786,7.40786,7.40786,7.40786,False,False,False,False,False,prior_range_fraction::prev_range_0.382,4444.312140,1
2,2026-03-30,2026-03-27,L7,RANGE_WIDE_120_220,CLOSE_POS_MIDDLE_THIRD,ROWS_STANDARD_9_10,REGIME_RANGE_CLOSE_ROWS,2,1,4401.86125,4401.86125,4401.86125,4401.86125,4401.86125,0.0,80.88672,92.046069,92.046069,0.5,2,4451.72,49.85875,49.85875,49.85875,49.85875,False,False,False,False,False,green_box_quarter::green_box_1_25pct,4401.861250,2
3,2026-03-30,2026-03-27,L7,RANGE_WIDE_120_220,CLOSE_POS_MIDDLE_THIRD,ROWS_STANDARD_9_10,REGIME_RANGE_CLOSE_ROWS,4,1,4450.525,4450.525,4450.525,4450.525,4450.525,0.0,76.080578,86.058468,86.058468,0.333333,3,4451.72,1.195,1.195,1.195,1.195,False,True,True,True,True,red_box_edge::red_edge_1,4450.525000,3
4,2026-03-30,2026-03-27,L7,RANGE_WIDE_120_220,CLOSE_POS_MIDDLE_THIRD,ROWS_STANDARD_9_10,REGIME_RANGE_CLOSE_ROWS,1,1,4375.64,4375.64,4375.64,4375.64,4375.64,0.0,75.047436,85.426613,85.426613,0.25,4,4451.72,76.08,76.08,76.08,76.08,False,False,False,False,False,prior_hlc::previous_low,4375.640000,4
5,2026-03-30,2026-03-27,L7,RANGE_WIDE_120_220,CLOSE_POS_MIDDLE_THIRD,ROWS_STANDARD_9_10,REGIME_RANGE_CLOSE_ROWS,5,1,4476.74625,4476.74625,4476.74625,4476.74625,4476.74625,0.0,74.37673,84.959879,84.959879,0.2,5,4451.72,-25.02625,25.02625,25.02625,25.02625,False,False,False,False,False,red_box_quarter::red_box_1_75pct,4476.746250,5
1,2026-03-31,2026-03-30,L4,RANGE_WIDE_120_220,CLOSE_POS_MIDDLE_THIRD,ROWS_SPARSE_1_8,REGIME_RANGE_CLOSE,4,1,4560.52125,4560.52125,4560.52125,4560.52125,4560.52125,0.0,85.707646,93.461458,93.461458,1.0,1,4538.28,-22.24125,22.24125,22.24125,22.24125,False,False,False,False,False,prior_range_fraction::prev_range_0.875,4560.521250,1
2,2026-03-31,2026-03-30,L4,RANGE_WIDE_120_220,CLOSE_POS_MIDDLE_THIRD,ROWS_SPARSE_1_8,REGIME_RANGE_CLOSE,1,1,4485.135,4485.135,4485.135,4485.135,4485.135,0.0,80.248238,90.945238,90.945238,0.5,2,4538.28,53.145,53.145,53.145,53.145,False,False,False,False,False,red_box_edge::red_edge_1,4485.135000,2
3,2026-03-31,2026-03-30,L4,RANGE_WIDE_120_220,CLOSE_POS_MIDDLE_THIRD,ROWS_SPARSE_1_8,REGIME_RANGE_CLOSE,3,1,4540.3925,4540.3925,4540.3925,4540.3925,4540.3925,0.0,75.815012,85.600595,85.600595,0.333333,3,4538.28,-2.1125,2.1125,2.1125,2.1125,False,True,True,True,True,prior_range_fraction::prev_range_0.75,4540.392500,3
4,2026-03-31,2026-03-30,L4,RANGE_WIDE_120_220,CLOSE_POS_MIDDLE_THIRD,ROWS_SPARSE_1_8,REGIME_RANGE_CLOSE,5,1,4586.77125,4586.77125,4586.77125,4586.77125,4586.77125,0.0,55.46589,51.665327,51.665327,0.25,4,4538.28,-48.49125,48.49125,48.49125,48.49125,False,False,False,False,False,green_box_quarter::green_box_2_75pct,4586.771250,4
5,2026-03-31,2026-03-30,L4,RANGE_WIDE_120_220,CLOSE_POS_MIDDLE_THIRD,ROWS_SPARSE_1_8,REGIME_RANGE_CLOSE,2,1,4500.135,4500.135,4500.135,4500.135,4500.135,0.0,46.301417,36.554167,36.554167,0.2,5,4538.28,38.145,38.145,38.145,38.145,False,False,False,False,False,prior_hlc::previous_mid,4500.135000,5
1,2026-03-31,2026-03-30,L5,RANGE_WIDE_120_220,CLOSE_POS_MIDDLE_THIRD,ROWS_SPARSE_1_8,REGIME_RANGE_CLOSE,2,1,4500.135,4500.135,4500.135,4500.135,4500.135,0.0,85.254262,92.679762,92.679762,1.0,1,4510.04,9.905,9.905,9.905,9.905,False,False,False,False,False,prior_hlc::previous_mid,4500.135000,1
2,2026-03-31,2026-03-30,L5,RANGE_WIDE_120_220,CLOSE_POS_MIDDLE_THIRD,ROWS_SPARSE_1_8,REGIME_RANGE_CLOSE,4,1,4532.8925,4532.8925,4532.8925,4532.8925,4532.8925,0.0,80.179708,90.827083,90.827083,0.5,2,4510.04,-22.8525,22.8525,22.8525,22.8525,False,False,False,False,False,red_box_midline::red_mid_1,4532.892500,2
3,2026-03-31,2026-03-30,L5,RANGE_WIDE_120_220,CLOSE_POS_MIDDLE_THIRD,ROWS_SPARSE_1_8,REGIME_RANGE_CLOSE,5,1,4560.52125,4560.52125,4560.52125,4560.52125,4560.52125,0.0,78.607556,90.415327,90.415327,0.333333,3,4510.04,-50.48125,50.48125,50.48125,50.48125,False,False,False,False,False,prior_range_fraction::prev_range_0.875,4560.521250,3
4,2026-03-31,2026-03-30,L5,RANGE_WIDE_120_220,CLOSE_POS_MIDDLE_THIRD,ROWS_SPARSE_1_8,REGIME_RANGE_CLOSE,3,1,4509.01375,4509.01375,4509.01375,4509.01375,4509.01375,0.0,77.857342,90.27128,90.27128,0.25,4,4510.04,1.02625,1.02625,1.02625,1.02625,False,True,True,True,True,red_box_quarter::red_box_1_75pct,4509.013750,4
5,2026-03-31,2026-03-30,L5,RANGE_WIDE_120_220,CLOSE_POS_MIDDLE_THIRD,ROWS_SPARSE_1_8,REGIME_RANGE_CLOSE,1,1,4491.25625,4491.25625,4491.25625,4491.25625,4491.25625,0.0,77.356101,90.096726,90.096726,0.2,5,4510.04,18.78375,18.78375,18.78375,18.78375,False,False,False,False,False,green_box_quarter::green_box_1_75pct,4491.256250,5
1,2026-03-31,2026-03-30,L6,RANGE_WIDE_120_220,CLOSE_POS_MIDDLE_THIRD,ROWS_SPARSE_1_8,REGIME_RANGE_CLOSE,1,1,4461.25625,4461.25625,4461.25625,4461.25625,4461.25625,0.0,86.225762,94.354762,94.354762,1.0,1,4480.75,19.49375,19.49375,19.49375,19.49375,False,False,False,False,False,red_box_quarter::red_box_2_25pct,4461.256250,1
2,2026-03-31,2026-03-30,L6,RANGE_WIDE_120_220,CLOSE_POS_MIDDLE_THIRD,ROWS_SPARSE_1_8,REGIME_RANGE_CLOSE,3,1,4503.763333,4503.763333,4503.763333,4503.763333,4503.763333,0.0,81.420666,92.966666,92.966666,0.5,2,4480.75,-23.013333,23.013333,23.013333,23.013333,False,False,False,False,False,prior_hlc::previous_pivot_hlc3,4503.763333,2
3,2026-03-31,2026-03-30,L6,RANGE_WIDE_120_220,CLOSE_POS_MIDDLE_THIRD,ROWS_SPARSE_1_8,REGIME_RANGE_CLOSE,5,1,4539.01375,4539.01375,4539.01375,4539.01375,4539.01375,0.0,77.899042,89.19375,89.19375,0.333333,3,4480.75,-58.26375,58.26375,58.26375,58.26375,False,False,False,False,False,green_box_quarter::green_box_2_25pct,4539.013750,3
4,2026-03-31,2026-03-30,L6,RANGE_WIDE_120_220,CLOSE_POS_MIDDLE_THIRD,ROWS_SPARSE_1_8,REGIME_RANGE_CLOSE,2,1,4481.13346,4481.13346,4481.13346,4481.13346,4481.13346,0.0,69.306272,75.528055,75.528055,0.25,4,4480.75,-0.38346,0.38346,0.38346,0.38346,False,True,True,True,True,prior_range_fraction::prev_range_0.382,4481.133460,4
5,2026-03-31,2026-03-30,L6,RANGE_WIDE_120_220,CLOSE_POS_MIDDLE_THIRD,ROWS_SPARSE_1_8,REGIME_RANGE_CLOSE,4,1,4519.13654,4519.13654,4519.13654,4519.13654,4519.13654,0.0,65.06984,68.913517,68.913517,0.2,5,4480.75,-38.38654,38.38654,38.38654,38.38654,False,False,False,False,False,prior_range_fraction::prev_range_0.618,4519.136540,5
1,2026-03-31,2026-03-30,L7,RANGE_WIDE_120_220,CLOSE_POS_MIDDLE_THIRD,ROWS_SPARSE_1_8,REGIME_RANGE_CLOSE,3,2,4481.13346,4485.135,4483.13423,4483.13423,4483.13423,4.00154,85.688973,92.316659,184.633317,1.333333,1,4448.16,-34.97423,34.97423,34.97423,34.97423,False,False,False,False,False,prior_range_fraction::prev_range_0.382 | red_box_edge::red_edge_1,4481.133460 | 4485.135000,1 | 3
2,2026-03-31,2026-03-30,L7,RANGE_WIDE_120_220,CLOSE_POS_MIDDLE_THIRD,ROWS_SPARSE_1_8,REGIME_RANGE_CLOSE,2,1,4443.49875,4443.49875,4443.49875,4443.49875,4443.49875,0.0,80.869207,92.015875,92.015875,0.5,2,4448.16,4.66125,4.66125,4.66125,4.66125,False,False,True,False,True,green_box_quarter::green_box_1_25pct,4443.498750,2
3,2026-03-31,2026-03-30,L7,RANGE_WIDE_120_220,CLOSE_POS_MIDDLE_THIRD,ROWS_SPARSE_1_8,REGIME_RANGE_CLOSE,1,1,4419.62,4419.62,4419.62,4419.62,4419.62,0.0,75.01982,85.379,85.379,0.25,4,4448.16,28.54,28.54,28.54,28.54,False,False,False,False,False,prior_hlc::previous_low,4419.620000,4
4,2026-03-31,2026-03-30,L7,RANGE_WIDE_120_220,CLOSE_POS_MIDDLE_THIRD,ROWS_SPARSE_1_8,REGIME_RANGE_CLOSE,4,1,4509.01375,4509.01375,4509.01375,4509.01375,4509.01375,0.0,74.372015,84.95175,84.95175,0.2,5,4448.16,-60.85375,60.85375,60.85375,60.85375,False,False,False,False,False,red_box_quarter::red_box_1_75pct,4509.013750,5
1,2026-04-01,2026-03-31,L4,RANGE_WIDE_120_220,CLOSE_POS_UPPER_THIRD,ROWS_STANDARD_9_10,REGIME_RANGE_CLOSE_ROWS,1,1,4746.6725,4746.6725,4746.6725,4746.6725,4746.6725,0.0,59.768102,48.738107,48.738107,1.0,1,4705.0,-41.6725,41.6725,41.6725,41.6725,False,False,False,False,False,green_box_quarter::green_box_3_25pct,4746.672500,1
1,2026-04-01,2026-03-31,L5,RANGE_WIDE_120_220,CLOSE_POS_UPPER_THIRD,ROWS_STANDARD_9_10,REGIME_RANGE_CLOSE_ROWS,1,1,4658.615,4658.615,4658.615,4658.615,4658.615,0.0,76.208695,77.083957,77.083957,1.0,1,4683.82,25.205,25.205,25.205,25.205,False,False,False,False,False,green_box_midline::green_mid_2,4658.615000,1
2,2026-04-01,2026-03-31,L5,RANGE_WIDE_120_220,CLOSE_POS_UPPER_THIRD,ROWS_STANDARD_9_10,REGIME_RANGE_CLOSE_ROWS,2,1,4687.32,4687.32,4687.32,4687.32,4687.32,0.0,51.547394,41.461024,41.461024,0.5,2,4683.82,-3.5,3.5,3.5,3.5,False,False,True,False,True,prior_hlc::previous_high,4687.320000,2
3,2026-04-01,2026-03-31,L5,RANGE_WIDE_120_220,CLOSE_POS_UPPER_THIRD,ROWS_STANDARD_9_10,REGIME_RANGE_CLOSE_ROWS,3,1,4717.32,4717.32,4717.32,4717.32,4717.32,0.0,32.645997,11.17126,11.17126,0.333333,3,4683.82,-33.5,33.5,33.5,33.5,False,False,False,False,False,green_box_edge::green_edge_2,4717.320000,3
1,2026-04-01,2026-03-31,L6,RANGE_WIDE_120_220,CLOSE_POS_UPPER_THIRD,ROWS_STANDARD_9_10,REGIME_RANGE_CLOSE_ROWS,3,1,4667.12,4667.12,4667.12,4667.12,4667.12,0.0,84.596831,91.54626,91.54626,1.0,1,4661.39,-5.73,5.73,5.73,5.73,False,False,False,False,False,prior_hlc::previous_close,4667.120000,1
2,2026-04-01,2026-03-31,L6,RANGE_WIDE_120_220,CLOSE_POS_UPPER_THIRD,ROWS_STANDARD_9_10,REGIME_RANGE_CLOSE_ROWS,2,1,4629.2625,4629.2625,4629.2625,4629.2625,4629.2625,0.0,80.230206,90.914149,90.914149,0.5,2,4661.39,32.1275,32.1275,32.1275,32.1275,False,False,False,False,False,green_box_quarter::green_box_2_25pct,4629.262500,2
3,2026-04-01,2026-03-31,L6,RANGE_WIDE_120_220,CLOSE_POS_UPPER_THIRD,ROWS_STANDARD_9_10,REGIME_RANGE_CLOSE_ROWS,1,1,4612.313333,4612.313333,4612.313333,4612.313333,4612.313333,0.0,77.262612,88.096457,88.096457,0.333333,3,4661.39,49.076667,49.076667,49.076667,49.076667,False,False,False,False,False,prior_hlc::previous_pivot_hlc3,4612.313333,3
1,2026-04-01,2026-03-31,L7,RANGE_WIDE_120_220,CLOSE_POS_UPPER_THIRD,ROWS_STANDARD_9_10,REGIME_RANGE_CLOSE_ROWS,1,1,4511.8525,4511.8525,4511.8525,4511.8525,4511.8525,0.0,55.266708,40.977083,40.977083,1.0,1,4641.04,129.1875,129.1875,129.1875,129.1875,False,False,False,False,False,green_box_quarter::green_box_1_25pct,4511.852500,1
2,2026-04-01,2026-03-31,L7,RANGE_WIDE_120_220,CLOSE_POS_UPPER_THIRD,ROWS_STANDARD_9_10,REGIME_RANGE_CLOSE_ROWS,2,1,4570.5575,4570.5575,4570.5575,4570.5575,4570.5575,0.0,50.834211,40.231399,40.231399,0.5,2,4641.04,70.4825,70.4825,70.4825,70.4825,False,False,False,False,False,green_box_quarter::green_box_1_75pct,4570.557500,2
3,2026-04-01,2026-03-31,L7,RANGE_WIDE_120_220,CLOSE_POS_UPPER_THIRD,ROWS_STANDARD_9_10,REGIME_RANGE_CLOSE_ROWS,3,1,4636.115,4636.115,4636.115,4636.115,4636.115,0.0,35.003554,15.236012,15.236012,0.333333,3,4641.04,4.925,4.925,4.925,4.925,False,False,True,False,True,prior_range_fraction::prev_range_0.75,4636.115000,3
1,2026-04-02,2026-04-01,L4,RANGE_WIDE_120_220,CLOSE_POS_UPPER_THIRD,ROWS_EXTENDED_11_PLUS,REGIME_RANGE_CLOSE_ROWS,1,1,4752.52,4752.52,4752.52,4752.52,4752.52,0.0,73.189312,71.878125,71.878125,1.0,1,4810.02,57.5,57.5,57.5,57.5,False,False,False,False,False,red_box_midline::red_mid_1,4752.520000,1
2,2026-04-02,2026-04-01,L4,RANGE_WIDE_120_220,CLOSE_POS_UPPER_THIRD,ROWS_EXTENDED_11_PLUS,REGIME_RANGE_CLOSE_ROWS,2,1,4762.39,4762.39,4762.39,4762.39,4762.39,0.0,46.585625,32.90625,32.90625,0.5,2,4810.02,47.63,47.63,47.63,47.63,False,False,False,False,False,green_box_quarter::green_box_2_25pct,4762.390000,2
3,2026-04-02,2026-04-01,L4,RANGE_WIDE_120_220,CLOSE_POS_UPPER_THIRD,ROWS_EXTENDED_11_PLUS,REGIME_RANGE_CLOSE_ROWS,3,1,4822.78,4822.78,4822.78,4822.78,4822.78,0.0,39.858292,23.60625,23.60625,0.333333,3,4810.02,-12.76,12.76,12.76,12.76,False,False,False,False,False,green_box_edge::green_edge_2,4822.780000,3
4,2026-04-02,2026-04-01,L4,RANGE_WIDE_120_220,CLOSE_POS_UPPER_THIRD,ROWS_EXTENDED_11_PLUS,REGIME_RANGE_CLOSE_ROWS,4,1,4842.91,4842.91,4842.91,4842.91,4842.91,0.0,33.813938,14.334375,14.334375,0.25,4,4810.02,-32.89,32.89,32.89,32.89,False,False,False,False,False,green_box_quarter::green_box_3_25pct,4842.910000,4
1,2026-04-02,2026-04-01,L5,RANGE_WIDE_120_220,CLOSE_POS_UPPER_THIRD,ROWS_EXTENDED_11_PLUS,REGIME_RANGE_CLOSE_ROWS,2,1,4752.52,4752.52,4752.52,4752.52,4752.52,0.0,81.889312,86.878125,86.878125,1.0,1,4784.05,31.53,31.53,31.53,31.53,False,False,False,False,False,red_box_midline::red_mid_1,4752.520000,1
2,2026-04-02,2026-04-01,L5,RANGE_WIDE_120_220,CLOSE_POS_UPPER_THIRD,ROWS_EXTENDED_11_PLUS,REGIME_RANGE_CLOSE_ROWS,1,1,4727.26,4727.26,4727.26,4727.26,4727.26,0.0,70.102812,73.453125,73.453125,0.5,2,4784.05,56.79,56.79,56.79,56.79,False,False,False,False,False,prior_hlc::previous_mid,4727.260000,2
3,2026-04-02,2026-04-01,L5,RANGE_WIDE_120_220,CLOSE_POS_UPPER_THIRD,ROWS_EXTENDED_11_PLUS,REGIME_RANGE_CLOSE_ROWS,4,1,4792.78,4792.78,4792.78,4792.78,4792.78,0.0,50.269292,41.55625,41.55625,0.333333,3,4784.05,-8.73,8.73,8.73,8.73,False,False,False,False,False,prior_hlc::previous_high,4792.780000,3
4,2026-04-02,2026-04-01,L5,RANGE_WIDE_120_220,CLOSE_POS_UPPER_THIRD,ROWS_EXTENDED_11_PLUS,REGIME_RANGE_CLOSE_ROWS,3,1,4782.52,4782.52,4782.52,4782.52,4782.52,0.0,35.242188,16.796875,16.796875,0.25,4,4784.05,1.53,1.53,1.53,1.53,False,True,True,True,True,green_box_midline::green_mid_2,4782.520000,4
5,2026-04-02,2026-04-01,L5,RANGE_WIDE_120_220,CLOSE_POS_UPPER_THIRD,ROWS_EXTENDED_11_PLUS,REGIME_RANGE_CLOSE_ROWS,5,1,4802.65,4802.65,4802.65,4802.65,4802.65,0.0,32.079937,12.034375,12.034375,0.2,5,4784.05,-18.6,18.6,18.6,18.6,False,False,False,False,False,green_box_quarter::green_box_2_75pct,4802.650000,5
1,2026-04-02,2026-04-01,L6,RANGE_WIDE_120_220,CLOSE_POS_UPPER_THIRD,ROWS_EXTENDED_11_PLUS,REGIME_RANGE_CLOSE_ROWS,3,2,4760.02,4762.39,4761.205,4761.205,4761.205,2.37,87.676275,90.96875,181.9375,1.5,1,4749.81,-11.395,11.395,11.395,11.395,False,False,False,False,False,prior_range_fraction::prev_range_0.75 | green_box_quarter::green_box_2_25pct,4760.020000 | 4762.390000,2 | 1
2,2026-04-02,2026-04-01,L6,RANGE_WIDE_120_220,CLOSE_POS_UPPER_THIRD,ROWS_EXTENDED_11_PLUS,REGIME_RANGE_CLOSE_ROWS,1,1,4705.419956,4705.419956,4705.419956,4705.419956,4705.419956,0.0,68.537401,73.05299,73.05299,0.333333,3,4749.81,44.390044,44.390044,44.390044,44.390044,False,False,False,False,False,prior_range_fraction::prev_range_0.333333,4705.419956,3
3,2026-04-02,2026-04-01,L6,RANGE_WIDE_120_220,CLOSE_POS_UPPER_THIRD,ROWS_EXTENDED_11_PLUS,REGIME_RANGE_CLOSE_ROWS,4,1,4782.52,4782.52,4782.52,4782.52,4782.52,0.0,49.096937,40.684375,40.684375,0.25,4,4749.81,-32.71,32.71,32.71,32.71,False,False,False,False,False,green_box_midline::green_mid_2,4782.520000,4
4,2026-04-02,2026-04-01,L6,RANGE_WIDE_120_220,CLOSE_POS_UPPER_THIRD,ROWS_EXTENDED_11_PLUS,REGIME_RANGE_CLOSE_ROWS,2,1,4742.26,4742.26,4742.26,4742.26,4742.26,0.0,44.687688,33.771875,33.771875,0.2,5,4749.81,7.55,7.55,7.55,7.55,False,False,False,False,False,green_box_edge::green_edge_1,4742.260000,5
1,2026-04-02,2026-04-01,L7,RANGE_WIDE_120_220,CLOSE_POS_UPPER_THIRD,ROWS_EXTENDED_11_PLUS,REGIME_RANGE_CLOSE_ROWS,5,1,4762.39,4762.39,4762.39,4762.39,4762.39,0.0,85.439657,92.999409,92.999409,1.0,1,4714.19,-48.2,48.2,48.2,48.2,False,False,False,False,False,green_box_quarter::green_box_2_25pct,4762.390000,1
2,2026-04-02,2026-04-01,L7,RANGE_WIDE_120_220,CLOSE_POS_UPPER_THIRD,ROWS_EXTENDED_11_PLUS,REGIME_RANGE_CLOSE_ROWS,1,1,4681.87,4681.87,4681.87,4681.87,4681.87,0.0,76.790523,84.983661,84.983661,0.5,2,4714.19,32.32,32.32,32.32,32.32,False,False,False,False,False,green_box_quarter::green_box_1_25pct,4681.870000,2
3,2026-04-02,2026-04-01,L7,RANGE_WIDE_120_220,CLOSE_POS_UPPER_THIRD,ROWS_EXTENDED_11_PLUS,REGIME_RANGE_CLOSE_ROWS,3,1,4732.39,4732.39,4732.39,4732.39,4732.39,0.0,71.555163,78.256029,78.256029,0.333333,3,4714.19,-18.2,18.2,18.2,18.2,False,False,False,False,False,red_box_quarter::red_box_1_75pct,4732.390000,3
4,2026-04-02,2026-04-01,L7,RANGE_WIDE_120_220,CLOSE_POS_UPPER_THIRD,ROWS_EXTENDED_11_PLUS,REGIME_RANGE_CLOSE_ROWS,4,1,4737.566667,4737.566667,4737.566667,4737.566667,4737.566667,0.0,69.481354,75.829921,75.829921,0.25,4,4714.19,-23.376667,23.376667,23.376667,23.376667,False,False,False,False,False,prior_hlc::previous_pivot_hlc3,4737.566667,4
5,2026-04-02,2026-04-01,L7,RANGE_WIDE_120_220,CLOSE_POS_UPPER_THIRD,ROWS_EXTENDED_11_PLUS,REGIME_RANGE_CLOSE_ROWS,2,1,4727.26,4727.26,4727.26,4727.26,4727.26,0.0,67.80347,73.626673,73.626673,0.2,5,4714.19,-13.07,13.07,13.07,13.07,False,False,False,False,False,prior_hlc::previous_mid,4727.260000,5
1,2026-04-03,2026-04-02,L4,RANGE_EXTREME_220_PLUS,CLOSE_POS_MIDDLE_THIRD,ROWS_STANDARD_9_10,REGIME_RANGE_CLOSE_ROWS,1,1,4677.3,4677.3,4677.3,4677.3,4677.3,0.0,76.337709,77.306395,77.306395,1.0,1,4712.91,35.61,35.61,35.61,35.61,False,False,False,False,False,prior_hlc::previous_mid,4677.300000,1
2,2026-04-03,2026-04-02,L4,RANGE_EXTREME_220_PLUS,CLOSE_POS_MIDDLE_THIRD,ROWS_STANDARD_9_10,REGIME_RANGE_CLOSE_ROWS,2,1,4761.35,4761.35,4761.35,4761.35,4761.35,0.0,37.412773,17.090988,17.090988,0.5,2,4712.91,-48.44,48.44,48.44,48.44,False,False,False,False,False,green_box_midline::green_mid_2,4761.350000,2
1,2026-04-03,2026-04-02,L5,RANGE_EXTREME_220_PLUS,CLOSE_POS_MIDDLE_THIRD,ROWS_STANDARD_9_10,REGIME_RANGE_CLOSE_ROWS,1,1,4662.3,4662.3,4662.3,4662.3,4662.3,0.0,55.196709,40.856395,40.856395,1.0,1,4676.39,14.09,14.09,14.09,14.09,False,False,False,False,False,red_box_edge::red_edge_1,4662.300000,1
2,2026-04-03,2026-04-02,L5,RANGE_EXTREME_220_PLUS,CLOSE_POS_MIDDLE_THIRD,ROWS_STANDARD_9_10,REGIME_RANGE_CLOSE_ROWS,2,1,4731.35,4731.35,4731.35,4731.35,4731.35,0.0,30.663023,5.453488,5.453488,0.5,2,4676.39,-54.96,54.96,54.96,54.96,False,False,False,False,False,red_box_midline::red_mid_1,4731.350000,2
1,2026-04-03,2026-04-02,L6,RANGE_EXTREME_220_PLUS,CLOSE_POS_MIDDLE_THIRD,ROWS_STANDARD_9_10,REGIME_RANGE_CLOSE_ROWS,1,1,4648.2484,4648.2484,4648.2484,4648.2484,4648.2484,0.0,85.588245,93.255595,93.255595,1.0,1,4637.21,-11.0384,11.0384,11.0384,11.0384,False,False,False,False,False,prior_range_fraction::prev_range_0.382,4648.248400,1
2,2026-04-03,2026-04-02,L6,RANGE_EXTREME_220_PLUS,CLOSE_POS_MIDDLE_THIRD,ROWS_STANDARD_9_10,REGIME_RANGE_CLOSE_ROWS,2,1,4696.825,4696.825,4696.825,4696.825,4696.825,0.0,79.067648,88.909738,88.909738,0.5,2,4637.21,-59.615,59.615,59.615,59.615,False,False,False,False,False,red_box_quarter::red_box_1_75pct,4696.825000,2
1,2026-04-03,2026-04-02,L7,RANGE_EXTREME_220_PLUS,CLOSE_POS_MIDDLE_THIRD,ROWS_STANDARD_9_10,REGIME_RANGE_CLOSE_ROWS,1,1,4627.775,4627.775,4627.775,4627.775,4627.775,0.0,85.151812,92.503125,92.503125,1.0,1,4603.66,-24.115,24.115,24.115,24.115,False,False,False,False,False,red_box_quarter::red_box_2_25pct,4627.775000,1
2,2026-04-03,2026-04-02,L7,RANGE_EXTREME_220_PLUS,CLOSE_POS_MIDDLE_THIRD,ROWS_STANDARD_9_10,REGIME_RANGE_CLOSE_ROWS,2,1,4677.3,4677.3,4677.3,4677.3,4677.3,0.0,72.00775,76.7375,76.7375,0.5,2,4603.66,-73.64,73.64,73.64,73.64,False,False,False,False,False,prior_hlc::previous_mid,4677.300000,2
1,2026-04-06,2026-04-02,L4,RANGE_EXTREME_220_PLUS,CLOSE_POS_MIDDLE_THIRD,ROWS_STANDARD_9_10,REGIME_RANGE_CLOSE_ROWS,1,1,4677.3,4677.3,4677.3,4677.3,4677.3,0.0,76.312808,77.263462,77.263462,1.0,1,4712.91,35.61,35.61,35.61,35.61,False,False,False,False,False,prior_hlc::previous_mid,4677.300000,1
2,2026-04-06,2026-04-02,L4,RANGE_EXTREME_220_PLUS,CLOSE_POS_MIDDLE_THIRD,ROWS_STANDARD_9_10,REGIME_RANGE_CLOSE_ROWS,2,1,4718.333415,4718.333415,4718.333415,4718.333415,4718.333415,0.0,38.486049,18.941463,18.941463,0.5,2,4712.91,-5.423415,5.423415,5.423415,5.423415,False,False,False,False,False,prior_range_fraction::prev_range_0.666667,4718.333415,2
3,2026-04-06,2026-04-02,L4,RANGE_EXTREME_220_PLUS,CLOSE_POS_MIDDLE_THIRD,ROWS_STANDARD_9_10,REGIME_RANGE_CLOSE_ROWS,3,1,4761.35,4761.35,4761.35,4761.35,4761.35,0.0,36.061801,17.060577,17.060577,0.333333,3,4712.91,-48.44,48.44,48.44,48.44,False,False,False,False,False,green_box_midline::green_mid_2,4761.350000,3
1,2026-04-06,2026-04-02,L5,RANGE_EXTREME_220_PLUS,CLOSE_POS_MIDDLE_THIRD,ROWS_STANDARD_9_10,REGIME_RANGE_CLOSE_ROWS,2,1,4676.04,4676.04,4676.04,4676.04,4676.04,0.0,85.8025,93.625,93.625,1.0,1,4676.39,0.35,0.35,0.35,0.35,False,True,True,True,True,prior_hlc::previous_close,4676.040000,1
2,2026-04-06,2026-04-02,L5,RANGE_EXTREME_220_PLUS,CLOSE_POS_MIDDLE_THIRD,ROWS_STANDARD_9_10,REGIME_RANGE_CLOSE_ROWS,1,1,4662.3,4662.3,4662.3,4662.3,4662.3,0.0,51.171808,40.813462,40.813462,0.5,2,4676.39,14.09,14.09,14.09,14.09,False,False,False,False,False,red_box_edge::red_edge_1,4662.300000,2
3,2026-04-06,2026-04-02,L5,RANGE_EXTREME_220_PLUS,CLOSE_POS_MIDDLE_THIRD,ROWS_STANDARD_9_10,REGIME_RANGE_CLOSE_ROWS,3,1,4731.35,4731.35,4731.35,4731.35,4731.35,0.0,29.312051,5.423077,5.423077,0.333333,3,4676.39,-54.96,54.96,54.96,54.96,False,False,False,False,False,red_box_midline::red_mid_1,4731.350000,3
1,2026-04-06,2026-04-02,L6,RANGE_EXTREME_220_PLUS,CLOSE_POS_MIDDLE_THIRD,ROWS_STANDARD_9_10,REGIME_RANGE_CLOSE_ROWS,2,1,4648.2484,4648.2484,4648.2484,4648.2484,4648.2484,0.0,85.563344,93.212662,93.212662,1.0,1,4637.21,-11.0384,11.0384,11.0384,11.0384,False,False,False,False,False,prior_range_fraction::prev_range_0.382,4648.248400,1
2,2026-04-06,2026-04-02,L6,RANGE_EXTREME_220_PLUS,CLOSE_POS_MIDDLE_THIRD,ROWS_STANDARD_9_10,REGIME_RANGE_CLOSE_ROWS,1,1,4636.266585,4636.266585,4636.266585,4636.266585,4636.266585,0.0,80.942049,92.141463,92.141463,0.5,2,4637.21,0.943415,0.943415,0.943415,0.943415,False,True,True,True,True,prior_range_fraction::prev_range_0.333333,4636.266585,2
3,2026-04-06,2026-04-02,L6,RANGE_EXTREME_220_PLUS,CLOSE_POS_MIDDLE_THIRD,ROWS_STANDARD_9_10,REGIME_RANGE_CLOSE_ROWS,3,1,4696.825,4696.825,4696.825,4696.825,4696.825,0.0,77.716676,88.879327,88.879327,0.333333,3,4637.21,-59.615,59.615,59.615,59.615,False,False,False,False,False,red_box_quarter::red_box_1_75pct,4696.825000,3
1,2026-04-06,2026-04-02,L7,RANGE_EXTREME_220_PLUS,CLOSE_POS_MIDDLE_THIRD,ROWS_STANDARD_9_10,REGIME_RANGE_CLOSE_ROWS,2,1,4627.775,4627.775,4627.775,4627.775,4627.775,0.0,85.126733,92.459884,92.459884,1.0,1,4603.66,-24.115,24.115,24.115,24.115,False,False,False,False,False,red_box_quarter::red_box_2_25pct,4627.775000,1
2,2026-04-06,2026-04-02,L7,RANGE_EXTREME_220_PLUS,CLOSE_POS_MIDDLE_THIRD,ROWS_STANDARD_9_10,REGIME_RANGE_CLOSE_ROWS,3,1,4677.3,4677.3,4677.3,4677.3,4677.3,0.0,71.990047,76.706977,76.706977,0.5,2,4603.66,-73.64,73.64,73.64,73.64,False,False,False,False,False,prior_hlc::previous_mid,4677.300000,2
3,2026-04-06,2026-04-02,L7,RANGE_EXTREME_220_PLUS,CLOSE_POS_MIDDLE_THIRD,ROWS_STANDARD_9_10,REGIME_RANGE_CLOSE_ROWS,1,1,4593.25,4593.25,4593.25,4593.25,4593.25,0.0,30.516667,7.5,7.5,0.333333,3,4603.66,10.41,10.41,10.41,10.41,False,False,False,False,False,red_box_midline::red_mid_2,4593.250000,3
1,2026-04-07,2026-04-06,L4,RANGE_NORMAL_60_120,CLOSE_POS_MIDDLE_THIRD,ROWS_STANDARD_9_10,REGIME_RANGE_CLOSE_ROWS,3,2,4685.725,4689.655,4687.69,4687.69,4687.69,3.93,87.339616,92.755201,185.510401,1.5,1,4686.47,-1.22,1.22,1.22,1.22,True,True,True,True,True,green_box_quarter::green_box_2_25pct | red_box_quarter::red_box_1_25pct,4685.725000 | 4689.655000,1 | 2
2,2026-04-07,2026-04-06,L4,RANGE_NORMAL_60_120,CLOSE_POS_MIDDLE_THIRD,ROWS_STANDARD_9_10,REGIME_RANGE_CLOSE_ROWS,4,1,4702.69,4702.69,4702.69,4702.69,4702.69,0.0,78.146243,89.619959,89.619959,0.333333,3,4686.47,-16.22,16.22,16.22,16.22,False,False,False,False,False,green_box_midline::green_mid_2,4702.690000,3
3,2026-04-07,2026-04-06,L4,RANGE_NORMAL_60_120,CLOSE_POS_MIDDLE_THIRD,ROWS_STANDARD_9_10,REGIME_RANGE_CLOSE_ROWS,2,1,4668.76,4668.76,4668.76,4668.76,4668.76,0.0,77.078714,88.928817,88.928817,0.25,4,4686.47,17.71,17.71,17.71,17.71,False,False,False,False,False,green_box_edge::green_edge_1,4668.760000,4
4,2026-04-07,2026-04-06,L4,RANGE_NORMAL_60_120,CLOSE_POS_MIDDLE_THIRD,ROWS_STANDARD_9_10,REGIME_RANGE_CLOSE_ROWS,1,1,4650.5,4650.5,4650.5,4650.5,4650.5,0.0,67.795195,73.612405,73.612405,0.2,5,4686.47,35.97,35.97,35.97,35.97,False,False,False,False,False,prior_hlc::previous_close,4650.500000,5
1,2026-04-07,2026-04-06,L5,RANGE_NORMAL_60_120,CLOSE_POS_MIDDLE_THIRD,ROWS_STANDARD_9_10,REGIME_RANGE_CLOSE_ROWS,3,2,4651.795,4652.673333,4652.234167,4652.234167,4652.234167,0.878333,86.646575,91.068118,182.136236,1.2,1,4647.73,-4.504167,4.504167,4.504167,4.504167,False,False,True,False,True,green_box_quarter::green_box_1_75pct | prior_hlc::previous_pivot_hlc3,4651.795000 | 4652.673333,1 | 5
2,2026-04-07,2026-04-06,L5,RANGE_NORMAL_60_120,CLOSE_POS_MIDDLE_THIRD,ROWS_STANDARD_9_10,REGIME_RANGE_CLOSE_ROWS,4,1,4668.76,4668.76,4668.76,4668.76,4668.76,0.0,81.206727,92.597805,92.597805,0.5,2,4647.73,-21.03,21.03,21.03,21.03,False,False,False,False,False,green_box_edge::green_edge_1,4668.760000,2
3,2026-04-07,2026-04-06,L5,RANGE_NORMAL_60_120,CLOSE_POS_MIDDLE_THIRD,ROWS_STANDARD_9_10,REGIME_RANGE_CLOSE_ROWS,2,1,4641.28504,4641.28504,4641.28504,4641.28504,4641.28504,0.0,79.607924,92.140098,92.140098,0.333333,3,4647.73,6.44496,6.44496,6.44496,6.44496,False,False,False,False,False,prior_range_fraction::prev_range_0.382,4641.285040,3
4,2026-04-07,2026-04-06,L5,RANGE_NORMAL_60_120,CLOSE_POS_MIDDLE_THIRD,ROWS_STANDARD_9_10,REGIME_RANGE_CLOSE_ROWS,1,1,4634.83,4634.83,4634.83,4634.83,4634.83,0.0,77.589534,89.809542,89.809542,0.25,4,4647.73,12.9,12.9,12.9,12.9,False,False,False,False,False,green_box_midline::green_mid_1,4634.830000,4
1,2026-04-07,2026-04-06,L6,RANGE_NORMAL_60_120,CLOSE_POS_MIDDLE_THIRD,ROWS_STANDARD_9_10,REGIME_RANGE_CLOSE_ROWS,3,2,4650.5,4653.76,4652.13,4652.13,4652.13,3.26,85.663179,91.147089,182.294179,1.333333,1,4607.29,-44.84,44.84,44.84,44.84,False,False,False,False,False,prior_hlc::previous_close | prior_hlc::previous_mid,4650.500000 | 4653.760000,3 | 1
2,2026-04-07,2026-04-06,L6,RANGE_NORMAL_60_120,CLOSE_POS_MIDDLE_THIRD,ROWS_STANDARD_9_10,REGIME_RANGE_CLOSE_ROWS,2,2,4638.76,4641.28504,4640.02252,4640.02252,4640.02252,2.52504,80.246637,88.73909,177.47818,0.75,2,4607.29,-32.73252,32.73252,32.73252,32.73252,False,False,False,False,False,red_box_edge::red_edge_1 | prior_range_fraction::prev_range_0.382,4638.760000 | 4641.285040,2 | 4
3,2026-04-07,2026-04-06,L6,RANGE_NORMAL_60_120,CLOSE_POS_MIDDLE_THIRD,ROWS_STANDARD_9_10,REGIME_RANGE_CLOSE_ROWS,1,1,4627.33,4627.33,4627.33,4627.33,4627.33,0.0,75.422997,86.763788,86.763788,0.2,5,4607.29,-20.04,20.04,20.04,20.04,False,False,False,False,False,prior_range_fraction::prev_range_0.25,4627.330000,5
1,2026-04-07,2026-04-06,L7,RANGE_NORMAL_60_120,CLOSE_POS_MIDDLE_THIRD,ROWS_STANDARD_9_10,REGIME_RANGE_CLOSE_ROWS,3,2,4617.865,4621.795,4619.83,4619.83,4619.83,3.93,84.378559,91.787861,183.575722,1.2,1,4566.31,-53.52,53.52,53.52,53.52,False,False,False,False,False,green_box_quarter::green_box_1_25pct | red_box_quarter::red_box_2_25pct,4617.865000 | 4621.795000,5 | 1
2,2026-04-07,2026-04-06,L7,RANGE_NORMAL_60_120,CLOSE_POS_MIDDLE_THIRD,ROWS_STANDARD_9_10,REGIME_RANGE_CLOSE_ROWS,1,1,4520.005,4520.005,4520.005,4520.005,4520.005,0.0,80.821519,91.933654,91.933654,0.5,2,4566.31,46.305,46.305,46.305,46.305,False,False,False,False,False,red_box_quarter::red_box_3_75pct,4520.005000,2
3,2026-04-07,2026-04-06,L7,RANGE_NORMAL_60_120,CLOSE_POS_MIDDLE_THIRD,ROWS_STANDARD_9_10,REGIME_RANGE_CLOSE_ROWS,4,1,4638.76,4638.76,4638.76,4638.76,4638.76,0.0,79.217147,91.466346,91.466346,0.333333,3,4566.31,-72.45,72.45,72.45,72.45,False,False,False,False,False,red_box_edge::red_edge_1,4638.760000,3
4,2026-04-07,2026-04-06,L7,RANGE_NORMAL_60_120,CLOSE_POS_MIDDLE_THIRD,ROWS_STANDARD_9_10,REGIME_RANGE_CLOSE_ROWS,2,1,4553.935,4553.935,4553.935,4553.935,4553.935,0.0,77.995159,90.508894,90.508894,0.25,4,4566.31,12.375,12.375,12.375,12.375,False,False,False,False,False,red_box_quarter::red_box_3_25pct,4553.935000,4
1,2026-04-08,2026-04-07,L4,RANGE_NORMAL_60_120,CLOSE_POS_UPPER_THIRD,ROWS_STANDARD_9_10,REGIME_RANGE_CLOSE_ROWS,1,1,4681.63337,4681.63337,4681.63337,4681.63337,4681.63337,0.0,84.096812,90.684158,90.684158,1.0,1,4713.5,31.86663,31.86663,31.86663,31.86663,False,False,False,False,False,prior_range_fraction::prev_range_0.666667,4681.633370,1
2,2026-04-08,2026-04-07,L4,RANGE_NORMAL_60_120,CLOSE_POS_UPPER_THIRD,ROWS_STANDARD_9_10,REGIME_RANGE_CLOSE_ROWS,3,1,4701.0,4701.0,4701.0,4701.0,4701.0,0.0,77.18771,85.668466,85.668466,0.5,2,4713.5,12.5,12.5,12.5,12.5,False,False,False,False,False,red_box_quarter::red_box_1_25pct,4701.000000,2
3,2026-04-08,2026-04-07,L4,RANGE_NORMAL_60_120,CLOSE_POS_UPPER_THIRD,ROWS_STANDARD_9_10,REGIME_RANGE_CLOSE_ROWS,2,1,4690.88,4690.88,4690.88,4690.88,4690.88,0.0,73.006281,80.757955,80.757955,0.333333,3,4713.5,22.62,22.62,22.62,22.62,False,False,False,False,False,prior_range_fraction::prev_range_0.75,4690.880000,3
4,2026-04-08,2026-04-07,L4,RANGE_NORMAL_60_120,CLOSE_POS_UPPER_THIRD,ROWS_STANDARD_9_10,REGIME_RANGE_CLOSE_ROWS,4,1,4713.38,4713.38,4713.38,4713.38,4713.38,0.0,63.350437,65.259375,65.259375,0.25,4,4713.5,0.12,0.12,0.12,0.12,False,True,True,True,True,green_box_midline::green_mid_2,4713.380000,4
5,2026-04-08,2026-04-07,L4,RANGE_NORMAL_60_120,CLOSE_POS_UPPER_THIRD,ROWS_STANDARD_9_10,REGIME_RANGE_CLOSE_ROWS,5,1,4718.62,4718.62,4718.62,4718.62,4718.62,0.0,48.000114,39.482955,39.482955,0.2,5,4713.5,-5.12,5.12,5.12,5.12,False,False,False,False,False,prior_hlc::previous_high,4718.620000,5
1,2026-04-08,2026-04-07,L5,RANGE_NORMAL_60_120,CLOSE_POS_UPPER_THIRD,ROWS_STANDARD_9_10,REGIME_RANGE_CLOSE_ROWS,4,2,4701.0,4704.75,4702.875,4702.875,4702.875,3.75,83.800546,90.518182,181.036364,1.2,1,4677.93,-24.945,24.945,24.945,24.945,False,False,False,False,False,red_box_quarter::red_box_1_25pct | prior_range_fraction::prev_range_0.875,4701.000000 | 4704.750000,1 | 5
2,2026-04-08,2026-04-07,L5,RANGE_NORMAL_60_120,CLOSE_POS_UPPER_THIRD,ROWS_STANDARD_9_10,REGIME_RANGE_CLOSE_ROWS,1,1,4650.04672,4650.04672,4650.04672,4650.04672,4650.04672,0.0,81.304586,92.766527,92.766527,0.5,2,4677.93,27.88328,27.88328,27.88328,27.88328,False,False,False,False,False,prior_range_fraction::prev_range_0.382,4650.046720,2
3,2026-04-08,2026-04-07,L5,RANGE_NORMAL_60_120,CLOSE_POS_UPPER_THIRD,ROWS_STANDARD_9_10,REGIME_RANGE_CLOSE_ROWS,2,1,4663.14,4663.14,4663.14,4663.14,4663.14,0.0,78.814189,90.771591,90.771591,0.333333,3,4677.93,14.79,14.79,14.79,14.79,False,False,False,False,False,prior_hlc::previous_mid,4663.140000,3
4,2026-04-08,2026-04-07,L5,RANGE_NORMAL_60_120,CLOSE_POS_UPPER_THIRD,ROWS_STANDARD_9_10,REGIME_RANGE_CLOSE_ROWS,3,1,4683.38,4683.38,4683.38,4683.38,4683.38,0.0,76.691921,88.261932,88.261932,0.25,4,4677.93,-5.45,5.45,5.45,5.45,False,False,False,False,False,red_box_midline::red_mid_1,4683.380000,4
1,2026-04-08,2026-04-07,L6,RANGE_NORMAL_60_120,CLOSE_POS_UPPER_THIRD,ROWS_STANDARD_9_10,REGIME_RANGE_CLOSE_ROWS,1,1,4650.04672,4650.04672,4650.04672,4650.04672,4650.04672,0.0,85.266889,92.701532,92.701532,1.0,1,4637.57,-12.47672,12.47672,12.47672,12.47672,False,False,False,False,False,prior_range_fraction::prev_range_0.382,4650.046720,1
2,2026-04-08,2026-04-07,L6,RANGE_NORMAL_60_120,CLOSE_POS_UPPER_THIRD,ROWS_STANDARD_9_10,REGIME_RANGE_CLOSE_ROWS,3,2,4681.63337,4683.38,4682.506685,4682.506685,4682.506685,1.74663,83.595653,92.182794,184.365589,0.833333,2,4637.57,-44.936685,44.936685,44.936685,44.936685,False,False,False,False,False,prior_range_fraction::prev_range_0.666667 | red_box_midline::red_mid_1,4681.633370 | 4683.380000,3 | 2
3,2026-04-08,2026-04-07,L6,RANGE_NORMAL_60_120,CLOSE_POS_UPPER_THIRD,ROWS_STANDARD_9_10,REGIME_RANGE_CLOSE_ROWS,2,2,4660.52,4663.14,4661.83,4661.83,4661.83,2.62,79.457002,91.659659,183.319318,0.45,4,4637.57,-24.26,24.26,24.26,24.26,False,False,False,False,False,green_box_quarter::green_box_1_75pct | prior_hlc::previous_mid,4660.520000 | 4663.140000,5 | 4
1,2026-04-08,2026-04-07,L7,RANGE_NORMAL_60_120,CLOSE_POS_UPPER_THIRD,ROWS_STANDARD_9_10,REGIME_RANGE_CLOSE_ROWS,1,1,4621.53,4621.53,4621.53,4621.53,4621.53,0.0,86.053324,94.057455,94.057455,1.0,1,4597.43,-24.1,24.1,24.1,24.1,False,False,False,False,False,prior_range_fraction::prev_range_0.125,4621.530000,1
2,2026-04-08,2026-04-07,L7,RANGE_NORMAL_60_120,CLOSE_POS_UPPER_THIRD,ROWS_STANDARD_9_10,REGIME_RANGE_CLOSE_ROWS,2,2,4630.52,4635.4,4632.96,4632.96,4632.96,4.88,79.204292,90.514986,181.029973,0.75,2,4597.43,-35.53,35.53,35.53,35.53,False,False,False,False,False,red_box_quarter::red_box_2_25pct | prior_range_fraction::prev_range_0.25,4630.520000 | 4635.400000,2 | 4
3,2026-04-08,2026-04-07,L7,RANGE_NORMAL_60_120,CLOSE_POS_UPPER_THIRD,ROWS_STANDARD_9_10,REGIME_RANGE_CLOSE_ROWS,4,1,4695.76,4695.76,4695.76,4695.76,4695.76,0.0,78.86462,90.85854,90.85854,0.333333,3,4597.43,-98.33,98.33,98.33,98.33,False,False,False,False,False,green_box_quarter::green_box_2_25pct,4695.760000,3
4,2026-04-08,2026-04-07,L7,RANGE_NORMAL_60_120,CLOSE_POS_UPPER_THIRD,ROWS_STANDARD_9_10,REGIME_RANGE_CLOSE_ROWS,3,1,4663.14,4663.14,4663.14,4663.14,4663.14,0.0,76.312783,88.297901,88.297901,0.2,5,4597.43,-65.71,65.71,65.71,65.71,False,False,False,False,False,prior_hlc::previous_mid,4663.140000,5
1,2026-04-09,2026-04-08,L4,RANGE_WIDE_120_220,CLOSE_POS_LOWER_THIRD,ROWS_STANDARD_9_10,REGIME_RANGE_CLOSE_ROWS,2,1,4770.27625,4770.27625,4770.27625,4770.27625,4770.27625,0.0,85.841898,93.692928,93.692928,1.0,1,4767.19,-3.08625,3.08625,3.08625,3.08625,False,False,True,False,True,green_box_quarter::green_box_1_75pct,4770.276250,1
2,2026-04-09,2026-04-08,L4,RANGE_WIDE_120_220,CLOSE_POS_LOWER_THIRD,ROWS_STANDARD_9_10,REGIME_RANGE_CLOSE_ROWS,1,1,4760.12714,4760.12714,4760.12714,4760.12714,4760.12714,0.0,81.284166,92.73132,92.73132,0.5,2,4767.19,7.06286,7.06286,7.06286,7.06286,False,False,False,False,False,prior_range_fraction::prev_range_0.382,4760.127140,2
3,2026-04-09,2026-04-08,L4,RANGE_WIDE_120_220,CLOSE_POS_LOWER_THIRD,ROWS_STANDARD_9_10,REGIME_RANGE_CLOSE_ROWS,4,1,4797.24286,4797.24286,4797.24286,4797.24286,4797.24286,0.0,79.43056,91.834298,91.834298,0.333333,3,4767.19,-30.05286,30.05286,30.05286,30.05286,False,False,False,False,False,prior_range_fraction::prev_range_0.618,4797.242860,3
4,2026-04-09,2026-04-08,L4,RANGE_WIDE_120_220,CLOSE_POS_LOWER_THIRD,ROWS_STANDARD_9_10,REGIME_RANGE_CLOSE_ROWS,3,1,4787.09375,4787.09375,4787.09375,4787.09375,4787.09375,0.0,48.207927,39.151598,39.151598,0.25,4,4767.19,-19.90375,19.90375,19.90375,19.90375,False,False,False,False,False,red_box_quarter::red_box_1_75pct,4787.093750,4
1,2026-04-09,2026-04-08,L5,RANGE_WIDE_120_220,CLOSE_POS_LOWER_THIRD,ROWS_STANDARD_9_10,REGIME_RANGE_CLOSE_ROWS,1,1,4719.26,4719.26,4719.26,4719.26,4719.26,0.0,80.932773,92.12547,92.12547,0.5,2,4733.49,14.23,14.23,14.23,14.23,False,False,False,False,False,prior_hlc::previous_close,4719.260000,2
2,2026-04-09,2026-04-08,L5,RANGE_WIDE_120_220,CLOSE_POS_LOWER_THIRD,ROWS_STANDARD_9_10,REGIME_RANGE_CLOSE_ROWS,3,2,4758.876667,4763.685,4761.280834,4761.280834,4761.280834,4.808333,80.375829,85.529589,171.059178,1.25,1,4733.49,-27.790834,27.790834,27.790834,27.790834,False,False,False,False,False,prior_hlc::previous_pivot_hlc3 | red_box_edge::red_edge_1,4758.876667 | 4763.685000,1 | 4
3,2026-04-09,2026-04-08,L5,RANGE_WIDE_120_220,CLOSE_POS_LOWER_THIRD,ROWS_STANDARD_9_10,REGIME_RANGE_CLOSE_ROWS,2,1,4739.3675,4739.3675,4739.3675,4739.3675,4739.3675,0.0,77.045041,87.721335,87.721335,0.333333,3,4733.49,-5.8775,5.8775,5.8775,5.8775,False,False,False,False,False,prior_range_fraction::prev_range_0.25,4739.367500,3
1,2026-04-09,2026-04-08,L6,RANGE_WIDE_120_220,CLOSE_POS_LOWER_THIRD,ROWS_STANDARD_9_10,REGIME_RANGE_CLOSE_ROWS,2,1,4716.8675,4716.8675,4716.8675,4716.8675,4716.8675,0.0,83.463939,89.592998,89.592998,1.0,1,4693.82,-23.0475,23.0475,23.0475,23.0475,False,False,False,False,False,red_box_midline::red_mid_2,4716.867500,1
2,2026-04-09,2026-04-08,L6,RANGE_WIDE_120_220,CLOSE_POS_LOWER_THIRD,ROWS_STANDARD_9_10,REGIME_RANGE_CLOSE_ROWS,1,1,4700.05,4700.05,4700.05,4700.05,4700.05,0.0,69.997356,73.271303,73.271303,0.5,2,4693.82,-6.23,6.23,6.23,6.23,False,False,False,False,False,prior_hlc::previous_low,4700.050000,2
3,2026-04-09,2026-04-08,L6,RANGE_WIDE_120_220,CLOSE_POS_LOWER_THIRD,ROWS_STANDARD_9_10,REGIME_RANGE_CLOSE_ROWS,3,1,4739.3675,4739.3675,4739.3675,4739.3675,4739.3675,0.0,36.237844,17.364098,17.364098,0.333333,3,4693.82,-45.5475,45.5475,45.5475,45.5475,False,False,False,False,False,prior_range_fraction::prev_range_0.25,4739.367500,3
1,2026-04-09,2026-04-08,L7,RANGE_WIDE_120_220,CLOSE_POS_LOWER_THIRD,ROWS_STANDARD_9_10,REGIME_RANGE_CLOSE_ROWS,1,1,4670.05,4670.05,4670.05,4670.05,4670.05,0.0,64.585704,57.044318,57.044318,1.0,1,4651.82,-18.23,18.23,18.23,18.23,False,False,False,False,False,red_box_edge::red_edge_2,4670.050000,1
2,2026-04-09,2026-04-08,L7,RANGE_WIDE_120_220,CLOSE_POS_LOWER_THIRD,ROWS_STANDARD_9_10,REGIME_RANGE_CLOSE_ROWS,2,1,4700.05,4700.05,4700.05,4700.05,4700.05,0.0,31.639091,7.136364,7.136364,0.5,2,4651.82,-48.23,48.23,48.23,48.23,False,False,False,False,False,prior_hlc::previous_low,4700.050000,2
1,2026-04-10,2026-04-09,L4,RANGE_NORMAL_60_120,CLOSE_POS_MIDDLE_THIRD,ROWS_STANDARD_9_10,REGIME_RANGE_CLOSE_ROWS,2,2,4781.365,4784.555,4782.96,4782.96,4782.96,3.19,88.521304,93.669835,187.339669,1.5,1,4787.01,4.05,4.05,4.05,4.05,False,False,True,True,True,green_box_quarter::green_box_2_25pct | red_box_quarter::red_box_1_25pct,4781.365000 | 4784.555000,1 | 2
2,2026-04-10,2026-04-09,L4,RANGE_NORMAL_60_120,CLOSE_POS_MIDDLE_THIRD,ROWS_STANDARD_9_10,REGIME_RANGE_CLOSE_ROWS,3,1,4797.96,4797.96,4797.96,4797.96,4797.96,0.0,78.090932,89.524596,89.524596,0.333333,3,4787.01,-10.95,10.95,10.95,10.95,False,False,False,False,False,green_box_midline::green_mid_2,4797.960000,3
3,2026-04-10,2026-04-09,L4,RANGE_NORMAL_60_120,CLOSE_POS_MIDDLE_THIRD,ROWS_STANDARD_9_10,REGIME_RANGE_CLOSE_ROWS,1,2,4764.77,4765.5,4765.135,4765.135,4765.135,0.73,75.090391,81.263432,162.526865,0.45,4,4787.01,21.875,21.875,21.875,21.875,False,False,False,False,False,green_box_edge::green_edge_1 | prior_hlc::previous_close,4764.770000 | 4765.500000,4 | 5
1,2026-04-10,2026-04-09,L5,RANGE_NORMAL_60_120,CLOSE_POS_MIDDLE_THIRD,ROWS_STANDARD_9_10,REGIME_RANGE_CLOSE_ROWS,3,1,4748.175,4748.175,4748.175,4748.175,4748.175,0.0,85.392577,92.918237,92.918237,1.0,1,4746.82,-1.355,1.355,1.355,1.355,False,True,True,True,True,green_box_quarter::green_box_1_75pct,4748.175000,1
2,2026-04-10,2026-04-09,L5,RANGE_NORMAL_60_120,CLOSE_POS_MIDDLE_THIRD,ROWS_STANDARD_9_10,REGIME_RANGE_CLOSE_ROWS,5,1,4764.77,4764.77,4764.77,4764.77,4764.77,0.0,81.16569,92.527052,92.527052,0.5,2,4746.82,-17.95,17.95,17.95,17.95,False,False,False,False,False,green_box_edge::green_edge_1,4764.770000,2
3,2026-04-10,2026-04-09,L5,RANGE_NORMAL_60_120,CLOSE_POS_MIDDLE_THIRD,ROWS_STANDARD_9_10,REGIME_RANGE_CLOSE_ROWS,2,1,4737.64432,4737.64432,4737.64432,4737.64432,4737.64432,0.0,79.550234,92.040634,92.040634,0.333333,3,4746.82,9.17568,9.17568,9.17568,9.17568,False,False,False,False,False,prior_range_fraction::prev_range_0.382,4737.644320,3
4,2026-04-10,2026-04-09,L5,RANGE_NORMAL_60_120,CLOSE_POS_MIDDLE_THIRD,ROWS_STANDARD_9_10,REGIME_RANGE_CLOSE_ROWS,1,1,4731.58,4731.58,4731.58,4731.58,4731.58,0.0,77.534224,89.714179,89.714179,0.25,4,4746.82,15.24,15.24,15.24,15.24,False,False,False,False,False,green_box_midline::green_mid_1,4731.580000,4
5,2026-04-10,2026-04-09,L5,RANGE_NORMAL_60_120,CLOSE_POS_MIDDLE_THIRD,ROWS_STANDARD_9_10,REGIME_RANGE_CLOSE_ROWS,4,1,4755.013333,4755.013333,4755.013333,4755.013333,4755.013333,0.0,76.764366,89.076493,89.076493,0.2,5,4746.82,-8.193333,8.193333,8.193333,8.193333,False,False,False,False,False,prior_hlc::previous_pivot_hlc3,4755.013333,5
1,2026-04-10,2026-04-09,L6,RANGE_NORMAL_60_120,CLOSE_POS_MIDDLE_THIRD,ROWS_STANDARD_9_10,REGIME_RANGE_CLOSE_ROWS,3,1,4749.77,4749.77,4749.77,4749.77,4749.77,0.0,86.073347,94.091978,94.091978,1.0,1,4706.64,-43.13,43.13,43.13,43.13,False,False,False,False,False,prior_hlc::previous_mid,4749.770000,1
2,2026-04-10,2026-04-09,L6,RANGE_NORMAL_60_120,CLOSE_POS_MIDDLE_THIRD,ROWS_STANDARD_9_10,REGIME_RANGE_CLOSE_ROWS,2,2,4734.77,4737.64432,4736.20716,4736.20716,4736.20716,2.87432,79.913994,88.69551,177.39102,0.75,2,4706.64,-29.56716,29.56716,29.56716,29.56716,False,False,False,False,False,red_box_edge::red_edge_1 | prior_range_fraction::prev_range_0.382,4734.770000 | 4737.644320,2 | 4
3,2026-04-10,2026-04-09,L6,RANGE_NORMAL_60_120,CLOSE_POS_MIDDLE_THIRD,ROWS_STANDARD_9_10,REGIME_RANGE_CLOSE_ROWS,4,1,4765.5,4765.5,4765.5,4765.5,4765.5,0.0,77.215107,88.014552,88.014552,0.333333,3,4706.64,-58.86,58.86,58.86,58.86,False,False,False,False,False,prior_hlc::previous_close,4765.500000,3
4,2026-04-10,2026-04-09,L6,RANGE_NORMAL_60_120,CLOSE_POS_MIDDLE_THIRD,ROWS_STANDARD_9_10,REGIME_RANGE_CLOSE_ROWS,1,1,4724.08,4724.08,4724.08,4724.08,4724.08,0.0,75.408129,86.738153,86.738153,0.2,5,4706.64,-17.44,17.44,17.44,17.44,False,False,False,False,False,prior_range_fraction::prev_range_0.25,4724.080000,5
1,2026-04-10,2026-04-09,L7,RANGE_NORMAL_60_120,CLOSE_POS_MIDDLE_THIRD,ROWS_STANDARD_9_10,REGIME_RANGE_CLOSE_ROWS,3,2,4714.985,4718.175,4716.58,4716.58,4716.58,3.19,84.975114,91.693644,183.387288,1.2,1,4671.56,-45.02,45.02,45.02,45.02,False,False,False,False,False,green_box_quarter::green_box_1_25pct | red_box_quarter::red_box_2_25pct,4714.985000 | 4718.175000,5 | 1
2,2026-04-10,2026-04-09,L7,RANGE_NORMAL_60_120,CLOSE_POS_MIDDLE_THIRD,ROWS_STANDARD_9_10,REGIME_RANGE_CLOSE_ROWS,1,1,4618.605,4618.605,4618.605,4618.605,4618.605,0.0,80.765968,91.837876,91.837876,0.5,2,4671.56,52.955,52.955,52.955,52.955,False,False,False,False,False,red_box_quarter::red_box_3_75pct,4618.605000,2
3,2026-04-10,2026-04-09,L7,RANGE_NORMAL_60_120,CLOSE_POS_MIDDLE_THIRD,ROWS_STANDARD_9_10,REGIME_RANGE_CLOSE_ROWS,4,1,4734.77,4734.77,4734.77,4734.77,4734.77,0.0,79.178503,91.399718,91.399718,0.333333,3,4671.56,-63.21,63.21,63.21,63.21,False,False,False,False,False,red_box_edge::red_edge_1,4734.770000,3
4,2026-04-10,2026-04-09,L7,RANGE_NORMAL_60_120,CLOSE_POS_MIDDLE_THIRD,ROWS_STANDARD_9_10,REGIME_RANGE_CLOSE_ROWS,2,1,4651.795,4651.795,4651.795,4651.795,4651.795,0.0,77.937192,90.408952,90.408952,0.25,4,4671.56,19.765,19.765,19.765,19.765,False,False,False,False,False,red_box_quarter::red_box_3_25pct,4651.795000,4
1,2026-04-13,2026-04-10,L4,RANGE_NORMAL_60_120,CLOSE_POS_LOWER_THIRD,ROWS_STANDARD_9_10,REGIME_RANGE_CLOSE_ROWS,1,1,4758.413333,4758.413333,4758.413333,4758.413333,4758.413333,0.0,83.314945,89.336112,89.336112,1.0,1,4777.03,18.616667,18.616667,18.616667,18.616667,False,False,False,False,False,prior_hlc::previous_pivot_hlc3,4758.413333,1
2,2026-04-13,2026-04-10,L4,RANGE_NORMAL_60_120,CLOSE_POS_LOWER_THIRD,ROWS_STANDARD_9_10,REGIME_RANGE_CLOSE_ROWS,2,3,4766.2625,4771.565,4768.91375,4769.47534,4770.59852,5.3025,70.006417,68.113707,204.34112,1.083333,2,4777.03,8.11625,8.11625,7.55466,6.43148,False,False,False,False,False,green_box_quarter::green_box_1_75pct | prior_range_fraction::prev_range_0.618 | red_box_midline::red_mid_1,4766.262500 | 4770.598520 | 4771.565000,2 | 3 | 4
1,2026-04-13,2026-04-10,L5,RANGE_NORMAL_60_120,CLOSE_POS_LOWER_THIRD,ROWS_STANDARD_9_10,REGIME_RANGE_CLOSE_ROWS,1,1,4736.2625,4736.2625,4736.2625,4736.2625,4736.2625,0.0,84.630215,91.603819,91.603819,1.0,1,4737.6,1.3375,1.3375,1.3375,1.3375,False,True,True,True,True,red_box_quarter::red_box_2_25pct,4736.262500,1
2,2026-04-13,2026-04-10,L5,RANGE_NORMAL_60_120,CLOSE_POS_LOWER_THIRD,ROWS_STANDARD_9_10,REGIME_RANGE_CLOSE_ROWS,2,3,4754.495,4758.413333,4756.454166,4756.123271,4755.46148,3.918333,78.481129,80.625165,241.875495,1.083333,2,4737.6,-18.854166,18.854166,18.523271,17.86148,False,False,False,False,False,green_box_midline::green_mid_1 | prior_range_fraction::prev_range_0.382 | prior_hlc::previous_pivot_hlc3,4754.495000 | 4755.461480 | 4758.413333,2 | 3 | 4
1,2026-04-13,2026-04-10,L6,RANGE_NORMAL_60_120,CLOSE_POS_LOWER_THIRD,ROWS_STANDARD_9_10,REGIME_RANGE_CLOSE_ROWS,3,1,4742.7275,4742.7275,4742.7275,4742.7275,4742.7275,0.0,86.035003,94.025868,94.025868,1.0,1,4695.33,-47.3975,47.3975,47.3975,47.3975,False,False,False,False,False,green_box_quarter::green_box_1_25pct,4742.727500,1
2,2026-04-13,2026-04-10,L6,RANGE_NORMAL_60_120,CLOSE_POS_LOWER_THIRD,ROWS_STANDARD_9_10,REGIME_RANGE_CLOSE_ROWS,2,1,4736.2625,4736.2625,4736.2625,4736.2625,4736.2625,0.0,79.935021,90.405208,90.405208,0.5,2,4695.33,-40.9325,40.9325,40.9325,40.9325,False,False,False,False,False,red_box_quarter::red_box_2_25pct,4736.262500,2
3,2026-04-13,2026-04-10,L6,RANGE_NORMAL_60_120,CLOSE_POS_LOWER_THIRD,ROWS_STANDARD_9_10,REGIME_RANGE_CLOSE_ROWS,1,1,4712.7275,4712.7275,4712.7275,4712.7275,4712.7275,0.0,36.039757,17.022569,17.022569,0.333333,3,4695.33,-17.3975,17.3975,17.3975,17.3975,False,False,False,False,False,red_box_quarter::red_box_2_75pct,4712.727500,3
1,2026-04-13,2026-04-10,L7,RANGE_NORMAL_60_120,CLOSE_POS_LOWER_THIRD,ROWS_STANDARD_9_10,REGIME_RANGE_CLOSE_ROWS,2,1,4712.7275,4712.7275,4712.7275,4712.7275,4712.7275,0.0,84.279567,90.999254,90.999254,1.0,1,4653.69,-59.0375,59.0375,59.0375,59.0375,False,False,False,False,False,red_box_quarter::red_box_2_75pct,4712.727500,1
2,2026-04-13,2026-04-10,L7,RANGE_NORMAL_60_120,CLOSE_POS_LOWER_THIRD,ROWS_STANDARD_9_10,REGIME_RANGE_CLOSE_ROWS,3,1,4730.96,4730.96,4730.96,4730.96,4730.96,0.0,57.37606,51.510448,51.510448,0.5,2,4653.69,-77.27,77.27,77.27,77.27,False,False,False,False,False,prior_hlc::previous_low,4730.960000,2
3,2026-04-13,2026-04-10,L7,RANGE_NORMAL_60_120,CLOSE_POS_LOWER_THIRD,ROWS_STANDARD_9_10,REGIME_RANGE_CLOSE_ROWS,1,1,4677.425,4677.425,4677.425,4677.425,4677.425,0.0,49.268143,39.830131,39.830131,0.333333,3,4653.69,-23.735,23.735,23.735,23.735,False,False,False,False,False,red_box_midline::red_mid_3,4677.425000,3
1,2026-04-14,2026-04-13,L4,RANGE_NORMAL_60_120,CLOSE_POS_UPPER_THIRD,ROWS_STANDARD_9_10,REGIME_RANGE_CLOSE_ROWS,1,1,4714.773369,4714.773369,4714.773369,4714.773369,4714.773369,0.0,84.055716,90.613303,90.613303,1.0,1,4768.21,53.436631,53.436631,53.436631,53.436631,False,False,False,False,False,prior_range_fraction::prev_range_0.666667,4714.773369,1
2,2026-04-14,2026-04-13,L4,RANGE_NORMAL_60_120,CLOSE_POS_UPPER_THIRD,ROWS_STANDARD_9_10,REGIME_RANGE_CLOSE_ROWS,3,1,4733.13375,4733.13375,4733.13375,4733.13375,4733.13375,0.0,77.180732,85.656434,85.656434,0.5,2,4768.21,35.07625,35.07625,35.07625,35.07625,False,False,False,False,False,red_box_quarter::red_box_1_25pct,4733.133750,2
3,2026-04-14,2026-04-13,L4,RANGE_NORMAL_60_120,CLOSE_POS_UPPER_THIRD,ROWS_STANDARD_9_10,REGIME_RANGE_CLOSE_ROWS,2,1,4723.6175,4723.6175,4723.6175,4723.6175,4723.6175,0.0,72.996976,80.741912,80.741912,0.333333,3,4768.21,44.5925,44.5925,44.5925,44.5925,False,False,False,False,False,prior_range_fraction::prev_range_0.75,4723.617500,3
4,2026-04-14,2026-04-13,L4,RANGE_NORMAL_60_120,CLOSE_POS_UPPER_THIRD,ROWS_STANDARD_9_10,REGIME_RANGE_CLOSE_ROWS,4,2,4746.1175,4750.15,4748.13375,4748.13375,4748.13375,4.0325,59.376702,59.181556,118.363112,0.45,4,4768.21,20.07625,20.07625,20.07625,20.07625,False,False,False,False,False,green_box_midline::green_mid_2 | prior_hlc::previous_high,4746.117500 | 4750.150000,4 | 5
1,2026-04-14,2026-04-13,L5,RANGE_NORMAL_60_120,CLOSE_POS_UPPER_THIRD,ROWS_STANDARD_9_10,REGIME_RANGE_CLOSE_ROWS,3,2,4712.085,4716.1175,4714.10125,4714.10125,4714.10125,4.0325,83.84622,91.025552,182.051103,1.2,1,4728.16,14.05875,14.05875,14.05875,14.05875,False,False,False,False,False,green_box_edge::green_edge_1 | red_box_midline::red_mid_1,4712.085000 | 4716.117500,1 | 5
2,2026-04-14,2026-04-13,L5,RANGE_NORMAL_60_120,CLOSE_POS_UPPER_THIRD,ROWS_STANDARD_9_10,REGIME_RANGE_CLOSE_ROWS,4,1,4733.13375,4733.13375,4733.13375,4733.13375,4733.13375,0.0,81.844294,93.697059,93.697059,0.5,2,4728.16,-4.97375,4.97375,4.97375,4.97375,False,False,True,False,True,red_box_quarter::red_box_1_25pct,4733.133750,2
3,2026-04-14,2026-04-13,L5,RANGE_NORMAL_60_120,CLOSE_POS_UPPER_THIRD,ROWS_STANDARD_9_10,REGIME_RANGE_CLOSE_ROWS,1,1,4684.56166,4684.56166,4684.56166,4684.56166,4684.56166,0.0,79.889835,92.626153,92.626153,0.333333,3,4728.16,43.59834,43.59834,43.59834,43.59834,False,False,False,False,False,prior_range_fraction::prev_range_0.382,4684.561660,3
4,2026-04-14,2026-04-13,L5,RANGE_NORMAL_60_120,CLOSE_POS_UPPER_THIRD,ROWS_STANDARD_9_10,REGIME_RANGE_CLOSE_ROWS,2,1,4697.085,4697.085,4697.085,4697.085,4697.085,0.0,78.106426,90.700735,90.700735,0.25,4,4728.16,31.075,31.075,31.075,31.075,False,False,False,False,False,prior_hlc::previous_mid,4697.085000,4
1,2026-04-14,2026-04-13,L6,RANGE_NORMAL_60_120,CLOSE_POS_UPPER_THIRD,ROWS_STANDARD_9_10,REGIME_RANGE_CLOSE_ROWS,1,1,4684.56166,4684.56166,4684.56166,4684.56166,4684.56166,0.0,85.235872,92.648056,92.648056,1.0,1,4688.7,4.13834,4.13834,4.13834,4.13834,False,False,True,False,True,prior_range_fraction::prev_range_0.382,4684.561660,1
2,2026-04-14,2026-04-13,L6,RANGE_NORMAL_60_120,CLOSE_POS_UPPER_THIRD,ROWS_STANDARD_9_10,REGIME_RANGE_CLOSE_ROWS,3,2,4714.773369,4716.1175,4715.445434,4715.445434,4715.445434,1.344131,83.880454,92.063142,184.126284,0.833333,2,4688.7,-26.745434,26.745434,26.745434,26.745434,False,False,False,False,False,prior_range_fraction::prev_range_0.666667 | red_box_midline::red_mid_1,4714.773369 | 4716.117500,3 | 2
3,2026-04-14,2026-04-13,L6,RANGE_NORMAL_60_120,CLOSE_POS_UPPER_THIRD,ROWS_STANDARD_9_10,REGIME_RANGE_CLOSE_ROWS,2,2,4695.06875,4697.085,4696.076875,4696.076875,4696.076875,2.01625,79.93131,91.561397,183.122794,0.45,4,4688.7,-7.376875,7.376875,7.376875,7.376875,False,False,False,False,False,green_box_quarter::green_box_1_75pct | prior_hlc::previous_mid,4695.068750 | 4697.085000,5 | 4
1,2026-04-14,2026-04-13,L7,RANGE_NORMAL_60_120,CLOSE_POS_UPPER_THIRD,ROWS_STANDARD_9_10,REGIME_RANGE_CLOSE_ROWS,1,1,4657.28625,4657.28625,4657.28625,4657.28625,4657.28625,0.0,86.018691,93.997743,93.997743,1.0,1,4648.94,-8.34625,8.34625,8.34625,8.34625,False,False,False,False,False,prior_range_fraction::prev_range_0.125,4657.286250,1
2,2026-04-14,2026-04-13,L7,RANGE_NORMAL_60_120,CLOSE_POS_UPPER_THIRD,ROWS_STANDARD_9_10,REGIME_RANGE_CLOSE_ROWS,2,1,4665.06875,4665.06875,4665.06875,4665.06875,4665.06875,0.0,80.655691,91.647743,91.647743,0.5,2,4648.94,-16.12875,16.12875,16.12875,16.12875,False,False,False,False,False,red_box_quarter::red_box_2_25pct,4665.068750,2
3,2026-04-14,2026-04-13,L7,RANGE_NORMAL_60_120,CLOSE_POS_UPPER_THIRD,ROWS_STANDARD_9_10,REGIME_RANGE_CLOSE_ROWS,5,1,4729.10125,4729.10125,4729.10125,4729.10125,4729.10125,0.0,78.81818,90.778472,90.778472,0.333333,3,4648.94,-80.16125,80.16125,80.16125,80.16125,False,False,False,False,False,green_box_quarter::green_box_2_25pct,4729.101250,3
4,2026-04-14,2026-04-13,L7,RANGE_NORMAL_60_120,CLOSE_POS_UPPER_THIRD,ROWS_STANDARD_9_10,REGIME_RANGE_CLOSE_ROWS,3,1,4670.5525,4670.5525,4670.5525,4670.5525,4670.5525,0.0,77.245667,89.216667,89.216667,0.25,4,4648.94,-21.6125,21.6125,21.6125,21.6125,False,False,False,False,False,prior_range_fraction::prev_range_0.25,4670.552500,4
5,2026-04-14,2026-04-13,L7,RANGE_NORMAL_60_120,CLOSE_POS_UPPER_THIRD,ROWS_STANDARD_9_10,REGIME_RANGE_CLOSE_ROWS,4,1,4697.085,4697.085,4697.085,4697.085,4697.085,0.0,76.260833,88.208333,88.208333,0.2,5,4648.94,-48.145,48.145,48.145,48.145,False,False,False,False,False,prior_hlc::previous_mid,4697.085000,5
1,2026-04-15,2026-04-14,L4,RANGE_NORMAL_60_120,CLOSE_POS_UPPER_THIRD,ROWS_STANDARD_9_10,REGIME_RANGE_CLOSE_ROWS,1,1,4812.393367,4812.393367,4812.393367,4812.393367,4812.393367,0.0,84.045816,90.596235,90.596235,1.0,1,4871.18,58.786633,58.786633,58.786633,58.786633,False,False,False,False,False,prior_range_fraction::prev_range_0.666667,4812.393367,1
2,2026-04-15,2026-04-14,L4,RANGE_NORMAL_60_120,CLOSE_POS_UPPER_THIRD,ROWS_STANDARD_9_10,REGIME_RANGE_CLOSE_ROWS,3,1,4829.8475,4829.8475,4829.8475,4829.8475,4829.8475,0.0,77.179051,85.653536,85.653536,0.5,2,4871.18,41.3325,41.3325,41.3325,41.3325,False,False,False,False,False,red_box_quarter::red_box_1_25pct,4829.847500,2
3,2026-04-15,2026-04-14,L4,RANGE_NORMAL_60_120,CLOSE_POS_UPPER_THIRD,ROWS_STANDARD_9_10,REGIME_RANGE_CLOSE_ROWS,2,1,4820.875,4820.875,4820.875,4820.875,4820.875,0.0,72.994734,80.738047,80.738047,0.333333,3,4871.18,50.305,50.305,50.305,50.305,False,False,False,False,False,prior_range_fraction::prev_range_0.75,4820.875000,3
4,2026-04-15,2026-04-14,L4,RANGE_NORMAL_60_120,CLOSE_POS_UPPER_THIRD,ROWS_STANDARD_9_10,REGIME_RANGE_CLOSE_ROWS,4,1,4843.375,4843.375,4843.375,4843.375,4843.375,0.0,71.277603,78.926901,78.926901,0.25,4,4871.18,27.805,27.805,27.805,27.805,False,False,False,False,False,green_box_midline::green_mid_2,4843.375000,4
5,2026-04-15,2026-04-14,L4,RANGE_NORMAL_60_120,CLOSE_POS_UPPER_THIRD,ROWS_STANDARD_9_10,REGIME_RANGE_CLOSE_ROWS,5,1,4859.8475,4859.8475,4859.8475,4859.8475,4859.8475,0.0,48.374615,40.128646,40.128646,0.2,5,4871.18,11.3325,11.3325,11.3325,11.3325,False,False,False,False,False,green_box_quarter::green_box_2_75pct,4859.847500,5
1,2026-04-15,2026-04-14,L5,RANGE_NORMAL_60_120,CLOSE_POS_UPPER_THIRD,ROWS_STANDARD_9_10,REGIME_RANGE_CLOSE_ROWS,3,1,4810.43,4810.43,4810.43,4810.43,4810.43,0.0,85.903894,93.799818,93.799818,1.0,1,4833.44,23.01,23.01,23.01,23.01,False,False,False,False,False,green_box_edge::green_edge_1,4810.430000,1
2,2026-04-15,2026-04-14,L5,RANGE_NORMAL_60_120,CLOSE_POS_UPPER_THIRD,ROWS_STANDARD_9_10,REGIME_RANGE_CLOSE_ROWS,4,2,4826.9025,4829.8475,4828.375,4828.375,4828.375,2.945,82.396997,93.083787,186.167575,0.75,2,4833.44,5.065,5.065,5.065,5.065,False,False,False,False,True,green_box_quarter::green_box_2_25pct | red_box_quarter::red_box_1_25pct,4826.902500 | 4829.847500,4 | 2
3,2026-04-15,2026-04-14,L5,RANGE_NORMAL_60_120,CLOSE_POS_UPPER_THIRD,ROWS_STANDARD_9_10,REGIME_RANGE_CLOSE_ROWS,1,1,4783.41996,4783.41996,4783.41996,4783.41996,4783.41996,0.0,79.870224,92.59234,92.59234,0.333333,3,4833.44,50.02004,50.02004,50.02004,50.02004,False,False,False,False,False,prior_range_fraction::prev_range_0.382,4783.419960,3
4,2026-04-15,2026-04-14,L5,RANGE_NORMAL_60_120,CLOSE_POS_UPPER_THIRD,ROWS_STANDARD_9_10,REGIME_RANGE_CLOSE_ROWS,2,1,4795.43,4795.43,4795.43,4795.43,4795.43,0.0,77.696527,90.683668,90.683668,0.2,5,4833.44,38.01,38.01,38.01,38.01,False,False,False,False,False,prior_hlc::previous_mid,4795.430000,5
1,2026-04-15,2026-04-14,L6,RANGE_NORMAL_60_120,CLOSE_POS_UPPER_THIRD,ROWS_STANDARD_9_10,REGIME_RANGE_CLOSE_ROWS,2,2,4812.393367,4813.375,4812.884184,4812.884184,4812.884184,0.981633,89.516069,92.034321,184.068641,1.5,1,4795.98,-16.904184,16.904184,16.904184,16.904184,False,False,False,False,False,prior_range_fraction::prev_range_0.666667 | red_box_midline::red_mid_1,4812.393367 | 4813.375000,2 | 1
2,2026-04-15,2026-04-14,L6,RANGE_NORMAL_60_120,CLOSE_POS_UPPER_THIRD,ROWS_STANDARD_9_10,REGIME_RANGE_CLOSE_ROWS,1,2,4793.9575,4795.43,4794.69375,4794.69375,4794.69375,1.4725,81.462749,91.537728,183.075456,0.583333,3,4795.98,1.28625,1.28625,1.28625,1.28625,False,True,True,True,True,green_box_quarter::green_box_1_75pct | prior_hlc::previous_mid,4793.957500 | 4795.430000,4 | 3
3,2026-04-15,2026-04-14,L6,RANGE_NORMAL_60_120,CLOSE_POS_UPPER_THIRD,ROWS_STANDARD_9_10,REGIME_RANGE_CLOSE_ROWS,3,1,4826.9025,4826.9025,4826.9025,4826.9025,4826.9025,0.0,77.901816,91.037614,91.037614,0.2,5,4795.98,-30.9225,30.9225,30.9225,30.9225,False,False,False,False,False,green_box_quarter::green_box_2_25pct,4826.902500,5
1,2026-04-15,2026-04-14,L7,RANGE_NORMAL_60_120,CLOSE_POS_UPPER_THIRD,ROWS_STANDARD_9_10,REGIME_RANGE_CLOSE_ROWS,1,1,4757.2625,4757.2625,4757.2625,4757.2625,4757.2625,0.0,86.010351,93.983364,93.983364,1.0,1,4759.66,2.3975,2.3975,2.3975,2.3975,False,True,True,True,True,prior_range_fraction::prev_range_0.125,4757.262500,1
2,2026-04-15,2026-04-14,L7,RANGE_NORMAL_60_120,CLOSE_POS_UPPER_THIRD,ROWS_STANDARD_9_10,REGIME_RANGE_CLOSE_ROWS,2,1,4763.9575,4763.9575,4763.9575,4763.9575,4763.9575,0.0,80.645645,91.630423,91.630423,0.5,2,4759.66,-4.2975,4.2975,4.2975,4.2975,False,False,True,False,True,red_box_quarter::red_box_2_25pct,4763.957500,2
3,2026-04-15,2026-04-14,L7,RANGE_NORMAL_60_120,CLOSE_POS_UPPER_THIRD,ROWS_STANDARD_9_10,REGIME_RANGE_CLOSE_ROWS,5,1,4826.9025,4826.9025,4826.9025,4826.9025,4826.9025,0.0,78.806997,90.759191,90.759191,0.333333,3,4759.66,-67.2425,67.2425,67.2425,67.2425,False,False,False,False,False,green_box_quarter::green_box_2_25pct,4826.902500,3
4,2026-04-15,2026-04-14,L7,RANGE_NORMAL_60_120,CLOSE_POS_UPPER_THIRD,ROWS_STANDARD_9_10,REGIME_RANGE_CLOSE_ROWS,3,1,4769.985,4769.985,4769.985,4769.985,4769.985,0.0,77.232588,89.194118,89.194118,0.25,4,4759.66,-10.325,10.325,10.325,10.325,False,False,False,False,False,prior_range_fraction::prev_range_0.25,4769.985000,4
5,2026-04-15,2026-04-14,L7,RANGE_NORMAL_60_120,CLOSE_POS_UPPER_THIRD,ROWS_STANDARD_9_10,REGIME_RANGE_CLOSE_ROWS,4,1,4795.43,4795.43,4795.43,4795.43,4795.43,0.0,76.248324,88.186765,88.186765,0.2,5,4759.66,-35.77,35.77,35.77,35.77,False,False,False,False,False,prior_hlc::previous_mid,4795.430000,5
1,2026-04-16,2026-04-15,L4,RANGE_NORMAL_60_120,CLOSE_POS_LOWER_THIRD,ROWS_STANDARD_9_10,REGIME_RANGE_CLOSE_ROWS,1,1,4815.98,4815.98,4815.98,4815.98,4815.98,0.0,79.274037,89.265581,89.265581,0.5,2,4866.37,50.39,50.39,50.39,50.39,False,False,False,False,False,prior_hlc::previous_pivot_hlc3,4815.980000,2
2,2026-04-16,2026-04-15,L4,RANGE_NORMAL_60_120,CLOSE_POS_LOWER_THIRD,ROWS_STANDARD_9_10,REGIME_RANGE_CLOSE_ROWS,2,1,4829.125,4829.125,4829.125,4829.125,4829.125,0.0,76.554718,86.875951,86.875951,0.333333,3,4866.37,37.245,37.245,37.245,37.245,False,False,False,False,False,green_box_quarter::green_box_1_75pct,4829.125000,3
3,2026-04-16,2026-04-15,L4,RANGE_NORMAL_60_120,CLOSE_POS_LOWER_THIRD,ROWS_STANDARD_9_10,REGIME_RANGE_CLOSE_ROWS,3,3,4838.78272,4843.63,4841.20636,4841.68424,4842.64,4.84728,74.27869,69.731545,209.194636,1.45,1,4866.37,25.16364,25.16364,24.68576,23.73,False,False,False,False,False,prior_range_fraction::prev_range_0.618 | red_box_midline::red_mid_1 | green_box_edge::green_edge_1,4838.782720 | 4842.640000 | 4843.630000,4 | 5 | 1
1,2026-04-16,2026-04-15,L5,RANGE_NORMAL_60_120,CLOSE_POS_LOWER_THIRD,ROWS_STANDARD_9_10,REGIME_RANGE_CLOSE_ROWS,1,1,4799.125,4799.125,4799.125,4799.125,4799.125,0.0,86.119096,94.170856,94.170856,1.0,1,4833.82,34.695,34.695,34.695,34.695,False,False,False,False,False,red_box_quarter::red_box_2_25pct,4799.125000,1
2,2026-04-16,2026-04-15,L5,RANGE_NORMAL_60_120,CLOSE_POS_LOWER_THIRD,ROWS_STANDARD_9_10,REGIME_RANGE_CLOSE_ROWS,2,3,4814.62,4818.47728,4816.54864,4816.359093,4815.98,3.85728,78.499365,80.563973,241.691919,1.083333,2,4833.82,17.27136,17.27136,17.460907,17.84,False,False,False,False,False,green_box_midline::green_mid_1 | prior_hlc::previous_pivot_hlc3 | prior_range_fraction::prev_range_0.382,4814.620000 | 4815.980000 | 4818.477280,2 | 4 | 3
1,2026-04-16,2026-04-15,L6,RANGE_NORMAL_60_120,CLOSE_POS_LOWER_THIRD,ROWS_STANDARD_9_10,REGIME_RANGE_CLOSE_ROWS,3,2,4799.125,4800.115,4799.62,4799.62,4799.62,0.99,89.562817,92.127616,184.255231,1.5,1,4796.88,-2.74,2.74,2.74,2.74,False,True,True,True,True,red_box_quarter::red_box_2_25pct | green_box_quarter::green_box_1_25pct,4799.125000 | 4800.115000,2 | 1
2,2026-04-16,2026-04-15,L6,RANGE_NORMAL_60_120,CLOSE_POS_LOWER_THIRD,ROWS_STANDARD_9_10,REGIME_RANGE_CLOSE_ROWS,1,1,4755.61,4755.61,4755.61,4755.61,4755.61,0.0,36.802732,18.338043,18.338043,0.333333,3,4796.88,41.27,41.27,41.27,41.27,False,False,False,False,False,red_box_edge::red_edge_2,4755.610000,3
3,2026-04-16,2026-04-15,L6,RANGE_NORMAL_60_120,CLOSE_POS_LOWER_THIRD,ROWS_STANDARD_9_10,REGIME_RANGE_CLOSE_ROWS,2,1,4770.115,4770.115,4770.115,4770.115,4770.115,0.0,35.332182,16.952038,16.952038,0.25,4,4796.88,26.765,26.765,26.765,26.765,False,False,False,False,False,red_box_quarter::red_box_2_75pct,4770.115000,4
1,2026-04-16,2026-04-15,L7,RANGE_NORMAL_60_120,CLOSE_POS_LOWER_THIRD,ROWS_STANDARD_9_10,REGIME_RANGE_CLOSE_ROWS,1,1,4697.59,4697.59,4697.59,4697.59,4697.59,0.0,85.969197,93.912409,93.912409,1.0,1,4763.58,65.99,65.99,65.99,65.99,False,False,False,False,False,red_box_edge::red_edge_3,4697.590000,1
2,2026-04-16,2026-04-15,L7,RANGE_NORMAL_60_120,CLOSE_POS_LOWER_THIRD,ROWS_STANDARD_9_10,REGIME_RANGE_CLOSE_ROWS,3,1,4770.115,4770.115,4770.115,4770.115,4770.115,0.0,80.214168,90.886496,90.886496,0.5,2,4763.58,-6.535,6.535,6.535,6.535,False,False,False,False,False,red_box_quarter::red_box_2_75pct,4770.115000,2
3,2026-04-16,2026-04-15,L7,RANGE_NORMAL_60_120,CLOSE_POS_LOWER_THIRD,ROWS_STANDARD_9_10,REGIME_RANGE_CLOSE_ROWS,4,1,4785.61,4785.61,4785.61,4785.61,4785.61,0.0,56.005761,51.446715,51.446715,0.333333,3,4763.58,-22.03,22.03,22.03,22.03,False,False,False,False,False,prior_hlc::previous_low,4785.610000,3
4,2026-04-16,2026-04-15,L7,RANGE_NORMAL_60_120,CLOSE_POS_LOWER_THIRD,ROWS_STANDARD_9_10,REGIME_RANGE_CLOSE_ROWS,2,1,4726.6,4726.6,4726.6,4726.6,4726.6,0.0,48.56053,39.759535,39.759535,0.25,4,4763.58,36.98,36.98,36.98,36.98,False,False,False,False,False,red_box_midline::red_mid_3,4726.600000,4
1,2026-04-17,2026-04-16,L4,RANGE_NORMAL_60_120,CLOSE_POS_LOWER_THIRD,ROWS_STANDARD_9_10,REGIME_RANGE_CLOSE_ROWS,3,1,4820.245,4820.245,4820.245,4820.245,4820.245,0.0,84.784892,91.870504,91.870504,1.0,1,4859.83,39.585,39.585,39.585,39.585,False,False,False,False,False,green_box_edge::green_edge_1,4820.245000,1
2,2026-04-17,2026-04-16,L4,RANGE_NORMAL_60_120,CLOSE_POS_LOWER_THIRD,ROWS_STANDARD_9_10,REGIME_RANGE_CLOSE_ROWS,1,1,4800.423333,4800.423333,4800.423333,4800.423333,4800.423333,0.0,79.260793,89.242747,89.242747,0.5,2,4859.83,59.406667,59.406667,59.406667,59.406667,False,False,False,False,False,prior_hlc::previous_pivot_hlc3,4800.423333,2
3,2026-04-17,2026-04-16,L4,RANGE_NORMAL_60_120,CLOSE_POS_LOWER_THIRD,ROWS_STANDARD_9_10,REGIME_RANGE_CLOSE_ROWS,2,3,4808.20125,4814.3325,4811.266875,4811.86935,4813.0743,6.13125,66.830135,68.032705,204.098114,0.783333,3,4859.83,48.563125,48.563125,47.96065,46.7557,False,False,False,False,False,green_box_quarter::green_box_1_75pct | prior_range_fraction::prev_range_0.618 | red_box_midline::red_mid_1,4808.201250 | 4813.074300 | 4814.332500,3 | 4 | 5
1,2026-04-17,2026-04-16,L5,RANGE_NORMAL_60_120,CLOSE_POS_LOWER_THIRD,ROWS_STANDARD_9_10,REGIME_RANGE_CLOSE_ROWS,1,1,4778.20125,4778.20125,4778.20125,4778.20125,4778.20125,0.0,86.094423,94.128316,94.128316,1.0,1,4822.32,44.11875,44.11875,44.11875,44.11875,False,False,False,False,False,red_box_quarter::red_box_2_25pct,4778.201250,1
2,2026-04-17,2026-04-16,L5,RANGE_NORMAL_60_120,CLOSE_POS_LOWER_THIRD,ROWS_STANDARD_9_10,REGIME_RANGE_CLOSE_ROWS,2,3,4796.1575,4800.423333,4798.290416,4797.998844,4797.4157,4.265833,78.128348,80.544163,241.632489,1.083333,2,4822.32,24.029583,24.029583,24.321156,24.9043,False,False,False,False,False,green_box_midline::green_mid_1 | prior_range_fraction::prev_range_0.382 | prior_hlc::previous_pivot_hlc3,4796.157500 | 4797.415700 | 4800.423333,2 | 3 | 4
3,2026-04-17,2026-04-16,L5,RANGE_NORMAL_60_120,CLOSE_POS_LOWER_THIRD,ROWS_STANDARD_9_10,REGIME_RANGE_CLOSE_ROWS,3,1,4808.20125,4808.20125,4808.20125,4808.20125,4808.20125,0.0,47.58225,38.7625,38.7625,0.2,5,4822.32,14.11875,14.11875,14.11875,14.11875,False,False,False,False,False,green_box_quarter::green_box_1_75pct,4808.201250,5
1,2026-04-17,2026-04-16,L6,RANGE_NORMAL_60_120,CLOSE_POS_LOWER_THIRD,ROWS_STANDARD_9_10,REGIME_RANGE_CLOSE_ROWS,3,3,4778.20125,4784.11375,4781.1575,4780.892917,4780.36375,5.9125,89.596422,92.470268,277.410803,1.833333,1,4789.02,7.8625,7.8625,8.127083,8.65625,False,False,False,False,True,red_box_quarter::red_box_2_25pct | prior_range_fraction::prev_range_0.125 | green_box_quarter::green_box_1_25pct,4778.201250 | 4780.363750 | 4784.113750,3 | 2 | 1
2,2026-04-17,2026-04-16,L6,RANGE_NORMAL_60_120,CLOSE_POS_LOWER_THIRD,ROWS_STANDARD_9_10,REGIME_RANGE_CLOSE_ROWS,1,1,4742.07,4742.07,4742.07,4742.07,4742.07,0.0,36.111392,18.295504,18.295504,0.25,4,4789.02,46.95,46.95,46.95,46.95,False,False,False,False,False,red_box_edge::red_edge_2,4742.070000,4
3,2026-04-17,2026-04-16,L6,RANGE_NORMAL_60_120,CLOSE_POS_LOWER_THIRD,ROWS_STANDARD_9_10,REGIME_RANGE_CLOSE_ROWS,2,1,4754.11375,4754.11375,4754.11375,4754.11375,4754.11375,0.0,34.918938,16.929204,16.929204,0.2,5,4789.02,34.90625,34.90625,34.90625,34.90625,False,False,False,False,False,red_box_quarter::red_box_2_75pct,4754.113750,5
1,2026-04-17,2026-04-16,L7,RANGE_NORMAL_60_120,CLOSE_POS_LOWER_THIRD,ROWS_STANDARD_9_10,REGIME_RANGE_CLOSE_ROWS,1,1,4693.895,4693.895,4693.895,4693.895,4693.895,0.0,85.944348,93.869565,93.869565,1.0,1,4747.74,53.845,53.845,53.845,53.845,False,False,False,False,False,red_box_edge::red_edge_3,4693.895000,1
2,2026-04-17,2026-04-16,L7,RANGE_NORMAL_60_120,CLOSE_POS_LOWER_THIRD,ROWS_STANDARD_9_10,REGIME_RANGE_CLOSE_ROWS,3,1,4754.11375,4754.11375,4754.11375,4754.11375,4754.11375,0.0,59.693625,55.50625,55.50625,0.5,2,4747.74,-6.37375,6.37375,6.37375,6.37375,False,False,False,False,False,red_box_quarter::red_box_2_75pct,4754.113750,2
3,2026-04-17,2026-04-16,L7,RANGE_NORMAL_60_120,CLOSE_POS_LOWER_THIRD,ROWS_STANDARD_9_10,REGIME_RANGE_CLOSE_ROWS,4,1,4772.07,4772.07,4772.07,4772.07,4772.07,0.0,55.993797,51.426087,51.426087,0.333333,3,4747.74,-24.33,24.33,24.33,24.33,False,False,False,False,False,prior_hlc::previous_low,4772.070000,3
4,2026-04-17,2026-04-16,L7,RANGE_NORMAL_60_120,CLOSE_POS_LOWER_THIRD,ROWS_STANDARD_9_10,REGIME_RANGE_CLOSE_ROWS,2,1,4717.9825,4717.9825,4717.9825,4717.9825,4717.9825,0.0,48.547277,39.736685,39.736685,0.25,4,4747.74,29.7575,29.7575,29.7575,29.7575,False,False,False,False,False,red_box_midline::red_mid_3,4717.982500,4
1,2026-04-20,2026-04-17,L4,RANGE_WIDE_120_220,CLOSE_POS_MIDDLE_THIRD,ROWS_STANDARD_9_10,REGIME_RANGE_CLOSE_ROWS,4,1,4876.095,4876.095,4876.095,4876.095,4876.095,0.0,85.398313,92.928125,92.928125,1.0,1,4884.09,7.995,7.995,7.995,7.995,False,False,False,False,False,prior_range_fraction::prev_range_0.875,4876.095000,1
2,2026-04-20,2026-04-17,L4,RANGE_WIDE_120_220,CLOSE_POS_MIDDLE_THIRD,ROWS_STANDARD_9_10,REGIME_RANGE_CLOSE_ROWS,1,1,4814.52,4814.52,4814.52,4814.52,4814.52,0.0,79.952714,90.435714,90.435714,0.5,2,4884.09,69.57,69.57,69.57,69.57,False,False,False,False,False,red_box_edge::red_edge_1,4814.520000,2
3,2026-04-20,2026-04-17,L4,RANGE_WIDE_120_220,CLOSE_POS_MIDDLE_THIRD,ROWS_STANDARD_9_10,REGIME_RANGE_CLOSE_ROWS,3,1,4860.57,4860.57,4860.57,4860.57,4860.57,0.0,75.472536,85.010119,85.010119,0.333333,3,4884.09,23.52,23.52,23.52,23.52,False,False,False,False,False,prior_range_fraction::prev_range_0.75,4860.570000,3
4,2026-04-20,2026-04-17,L4,RANGE_WIDE_120_220,CLOSE_POS_MIDDLE_THIRD,ROWS_STANDARD_9_10,REGIME_RANGE_CLOSE_ROWS,5,1,4902.345,4902.345,4902.345,4902.345,4902.345,0.0,55.153795,51.127232,51.127232,0.25,4,4884.09,-18.255,18.255,18.255,18.255,False,False,False,False,False,green_box_quarter::green_box_2_75pct,4902.345000,4
5,2026-04-20,2026-04-17,L4,RANGE_WIDE_120_220,CLOSE_POS_MIDDLE_THIRD,ROWS_STANDARD_9_10,REGIME_RANGE_CLOSE_ROWS,2,1,4829.52,4829.52,4829.52,4829.52,4829.52,0.0,46.26275,36.4875,36.4875,0.2,5,4884.09,54.57,54.57,54.57,54.57,False,False,False,False,False,prior_hlc::previous_mid,4829.520000,5
1,2026-04-20,2026-04-17,L5,RANGE_WIDE_120_220,CLOSE_POS_MIDDLE_THIRD,ROWS_STANDARD_9_10,REGIME_RANGE_CLOSE_ROWS,1,3,4825.245,4833.795,4829.52,4829.52,4829.52,8.55,83.744664,90.520685,271.562054,1.533333,1,4846.45,16.93,16.93,16.93,16.93,False,False,False,False,False,green_box_quarter::green_box_1_75pct | prior_hlc::previous_mid | red_box_quarter::red_box_1_75pct,4825.245000 | 4829.520000 | 4833.795000,5 | 1 | 3
2,2026-04-20,2026-04-17,L5,RANGE_WIDE_120_220,CLOSE_POS_MIDDLE_THIRD,ROWS_STANDARD_9_10,REGIME_RANGE_CLOSE_ROWS,2,1,4853.07,4853.07,4853.07,4853.07,4853.07,0.0,79.870375,90.29375,90.29375,0.5,2,4846.45,-6.62,6.62,6.62,6.62,False,False,False,False,False,red_box_midline::red_mid_1,4853.070000,2
3,2026-04-20,2026-04-17,L5,RANGE_WIDE_120_220,CLOSE_POS_MIDDLE_THIRD,ROWS_STANDARD_9_10,REGIME_RANGE_CLOSE_ROWS,3,1,4876.095,4876.095,4876.095,4876.095,4876.095,0.0,77.628795,89.877232,89.877232,0.25,4,4846.45,-29.645,29.645,29.645,29.645,False,False,False,False,False,prior_range_fraction::prev_range_0.875,4876.095000,4
1,2026-04-20,2026-04-17,L6,RANGE_WIDE_120_220,CLOSE_POS_MIDDLE_THIRD,ROWS_STANDARD_9_10,REGIME_RANGE_CLOSE_ROWS,1,1,4795.245,4795.245,4795.245,4795.245,4795.245,0.0,85.883286,93.764286,93.764286,1.0,1,4808.63,13.385,13.385,13.385,13.385,False,False,False,False,False,red_box_quarter::red_box_2_25pct,4795.245000,1
2,2026-04-20,2026-04-17,L6,RANGE_WIDE_120_220,CLOSE_POS_MIDDLE_THIRD,ROWS_STANDARD_9_10,REGIME_RANGE_CLOSE_ROWS,3,1,4830.486667,4830.486667,4830.486667,4830.486667,4830.486667,0.0,81.111333,92.433332,92.433332,0.5,2,4808.63,-21.856667,21.856667,21.856667,21.856667,False,False,False,False,False,prior_hlc::previous_pivot_hlc3,4830.486667,2
3,2026-04-20,2026-04-17,L6,RANGE_WIDE_120_220,CLOSE_POS_MIDDLE_THIRD,ROWS_STANDARD_9_10,REGIME_RANGE_CLOSE_ROWS,5,1,4863.795,4863.795,4863.795,4863.795,4863.795,0.0,77.841042,89.09375,89.09375,0.333333,3,4808.63,-55.165,55.165,55.165,55.165,False,False,False,False,False,green_box_quarter::green_box_2_25pct,4863.795000,3
4,2026-04-20,2026-04-17,L6,RANGE_WIDE_120_220,CLOSE_POS_MIDDLE_THIRD,ROWS_STANDARD_9_10,REGIME_RANGE_CLOSE_ROWS,2,1,4814.8644,4814.8644,4814.8644,4814.8644,4814.8644,0.0,69.088081,75.151864,75.151864,0.25,4,4808.63,-6.2344,6.2344,6.2344,6.2344,False,False,False,False,False,prior_range_fraction::prev_range_0.382,4814.864400,4
5,2026-04-20,2026-04-17,L6,RANGE_WIDE_120_220,CLOSE_POS_MIDDLE_THIRD,ROWS_STANDARD_9_10,REGIME_RANGE_CLOSE_ROWS,4,1,4844.1756,4844.1756,4844.1756,4844.1756,4844.1756,0.0,64.72184,68.313517,68.313517,0.2,5,4808.63,-35.5456,35.5456,35.5456,35.5456,False,False,False,False,False,prior_range_fraction::prev_range_0.618,4844.175600,5
1,2026-04-20,2026-04-17,L7,RANGE_WIDE_120_220,CLOSE_POS_MIDDLE_THIRD,ROWS_STANDARD_9_10,REGIME_RANGE_CLOSE_ROWS,3,2,4814.52,4814.8644,4814.6922,4814.6922,4814.6922,0.3444,88.574979,91.743766,183.487532,1.333333,1,4772.29,-42.4022,42.4022,42.4022,42.4022,False,False,False,False,False,red_box_edge::red_edge_1 | prior_range_fraction::prev_range_0.382,4814.520000 | 4814.864400,3 | 1
2,2026-04-20,2026-04-17,L7,RANGE_WIDE_120_220,CLOSE_POS_MIDDLE_THIRD,ROWS_STANDARD_9_10,REGIME_RANGE_CLOSE_ROWS,2,1,4786.695,4786.695,4786.695,4786.695,4786.695,0.0,80.650493,91.638781,91.638781,0.5,2,4772.29,-14.405,14.405,14.405,14.405,False,False,False,False,False,green_box_quarter::green_box_1_25pct,4786.695000,2
3,2026-04-20,2026-04-17,L7,RANGE_WIDE_120_220,CLOSE_POS_MIDDLE_THIRD,ROWS_STANDARD_9_10,REGIME_RANGE_CLOSE_ROWS,4,1,4833.795,4833.795,4833.795,4833.795,4833.795,0.0,74.71313,84.850225,84.850225,0.25,4,4772.29,-61.505,61.505,61.505,61.505,False,False,False,False,False,red_box_quarter::red_box_1_75pct,4833.795000,4
4,2026-04-20,2026-04-17,L7,RANGE_WIDE_120_220,CLOSE_POS_MIDDLE_THIRD,ROWS_STANDARD_9_10,REGIME_RANGE_CLOSE_ROWS,1,1,4767.42,4767.42,4767.42,4767.42,4767.42,0.0,74.274925,84.784353,84.784353,0.2,5,4772.29,4.87,4.87,4.87,4.87,False,False,True,False,True,prior_hlc::previous_low,4767.420000,5
1,2026-04-21,2026-04-20,L4,RANGE_NORMAL_60_120,CLOSE_POS_UPPER_THIRD,ROWS_STANDARD_9_10,REGIME_RANGE_CLOSE_ROWS,1,1,4797.42003,4797.42003,4797.42003,4797.42003,4797.42003,0.0,84.007624,90.530387,90.530387,1.0,1,4875.42,77.99997,77.99997,77.99997,77.99997,False,False,False,False,False,prior_range_fraction::prev_range_0.666667,4797.420030,1
2,2026-04-21,2026-04-20,L4,RANGE_NORMAL_60_120,CLOSE_POS_UPPER_THIRD,ROWS_STANDARD_9_10,REGIME_RANGE_CLOSE_ROWS,3,1,4812.5325,4812.5325,4812.5325,4812.5325,4812.5325,0.0,77.172565,85.642354,85.642354,0.5,2,4875.42,62.8875,62.8875,62.8875,62.8875,False,False,False,False,False,red_box_quarter::red_box_1_25pct,4812.532500,2
3,2026-04-21,2026-04-20,L4,RANGE_NORMAL_60_120,CLOSE_POS_UPPER_THIRD,ROWS_STANDARD_9_10,REGIME_RANGE_CLOSE_ROWS,2,1,4804.965,4804.965,4804.965,4804.965,4804.965,0.0,72.986087,80.723138,80.723138,0.333333,3,4875.42,70.455,70.455,70.455,70.455,False,False,False,False,False,prior_range_fraction::prev_range_0.75,4804.965000,3
4,2026-04-21,2026-04-20,L4,RANGE_NORMAL_60_120,CLOSE_POS_UPPER_THIRD,ROWS_STANDARD_9_10,REGIME_RANGE_CLOSE_ROWS,4,1,4827.465,4827.465,4827.465,4827.465,4827.465,0.0,71.181762,78.761658,78.761658,0.25,4,4875.42,47.955,47.955,47.955,47.955,False,False,False,False,False,green_box_midline::green_mid_2,4827.465000,4
5,2026-04-21,2026-04-20,L4,RANGE_NORMAL_60_120,CLOSE_POS_UPPER_THIRD,ROWS_STANDARD_9_10,REGIME_RANGE_CLOSE_ROWS,5,1,4842.5325,4842.5325,4842.5325,4842.5325,4842.5325,0.0,48.275891,39.958433,39.958433,0.2,5,4875.42,32.8875,32.8875,32.8875,32.8875,False,False,False,False,False,green_box_quarter::green_box_2_75pct,4842.532500,5
1,2026-04-21,2026-04-20,L5,RANGE_NORMAL_60_120,CLOSE_POS_UPPER_THIRD,ROWS_STANDARD_9_10,REGIME_RANGE_CLOSE_ROWS,3,3,4812.3975,4816.2825,4814.34,4813.7375,4812.5325,3.885,89.505784,93.37572,280.127161,1.533333,1,4831.95,17.61,17.61,18.2125,19.4175,False,False,False,False,False,green_box_quarter::green_box_2_25pct | red_box_quarter::red_box_1_25pct | prior_range_fraction::prev_range_0.875,4812.397500 | 4812.532500 | 4816.282500,5 | 3 | 1
2,2026-04-21,2026-04-20,L5,RANGE_NORMAL_60_120,CLOSE_POS_UPPER_THIRD,ROWS_STANDARD_9_10,REGIME_RANGE_CLOSE_ROWS,2,1,4797.33,4797.33,4797.33,4797.33,4797.33,0.0,81.808053,93.634574,93.634574,0.5,2,4831.95,34.62,34.62,34.62,34.62,False,False,False,False,False,green_box_edge::green_edge_1,4797.330000,2
3,2026-04-21,2026-04-20,L5,RANGE_NORMAL_60_120,CLOSE_POS_UPPER_THIRD,ROWS_STANDARD_9_10,REGIME_RANGE_CLOSE_ROWS,1,1,4771.64628,4771.64628,4771.64628,4771.64628,4771.64628,0.0,79.127893,92.461885,92.461885,0.25,4,4831.95,60.30372,60.30372,60.30372,60.30372,False,False,False,False,False,prior_range_fraction::prev_range_0.382,4771.646280,4
1,2026-04-21,2026-04-20,L6,RANGE_NORMAL_60_120,CLOSE_POS_UPPER_THIRD,ROWS_STANDARD_9_10,REGIME_RANGE_CLOSE_ROWS,1,2,4782.2625,4782.33,4782.29625,4782.29625,4782.29625,0.0675,89.005971,93.216156,186.432313,1.25,1,4784.68,2.38375,2.38375,2.38375,2.38375,False,True,True,True,True,green_box_quarter::green_box_1_75pct | prior_hlc::previous_mid,4782.262500 | 4782.330000,4 | 1
2,2026-04-21,2026-04-20,L6,RANGE_NORMAL_60_120,CLOSE_POS_UPPER_THIRD,ROWS_STANDARD_9_10,REGIME_RANGE_CLOSE_ROWS,2,2,4797.42003,4797.465,4797.442515,4797.442515,4797.442515,0.04497,84.942504,91.923123,183.846246,0.833333,2,4784.68,-12.762515,12.762515,12.762515,12.762515,False,False,False,False,False,prior_range_fraction::prev_range_0.666667 | red_box_midline::red_mid_1,4797.420030 | 4797.465000,3 | 2
3,2026-04-21,2026-04-20,L6,RANGE_NORMAL_60_120,CLOSE_POS_UPPER_THIRD,ROWS_STANDARD_9_10,REGIME_RANGE_CLOSE_ROWS,3,1,4812.3975,4812.3975,4812.3975,4812.3975,4812.3975,0.0,77.850653,90.949402,90.949402,0.2,5,4784.68,-27.7175,27.7175,27.7175,27.7175,False,False,False,False,False,green_box_quarter::green_box_2_25pct,4812.397500,5
1,2026-04-21,2026-04-20,L7,RANGE_NORMAL_60_120,CLOSE_POS_UPPER_THIRD,ROWS_STANDARD_9_10,REGIME_RANGE_CLOSE_ROWS,1,3,4748.3775,4752.2625,4750.32,4750.9225,4752.1275,3.885,91.454443,92.597545,277.792634,1.833333,1,4743.45,-6.87,6.87,7.4725,8.6775,False,False,False,False,True,prior_range_fraction::prev_range_0.125 | green_box_quarter::green_box_1_25pct | red_box_quarter::red_box_2_25pct,4748.377500 | 4752.127500 | 4752.262500,1 | 2 | 3
2,2026-04-21,2026-04-20,L7,RANGE_NORMAL_60_120,CLOSE_POS_UPPER_THIRD,ROWS_STANDARD_9_10,REGIME_RANGE_CLOSE_ROWS,3,1,4812.3975,4812.3975,4812.3975,4812.3975,4812.3975,0.0,78.097196,90.684821,90.684821,0.25,4,4743.45,-68.9475,68.9475,68.9475,68.9475,False,False,False,False,False,green_box_quarter::green_box_2_25pct,4812.397500,4
3,2026-04-21,2026-04-20,L7,RANGE_NORMAL_60_120,CLOSE_POS_UPPER_THIRD,ROWS_STANDARD_9_10,REGIME_RANGE_CLOSE_ROWS,2,1,4759.695,4759.695,4759.695,4759.695,4759.695,0.0,76.782143,89.107143,89.107143,0.2,5,4743.45,-16.245,16.245,16.245,16.245,False,False,False,False,False,prior_range_fraction::prev_range_0.25,4759.695000,5
1,2026-04-22,2026-04-21,L4,RANGE_WIDE_120_220,CLOSE_POS_LOWER_THIRD,ROWS_STANDARD_9_10,REGIME_RANGE_CLOSE_ROWS,1,1,4731.44124,4731.44124,4731.44124,4731.44124,4731.44124,0.0,85.093453,92.402505,92.402505,1.0,1,4780.53,49.08876,49.08876,49.08876,49.08876,False,False,False,False,False,prior_range_fraction::prev_range_0.382,4731.441240,1
2,2026-04-22,2026-04-21,L4,RANGE_WIDE_120_220,CLOSE_POS_LOWER_THIRD,ROWS_STANDARD_9_10,REGIME_RANGE_CLOSE_ROWS,4,1,4770.33876,4770.33876,4770.33876,4770.33876,4770.33876,0.0,80.627907,91.599839,91.599839,0.5,2,4780.53,10.19124,10.19124,10.19124,10.19124,False,False,False,False,False,prior_range_fraction::prev_range_0.618,4770.338760,2
3,2026-04-22,2026-04-21,L4,RANGE_WIDE_120_220,CLOSE_POS_LOWER_THIRD,ROWS_STANDARD_9_10,REGIME_RANGE_CLOSE_ROWS,2,1,4741.5375,4741.5375,4741.5375,4741.5375,4741.5375,0.0,73.488319,81.589055,81.589055,0.333333,3,4780.53,38.9925,38.9925,38.9925,38.9925,False,False,False,False,False,green_box_quarter::green_box_1_75pct,4741.537500,3
4,2026-04-22,2026-04-21,L4,RANGE_WIDE_120_220,CLOSE_POS_LOWER_THIRD,ROWS_STANDARD_9_10,REGIME_RANGE_CLOSE_ROWS,3,1,4760.2425,4760.2425,4760.2425,4760.2425,4760.2425,0.0,48.00063,38.79419,38.79419,0.25,4,4780.53,20.2875,20.2875,20.2875,20.2875,False,False,False,False,False,red_box_quarter::red_box_1_75pct,4760.242500,4
1,2026-04-22,2026-04-21,L5,RANGE_WIDE_120_220,CLOSE_POS_LOWER_THIRD,ROWS_STANDARD_9_10,REGIME_RANGE_CLOSE_ROWS,3,2,4735.89,4740.613333,4738.251667,4738.251667,4738.251667,4.723333,80.945654,85.233656,170.467312,1.333333,1,4740.11,1.858333,1.858333,1.858333,1.858333,True,True,True,True,True,red_box_edge::red_edge_1 | prior_hlc::previous_pivot_hlc3,4735.890000 | 4740.613333,3 | 1
2,2026-04-22,2026-04-21,L5,RANGE_WIDE_120_220,CLOSE_POS_LOWER_THIRD,ROWS_STANDARD_9_10,REGIME_RANGE_CLOSE_ROWS,2,1,4720.06,4720.06,4720.06,4720.06,4720.06,0.0,80.74206,91.796655,91.796655,0.5,2,4740.11,20.05,20.05,20.05,20.05,False,False,False,False,False,prior_hlc::previous_close,4720.060000,2
3,2026-04-22,2026-04-21,L5,RANGE_WIDE_120_220,CLOSE_POS_LOWER_THIRD,ROWS_STANDARD_9_10,REGIME_RANGE_CLOSE_ROWS,1,1,4709.685,4709.685,4709.685,4709.685,4709.685,0.0,58.072131,56.158847,56.158847,0.25,4,4740.11,30.425,30.425,30.425,30.425,False,False,False,False,False,prior_range_fraction::prev_range_0.25,4709.685000,4
1,2026-04-22,2026-04-21,L6,RANGE_WIDE_120_220,CLOSE_POS_LOWER_THIRD,ROWS_STANDARD_9_10,REGIME_RANGE_CLOSE_ROWS,1,1,4662.8325,4662.8325,4662.8325,4662.8325,4662.8325,0.0,85.590131,93.258847,93.258847,1.0,1,4694.87,32.0375,32.0375,32.0375,32.0375,False,False,False,False,False,red_box_quarter::red_box_2_75pct,4662.832500,1
2,2026-04-22,2026-04-21,L6,RANGE_WIDE_120_220,CLOSE_POS_LOWER_THIRD,ROWS_STANDARD_9_10,REGIME_RANGE_CLOSE_ROWS,3,1,4687.185,4687.185,4687.185,4687.185,4687.185,0.0,79.327953,89.358539,89.358539,0.5,2,4694.87,7.685,7.685,7.685,7.685,False,False,False,False,False,red_box_midline::red_mid_2,4687.185000,2
3,2026-04-22,2026-04-21,L6,RANGE_WIDE_120_220,CLOSE_POS_LOWER_THIRD,ROWS_STANDARD_9_10,REGIME_RANGE_CLOSE_ROWS,2,1,4668.48,4668.48,4668.48,4668.48,4668.48,0.0,68.47331,72.942488,72.942488,0.333333,3,4694.87,26.39,26.39,26.39,26.39,False,False,False,False,False,prior_hlc::previous_low,4668.480000,3
4,2026-04-22,2026-04-21,L6,RANGE_WIDE_120_220,CLOSE_POS_LOWER_THIRD,ROWS_STANDARD_9_10,REGIME_RANGE_CLOSE_ROWS,4,1,4709.685,4709.685,4709.685,4709.685,4709.685,0.0,35.36388,17.00669,17.00669,0.25,4,4694.87,-14.815,14.815,14.815,14.815,False,False,False,False,False,prior_range_fraction::prev_range_0.25,4709.685000,4
1,2026-04-22,2026-04-21,L7,RANGE_WIDE_120_220,CLOSE_POS_LOWER_THIRD,ROWS_STANDARD_9_10,REGIME_RANGE_CLOSE_ROWS,2,1,4638.48,4638.48,4638.48,4638.48,4638.48,0.0,64.393867,56.713564,56.713564,1.0,1,4636.73,-1.75,1.75,1.75,1.75,False,True,True,True,True,red_box_edge::red_edge_2,4638.480000,1
2,2026-04-22,2026-04-21,L7,RANGE_WIDE_120_220,CLOSE_POS_LOWER_THIRD,ROWS_STANDARD_9_10,REGIME_RANGE_CLOSE_ROWS,1,1,4614.1275,4614.1275,4614.1275,4614.1275,4614.1275,0.0,38.643365,19.212699,19.212699,0.5,2,4636.73,22.6025,22.6025,22.6025,22.6025,False,False,False,False,False,red_box_quarter::red_box_3_25pct,4614.127500,2
3,2026-04-22,2026-04-21,L7,RANGE_WIDE_120_220,CLOSE_POS_LOWER_THIRD,ROWS_STANDARD_9_10,REGIME_RANGE_CLOSE_ROWS,3,1,4668.48,4668.48,4668.48,4668.48,4668.48,0.0,30.097092,6.776596,6.776596,0.333333,3,4636.73,-31.75,31.75,31.75,31.75,False,False,False,False,False,prior_hlc::previous_low,4668.480000,3
1,2026-04-23,2026-04-22,L4,RANGE_COMPRESSED_0_60,CLOSE_POS_MIDDLE_THIRD,ROWS_EXTENDED_11_PLUS,REGIME_RANGE_CLOSE,1,2,4750.66,4750.67296,4750.66648,4750.66648,4750.66648,0.01296,85.955343,88.563357,177.126715,1.2,1,4873.73,123.06352,123.06352,123.06352,123.06352,False,False,False,False,False,red_box_midline::red_mid_1 | prior_range_fraction::prev_range_0.618,4750.660000 | 4750.672960,5 | 1
2,2026-04-23,2026-04-22,L4,RANGE_COMPRESSED_0_60,CLOSE_POS_MIDDLE_THIRD,ROWS_EXTENDED_11_PLUS,REGIME_RANGE_CLOSE,2,2,4761.5,4765.25,4763.375,4763.375,4763.375,3.75,79.114915,88.646405,177.29281,0.75,2,4873.73,110.355,110.355,110.355,110.355,False,False,False,False,False,red_box_quarter::red_box_1_25pct | prior_range_fraction::prev_range_0.875,4761.500000 | 4765.250000,4 | 2
3,2026-04-23,2026-04-22,L4,RANGE_COMPRESSED_0_60,CLOSE_POS_MIDDLE_THIRD,ROWS_EXTENDED_11_PLUS,REGIME_RANGE_CLOSE,3,1,4772.34,4772.34,4772.34,4772.34,4772.34,0.0,77.4701,88.454196,88.454196,0.333333,3,4873.73,101.39,101.39,101.39,101.39,False,False,False,False,False,prior_hlc::previous_high,4772.340000,3
1,2026-04-23,2026-04-22,L5,RANGE_COMPRESSED_0_60,CLOSE_POS_MIDDLE_THIRD,ROWS_EXTENDED_11_PLUS,REGIME_RANGE_CLOSE,2,1,4728.98,4728.98,4728.98,4728.98,4728.98,0.0,84.234218,90.921066,90.921066,1.0,1,4832.75,103.77,103.77,103.77,103.77,False,False,False,False,False,red_box_edge::red_edge_1,4728.980000,1
2,2026-04-23,2026-04-22,L5,RANGE_COMPRESSED_0_60,CLOSE_POS_MIDDLE_THIRD,ROWS_EXTENDED_11_PLUS,REGIME_RANGE_CLOSE,1,1,4718.14,4718.14,4718.14,4718.14,4718.14,0.0,80.085511,90.664674,90.664674,0.5,2,4832.75,114.61,114.61,114.61,114.61,False,False,False,False,False,red_box_quarter::red_box_2_25pct,4718.140000,2
3,2026-04-23,2026-04-22,L5,RANGE_COMPRESSED_0_60,CLOSE_POS_MIDDLE_THIRD,ROWS_EXTENDED_11_PLUS,REGIME_RANGE_CLOSE,5,1,4758.16,4758.16,4758.16,4758.16,4758.16,0.0,78.015929,89.39528,89.39528,0.333333,3,4832.75,74.59,74.59,74.59,74.59,False,False,False,False,False,prior_range_fraction::prev_range_0.75,4758.160000,3
4,2026-04-23,2026-04-22,L5,RANGE_COMPRESSED_0_60,CLOSE_POS_MIDDLE_THIRD,ROWS_EXTENDED_11_PLUS,REGIME_RANGE_CLOSE,4,1,4739.82,4739.82,4739.82,4739.82,4739.82,0.0,77.267408,89.254152,89.254152,0.25,4,4832.75,92.93,92.93,92.93,92.93,False,False,False,False,False,red_box_quarter::red_box_1_75pct,4739.820000,4
5,2026-04-23,2026-04-22,L5,RANGE_COMPRESSED_0_60,CLOSE_POS_MIDDLE_THIRD,ROWS_EXTENDED_11_PLUS,REGIME_RANGE_CLOSE,3,1,4734.526648,4734.526648,4734.526648,4734.526648,4734.526648,0.0,76.811875,89.158406,89.158406,0.2,5,4832.75,98.223352,98.223352,98.223352,98.223352,False,False,False,False,False,prior_range_fraction::prev_range_0.333333,4734.526648,5
1,2026-04-23,2026-04-22,L6,RANGE_COMPRESSED_0_60,CLOSE_POS_MIDDLE_THIRD,ROWS_EXTENDED_11_PLUS,REGIME_RANGE_CLOSE,2,1,4696.46,4696.46,4696.46,4696.46,4696.46,0.0,82.852105,88.538112,88.538112,1.0,1,4783.45,86.99,86.99,86.99,86.99,False,False,False,False,False,red_box_quarter::red_box_2_75pct,4696.460000,1
2,2026-04-23,2026-04-22,L6,RANGE_COMPRESSED_0_60,CLOSE_POS_MIDDLE_THIRD,ROWS_EXTENDED_11_PLUS,REGIME_RANGE_CLOSE,3,1,4707.3,4707.3,4707.3,4707.3,4707.3,0.0,73.686322,81.930441,81.930441,0.333333,3,4783.45,76.15,76.15,76.15,76.15,False,False,False,False,False,red_box_midline::red_mid_2,4707.300000,3
3,2026-04-23,2026-04-22,L6,RANGE_COMPRESSED_0_60,CLOSE_POS_MIDDLE_THIRD,ROWS_EXTENDED_11_PLUS,REGIME_RANGE_CLOSE,1,1,4685.62,4685.62,4685.62,4685.62,4685.62,0.0,68.966184,74.941696,74.941696,0.25,4,4783.45,97.83,97.83,97.83,97.83,False,False,False,False,False,red_box_edge::red_edge_2,4685.620000,4
4,2026-04-23,2026-04-22,L6,RANGE_COMPRESSED_0_60,CLOSE_POS_MIDDLE_THIRD,ROWS_EXTENDED_11_PLUS,REGIME_RANGE_CLOSE,4,2,4715.62,4718.14,4716.88,4716.88,4716.88,2.52,63.95436,61.330966,122.661932,0.7,2,4783.45,66.57,66.57,66.57,66.57,False,False,False,False,False,prior_hlc::previous_low | red_box_quarter::red_box_2_25pct,4715.620000 | 4718.140000,2 | 5
1,2026-04-23,2026-04-22,L7,RANGE_COMPRESSED_0_60,CLOSE_POS_MIDDLE_THIRD,ROWS_EXTENDED_11_PLUS,REGIME_RANGE_CLOSE,1,1,4631.42,4631.42,4631.42,4631.42,4631.42,0.0,82.553428,88.023151,88.023151,1.0,1,4740.92,109.5,109.5,109.5,109.5,False,False,False,False,False,red_box_quarter::red_box_4_25pct,4631.420000,1
2,2026-04-23,2026-04-22,L7,RANGE_COMPRESSED_0_60,CLOSE_POS_MIDDLE_THIRD,ROWS_EXTENDED_11_PLUS,REGIME_RANGE_CLOSE,2,1,4653.1,4653.1,4653.1,4653.1,4653.1,0.0,77.166406,85.631734,85.631734,0.5,2,4740.92,87.82,87.82,87.82,87.82,False,False,False,False,False,red_box_quarter::red_box_3_75pct,4653.100000,2
3,2026-04-23,2026-04-22,L7,RANGE_COMPRESSED_0_60,CLOSE_POS_MIDDLE_THIRD,ROWS_EXTENDED_11_PLUS,REGIME_RANGE_CLOSE,3,1,4674.78,4674.78,4674.78,4674.78,4674.78,0.0,68.623483,73.201408,73.201408,0.333333,3,4740.92,66.14,66.14,66.14,66.14,False,False,False,False,False,red_box_quarter::red_box_3_25pct,4674.780000,3
4,2026-04-23,2026-04-22,L7,RANGE_COMPRESSED_0_60,CLOSE_POS_MIDDLE_THIRD,ROWS_EXTENDED_11_PLUS,REGIME_RANGE_CLOSE,4,1,4685.62,4685.62,4685.62,4685.62,4685.62,0.0,62.584158,63.938204,63.938204,0.25,4,4740.92,55.3,55.3,55.3,55.3,False,False,False,False,False,red_box_edge::red_edge_2,4685.620000,4
1,2026-04-24,2026-04-23,L4,RANGE_NORMAL_60_120,CLOSE_POS_MIDDLE_THIRD,ROWS_STANDARD_9_10,REGIME_RANGE_CLOSE_ROWS,2,3,4738.95,4742.7,4740.825,4740.233333,4739.05,3.75,87.995573,88.268229,264.804687,1.7,1,4799.5,58.675,58.675,59.266667,60.45,False,False,False,False,False,red_box_quarter::red_box_1_25pct | green_box_quarter::green_box_2_25pct | prior_range_fraction::prev_range_0.875,4738.950000 | 4739.050000 | 4742.700000,2 | 1 | 5
2,2026-04-24,2026-04-23,L4,RANGE_NORMAL_60_120,CLOSE_POS_MIDDLE_THIRD,ROWS_STANDARD_9_10,REGIME_RANGE_CLOSE_ROWS,3,1,4754.0,4754.0,4754.0,4754.0,4754.0,0.0,77.923209,89.235417,89.235417,0.333333,3,4799.5,45.5,45.5,45.5,45.5,False,False,False,False,False,green_box_midline::green_mid_2,4754.000000,3
3,2026-04-24,2026-04-23,L4,RANGE_NORMAL_60_120,CLOSE_POS_MIDDLE_THIRD,ROWS_STANDARD_9_10,REGIME_RANGE_CLOSE_ROWS,1,1,4724.1,4724.1,4724.1,4724.1,4724.1,0.0,77.052333,88.883333,88.883333,0.25,4,4799.5,75.4,75.4,75.4,75.4,False,False,False,False,False,green_box_edge::green_edge_1,4724.100000,4
1,2026-04-24,2026-04-23,L5,RANGE_NORMAL_60_120,CLOSE_POS_MIDDLE_THIRD,ROWS_STANDARD_9_10,REGIME_RANGE_CLOSE_ROWS,2,2,4704.186667,4709.15,4706.668333,4706.668333,4706.668333,4.963333,83.261637,91.429947,182.859895,1.2,1,4769.97,63.301667,63.301667,63.301667,63.301667,False,False,False,False,False,prior_hlc::previous_pivot_hlc3 | green_box_quarter::green_box_1_75pct,4704.186667 | 4709.150000,5 | 1
2,2026-04-24,2026-04-23,L5,RANGE_NORMAL_60_120,CLOSE_POS_MIDDLE_THIRD,ROWS_STANDARD_9_10,REGIME_RANGE_CLOSE_ROWS,3,1,4724.1,4724.1,4724.1,4724.1,4724.1,0.0,81.04125,92.3125,92.3125,0.5,2,4769.97,45.87,45.87,45.87,45.87,False,False,False,False,False,green_box_edge::green_edge_1,4724.100000,2
3,2026-04-24,2026-04-23,L5,RANGE_NORMAL_60_120,CLOSE_POS_MIDDLE_THIRD,ROWS_STANDARD_9_10,REGIME_RANGE_CLOSE_ROWS,1,2,4694.2,4698.5272,4696.3636,4696.3636,4696.3636,4.3272,78.396296,90.582009,181.164017,0.583333,3,4769.97,73.6064,73.6064,73.6064,73.6064,False,False,False,False,False,green_box_midline::green_mid_1 | prior_range_fraction::prev_range_0.382,4694.200000 | 4698.527200,4 | 3
1,2026-04-24,2026-04-23,L6,RANGE_NORMAL_60_120,CLOSE_POS_MIDDLE_THIRD,ROWS_STANDARD_9_10,REGIME_RANGE_CLOSE_ROWS,3,1,4709.1,4709.1,4709.1,4709.1,4709.1,0.0,85.86775,93.7375,93.7375,1.0,1,4737.93,28.83,28.83,28.83,28.83,False,False,False,False,False,prior_hlc::previous_mid,4709.100000,1
2,2026-04-24,2026-04-23,L6,RANGE_NORMAL_60_120,CLOSE_POS_MIDDLE_THIRD,ROWS_STANDARD_9_10,REGIME_RANGE_CLOSE_ROWS,2,3,4694.1,4698.5272,4696.3136,4695.6624,4694.36,4.4272,82.489896,88.308906,264.926717,1.083333,2,4737.93,41.6164,41.6164,42.2676,43.57,False,False,False,False,False,red_box_edge::red_edge_1 | prior_hlc::previous_close | prior_range_fraction::prev_range_0.382,4694.100000 | 4694.360000 | 4698.527200,2 | 3 | 4
3,2026-04-24,2026-04-23,L6,RANGE_NORMAL_60_120,CLOSE_POS_MIDDLE_THIRD,ROWS_STANDARD_9_10,REGIME_RANGE_CLOSE_ROWS,1,1,4686.7,4686.7,4686.7,4686.7,4686.7,0.0,75.363042,86.660417,86.660417,0.2,5,4737.93,51.23,51.23,51.23,51.23,False,False,False,False,False,prior_range_fraction::prev_range_0.25,4686.700000,5
1,2026-04-24,2026-04-23,L7,RANGE_NORMAL_60_120,CLOSE_POS_MIDDLE_THIRD,ROWS_STANDARD_9_10,REGIME_RANGE_CLOSE_ROWS,3,2,4679.15,4679.25,4679.2,4679.2,4679.2,0.1,87.528721,91.408141,182.816281,1.2,1,4699.63,20.43,20.43,20.43,20.43,False,False,False,False,False,red_box_quarter::red_box_2_25pct | green_box_quarter::green_box_1_25pct,4679.150000 | 4679.250000,1 | 5
2,2026-04-24,2026-04-23,L7,RANGE_NORMAL_60_120,CLOSE_POS_MIDDLE_THIRD,ROWS_STANDARD_9_10,REGIME_RANGE_CLOSE_ROWS,1,1,4589.45,4589.45,4589.45,4589.45,4589.45,0.0,80.597631,91.54764,91.54764,0.5,2,4699.63,110.18,110.18,110.18,110.18,False,False,False,False,False,red_box_quarter::red_box_3_75pct,4589.450000,2
3,2026-04-24,2026-04-23,L7,RANGE_NORMAL_60_120,CLOSE_POS_MIDDLE_THIRD,ROWS_STANDARD_9_10,REGIME_RANGE_CLOSE_ROWS,4,1,4694.1,4694.1,4694.1,4694.1,4694.1,0.0,79.061399,91.197815,91.197815,0.333333,3,4699.63,5.53,5.53,5.53,5.53,False,False,False,False,False,red_box_edge::red_edge_1,4694.100000,3
4,2026-04-24,2026-04-23,L7,RANGE_NORMAL_60_120,CLOSE_POS_MIDDLE_THIRD,ROWS_STANDARD_9_10,REGIME_RANGE_CLOSE_ROWS,2,1,4619.35,4619.35,4619.35,4619.35,4619.35,0.0,77.761536,90.106097,90.106097,0.25,4,4699.63,80.28,80.28,80.28,80.28,False,False,False,False,False,red_box_quarter::red_box_3_25pct,4619.350000,4
1,2026-04-27,2026-04-24,L4,RANGE_NORMAL_60_120,CLOSE_POS_MIDDLE_THIRD,ROWS_EXTENDED_11_PLUS,REGIME_RANGE_CLOSE_ROWS,1,1,4726.315,4726.315,4726.315,4726.315,4726.315,0.0,83.922,90.382759,90.382759,1.0,1,4789.79,63.475,63.475,63.475,63.475,False,False,False,False,False,red_box_quarter::red_box_1_25pct,4726.315000,1
2,2026-04-27,2026-04-24,L4,RANGE_NORMAL_60_120,CLOSE_POS_MIDDLE_THIRD,ROWS_EXTENDED_11_PLUS,REGIME_RANGE_CLOSE_ROWS,2,2,4740.4,4742.23,4741.315,4741.315,4741.315,1.83,66.518766,62.866379,125.732758,0.833333,2,4789.79,48.475,48.475,48.475,48.475,False,False,False,False,False,prior_hlc::previous_high | green_box_midline::green_mid_2,4740.400000 | 4742.230000,3 | 2
1,2026-04-27,2026-04-24,L5,RANGE_NORMAL_60_120,CLOSE_POS_MIDDLE_THIRD,ROWS_EXTENDED_11_PLUS,REGIME_RANGE_CLOSE_ROWS,1,2,4699.975,4701.793333,4700.884166,4700.884166,4700.884166,1.818333,83.359773,82.689493,165.378987,1.5,1,4758.08,57.195833,57.195833,57.195833,57.195833,False,False,False,False,False,green_box_quarter::green_box_1_75pct | prior_hlc::previous_pivot_hlc3,4699.975000 | 4701.793333,2 | 1
1,2026-04-27,2026-04-24,L6,RANGE_NORMAL_60_120,CLOSE_POS_MIDDLE_THIRD,ROWS_EXTENDED_11_PLUS,REGIME_RANGE_CLOSE_ROWS,2,2,4669.975,4671.805,4670.89,4670.89,4670.89,1.83,87.942569,90.608566,181.217133,1.5,1,4722.56,51.67,51.67,51.67,51.67,False,False,False,False,False,red_box_quarter::red_box_2_25pct | green_box_quarter::green_box_1_25pct,4669.975000 | 4671.805000,1 | 2
2,2026-04-27,2026-04-24,L6,RANGE_NORMAL_60_120,CLOSE_POS_MIDDLE_THIRD,ROWS_EXTENDED_11_PLUS,REGIME_RANGE_CLOSE_ROWS,1,1,4657.72,4657.72,4657.72,4657.72,4657.72,0.0,49.922167,40.957759,40.957759,0.333333,3,4722.56,64.84,64.84,64.84,64.84,False,False,False,False,False,prior_hlc::previous_low,4657.720000,3
1,2026-04-27,2026-04-24,L7,RANGE_NORMAL_60_120,CLOSE_POS_MIDDLE_THIRD,ROWS_EXTENDED_11_PLUS,REGIME_RANGE_CLOSE_ROWS,2,1,4641.805,4641.805,4641.805,4641.805,4641.805,0.0,62.121282,52.795313,52.795313,1.0,1,4688.57,46.765,46.765,46.765,46.765,False,False,False,False,False,red_box_quarter::red_box_2_75pct,4641.805000,1
2,2026-04-27,2026-04-24,L7,RANGE_NORMAL_60_120,CLOSE_POS_MIDDLE_THIRD,ROWS_EXTENDED_11_PLUS,REGIME_RANGE_CLOSE_ROWS,1,1,4627.72,4627.72,4627.72,4627.72,4627.72,0.0,37.621,17.45,17.45,0.5,2,4688.57,60.85,60.85,60.85,60.85,False,False,False,False,False,red_box_edge::red_edge_2,4627.720000,2
1,2026-04-28,2026-04-27,L4,RANGE_NORMAL_60_120,CLOSE_POS_LOWER_THIRD,ROWS_STANDARD_9_10,REGIME_RANGE_CLOSE_ROWS,3,1,4713.63,4713.63,4713.63,4713.63,4713.63,0.0,84.621644,91.589041,91.589041,1.0,1,4724.59,10.96,10.96,10.96,10.96,False,False,False,False,False,green_box_edge::green_edge_1,4713.630000,1
2,2026-04-28,2026-04-27,L4,RANGE_NORMAL_60_120,CLOSE_POS_LOWER_THIRD,ROWS_STANDARD_9_10,REGIME_RANGE_CLOSE_ROWS,1,1,4693.006667,4693.006667,4693.006667,4693.006667,4693.006667,0.0,79.173167,89.091667,89.091667,0.5,2,4724.59,31.583333,31.583333,31.583333,31.583333,False,False,False,False,False,prior_hlc::previous_pivot_hlc3,4693.006667,2
3,2026-04-28,2026-04-27,L4,RANGE_NORMAL_60_120,CLOSE_POS_LOWER_THIRD,ROWS_STANDARD_9_10,REGIME_RANGE_CLOSE_ROWS,2,2,4702.0125,4706.05692,4704.03471,4704.03471,4704.03471,4.04442,73.833983,82.286907,164.573815,0.583333,3,4724.59,20.55529,20.55529,20.55529,20.55529,False,False,False,False,False,green_box_quarter::green_box_1_75pct | prior_range_fraction::prev_range_0.618,4702.012500 | 4706.056920,3 | 4
4,2026-04-28,2026-04-27,L4,RANGE_NORMAL_60_120,CLOSE_POS_LOWER_THIRD,ROWS_STANDARD_9_10,REGIME_RANGE_CLOSE_ROWS,4,1,4748.4825,4748.4825,4748.4825,4748.4825,4748.4825,0.0,49.239049,41.61905,41.61905,0.2,5,4724.59,-23.8925,23.8925,23.8925,23.8925,False,False,False,False,False,green_box_quarter::green_box_2_75pct,4748.482500,5
1,2026-04-28,2026-04-27,L5,RANGE_NORMAL_60_120,CLOSE_POS_LOWER_THIRD,ROWS_STANDARD_9_10,REGIME_RANGE_CLOSE_ROWS,1,1,4672.0125,4672.0125,4672.0125,4672.0125,4672.0125,0.0,85.931175,93.846854,93.846854,1.0,1,4687.0,14.9875,14.9875,14.9875,14.9875,False,False,False,False,False,red_box_quarter::red_box_2_25pct,4672.012500,1
2,2026-04-28,2026-04-27,L5,RANGE_NORMAL_60_120,CLOSE_POS_LOWER_THIRD,ROWS_STANDARD_9_10,REGIME_RANGE_CLOSE_ROWS,3,1,4714.365,4714.365,4714.365,4714.365,4714.365,0.0,81.460111,93.034675,93.034675,0.5,2,4687.0,-27.365,27.365,27.365,27.365,False,False,False,False,False,prior_range_fraction::prev_range_0.75,4714.365000,2
3,2026-04-28,2026-04-27,L5,RANGE_NORMAL_60_120,CLOSE_POS_LOWER_THIRD,ROWS_STANDARD_9_10,REGIME_RANGE_CLOSE_ROWS,2,3,4690.395,4693.006667,4691.700834,4691.534916,4691.20308,2.611667,77.107992,80.41309,241.239269,0.783333,3,4687.0,-4.700834,4.700834,4.534916,4.20308,False,False,True,False,True,green_box_midline::green_mid_1 | prior_range_fraction::prev_range_0.382 | prior_hlc::previous_pivot_hlc3,4690.395000 | 4691.203080 | 4693.006667,3 | 4 | 5
1,2026-04-28,2026-04-27,L6,RANGE_NORMAL_60_120,CLOSE_POS_LOWER_THIRD,ROWS_STANDARD_9_10,REGIME_RANGE_CLOSE_ROWS,2,4,4672.0125,4682.895,4677.45375,4677.178125,4676.9025,10.8825,88.753645,92.523411,370.093644,2.083333,1,4642.74,-34.71375,34.71375,34.438125,34.1625,False,False,False,False,False,red_box_quarter::red_box_2_25pct | prior_range_fraction::prev_range_0.125 | green_box_quarter::green_box_1_25pct | prior_range_fraction::prev_range_0.25,4672.012500 | 4675.027500 | 4678.777500 | 4682.895000,4 | 3 | 1 | 2
2,2026-04-28,2026-04-27,L6,RANGE_NORMAL_60_120,CLOSE_POS_LOWER_THIRD,ROWS_STANDARD_9_10,REGIME_RANGE_CLOSE_ROWS,1,1,4637.16,4637.16,4637.16,4637.16,4637.16,0.0,35.548144,18.014041,18.014041,0.2,5,4642.74,5.58,5.58,5.58,5.58,False,False,False,False,False,red_box_edge::red_edge_2,4637.160000,5
1,2026-04-28,2026-04-27,L7,RANGE_NORMAL_60_120,CLOSE_POS_LOWER_THIRD,ROWS_STANDARD_9_10,REGIME_RANGE_CLOSE_ROWS,1,1,4590.69,4590.69,4590.69,4590.69,4590.69,0.0,85.78,93.586207,93.586207,1.0,1,4609.63,18.94,18.94,18.94,18.94,False,False,False,False,False,red_box_edge::red_edge_3,4590.690000,1
2,2026-04-28,2026-04-27,L7,RANGE_NORMAL_60_120,CLOSE_POS_LOWER_THIRD,ROWS_STANDARD_9_10,REGIME_RANGE_CLOSE_ROWS,4,1,4648.7775,4648.7775,4648.7775,4648.7775,4648.7775,0.0,59.525625,55.216595,55.216595,0.5,2,4609.63,-39.1475,39.1475,39.1475,39.1475,False,False,False,False,False,red_box_quarter::red_box_2_75pct,4648.777500,2
3,2026-04-28,2026-04-27,L7,RANGE_NORMAL_60_120,CLOSE_POS_LOWER_THIRD,ROWS_STANDARD_9_10,REGIME_RANGE_CLOSE_ROWS,5,1,4667.16,4667.16,4667.16,4667.16,4667.16,0.0,55.914667,51.289655,51.289655,0.333333,3,4609.63,-57.53,57.53,57.53,57.53,False,False,False,False,False,prior_hlc::previous_low,4667.160000,3
4,2026-04-28,2026-04-27,L7,RANGE_NORMAL_60_120,CLOSE_POS_LOWER_THIRD,ROWS_STANDARD_9_10,REGIME_RANGE_CLOSE_ROWS,2,1,4613.925,4613.925,4613.925,4613.925,4613.925,0.0,48.459625,39.58556,39.58556,0.25,4,4609.63,-4.295,4.295,4.295,4.295,False,False,True,False,True,red_box_midline::red_mid_3,4613.925000,4
5,2026-04-28,2026-04-27,L7,RANGE_NORMAL_60_120,CLOSE_POS_LOWER_THIRD,ROWS_STANDARD_9_10,REGIME_RANGE_CLOSE_ROWS,3,1,4637.16,4637.16,4637.16,4637.16,4637.16,0.0,35.5845,18.076724,18.076724,0.2,5,4609.63,-27.53,27.53,27.53,27.53,False,False,False,False,False,red_box_edge::red_edge_2,4637.160000,5
1,2026-04-29,2026-04-28,L4,RANGE_WIDE_120_220,CLOSE_POS_LOWER_THIRD,ROWS_STANDARD_9_10,REGIME_RANGE_CLOSE_ROWS,1,1,4610.79884,4610.79884,4610.79884,4610.79884,4610.79884,0.0,84.997592,92.237228,92.237228,1.0,1,4646.78,35.98116,35.98116,35.98116,35.98116,False,False,False,False,False,prior_range_fraction::prev_range_0.382,4610.798840,1
2,2026-04-29,2026-04-28,L4,RANGE_WIDE_120_220,CLOSE_POS_LOWER_THIRD,ROWS_STANDARD_9_10,REGIME_RANGE_CLOSE_ROWS,4,1,4645.40116,4645.40116,4645.40116,4645.40116,4645.40116,0.0,80.559554,91.481989,91.481989,0.5,2,4646.78,1.37884,1.37884,1.37884,1.37884,False,True,True,True,True,prior_range_fraction::prev_range_0.618,4645.401160,2
3,2026-04-29,2026-04-28,L4,RANGE_WIDE_120_220,CLOSE_POS_LOWER_THIRD,ROWS_STANDARD_9_10,REGIME_RANGE_CLOSE_ROWS,2,1,4621.0225,4621.0225,4621.0225,4621.0225,4621.0225,0.0,73.37662,81.396471,81.396471,0.333333,3,4646.78,25.7575,25.7575,25.7575,25.7575,False,False,False,False,False,green_box_quarter::green_box_1_75pct,4621.022500,3
4,2026-04-29,2026-04-28,L4,RANGE_WIDE_120_220,CLOSE_POS_LOWER_THIRD,ROWS_STANDARD_9_10,REGIME_RANGE_CLOSE_ROWS,5,1,4652.536716,4652.536716,4652.536716,4652.536716,4652.536716,0.0,71.268886,78.911872,78.911872,0.25,4,4646.78,-5.756716,5.756716,5.756716,5.756716,False,False,False,False,False,prior_range_fraction::prev_range_0.666667,4652.536716,4
5,2026-04-29,2026-04-28,L4,RANGE_WIDE_120_220,CLOSE_POS_LOWER_THIRD,ROWS_STANDARD_9_10,REGIME_RANGE_CLOSE_ROWS,3,1,4635.1775,4635.1775,4635.1775,4635.1775,4635.1775,0.0,47.496434,38.614541,38.614541,0.2,5,4646.78,11.6025,11.6025,11.6025,11.6025,False,False,False,False,False,red_box_quarter::red_box_1_75pct,4635.177500,5
1,2026-04-29,2026-04-28,L5,RANGE_WIDE_120_220,CLOSE_POS_LOWER_THIRD,ROWS_STANDARD_9_10,REGIME_RANGE_CLOSE_ROWS,3,2,4613.1,4617.8,4615.45,4615.45,4615.45,4.7,81.376932,85.941837,171.883674,1.333333,1,4603.92,-11.53,11.53,11.53,11.53,False,False,False,False,False,red_box_edge::red_edge_1 | prior_hlc::previous_pivot_hlc3,4613.100000 | 4617.800000,3 | 1
2,2026-04-29,2026-04-28,L5,RANGE_WIDE_120_220,CLOSE_POS_LOWER_THIRD,ROWS_STANDARD_9_10,REGIME_RANGE_CLOSE_ROWS,2,1,4597.2,4597.2,4597.2,4597.2,4597.2,0.0,80.646199,91.631378,91.631378,0.5,2,4603.92,6.72,6.72,6.72,6.72,False,False,False,False,False,prior_hlc::previous_close,4597.200000,2
3,2026-04-29,2026-04-28,L5,RANGE_WIDE_120_220,CLOSE_POS_LOWER_THIRD,ROWS_STANDARD_9_10,REGIME_RANGE_CLOSE_ROWS,1,1,4591.445,4591.445,4591.445,4591.445,4591.445,0.0,57.960433,55.966263,55.966263,0.25,4,4603.92,12.475,12.475,12.475,12.475,False,False,False,False,False,prior_range_fraction::prev_range_0.25,4591.445000,4
1,2026-04-29,2026-04-28,L6,RANGE_WIDE_120_220,CLOSE_POS_LOWER_THIRD,ROWS_STANDARD_9_10,REGIME_RANGE_CLOSE_ROWS,1,1,4546.8675,4546.8675,4546.8675,4546.8675,4546.8675,0.0,85.478433,93.066263,93.066263,1.0,1,4561.81,14.9425,14.9425,14.9425,14.9425,False,False,False,False,False,red_box_quarter::red_box_2_75pct,4546.867500,1
2,2026-04-29,2026-04-28,L6,RANGE_WIDE_120_220,CLOSE_POS_LOWER_THIRD,ROWS_STANDARD_9_10,REGIME_RANGE_CLOSE_ROWS,3,1,4568.945,4568.945,4568.945,4568.945,4568.945,0.0,79.2596,89.240689,89.240689,0.5,2,4561.81,-7.135,7.135,7.135,7.135,False,False,False,False,False,red_box_midline::red_mid_2,4568.945000,2
3,2026-04-29,2026-04-28,L6,RANGE_WIDE_120_220,CLOSE_POS_LOWER_THIRD,ROWS_STANDARD_9_10,REGIME_RANGE_CLOSE_ROWS,4,1,4576.8675,4576.8675,4576.8675,4576.8675,4576.8675,0.0,72.127598,79.242985,79.242985,0.333333,3,4561.81,-15.0575,15.0575,15.0575,15.0575,False,False,False,False,False,green_box_quarter::green_box_1_25pct,4576.867500,3
4,2026-04-29,2026-04-28,L6,RANGE_WIDE_120_220,CLOSE_POS_LOWER_THIRD,ROWS_STANDARD_9_10,REGIME_RANGE_CLOSE_ROWS,2,1,4554.79,4554.79,4554.79,4554.79,4554.79,0.0,67.710782,72.777211,72.777211,0.25,4,4561.81,7.02,7.02,7.02,7.02,False,False,False,False,False,prior_hlc::previous_low,4554.790000,4
5,2026-04-29,2026-04-28,L6,RANGE_WIDE_120_220,CLOSE_POS_LOWER_THIRD,ROWS_STANDARD_9_10,REGIME_RANGE_CLOSE_ROWS,5,1,4591.445,4591.445,4591.445,4591.445,4591.445,0.0,34.859684,16.827041,16.827041,0.2,5,4561.81,-29.635,29.635,29.635,29.635,False,False,False,False,False,prior_range_fraction::prev_range_0.25,4591.445000,5
1,2026-04-29,2026-04-28,L7,RANGE_WIDE_120_220,CLOSE_POS_LOWER_THIRD,ROWS_STANDARD_9_10,REGIME_RANGE_CLOSE_ROWS,2,1,4524.79,4524.79,4524.79,4524.79,4524.79,0.0,72.773157,71.160616,71.160616,1.0,1,4527.79,3.0,3.0,3.0,3.0,False,True,True,True,True,red_box_edge::red_edge_2,4524.790000,1
2,2026-04-29,2026-04-28,L7,RANGE_WIDE_120_220,CLOSE_POS_LOWER_THIRD,ROWS_STANDARD_9_10,REGIME_RANGE_CLOSE_ROWS,1,1,4502.7125,4502.7125,4502.7125,4502.7125,4502.7125,0.0,38.530949,19.018878,19.018878,0.5,2,4527.79,25.0775,25.0775,25.0775,25.0775,False,False,False,False,False,red_box_quarter::red_box_3_25pct,4502.712500,2
3,2026-04-29,2026-04-28,L7,RANGE_WIDE_120_220,CLOSE_POS_LOWER_THIRD,ROWS_STANDARD_9_10,REGIME_RANGE_CLOSE_ROWS,3,1,4554.79,4554.79,4554.79,4554.79,4554.79,0.0,29.992283,6.59589,6.59589,0.333333,3,4527.79,-27.0,27.0,27.0,27.0,False,False,False,False,False,prior_hlc::previous_low,4554.790000,3
1,2026-04-30,2026-04-29,L4,RANGE_NORMAL_60_120,CLOSE_POS_LOWER_THIRD,ROWS_STANDARD_9_10,REGIME_RANGE_CLOSE_ROWS,3,1,4591.54,4591.54,4591.54,4591.54,4591.54,0.0,85.333111,92.815709,92.815709,1.0,1,4639.2,47.66,47.66,47.66,47.66,False,False,False,False,False,green_box_quarter::green_box_2_25pct,4591.540000,1
2,2026-04-30,2026-04-29,L4,RANGE_NORMAL_60_120,CLOSE_POS_LOWER_THIRD,ROWS_STANDARD_9_10,REGIME_RANGE_CLOSE_ROWS,1,2,4554.686667,4559.04,4556.863333,4556.863333,4556.863333,4.353333,76.847771,87.951788,175.903576,0.583333,3,4639.2,82.336667,82.336667,82.336667,82.336667,False,False,False,False,False,prior_hlc::previous_pivot_hlc3 | green_box_quarter::green_box_1_75pct,4554.686667 | 4559.040000,3 | 4
3,2026-04-30,2026-04-29,L4,RANGE_NORMAL_60_120,CLOSE_POS_LOWER_THIRD,ROWS_STANDARD_9_10,REGIME_RANGE_CLOSE_ROWS,2,2,4572.09,4575.29,4573.69,4573.69,4573.69,3.2,76.842145,84.583009,169.166017,0.7,2,4639.2,65.51,65.51,65.51,65.51,False,False,False,False,False,prior_range_fraction::prev_range_0.618 | green_box_edge::green_edge_1,4572.090000 | 4575.290000,5 | 2
1,2026-04-30,2026-04-29,L5,RANGE_NORMAL_60_120,CLOSE_POS_LOWER_THIRD,ROWS_STANDARD_9_10,REGIME_RANGE_CLOSE_ROWS,1,1,4529.04,4529.04,4529.04,4529.04,4529.04,0.0,85.887369,93.771326,93.771326,1.0,1,4599.33,70.29,70.29,70.29,70.29,False,False,False,False,False,red_box_quarter::red_box_2_25pct,4529.040000,1
2,2026-04-30,2026-04-29,L5,RANGE_NORMAL_60_120,CLOSE_POS_LOWER_THIRD,ROWS_STANDARD_9_10,REGIME_RANGE_CLOSE_ROWS,3,1,4585.29,4585.29,4585.29,4585.29,4585.29,0.0,81.415017,92.956926,92.956926,0.5,2,4599.33,14.04,14.04,14.04,14.04,False,False,False,False,False,prior_range_fraction::prev_range_0.75,4585.290000,2
3,2026-04-30,2026-04-29,L5,RANGE_NORMAL_60_120,CLOSE_POS_LOWER_THIRD,ROWS_STANDARD_9_10,REGIME_RANGE_CLOSE_ROWS,2,3,4542.79,4548.49,4545.64,4544.967767,4543.6233,5.7,77.493901,85.764196,257.292589,0.783333,3,4599.33,53.69,53.69,54.362233,55.7067,False,False,False,False,False,green_box_midline::green_mid_1 | prior_range_fraction::prev_range_0.333333 | prior_range_fraction::prev_range_0.382,4542.790000 | 4543.623300 | 4548.490000,4 | 3 | 5
1,2026-04-30,2026-04-29,L6,RANGE_NORMAL_60_120,CLOSE_POS_LOWER_THIRD,ROWS_STANDARD_9_10,REGIME_RANGE_CLOSE_ROWS,2,3,4522.79,4529.04,4525.915,4526.123333,4526.54,6.25,87.136519,92.1894,276.568201,1.583333,1,4555.58,29.665,29.665,29.456667,29.04,False,False,False,False,False,prior_range_fraction::prev_range_0.125 | green_box_quarter::green_box_1_25pct | red_box_quarter::red_box_2_25pct,4522.790000 | 4526.540000 | 4529.040000,3 | 1 | 4
2,2026-04-30,2026-04-29,L6,RANGE_NORMAL_60_120,CLOSE_POS_LOWER_THIRD,ROWS_STANDARD_9_10,REGIME_RANGE_CLOSE_ROWS,3,1,4535.29,4535.29,4535.29,4535.29,4535.29,0.0,81.596267,93.269426,93.269426,0.5,2,4555.58,20.29,20.29,20.29,20.29,False,False,False,False,False,prior_range_fraction::prev_range_0.25,4535.290000,2
3,2026-04-30,2026-04-29,L6,RANGE_NORMAL_60_120,CLOSE_POS_LOWER_THIRD,ROWS_STANDARD_9_10,REGIME_RANGE_CLOSE_ROWS,1,1,4480.29,4480.29,4480.29,4480.29,4480.29,0.0,36.669236,19.946959,19.946959,0.2,5,4555.58,75.29,75.29,75.29,75.29,False,False,False,False,False,red_box_edge::red_edge_2,4480.290000,5
1,2026-04-30,2026-04-29,L7,RANGE_NORMAL_60_120,CLOSE_POS_LOWER_THIRD,ROWS_STANDARD_9_10,REGIME_RANGE_CLOSE_ROWS,1,1,4415.29,4415.29,4415.29,4415.29,4415.29,0.0,85.735918,93.510204,93.510204,1.0,1,4521.25,105.96,105.96,105.96,105.96,False,False,False,False,False,red_box_edge::red_edge_3,4415.290000,1
2,2026-04-30,2026-04-29,L7,RANGE_NORMAL_60_120,CLOSE_POS_LOWER_THIRD,ROWS_STANDARD_9_10,REGIME_RANGE_CLOSE_ROWS,4,1,4496.54,4496.54,4496.54,4496.54,4496.54,0.0,59.480564,55.138903,55.138903,0.5,2,4521.25,24.71,24.71,24.71,24.71,False,False,False,False,False,red_box_quarter::red_box_2_75pct,4496.540000,2
3,2026-04-30,2026-04-29,L7,RANGE_NORMAL_60_120,CLOSE_POS_LOWER_THIRD,ROWS_STANDARD_9_10,REGIME_RANGE_CLOSE_ROWS,5,1,4510.29,4510.29,4510.29,4510.29,4510.29,0.0,55.893442,51.253061,51.253061,0.333333,3,4521.25,10.96,10.96,10.96,10.96,False,False,False,False,False,prior_hlc::previous_low,4510.290000,3
4,2026-04-30,2026-04-29,L7,RANGE_NORMAL_60_120,CLOSE_POS_LOWER_THIRD,ROWS_STANDARD_9_10,REGIME_RANGE_CLOSE_ROWS,2,1,4447.79,4447.79,4447.79,4447.79,4447.79,0.0,50.233264,42.643559,42.643559,0.25,4,4521.25,73.46,73.46,73.46,73.46,False,False,False,False,False,red_box_midline::red_mid_3,4447.790000,4
5,2026-04-30,2026-04-29,L7,RANGE_NORMAL_60_120,CLOSE_POS_LOWER_THIRD,ROWS_STANDARD_9_10,REGIME_RANGE_CLOSE_ROWS,3,1,4480.29,4480.29,4480.29,4480.29,4480.29,0.0,35.539112,17.998469,17.998469,0.2,5,4521.25,40.96,40.96,40.96,40.96,False,False,False,False,False,red_box_edge::red_edge_2,4480.290000,5
1,2026-05-01,2026-04-30,L4,RANGE_NORMAL_60_120,CLOSE_POS_UPPER_THIRD,ROWS_STANDARD_9_10,REGIME_RANGE_CLOSE_ROWS,1,1,4611.033369,4611.033369,4611.033369,4611.033369,4611.033369,0.0,83.937392,90.409296,90.409296,1.0,1,4640.24,29.206631,29.206631,29.206631,29.206631,False,False,False,False,False,prior_range_fraction::prev_range_0.666667,4611.033369,1
2,2026-05-01,2026-04-30,L4,RANGE_NORMAL_60_120,CLOSE_POS_UPPER_THIRD,ROWS_STANDARD_9_10,REGIME_RANGE_CLOSE_ROWS,3,1,4629.675,4629.675,4629.675,4629.675,4629.675,0.0,77.160639,85.621791,85.621791,0.5,2,4640.24,10.565,10.565,10.565,10.565,False,False,False,False,False,red_box_quarter::red_box_1_25pct,4629.675000,2
3,2026-05-01,2026-04-30,L4,RANGE_NORMAL_60_120,CLOSE_POS_UPPER_THIRD,ROWS_STANDARD_9_10,REGIME_RANGE_CLOSE_ROWS,2,1,4619.99,4619.99,4619.99,4619.99,4619.99,0.0,72.970185,80.695721,80.695721,0.333333,3,4640.24,20.25,20.25,20.25,20.25,False,False,False,False,False,prior_range_fraction::prev_range_0.75,4619.990000,3
4,2026-05-01,2026-04-30,L4,RANGE_NORMAL_60_120,CLOSE_POS_UPPER_THIRD,ROWS_STANDARD_9_10,REGIME_RANGE_CLOSE_ROWS,4,1,4642.49,4642.49,4642.49,4642.49,4642.49,0.0,71.005517,78.457788,78.457788,0.25,4,4640.24,-2.25,2.25,2.25,2.25,False,True,True,True,True,green_box_midline::green_mid_2,4642.490000,4
5,2026-05-01,2026-04-30,L4,RANGE_NORMAL_60_120,CLOSE_POS_UPPER_THIRD,ROWS_STANDARD_9_10,REGIME_RANGE_CLOSE_ROWS,5,1,4694.045,4694.045,4694.045,4694.045,4694.045,0.0,52.73301,47.643121,47.643121,0.2,5,4640.24,-53.805,53.805,53.805,53.805,False,False,False,False,False,green_box_quarter::green_box_3_25pct,4694.045000,5
1,2026-05-01,2026-04-30,L5,RANGE_NORMAL_60_120,CLOSE_POS_UPPER_THIRD,ROWS_STANDARD_9_10,REGIME_RANGE_CLOSE_ROWS,3,3,4625.305,4633.425,4629.365,4629.468333,4629.675,8.12,86.956834,93.107645,279.322934,1.7,1,4599.79,-29.575,29.575,29.678333,29.885,False,False,False,False,False,green_box_quarter::green_box_2_25pct | red_box_quarter::red_box_1_25pct | prior_range_fraction::prev_range_0.875,4625.305000 | 4629.675000 | 4633.425000,5 | 2 | 1
2,2026-05-01,2026-04-30,L5,RANGE_NORMAL_60_120,CLOSE_POS_UPPER_THIRD,ROWS_STANDARD_9_10,REGIME_RANGE_CLOSE_ROWS,2,1,4608.12,4608.12,4608.12,4608.12,4608.12,0.0,80.298476,93.330705,93.330705,0.333333,3,4599.79,-8.33,8.33,8.33,8.33,False,False,False,False,False,green_box_edge::green_edge_1,4608.120000,3
3,2026-05-01,2026-04-30,L5,RANGE_NORMAL_60_120,CLOSE_POS_UPPER_THIRD,ROWS_STANDARD_9_10,REGIME_RANGE_CLOSE_ROWS,1,1,4580.43736,4580.43736,4580.43736,4580.43736,4580.43736,0.0,78.988753,92.221988,92.221988,0.25,4,4599.79,19.35264,19.35264,19.35264,19.35264,False,False,False,False,False,prior_range_fraction::prev_range_0.382,4580.437360,4
1,2026-05-01,2026-04-30,L6,RANGE_NORMAL_60_120,CLOSE_POS_UPPER_THIRD,ROWS_STANDARD_9_10,REGIME_RANGE_CLOSE_ROWS,1,3,4590.935,4595.305,4593.12,4593.12,4593.12,4.37,90.007954,92.678542,278.035626,1.7,1,4556.84,-36.28,36.28,36.28,36.28,False,False,False,False,False,green_box_quarter::green_box_1_75pct | prior_hlc::previous_mid | red_box_quarter::red_box_1_75pct,4590.935000 | 4593.120000 | 4595.305000,5 | 1 | 2
2,2026-05-01,2026-04-30,L6,RANGE_NORMAL_60_120,CLOSE_POS_UPPER_THIRD,ROWS_STANDARD_9_10,REGIME_RANGE_CLOSE_ROWS,2,2,4611.033369,4612.49,4611.761684,4611.761684,4611.761684,1.456631,81.581642,91.718639,183.437279,0.583333,3,4556.84,-54.921684,54.921684,54.921684,54.921684,False,False,False,False,False,prior_range_fraction::prev_range_0.666667 | red_box_midline::red_mid_1,4611.033369 | 4612.490000,4 | 3
1,2026-05-01,2026-04-30,L7,RANGE_NORMAL_60_120,CLOSE_POS_UPPER_THIRD,ROWS_STANDARD_9_10,REGIME_RANGE_CLOSE_ROWS,1,3,4552.815,4560.935,4556.875,4556.771667,4556.565,8.12,86.269766,91.23339,273.700169,1.75,1,4517.48,-39.395,39.395,39.291667,39.085,False,False,False,False,False,prior_range_fraction::prev_range_0.125 | green_box_quarter::green_box_1_25pct | red_box_quarter::red_box_2_25pct,4552.815000 | 4556.565000 | 4560.935000,4 | 1 | 2
2,2026-05-01,2026-04-30,L7,RANGE_NORMAL_60_120,CLOSE_POS_UPPER_THIRD,ROWS_STANDARD_9_10,REGIME_RANGE_CLOSE_ROWS,3,1,4625.305,4625.305,4625.305,4625.305,4625.305,0.0,78.684589,90.548142,90.548142,0.333333,3,4517.48,-107.825,107.825,107.825,107.825,False,False,False,False,False,green_box_quarter::green_box_2_25pct,4625.305000,3
3,2026-05-01,2026-04-30,L7,RANGE_NORMAL_60_120,CLOSE_POS_UPPER_THIRD,ROWS_STANDARD_9_10,REGIME_RANGE_CLOSE_ROWS,2,1,4566.25,4566.25,4566.25,4566.25,4566.25,0.0,76.689432,88.947297,88.947297,0.2,5,4517.48,-48.77,48.77,48.77,48.77,False,False,False,False,False,prior_range_fraction::prev_range_0.25,4566.250000,5
1,2026-05-04,2026-05-01,L4,RANGE_NORMAL_60_120,CLOSE_POS_MIDDLE_THIRD,ROWS_STANDARD_9_10,REGIME_RANGE_CLOSE_ROWS,2,2,4641.55875,4644.06625,4642.8125,4642.8125,4642.8125,2.5075,87.471389,93.122969,186.245938,1.333333,1,4645.95,3.1375,3.1375,3.1375,3.1375,False,False,True,True,True,green_box_quarter::green_box_2_25pct | red_box_quarter::red_box_1_25pct,4641.558750 | 4644.066250,1 | 3
2,2026-05-04,2026-05-01,L4,RANGE_NORMAL_60_120,CLOSE_POS_MIDDLE_THIRD,ROWS_STANDARD_9_10,REGIME_RANGE_CLOSE_ROWS,4,1,4706.57375,4706.57375,4706.57375,4706.57375,4706.57375,0.0,81.2515,92.675,92.675,0.5,2,4645.95,-60.62375,60.62375,60.62375,60.62375,False,False,False,False,False,green_box_quarter::green_box_3_25pct,4706.573750,2
3,2026-05-04,2026-05-01,L4,RANGE_NORMAL_60_120,CLOSE_POS_MIDDLE_THIRD,ROWS_STANDARD_9_10,REGIME_RANGE_CLOSE_ROWS,3,1,4657.8125,4657.8125,4657.8125,4657.8125,4657.8125,0.0,77.166642,89.080417,89.080417,0.25,4,4645.95,-11.8625,11.8625,11.8625,11.8625,False,False,False,False,False,green_box_midline::green_mid_2,4657.812500,4
4,2026-05-04,2026-05-01,L4,RANGE_NORMAL_60_120,CLOSE_POS_MIDDLE_THIRD,ROWS_STANDARD_9_10,REGIME_RANGE_CLOSE_ROWS,1,1,4625.305,4625.305,4625.305,4625.305,4625.305,0.0,76.6417,88.865,88.865,0.2,5,4645.95,20.645,20.645,20.645,20.645,False,False,False,False,False,green_box_edge::green_edge_1,4625.305000,5
1,2026-05-04,2026-05-01,L5,RANGE_NORMAL_60_120,CLOSE_POS_MIDDLE_THIRD,ROWS_STANDARD_9_10,REGIME_RANGE_CLOSE_ROWS,3,1,4609.05125,4609.05125,4609.05125,4609.05125,4609.05125,0.0,85.832407,93.676563,93.676563,1.0,1,4606.0,-3.05125,3.05125,3.05125,3.05125,False,False,True,False,True,green_box_quarter::green_box_1_75pct,4609.051250,1
2,2026-05-04,2026-05-01,L5,RANGE_NORMAL_60_120,CLOSE_POS_MIDDLE_THIRD,ROWS_STANDARD_9_10,REGIME_RANGE_CLOSE_ROWS,4,1,4625.305,4625.305,4625.305,4625.305,4625.305,0.0,80.97455,92.1975,92.1975,0.5,2,4606.0,-19.305,19.305,19.305,19.305,False,False,False,False,False,green_box_edge::green_edge_1,4625.305000,2
3,2026-05-04,2026-05-01,L5,RANGE_NORMAL_60_120,CLOSE_POS_MIDDLE_THIRD,ROWS_STANDARD_9_10,REGIME_RANGE_CLOSE_ROWS,5,1,4674.06625,4674.06625,4674.06625,4674.06625,4674.06625,0.0,79.381667,91.75,91.75,0.333333,3,4606.0,-68.06625,68.06625,68.06625,68.06625,False,False,False,False,False,green_box_quarter::green_box_2_75pct,4674.066250,3
4,2026-05-04,2026-05-01,L5,RANGE_NORMAL_60_120,CLOSE_POS_MIDDLE_THIRD,ROWS_STANDARD_9_10,REGIME_RANGE_CLOSE_ROWS,2,1,4598.50146,4598.50146,4598.50146,4598.50146,4598.50146,0.0,78.614863,91.57735,91.57735,0.25,4,4606.0,7.49854,7.49854,7.49854,7.49854,False,False,False,False,False,prior_range_fraction::prev_range_0.382,4598.501460,4
5,2026-05-04,2026-05-01,L5,RANGE_NORMAL_60_120,CLOSE_POS_MIDDLE_THIRD,ROWS_STANDARD_9_10,REGIME_RANGE_CLOSE_ROWS,1,1,4592.7975,4592.7975,4592.7975,4592.7975,4592.7975,0.0,76.8766,89.27,89.27,0.2,5,4606.0,13.2025,13.2025,13.2025,13.2025,False,False,False,False,False,green_box_midline::green_mid_1,4592.797500,5
1,2026-05-04,2026-05-01,L6,RANGE_NORMAL_60_120,CLOSE_POS_MIDDLE_THIRD,ROWS_STANDARD_9_10,REGIME_RANGE_CLOSE_ROWS,2,1,4610.305,4610.305,4610.305,4610.305,4610.305,0.0,85.75755,93.5475,93.5475,1.0,1,4565.35,-44.955,44.955,44.955,44.955,False,False,False,False,False,prior_hlc::previous_mid,4610.305000,1
2,2026-05-04,2026-05-01,L6,RANGE_NORMAL_60_120,CLOSE_POS_MIDDLE_THIRD,ROWS_STANDARD_9_10,REGIME_RANGE_CLOSE_ROWS,4,1,4644.06625,4644.06625,4644.06625,4644.06625,4644.06625,0.0,80.715,91.75,91.75,0.5,2,4565.35,-78.71625,78.71625,78.71625,78.71625,False,False,False,False,False,red_box_quarter::red_box_1_25pct,4644.066250,2
3,2026-05-04,2026-05-01,L6,RANGE_NORMAL_60_120,CLOSE_POS_MIDDLE_THIRD,ROWS_STANDARD_9_10,REGIME_RANGE_CLOSE_ROWS,1,2,4595.305,4598.50146,4596.90323,4596.90323,4596.90323,3.19646,77.779446,88.492525,176.98505,0.533333,3,4565.35,-31.55323,31.55323,31.55323,31.55323,False,False,False,False,False,red_box_edge::red_edge_1 | prior_range_fraction::prev_range_0.382,4595.305000 | 4598.501460,3 | 5
4,2026-05-04,2026-05-01,L6,RANGE_NORMAL_60_120,CLOSE_POS_MIDDLE_THIRD,ROWS_STANDARD_9_10,REGIME_RANGE_CLOSE_ROWS,3,1,4615.53,4615.53,4615.53,4615.53,4615.53,0.0,76.3573,87.685,87.685,0.25,4,4565.35,-50.18,50.18,50.18,50.18,False,False,False,False,False,prior_hlc::previous_close,4615.530000,4
1,2026-05-04,2026-05-01,L7,RANGE_NORMAL_60_120,CLOSE_POS_MIDDLE_THIRD,ROWS_STANDARD_9_10,REGIME_RANGE_CLOSE_ROWS,3,1,4579.05125,4579.05125,4579.05125,4579.05125,4579.05125,0.0,86.35732,94.581586,94.581586,1.0,1,4522.79,-56.26125,56.26125,56.26125,56.26125,False,False,False,False,False,red_box_quarter::red_box_2_25pct,4579.051250,1
2,2026-05-04,2026-05-01,L7,RANGE_NORMAL_60_120,CLOSE_POS_MIDDLE_THIRD,ROWS_STANDARD_9_10,REGIME_RANGE_CLOSE_ROWS,4,2,4595.305,4598.50146,4596.90323,4596.90323,4596.90323,3.19646,81.150204,91.315669,182.631339,0.75,2,4522.79,-74.11323,74.11323,74.11323,74.11323,False,False,False,False,False,red_box_edge::red_edge_1 | prior_range_fraction::prev_range_0.382,4595.305000 | 4598.501460,4 | 2
3,2026-05-04,2026-05-01,L7,RANGE_NORMAL_60_120,CLOSE_POS_MIDDLE_THIRD,ROWS_STANDARD_9_10,REGIME_RANGE_CLOSE_ROWS,1,1,4481.52875,4481.52875,4481.52875,4481.52875,4481.52875,0.0,79.174142,91.392198,91.392198,0.333333,3,4522.79,41.26125,41.26125,41.26125,41.26125,False,False,False,False,False,red_box_quarter::red_box_3_75pct,4481.528750,3
4,2026-05-04,2026-05-01,L7,RANGE_NORMAL_60_120,CLOSE_POS_MIDDLE_THIRD,ROWS_STANDARD_9_10,REGIME_RANGE_CLOSE_ROWS,2,1,4514.03625,4514.03625,4514.03625,4514.03625,4514.03625,0.0,77.26746,89.943897,89.943897,0.2,5,4522.79,8.75375,8.75375,8.75375,8.75375,False,False,False,False,False,red_box_quarter::red_box_3_25pct,4514.036250,5
1,2026-05-05,2026-05-04,L4,RANGE_WIDE_120_220,CLOSE_POS_LOWER_THIRD,ROWS_EXTENDED_11_PLUS,REGIME_RANGE_CLOSE_ROWS,2,1,4638.5,4638.5,4638.5,4638.5,4638.5,0.0,55.058275,40.617715,40.617715,1.0,1,4636.32,-2.18,2.18,2.18,2.18,False,True,True,True,True,prior_hlc::previous_high,4638.500000,1
2,2026-05-05,2026-05-04,L4,RANGE_WIDE_120_220,CLOSE_POS_LOWER_THIRD,ROWS_EXTENDED_11_PLUS,REGIME_RANGE_CLOSE_ROWS,1,1,4534.985,4534.985,4534.985,4534.985,4534.985,0.0,49.270142,37.534727,37.534727,0.5,2,4636.32,101.335,101.335,101.335,101.335,False,False,False,False,False,prior_range_fraction::prev_range_0.25,4534.985000,2
3,2026-05-05,2026-05-04,L4,RANGE_WIDE_120_220,CLOSE_POS_LOWER_THIRD,ROWS_EXTENDED_11_PLUS,REGIME_RANGE_CLOSE_ROWS,3,1,4668.5,4668.5,4668.5,4668.5,4668.5,0.0,33.732594,13.044702,13.044702,0.333333,3,4636.32,-32.18,32.18,32.18,32.18,False,False,False,False,False,green_box_edge::green_edge_2,4668.500000,3
1,2026-05-05,2026-05-04,L5,RANGE_WIDE_120_220,CLOSE_POS_LOWER_THIRD,ROWS_EXTENDED_11_PLUS,REGIME_RANGE_CLOSE_ROWS,2,1,4603.995,4603.995,4603.995,4603.995,4603.995,0.0,84.34465,91.111465,91.111465,1.0,1,4598.4,-5.595,5.595,5.595,5.595,False,False,False,False,False,prior_range_fraction::prev_range_0.75,4603.995000,1
2,2026-05-05,2026-05-04,L5,RANGE_WIDE_120_220,CLOSE_POS_LOWER_THIRD,ROWS_EXTENDED_11_PLUS,REGIME_RANGE_CLOSE_ROWS,1,1,4512.485,4512.485,4512.485,4512.485,4512.485,0.0,79.691142,89.984727,89.984727,0.5,2,4598.4,85.915,85.915,85.915,85.915,False,False,False,False,False,red_box_midline::red_mid_2,4512.485000,2
3,2026-05-05,2026-05-04,L5,RANGE_WIDE_120_220,CLOSE_POS_LOWER_THIRD,ROWS_EXTENDED_11_PLUS,REGIME_RANGE_CLOSE_ROWS,3,1,4621.2475,4621.2475,4621.2475,4621.2475,4621.2475,0.0,77.834344,89.082202,89.082202,0.333333,3,4598.4,-22.8475,22.8475,22.8475,22.8475,False,False,False,False,False,prior_range_fraction::prev_range_0.875,4621.247500,3
1,2026-05-05,2026-05-04,L6,RANGE_WIDE_120_220,CLOSE_POS_LOWER_THIRD,ROWS_EXTENDED_11_PLUS,REGIME_RANGE_CLOSE_ROWS,3,1,4585.77636,4585.77636,4585.77636,4585.77636,4585.77636,0.0,73.331631,72.123502,72.123502,1.0,1,4558.99,-26.78636,26.78636,26.78636,26.78636,False,False,False,False,False,prior_range_fraction::prev_range_0.618,4585.776360,1
2,2026-05-05,2026-05-04,L6,RANGE_WIDE_120_220,CLOSE_POS_LOWER_THIRD,ROWS_EXTENDED_11_PLUS,REGIME_RANGE_CLOSE_ROWS,2,1,4569.49,4569.49,4569.49,4569.49,4569.49,0.0,50.543525,39.730215,39.730215,0.5,2,4558.99,-10.5,10.5,10.5,10.5,False,False,False,False,False,prior_hlc::previous_mid,4569.490000,2
3,2026-05-05,2026-05-04,L6,RANGE_WIDE_120_220,CLOSE_POS_LOWER_THIRD,ROWS_EXTENDED_11_PLUS,REGIME_RANGE_CLOSE_ROWS,1,1,4523.73,4523.73,4523.73,4523.73,4523.73,0.0,48.701683,38.853477,38.853477,0.333333,3,4558.99,35.26,35.26,35.26,35.26,False,False,False,False,False,prior_hlc::previous_close,4523.730000,3
1,2026-05-05,2026-05-04,L7,RANGE_WIDE_120_220,CLOSE_POS_LOWER_THIRD,ROWS_EXTENDED_11_PLUS,REGIME_RANGE_CLOSE_ROWS,3,1,4554.49,4554.49,4554.49,4554.49,4554.49,0.0,83.091,88.95,88.95,1.0,1,4518.42,-36.07,36.07,36.07,36.07,False,False,False,False,False,red_box_edge::red_edge_1,4554.490000,1
2,2026-05-05,2026-05-04,L7,RANGE_WIDE_120_220,CLOSE_POS_LOWER_THIRD,ROWS_EXTENDED_11_PLUS,REGIME_RANGE_CLOSE_ROWS,2,1,4542.485,4542.485,4542.485,4542.485,4542.485,0.0,78.430525,87.81125,87.81125,0.5,2,4518.42,-24.065,24.065,24.065,24.065,False,False,False,False,False,green_box_midline::green_mid_1,4542.485000,2
3,2026-05-05,2026-05-04,L7,RANGE_WIDE_120_220,CLOSE_POS_LOWER_THIRD,ROWS_EXTENDED_11_PLUS,REGIME_RANGE_CLOSE_ROWS,1,1,4491.4825,4491.4825,4491.4825,4491.4825,4491.4825,0.0,29.774267,6.22,6.22,0.333333,3,4518.42,26.9375,26.9375,26.9375,26.9375,False,False,False,False,False,red_box_quarter::red_box_2_75pct,4491.482500,3
1,2026-05-06,2026-05-05,L4,RANGE_NORMAL_60_120,CLOSE_POS_MIDDLE_THIRD,ROWS_STANDARD_9_10,REGIME_RANGE_CLOSE_ROWS,2,2,4573.8025,4578.0475,4575.925,4575.925,4575.925,4.245,85.907436,93.062705,186.125411,1.333333,1,4644.75,68.825,68.825,68.825,68.825,False,False,False,False,False,red_box_quarter::red_box_1_25pct | green_box_quarter::green_box_2_25pct,4573.802500 | 4578.047500,3 | 1
2,2026-05-06,2026-05-05,L4,RANGE_NORMAL_60_120,CLOSE_POS_MIDDLE_THIRD,ROWS_STANDARD_9_10,REGIME_RANGE_CLOSE_ROWS,4,1,4629.5575,4629.5575,4629.5575,4629.5575,4629.5575,0.0,81.207237,92.598684,92.598684,0.5,2,4644.75,15.1925,15.1925,15.1925,15.1925,False,False,False,False,False,green_box_quarter::green_box_3_25pct,4629.557500,2
3,2026-05-06,2026-05-05,L4,RANGE_NORMAL_60_120,CLOSE_POS_MIDDLE_THIRD,ROWS_STANDARD_9_10,REGIME_RANGE_CLOSE_ROWS,3,1,4590.925,4590.925,4590.925,4590.925,4590.925,0.0,77.138252,89.031469,89.031469,0.25,4,4644.75,53.825,53.825,53.825,53.825,False,False,False,False,False,green_box_midline::green_mid_2,4590.925000,4
4,2026-05-06,2026-05-05,L4,RANGE_NORMAL_60_120,CLOSE_POS_MIDDLE_THIRD,ROWS_STANDARD_9_10,REGIME_RANGE_CLOSE_ROWS,1,1,4565.17,4565.17,4565.17,4565.17,4565.17,0.0,76.638342,88.859211,88.859211,0.2,5,4644.75,79.58,79.58,79.58,79.58,False,False,False,False,False,green_box_edge::green_edge_1,4565.170000,5
1,2026-05-06,2026-05-05,L5,RANGE_NORMAL_60_120,CLOSE_POS_MIDDLE_THIRD,ROWS_STANDARD_9_10,REGIME_RANGE_CLOSE_ROWS,3,1,4565.17,4565.17,4565.17,4565.17,4565.17,0.0,84.953487,92.161184,92.161184,1.0,1,4601.04,35.87,35.87,35.87,35.87,False,False,False,False,False,green_box_edge::green_edge_1,4565.170000,1
2,2026-05-06,2026-05-05,L5,RANGE_NORMAL_60_120,CLOSE_POS_MIDDLE_THIRD,ROWS_STANDARD_9_10,REGIME_RANGE_CLOSE_ROWS,4,1,4603.8025,4603.8025,4603.8025,4603.8025,4603.8025,0.0,80.670737,91.673684,91.673684,0.5,2,4601.04,-2.7625,2.7625,2.7625,2.7625,False,True,True,True,True,green_box_quarter::green_box_2_75pct,4603.802500,2
3,2026-05-06,2026-05-05,L5,RANGE_NORMAL_60_120,CLOSE_POS_MIDDLE_THIRD,ROWS_STANDARD_9_10,REGIME_RANGE_CLOSE_ROWS,1,2,4539.415,4541.55364,4540.48432,4540.48432,4540.48432,2.13864,80.201395,90.373675,180.74735,0.583333,3,4601.04,60.55568,60.55568,60.55568,60.55568,False,False,False,False,False,green_box_midline::green_mid_1 | prior_range_fraction::prev_range_0.382,4539.415000 | 4541.553640,4 | 3
4,2026-05-06,2026-05-05,L5,RANGE_NORMAL_60_120,CLOSE_POS_MIDDLE_THIRD,ROWS_STANDARD_9_10,REGIME_RANGE_CLOSE_ROWS,2,1,4552.51,4552.51,4552.51,4552.51,4552.51,0.0,76.6475,88.875,88.875,0.2,5,4601.04,48.53,48.53,48.53,48.53,False,False,False,False,False,prior_hlc::previous_pivot_hlc3,4552.510000,5
1,2026-05-06,2026-05-05,L6,RANGE_NORMAL_60_120,CLOSE_POS_MIDDLE_THIRD,ROWS_STANDARD_9_10,REGIME_RANGE_CLOSE_ROWS,3,1,4550.17,4550.17,4550.17,4550.17,4550.17,0.0,85.72275,93.4875,93.4875,1.0,1,4556.82,6.65,6.65,6.65,6.65,False,False,False,False,False,prior_hlc::previous_mid,4550.170000,1
2,2026-05-06,2026-05-05,L6,RANGE_NORMAL_60_120,CLOSE_POS_MIDDLE_THIRD,ROWS_STANDARD_9_10,REGIME_RANGE_CLOSE_ROWS,5,1,4573.8025,4573.8025,4573.8025,4573.8025,4573.8025,0.0,80.670737,91.673684,91.673684,0.5,2,4556.82,-16.9825,16.9825,16.9825,16.9825,False,False,False,False,False,red_box_quarter::red_box_1_25pct,4573.802500,2
3,2026-05-06,2026-05-05,L6,RANGE_NORMAL_60_120,CLOSE_POS_MIDDLE_THIRD,ROWS_STANDARD_9_10,REGIME_RANGE_CLOSE_ROWS,1,1,4535.17,4535.17,4535.17,4535.17,4535.17,0.0,78.494687,90.220724,90.220724,0.333333,3,4556.82,21.65,21.65,21.65,21.65,False,False,False,False,False,red_box_edge::red_edge_1,4535.170000,3
4,2026-05-06,2026-05-05,L6,RANGE_NORMAL_60_120,CLOSE_POS_MIDDLE_THIRD,ROWS_STANDARD_9_10,REGIME_RANGE_CLOSE_ROWS,4,1,4557.19,4557.19,4557.19,4557.19,4557.19,0.0,76.336237,87.648684,87.648684,0.25,4,4556.82,-0.37,0.37,0.37,0.37,False,True,True,True,True,prior_hlc::previous_close,4557.190000,4
5,2026-05-06,2026-05-05,L6,RANGE_NORMAL_60_120,CLOSE_POS_MIDDLE_THIRD,ROWS_STANDARD_9_10,REGIME_RANGE_CLOSE_ROWS,2,1,4541.55364,4541.55364,4541.55364,4541.55364,4541.55364,0.0,75.397362,86.719589,86.719589,0.2,5,4556.82,15.26636,15.26636,15.26636,15.26636,False,False,False,False,False,prior_range_fraction::prev_range_0.382,4541.553640,5
1,2026-05-06,2026-05-05,L7,RANGE_NORMAL_60_120,CLOSE_POS_MIDDLE_THIRD,ROWS_STANDARD_9_10,REGIME_RANGE_CLOSE_ROWS,3,1,4522.2925,4522.2925,4522.2925,4522.2925,4522.2925,0.0,86.322363,94.521316,94.521316,1.0,1,4510.42,-11.8725,11.8725,11.8725,11.8725,False,False,False,False,False,red_box_quarter::red_box_2_25pct,4522.292500,1
2,2026-05-06,2026-05-05,L7,RANGE_NORMAL_60_120,CLOSE_POS_MIDDLE_THIRD,ROWS_STANDARD_9_10,REGIME_RANGE_CLOSE_ROWS,5,1,4541.55364,4541.55364,4541.55364,4541.55364,4541.55364,0.0,80.549615,91.464854,91.464854,0.5,2,4510.42,-31.13364,31.13364,31.13364,31.13364,False,False,False,False,False,prior_range_fraction::prev_range_0.382,4541.553640,2
3,2026-05-06,2026-05-05,L7,RANGE_NORMAL_60_120,CLOSE_POS_MIDDLE_THIRD,ROWS_STANDARD_9_10,REGIME_RANGE_CLOSE_ROWS,1,1,4445.0275,4445.0275,4445.0275,4445.0275,4445.0275,0.0,79.145681,91.343129,91.343129,0.333333,3,4510.42,65.3925,65.3925,65.3925,65.3925,False,False,False,False,False,red_box_quarter::red_box_3_75pct,4445.027500,3
4,2026-05-06,2026-05-05,L7,RANGE_NORMAL_60_120,CLOSE_POS_MIDDLE_THIRD,ROWS_STANDARD_9_10,REGIME_RANGE_CLOSE_ROWS,4,1,4535.17,4535.17,4535.17,4535.17,4535.17,0.0,78.312217,91.055546,91.055546,0.25,4,4510.42,-24.75,24.75,24.75,24.75,False,False,False,False,False,red_box_edge::red_edge_1,4535.170000,4
5,2026-05-06,2026-05-05,L7,RANGE_NORMAL_60_120,CLOSE_POS_MIDDLE_THIRD,ROWS_STANDARD_9_10,REGIME_RANGE_CLOSE_ROWS,2,1,4470.7825,4470.7825,4470.7825,4470.7825,4470.7825,0.0,77.237763,89.892695,89.892695,0.2,5,4510.42,39.6375,39.6375,39.6375,39.6375,False,False,False,False,False,red_box_quarter::red_box_3_25pct,4470.782500,5
1,2026-05-07,2026-05-06,L4,RANGE_WIDE_120_220,CLOSE_POS_UPPER_THIRD,ROWS_STANDARD_9_10,REGIME_RANGE_CLOSE_ROWS,2,1,4778.8975,4778.8975,4778.8975,4778.8975,4778.8975,0.0,59.195356,47.750613,47.750613,1.0,1,4728.08,-50.8175,50.8175,50.8175,50.8175,False,False,False,False,False,green_box_quarter::green_box_3_25pct,4778.897500,1
2,2026-05-07,2026-05-06,L4,RANGE_WIDE_120_220,CLOSE_POS_UPPER_THIRD,ROWS_STANDARD_9_10,REGIME_RANGE_CLOSE_ROWS,1,1,4753.06,4753.06,4753.06,4753.06,4753.06,0.0,31.281373,6.519608,6.519608,0.5,2,4728.08,-24.98,24.98,24.98,24.98,False,False,False,False,False,green_box_edge::green_edge_2,4753.060000,2
1,2026-05-07,2026-05-06,L5,RANGE_WIDE_120_220,CLOSE_POS_UPPER_THIRD,ROWS_STANDARD_9_10,REGIME_RANGE_CLOSE_ROWS,1,1,4701.385,4701.385,4701.385,4701.385,4701.385,0.0,75.780299,76.345343,76.345343,1.0,1,4678.95,-22.435,22.435,22.435,22.435,False,False,False,False,False,green_box_midline::green_mid_2,4701.385000,1
2,2026-05-07,2026-05-06,L5,RANGE_WIDE_120_220,CLOSE_POS_UPPER_THIRD,ROWS_STANDARD_9_10,REGIME_RANGE_CLOSE_ROWS,2,1,4723.06,4723.06,4723.06,4723.06,4723.06,0.0,51.987373,42.219608,42.219608,0.5,2,4678.95,-44.11,44.11,44.11,44.11,False,False,False,False,False,prior_hlc::previous_high,4723.060000,2
3,2026-05-07,2026-05-06,L5,RANGE_WIDE_120_220,CLOSE_POS_UPPER_THIRD,ROWS_STANDARD_9_10,REGIME_RANGE_CLOSE_ROWS,3,1,4753.06,4753.06,4753.06,4753.06,4753.06,0.0,32.25951,10.504902,10.504902,0.333333,3,4678.95,-74.11,74.11,74.11,74.11,False,False,False,False,False,green_box_edge::green_edge_2,4753.060000,3
1,2026-05-07,2026-05-06,L6,RANGE_WIDE_120_220,CLOSE_POS_UPPER_THIRD,ROWS_STANDARD_9_10,REGIME_RANGE_CLOSE_ROWS,4,1,4700.9725,4700.9725,4700.9725,4700.9725,4700.9725,0.0,85.266498,92.700858,92.700858,1.0,1,4638.72,-62.2525,62.2525,62.2525,62.2525,False,False,False,False,False,prior_range_fraction::prev_range_0.875,4700.972500,1
2,2026-05-07,2026-05-06,L6,RANGE_WIDE_120_220,CLOSE_POS_UPPER_THIRD,ROWS_STANDARD_9_10,REGIME_RANGE_CLOSE_ROWS,3,1,4690.84,4690.84,4690.84,4690.84,4690.84,0.0,80.210343,90.879902,90.879902,0.5,2,4638.72,-52.12,52.12,52.12,52.12,False,False,False,False,False,prior_hlc::previous_close,4690.840000,2
3,2026-05-07,2026-05-06,L6,RANGE_WIDE_120_220,CLOSE_POS_UPPER_THIRD,ROWS_STANDARD_9_10,REGIME_RANGE_CLOSE_ROWS,2,1,4675.5475,4675.5475,4675.5475,4675.5475,4675.5475,0.0,78.324126,89.926654,89.926654,0.333333,3,4638.72,-36.8275,36.8275,36.8275,36.8275,False,False,False,False,False,green_box_quarter::green_box_2_25pct,4675.547500,3
4,2026-05-07,2026-05-06,L6,RANGE_WIDE_120_220,CLOSE_POS_UPPER_THIRD,ROWS_STANDARD_9_10,REGIME_RANGE_CLOSE_ROWS,1,1,4653.42,4653.42,4653.42,4653.42,4653.42,0.0,76.167549,87.357843,87.357843,0.25,4,4638.72,-14.7,14.7,14.7,14.7,False,False,False,False,False,prior_hlc::previous_pivot_hlc3,4653.420000,4
1,2026-05-07,2026-05-06,L7,RANGE_WIDE_120_220,CLOSE_POS_UPPER_THIRD,ROWS_STANDARD_9_10,REGIME_RANGE_CLOSE_ROWS,1,1,4572.1975,4572.1975,4572.1975,4572.1975,4572.1975,0.0,54.836796,40.235855,40.235855,1.0,1,4599.88,27.6825,27.6825,27.6825,27.6825,False,False,False,False,False,green_box_quarter::green_box_1_25pct,4572.197500,1
2,2026-05-07,2026-05-06,L7,RANGE_WIDE_120_220,CLOSE_POS_UPPER_THIRD,ROWS_STANDARD_9_10,REGIME_RANGE_CLOSE_ROWS,2,1,4623.8725,4623.8725,4623.8725,4623.8725,4623.8725,0.0,50.257845,39.237664,39.237664,0.5,2,4599.88,-23.9925,23.9925,23.9925,23.9925,False,False,False,False,False,green_box_quarter::green_box_1_75pct,4623.872500,2
3,2026-05-07,2026-05-06,L7,RANGE_WIDE_120_220,CLOSE_POS_UPPER_THIRD,ROWS_STANDARD_9_10,REGIME_RANGE_CLOSE_ROWS,3,1,4678.885,4678.885,4678.885,4678.885,4678.885,0.0,42.564736,28.272533,28.272533,0.333333,3,4599.88,-79.005,79.005,79.005,79.005,False,False,False,False,False,prior_range_fraction::prev_range_0.75,4678.885000,3
1,2026-05-08,2026-05-07,L4,RANGE_NORMAL_60_120,CLOSE_POS_LOWER_THIRD,ROWS_STANDARD_9_10,REGIME_RANGE_CLOSE_ROWS,4,1,4753.71375,4753.71375,4753.71375,4753.71375,4753.71375,0.0,85.198443,92.583523,92.583523,1.0,1,4730.4,-23.31375,23.31375,23.31375,23.31375,False,False,False,False,False,green_box_quarter::green_box_2_25pct,4753.713750,1
2,2026-05-08,2026-05-07,L4,RANGE_NORMAL_60_120,CLOSE_POS_LOWER_THIRD,ROWS_STANDARD_9_10,REGIME_RANGE_CLOSE_ROWS,5,1,4794.81,4794.81,4794.81,4794.81,4794.81,0.0,80.616513,91.580195,91.580195,0.5,2,4730.4,-64.41,64.41,64.41,64.41,False,False,False,False,False,green_box_edge::green_edge_2,4794.810000,2
3,2026-05-08,2026-05-07,L4,RANGE_NORMAL_60_120,CLOSE_POS_LOWER_THIRD,ROWS_STANDARD_9_10,REGIME_RANGE_CLOSE_ROWS,3,1,4740.015,4740.015,4740.015,4740.015,4740.015,0.0,79.119913,91.298701,91.298701,0.333333,3,4730.4,-9.615,9.615,9.615,9.615,False,False,False,False,False,green_box_edge::green_edge_1,4740.015000,3
4,2026-05-08,2026-05-07,L4,RANGE_NORMAL_60_120,CLOSE_POS_LOWER_THIRD,ROWS_STANDARD_9_10,REGIME_RANGE_CLOSE_ROWS,1,1,4712.37,4712.37,4712.37,4712.37,4712.37,0.0,77.082777,88.935823,88.935823,0.25,4,4730.4,18.03,18.03,18.03,18.03,False,False,False,False,False,prior_hlc::previous_pivot_hlc3,4712.370000,4
5,2026-05-08,2026-05-07,L4,RANGE_NORMAL_60_120,CLOSE_POS_LOWER_THIRD,ROWS_STANDARD_9_10,REGIME_RANGE_CLOSE_ROWS,2,1,4726.31625,4726.31625,4726.31625,4726.31625,4726.31625,0.0,75.467092,86.839813,86.839813,0.2,5,4730.4,4.08375,4.08375,4.08375,4.08375,False,False,True,False,True,green_box_quarter::green_box_1_75pct,4726.316250,5
1,2026-05-08,2026-05-07,L5,RANGE_NORMAL_60_120,CLOSE_POS_LOWER_THIRD,ROWS_STANDARD_9_10,REGIME_RANGE_CLOSE_ROWS,1,1,4696.31625,4696.31625,4696.31625,4696.31625,4696.31625,0.0,85.762778,93.556514,93.556514,1.0,1,4682.05,-14.26625,14.26625,14.26625,14.26625,False,False,False,False,False,red_box_quarter::red_box_2_25pct,4696.316250,1
2,2026-05-08,2026-05-07,L5,RANGE_NORMAL_60_120,CLOSE_POS_LOWER_THIRD,ROWS_STANDARD_9_10,REGIME_RANGE_CLOSE_ROWS,3,1,4744.9125,4744.9125,4744.9125,4744.9125,4744.9125,0.0,81.286761,92.735795,92.735795,0.5,2,4682.05,-62.8625,62.8625,62.8625,62.8625,False,False,False,False,False,prior_range_fraction::prev_range_0.75,4744.912500,2
3,2026-05-08,2026-05-07,L5,RANGE_NORMAL_60_120,CLOSE_POS_LOWER_THIRD,ROWS_STANDARD_9_10,REGIME_RANGE_CLOSE_ROWS,2,2,4711.749973,4712.6175,4712.183737,4712.183737,4712.183737,0.867527,80.527869,89.697631,179.395263,0.533333,3,4682.05,-30.133736,30.133736,30.133736,30.133736,False,False,False,False,False,prior_range_fraction::prev_range_0.333333 | green_box_midline::green_mid_1,4711.749973 | 4712.617500,3 | 5
4,2026-05-08,2026-05-07,L5,RANGE_NORMAL_60_120,CLOSE_POS_LOWER_THIRD,ROWS_STANDARD_9_10,REGIME_RANGE_CLOSE_ROWS,4,1,4754.86125,4754.86125,4754.86125,4754.86125,4754.86125,0.0,77.964013,90.455195,90.455195,0.25,4,4682.05,-72.81125,72.81125,72.81125,72.81125,False,False,False,False,False,prior_range_fraction::prev_range_0.875,4754.861250,4
1,2026-05-08,2026-05-07,L6,RANGE_NORMAL_60_120,CLOSE_POS_LOWER_THIRD,ROWS_STANDARD_9_10,REGIME_RANGE_CLOSE_ROWS,1,3,4695.16875,4698.91875,4697.04375,4696.80125,4696.31625,3.75,88.838495,92.020394,276.061181,1.533333,1,4635.49,-61.55375,61.55375,61.31125,60.82625,False,False,False,False,False,prior_range_fraction::prev_range_0.125 | red_box_quarter::red_box_2_25pct | green_box_quarter::green_box_1_25pct,4695.168750 | 4696.316250 | 4698.918750,3 | 5 | 1
2,2026-05-08,2026-05-07,L6,RANGE_NORMAL_60_120,CLOSE_POS_LOWER_THIRD,ROWS_STANDARD_9_10,REGIME_RANGE_CLOSE_ROWS,2,1,4705.1175,4705.1175,4705.1175,4705.1175,4705.1175,0.0,81.468011,93.048295,93.048295,0.5,2,4635.49,-69.6275,69.6275,69.6275,69.6275,False,False,False,False,False,prior_range_fraction::prev_range_0.25,4705.117500,2
3,2026-05-08,2026-05-07,L6,RANGE_NORMAL_60_120,CLOSE_POS_LOWER_THIRD,ROWS_STANDARD_9_10,REGIME_RANGE_CLOSE_ROWS,3,1,4712.37,4712.37,4712.37,4712.37,4712.37,0.0,78.90168,92.071862,92.071862,0.25,4,4635.49,-76.88,76.88,76.88,76.88,False,False,False,False,False,prior_hlc::previous_pivot_hlc3,4712.370000,4
1,2026-05-08,2026-05-07,L7,RANGE_NORMAL_60_120,CLOSE_POS_LOWER_THIRD,ROWS_STANDARD_9_10,REGIME_RANGE_CLOSE_ROWS,1,1,4600.425,4600.425,4600.425,4600.425,4600.425,0.0,85.610588,93.294118,93.294118,1.0,1,4595.54,-4.885,4.885,4.885,4.885,False,False,True,False,True,red_box_edge::red_edge_3,4600.425000,1
2,2026-05-08,2026-05-07,L7,RANGE_NORMAL_60_120,CLOSE_POS_LOWER_THIRD,ROWS_STANDARD_9_10,REGIME_RANGE_CLOSE_ROWS,5,1,4695.16875,4695.16875,4695.16875,4695.16875,4695.16875,0.0,79.963275,90.453922,90.453922,0.5,2,4595.54,-99.62875,99.62875,99.62875,99.62875,False,False,False,False,False,prior_range_fraction::prev_range_0.125,4695.168750,2
3,2026-05-08,2026-05-07,L7,RANGE_NORMAL_60_120,CLOSE_POS_LOWER_THIRD,ROWS_STANDARD_9_10,REGIME_RANGE_CLOSE_ROWS,3,1,4668.91875,4668.91875,4668.91875,4668.91875,4668.91875,0.0,58.019115,54.918015,54.918015,0.333333,3,4595.54,-73.37875,73.37875,73.37875,73.37875,False,False,False,False,False,red_box_quarter::red_box_2_75pct,4668.918750,3
4,2026-05-08,2026-05-07,L7,RANGE_NORMAL_60_120,CLOSE_POS_LOWER_THIRD,ROWS_STANDARD_9_10,REGIME_RANGE_CLOSE_ROWS,4,1,4685.22,4685.22,4685.22,4685.22,4685.22,0.0,55.166432,51.14902,51.14902,0.25,4,4595.54,-89.68,89.68,89.68,89.68,False,False,False,False,False,prior_hlc::previous_low,4685.220000,4
5,2026-05-08,2026-05-07,L7,RANGE_NORMAL_60_120,CLOSE_POS_LOWER_THIRD,ROWS_STANDARD_9_10,REGIME_RANGE_CLOSE_ROWS,2,1,4627.8225,4627.8225,4627.8225,4627.8225,4627.8225,0.0,49.697722,42.409865,42.409865,0.2,5,4595.54,-32.2825,32.2825,32.2825,32.2825,False,False,False,False,False,red_box_midline::red_mid_3,4627.822500,5
1,2026-05-11,2026-05-08,L4,RANGE_NORMAL_60_120,CLOSE_POS_MIDDLE_THIRD,ROWS_STANDARD_9_10,REGIME_RANGE_CLOSE_ROWS,2,2,4736.66625,4741.19875,4738.9325,4738.9325,4738.9325,4.5325,85.603698,92.975227,185.950454,1.333333,1,4790.81,51.8775,51.8775,51.8775,51.8775,False,False,False,False,False,red_box_quarter::red_box_1_25pct | green_box_quarter::green_box_2_25pct,4736.666250 | 4741.198750,3 | 1
2,2026-05-11,2026-05-08,L4,RANGE_NORMAL_60_120,CLOSE_POS_MIDDLE_THIRD,ROWS_STANDARD_9_10,REGIME_RANGE_CLOSE_ROWS,4,1,4792.13375,4792.13375,4792.13375,4792.13375,4792.13375,0.0,81.142984,92.487903,92.487903,0.5,2,4790.81,-1.32375,1.32375,1.32375,1.32375,False,True,True,True,True,green_box_quarter::green_box_3_25pct,4792.133750,2
3,2026-05-11,2026-05-08,L4,RANGE_NORMAL_60_120,CLOSE_POS_MIDDLE_THIRD,ROWS_STANDARD_9_10,REGIME_RANGE_CLOSE_ROWS,3,1,4753.9325,4753.9325,4753.9325,4753.9325,4753.9325,0.0,77.097042,88.960417,88.960417,0.25,4,4790.81,36.8775,36.8775,36.8775,36.8775,False,False,False,False,False,green_box_midline::green_mid_2,4753.932500,4
4,2026-05-11,2026-05-08,L4,RANGE_NORMAL_60_120,CLOSE_POS_MIDDLE_THIRD,ROWS_STANDARD_9_10,REGIME_RANGE_CLOSE_ROWS,1,1,4728.465,4728.465,4728.465,4728.465,4728.465,0.0,76.633467,88.850806,88.850806,0.2,5,4790.81,62.345,62.345,62.345,62.345,False,False,False,False,False,green_box_edge::green_edge_1,4728.465000,5
1,2026-05-11,2026-05-08,L5,RANGE_NORMAL_60_120,CLOSE_POS_MIDDLE_THIRD,ROWS_STANDARD_9_10,REGIME_RANGE_CLOSE_ROWS,3,1,4728.465,4728.465,4728.465,4728.465,4728.465,0.0,84.922911,92.108468,92.108468,1.0,1,4756.62,28.155,28.155,28.155,28.155,False,False,False,False,False,green_box_edge::green_edge_1,4728.465000,1
2,2026-05-11,2026-05-08,L5,RANGE_NORMAL_60_120,CLOSE_POS_MIDDLE_THIRD,ROWS_STANDARD_9_10,REGIME_RANGE_CLOSE_ROWS,1,2,4702.9975,4704.98434,4703.99092,4703.99092,4703.99092,1.98684,82.292882,90.301095,180.602189,0.833333,2,4756.62,52.62908,52.62908,52.62908,52.62908,False,False,False,False,False,green_box_midline::green_mid_1 | prior_range_fraction::prev_range_0.382,4702.997500 | 4704.984340,3 | 2
3,2026-05-11,2026-05-08,L5,RANGE_NORMAL_60_120,CLOSE_POS_MIDDLE_THIRD,ROWS_STANDARD_9_10,REGIME_RANGE_CLOSE_ROWS,2,2,4711.19875,4714.183333,4712.691042,4712.691042,4712.691042,2.984583,77.507444,88.851512,177.703024,0.45,4,4756.62,43.928958,43.928958,43.928958,43.928958,False,False,False,False,False,red_box_quarter::red_box_1_75pct | prior_hlc::previous_pivot_hlc3,4711.198750 | 4714.183333,4 | 5
1,2026-05-11,2026-05-08,L6,RANGE_NORMAL_60_120,CLOSE_POS_MIDDLE_THIRD,ROWS_STANDARD_9_10,REGIME_RANGE_CLOSE_ROWS,3,2,4713.465,4715.62,4714.5425,4714.5425,4714.5425,2.155,89.354765,93.536492,187.072984,1.5,1,4721.87,7.3275,7.3275,7.3275,7.3275,False,False,False,False,False,prior_hlc::previous_mid | prior_hlc::previous_close,4713.465000 | 4715.620000,2 | 1
2,2026-05-11,2026-05-08,L6,RANGE_NORMAL_60_120,CLOSE_POS_MIDDLE_THIRD,ROWS_STANDARD_9_10,REGIME_RANGE_CLOSE_ROWS,4,1,4736.66625,4736.66625,4736.66625,4736.66625,4736.66625,0.0,79.27315,91.562903,91.562903,0.333333,3,4721.87,-14.79625,14.79625,14.79625,14.79625,False,False,False,False,False,red_box_quarter::red_box_1_25pct,4736.666250,3
3,2026-05-11,2026-05-08,L6,RANGE_NORMAL_60_120,CLOSE_POS_MIDDLE_THIRD,ROWS_STANDARD_9_10,REGIME_RANGE_CLOSE_ROWS,1,1,4698.465,4698.465,4698.465,4698.465,4698.465,0.0,77.810738,90.190927,90.190927,0.25,4,4721.87,23.405,23.405,23.405,23.405,False,False,False,False,False,red_box_edge::red_edge_1,4698.465000,4
4,2026-05-11,2026-05-08,L6,RANGE_NORMAL_60_120,CLOSE_POS_MIDDLE_THIRD,ROWS_STANDARD_9_10,REGIME_RANGE_CLOSE_ROWS,2,1,4704.98434,4704.98434,4704.98434,4704.98434,4704.98434,0.0,75.376978,86.684445,86.684445,0.2,5,4721.87,16.88566,16.88566,16.88566,16.88566,False,False,False,False,False,prior_range_fraction::prev_range_0.382,4704.984340,5
1,2026-05-11,2026-05-08,L7,RANGE_NORMAL_60_120,CLOSE_POS_MIDDLE_THIRD,ROWS_STANDARD_9_10,REGIME_RANGE_CLOSE_ROWS,3,1,4685.73125,4685.73125,4685.73125,4685.73125,4685.73125,0.0,86.271631,94.433847,94.433847,1.0,1,4684.33,-1.40125,1.40125,1.40125,1.40125,False,True,True,True,True,red_box_quarter::red_box_2_25pct,4685.731250,1
2,2026-05-11,2026-05-08,L7,RANGE_NORMAL_60_120,CLOSE_POS_MIDDLE_THIRD,ROWS_STANDARD_9_10,REGIME_RANGE_CLOSE_ROWS,2,1,4672.9975,4672.9975,4672.9975,4672.9975,4672.9975,0.0,80.807555,91.909578,91.909578,0.5,2,4684.33,11.3325,11.3325,11.3325,11.3325,False,False,False,False,False,red_box_midline::red_mid_2,4672.997500,2
3,2026-05-11,2026-05-08,L7,RANGE_NORMAL_60_120,CLOSE_POS_MIDDLE_THIRD,ROWS_STANDARD_9_10,REGIME_RANGE_CLOSE_ROWS,5,1,4704.98434,4704.98434,4704.98434,4704.98434,4704.98434,0.0,79.151633,91.35339,91.35339,0.333333,3,4684.33,-20.65434,20.65434,20.65434,20.65434,False,False,False,False,False,prior_range_fraction::prev_range_0.382,4704.984340,3
4,2026-05-11,2026-05-08,L7,RANGE_NORMAL_60_120,CLOSE_POS_MIDDLE_THIRD,ROWS_STANDARD_9_10,REGIME_RANGE_CLOSE_ROWS,1,1,4609.32875,4609.32875,4609.32875,4609.32875,4609.32875,0.0,78.437711,91.271916,91.271916,0.25,4,4684.33,75.00125,75.00125,75.00125,75.00125,False,False,False,False,False,red_box_quarter::red_box_3_75pct,4609.328750,4
5,2026-05-11,2026-05-08,L7,RANGE_NORMAL_60_120,CLOSE_POS_MIDDLE_THIRD,ROWS_STANDARD_9_10,REGIME_RANGE_CLOSE_ROWS,4,1,4698.465,4698.465,4698.465,4698.465,4698.465,0.0,77.883483,91.006006,91.006006,0.2,5,4684.33,-14.135,14.135,14.135,14.135,False,False,False,False,False,red_box_edge::red_edge_1,4698.465000,5
1,2026-05-12,2026-05-11,L4,RANGE_NORMAL_60_120,CLOSE_POS_UPPER_THIRD,ROWS_STANDARD_9_10,REGIME_RANGE_CLOSE_ROWS,1,1,4715.073367,4715.073367,4715.073367,4715.073367,4715.073367,0.0,83.881847,90.313529,90.313529,1.0,1,4786.09,71.016633,71.016633,71.016633,71.016633,False,False,False,False,False,prior_range_fraction::prev_range_0.666667,4715.073367,1
2,2026-05-12,2026-05-11,L4,RANGE_NORMAL_60_120,CLOSE_POS_UPPER_THIRD,ROWS_STANDARD_9_10,REGIME_RANGE_CLOSE_ROWS,3,1,4732.23375,4732.23375,4732.23375,4732.23375,4732.23375,0.0,77.151207,85.605529,85.605529,0.5,2,4786.09,53.85625,53.85625,53.85625,53.85625,False,False,False,False,False,red_box_quarter::red_box_1_25pct,4732.233750,2
3,2026-05-12,2026-05-11,L4,RANGE_NORMAL_60_120,CLOSE_POS_UPPER_THIRD,ROWS_STANDARD_9_10,REGIME_RANGE_CLOSE_ROWS,2,1,4723.4375,4723.4375,4723.4375,4723.4375,4723.4375,0.0,72.957609,80.674038,80.674038,0.333333,3,4786.09,62.6525,62.6525,62.6525,62.6525,False,False,False,False,False,prior_range_fraction::prev_range_0.75,4723.437500,3
4,2026-05-12,2026-05-11,L4,RANGE_NORMAL_60_120,CLOSE_POS_UPPER_THIRD,ROWS_STANDARD_9_10,REGIME_RANGE_CLOSE_ROWS,4,1,4745.9375,4745.9375,4745.9375,4745.9375,4745.9375,0.0,72.242841,80.591106,80.591106,0.25,4,4786.09,40.1525,40.1525,40.1525,40.1525,False,False,False,False,False,green_box_midline::green_mid_2,4745.937500,4
5,2026-05-12,2026-05-11,L4,RANGE_NORMAL_60_120,CLOSE_POS_UPPER_THIRD,ROWS_STANDARD_9_10,REGIME_RANGE_CLOSE_ROWS,5,1,4794.82625,4794.82625,4794.82625,4794.82625,4794.82625,0.0,52.584192,47.386538,47.386538,0.2,5,4786.09,-8.73625,8.73625,8.73625,8.73625,False,False,False,False,False,green_box_quarter::green_box_3_25pct,4794.826250,5
1,2026-05-12,2026-05-11,L5,RANGE_NORMAL_60_120,CLOSE_POS_UPPER_THIRD,ROWS_STANDARD_9_10,REGIME_RANGE_CLOSE_ROWS,3,3,4729.64125,4735.98375,4732.8125,4732.619583,4732.23375,6.3425,88.398067,92.895633,278.686898,1.7,1,4752.28,19.4675,19.4675,19.660417,20.04625,False,False,False,False,False,green_box_quarter::green_box_2_25pct | red_box_quarter::red_box_1_25pct | prior_range_fraction::prev_range_0.875,4729.641250 | 4732.233750 | 4735.983750,5 | 2 | 1
2,2026-05-12,2026-05-11,L5,RANGE_NORMAL_60_120,CLOSE_POS_UPPER_THIRD,ROWS_STANDARD_9_10,REGIME_RANGE_CLOSE_ROWS,2,1,4713.345,4713.345,4713.345,4713.345,4713.345,0.0,80.15909,93.090385,93.090385,0.333333,3,4752.28,38.935,38.935,38.935,38.935,False,False,False,False,False,green_box_edge::green_edge_1,4713.345000,3
3,2026-05-12,2026-05-11,L5,RANGE_NORMAL_60_120,CLOSE_POS_UPPER_THIRD,ROWS_STANDARD_9_10,REGIME_RANGE_CLOSE_ROWS,1,1,4686.50134,4686.50134,4686.50134,4686.50134,4686.50134,0.0,78.878712,92.032262,92.032262,0.25,4,4752.28,65.77866,65.77866,65.77866,65.77866,False,False,False,False,False,prior_range_fraction::prev_range_0.382,4686.501340,4
1,2026-05-12,2026-05-11,L6,RANGE_NORMAL_60_120,CLOSE_POS_UPPER_THIRD,ROWS_STANDARD_9_10,REGIME_RANGE_CLOSE_ROWS,2,2,4698.345,4699.64125,4698.993125,4698.993125,4698.993125,1.29625,87.88946,93.155449,186.310897,1.25,1,4717.37,18.376875,18.376875,18.376875,18.376875,False,False,False,False,False,prior_hlc::previous_mid | red_box_quarter::red_box_1_75pct,4698.345000 | 4699.641250,1 | 4
2,2026-05-12,2026-05-11,L6,RANGE_NORMAL_60_120,CLOSE_POS_UPPER_THIRD,ROWS_STANDARD_9_10,REGIME_RANGE_CLOSE_ROWS,1,1,4664.45625,4664.45625,4664.45625,4664.45625,4664.45625,0.0,81.777404,93.581731,93.581731,0.5,2,4717.37,52.91375,52.91375,52.91375,52.91375,False,False,False,False,False,green_box_quarter::green_box_1_25pct,4664.456250,2
3,2026-05-12,2026-05-11,L6,RANGE_NORMAL_60_120,CLOSE_POS_UPPER_THIRD,ROWS_STANDARD_9_10,REGIME_RANGE_CLOSE_ROWS,3,2,4715.073367,4715.9375,4715.505434,4715.505434,4715.505434,0.864133,81.609244,91.556921,183.113841,0.533333,3,4717.37,1.864566,1.864566,1.864566,1.864566,False,True,True,True,True,prior_range_fraction::prev_range_0.666667 | red_box_midline::red_mid_1,4715.073367 | 4715.937500,5 | 3
1,2026-05-12,2026-05-11,L7,RANGE_NORMAL_60_120,CLOSE_POS_UPPER_THIRD,ROWS_STANDARD_9_10,REGIME_RANGE_CLOSE_ROWS,1,3,4660.70625,4667.04875,4663.8775,4664.070417,4664.45625,6.3425,87.716803,91.031384,273.094153,1.75,1,4680.73,16.8525,16.8525,16.659583,16.27375,False,False,False,False,False,prior_range_fraction::prev_range_0.125 | green_box_quarter::green_box_1_25pct | red_box_quarter::red_box_2_25pct,4660.706250 | 4664.456250 | 4667.048750,4 | 1 | 2
2,2026-05-12,2026-05-11,L7,RANGE_NORMAL_60_120,CLOSE_POS_UPPER_THIRD,ROWS_STANDARD_9_10,REGIME_RANGE_CLOSE_ROWS,3,1,4729.64125,4729.64125,4729.64125,4729.64125,4729.64125,0.0,78.621937,90.440121,90.440121,0.333333,3,4680.73,-48.91125,48.91125,48.91125,48.91125,False,False,False,False,False,green_box_quarter::green_box_2_25pct,4729.641250,3
3,2026-05-12,2026-05-11,L7,RANGE_NORMAL_60_120,CLOSE_POS_UPPER_THIRD,ROWS_STANDARD_9_10,REGIME_RANGE_CLOSE_ROWS,2,1,4673.2525,4673.2525,4673.2525,4673.2525,4673.2525,0.0,76.616161,88.820968,88.820968,0.2,5,4680.73,7.4775,7.4775,7.4775,7.4775,False,False,False,False,False,prior_range_fraction::prev_range_0.25,4673.252500,5
1,2026-05-13,2026-05-12,L4,RANGE_WIDE_120_220,CLOSE_POS_MIDDLE_THIRD,ROWS_STANDARD_9_10,REGIME_RANGE_CLOSE_ROWS,3,1,4756.5725,4756.5725,4756.5725,4756.5725,4756.5725,0.0,85.09686,92.40838,92.40838,1.0,1,4786.09,29.5175,29.5175,29.5175,29.5175,False,False,False,False,False,prior_range_fraction::prev_range_0.875,4756.572500,1
2,2026-05-13,2026-05-12,L4,RANGE_WIDE_120_220,CLOSE_POS_MIDDLE_THIRD,ROWS_STANDARD_9_10,REGIME_RANGE_CLOSE_ROWS,1,1,4690.85,4690.85,4690.85,4690.85,4690.85,0.0,79.66472,89.939172,89.939172,0.5,2,4786.09,95.24,95.24,95.24,95.24,False,False,False,False,False,red_box_edge::red_edge_1,4690.850000,2
3,2026-05-13,2026-05-12,L4,RANGE_WIDE_120_220,CLOSE_POS_MIDDLE_THIRD,ROWS_STANDARD_9_10,REGIME_RANGE_CLOSE_ROWS,2,1,4739.665,4739.665,4739.665,4739.665,4739.665,0.0,75.138785,84.434687,84.434687,0.333333,3,4786.09,46.425,46.425,46.425,46.425,False,False,False,False,False,prior_range_fraction::prev_range_0.75,4739.665000,3
4,2026-05-13,2026-05-12,L4,RANGE_WIDE_120_220,CLOSE_POS_MIDDLE_THIRD,ROWS_STANDARD_9_10,REGIME_RANGE_CLOSE_ROWS,5,1,4782.8225,4782.8225,4782.8225,4782.8225,4782.8225,0.0,54.849651,50.602846,50.602846,0.25,4,4786.09,3.2675,3.2675,3.2675,3.2675,False,False,True,False,True,green_box_quarter::green_box_2_75pct,4782.822500,4
5,2026-05-13,2026-05-12,L4,RANGE_WIDE_120_220,CLOSE_POS_MIDDLE_THIRD,ROWS_STANDARD_9_10,REGIME_RANGE_CLOSE_ROWS,4,1,4762.165,4762.165,4762.165,4762.165,4762.165,0.0,54.403288,50.52291,50.52291,0.2,5,4786.09,23.925,23.925,23.925,23.925,False,False,False,False,False,green_box_midline::green_mid_2,4762.165000,5
1,2026-05-13,2026-05-12,L5,RANGE_WIDE_120_220,CLOSE_POS_MIDDLE_THIRD,ROWS_STANDARD_9_10,REGIME_RANGE_CLOSE_ROWS,2,1,4705.85,4705.85,4705.85,4705.85,4705.85,0.0,84.578035,91.513854,91.513854,1.0,1,4746.53,40.68,40.68,40.68,40.68,False,False,False,False,False,prior_hlc::previous_mid,4705.850000,1
2,2026-05-13,2026-05-12,L5,RANGE_WIDE_120_220,CLOSE_POS_MIDDLE_THIRD,ROWS_STANDARD_9_10,REGIME_RANGE_CLOSE_ROWS,4,1,4732.165,4732.165,4732.165,4732.165,4732.165,0.0,79.568923,89.774005,89.774005,0.5,2,4746.53,14.365,14.365,14.365,14.365,False,False,False,False,False,red_box_midline::red_mid_1,4732.165000,2
3,2026-05-13,2026-05-12,L5,RANGE_WIDE_120_220,CLOSE_POS_MIDDLE_THIRD,ROWS_STANDARD_9_10,REGIME_RANGE_CLOSE_ROWS,3,1,4711.5075,4711.5075,4711.5075,4711.5075,4711.5075,0.0,78.093187,89.528483,89.528483,0.333333,3,4746.53,35.0225,35.0225,35.0225,35.0225,False,False,False,False,False,red_box_quarter::red_box_1_75pct,4711.507500,3
4,2026-05-13,2026-05-12,L5,RANGE_WIDE_120_220,CLOSE_POS_MIDDLE_THIRD,ROWS_STANDARD_9_10,REGIME_RANGE_CLOSE_ROWS,5,1,4756.5725,4756.5725,4756.5725,4756.5725,4756.5725,0.0,77.324651,89.352846,89.352846,0.25,4,4746.53,-10.0425,10.0425,10.0425,10.0425,False,False,False,False,False,prior_range_fraction::prev_range_0.875,4756.572500,4
5,2026-05-13,2026-05-12,L5,RANGE_WIDE_120_220,CLOSE_POS_MIDDLE_THIRD,ROWS_STANDARD_9_10,REGIME_RANGE_CLOSE_ROWS,1,1,4700.1925,4700.1925,4700.1925,4700.1925,4700.1925,0.0,76.761676,89.071855,89.071855,0.2,5,4746.53,46.3375,46.3375,46.3375,46.3375,False,False,False,False,False,green_box_quarter::green_box_1_75pct,4700.192500,5
1,2026-05-13,2026-05-12,L6,RANGE_WIDE_120_220,CLOSE_POS_MIDDLE_THIRD,ROWS_STANDARD_9_10,REGIME_RANGE_CLOSE_ROWS,2,1,4683.306622,4683.306622,4683.306622,4683.306622,4683.306622,0.0,85.67991,93.413638,93.413638,1.0,1,4707.42,24.113378,24.113378,24.113378,24.113378,False,False,False,False,False,prior_range_fraction::prev_range_0.333333,4683.306622,1
2,2026-05-13,2026-05-12,L6,RANGE_WIDE_120_220,CLOSE_POS_MIDDLE_THIRD,ROWS_STANDARD_9_10,REGIME_RANGE_CLOSE_ROWS,1,1,4670.1925,4670.1925,4670.1925,4670.1925,4670.1925,0.0,81.549535,93.188854,93.188854,0.5,2,4707.42,37.2275,37.2275,37.2275,37.2275,False,False,False,False,False,red_box_quarter::red_box_2_25pct,4670.192500,2
3,2026-05-13,2026-05-12,L6,RANGE_WIDE_120_220,CLOSE_POS_MIDDLE_THIRD,ROWS_STANDARD_9_10,REGIME_RANGE_CLOSE_ROWS,4,1,4708.95,4708.95,4708.95,4708.95,4708.95,0.0,79.476547,91.913587,91.913587,0.333333,3,4707.42,-1.53,1.53,1.53,1.53,False,True,True,True,True,prior_hlc::previous_pivot_hlc3,4708.950000,3
4,2026-05-13,2026-05-12,L6,RANGE_WIDE_120_220,CLOSE_POS_MIDDLE_THIRD,ROWS_STANDARD_9_10,REGIME_RANGE_CLOSE_ROWS,5,1,4741.5075,4741.5075,4741.5075,4741.5075,4741.5075,0.0,77.117853,88.996298,88.996298,0.25,4,4707.42,-34.0875,34.0875,34.0875,34.0875,False,False,False,False,False,green_box_quarter::green_box_2_25pct,4741.507500,4
5,2026-05-13,2026-05-12,L6,RANGE_WIDE_120_220,CLOSE_POS_MIDDLE_THIRD,ROWS_STANDARD_9_10,REGIME_RANGE_CLOSE_ROWS,3,1,4689.88932,4689.88932,4689.88932,4689.88932,4689.88932,0.0,68.47545,74.785258,74.785258,0.2,5,4707.42,17.53068,17.53068,17.53068,17.53068,False,False,False,False,False,prior_range_fraction::prev_range_0.382,4689.889320,5
1,2026-05-13,2026-05-12,L7,RANGE_WIDE_120_220,CLOSE_POS_MIDDLE_THIRD,ROWS_STANDARD_9_10,REGIME_RANGE_CLOSE_ROWS,3,2,4689.88932,4690.85,4690.36966,4690.36966,4690.36966,0.96068,87.709352,91.186351,182.372701,1.333333,1,4670.27,-20.09966,20.09966,20.09966,20.09966,False,False,False,False,False,prior_range_fraction::prev_range_0.382 | red_box_edge::red_edge_1,4689.889320 | 4690.850000,1 | 3
2,2026-05-13,2026-05-12,L7,RANGE_WIDE_120_220,CLOSE_POS_MIDDLE_THIRD,ROWS_STANDARD_9_10,REGIME_RANGE_CLOSE_ROWS,2,1,4658.8775,4658.8775,4658.8775,4658.8775,4658.8775,0.0,80.437687,91.271875,91.271875,0.5,2,4670.27,11.3925,11.3925,11.3925,11.3925,False,False,False,False,False,green_box_quarter::green_box_1_25pct,4658.877500,2
3,2026-05-13,2026-05-12,L7,RANGE_WIDE_120_220,CLOSE_POS_MIDDLE_THIRD,ROWS_STANDARD_9_10,REGIME_RANGE_CLOSE_ROWS,4,1,4711.5075,4711.5075,4711.5075,4711.5075,4711.5075,0.0,74.655836,84.751442,84.751442,0.25,4,4670.27,-41.2375,41.2375,41.2375,41.2375,False,False,False,False,False,red_box_quarter::red_box_1_75pct,4711.507500,4
4,2026-05-13,2026-05-12,L7,RANGE_WIDE_120_220,CLOSE_POS_MIDDLE_THIRD,ROWS_STANDARD_9_10,REGIME_RANGE_CLOSE_ROWS,1,1,4638.22,4638.22,4638.22,4638.22,4638.22,0.0,73.939346,84.205769,84.205769,0.2,5,4670.27,32.05,32.05,32.05,32.05,False,False,False,False,False,prior_hlc::previous_low,4638.220000,5
1,2026-05-14,2026-05-13,L4,RANGE_COMPRESSED_0_60,CLOSE_POS_MIDDLE_THIRD,ROWS_STANDARD_9_10,REGIME_RANGE_CLOSE_ROWS,2,1,4726.78,4726.78,4726.78,4726.78,4726.78,0.0,82.704088,88.282911,88.282911,1.0,1,4768.67,41.89,41.89,41.89,41.89,False,False,False,False,False,prior_hlc::previous_high,4726.780000,1
2,2026-05-14,2026-05-13,L4,RANGE_COMPRESSED_0_60,CLOSE_POS_MIDDLE_THIRD,ROWS_STANDARD_9_10,REGIME_RANGE_CLOSE_ROWS,1,1,4715.86625,4715.86625,4715.86625,4715.86625,4715.86625,0.0,78.509922,87.948141,87.948141,0.5,2,4768.67,52.80375,52.80375,52.80375,52.80375,False,False,False,False,False,red_box_quarter::red_box_1_25pct,4715.866250,2
3,2026-05-14,2026-05-13,L4,RANGE_COMPRESSED_0_60,CLOSE_POS_MIDDLE_THIRD,ROWS_STANDARD_9_10,REGIME_RANGE_CLOSE_ROWS,3,1,4745.86625,4745.86625,4745.86625,4745.86625,4745.86625,0.0,75.622955,85.269462,85.269462,0.333333,3,4768.67,22.80375,22.80375,22.80375,22.80375,False,False,False,False,False,green_box_quarter::green_box_2_75pct,4745.866250,3
1,2026-05-14,2026-05-13,L5,RANGE_COMPRESSED_0_60,CLOSE_POS_MIDDLE_THIRD,ROWS_STANDARD_9_10,REGIME_RANGE_CLOSE_ROWS,3,1,4712.4525,4712.4525,4712.4525,4712.4525,4712.4525,0.0,83.254538,89.231962,89.231962,1.0,1,4734.88,22.4275,22.4275,22.4275,22.4275,False,False,False,False,False,prior_range_fraction::prev_range_0.75,4712.452500,1
2,2026-05-14,2026-05-13,L5,RANGE_COMPRESSED_0_60,CLOSE_POS_MIDDLE_THIRD,ROWS_STANDARD_9_10,REGIME_RANGE_CLOSE_ROWS,2,1,4688.573314,4688.573314,4688.573314,4688.573314,4688.573314,0.0,79.144875,89.042888,89.042888,0.5,2,4734.88,46.306686,46.306686,46.306686,46.306686,False,False,False,False,False,prior_range_fraction::prev_range_0.333333,4688.573314,2
3,2026-05-14,2026-05-13,L5,RANGE_COMPRESSED_0_60,CLOSE_POS_MIDDLE_THIRD,ROWS_STANDARD_9_10,REGIME_RANGE_CLOSE_ROWS,1,1,4683.125,4683.125,4683.125,4683.125,4683.125,0.0,77.240255,88.057911,88.057911,0.333333,3,4734.88,51.755,51.755,51.755,51.755,False,False,False,False,False,red_box_edge::red_edge_1,4683.125000,3
1,2026-05-14,2026-05-13,L6,RANGE_COMPRESSED_0_60,CLOSE_POS_MIDDLE_THIRD,ROWS_STANDARD_9_10,REGIME_RANGE_CLOSE_ROWS,3,1,4669.47,4669.47,4669.47,4669.47,4669.47,0.0,81.210038,85.706962,85.706962,1.0,1,4699.33,29.86,29.86,29.86,29.86,False,False,False,False,False,prior_hlc::previous_low,4669.470000,1
2,2026-05-14,2026-05-13,L6,RANGE_COMPRESSED_0_60,CLOSE_POS_MIDDLE_THIRD,ROWS_STANDARD_9_10,REGIME_RANGE_CLOSE_ROWS,1,1,4639.47,4639.47,4639.47,4639.47,4639.47,0.0,70.192588,73.607911,73.607911,0.5,2,4699.33,59.86,59.86,59.86,59.86,False,False,False,False,False,red_box_edge::red_edge_2,4639.470000,2
3,2026-05-14,2026-05-13,L6,RANGE_COMPRESSED_0_60,CLOSE_POS_MIDDLE_THIRD,ROWS_STANDARD_9_10,REGIME_RANGE_CLOSE_ROWS,2,1,4661.2975,4661.2975,4661.2975,4661.2975,4661.2975,0.0,68.192026,72.457516,72.457516,0.333333,3,4699.33,38.0325,38.0325,38.0325,38.0325,False,False,False,False,False,red_box_midline::red_mid_2,4661.297500,3
1,2026-05-14,2026-05-13,L7,RANGE_COMPRESSED_0_60,CLOSE_POS_MIDDLE_THIRD,ROWS_STANDARD_9_10,REGIME_RANGE_CLOSE_ROWS,1,1,4584.90125,4584.90125,4584.90125,4584.90125,4584.90125,0.0,82.452746,87.849562,87.849562,1.0,1,4670.27,85.36875,85.36875,85.36875,85.36875,False,False,False,False,False,red_box_quarter::red_box_4_25pct,4584.901250,1
2,2026-05-14,2026-05-13,L7,RANGE_COMPRESSED_0_60,CLOSE_POS_MIDDLE_THIRD,ROWS_STANDARD_9_10,REGIME_RANGE_CLOSE_ROWS,2,1,4639.47,4639.47,4639.47,4639.47,4639.47,0.0,75.04079,81.966879,81.966879,0.5,2,4670.27,30.8,30.8,30.8,30.8,False,False,False,False,False,red_box_edge::red_edge_2,4639.470000,2
1,2026-05-15,2026-05-14,L4,RANGE_NORMAL_60_120,CLOSE_POS_LOWER_THIRD,ROWS_STANDARD_9_10,REGIME_RANGE_CLOSE_ROWS,4,1,4709.6575,4709.6575,4709.6575,4709.6575,4709.6575,0.0,85.093984,92.40342,92.40342,1.0,1,4693.67,-15.9875,15.9875,15.9875,15.9875,False,False,False,False,False,green_box_quarter::green_box_2_25pct,4709.657500,1
2,2026-05-15,2026-05-14,L4,RANGE_NORMAL_60_120,CLOSE_POS_LOWER_THIRD,ROWS_STANDARD_9_10,REGIME_RANGE_CLOSE_ROWS,5,1,4748.8,4748.8,4748.8,4748.8,4748.8,0.0,80.510632,91.397642,91.397642,0.5,2,4693.67,-55.13,55.13,55.13,55.13,False,False,False,False,False,green_box_edge::green_edge_2,4748.800000,2
3,2026-05-15,2026-05-14,L4,RANGE_NORMAL_60_120,CLOSE_POS_LOWER_THIRD,ROWS_STANDARD_9_10,REGIME_RANGE_CLOSE_ROWS,3,1,4696.61,4696.61,4696.61,4696.61,4696.61,0.0,79.02327,91.132075,91.132075,0.333333,3,4693.67,-2.94,2.94,2.94,2.94,False,True,True,True,True,green_box_edge::green_edge_1,4696.610000,3
4,2026-05-15,2026-05-14,L4,RANGE_NORMAL_60_120,CLOSE_POS_LOWER_THIRD,ROWS_STANDARD_9_10,REGIME_RANGE_CLOSE_ROWS,1,1,4671.86,4671.86,4671.86,4671.86,4671.86,0.0,77.030903,88.846384,88.846384,0.25,4,4693.67,21.81,21.81,21.81,21.81,False,False,False,False,False,prior_hlc::previous_pivot_hlc3,4671.860000,4
5,2026-05-15,2026-05-14,L4,RANGE_NORMAL_60_120,CLOSE_POS_LOWER_THIRD,ROWS_STANDARD_9_10,REGIME_RANGE_CLOSE_ROWS,2,1,4683.5625,4683.5625,4683.5625,4683.5625,4683.5625,0.0,75.461407,86.830012,86.830012,0.2,5,4693.67,10.1075,10.1075,10.1075,10.1075,False,False,False,False,False,green_box_quarter::green_box_1_75pct,4683.562500,5
1,2026-05-15,2026-05-14,L5,RANGE_NORMAL_60_120,CLOSE_POS_LOWER_THIRD,ROWS_STANDARD_9_10,REGIME_RANGE_CLOSE_ROWS,2,1,4653.5625,4653.5625,4653.5625,4653.5625,4653.5625,0.0,85.666135,93.389888,93.389888,1.0,1,4665.63,12.0675,12.0675,12.0675,12.0675,False,False,False,False,False,red_box_quarter::red_box_2_25pct,4653.562500,1
2,2026-05-15,2026-05-14,L5,RANGE_NORMAL_60_120,CLOSE_POS_LOWER_THIRD,ROWS_STANDARD_9_10,REGIME_RANGE_CLOSE_ROWS,1,1,4640.515,4640.515,4640.515,4640.515,4640.515,0.0,81.399578,92.930307,92.930307,0.5,2,4665.63,25.115,25.115,25.115,25.115,False,False,False,False,False,red_box_midline::red_mid_2,4640.515000,2
3,2026-05-15,2026-05-14,L5,RANGE_NORMAL_60_120,CLOSE_POS_LOWER_THIRD,ROWS_STANDARD_9_10,REGIME_RANGE_CLOSE_ROWS,4,1,4700.205,4700.205,4700.205,4700.205,4700.205,0.0,79.853943,92.564269,92.564269,0.333333,3,4665.63,-34.575,34.575,34.575,34.575,False,False,False,False,False,prior_range_fraction::prev_range_0.75,4700.205000,3
4,2026-05-15,2026-05-14,L5,RANGE_NORMAL_60_120,CLOSE_POS_LOWER_THIRD,ROWS_STANDARD_9_10,REGIME_RANGE_CLOSE_ROWS,3,1,4669.213309,4669.213309,4669.213309,4669.213309,4669.213309,0.0,78.394389,91.197222,91.197222,0.25,4,4665.63,-3.583309,3.583309,3.583309,3.583309,False,False,True,False,True,prior_range_fraction::prev_range_0.333333,4669.213309,4
5,2026-05-15,2026-05-14,L5,RANGE_NORMAL_60_120,CLOSE_POS_LOWER_THIRD,ROWS_STANDARD_9_10,REGIME_RANGE_CLOSE_ROWS,5,1,4709.5025,4709.5025,4709.5025,4709.5025,4709.5025,0.0,77.458132,90.272642,90.272642,0.2,5,4665.63,-43.8725,43.8725,43.8725,43.8725,False,False,False,False,False,prior_range_fraction::prev_range_0.875,4709.502500,5
1,2026-05-15,2026-05-14,L6,RANGE_NORMAL_60_120,CLOSE_POS_LOWER_THIRD,ROWS_STANDARD_9_10,REGIME_RANGE_CLOSE_ROWS,1,3,4653.5625,4657.4675,4655.515,4654.915833,4653.7175,3.905,88.62606,91.889298,275.667895,1.533333,1,4635.27,-20.245,20.245,19.645833,18.4475,False,False,False,False,False,red_box_quarter::red_box_2_25pct | prior_range_fraction::prev_range_0.125 | green_box_quarter::green_box_1_25pct,4653.562500 | 4653.717500 | 4657.467500,5 | 3 | 1
2,2026-05-15,2026-05-14,L6,RANGE_NORMAL_60_120,CLOSE_POS_LOWER_THIRD,ROWS_STANDARD_9_10,REGIME_RANGE_CLOSE_ROWS,2,1,4663.015,4663.015,4663.015,4663.015,4663.015,0.0,81.368526,92.876769,92.876769,0.5,2,4635.27,-27.745,27.745,27.745,27.745,False,False,False,False,False,prior_range_fraction::prev_range_0.25,4663.015000,2
3,2026-05-15,2026-05-14,L6,RANGE_NORMAL_60_120,CLOSE_POS_LOWER_THIRD,ROWS_STANDARD_9_10,REGIME_RANGE_CLOSE_ROWS,3,1,4671.86,4671.86,4671.86,4671.86,4671.86,0.0,78.795799,91.889309,91.889309,0.25,4,4635.27,-36.59,36.59,36.59,36.59,False,False,False,False,False,prior_hlc::previous_pivot_hlc3,4671.860000,4
1,2026-05-15,2026-05-14,L7,RANGE_NORMAL_60_120,CLOSE_POS_LOWER_THIRD,ROWS_STANDARD_9_10,REGIME_RANGE_CLOSE_ROWS,5,1,4653.7175,4653.7175,4653.7175,4653.7175,4653.7175,0.0,83.856747,90.270253,90.270253,1.0,1,4600.62,-53.0975,53.0975,53.0975,53.0975,False,False,False,False,False,prior_range_fraction::prev_range_0.125,4653.717500,1
2,2026-05-15,2026-05-14,L7,RANGE_NORMAL_60_120,CLOSE_POS_LOWER_THIRD,ROWS_STANDARD_9_10,REGIME_RANGE_CLOSE_ROWS,1,1,4562.23,4562.23,4562.23,4562.23,4562.23,0.0,66.645274,67.491851,67.491851,0.5,2,4600.62,38.39,38.39,38.39,38.39,False,False,False,False,False,red_box_edge::red_edge_3,4562.230000,2
3,2026-05-15,2026-05-14,L7,RANGE_NORMAL_60_120,CLOSE_POS_LOWER_THIRD,ROWS_STANDARD_9_10,REGIME_RANGE_CLOSE_ROWS,3,1,4627.4675,4627.4675,4627.4675,4627.4675,4627.4675,0.0,57.919785,54.746756,54.746756,0.333333,3,4600.62,-26.8475,26.8475,26.8475,26.8475,False,False,False,False,False,red_box_quarter::red_box_2_75pct,4627.467500,3
4,2026-05-15,2026-05-14,L7,RANGE_NORMAL_60_120,CLOSE_POS_LOWER_THIRD,ROWS_STANDARD_9_10,REGIME_RANGE_CLOSE_ROWS,4,1,4644.42,4644.42,4644.42,4644.42,4644.42,0.0,55.119645,51.068354,51.068354,0.25,4,4600.62,-43.8,43.8,43.8,43.8,False,False,False,False,False,prior_hlc::previous_low,4644.420000,4
5,2026-05-15,2026-05-14,L7,RANGE_NORMAL_60_120,CLOSE_POS_LOWER_THIRD,ROWS_STANDARD_9_10,REGIME_RANGE_CLOSE_ROWS,2,1,4588.325,4588.325,4588.325,4588.325,4588.325,0.0,49.592634,42.228679,42.228679,0.2,5,4600.62,12.295,12.295,12.295,12.295,False,False,False,False,False,red_box_midline::red_mid_3,4588.325000,5
1,2026-05-18,2026-05-15,L4,RANGE_WIDE_120_220,CLOSE_POS_LOWER_THIRD,ROWS_STANDARD_9_10,REGIME_RANGE_CLOSE_ROWS,4,1,4606.5729,4606.5729,4606.5729,4606.5729,4606.5729,0.0,85.813505,93.643975,93.643975,1.0,1,4564.33,-42.2429,42.2429,42.2429,42.2429,False,False,False,False,False,prior_range_fraction::prev_range_0.618,4606.572900,1
2,2026-05-18,2026-05-15,L4,RANGE_WIDE_120_220,CLOSE_POS_LOWER_THIRD,ROWS_STANDARD_9_10,REGIME_RANGE_CLOSE_ROWS,1,1,4570.2171,4570.2171,4570.2171,4570.2171,4570.2171,0.0,80.776393,91.85585,91.85585,0.5,2,4564.33,-5.8871,5.8871,5.8871,5.8871,False,False,False,False,False,prior_range_fraction::prev_range_0.382,4570.217100,2
3,2026-05-18,2026-05-15,L4,RANGE_WIDE_120_220,CLOSE_POS_LOWER_THIRD,ROWS_STANDARD_9_10,REGIME_RANGE_CLOSE_ROWS,2,1,4580.38875,4580.38875,4580.38875,4580.38875,4580.38875,0.0,73.118875,80.952083,80.952083,0.333333,3,4564.33,-16.05875,16.05875,16.05875,16.05875,False,False,False,False,False,green_box_quarter::green_box_1_75pct,4580.388750,3
4,2026-05-18,2026-05-15,L4,RANGE_WIDE_120_220,CLOSE_POS_LOWER_THIRD,ROWS_STANDARD_9_10,REGIME_RANGE_CLOSE_ROWS,5,1,4614.070051,4614.070051,4614.070051,4614.070051,4614.070051,0.0,70.993829,78.437637,78.437637,0.25,4,4564.33,-49.740051,49.740051,49.740051,49.740051,False,False,False,False,False,prior_range_fraction::prev_range_0.666667,4614.070051,4
5,2026-05-18,2026-05-15,L4,RANGE_WIDE_120_220,CLOSE_POS_LOWER_THIRD,ROWS_STANDARD_9_10,REGIME_RANGE_CLOSE_ROWS,3,1,4596.40125,4596.40125,4596.40125,4596.40125,4596.40125,0.0,47.256,38.2,38.2,0.2,5,4564.33,-32.07125,32.07125,32.07125,32.07125,False,False,False,False,False,red_box_quarter::red_box_1_75pct,4596.401250,5
1,2026-05-18,2026-05-15,L5,RANGE_WIDE_120_220,CLOSE_POS_LOWER_THIRD,ROWS_STANDARD_9_10,REGIME_RANGE_CLOSE_ROWS,4,2,4571.81,4573.395,4572.6025,4572.6025,4572.6025,1.585,83.235075,85.56875,171.1375,1.25,1,4539.06,-33.5425,33.5425,33.5425,33.5425,False,False,False,False,False,prior_hlc::previous_pivot_hlc3 | red_box_edge::red_edge_1,4571.810000 | 4573.395000,1 | 4
2,2026-05-18,2026-05-15,L5,RANGE_WIDE_120_220,CLOSE_POS_LOWER_THIRD,ROWS_STANDARD_9_10,REGIME_RANGE_CLOSE_ROWS,3,1,4562.719949,4562.719949,4562.719949,4562.719949,4562.719949,0.0,81.676762,93.40821,93.40821,0.5,2,4539.06,-23.659949,23.659949,23.659949,23.659949,False,False,False,False,False,prior_range_fraction::prev_range_0.333333,4562.719949,2
3,2026-05-18,2026-05-15,L5,RANGE_WIDE_120_220,CLOSE_POS_LOWER_THIRD,ROWS_STANDARD_9_10,REGIME_RANGE_CLOSE_ROWS,1,1,4538.64,4538.64,4538.64,4538.64,4538.64,0.0,79.091667,91.25,91.25,0.333333,3,4539.06,0.42,0.42,0.42,0.42,False,True,True,True,True,prior_hlc::previous_close,4538.640000,3
4,2026-05-18,2026-05-15,L5,RANGE_WIDE_120_220,CLOSE_POS_LOWER_THIRD,ROWS_STANDARD_9_10,REGIME_RANGE_CLOSE_ROWS,2,1,4549.8825,4549.8825,4549.8825,4549.8825,4549.8825,0.0,57.302687,55.521875,55.521875,0.2,5,4539.06,-10.8225,10.8225,10.8225,10.8225,False,False,False,False,False,prior_range_fraction::prev_range_0.25,4549.882500,5
1,2026-05-18,2026-05-15,L6,RANGE_WIDE_120_220,CLOSE_POS_LOWER_THIRD,ROWS_STANDARD_9_10,REGIME_RANGE_CLOSE_ROWS,1,1,4504.37625,4504.37625,4504.37625,4504.37625,4504.37625,0.0,85.220687,92.621875,92.621875,1.0,1,4511.93,7.55375,7.55375,7.55375,7.55375,False,False,False,False,False,red_box_quarter::red_box_2_75pct,4504.376250,1
2,2026-05-18,2026-05-15,L6,RANGE_WIDE_120_220,CLOSE_POS_LOWER_THIRD,ROWS_STANDARD_9_10,REGIME_RANGE_CLOSE_ROWS,3,1,4527.3825,4527.3825,4527.3825,4527.3825,4527.3825,0.0,79.101875,88.96875,88.96875,0.5,2,4511.93,-15.4525,15.4525,15.4525,15.4525,False,False,False,False,False,red_box_midline::red_mid_2,4527.382500,2
3,2026-05-18,2026-05-15,L6,RANGE_WIDE_120_220,CLOSE_POS_LOWER_THIRD,ROWS_STANDARD_9_10,REGIME_RANGE_CLOSE_ROWS,4,1,4534.37625,4534.37625,4534.37625,4534.37625,4534.37625,0.0,71.852542,78.76875,78.76875,0.333333,3,4511.93,-22.44625,22.44625,22.44625,22.44625,False,False,False,False,False,green_box_quarter::green_box_1_25pct,4534.376250,3
4,2026-05-18,2026-05-15,L6,RANGE_WIDE_120_220,CLOSE_POS_LOWER_THIRD,ROWS_STANDARD_9_10,REGIME_RANGE_CLOSE_ROWS,2,1,4511.37,4511.37,4511.37,4511.37,4511.37,0.0,58.792,57.4,57.4,0.25,4,4511.93,0.56,0.56,0.56,0.56,False,True,True,True,True,prior_hlc::previous_low,4511.370000,4
5,2026-05-18,2026-05-15,L6,RANGE_WIDE_120_220,CLOSE_POS_LOWER_THIRD,ROWS_STANDARD_9_10,REGIME_RANGE_CLOSE_ROWS,5,1,4549.8825,4549.8825,4549.8825,4549.8825,4549.8825,0.0,34.61925,16.4125,16.4125,0.2,5,4511.93,-37.9525,37.9525,37.9525,37.9525,False,False,False,False,False,prior_range_fraction::prev_range_0.25,4549.882500,5
1,2026-05-18,2026-05-15,L7,RANGE_WIDE_120_220,CLOSE_POS_LOWER_THIRD,ROWS_STANDARD_9_10,REGIME_RANGE_CLOSE_ROWS,2,1,4481.37,4481.37,4481.37,4481.37,4481.37,0.0,74.000275,73.276336,73.276336,1.0,1,4481.32,-0.05,0.05,0.05,0.05,False,True,True,True,True,red_box_edge::red_edge_2,4481.370000,1
2,2026-05-18,2026-05-15,L7,RANGE_WIDE_120_220,CLOSE_POS_LOWER_THIRD,ROWS_STANDARD_9_10,REGIME_RANGE_CLOSE_ROWS,1,1,4458.36375,4458.36375,4458.36375,4458.36375,4458.36375,0.0,38.271756,18.571993,18.571993,0.5,2,4481.32,22.95625,22.95625,22.95625,22.95625,False,False,False,False,False,red_box_quarter::red_box_3_25pct,4458.363750,2
3,2026-05-18,2026-05-15,L7,RANGE_WIDE_120_220,CLOSE_POS_LOWER_THIRD,ROWS_STANDARD_9_10,REGIME_RANGE_CLOSE_ROWS,3,1,4511.37,4511.37,4511.37,4511.37,4511.37,0.0,29.750629,6.179245,6.179245,0.333333,3,4481.32,-30.05,30.05,30.05,30.05,False,False,False,False,False,prior_hlc::previous_low,4511.370000,3
1,2026-05-19,2026-05-18,L4,RANGE_NORMAL_60_120,CLOSE_POS_UPPER_THIRD,ROWS_STANDARD_9_10,REGIME_RANGE_CLOSE_ROWS,1,1,4549.653368,4549.653368,4549.653368,4549.653368,4549.653368,0.0,83.845129,90.250223,90.250223,1.0,1,4606.82,57.166632,57.166632,57.166632,57.166632,False,False,False,False,False,prior_range_fraction::prev_range_0.666667,4549.653368,1
2,2026-05-19,2026-05-18,L4,RANGE_NORMAL_60_120,CLOSE_POS_UPPER_THIRD,ROWS_STANDARD_9_10,REGIME_RANGE_CLOSE_ROWS,3,1,4567.52,4567.52,4567.52,4567.52,4567.52,0.0,77.144972,85.594779,85.594779,0.5,2,4606.82,39.3,39.3,39.3,39.3,False,False,False,False,False,red_box_quarter::red_box_1_25pct,4567.520000,2
3,2026-05-19,2026-05-18,L4,RANGE_NORMAL_60_120,CLOSE_POS_UPPER_THIRD,ROWS_STANDARD_9_10,REGIME_RANGE_CLOSE_ROWS,2,1,4558.3,4558.3,4558.3,4558.3,4558.3,0.0,72.949296,80.659705,80.659705,0.333333,3,4606.82,48.52,48.52,48.52,48.52,False,False,False,False,False,prior_range_fraction::prev_range_0.75,4558.300000,3
4,2026-05-19,2026-05-18,L4,RANGE_NORMAL_60_120,CLOSE_POS_UPPER_THIRD,ROWS_STANDARD_9_10,REGIME_RANGE_CLOSE_ROWS,4,1,4580.8,4580.8,4580.8,4580.8,4580.8,0.0,72.138923,80.411937,80.411937,0.25,4,4606.82,26.02,26.02,26.02,26.02,False,False,False,False,False,green_box_midline::green_mid_2,4580.800000,4
5,2026-05-19,2026-05-18,L4,RANGE_NORMAL_60_120,CLOSE_POS_UPPER_THIRD,ROWS_STANDARD_9_10,REGIME_RANGE_CLOSE_ROWS,5,1,4630.96,4630.96,4630.96,4630.96,4630.96,0.0,52.485816,47.216925,47.216925,0.2,5,4606.82,-24.14,24.14,24.14,24.14,False,False,False,False,False,green_box_quarter::green_box_3_25pct,4630.960000,5
1,2026-05-19,2026-05-18,L5,RANGE_NORMAL_60_120,CLOSE_POS_UPPER_THIRD,ROWS_STANDARD_9_10,REGIME_RANGE_CLOSE_ROWS,3,3,4564.08,4571.27,4567.675,4567.623333,4567.52,7.19,87.57098,92.755483,278.26645,1.7,1,4586.21,18.535,18.535,18.586667,18.69,False,False,False,False,False,green_box_quarter::green_box_2_25pct | red_box_quarter::red_box_1_25pct | prior_range_fraction::prev_range_0.875,4564.080000 | 4567.520000 | 4571.270000,5 | 2 | 1
2,2026-05-19,2026-05-18,L5,RANGE_NORMAL_60_120,CLOSE_POS_UPPER_THIRD,ROWS_STANDARD_9_10,REGIME_RANGE_CLOSE_ROWS,2,1,4547.36,4547.36,4547.36,4547.36,4547.36,0.0,80.066949,92.931522,92.931522,0.333333,3,4586.21,38.85,38.85,38.85,38.85,False,False,False,False,False,green_box_edge::green_edge_1,4547.360000,3
3,2026-05-19,2026-05-18,L5,RANGE_NORMAL_60_120,CLOSE_POS_UPPER_THIRD,ROWS_STANDARD_9_10,REGIME_RANGE_CLOSE_ROWS,1,1,4520.11632,4520.11632,4520.11632,4520.11632,4520.11632,0.0,78.805969,91.906843,91.906843,0.25,4,4586.21,66.09368,66.09368,66.09368,66.09368,False,False,False,False,False,prior_range_fraction::prev_range_0.382,4520.116320,4
1,2026-05-19,2026-05-18,L6,RANGE_NORMAL_60_120,CLOSE_POS_UPPER_THIRD,ROWS_STANDARD_9_10,REGIME_RANGE_CLOSE_ROWS,2,2,4532.36,4534.08,4533.22,4533.22,4533.22,1.72,87.41957,92.988225,185.976449,1.25,1,4558.95,25.73,25.73,25.73,25.73,False,False,False,False,False,prior_hlc::previous_mid | red_box_quarter::red_box_1_75pct,4532.360000 | 4534.080000,1 | 4
2,2026-05-19,2026-05-18,L6,RANGE_NORMAL_60_120,CLOSE_POS_UPPER_THIRD,ROWS_STANDARD_9_10,REGIME_RANGE_CLOSE_ROWS,3,2,4549.653368,4550.8,4550.226684,4550.226684,4550.226684,1.146632,83.232429,92.485284,184.970568,0.7,2,4558.95,8.723316,8.723316,8.723316,8.723316,False,False,False,False,False,prior_range_fraction::prev_range_0.666667 | red_box_midline::red_mid_1,4549.653368 | 4550.800000,5 | 2
3,2026-05-19,2026-05-18,L6,RANGE_NORMAL_60_120,CLOSE_POS_UPPER_THIRD,ROWS_STANDARD_9_10,REGIME_RANGE_CLOSE_ROWS,1,1,4497.2,4497.2,4497.2,4497.2,4497.2,0.0,80.340153,93.402562,93.402562,0.333333,3,4558.95,61.75,61.75,61.75,61.75,False,False,False,False,False,green_box_quarter::green_box_1_25pct,4497.200000,3
1,2026-05-19,2026-05-18,L7,RANGE_NORMAL_60_120,CLOSE_POS_UPPER_THIRD,ROWS_STANDARD_9_10,REGIME_RANGE_CLOSE_ROWS,2,1,4513.92,4513.92,4513.92,4513.92,4513.92,0.0,86.190375,94.29375,94.29375,1.0,1,4532.84,18.92,18.92,18.92,18.92,False,False,False,False,False,green_box_midline::green_mid_1,4513.920000,1
2,2026-05-19,2026-05-18,L7,RANGE_NORMAL_60_120,CLOSE_POS_UPPER_THIRD,ROWS_STANDARD_9_10,REGIME_RANGE_CLOSE_ROWS,1,3,4493.45,4500.64,4497.045,4497.096667,4497.2,7.19,81.160258,90.897917,272.69375,1.033333,2,4532.84,35.795,35.795,35.743333,35.64,False,False,False,False,False,prior_range_fraction::prev_range_0.125 | green_box_quarter::green_box_1_25pct | red_box_quarter::red_box_2_25pct,4493.450000 | 4497.200000 | 4500.640000,5 | 2 | 3
3,2026-05-19,2026-05-18,L7,RANGE_NORMAL_60_120,CLOSE_POS_UPPER_THIRD,ROWS_STANDARD_9_10,REGIME_RANGE_CLOSE_ROWS,3,1,4564.08,4564.08,4564.08,4564.08,4564.08,0.0,77.913875,90.36875,90.36875,0.25,4,4532.84,-31.24,31.24,31.24,31.24,False,False,False,False,False,green_box_quarter::green_box_2_25pct,4564.080000,4
1,2026-05-20,2026-05-19,L4,RANGE_WIDE_120_220,CLOSE_POS_LOWER_THIRD,ROWS_STANDARD_9_10,REGIME_RANGE_CLOSE_ROWS,4,1,4541.23048,4541.23048,4541.23048,4541.23048,4541.23048,0.0,85.773764,93.575456,93.575456,1.0,1,4529.64,-11.59048,11.59048,11.59048,11.59048,False,False,False,False,False,prior_range_fraction::prev_range_0.618,4541.230480,1
2,2026-05-20,2026-05-19,L4,RANGE_WIDE_120_220,CLOSE_POS_LOWER_THIRD,ROWS_STANDARD_9_10,REGIME_RANGE_CLOSE_ROWS,2,1,4511.40952,4511.40952,4511.40952,4511.40952,4511.40952,0.0,80.745513,91.802609,91.802609,0.5,2,4529.64,18.23048,18.23048,18.23048,18.23048,False,False,False,False,False,prior_range_fraction::prev_range_0.382,4511.409520,2
3,2026-05-20,2026-05-19,L4,RANGE_WIDE_120_220,CLOSE_POS_LOWER_THIRD,ROWS_STANDARD_9_10,REGIME_RANGE_CLOSE_ROWS,1,1,4505.259958,4505.259958,4505.259958,4505.259958,4505.259958,0.0,78.620611,90.437835,90.437835,0.333333,3,4529.64,24.380042,24.380042,24.380042,24.380042,False,False,False,False,False,prior_range_fraction::prev_range_0.333333,4505.259958,3
4,2026-05-20,2026-05-19,L4,RANGE_WIDE_120_220,CLOSE_POS_LOWER_THIRD,ROWS_STANDARD_9_10,REGIME_RANGE_CLOSE_ROWS,3,1,4521.775,4521.775,4521.775,4521.775,4521.775,0.0,72.416227,80.890046,80.890046,0.25,4,4529.64,7.865,7.865,7.865,7.865,False,False,False,False,False,green_box_quarter::green_box_1_75pct,4521.775000,4
5,2026-05-20,2026-05-19,L4,RANGE_WIDE_120_220,CLOSE_POS_LOWER_THIRD,ROWS_STANDARD_9_10,REGIME_RANGE_CLOSE_ROWS,5,1,4547.380042,4547.380042,4547.380042,4547.380042,4547.380042,0.0,70.555432,78.371434,78.371434,0.2,5,4529.64,-17.740042,17.740042,17.740042,17.740042,False,False,False,False,False,prior_range_fraction::prev_range_0.666667,4547.380042,5
1,2026-05-20,2026-05-19,L5,RANGE_WIDE_120_220,CLOSE_POS_LOWER_THIRD,ROWS_STANDARD_9_10,REGIME_RANGE_CLOSE_ROWS,1,1,4481.92,4481.92,4481.92,4481.92,4481.92,0.0,86.839519,95.412963,95.412963,1.0,1,4506.6,24.68,24.68,24.68,24.68,False,False,False,False,False,prior_hlc::previous_close,4481.920000,1
2,2026-05-20,2026-05-19,L5,RANGE_WIDE_120_220,CLOSE_POS_LOWER_THIRD,ROWS_STANDARD_9_10,REGIME_RANGE_CLOSE_ROWS,4,2,4511.32,4511.52,4511.42,4511.42,4511.42,0.2,80.423667,85.516666,171.033333,0.75,2,4506.6,-4.82,4.82,4.82,4.82,False,False,True,False,True,red_box_edge::red_edge_1 | prior_hlc::previous_pivot_hlc3,4511.320000 | 4511.520000,4 | 2
3,2026-05-20,2026-05-19,L5,RANGE_WIDE_120_220,CLOSE_POS_LOWER_THIRD,ROWS_STANDARD_9_10,REGIME_RANGE_CLOSE_ROWS,3,1,4505.259958,4505.259958,4505.259958,4505.259958,4505.259958,0.0,80.303687,93.339691,93.339691,0.333333,3,4506.6,1.340042,1.340042,1.340042,1.340042,False,True,True,True,True,prior_range_fraction::prev_range_0.333333,4505.259958,3
4,2026-05-20,2026-05-19,L5,RANGE_WIDE_120_220,CLOSE_POS_LOWER_THIRD,ROWS_STANDARD_9_10,REGIME_RANGE_CLOSE_ROWS,2,1,4494.73,4494.73,4494.73,4494.73,4494.73,0.0,57.266706,55.459838,55.459838,0.2,5,4506.6,11.87,11.87,11.87,11.87,False,False,False,False,False,prior_range_fraction::prev_range_0.25,4494.730000,5
1,2026-05-20,2026-05-19,L6,RANGE_WIDE_120_220,CLOSE_POS_LOWER_THIRD,ROWS_STANDARD_9_10,REGIME_RANGE_CLOSE_ROWS,1,1,4452.685,4452.685,4452.685,4452.685,4452.685,0.0,85.184706,92.559838,92.559838,1.0,1,4487.59,34.905,34.905,34.905,34.905,False,False,False,False,False,red_box_quarter::red_box_2_75pct,4452.685000,1
2,2026-05-20,2026-05-19,L6,RANGE_WIDE_120_220,CLOSE_POS_LOWER_THIRD,ROWS_STANDARD_9_10,REGIME_RANGE_CLOSE_ROWS,3,1,4472.23,4472.23,4472.23,4472.23,4472.23,0.0,79.079856,88.930787,88.930787,0.5,2,4487.59,15.36,15.36,15.36,15.36,False,False,False,False,False,red_box_midline::red_mid_2,4472.230000,2
3,2026-05-20,2026-05-19,L6,RANGE_WIDE_120_220,CLOSE_POS_LOWER_THIRD,ROWS_STANDARD_9_10,REGIME_RANGE_CLOSE_ROWS,4,1,4482.685,4482.685,4482.685,4482.685,4482.685,0.0,71.814143,78.702546,78.702546,0.333333,3,4487.59,4.905,4.905,4.905,4.905,False,False,True,False,True,green_box_quarter::green_box_1_25pct,4482.685000,3
4,2026-05-20,2026-05-19,L6,RANGE_WIDE_120_220,CLOSE_POS_LOWER_THIRD,ROWS_STANDARD_9_10,REGIME_RANGE_CLOSE_ROWS,2,1,4463.14,4463.14,4463.14,4463.14,4463.14,0.0,67.789519,72.912963,72.912963,0.25,4,4487.59,24.45,24.45,24.45,24.45,False,False,False,False,False,prior_hlc::previous_low,4463.140000,4
5,2026-05-20,2026-05-19,L6,RANGE_WIDE_120_220,CLOSE_POS_LOWER_THIRD,ROWS_STANDARD_9_10,REGIME_RANGE_CLOSE_ROWS,5,1,4494.73,4494.73,4494.73,4494.73,4494.73,0.0,34.585685,16.35463,16.35463,0.2,5,4487.59,-7.14,7.14,7.14,7.14,False,False,False,False,False,prior_range_fraction::prev_range_0.25,4494.730000,5
1,2026-05-20,2026-05-19,L7,RANGE_WIDE_120_220,CLOSE_POS_LOWER_THIRD,ROWS_STANDARD_9_10,REGIME_RANGE_CLOSE_ROWS,2,1,4433.14,4433.14,4433.14,4433.14,4433.14,0.0,77.868028,79.944876,79.944876,1.0,1,4462.0,28.86,28.86,28.86,28.86,False,False,False,False,False,red_box_edge::red_edge_2,4433.140000,1
2,2026-05-20,2026-05-19,L7,RANGE_WIDE_120_220,CLOSE_POS_LOWER_THIRD,ROWS_STANDARD_9_10,REGIME_RANGE_CLOSE_ROWS,1,1,4413.595,4413.595,4413.595,4413.595,4413.595,0.0,38.235595,18.509647,18.509647,0.5,2,4462.0,48.405,48.405,48.405,48.405,False,False,False,False,False,red_box_quarter::red_box_3_25pct,4413.595000,2
3,2026-05-20,2026-05-19,L7,RANGE_WIDE_120_220,CLOSE_POS_LOWER_THIRD,ROWS_STANDARD_9_10,REGIME_RANGE_CLOSE_ROWS,3,1,4463.14,4463.14,4463.14,4463.14,4463.14,0.0,29.716915,6.121118,6.121118,0.333333,3,4462.0,-1.14,1.14,1.14,1.14,False,True,True,True,True,prior_hlc::previous_low,4463.140000,3
1,2026-05-21,2026-05-20,L4,RANGE_NORMAL_60_120,CLOSE_POS_UPPER_THIRD,ROWS_STANDARD_9_10,REGIME_RANGE_CLOSE_ROWS,1,1,4519.6467,4519.6467,4519.6467,4519.6467,4519.6467,0.0,83.831073,90.225988,90.225988,1.0,1,4608.29,88.6433,88.6433,88.6433,88.6433,False,False,False,False,False,prior_range_fraction::prev_range_0.666667,4519.646700,1
2,2026-05-21,2026-05-20,L4,RANGE_NORMAL_60_120,CLOSE_POS_UPPER_THIRD,ROWS_STANDARD_9_10,REGIME_RANGE_CLOSE_ROWS,3,1,4536.555,4536.555,4536.555,4536.555,4536.555,0.0,77.142585,85.590663,85.590663,0.5,2,4608.29,71.735,71.735,71.735,71.735,False,False,False,False,False,red_box_quarter::red_box_1_25pct,4536.555000,2
3,2026-05-21,2026-05-20,L4,RANGE_NORMAL_60_120,CLOSE_POS_UPPER_THIRD,ROWS_STANDARD_9_10,REGIME_RANGE_CLOSE_ROWS,2,1,4527.91,4527.91,4527.91,4527.91,4527.91,0.0,72.946113,80.654218,80.654218,0.333333,3,4608.29,80.38,80.38,80.38,80.38,False,False,False,False,False,prior_range_fraction::prev_range_0.75,4527.910000,3
4,2026-05-21,2026-05-20,L4,RANGE_NORMAL_60_120,CLOSE_POS_UPPER_THIRD,ROWS_STANDARD_9_10,REGIME_RANGE_CLOSE_ROWS,4,1,4550.41,4550.41,4550.41,4550.41,4550.41,0.0,72.099141,80.343347,80.343347,0.25,4,4608.29,57.88,57.88,57.88,57.88,False,False,False,False,False,green_box_midline::green_mid_2,4550.410000,4
5,2026-05-21,2026-05-20,L4,RANGE_NORMAL_60_120,CLOSE_POS_UPPER_THIRD,ROWS_STANDARD_9_10,REGIME_RANGE_CLOSE_ROWS,5,1,4598.845,4598.845,4598.845,4598.845,4598.845,0.0,52.448157,47.151994,47.151994,0.2,5,4608.29,9.445,9.445,9.445,9.445,False,False,False,False,False,green_box_quarter::green_box_3_25pct,4598.845000,5
1,2026-05-21,2026-05-20,L5,RANGE_NORMAL_60_120,CLOSE_POS_UPPER_THIRD,ROWS_STANDARD_9_10,REGIME_RANGE_CLOSE_ROWS,3,3,4534.265,4540.305,4537.285,4537.041667,4536.555,6.04,88.551862,92.701831,278.105493,1.7,1,4582.07,44.785,44.785,45.028333,45.515,False,False,False,False,False,green_box_quarter::green_box_2_25pct | red_box_quarter::red_box_1_25pct | prior_range_fraction::prev_range_0.875,4534.265000 | 4536.555000 | 4540.305000,5 | 2 | 1
2,2026-05-21,2026-05-20,L5,RANGE_NORMAL_60_120,CLOSE_POS_UPPER_THIRD,ROWS_STANDARD_9_10,REGIME_RANGE_CLOSE_ROWS,2,1,4518.12,4518.12,4518.12,4518.12,4518.12,0.0,80.031676,92.870706,92.870706,0.333333,3,4582.07,63.95,63.95,63.95,63.95,False,False,False,False,False,green_box_edge::green_edge_1,4518.120000,3
3,2026-05-21,2026-05-20,L5,RANGE_NORMAL_60_120,CLOSE_POS_UPPER_THIRD,ROWS_STANDARD_9_10,REGIME_RANGE_CLOSE_ROWS,1,1,4491.41912,4491.41912,4491.41912,4491.41912,4491.41912,0.0,78.778122,91.858831,91.858831,0.25,4,4582.07,90.65088,90.65088,90.65088,90.65088,False,False,False,False,False,prior_range_fraction::prev_range_0.382,4491.419120,4
1,2026-05-21,2026-05-20,L6,RANGE_NORMAL_60_120,CLOSE_POS_UPPER_THIRD,ROWS_STANDARD_9_10,REGIME_RANGE_CLOSE_ROWS,2,2,4503.12,4504.265,4503.6925,4503.6925,4503.6925,1.145,87.488441,92.924208,185.848416,1.2,1,4554.33,50.6375,50.6375,50.6375,50.6375,False,False,False,False,False,prior_hlc::previous_mid | red_box_quarter::red_box_1_75pct,4503.120000 | 4504.265000,1 | 5
2,2026-05-21,2026-05-20,L6,RANGE_NORMAL_60_120,CLOSE_POS_UPPER_THIRD,ROWS_STANDARD_9_10,REGIME_RANGE_CLOSE_ROWS,3,1,4520.41,4520.41,4520.41,4520.41,4520.41,0.0,81.844777,93.697891,93.697891,0.5,2,4554.33,33.92,33.92,33.92,33.92,False,False,False,False,False,red_box_midline::red_mid_1,4520.410000,2
3,2026-05-21,2026-05-20,L6,RANGE_NORMAL_60_120,CLOSE_POS_UPPER_THIRD,ROWS_STANDARD_9_10,REGIME_RANGE_CLOSE_ROWS,1,1,4469.685,4469.685,4469.685,4469.685,4469.685,0.0,80.30037,93.333972,93.333972,0.333333,3,4554.33,84.645,84.645,84.645,84.645,False,False,False,False,False,green_box_quarter::green_box_1_25pct,4469.685000,3
4,2026-05-21,2026-05-20,L6,RANGE_NORMAL_60_120,CLOSE_POS_UPPER_THIRD,ROWS_STANDARD_9_10,REGIME_RANGE_CLOSE_ROWS,4,1,4527.91,4527.91,4527.91,4527.91,4527.91,0.0,79.34615,92.83819,92.83819,0.25,4,4554.33,26.42,26.42,26.42,26.42,False,False,False,False,False,prior_range_fraction::prev_range_0.75,4527.910000,4
1,2026-05-21,2026-05-20,L7,RANGE_NORMAL_60_120,CLOSE_POS_UPPER_THIRD,ROWS_STANDARD_9_10,REGIME_RANGE_CLOSE_ROWS,2,1,4485.83,4485.83,4485.83,4485.83,4485.83,0.0,86.148486,94.221528,94.221528,1.0,1,4524.06,38.23,38.23,38.23,38.23,False,False,False,False,False,green_box_midline::green_mid_1,4485.830000,1
2,2026-05-21,2026-05-20,L7,RANGE_NORMAL_60_120,CLOSE_POS_UPPER_THIRD,ROWS_STANDARD_9_10,REGIME_RANGE_CLOSE_ROWS,3,1,4503.12,4503.12,4503.12,4503.12,4503.12,0.0,81.875269,93.750463,93.750463,0.5,2,4524.06,20.94,20.94,20.94,20.94,False,False,False,False,False,prior_hlc::previous_mid,4503.120000,2
3,2026-05-21,2026-05-20,L7,RANGE_NORMAL_60_120,CLOSE_POS_UPPER_THIRD,ROWS_STANDARD_9_10,REGIME_RANGE_CLOSE_ROWS,1,2,4469.685,4471.975,4470.83,4470.83,4470.83,2.29,80.651551,91.379456,182.758912,0.583333,3,4524.06,53.23,53.23,53.23,53.23,False,False,False,False,False,green_box_quarter::green_box_1_25pct | red_box_quarter::red_box_2_25pct,4469.685000 | 4471.975000,3 | 4
4,2026-05-21,2026-05-20,L7,RANGE_NORMAL_60_120,CLOSE_POS_UPPER_THIRD,ROWS_STANDARD_9_10,REGIME_RANGE_CLOSE_ROWS,4,1,4534.265,4534.265,4534.265,4534.265,4534.265,0.0,77.498032,90.341435,90.341435,0.2,5,4524.06,-10.205,10.205,10.205,10.205,False,False,False,False,False,green_box_quarter::green_box_2_25pct,4534.265000,5
1,2026-05-22,2026-05-21,L4,RANGE_NORMAL_60_120,CLOSE_POS_MIDDLE_THIRD,ROWS_STANDARD_9_10,REGIME_RANGE_CLOSE_ROWS,2,2,4556.60125,4558.42375,4557.5125,4557.5125,4557.5125,1.8225,87.847423,92.731993,185.463986,1.333333,1,4614.22,56.7075,56.7075,56.7075,56.7075,False,False,False,False,False,red_box_quarter::red_box_1_25pct | green_box_quarter::green_box_2_25pct,4556.601250 | 4558.423750,3 | 1
2,2026-05-22,2026-05-21,L4,RANGE_NORMAL_60_120,CLOSE_POS_MIDDLE_THIRD,ROWS_STANDARD_9_10,REGIME_RANGE_CLOSE_ROWS,4,1,4614.77875,4614.77875,4614.77875,4614.77875,4614.77875,0.0,81.579275,93.24013,93.24013,0.5,2,4614.22,-0.55875,0.55875,0.55875,0.55875,False,True,True,True,True,green_box_quarter::green_box_3_25pct,4614.778750,2
3,2026-05-22,2026-05-21,L4,RANGE_NORMAL_60_120,CLOSE_POS_MIDDLE_THIRD,ROWS_STANDARD_9_10,REGIME_RANGE_CLOSE_ROWS,1,1,4544.335,4544.335,4544.335,4544.335,4544.335,0.0,77.019915,88.827439,88.827439,0.25,4,4614.22,69.885,69.885,69.885,69.885,False,False,False,False,False,green_box_edge::green_edge_1,4544.335000,4
4,2026-05-22,2026-05-21,L4,RANGE_NORMAL_60_120,CLOSE_POS_MIDDLE_THIRD,ROWS_STANDARD_9_10,REGIME_RANGE_CLOSE_ROWS,3,1,4572.5125,4572.5125,4572.5125,4572.5125,4572.5125,0.0,76.582456,88.762856,88.762856,0.2,5,4614.22,41.7075,41.7075,41.7075,41.7075,False,False,False,False,False,green_box_midline::green_mid_2,4572.512500,5
1,2026-05-22,2026-05-21,L5,RANGE_NORMAL_60_120,CLOSE_POS_MIDDLE_THIRD,ROWS_STANDARD_9_10,REGIME_RANGE_CLOSE_ROWS,4,1,4544.335,4544.335,4544.335,4544.335,4544.335,0.0,84.837896,91.96189,91.96189,1.0,1,4582.41,38.075,38.075,38.075,38.075,False,False,False,False,False,green_box_edge::green_edge_1,4544.335000,1
2,2026-05-22,2026-05-21,L5,RANGE_NORMAL_60_120,CLOSE_POS_MIDDLE_THIRD,ROWS_STANDARD_9_10,REGIME_RANGE_CLOSE_ROWS,1,2,4516.1575,4519.57522,4517.86636,4517.86636,4517.86636,3.41772,80.916658,90.099284,180.198569,0.833333,2,4582.41,64.54364,64.54364,64.54364,64.54364,False,False,False,False,False,green_box_midline::green_mid_1 | prior_range_fraction::prev_range_0.382,4516.157500 | 4519.575220,3 | 2
3,2026-05-22,2026-05-21,L5,RANGE_NORMAL_60_120,CLOSE_POS_MIDDLE_THIRD,ROWS_STANDARD_9_10,REGIME_RANGE_CLOSE_ROWS,2,1,4528.42375,4528.42375,4528.42375,4528.42375,4528.42375,0.0,77.02354,88.833689,88.833689,0.25,4,4582.41,53.98625,53.98625,53.98625,53.98625,False,False,False,False,False,red_box_quarter::red_box_1_75pct,4528.423750,4
4,2026-05-22,2026-05-21,L5,RANGE_NORMAL_60_120,CLOSE_POS_MIDDLE_THIRD,ROWS_STANDARD_9_10,REGIME_RANGE_CLOSE_ROWS,3,1,4533.906667,4533.906667,4533.906667,4533.906667,4533.906667,0.0,76.583842,88.765244,88.765244,0.2,5,4582.41,48.503333,48.503333,48.503333,48.503333,False,False,False,False,False,prior_hlc::previous_pivot_hlc3,4533.906667,5
1,2026-05-22,2026-05-21,L6,RANGE_NORMAL_60_120,CLOSE_POS_MIDDLE_THIRD,ROWS_STANDARD_9_10,REGIME_RANGE_CLOSE_ROWS,4,1,4543.05,4543.05,4543.05,4543.05,4543.05,0.0,85.641585,93.347561,93.347561,1.0,1,4551.77,8.72,8.72,8.72,8.72,False,False,False,False,False,prior_hlc::previous_close,4543.050000,1
2,2026-05-22,2026-05-21,L6,RANGE_NORMAL_60_120,CLOSE_POS_MIDDLE_THIRD,ROWS_STANDARD_9_10,REGIME_RANGE_CLOSE_ROWS,3,1,4529.335,4529.335,4529.335,4529.335,4529.335,0.0,81.531775,93.158232,93.158232,0.5,2,4551.77,22.435,22.435,22.435,22.435,False,False,False,False,False,prior_hlc::previous_mid,4529.335000,2
3,2026-05-22,2026-05-21,L6,RANGE_NORMAL_60_120,CLOSE_POS_MIDDLE_THIRD,ROWS_STANDARD_9_10,REGIME_RANGE_CLOSE_ROWS,5,1,4556.60125,4556.60125,4556.60125,4556.60125,4556.60125,0.0,79.094496,91.254878,91.254878,0.333333,3,4551.77,-4.83125,4.83125,4.83125,4.83125,False,False,True,False,True,red_box_quarter::red_box_1_25pct,4556.601250,3
4,2026-05-22,2026-05-21,L6,RANGE_NORMAL_60_120,CLOSE_POS_MIDDLE_THIRD,ROWS_STANDARD_9_10,REGIME_RANGE_CLOSE_ROWS,1,1,4514.335,4514.335,4514.335,4514.335,4514.335,0.0,77.762686,90.108079,90.108079,0.25,4,4551.77,37.435,37.435,37.435,37.435,False,False,False,False,False,red_box_edge::red_edge_1,4514.335000,4
5,2026-05-22,2026-05-21,L6,RANGE_NORMAL_60_120,CLOSE_POS_MIDDLE_THIRD,ROWS_STANDARD_9_10,REGIME_RANGE_CLOSE_ROWS,2,1,4519.57522,4519.57522,4519.57522,4519.57522,4519.57522,0.0,75.320302,86.586727,86.586727,0.2,5,4551.77,32.19478,32.19478,32.19478,32.19478,False,False,False,False,False,prior_range_fraction::prev_range_0.382,4519.575220,5
1,2026-05-22,2026-05-21,L7,RANGE_NORMAL_60_120,CLOSE_POS_MIDDLE_THIRD,ROWS_STANDARD_9_10,REGIME_RANGE_CLOSE_ROWS,3,1,4500.24625,4500.24625,4500.24625,4500.24625,4500.24625,0.0,87.307359,96.219584,96.219584,1.0,1,4520.55,20.30375,20.30375,20.30375,20.30375,False,False,False,False,False,red_box_quarter::red_box_2_25pct,4500.246250,1
2,2026-05-22,2026-05-21,L7,RANGE_NORMAL_60_120,CLOSE_POS_MIDDLE_THIRD,ROWS_STANDARD_9_10,REGIME_RANGE_CLOSE_ROWS,2,1,4486.1575,4486.1575,4486.1575,4486.1575,4486.1575,0.0,80.617903,91.582592,91.582592,0.5,2,4520.55,34.3925,34.3925,34.3925,34.3925,False,False,False,False,False,red_box_midline::red_mid_2,4486.157500,2
3,2026-05-22,2026-05-21,L7,RANGE_NORMAL_60_120,CLOSE_POS_MIDDLE_THIRD,ROWS_STANDARD_9_10,REGIME_RANGE_CLOSE_ROWS,1,1,4415.71375,4415.71375,4415.71375,4415.71375,4415.71375,0.0,78.989588,91.074003,91.074003,0.333333,3,4520.55,104.83625,104.83625,104.83625,104.83625,False,False,False,False,False,red_box_quarter::red_box_3_75pct,4415.713750,3
4,2026-05-22,2026-05-21,L7,RANGE_NORMAL_60_120,CLOSE_POS_MIDDLE_THIRD,ROWS_STANDARD_9_10,REGIME_RANGE_CLOSE_ROWS,5,1,4519.57522,4519.57522,4519.57522,4519.57522,4519.57522,0.0,78.305296,91.043613,91.043613,0.25,4,4520.55,0.97478,0.97478,0.97478,0.97478,False,True,True,True,True,prior_range_fraction::prev_range_0.382,4519.575220,4
5,2026-05-22,2026-05-21,L7,RANGE_NORMAL_60_120,CLOSE_POS_MIDDLE_THIRD,ROWS_STANDARD_9_10,REGIME_RANGE_CLOSE_ROWS,4,1,4514.335,4514.335,4514.335,4514.335,4514.335,0.0,77.80363,90.868328,90.868328,0.2,5,4520.55,6.215,6.215,6.215,6.215,False,False,False,False,False,red_box_edge::red_edge_1,4514.335000,5
1,2026-05-25,2026-05-22,L4,RANGE_COMPRESSED_0_60,CLOSE_POS_LOWER_THIRD,ROWS_EXTENDED_11_PLUS,REGIME_RANGE_CLOSE,1,2,4503.805,4508.576648,4506.190824,4506.190824,4506.190824,4.771648,84.128083,88.495058,176.990116,1.5,1,4556.09,49.899176,49.899176,49.899176,49.899176,False,False,False,False,False,prior_range_fraction::prev_range_0.25 | prior_range_fraction::prev_range_0.333333,4503.805000 | 4508.576648,1 | 2
2,2026-05-25,2026-05-22,L4,RANGE_COMPRESSED_0_60,CLOSE_POS_LOWER_THIRD,ROWS_EXTENDED_11_PLUS,REGIME_RANGE_CLOSE,2,1,4522.2125,4522.2125,4522.2125,4522.2125,4522.2125,0.0,69.323775,74.408807,74.408807,0.333333,3,4556.09,33.8775,33.8775,33.8775,33.8775,False,False,False,False,False,green_box_quarter::green_box_1_75pct,4522.212500,3
1,2026-05-25,2026-05-22,L5,RANGE_COMPRESSED_0_60,CLOSE_POS_LOWER_THIRD,ROWS_EXTENDED_11_PLUS,REGIME_RANGE_CLOSE,2,1,4492.2125,4492.2125,4492.2125,4492.2125,4492.2125,0.0,83.203046,89.143182,89.143182,1.0,1,4524.91,32.6975,32.6975,32.6975,32.6975,False,False,False,False,False,red_box_quarter::red_box_2_25pct,4492.212500,1
2,2026-05-25,2026-05-22,L5,RANGE_COMPRESSED_0_60,CLOSE_POS_LOWER_THIRD,ROWS_EXTENDED_11_PLUS,REGIME_RANGE_CLOSE,1,1,4481.305,4481.305,4481.305,4481.305,4481.305,0.0,48.182273,35.659091,35.659091,0.5,2,4524.91,43.605,43.605,43.605,43.605,False,False,False,False,False,red_box_midline::red_mid_2,4481.305000,2
1,2026-05-25,2026-05-22,L6,RANGE_COMPRESSED_0_60,CLOSE_POS_LOWER_THIRD,ROWS_EXTENDED_11_PLUS,REGIME_RANGE_CLOSE,2,1,4470.3975,4470.3975,4470.3975,4470.3975,4470.3975,0.0,62.190733,52.915057,52.915057,1.0,1,4494.67,24.2725,24.2725,24.2725,24.2725,False,False,False,False,False,red_box_quarter::red_box_2_75pct,4470.397500,1
2,2026-05-25,2026-05-22,L6,RANGE_COMPRESSED_0_60,CLOSE_POS_LOWER_THIRD,ROWS_EXTENDED_11_PLUS,REGIME_RANGE_CLOSE,1,1,4459.49,4459.49,4459.49,4459.49,4459.49,0.0,49.429273,37.809091,37.809091,0.5,2,4494.67,35.18,35.18,35.18,35.18,False,False,False,False,False,red_box_edge::red_edge_2,4459.490000,2
1,2026-05-25,2026-05-22,L7,RANGE_COMPRESSED_0_60,CLOSE_POS_LOWER_THIRD,ROWS_EXTENDED_11_PLUS,REGIME_RANGE_CLOSE,2,1,4448.5825,4448.5825,4448.5825,4448.5825,4448.5825,0.0,73.144752,71.801296,71.801296,1.0,1,4462.89,14.3075,14.3075,14.3075,14.3075,False,False,False,False,False,red_box_quarter::red_box_3_25pct,4448.582500,1
2,2026-05-25,2026-05-22,L7,RANGE_COMPRESSED_0_60,CLOSE_POS_LOWER_THIRD,ROWS_EXTENDED_11_PLUS,REGIME_RANGE_CLOSE,1,1,4437.675,4437.675,4437.675,4437.675,4437.675,0.0,64.854254,64.403887,64.403887,0.5,2,4462.89,25.215,25.215,25.215,25.215,False,False,False,False,False,red_box_midline::red_mid_3,4437.675000,2
1,2026-05-26,2026-05-25,L4,RANGE_COMPRESSED_0_60,CLOSE_POS_UPPER_THIRD,ROWS_STANDARD_9_10,REGIME_RANGE_CLOSE_ROWS,1,1,4580.13,4580.13,4580.13,4580.13,4580.13,0.0,81.955982,86.993072,86.993072,1.0,1,4593.58,13.45,13.45,13.45,13.45,False,False,False,False,False,prior_hlc::previous_high,4580.130000,1
1,2026-05-26,2026-05-25,L5,RANGE_COMPRESSED_0_60,CLOSE_POS_UPPER_THIRD,ROWS_STANDARD_9_10,REGIME_RANGE_CLOSE_ROWS,1,1,4548.303317,4548.303317,4548.303317,4548.303317,4548.303317,0.0,81.86417,86.834775,86.834775,1.0,1,4562.44,14.136683,14.136683,14.136683,14.136683,False,False,False,False,False,prior_range_fraction::prev_range_0.333333,4548.303317,1
1,2026-05-26,2026-05-25,L6,RANGE_COMPRESSED_0_60,CLOSE_POS_UPPER_THIRD,ROWS_STANDARD_9_10,REGIME_RANGE_CLOSE_ROWS,1,1,4512.1075,4512.1075,4512.1075,4512.1075,4512.1075,0.0,82.632044,88.158697,88.158697,1.0,1,4529.9,17.7925,17.7925,17.7925,17.7925,False,False,False,False,False,red_box_quarter::red_box_2_75pct,4512.107500,1
1,2026-05-26,2026-05-25,L7,RANGE_COMPRESSED_0_60,CLOSE_POS_UPPER_THIRD,ROWS_STANDARD_9_10,REGIME_RANGE_CLOSE_ROWS,1,1,4473.2375,4473.2375,4473.2375,4473.2375,4473.2375,0.0,82.307506,87.599148,87.599148,1.0,1,4499.76,26.5225,26.5225,26.5225,26.5225,False,False,False,False,False,red_box_quarter::red_box_3_75pct,4473.237500,1
1,2026-05-27,2026-05-26,L4,RANGE_NORMAL_60_120,CLOSE_POS_LOWER_THIRD,ROWS_SPARSE_1_8,REGIME_RANGE_CLOSE_ROWS,2,1,4530.09,4530.09,4530.09,4530.09,4530.09,0.0,83.90542,90.354173,90.354173,1.0,1,4530.95,0.86,0.86,0.86,0.86,False,True,True,True,True,green_box_quarter::green_box_1_75pct,4530.090000,1
2,2026-05-27,2026-05-26,L4,RANGE_NORMAL_60_120,CLOSE_POS_LOWER_THIRD,ROWS_SPARSE_1_8,REGIME_RANGE_CLOSE_ROWS,1,1,4506.54,4506.54,4506.54,4506.54,4506.54,0.0,77.709369,88.866729,88.866729,0.333333,3,4530.95,24.41,24.41,24.41,24.41,False,False,False,False,False,prior_range_fraction::prev_range_0.25,4506.540000,3
3,2026-05-27,2026-05-26,L4,RANGE_NORMAL_60_120,CLOSE_POS_LOWER_THIRD,ROWS_SPARSE_1_8,REGIME_RANGE_CLOSE_ROWS,3,2,4542.7512,4546.14,4544.4456,4544.4456,4544.4456,3.3888,75.081644,81.144462,162.288923,0.75,2,4530.95,-13.4956,13.4956,13.4956,13.4956,False,False,False,False,False,prior_range_fraction::prev_range_0.618 | green_box_edge::green_edge_1,4542.751200 | 4546.140000,4 | 2
1,2026-05-27,2026-05-26,L5,RANGE_NORMAL_60_120,CLOSE_POS_LOWER_THIRD,ROWS_SPARSE_1_8,REGIME_RANGE_CLOSE_ROWS,3,1,4506.54,4506.54,4506.54,4506.54,4506.54,0.0,84.01417,90.541673,90.541673,1.0,1,4496.68,-9.86,9.86,9.86,9.86,False,False,False,False,False,prior_range_fraction::prev_range_0.25,4506.540000,1
2,2026-05-27,2026-05-26,L5,RANGE_NORMAL_60_120,CLOSE_POS_LOWER_THIRD,ROWS_SPARSE_1_8,REGIME_RANGE_CLOSE_ROWS,1,1,4484.04,4484.04,4484.04,4484.04,4484.04,0.0,71.009703,75.016729,75.016729,0.5,2,4496.68,12.64,12.64,12.64,12.64,False,False,False,False,False,red_box_midline::red_mid_2,4484.040000,2
3,2026-05-27,2026-05-26,L5,RANGE_NORMAL_60_120,CLOSE_POS_LOWER_THIRD,ROWS_SPARSE_1_8,REGIME_RANGE_CLOSE_ROWS,2,1,4497.99,4497.99,4497.99,4497.99,4497.99,0.0,68.401401,72.818507,72.818507,0.333333,3,4496.68,-1.31,1.31,1.31,1.31,False,True,True,True,True,green_box_quarter::green_box_1_25pct,4497.990000,3
1,2026-05-27,2026-05-26,L6,RANGE_NORMAL_60_120,CLOSE_POS_LOWER_THIRD,ROWS_SPARSE_1_8,REGIME_RANGE_CLOSE_ROWS,2,1,4484.04,4484.04,4484.04,4484.04,4484.04,0.0,74.025483,73.319798,73.319798,1.0,1,4459.72,-24.32,24.32,24.32,24.32,False,False,False,False,False,red_box_midline::red_mid_2,4484.040000,1
2,2026-05-27,2026-05-26,L6,RANGE_NORMAL_60_120,CLOSE_POS_LOWER_THIRD,ROWS_SPARSE_1_8,REGIME_RANGE_CLOSE_ROWS,1,1,4467.99,4467.99,4467.99,4467.99,4467.99,0.0,54.520182,46.586521,46.586521,0.5,2,4459.72,-8.27,8.27,8.27,8.27,False,False,False,False,False,red_box_quarter::red_box_2_75pct,4467.990000,2
1,2026-05-27,2026-05-26,L7,RANGE_NORMAL_60_120,CLOSE_POS_LOWER_THIRD,ROWS_SPARSE_1_8,REGIME_RANGE_CLOSE_ROWS,2,1,4467.99,4467.99,4467.99,4467.99,4467.99,0.0,73.842075,73.003577,73.003577,1.0,1,4421.27,-46.72,46.72,46.72,46.72,False,False,False,False,False,red_box_quarter::red_box_2_75pct,4467.990000,1
2,2026-05-27,2026-05-26,L7,RANGE_NORMAL_60_120,CLOSE_POS_LOWER_THIRD,ROWS_SPARSE_1_8,REGIME_RANGE_CLOSE_ROWS,1,1,4435.89,4435.89,4435.89,4435.89,4435.89,0.0,56.704958,50.353376,50.353376,0.5,2,4421.27,-14.62,14.62,14.62,14.62,False,False,False,False,False,red_box_quarter::red_box_3_25pct,4435.890000,2
1,2026-05-28,2026-05-27,L4,RANGE_WIDE_120_220,CLOSE_POS_MIDDLE_THIRD,ROWS_STANDARD_9_10,REGIME_RANGE_CLOSE_ROWS,3,1,4520.815,4520.815,4520.815,4520.815,4520.815,0.0,84.934313,92.128125,92.128125,1.0,1,4495.53,-25.285,25.285,25.285,25.285,False,False,False,False,False,prior_range_fraction::prev_range_0.875,4520.815000,1
2,2026-05-28,2026-05-27,L4,RANGE_WIDE_120_220,CLOSE_POS_MIDDLE_THIRD,ROWS_STANDARD_9_10,REGIME_RANGE_CLOSE_ROWS,1,1,4454.68,4454.68,4454.68,4454.68,4454.68,0.0,79.509429,89.671429,89.671429,0.5,2,4495.53,40.85,40.85,40.85,40.85,False,False,False,False,False,red_box_edge::red_edge_1,4454.680000,2
3,2026-05-28,2026-05-27,L4,RANGE_WIDE_120_220,CLOSE_POS_MIDDLE_THIRD,ROWS_STANDARD_9_10,REGIME_RANGE_CLOSE_ROWS,2,1,4503.77,4503.77,4503.77,4503.77,4503.77,0.0,74.958822,84.124405,84.124405,0.333333,3,4495.53,-8.24,8.24,8.24,8.24,False,False,False,False,False,prior_range_fraction::prev_range_0.75,4503.770000,3
4,2026-05-28,2026-05-27,L4,RANGE_WIDE_120_220,CLOSE_POS_MIDDLE_THIRD,ROWS_STANDARD_9_10,REGIME_RANGE_CLOSE_ROWS,5,1,4547.065,4547.065,4547.065,4547.065,4547.065,0.0,56.611649,53.640774,53.640774,0.25,4,4495.53,-51.535,51.535,51.535,51.535,False,False,False,False,False,green_box_quarter::green_box_2_75pct,4547.065000,4
5,2026-05-28,2026-05-27,L4,RANGE_WIDE_120_220,CLOSE_POS_MIDDLE_THIRD,ROWS_STANDARD_9_10,REGIME_RANGE_CLOSE_ROWS,4,1,4526.27,4526.27,4526.27,4526.27,4526.27,0.0,54.198652,50.170089,50.170089,0.2,5,4495.53,-30.74,30.74,30.74,30.74,False,False,False,False,False,green_box_midline::green_mid_2,4526.270000,5
1,2026-05-28,2026-05-27,L5,RANGE_WIDE_120_220,CLOSE_POS_MIDDLE_THIRD,ROWS_STANDARD_9_10,REGIME_RANGE_CLOSE_ROWS,2,1,4469.68,4469.68,4469.68,4469.68,4469.68,0.0,84.398071,91.203571,91.203571,1.0,1,4466.16,-3.52,3.52,3.52,3.52,False,False,True,False,True,prior_hlc::previous_mid,4469.680000,1
2,2026-05-28,2026-05-27,L5,RANGE_WIDE_120_220,CLOSE_POS_MIDDLE_THIRD,ROWS_STANDARD_9_10,REGIME_RANGE_CLOSE_ROWS,4,1,4496.27,4496.27,4496.27,4496.27,4496.27,0.0,79.406375,89.49375,89.49375,0.5,2,4466.16,-30.11,30.11,30.11,30.11,False,False,False,False,False,red_box_midline::red_mid_1,4496.270000,2
3,2026-05-28,2026-05-27,L5,RANGE_WIDE_120_220,CLOSE_POS_MIDDLE_THIRD,ROWS_STANDARD_9_10,REGIME_RANGE_CLOSE_ROWS,3,1,4475.475,4475.475,4475.475,4475.475,4475.475,0.0,77.978533,89.330804,89.330804,0.333333,3,4466.16,-9.315,9.315,9.315,9.315,False,False,False,False,False,red_box_quarter::red_box_1_75pct,4475.475000,3
4,2026-05-28,2026-05-27,L5,RANGE_WIDE_120_220,CLOSE_POS_MIDDLE_THIRD,ROWS_STANDARD_9_10,REGIME_RANGE_CLOSE_ROWS,5,1,4520.815,4520.815,4520.815,4520.815,4520.815,0.0,77.160652,89.070089,89.070089,0.25,4,4466.16,-54.655,54.655,54.655,54.655,False,False,False,False,False,prior_range_fraction::prev_range_0.875,4520.815000,4
5,2026-05-28,2026-05-27,L5,RANGE_WIDE_120_220,CLOSE_POS_MIDDLE_THIRD,ROWS_STANDARD_9_10,REGIME_RANGE_CLOSE_ROWS,1,1,4463.885,4463.885,4463.885,4463.885,4463.885,0.0,76.603482,88.799107,88.799107,0.2,5,4466.16,2.275,2.275,2.275,2.275,False,True,True,True,True,green_box_quarter::green_box_1_75pct,4463.885000,5
1,2026-05-28,2026-05-27,L6,RANGE_WIDE_120_220,CLOSE_POS_MIDDLE_THIRD,ROWS_STANDARD_9_10,REGIME_RANGE_CLOSE_ROWS,4,1,4465.18,4465.18,4465.18,4465.18,4465.18,0.0,85.612273,93.297023,93.297023,1.0,1,4424.0,-41.18,41.18,41.18,41.18,False,False,False,False,False,prior_hlc::previous_pivot_hlc3,4465.180000,1
2,2026-05-28,2026-05-27,L6,RANGE_WIDE_120_220,CLOSE_POS_MIDDLE_THIRD,ROWS_STANDARD_9_10,REGIME_RANGE_CLOSE_ROWS,2,1,4446.953288,4446.953288,4446.953288,4446.953288,4446.953288,0.0,81.475274,93.060817,93.060817,0.5,2,4424.0,-22.953288,22.953288,22.953288,22.953288,False,False,False,False,False,prior_range_fraction::prev_range_0.333333,4446.953288,2
3,2026-05-28,2026-05-27,L6,RANGE_WIDE_120_220,CLOSE_POS_MIDDLE_THIRD,ROWS_STANDARD_9_10,REGIME_RANGE_CLOSE_ROWS,1,1,4433.885,4433.885,4433.885,4433.885,4433.885,0.0,80.036238,92.878571,92.878571,0.333333,3,4424.0,-9.885,9.885,9.885,9.885,False,False,False,False,False,red_box_quarter::red_box_2_25pct,4433.885000,3
4,2026-05-28,2026-05-27,L6,RANGE_WIDE_120_220,CLOSE_POS_MIDDLE_THIRD,ROWS_STANDARD_9_10,REGIME_RANGE_CLOSE_ROWS,5,1,4505.475,4505.475,4505.475,4505.475,4505.475,0.0,77.087375,88.94375,88.94375,0.25,4,4424.0,-81.475,81.475,81.475,81.475,False,False,False,False,False,green_box_quarter::green_box_2_25pct,4505.475000,4
5,2026-05-28,2026-05-27,L6,RANGE_WIDE_120_220,CLOSE_POS_MIDDLE_THIRD,ROWS_STANDARD_9_10,REGIME_RANGE_CLOSE_ROWS,3,1,4453.58952,4453.58952,4453.58952,4453.58952,4453.58952,0.0,68.360796,74.587579,74.587579,0.2,5,4424.0,-29.58952,29.58952,29.58952,29.58952,False,False,False,False,False,prior_range_fraction::prev_range_0.382,4453.589520,5
1,2026-05-28,2026-05-27,L7,RANGE_WIDE_120_220,CLOSE_POS_MIDDLE_THIRD,ROWS_STANDARD_9_10,REGIME_RANGE_CLOSE_ROWS,2,1,4433.885,4433.885,4433.885,4433.885,4433.885,0.0,85.989242,93.946969,93.946969,1.0,1,4379.41,-54.475,54.475,54.475,54.475,False,False,False,False,False,red_box_quarter::red_box_2_25pct,4433.885000,1
2,2026-05-28,2026-05-27,L7,RANGE_WIDE_120_220,CLOSE_POS_MIDDLE_THIRD,ROWS_STANDARD_9_10,REGIME_RANGE_CLOSE_ROWS,3,2,4453.58952,4454.68,4454.13476,4454.13476,4454.13476,1.09048,82.754341,90.886144,181.772287,0.75,2,4379.41,-74.72476,74.72476,74.72476,74.72476,False,False,False,False,False,prior_range_fraction::prev_range_0.382 | red_box_edge::red_edge_1,4453.589520 | 4454.680000,2 | 4
3,2026-05-28,2026-05-27,L7,RANGE_WIDE_120_220,CLOSE_POS_MIDDLE_THIRD,ROWS_STANDARD_9_10,REGIME_RANGE_CLOSE_ROWS,1,1,4422.295,4422.295,4422.295,4422.295,4422.295,0.0,78.989743,91.07427,91.07427,0.333333,3,4379.41,-42.885,42.885,42.885,42.885,False,False,False,False,False,green_box_quarter::green_box_1_25pct,4422.295000,3
4,2026-05-28,2026-05-27,L7,RANGE_WIDE_120_220,CLOSE_POS_MIDDLE_THIRD,ROWS_STANDARD_9_10,REGIME_RANGE_CLOSE_ROWS,4,1,4475.475,4475.475,4475.475,4475.475,4475.475,0.0,74.22498,84.698241,84.698241,0.2,5,4379.41,-96.065,96.065,96.065,96.065,False,False,False,False,False,red_box_quarter::red_box_1_75pct,4475.475000,5
1,2026-05-29,2026-05-28,L4,RANGE_WIDE_120_220,CLOSE_POS_UPPER_THIRD,ROWS_EXTENDED_11_PLUS,REGIME_RANGE_CLOSE_ROWS,1,1,4471.55,4471.55,4471.55,4471.55,4471.55,0.0,73.090376,71.707544,71.707544,1.0,1,4586.39,114.84,114.84,114.84,114.84,False,False,False,False,False,red_box_midline::red_mid_1,4471.550000,1
2,2026-05-29,2026-05-28,L4,RANGE_WIDE_120_220,CLOSE_POS_UPPER_THIRD,ROWS_EXTENDED_11_PLUS,REGIME_RANGE_CLOSE_ROWS,2,1,4479.05,4479.05,4479.05,4479.05,4479.05,0.0,46.49988,32.758413,32.758413,0.5,2,4586.39,107.34,107.34,107.34,107.34,False,False,False,False,False,green_box_quarter::green_box_2_25pct,4479.050000,2
3,2026-05-29,2026-05-28,L4,RANGE_WIDE_120_220,CLOSE_POS_UPPER_THIRD,ROWS_EXTENDED_11_PLUS,REGIME_RANGE_CLOSE_ROWS,4,1,4546.55,4546.55,4546.55,4546.55,4546.55,0.0,39.185522,22.446302,22.446302,0.333333,3,4586.39,39.84,39.84,39.84,39.84,False,False,False,False,False,green_box_edge::green_edge_2,4546.550000,3
4,2026-05-29,2026-05-28,L4,RANGE_WIDE_120_220,CLOSE_POS_UPPER_THIRD,ROWS_EXTENDED_11_PLUS,REGIME_RANGE_CLOSE_ROWS,5,1,4569.05,4569.05,4569.05,4569.05,4569.05,0.0,33.147763,13.185799,13.185799,0.25,4,4586.39,17.34,17.34,17.34,17.34,False,False,False,False,False,green_box_quarter::green_box_3_25pct,4569.050000,4
5,2026-05-29,2026-05-28,L4,RANGE_WIDE_120_220,CLOSE_POS_UPPER_THIRD,ROWS_EXTENDED_11_PLUS,REGIME_RANGE_CLOSE_ROWS,3,1,4524.05,4524.05,4524.05,4524.05,4524.05,0.0,32.439832,12.654882,12.654882,0.2,5,4586.39,62.34,62.34,62.34,62.34,False,False,False,False,False,green_box_quarter::green_box_2_75pct,4524.050000,5
1,2026-05-29,2026-05-28,L5,RANGE_WIDE_120_220,CLOSE_POS_UPPER_THIRD,ROWS_EXTENDED_11_PLUS,REGIME_RANGE_CLOSE_ROWS,2,1,4471.55,4471.55,4471.55,4471.55,4471.55,0.0,81.803567,86.730288,86.730288,1.0,1,4557.79,86.24,86.24,86.24,86.24,False,False,False,False,False,red_box_midline::red_mid_1,4471.550000,1
2,2026-05-29,2026-05-28,L5,RANGE_WIDE_120_220,CLOSE_POS_UPPER_THIRD,ROWS_EXTENDED_11_PLUS,REGIME_RANGE_CLOSE_ROWS,1,1,4441.55,4441.55,4441.55,4441.55,4441.55,0.0,70.003876,73.282544,73.282544,0.5,2,4557.79,116.24,116.24,116.24,116.24,False,False,False,False,False,prior_hlc::previous_mid,4441.550000,2
3,2026-05-29,2026-05-28,L5,RANGE_WIDE_120_220,CLOSE_POS_UPPER_THIRD,ROWS_EXTENDED_11_PLUS,REGIME_RANGE_CLOSE_ROWS,3,1,4501.55,4501.55,4501.55,4501.55,4501.55,0.0,57.774061,54.495507,54.495507,0.333333,3,4557.79,56.24,56.24,56.24,56.24,False,False,False,False,False,green_box_midline::green_mid_2,4501.550000,3
4,2026-05-29,2026-05-28,L5,RANGE_WIDE_120_220,CLOSE_POS_UPPER_THIRD,ROWS_EXTENDED_11_PLUS,REGIME_RANGE_CLOSE_ROWS,4,1,4516.55,4516.55,4516.55,4516.55,4516.55,0.0,48.929855,40.396302,40.396302,0.25,4,4557.79,41.24,41.24,41.24,41.24,False,False,False,False,False,prior_hlc::previous_high,4516.550000,4
5,2026-05-29,2026-05-28,L5,RANGE_WIDE_120_220,CLOSE_POS_UPPER_THIRD,ROWS_EXTENDED_11_PLUS,REGIME_RANGE_CLOSE_ROWS,5,1,4524.05,4524.05,4524.05,4524.05,4524.05,0.0,31.413763,10.885799,10.885799,0.2,5,4557.79,33.74,33.74,33.74,33.74,False,False,False,False,False,green_box_quarter::green_box_2_75pct,4524.050000,5
1,2026-05-29,2026-05-28,L6,RANGE_WIDE_120_220,CLOSE_POS_UPPER_THIRD,ROWS_EXTENDED_11_PLUS,REGIME_RANGE_CLOSE_ROWS,2,1,4466.55005,4466.55005,4466.55005,4466.55005,4466.55005,0.0,84.456895,91.304992,91.304992,1.0,1,4527.81,61.25995,61.25995,61.25995,61.25995,False,False,False,False,False,prior_range_fraction::prev_range_0.666667,4466.550050,1
2,2026-05-29,2026-05-28,L6,RANGE_WIDE_120_220,CLOSE_POS_UPPER_THIRD,ROWS_EXTENDED_11_PLUS,REGIME_RANGE_CLOSE_ROWS,3,2,4479.05,4479.05,4479.05,4479.05,4479.05,0.0,83.765665,89.82586,179.65172,0.833333,2,4527.81,48.76,48.76,48.76,48.76,False,False,False,False,False,green_box_quarter::green_box_2_25pct | prior_range_fraction::prev_range_0.75,4479.050000 | 4479.050000,2 | 3
3,2026-05-29,2026-05-28,L6,RANGE_WIDE_120_220,CLOSE_POS_UPPER_THIRD,ROWS_EXTENDED_11_PLUS,REGIME_RANGE_CLOSE_ROWS,1,1,4416.54995,4416.54995,4416.54995,4416.54995,4416.54995,0.0,67.771797,72.882409,72.882409,0.25,4,4527.81,111.26005,111.26005,111.26005,111.26005,False,False,False,False,False,prior_range_fraction::prev_range_0.333333,4416.549950,4
4,2026-05-29,2026-05-28,L6,RANGE_WIDE_120_220,CLOSE_POS_UPPER_THIRD,ROWS_EXTENDED_11_PLUS,REGIME_RANGE_CLOSE_ROWS,4,1,4501.55,4501.55,4501.55,4501.55,4501.55,0.0,48.030763,39.535799,39.535799,0.2,5,4527.81,26.26,26.26,26.26,26.26,False,False,False,False,False,green_box_midline::green_mid_2,4501.550000,5
1,2026-05-29,2026-05-28,L7,RANGE_WIDE_120_220,CLOSE_POS_UPPER_THIRD,ROWS_EXTENDED_11_PLUS,REGIME_RANGE_CLOSE_ROWS,5,1,4479.05,4479.05,4479.05,4479.05,4479.05,0.0,84.770929,91.846429,91.846429,1.0,1,4495.62,16.57,16.57,16.57,16.57,False,False,False,False,False,green_box_quarter::green_box_2_25pct,4479.050000,1
2,2026-05-29,2026-05-28,L7,RANGE_WIDE_120_220,CLOSE_POS_UPPER_THIRD,ROWS_EXTENDED_11_PLUS,REGIME_RANGE_CLOSE_ROWS,2,1,4426.55,4426.55,4426.55,4426.55,4426.55,0.0,78.682929,88.246429,88.246429,0.5,2,4495.62,69.07,69.07,69.07,69.07,False,False,False,False,False,red_box_edge::red_edge_1,4426.550000,2
3,2026-05-29,2026-05-28,L7,RANGE_WIDE_120_220,CLOSE_POS_UPPER_THIRD,ROWS_EXTENDED_11_PLUS,REGIME_RANGE_CLOSE_ROWS,1,1,4389.05,4389.05,4389.05,4389.05,4389.05,0.0,75.356881,84.810714,84.810714,0.333333,3,4495.62,106.57,106.57,106.57,106.57,False,False,False,False,False,green_box_quarter::green_box_1_25pct,4389.050000,3
4,2026-05-29,2026-05-28,L7,RANGE_WIDE_120_220,CLOSE_POS_UPPER_THIRD,ROWS_EXTENDED_11_PLUS,REGIME_RANGE_CLOSE_ROWS,3,1,4449.05,4449.05,4449.05,4449.05,4449.05,0.0,70.21308,77.091518,77.091518,0.25,4,4495.62,46.57,46.57,46.57,46.57,False,False,False,False,False,red_box_quarter::red_box_1_75pct,4449.050000,4
5,2026-05-29,2026-05-28,L7,RANGE_WIDE_120_220,CLOSE_POS_UPPER_THIRD,ROWS_EXTENDED_11_PLUS,REGIME_RANGE_CLOSE_ROWS,4,1,4459.58,4459.58,4459.58,4459.58,4459.58,0.0,68.426,74.7,74.7,0.2,5,4495.62,36.04,36.04,36.04,36.04,False,False,False,False,False,prior_hlc::previous_pivot_hlc3,4459.580000,5
1,2026-06-01,2026-05-29,L4,RANGE_NORMAL_60_120,CLOSE_POS_MIDDLE_THIRD,ROWS_EXTENDED_11_PLUS,REGIME_RANGE_CLOSE_ROWS,1,1,4578.3225,4578.3225,4578.3225,4578.3225,4578.3225,0.0,83.505529,89.664706,89.664706,1.0,1,4607.94,29.6175,29.6175,29.6175,29.6175,False,False,False,False,False,red_box_quarter::red_box_1_25pct,4578.322500,1
2,2026-06-01,2026-05-29,L4,RANGE_NORMAL_60_120,CLOSE_POS_MIDDLE_THIRD,ROWS_EXTENDED_11_PLUS,REGIME_RANGE_CLOSE_ROWS,2,2,4591.295,4595.35,4593.3225,4593.3225,4593.3225,4.055,64.352531,62.507353,125.014706,0.833333,2,4607.94,14.6175,14.6175,14.6175,14.6175,False,False,False,False,False,green_box_midline::green_mid_2 | prior_hlc::previous_high,4591.295000 | 4595.350000,2 | 3
3,2026-06-01,2026-05-29,L4,RANGE_NORMAL_60_120,CLOSE_POS_MIDDLE_THIRD,ROWS_EXTENDED_11_PLUS,REGIME_RANGE_CLOSE_ROWS,3,1,4642.3775,4642.3775,4642.3775,4642.3775,4642.3775,0.0,36.166456,18.390441,18.390441,0.25,4,4607.94,-34.4375,34.4375,34.4375,34.4375,False,False,False,False,False,green_box_quarter::green_box_3_25pct,4642.377500,4
1,2026-06-01,2026-05-29,L5,RANGE_NORMAL_60_120,CLOSE_POS_MIDDLE_THIRD,ROWS_EXTENDED_11_PLUS,REGIME_RANGE_CLOSE_ROWS,1,2,4540.2125,4541.87,4541.04125,4541.04125,4541.04125,1.6575,81.917385,82.257445,164.51489,1.333333,1,4580.08,39.03875,39.03875,39.03875,39.03875,False,False,False,False,False,green_box_quarter::green_box_1_75pct | prior_hlc::previous_pivot_hlc3,4540.212500 | 4541.870000,3 | 1
2,2026-06-01,2026-05-29,L5,RANGE_NORMAL_60_120,CLOSE_POS_MIDDLE_THIRD,ROWS_EXTENDED_11_PLUS,REGIME_RANGE_CLOSE_ROWS,2,1,4608.3225,4608.3225,4608.3225,4608.3225,4608.3225,0.0,79.259456,89.240441,89.240441,0.5,2,4580.08,-28.2425,28.2425,28.2425,28.2425,False,False,False,False,False,green_box_quarter::green_box_2_75pct,4608.322500,2
1,2026-06-01,2026-05-29,L6,RANGE_NORMAL_60_120,CLOSE_POS_MIDDLE_THIRD,ROWS_EXTENDED_11_PLUS,REGIME_RANGE_CLOSE_ROWS,2,2,4506.1575,4510.2125,4508.185,4508.185,4508.185,4.055,85.776333,90.24954,180.499081,1.5,1,4547.84,39.655,39.655,39.655,39.655,False,False,False,False,False,green_box_quarter::green_box_1_25pct | red_box_quarter::red_box_2_25pct,4506.157500 | 4510.212500,2 | 1
2,2026-06-01,2026-05-29,L6,RANGE_NORMAL_60_120,CLOSE_POS_MIDDLE_THIRD,ROWS_EXTENDED_11_PLUS,REGIME_RANGE_CLOSE_ROWS,3,1,4568.795,4568.795,4568.795,4568.795,4568.795,0.0,70.581872,76.577941,76.577941,0.333333,3,4547.84,-20.955,20.955,20.955,20.955,False,False,False,False,False,prior_range_fraction::prev_range_0.75,4568.795000,3
3,2026-06-01,2026-05-29,L6,RANGE_NORMAL_60_120,CLOSE_POS_MIDDLE_THIRD,ROWS_EXTENDED_11_PLUS,REGIME_RANGE_CLOSE_ROWS,1,1,4489.13,4489.13,4489.13,4489.13,4489.13,0.0,48.839029,40.239706,40.239706,0.25,4,4547.84,58.71,58.71,58.71,58.71,False,False,False,False,False,prior_hlc::previous_low,4489.130000,4
1,2026-06-01,2026-05-29,L7,RANGE_NORMAL_60_120,CLOSE_POS_MIDDLE_THIRD,ROWS_EXTENDED_11_PLUS,REGIME_RANGE_CLOSE_ROWS,3,1,4529.70604,4529.70604,4529.70604,4529.70604,4529.70604,0.0,84.751847,91.813529,91.813529,1.0,1,4521.97,-7.73604,7.73604,7.73604,7.73604,False,False,False,False,False,prior_range_fraction::prev_range_0.382,4529.706040,1
2,2026-06-01,2026-05-29,L7,RANGE_NORMAL_60_120,CLOSE_POS_MIDDLE_THIRD,ROWS_EXTENDED_11_PLUS,REGIME_RANGE_CLOSE_ROWS,2,1,4476.1575,4476.1575,4476.1575,4476.1575,4476.1575,0.0,57.788811,52.222088,52.222088,0.5,2,4521.97,45.8125,45.8125,45.8125,45.8125,False,False,False,False,False,red_box_quarter::red_box_2_75pct,4476.157500,2
3,2026-06-01,2026-05-29,L7,RANGE_NORMAL_60_120,CLOSE_POS_MIDDLE_THIRD,ROWS_EXTENDED_11_PLUS,REGIME_RANGE_CLOSE_ROWS,1,1,4459.13,4459.13,4459.13,4459.13,4459.13,0.0,35.869397,16.728846,16.728846,0.333333,3,4521.97,62.84,62.84,62.84,62.84,False,False,False,False,False,red_box_edge::red_edge_2,4459.130000,3
1,2026-06-02,2026-06-01,L4,RANGE_NORMAL_60_120,CLOSE_POS_MIDDLE_THIRD,ROWS_SPARSE_1_8,REGIME_RANGE_CLOSE_ROWS,1,3,4492.766667,4496.82,4494.793333,4495.100556,4495.715,4.053333,82.371434,81.330519,243.991556,1.533333,1,4489.47,-5.323333,5.323333,5.630556,6.245,False,False,False,False,True,prior_hlc::previous_pivot_hlc3 | green_box_quarter::green_box_1_75pct | prior_hlc::previous_mid,4492.766667 | 4495.715000 | 4496.820000,1 | 5 | 3
2,2026-06-02,2026-06-01,L4,RANGE_NORMAL_60_120,CLOSE_POS_MIDDLE_THIRD,ROWS_SPARSE_1_8,REGIME_RANGE_CLOSE_ROWS,2,1,4513.293366,4513.293366,4513.293366,4513.293366,4513.293366,0.0,78.379514,87.7233,87.7233,0.5,2,4489.47,-23.823366,23.823366,23.823366,23.823366,False,False,False,False,False,prior_range_fraction::prev_range_0.666667,4513.293366,2
3,2026-06-02,2026-06-01,L4,RANGE_NORMAL_60_120,CLOSE_POS_MIDDLE_THIRD,ROWS_SPARSE_1_8,REGIME_RANGE_CLOSE_ROWS,3,1,4527.925,4527.925,4527.925,4527.925,4527.925,0.0,70.050678,76.811513,76.811513,0.25,4,4489.47,-38.455,38.455,38.455,38.455,False,False,False,False,False,green_box_quarter::green_box_2_25pct,4527.925000,4
1,2026-06-02,2026-06-01,L5,RANGE_NORMAL_60_120,CLOSE_POS_MIDDLE_THIRD,ROWS_SPARSE_1_8,REGIME_RANGE_CLOSE_ROWS,4,1,4496.82,4496.82,4496.82,4496.82,4496.82,0.0,84.297553,91.030263,91.030263,1.0,1,4457.53,-39.29,39.29,39.29,39.29,False,False,False,False,False,prior_hlc::previous_mid,4496.820000,1
2,2026-06-02,2026-06-01,L5,RANGE_NORMAL_60_120,CLOSE_POS_MIDDLE_THIRD,ROWS_SPARSE_1_8,REGIME_RANGE_CLOSE_ROWS,3,2,4484.66,4485.15688,4484.90844,4484.90844,4484.90844,0.49688,82.385822,88.200706,176.401413,0.833333,2,4457.53,-27.37844,27.37844,27.37844,27.37844,False,False,False,False,False,prior_hlc::previous_close | prior_range_fraction::prev_range_0.382,4484.660000 | 4485.156880,2 | 3
3,2026-06-02,2026-06-01,L5,RANGE_NORMAL_60_120,CLOSE_POS_MIDDLE_THIRD,ROWS_SPARSE_1_8,REGIME_RANGE_CLOSE_ROWS,2,1,4472.11,4472.11,4472.11,4472.11,4472.11,0.0,62.707,64.15,64.15,0.25,4,4457.53,-14.58,14.58,14.58,14.58,False,False,False,False,False,prior_range_fraction::prev_range_0.25,4472.110000,4
4,2026-06-02,2026-06-01,L5,RANGE_NORMAL_60_120,CLOSE_POS_MIDDLE_THIRD,ROWS_SPARSE_1_8,REGIME_RANGE_CLOSE_ROWS,1,1,4459.755,4459.755,4459.755,4459.755,4459.755,0.0,45.930554,35.914748,35.914748,0.2,5,4457.53,-2.225,2.225,2.225,2.225,False,True,True,True,True,prior_range_fraction::prev_range_0.125,4459.755000,5
1,2026-06-02,2026-06-01,L6,RANGE_NORMAL_60_120,CLOSE_POS_MIDDLE_THIRD,ROWS_SPARSE_1_8,REGIME_RANGE_CLOSE_ROWS,1,1,4417.4,4417.4,4417.4,4417.4,4417.4,0.0,84.032991,90.574123,90.574123,1.0,1,4426.17,8.77,8.77,8.77,8.77,False,False,False,False,False,red_box_edge::red_edge_2,4417.400000,1
2,2026-06-02,2026-06-01,L6,RANGE_NORMAL_60_120,CLOSE_POS_MIDDLE_THIRD,ROWS_SPARSE_1_8,REGIME_RANGE_CLOSE_ROWS,3,1,4459.755,4459.755,4459.755,4459.755,4459.755,0.0,79.010836,88.811787,88.811787,0.5,2,4426.17,-33.585,33.585,33.585,33.585,False,False,False,False,False,prior_range_fraction::prev_range_0.125,4459.755000,2
3,2026-06-02,2026-06-01,L6,RANGE_NORMAL_60_120,CLOSE_POS_MIDDLE_THIRD,ROWS_SPARSE_1_8,REGIME_RANGE_CLOSE_ROWS,2,1,4447.4,4447.4,4447.4,4447.4,4447.4,0.0,76.699167,87.125,87.125,0.333333,3,4426.17,-21.23,21.23,21.23,21.23,False,False,False,False,False,prior_hlc::previous_low,4447.400000,3
4,2026-06-02,2026-06-01,L6,RANGE_NORMAL_60_120,CLOSE_POS_MIDDLE_THIRD,ROWS_SPARSE_1_8,REGIME_RANGE_CLOSE_ROWS,5,1,4472.11,4472.11,4472.11,4472.11,4472.11,0.0,75.827529,86.771601,86.771601,0.25,4,4426.17,-45.94,45.94,45.94,45.94,False,False,False,False,False,prior_range_fraction::prev_range_0.25,4472.110000,4
5,2026-06-02,2026-06-01,L6,RANGE_NORMAL_60_120,CLOSE_POS_MIDDLE_THIRD,ROWS_SPARSE_1_8,REGIME_RANGE_CLOSE_ROWS,4,1,4465.715,4465.715,4465.715,4465.715,4465.715,0.0,69.360678,76.311513,76.311513,0.2,5,4426.17,-39.545,39.545,39.545,39.545,False,False,False,False,False,red_box_quarter::red_box_2_25pct,4465.715000,5
1,2026-06-02,2026-06-01,L7,RANGE_NORMAL_60_120,CLOSE_POS_MIDDLE_THIRD,ROWS_SPARSE_1_8,REGIME_RANGE_CLOSE_ROWS,2,1,4433.505,4433.505,4433.505,4433.505,4433.505,0.0,77.241369,78.86443,78.86443,1.0,1,4396.14,-37.365,37.365,37.365,37.365,False,False,False,False,False,red_box_quarter::red_box_2_75pct,4433.505000,1
2,2026-06-02,2026-06-01,L7,RANGE_NORMAL_60_120,CLOSE_POS_MIDDLE_THIRD,ROWS_SPARSE_1_8,REGIME_RANGE_CLOSE_ROWS,1,1,4369.085,4369.085,4369.085,4369.085,4369.085,0.0,71.834283,76.438419,76.438419,0.5,2,4396.14,27.055,27.055,27.055,27.055,False,False,False,False,False,red_box_quarter::red_box_3_75pct,4369.085000,2
3,2026-06-02,2026-06-01,L7,RANGE_NORMAL_60_120,CLOSE_POS_MIDDLE_THIRD,ROWS_SPARSE_1_8,REGIME_RANGE_CLOSE_ROWS,3,1,4459.755,4459.755,4459.755,4459.755,4459.755,0.0,47.486464,36.758272,36.758272,0.333333,3,4396.14,-63.615,63.615,63.615,63.615,False,False,False,False,False,prior_range_fraction::prev_range_0.125,4459.755000,3
1,2026-06-03,2026-06-02,L4,RANGE_NORMAL_60_120,CLOSE_POS_LOWER_THIRD,ROWS_STANDARD_9_10,REGIME_RANGE_CLOSE_ROWS,2,2,4515.316693,4517.225,4516.270846,4516.270846,4516.270846,1.908307,86.676007,91.991927,183.983854,1.25,1,4539.09,22.819154,22.819154,22.819154,22.819154,False,False,False,False,False,prior_range_fraction::prev_range_0.666667 | green_box_edge::green_edge_1,4515.316693 | 4517.225000,1 | 4
2,2026-06-03,2026-06-02,L4,RANGE_NORMAL_60_120,CLOSE_POS_LOWER_THIRD,ROWS_STANDARD_9_10,REGIME_RANGE_CLOSE_ROWS,3,1,4530.79375,4530.79375,4530.79375,4530.79375,4530.79375,0.0,80.850811,91.984157,91.984157,0.5,2,4539.09,8.29625,8.29625,8.29625,8.29625,False,False,False,False,False,green_box_quarter::green_box_2_25pct,4530.793750,2
3,2026-06-03,2026-06-02,L4,RANGE_NORMAL_60_120,CLOSE_POS_LOWER_THIRD,ROWS_STANDARD_9_10,REGIME_RANGE_CLOSE_ROWS,4,1,4571.5,4571.5,4571.5,4571.5,4571.5,0.0,78.930818,90.972674,90.972674,0.333333,3,4539.09,-32.41,32.41,32.41,32.41,False,False,False,False,False,green_box_edge::green_edge_2,4571.500000,3
4,2026-06-03,2026-06-02,L4,RANGE_NORMAL_60_120,CLOSE_POS_LOWER_THIRD,ROWS_STANDARD_9_10,REGIME_RANGE_CLOSE_ROWS,1,1,4497.426667,4497.426667,4497.426667,4497.426667,4497.426667,0.0,76.510144,88.638179,88.638179,0.2,5,4539.09,41.663333,41.663333,41.663333,41.663333,False,False,False,False,False,prior_hlc::previous_pivot_hlc3,4497.426667,5
1,2026-06-03,2026-06-02,L5,RANGE_NORMAL_60_120,CLOSE_POS_LOWER_THIRD,ROWS_STANDARD_9_10,REGIME_RANGE_CLOSE_ROWS,2,1,4473.65625,4473.65625,4473.65625,4473.65625,4473.65625,0.0,85.441159,93.001999,93.001999,1.0,1,4513.17,39.51375,39.51375,39.51375,39.51375,False,False,False,False,False,red_box_quarter::red_box_2_25pct,4473.656250,1
2,2026-06-03,2026-06-02,L5,RANGE_NORMAL_60_120,CLOSE_POS_LOWER_THIRD,ROWS_STANDARD_9_10,REGIME_RANGE_CLOSE_ROWS,1,1,4460.0875,4460.0875,4460.0875,4460.0875,4460.0875,0.0,81.143172,92.488227,92.488227,0.5,2,4513.17,53.0825,53.0825,53.0825,53.0825,False,False,False,False,False,red_box_midline::red_mid_2,4460.087500,2
3,2026-06-03,2026-06-02,L5,RANGE_NORMAL_60_120,CLOSE_POS_LOWER_THIRD,ROWS_STANDARD_9_10,REGIME_RANGE_CLOSE_ROWS,3,2,4487.225,4489.133307,4488.179154,4488.179154,4488.179154,1.908307,79.819403,91.204677,182.409354,0.45,4,4513.17,24.990846,24.990846,24.990846,24.990846,False,False,False,False,False,red_box_edge::red_edge_1 | prior_range_fraction::prev_range_0.333333,4487.225000 | 4489.133307,4 | 5
4,2026-06-03,2026-06-02,L5,RANGE_NORMAL_60_120,CLOSE_POS_LOWER_THIRD,ROWS_STANDARD_9_10,REGIME_RANGE_CLOSE_ROWS,4,1,4521.8625,4521.8625,4521.8625,4521.8625,4521.8625,0.0,79.62235,92.164971,92.164971,0.333333,3,4513.17,-8.6925,8.6925,8.6925,8.6925,False,False,False,False,False,prior_range_fraction::prev_range_0.75,4521.862500,3
1,2026-06-03,2026-06-02,L6,RANGE_NORMAL_60_120,CLOSE_POS_LOWER_THIRD,ROWS_STANDARD_9_10,REGIME_RANGE_CLOSE_ROWS,1,3,4472.76875,4476.51875,4474.64375,4474.314583,4473.65625,3.75,88.585457,91.584121,274.752362,1.533333,1,4485.61,10.96625,10.96625,11.295417,11.95375,False,False,False,False,False,prior_range_fraction::prev_range_0.125 | red_box_quarter::red_box_2_25pct | green_box_quarter::green_box_1_25pct,4472.768750 | 4473.656250 | 4476.518750,3 | 5 | 1
2,2026-06-03,2026-06-02,L6,RANGE_NORMAL_60_120,CLOSE_POS_LOWER_THIRD,ROWS_STANDARD_9_10,REGIME_RANGE_CLOSE_ROWS,2,1,4482.5875,4482.5875,4482.5875,4482.5875,4482.5875,0.0,81.136933,92.477471,92.477471,0.5,2,4485.61,3.0225,3.0225,3.0225,3.0225,False,False,True,False,True,prior_range_fraction::prev_range_0.25,4482.587500,2
3,2026-06-03,2026-06-02,L6,RANGE_NORMAL_60_120,CLOSE_POS_LOWER_THIRD,ROWS_STANDARD_9_10,REGIME_RANGE_CLOSE_ROWS,3,1,4497.426667,4497.426667,4497.426667,4497.426667,4497.426667,0.0,78.549318,91.464342,91.464342,0.25,4,4485.61,-11.816667,11.816667,11.816667,11.816667,False,False,False,False,False,prior_hlc::previous_pivot_hlc3,4497.426667,4
1,2026-06-03,2026-06-02,L7,RANGE_NORMAL_60_120,CLOSE_POS_LOWER_THIRD,ROWS_STANDARD_9_10,REGIME_RANGE_CLOSE_ROWS,2,1,4419.38125,4419.38125,4419.38125,4419.38125,4419.38125,0.0,84.974664,92.197697,92.197697,1.0,1,4455.8,36.41875,36.41875,36.41875,36.41875,False,False,False,False,False,red_box_quarter::red_box_3_25pct,4419.381250,1
2,2026-06-03,2026-06-02,L7,RANGE_NORMAL_60_120,CLOSE_POS_LOWER_THIRD,ROWS_STANDARD_9_10,REGIME_RANGE_CLOSE_ROWS,5,1,4472.76875,4472.76875,4472.76875,4472.76875,4472.76875,0.0,79.60893,89.842982,89.842982,0.5,2,4455.8,-16.96875,16.96875,16.96875,16.96875,False,False,False,False,False,prior_range_fraction::prev_range_0.125,4472.768750,2
3,2026-06-03,2026-06-02,L7,RANGE_NORMAL_60_120,CLOSE_POS_LOWER_THIRD,ROWS_STANDARD_9_10,REGIME_RANGE_CLOSE_ROWS,1,1,4378.675,4378.675,4378.675,4378.675,4378.675,0.0,65.054077,67.047259,67.047259,0.333333,3,4455.8,77.125,77.125,77.125,77.125,False,False,False,False,False,red_box_edge::red_edge_3,4378.675000,3
4,2026-06-03,2026-06-02,L7,RANGE_NORMAL_60_120,CLOSE_POS_LOWER_THIRD,ROWS_STANDARD_9_10,REGIME_RANGE_CLOSE_ROWS,3,1,4446.51875,4446.51875,4446.51875,4446.51875,4446.51875,0.0,57.022046,54.348355,54.348355,0.25,4,4455.8,9.28125,9.28125,9.28125,9.28125,False,False,False,False,False,red_box_quarter::red_box_2_75pct,4446.518750,4
5,2026-06-03,2026-06-02,L7,RANGE_NORMAL_60_120,CLOSE_POS_LOWER_THIRD,ROWS_STANDARD_9_10,REGIME_RANGE_CLOSE_ROWS,4,1,4462.95,4462.95,4462.95,4462.95,4462.95,0.0,54.610807,50.880702,50.880702,0.2,5,4455.8,-7.15,7.15,7.15,7.15,False,False,False,False,False,prior_hlc::previous_low,4462.950000,5
1,2026-06-04,2026-06-03,L4,RANGE_NORMAL_60_120,CLOSE_POS_LOWER_THIRD,ROWS_SPARSE_1_8,REGIME_RANGE_CLOSE_ROWS,2,2,4461.625,4464.06375,4462.844375,4462.844375,4462.844375,2.43875,88.253696,92.068614,184.137229,1.5,1,4457.9,-4.944375,4.944375,4.944375,4.944375,False,False,True,False,True,prior_hlc::previous_mid | green_box_quarter::green_box_1_75pct,4461.625000 | 4464.063750,1 | 2
2,2026-06-04,2026-06-03,L4,RANGE_NORMAL_60_120,CLOSE_POS_LOWER_THIRD,ROWS_SPARSE_1_8,REGIME_RANGE_CLOSE_ROWS,4,1,4476.625,4476.625,4476.625,4476.625,4476.625,0.0,78.153944,89.633237,89.633237,0.333333,3,4457.9,-18.725,18.725,18.725,18.725,False,False,False,False,False,green_box_edge::green_edge_1,4476.625000,3
3,2026-06-04,2026-06-03,L4,RANGE_NORMAL_60_120,CLOSE_POS_LOWER_THIRD,ROWS_SPARSE_1_8,REGIME_RANGE_CLOSE_ROWS,1,1,4444.0025,4444.0025,4444.0025,4444.0025,4444.0025,0.0,77.00729,88.805672,88.805672,0.25,4,4457.9,13.8975,13.8975,13.8975,13.8975,False,False,False,False,False,prior_range_fraction::prev_range_0.25,4444.002500,4
4,2026-06-04,2026-06-03,L4,RANGE_NORMAL_60_120,CLOSE_POS_LOWER_THIRD,ROWS_SPARSE_1_8,REGIME_RANGE_CLOSE_ROWS,3,1,4469.94282,4469.94282,4469.94282,4469.94282,4469.94282,0.0,67.194767,72.577184,72.577184,0.2,5,4457.9,-12.04282,12.04282,12.04282,12.04282,False,False,False,False,False,prior_range_fraction::prev_range_0.618,4469.942820,5
1,2026-06-04,2026-06-03,L5,RANGE_NORMAL_60_120,CLOSE_POS_LOWER_THIRD,ROWS_SPARSE_1_8,REGIME_RANGE_CLOSE_ROWS,3,1,4444.0025,4444.0025,4444.0025,4444.0025,4444.0025,0.0,83.974421,90.473139,90.473139,1.0,1,4427.93,-16.0725,16.0725,16.0725,16.0725,False,False,False,False,False,prior_range_fraction::prev_range_0.25,4444.002500,1
2,2026-06-04,2026-06-03,L5,RANGE_NORMAL_60_120,CLOSE_POS_LOWER_THIRD,ROWS_SPARSE_1_8,REGIME_RANGE_CLOSE_ROWS,2,1,4438.94125,4438.94125,4438.94125,4438.94125,4438.94125,0.0,77.311141,85.881277,85.881277,0.5,2,4427.93,-11.01125,11.01125,11.01125,11.01125,False,False,False,False,False,green_box_quarter::green_box_1_25pct,4438.941250,2
3,2026-06-04,2026-06-03,L5,RANGE_NORMAL_60_120,CLOSE_POS_LOWER_THIRD,ROWS_SPARSE_1_8,REGIME_RANGE_CLOSE_ROWS,1,1,4421.5025,4421.5025,4421.5025,4421.5025,4421.5025,0.0,69.640956,74.955672,74.955672,0.333333,3,4427.93,6.4275,6.4275,6.4275,6.4275,False,False,False,False,False,red_box_midline::red_mid_2,4421.502500,3
1,2026-06-04,2026-06-03,L6,RANGE_NORMAL_60_120,CLOSE_POS_LOWER_THIRD,ROWS_SPARSE_1_8,REGIME_RANGE_CLOSE_ROWS,3,1,4421.5025,4421.5025,4421.5025,4421.5025,4421.5025,0.0,73.985733,73.251264,73.251264,1.0,1,4399.02,-22.4825,22.4825,22.4825,22.4825,False,False,False,False,False,red_box_midline::red_mid_2,4421.502500,1
2,2026-06-04,2026-06-03,L6,RANGE_NORMAL_60_120,CLOSE_POS_LOWER_THIRD,ROWS_SPARSE_1_8,REGIME_RANGE_CLOSE_ROWS,2,1,4408.94125,4408.94125,4408.94125,4408.94125,4408.94125,0.0,54.484769,46.525464,46.525464,0.5,2,4399.02,-9.92125,9.92125,9.92125,9.92125,False,False,False,False,False,red_box_quarter::red_box_2_75pct,4408.941250,2
3,2026-06-04,2026-06-03,L6,RANGE_NORMAL_60_120,CLOSE_POS_LOWER_THIRD,ROWS_SPARSE_1_8,REGIME_RANGE_CLOSE_ROWS,1,1,4396.38,4396.38,4396.38,4396.38,4396.38,0.0,33.635089,12.87659,12.87659,0.333333,3,4399.02,2.64,2.64,2.64,2.64,False,True,True,True,True,red_box_edge::red_edge_2,4396.380000,3
1,2026-06-04,2026-06-03,L7,RANGE_NORMAL_60_120,CLOSE_POS_LOWER_THIRD,ROWS_SPARSE_1_8,REGIME_RANGE_CLOSE_ROWS,1,1,4371.2575,4371.2575,4371.2575,4371.2575,4371.2575,0.0,84.135337,90.750581,90.750581,1.0,1,4371.46,0.2025,0.2025,0.2025,0.2025,False,True,True,True,True,red_box_midline::red_mid_3,4371.257500,1
2,2026-06-04,2026-06-03,L7,RANGE_NORMAL_60_120,CLOSE_POS_LOWER_THIRD,ROWS_SPARSE_1_8,REGIME_RANGE_CLOSE_ROWS,3,1,4408.94125,4408.94125,4408.94125,4408.94125,4408.94125,0.0,69.801853,72.93423,72.93423,0.5,2,4371.46,-37.48125,37.48125,37.48125,37.48125,False,False,False,False,False,red_box_quarter::red_box_2_75pct,4408.941250,2
3,2026-06-04,2026-06-03,L7,RANGE_NORMAL_60_120,CLOSE_POS_LOWER_THIRD,ROWS_SPARSE_1_8,REGIME_RANGE_CLOSE_ROWS,2,1,4383.81875,4383.81875,4383.81875,4383.81875,4383.81875,0.0,55.335791,50.291594,50.291594,0.333333,3,4371.46,-12.35875,12.35875,12.35875,12.35875,False,False,False,False,False,red_box_quarter::red_box_3_25pct,4383.818750,3
1,2026-06-05,2026-06-04,L4,RANGE_NORMAL_60_120,CLOSE_POS_MIDDLE_THIRD,ROWS_STANDARD_9_10,REGIME_RANGE_CLOSE_ROWS,4,1,4560.645,4560.645,4560.645,4560.645,4560.645,0.0,86.9275,95.564655,95.564655,1.0,1,4514.07,-46.575,46.575,46.575,46.575,False,False,False,False,False,green_box_quarter::green_box_3_25pct,4560.645000,1
2,2026-06-05,2026-06-04,L4,RANGE_NORMAL_60_120,CLOSE_POS_MIDDLE_THIRD,ROWS_STANDARD_9_10,REGIME_RANGE_CLOSE_ROWS,2,2,4499.865,4500.255,4500.06,4500.06,4500.06,0.39,84.968389,92.491245,184.98249,0.833333,2,4514.07,14.01,14.01,14.01,14.01,False,False,False,False,False,green_box_quarter::green_box_2_25pct | red_box_quarter::red_box_1_25pct,4499.865000 | 4500.255000,2 | 3
3,2026-06-05,2026-06-04,L4,RANGE_NORMAL_60_120,CLOSE_POS_MIDDLE_THIRD,ROWS_STANDARD_9_10,REGIME_RANGE_CLOSE_ROWS,1,1,4484.67,4484.67,4484.67,4484.67,4484.67,0.0,77.0065,88.80431,88.80431,0.25,4,4514.07,29.4,29.4,29.4,29.4,False,False,False,False,False,green_box_edge::green_edge_1,4484.670000,4
4,2026-06-05,2026-06-04,L4,RANGE_NORMAL_60_120,CLOSE_POS_MIDDLE_THIRD,ROWS_STANDARD_9_10,REGIME_RANGE_CLOSE_ROWS,3,1,4515.06,4515.06,4515.06,4515.06,4515.06,0.0,76.469042,88.567313,88.567313,0.2,5,4514.07,-0.99,0.99,0.99,0.99,False,True,True,True,True,green_box_midline::green_mid_2,4515.060000,5
1,2026-06-05,2026-06-04,L5,RANGE_NORMAL_60_120,CLOSE_POS_MIDDLE_THIRD,ROWS_STANDARD_9_10,REGIME_RANGE_CLOSE_ROWS,3,1,4484.67,4484.67,4484.67,4484.67,4484.67,0.0,84.75375,91.81681,91.81681,1.0,1,4489.65,4.98,4.98,4.98,4.98,False,False,True,False,True,green_box_edge::green_edge_1,4484.670000,1
2,2026-06-05,2026-06-04,L5,RANGE_NORMAL_60_120,CLOSE_POS_MIDDLE_THIRD,ROWS_STANDARD_9_10,REGIME_RANGE_CLOSE_ROWS,2,2,4469.865,4471.5,4470.6825,4470.6825,4470.6825,1.635,79.301679,88.747952,177.495905,0.533333,3,4489.65,18.9675,18.9675,18.9675,18.9675,False,False,False,False,False,red_box_quarter::red_box_1_75pct | prior_hlc::previous_pivot_hlc3,4469.865000 | 4471.500000,3 | 5
3,2026-06-05,2026-06-04,L5,RANGE_NORMAL_60_120,CLOSE_POS_MIDDLE_THIRD,ROWS_STANDARD_9_10,REGIME_RANGE_CLOSE_ROWS,1,2,4454.28,4458.86592,4456.57296,4456.57296,4456.57296,4.58592,79.106122,89.899538,179.799075,0.75,2,4489.65,33.07704,33.07704,33.07704,33.07704,False,False,False,False,False,green_box_midline::green_mid_1 | prior_range_fraction::prev_range_0.382,4454.280000 | 4458.865920,4 | 2
1,2026-06-05,2026-06-04,L6,RANGE_NORMAL_60_120,CLOSE_POS_MIDDLE_THIRD,ROWS_STANDARD_9_10,REGIME_RANGE_CLOSE_ROWS,3,1,4475.16,4475.16,4475.16,4475.16,4475.16,0.0,85.455,93.025862,93.025862,1.0,1,4460.74,-14.42,14.42,14.42,14.42,False,False,False,False,False,prior_hlc::previous_close,4475.160000,1
2,2026-06-05,2026-06-04,L6,RANGE_NORMAL_60_120,CLOSE_POS_MIDDLE_THIRD,ROWS_STANDARD_9_10,REGIME_RANGE_CLOSE_ROWS,2,1,4469.67,4469.67,4469.67,4469.67,4469.67,0.0,81.39275,92.918534,92.918534,0.5,2,4460.74,-8.93,8.93,8.93,8.93,False,False,False,False,False,prior_hlc::previous_mid,4469.670000,2
3,2026-06-05,2026-06-04,L6,RANGE_NORMAL_60_120,CLOSE_POS_MIDDLE_THIRD,ROWS_STANDARD_9_10,REGIME_RANGE_CLOSE_ROWS,5,1,4500.255,4500.255,4500.255,4500.255,4500.255,0.0,78.917667,90.95,90.95,0.333333,3,4460.74,-39.515,39.515,39.515,39.515,False,False,False,False,False,red_box_quarter::red_box_1_25pct,4500.255000,3
4,2026-06-05,2026-06-04,L6,RANGE_NORMAL_60_120,CLOSE_POS_MIDDLE_THIRD,ROWS_STANDARD_9_10,REGIME_RANGE_CLOSE_ROWS,1,1,4454.67,4454.67,4454.67,4454.67,4454.67,0.0,77.715125,90.026078,90.026078,0.25,4,4460.74,6.07,6.07,6.07,6.07,False,False,False,False,False,red_box_edge::red_edge_1,4454.670000,4
5,2026-06-05,2026-06-04,L6,RANGE_NORMAL_60_120,CLOSE_POS_MIDDLE_THIRD,ROWS_STANDARD_9_10,REGIME_RANGE_CLOSE_ROWS,4,1,4492.56,4492.56,4492.56,4492.56,4492.56,0.0,77.181625,89.795905,89.795905,0.2,5,4460.74,-31.82,31.82,31.82,31.82,False,False,False,False,False,prior_range_fraction::prev_range_0.75,4492.560000,5
1,2026-06-05,2026-06-04,L7,RANGE_NORMAL_60_120,CLOSE_POS_MIDDLE_THIRD,ROWS_STANDARD_9_10,REGIME_RANGE_CLOSE_ROWS,3,1,4439.475,4439.475,4439.475,4439.475,4439.475,0.0,87.116075,95.889785,95.889785,1.0,1,4432.43,-7.045,7.045,7.045,7.045,False,False,False,False,False,red_box_quarter::red_box_2_25pct,4439.475000,1
2,2026-06-05,2026-06-04,L7,RANGE_NORMAL_60_120,CLOSE_POS_MIDDLE_THIRD,ROWS_STANDARD_9_10,REGIME_RANGE_CLOSE_ROWS,4,2,4454.67,4458.86592,4456.76796,4456.76796,4456.76796,4.19592,80.216272,91.911519,183.823039,0.7,2,4432.43,-24.33796,24.33796,24.33796,24.33796,False,False,False,False,False,red_box_edge::red_edge_1 | prior_range_fraction::prev_range_0.382,4454.670000 | 4458.865920,5 | 2
3,2026-06-05,2026-06-04,L7,RANGE_NORMAL_60_120,CLOSE_POS_MIDDLE_THIRD,ROWS_STANDARD_9_10,REGIME_RANGE_CLOSE_ROWS,2,1,4424.28,4424.28,4424.28,4424.28,4424.28,0.0,79.096989,91.259176,91.259176,0.333333,3,4432.43,8.15,8.15,8.15,8.15,False,False,False,False,False,red_box_midline::red_mid_2,4424.280000,3
4,2026-06-05,2026-06-04,L7,RANGE_NORMAL_60_120,CLOSE_POS_MIDDLE_THIRD,ROWS_STANDARD_9_10,REGIME_RANGE_CLOSE_ROWS,1,1,4348.305,4348.305,4348.305,4348.305,4348.305,0.0,78.209386,90.878251,90.878251,0.25,4,4432.43,84.125,84.125,84.125,84.125,False,False,False,False,False,red_box_quarter::red_box_3_75pct,4348.305000,4
1,2026-06-08,2026-06-05,L4,RANGE_WIDE_120_220,CLOSE_POS_LOWER_THIRD,ROWS_STANDARD_9_10,REGIME_RANGE_CLOSE_ROWS,4,1,4418.15544,4418.15544,4418.15544,4418.15544,4418.15544,0.0,85.537591,93.168261,93.168261,1.0,1,4373.8,-44.35544,44.35544,44.35544,44.35544,False,False,False,False,False,prior_range_fraction::prev_range_0.618,4418.155440,1
2,2026-06-08,2026-06-05,L4,RANGE_WIDE_120_220,CLOSE_POS_LOWER_THIRD,ROWS_STANDARD_9_10,REGIME_RANGE_CLOSE_ROWS,2,1,4377.54456,4377.54456,4377.54456,4377.54456,4377.54456,0.0,80.562,91.486207,91.486207,0.5,2,4373.8,-3.74456,3.74456,3.74456,3.74456,False,False,True,False,True,prior_range_fraction::prev_range_0.382,4377.544560,2
3,2026-06-08,2026-06-05,L4,RANGE_WIDE_120_220,CLOSE_POS_LOWER_THIRD,ROWS_STANDARD_9_10,REGIME_RANGE_CLOSE_ROWS,1,1,4369.169943,4369.169943,4369.169943,4369.169943,4369.169943,0.0,78.363692,89.994872,89.994872,0.333333,3,4373.8,4.630057,4.630057,4.630057,4.630057,False,False,True,False,True,prior_range_fraction::prev_range_0.333333,4369.169943,3
4,2026-06-08,2026-06-05,L4,RANGE_WIDE_120_220,CLOSE_POS_LOWER_THIRD,ROWS_STANDARD_9_10,REGIME_RANGE_CLOSE_ROWS,3,1,4387.59,4387.59,4387.59,4387.59,4387.59,0.0,72.202394,80.521369,80.521369,0.25,4,4373.8,-13.79,13.79,13.79,13.79,False,False,False,False,False,green_box_quarter::green_box_1_75pct,4387.590000,4
5,2026-06-08,2026-06-05,L4,RANGE_WIDE_120_220,CLOSE_POS_LOWER_THIRD,ROWS_STANDARD_9_10,REGIME_RANGE_CLOSE_ROWS,5,1,4426.530057,4426.530057,4426.530057,4426.530057,4426.530057,0.0,70.327237,77.977995,77.977995,0.2,5,4373.8,-52.730057,52.730057,52.730057,52.730057,False,False,False,False,False,prior_range_fraction::prev_range_0.666667,4426.530057,5
1,2026-06-08,2026-06-05,L5,RANGE_WIDE_120_220,CLOSE_POS_LOWER_THIRD,ROWS_STANDARD_9_10,REGIME_RANGE_CLOSE_ROWS,1,1,4328.02,4328.02,4328.02,4328.02,4328.02,0.0,86.5826,94.97,94.97,1.0,1,4347.87,19.85,19.85,19.85,19.85,False,False,False,False,False,prior_hlc::previous_close,4328.020000,1
2,2026-06-08,2026-06-05,L5,RANGE_WIDE_120_220,CLOSE_POS_LOWER_THIRD,ROWS_STANDARD_9_10,REGIME_RANGE_CLOSE_ROWS,4,1,4374.573333,4374.573333,4374.573333,4374.573333,4374.573333,0.0,82.115907,94.165357,94.165357,0.5,2,4347.87,-26.703333,26.703333,26.703333,26.703333,False,False,False,False,False,prior_hlc::previous_pivot_hlc3,4374.573333,2
3,2026-06-08,2026-06-05,L5,RANGE_WIDE_120_220,CLOSE_POS_LOWER_THIRD,ROWS_STANDARD_9_10,REGIME_RANGE_CLOSE_ROWS,3,1,4369.169943,4369.169943,4369.169943,4369.169943,4369.169943,0.0,80.450389,93.592624,93.592624,0.333333,3,4347.87,-21.299943,21.299943,21.299943,21.299943,False,False,False,False,False,prior_range_fraction::prev_range_0.333333,4369.169943,3
4,2026-06-08,2026-06-05,L5,RANGE_WIDE_120_220,CLOSE_POS_LOWER_THIRD,ROWS_STANDARD_9_10,REGIME_RANGE_CLOSE_ROWS,5,1,4382.85,4382.85,4382.85,4382.85,4382.85,0.0,69.724379,76.248929,76.248929,0.25,4,4347.87,-34.98,34.98,34.98,34.98,False,False,False,False,False,red_box_edge::red_edge_1,4382.850000,4
5,2026-06-08,2026-06-05,L5,RANGE_WIDE_120_220,CLOSE_POS_LOWER_THIRD,ROWS_STANDARD_9_10,REGIME_RANGE_CLOSE_ROWS,2,1,4354.83,4354.83,4354.83,4354.83,4354.83,0.0,57.052873,55.091161,55.091161,0.2,5,4347.87,-6.96,6.96,6.96,6.96,False,False,False,False,False,prior_range_fraction::prev_range_0.25,4354.830000,5
1,2026-06-08,2026-06-05,L6,RANGE_WIDE_120_220,CLOSE_POS_LOWER_THIRD,ROWS_STANDARD_9_10,REGIME_RANGE_CLOSE_ROWS,1,2,4307.07,4311.81,4309.44,4309.44,4309.44,4.74,78.580537,82.33058,164.661161,1.25,1,4310.51,1.07,1.07,1.07,1.07,True,True,True,True,True,red_box_quarter::red_box_2_75pct | prior_hlc::previous_low,4307.070000 | 4311.810000,1 | 4
2,2026-06-08,2026-06-05,L6,RANGE_WIDE_120_220,CLOSE_POS_LOWER_THIRD,ROWS_STANDARD_9_10,REGIME_RANGE_CLOSE_ROWS,2,2,4332.33,4337.07,4334.7,4334.7,4334.7,4.74,75.92961,83.507143,167.014286,0.833333,2,4310.51,-24.19,24.19,24.19,24.19,False,False,False,False,False,red_box_midline::red_mid_2 | green_box_quarter::green_box_1_25pct,4332.330000 | 4337.070000,2 | 3
3,2026-06-08,2026-06-05,L6,RANGE_WIDE_120_220,CLOSE_POS_LOWER_THIRD,ROWS_STANDARD_9_10,REGIME_RANGE_CLOSE_ROWS,3,1,4357.59,4357.59,4357.59,4357.59,4357.59,0.0,48.083121,39.626071,39.626071,0.2,5,4310.51,-47.08,47.08,47.08,47.08,False,False,False,False,False,red_box_quarter::red_box_2_25pct,4357.590000,5
1,2026-06-08,2026-06-05,L7,RANGE_WIDE_120_220,CLOSE_POS_LOWER_THIRD,ROWS_STANDARD_9_10,REGIME_RANGE_CLOSE_ROWS,2,1,4281.81,4281.81,4281.81,4281.81,4281.81,0.0,77.609643,79.499384,79.499384,1.0,1,4281.09,-0.72,0.72,0.72,0.72,False,True,True,True,True,red_box_edge::red_edge_2,4281.810000,1
2,2026-06-08,2026-06-05,L7,RANGE_WIDE_120_220,CLOSE_POS_LOWER_THIRD,ROWS_STANDARD_9_10,REGIME_RANGE_CLOSE_ROWS,3,1,4311.81,4311.81,4311.81,4311.81,4311.81,0.0,55.9265,49.011207,49.011207,0.5,2,4281.09,-30.72,30.72,30.72,30.72,False,False,False,False,False,prior_hlc::previous_low,4311.810000,2
3,2026-06-08,2026-06-05,L7,RANGE_WIDE_120_220,CLOSE_POS_LOWER_THIRD,ROWS_STANDARD_9_10,REGIME_RANGE_CLOSE_ROWS,1,1,4256.55,4256.55,4256.55,4256.55,4256.55,0.0,36.687479,18.139332,18.139332,0.333333,3,4281.09,24.54,24.54,24.54,24.54,False,False,False,False,False,red_box_quarter::red_box_3_25pct,4256.550000,3
1,2026-06-09,2026-06-08,L4,RANGE_NORMAL_60_120,CLOSE_POS_UPPER_THIRD,ROWS_SPARSE_1_8,REGIME_RANGE_CLOSE_ROWS,1,3,4325.89,4332.145,4329.0175,4329.248333,4329.71,6.255,77.722867,72.518277,217.55483,1.833333,1,4370.04,41.0225,41.0225,40.791667,40.33,False,False,False,False,False,green_box_edge::green_edge_1 | prior_hlc::previous_close | prior_range_fraction::prev_range_0.75,4325.890000 | 4329.710000 | 4332.145000,2 | 3 | 1
2,2026-06-09,2026-06-08,L4,RANGE_NORMAL_60_120,CLOSE_POS_UPPER_THIRD,ROWS_SPARSE_1_8,REGIME_RANGE_CLOSE_ROWS,2,1,4342.7725,4342.7725,4342.7725,4342.7725,4342.7725,0.0,45.936102,35.234659,35.234659,0.25,4,4370.04,27.2675,27.2675,27.2675,27.2675,False,False,False,False,False,prior_range_fraction::prev_range_0.875,4342.772500,4
1,2026-06-09,2026-06-08,L5,RANGE_NORMAL_60_120,CLOSE_POS_UPPER_THIRD,ROWS_SPARSE_1_8,REGIME_RANGE_CLOSE_ROWS,1,3,4310.2675,4311.5125,4310.89,4310.89,4310.89,1.245,85.26414,88.26392,264.791761,1.083333,2,4342.11,31.22,31.22,31.22,31.22,False,False,False,False,False,red_box_quarter::red_box_1_75pct | prior_hlc::previous_mid | green_box_quarter::green_box_1_75pct,4310.267500 | 4310.890000 | 4311.512500,3 | 4 | 2
2,2026-06-09,2026-06-08,L5,RANGE_NORMAL_60_120,CLOSE_POS_UPPER_THIRD,ROWS_SPARSE_1_8,REGIME_RANGE_CLOSE_ROWS,2,1,4324.645,4324.645,4324.645,4324.645,4324.645,0.0,83.991977,90.503409,90.503409,1.0,1,4342.11,17.465,17.465,17.465,17.465,False,False,False,False,False,red_box_midline::red_mid_1,4324.645000,1
3,2026-06-09,2026-06-08,L5,RANGE_NORMAL_60_120,CLOSE_POS_UPPER_THIRD,ROWS_SPARSE_1_8,REGIME_RANGE_CLOSE_ROWS,3,1,4332.145,4332.145,4332.145,4332.145,4332.145,0.0,67.274239,72.714205,72.714205,0.2,5,4342.11,9.965,9.965,9.965,9.965,False,False,False,False,False,prior_range_fraction::prev_range_0.75,4332.145000,5
1,2026-06-09,2026-06-08,L6,RANGE_NORMAL_60_120,CLOSE_POS_UPPER_THIRD,ROWS_SPARSE_1_8,REGIME_RANGE_CLOSE_ROWS,3,1,4311.5125,4311.5125,4311.5125,4311.5125,4311.5125,0.0,82.662426,88.21108,88.21108,1.0,1,4313.53,2.0175,2.0175,2.0175,2.0175,False,True,True,True,True,green_box_quarter::green_box_1_75pct,4311.512500,1
2,2026-06-09,2026-06-08,L6,RANGE_NORMAL_60_120,CLOSE_POS_UPPER_THIRD,ROWS_SPARSE_1_8,REGIME_RANGE_CLOSE_ROWS,1,1,4289.635,4289.635,4289.635,4289.635,4289.635,0.0,76.489576,86.763636,86.763636,0.333333,3,4313.53,23.895,23.895,23.895,23.895,False,False,False,False,False,prior_range_fraction::prev_range_0.25,4289.635000,3
3,2026-06-09,2026-06-08,L6,RANGE_NORMAL_60_120,CLOSE_POS_UPPER_THIRD,ROWS_SPARSE_1_8,REGIME_RANGE_CLOSE_ROWS,2,2,4297.135,4300.85764,4298.99632,4298.99632,4298.99632,3.72264,72.390472,77.011027,154.022054,0.75,2,4313.53,14.53368,14.53368,14.53368,14.53368,False,False,False,False,False,green_box_midline::green_mid_1 | prior_range_fraction::prev_range_0.382,4297.135000 | 4300.857640,4 | 2
1,2026-06-09,2026-06-08,L7,RANGE_NORMAL_60_120,CLOSE_POS_UPPER_THIRD,ROWS_SPARSE_1_8,REGIME_RANGE_CLOSE_ROWS,3,1,4279.0075,4279.0075,4279.0075,4279.0075,4279.0075,0.0,83.737804,90.065179,90.065179,1.0,1,4284.94,5.9325,5.9325,5.9325,5.9325,False,False,False,False,False,prior_range_fraction::prev_range_0.125,4279.007500,1
2,2026-06-09,2026-06-08,L7,RANGE_NORMAL_60_120,CLOSE_POS_UPPER_THIRD,ROWS_SPARSE_1_8,REGIME_RANGE_CLOSE_ROWS,2,2,4267.135,4268.38,4267.7575,4267.7575,4267.7575,1.245,80.314922,85.765268,171.530536,0.833333,2,4284.94,17.1825,17.1825,17.1825,17.1825,False,False,False,False,False,red_box_midline::red_mid_2 | prior_hlc::previous_low,4267.135000 | 4268.380000,2 | 3
3,2026-06-09,2026-06-08,L7,RANGE_NORMAL_60_120,CLOSE_POS_UPPER_THIRD,ROWS_SPARSE_1_8,REGIME_RANGE_CLOSE_ROWS,1,1,4123.36,4123.36,4123.36,4123.36,4123.36,0.0,26.469429,1.671429,1.671429,0.25,4,4284.94,161.58,161.58,161.58,161.58,False,False,False,False,False,red_box_edge::red_edge_4,4123.360000,4
1,2026-06-10,2026-06-09,L4,RANGE_WIDE_120_220,CLOSE_POS_LOWER_THIRD,ROWS_STANDARD_9_10,REGIME_RANGE_CLOSE_ROWS,4,1,4315.25892,4315.25892,4315.25892,4315.25892,4315.25892,0.0,85.504336,93.110924,93.110924,1.0,1,4253.47,-61.78892,61.78892,61.78892,61.78892,False,False,False,False,False,prior_range_fraction::prev_range_0.618,4315.258920,1
2,2026-06-10,2026-06-09,L4,RANGE_WIDE_120_220,CLOSE_POS_LOWER_THIRD,ROWS_STANDARD_9_10,REGIME_RANGE_CLOSE_ROWS,2,2,4285.30108,4286.673333,4285.987206,4285.987206,4285.987206,1.372253,83.811667,91.987212,183.974424,0.833333,2,4253.47,-32.517206,32.517206,32.517206,32.517206,False,False,False,False,False,prior_range_fraction::prev_range_0.382 | prior_hlc::previous_pivot_hlc3,4285.301080 | 4286.673333,3 | 2
3,2026-06-10,2026-06-09,L4,RANGE_WIDE_120_220,CLOSE_POS_LOWER_THIRD,ROWS_STANDARD_9_10,REGIME_RANGE_CLOSE_ROWS,1,1,4279.123291,4279.123291,4279.123291,4279.123291,4279.123291,0.0,77.66085,89.9325,89.9325,0.25,4,4253.47,-25.653291,25.653291,25.653291,25.653291,False,False,False,False,False,prior_range_fraction::prev_range_0.333333,4279.123291,4
4,2026-06-10,2026-06-09,L4,RANGE_WIDE_120_220,CLOSE_POS_LOWER_THIRD,ROWS_STANDARD_9_10,REGIME_RANGE_CLOSE_ROWS,3,1,4295.6625,4295.6625,4295.6625,4295.6625,4295.6625,0.0,71.772284,80.469456,80.469456,0.2,5,4253.47,-42.1925,42.1925,42.1925,42.1925,False,False,False,False,False,green_box_quarter::green_box_1_75pct,4295.662500,5
1,2026-06-10,2026-06-09,L5,RANGE_WIDE_120_220,CLOSE_POS_LOWER_THIRD,ROWS_STANDARD_9_10,REGIME_RANGE_CLOSE_ROWS,1,1,4259.46,4259.46,4259.46,4259.46,4259.46,0.0,86.546424,94.907627,94.907627,1.0,1,4222.84,-36.62,36.62,36.62,36.62,False,False,False,False,False,prior_hlc::previous_close,4259.460000,1
2,2026-06-10,2026-06-09,L5,RANGE_WIDE_120_220,CLOSE_POS_LOWER_THIRD,ROWS_STANDARD_9_10,REGIME_RANGE_CLOSE_ROWS,3,1,4279.123291,4279.123291,4279.123291,4279.123291,4279.123291,0.0,80.413763,93.529476,93.529476,0.333333,3,4222.84,-56.283291,56.283291,56.283291,56.283291,False,False,False,False,False,prior_range_fraction::prev_range_0.333333,4279.123291,3
3,2026-06-10,2026-06-09,L5,RANGE_WIDE_120_220,CLOSE_POS_LOWER_THIRD,ROWS_STANDARD_9_10,REGIME_RANGE_CLOSE_ROWS,4,2,4285.28,4286.673333,4285.976666,4285.976666,4285.976666,1.393333,79.168731,85.16356,170.327119,0.75,2,4222.84,-63.136666,63.136666,63.136666,63.136666,False,False,False,False,False,red_box_edge::red_edge_1 | prior_hlc::previous_pivot_hlc3,4285.280000 | 4286.673333,4 | 2
4,2026-06-10,2026-06-09,L5,RANGE_WIDE_120_220,CLOSE_POS_LOWER_THIRD,ROWS_STANDARD_9_10,REGIME_RANGE_CLOSE_ROWS,2,1,4268.545,4268.545,4268.545,4268.545,4268.545,0.0,49.13463,41.439018,41.439018,0.2,5,4222.84,-45.705,45.705,45.705,45.705,False,False,False,False,False,prior_range_fraction::prev_range_0.25,4268.545000,5
1,2026-06-10,2026-06-09,L6,RANGE_WIDE_120_220,CLOSE_POS_LOWER_THIRD,ROWS_STANDARD_9_10,REGIME_RANGE_CLOSE_ROWS,1,1,4226.4275,4226.4275,4226.4275,4226.4275,4226.4275,0.0,84.940764,92.139248,92.139248,1.0,1,4186.38,-40.0475,40.0475,40.0475,40.0475,False,False,False,False,False,red_box_quarter::red_box_2_75pct,4226.427500,1
2,2026-06-10,2026-06-09,L6,RANGE_WIDE_120_220,CLOSE_POS_LOWER_THIRD,ROWS_STANDARD_9_10,REGIME_RANGE_CLOSE_ROWS,3,1,4246.045,4246.045,4246.045,4246.045,4246.045,0.0,78.930578,88.673411,88.673411,0.5,2,4186.38,-59.665,59.665,59.665,59.665,False,False,False,False,False,red_box_midline::red_mid_2,4246.045000,2
3,2026-06-10,2026-06-09,L6,RANGE_WIDE_120_220,CLOSE_POS_LOWER_THIRD,ROWS_STANDARD_9_10,REGIME_RANGE_CLOSE_ROWS,2,1,4236.81,4236.81,4236.81,4236.81,4236.81,0.0,71.580339,78.299435,78.299435,0.333333,3,4186.38,-50.43,50.43,50.43,50.43,False,False,False,False,False,prior_hlc::previous_low,4236.810000,3
4,2026-06-10,2026-06-09,L6,RANGE_WIDE_120_220,CLOSE_POS_LOWER_THIRD,ROWS_STANDARD_9_10,REGIME_RANGE_CLOSE_ROWS,4,1,4256.4275,4256.4275,4256.4275,4256.4275,4256.4275,0.0,70.887151,78.253708,78.253708,0.25,4,4186.38,-70.0475,70.0475,70.0475,70.0475,False,False,False,False,False,green_box_quarter::green_box_1_25pct,4256.427500,4
5,2026-06-10,2026-06-09,L6,RANGE_WIDE_120_220,CLOSE_POS_LOWER_THIRD,ROWS_STANDARD_9_10,REGIME_RANGE_CLOSE_ROWS,5,1,4265.6625,4265.6625,4265.6625,4265.6625,4265.6625,0.0,48.046496,39.562924,39.562924,0.2,5,4186.38,-79.2825,79.2825,79.2825,79.2825,False,False,False,False,False,red_box_quarter::red_box_2_25pct,4265.662500,5
1,2026-06-10,2026-06-09,L7,RANGE_WIDE_120_220,CLOSE_POS_LOWER_THIRD,ROWS_STANDARD_9_10,REGIME_RANGE_CLOSE_ROWS,2,1,4206.81,4206.81,4206.81,4206.81,4206.81,0.0,80.250977,84.053409,84.053409,1.0,1,4144.02,-62.79,62.79,62.79,62.79,False,False,False,False,False,red_box_edge::red_edge_2,4206.810000,1
2,2026-06-10,2026-06-09,L7,RANGE_WIDE_120_220,CLOSE_POS_LOWER_THIRD,ROWS_STANDARD_9_10,REGIME_RANGE_CLOSE_ROWS,3,1,4236.81,4236.81,4236.81,4236.81,4236.81,0.0,55.889682,48.947727,48.947727,0.5,2,4144.02,-92.79,92.79,92.79,92.79,False,False,False,False,False,prior_hlc::previous_low,4236.810000,2
3,2026-06-10,2026-06-09,L7,RANGE_WIDE_120_220,CLOSE_POS_LOWER_THIRD,ROWS_STANDARD_9_10,REGIME_RANGE_CLOSE_ROWS,1,1,4187.1925,4187.1925,4187.1925,4187.1925,4187.1925,0.0,36.657252,18.087216,18.087216,0.333333,3,4144.02,-43.1725,43.1725,43.1725,43.1725,False,False,False,False,False,red_box_quarter::red_box_3_25pct,4187.192500,3
1,2026-06-11,2026-06-10,L4,RANGE_WIDE_120_220,CLOSE_POS_LOWER_THIRD,ROWS_EXTENDED_11_PLUS,REGIME_RANGE_CLOSE_ROWS,2,1,4257.92,4257.92,4257.92,4257.92,4257.92,0.0,67.118436,61.411096,61.411096,1.0,1,4194.64,-63.28,63.28,63.28,63.28,False,False,False,False,False,prior_hlc::previous_high,4257.920000,1
2,2026-06-11,2026-06-10,L4,RANGE_WIDE_120_220,CLOSE_POS_LOWER_THIRD,ROWS_EXTENDED_11_PLUS,REGIME_RANGE_CLOSE_ROWS,1,1,4114.76,4114.76,4114.76,4114.76,4114.76,0.0,48.854142,36.817486,36.817486,0.5,2,4194.64,79.88,79.88,79.88,79.88,False,False,False,False,False,prior_range_fraction::prev_range_0.25,4114.760000,2
3,2026-06-11,2026-06-10,L4,RANGE_WIDE_120_220,CLOSE_POS_LOWER_THIRD,ROWS_EXTENDED_11_PLUS,REGIME_RANGE_CLOSE_ROWS,3,1,4287.92,4287.92,4287.92,4287.92,4287.92,0.0,33.662678,12.924157,12.924157,0.333333,3,4194.64,-93.28,93.28,93.28,93.28,False,False,False,False,False,green_box_edge::green_edge_2,4287.920000,3
1,2026-06-11,2026-06-10,L5,RANGE_WIDE_120_220,CLOSE_POS_LOWER_THIRD,ROWS_EXTENDED_11_PLUS,REGIME_RANGE_CLOSE_ROWS,3,1,4210.2,4210.2,4210.2,4210.2,4210.2,0.0,83.984583,90.49066,90.49066,1.0,1,4165.1,-45.1,45.1,45.1,45.1,False,False,False,False,False,prior_range_fraction::prev_range_0.75,4210.200000,1
2,2026-06-11,2026-06-10,L5,RANGE_WIDE_120_220,CLOSE_POS_LOWER_THIRD,ROWS_EXTENDED_11_PLUS,REGIME_RANGE_CLOSE_ROWS,1,1,4092.26,4092.26,4092.26,4092.26,4092.26,0.0,79.275142,89.267486,89.267486,0.5,2,4165.1,72.84,72.84,72.84,72.84,False,False,False,False,False,red_box_midline::red_mid_2,4092.260000,2
3,2026-06-11,2026-06-10,L5,RANGE_WIDE_120_220,CLOSE_POS_LOWER_THIRD,ROWS_EXTENDED_11_PLUS,REGIME_RANGE_CLOSE_ROWS,4,1,4234.06,4234.06,4234.06,4234.06,4234.06,0.0,77.764428,88.961657,88.961657,0.333333,3,4165.1,-68.96,68.96,68.96,68.96,False,False,False,False,False,prior_range_fraction::prev_range_0.875,4234.060000,3
4,2026-06-11,2026-06-10,L5,RANGE_WIDE_120_220,CLOSE_POS_LOWER_THIRD,ROWS_EXTENDED_11_PLUS,REGIME_RANGE_CLOSE_ROWS,2,1,4202.7,4202.7,4202.7,4202.7,4202.7,0.0,77.039436,88.861096,88.861096,0.25,4,4165.1,-37.6,37.6,37.6,37.6,False,False,False,False,False,red_box_midline::red_mid_1,4202.700000,4
1,2026-06-11,2026-06-10,L6,RANGE_WIDE_120_220,CLOSE_POS_LOWER_THIRD,ROWS_EXTENDED_11_PLUS,REGIME_RANGE_CLOSE_ROWS,4,1,4185.00384,4185.00384,4185.00384,4185.00384,4185.00384,0.0,73.261715,72.002957,72.002957,1.0,1,4130.78,-54.22384,54.22384,54.22384,54.22384,False,False,False,False,False,prior_range_fraction::prev_range_0.618,4185.003840,1
2,2026-06-11,2026-06-10,L6,RANGE_WIDE_120_220,CLOSE_POS_LOWER_THIRD,ROWS_EXTENDED_11_PLUS,REGIME_RANGE_CLOSE_ROWS,3,1,4162.48,4162.48,4162.48,4162.48,4162.48,0.0,50.183458,39.10941,39.10941,0.5,2,4130.78,-31.7,31.7,31.7,31.7,False,False,False,False,False,prior_hlc::previous_mid,4162.480000,2
3,2026-06-11,2026-06-10,L6,RANGE_WIDE_120_220,CLOSE_POS_LOWER_THIRD,ROWS_EXTENDED_11_PLUS,REGIME_RANGE_CLOSE_ROWS,2,1,4149.87,4149.87,4149.87,4149.87,4149.87,0.0,48.426977,38.379846,38.379846,0.333333,3,4130.78,-19.09,19.09,19.09,19.09,False,False,False,False,False,green_box_quarter::green_box_1_75pct,4149.870000,3
4,2026-06-11,2026-06-10,L6,RANGE_WIDE_120_220,CLOSE_POS_LOWER_THIRD,ROWS_EXTENDED_11_PLUS,REGIME_RANGE_CLOSE_ROWS,1,1,4071.32,4071.32,4071.32,4071.32,4071.32,0.0,47.619017,38.136236,38.136236,0.25,4,4130.78,59.46,59.46,59.46,59.46,False,False,False,False,False,prior_hlc::previous_close,4071.320000,4
1,2026-06-11,2026-06-10,L7,RANGE_WIDE_120_220,CLOSE_POS_LOWER_THIRD,ROWS_EXTENDED_11_PLUS,REGIME_RANGE_CLOSE_ROWS,2,1,4090.9,4090.9,4090.9,4090.9,4090.9,0.0,84.801939,91.899894,91.899894,1.0,1,4097.25,6.35,6.35,6.35,6.35,False,False,False,False,False,prior_range_fraction::prev_range_0.125,4090.900000,1
2,2026-06-11,2026-06-10,L7,RANGE_WIDE_120_220,CLOSE_POS_LOWER_THIRD,ROWS_EXTENDED_11_PLUS,REGIME_RANGE_CLOSE_ROWS,4,1,4147.48,4147.48,4147.48,4147.48,4147.48,0.0,79.02022,88.827966,88.827966,0.5,2,4097.25,-50.23,50.23,50.23,50.23,False,False,False,False,False,red_box_edge::red_edge_1,4147.480000,2
3,2026-06-11,2026-06-10,L7,RANGE_WIDE_120_220,CLOSE_POS_LOWER_THIRD,ROWS_EXTENDED_11_PLUS,REGIME_RANGE_CLOSE_ROWS,3,1,4122.26,4122.26,4122.26,4122.26,4122.26,0.0,76.736215,87.188877,87.188877,0.333333,3,4097.25,-25.01,25.01,25.01,25.01,False,False,False,False,False,green_box_midline::green_mid_1,4122.260000,3
4,2026-06-11,2026-06-10,L7,RANGE_WIDE_120_220,CLOSE_POS_LOWER_THIRD,ROWS_EXTENDED_11_PLUS,REGIME_RANGE_CLOSE_ROWS,1,1,4064.65,4064.65,4064.65,4064.65,4064.65,0.0,28.69,5.5,5.5,0.25,4,4097.25,32.6,32.6,32.6,32.6,False,False,False,False,False,red_box_quarter::red_box_2_75pct,4064.650000,4
1,2026-06-12,2026-06-11,L4,RANGE_WIDE_120_220,CLOSE_POS_UPPER_THIRD,ROWS_EXTENDED_11_PLUS,REGIME_RANGE_CLOSE_ROWS,1,2,4163.5725,4165.28875,4164.430625,4164.430625,4164.430625,1.71625,65.768722,52.205211,104.410422,1.5,1,4220.33,55.899375,55.899375,55.899375,55.899375,False,False,False,False,False,red_box_midline::red_mid_1 | green_box_quarter::green_box_2_25pct,4163.572500 | 4165.288750,1 | 2
2,2026-06-12,2026-06-11,L4,RANGE_WIDE_120_220,CLOSE_POS_UPPER_THIRD,ROWS_EXTENDED_11_PLUS,REGIME_RANGE_CLOSE_ROWS,2,1,4250.14,4250.14,4250.14,4250.14,4250.14,0.0,39.068183,22.243994,22.243994,0.333333,3,4220.33,-29.81,29.81,29.81,29.81,False,False,False,False,False,green_box_edge::green_edge_2,4250.140000,3
3,2026-06-12,2026-06-11,L4,RANGE_WIDE_120_220,CLOSE_POS_UPPER_THIRD,ROWS_EXTENDED_11_PLUS,REGIME_RANGE_CLOSE_ROWS,4,1,4306.7075,4306.7075,4306.7075,4306.7075,4306.7075,0.0,36.693028,19.298324,19.298324,0.25,4,4220.33,-86.3775,86.3775,86.3775,86.3775,False,False,False,False,False,green_box_midline::green_mid_3,4306.707500,4
4,2026-06-12,2026-06-11,L4,RANGE_WIDE_120_220,CLOSE_POS_UPPER_THIRD,ROWS_EXTENDED_11_PLUS,REGIME_RANGE_CLOSE_ROWS,3,1,4278.42375,4278.42375,4278.42375,4278.42375,4278.42375,0.0,32.631575,12.985475,12.985475,0.2,5,4220.33,-58.09375,58.09375,58.09375,58.09375,False,False,False,False,False,green_box_quarter::green_box_3_25pct,4278.423750,5
1,2026-06-12,2026-06-11,L5,RANGE_WIDE_120_220,CLOSE_POS_UPPER_THIRD,ROWS_EXTENDED_11_PLUS,REGIME_RANGE_CLOSE_ROWS,2,1,4163.5725,4163.5725,4163.5725,4163.5725,4163.5725,0.0,81.788612,86.704504,86.704504,1.0,1,4184.94,21.3675,21.3675,21.3675,21.3675,False,False,False,False,False,red_box_midline::red_mid_1,4163.572500,1
2,2026-06-12,2026-06-11,L5,RANGE_WIDE_120_220,CLOSE_POS_UPPER_THIRD,ROWS_EXTENDED_11_PLUS,REGIME_RANGE_CLOSE_ROWS,1,1,4122.005,4122.005,4122.005,4122.005,4122.005,0.0,69.98662,73.252793,73.252793,0.5,2,4184.94,62.935,62.935,62.935,62.935,False,False,False,False,False,prior_hlc::previous_mid,4122.005000,2
3,2026-06-12,2026-06-11,L5,RANGE_WIDE_120_220,CLOSE_POS_UPPER_THIRD,ROWS_EXTENDED_11_PLUS,REGIME_RANGE_CLOSE_ROWS,3,1,4193.5725,4193.5725,4193.5725,4193.5725,4193.5725,0.0,57.625662,54.239647,54.239647,0.333333,3,4184.94,-8.6325,8.6325,8.6325,8.6325,False,False,False,False,False,green_box_midline::green_mid_2,4193.572500,3
4,2026-06-12,2026-06-11,L5,RANGE_WIDE_120_220,CLOSE_POS_UPPER_THIRD,ROWS_EXTENDED_11_PLUS,REGIME_RANGE_CLOSE_ROWS,4,2,4220.14,4221.85625,4220.998125,4220.998125,4220.998125,1.71625,41.844746,25.439735,50.879469,0.45,4,4184.94,-36.058125,36.058125,36.058125,36.058125,False,False,False,False,False,prior_hlc::previous_high | green_box_quarter::green_box_2_75pct,4220.140000 | 4221.856250,4 | 5
1,2026-06-12,2026-06-11,L6,RANGE_WIDE_120_220,CLOSE_POS_UPPER_THIRD,ROWS_EXTENDED_11_PLUS,REGIME_RANGE_CLOSE_ROWS,2,1,4154.716732,4154.716732,4154.716732,4154.716732,4154.716732,0.0,84.308497,91.049132,91.049132,1.0,1,4161.3,6.583268,6.583268,6.583268,6.583268,False,False,False,False,False,prior_range_fraction::prev_range_0.666667,4154.716732,1
2,2026-06-12,2026-06-11,L6,RANGE_WIDE_120_220,CLOSE_POS_UPPER_THIRD,ROWS_EXTENDED_11_PLUS,REGIME_RANGE_CLOSE_ROWS,3,1,4165.28875,4165.28875,4165.28875,4165.28875,4165.28875,0.0,79.817954,90.203369,90.203369,0.5,2,4161.3,-3.98875,3.98875,3.98875,3.98875,False,False,True,False,True,green_box_quarter::green_box_2_25pct,4165.288750,2
3,2026-06-12,2026-06-11,L6,RANGE_WIDE_120_220,CLOSE_POS_UPPER_THIRD,ROWS_EXTENDED_11_PLUS,REGIME_RANGE_CLOSE_ROWS,4,1,4171.0725,4171.0725,4171.0725,4171.0725,4171.0725,0.0,77.815485,89.049686,89.049686,0.333333,3,4161.3,-9.7725,9.7725,9.7725,9.7725,False,False,False,False,False,prior_range_fraction::prev_range_0.75,4171.072500,3
4,2026-06-12,2026-06-11,L6,RANGE_WIDE_120_220,CLOSE_POS_UPPER_THIRD,ROWS_EXTENDED_11_PLUS,REGIME_RANGE_CLOSE_ROWS,1,1,4089.293268,4089.293268,4089.293268,4089.293268,4089.293268,0.0,67.754542,72.852658,72.852658,0.25,4,4161.3,72.006732,72.006732,72.006732,72.006732,False,False,False,False,False,prior_range_fraction::prev_range_0.333333,4089.293268,4
5,2026-06-12,2026-06-11,L6,RANGE_WIDE_120_220,CLOSE_POS_UPPER_THIRD,ROWS_EXTENDED_11_PLUS,REGIME_RANGE_CLOSE_ROWS,5,1,4221.85625,4221.85625,4221.85625,4221.85625,4221.85625,0.0,48.763028,40.798324,40.798324,0.2,5,4161.3,-60.55625,60.55625,60.55625,60.55625,False,False,False,False,False,green_box_quarter::green_box_2_75pct,4221.856250,5
1,2026-06-12,2026-06-11,L7,RANGE_WIDE_120_220,CLOSE_POS_UPPER_THIRD,ROWS_EXTENDED_11_PLUS,REGIME_RANGE_CLOSE_ROWS,5,1,4210.77,4210.77,4210.77,4210.77,4210.77,0.0,86.105045,94.146629,94.146629,1.0,1,4130.89,-79.88,79.88,79.88,79.88,False,False,False,False,False,prior_hlc::previous_close,4210.770000,1
2,2026-06-12,2026-06-11,L7,RANGE_WIDE_120_220,CLOSE_POS_UPPER_THIRD,ROWS_EXTENDED_11_PLUS,REGIME_RANGE_CLOSE_ROWS,4,1,4165.28875,4165.28875,4165.28875,4165.28875,4165.28875,0.0,80.654556,91.645787,91.645787,0.5,2,4130.89,-34.39875,34.39875,34.39875,34.39875,False,False,False,False,False,green_box_quarter::green_box_2_25pct,4165.288750,2
3,2026-06-12,2026-06-11,L7,RANGE_WIDE_120_220,CLOSE_POS_UPPER_THIRD,ROWS_EXTENDED_11_PLUS,REGIME_RANGE_CLOSE_ROWS,2,1,4107.005,4107.005,4107.005,4107.005,4107.005,0.0,77.200639,87.989607,87.989607,0.333333,3,4130.89,23.885,23.885,23.885,23.885,False,False,False,False,False,red_box_edge::red_edge_1,4107.005000,3
4,2026-06-12,2026-06-11,L7,RANGE_WIDE_120_220,CLOSE_POS_UPPER_THIRD,ROWS_EXTENDED_11_PLUS,REGIME_RANGE_CLOSE_ROWS,1,1,4052.15375,4052.15375,4052.15375,4052.15375,4052.15375,0.0,74.672758,84.780618,84.780618,0.25,4,4130.89,78.73625,78.73625,78.73625,78.73625,False,False,False,False,False,green_box_quarter::green_box_1_25pct,4052.153750,4
5,2026-06-12,2026-06-11,L7,RANGE_WIDE_120_220,CLOSE_POS_UPPER_THIRD,ROWS_EXTENDED_11_PLUS,REGIME_RANGE_CLOSE_ROWS,3,1,4135.28875,4135.28875,4135.28875,4135.28875,4135.28875,0.0,69.695544,76.888869,76.888869,0.2,5,4130.89,-4.39875,4.39875,4.39875,4.39875,False,False,True,False,True,red_box_quarter::red_box_1_75pct,4135.288750,5
1,2026-06-15,2026-06-12,L4,RANGE_NORMAL_60_120,CLOSE_POS_MIDDLE_THIRD,ROWS_EXTENDED_11_PLUS,REGIME_RANGE_CLOSE_ROWS,3,1,4263.34125,4263.34125,4263.34125,4263.34125,4263.34125,0.0,85.581375,93.24375,93.24375,1.0,1,4345.41,82.06875,82.06875,82.06875,82.06875,False,False,False,False,False,green_box_quarter::green_box_2_75pct,4263.341250,1
2,2026-06-15,2026-06-12,L4,RANGE_NORMAL_60_120,CLOSE_POS_MIDDLE_THIRD,ROWS_EXTENDED_11_PLUS,REGIME_RANGE_CLOSE_ROWS,1,1,4233.34125,4233.34125,4233.34125,4233.34125,4233.34125,0.0,79.371333,89.433333,89.433333,0.5,2,4345.41,112.06875,112.06875,112.06875,112.06875,False,False,False,False,False,red_box_quarter::red_box_1_25pct,4233.341250,2
3,2026-06-15,2026-06-12,L4,RANGE_NORMAL_60_120,CLOSE_POS_MIDDLE_THIRD,ROWS_EXTENDED_11_PLUS,REGIME_RANGE_CLOSE_ROWS,2,2,4246.63,4250.0525,4248.34125,4248.34125,4248.34125,3.4225,62.842033,62.391666,124.783333,0.583333,3,4345.41,97.06875,97.06875,97.06875,97.06875,False,False,False,False,False,prior_hlc::previous_high | green_box_midline::green_mid_2,4246.630000 | 4250.052500,4 | 3
4,2026-06-15,2026-06-12,L4,RANGE_NORMAL_60_120,CLOSE_POS_MIDDLE_THIRD,ROWS_EXTENDED_11_PLUS,REGIME_RANGE_CLOSE_ROWS,4,1,4289.91875,4289.91875,4289.91875,4289.91875,4289.91875,0.0,35.600417,18.104167,18.104167,0.2,5,4345.41,55.49125,55.49125,55.49125,55.49125,False,False,False,False,False,green_box_quarter::green_box_3_25pct,4289.918750,5
1,2026-06-15,2026-06-12,L5,RANGE_NORMAL_60_120,CLOSE_POS_MIDDLE_THIRD,ROWS_EXTENDED_11_PLUS,REGIME_RANGE_CLOSE_ROWS,1,2,4210.18625,4211.816667,4211.001458,4211.001458,4211.001458,1.630417,81.193806,82.118229,164.236458,1.25,1,4313.94,102.938541,102.938541,102.938541,102.938541,False,False,False,False,False,green_box_quarter::green_box_1_75pct | prior_hlc::previous_pivot_hlc3,4210.186250 | 4211.816667,4 | 1
2,2026-06-15,2026-06-12,L5,RANGE_NORMAL_60_120,CLOSE_POS_MIDDLE_THIRD,ROWS_EXTENDED_11_PLUS,REGIME_RANGE_CLOSE_ROWS,2,1,4233.34125,4233.34125,4233.34125,4233.34125,4233.34125,0.0,79.587625,89.80625,89.80625,0.5,2,4313.94,80.59875,80.59875,80.59875,80.59875,False,False,False,False,False,red_box_quarter::red_box_1_25pct,4233.341250,2
3,2026-06-15,2026-06-12,L5,RANGE_NORMAL_60_120,CLOSE_POS_MIDDLE_THIRD,ROWS_EXTENDED_11_PLUS,REGIME_RANGE_CLOSE_ROWS,3,1,4263.34125,4263.34125,4263.34125,4263.34125,4263.34125,0.0,77.760084,88.954167,88.954167,0.333333,3,4313.94,50.59875,50.59875,50.59875,50.59875,False,False,False,False,False,green_box_quarter::green_box_2_75pct,4263.341250,3
1,2026-06-15,2026-06-12,L6,RANGE_NORMAL_60_120,CLOSE_POS_MIDDLE_THIRD,ROWS_EXTENDED_11_PLUS,REGIME_RANGE_CLOSE_ROWS,2,2,4180.18625,4183.60875,4181.8975,4181.8975,4181.8975,3.4225,86.265835,90.133854,180.267708,1.5,1,4281.24,99.3425,99.3425,99.3425,99.3425,False,False,False,False,False,red_box_quarter::red_box_2_25pct | green_box_quarter::green_box_1_25pct,4180.186250 | 4183.608750,1 | 2
2,2026-06-15,2026-06-12,L6,RANGE_NORMAL_60_120,CLOSE_POS_MIDDLE_THIRD,ROWS_EXTENDED_11_PLUS,REGIME_RANGE_CLOSE_ROWS,4,1,4227.5525,4227.5525,4227.5525,4227.5525,4227.5525,0.0,70.415834,76.291667,76.291667,0.333333,3,4281.24,53.6875,53.6875,53.6875,53.6875,False,False,False,False,False,prior_range_fraction::prev_range_0.75,4227.552500,3
3,2026-06-15,2026-06-12,L6,RANGE_NORMAL_60_120,CLOSE_POS_MIDDLE_THIRD,ROWS_EXTENDED_11_PLUS,REGIME_RANGE_CLOSE_ROWS,3,1,4206.76375,4206.76375,4206.76375,4206.76375,4206.76375,0.0,49.435875,41.26875,41.26875,0.25,4,4281.24,74.47625,74.47625,74.47625,74.47625,False,False,False,False,False,red_box_quarter::red_box_1_75pct,4206.763750,4
4,2026-06-15,2026-06-12,L6,RANGE_NORMAL_60_120,CLOSE_POS_MIDDLE_THIRD,ROWS_EXTENDED_11_PLUS,REGIME_RANGE_CLOSE_ROWS,1,1,4170.32,4170.32,4170.32,4170.32,4170.32,0.0,48.304833,40.008333,40.008333,0.2,5,4281.24,110.92,110.92,110.92,110.92,False,False,False,False,False,prior_hlc::previous_low,4170.320000,5
1,2026-06-15,2026-06-12,L7,RANGE_NORMAL_60_120,CLOSE_POS_MIDDLE_THIRD,ROWS_EXTENDED_11_PLUS,REGIME_RANGE_CLOSE_ROWS,3,2,4196.8975,4199.47042,4198.18396,4198.18396,4198.18396,2.57292,87.714991,91.343379,182.686759,1.5,1,4248.13,49.94604,49.94604,49.94604,49.94604,False,False,False,False,False,green_box_midline::green_mid_1 | prior_range_fraction::prev_range_0.382,4196.897500 | 4199.470420,2 | 1
2,2026-06-15,2026-06-12,L7,RANGE_NORMAL_60_120,CLOSE_POS_MIDDLE_THIRD,ROWS_EXTENDED_11_PLUS,REGIME_RANGE_CLOSE_ROWS,2,1,4153.60875,4153.60875,4153.60875,4153.60875,4153.60875,0.0,56.348493,52.037631,52.037631,0.333333,3,4248.13,94.52125,94.52125,94.52125,94.52125,False,False,False,False,False,red_box_quarter::red_box_2_75pct,4153.608750,3
3,2026-06-15,2026-06-12,L7,RANGE_NORMAL_60_120,CLOSE_POS_MIDDLE_THIRD,ROWS_EXTENDED_11_PLUS,REGIME_RANGE_CLOSE_ROWS,1,1,4140.32,4140.32,4140.32,4140.32,4140.32,0.0,35.068137,16.496788,16.496788,0.25,4,4248.13,107.81,107.81,107.81,107.81,False,False,False,False,False,red_box_edge::red_edge_2,4140.320000,4
1,2026-06-16,2026-06-15,L4,RANGE_NORMAL_60_120,CLOSE_POS_MIDDLE_THIRD,ROWS_STANDARD_9_10,REGIME_RANGE_CLOSE_ROWS,4,1,4417.05625,4417.05625,4417.05625,4417.05625,4417.05625,0.0,86.799876,95.344613,95.344613,1.0,1,4358.15,-58.90625,58.90625,58.90625,58.90625,False,False,False,False,False,green_box_quarter::green_box_3_25pct,4417.056250,1
2,2026-06-16,2026-06-15,L4,RANGE_NORMAL_60_120,CLOSE_POS_MIDDLE_THIRD,ROWS_STANDARD_9_10,REGIME_RANGE_CLOSE_ROWS,3,1,4364.7475,4364.7475,4364.7475,4364.7475,4364.7475,0.0,81.823078,93.66048,93.66048,0.5,2,4358.15,-6.5975,6.5975,6.5975,6.5975,False,False,False,False,False,green_box_midline::green_mid_2,4364.747500,2
3,2026-06-16,2026-06-15,L4,RANGE_NORMAL_60_120,CLOSE_POS_MIDDLE_THIRD,ROWS_STANDARD_9_10,REGIME_RANGE_CLOSE_ROWS,2,2,4347.31125,4352.18375,4349.7475,4349.7475,4349.7475,4.8725,78.935225,92.338549,184.677098,0.583333,3,4358.15,8.4025,8.4025,8.4025,8.4025,False,False,False,False,False,green_box_quarter::green_box_2_25pct | red_box_quarter::red_box_1_25pct,4347.311250 | 4352.183750,3 | 4
4,2026-06-16,2026-06-15,L4,RANGE_NORMAL_60_120,CLOSE_POS_MIDDLE_THIRD,ROWS_STANDARD_9_10,REGIME_RANGE_CLOSE_ROWS,1,1,4329.875,4329.875,4329.875,4329.875,4329.875,0.0,76.597992,88.789641,88.789641,0.2,5,4358.15,28.275,28.275,28.275,28.275,False,False,False,False,False,green_box_edge::green_edge_1,4329.875000,5
1,2026-06-16,2026-06-15,L5,RANGE_NORMAL_60_120,CLOSE_POS_MIDDLE_THIRD,ROWS_STANDARD_9_10,REGIME_RANGE_CLOSE_ROWS,4,1,4329.875,4329.875,4329.875,4329.875,4329.875,0.0,84.70038,91.724793,91.724793,1.0,1,4329.57,-0.305,0.305,0.305,0.305,False,True,True,True,True,green_box_edge::green_edge_1,4329.875000,1
2,2026-06-16,2026-06-15,L5,RANGE_NORMAL_60_120,CLOSE_POS_MIDDLE_THIRD,ROWS_STANDARD_9_10,REGIME_RANGE_CLOSE_ROWS,2,1,4301.95518,4301.95518,4301.95518,4301.95518,4301.95518,0.0,80.229436,90.91282,90.91282,0.5,2,4329.57,27.61482,27.61482,27.61482,27.61482,False,False,False,False,False,prior_range_fraction::prev_range_0.382,4301.955180,2
3,2026-06-16,2026-06-15,L5,RANGE_NORMAL_60_120,CLOSE_POS_MIDDLE_THIRD,ROWS_STANDARD_9_10,REGIME_RANGE_CLOSE_ROWS,3,2,4312.926667,4317.31125,4315.118958,4315.118958,4315.118958,4.384583,77.263096,88.71528,177.43056,0.583333,3,4329.57,14.451042,14.451042,14.451042,14.451042,False,False,False,False,False,prior_hlc::previous_pivot_hlc3 | red_box_quarter::red_box_1_75pct,4312.926667 | 4317.311250,4 | 3
4,2026-06-16,2026-06-15,L5,RANGE_NORMAL_60_120,CLOSE_POS_MIDDLE_THIRD,ROWS_STANDARD_9_10,REGIME_RANGE_CLOSE_ROWS,1,1,4295.0025,4295.0025,4295.0025,4295.0025,4295.0025,0.0,76.507066,88.632873,88.632873,0.2,5,4329.57,34.5675,34.5675,34.5675,34.5675,False,False,False,False,False,green_box_midline::green_mid_1,4295.002500,5
1,2026-06-16,2026-06-15,L6,RANGE_NORMAL_60_120,CLOSE_POS_MIDDLE_THIRD,ROWS_STANDARD_9_10,REGIME_RANGE_CLOSE_ROWS,2,1,4309.03,4309.03,4309.03,4309.03,4309.03,0.0,85.336657,92.821823,92.821823,1.0,1,4300.22,-8.81,8.81,8.81,8.81,False,False,False,False,False,prior_hlc::previous_close,4309.030000,1
2,2026-06-16,2026-06-15,L6,RANGE_NORMAL_60_120,CLOSE_POS_MIDDLE_THIRD,ROWS_STANDARD_9_10,REGIME_RANGE_CLOSE_ROWS,3,1,4314.875,4314.875,4314.875,4314.875,4314.875,0.0,81.304573,92.766506,92.766506,0.5,2,4300.22,-14.655,14.655,14.655,14.655,False,False,False,False,False,prior_hlc::previous_mid,4314.875000,2
3,2026-06-16,2026-06-15,L6,RANGE_NORMAL_60_120,CLOSE_POS_MIDDLE_THIRD,ROWS_STANDARD_9_10,REGIME_RANGE_CLOSE_ROWS,1,2,4299.875,4301.95518,4300.91509,4300.91509,4300.91509,2.08018,80.110105,90.817237,181.634473,0.533333,3,4300.22,-0.69509,0.69509,0.69509,0.69509,True,True,True,True,True,red_box_edge::red_edge_1 | prior_range_fraction::prev_range_0.382,4299.875000 | 4301.955180,5 | 3
4,2026-06-16,2026-06-15,L6,RANGE_NORMAL_60_120,CLOSE_POS_MIDDLE_THIRD,ROWS_STANDARD_9_10,REGIME_RANGE_CLOSE_ROWS,4,1,4352.18375,4352.18375,4352.18375,4352.18375,4352.18375,0.0,78.138845,90.75663,90.75663,0.25,4,4300.22,-51.96375,51.96375,51.96375,51.96375,False,False,False,False,False,red_box_quarter::red_box_1_25pct,4352.183750,4
1,2026-06-16,2026-06-15,L7,RANGE_NORMAL_60_120,CLOSE_POS_MIDDLE_THIRD,ROWS_STANDARD_9_10,REGIME_RANGE_CLOSE_ROWS,3,1,4282.43875,4282.43875,4282.43875,4282.43875,4282.43875,0.0,86.994823,95.680729,95.680729,1.0,1,4271.91,-10.52875,10.52875,10.52875,10.52875,False,False,False,False,False,red_box_quarter::red_box_2_25pct,4282.438750,1
2,2026-06-16,2026-06-15,L7,RANGE_NORMAL_60_120,CLOSE_POS_MIDDLE_THIRD,ROWS_STANDARD_9_10,REGIME_RANGE_CLOSE_ROWS,4,2,4299.875,4301.95518,4300.91509,4300.91509,4300.91509,2.08018,81.988944,91.757762,183.515525,0.7,2,4271.91,-29.00509,29.00509,29.00509,29.00509,False,False,False,False,False,red_box_edge::red_edge_1 | prior_range_fraction::prev_range_0.382,4299.875000 | 4301.955180,5 | 2
3,2026-06-16,2026-06-15,L7,RANGE_NORMAL_60_120,CLOSE_POS_MIDDLE_THIRD,ROWS_STANDARD_9_10,REGIME_RANGE_CLOSE_ROWS,2,1,4265.0025,4265.0025,4265.0025,4265.0025,4265.0025,0.0,78.978084,91.054167,91.054167,0.333333,3,4271.91,6.9075,6.9075,6.9075,6.9075,False,False,False,False,False,red_box_midline::red_mid_2,4265.002500,3
4,2026-06-16,2026-06-15,L7,RANGE_NORMAL_60_120,CLOSE_POS_MIDDLE_THIRD,ROWS_STANDARD_9_10,REGIME_RANGE_CLOSE_ROWS,1,1,4177.82125,4177.82125,4177.82125,4177.82125,4177.82125,0.0,78.137417,90.754167,90.754167,0.25,4,4271.91,94.08875,94.08875,94.08875,94.08875,False,False,False,False,False,red_box_quarter::red_box_3_75pct,4177.821250,4
1,2026-06-17,2026-06-16,L4,RANGE_COMPRESSED_0_60,CLOSE_POS_MIDDLE_THIRD,ROWS_STANDARD_9_10,REGIME_RANGE_CLOSE_ROWS,4,1,4394.8675,4394.8675,4394.8675,4394.8675,4394.8675,0.0,84.454657,91.301133,91.301133,1.0,1,4385.49,-9.3775,9.3775,9.3775,9.3775,False,False,False,False,False,green_box_quarter::green_box_3_25pct,4394.867500,1
2,2026-06-17,2026-06-16,L4,RANGE_COMPRESSED_0_60,CLOSE_POS_MIDDLE_THIRD,ROWS_STANDARD_9_10,REGIME_RANGE_CLOSE_ROWS,2,1,4354.95,4354.95,4354.95,4354.95,4354.95,0.0,78.579198,88.067582,88.067582,0.5,2,4385.49,30.54,30.54,30.54,30.54,False,False,False,False,False,prior_hlc::previous_high,4354.950000,2
3,2026-06-17,2026-06-16,L4,RANGE_COMPRESSED_0_60,CLOSE_POS_MIDDLE_THIRD,ROWS_STANDARD_9_10,REGIME_RANGE_CLOSE_ROWS,1,1,4345.0325,4345.0325,4345.0325,4345.0325,4345.0325,0.0,77.09236,87.802919,87.802919,0.333333,3,4385.49,40.4575,40.4575,40.4575,40.4575,False,False,False,False,False,red_box_quarter::red_box_1_25pct,4345.032500,3
4,2026-06-17,2026-06-16,L4,RANGE_COMPRESSED_0_60,CLOSE_POS_MIDDLE_THIRD,ROWS_STANDARD_9_10,REGIME_RANGE_CLOSE_ROWS,3,1,4375.0325,4375.0325,4375.0325,4375.0325,4375.0325,0.0,74.837206,85.064148,85.064148,0.25,4,4385.49,10.4575,10.4575,10.4575,10.4575,False,False,False,False,False,green_box_quarter::green_box_2_75pct,4375.032500,4
1,2026-06-17,2026-06-16,L5,RANGE_COMPRESSED_0_60,CLOSE_POS_MIDDLE_THIRD,ROWS_STANDARD_9_10,REGIME_RANGE_CLOSE_ROWS,4,1,4365.115,4365.115,4365.115,4365.115,4365.115,0.0,85.765095,93.560508,93.560508,1.0,1,4350.94,-14.175,14.175,14.175,14.175,False,False,False,False,False,green_box_midline::green_mid_2,4365.115000,1
2,2026-06-17,2026-06-16,L5,RANGE_COMPRESSED_0_60,CLOSE_POS_MIDDLE_THIRD,ROWS_STANDARD_9_10,REGIME_RANGE_CLOSE_ROWS,3,1,4342.615,4342.615,4342.615,4342.615,4342.615,0.0,79.135456,89.026648,89.026648,0.5,2,4350.94,8.325,8.325,8.325,8.325,False,False,False,False,False,prior_range_fraction::prev_range_0.75,4342.615000,2
3,2026-06-17,2026-06-16,L5,RANGE_COMPRESSED_0_60,CLOSE_POS_MIDDLE_THIRD,ROWS_STANDARD_9_10,REGIME_RANGE_CLOSE_ROWS,2,1,4322.05665,4322.05665,4322.05665,4322.05665,4322.05665,0.0,77.727313,88.897666,88.897666,0.333333,3,4350.94,28.88335,28.88335,28.88335,28.88335,False,False,False,False,False,prior_range_fraction::prev_range_0.333333,4322.056650,3
4,2026-06-17,2026-06-16,L5,RANGE_COMPRESSED_0_60,CLOSE_POS_MIDDLE_THIRD,ROWS_STANDARD_9_10,REGIME_RANGE_CLOSE_ROWS,1,1,4315.28,4315.28,4315.28,4315.28,4315.28,0.0,76.448698,87.842582,87.842582,0.25,4,4350.94,35.66,35.66,35.66,35.66,False,False,False,False,False,red_box_edge::red_edge_1,4315.280000,4
1,2026-06-17,2026-06-16,L6,RANGE_COMPRESSED_0_60,CLOSE_POS_MIDDLE_THIRD,ROWS_STANDARD_9_10,REGIME_RANGE_CLOSE_ROWS,4,1,4330.28,4330.28,4330.28,4330.28,4330.28,0.0,84.12297,90.729258,90.729258,1.0,1,4322.25,-8.03,8.03,8.03,8.03,False,False,False,False,False,prior_hlc::previous_mid,4330.280000,1
2,2026-06-17,2026-06-16,L6,RANGE_COMPRESSED_0_60,CLOSE_POS_MIDDLE_THIRD,ROWS_STANDARD_9_10,REGIME_RANGE_CLOSE_ROWS,3,1,4305.61,4305.61,4305.61,4305.61,4305.61,0.0,77.090956,85.501648,85.501648,0.5,2,4322.25,16.64,16.64,16.64,16.64,False,False,False,False,False,prior_hlc::previous_low,4305.610000,2
3,2026-06-17,2026-06-16,L6,RANGE_COMPRESSED_0_60,CLOSE_POS_MIDDLE_THIRD,ROWS_STANDARD_9_10,REGIME_RANGE_CLOSE_ROWS,1,1,4275.61,4275.61,4275.61,4275.61,4275.61,0.0,68.734364,73.392582,73.392582,0.333333,3,4322.25,46.64,46.64,46.64,46.64,False,False,False,False,False,red_box_edge::red_edge_2,4275.610000,3
4,2026-06-17,2026-06-16,L6,RANGE_COMPRESSED_0_60,CLOSE_POS_MIDDLE_THIRD,ROWS_STANDARD_9_10,REGIME_RANGE_CLOSE_ROWS,2,1,4295.445,4295.445,4295.445,4295.445,4295.445,0.0,67.441131,72.312294,72.312294,0.25,4,4322.25,26.805,26.805,26.805,26.805,False,False,False,False,False,red_box_midline::red_mid_2,4295.445000,4
1,2026-06-17,2026-06-16,L7,RANGE_COMPRESSED_0_60,CLOSE_POS_MIDDLE_THIRD,ROWS_STANDARD_9_10,REGIME_RANGE_CLOSE_ROWS,3,1,4305.61,4305.61,4305.61,4305.61,4305.61,0.0,84.70779,91.737569,91.737569,1.0,1,4290.28,-15.33,15.33,15.33,15.33,False,False,False,False,False,prior_hlc::previous_low,4305.610000,1
2,2026-06-17,2026-06-16,L7,RANGE_COMPRESSED_0_60,CLOSE_POS_MIDDLE_THIRD,ROWS_STANDARD_9_10,REGIME_RANGE_CLOSE_ROWS,1,1,4226.0225,4226.0225,4226.0225,4226.0225,4226.0225,0.0,78.326365,87.631664,87.631664,0.5,2,4290.28,64.2575,64.2575,64.2575,64.2575,False,False,False,False,False,red_box_quarter::red_box_4_25pct,4226.022500,2
3,2026-06-17,2026-06-16,L7,RANGE_COMPRESSED_0_60,CLOSE_POS_MIDDLE_THIRD,ROWS_STANDARD_9_10,REGIME_RANGE_CLOSE_ROWS,2,1,4275.61,4275.61,4275.61,4275.61,4275.61,0.0,73.586954,81.759116,81.759116,0.333333,3,4290.28,14.67,14.67,14.67,14.67,False,False,False,False,False,red_box_edge::red_edge_2,4275.610000,3
1,2026-06-18,2026-06-17,L4,RANGE_WIDE_120_220,CLOSE_POS_LOWER_THIRD,ROWS_SPARSE_1_8,REGIME_RANGE_CLOSE_ROWS,1,1,4281.47172,4281.47172,4281.47172,4281.47172,4281.47172,0.0,84.744671,91.801157,91.801157,1.0,1,4293.9,12.42828,12.42828,12.42828,12.42828,False,False,False,False,False,prior_range_fraction::prev_range_0.382,4281.471720,1
1,2026-06-18,2026-06-17,L5,RANGE_WIDE_120_220,CLOSE_POS_LOWER_THIRD,ROWS_SPARSE_1_8,REGIME_RANGE_CLOSE_ROWS,1,1,4243.2125,4243.2125,4243.2125,4243.2125,4243.2125,0.0,82.275553,87.544057,87.544057,1.0,1,4262.79,19.5775,19.5775,19.5775,19.5775,False,False,False,False,False,green_box_quarter::green_box_1_25pct,4243.212500,1
1,2026-06-18,2026-06-17,L6,RANGE_WIDE_120_220,CLOSE_POS_LOWER_THIRD,ROWS_SPARSE_1_8,REGIME_RANGE_CLOSE_ROWS,1,1,4213.2125,4213.2125,4213.2125,4213.2125,4213.2125,0.0,53.986053,38.769057,38.769057,1.0,1,4235.68,22.4675,22.4675,22.4675,22.4675,False,False,False,False,False,red_box_quarter::red_box_2_75pct,4213.212500,1
1,2026-06-18,2026-06-17,L7,RANGE_WIDE_120_220,CLOSE_POS_LOWER_THIRD,ROWS_SPARSE_1_8,REGIME_RANGE_CLOSE_ROWS,1,1,4164.8475,4164.8475,4164.8475,4164.8475,4164.8475,0.0,40.942926,16.280907,16.280907,1.0,1,4203.55,38.7025,38.7025,38.7025,38.7025,False,False,False,False,False,red_box_quarter::red_box_3_25pct,4164.847500,1
1,2026-06-19,2026-06-18,L4,RANGE_WIDE_120_220,CLOSE_POS_LOWER_THIRD,ROWS_STANDARD_9_10,REGIME_RANGE_CLOSE_ROWS,3,1,4280.91738,4280.91738,4280.91738,4280.91738,4280.91738,0.0,85.393636,92.920062,92.920062,1.0,1,4332.32,51.40262,51.40262,51.40262,51.40262,False,False,False,False,False,prior_range_fraction::prev_range_0.618,4280.917380,1
2,2026-06-19,2026-06-18,L4,RANGE_WIDE_120_220,CLOSE_POS_LOWER_THIRD,ROWS_STANDARD_9_10,REGIME_RANGE_CLOSE_ROWS,1,1,4217.61125,4217.61125,4217.61125,4217.61125,4217.61125,0.0,81.047397,92.323098,92.323098,0.5,2,4332.32,114.70875,114.70875,114.70875,114.70875,False,False,False,False,False,prior_range_fraction::prev_range_0.125,4217.611250,2
3,2026-06-19,2026-06-18,L4,RANGE_WIDE_120_220,CLOSE_POS_LOWER_THIRD,ROWS_STANDARD_9_10,REGIME_RANGE_CLOSE_ROWS,2,3,4244.363291,4250.61262,4247.487955,4247.277526,4246.856667,6.249329,80.109901,91.108007,273.324021,0.783333,3,4332.32,84.832044,84.832044,85.042474,85.463333,False,False,False,False,False,prior_range_fraction::prev_range_0.333333 | prior_hlc::previous_pivot_hlc3 | prior_range_fraction::prev_range_0.382,4244.363291 | 4246.856667 | 4250.612620,5 | 3 | 4
1,2026-06-19,2026-06-18,L5,RANGE_WIDE_120_220,CLOSE_POS_LOWER_THIRD,ROWS_STANDARD_9_10,REGIME_RANGE_CLOSE_ROWS,2,1,4209.04,4209.04,4209.04,4209.04,4209.04,0.0,86.426,94.7,94.7,1.0,1,4301.82,92.78,92.78,92.78,92.78,False,False,False,False,False,prior_hlc::previous_close,4209.040000,1
2,2026-06-19,2026-06-18,L5,RANGE_WIDE_120_220,CLOSE_POS_LOWER_THIRD,ROWS_STANDARD_9_10,REGIME_RANGE_CLOSE_ROWS,3,3,4244.363291,4250.765,4247.564146,4247.328319,4246.856667,6.401709,80.4487,87.785409,263.356226,1.083333,2,4301.82,54.255854,54.255854,54.491681,54.963333,False,False,False,False,False,prior_range_fraction::prev_range_0.333333 | prior_hlc::previous_pivot_hlc3 | red_box_edge::red_edge_1,4244.363291 | 4246.856667 | 4250.765000,3 | 2 | 4
3,2026-06-19,2026-06-18,L5,RANGE_WIDE_120_220,CLOSE_POS_LOWER_THIRD,ROWS_STANDARD_9_10,REGIME_RANGE_CLOSE_ROWS,1,1,4191.36125,4191.36125,4191.36125,4191.36125,4191.36125,0.0,49.074647,41.335598,41.335598,0.2,5,4301.82,110.45875,110.45875,110.45875,110.45875,False,False,False,False,False,red_box_quarter::red_box_2_75pct,4191.361250,5
1,2026-06-19,2026-06-18,L6,RANGE_WIDE_120_220,CLOSE_POS_LOWER_THIRD,ROWS_STANDARD_9_10,REGIME_RANGE_CLOSE_ROWS,1,1,4151.75875,4151.75875,4151.75875,4151.75875,4151.75875,0.0,85.018397,92.273098,92.273098,1.0,1,4270.84,119.08125,119.08125,119.08125,119.08125,False,False,False,False,False,red_box_quarter::red_box_3_25pct,4151.758750,1
2,2026-06-19,2026-06-18,L6,RANGE_WIDE_120_220,CLOSE_POS_LOWER_THIRD,ROWS_STANDARD_9_10,REGIME_RANGE_CLOSE_ROWS,2,1,4191.36125,4191.36125,4191.36125,4191.36125,4191.36125,0.0,80.840535,91.96644,91.96644,0.5,2,4270.84,79.47875,79.47875,79.47875,79.47875,False,False,False,False,False,red_box_quarter::red_box_2_75pct,4191.361250,2
3,2026-06-19,2026-06-18,L6,RANGE_WIDE_120_220,CLOSE_POS_LOWER_THIRD,ROWS_STANDARD_9_10,REGIME_RANGE_CLOSE_ROWS,4,1,4211.1625,4211.1625,4211.1625,4211.1625,4211.1625,0.0,77.535911,88.567663,88.567663,0.333333,3,4270.84,59.6775,59.6775,59.6775,59.6775,False,False,False,False,False,red_box_midline::red_mid_2,4211.162500,3
4,2026-06-19,2026-06-18,L6,RANGE_WIDE_120_220,CLOSE_POS_LOWER_THIRD,ROWS_STANDARD_9_10,REGIME_RANGE_CLOSE_ROWS,3,1,4201.56,4201.56,4201.56,4201.56,4201.56,0.0,70.782029,78.072464,78.072464,0.25,4,4270.84,69.28,69.28,69.28,69.28,False,False,False,False,False,prior_hlc::previous_low,4201.560000,4
5,2026-06-19,2026-06-18,L6,RANGE_WIDE_120_220,CLOSE_POS_LOWER_THIRD,ROWS_STANDARD_9_10,REGIME_RANGE_CLOSE_ROWS,5,1,4221.36125,4221.36125,4221.36125,4221.36125,4221.36125,0.0,70.38019,78.069293,78.069293,0.2,5,4270.84,49.47875,49.47875,49.47875,49.47875,False,False,False,False,False,green_box_quarter::green_box_1_25pct,4221.361250,5
1,2026-06-19,2026-06-18,L7,RANGE_WIDE_120_220,CLOSE_POS_LOWER_THIRD,ROWS_STANDARD_9_10,REGIME_RANGE_CLOSE_ROWS,3,1,4171.56,4171.56,4171.56,4171.56,4171.56,0.0,80.118619,83.825205,83.825205,1.0,1,4241.28,69.72,69.72,69.72,69.72,False,False,False,False,False,red_box_edge::red_edge_2,4171.560000,1
2,2026-06-19,2026-06-18,L7,RANGE_WIDE_120_220,CLOSE_POS_LOWER_THIRD,ROWS_STANDARD_9_10,REGIME_RANGE_CLOSE_ROWS,4,1,4201.56,4201.56,4201.56,4201.56,4201.56,0.0,55.767156,48.736475,48.736475,0.5,2,4241.28,39.72,39.72,39.72,39.72,False,False,False,False,False,prior_hlc::previous_low,4201.560000,2
3,2026-06-19,2026-06-18,L7,RANGE_WIDE_120_220,CLOSE_POS_LOWER_THIRD,ROWS_STANDARD_9_10,REGIME_RANGE_CLOSE_ROWS,1,1,4112.15625,4112.15625,4112.15625,4112.15625,4112.15625,0.0,49.633193,40.459529,40.459529,0.333333,3,4241.28,129.12375,129.12375,129.12375,129.12375,False,False,False,False,False,red_box_quarter::red_box_3_75pct,4112.156250,3
4,2026-06-19,2026-06-18,L7,RANGE_WIDE_120_220,CLOSE_POS_LOWER_THIRD,ROWS_STANDARD_9_10,REGIME_RANGE_CLOSE_ROWS,2,1,4151.75875,4151.75875,4151.75875,4151.75875,4151.75875,0.0,35.889993,17.913781,17.913781,0.25,4,4241.28,89.52125,89.52125,89.52125,89.52125,False,False,False,False,False,red_box_quarter::red_box_3_25pct,4151.758750,4
1,2026-06-22,2026-06-19,L4,RANGE_NORMAL_60_120,CLOSE_POS_MIDDLE_THIRD,ROWS_STANDARD_9_10,REGIME_RANGE_CLOSE_ROWS,4,1,4258.76125,4258.76125,4258.76125,4258.76125,4258.76125,0.0,86.731284,95.226351,95.226351,1.0,1,4216.38,-42.38125,42.38125,42.38125,42.38125,False,False,False,False,False,green_box_quarter::green_box_3_25pct,4258.761250,1
2,2026-06-22,2026-06-19,L4,RANGE_NORMAL_60_120,CLOSE_POS_MIDDLE_THIRD,ROWS_STANDARD_9_10,REGIME_RANGE_CLOSE_ROWS,2,2,4197.91625,4198.33875,4198.1275,4198.1275,4198.1275,0.4225,82.803627,92.256483,184.512965,0.583333,3,4216.38,18.2525,18.2525,18.2525,18.2525,False,False,False,False,False,green_box_quarter::green_box_2_25pct | red_box_quarter::red_box_1_25pct,4197.916250 | 4198.338750,3 | 4
3,2026-06-22,2026-06-19,L4,RANGE_NORMAL_60_120,CLOSE_POS_MIDDLE_THIRD,ROWS_STANDARD_9_10,REGIME_RANGE_CLOSE_ROWS,3,1,4213.1275,4213.1275,4213.1275,4213.1275,4213.1275,0.0,81.75033,93.535051,93.535051,0.5,2,4216.38,3.2525,3.2525,3.2525,3.2525,False,False,True,False,True,green_box_midline::green_mid_2,4213.127500,2
4,2026-06-22,2026-06-19,L4,RANGE_NORMAL_60_120,CLOSE_POS_MIDDLE_THIRD,ROWS_STANDARD_9_10,REGIME_RANGE_CLOSE_ROWS,1,1,4182.705,4182.705,4182.705,4182.705,4182.705,0.0,76.593419,88.781757,88.781757,0.2,5,4216.38,33.675,33.675,33.675,33.675,False,False,False,False,False,green_box_edge::green_edge_1,4182.705000,5
1,2026-06-22,2026-06-19,L5,RANGE_NORMAL_60_120,CLOSE_POS_MIDDLE_THIRD,ROWS_STANDARD_9_10,REGIME_RANGE_CLOSE_ROWS,3,1,4182.705,4182.705,4182.705,4182.705,4182.705,0.0,87.551318,96.640203,96.640203,1.0,1,4178.43,-4.275,4.275,4.275,4.275,False,False,True,False,True,green_box_edge::green_edge_1,4182.705000,1
2,2026-06-22,2026-06-19,L5,RANGE_NORMAL_60_120,CLOSE_POS_MIDDLE_THIRD,ROWS_STANDARD_9_10,REGIME_RANGE_CLOSE_ROWS,1,2,4152.2825,4156.88558,4154.58404,4154.58404,4154.58404,4.60308,78.578048,89.704756,179.409512,0.7,2,4178.43,23.84596,23.84596,23.84596,23.84596,False,False,False,False,False,green_box_midline::green_mid_1 | prior_range_fraction::prev_range_0.382,4152.282500 | 4156.885580,5 | 2
3,2026-06-22,2026-06-19,L5,RANGE_NORMAL_60_120,CLOSE_POS_MIDDLE_THIRD,ROWS_STANDARD_9_10,REGIME_RANGE_CLOSE_ROWS,2,2,4163.74,4167.91625,4165.828125,4165.828125,4165.828125,4.17625,77.436244,88.69772,177.395439,0.583333,3,4178.43,12.601875,12.601875,12.601875,12.601875,False,False,False,False,False,prior_hlc::previous_pivot_hlc3 | red_box_quarter::red_box_1_75pct,4163.740000 | 4167.916250,4 | 3
1,2026-06-22,2026-06-19,L6,RANGE_NORMAL_60_120,CLOSE_POS_MIDDLE_THIRD,ROWS_STANDARD_9_10,REGIME_RANGE_CLOSE_ROWS,1,3,4152.705,4156.88558,4154.79529,4155.133527,4155.81,4.18058,91.063142,93.52078,280.562341,1.75,1,4140.8,-13.99529,13.99529,14.333527,15.01,False,False,False,False,False,red_box_edge::red_edge_1 | prior_hlc::previous_close | prior_range_fraction::prev_range_0.382,4152.705000 | 4155.810000 | 4156.885580,1 | 2 | 4
2,2026-06-22,2026-06-19,L6,RANGE_NORMAL_60_120,CLOSE_POS_MIDDLE_THIRD,ROWS_STANDARD_9_10,REGIME_RANGE_CLOSE_ROWS,2,1,4167.705,4167.705,4167.705,4167.705,4167.705,0.0,79.923849,92.684797,92.684797,0.333333,3,4140.8,-26.905,26.905,26.905,26.905,False,False,False,False,False,prior_hlc::previous_mid,4167.705000,3
3,2026-06-22,2026-06-19,L6,RANGE_NORMAL_60_120,CLOSE_POS_MIDDLE_THIRD,ROWS_STANDARD_9_10,REGIME_RANGE_CLOSE_ROWS,3,1,4198.33875,4198.33875,4198.33875,4198.33875,4198.33875,0.0,77.678568,90.652703,90.652703,0.2,5,4140.8,-57.53875,57.53875,57.53875,57.53875,False,False,False,False,False,red_box_quarter::red_box_1_25pct,4198.338750,5
1,2026-06-22,2026-06-19,L7,RANGE_NORMAL_60_120,CLOSE_POS_MIDDLE_THIRD,ROWS_STANDARD_9_10,REGIME_RANGE_CLOSE_ROWS,3,1,4137.49375,4137.49375,4137.49375,4137.49375,4137.49375,0.0,86.929678,95.56841,95.56841,1.0,1,4106.42,-31.07375,31.07375,31.07375,31.07375,False,False,False,False,False,red_box_quarter::red_box_2_25pct,4137.493750,1
2,2026-06-22,2026-06-19,L7,RANGE_NORMAL_60_120,CLOSE_POS_MIDDLE_THIRD,ROWS_STANDARD_9_10,REGIME_RANGE_CLOSE_ROWS,4,2,4152.705,4156.88558,4154.79529,4154.79529,4154.79529,4.18058,80.092679,91.675154,183.350308,0.7,2,4106.42,-48.37529,48.37529,48.37529,48.37529,False,False,False,False,False,red_box_edge::red_edge_1 | prior_range_fraction::prev_range_0.382,4152.705000 | 4156.885580,5 | 2
3,2026-06-22,2026-06-19,L7,RANGE_NORMAL_60_120,CLOSE_POS_MIDDLE_THIRD,ROWS_STANDARD_9_10,REGIME_RANGE_CLOSE_ROWS,2,1,4122.2825,4122.2825,4122.2825,4122.2825,4122.2825,0.0,78.914199,90.944022,90.944022,0.333333,3,4106.42,-15.8625,15.8625,15.8625,15.8625,False,False,False,False,False,red_box_midline::red_mid_2,4122.282500,3
4,2026-06-22,2026-06-19,L7,RANGE_NORMAL_60_120,CLOSE_POS_MIDDLE_THIRD,ROWS_STANDARD_9_10,REGIME_RANGE_CLOSE_ROWS,1,1,4046.22625,4046.22625,4046.22625,4046.22625,4046.22625,0.0,78.09875,90.6875,90.6875,0.25,4,4106.42,60.19375,60.19375,60.19375,60.19375,False,False,False,False,False,red_box_quarter::red_box_3_75pct,4046.226250,4
1,2026-06-23,2026-06-22,L4,RANGE_NORMAL_60_120,CLOSE_POS_MIDDLE_THIRD,ROWS_STANDARD_9_10,REGIME_RANGE_CLOSE_ROWS,4,1,4265.43375,4265.43375,4265.43375,4265.43375,4265.43375,0.0,86.714597,95.197581,95.197581,1.0,1,4212.81,-52.62375,52.62375,52.62375,52.62375,False,False,False,False,False,green_box_quarter::green_box_3_25pct,4265.433750,1
2,2026-06-23,2026-06-22,L4,RANGE_NORMAL_60_120,CLOSE_POS_MIDDLE_THIRD,ROWS_STANDARD_9_10,REGIME_RANGE_CLOSE_ROWS,2,2,4206.70625,4207.97875,4207.3425,4207.3425,4207.3425,1.2725,82.044047,92.236517,184.473034,0.583333,3,4212.81,5.4675,5.4675,5.4675,5.4675,False,False,False,False,True,red_box_quarter::red_box_1_25pct | green_box_quarter::green_box_2_25pct,4206.706250 | 4207.978750,4 | 3
3,2026-06-23,2026-06-22,L4,RANGE_NORMAL_60_120,CLOSE_POS_MIDDLE_THIRD,ROWS_STANDARD_9_10,REGIME_RANGE_CLOSE_ROWS,3,1,4222.3425,4222.3425,4222.3425,4222.3425,4222.3425,0.0,81.732631,93.504536,93.504536,0.5,2,4212.81,-9.5325,9.5325,9.5325,9.5325,False,False,False,False,False,green_box_midline::green_mid_2,4222.342500,2
4,2026-06-23,2026-06-22,L4,RANGE_NORMAL_60_120,CLOSE_POS_MIDDLE_THIRD,ROWS_STANDARD_9_10,REGIME_RANGE_CLOSE_ROWS,1,1,4193.615,4193.615,4193.615,4193.615,4193.615,0.0,76.592307,88.779839,88.779839,0.2,5,4212.81,19.195,19.195,19.195,19.195,False,False,False,False,False,green_box_edge::green_edge_1,4193.615000,5
1,2026-06-23,2026-06-22,L5,RANGE_NORMAL_60_120,CLOSE_POS_MIDDLE_THIRD,ROWS_STANDARD_9_10,REGIME_RANGE_CLOSE_ROWS,3,2,4188.63438,4193.615,4191.12469,4191.12469,4191.12469,4.98062,88.140402,95.729909,191.459818,1.5,1,4174.21,-16.91469,16.91469,16.91469,16.91469,False,False,False,False,False,prior_range_fraction::prev_range_0.618 | green_box_edge::green_edge_1,4188.634380 | 4193.615000,2 | 1
2,2026-06-23,2026-06-22,L5,RANGE_NORMAL_60_120,CLOSE_POS_MIDDLE_THIRD,ROWS_STANDARD_9_10,REGIME_RANGE_CLOSE_ROWS,1,1,4168.59562,4168.59562,4168.59562,4168.59562,4168.59562,0.0,78.845968,90.826382,90.826382,0.333333,3,4174.21,5.61438,5.61438,5.61438,5.61438,False,False,False,False,False,prior_range_fraction::prev_range_0.382,4168.595620,3
3,2026-06-23,2026-06-22,L5,RANGE_NORMAL_60_120,CLOSE_POS_MIDDLE_THIRD,ROWS_STANDARD_9_10,REGIME_RANGE_CLOSE_ROWS,2,2,4177.97875,4182.83,4180.404375,4180.404375,4180.404375,4.85125,75.7731,88.693448,177.386895,0.45,4,4174.21,-6.194375,6.194375,6.194375,6.194375,False,False,False,False,True,red_box_quarter::red_box_1_75pct | prior_hlc::previous_pivot_hlc3,4177.978750 | 4182.830000,4 | 5
1,2026-06-23,2026-06-22,L6,RANGE_NORMAL_60_120,CLOSE_POS_MIDDLE_THIRD,ROWS_STANDARD_9_10,REGIME_RANGE_CLOSE_ROWS,1,2,4163.615,4168.59562,4166.10531,4166.10531,4166.10531,4.98062,85.075554,93.893965,187.787929,1.25,1,4137.23,-28.87531,28.87531,28.87531,28.87531,False,False,False,False,False,red_box_edge::red_edge_1 | prior_range_fraction::prev_range_0.382,4163.615000 | 4168.595620,1 | 4
2,2026-06-23,2026-06-22,L6,RANGE_NORMAL_60_120,CLOSE_POS_MIDDLE_THIRD,ROWS_STANDARD_9_10,REGIME_RANGE_CLOSE_ROWS,3,1,4191.26,4191.26,4191.26,4191.26,4191.26,0.0,81.257581,92.685484,92.685484,0.5,2,4137.23,-54.03,54.03,54.03,54.03,False,False,False,False,False,prior_hlc::previous_close,4191.260000,2
3,2026-06-23,2026-06-22,L6,RANGE_NORMAL_60_120,CLOSE_POS_MIDDLE_THIRD,ROWS_STANDARD_9_10,REGIME_RANGE_CLOSE_ROWS,2,1,4178.615,4178.615,4178.615,4178.615,4178.615,0.0,79.91232,92.664919,92.664919,0.333333,3,4137.23,-41.385,41.385,41.385,41.385,False,False,False,False,False,prior_hlc::previous_mid,4178.615000,3
4,2026-06-23,2026-06-22,L6,RANGE_NORMAL_60_120,CLOSE_POS_MIDDLE_THIRD,ROWS_STANDARD_9_10,REGIME_RANGE_CLOSE_ROWS,4,1,4206.70625,4206.70625,4206.70625,4206.70625,4206.70625,0.0,77.663903,90.627419,90.627419,0.2,5,4137.23,-69.47625,69.47625,69.47625,69.47625,False,False,False,False,False,red_box_quarter::red_box_1_25pct,4206.706250,5
1,2026-06-23,2026-06-22,L7,RANGE_NORMAL_60_120,CLOSE_POS_MIDDLE_THIRD,ROWS_STANDARD_9_10,REGIME_RANGE_CLOSE_ROWS,3,1,4149.25125,4149.25125,4149.25125,4149.25125,4149.25125,0.0,86.913832,95.54109,95.54109,1.0,1,4101.88,-47.37125,47.37125,47.37125,47.37125,False,False,False,False,False,red_box_quarter::red_box_2_25pct,4149.251250,1
2,2026-06-23,2026-06-22,L7,RANGE_NORMAL_60_120,CLOSE_POS_MIDDLE_THIRD,ROWS_STANDARD_9_10,REGIME_RANGE_CLOSE_ROWS,4,2,4163.615,4168.59562,4166.10531,4166.10531,4166.10531,4.98062,79.376989,91.65506,183.31012,0.7,2,4101.88,-64.22531,64.22531,64.22531,64.22531,False,False,False,False,False,red_box_edge::red_edge_1 | prior_range_fraction::prev_range_0.382,4163.615000 | 4168.595620,5 | 2
3,2026-06-23,2026-06-22,L7,RANGE_NORMAL_60_120,CLOSE_POS_MIDDLE_THIRD,ROWS_STANDARD_9_10,REGIME_RANGE_CLOSE_ROWS,2,1,4134.8875,4134.8875,4134.8875,4134.8875,4134.8875,0.0,78.89866,90.91723,90.91723,0.333333,3,4101.88,-33.0075,33.0075,33.0075,33.0075,False,False,False,False,False,red_box_midline::red_mid_2,4134.887500,3
4,2026-06-23,2026-06-22,L7,RANGE_NORMAL_60_120,CLOSE_POS_MIDDLE_THIRD,ROWS_STANDARD_9_10,REGIME_RANGE_CLOSE_ROWS,1,1,4063.06875,4063.06875,4063.06875,4063.06875,4063.06875,0.0,78.089345,90.671284,90.671284,0.25,4,4101.88,38.81125,38.81125,38.81125,38.81125,False,False,False,False,False,red_box_quarter::red_box_3_75pct,4063.068750,4
1,2026-06-25,2026-06-24,L4,RANGE_WIDE_120_220,CLOSE_POS_LOWER_THIRD,ROWS_STANDARD_9_10,REGIME_RANGE_CLOSE_ROWS,5,1,4058.29158,4058.29158,4058.29158,4058.29158,4058.29158,0.0,85.34873,92.842638,92.842638,1.0,1,4098.68,40.38842,40.38842,40.38842,40.38842,False,False,False,False,False,prior_range_fraction::prev_range_0.618,4058.291580,1
2,2026-06-25,2026-06-24,L4,RANGE_WIDE_120_220,CLOSE_POS_LOWER_THIRD,ROWS_STANDARD_9_10,REGIME_RANGE_CLOSE_ROWS,1,1,3979.25875,3979.25875,3979.25875,3979.25875,3979.25875,0.0,80.993388,92.22998,92.22998,0.5,2,4098.68,119.42125,119.42125,119.42125,119.42125,False,False,False,False,False,prior_range_fraction::prev_range_0.125,3979.258750,2
3,2026-06-25,2026-06-24,L4,RANGE_WIDE_120_220,CLOSE_POS_LOWER_THIRD,ROWS_STANDARD_9_10,REGIME_RANGE_CLOSE_ROWS,4,1,4025.92,4025.92,4025.92,4025.92,4025.92,0.0,79.650628,92.213726,92.213726,0.333333,3,4098.68,72.76,72.76,72.76,72.76,False,False,False,False,False,prior_hlc::previous_pivot_hlc3,4025.920000,3
4,2026-06-25,2026-06-24,L4,RANGE_WIDE_120_220,CLOSE_POS_LOWER_THIRD,ROWS_STANDARD_9_10,REGIME_RANGE_CLOSE_ROWS,3,1,4020.45842,4020.45842,4020.45842,4020.45842,4020.45842,0.0,78.41525,91.23319,91.23319,0.25,4,4098.68,78.22158,78.22158,78.22158,78.22158,False,False,False,False,False,prior_range_fraction::prev_range_0.382,4020.458420,4
5,2026-06-25,2026-06-24,L4,RANGE_WIDE_120_220,CLOSE_POS_LOWER_THIRD,ROWS_STANDARD_9_10,REGIME_RANGE_CLOSE_ROWS,2,1,4012.656613,4012.656613,4012.656613,4012.656613,4012.656613,0.0,77.091576,89.640648,89.640648,0.2,5,4098.68,86.023387,86.023387,86.023387,86.023387,False,False,False,False,False,prior_range_fraction::prev_range_0.333333,4012.656613,5
1,2026-06-25,2026-06-24,L5,RANGE_WIDE_120_220,CLOSE_POS_LOWER_THIRD,ROWS_STANDARD_9_10,REGIME_RANGE_CLOSE_ROWS,1,1,3999.01,3999.01,3999.01,3999.01,3999.01,0.0,86.37715,94.615775,94.615775,1.0,1,4062.96,63.95,63.95,63.95,63.95,False,False,False,False,False,prior_hlc::previous_close,3999.010000,1
2,2026-06-25,2026-06-24,L5,RANGE_WIDE_120_220,CLOSE_POS_LOWER_THIRD,ROWS_STANDARD_9_10,REGIME_RANGE_CLOSE_ROWS,2,1,4012.656613,4012.656613,4012.656613,4012.656613,4012.656613,0.0,80.242386,93.233999,93.233999,0.333333,3,4062.96,50.303387,50.303387,50.303387,50.303387,False,False,False,False,False,prior_range_fraction::prev_range_0.333333,4012.656613,3
3,2026-06-25,2026-06-24,L5,RANGE_WIDE_120_220,CLOSE_POS_LOWER_THIRD,ROWS_STANDARD_9_10,REGIME_RANGE_CLOSE_ROWS,3,2,4024.375,4025.92,4025.1475,4025.1475,4025.1475,1.545,78.516983,84.959626,169.919251,0.7,2,4062.96,37.8125,37.8125,37.8125,37.8125,False,False,False,False,False,red_box_edge::red_edge_1 | prior_hlc::previous_pivot_hlc3,4024.375000 | 4025.920000,5 | 2
4,2026-06-25,2026-06-24,L5,RANGE_WIDE_120_220,CLOSE_POS_LOWER_THIRD,ROWS_STANDARD_9_10,REGIME_RANGE_CLOSE_ROWS,4,1,4078.16375,4078.16375,4078.16375,4078.16375,4078.16375,0.0,78.454843,91.301454,91.301454,0.25,4,4062.96,-15.20375,15.20375,15.20375,15.20375,False,False,False,False,False,green_box_quarter::green_box_2_25pct,4078.163750,4
1,2026-06-25,2026-06-24,L6,RANGE_WIDE_120_220,CLOSE_POS_LOWER_THIRD,ROWS_STANDARD_9_10,REGIME_RANGE_CLOSE_ROWS,5,1,4048.16375,4048.16375,4048.16375,4048.16375,4048.16375,0.0,85.875843,93.751454,93.751454,1.0,1,4029.12,-19.04375,19.04375,19.04375,19.04375,False,False,False,False,False,red_box_quarter::red_box_1_75pct,4048.163750,1
2,2026-06-25,2026-06-24,L6,RANGE_WIDE_120_220,CLOSE_POS_LOWER_THIRD,ROWS_STANDARD_9_10,REGIME_RANGE_CLOSE_ROWS,1,1,3905.43125,3905.43125,3905.43125,3905.43125,3905.43125,0.0,80.964388,92.17998,92.17998,0.5,2,4029.12,123.68875,123.68875,123.68875,123.68875,False,False,False,False,False,red_box_quarter::red_box_3_25pct,3905.431250,2
3,2026-06-25,2026-06-24,L6,RANGE_WIDE_120_220,CLOSE_POS_LOWER_THIRD,ROWS_STANDARD_9_10,REGIME_RANGE_CLOSE_ROWS,2,1,3953.00875,3953.00875,3953.00875,3953.00875,3953.00875,0.0,79.466544,91.89634,91.89634,0.333333,3,4029.12,76.11125,76.11125,76.11125,76.11125,False,False,False,False,False,red_box_quarter::red_box_2_75pct,3953.008750,3
4,2026-06-25,2026-06-24,L6,RANGE_WIDE_120_220,CLOSE_POS_LOWER_THIRD,ROWS_STANDARD_9_10,REGIME_RANGE_CLOSE_ROWS,3,1,3976.7975,3976.7975,3976.7975,3976.7975,3976.7975,0.0,76.844364,88.524766,88.524766,0.25,4,4029.12,52.3225,52.3225,52.3225,52.3225,False,False,False,False,False,red_box_midline::red_mid_2,3976.797500,4
5,2026-06-25,2026-06-24,L6,RANGE_WIDE_120_220,CLOSE_POS_LOWER_THIRD,ROWS_STANDARD_9_10,REGIME_RANGE_CLOSE_ROWS,4,1,3983.00875,3983.00875,3983.00875,3983.00875,3983.00875,0.0,70.336801,77.994485,77.994485,0.2,5,4029.12,46.11125,46.11125,46.11125,46.11125,False,False,False,False,False,green_box_quarter::green_box_1_25pct,3983.008750,5
1,2026-06-25,2026-06-24,L7,RANGE_WIDE_120_220,CLOSE_POS_LOWER_THIRD,ROWS_STANDARD_9_10,REGIME_RANGE_CLOSE_ROWS,5,1,4006.7975,4006.7975,4006.7975,4006.7975,4006.7975,0.0,86.102206,94.141734,94.141734,1.0,1,3994.26,-12.5375,12.5375,12.5375,12.5375,False,False,False,False,False,green_box_midline::green_mid_1,4006.797500,1
2,2026-06-25,2026-06-24,L7,RANGE_WIDE_120_220,CLOSE_POS_LOWER_THIRD,ROWS_STANDARD_9_10,REGIME_RANGE_CLOSE_ROWS,3,1,3929.22,3929.22,3929.22,3929.22,3929.22,0.0,76.064943,83.732661,83.732661,0.5,2,3994.26,65.04,65.04,65.04,65.04,False,False,False,False,False,red_box_edge::red_edge_2,3929.220000,2
3,2026-06-25,2026-06-24,L7,RANGE_WIDE_120_220,CLOSE_POS_LOWER_THIRD,ROWS_STANDARD_9_10,REGIME_RANGE_CLOSE_ROWS,4,1,3959.22,3959.22,3959.22,3959.22,3959.22,0.0,54.384134,48.650806,48.650806,0.333333,3,3994.26,35.04,35.04,35.04,35.04,False,False,False,False,False,prior_hlc::previous_low,3959.220000,3
4,2026-06-25,2026-06-24,L7,RANGE_WIDE_120_220,CLOSE_POS_LOWER_THIRD,ROWS_STANDARD_9_10,REGIME_RANGE_CLOSE_ROWS,1,1,3857.85375,3857.85375,3857.85375,3857.85375,3857.85375,0.0,48.912238,40.365927,40.365927,0.25,4,3994.26,136.40625,136.40625,136.40625,136.40625,False,False,False,False,False,red_box_quarter::red_box_3_75pct,3857.853750,4
5,2026-06-25,2026-06-24,L7,RANGE_WIDE_120_220,CLOSE_POS_LOWER_THIRD,ROWS_STANDARD_9_10,REGIME_RANGE_CLOSE_ROWS,2,1,3905.43125,3905.43125,3905.43125,3905.43125,3905.43125,0.0,35.4492,17.843448,17.843448,0.2,5,3994.26,88.82875,88.82875,88.82875,88.82875,False,False,False,False,False,red_box_quarter::red_box_3_25pct,3905.431250,5
1,2026-06-26,2026-06-25,L4,RANGE_NORMAL_60_120,CLOSE_POS_UPPER_THIRD,ROWS_STANDARD_9_10,REGIME_RANGE_CLOSE_ROWS,1,1,4017.20336,4017.20336,4017.20336,4017.20336,4017.20336,0.0,83.680603,89.966557,89.966557,1.0,1,4103.3,86.09664,86.09664,86.09664,86.09664,False,False,False,False,False,prior_range_fraction::prev_range_0.666667,4017.203360,1
2,2026-06-26,2026-06-25,L4,RANGE_NORMAL_60_120,CLOSE_POS_UPPER_THIRD,ROWS_STANDARD_9_10,REGIME_RANGE_CLOSE_ROWS,3,1,4030.36375,4030.36375,4030.36375,4030.36375,4030.36375,0.0,77.117033,85.546609,85.546609,0.5,2,4103.3,72.93625,72.93625,72.93625,72.93625,False,False,False,False,False,red_box_quarter::red_box_1_25pct,4030.363750,2
3,2026-06-26,2026-06-25,L4,RANGE_NORMAL_60_120,CLOSE_POS_UPPER_THIRD,ROWS_STANDARD_9_10,REGIME_RANGE_CLOSE_ROWS,2,1,4023.9675,4023.9675,4023.9675,4023.9675,4023.9675,0.0,72.912044,80.595479,80.595479,0.333333,3,4103.3,79.3325,79.3325,79.3325,79.3325,False,False,False,False,False,prior_range_fraction::prev_range_0.75,4023.967500,3
4,2026-06-26,2026-06-25,L4,RANGE_NORMAL_60_120,CLOSE_POS_UPPER_THIRD,ROWS_STANDARD_9_10,REGIME_RANGE_CLOSE_ROWS,4,1,4046.4675,4046.4675,4046.4675,4046.4675,4046.4675,0.0,71.673283,79.609109,79.609109,0.25,4,4103.3,56.8325,56.8325,56.8325,56.8325,False,False,False,False,False,green_box_midline::green_mid_2,4046.467500,4
5,2026-06-26,2026-06-25,L4,RANGE_NORMAL_60_120,CLOSE_POS_UPPER_THIRD,ROWS_STANDARD_9_10,REGIME_RANGE_CLOSE_ROWS,5,1,4088.15625,4088.15625,4088.15625,4088.15625,4088.15625,0.0,52.045011,46.456915,46.456915,0.2,5,4103.3,15.14375,15.14375,15.14375,15.14375,False,False,False,False,False,green_box_quarter::green_box_3_25pct,4088.156250,5
1,2026-06-26,2026-06-25,L5,RANGE_NORMAL_60_120,CLOSE_POS_UPPER_THIRD,ROWS_STANDARD_9_10,REGIME_RANGE_CLOSE_ROWS,3,2,4030.36375,4034.11375,4032.23875,4032.23875,4032.23875,3.75,87.4993,92.757413,185.514827,1.5,1,4070.91,38.67125,38.67125,38.67125,38.67125,False,False,False,False,False,red_box_quarter::red_box_1_25pct | prior_range_fraction::prev_range_0.875,4030.363750 | 4034.113750,1 | 2
2,2026-06-26,2026-06-25,L5,RANGE_NORMAL_60_120,CLOSE_POS_UPPER_THIRD,ROWS_STANDARD_9_10,REGIME_RANGE_CLOSE_ROWS,2,1,4018.675,4018.675,4018.675,4018.675,4018.675,0.0,79.654082,92.219681,92.219681,0.333333,3,4070.91,52.235,52.235,52.235,52.235,False,False,False,False,False,green_box_edge::green_edge_1,4018.675000,3
3,2026-06-26,2026-06-25,L5,RANGE_NORMAL_60_120,CLOSE_POS_UPPER_THIRD,ROWS_STANDARD_9_10,REGIME_RANGE_CLOSE_ROWS,4,1,4074.26,4074.26,4074.26,4074.26,4074.26,0.0,78.952245,92.159043,92.159043,0.25,4,4070.91,-3.35,3.35,3.35,3.35,False,False,True,False,True,green_box_edge::green_edge_2,4074.260000,4
4,2026-06-26,2026-06-25,L5,RANGE_NORMAL_60_120,CLOSE_POS_UPPER_THIRD,ROWS_STANDARD_9_10,REGIME_RANGE_CLOSE_ROWS,1,1,3994.09694,3994.09694,3994.09694,3994.09694,3994.09694,0.0,78.080021,91.344864,91.344864,0.2,5,4070.91,76.81306,76.81306,76.81306,76.81306,False,False,False,False,False,prior_range_fraction::prev_range_0.382,3994.096940,5
1,2026-06-26,2026-06-25,L6,RANGE_NORMAL_60_120,CLOSE_POS_UPPER_THIRD,ROWS_STANDARD_9_10,REGIME_RANGE_CLOSE_ROWS,2,2,4002.57125,4003.675,4003.123125,4003.123125,4003.123125,1.10375,87.127273,92.238918,184.477837,1.2,1,4036.2,33.076875,33.076875,33.076875,33.076875,False,False,False,False,False,red_box_quarter::red_box_1_75pct | prior_hlc::previous_mid,4002.571250 | 4003.675000,5 | 1
2,2026-06-26,2026-06-25,L6,RANGE_NORMAL_60_120,CLOSE_POS_UPPER_THIRD,ROWS_STANDARD_9_10,REGIME_RANGE_CLOSE_ROWS,3,1,4016.4675,4016.4675,4016.4675,4016.4675,4016.4675,0.0,81.399045,92.929388,92.929388,0.5,2,4036.2,19.7325,19.7325,19.7325,19.7325,False,False,False,False,False,red_box_midline::red_mid_1,4016.467500,2
3,2026-06-26,2026-06-25,L6,RANGE_NORMAL_60_120,CLOSE_POS_UPPER_THIRD,ROWS_STANDARD_9_10,REGIME_RANGE_CLOSE_ROWS,1,1,3976.98625,3976.98625,3976.98625,3976.98625,3976.98625,0.0,79.874512,92.599734,92.599734,0.333333,3,4036.2,59.21375,59.21375,59.21375,59.21375,False,False,False,False,False,green_box_quarter::green_box_1_25pct,3976.986250,3
4,2026-06-26,2026-06-25,L6,RANGE_NORMAL_60_120,CLOSE_POS_UPPER_THIRD,ROWS_STANDARD_9_10,REGIME_RANGE_CLOSE_ROWS,4,1,4023.9675,4023.9675,4023.9675,4023.9675,4023.9675,0.0,78.886224,92.045213,92.045213,0.25,4,4036.2,12.2325,12.2325,12.2325,12.2325,False,False,False,False,False,prior_range_fraction::prev_range_0.75,4023.967500,4
1,2026-06-26,2026-06-25,L7,RANGE_NORMAL_60_120,CLOSE_POS_UPPER_THIRD,ROWS_STANDARD_9_10,REGIME_RANGE_CLOSE_ROWS,2,1,3990.8825,3990.8825,3990.8825,3990.8825,3990.8825,0.0,85.700477,93.449098,93.449098,1.0,1,4003.24,12.3575,12.3575,12.3575,12.3575,False,False,False,False,False,green_box_midline::green_mid_1,3990.882500,1
2,2026-06-26,2026-06-25,L7,RANGE_NORMAL_60_120,CLOSE_POS_UPPER_THIRD,ROWS_STANDARD_9_10,REGIME_RANGE_CLOSE_ROWS,3,1,4003.675,4003.675,4003.675,4003.675,4003.675,0.0,81.4129,92.953275,92.953275,0.5,2,4003.24,-0.435,0.435,0.435,0.435,False,True,True,True,True,prior_hlc::previous_mid,4003.675000,2
3,2026-06-26,2026-06-25,L7,RANGE_NORMAL_60_120,CLOSE_POS_UPPER_THIRD,ROWS_STANDARD_9_10,REGIME_RANGE_CLOSE_ROWS,1,2,3974.77875,3976.98625,3975.8825,3975.8825,3975.8825,2.2075,80.451325,90.909065,181.818131,0.583333,3,4003.24,27.3575,27.3575,27.3575,27.3575,False,False,False,False,False,red_box_quarter::red_box_2_25pct | green_box_quarter::green_box_1_25pct,3974.778750 | 3976.986250,3 | 4
4,2026-06-26,2026-06-25,L7,RANGE_NORMAL_60_120,CLOSE_POS_UPPER_THIRD,ROWS_STANDARD_9_10,REGIME_RANGE_CLOSE_ROWS,4,1,4032.57125,4032.57125,4032.57125,4032.57125,4032.57125,0.0,77.328593,90.049298,90.049298,0.2,5,4003.24,-29.33125,29.33125,29.33125,29.33125,False,False,False,False,False,green_box_quarter::green_box_2_25pct,4032.571250,5
1,2026-06-29,2026-06-26,L4,RANGE_NORMAL_60_120,CLOSE_POS_UPPER_THIRD,ROWS_STANDARD_9_10,REGIME_RANGE_CLOSE_ROWS,1,1,4058.386704,4058.386704,4058.386704,4058.386704,4058.386704,0.0,83.675412,89.957607,89.957607,1.0,1,4097.6,39.213296,39.213296,39.213296,39.213296,False,False,False,False,False,prior_range_fraction::prev_range_0.666667,4058.386704,1
2,2026-06-29,2026-06-26,L4,RANGE_NORMAL_60_120,CLOSE_POS_UPPER_THIRD,ROWS_STANDARD_9_10,REGIME_RANGE_CLOSE_ROWS,3,1,4078.16375,4078.16375,4078.16375,4078.16375,4078.16375,0.0,77.116152,85.545089,85.545089,0.5,2,4097.6,19.43625,19.43625,19.43625,19.43625,False,False,False,False,False,red_box_quarter::red_box_1_25pct,4078.163750,2
3,2026-06-29,2026-06-26,L4,RANGE_NORMAL_60_120,CLOSE_POS_UPPER_THIRD,ROWS_STANDARD_9_10,REGIME_RANGE_CLOSE_ROWS,2,1,4067.7975,4067.7975,4067.7975,4067.7975,4067.7975,0.0,72.910869,80.593452,80.593452,0.333333,3,4097.6,29.8025,29.8025,29.8025,29.8025,False,False,False,False,False,prior_range_fraction::prev_range_0.75,4067.797500,3
4,2026-06-29,2026-06-26,L4,RANGE_NORMAL_60_120,CLOSE_POS_UPPER_THIRD,ROWS_STANDARD_9_10,REGIME_RANGE_CLOSE_ROWS,4,1,4090.2975,4090.2975,4090.2975,4090.2975,4090.2975,0.0,71.658592,79.58378,79.58378,0.25,4,4097.6,7.3025,7.3025,7.3025,7.3025,False,False,False,False,False,green_box_midline::green_mid_2,4090.297500,4
5,2026-06-29,2026-06-26,L4,RANGE_NORMAL_60_120,CLOSE_POS_UPPER_THIRD,ROWS_STANDARD_9_10,REGIME_RANGE_CLOSE_ROWS,5,1,4161.7625,4161.7625,4161.7625,4161.7625,4161.7625,0.0,57.038062,55.065625,55.065625,0.2,5,4097.6,-64.1625,64.1625,64.1625,64.1625,False,False,False,False,False,green_box_midline::green_mid_3,4161.762500,5
1,2026-06-29,2026-06-26,L5,RANGE_NORMAL_60_120,CLOSE_POS_UPPER_THIRD,ROWS_STANDARD_9_10,REGIME_RANGE_CLOSE_ROWS,4,2,4078.16375,4081.91375,4080.03875,4080.03875,4080.03875,3.75,87.488771,92.739261,185.478521,1.5,1,4066.54,-13.49875,13.49875,13.49875,13.49875,False,False,False,False,False,red_box_quarter::red_box_1_25pct | prior_range_fraction::prev_range_0.875,4078.163750 | 4081.913750,1 | 2
2,2026-06-29,2026-06-26,L5,RANGE_NORMAL_60_120,CLOSE_POS_UPPER_THIRD,ROWS_STANDARD_9_10,REGIME_RANGE_CLOSE_ROWS,2,1,4054.565,4054.565,4054.565,4054.565,4054.565,0.0,79.641055,92.197222,92.197222,0.333333,3,4066.54,11.975,11.975,11.975,11.975,False,False,False,False,False,green_box_edge::green_edge_1,4054.565000,3
3,2026-06-29,2026-06-26,L5,RANGE_NORMAL_60_120,CLOSE_POS_UPPER_THIRD,ROWS_STANDARD_9_10,REGIME_RANGE_CLOSE_ROWS,1,1,4026.23926,4026.23926,4026.23926,4026.23926,4026.23926,0.0,78.469737,91.327133,91.327133,0.25,4,4066.54,40.30074,40.30074,40.30074,40.30074,False,False,False,False,False,prior_range_fraction::prev_range_0.382,4026.239260,4
4,2026-06-29,2026-06-26,L5,RANGE_NORMAL_60_120,CLOSE_POS_UPPER_THIRD,ROWS_STANDARD_9_10,REGIME_RANGE_CLOSE_ROWS,3,1,4072.43125,4072.43125,4072.43125,4072.43125,4072.43125,0.0,77.789821,90.844519,90.844519,0.2,5,4066.54,-5.89125,5.89125,5.89125,5.89125,False,False,False,False,False,green_box_quarter::green_box_2_25pct,4072.431250,5
1,2026-06-29,2026-06-26,L6,RANGE_NORMAL_60_120,CLOSE_POS_UPPER_THIRD,ROWS_STANDARD_9_10,REGIME_RANGE_CLOSE_ROWS,2,2,4039.565,4042.43125,4040.998125,4040.998125,4040.998125,2.86625,85.562561,92.215277,184.430555,1.2,1,4039.56,-1.438125,1.438125,1.438125,1.438125,False,True,True,True,True,prior_hlc::previous_mid | red_box_quarter::red_box_1_75pct,4039.565000 | 4042.431250,1 | 5
2,2026-06-29,2026-06-26,L6,RANGE_NORMAL_60_120,CLOSE_POS_UPPER_THIRD,ROWS_STANDARD_9_10,REGIME_RANGE_CLOSE_ROWS,3,1,4060.2975,4060.2975,4060.2975,4060.2975,4060.2975,0.0,81.383669,92.902877,92.902877,0.5,2,4039.56,-20.7375,20.7375,20.7375,20.7375,False,False,False,False,False,red_box_midline::red_mid_1,4060.297500,2
3,2026-06-29,2026-06-26,L6,RANGE_NORMAL_60_120,CLOSE_POS_UPPER_THIRD,ROWS_STANDARD_9_10,REGIME_RANGE_CLOSE_ROWS,1,1,4000.96625,4000.96625,4000.96625,4000.96625,4000.96625,0.0,79.859822,92.574405,92.574405,0.333333,3,4039.56,38.59375,38.59375,38.59375,38.59375,False,False,False,False,False,green_box_quarter::green_box_1_25pct,4000.966250,3
4,2026-06-29,2026-06-26,L6,RANGE_NORMAL_60_120,CLOSE_POS_UPPER_THIRD,ROWS_STANDARD_9_10,REGIME_RANGE_CLOSE_ROWS,4,1,4067.7975,4067.7975,4067.7975,4067.7975,4067.7975,0.0,78.870357,92.017857,92.017857,0.25,4,4039.56,-28.2375,28.2375,28.2375,28.2375,False,False,False,False,False,prior_range_fraction::prev_range_0.75,4067.797500,4
1,2026-06-29,2026-06-26,L7,RANGE_NORMAL_60_120,CLOSE_POS_UPPER_THIRD,ROWS_STANDARD_9_10,REGIME_RANGE_CLOSE_ROWS,4,1,4039.565,4039.565,4039.565,4039.565,4039.565,0.0,87.354,96.3,96.3,1.0,1,4003.96,-35.605,35.605,35.605,35.605,False,False,False,False,False,prior_hlc::previous_mid,4039.565000,1
2,2026-06-29,2026-06-26,L7,RANGE_NORMAL_60_120,CLOSE_POS_UPPER_THIRD,ROWS_STANDARD_9_10,REGIME_RANGE_CLOSE_ROWS,3,1,4018.8325,4018.8325,4018.8325,4018.8325,4018.8325,0.0,81.685034,93.422473,93.422473,0.5,2,4003.96,-14.8725,14.8725,14.8725,14.8725,False,False,False,False,False,green_box_midline::green_mid_1,4018.832500,2
3,2026-06-29,2026-06-26,L7,RANGE_NORMAL_60_120,CLOSE_POS_UPPER_THIRD,ROWS_STANDARD_9_10,REGIME_RANGE_CLOSE_ROWS,2,1,4006.69875,4006.69875,4006.69875,4006.69875,4006.69875,0.0,78.937199,90.983677,90.983677,0.333333,3,4003.96,-2.73875,2.73875,2.73875,2.73875,False,True,True,True,True,red_box_quarter::red_box_2_25pct,4006.698750,3
4,2026-06-29,2026-06-26,L7,RANGE_NORMAL_60_120,CLOSE_POS_UPPER_THIRD,ROWS_STANDARD_9_10,REGIME_RANGE_CLOSE_ROWS,1,1,4000.96625,4000.96625,4000.96625,4000.96625,4000.96625,0.0,78.165176,90.802028,90.802028,0.25,4,4003.96,2.99375,2.99375,2.99375,2.99375,False,True,True,True,True,green_box_quarter::green_box_1_25pct,4000.966250,4
5,2026-06-29,2026-06-26,L7,RANGE_NORMAL_60_120,CLOSE_POS_UPPER_THIRD,ROWS_STANDARD_9_10,REGIME_RANGE_CLOSE_ROWS,5,1,4072.43125,4072.43125,4072.43125,4072.43125,4072.43125,0.0,77.322753,90.039229,90.039229,0.2,5,4003.96,-68.47125,68.47125,68.47125,68.47125,False,False,False,False,False,green_box_quarter::green_box_2_25pct,4072.431250,5
1,2026-06-30,2026-06-29,L4,RANGE_NORMAL_60_120,CLOSE_POS_LOWER_THIRD,ROWS_STANDARD_9_10,REGIME_RANGE_CLOSE_ROWS,2,2,4057.536696,4058.035,4057.785848,4057.785848,4057.785848,0.498304,87.633128,91.50282,183.005641,1.25,1,4071.63,13.844152,13.844152,13.844152,13.844152,False,False,False,False,False,prior_range_fraction::prev_range_0.666667 | green_box_edge::green_edge_1,4057.536696 | 4058.035000,1 | 4
2,2026-06-30,2026-06-29,L4,RANGE_NORMAL_60_120,CLOSE_POS_LOWER_THIRD,ROWS_STANDARD_9_10,REGIME_RANGE_CLOSE_ROWS,3,1,4072.66125,4072.66125,4072.66125,4072.66125,4072.66125,0.0,80.569046,91.498355,91.498355,0.5,2,4071.63,-1.03125,1.03125,1.03125,1.03125,False,True,True,True,True,green_box_quarter::green_box_2_25pct,4072.661250,2
3,2026-06-30,2026-06-29,L4,RANGE_NORMAL_60_120,CLOSE_POS_LOWER_THIRD,ROWS_STANDARD_9_10,REGIME_RANGE_CLOSE_ROWS,4,1,4116.54,4116.54,4116.54,4116.54,4116.54,0.0,78.645219,90.480263,90.480263,0.333333,3,4071.63,-44.91,44.91,44.91,44.91,False,False,False,False,False,green_box_edge::green_edge_2,4116.540000,3
4,2026-06-30,2026-06-29,L4,RANGE_NORMAL_60_120,CLOSE_POS_LOWER_THIRD,ROWS_STANDARD_9_10,REGIME_RANGE_CLOSE_ROWS,1,1,4034.206667,4034.206667,4034.206667,4034.206667,4034.206667,0.0,76.37022,88.396931,88.396931,0.2,5,4071.63,37.423333,37.423333,37.423333,37.423333,False,False,False,False,False,prior_hlc::previous_pivot_hlc3,4034.206667,5
1,2026-06-30,2026-06-29,L5,RANGE_NORMAL_60_120,CLOSE_POS_LOWER_THIRD,ROWS_STANDARD_9_10,REGIME_RANGE_CLOSE_ROWS,2,1,4013.40875,4013.40875,4013.40875,4013.40875,4013.40875,0.0,85.180478,92.552549,92.552549,1.0,1,4039.56,26.15125,26.15125,26.15125,26.15125,False,False,False,False,False,red_box_quarter::red_box_2_25pct,4013.408750,1
2,2026-06-30,2026-06-29,L5,RANGE_NORMAL_60_120,CLOSE_POS_LOWER_THIRD,ROWS_STANDARD_9_10,REGIME_RANGE_CLOSE_ROWS,1,1,3998.7825,3998.7825,3998.7825,3998.7825,3998.7825,0.0,80.846072,91.975987,91.975987,0.5,2,4039.56,40.7775,40.7775,40.7775,40.7775,False,False,False,False,False,red_box_midline::red_mid_2,3998.782500,2
3,2026-06-30,2026-06-29,L5,RANGE_NORMAL_60_120,CLOSE_POS_LOWER_THIRD,ROWS_STANDARD_9_10,REGIME_RANGE_CLOSE_ROWS,5,1,4064.7875,4064.7875,4064.7875,4064.7875,4064.7875,0.0,79.354002,91.702303,91.702303,0.333333,3,4039.56,-25.2275,25.2275,25.2275,25.2275,False,False,False,False,False,prior_range_fraction::prev_range_0.75,4064.787500,3
4,2026-06-30,2026-06-29,L5,RANGE_NORMAL_60_120,CLOSE_POS_LOWER_THIRD,ROWS_STANDARD_9_10,REGIME_RANGE_CLOSE_ROWS,3,1,4028.035,4028.035,4028.035,4028.035,4028.035,0.0,78.339527,91.102632,91.102632,0.25,4,4039.56,11.525,11.525,11.525,11.525,False,False,False,False,False,red_box_edge::red_edge_1,4028.035000,4
5,2026-06-30,2026-06-29,L5,RANGE_NORMAL_60_120,CLOSE_POS_LOWER_THIRD,ROWS_STANDARD_9_10,REGIME_RANGE_CLOSE_ROWS,4,1,4057.2875,4057.2875,4057.2875,4057.2875,4057.2875,0.0,77.869507,90.981908,90.981908,0.2,5,4039.56,-17.7275,17.7275,17.7275,17.7275,False,False,False,False,False,red_box_midline::red_mid_1,4057.287500,5
1,2026-06-30,2026-06-29,L6,RANGE_NORMAL_60_120,CLOSE_POS_LOWER_THIRD,ROWS_STANDARD_9_10,REGIME_RANGE_CLOSE_ROWS,1,2,4010.40625,4014.15625,4012.28125,4012.28125,4012.28125,3.75,85.765945,92.067722,184.135444,1.333333,1,4005.44,-6.84125,6.84125,6.84125,6.84125,False,False,False,False,True,prior_range_fraction::prev_range_0.125 | green_box_quarter::green_box_1_25pct,4010.406250 | 4014.156250,3 | 1
2,2026-06-30,2026-06-29,L6,RANGE_NORMAL_60_120,CLOSE_POS_LOWER_THIRD,ROWS_STANDARD_9_10,REGIME_RANGE_CLOSE_ROWS,2,1,4021.2825,4021.2825,4021.2825,4021.2825,4021.2825,0.0,80.868586,92.014803,92.014803,0.5,2,4005.44,-15.8425,15.8425,15.8425,15.8425,False,False,False,False,False,prior_range_fraction::prev_range_0.25,4021.282500,2
3,2026-06-30,2026-06-29,L6,RANGE_NORMAL_60_120,CLOSE_POS_LOWER_THIRD,ROWS_STANDARD_9_10,REGIME_RANGE_CLOSE_ROWS,4,1,4034.206667,4034.206667,4034.206667,4034.206667,4034.206667,0.0,78.26372,90.971931,90.971931,0.25,4,4005.44,-28.766667,28.766667,28.766667,28.766667,False,False,False,False,False,prior_hlc::previous_pivot_hlc3,4034.206667,4
4,2026-06-30,2026-06-29,L6,RANGE_NORMAL_60_120,CLOSE_POS_LOWER_THIRD,ROWS_STANDARD_9_10,REGIME_RANGE_CLOSE_ROWS,3,1,4028.035,4028.035,4028.035,4028.035,4028.035,0.0,77.256882,89.925658,89.925658,0.2,5,4005.44,-22.595,22.595,22.595,22.595,False,False,False,False,False,red_box_edge::red_edge_1,4028.035000,5
1,2026-06-30,2026-06-29,L7,RANGE_NORMAL_60_120,CLOSE_POS_LOWER_THIRD,ROWS_STANDARD_9_10,REGIME_RANGE_CLOSE_ROWS,2,1,3954.90375,3954.90375,3954.90375,3954.90375,3954.90375,0.0,84.666494,91.666369,91.666369,1.0,1,3967.25,12.34625,12.34625,12.34625,12.34625,False,False,False,False,False,red_box_quarter::red_box_3_25pct,3954.903750,1
2,2026-06-30,2026-06-29,L7,RANGE_NORMAL_60_120,CLOSE_POS_LOWER_THIRD,ROWS_STANDARD_9_10,REGIME_RANGE_CLOSE_ROWS,5,1,4010.40625,4010.40625,4010.40625,4010.40625,4010.40625,0.0,79.32208,89.348413,89.348413,0.5,2,3967.25,-43.15625,43.15625,43.15625,43.15625,False,False,False,False,False,prior_range_fraction::prev_range_0.125,4010.406250,2
3,2026-06-30,2026-06-29,L7,RANGE_NORMAL_60_120,CLOSE_POS_LOWER_THIRD,ROWS_STANDARD_9_10,REGIME_RANGE_CLOSE_ROWS,1,1,3911.025,3911.025,3911.025,3911.025,3911.025,0.0,64.755597,66.532639,66.532639,0.333333,3,3967.25,56.225,56.225,56.225,56.225,False,False,False,False,False,red_box_edge::red_edge_3,3911.025000,3
4,2026-06-30,2026-06-29,L7,RANGE_NORMAL_60_120,CLOSE_POS_LOWER_THIRD,ROWS_STANDARD_9_10,REGIME_RANGE_CLOSE_ROWS,3,1,3984.15625,3984.15625,3984.15625,3984.15625,3984.15625,0.0,56.754577,53.887202,53.887202,0.25,4,3967.25,-16.90625,16.90625,16.90625,16.90625,False,False,False,False,False,red_box_quarter::red_box_2_75pct,3984.156250,4
5,2026-06-30,2026-06-29,L7,RANGE_NORMAL_60_120,CLOSE_POS_LOWER_THIRD,ROWS_STANDARD_9_10,REGIME_RANGE_CLOSE_ROWS,4,1,3999.53,3999.53,3999.53,3999.53,3999.53,0.0,54.484825,50.663492,50.663492,0.2,5,3967.25,-32.28,32.28,32.28,32.28,False,False,False,False,False,prior_hlc::previous_low,3999.530000,5
