expanded_ordered_ladder_available,expanded_ordered_ladder_valid,expanded_bracketed_by_L5_L6,expanded_inside_L4_L7,expanded_ordered_ladder_median_abs_error,expanded_ordered_ladder_mean_abs_error,expanded_ordered_ladder_pct_within_3,expanded_ordered_ladder_pct_within_5,expanded_ordered_ladder_total_width,expanded_ordered_ladder_mean_rank,L4_expanded_cluster_mid,L4_actual,L4_abs_error,L4_within_3,L4_within_5,L4_source_families,L4_source_types,L5_expanded_cluster_mid,L5_actual,L5_abs_error,L5_within_3,L5_within_5,L5_source_families,L5_source_types,L6_expanded_cluster_mid,L6_actual,L6_abs_error,L6_within_3,L6_within_5,L6_source_families,L6_source_types,L7_expanded_cluster_mid,L7_actual,L7_abs_error,L7_within_3,L7_within_5,L7_source_families,L7_source_types,level_date,prev_date,range_bucket,close_position_bucket,rows_bucket,live_reference_price,live_reference_source,live_channel_state,live_channel_norm
True,True,False,True,27.674792,27.822396,0.0,0.0,104.0,1.0,3884.8525,3867.44,17.4125,False,False,MICRO_OFFSET | MID_GAP | ORIGINAL_CLUSTER | QUARTER_ROUNDING,adjacent_cluster_midpoint | base_cluster | base_plus_+11 | base_plus_+13 | base_plus_+3 | base_plus_+5 | base_plus_+8 | base_plus_-11 | base_plus_-13 | base_plus_-3 | base_plus_-5 | base_plus_-8 | nearest_quarter_variant,3871.403333,3849.38,22.023333,False,False,MICRO_OFFSET | MID_GAP | ORIGINAL_CLUSTER | QUARTER_ROUNDING,adjacent_cluster_midpoint | base_cluster | base_plus_+11 | base_plus_+13 | base_plus_+3 | base_plus_+5 | base_plus_+8 | base_plus_-11 | base_plus_-13 | base_plus_-3 | base_plus_-5 | base_plus_-8 | nearest_quarter_variant,3871.3175,3832.79,38.5275,False,False,MICRO_OFFSET | MID_GAP | ORIGINAL_CLUSTER | QUARTER_ROUNDING,adjacent_cluster_midpoint | base_cluster | base_plus_+11 | base_plus_+13 | base_plus_+3 | base_plus_+5 | base_plus_+8 | base_plus_-11 | base_plus_-13 | base_plus_-3 | base_plus_-5 | base_plus_-8 | nearest_quarter_variant,3850.32625,3817.0,33.32625,False,False,MICRO_OFFSET | MID_GAP | ORIGINAL_CLUSTER | QUARTER_ROUNDING,adjacent_cluster_midpoint | base_cluster | base_plus_+11 | base_plus_+13 | base_plus_+3 | base_plus_+5 | base_plus_+8 | base_plus_-11 | base_plus_-13 | base_plus_-3 | base_plus_-5 | base_plus_-8 | nearest_quarter_variant,2025-10-02,2025-10-01,RANGE_COMPRESSED_0_60,CLOSE_POS_LOWER_THIRD,ROWS_STANDARD_9_10,3865.54,PREV_CLOSE_PROXY,,NEUTRAL
True,True,True,True,28.000417,24.098021,0.0,0.0,78.0,1.25,3859.91,3854.23,5.68,False,False,RESIDUAL_LEVEL,prior_level_median_residual,3857.423333,3833.88,23.543333,False,False,MICRO_OFFSET | MID_GAP | ORIGINAL_CLUSTER | QUARTER_ROUNDING,adjacent_cluster_midpoint | base_cluster | base_plus_+11 | base_plus_+13 | base_plus_+3 | base_plus_+5 | base_plus_+8 | base_plus_-11 | base_plus_-13 | base_plus_-3 | base_plus_-5 | base_plus_-8 | nearest_quarter_variant,3846.2075,3813.75,32.4575,False,False,MICRO_OFFSET | MID_GAP | ORIGINAL_CLUSTER | QUARTER_ROUNDING,adjacent_cluster_midpoint | base_cluster | base_plus_+11 | base_plus_+13 | base_plus_+3 | base_plus_+5 | base_plus_+8 | base_plus_-11 | base_plus_-13 | base_plus_-3 | base_plus_-5 | base_plus_-8 | nearest_quarter_variant,3829.61125,3794.9,34.71125,False,False,MICRO_OFFSET | MID_GAP | ORIGINAL_CLUSTER | QUARTER_ROUNDING,adjacent_cluster_midpoint | base_cluster | base_plus_+11 | base_plus_+13 | base_plus_+3 | base_plus_+5 | base_plus_+8 | base_plus_-11 | base_plus_-13 | base_plus_-3 | base_plus_-5 | base_plus_-8 | nearest_quarter_variant,2025-10-03,2025-10-02,RANGE_NORMAL_60_120,CLOSE_POS_MIDDLE_THIRD,ROWS_STANDARD_9_10,3856.24,PREV_CLOSE_PROXY,,NEUTRAL
True,True,False,False,12.66,13.466567,0.0,0.0,104.0,1.0,3855.929982,3872.61,16.680018,False,False,MICRO_OFFSET | MID_GAP | ORIGINAL_CLUSTER | QUARTER_ROUNDING,adjacent_cluster_midpoint | base_cluster | base_plus_+11 | base_plus_+13 | base_plus_+3 | base_plus_+5 | base_plus_+8 | base_plus_-11 | base_plus_-13 | base_plus_-3 | base_plus_-5 | base_plus_-8 | nearest_quarter_variant,3839.41375,3851.28,11.86625,False,False,MICRO_OFFSET | MID_GAP | ORIGINAL_CLUSTER | QUARTER_ROUNDING,adjacent_cluster_midpoint | base_cluster | base_plus_+11 | base_plus_+13 | base_plus_+3 | base_plus_+5 | base_plus_+8 | base_plus_-11 | base_plus_-13 | base_plus_-3 | base_plus_-5 | base_plus_-8 | nearest_quarter_variant,3818.51125,3830.61,12.09875,False,False,MICRO_OFFSET | MID_GAP | ORIGINAL_CLUSTER | QUARTER_ROUNDING,adjacent_cluster_midpoint | base_cluster | base_plus_+11 | base_plus_+13 | base_plus_+3 | base_plus_+5 | base_plus_+8 | base_plus_-11 | base_plus_-13 | base_plus_-3 | base_plus_-5 | base_plus_-8 | nearest_quarter_variant,3797.60875,3810.83,13.22125,False,False,MICRO_OFFSET | MID_GAP | ORIGINAL_CLUSTER | QUARTER_ROUNDING,adjacent_cluster_midpoint | base_cluster | base_plus_+11 | base_plus_+13 | base_plus_+3 | base_plus_+5 | base_plus_+8 | base_plus_-11 | base_plus_-13 | base_plus_-3 | base_plus_-5 | base_plus_-8 | nearest_quarter_variant,2025-10-06,2025-10-03,RANGE_COMPRESSED_0_60,CLOSE_POS_UPPER_THIRD,ROWS_SPARSE_1_8,3886.43,PREV_CLOSE_PROXY,,NEUTRAL
True,True,False,False,15.075,56.314219,0.0,0.0,104.22125,1.0,3948.6225,3964.13,15.5075,False,False,MICRO_OFFSET | MID_GAP | ORIGINAL_CLUSTER | QUARTER_ROUNDING | RESIDUAL_LEVEL,adjacent_cluster_midpoint | base_cluster | base_plus_+11 | base_plus_+13 | base_plus_+3 | base_plus_+5 | base_plus_+8 | base_plus_-11 | base_plus_-13 | base_plus_-3 | base_plus_-5 | base_plus_-8 | nearest_quarter_variant | prior_level_median_residual,3938.47,3946.24,7.77,False,False,MICRO_OFFSET | MID_GAP | ORIGINAL_CLUSTER | QUARTER_ROUNDING | RESIDUAL_LEVEL,adjacent_cluster_midpoint | base_cluster | base_plus_+11 | base_plus_+13 | base_plus_+3 | base_plus_+5 | base_plus_+8 | base_plus_-11 | base_plus_-13 | base_plus_-3 | base_plus_-5 | base_plus_-8 | nearest_quarter_variant | prior_level_median_residual,3913.2875,3927.93,14.6425,False,False,MICRO_OFFSET | MID_GAP | ORIGINAL_CLUSTER | QUARTER_ROUNDING | RESIDUAL_LEVEL,adjacent_cluster_midpoint | base_cluster | base_plus_+11 | base_plus_+13 | base_plus_+3 | base_plus_+5 | base_plus_+8 | base_plus_-11 | base_plus_-13 | base_plus_-3 | base_plus_-5 | base_plus_-8 | nearest_quarter_variant | prior_level_median_residual,3897.856875,3710.52,187.336875,False,False,MICRO_OFFSET | MID_GAP | ORIGINAL_CLUSTER | QUARTER_ROUNDING | RESIDUAL_LEVEL,adjacent_cluster_midpoint | base_cluster | base_plus_+11 | base_plus_+13 | base_plus_+3 | base_plus_+5 | base_plus_+8 | base_plus_-11 | base_plus_-13 | base_plus_-3 | base_plus_-5 | base_plus_-8 | nearest_quarter_variant | prior_level_median_residual,2025-10-07,2025-10-06,RANGE_NORMAL_60_120,CLOSE_POS_UPPER_THIRD,ROWS_SPARSE_1_8,3961.0,PREV_CLOSE_PROXY,,NEUTRAL
True,True,False,False,2.425161,2.278987,50.0,100.0,108.271893,1.0,3973.900009,3970.41,3.490009,False,True,MICRO_OFFSET | MID_GAP | ORIGINAL_CLUSTER | QUARTER_ROUNDING | RESIDUAL_LEVEL | RESIDUAL_REGIME_LEVEL,adjacent_cluster_midpoint | base_cluster | base_plus_+11 | base_plus_+13 | base_plus_+3 | base_plus_+5 | base_plus_+8 | base_plus_-11 | base_plus_-13 | base_plus_-3 | base_plus_-5 | base_plus_-8 | nearest_quarter_variant | prior_level_median_residual | prior_regime_level_median_residual,3953.365,3949.74,3.625,False,True,MICRO_OFFSET | MID_GAP | ORIGINAL_CLUSTER | QUARTER_ROUNDING | RESIDUAL_LEVEL | RESIDUAL_REGIME_LEVEL,adjacent_cluster_midpoint | base_cluster | base_plus_+11 | base_plus_+13 | base_plus_+3 | base_plus_+5 | base_plus_+8 | base_plus_-11 | base_plus_-13 | base_plus_-3 | base_plus_-5 | base_plus_-8 | nearest_quarter_variant | prior_level_median_residual | prior_regime_level_median_residual,3931.050312,3929.69,1.360312,True,True,MICRO_OFFSET | MID_GAP | ORIGINAL_CLUSTER | QUARTER_ROUNDING | RESIDUAL_LEVEL | RESIDUAL_REGIME_LEVEL,adjacent_cluster_midpoint | base_cluster | base_plus_+11 | base_plus_+13 | base_plus_+3 | base_plus_+5 | base_plus_+8 | base_plus_-11 | base_plus_-13 | base_plus_-3 | base_plus_-5 | base_plus_-8 | nearest_quarter_variant | prior_level_median_residual | prior_regime_level_median_residual,3910.910625,3910.27,0.640625,True,True,MICRO_OFFSET | MID_GAP | ORIGINAL_CLUSTER | QUARTER_ROUNDING | RESIDUAL_LEVEL | RESIDUAL_REGIME_LEVEL,adjacent_cluster_midpoint | base_cluster | base_plus_+11 | base_plus_+13 | base_plus_+3 | base_plus_+5 | base_plus_+8 | base_plus_-11 | base_plus_-13 | base_plus_-3 | base_plus_-5 | base_plus_-8 | nearest_quarter_variant | prior_level_median_residual | prior_regime_level_median_residual,2025-10-08,2025-10-07,RANGE_COMPRESSED_0_60,CLOSE_POS_UPPER_THIRD,ROWS_SPARSE_1_8,3984.32,PREV_CLOSE_PROXY,,NEUTRAL
True,True,False,True,21.708125,46.27,0.0,25.0,108.15,1.0,4042.63375,4038.76,3.87375,False,True,MICRO_OFFSET | MID_GAP | ORIGINAL_CLUSTER | QUARTER_ROUNDING | RESIDUAL_LEVEL | RESIDUAL_REGIME_LEVEL,adjacent_cluster_midpoint | base_cluster | base_plus_+11 | base_plus_+13 | base_plus_+3 | base_plus_+5 | base_plus_+8 | base_plus_-11 | base_plus_-13 | base_plus_-3 | base_plus_-5 | base_plus_-8 | nearest_quarter_variant | prior_level_median_residual | prior_regime_level_median_residual,4040.21,4019.13,21.08,False,False,MICRO_OFFSET | MID_GAP | ORIGINAL_CLUSTER | QUARTER_ROUNDING | RESIDUAL_LEVEL | RESIDUAL_REGIME_LEVEL,adjacent_cluster_midpoint | base_cluster | base_plus_+11 | base_plus_+13 | base_plus_+3 | base_plus_+5 | base_plus_+8 | base_plus_-11 | base_plus_-13 | base_plus_-3 | base_plus_-5 | base_plus_-8 | nearest_quarter_variant | prior_level_median_residual | prior_regime_level_median_residual,4023.85625,4001.52,22.33625,False,False,MICRO_OFFSET | MID_GAP | ORIGINAL_CLUSTER | QUARTER_ROUNDING | RESIDUAL_LEVEL | RESIDUAL_REGIME_LEVEL,adjacent_cluster_midpoint | base_cluster | base_plus_+11 | base_plus_+13 | base_plus_+3 | base_plus_+5 | base_plus_+8 | base_plus_-11 | base_plus_-13 | base_plus_-3 | base_plus_-5 | base_plus_-8 | nearest_quarter_variant | prior_level_median_residual | prior_regime_level_median_residual,3847.56,3985.35,137.79,False,False,MICRO_OFFSET | MID_GAP | ORIGINAL_CLUSTER | QUARTER_ROUNDING | RESIDUAL_LEVEL,adjacent_cluster_midpoint | base_cluster | base_plus_+11 | base_plus_+13 | base_plus_+3 | base_plus_+5 | base_plus_+8 | base_plus_-11 | base_plus_-13 | base_plus_-3 | base_plus_-5 | base_plus_-8 | nearest_quarter_variant | prior_level_median_residual,2025-10-09,2025-10-08,RANGE_NORMAL_60_120,CLOSE_POS_UPPER_THIRD,ROWS_SPARSE_1_8,4041.38,PREV_CLOSE_PROXY,,NEUTRAL
True,False,False,True,15.090312,13.7725,25.0,25.0,205.575,1.5,3975.96,3999.31,23.35,False,False,MICRO_OFFSET | MID_GAP | ORIGINAL_CLUSTER | QUARTER_ROUNDING | RESIDUAL_LEVEL,adjacent_cluster_midpoint | base_cluster | base_plus_+11 | base_plus_+13 | base_plus_+3 | base_plus_+5 | base_plus_+8 | base_plus_-11 | base_plus_-13 | base_plus_-3 | base_plus_-5 | base_plus_-8 | nearest_quarter_variant | prior_level_median_residual,3962.73375,3980.31,17.57625,False,False,MICRO_OFFSET | MID_GAP | ORIGINAL_CLUSTER | QUARTER_ROUNDING | RESIDUAL_LEVEL,adjacent_cluster_midpoint | base_cluster | base_plus_+11 | base_plus_+13 | base_plus_+3 | base_plus_+5 | base_plus_+8 | base_plus_-11 | base_plus_-13 | base_plus_-3 | base_plus_-5 | base_plus_-8 | nearest_quarter_variant | prior_level_median_residual,3974.574375,3961.97,12.604375,False,False,MICRO_OFFSET | MID_GAP | ORIGINAL_CLUSTER | QUARTER_ROUNDING | RESIDUAL_LEVEL,adjacent_cluster_midpoint | base_cluster | base_plus_+11 | base_plus_+13 | base_plus_+3 | base_plus_+5 | base_plus_+8 | base_plus_-11 | base_plus_-13 | base_plus_-3 | base_plus_-5 | base_plus_-8 | nearest_quarter_variant | prior_level_median_residual,3941.680625,3943.24,1.559375,True,True,MICRO_OFFSET | MID_GAP | ORIGINAL_CLUSTER | QUARTER_ROUNDING | RESIDUAL_LEVEL,adjacent_cluster_midpoint | base_cluster | base_plus_+11 | base_plus_+13 | base_plus_+3 | base_plus_+5 | base_plus_+8 | base_plus_-11 | base_plus_-13 | base_plus_-3 | base_plus_-5 | base_plus_-8 | nearest_quarter_variant | prior_level_median_residual,2025-10-10,2025-10-09,RANGE_NORMAL_60_120,CLOSE_POS_LOWER_THIRD,ROWS_STANDARD_9_10,3975.96,PREV_CLOSE_PROXY,,NEUTRAL
True,True,False,False,0.868125,2.193021,75.0,75.0,104.0,1.0,4003.8475,4010.88,7.0325,False,False,MICRO_OFFSET | MID_GAP | ORIGINAL_CLUSTER | QUARTER_ROUNDING | RESIDUAL_LEVEL,adjacent_cluster_midpoint | base_cluster | base_plus_+11 | base_plus_+13 | base_plus_+3 | base_plus_+5 | base_plus_+8 | base_plus_-11 | base_plus_-13 | base_plus_-3 | base_plus_-5 | base_plus_-8 | nearest_quarter_variant | prior_level_median_residual,3994.056667,3994.06,0.003333,True,True,MICRO_OFFSET | MID_GAP | ORIGINAL_CLUSTER | QUARTER_ROUNDING | RESIDUAL_LEVEL,adjacent_cluster_midpoint | base_cluster | base_plus_+11 | base_plus_+13 | base_plus_+3 | base_plus_+5 | base_plus_+8 | base_plus_-11 | base_plus_-13 | base_plus_-3 | base_plus_-5 | base_plus_-8 | nearest_quarter_variant | prior_level_median_residual,3973.4025,3974.97,1.5675,True,True,MICRO_OFFSET | MID_GAP | ORIGINAL_CLUSTER | QUARTER_ROUNDING | RESIDUAL_LEVEL,adjacent_cluster_midpoint | base_cluster | base_plus_+11 | base_plus_+13 | base_plus_+3 | base_plus_+5 | base_plus_+8 | base_plus_-11 | base_plus_-13 | base_plus_-3 | base_plus_-5 | base_plus_-8 | nearest_quarter_variant | prior_level_median_residual,3956.63875,3956.47,0.16875,True,True,MICRO_OFFSET | MID_GAP | ORIGINAL_CLUSTER | QUARTER_ROUNDING | RESIDUAL_LEVEL,adjacent_cluster_midpoint | base_cluster | base_plus_+11 | base_plus_+13 | base_plus_+3 | base_plus_+5 | base_plus_+8 | base_plus_-11 | base_plus_-13 | base_plus_-3 | base_plus_-5 | base_plus_-8 | nearest_quarter_variant | prior_level_median_residual,2025-10-13,2025-10-10,RANGE_NORMAL_60_120,CLOSE_POS_UPPER_THIRD,ROWS_STANDARD_9_10,4012.42,PREV_CLOSE_PROXY,,NEUTRAL
True,True,False,False,38.7375,41.272188,0.0,0.0,293.7275,1.0,4081.505625,4108.96,27.454375,False,False,MICRO_OFFSET | MID_GAP | ORIGINAL_CLUSTER | QUARTER_ROUNDING | RESIDUAL_LEVEL,adjacent_cluster_midpoint | base_cluster | base_plus_+11 | base_plus_+13 | base_plus_+3 | base_plus_+5 | base_plus_+8 | base_plus_-11 | base_plus_-13 | base_plus_-3 | base_plus_-5 | base_plus_-8 | nearest_quarter_variant | prior_level_median_residual,4073.560625,4093.64,20.079375,False,False,MICRO_OFFSET | MID_GAP | ORIGINAL_CLUSTER | QUARTER_ROUNDING | RESIDUAL_LEVEL,adjacent_cluster_midpoint | base_cluster | base_plus_+11 | base_plus_+13 | base_plus_+3 | base_plus_+5 | base_plus_+8 | base_plus_-11 | base_plus_-13 | base_plus_-3 | base_plus_-5 | base_plus_-8 | nearest_quarter_variant | prior_level_median_residual,4028.159375,4078.18,50.020625,False,False,MICRO_OFFSET | MID_GAP | ORIGINAL_CLUSTER | QUARTER_ROUNDING | RESIDUAL_LEVEL,adjacent_cluster_midpoint | base_cluster | base_plus_+11 | base_plus_+13 | base_plus_+3 | base_plus_+5 | base_plus_+8 | base_plus_-11 | base_plus_-13 | base_plus_-3 | base_plus_-5 | base_plus_-8 | nearest_quarter_variant | prior_level_median_residual,3994.275625,4061.81,67.534375,False,False,MICRO_OFFSET | MID_GAP | ORIGINAL_CLUSTER | QUARTER_ROUNDING | RESIDUAL_LEVEL,adjacent_cluster_midpoint | base_cluster | base_plus_+11 | base_plus_+13 | base_plus_+3 | base_plus_+5 | base_plus_+8 | base_plus_-11 | base_plus_-13 | base_plus_-3 | base_plus_-5 | base_plus_-8 | nearest_quarter_variant | prior_level_median_residual,2025-10-14,2025-10-13,RANGE_WIDE_120_220,CLOSE_POS_UPPER_THIRD,ROWS_SPARSE_1_8,4110.41,PREV_CLOSE_PROXY,,NEUTRAL
True,True,False,True,24.19125,25.228125,0.0,0.0,83.0,1.25,4142.14,4150.06,7.92,False,False,MICRO_OFFSET | MID_GAP | ORIGINAL_CLUSTER | QUARTER_ROUNDING | RESIDUAL_LEVEL,adjacent_cluster_midpoint | base_cluster | base_plus_+11 | base_plus_+13 | base_plus_+3 | base_plus_+5 | base_plus_+8 | base_plus_-11 | base_plus_-13 | base_plus_-3 | base_plus_-5 | base_plus_-8 | nearest_quarter_variant | prior_level_median_residual,4105.3525,4135.03,29.6775,False,False,MICRO_OFFSET | MID_GAP | ORIGINAL_CLUSTER | QUARTER_ROUNDING | RESIDUAL_LEVEL,adjacent_cluster_midpoint | base_cluster | base_plus_+11 | base_plus_+13 | base_plus_+3 | base_plus_+5 | base_plus_+8 | base_plus_-11 | base_plus_-13 | base_plus_-3 | base_plus_-5 | base_plus_-8 | nearest_quarter_variant | prior_level_median_residual,4100.765,4119.47,18.705,False,False,MICRO_OFFSET,base_plus_+11 | base_plus_+13 | base_plus_+8,4060.44,4105.05,44.61,False,False,MICRO_OFFSET | MID_GAP | ORIGINAL_CLUSTER | QUARTER_ROUNDING | RESIDUAL_LEVEL,adjacent_cluster_midpoint | base_cluster | base_plus_+11 | base_plus_+13 | base_plus_+3 | base_plus_+5 | base_plus_+8 | base_plus_-11 | base_plus_-13 | base_plus_-3 | base_plus_-5 | base_plus_-8 | nearest_quarter_variant | prior_level_median_residual,2025-10-15,2025-10-14,RANGE_NORMAL_60_120,CLOSE_POS_MIDDLE_THIRD,ROWS_STANDARD_9_10,4142.14,PREV_CLOSE_PROXY,,NEUTRAL
True,True,False,False,4.53368,5.370902,50.0,50.0,109.9425,1.0,4201.90625,4201.69,0.21625,True,True,MICRO_OFFSET | MID_GAP | ORIGINAL_CLUSTER | QUARTER_ROUNDING | RESIDUAL_LEVEL | RESIDUAL_REGIME_LEVEL,adjacent_cluster_midpoint | base_cluster | base_plus_+11 | base_plus_+13 | base_plus_+3 | base_plus_+5 | base_plus_+8 | base_plus_-11 | base_plus_-13 | base_plus_-3 | base_plus_-5 | base_plus_-8 | nearest_quarter_variant | prior_level_median_residual | prior_regime_level_median_residual,4189.07,4189.9,0.83,True,True,MICRO_OFFSET | MID_GAP | ORIGINAL_CLUSTER | QUARTER_ROUNDING | RESIDUAL_LEVEL | RESIDUAL_REGIME_LEVEL,adjacent_cluster_midpoint | base_cluster | base_plus_+11 | base_plus_+13 | base_plus_+3 | base_plus_+5 | base_plus_+8 | base_plus_-11 | base_plus_-13 | base_plus_-3 | base_plus_-5 | base_plus_-8 | nearest_quarter_variant | prior_level_median_residual | prior_regime_level_median_residual,4169.03264,4177.27,8.23736,False,False,MICRO_OFFSET | MID_GAP | ORIGINAL_CLUSTER | QUARTER_ROUNDING | RESIDUAL_LEVEL | RESIDUAL_REGIME_LEVEL,adjacent_cluster_midpoint | base_cluster | base_plus_+11 | base_plus_+13 | base_plus_+3 | base_plus_+5 | base_plus_+8 | base_plus_-11 | base_plus_-13 | base_plus_-3 | base_plus_-5 | base_plus_-8 | nearest_quarter_variant | prior_level_median_residual | prior_regime_level_median_residual,4150.79,4162.99,12.2,False,False,MICRO_OFFSET | MID_GAP | ORIGINAL_CLUSTER | QUARTER_ROUNDING | RESIDUAL_LEVEL | RESIDUAL_REGIME_LEVEL,adjacent_cluster_midpoint | base_cluster | base_plus_+11 | base_plus_+13 | base_plus_+3 | base_plus_+5 | base_plus_+8 | base_plus_-11 | base_plus_-13 | base_plus_-3 | base_plus_-5 | base_plus_-8 | nearest_quarter_variant | prior_level_median_residual | prior_regime_level_median_residual,2025-10-16,2025-10-15,RANGE_NORMAL_60_120,CLOSE_POS_UPPER_THIRD,ROWS_STANDARD_9_10,4208.11,PREV_CLOSE_PROXY,,NEUTRAL
True,True,False,False,12.755625,11.998125,0.0,0.0,104.0,1.0,4320.4125,4305.21,15.2025,False,False,MICRO_OFFSET | MID_GAP | ORIGINAL_CLUSTER | QUARTER_ROUNDING | RESIDUAL_LEVEL,adjacent_cluster_midpoint | base_cluster | base_plus_+11 | base_plus_+13 | base_plus_+3 | base_plus_+5 | base_plus_+8 | base_plus_-11 | base_plus_-13 | base_plus_-3 | base_plus_-5 | base_plus_-8 | nearest_quarter_variant | prior_level_median_residual,4300.32875,4289.52,10.80875,False,False,MICRO_OFFSET | MID_GAP | ORIGINAL_CLUSTER | QUARTER_ROUNDING | RESIDUAL_LEVEL,adjacent_cluster_midpoint | base_cluster | base_plus_+11 | base_plus_+13 | base_plus_+3 | base_plus_+5 | base_plus_+8 | base_plus_-11 | base_plus_-13 | base_plus_-3 | base_plus_-5 | base_plus_-8 | nearest_quarter_variant | prior_level_median_residual,4290.4125,4275.71,14.7025,False,False,MICRO_OFFSET | MID_GAP | ORIGINAL_CLUSTER | QUARTER_ROUNDING | RESIDUAL_LEVEL,adjacent_cluster_midpoint | base_cluster | base_plus_+11 | base_plus_+13 | base_plus_+3 | base_plus_+5 | base_plus_+8 | base_plus_-11 | base_plus_-13 | base_plus_-3 | base_plus_-5 | base_plus_-8 | nearest_quarter_variant | prior_level_median_residual,4270.32875,4263.05,7.27875,False,False,MICRO_OFFSET | MID_GAP | ORIGINAL_CLUSTER | QUARTER_ROUNDING | RESIDUAL_LEVEL,adjacent_cluster_midpoint | base_cluster | base_plus_+11 | base_plus_+13 | base_plus_+3 | base_plus_+5 | base_plus_+8 | base_plus_-11 | base_plus_-13 | base_plus_-3 | base_plus_-5 | base_plus_-8 | nearest_quarter_variant | prior_level_median_residual,2025-10-17,2025-10-16,RANGE_WIDE_120_220,CLOSE_POS_UPPER_THIRD,ROWS_EXTENDED_11_PLUS,4325.92,PREV_CLOSE_PROXY,,NEUTRAL
True,True,False,False,83.562187,80.247969,0.0,0.0,170.655,1.0,4339.815625,4286.39,53.425625,False,False,MICRO_OFFSET | MID_GAP | ORIGINAL_CLUSTER | QUARTER_ROUNDING | RESIDUAL_LEVEL,adjacent_cluster_midpoint | base_cluster | base_plus_+11 | base_plus_+13 | base_plus_+3 | base_plus_+5 | base_plus_+8 | base_plus_-11 | base_plus_-13 | base_plus_-3 | base_plus_-5 | base_plus_-8 | nearest_quarter_variant | prior_level_median_residual,4324.815625,4249.57,75.245625,False,False,MICRO_OFFSET | MID_GAP | ORIGINAL_CLUSTER | QUARTER_ROUNDING | RESIDUAL_LEVEL,adjacent_cluster_midpoint | base_cluster | base_plus_+11 | base_plus_+13 | base_plus_+3 | base_plus_+5 | base_plus_+8 | base_plus_-11 | base_plus_-13 | base_plus_-3 | base_plus_-5 | base_plus_-8 | nearest_quarter_variant | prior_level_median_residual,4310.85875,4218.98,91.87875,False,False,MICRO_OFFSET | MID_GAP | ORIGINAL_CLUSTER | QUARTER_ROUNDING | RESIDUAL_LEVEL,adjacent_cluster_midpoint | base_cluster | base_plus_+11 | base_plus_+13 | base_plus_+3 | base_plus_+5 | base_plus_+8 | base_plus_-11 | base_plus_-13 | base_plus_-3 | base_plus_-5 | base_plus_-8 | nearest_quarter_variant | prior_level_median_residual,4289.401875,4188.96,100.441875,False,False,MICRO_OFFSET | MID_GAP | ORIGINAL_CLUSTER | QUARTER_ROUNDING | RESIDUAL_LEVEL,adjacent_cluster_midpoint | base_cluster | base_plus_+11 | base_plus_+13 | base_plus_+3 | base_plus_+5 | base_plus_+8 | base_plus_-11 | base_plus_-13 | base_plus_-3 | base_plus_-5 | base_plus_-8 | nearest_quarter_variant | prior_level_median_residual,2025-10-20,2025-10-17,RANGE_WIDE_120_220,CLOSE_POS_MIDDLE_THIRD,ROWS_STANDARD_9_10,4252.68,PREV_CLOSE_PROXY,,NEUTRAL
True,True,False,False,34.744375,32.551875,25.0,25.0,107.905,1.0,4338.17875,4336.24,1.93875,True,True,MICRO_OFFSET | MID_GAP | ORIGINAL_CLUSTER | QUARTER_ROUNDING | RESIDUAL_LEVEL | RESIDUAL_REGIME_LEVEL,adjacent_cluster_midpoint | base_cluster | base_plus_+11 | base_plus_+13 | base_plus_+3 | base_plus_+5 | base_plus_+8 | base_plus_-11 | base_plus_-13 | base_plus_-3 | base_plus_-5 | base_plus_-8 | nearest_quarter_variant | prior_level_median_residual | prior_regime_level_median_residual,4333.31,4302.55,30.76,False,False,MICRO_OFFSET | MID_GAP | ORIGINAL_CLUSTER | QUARTER_ROUNDING | RESIDUAL_LEVEL | RESIDUAL_REGIME_LEVEL,adjacent_cluster_midpoint | base_cluster | base_plus_+11 | base_plus_+13 | base_plus_+3 | base_plus_+5 | base_plus_+8 | base_plus_-11 | base_plus_-13 | base_plus_-3 | base_plus_-5 | base_plus_-8 | nearest_quarter_variant | prior_level_median_residual | prior_regime_level_median_residual,4314.39875,4275.67,38.72875,False,False,MICRO_OFFSET | MID_GAP | ORIGINAL_CLUSTER | QUARTER_ROUNDING | RESIDUAL_LEVEL | RESIDUAL_REGIME_LEVEL,adjacent_cluster_midpoint | base_cluster | base_plus_+11 | base_plus_+13 | base_plus_+3 | base_plus_+5 | base_plus_+8 | base_plus_-11 | base_plus_-13 | base_plus_-3 | base_plus_-5 | base_plus_-8 | nearest_quarter_variant | prior_level_median_residual | prior_regime_level_median_residual,4300.25,4241.47,58.78,False,False,MICRO_OFFSET | MID_GAP | ORIGINAL_CLUSTER | QUARTER_ROUNDING | RESIDUAL_LEVEL | RESIDUAL_REGIME_LEVEL,adjacent_cluster_midpoint | base_cluster | base_plus_+11 | base_plus_+13 | base_plus_+3 | base_plus_+5 | base_plus_+8 | base_plus_-11 | base_plus_-13 | base_plus_-3 | base_plus_-5 | base_plus_-8 | nearest_quarter_variant | prior_level_median_residual | prior_regime_level_median_residual,2025-10-21,2025-10-20,RANGE_WIDE_120_220,CLOSE_POS_UPPER_THIRD,ROWS_EXTENDED_11_PLUS,4356.3,PREV_CLOSE_PROXY,,NEUTRAL
True,True,True,True,57.090337,59.26095,0.0,0.0,167.835098,1.25,4191.799326,4243.57,51.770674,False,False,MICRO_OFFSET | MID_GAP | ORIGINAL_CLUSTER | QUARTER_ROUNDING | RESIDUAL_LEVEL,adjacent_cluster_midpoint | base_cluster | base_plus_+11 | base_plus_+13 | base_plus_+3 | base_plus_+5 | base_plus_+8 | base_plus_-11 | base_plus_-13 | base_plus_-3 | base_plus_-5 | base_plus_-8 | nearest_quarter_variant | prior_level_median_residual,4168.340625,4216.07,47.729375,False,False,MICRO_OFFSET | MID_GAP | ORIGINAL_CLUSTER | QUARTER_ROUNDING | RESIDUAL_LEVEL,adjacent_cluster_midpoint | base_cluster | base_plus_+11 | base_plus_+13 | base_plus_+3 | base_plus_+5 | base_plus_+8 | base_plus_-11 | base_plus_-13 | base_plus_-3 | base_plus_-5 | base_plus_-8 | nearest_quarter_variant | prior_level_median_residual,4107.77625,4182.91,75.13375,False,False,MICRO_OFFSET | MID_GAP | ORIGINAL_CLUSTER | QUARTER_ROUNDING | RESIDUAL_LEVEL,adjacent_cluster_midpoint | base_cluster | base_plus_+11 | base_plus_+13 | base_plus_+3 | base_plus_+5 | base_plus_+8 | base_plus_-11 | base_plus_-13 | base_plus_-3 | base_plus_-5 | base_plus_-8 | nearest_quarter_variant | prior_level_median_residual,4082.4,4144.81,62.41,False,False,MICRO_OFFSET | MID_GAP | ORIGINAL_CLUSTER | QUARTER_ROUNDING | RESIDUAL_LEVEL,adjacent_cluster_midpoint | base_cluster | base_plus_+11 | base_plus_+13 | base_plus_+3 | base_plus_+5 | base_plus_+8 | base_plus_-11 | base_plus_-13 | base_plus_-3 | base_plus_-5 | base_plus_-8 | nearest_quarter_variant | prior_level_median_residual,2025-10-22,2025-10-21,RANGE_EXTREME_220_PLUS,CLOSE_POS_LOWER_THIRD,ROWS_EXTENDED_11_PLUS,4124.9,PREV_CLOSE_PROXY,,NEUTRAL
True,True,False,False,83.695651,81.624075,0.0,0.0,104.0,1.0,4082.975,4177.89,94.915,False,False,MICRO_OFFSET | MID_GAP | ORIGINAL_CLUSTER | QUARTER_ROUNDING | RESIDUAL_LEVEL,adjacent_cluster_midpoint | base_cluster | base_plus_+11 | base_plus_+13 | base_plus_+3 | base_plus_+5 | base_plus_+8 | base_plus_-11 | base_plus_-13 | base_plus_-3 | base_plus_-5 | base_plus_-8 | nearest_quarter_variant | prior_level_median_residual,4056.869948,4147.32,90.450052,False,False,MICRO_OFFSET | MID_GAP | ORIGINAL_CLUSTER | QUARTER_ROUNDING | RESIDUAL_LEVEL,adjacent_cluster_midpoint | base_cluster | base_plus_+11 | base_plus_+13 | base_plus_+3 | base_plus_+5 | base_plus_+8 | base_plus_-11 | base_plus_-13 | base_plus_-3 | base_plus_-5 | base_plus_-8 | nearest_quarter_variant | prior_level_median_residual,4027.98875,4104.93,76.94125,False,False,MICRO_OFFSET | MID_GAP | ORIGINAL_CLUSTER | QUARTER_ROUNDING | RESIDUAL_LEVEL,adjacent_cluster_midpoint | base_cluster | base_plus_+11 | base_plus_+13 | base_plus_+3 | base_plus_+5 | base_plus_+8 | base_plus_-11 | base_plus_-13 | base_plus_-3 | base_plus_-5 | base_plus_-8 | nearest_quarter_variant | prior_level_median_residual,4004.66,4068.85,64.19,False,False,MICRO_OFFSET | MID_GAP | ORIGINAL_CLUSTER | QUARTER_ROUNDING | RESIDUAL_LEVEL,adjacent_cluster_midpoint | base_cluster | base_plus_+11 | base_plus_+13 | base_plus_+3 | base_plus_+5 | base_plus_+8 | base_plus_-11 | base_plus_-13 | base_plus_-3 | base_plus_-5 | base_plus_-8 | nearest_quarter_variant | prior_level_median_residual,2025-10-23,2025-10-22,RANGE_WIDE_120_220,CLOSE_POS_MIDDLE_THIRD,ROWS_STANDARD_9_10,4098.38,PREV_CLOSE_PROXY,,NEUTRAL
True,True,False,True,22.879375,21.380572,0.0,25.0,140.24792,1.0,4136.246875,4171.67,35.423125,False,False,MICRO_OFFSET | MID_GAP | ORIGINAL_CLUSTER | QUARTER_ROUNDING | RESIDUAL_LEVEL | RESIDUAL_REGIME_LEVEL,adjacent_cluster_midpoint | base_cluster | base_plus_+11 | base_plus_+13 | base_plus_+3 | base_plus_+5 | base_plus_+8 | base_plus_-11 | base_plus_-13 | base_plus_-3 | base_plus_-5 | base_plus_-8 | nearest_quarter_variant | prior_level_median_residual | prior_regime_level_median_residual,4115.61,4135.65,20.04,False,False,MICRO_OFFSET | MID_GAP | ORIGINAL_CLUSTER | QUARTER_ROUNDING | RESIDUAL_LEVEL | RESIDUAL_REGIME_LEVEL,adjacent_cluster_midpoint | base_cluster | base_plus_+11 | base_plus_+13 | base_plus_+3 | base_plus_+5 | base_plus_+8 | base_plus_-11 | base_plus_-13 | base_plus_-3 | base_plus_-5 | base_plus_-8 | nearest_quarter_variant | prior_level_median_residual | prior_regime_level_median_residual,4104.060415,4099.72,4.340415,False,True,MICRO_OFFSET | MID_GAP | ORIGINAL_CLUSTER | QUARTER_ROUNDING | RESIDUAL_LEVEL | RESIDUAL_REGIME_LEVEL,adjacent_cluster_midpoint | base_cluster | base_plus_+11 | base_plus_+13 | base_plus_+3 | base_plus_+5 | base_plus_+8 | base_plus_-11 | base_plus_-13 | base_plus_-3 | base_plus_-5 | base_plus_-8 | nearest_quarter_variant | prior_level_median_residual | prior_regime_level_median_residual,4087.15875,4061.44,25.71875,False,False,MICRO_OFFSET | MID_GAP | ORIGINAL_CLUSTER | QUARTER_ROUNDING | RESIDUAL_LEVEL | RESIDUAL_REGIME_LEVEL,adjacent_cluster_midpoint | base_cluster | base_plus_+11 | base_plus_+13 | base_plus_+3 | base_plus_+5 | base_plus_+8 | base_plus_-11 | base_plus_-13 | base_plus_-3 | base_plus_-5 | base_plus_-8 | nearest_quarter_variant | prior_level_median_residual | prior_regime_level_median_residual,2025-10-24,2025-10-23,RANGE_NORMAL_60_120,CLOSE_POS_UPPER_THIRD,ROWS_STANDARD_9_10,4125.98,PREV_CLOSE_PROXY,,NEUTRAL
True,True,False,True,13.066667,14.767708,0.0,0.0,213.121667,1.0,4138.865625,4166.24,27.374375,False,False,MICRO_OFFSET | MID_GAP | ORIGINAL_CLUSTER | QUARTER_ROUNDING | RESIDUAL_LEVEL | RESIDUAL_REGIME_LEVEL,adjacent_cluster_midpoint | base_cluster | base_plus_+11 | base_plus_+13 | base_plus_+3 | base_plus_+5 | base_plus_+8 | base_plus_-11 | base_plus_-13 | base_plus_-3 | base_plus_-5 | base_plus_-8 | nearest_quarter_variant | prior_level_median_residual | prior_regime_level_median_residual,4109.945417,4129.36,19.414583,False,False,MICRO_OFFSET | MID_GAP | ORIGINAL_CLUSTER | QUARTER_ROUNDING | RESIDUAL_LEVEL | RESIDUAL_REGIME_LEVEL,adjacent_cluster_midpoint | base_cluster | base_plus_+11 | base_plus_+13 | base_plus_+3 | base_plus_+5 | base_plus_+8 | base_plus_-11 | base_plus_-13 | base_plus_-3 | base_plus_-5 | base_plus_-8 | nearest_quarter_variant | prior_level_median_residual | prior_regime_level_median_residual,4086.346875,4091.91,5.563125,False,False,MICRO_OFFSET | MID_GAP | ORIGINAL_CLUSTER | QUARTER_ROUNDING | RESIDUAL_LEVEL | RESIDUAL_REGIME_LEVEL,adjacent_cluster_midpoint | base_cluster | base_plus_+11 | base_plus_+13 | base_plus_+3 | base_plus_+5 | base_plus_+8 | base_plus_-11 | base_plus_-13 | base_plus_-3 | base_plus_-5 | base_plus_-8 | nearest_quarter_variant | prior_level_median_residual | prior_regime_level_median_residual,4063.21875,4056.5,6.71875,False,False,MICRO_OFFSET | MID_GAP | ORIGINAL_CLUSTER | QUARTER_ROUNDING | RESIDUAL_LEVEL | RESIDUAL_REGIME_LEVEL,adjacent_cluster_midpoint | base_cluster | base_plus_+11 | base_plus_+13 | base_plus_+3 | base_plus_+5 | base_plus_+8 | base_plus_-11 | base_plus_-13 | base_plus_-3 | base_plus_-5 | base_plus_-8 | nearest_quarter_variant | prior_level_median_residual | prior_regime_level_median_residual,2025-10-27,2025-10-24,RANGE_NORMAL_60_120,CLOSE_POS_UPPER_THIRD,ROWS_STANDARD_9_10,4112.26,PREV_CLOSE_PROXY,,NEUTRAL
True,False,False,False,22.666262,25.418851,25.0,25.0,293.959286,1.5,4079.3225,4133.51,54.1875,False,False,MICRO_OFFSET | MID_GAP | ORIGINAL_CLUSTER | QUARTER_ROUNDING | RESIDUAL_LEVEL,adjacent_cluster_midpoint | base_cluster | base_plus_+11 | base_plus_+13 | base_plus_+3 | base_plus_+5 | base_plus_+8 | base_plus_-11 | base_plus_-13 | base_plus_-3 | base_plus_-5 | base_plus_-8 | nearest_quarter_variant | prior_level_median_residual,4057.374977,4092.09,34.715023,False,False,MICRO_OFFSET | MID_GAP | ORIGINAL_CLUSTER | QUARTER_ROUNDING | RESIDUAL_LEVEL,adjacent_cluster_midpoint | base_cluster | base_plus_+11 | base_plus_+13 | base_plus_+3 | base_plus_+5 | base_plus_+8 | base_plus_-11 | base_plus_-13 | base_plus_-3 | base_plus_-5 | base_plus_-8 | nearest_quarter_variant | prior_level_median_residual,4061.65538,4059.5,2.15538,True,True,MICRO_OFFSET | MID_GAP | ORIGINAL_CLUSTER | QUARTER_ROUNDING | RESIDUAL_LEVEL,adjacent_cluster_midpoint | base_cluster | base_plus_+11 | base_plus_+13 | base_plus_+3 | base_plus_+5 | base_plus_+8 | base_plus_-11 | base_plus_-13 | base_plus_-3 | base_plus_-5 | base_plus_-8 | nearest_quarter_variant | prior_level_median_residual,4035.8675,4025.25,10.6175,False,False,MICRO_OFFSET | MID_GAP | ORIGINAL_CLUSTER | QUARTER_ROUNDING | RESIDUAL_LEVEL,adjacent_cluster_midpoint | base_cluster | base_plus_+11 | base_plus_+13 | base_plus_+3 | base_plus_+5 | base_plus_+8 | base_plus_-11 | base_plus_-13 | base_plus_-3 | base_plus_-5 | base_plus_-8 | nearest_quarter_variant | prior_level_median_residual,2025-10-28,2025-10-27,RANGE_WIDE_120_220,CLOSE_POS_LOWER_THIRD,ROWS_EXTENDED_11_PLUS,3981.07,PREV_CLOSE_PROXY,,NEUTRAL
True,True,False,True,21.0071,19.536675,0.0,0.0,104.0,1.5,4029.3325,4053.69,24.3575,False,False,MICRO_OFFSET | MID_GAP | ORIGINAL_CLUSTER | QUARTER_ROUNDING | RESIDUAL_LEVEL,adjacent_cluster_midpoint | base_cluster | base_plus_+11 | base_plus_+13 | base_plus_+3 | base_plus_+5 | base_plus_+8 | base_plus_-11 | base_plus_-13 | base_plus_-3 | base_plus_-5 | base_plus_-8 | nearest_quarter_variant | prior_level_median_residual,4008.945,4020.72,11.775,False,False,MICRO_OFFSET | MID_GAP | ORIGINAL_CLUSTER | QUARTER_ROUNDING | RESIDUAL_LEVEL,adjacent_cluster_midpoint | base_cluster | base_plus_+11 | base_plus_+13 | base_plus_+3 | base_plus_+5 | base_plus_+8 | base_plus_-11 | base_plus_-13 | base_plus_-3 | base_plus_-5 | base_plus_-8 | nearest_quarter_variant | prior_level_median_residual,3968.8758,3988.68,19.8042,False,False,MICRO_OFFSET | MID_GAP | ORIGINAL_CLUSTER | QUARTER_ROUNDING | RESIDUAL_LEVEL,adjacent_cluster_midpoint | base_cluster | base_plus_+11 | base_plus_+13 | base_plus_+3 | base_plus_+5 | base_plus_+8 | base_plus_-11 | base_plus_-13 | base_plus_-3 | base_plus_-5 | base_plus_-8 | nearest_quarter_variant | prior_level_median_residual,3938.17,3960.38,22.21,False,False,MICRO_OFFSET | MID_GAP | ORIGINAL_CLUSTER | QUARTER_ROUNDING | RESIDUAL_LEVEL,adjacent_cluster_midpoint | base_cluster | base_plus_+11 | base_plus_+13 | base_plus_+3 | base_plus_+5 | base_plus_+8 | base_plus_-11 | base_plus_-13 | base_plus_-3 | base_plus_-5 | base_plus_-8 | nearest_quarter_variant | prior_level_median_residual,2025-10-29,2025-10-28,RANGE_WIDE_120_220,CLOSE_POS_MIDDLE_THIRD,ROWS_STANDARD_9_10,3952.66,PREV_CLOSE_PROXY,,NEUTRAL
True,True,False,True,98.775625,99.005625,0.0,0.0,104.0,1.0,3968.91875,4090.3,121.38125,False,False,MICRO_OFFSET | MID_GAP | ORIGINAL_CLUSTER | QUARTER_ROUNDING | RESIDUAL_LEVEL,adjacent_cluster_midpoint | base_cluster | base_plus_+11 | base_plus_+13 | base_plus_+3 | base_plus_+5 | base_plus_+8 | base_plus_-11 | base_plus_-13 | base_plus_-3 | base_plus_-5 | base_plus_-8 | nearest_quarter_variant | prior_level_median_residual,3950.6725,4056.8,106.1275,False,False,MICRO_OFFSET | MID_GAP | ORIGINAL_CLUSTER | QUARTER_ROUNDING | RESIDUAL_LEVEL,adjacent_cluster_midpoint | base_cluster | base_plus_+11 | base_plus_+13 | base_plus_+3 | base_plus_+5 | base_plus_+8 | base_plus_-11 | base_plus_-13 | base_plus_-3 | base_plus_-5 | base_plus_-8 | nearest_quarter_variant | prior_level_median_residual,3932.42625,4023.85,91.42375,False,False,MICRO_OFFSET | MID_GAP | ORIGINAL_CLUSTER | QUARTER_ROUNDING | RESIDUAL_LEVEL,adjacent_cluster_midpoint | base_cluster | base_plus_+11 | base_plus_+13 | base_plus_+3 | base_plus_+5 | base_plus_+8 | base_plus_-11 | base_plus_-13 | base_plus_-3 | base_plus_-5 | base_plus_-8 | nearest_quarter_variant | prior_level_median_residual,3914.18,3991.27,77.09,False,False,MICRO_OFFSET | MID_GAP | ORIGINAL_CLUSTER | QUARTER_ROUNDING | RESIDUAL_LEVEL,adjacent_cluster_midpoint | base_cluster | base_plus_+11 | base_plus_+13 | base_plus_+3 | base_plus_+5 | base_plus_+8 | base_plus_-11 | base_plus_-13 | base_plus_-3 | base_plus_-5 | base_plus_-8 | nearest_quarter_variant | prior_level_median_residual,2025-10-30,2025-10-29,RANGE_NORMAL_60_120,CLOSE_POS_LOWER_THIRD,ROWS_EXTENDED_11_PLUS,3930.12,PREV_CLOSE_PROXY,,NEUTRAL
True,True,False,False,23.475938,25.675677,0.0,0.0,223.342917,1.0,4019.388125,4053.95,34.561875,False,False,MICRO_OFFSET | MID_GAP | ORIGINAL_CLUSTER | QUARTER_ROUNDING | RESIDUAL_LEVEL | RESIDUAL_REGIME_LEVEL,adjacent_cluster_midpoint | base_cluster | base_plus_+11 | base_plus_+13 | base_plus_+3 | base_plus_+5 | base_plus_+8 | base_plus_-11 | base_plus_-13 | base_plus_-3 | base_plus_-5 | base_plus_-8 | nearest_quarter_variant | prior_level_median_residual | prior_regime_level_median_residual,3999.241042,4020.43,21.188958,False,False,MICRO_OFFSET | MID_GAP | ORIGINAL_CLUSTER | QUARTER_ROUNDING | RESIDUAL_LEVEL | RESIDUAL_REGIME_LEVEL,adjacent_cluster_midpoint | base_cluster | base_plus_+11 | base_plus_+13 | base_plus_+3 | base_plus_+5 | base_plus_+8 | base_plus_-11 | base_plus_-13 | base_plus_-3 | base_plus_-5 | base_plus_-8 | nearest_quarter_variant | prior_level_median_residual | prior_regime_level_median_residual,3962.474375,3988.15,25.675625,False,False,MICRO_OFFSET | MID_GAP | ORIGINAL_CLUSTER | QUARTER_ROUNDING | RESIDUAL_LEVEL | RESIDUAL_REGIME_LEVEL,adjacent_cluster_midpoint | base_cluster | base_plus_+11 | base_plus_+13 | base_plus_+3 | base_plus_+5 | base_plus_+8 | base_plus_-11 | base_plus_-13 | base_plus_-3 | base_plus_-5 | base_plus_-8 | nearest_quarter_variant | prior_level_median_residual | prior_regime_level_median_residual,3938.61375,3959.89,21.27625,False,False,MICRO_OFFSET | MID_GAP | ORIGINAL_CLUSTER | QUARTER_ROUNDING | RESIDUAL_LEVEL | RESIDUAL_REGIME_LEVEL,adjacent_cluster_midpoint | base_cluster | base_plus_+11 | base_plus_+13 | base_plus_+3 | base_plus_+5 | base_plus_+8 | base_plus_-11 | base_plus_-13 | base_plus_-3 | base_plus_-5 | base_plus_-8 | nearest_quarter_variant | prior_level_median_residual | prior_regime_level_median_residual,2025-10-31,2025-10-30,RANGE_NORMAL_60_120,CLOSE_POS_UPPER_THIRD,ROWS_STANDARD_9_10,4024.28,PREV_CLOSE_PROXY,,NEUTRAL
True,True,False,True,14.396875,15.58875,0.0,25.0,174.0175,1.25,4013.2025,4042.58,29.3775,False,False,MICRO_OFFSET | MID_GAP | ORIGINAL_CLUSTER | QUARTER_ROUNDING | RESIDUAL_LEVEL,adjacent_cluster_midpoint | base_cluster | base_plus_+11 | base_plus_+13 | base_plus_+3 | base_plus_+5 | base_plus_+8 | base_plus_-11 | base_plus_-13 | base_plus_-3 | base_plus_-5 | base_plus_-8 | nearest_quarter_variant | prior_level_median_residual,3996.21625,4013.99,17.77375,False,False,MICRO_OFFSET | MID_GAP | ORIGINAL_CLUSTER | QUARTER_ROUNDING | RESIDUAL_LEVEL,adjacent_cluster_midpoint | base_cluster | base_plus_+11 | base_plus_+13 | base_plus_+3 | base_plus_+5 | base_plus_+8 | base_plus_-11 | base_plus_-13 | base_plus_-3 | base_plus_-5 | base_plus_-8 | nearest_quarter_variant | prior_level_median_residual,3981.21625,3985.4,4.18375,False,True,MICRO_OFFSET | MID_GAP | ORIGINAL_CLUSTER | QUARTER_ROUNDING | RESIDUAL_LEVEL,adjacent_cluster_midpoint | base_cluster | base_plus_+11 | base_plus_+13 | base_plus_+3 | base_plus_+5 | base_plus_+8 | base_plus_-11 | base_plus_-13 | base_plus_-3 | base_plus_-5 | base_plus_-8 | nearest_quarter_variant | prior_level_median_residual,3942.22,3953.24,11.02,False,False,MICRO_OFFSET | MID_GAP | ORIGINAL_CLUSTER | QUARTER_ROUNDING | RESIDUAL_LEVEL,adjacent_cluster_midpoint | base_cluster | base_plus_+11 | base_plus_+13 | base_plus_+3 | base_plus_+5 | base_plus_+8 | base_plus_-11 | base_plus_-13 | base_plus_-3 | base_plus_-5 | base_plus_-8 | nearest_quarter_variant | prior_level_median_residual,2025-11-03,2025-10-31,RANGE_NORMAL_60_120,CLOSE_POS_MIDDLE_THIRD,ROWS_EXTENDED_11_PLUS,4002.19,PREV_CLOSE_PROXY,,NEUTRAL
True,True,False,True,21.275625,20.60125,0.0,0.0,157.9525,1.25,4006.3475,4037.15,30.8025,False,False,MICRO_OFFSET | MID_GAP | ORIGINAL_CLUSTER | QUARTER_ROUNDING | RESIDUAL_LEVEL | RESIDUAL_REGIME_LEVEL,adjacent_cluster_midpoint | base_cluster | base_plus_+11 | base_plus_+13 | base_plus_+3 | base_plus_+5 | base_plus_+8 | base_plus_-11 | base_plus_-13 | base_plus_-3 | base_plus_-5 | base_plus_-8 | nearest_quarter_variant | prior_level_median_residual | prior_regime_level_median_residual,3984.13875,4011.32,27.18125,False,False,MICRO_OFFSET | MID_GAP | ORIGINAL_CLUSTER | QUARTER_ROUNDING | RESIDUAL_LEVEL,adjacent_cluster_midpoint | base_cluster | base_plus_+11 | base_plus_+13 | base_plus_+3 | base_plus_+5 | base_plus_+8 | base_plus_-11 | base_plus_-13 | base_plus_-3 | base_plus_-5 | base_plus_-8 | nearest_quarter_variant | prior_level_median_residual,3969.13875,3978.19,9.05125,False,False,MICRO_OFFSET | MID_GAP | ORIGINAL_CLUSTER | QUARTER_ROUNDING | RESIDUAL_LEVEL,adjacent_cluster_midpoint | base_cluster | base_plus_+11 | base_plus_+13 | base_plus_+3 | base_plus_+5 | base_plus_+8 | base_plus_-11 | base_plus_-13 | base_plus_-3 | base_plus_-5 | base_plus_-8 | nearest_quarter_variant | prior_level_median_residual,3932.25,3947.62,15.37,False,False,MICRO_OFFSET | MID_GAP | ORIGINAL_CLUSTER | QUARTER_ROUNDING | RESIDUAL_LEVEL,adjacent_cluster_midpoint | base_cluster | base_plus_+11 | base_plus_+13 | base_plus_+3 | base_plus_+5 | base_plus_+8 | base_plus_-11 | base_plus_-13 | base_plus_-3 | base_plus_-5 | base_plus_-8 | nearest_quarter_variant | prior_level_median_residual,2025-11-04,2025-11-03,RANGE_NORMAL_60_120,CLOSE_POS_MIDDLE_THIRD,ROWS_STANDARD_9_10,4001.26,PREV_CLOSE_PROXY,,NEUTRAL
True,True,False,True,18.095625,20.315,0.0,25.0,104.0,1.0,3968.95125,3973.68,4.72875,False,True,MICRO_OFFSET | MID_GAP | ORIGINAL_CLUSTER | QUARTER_ROUNDING | RESIDUAL_LEVEL,adjacent_cluster_midpoint | base_cluster | base_plus_+11 | base_plus_+13 | base_plus_+3 | base_plus_+5 | base_plus_+8 | base_plus_-11 | base_plus_-13 | base_plus_-3 | base_plus_-5 | base_plus_-8 | nearest_quarter_variant | prior_level_median_residual,3955.5775,3944.85,10.7275,False,False,MICRO_OFFSET | MID_GAP | ORIGINAL_CLUSTER | QUARTER_ROUNDING | RESIDUAL_LEVEL,adjacent_cluster_midpoint | base_cluster | base_plus_+11 | base_plus_+13 | base_plus_+3 | base_plus_+5 | base_plus_+8 | base_plus_-11 | base_plus_-13 | base_plus_-3 | base_plus_-5 | base_plus_-8 | nearest_quarter_variant | prior_level_median_residual,3942.20375,3916.74,25.46375,False,False,MICRO_OFFSET | MID_GAP | ORIGINAL_CLUSTER | QUARTER_ROUNDING | RESIDUAL_LEVEL,adjacent_cluster_midpoint | base_cluster | base_plus_+11 | base_plus_+13 | base_plus_+3 | base_plus_+5 | base_plus_+8 | base_plus_-11 | base_plus_-13 | base_plus_-3 | base_plus_-5 | base_plus_-8 | nearest_quarter_variant | prior_level_median_residual,3928.83,3888.49,40.34,False,False,MICRO_OFFSET | MID_GAP | ORIGINAL_CLUSTER | QUARTER_ROUNDING | RESIDUAL_LEVEL,adjacent_cluster_midpoint | base_cluster | base_plus_+11 | base_plus_+13 | base_plus_+3 | base_plus_+5 | base_plus_+8 | base_plus_-11 | base_plus_-13 | base_plus_-3 | base_plus_-5 | base_plus_-8 | nearest_quarter_variant | prior_level_median_residual,2025-11-05,2025-11-04,RANGE_NORMAL_60_120,CLOSE_POS_LOWER_THIRD,ROWS_SPARSE_1_8,3931.9,PREV_CLOSE_PROXY,,NEUTRAL
True,True,True,True,11.597083,12.34105,0.0,0.0,188.132434,1.0,4014.80375,4026.17,11.36625,False,False,MICRO_OFFSET | MID_GAP | ORIGINAL_CLUSTER | QUARTER_ROUNDING | RESIDUAL_LEVEL | RESIDUAL_REGIME_LEVEL,adjacent_cluster_midpoint | base_cluster | base_plus_+11 | base_plus_+13 | base_plus_+3 | base_plus_+5 | base_plus_+8 | base_plus_-11 | base_plus_-13 | base_plus_-3 | base_plus_-5 | base_plus_-8 | nearest_quarter_variant | prior_level_median_residual | prior_regime_level_median_residual,3981.969167,3999.38,17.410834,False,False,MICRO_OFFSET | MID_GAP | ORIGINAL_CLUSTER | QUARTER_ROUNDING | RESIDUAL_LEVEL | RESIDUAL_REGIME_LEVEL,adjacent_cluster_midpoint | base_cluster | base_plus_+11 | base_plus_+13 | base_plus_+3 | base_plus_+5 | base_plus_+8 | base_plus_-11 | base_plus_-13 | base_plus_-3 | base_plus_-5 | base_plus_-8 | nearest_quarter_variant | prior_level_median_residual | prior_regime_level_median_residual,3959.502084,3971.33,11.827916,False,False,MICRO_OFFSET | MID_GAP | ORIGINAL_CLUSTER | QUARTER_ROUNDING | RESIDUAL_LEVEL | RESIDUAL_REGIME_LEVEL,adjacent_cluster_midpoint | base_cluster | base_plus_+11 | base_plus_+13 | base_plus_+3 | base_plus_+5 | base_plus_+8 | base_plus_-11 | base_plus_-13 | base_plus_-3 | base_plus_-5 | base_plus_-8 | nearest_quarter_variant | prior_level_median_residual | prior_regime_level_median_residual,3937.3308,3946.09,8.7592,False,False,MICRO_OFFSET | MID_GAP | ORIGINAL_CLUSTER | QUARTER_ROUNDING | RESIDUAL_LEVEL | RESIDUAL_REGIME_LEVEL,adjacent_cluster_midpoint | base_cluster | base_plus_+11 | base_plus_+13 | base_plus_+3 | base_plus_+5 | base_plus_+8 | base_plus_-11 | base_plus_-13 | base_plus_-3 | base_plus_-5 | base_plus_-8 | nearest_quarter_variant | prior_level_median_residual | prior_regime_level_median_residual,2025-11-06,2025-11-05,RANGE_NORMAL_60_120,CLOSE_POS_UPPER_THIRD,ROWS_STANDARD_9_10,3979.04,PREV_CLOSE_PROXY,,NEUTRAL
True,True,False,True,6.23,6.128442,25.0,25.0,104.0,1.0,3982.909982,3994.41,11.500018,False,False,MICRO_OFFSET | MID_GAP | ORIGINAL_CLUSTER | QUARTER_ROUNDING | RESIDUAL_LEVEL,adjacent_cluster_midpoint | base_cluster | base_plus_+11 | base_plus_+13 | base_plus_+3 | base_plus_+5 | base_plus_+8 | base_plus_-11 | base_plus_-13 | base_plus_-3 | base_plus_-5 | base_plus_-8 | nearest_quarter_variant | prior_level_median_residual,3966.45375,3965.9,0.55375,True,True,MICRO_OFFSET | MID_GAP | ORIGINAL_CLUSTER | QUARTER_ROUNDING | RESIDUAL_LEVEL,adjacent_cluster_midpoint | base_cluster | base_plus_+11 | base_plus_+13 | base_plus_+3 | base_plus_+5 | base_plus_+8 | base_plus_-11 | base_plus_-13 | base_plus_-3 | base_plus_-5 | base_plus_-8 | nearest_quarter_variant | prior_level_median_residual,3945.19125,3939.99,5.20125,False,False,MICRO_OFFSET | MID_GAP | ORIGINAL_CLUSTER | QUARTER_ROUNDING | RESIDUAL_LEVEL,adjacent_cluster_midpoint | base_cluster | base_plus_+11 | base_plus_+13 | base_plus_+3 | base_plus_+5 | base_plus_+8 | base_plus_-11 | base_plus_-13 | base_plus_-3 | base_plus_-5 | base_plus_-8 | nearest_quarter_variant | prior_level_median_residual,3923.92875,3916.67,7.25875,False,False,MICRO_OFFSET | MID_GAP | ORIGINAL_CLUSTER | QUARTER_ROUNDING | RESIDUAL_LEVEL,adjacent_cluster_midpoint | base_cluster | base_plus_+11 | base_plus_+13 | base_plus_+3 | base_plus_+5 | base_plus_+8 | base_plus_-11 | base_plus_-13 | base_plus_-3 | base_plus_-5 | base_plus_-8 | nearest_quarter_variant | prior_level_median_residual,2025-11-07,2025-11-06,RANGE_COMPRESSED_0_60,CLOSE_POS_LOWER_THIRD,ROWS_SPARSE_1_8,3976.93,PREV_CLOSE_PROXY,,NEUTRAL
True,True,False,False,10.235468,12.140367,0.0,0.0,156.918768,1.0,3997.752596,4017.8,20.047405,False,False,MICRO_OFFSET | MID_GAP | ORIGINAL_CLUSTER | QUARTER_ROUNDING | RESIDUAL_LEVEL,adjacent_cluster_midpoint | base_cluster | base_plus_+11 | base_plus_+13 | base_plus_+3 | base_plus_+5 | base_plus_+8 | base_plus_-11 | base_plus_-13 | base_plus_-3 | base_plus_-5 | base_plus_-8 | nearest_quarter_variant | prior_level_median_residual,3981.000313,3992.42,11.419687,False,False,MICRO_OFFSET | MID_GAP | ORIGINAL_CLUSTER | QUARTER_ROUNDING | RESIDUAL_LEVEL,adjacent_cluster_midpoint | base_cluster | base_plus_+11 | base_plus_+13 | base_plus_+3 | base_plus_+5 | base_plus_+8 | base_plus_-11 | base_plus_-13 | base_plus_-3 | base_plus_-5 | base_plus_-8 | nearest_quarter_variant | prior_level_median_residual,3960.096875,3968.14,8.043125,False,False,MICRO_OFFSET | MID_GAP | ORIGINAL_CLUSTER | QUARTER_ROUNDING | RESIDUAL_LEVEL,adjacent_cluster_midpoint | base_cluster | base_plus_+11 | base_plus_+13 | base_plus_+3 | base_plus_+5 | base_plus_+8 | base_plus_-11 | base_plus_-13 | base_plus_-3 | base_plus_-5 | base_plus_-8 | nearest_quarter_variant | prior_level_median_residual,3934.16875,3943.22,9.05125,False,False,MICRO_OFFSET | MID_GAP | ORIGINAL_CLUSTER | QUARTER_ROUNDING | RESIDUAL_LEVEL,adjacent_cluster_midpoint | base_cluster | base_plus_+11 | base_plus_+13 | base_plus_+3 | base_plus_+5 | base_plus_+8 | base_plus_-11 | base_plus_-13 | base_plus_-3 | base_plus_-5 | base_plus_-8 | nearest_quarter_variant | prior_level_median_residual,2025-11-10,2025-11-07,RANGE_COMPRESSED_0_60,CLOSE_POS_MIDDLE_THIRD,ROWS_STANDARD_9_10,4000.84,PREV_CLOSE_PROXY,,NEUTRAL
True,True,False,True,40.339285,40.646965,0.0,0.0,267.5786,1.0,4116.6425,4158.14,41.4975,False,False,MICRO_OFFSET | MID_GAP | ORIGINAL_CLUSTER | QUARTER_ROUNDING | RESIDUAL_LEVEL | RESIDUAL_REGIME_LEVEL,adjacent_cluster_midpoint | base_cluster | base_plus_+11 | base_plus_+13 | base_plus_+3 | base_plus_+5 | base_plus_+8 | base_plus_-11 | base_plus_-13 | base_plus_-3 | base_plus_-5 | base_plus_-8 | nearest_quarter_variant | prior_level_median_residual | prior_regime_level_median_residual,4093.0075,4131.74,38.7325,False,False,MICRO_OFFSET | MID_GAP | ORIGINAL_CLUSTER | QUARTER_ROUNDING | RESIDUAL_LEVEL | RESIDUAL_REGIME_LEVEL,adjacent_cluster_midpoint | base_cluster | base_plus_+11 | base_plus_+13 | base_plus_+3 | base_plus_+5 | base_plus_+8 | base_plus_-11 | base_plus_-13 | base_plus_-3 | base_plus_-5 | base_plus_-8 | nearest_quarter_variant | prior_level_median_residual | prior_regime_level_median_residual,4059.98893,4099.17,39.18107,False,False,MICRO_OFFSET | MID_GAP | ORIGINAL_CLUSTER | QUARTER_ROUNDING | RESIDUAL_LEVEL | RESIDUAL_REGIME_LEVEL,adjacent_cluster_midpoint | base_cluster | base_plus_+11 | base_plus_+13 | base_plus_+3 | base_plus_+5 | base_plus_+8 | base_plus_-11 | base_plus_-13 | base_plus_-3 | base_plus_-5 | base_plus_-8 | nearest_quarter_variant | prior_level_median_residual | prior_regime_level_median_residual,4023.83321,4067.01,43.17679,False,False,MICRO_OFFSET | MID_GAP | ORIGINAL_CLUSTER | QUARTER_ROUNDING | RESIDUAL_LEVEL | RESIDUAL_REGIME_LEVEL,adjacent_cluster_midpoint | base_cluster | base_plus_+11 | base_plus_+13 | base_plus_+3 | base_plus_+5 | base_plus_+8 | base_plus_-11 | base_plus_-13 | base_plus_-3 | base_plus_-5 | base_plus_-8 | nearest_quarter_variant | prior_level_median_residual | prior_regime_level_median_residual,2025-11-11,2025-11-10,RANGE_NORMAL_60_120,CLOSE_POS_UPPER_THIRD,ROWS_STANDARD_9_10,4115.78,PREV_CLOSE_PROXY,,NEUTRAL
True,True,False,True,19.984575,20.533225,0.0,0.0,104.0,1.0,4138.78375,4129.0,9.78375,False,False,MICRO_OFFSET | MID_GAP | ORIGINAL_CLUSTER | QUARTER_ROUNDING | RESIDUAL_LEVEL,adjacent_cluster_midpoint | base_cluster | base_plus_+11 | base_plus_+13 | base_plus_+3 | base_plus_+5 | base_plus_+8 | base_plus_-11 | base_plus_-13 | base_plus_-3 | base_plus_-5 | base_plus_-8 | nearest_quarter_variant | prior_level_median_residual,4114.426649,4097.81,16.616649,False,False,MICRO_OFFSET | MID_GAP | ORIGINAL_CLUSTER | QUARTER_ROUNDING | RESIDUAL_LEVEL,adjacent_cluster_midpoint | base_cluster | base_plus_+11 | base_plus_+13 | base_plus_+3 | base_plus_+5 | base_plus_+8 | base_plus_-11 | base_plus_-13 | base_plus_-3 | base_plus_-5 | base_plus_-8 | nearest_quarter_variant | prior_level_median_residual,4087.6025,4064.25,23.3525,False,False,MICRO_OFFSET | MID_GAP | ORIGINAL_CLUSTER | QUARTER_ROUNDING | RESIDUAL_LEVEL,adjacent_cluster_midpoint | base_cluster | base_plus_+11 | base_plus_+13 | base_plus_+3 | base_plus_+5 | base_plus_+8 | base_plus_-11 | base_plus_-13 | base_plus_-3 | base_plus_-5 | base_plus_-8 | nearest_quarter_variant | prior_level_median_residual,4067.13,4034.75,32.38,False,False,MICRO_OFFSET | MID_GAP | ORIGINAL_CLUSTER | QUARTER_ROUNDING | RESIDUAL_LEVEL,adjacent_cluster_midpoint | base_cluster | base_plus_+11 | base_plus_+13 | base_plus_+3 | base_plus_+5 | base_plus_+8 | base_plus_-11 | base_plus_-13 | base_plus_-3 | base_plus_-5 | base_plus_-8 | nearest_quarter_variant | prior_level_median_residual,2025-11-12,2025-11-11,RANGE_COMPRESSED_0_60,CLOSE_POS_MIDDLE_THIRD,ROWS_SPARSE_1_8,4126.6,PREV_CLOSE_PROXY,,NEUTRAL
True,True,True,True,8.08878,8.31125,0.0,0.0,342.81024,1.0,4221.5725,4233.19,11.6175,False,False,MICRO_OFFSET | MID_GAP | ORIGINAL_CLUSTER | QUARTER_ROUNDING | RESIDUAL_LEVEL | RESIDUAL_REGIME_LEVEL,adjacent_cluster_midpoint | base_cluster | base_plus_+11 | base_plus_+13 | base_plus_+3 | base_plus_+5 | base_plus_+8 | base_plus_-11 | base_plus_-13 | base_plus_-3 | base_plus_-5 | base_plus_-8 | nearest_quarter_variant | prior_level_median_residual | prior_regime_level_median_residual,4196.2775,4204.6,8.3225,False,False,MICRO_OFFSET | MID_GAP | ORIGINAL_CLUSTER | QUARTER_ROUNDING | RESIDUAL_LEVEL | RESIDUAL_REGIME_LEVEL,adjacent_cluster_midpoint | base_cluster | base_plus_+11 | base_plus_+13 | base_plus_+3 | base_plus_+5 | base_plus_+8 | base_plus_-11 | base_plus_-13 | base_plus_-3 | base_plus_-5 | base_plus_-8 | nearest_quarter_variant | prior_level_median_residual | prior_regime_level_median_residual,4167.95494,4175.81,7.85506,False,False,MICRO_OFFSET | MID_GAP | ORIGINAL_CLUSTER | QUARTER_ROUNDING | RESIDUAL_LEVEL | RESIDUAL_REGIME_LEVEL,adjacent_cluster_midpoint | base_cluster | base_plus_+11 | base_plus_+13 | base_plus_+3 | base_plus_+5 | base_plus_+8 | base_plus_-11 | base_plus_-13 | base_plus_-3 | base_plus_-5 | base_plus_-8 | nearest_quarter_variant | prior_level_median_residual | prior_regime_level_median_residual,4140.83006,4146.28,5.44994,False,False,MICRO_OFFSET | MID_GAP | ORIGINAL_CLUSTER | QUARTER_ROUNDING | RESIDUAL_LEVEL | RESIDUAL_REGIME_LEVEL,adjacent_cluster_midpoint | base_cluster | base_plus_+11 | base_plus_+13 | base_plus_+3 | base_plus_+5 | base_plus_+8 | base_plus_-11 | base_plus_-13 | base_plus_-3 | base_plus_-5 | base_plus_-8 | nearest_quarter_variant | prior_level_median_residual | prior_regime_level_median_residual,2025-11-13,2025-11-12,RANGE_NORMAL_60_120,CLOSE_POS_UPPER_THIRD,ROWS_STANDARD_9_10,4195.32,PREV_CLOSE_PROXY,,NEUTRAL
True,True,False,False,36.37,36.135008,0.0,0.0,104.0,1.0,4307.45,4270.12,37.33,False,False,MICRO_OFFSET | MID_GAP | ORIGINAL_CLUSTER | QUARTER_ROUNDING | RESIDUAL_LEVEL,adjacent_cluster_midpoint | base_cluster | base_plus_+11 | base_plus_+13 | base_plus_+3 | base_plus_+5 | base_plus_+8 | base_plus_-11 | base_plus_-13 | base_plus_-3 | base_plus_-5 | base_plus_-8 | nearest_quarter_variant | prior_level_median_residual,4275.05,4239.31,35.74,False,False,MICRO_OFFSET | MID_GAP | ORIGINAL_CLUSTER | QUARTER_ROUNDING | RESIDUAL_LEVEL,adjacent_cluster_midpoint | base_cluster | base_plus_+11 | base_plus_+13 | base_plus_+3 | base_plus_+5 | base_plus_+8 | base_plus_-11 | base_plus_-13 | base_plus_-3 | base_plus_-5 | base_plus_-8 | nearest_quarter_variant | prior_level_median_residual,4242.65,4205.65,37.0,False,False,MICRO_OFFSET | MID_GAP | ORIGINAL_CLUSTER | QUARTER_ROUNDING | RESIDUAL_LEVEL,adjacent_cluster_midpoint | base_cluster | base_plus_+11 | base_plus_+13 | base_plus_+3 | base_plus_+5 | base_plus_+8 | base_plus_-11 | base_plus_-13 | base_plus_-3 | base_plus_-5 | base_plus_-8 | nearest_quarter_variant | prior_level_median_residual,4211.850033,4177.38,34.470033,False,False,MICRO_OFFSET | MID_GAP | ORIGINAL_CLUSTER | QUARTER_ROUNDING | RESIDUAL_LEVEL,adjacent_cluster_midpoint | base_cluster | base_plus_+11 | base_plus_+13 | base_plus_+3 | base_plus_+5 | base_plus_+8 | base_plus_-11 | base_plus_-13 | base_plus_-3 | base_plus_-5 | base_plus_-8 | nearest_quarter_variant | prior_level_median_residual,2025-11-14,2025-11-13,RANGE_NORMAL_60_120,CLOSE_POS_LOWER_THIRD,ROWS_EXTENDED_11_PLUS,4171.26,PREV_CLOSE_PROXY,,NEUTRAL
True,True,False,False,107.04857,110.474285,0.0,0.0,104.0,1.0,4241.27,4111.02,130.25,False,False,MICRO_OFFSET | MID_GAP | ORIGINAL_CLUSTER | QUARTER_ROUNDING | RESIDUAL_LEVEL,adjacent_cluster_midpoint | base_cluster | base_plus_+11 | base_plus_+13 | base_plus_+3 | base_plus_+5 | base_plus_+8 | base_plus_-11 | base_plus_-13 | base_plus_-3 | base_plus_-5 | base_plus_-8 | nearest_quarter_variant | prior_level_median_residual,4188.8975,4076.11,112.7875,False,False,MICRO_OFFSET | MID_GAP | ORIGINAL_CLUSTER | QUARTER_ROUNDING | RESIDUAL_LEVEL,adjacent_cluster_midpoint | base_cluster | base_plus_+11 | base_plus_+13 | base_plus_+3 | base_plus_+5 | base_plus_+8 | base_plus_-11 | base_plus_-13 | base_plus_-3 | base_plus_-5 | base_plus_-8 | nearest_quarter_variant | prior_level_median_residual,4142.89964,4041.59,101.30964,False,False,MICRO_OFFSET | MID_GAP | ORIGINAL_CLUSTER | QUARTER_ROUNDING | RESIDUAL_LEVEL,adjacent_cluster_midpoint | base_cluster | base_plus_+11 | base_plus_+13 | base_plus_+3 | base_plus_+5 | base_plus_+8 | base_plus_-11 | base_plus_-13 | base_plus_-3 | base_plus_-5 | base_plus_-8 | nearest_quarter_variant | prior_level_median_residual,4106.78,4009.23,97.55,False,False,MICRO_OFFSET | MID_GAP | ORIGINAL_CLUSTER | QUARTER_ROUNDING | RESIDUAL_LEVEL,adjacent_cluster_midpoint | base_cluster | base_plus_+11 | base_plus_+13 | base_plus_+3 | base_plus_+5 | base_plus_+8 | base_plus_-11 | base_plus_-13 | base_plus_-3 | base_plus_-5 | base_plus_-8 | nearest_quarter_variant | prior_level_median_residual,2025-11-17,2025-11-14,RANGE_WIDE_120_220,CLOSE_POS_LOWER_THIRD,ROWS_STANDARD_9_10,4085.1,PREV_CLOSE_PROXY,,NEUTRAL
True,True,True,True,7.524688,8.670625,25.0,50.0,168.8075,1.25,4104.2725,4104.67,0.3975,True,True,MICRO_OFFSET | MID_GAP | ORIGINAL_CLUSTER | QUARTER_ROUNDING | RESIDUAL_LEVEL | RESIDUAL_REGIME_LEVEL,adjacent_cluster_midpoint | base_cluster | base_plus_+11 | base_plus_+13 | base_plus_+3 | base_plus_+5 | base_plus_+8 | base_plus_-11 | base_plus_-13 | base_plus_-3 | base_plus_-5 | base_plus_-8 | nearest_quarter_variant | prior_level_median_residual | prior_regime_level_median_residual,4064.944375,4069.43,4.485625,False,True,MICRO_OFFSET | MID_GAP | ORIGINAL_CLUSTER | QUARTER_ROUNDING | RESIDUAL_LEVEL | RESIDUAL_REGIME_LEVEL,adjacent_cluster_midpoint | base_cluster | base_plus_+11 | base_plus_+13 | base_plus_+3 | base_plus_+5 | base_plus_+8 | base_plus_-11 | base_plus_-13 | base_plus_-3 | base_plus_-5 | base_plus_-8 | nearest_quarter_variant | prior_level_median_residual | prior_regime_level_median_residual,4025.61625,4036.18,10.56375,False,False,MICRO_OFFSET | MID_GAP | ORIGINAL_CLUSTER | QUARTER_ROUNDING | RESIDUAL_LEVEL | RESIDUAL_REGIME_LEVEL,adjacent_cluster_midpoint | base_cluster | base_plus_+11 | base_plus_+13 | base_plus_+3 | base_plus_+5 | base_plus_+8 | base_plus_-11 | base_plus_-13 | base_plus_-3 | base_plus_-5 | base_plus_-8 | nearest_quarter_variant | prior_level_median_residual | prior_regime_level_median_residual,3986.254375,4005.49,19.235625,False,False,MICRO_OFFSET | MID_GAP | ORIGINAL_CLUSTER | QUARTER_ROUNDING | RESIDUAL_LEVEL | RESIDUAL_REGIME_LEVEL,adjacent_cluster_midpoint | base_cluster | base_plus_+11 | base_plus_+13 | base_plus_+3 | base_plus_+5 | base_plus_+8 | base_plus_-11 | base_plus_-13 | base_plus_-3 | base_plus_-5 | base_plus_-8 | nearest_quarter_variant | prior_level_median_residual | prior_regime_level_median_residual,2025-11-18,2025-11-17,RANGE_NORMAL_60_120,CLOSE_POS_MIDDLE_THIRD,ROWS_STANDARD_9_10,4045.52,PREV_CLOSE_PROXY,,NEUTRAL
True,True,True,True,9.97256,11.151875,25.0,25.0,296.44452,1.0,4094.005,4105.38,11.375,False,False,MICRO_OFFSET | MID_GAP | ORIGINAL_CLUSTER | QUARTER_ROUNDING | RESIDUAL_LEVEL | RESIDUAL_REGIME_LEVEL,adjacent_cluster_midpoint | base_cluster | base_plus_+11 | base_plus_+13 | base_plus_+3 | base_plus_+5 | base_plus_+8 | base_plus_-11 | base_plus_-13 | base_plus_-3 | base_plus_-5 | base_plus_-8 | nearest_quarter_variant | prior_level_median_residual | prior_regime_level_median_residual,4073.685,4070.7,2.985,True,True,MICRO_OFFSET | MID_GAP | ORIGINAL_CLUSTER | QUARTER_ROUNDING | RESIDUAL_LEVEL | RESIDUAL_REGIME_LEVEL,adjacent_cluster_midpoint | base_cluster | base_plus_+11 | base_plus_+13 | base_plus_+3 | base_plus_+5 | base_plus_+8 | base_plus_-11 | base_plus_-13 | base_plus_-3 | base_plus_-5 | base_plus_-8 | nearest_quarter_variant | prior_level_median_residual | prior_regime_level_median_residual,4049.20012,4040.63,8.57012,False,False,MICRO_OFFSET | MID_GAP | ORIGINAL_CLUSTER | QUARTER_ROUNDING | RESIDUAL_LEVEL | RESIDUAL_REGIME_LEVEL,adjacent_cluster_midpoint | base_cluster | base_plus_+11 | base_plus_+13 | base_plus_+3 | base_plus_+5 | base_plus_+8 | base_plus_-11 | base_plus_-13 | base_plus_-3 | base_plus_-5 | base_plus_-8 | nearest_quarter_variant | prior_level_median_residual | prior_regime_level_median_residual,4029.98738,4008.31,21.67738,False,False,MICRO_OFFSET | MID_GAP | ORIGINAL_CLUSTER | QUARTER_ROUNDING | RESIDUAL_LEVEL | RESIDUAL_REGIME_LEVEL,adjacent_cluster_midpoint | base_cluster | base_plus_+11 | base_plus_+13 | base_plus_+3 | base_plus_+5 | base_plus_+8 | base_plus_-11 | base_plus_-13 | base_plus_-3 | base_plus_-5 | base_plus_-8 | nearest_quarter_variant | prior_level_median_residual | prior_regime_level_median_residual,2025-11-19,2025-11-18,RANGE_NORMAL_60_120,CLOSE_POS_UPPER_THIRD,ROWS_STANDARD_9_10,4067.3,PREV_CLOSE_PROXY,,NEUTRAL
True,True,False,True,3.3375,3.452495,50.0,50.0,104.0,1.0,4103.33252,4109.29,5.95748,False,False,MICRO_OFFSET | MID_GAP | ORIGINAL_CLUSTER | QUARTER_ROUNDING | RESIDUAL_LEVEL | RESIDUAL_REGIME_LEVEL,adjacent_cluster_midpoint | base_cluster | base_plus_+11 | base_plus_+13 | base_plus_+3 | base_plus_+5 | base_plus_+8 | base_plus_-11 | base_plus_-13 | base_plus_-3 | base_plus_-5 | base_plus_-8 | nearest_quarter_variant | prior_level_median_residual | prior_regime_level_median_residual,4069.0525,4074.15,5.0975,False,False,MICRO_OFFSET | MID_GAP | ORIGINAL_CLUSTER | QUARTER_ROUNDING | RESIDUAL_LEVEL | RESIDUAL_REGIME_LEVEL,adjacent_cluster_midpoint | base_cluster | base_plus_+11 | base_plus_+13 | base_plus_+3 | base_plus_+5 | base_plus_+8 | base_plus_-11 | base_plus_-13 | base_plus_-3 | base_plus_-5 | base_plus_-8 | nearest_quarter_variant | prior_level_median_residual | prior_regime_level_median_residual,4039.0525,4040.63,1.5775,True,True,MICRO_OFFSET | MID_GAP | ORIGINAL_CLUSTER | QUARTER_ROUNDING | RESIDUAL_LEVEL,adjacent_cluster_midpoint | base_cluster | base_plus_+11 | base_plus_+13 | base_plus_+3 | base_plus_+5 | base_plus_+8 | base_plus_-11 | base_plus_-13 | base_plus_-3 | base_plus_-5 | base_plus_-8 | nearest_quarter_variant | prior_level_median_residual,4012.2675,4011.09,1.1775,True,True,MICRO_OFFSET | MID_GAP | ORIGINAL_CLUSTER | QUARTER_ROUNDING | RESIDUAL_LEVEL,adjacent_cluster_midpoint | base_cluster | base_plus_+11 | base_plus_+13 | base_plus_+3 | base_plus_+5 | base_plus_+8 | base_plus_-11 | base_plus_-13 | base_plus_-3 | base_plus_-5 | base_plus_-8 | nearest_quarter_variant | prior_level_median_residual,2025-11-20,2025-11-19,RANGE_NORMAL_60_120,CLOSE_POS_LOWER_THIRD,ROWS_SPARSE_1_8,4077.81,PREV_CLOSE_PROXY,,NEUTRAL
True,True,False,True,9.260625,10.578828,0.0,25.0,244.810625,1.0,4096.0725,4109.29,13.2175,False,False,MICRO_OFFSET | MID_GAP | ORIGINAL_CLUSTER | QUARTER_ROUNDING | RESIDUAL_LEVEL | RESIDUAL_REGIME_LEVEL,adjacent_cluster_midpoint | base_cluster | base_plus_+11 | base_plus_+13 | base_plus_+3 | base_plus_+5 | base_plus_+8 | base_plus_-11 | base_plus_-13 | base_plus_-3 | base_plus_-5 | base_plus_-8 | nearest_quarter_variant | prior_level_median_residual | prior_regime_level_median_residual,4070.62625,4075.93,5.30375,False,False,MICRO_OFFSET | MID_GAP | ORIGINAL_CLUSTER | QUARTER_ROUNDING | RESIDUAL_LEVEL | RESIDUAL_REGIME_LEVEL,adjacent_cluster_midpoint | base_cluster | base_plus_+11 | base_plus_+13 | base_plus_+3 | base_plus_+5 | base_plus_+8 | base_plus_-11 | base_plus_-13 | base_plus_-3 | base_plus_-5 | base_plus_-8 | nearest_quarter_variant | prior_level_median_residual | prior_regime_level_median_residual,4047.42,4043.38,4.04,False,True,MICRO_OFFSET | MID_GAP | ORIGINAL_CLUSTER | QUARTER_ROUNDING | RESIDUAL_LEVEL | RESIDUAL_REGIME_LEVEL,adjacent_cluster_midpoint | base_cluster | base_plus_+11 | base_plus_+13 | base_plus_+3 | base_plus_+5 | base_plus_+8 | base_plus_-11 | base_plus_-13 | base_plus_-3 | base_plus_-5 | base_plus_-8 | nearest_quarter_variant | prior_level_median_residual | prior_regime_level_median_residual,4028.384062,4008.63,19.754062,False,False,MICRO_OFFSET | MID_GAP | ORIGINAL_CLUSTER | QUARTER_ROUNDING | RESIDUAL_LEVEL | RESIDUAL_REGIME_LEVEL,adjacent_cluster_midpoint | base_cluster | base_plus_+11 | base_plus_+13 | base_plus_+3 | base_plus_+5 | base_plus_+8 | base_plus_-11 | base_plus_-13 | base_plus_-3 | base_plus_-5 | base_plus_-8 | nearest_quarter_variant | prior_level_median_residual | prior_regime_level_median_residual,2025-11-21,2025-11-20,RANGE_NORMAL_60_120,CLOSE_POS_MIDDLE_THIRD,ROWS_STANDARD_9_10,4077.2,PREV_CLOSE_PROXY,,NEUTRAL
True,True,False,True,18.959688,17.031719,25.0,25.0,249.14625,1.0,4083.844375,4112.0,28.155625,False,False,MICRO_OFFSET | MID_GAP | ORIGINAL_CLUSTER | QUARTER_ROUNDING | RESIDUAL_LEVEL | RESIDUAL_REGIME_LEVEL,adjacent_cluster_midpoint | base_cluster | base_plus_+11 | base_plus_+13 | base_plus_+3 | base_plus_+5 | base_plus_+8 | base_plus_-11 | base_plus_-13 | base_plus_-3 | base_plus_-5 | base_plus_-8 | nearest_quarter_variant | prior_level_median_residual | prior_regime_level_median_residual,4056.133125,4079.5,23.366875,False,False,MICRO_OFFSET | MID_GAP | ORIGINAL_CLUSTER | QUARTER_ROUNDING | RESIDUAL_LEVEL | RESIDUAL_REGIME_LEVEL,adjacent_cluster_midpoint | base_cluster | base_plus_+11 | base_plus_+13 | base_plus_+3 | base_plus_+5 | base_plus_+8 | base_plus_-11 | base_plus_-13 | base_plus_-3 | base_plus_-5 | base_plus_-8 | nearest_quarter_variant | prior_level_median_residual | prior_regime_level_median_residual,4032.4475,4047.0,14.5525,False,False,MICRO_OFFSET | MID_GAP | ORIGINAL_CLUSTER | QUARTER_ROUNDING | RESIDUAL_LEVEL | RESIDUAL_REGIME_LEVEL,adjacent_cluster_midpoint | base_cluster | base_plus_+11 | base_plus_+13 | base_plus_+3 | base_plus_+5 | base_plus_+8 | base_plus_-11 | base_plus_-13 | base_plus_-3 | base_plus_-5 | base_plus_-8 | nearest_quarter_variant | prior_level_median_residual | prior_regime_level_median_residual,4012.511875,4010.46,2.051875,True,True,MICRO_OFFSET | MID_GAP | ORIGINAL_CLUSTER | QUARTER_ROUNDING | RESIDUAL_LEVEL | RESIDUAL_REGIME_LEVEL,adjacent_cluster_midpoint | base_cluster | base_plus_+11 | base_plus_+13 | base_plus_+3 | base_plus_+5 | base_plus_+8 | base_plus_-11 | base_plus_-13 | base_plus_-3 | base_plus_-5 | base_plus_-8 | nearest_quarter_variant | prior_level_median_residual | prior_regime_level_median_residual,2025-11-24,2025-11-21,RANGE_NORMAL_60_120,CLOSE_POS_MIDDLE_THIRD,ROWS_STANDARD_9_10,4065.26,PREV_CLOSE_PROXY,,NEUTRAL
True,True,False,True,17.828554,18.62849,0.0,0.0,302.174483,1.0,4150.506875,4143.47,7.036875,False,False,MICRO_OFFSET | MID_GAP | ORIGINAL_CLUSTER | QUARTER_ROUNDING | RESIDUAL_LEVEL | RESIDUAL_REGIME_LEVEL,adjacent_cluster_midpoint | base_cluster | base_plus_+11 | base_plus_+13 | base_plus_+3 | base_plus_+5 | base_plus_+8 | base_plus_-11 | base_plus_-13 | base_plus_-3 | base_plus_-5 | base_plus_-8 | nearest_quarter_variant | prior_level_median_residual | prior_regime_level_median_residual,4121.172083,4108.27,12.902083,False,False,MICRO_OFFSET | MID_GAP | ORIGINAL_CLUSTER | QUARTER_ROUNDING | RESIDUAL_LEVEL | RESIDUAL_REGIME_LEVEL,adjacent_cluster_midpoint | base_cluster | base_plus_+11 | base_plus_+13 | base_plus_+3 | base_plus_+5 | base_plus_+8 | base_plus_-11 | base_plus_-13 | base_plus_-3 | base_plus_-5 | base_plus_-8 | nearest_quarter_variant | prior_level_median_residual | prior_regime_level_median_residual,4100.965025,4078.21,22.755025,False,False,MICRO_OFFSET | MID_GAP | ORIGINAL_CLUSTER | QUARTER_ROUNDING | RESIDUAL_LEVEL | RESIDUAL_REGIME_LEVEL,adjacent_cluster_midpoint | base_cluster | base_plus_+11 | base_plus_+13 | base_plus_+3 | base_plus_+5 | base_plus_+8 | base_plus_-11 | base_plus_-13 | base_plus_-3 | base_plus_-5 | base_plus_-8 | nearest_quarter_variant | prior_level_median_residual | prior_regime_level_median_residual,4077.229975,4045.41,31.819975,False,False,MICRO_OFFSET | MID_GAP | ORIGINAL_CLUSTER | QUARTER_ROUNDING | RESIDUAL_LEVEL | RESIDUAL_REGIME_LEVEL,adjacent_cluster_midpoint | base_cluster | base_plus_+11 | base_plus_+13 | base_plus_+3 | base_plus_+5 | base_plus_+8 | base_plus_-11 | base_plus_-13 | base_plus_-3 | base_plus_-5 | base_plus_-8 | nearest_quarter_variant | prior_level_median_residual | prior_regime_level_median_residual,2025-11-25,2025-11-24,RANGE_NORMAL_60_120,CLOSE_POS_UPPER_THIRD,ROWS_STANDARD_9_10,4134.62,PREV_CLOSE_PROXY,,NEUTRAL
True,True,False,True,16.091675,16.428155,25.0,25.0,105.491458,1.0,4150.110729,4181.28,31.169271,False,False,MICRO_OFFSET | MID_GAP | ORIGINAL_CLUSTER | QUARTER_ROUNDING | RESIDUAL_LEVEL | RESIDUAL_REGIME_LEVEL,adjacent_cluster_midpoint | base_cluster | base_plus_+11 | base_plus_+13 | base_plus_+3 | base_plus_+5 | base_plus_+8 | base_plus_-11 | base_plus_-13 | base_plus_-3 | base_plus_-5 | base_plus_-8 | nearest_quarter_variant | prior_level_median_residual | prior_regime_level_median_residual,4126.22665,4146.58,20.35335,False,False,MICRO_OFFSET | MID_GAP | ORIGINAL_CLUSTER | QUARTER_ROUNDING | RESIDUAL_LEVEL | RESIDUAL_REGIME_LEVEL,adjacent_cluster_midpoint | base_cluster | base_plus_+11 | base_plus_+13 | base_plus_+3 | base_plus_+5 | base_plus_+8 | base_plus_-11 | base_plus_-13 | base_plus_-3 | base_plus_-5 | base_plus_-8 | nearest_quarter_variant | prior_level_median_residual | prior_regime_level_median_residual,4099.59,4111.42,11.83,False,False,MICRO_OFFSET | MID_GAP | ORIGINAL_CLUSTER | QUARTER_ROUNDING | RESIDUAL_LEVEL | RESIDUAL_REGIME_LEVEL,adjacent_cluster_midpoint | base_cluster | base_plus_+11 | base_plus_+13 | base_plus_+3 | base_plus_+5 | base_plus_+8 | base_plus_-11 | base_plus_-13 | base_plus_-3 | base_plus_-5 | base_plus_-8 | nearest_quarter_variant | prior_level_median_residual | prior_regime_level_median_residual,4079.68,4082.04,2.36,True,True,MICRO_OFFSET | MID_GAP | ORIGINAL_CLUSTER | QUARTER_ROUNDING | RESIDUAL_LEVEL | RESIDUAL_REGIME_LEVEL,adjacent_cluster_midpoint | base_cluster | base_plus_+11 | base_plus_+13 | base_plus_+3 | base_plus_+5 | base_plus_+8 | base_plus_-11 | base_plus_-13 | base_plus_-3 | base_plus_-5 | base_plus_-8 | nearest_quarter_variant | prior_level_median_residual | prior_regime_level_median_residual,2025-11-26,2025-11-25,RANGE_COMPRESSED_0_60,CLOSE_POS_MIDDLE_THIRD,ROWS_STANDARD_9_10,4130.64,PREV_CLOSE_PROXY,,NEUTRAL
True,True,False,False,12.822604,13.874896,0.0,25.0,104.0,1.0,4156.552292,4172.25,15.697708,False,False,MICRO_OFFSET | MID_GAP | ORIGINAL_CLUSTER | QUARTER_ROUNDING | RESIDUAL_LEVEL,adjacent_cluster_midpoint | base_cluster | base_plus_+11 | base_plus_+13 | base_plus_+3 | base_plus_+5 | base_plus_+8 | base_plus_-11 | base_plus_-13 | base_plus_-3 | base_plus_-5 | base_plus_-8 | nearest_quarter_variant | prior_level_median_residual,4139.885625,4143.1,3.214375,False,True,MICRO_OFFSET | MID_GAP | ORIGINAL_CLUSTER | QUARTER_ROUNDING | RESIDUAL_LEVEL,adjacent_cluster_midpoint | base_cluster | base_plus_+11 | base_plus_+13 | base_plus_+3 | base_plus_+5 | base_plus_+8 | base_plus_-11 | base_plus_-13 | base_plus_-3 | base_plus_-5 | base_plus_-8 | nearest_quarter_variant | prior_level_median_residual,4118.2375,4108.29,9.9475,False,False,MICRO_OFFSET | MID_GAP | ORIGINAL_CLUSTER | QUARTER_ROUNDING | RESIDUAL_LEVEL,adjacent_cluster_midpoint | base_cluster | base_plus_+11 | base_plus_+13 | base_plus_+3 | base_plus_+5 | base_plus_+8 | base_plus_-11 | base_plus_-13 | base_plus_-3 | base_plus_-5 | base_plus_-8 | nearest_quarter_variant | prior_level_median_residual,4099.83,4073.19,26.64,False,False,MICRO_OFFSET | MID_GAP | ORIGINAL_CLUSTER | QUARTER_ROUNDING | RESIDUAL_LEVEL,adjacent_cluster_midpoint | base_cluster | base_plus_+11 | base_plus_+13 | base_plus_+3 | base_plus_+5 | base_plus_+8 | base_plus_-11 | base_plus_-13 | base_plus_-3 | base_plus_-5 | base_plus_-8 | nearest_quarter_variant | prior_level_median_residual,2025-11-27,2025-11-26,RANGE_COMPRESSED_0_60,CLOSE_POS_UPPER_THIRD,ROWS_STANDARD_9_10,4163.7,PREV_CLOSE_PROXY,,NEUTRAL
True,True,False,True,20.766664,20.912889,0.0,0.0,162.3348,1.0,4177.498229,4169.5,7.998229,False,False,MICRO_OFFSET | MID_GAP | ORIGINAL_CLUSTER | QUARTER_ROUNDING | RESIDUAL_LEVEL | RESIDUAL_REGIME_LEVEL,adjacent_cluster_midpoint | base_cluster | base_plus_+11 | base_plus_+13 | base_plus_+3 | base_plus_+5 | base_plus_+8 | base_plus_-11 | base_plus_-13 | base_plus_-3 | base_plus_-5 | base_plus_-8 | nearest_quarter_variant | prior_level_median_residual | prior_regime_level_median_residual,4156.815829,4139.9,16.915829,False,False,MICRO_OFFSET | MID_GAP | ORIGINAL_CLUSTER | QUARTER_ROUNDING | RESIDUAL_LEVEL | RESIDUAL_REGIME_LEVEL,adjacent_cluster_midpoint | base_cluster | base_plus_+11 | base_plus_+13 | base_plus_+3 | base_plus_+5 | base_plus_+8 | base_plus_-11 | base_plus_-13 | base_plus_-3 | base_plus_-5 | base_plus_-8 | nearest_quarter_variant | prior_level_median_residual | prior_regime_level_median_residual,4134.7075,4110.09,24.6175,False,False,MICRO_OFFSET | MID_GAP | ORIGINAL_CLUSTER | QUARTER_ROUNDING | RESIDUAL_LEVEL | RESIDUAL_REGIME_LEVEL,adjacent_cluster_midpoint | base_cluster | base_plus_+11 | base_plus_+13 | base_plus_+3 | base_plus_+5 | base_plus_+8 | base_plus_-11 | base_plus_-13 | base_plus_-3 | base_plus_-5 | base_plus_-8 | nearest_quarter_variant | prior_level_median_residual | prior_regime_level_median_residual,4112.7,4078.58,34.12,False,False,MICRO_OFFSET | MID_GAP | ORIGINAL_CLUSTER | QUARTER_ROUNDING | RESIDUAL_LEVEL | RESIDUAL_REGIME_LEVEL,adjacent_cluster_midpoint | base_cluster | base_plus_+11 | base_plus_+13 | base_plus_+3 | base_plus_+5 | base_plus_+8 | base_plus_-11 | base_plus_-13 | base_plus_-3 | base_plus_-5 | base_plus_-8 | nearest_quarter_variant | prior_level_median_residual | prior_regime_level_median_residual,2025-11-28,2025-11-27,RANGE_COMPRESSED_0_60,CLOSE_POS_MIDDLE_THIRD,ROWS_STANDARD_9_10,4157.37,PREV_CLOSE_PROXY,,NEUTRAL
True,True,False,True,5.918958,5.684792,25.0,25.0,246.686667,1.0,4232.8175,4237.83,5.0125,False,False,MICRO_OFFSET | MID_GAP | ORIGINAL_CLUSTER | QUARTER_ROUNDING | RESIDUAL_LEVEL | RESIDUAL_REGIME_LEVEL,adjacent_cluster_midpoint | base_cluster | base_plus_+11 | base_plus_+13 | base_plus_+3 | base_plus_+5 | base_plus_+8 | base_plus_-11 | base_plus_-13 | base_plus_-3 | base_plus_-5 | base_plus_-8 | nearest_quarter_variant | prior_level_median_residual | prior_regime_level_median_residual,4216.005417,4209.18,6.825416,False,False,MICRO_OFFSET | MID_GAP | ORIGINAL_CLUSTER | QUARTER_ROUNDING | RESIDUAL_LEVEL | RESIDUAL_REGIME_LEVEL,adjacent_cluster_midpoint | base_cluster | base_plus_+11 | base_plus_+13 | base_plus_+3 | base_plus_+5 | base_plus_+8 | base_plus_-11 | base_plus_-13 | base_plus_-3 | base_plus_-5 | base_plus_-8 | nearest_quarter_variant | prior_level_median_residual | prior_regime_level_median_residual,4198.07125,4188.77,9.30125,False,False,MICRO_OFFSET | MID_GAP | ORIGINAL_CLUSTER | QUARTER_ROUNDING | RESIDUAL_LEVEL | RESIDUAL_REGIME_LEVEL,adjacent_cluster_midpoint | base_cluster | base_plus_+11 | base_plus_+13 | base_plus_+3 | base_plus_+5 | base_plus_+8 | base_plus_-11 | base_plus_-13 | base_plus_-3 | base_plus_-5 | base_plus_-8 | nearest_quarter_variant | prior_level_median_residual | prior_regime_level_median_residual,4166.04,4164.44,1.6,True,True,MICRO_OFFSET | MID_GAP | ORIGINAL_CLUSTER | QUARTER_ROUNDING | RESIDUAL_LEVEL | RESIDUAL_REGIME_LEVEL,adjacent_cluster_midpoint | base_cluster | base_plus_+11 | base_plus_+13 | base_plus_+3 | base_plus_+5 | base_plus_+8 | base_plus_-11 | base_plus_-13 | base_plus_-3 | base_plus_-5 | base_plus_-8 | nearest_quarter_variant | prior_level_median_residual | prior_regime_level_median_residual,2025-12-01,2025-11-28,RANGE_NORMAL_60_120,CLOSE_POS_UPPER_THIRD,ROWS_STANDARD_9_10,4219.51,PREV_CLOSE_PROXY,,NEUTRAL
True,True,False,True,12.12808,12.59154,25.0,25.0,104.0,1.0,4241.97616,4229.6,12.37616,False,False,MICRO_OFFSET | MID_GAP | ORIGINAL_CLUSTER | QUARTER_ROUNDING | RESIDUAL_LEVEL | RESIDUAL_REGIME_LEVEL,adjacent_cluster_midpoint | base_cluster | base_plus_+11 | base_plus_+13 | base_plus_+3 | base_plus_+5 | base_plus_+8 | base_plus_-11 | base_plus_-13 | base_plus_-3 | base_plus_-5 | base_plus_-8 | nearest_quarter_variant | prior_level_median_residual | prior_regime_level_median_residual,4208.86,4209.81,0.95,True,True,MICRO_OFFSET | MID_GAP | ORIGINAL_CLUSTER | QUARTER_ROUNDING | RESIDUAL_LEVEL,adjacent_cluster_midpoint | base_cluster | base_plus_+11 | base_plus_+13 | base_plus_+3 | base_plus_+5 | base_plus_+8 | base_plus_-11 | base_plus_-13 | base_plus_-3 | base_plus_-5 | base_plus_-8 | nearest_quarter_variant | prior_level_median_residual,4175.44,4187.32,11.88,False,False,MICRO_OFFSET | MID_GAP | ORIGINAL_CLUSTER | QUARTER_ROUNDING | RESIDUAL_LEVEL,adjacent_cluster_midpoint | base_cluster | base_plus_+11 | base_plus_+13 | base_plus_+3 | base_plus_+5 | base_plus_+8 | base_plus_-11 | base_plus_-13 | base_plus_-3 | base_plus_-5 | base_plus_-8 | nearest_quarter_variant | prior_level_median_residual,4142.02,4167.18,25.16,False,False,MICRO_OFFSET | MID_GAP | ORIGINAL_CLUSTER | QUARTER_ROUNDING | RESIDUAL_LEVEL,adjacent_cluster_midpoint | base_cluster | base_plus_+11 | base_plus_+13 | base_plus_+3 | base_plus_+5 | base_plus_+8 | base_plus_-11 | base_plus_-13 | base_plus_-3 | base_plus_-5 | base_plus_-8 | nearest_quarter_variant | prior_level_median_residual,2025-12-02,2025-12-01,RANGE_COMPRESSED_0_60,CLOSE_POS_MIDDLE_THIRD,ROWS_SPARSE_1_8,4232.12,PREV_CLOSE_PROXY,,NEUTRAL
True,True,True,True,11.214792,11.653021,0.0,25.0,232.854166,1.0,4229.4125,4233.23,3.8175,False,True,MICRO_OFFSET | MID_GAP | ORIGINAL_CLUSTER | QUARTER_ROUNDING | RESIDUAL_LEVEL | RESIDUAL_REGIME_LEVEL,adjacent_cluster_midpoint | base_cluster | base_plus_+11 | base_plus_+13 | base_plus_+3 | base_plus_+5 | base_plus_+8 | base_plus_-11 | base_plus_-13 | base_plus_-3 | base_plus_-5 | base_plus_-8 | nearest_quarter_variant | prior_level_median_residual | prior_regime_level_median_residual,4208.007917,4213.24,5.232083,False,False,MICRO_OFFSET | MID_GAP | ORIGINAL_CLUSTER | QUARTER_ROUNDING | RESIDUAL_LEVEL | RESIDUAL_REGIME_LEVEL,adjacent_cluster_midpoint | base_cluster | base_plus_+11 | base_plus_+13 | base_plus_+3 | base_plus_+5 | base_plus_+8 | base_plus_-11 | base_plus_-13 | base_plus_-3 | base_plus_-5 | base_plus_-8 | nearest_quarter_variant | prior_level_median_residual | prior_regime_level_median_residual,4172.335,4192.7,20.365,False,False,MICRO_OFFSET | MID_GAP | ORIGINAL_CLUSTER | QUARTER_ROUNDING | RESIDUAL_LEVEL | RESIDUAL_REGIME_LEVEL,adjacent_cluster_midpoint | base_cluster | base_plus_+11 | base_plus_+13 | base_plus_+3 | base_plus_+5 | base_plus_+8 | base_plus_-11 | base_plus_-13 | base_plus_-3 | base_plus_-5 | base_plus_-8 | nearest_quarter_variant | prior_level_median_residual | prior_regime_level_median_residual,4152.8125,4170.01,17.1975,False,False,MICRO_OFFSET | MID_GAP | ORIGINAL_CLUSTER | QUARTER_ROUNDING | RESIDUAL_LEVEL | RESIDUAL_REGIME_LEVEL,adjacent_cluster_midpoint | base_cluster | base_plus_+11 | base_plus_+13 | base_plus_+3 | base_plus_+5 | base_plus_+8 | base_plus_-11 | base_plus_-13 | base_plus_-3 | base_plus_-5 | base_plus_-8 | nearest_quarter_variant | prior_level_median_residual | prior_regime_level_median_residual,2025-12-03,2025-12-02,RANGE_NORMAL_60_120,CLOSE_POS_MIDDLE_THIRD,ROWS_STANDARD_9_10,4205.64,PREV_CLOSE_PROXY,,NEUTRAL
True,True,False,True,5.845,7.57625,25.0,25.0,104.0,1.0,4223.465,4205.73,17.735,False,False,MICRO_OFFSET | MID_GAP | ORIGINAL_CLUSTER | QUARTER_ROUNDING | RESIDUAL_LEVEL | RESIDUAL_REGIME_LEVEL,adjacent_cluster_midpoint | base_cluster | base_plus_+11 | base_plus_+13 | base_plus_+3 | base_plus_+5 | base_plus_+8 | base_plus_-11 | base_plus_-13 | base_plus_-3 | base_plus_-5 | base_plus_-8 | nearest_quarter_variant | prior_level_median_residual | prior_regime_level_median_residual,4193.465,4188.05,5.415,False,False,MICRO_OFFSET | MID_GAP | ORIGINAL_CLUSTER | QUARTER_ROUNDING | RESIDUAL_LEVEL | RESIDUAL_REGIME_LEVEL,adjacent_cluster_midpoint | base_cluster | base_plus_+11 | base_plus_+13 | base_plus_+3 | base_plus_+5 | base_plus_+8 | base_plus_-11 | base_plus_-13 | base_plus_-3 | base_plus_-5 | base_plus_-8 | nearest_quarter_variant | prior_level_median_residual | prior_regime_level_median_residual,4174.195,4167.92,6.275,False,False,MICRO_OFFSET | MID_GAP | ORIGINAL_CLUSTER | QUARTER_ROUNDING | RESIDUAL_LEVEL | RESIDUAL_REGIME_LEVEL,adjacent_cluster_midpoint | base_cluster | base_plus_+11 | base_plus_+13 | base_plus_+3 | base_plus_+5 | base_plus_+8 | base_plus_-11 | base_plus_-13 | base_plus_-3 | base_plus_-5 | base_plus_-8 | nearest_quarter_variant | prior_level_median_residual | prior_regime_level_median_residual,4145.29,4144.41,0.88,True,True,MICRO_OFFSET | MID_GAP | ORIGINAL_CLUSTER | QUARTER_ROUNDING | RESIDUAL_LEVEL | RESIDUAL_REGIME_LEVEL,adjacent_cluster_midpoint | base_cluster | base_plus_+11 | base_plus_+13 | base_plus_+3 | base_plus_+5 | base_plus_+8 | base_plus_-11 | base_plus_-13 | base_plus_-3 | base_plus_-5 | base_plus_-8 | nearest_quarter_variant | prior_level_median_residual | prior_regime_level_median_residual,2025-12-04,2025-12-03,RANGE_COMPRESSED_0_60,CLOSE_POS_LOWER_THIRD,ROWS_SPARSE_1_8,4202.98,PREV_CLOSE_PROXY,,NEUTRAL
True,True,False,False,1.909063,1.929791,75.0,100.0,104.0,1.0,4202.011459,4205.56,3.548541,False,True,MICRO_OFFSET | MID_GAP | ORIGINAL_CLUSTER | QUARTER_ROUNDING | RESIDUAL_LEVEL | RESIDUAL_REGIME_LEVEL,adjacent_cluster_midpoint | base_cluster | base_plus_+11 | base_plus_+13 | base_plus_+3 | base_plus_+5 | base_plus_+8 | base_plus_-11 | base_plus_-13 | base_plus_-3 | base_plus_-5 | base_plus_-8 | nearest_quarter_variant | prior_level_median_residual | prior_regime_level_median_residual,4185.268125,4183.25,2.018125,True,True,MICRO_OFFSET | MID_GAP | ORIGINAL_CLUSTER | QUARTER_ROUNDING | RESIDUAL_LEVEL | RESIDUAL_REGIME_LEVEL,adjacent_cluster_midpoint | base_cluster | base_plus_+11 | base_plus_+13 | base_plus_+3 | base_plus_+5 | base_plus_+8 | base_plus_-11 | base_plus_-13 | base_plus_-3 | base_plus_-5 | base_plus_-8 | nearest_quarter_variant | prior_level_median_residual | prior_regime_level_median_residual,4163.6675,4164.02,0.3525,True,True,MICRO_OFFSET | MID_GAP | ORIGINAL_CLUSTER | QUARTER_ROUNDING | RESIDUAL_LEVEL | RESIDUAL_REGIME_LEVEL,adjacent_cluster_midpoint | base_cluster | base_plus_+11 | base_plus_+13 | base_plus_+3 | base_plus_+5 | base_plus_+8 | base_plus_-11 | base_plus_-13 | base_plus_-3 | base_plus_-5 | base_plus_-8 | nearest_quarter_variant | prior_level_median_residual | prior_regime_level_median_residual,4145.07,4143.27,1.8,True,True,MICRO_OFFSET | MID_GAP | ORIGINAL_CLUSTER | QUARTER_ROUNDING | RESIDUAL_LEVEL | RESIDUAL_REGIME_LEVEL,adjacent_cluster_midpoint | base_cluster | base_plus_+11 | base_plus_+13 | base_plus_+3 | base_plus_+5 | base_plus_+8 | base_plus_-11 | base_plus_-13 | base_plus_-3 | base_plus_-5 | base_plus_-8 | nearest_quarter_variant | prior_level_median_residual | prior_regime_level_median_residual,2025-12-05,2025-12-04,RANGE_COMPRESSED_0_60,CLOSE_POS_UPPER_THIRD,ROWS_SPARSE_1_8,4208.64,PREV_CLOSE_PROXY,,NEUTRAL
True,True,True,True,11.804063,14.166781,0.0,0.0,111.0645,1.0,4237.15275,4209.43,27.72275,False,False,MICRO_OFFSET | MID_GAP | ORIGINAL_CLUSTER | QUARTER_ROUNDING | RESIDUAL_LEVEL | RESIDUAL_REGIME_LEVEL,adjacent_cluster_midpoint | base_cluster | base_plus_+11 | base_plus_+13 | base_plus_+3 | base_plus_+5 | base_plus_+8 | base_plus_-11 | base_plus_-13 | base_plus_-3 | base_plus_-5 | base_plus_-8 | nearest_quarter_variant | prior_level_median_residual | prior_regime_level_median_residual,4206.544375,4188.47,18.074375,False,False,MICRO_OFFSET | MID_GAP | ORIGINAL_CLUSTER | QUARTER_ROUNDING | RESIDUAL_LEVEL | RESIDUAL_REGIME_LEVEL,adjacent_cluster_midpoint | base_cluster | base_plus_+11 | base_plus_+13 | base_plus_+3 | base_plus_+5 | base_plus_+8 | base_plus_-11 | base_plus_-13 | base_plus_-3 | base_plus_-5 | base_plus_-8 | nearest_quarter_variant | prior_level_median_residual | prior_regime_level_median_residual,4174.21625,4168.88,5.33625,False,False,MICRO_OFFSET | MID_GAP | ORIGINAL_CLUSTER | QUARTER_ROUNDING | RESIDUAL_LEVEL | RESIDUAL_REGIME_LEVEL,adjacent_cluster_midpoint | base_cluster | base_plus_+11 | base_plus_+13 | base_plus_+3 | base_plus_+5 | base_plus_+8 | base_plus_-11 | base_plus_-13 | base_plus_-3 | base_plus_-5 | base_plus_-8 | nearest_quarter_variant | prior_level_median_residual | prior_regime_level_median_residual,4149.90375,4144.37,5.53375,False,False,MICRO_OFFSET | MID_GAP | ORIGINAL_CLUSTER | QUARTER_ROUNDING | RESIDUAL_LEVEL | RESIDUAL_REGIME_LEVEL,adjacent_cluster_midpoint | base_cluster | base_plus_+11 | base_plus_+13 | base_plus_+3 | base_plus_+5 | base_plus_+8 | base_plus_-11 | base_plus_-13 | base_plus_-3 | base_plus_-5 | base_plus_-8 | nearest_quarter_variant | prior_level_median_residual | prior_regime_level_median_residual,2025-12-08,2025-12-05,RANGE_NORMAL_60_120,CLOSE_POS_LOWER_THIRD,ROWS_SPARSE_1_8,4199.09,PREV_CLOSE_PROXY,,NEUTRAL
True,True,False,True,18.239375,18.735245,0.0,0.0,142.24304,1.0,4197.12277,4214.14,17.01723,False,False,MICRO_OFFSET | MID_GAP | ORIGINAL_CLUSTER | QUARTER_ROUNDING | RESIDUAL_LEVEL | RESIDUAL_REGIME_LEVEL,adjacent_cluster_midpoint | base_cluster | base_plus_+11 | base_plus_+13 | base_plus_+3 | base_plus_+5 | base_plus_+8 | base_plus_-11 | base_plus_-13 | base_plus_-3 | base_plus_-5 | base_plus_-8 | nearest_quarter_variant | prior_level_median_residual | prior_regime_level_median_residual,4173.4525,4191.11,17.6575,False,False,MICRO_OFFSET | MID_GAP | ORIGINAL_CLUSTER | QUARTER_ROUNDING | RESIDUAL_LEVEL | RESIDUAL_REGIME_LEVEL,adjacent_cluster_midpoint | base_cluster | base_plus_+11 | base_plus_+13 | base_plus_+3 | base_plus_+5 | base_plus_+8 | base_plus_-11 | base_plus_-13 | base_plus_-3 | base_plus_-5 | base_plus_-8 | nearest_quarter_variant | prior_level_median_residual | prior_regime_level_median_residual,4150.70875,4169.53,18.82125,False,False,MICRO_OFFSET | MID_GAP | ORIGINAL_CLUSTER | QUARTER_ROUNDING | RESIDUAL_LEVEL | RESIDUAL_REGIME_LEVEL,adjacent_cluster_midpoint | base_cluster | base_plus_+11 | base_plus_+13 | base_plus_+3 | base_plus_+5 | base_plus_+8 | base_plus_-11 | base_plus_-13 | base_plus_-3 | base_plus_-5 | base_plus_-8 | nearest_quarter_variant | prior_level_median_residual | prior_regime_level_median_residual,4127.965,4149.41,21.445,False,False,MICRO_OFFSET | MID_GAP | ORIGINAL_CLUSTER | QUARTER_ROUNDING | RESIDUAL_LEVEL,adjacent_cluster_midpoint | base_cluster | base_plus_+11 | base_plus_+13 | base_plus_+3 | base_plus_+5 | base_plus_+8 | base_plus_-11 | base_plus_-13 | base_plus_-3 | base_plus_-5 | base_plus_-8 | nearest_quarter_variant | prior_level_median_residual,2025-12-09,2025-12-08,RANGE_COMPRESSED_0_60,CLOSE_POS_MIDDLE_THIRD,ROWS_SPARSE_1_8,4190.56,PREV_CLOSE_PROXY,,NEUTRAL
True,True,False,False,12.909375,12.979269,0.0,0.0,104.0,1.0,4202.021675,4215.84,13.818325,False,False,MICRO_OFFSET | MID_GAP | ORIGINAL_CLUSTER | QUARTER_ROUNDING | RESIDUAL_LEVEL | RESIDUAL_REGIME_LEVEL,adjacent_cluster_midpoint | base_cluster | base_plus_+11 | base_plus_+13 | base_plus_+3 | base_plus_+5 | base_plus_+8 | base_plus_-11 | base_plus_-13 | base_plus_-3 | base_plus_-5 | base_plus_-8 | nearest_quarter_variant | prior_level_median_residual | prior_regime_level_median_residual,4181.53625,4194.44,12.90375,False,False,MICRO_OFFSET | MID_GAP | ORIGINAL_CLUSTER | QUARTER_ROUNDING | RESIDUAL_LEVEL | RESIDUAL_REGIME_LEVEL,adjacent_cluster_midpoint | base_cluster | base_plus_+11 | base_plus_+13 | base_plus_+3 | base_plus_+5 | base_plus_+8 | base_plus_-11 | base_plus_-13 | base_plus_-3 | base_plus_-5 | base_plus_-8 | nearest_quarter_variant | prior_level_median_residual | prior_regime_level_median_residual,4160.365,4173.28,12.915,False,False,MICRO_OFFSET | MID_GAP | ORIGINAL_CLUSTER | QUARTER_ROUNDING | RESIDUAL_LEVEL | RESIDUAL_REGIME_LEVEL,adjacent_cluster_midpoint | base_cluster | base_plus_+11 | base_plus_+13 | base_plus_+3 | base_plus_+5 | base_plus_+8 | base_plus_-11 | base_plus_-13 | base_plus_-3 | base_plus_-5 | base_plus_-8 | nearest_quarter_variant | prior_level_median_residual | prior_regime_level_median_residual,4140.05,4152.33,12.28,False,False,MICRO_OFFSET | MID_GAP | ORIGINAL_CLUSTER | QUARTER_ROUNDING | RESIDUAL_LEVEL | RESIDUAL_REGIME_LEVEL,adjacent_cluster_midpoint | base_cluster | base_plus_+11 | base_plus_+13 | base_plus_+3 | base_plus_+5 | base_plus_+8 | base_plus_-11 | base_plus_-13 | base_plus_-3 | base_plus_-5 | base_plus_-8 | nearest_quarter_variant | prior_level_median_residual | prior_regime_level_median_residual,2025-12-10,2025-12-09,RANGE_COMPRESSED_0_60,CLOSE_POS_UPPER_THIRD,ROWS_SPARSE_1_8,4208.1,PREV_CLOSE_PROXY,,NEUTRAL
True,True,False,False,7.667969,7.529793,25.0,25.0,156.204157,1.0,4224.398859,4212.52,11.878859,False,False,MICRO_OFFSET | MID_GAP | ORIGINAL_CLUSTER | QUARTER_ROUNDING | RESIDUAL_LEVEL | RESIDUAL_REGIME_LEVEL,adjacent_cluster_midpoint | base_cluster | base_plus_+11 | base_plus_+13 | base_plus_+3 | base_plus_+5 | base_plus_+8 | base_plus_-11 | base_plus_-13 | base_plus_-3 | base_plus_-5 | base_plus_-8 | nearest_quarter_variant | prior_level_median_residual | prior_regime_level_median_residual,4202.354062,4192.13,10.224062,False,False,MICRO_OFFSET | MID_GAP | ORIGINAL_CLUSTER | QUARTER_ROUNDING | RESIDUAL_LEVEL | RESIDUAL_REGIME_LEVEL,adjacent_cluster_midpoint | base_cluster | base_plus_+11 | base_plus_+13 | base_plus_+3 | base_plus_+5 | base_plus_+8 | base_plus_-11 | base_plus_-13 | base_plus_-3 | base_plus_-5 | base_plus_-8 | nearest_quarter_variant | prior_level_median_residual | prior_regime_level_median_residual,4179.011875,4173.9,5.111875,False,False,MICRO_OFFSET | MID_GAP | ORIGINAL_CLUSTER | QUARTER_ROUNDING | RESIDUAL_LEVEL | RESIDUAL_REGIME_LEVEL,adjacent_cluster_midpoint | base_cluster | base_plus_+11 | base_plus_+13 | base_plus_+3 | base_plus_+5 | base_plus_+8 | base_plus_-11 | base_plus_-13 | base_plus_-3 | base_plus_-5 | base_plus_-8 | nearest_quarter_variant | prior_level_median_residual | prior_regime_level_median_residual,4157.274375,4154.37,2.904375,True,True,MICRO_OFFSET | MID_GAP | ORIGINAL_CLUSTER | QUARTER_ROUNDING | RESIDUAL_LEVEL | RESIDUAL_REGIME_LEVEL,adjacent_cluster_midpoint | base_cluster | base_plus_+11 | base_plus_+13 | base_plus_+3 | base_plus_+5 | base_plus_+8 | base_plus_-11 | base_plus_-13 | base_plus_-3 | base_plus_-5 | base_plus_-8 | nearest_quarter_variant | prior_level_median_residual | prior_regime_level_median_residual,2025-12-11,2025-12-10,RANGE_COMPRESSED_0_60,CLOSE_POS_UPPER_THIRD,ROWS_SPARSE_1_8,4228.54,PREV_CLOSE_PROXY,,NEUTRAL
True,True,False,True,21.137852,19.333894,0.0,25.0,240.1775,1.0,4290.76375,4258.86,31.90375,False,False,MICRO_OFFSET | MID_GAP | ORIGINAL_CLUSTER | QUARTER_ROUNDING | RESIDUAL_LEVEL | RESIDUAL_REGIME_LEVEL,adjacent_cluster_midpoint | base_cluster | base_plus_+11 | base_plus_+13 | base_plus_+3 | base_plus_+5 | base_plus_+8 | base_plus_-11 | base_plus_-13 | base_plus_-3 | base_plus_-5 | base_plus_-8 | nearest_quarter_variant | prior_level_median_residual | prior_regime_level_median_residual,4272.712292,4245.23,27.482292,False,False,MICRO_OFFSET | MID_GAP | ORIGINAL_CLUSTER | QUARTER_ROUNDING | RESIDUAL_LEVEL | RESIDUAL_REGIME_LEVEL,adjacent_cluster_midpoint | base_cluster | base_plus_+11 | base_plus_+13 | base_plus_+3 | base_plus_+5 | base_plus_+8 | base_plus_-11 | base_plus_-13 | base_plus_-3 | base_plus_-5 | base_plus_-8 | nearest_quarter_variant | prior_level_median_residual | prior_regime_level_median_residual,4246.453412,4231.66,14.793412,False,False,MICRO_OFFSET | MID_GAP | ORIGINAL_CLUSTER | QUARTER_ROUNDING | RESIDUAL_LEVEL | RESIDUAL_REGIME_LEVEL,adjacent_cluster_midpoint | base_cluster | base_plus_+11 | base_plus_+13 | base_plus_+3 | base_plus_+5 | base_plus_+8 | base_plus_-11 | base_plus_-13 | base_plus_-3 | base_plus_-5 | base_plus_-8 | nearest_quarter_variant | prior_level_median_residual | prior_regime_level_median_residual,4218.91612,4215.76,3.15612,False,True,MICRO_OFFSET | MID_GAP | ORIGINAL_CLUSTER | QUARTER_ROUNDING | RESIDUAL_LEVEL | RESIDUAL_REGIME_LEVEL,adjacent_cluster_midpoint | base_cluster | base_plus_+11 | base_plus_+13 | base_plus_+3 | base_plus_+5 | base_plus_+8 | base_plus_-11 | base_plus_-13 | base_plus_-3 | base_plus_-5 | base_plus_-8 | nearest_quarter_variant | prior_level_median_residual | prior_regime_level_median_residual,2025-12-12,2025-12-11,RANGE_NORMAL_60_120,CLOSE_POS_UPPER_THIRD,ROWS_STANDARD_9_10,4279.59,PREV_CLOSE_PROXY,,NEUTRAL
True,False,True,True,9.459875,12.882059,0.0,0.0,219.68439,1.25,4310.2075,4304.36,5.8475,False,False,MICRO_OFFSET | MID_GAP | ORIGINAL_CLUSTER | QUARTER_ROUNDING | RESIDUAL_LEVEL,adjacent_cluster_midpoint | base_cluster | base_plus_+11 | base_plus_+13 | base_plus_+3 | base_plus_+5 | base_plus_+8 | base_plus_-11 | base_plus_-13 | base_plus_-3 | base_plus_-5 | base_plus_-8 | nearest_quarter_variant | prior_level_median_residual,4312.190987,4285.43,26.760987,False,False,MICRO_OFFSET | MID_GAP | ORIGINAL_CLUSTER | QUARTER_ROUNDING | RESIDUAL_LEVEL,adjacent_cluster_midpoint | base_cluster | base_plus_+11 | base_plus_+13 | base_plus_+3 | base_plus_+5 | base_plus_+8 | base_plus_-11 | base_plus_-13 | base_plus_-3 | base_plus_-5 | base_plus_-8 | nearest_quarter_variant | prior_level_median_residual,4275.901625,4264.18,11.721625,False,False,MICRO_OFFSET | MID_GAP | ORIGINAL_CLUSTER | QUARTER_ROUNDING | RESIDUAL_LEVEL,adjacent_cluster_midpoint | base_cluster | base_plus_+11 | base_plus_+13 | base_plus_+3 | base_plus_+5 | base_plus_+8 | base_plus_-11 | base_plus_-13 | base_plus_-3 | base_plus_-5 | base_plus_-8 | nearest_quarter_variant | prior_level_median_residual,4251.398125,4244.2,7.198125,False,False,MICRO_OFFSET | MID_GAP | ORIGINAL_CLUSTER | QUARTER_ROUNDING | RESIDUAL_LEVEL,adjacent_cluster_midpoint | base_cluster | base_plus_+11 | base_plus_+13 | base_plus_+3 | base_plus_+5 | base_plus_+8 | base_plus_-11 | base_plus_-13 | base_plus_-3 | base_plus_-5 | base_plus_-8 | nearest_quarter_variant | prior_level_median_residual,2025-12-15,2025-12-12,RANGE_NORMAL_60_120,CLOSE_POS_MIDDLE_THIRD,ROWS_SPARSE_1_8,4299.72,PREV_CLOSE_PROXY,,NEUTRAL
True,True,False,True,13.722344,13.004297,0.0,25.0,155.575625,1.0,4317.19125,4320.99,3.79875,False,True,MICRO_OFFSET | MID_GAP | ORIGINAL_CLUSTER | QUARTER_ROUNDING | RESIDUAL_LEVEL | RESIDUAL_REGIME_LEVEL,adjacent_cluster_midpoint | base_cluster | base_plus_+11 | base_plus_+13 | base_plus_+3 | base_plus_+5 | base_plus_+8 | base_plus_-11 | base_plus_-13 | base_plus_-3 | base_plus_-5 | base_plus_-8 | nearest_quarter_variant | prior_level_median_residual | prior_regime_level_median_residual,4289.211563,4301.91,12.698437,False,False,MICRO_OFFSET | MID_GAP | ORIGINAL_CLUSTER | QUARTER_ROUNDING | RESIDUAL_LEVEL | RESIDUAL_REGIME_LEVEL,adjacent_cluster_midpoint | base_cluster | base_plus_+11 | base_plus_+13 | base_plus_+3 | base_plus_+5 | base_plus_+8 | base_plus_-11 | base_plus_-13 | base_plus_-3 | base_plus_-5 | base_plus_-8 | nearest_quarter_variant | prior_level_median_residual | prior_regime_level_median_residual,4267.17375,4281.92,14.74625,False,False,MICRO_OFFSET | MID_GAP | ORIGINAL_CLUSTER | QUARTER_ROUNDING | RESIDUAL_LEVEL | RESIDUAL_REGIME_LEVEL,adjacent_cluster_midpoint | base_cluster | base_plus_+11 | base_plus_+13 | base_plus_+3 | base_plus_+5 | base_plus_+8 | base_plus_-11 | base_plus_-13 | base_plus_-3 | base_plus_-5 | base_plus_-8 | nearest_quarter_variant | prior_level_median_residual | prior_regime_level_median_residual,4243.40625,4264.18,20.77375,False,False,MICRO_OFFSET | MID_GAP | ORIGINAL_CLUSTER | QUARTER_ROUNDING | RESIDUAL_LEVEL | RESIDUAL_REGIME_LEVEL,adjacent_cluster_midpoint | base_cluster | base_plus_+11 | base_plus_+13 | base_plus_+3 | base_plus_+5 | base_plus_+8 | base_plus_-11 | base_plus_-13 | base_plus_-3 | base_plus_-5 | base_plus_-8 | nearest_quarter_variant | prior_level_median_residual | prior_regime_level_median_residual,2025-12-16,2025-12-15,RANGE_NORMAL_60_120,CLOSE_POS_LOWER_THIRD,ROWS_SPARSE_1_8,4304.91,PREV_CLOSE_PROXY,,NEUTRAL
True,True,False,True,9.086875,9.43,0.0,0.0,104.0,1.0,4306.63375,4315.01,8.37625,False,False,MICRO_OFFSET | MID_GAP | ORIGINAL_CLUSTER | QUARTER_ROUNDING | RESIDUAL_LEVEL | RESIDUAL_REGIME_LEVEL,adjacent_cluster_midpoint | base_cluster | base_plus_+11 | base_plus_+13 | base_plus_+3 | base_plus_+5 | base_plus_+8 | base_plus_-11 | base_plus_-13 | base_plus_-3 | base_plus_-5 | base_plus_-8 | nearest_quarter_variant | prior_level_median_residual | prior_regime_level_median_residual,4287.4425,4297.24,9.7975,False,False,MICRO_OFFSET | MID_GAP | ORIGINAL_CLUSTER | QUARTER_ROUNDING | RESIDUAL_LEVEL,adjacent_cluster_midpoint | base_cluster | base_plus_+11 | base_plus_+13 | base_plus_+3 | base_plus_+5 | base_plus_+8 | base_plus_-11 | base_plus_-13 | base_plus_-3 | base_plus_-5 | base_plus_-8 | nearest_quarter_variant | prior_level_median_residual,4264.9425,4278.84,13.8975,False,False,MICRO_OFFSET | MID_GAP | ORIGINAL_CLUSTER | QUARTER_ROUNDING | RESIDUAL_LEVEL | RESIDUAL_REGIME_LEVEL,adjacent_cluster_midpoint | base_cluster | base_plus_+11 | base_plus_+13 | base_plus_+3 | base_plus_+5 | base_plus_+8 | base_plus_-11 | base_plus_-13 | base_plus_-3 | base_plus_-5 | base_plus_-8 | nearest_quarter_variant | prior_level_median_residual | prior_regime_level_median_residual,4253.25125,4258.9,5.64875,False,False,MICRO_OFFSET | MID_GAP | ORIGINAL_CLUSTER | QUARTER_ROUNDING | RESIDUAL_LEVEL | RESIDUAL_REGIME_LEVEL,adjacent_cluster_midpoint | base_cluster | base_plus_+11 | base_plus_+13 | base_plus_+3 | base_plus_+5 | base_plus_+8 | base_plus_-11 | base_plus_-13 | base_plus_-3 | base_plus_-5 | base_plus_-8 | nearest_quarter_variant | prior_level_median_residual | prior_regime_level_median_residual,2025-12-17,2025-12-16,RANGE_NORMAL_60_120,CLOSE_POS_MIDDLE_THIRD,ROWS_SPARSE_1_8,4302.04,PREV_CLOSE_PROXY,,NEUTRAL
True,True,False,True,3.958543,4.031826,50.0,50.0,135.054609,1.0,4348.451469,4340.32,8.13147,False,False,MICRO_OFFSET | MID_GAP | ORIGINAL_CLUSTER | QUARTER_ROUNDING | RESIDUAL_LEVEL | RESIDUAL_REGIME_LEVEL,adjacent_cluster_midpoint | base_cluster | base_plus_+11 | base_plus_+13 | base_plus_+3 | base_plus_+5 | base_plus_+8 | base_plus_-11 | base_plus_-13 | base_plus_-3 | base_plus_-5 | base_plus_-8 | nearest_quarter_variant | prior_level_median_residual | prior_regime_level_median_residual,4329.24396,4323.86,5.38396,False,False,MICRO_OFFSET | MID_GAP | ORIGINAL_CLUSTER | QUARTER_ROUNDING | RESIDUAL_LEVEL | RESIDUAL_REGIME_LEVEL,adjacent_cluster_midpoint | base_cluster | base_plus_+11 | base_plus_+13 | base_plus_+3 | base_plus_+5 | base_plus_+8 | base_plus_-11 | base_plus_-13 | base_plus_-3 | base_plus_-5 | base_plus_-8 | nearest_quarter_variant | prior_level_median_residual | prior_regime_level_median_residual,4309.473125,4306.94,2.533125,True,True,MICRO_OFFSET | MID_GAP | ORIGINAL_CLUSTER | QUARTER_ROUNDING | RESIDUAL_LEVEL | RESIDUAL_REGIME_LEVEL,adjacent_cluster_midpoint | base_cluster | base_plus_+11 | base_plus_+13 | base_plus_+3 | base_plus_+5 | base_plus_+8 | base_plus_-11 | base_plus_-13 | base_plus_-3 | base_plus_-5 | base_plus_-8 | nearest_quarter_variant | prior_level_median_residual | prior_regime_level_median_residual,4290.32875,4290.25,0.07875,True,True,MICRO_OFFSET | MID_GAP | ORIGINAL_CLUSTER | QUARTER_ROUNDING | RESIDUAL_LEVEL | RESIDUAL_REGIME_LEVEL,adjacent_cluster_midpoint | base_cluster | base_plus_+11 | base_plus_+13 | base_plus_+3 | base_plus_+5 | base_plus_+8 | base_plus_-11 | base_plus_-13 | base_plus_-3 | base_plus_-5 | base_plus_-8 | nearest_quarter_variant | prior_level_median_residual | prior_regime_level_median_residual,2025-12-19,2025-12-18,RANGE_NORMAL_60_120,CLOSE_POS_MIDDLE_THIRD,ROWS_SPARSE_1_8,4332.34,PREV_CLOSE_PROXY,,NEUTRAL
True,True,False,True,4.727813,7.070469,25.0,50.0,204.40125,1.0,4339.13,4336.01,3.12,False,True,MICRO_OFFSET | MID_GAP | ORIGINAL_CLUSTER | QUARTER_ROUNDING | RESIDUAL_LEVEL | RESIDUAL_REGIME_LEVEL,adjacent_cluster_midpoint | base_cluster | base_plus_+11 | base_plus_+13 | base_plus_+3 | base_plus_+5 | base_plus_+8 | base_plus_-11 | base_plus_-13 | base_plus_-3 | base_plus_-5 | base_plus_-8 | nearest_quarter_variant | prior_level_median_residual | prior_regime_level_median_residual,4317.94,4317.56,0.38,True,True,MICRO_OFFSET | MID_GAP | ORIGINAL_CLUSTER | QUARTER_ROUNDING | RESIDUAL_LEVEL | RESIDUAL_REGIME_LEVEL,adjacent_cluster_midpoint | base_cluster | base_plus_+11 | base_plus_+13 | base_plus_+3 | base_plus_+5 | base_plus_+8 | base_plus_-11 | base_plus_-13 | base_plus_-3 | base_plus_-5 | base_plus_-8 | nearest_quarter_variant | prior_level_median_residual | prior_regime_level_median_residual,4293.834375,4300.17,6.335625,False,False,MICRO_OFFSET | MID_GAP | ORIGINAL_CLUSTER | QUARTER_ROUNDING | RESIDUAL_LEVEL | RESIDUAL_REGIME_LEVEL,adjacent_cluster_midpoint | base_cluster | base_plus_+11 | base_plus_+13 | base_plus_+3 | base_plus_+5 | base_plus_+8 | base_plus_-11 | base_plus_-13 | base_plus_-3 | base_plus_-5 | base_plus_-8 | nearest_quarter_variant | prior_level_median_residual | prior_regime_level_median_residual,4264.82375,4283.27,18.44625,False,False,MICRO_OFFSET | MID_GAP | ORIGINAL_CLUSTER | QUARTER_ROUNDING | RESIDUAL_LEVEL | RESIDUAL_REGIME_LEVEL,adjacent_cluster_midpoint | base_cluster | base_plus_+11 | base_plus_+13 | base_plus_+3 | base_plus_+5 | base_plus_+8 | base_plus_-11 | base_plus_-13 | base_plus_-3 | base_plus_-5 | base_plus_-8 | nearest_quarter_variant | prior_level_median_residual | prior_regime_level_median_residual,2025-12-22,2025-12-19,RANGE_COMPRESSED_0_60,CLOSE_POS_MIDDLE_THIRD,ROWS_SPARSE_1_8,4338.16,PREV_CLOSE_PROXY,,NEUTRAL
True,True,False,False,40.27001,43.855265,0.0,0.0,278.76788,1.0,4436.936268,4467.13,30.193732,False,False,MICRO_OFFSET | MID_GAP | ORIGINAL_CLUSTER | QUARTER_ROUNDING | RESIDUAL_LEVEL | RESIDUAL_REGIME_LEVEL,adjacent_cluster_midpoint | base_cluster | base_plus_+11 | base_plus_+13 | base_plus_+3 | base_plus_+5 | base_plus_+8 | base_plus_-11 | base_plus_-13 | base_plus_-3 | base_plus_-5 | base_plus_-8 | nearest_quarter_variant | prior_level_median_residual | prior_regime_level_median_residual,4418.8475,4453.37,34.5225,False,False,MICRO_OFFSET | MID_GAP | ORIGINAL_CLUSTER | QUARTER_ROUNDING | RESIDUAL_LEVEL | RESIDUAL_REGIME_LEVEL,adjacent_cluster_midpoint | base_cluster | base_plus_+11 | base_plus_+13 | base_plus_+3 | base_plus_+5 | base_plus_+8 | base_plus_-11 | base_plus_-13 | base_plus_-3 | base_plus_-5 | base_plus_-8 | nearest_quarter_variant | prior_level_median_residual | prior_regime_level_median_residual,4394.582481,4440.6,46.017519,False,False,MICRO_OFFSET | MID_GAP | ORIGINAL_CLUSTER | QUARTER_ROUNDING | RESIDUAL_LEVEL | RESIDUAL_REGIME_LEVEL,adjacent_cluster_midpoint | base_cluster | base_plus_+11 | base_plus_+13 | base_plus_+3 | base_plus_+5 | base_plus_+8 | base_plus_-11 | base_plus_-13 | base_plus_-3 | base_plus_-5 | base_plus_-8 | nearest_quarter_variant | prior_level_median_residual | prior_regime_level_median_residual,4361.52269,4426.21,64.68731,False,False,MICRO_OFFSET | MID_GAP | ORIGINAL_CLUSTER | QUARTER_ROUNDING | RESIDUAL_LEVEL | RESIDUAL_REGIME_LEVEL,adjacent_cluster_midpoint | base_cluster | base_plus_+11 | base_plus_+13 | base_plus_+3 | base_plus_+5 | base_plus_+8 | base_plus_-11 | base_plus_-13 | base_plus_-3 | base_plus_-5 | base_plus_-8 | nearest_quarter_variant | prior_level_median_residual | prior_regime_level_median_residual,2025-12-23,2025-12-22,RANGE_NORMAL_60_120,CLOSE_POS_UPPER_THIRD,ROWS_STANDARD_9_10,4443.59,PREV_CLOSE_PROXY,,NEUTRAL
False,False,,,,,,,,,,,,,,,,,,,,,,,,,,,,,,,,,,,,,,,,,,,,,
True,True,False,True,9.990645,11.025404,25.0,25.0,137.546821,1.0,4493.934076,4492.12,1.814076,True,True,MICRO_OFFSET | MID_GAP | ORIGINAL_CLUSTER | QUARTER_ROUNDING | RESIDUAL_LEVEL | RESIDUAL_REGIME_LEVEL,adjacent_cluster_midpoint | base_cluster | base_plus_+11 | base_plus_+13 | base_plus_+3 | base_plus_+5 | base_plus_+8 | base_plus_-11 | base_plus_-13 | base_plus_-3 | base_plus_-5 | base_plus_-8 | nearest_quarter_variant | prior_level_median_residual | prior_regime_level_median_residual,4472.86996,4479.11,6.24004,False,False,MICRO_OFFSET | MID_GAP | ORIGINAL_CLUSTER | QUARTER_ROUNDING | RESIDUAL_LEVEL | RESIDUAL_REGIME_LEVEL,adjacent_cluster_midpoint | base_cluster | base_plus_+11 | base_plus_+13 | base_plus_+3 | base_plus_+5 | base_plus_+8 | base_plus_-11 | base_plus_-13 | base_plus_-3 | base_plus_-5 | base_plus_-8 | nearest_quarter_variant | prior_level_median_residual | prior_regime_level_median_residual,4452.47875,4466.22,13.74125,False,False,MICRO_OFFSET | MID_GAP | ORIGINAL_CLUSTER | QUARTER_ROUNDING | RESIDUAL_LEVEL | RESIDUAL_REGIME_LEVEL,adjacent_cluster_midpoint | base_cluster | base_plus_+11 | base_plus_+13 | base_plus_+3 | base_plus_+5 | base_plus_+8 | base_plus_-11 | base_plus_-13 | base_plus_-3 | base_plus_-5 | base_plus_-8 | nearest_quarter_variant | prior_level_median_residual | prior_regime_level_median_residual,4431.85375,4454.16,22.30625,False,False,MICRO_OFFSET | MID_GAP | ORIGINAL_CLUSTER | QUARTER_ROUNDING | RESIDUAL_LEVEL | RESIDUAL_REGIME_LEVEL,adjacent_cluster_midpoint | base_cluster | base_plus_+11 | base_plus_+13 | base_plus_+3 | base_plus_+5 | base_plus_+8 | base_plus_-11 | base_plus_-13 | base_plus_-3 | base_plus_-5 | base_plus_-8 | nearest_quarter_variant | prior_level_median_residual | prior_regime_level_median_residual,2025-12-26,2025-12-24,RANGE_NORMAL_60_120,CLOSE_POS_MIDDLE_THIRD,ROWS_SPARSE_1_8,4479.58,PREV_CLOSE_PROXY,,NEUTRAL
True,True,True,True,11.637831,13.038681,0.0,0.0,192.01805,1.0,4541.021985,4530.28,10.741985,False,False,MICRO_OFFSET | MID_GAP | ORIGINAL_CLUSTER | QUARTER_ROUNDING | RESIDUAL_LEVEL,adjacent_cluster_midpoint | base_cluster | base_plus_+11 | base_plus_+13 | base_plus_+3 | base_plus_+5 | base_plus_+8 | base_plus_-11 | base_plus_-13 | base_plus_-3 | base_plus_-5 | base_plus_-8 | nearest_quarter_variant | prior_level_median_residual,4535.911563,4515.32,20.591563,False,False,MICRO_OFFSET | MID_GAP | ORIGINAL_CLUSTER | QUARTER_ROUNDING | RESIDUAL_LEVEL,adjacent_cluster_midpoint | base_cluster | base_plus_+11 | base_plus_+13 | base_plus_+3 | base_plus_+5 | base_plus_+8 | base_plus_-11 | base_plus_-13 | base_plus_-3 | base_plus_-5 | base_plus_-8 | nearest_quarter_variant | prior_level_median_residual,4511.793677,4499.26,12.533677,False,False,MICRO_OFFSET | MID_GAP | ORIGINAL_CLUSTER | QUARTER_ROUNDING | RESIDUAL_LEVEL,adjacent_cluster_midpoint | base_cluster | base_plus_+11 | base_plus_+13 | base_plus_+3 | base_plus_+5 | base_plus_+8 | base_plus_-11 | base_plus_-13 | base_plus_-3 | base_plus_-5 | base_plus_-8 | nearest_quarter_variant | prior_level_median_residual,4490.6475,4482.36,8.2875,False,False,MICRO_OFFSET | MID_GAP | ORIGINAL_CLUSTER | QUARTER_ROUNDING | RESIDUAL_LEVEL,adjacent_cluster_midpoint | base_cluster | base_plus_+11 | base_plus_+13 | base_plus_+3 | base_plus_+5 | base_plus_+8 | base_plus_-11 | base_plus_-13 | base_plus_-3 | base_plus_-5 | base_plus_-8 | nearest_quarter_variant | prior_level_median_residual,2025-12-29,2025-12-26,RANGE_NORMAL_60_120,CLOSE_POS_UPPER_THIRD,ROWS_EXTENDED_11_PLUS,4531.0,PREV_CLOSE_PROXY,,NEUTRAL
True,True,False,False,76.851625,78.050813,0.0,0.0,104.0,1.0,4441.09,4350.13,90.96,False,False,MICRO_OFFSET | MID_GAP | ORIGINAL_CLUSTER | QUARTER_ROUNDING | RESIDUAL_LEVEL,adjacent_cluster_midpoint | base_cluster | base_plus_+11 | base_plus_+13 | base_plus_+3 | base_plus_+5 | base_plus_+8 | base_plus_-11 | base_plus_-13 | base_plus_-3 | base_plus_-5 | base_plus_-8 | nearest_quarter_variant | prior_level_median_residual,4411.09,4329.56,81.53,False,False,MICRO_OFFSET | MID_GAP | ORIGINAL_CLUSTER | QUARTER_ROUNDING | RESIDUAL_LEVEL,adjacent_cluster_midpoint | base_cluster | base_plus_+11 | base_plus_+13 | base_plus_+3 | base_plus_+5 | base_plus_+8 | base_plus_-11 | base_plus_-13 | base_plus_-3 | base_plus_-5 | base_plus_-8 | nearest_quarter_variant | prior_level_median_residual,4384.883251,4312.71,72.173251,False,False,MICRO_OFFSET | MID_GAP | ORIGINAL_CLUSTER | QUARTER_ROUNDING | RESIDUAL_LEVEL,adjacent_cluster_midpoint | base_cluster | base_plus_+11 | base_plus_+13 | base_plus_+3 | base_plus_+5 | base_plus_+8 | base_plus_-11 | base_plus_-13 | base_plus_-3 | base_plus_-5 | base_plus_-8 | nearest_quarter_variant | prior_level_median_residual,4364.28,4296.74,67.54,False,False,MICRO_OFFSET | MID_GAP | ORIGINAL_CLUSTER | QUARTER_ROUNDING | RESIDUAL_LEVEL,adjacent_cluster_midpoint | base_cluster | base_plus_+11 | base_plus_+13 | base_plus_+3 | base_plus_+5 | base_plus_+8 | base_plus_-11 | base_plus_-13 | base_plus_-3 | base_plus_-5 | base_plus_-8 | nearest_quarter_variant | prior_level_median_residual,2025-12-30,2025-12-29,RANGE_EXTREME_220_PLUS,CLOSE_POS_LOWER_THIRD,ROWS_STANDARD_9_10,4332.04,PREV_CLOSE_PROXY,,NEUTRAL
True,True,True,True,25.85034,25.644529,0.0,0.0,214.284599,1.0,4379.5925,4359.13,20.4625,False,False,MICRO_OFFSET | MID_GAP | ORIGINAL_CLUSTER | QUARTER_ROUNDING | RESIDUAL_LEVEL | RESIDUAL_REGIME_LEVEL,adjacent_cluster_midpoint | base_cluster | base_plus_+11 | base_plus_+13 | base_plus_+3 | base_plus_+5 | base_plus_+8 | base_plus_-11 | base_plus_-13 | base_plus_-3 | base_plus_-5 | base_plus_-8 | nearest_quarter_variant | prior_level_median_residual | prior_regime_level_median_residual,4330.751313,4342.0,11.248687,False,False,MICRO_OFFSET | MID_GAP | ORIGINAL_CLUSTER | QUARTER_ROUNDING | RESIDUAL_LEVEL | RESIDUAL_REGIME_LEVEL,adjacent_cluster_midpoint | base_cluster | base_plus_+11 | base_plus_+13 | base_plus_+3 | base_plus_+5 | base_plus_+8 | base_plus_-11 | base_plus_-13 | base_plus_-3 | base_plus_-5 | base_plus_-8 | nearest_quarter_variant | prior_level_median_residual | prior_regime_level_median_residual,4293.13182,4324.37,31.23818,False,False,MICRO_OFFSET | MID_GAP | ORIGINAL_CLUSTER | QUARTER_ROUNDING | RESIDUAL_LEVEL | RESIDUAL_REGIME_LEVEL,adjacent_cluster_midpoint | base_cluster | base_plus_+11 | base_plus_+13 | base_plus_+3 | base_plus_+5 | base_plus_+8 | base_plus_-11 | base_plus_-13 | base_plus_-3 | base_plus_-5 | base_plus_-8 | nearest_quarter_variant | prior_level_median_residual | prior_regime_level_median_residual,4268.72125,4308.35,39.62875,False,False,MICRO_OFFSET | MID_GAP | ORIGINAL_CLUSTER | QUARTER_ROUNDING | RESIDUAL_LEVEL | RESIDUAL_REGIME_LEVEL,adjacent_cluster_midpoint | base_cluster | base_plus_+11 | base_plus_+13 | base_plus_+3 | base_plus_+5 | base_plus_+8 | base_plus_-11 | base_plus_-13 | base_plus_-3 | base_plus_-5 | base_plus_-8 | nearest_quarter_variant | prior_level_median_residual | prior_regime_level_median_residual,2026-01-01,2025-12-31,RANGE_NORMAL_60_120,CLOSE_POS_MIDDLE_THIRD,ROWS_STANDARD_9_10,4318.87,PREV_CLOSE_PROXY,,NEUTRAL
True,True,True,True,30.653125,28.693007,0.0,0.0,283.311776,1.0,4345.48125,4376.66,31.17875,False,False,MICRO_OFFSET | MID_GAP | ORIGINAL_CLUSTER | QUARTER_ROUNDING | RESIDUAL_LEVEL | RESIDUAL_REGIME_LEVEL,adjacent_cluster_midpoint | base_cluster | base_plus_+11 | base_plus_+13 | base_plus_+3 | base_plus_+5 | base_plus_+8 | base_plus_-11 | base_plus_-13 | base_plus_-3 | base_plus_-5 | base_plus_-8 | nearest_quarter_variant | prior_level_median_residual | prior_regime_level_median_residual,4330.929222,4352.91,21.980778,False,False,MICRO_OFFSET | MID_GAP | ORIGINAL_CLUSTER | QUARTER_ROUNDING | RESIDUAL_LEVEL | RESIDUAL_REGIME_LEVEL,adjacent_cluster_midpoint | base_cluster | base_plus_+11 | base_plus_+13 | base_plus_+3 | base_plus_+5 | base_plus_+8 | base_plus_-11 | base_plus_-13 | base_plus_-3 | base_plus_-5 | base_plus_-8 | nearest_quarter_variant | prior_level_median_residual | prior_regime_level_median_residual,4300.3225,4330.45,30.1275,False,False,MICRO_OFFSET | MID_GAP | ORIGINAL_CLUSTER | QUARTER_ROUNDING | RESIDUAL_LEVEL | RESIDUAL_REGIME_LEVEL,adjacent_cluster_midpoint | base_cluster | base_plus_+11 | base_plus_+13 | base_plus_+3 | base_plus_+5 | base_plus_+8 | base_plus_-11 | base_plus_-13 | base_plus_-3 | base_plus_-5 | base_plus_-8 | nearest_quarter_variant | prior_level_median_residual | prior_regime_level_median_residual,4276.755,4308.24,31.485,False,False,MICRO_OFFSET | MID_GAP | ORIGINAL_CLUSTER | QUARTER_ROUNDING | RESIDUAL_LEVEL | RESIDUAL_REGIME_LEVEL,adjacent_cluster_midpoint | base_cluster | base_plus_+11 | base_plus_+13 | base_plus_+3 | base_plus_+5 | base_plus_+8 | base_plus_-11 | base_plus_-13 | base_plus_-3 | base_plus_-5 | base_plus_-8 | nearest_quarter_variant | prior_level_median_residual | prior_regime_level_median_residual,2026-01-02,2025-12-31,RANGE_NORMAL_60_120,CLOSE_POS_MIDDLE_THIRD,ROWS_STANDARD_9_10,4318.87,PREV_CLOSE_PROXY,,NEUTRAL
True,True,True,True,8.38875,9.225625,25.0,25.0,104.0,1.0,4355.89875,4375.02,19.12125,False,False,MICRO_OFFSET | MID_GAP | ORIGINAL_CLUSTER | QUARTER_ROUNDING | RESIDUAL_LEVEL,adjacent_cluster_midpoint | base_cluster | base_plus_+11 | base_plus_+13 | base_plus_+3 | base_plus_+5 | base_plus_+8 | base_plus_-11 | base_plus_-13 | base_plus_-3 | base_plus_-5 | base_plus_-8 | nearest_quarter_variant | prior_level_median_residual,4340.6025,4350.66,10.0575,False,False,MICRO_OFFSET | MID_GAP | ORIGINAL_CLUSTER | QUARTER_ROUNDING | RESIDUAL_LEVEL | RESIDUAL_REGIME_LEVEL,adjacent_cluster_midpoint | base_cluster | base_plus_+11 | base_plus_+13 | base_plus_+3 | base_plus_+5 | base_plus_+8 | base_plus_-11 | base_plus_-13 | base_plus_-3 | base_plus_-5 | base_plus_-8 | nearest_quarter_variant | prior_level_median_residual | prior_regime_level_median_residual,4325.30625,4326.31,1.00375,True,True,MICRO_OFFSET | MID_GAP | ORIGINAL_CLUSTER | QUARTER_ROUNDING | RESIDUAL_LEVEL | RESIDUAL_REGIME_LEVEL,adjacent_cluster_midpoint | base_cluster | base_plus_+11 | base_plus_+13 | base_plus_+3 | base_plus_+5 | base_plus_+8 | base_plus_-11 | base_plus_-13 | base_plus_-3 | base_plus_-5 | base_plus_-8 | nearest_quarter_variant | prior_level_median_residual | prior_regime_level_median_residual,4310.01,4303.29,6.72,False,False,MICRO_OFFSET | MID_GAP | ORIGINAL_CLUSTER | QUARTER_ROUNDING | RESIDUAL_LEVEL | RESIDUAL_REGIME_LEVEL,adjacent_cluster_midpoint | base_cluster | base_plus_+11 | base_plus_+13 | base_plus_+3 | base_plus_+5 | base_plus_+8 | base_plus_-11 | base_plus_-13 | base_plus_-3 | base_plus_-5 | base_plus_-8 | nearest_quarter_variant | prior_level_median_residual | prior_regime_level_median_residual,2026-01-05,2026-01-02,RANGE_NORMAL_60_120,CLOSE_POS_LOWER_THIRD,ROWS_STANDARD_9_10,4332.72,PREV_CLOSE_PROXY,,NEUTRAL
True,True,False,False,16.884376,18.202468,0.0,0.0,270.97526,1.0,4443.270435,4459.82,16.549565,False,False,MICRO_OFFSET | MID_GAP | ORIGINAL_CLUSTER | QUARTER_ROUNDING | RESIDUAL_LEVEL | RESIDUAL_REGIME_LEVEL,adjacent_cluster_midpoint | base_cluster | base_plus_+11 | base_plus_+13 | base_plus_+3 | base_plus_+5 | base_plus_+8 | base_plus_-11 | base_plus_-13 | base_plus_-3 | base_plus_-5 | base_plus_-8 | nearest_quarter_variant | prior_level_median_residual | prior_regime_level_median_residual,4425.0825,4437.39,12.3075,False,False,MICRO_OFFSET | MID_GAP | ORIGINAL_CLUSTER | QUARTER_ROUNDING | RESIDUAL_LEVEL | RESIDUAL_REGIME_LEVEL,adjacent_cluster_midpoint | base_cluster | base_plus_+11 | base_plus_+13 | base_plus_+3 | base_plus_+5 | base_plus_+8 | base_plus_-11 | base_plus_-13 | base_plus_-3 | base_plus_-5 | base_plus_-8 | nearest_quarter_variant | prior_level_median_residual | prior_regime_level_median_residual,4400.760814,4417.98,17.219186,False,False,MICRO_OFFSET | MID_GAP | ORIGINAL_CLUSTER | QUARTER_ROUNDING | RESIDUAL_LEVEL | RESIDUAL_REGIME_LEVEL,adjacent_cluster_midpoint | base_cluster | base_plus_+11 | base_plus_+13 | base_plus_+3 | base_plus_+5 | base_plus_+8 | base_plus_-11 | base_plus_-13 | base_plus_-3 | base_plus_-5 | base_plus_-8 | nearest_quarter_variant | prior_level_median_residual | prior_regime_level_median_residual,4371.82638,4398.56,26.73362,False,False,MICRO_OFFSET | MID_GAP | ORIGINAL_CLUSTER | QUARTER_ROUNDING | RESIDUAL_LEVEL | RESIDUAL_REGIME_LEVEL,adjacent_cluster_midpoint | base_cluster | base_plus_+11 | base_plus_+13 | base_plus_+3 | base_plus_+5 | base_plus_+8 | base_plus_-11 | base_plus_-13 | base_plus_-3 | base_plus_-5 | base_plus_-8 | nearest_quarter_variant | prior_level_median_residual | prior_regime_level_median_residual,2026-01-06,2026-01-05,RANGE_NORMAL_60_120,CLOSE_POS_UPPER_THIRD,ROWS_STANDARD_9_10,4448.89,PREV_CLOSE_PROXY,,NEUTRAL
True,True,False,True,10.641509,11.065543,0.0,0.0,260.632725,1.0,4494.564595,4510.43,15.865405,False,False,MICRO_OFFSET | MID_GAP | ORIGINAL_CLUSTER | QUARTER_ROUNDING | RESIDUAL_LEVEL | RESIDUAL_REGIME_LEVEL,adjacent_cluster_midpoint | base_cluster | base_plus_+11 | base_plus_+13 | base_plus_+3 | base_plus_+5 | base_plus_+8 | base_plus_-11 | base_plus_-13 | base_plus_-3 | base_plus_-5 | base_plus_-8 | nearest_quarter_variant | prior_level_median_residual | prior_regime_level_median_residual,4482.5075,4491.87,9.3625,False,False,MICRO_OFFSET | MID_GAP | ORIGINAL_CLUSTER | QUARTER_ROUNDING | RESIDUAL_LEVEL | RESIDUAL_REGIME_LEVEL,adjacent_cluster_midpoint | base_cluster | base_plus_+11 | base_plus_+13 | base_plus_+3 | base_plus_+5 | base_plus_+8 | base_plus_-11 | base_plus_-13 | base_plus_-3 | base_plus_-5 | base_plus_-8 | nearest_quarter_variant | prior_level_median_residual | prior_regime_level_median_residual,4463.379483,4475.3,11.920517,False,False,MICRO_OFFSET | MID_GAP | ORIGINAL_CLUSTER | QUARTER_ROUNDING | RESIDUAL_LEVEL | RESIDUAL_REGIME_LEVEL,adjacent_cluster_midpoint | base_cluster | base_plus_+11 | base_plus_+13 | base_plus_+3 | base_plus_+5 | base_plus_+8 | base_plus_-11 | base_plus_-13 | base_plus_-3 | base_plus_-5 | base_plus_-8 | nearest_quarter_variant | prior_level_median_residual | prior_regime_level_median_residual,4462.85375,4455.74,7.11375,False,False,MICRO_OFFSET | MID_GAP | ORIGINAL_CLUSTER | QUARTER_ROUNDING | RESIDUAL_LEVEL | RESIDUAL_REGIME_LEVEL,adjacent_cluster_midpoint | base_cluster | base_plus_+11 | base_plus_+13 | base_plus_+3 | base_plus_+5 | base_plus_+8 | base_plus_-11 | base_plus_-13 | base_plus_-3 | base_plus_-5 | base_plus_-8 | nearest_quarter_variant | prior_level_median_residual | prior_regime_level_median_residual,2026-01-07,2026-01-06,RANGE_NORMAL_60_120,CLOSE_POS_UPPER_THIRD,ROWS_STANDARD_9_10,4494.54,PREV_CLOSE_PROXY,,NEUTRAL
True,True,True,True,15.799688,14.931227,0.0,0.0,258.963935,1.0,4479.281875,4494.25,14.968125,False,False,MICRO_OFFSET | MID_GAP | ORIGINAL_CLUSTER | QUARTER_ROUNDING | RESIDUAL_LEVEL | RESIDUAL_REGIME_LEVEL,adjacent_cluster_midpoint | base_cluster | base_plus_+11 | base_plus_+13 | base_plus_+3 | base_plus_+5 | base_plus_+8 | base_plus_-11 | base_plus_-13 | base_plus_-3 | base_plus_-5 | base_plus_-8 | nearest_quarter_variant | prior_level_median_residual | prior_regime_level_median_residual,4467.191967,4477.38,10.188033,False,False,MICRO_OFFSET | MID_GAP | ORIGINAL_CLUSTER | QUARTER_ROUNDING | RESIDUAL_LEVEL | RESIDUAL_REGIME_LEVEL,adjacent_cluster_midpoint | base_cluster | base_plus_+11 | base_plus_+13 | base_plus_+3 | base_plus_+5 | base_plus_+8 | base_plus_-11 | base_plus_-13 | base_plus_-3 | base_plus_-5 | base_plus_-8 | nearest_quarter_variant | prior_level_median_residual | prior_regime_level_median_residual,4441.15875,4457.79,16.63125,False,False,MICRO_OFFSET | MID_GAP | ORIGINAL_CLUSTER | QUARTER_ROUNDING | RESIDUAL_LEVEL | RESIDUAL_REGIME_LEVEL,adjacent_cluster_midpoint | base_cluster | base_plus_+11 | base_plus_+13 | base_plus_+3 | base_plus_+5 | base_plus_+8 | base_plus_-11 | base_plus_-13 | base_plus_-3 | base_plus_-5 | base_plus_-8 | nearest_quarter_variant | prior_level_median_residual | prior_regime_level_median_residual,4420.2725,4438.21,17.9375,False,False,MICRO_OFFSET | MID_GAP | ORIGINAL_CLUSTER | QUARTER_ROUNDING | RESIDUAL_LEVEL | RESIDUAL_REGIME_LEVEL,adjacent_cluster_midpoint | base_cluster | base_plus_+11 | base_plus_+13 | base_plus_+3 | base_plus_+5 | base_plus_+8 | base_plus_-11 | base_plus_-13 | base_plus_-3 | base_plus_-5 | base_plus_-8 | nearest_quarter_variant | prior_level_median_residual | prior_regime_level_median_residual,2026-01-08,2026-01-07,RANGE_NORMAL_60_120,CLOSE_POS_MIDDLE_THIRD,ROWS_STANDARD_9_10,4456.36,PREV_CLOSE_PROXY,,NEUTRAL
True,True,False,False,7.930828,8.926761,25.0,50.0,262.757466,1.0,4476.138345,4487.52,11.381655,False,False,MICRO_OFFSET | MID_GAP | ORIGINAL_CLUSTER | QUARTER_ROUNDING | RESIDUAL_LEVEL | RESIDUAL_REGIME_LEVEL,adjacent_cluster_midpoint | base_cluster | base_plus_+11 | base_plus_+13 | base_plus_+3 | base_plus_+5 | base_plus_+8 | base_plus_-11 | base_plus_-13 | base_plus_-3 | base_plus_-5 | base_plus_-8 | nearest_quarter_variant | prior_level_median_residual | prior_regime_level_median_residual,4463.81,4468.29,4.48,False,True,MICRO_OFFSET | MID_GAP | ORIGINAL_CLUSTER | QUARTER_ROUNDING | RESIDUAL_LEVEL | RESIDUAL_REGIME_LEVEL,adjacent_cluster_midpoint | base_cluster | base_plus_+11 | base_plus_+13 | base_plus_+3 | base_plus_+5 | base_plus_+8 | base_plus_-11 | base_plus_-13 | base_plus_-3 | base_plus_-5 | base_plus_-8 | nearest_quarter_variant | prior_level_median_residual | prior_regime_level_median_residual,4444.472112,4447.13,2.657888,True,True,MICRO_OFFSET | MID_GAP | ORIGINAL_CLUSTER | QUARTER_ROUNDING | RESIDUAL_LEVEL | RESIDUAL_REGIME_LEVEL,adjacent_cluster_midpoint | base_cluster | base_plus_+11 | base_plus_+13 | base_plus_+3 | base_plus_+5 | base_plus_+8 | base_plus_-11 | base_plus_-13 | base_plus_-3 | base_plus_-5 | base_plus_-8 | nearest_quarter_variant | prior_level_median_residual | prior_regime_level_median_residual,4443.8075,4426.62,17.1875,False,False,MICRO_OFFSET | MID_GAP | ORIGINAL_CLUSTER | QUARTER_ROUNDING | RESIDUAL_LEVEL | RESIDUAL_REGIME_LEVEL,adjacent_cluster_midpoint | base_cluster | base_plus_+11 | base_plus_+13 | base_plus_+3 | base_plus_+5 | base_plus_+8 | base_plus_-11 | base_plus_-13 | base_plus_-3 | base_plus_-5 | base_plus_-8 | nearest_quarter_variant | prior_level_median_residual | prior_regime_level_median_residual,2026-01-09,2026-01-08,RANGE_NORMAL_60_120,CLOSE_POS_UPPER_THIRD,ROWS_STANDARD_9_10,4477.28,PREV_CLOSE_PROXY,,NEUTRAL
True,True,False,True,24.504112,22.494917,0.0,0.0,240.253552,1.0,4509.677927,4544.9,35.222072,False,False,MICRO_OFFSET | MID_GAP | ORIGINAL_CLUSTER | QUARTER_ROUNDING | RESIDUAL_LEVEL | RESIDUAL_REGIME_LEVEL,adjacent_cluster_midpoint | base_cluster | base_plus_+11 | base_plus_+13 | base_plus_+3 | base_plus_+5 | base_plus_+8 | base_plus_-11 | base_plus_-13 | base_plus_-3 | base_plus_-5 | base_plus_-8 | nearest_quarter_variant | prior_level_median_residual | prior_regime_level_median_residual,4504.32875,4528.66,24.33125,False,False,MICRO_OFFSET | MID_GAP | ORIGINAL_CLUSTER | QUARTER_ROUNDING | RESIDUAL_LEVEL | RESIDUAL_REGIME_LEVEL,adjacent_cluster_midpoint | base_cluster | base_plus_+11 | base_plus_+13 | base_plus_+3 | base_plus_+5 | base_plus_+8 | base_plus_-11 | base_plus_-13 | base_plus_-3 | base_plus_-5 | base_plus_-8 | nearest_quarter_variant | prior_level_median_residual | prior_regime_level_median_residual,4486.923027,4511.6,24.676973,False,False,MICRO_OFFSET | MID_GAP | ORIGINAL_CLUSTER | QUARTER_ROUNDING | RESIDUAL_LEVEL | RESIDUAL_REGIME_LEVEL,adjacent_cluster_midpoint | base_cluster | base_plus_+11 | base_plus_+13 | base_plus_+3 | base_plus_+5 | base_plus_+8 | base_plus_-11 | base_plus_-13 | base_plus_-3 | base_plus_-5 | base_plus_-8 | nearest_quarter_variant | prior_level_median_residual | prior_regime_level_median_residual,4485.730625,4491.48,5.749375,False,False,MICRO_OFFSET | MID_GAP | ORIGINAL_CLUSTER | QUARTER_ROUNDING | RESIDUAL_LEVEL | RESIDUAL_REGIME_LEVEL,adjacent_cluster_midpoint | base_cluster | base_plus_+11 | base_plus_+13 | base_plus_+3 | base_plus_+5 | base_plus_+8 | base_plus_-11 | base_plus_-13 | base_plus_-3 | base_plus_-5 | base_plus_-8 | nearest_quarter_variant | prior_level_median_residual | prior_regime_level_median_residual,2026-01-12,2026-01-09,RANGE_NORMAL_60_120,CLOSE_POS_UPPER_THIRD,ROWS_STANDARD_9_10,4509.3,PREV_CLOSE_PROXY,,NEUTRAL
True,True,False,False,8.300625,8.423906,0.0,0.0,175.67625,1.0,4592.695625,4600.74,8.044375,False,False,MICRO_OFFSET | MID_GAP | ORIGINAL_CLUSTER | QUARTER_ROUNDING | RESIDUAL_LEVEL | RESIDUAL_REGIME_LEVEL,adjacent_cluster_midpoint | base_cluster | base_plus_+11 | base_plus_+13 | base_plus_+3 | base_plus_+5 | base_plus_+8 | base_plus_-11 | base_plus_-13 | base_plus_-3 | base_plus_-5 | base_plus_-8 | nearest_quarter_variant | prior_level_median_residual | prior_regime_level_median_residual,4584.304375,4572.9,11.404375,False,False,MICRO_OFFSET | MID_GAP | ORIGINAL_CLUSTER | QUARTER_ROUNDING | RESIDUAL_LEVEL | RESIDUAL_REGIME_LEVEL,adjacent_cluster_midpoint | base_cluster | base_plus_+11 | base_plus_+13 | base_plus_+3 | base_plus_+5 | base_plus_+8 | base_plus_-11 | base_plus_-13 | base_plus_-3 | base_plus_-5 | base_plus_-8 | nearest_quarter_variant | prior_level_median_residual | prior_regime_level_median_residual,4554.846875,4546.29,8.556875,False,False,MICRO_OFFSET | MID_GAP | ORIGINAL_CLUSTER | QUARTER_ROUNDING | RESIDUAL_LEVEL | RESIDUAL_REGIME_LEVEL,adjacent_cluster_midpoint | base_cluster | base_plus_+11 | base_plus_+13 | base_plus_+3 | base_plus_+5 | base_plus_+8 | base_plus_-11 | base_plus_-13 | base_plus_-3 | base_plus_-5 | base_plus_-8 | nearest_quarter_variant | prior_level_median_residual | prior_regime_level_median_residual,4512.4,4518.09,5.69,False,False,MICRO_OFFSET | MID_GAP | ORIGINAL_CLUSTER | QUARTER_ROUNDING | RESIDUAL_LEVEL,adjacent_cluster_midpoint | base_cluster | base_plus_+11 | base_plus_+13 | base_plus_+3 | base_plus_+5 | base_plus_+8 | base_plus_-11 | base_plus_-13 | base_plus_-3 | base_plus_-5 | base_plus_-8 | nearest_quarter_variant | prior_level_median_residual,2026-01-13,2026-01-12,RANGE_NORMAL_60_120,CLOSE_POS_UPPER_THIRD,ROWS_SPARSE_1_8,4597.38,PREV_CLOSE_PROXY,,NEUTRAL
True,True,True,True,25.932292,28.242865,0.0,0.0,116.38375,1.0,4608.386875,4597.86,10.526875,False,False,MICRO_OFFSET | MID_GAP | ORIGINAL_CLUSTER | QUARTER_ROUNDING | RESIDUAL_LEVEL | RESIDUAL_REGIME_LEVEL,adjacent_cluster_midpoint | base_cluster | base_plus_+11 | base_plus_+13 | base_plus_+3 | base_plus_+5 | base_plus_+8 | base_plus_-11 | base_plus_-13 | base_plus_-3 | base_plus_-5 | base_plus_-8 | nearest_quarter_variant | prior_level_median_residual | prior_regime_level_median_residual,4595.177084,4575.27,19.907084,False,False,MICRO_OFFSET | MID_GAP | ORIGINAL_CLUSTER | QUARTER_ROUNDING | RESIDUAL_LEVEL | RESIDUAL_REGIME_LEVEL,adjacent_cluster_midpoint | base_cluster | base_plus_+11 | base_plus_+13 | base_plus_+3 | base_plus_+5 | base_plus_+8 | base_plus_-11 | base_plus_-13 | base_plus_-3 | base_plus_-5 | base_plus_-8 | nearest_quarter_variant | prior_level_median_residual | prior_regime_level_median_residual,4578.4575,4546.5,31.9575,False,False,MICRO_OFFSET | MID_GAP | ORIGINAL_CLUSTER | QUARTER_ROUNDING | RESIDUAL_LEVEL | RESIDUAL_REGIME_LEVEL,adjacent_cluster_midpoint | base_cluster | base_plus_+11 | base_plus_+13 | base_plus_+3 | base_plus_+5 | base_plus_+8 | base_plus_-11 | base_plus_-13 | base_plus_-3 | base_plus_-5 | base_plus_-8 | nearest_quarter_variant | prior_level_median_residual | prior_regime_level_median_residual,4569.72,4519.14,50.58,False,False,MICRO_OFFSET | MID_GAP | ORIGINAL_CLUSTER | QUARTER_ROUNDING | RESIDUAL_LEVEL | RESIDUAL_REGIME_LEVEL,adjacent_cluster_midpoint | base_cluster | base_plus_+11 | base_plus_+13 | base_plus_+3 | base_plus_+5 | base_plus_+8 | base_plus_-11 | base_plus_-13 | base_plus_-3 | base_plus_-5 | base_plus_-8 | nearest_quarter_variant | prior_level_median_residual | prior_regime_level_median_residual,2026-01-14,2026-01-13,RANGE_NORMAL_60_120,CLOSE_POS_LOWER_THIRD,ROWS_STANDARD_9_10,4586.3,PREV_CLOSE_PROXY,,NEUTRAL
True,True,False,True,34.858438,36.99672,0.0,0.0,154.231241,1.0,4629.071255,4597.72,31.351255,False,False,MICRO_OFFSET | MID_GAP | ORIGINAL_CLUSTER | QUARTER_ROUNDING | RESIDUAL_LEVEL | RESIDUAL_REGIME_LEVEL,adjacent_cluster_midpoint | base_cluster | base_plus_+11 | base_plus_+13 | base_plus_+3 | base_plus_+5 | base_plus_+8 | base_plus_-11 | base_plus_-13 | base_plus_-3 | base_plus_-5 | base_plus_-8 | nearest_quarter_variant | prior_level_median_residual | prior_regime_level_median_residual,4608.193125,4574.22,33.973125,False,False,MICRO_OFFSET | MID_GAP | ORIGINAL_CLUSTER | QUARTER_ROUNDING | RESIDUAL_LEVEL | RESIDUAL_REGIME_LEVEL,adjacent_cluster_midpoint | base_cluster | base_plus_+11 | base_plus_+13 | base_plus_+3 | base_plus_+5 | base_plus_+8 | base_plus_-11 | base_plus_-13 | base_plus_-3 | base_plus_-5 | base_plus_-8 | nearest_quarter_variant | prior_level_median_residual | prior_regime_level_median_residual,4584.93375,4549.19,35.74375,False,False,MICRO_OFFSET | MID_GAP | ORIGINAL_CLUSTER | QUARTER_ROUNDING | RESIDUAL_LEVEL | RESIDUAL_REGIME_LEVEL,adjacent_cluster_midpoint | base_cluster | base_plus_+11 | base_plus_+13 | base_plus_+3 | base_plus_+5 | base_plus_+8 | base_plus_-11 | base_plus_-13 | base_plus_-3 | base_plus_-5 | base_plus_-8 | nearest_quarter_variant | prior_level_median_residual | prior_regime_level_median_residual,4563.85875,4516.94,46.91875,False,False,MICRO_OFFSET | MID_GAP | ORIGINAL_CLUSTER | QUARTER_ROUNDING | RESIDUAL_LEVEL | RESIDUAL_REGIME_LEVEL,adjacent_cluster_midpoint | base_cluster | base_plus_+11 | base_plus_+13 | base_plus_+3 | base_plus_+5 | base_plus_+8 | base_plus_-11 | base_plus_-13 | base_plus_-3 | base_plus_-5 | base_plus_-8 | nearest_quarter_variant | prior_level_median_residual | prior_regime_level_median_residual,2026-01-15,2026-01-14,RANGE_COMPRESSED_0_60,CLOSE_POS_UPPER_THIRD,ROWS_SPARSE_1_8,4626.39,PREV_CLOSE_PROXY,,NEUTRAL
True,True,False,False,9.850938,10.866328,0.0,0.0,173.271875,1.0,4608.74,4618.64,9.9,False,False,MICRO_OFFSET | MID_GAP | ORIGINAL_CLUSTER | QUARTER_ROUNDING | RESIDUAL_LEVEL | RESIDUAL_REGIME_LEVEL,adjacent_cluster_midpoint | base_cluster | base_plus_+11 | base_plus_+13 | base_plus_+3 | base_plus_+5 | base_plus_+8 | base_plus_-11 | base_plus_-13 | base_plus_-3 | base_plus_-5 | base_plus_-8 | nearest_quarter_variant | prior_level_median_residual | prior_regime_level_median_residual,4599.779062,4591.17,8.609062,False,False,MICRO_OFFSET | MID_GAP | ORIGINAL_CLUSTER | QUARTER_ROUNDING | RESIDUAL_LEVEL | RESIDUAL_REGIME_LEVEL,adjacent_cluster_midpoint | base_cluster | base_plus_+11 | base_plus_+13 | base_plus_+3 | base_plus_+5 | base_plus_+8 | base_plus_-11 | base_plus_-13 | base_plus_-3 | base_plus_-5 | base_plus_-8 | nearest_quarter_variant | prior_level_median_residual | prior_regime_level_median_residual,4576.611875,4566.81,9.801875,False,False,MICRO_OFFSET | MID_GAP | ORIGINAL_CLUSTER | QUARTER_ROUNDING | RESIDUAL_LEVEL | RESIDUAL_REGIME_LEVEL,adjacent_cluster_midpoint | base_cluster | base_plus_+11 | base_plus_+13 | base_plus_+3 | base_plus_+5 | base_plus_+8 | base_plus_-11 | base_plus_-13 | base_plus_-3 | base_plus_-5 | base_plus_-8 | nearest_quarter_variant | prior_level_median_residual | prior_regime_level_median_residual,4556.274375,4541.12,15.154375,False,False,MICRO_OFFSET | MID_GAP | ORIGINAL_CLUSTER | QUARTER_ROUNDING | RESIDUAL_LEVEL | RESIDUAL_REGIME_LEVEL,adjacent_cluster_midpoint | base_cluster | base_plus_+11 | base_plus_+13 | base_plus_+3 | base_plus_+5 | base_plus_+8 | base_plus_-11 | base_plus_-13 | base_plus_-3 | base_plus_-5 | base_plus_-8 | nearest_quarter_variant | prior_level_median_residual | prior_regime_level_median_residual,2026-01-16,2026-01-15,RANGE_COMPRESSED_0_60,CLOSE_POS_UPPER_THIRD,ROWS_SPARSE_1_8,4615.76,PREV_CLOSE_PROXY,,NEUTRAL
True,True,False,True,7.0425,8.425313,25.0,50.0,146.7575,1.0,4596.7525,4615.0,18.2475,False,False,MICRO_OFFSET | MID_GAP | ORIGINAL_CLUSTER | QUARTER_ROUNDING | RESIDUAL_LEVEL | RESIDUAL_REGIME_LEVEL,adjacent_cluster_midpoint | base_cluster | base_plus_+11 | base_plus_+13 | base_plus_+3 | base_plus_+5 | base_plus_+8 | base_plus_-11 | base_plus_-13 | base_plus_-3 | base_plus_-5 | base_plus_-8 | nearest_quarter_variant | prior_level_median_residual | prior_regime_level_median_residual,4589.2525,4592.49,3.2375,False,True,MICRO_OFFSET | MID_GAP | ORIGINAL_CLUSTER | QUARTER_ROUNDING | RESIDUAL_LEVEL | RESIDUAL_REGIME_LEVEL,adjacent_cluster_midpoint | base_cluster | base_plus_+11 | base_plus_+13 | base_plus_+3 | base_plus_+5 | base_plus_+8 | base_plus_-11 | base_plus_-13 | base_plus_-3 | base_plus_-5 | base_plus_-8 | nearest_quarter_variant | prior_level_median_residual | prior_regime_level_median_residual,4568.62125,4569.99,1.36875,True,True,MICRO_OFFSET | MID_GAP | ORIGINAL_CLUSTER | QUARTER_ROUNDING | RESIDUAL_LEVEL | RESIDUAL_REGIME_LEVEL,adjacent_cluster_midpoint | base_cluster | base_plus_+11 | base_plus_+13 | base_plus_+3 | base_plus_+5 | base_plus_+8 | base_plus_-11 | base_plus_-13 | base_plus_-3 | base_plus_-5 | base_plus_-8 | nearest_quarter_variant | prior_level_median_residual | prior_regime_level_median_residual,4535.9925,4546.84,10.8475,False,False,MICRO_OFFSET | MID_GAP | ORIGINAL_CLUSTER | QUARTER_ROUNDING | RESIDUAL_LEVEL | RESIDUAL_REGIME_LEVEL,adjacent_cluster_midpoint | base_cluster | base_plus_+11 | base_plus_+13 | base_plus_+3 | base_plus_+5 | base_plus_+8 | base_plus_-11 | base_plus_-13 | base_plus_-3 | base_plus_-5 | base_plus_-8 | nearest_quarter_variant | prior_level_median_residual | prior_regime_level_median_residual,2026-01-19,2026-01-16,RANGE_NORMAL_60_120,CLOSE_POS_UPPER_THIRD,ROWS_SPARSE_1_8,4595.66,PREV_CLOSE_PROXY,,NEUTRAL
True,True,False,True,13.085098,14.136593,0.0,0.0,248.135542,1.0,4680.108554,4696.99,16.881446,False,False,MICRO_OFFSET | MID_GAP | ORIGINAL_CLUSTER | QUARTER_ROUNDING | RESIDUAL_LEVEL | RESIDUAL_REGIME_LEVEL,adjacent_cluster_midpoint | base_cluster | base_plus_+11 | base_plus_+13 | base_plus_+3 | base_plus_+5 | base_plus_+8 | base_plus_-11 | base_plus_-13 | base_plus_-3 | base_plus_-5 | base_plus_-8 | nearest_quarter_variant | prior_level_median_residual | prior_regime_level_median_residual,4667.83125,4677.12,9.28875,False,False,MICRO_OFFSET | MID_GAP | ORIGINAL_CLUSTER | QUARTER_ROUNDING | RESIDUAL_LEVEL | RESIDUAL_REGIME_LEVEL,adjacent_cluster_midpoint | base_cluster | base_plus_+11 | base_plus_+13 | base_plus_+3 | base_plus_+5 | base_plus_+8 | base_plus_-11 | base_plus_-13 | base_plus_-3 | base_plus_-5 | base_plus_-8 | nearest_quarter_variant | prior_level_median_residual | prior_regime_level_median_residual,4663.921801,4655.27,8.6518,False,False,MICRO_OFFSET | MID_GAP | ORIGINAL_CLUSTER | QUARTER_ROUNDING | RESIDUAL_LEVEL | RESIDUAL_REGIME_LEVEL,adjacent_cluster_midpoint | base_cluster | base_plus_+11 | base_plus_+13 | base_plus_+3 | base_plus_+5 | base_plus_+8 | base_plus_-11 | base_plus_-13 | base_plus_-3 | base_plus_-5 | base_plus_-8 | nearest_quarter_variant | prior_level_median_residual | prior_regime_level_median_residual,4655.394375,4633.67,21.724375,False,False,MICRO_OFFSET | MID_GAP | ORIGINAL_CLUSTER | QUARTER_ROUNDING | RESIDUAL_LEVEL | RESIDUAL_REGIME_LEVEL,adjacent_cluster_midpoint | base_cluster | base_plus_+11 | base_plus_+13 | base_plus_+3 | base_plus_+5 | base_plus_+8 | base_plus_-11 | base_plus_-13 | base_plus_-3 | base_plus_-5 | base_plus_-8 | nearest_quarter_variant | prior_level_median_residual | prior_regime_level_median_residual,2026-01-20,2026-01-19,RANGE_NORMAL_60_120,CLOSE_POS_UPPER_THIRD,ROWS_STANDARD_9_10,4670.86,PREV_CLOSE_PROXY,,NEUTRAL
True,True,False,False,127.369687,127.056094,0.0,0.0,104.49375,1.0,4727.915,4856.21,128.295,False,False,MICRO_OFFSET | MID_GAP | ORIGINAL_CLUSTER | QUARTER_ROUNDING | RESIDUAL_LEVEL | RESIDUAL_REGIME_LEVEL,adjacent_cluster_midpoint | base_cluster | base_plus_+11 | base_plus_+13 | base_plus_+3 | base_plus_+5 | base_plus_+8 | base_plus_-11 | base_plus_-13 | base_plus_-3 | base_plus_-5 | base_plus_-8 | nearest_quarter_variant | prior_level_median_residual | prior_regime_level_median_residual,4712.915,4833.04,120.125,False,False,MICRO_OFFSET | MID_GAP | ORIGINAL_CLUSTER | QUARTER_ROUNDING | RESIDUAL_LEVEL | RESIDUAL_REGIME_LEVEL,adjacent_cluster_midpoint | base_cluster | base_plus_+11 | base_plus_+13 | base_plus_+3 | base_plus_+5 | base_plus_+8 | base_plus_-11 | base_plus_-13 | base_plus_-3 | base_plus_-5 | base_plus_-8 | nearest_quarter_variant | prior_level_median_residual | prior_regime_level_median_residual,4685.975625,4812.42,126.444375,False,False,MICRO_OFFSET | MID_GAP | ORIGINAL_CLUSTER | QUARTER_ROUNDING | RESIDUAL_LEVEL | RESIDUAL_REGIME_LEVEL,adjacent_cluster_midpoint | base_cluster | base_plus_+11 | base_plus_+13 | base_plus_+3 | base_plus_+5 | base_plus_+8 | base_plus_-11 | base_plus_-13 | base_plus_-3 | base_plus_-5 | base_plus_-8 | nearest_quarter_variant | prior_level_median_residual | prior_regime_level_median_residual,4659.53,4792.89,133.36,False,False,MICRO_OFFSET | MID_GAP | ORIGINAL_CLUSTER | QUARTER_ROUNDING | RESIDUAL_LEVEL | RESIDUAL_REGIME_LEVEL,adjacent_cluster_midpoint | base_cluster | base_plus_+11 | base_plus_+13 | base_plus_+3 | base_plus_+5 | base_plus_+8 | base_plus_-11 | base_plus_-13 | base_plus_-3 | base_plus_-5 | base_plus_-8 | nearest_quarter_variant | prior_level_median_residual | prior_regime_level_median_residual,2026-01-21,2026-01-20,RANGE_NORMAL_60_120,CLOSE_POS_UPPER_THIRD,ROWS_EXTENDED_11_PLUS,4763.3,PREV_CLOSE_PROXY,,NEUTRAL
True,True,False,False,24.291688,21.953857,0.0,0.0,78.0,2.0,4822.115,4853.55,31.435,False,False,MICRO_OFFSET | MID_GAP | ORIGINAL_CLUSTER | QUARTER_ROUNDING | RESIDUAL_LEVEL,adjacent_cluster_midpoint | base_cluster | base_plus_+11 | base_plus_+13 | base_plus_+3 | base_plus_+5 | base_plus_+8 | base_plus_-11 | base_plus_-13 | base_plus_-3 | base_plus_-5 | base_plus_-8 | nearest_quarter_variant | prior_level_median_residual,4800.036623,4828.22,28.183377,False,False,MICRO_OFFSET | MID_GAP | ORIGINAL_CLUSTER | QUARTER_ROUNDING | RESIDUAL_LEVEL | RESIDUAL_REGIME_LEVEL,adjacent_cluster_midpoint | base_cluster | base_plus_+11 | base_plus_+13 | base_plus_+3 | base_plus_+5 | base_plus_+8 | base_plus_-11 | base_plus_-13 | base_plus_-3 | base_plus_-5 | base_plus_-8 | nearest_quarter_variant | prior_level_median_residual | prior_regime_level_median_residual,4795.99295,4803.79,7.79705,False,False,RESIDUAL_REGIME_LEVEL,prior_regime_level_median_residual,4755.88,4776.28,20.4,False,False,MICRO_OFFSET | MID_GAP | ORIGINAL_CLUSTER | QUARTER_ROUNDING | RESIDUAL_LEVEL,adjacent_cluster_midpoint | base_cluster | base_plus_+11 | base_plus_+13 | base_plus_+3 | base_plus_+5 | base_plus_+8 | base_plus_-11 | base_plus_-13 | base_plus_-3 | base_plus_-5 | base_plus_-8 | nearest_quarter_variant | prior_level_median_residual,2026-01-22,2026-01-21,RANGE_WIDE_120_220,CLOSE_POS_MIDDLE_THIRD,ROWS_STANDARD_9_10,4831.03,PREV_CLOSE_PROXY,,NEUTRAL
True,True,False,False,10.7675,10.581719,50.0,50.0,104.03375,1.0,4921.01,4918.05,2.96,True,True,MICRO_OFFSET | MID_GAP | ORIGINAL_CLUSTER | QUARTER_ROUNDING | RESIDUAL_LEVEL | RESIDUAL_REGIME_LEVEL,adjacent_cluster_midpoint | base_cluster | base_plus_+11 | base_plus_+13 | base_plus_+3 | base_plus_+5 | base_plus_+8 | base_plus_-11 | base_plus_-13 | base_plus_-3 | base_plus_-5 | base_plus_-8 | nearest_quarter_variant | prior_level_median_residual | prior_regime_level_median_residual,4896.251875,4895.71,0.541875,True,True,MICRO_OFFSET | MID_GAP | ORIGINAL_CLUSTER | QUARTER_ROUNDING | RESIDUAL_LEVEL | RESIDUAL_REGIME_LEVEL,adjacent_cluster_midpoint | base_cluster | base_plus_+11 | base_plus_+13 | base_plus_+3 | base_plus_+5 | base_plus_+8 | base_plus_-11 | base_plus_-13 | base_plus_-3 | base_plus_-5 | base_plus_-8 | nearest_quarter_variant | prior_level_median_residual | prior_regime_level_median_residual,4891.01,4870.76,20.25,False,False,MICRO_OFFSET | MID_GAP | ORIGINAL_CLUSTER | QUARTER_ROUNDING | RESIDUAL_LEVEL,adjacent_cluster_midpoint | base_cluster | base_plus_+11 | base_plus_+13 | base_plus_+3 | base_plus_+5 | base_plus_+8 | base_plus_-11 | base_plus_-13 | base_plus_-3 | base_plus_-5 | base_plus_-8 | nearest_quarter_variant | prior_level_median_residual,4866.235,4847.66,18.575,False,False,MICRO_OFFSET | MID_GAP | ORIGINAL_CLUSTER | QUARTER_ROUNDING | RESIDUAL_LEVEL,adjacent_cluster_midpoint | base_cluster | base_plus_+11 | base_plus_+13 | base_plus_+3 | base_plus_+5 | base_plus_+8 | base_plus_-11 | base_plus_-13 | base_plus_-3 | base_plus_-5 | base_plus_-8 | nearest_quarter_variant | prior_level_median_residual,2026-01-23,2026-01-22,RANGE_WIDE_120_220,CLOSE_POS_UPPER_THIRD,ROWS_SPARSE_1_8,4936.06,PREV_CLOSE_PROXY,,NEUTRAL
True,True,False,False,24.530938,25.619844,0.0,0.0,104.49375,1.5,5079.925,5057.59,22.335,False,False,MICRO_OFFSET | MID_GAP | ORIGINAL_CLUSTER | QUARTER_ROUNDING | RESIDUAL_LEVEL | RESIDUAL_REGIME_LEVEL,adjacent_cluster_midpoint | base_cluster | base_plus_+11 | base_plus_+13 | base_plus_+3 | base_plus_+5 | base_plus_+8 | base_plus_-11 | base_plus_-13 | base_plus_-3 | base_plus_-5 | base_plus_-8 | nearest_quarter_variant | prior_level_median_residual | prior_regime_level_median_residual,5049.8375,5031.93,17.9075,False,False,MICRO_OFFSET | MID_GAP | ORIGINAL_CLUSTER | QUARTER_ROUNDING | RESIDUAL_LEVEL | RESIDUAL_REGIME_LEVEL,adjacent_cluster_midpoint | base_cluster | base_plus_+11 | base_plus_+13 | base_plus_+3 | base_plus_+5 | base_plus_+8 | base_plus_-11 | base_plus_-13 | base_plus_-3 | base_plus_-5 | base_plus_-8 | nearest_quarter_variant | prior_level_median_residual | prior_regime_level_median_residual,5034.546875,5007.82,26.726875,False,False,MICRO_OFFSET | MID_GAP | ORIGINAL_CLUSTER | QUARTER_ROUNDING | RESIDUAL_LEVEL | RESIDUAL_REGIME_LEVEL,adjacent_cluster_midpoint | base_cluster | base_plus_+11 | base_plus_+13 | base_plus_+3 | base_plus_+5 | base_plus_+8 | base_plus_-11 | base_plus_-13 | base_plus_-3 | base_plus_-5 | base_plus_-8 | nearest_quarter_variant | prior_level_median_residual | prior_regime_level_median_residual,5019.75,4984.24,35.51,False,False,MICRO_OFFSET | MID_GAP | ORIGINAL_CLUSTER | QUARTER_ROUNDING | RESIDUAL_LEVEL | RESIDUAL_REGIME_LEVEL,adjacent_cluster_midpoint | base_cluster | base_plus_+11 | base_plus_+13 | base_plus_+3 | base_plus_+5 | base_plus_+8 | base_plus_-11 | base_plus_-13 | base_plus_-3 | base_plus_-5 | base_plus_-8 | nearest_quarter_variant | prior_level_median_residual | prior_regime_level_median_residual,2026-01-26,2026-01-23,RANGE_NORMAL_60_120,CLOSE_POS_UPPER_THIRD,ROWS_EXTENDED_11_PLUS,4987.98,PREV_CLOSE_PROXY,,NEUTRAL
True,True,True,True,11.03625,10.304063,25.0,25.0,104.0,1.0,5046.59625,5064.63,18.03375,False,False,MICRO_OFFSET | MID_GAP | ORIGINAL_CLUSTER | QUARTER_ROUNDING | RESIDUAL_LEVEL,adjacent_cluster_midpoint | base_cluster | base_plus_+11 | base_plus_+13 | base_plus_+3 | base_plus_+5 | base_plus_+8 | base_plus_-11 | base_plus_-13 | base_plus_-3 | base_plus_-5 | base_plus_-8 | nearest_quarter_variant | prior_level_median_residual,5020.2075,5033.46,13.2525,False,False,MICRO_OFFSET | MID_GAP | ORIGINAL_CLUSTER | QUARTER_ROUNDING | RESIDUAL_LEVEL,adjacent_cluster_midpoint | base_cluster | base_plus_+11 | base_plus_+13 | base_plus_+3 | base_plus_+5 | base_plus_+8 | base_plus_-11 | base_plus_-13 | base_plus_-3 | base_plus_-5 | base_plus_-8 | nearest_quarter_variant | prior_level_median_residual,4989.93,4998.75,8.82,False,False,MICRO_OFFSET | MID_GAP | ORIGINAL_CLUSTER | QUARTER_ROUNDING | RESIDUAL_LEVEL,adjacent_cluster_midpoint | base_cluster | base_plus_+11 | base_plus_+13 | base_plus_+3 | base_plus_+5 | base_plus_+8 | base_plus_-11 | base_plus_-13 | base_plus_-3 | base_plus_-5 | base_plus_-8 | nearest_quarter_variant | prior_level_median_residual,4959.93,4958.82,1.11,True,True,MICRO_OFFSET | MID_GAP | ORIGINAL_CLUSTER | QUARTER_ROUNDING | RESIDUAL_LEVEL,adjacent_cluster_midpoint | base_cluster | base_plus_+11 | base_plus_+13 | base_plus_+3 | base_plus_+5 | base_plus_+8 | base_plus_-11 | base_plus_-13 | base_plus_-3 | base_plus_-5 | base_plus_-8 | nearest_quarter_variant | prior_level_median_residual,2026-01-27,2026-01-26,RANGE_WIDE_120_220,CLOSE_POS_LOWER_THIRD,ROWS_STANDARD_9_10,5008.17,PREV_CLOSE_PROXY,,NEUTRAL
True,True,False,False,62.622813,66.247656,0.0,0.0,175.54375,1.0,5154.63,5243.94,89.31,False,False,MICRO_OFFSET | MID_GAP | ORIGINAL_CLUSTER | QUARTER_ROUNDING | RESIDUAL_LEVEL,adjacent_cluster_midpoint | base_cluster | base_plus_+11 | base_plus_+13 | base_plus_+3 | base_plus_+5 | base_plus_+8 | base_plus_-11 | base_plus_-13 | base_plus_-3 | base_plus_-5 | base_plus_-8 | nearest_quarter_variant | prior_level_median_residual,5140.725625,5212.86,72.134375,False,False,MICRO_OFFSET | MID_GAP | ORIGINAL_CLUSTER | QUARTER_ROUNDING | RESIDUAL_LEVEL,adjacent_cluster_midpoint | base_cluster | base_plus_+11 | base_plus_+13 | base_plus_+3 | base_plus_+5 | base_plus_+8 | base_plus_-11 | base_plus_-13 | base_plus_-3 | base_plus_-5 | base_plus_-8 | nearest_quarter_variant | prior_level_median_residual,5127.75875,5180.87,53.11125,False,False,MICRO_OFFSET | MID_GAP | ORIGINAL_CLUSTER | QUARTER_ROUNDING | RESIDUAL_LEVEL,adjacent_cluster_midpoint | base_cluster | base_plus_+11 | base_plus_+13 | base_plus_+3 | base_plus_+5 | base_plus_+8 | base_plus_-11 | base_plus_-13 | base_plus_-3 | base_plus_-5 | base_plus_-8 | nearest_quarter_variant | prior_level_median_residual,5101.825,5152.26,50.435,False,False,MICRO_OFFSET | MID_GAP | ORIGINAL_CLUSTER | QUARTER_ROUNDING | RESIDUAL_LEVEL,adjacent_cluster_midpoint | base_cluster | base_plus_+11 | base_plus_+13 | base_plus_+3 | base_plus_+5 | base_plus_+8 | base_plus_-11 | base_plus_-13 | base_plus_-3 | base_plus_-5 | base_plus_-8 | nearest_quarter_variant | prior_level_median_residual,2026-01-28,2026-01-27,RANGE_WIDE_120_220,CLOSE_POS_UPPER_THIRD,ROWS_STANDARD_9_10,5181.22,PREV_CLOSE_PROXY,,NEUTRAL
True,True,False,False,28.4025,28.636272,0.0,0.0,104.0,1.25,5303.23,5354.75,51.52,False,False,MICRO_OFFSET | MID_GAP | ORIGINAL_CLUSTER | QUARTER_ROUNDING | RESIDUAL_LEVEL,adjacent_cluster_midpoint | base_cluster | base_plus_+11 | base_plus_+13 | base_plus_+3 | base_plus_+5 | base_plus_+8 | base_plus_-11 | base_plus_-13 | base_plus_-3 | base_plus_-5 | base_plus_-8 | nearest_quarter_variant | prior_level_median_residual,5273.23,5309.52,36.29,False,False,MICRO_OFFSET | MID_GAP | ORIGINAL_CLUSTER | QUARTER_ROUNDING | RESIDUAL_LEVEL,adjacent_cluster_midpoint | base_cluster | base_plus_+11 | base_plus_+13 | base_plus_+3 | base_plus_+5 | base_plus_+8 | base_plus_-11 | base_plus_-13 | base_plus_-3 | base_plus_-5 | base_plus_-8 | nearest_quarter_variant | prior_level_median_residual,5244.619913,5250.84,6.220087,False,False,MICRO_OFFSET | MID_GAP | ORIGINAL_CLUSTER | QUARTER_ROUNDING | RESIDUAL_LEVEL,adjacent_cluster_midpoint | base_cluster | base_plus_+11 | base_plus_+13 | base_plus_+3 | base_plus_+5 | base_plus_+8 | base_plus_-11 | base_plus_-13 | base_plus_-3 | base_plus_-5 | base_plus_-8 | nearest_quarter_variant | prior_level_median_residual,5222.815,5202.3,20.515,False,False,MICRO_OFFSET | MID_GAP | ORIGINAL_CLUSTER | QUARTER_ROUNDING | RESIDUAL_LEVEL,adjacent_cluster_midpoint | base_cluster | base_plus_+11 | base_plus_+13 | base_plus_+3 | base_plus_+5 | base_plus_+8 | base_plus_-11 | base_plus_-13 | base_plus_-3 | base_plus_-5 | base_plus_-8 | nearest_quarter_variant | prior_level_median_residual,2026-01-29,2026-01-28,RANGE_EXTREME_220_PLUS,CLOSE_POS_UPPER_THIRD,ROWS_SPARSE_1_8,5417.12,PREV_CLOSE_PROXY,,NEUTRAL
True,True,True,True,91.049666,85.552333,0.0,0.0,126.5,1.5,5475.085,5502.93,27.845,False,False,MICRO_OFFSET | MID_GAP | ORIGINAL_CLUSTER | QUARTER_ROUNDING | RESIDUAL_LEVEL,adjacent_cluster_midpoint | base_cluster | base_plus_+11 | base_plus_+13 | base_plus_+3 | base_plus_+5 | base_plus_+8 | base_plus_-11 | base_plus_-13 | base_plus_-3 | base_plus_-5 | base_plus_-8 | nearest_quarter_variant | prior_level_median_residual,5402.1875,5453.11,50.9225,False,False,MICRO_OFFSET | MID_GAP | ORIGINAL_CLUSTER | QUARTER_ROUNDING | RESIDUAL_LEVEL,adjacent_cluster_midpoint | base_cluster | base_plus_+11 | base_plus_+13 | base_plus_+3 | base_plus_+5 | base_plus_+8 | base_plus_-11 | base_plus_-13 | base_plus_-3 | base_plus_-5 | base_plus_-8 | nearest_quarter_variant | prior_level_median_residual,5269.593169,5400.77,131.176831,False,False,MICRO_OFFSET | MID_GAP | ORIGINAL_CLUSTER | QUARTER_ROUNDING | RESIDUAL_LEVEL,adjacent_cluster_midpoint | base_cluster | base_plus_+11 | base_plus_+13 | base_plus_+3 | base_plus_+5 | base_plus_+8 | base_plus_-11 | base_plus_-13 | base_plus_-3 | base_plus_-5 | base_plus_-8 | nearest_quarter_variant | prior_level_median_residual,5217.245,5349.51,132.265,False,False,MICRO_OFFSET | MID_GAP | ORIGINAL_CLUSTER | QUARTER_ROUNDING | RESIDUAL_LEVEL,adjacent_cluster_midpoint | base_cluster | base_plus_+11 | base_plus_+13 | base_plus_+3 | base_plus_+5 | base_plus_+8 | base_plus_-11 | base_plus_-13 | base_plus_-3 | base_plus_-5 | base_plus_-8 | nearest_quarter_variant | prior_level_median_residual,2026-01-30,2026-01-29,RANGE_EXTREME_220_PLUS,CLOSE_POS_MIDDLE_THIRD,ROWS_STANDARD_9_10,5370.92,PREV_CLOSE_PROXY,,NEUTRAL
True,True,False,True,133.519039,134.746395,0.0,0.0,104.0,1.0,5083.835,4926.32,157.515,False,False,MICRO_OFFSET | MID_GAP | ORIGINAL_CLUSTER | QUARTER_ROUNDING | RESIDUAL_LEVEL,adjacent_cluster_midpoint | base_cluster | base_plus_+11 | base_plus_+13 | base_plus_+3 | base_plus_+5 | base_plus_+8 | base_plus_-11 | base_plus_-13 | base_plus_-3 | base_plus_-5 | base_plus_-8 | nearest_quarter_variant | prior_level_median_residual,5053.835,4879.19,174.645,False,False,MICRO_OFFSET | MID_GAP | ORIGINAL_CLUSTER | QUARTER_ROUNDING | RESIDUAL_LEVEL,adjacent_cluster_midpoint | base_cluster | base_plus_+11 | base_plus_+13 | base_plus_+3 | base_plus_+5 | base_plus_+8 | base_plus_-11 | base_plus_-13 | base_plus_-3 | base_plus_-5 | base_plus_-8 | nearest_quarter_variant | prior_level_median_residual,4941.473079,4831.95,109.523079,False,False,MICRO_OFFSET | MID_GAP | ORIGINAL_CLUSTER | QUARTER_ROUNDING | RESIDUAL_LEVEL,adjacent_cluster_midpoint | base_cluster | base_plus_+11 | base_plus_+13 | base_plus_+3 | base_plus_+5 | base_plus_+8 | base_plus_-11 | base_plus_-13 | base_plus_-3 | base_plus_-5 | base_plus_-8 | nearest_quarter_variant | prior_level_median_residual,4877.7925,4780.49,97.3025,False,False,MICRO_OFFSET | MID_GAP | ORIGINAL_CLUSTER | QUARTER_ROUNDING | RESIDUAL_LEVEL,adjacent_cluster_midpoint | base_cluster | base_plus_+11 | base_plus_+13 | base_plus_+3 | base_plus_+5 | base_plus_+8 | base_plus_-11 | base_plus_-13 | base_plus_-3 | base_plus_-5 | base_plus_-8 | nearest_quarter_variant | prior_level_median_residual,2026-02-02,2026-01-30,RANGE_EXTREME_220_PLUS,CLOSE_POS_LOWER_THIRD,ROWS_EXTENDED_11_PLUS,4885.18,PREV_CLOSE_PROXY,,NEUTRAL
True,True,False,True,105.6025,106.89375,0.0,0.0,104.0,1.0,4786.65,4884.57,97.92,False,False,MICRO_OFFSET | MID_GAP | ORIGINAL_CLUSTER | QUARTER_ROUNDING | RESIDUAL_LEVEL,adjacent_cluster_midpoint | base_cluster | base_plus_+11 | base_plus_+13 | base_plus_+3 | base_plus_+5 | base_plus_+8 | base_plus_-11 | base_plus_-13 | base_plus_-3 | base_plus_-5 | base_plus_-8 | nearest_quarter_variant | prior_level_median_residual,4756.65,4848.53,91.88,False,False,MICRO_OFFSET | MID_GAP | ORIGINAL_CLUSTER | QUARTER_ROUNDING | RESIDUAL_LEVEL,adjacent_cluster_midpoint | base_cluster | base_plus_+11 | base_plus_+13 | base_plus_+3 | base_plus_+5 | base_plus_+8 | base_plus_-11 | base_plus_-13 | base_plus_-3 | base_plus_-5 | base_plus_-8 | nearest_quarter_variant | prior_level_median_residual,4692.705,4805.99,113.285,False,False,MICRO_OFFSET | MID_GAP | ORIGINAL_CLUSTER | QUARTER_ROUNDING | RESIDUAL_LEVEL,adjacent_cluster_midpoint | base_cluster | base_plus_+11 | base_plus_+13 | base_plus_+3 | base_plus_+5 | base_plus_+8 | base_plus_-11 | base_plus_-13 | base_plus_-3 | base_plus_-5 | base_plus_-8 | nearest_quarter_variant | prior_level_median_residual,4643.76,4768.25,124.49,False,False,MICRO_OFFSET | MID_GAP | ORIGINAL_CLUSTER | QUARTER_ROUNDING | RESIDUAL_LEVEL,adjacent_cluster_midpoint | base_cluster | base_plus_+11 | base_plus_+13 | base_plus_+3 | base_plus_+5 | base_plus_+8 | base_plus_-11 | base_plus_-13 | base_plus_-3 | base_plus_-5 | base_plus_-8 | nearest_quarter_variant | prior_level_median_residual,2026-02-03,2026-02-02,RANGE_EXTREME_220_PLUS,CLOSE_POS_MIDDLE_THIRD,ROWS_EXTENDED_11_PLUS,4660.96,PREV_CLOSE_PROXY,,NEUTRAL
True,True,False,False,106.741304,105.880652,0.0,0.0,104.0,1.0,4912.005,4996.14,84.135,False,False,MICRO_OFFSET | MID_GAP | ORIGINAL_CLUSTER | QUARTER_ROUNDING | RESIDUAL_LEVEL,adjacent_cluster_midpoint | base_cluster | base_plus_+11 | base_plus_+13 | base_plus_+3 | base_plus_+5 | base_plus_+8 | base_plus_-11 | base_plus_-13 | base_plus_-3 | base_plus_-5 | base_plus_-8 | nearest_quarter_variant | prior_level_median_residual,4859.7675,4948.43,88.6625,False,False,MICRO_OFFSET | MID_GAP | ORIGINAL_CLUSTER | QUARTER_ROUNDING | RESIDUAL_LEVEL,adjacent_cluster_midpoint | base_cluster | base_plus_+11 | base_plus_+13 | base_plus_+3 | base_plus_+5 | base_plus_+8 | base_plus_-11 | base_plus_-13 | base_plus_-3 | base_plus_-5 | base_plus_-8 | nearest_quarter_variant | prior_level_median_residual,4775.379891,4900.2,124.820109,False,False,MICRO_OFFSET | MID_GAP | ORIGINAL_CLUSTER | QUARTER_ROUNDING | RESIDUAL_LEVEL,adjacent_cluster_midpoint | base_cluster | base_plus_+11 | base_plus_+13 | base_plus_+3 | base_plus_+5 | base_plus_+8 | base_plus_-11 | base_plus_-13 | base_plus_-3 | base_plus_-5 | base_plus_-8 | nearest_quarter_variant | prior_level_median_residual,4725.555,4851.46,125.905,False,False,MICRO_OFFSET | MID_GAP | ORIGINAL_CLUSTER | QUARTER_ROUNDING | RESIDUAL_LEVEL,adjacent_cluster_midpoint | base_cluster | base_plus_+11 | base_plus_+13 | base_plus_+3 | base_plus_+5 | base_plus_+8 | base_plus_-11 | base_plus_-13 | base_plus_-3 | base_plus_-5 | base_plus_-8 | nearest_quarter_variant | prior_level_median_residual,2026-02-04,2026-02-03,RANGE_EXTREME_220_PLUS,CLOSE_POS_UPPER_THIRD,ROWS_STANDARD_9_10,4946.72,PREV_CLOSE_PROXY,,NEUTRAL
True,True,False,False,152.3725,148.415,0.0,0.0,104.0,1.0,5091.92,4990.45,101.47,False,False,MICRO_OFFSET | MID_GAP | ORIGINAL_CLUSTER | QUARTER_ROUNDING | RESIDUAL_LEVEL,adjacent_cluster_midpoint | base_cluster | base_plus_+11 | base_plus_+13 | base_plus_+3 | base_plus_+5 | base_plus_+8 | base_plus_-11 | base_plus_-13 | base_plus_-3 | base_plus_-5 | base_plus_-8 | nearest_quarter_variant | prior_level_median_residual,5087.9025,4944.86,143.0425,False,False,MICRO_OFFSET | MID_GAP | ORIGINAL_CLUSTER | QUARTER_ROUNDING | RESIDUAL_LEVEL,adjacent_cluster_midpoint | base_cluster | base_plus_+11 | base_plus_+13 | base_plus_+3 | base_plus_+5 | base_plus_+8 | base_plus_-11 | base_plus_-13 | base_plus_-3 | base_plus_-5 | base_plus_-8 | nearest_quarter_variant | prior_level_median_residual,5057.9025,4896.2,161.7025,False,False,MICRO_OFFSET | MID_GAP | ORIGINAL_CLUSTER | QUARTER_ROUNDING | RESIDUAL_LEVEL,adjacent_cluster_midpoint | base_cluster | base_plus_+11 | base_plus_+13 | base_plus_+3 | base_plus_+5 | base_plus_+8 | base_plus_-11 | base_plus_-13 | base_plus_-3 | base_plus_-5 | base_plus_-8 | nearest_quarter_variant | prior_level_median_residual,5031.385,4843.94,187.445,False,False,MICRO_OFFSET | MID_GAP | ORIGINAL_CLUSTER | QUARTER_ROUNDING | RESIDUAL_LEVEL,adjacent_cluster_midpoint | base_cluster | base_plus_+11 | base_plus_+13 | base_plus_+3 | base_plus_+5 | base_plus_+8 | base_plus_-11 | base_plus_-13 | base_plus_-3 | base_plus_-5 | base_plus_-8 | nearest_quarter_variant | prior_level_median_residual,2026-02-05,2026-02-04,RANGE_EXTREME_220_PLUS,CLOSE_POS_MIDDLE_THIRD,ROWS_EXTENDED_11_PLUS,4964.74,PREV_CLOSE_PROXY,,NEUTRAL
True,True,False,False,16.03,19.596875,25.0,25.0,104.0,1.25,4906.79,4897.44,9.35,False,False,MICRO_OFFSET | MID_GAP | ORIGINAL_CLUSTER | QUARTER_ROUNDING | RESIDUAL_LEVEL,adjacent_cluster_midpoint | base_cluster | base_plus_+11 | base_plus_+13 | base_plus_+3 | base_plus_+5 | base_plus_+8 | base_plus_-11 | base_plus_-13 | base_plus_-3 | base_plus_-5 | base_plus_-8 | nearest_quarter_variant | prior_level_median_residual,4876.79,4854.08,22.71,False,False,MICRO_OFFSET | MID_GAP | ORIGINAL_CLUSTER | QUARTER_ROUNDING | RESIDUAL_LEVEL,adjacent_cluster_midpoint | base_cluster | base_plus_+11 | base_plus_+13 | base_plus_+3 | base_plus_+5 | base_plus_+8 | base_plus_-11 | base_plus_-13 | base_plus_-3 | base_plus_-5 | base_plus_-8 | nearest_quarter_variant | prior_level_median_residual,4803.305,4803.0,0.305,True,True,MICRO_OFFSET | MID_GAP | ORIGINAL_CLUSTER | QUARTER_ROUNDING | RESIDUAL_LEVEL,adjacent_cluster_midpoint | base_cluster | base_plus_+11 | base_plus_+13 | base_plus_+3 | base_plus_+5 | base_plus_+8 | base_plus_-11 | base_plus_-13 | base_plus_-3 | base_plus_-5 | base_plus_-8 | nearest_quarter_variant | prior_level_median_residual,4792.8125,4746.79,46.0225,False,False,MICRO_OFFSET | MID_GAP | ORIGINAL_CLUSTER | QUARTER_ROUNDING | RESIDUAL_LEVEL,adjacent_cluster_midpoint | base_cluster | base_plus_+11 | base_plus_+13 | base_plus_+3 | base_plus_+5 | base_plus_+8 | base_plus_-11 | base_plus_-13 | base_plus_-3 | base_plus_-5 | base_plus_-8 | nearest_quarter_variant | prior_level_median_residual,2026-02-06,2026-02-05,RANGE_EXTREME_220_PLUS,CLOSE_POS_LOWER_THIRD,ROWS_EXTENDED_11_PLUS,4779.46,PREV_CLOSE_PROXY,,NEUTRAL
True,True,False,True,23.860625,23.405938,0.0,0.0,104.0,1.0,4971.43,4956.67,14.76,False,False,MICRO_OFFSET | MID_GAP | ORIGINAL_CLUSTER | QUARTER_ROUNDING | RESIDUAL_LEVEL,adjacent_cluster_midpoint | base_cluster | base_plus_+11 | base_plus_+13 | base_plus_+3 | base_plus_+5 | base_plus_+8 | base_plus_-11 | base_plus_-13 | base_plus_-3 | base_plus_-5 | base_plus_-8 | nearest_quarter_variant | prior_level_median_residual,4928.17625,4905.52,22.65625,False,False,MICRO_OFFSET | MID_GAP | ORIGINAL_CLUSTER | QUARTER_ROUNDING | RESIDUAL_LEVEL,adjacent_cluster_midpoint | base_cluster | base_plus_+11 | base_plus_+13 | base_plus_+3 | base_plus_+5 | base_plus_+8 | base_plus_-11 | base_plus_-13 | base_plus_-3 | base_plus_-5 | base_plus_-8 | nearest_quarter_variant | prior_level_median_residual,4884.9225,4853.78,31.1425,False,False,MICRO_OFFSET | MID_GAP | ORIGINAL_CLUSTER | QUARTER_ROUNDING | RESIDUAL_LEVEL,adjacent_cluster_midpoint | base_cluster | base_plus_+11 | base_plus_+13 | base_plus_+3 | base_plus_+5 | base_plus_+8 | base_plus_-11 | base_plus_-13 | base_plus_-3 | base_plus_-5 | base_plus_-8 | nearest_quarter_variant | prior_level_median_residual,4828.415,4803.35,25.065,False,False,MICRO_OFFSET | MID_GAP | ORIGINAL_CLUSTER | QUARTER_ROUNDING | RESIDUAL_LEVEL,adjacent_cluster_midpoint | base_cluster | base_plus_+11 | base_plus_+13 | base_plus_+3 | base_plus_+5 | base_plus_+8 | base_plus_-11 | base_plus_-13 | base_plus_-3 | base_plus_-5 | base_plus_-8 | nearest_quarter_variant | prior_level_median_residual,2026-02-09,2026-02-06,RANGE_EXTREME_220_PLUS,CLOSE_POS_UPPER_THIRD,ROWS_STANDARD_9_10,4965.74,PREV_CLOSE_PROXY,,NEUTRAL
True,True,True,True,29.485,33.044375,0.0,25.0,104.0,1.0,5135.6975,5139.66,3.9625,False,True,MICRO_OFFSET | MID_GAP | ORIGINAL_CLUSTER | QUARTER_ROUNDING | RESIDUAL_LEVEL,adjacent_cluster_midpoint | base_cluster | base_plus_+11 | base_plus_+13 | base_plus_+3 | base_plus_+5 | base_plus_+8 | base_plus_-11 | base_plus_-13 | base_plus_-3 | base_plus_-5 | base_plus_-8 | nearest_quarter_variant | prior_level_median_residual,5116.72,5081.07,35.65,False,False,MICRO_OFFSET | MID_GAP | ORIGINAL_CLUSTER | QUARTER_ROUNDING | RESIDUAL_LEVEL,adjacent_cluster_midpoint | base_cluster | base_plus_+11 | base_plus_+13 | base_plus_+3 | base_plus_+5 | base_plus_+8 | base_plus_-11 | base_plus_-13 | base_plus_-3 | base_plus_-5 | base_plus_-8 | nearest_quarter_variant | prior_level_median_residual,5057.94,5034.62,23.32,False,False,MICRO_OFFSET | MID_GAP | ORIGINAL_CLUSTER | QUARTER_ROUNDING | RESIDUAL_LEVEL,adjacent_cluster_midpoint | base_cluster | base_plus_+11 | base_plus_+13 | base_plus_+3 | base_plus_+5 | base_plus_+8 | base_plus_-11 | base_plus_-13 | base_plus_-3 | base_plus_-5 | base_plus_-8 | nearest_quarter_variant | prior_level_median_residual,5056.265,4987.02,69.245,False,False,MICRO_OFFSET | MID_GAP | ORIGINAL_CLUSTER | QUARTER_ROUNDING | RESIDUAL_LEVEL,adjacent_cluster_midpoint | base_cluster | base_plus_+11 | base_plus_+13 | base_plus_+3 | base_plus_+5 | base_plus_+8 | base_plus_-11 | base_plus_-13 | base_plus_-3 | base_plus_-5 | base_plus_-8 | nearest_quarter_variant | prior_level_median_residual,2026-02-10,2026-02-09,RANGE_WIDE_120_220,CLOSE_POS_UPPER_THIRD,ROWS_STANDARD_9_10,5057.94,PREV_CLOSE_PROXY,,NEUTRAL
True,True,True,True,39.01375,43.951368,0.0,0.0,254.71594,1.0,5051.8575,5075.63,23.7725,False,False,MICRO_OFFSET | MID_GAP | ORIGINAL_CLUSTER | QUARTER_ROUNDING | RESIDUAL_LEVEL | RESIDUAL_REGIME_LEVEL,adjacent_cluster_midpoint | base_cluster | base_plus_+11 | base_plus_+13 | base_plus_+3 | base_plus_+5 | base_plus_+8 | base_plus_-11 | base_plus_-13 | base_plus_-3 | base_plus_-5 | base_plus_-8 | nearest_quarter_variant | prior_level_median_residual | prior_regime_level_median_residual,5038.88797,5016.51,22.37797,False,False,MICRO_OFFSET | MID_GAP | ORIGINAL_CLUSTER | QUARTER_ROUNDING | RESIDUAL_LEVEL | RESIDUAL_REGIME_LEVEL,adjacent_cluster_midpoint | base_cluster | base_plus_+11 | base_plus_+13 | base_plus_+3 | base_plus_+5 | base_plus_+8 | base_plus_-11 | base_plus_-13 | base_plus_-3 | base_plus_-5 | base_plus_-8 | nearest_quarter_variant | prior_level_median_residual | prior_regime_level_median_residual,5021.585,4967.33,54.255,False,False,MICRO_OFFSET | MID_GAP | ORIGINAL_CLUSTER | QUARTER_ROUNDING | RESIDUAL_LEVEL | RESIDUAL_REGIME_LEVEL,adjacent_cluster_midpoint | base_cluster | base_plus_+11 | base_plus_+13 | base_plus_+3 | base_plus_+5 | base_plus_+8 | base_plus_-11 | base_plus_-13 | base_plus_-3 | base_plus_-5 | base_plus_-8 | nearest_quarter_variant | prior_level_median_residual | prior_regime_level_median_residual,4987.69,4912.29,75.4,False,False,MICRO_OFFSET | MID_GAP | ORIGINAL_CLUSTER | QUARTER_ROUNDING | RESIDUAL_LEVEL | RESIDUAL_REGIME_LEVEL,adjacent_cluster_midpoint | base_cluster | base_plus_+11 | base_plus_+13 | base_plus_+3 | base_plus_+5 | base_plus_+8 | base_plus_-11 | base_plus_-13 | base_plus_-3 | base_plus_-5 | base_plus_-8 | nearest_quarter_variant | prior_level_median_residual | prior_regime_level_median_residual,2026-02-11,2026-02-10,RANGE_NORMAL_60_120,CLOSE_POS_MIDDLE_THIRD,ROWS_STANDARD_9_10,5025.3,PREV_CLOSE_PROXY,,NEUTRAL
True,True,False,True,4.265,4.43125,50.0,50.0,104.0,1.0,5119.06,5117.76,1.3,True,True,MICRO_OFFSET | MID_GAP | ORIGINAL_CLUSTER | QUARTER_ROUNDING | RESIDUAL_LEVEL,adjacent_cluster_midpoint | base_cluster | base_plus_+11 | base_plus_+13 | base_plus_+3 | base_plus_+5 | base_plus_+8 | base_plus_-11 | base_plus_-13 | base_plus_-3 | base_plus_-5 | base_plus_-8 | nearest_quarter_variant | prior_level_median_residual,5067.735,5075.63,7.895,False,False,MICRO_OFFSET | MID_GAP | ORIGINAL_CLUSTER | QUARTER_ROUNDING | RESIDUAL_LEVEL | RESIDUAL_REGIME_LEVEL,adjacent_cluster_midpoint | base_cluster | base_plus_+11 | base_plus_+13 | base_plus_+3 | base_plus_+5 | base_plus_+8 | base_plus_-11 | base_plus_-13 | base_plus_-3 | base_plus_-5 | base_plus_-8 | nearest_quarter_variant | prior_level_median_residual | prior_regime_level_median_residual,5035.205,5037.65,2.445,True,True,MICRO_OFFSET | MID_GAP | ORIGINAL_CLUSTER | QUARTER_ROUNDING | RESIDUAL_LEVEL | RESIDUAL_REGIME_LEVEL,adjacent_cluster_midpoint | base_cluster | base_plus_+11 | base_plus_+13 | base_plus_+3 | base_plus_+5 | base_plus_+8 | base_plus_-11 | base_plus_-13 | base_plus_-3 | base_plus_-5 | base_plus_-8 | nearest_quarter_variant | prior_level_median_residual | prior_regime_level_median_residual,5005.205,4999.12,6.085,False,False,MICRO_OFFSET | MID_GAP | ORIGINAL_CLUSTER | QUARTER_ROUNDING | RESIDUAL_LEVEL | RESIDUAL_REGIME_LEVEL,adjacent_cluster_midpoint | base_cluster | base_plus_+11 | base_plus_+13 | base_plus_+3 | base_plus_+5 | base_plus_+8 | base_plus_-11 | base_plus_-13 | base_plus_-3 | base_plus_-5 | base_plus_-8 | nearest_quarter_variant | prior_level_median_residual | prior_regime_level_median_residual,2026-02-12,2026-02-11,RANGE_NORMAL_60_120,CLOSE_POS_MIDDLE_THIRD,ROWS_EXTENDED_11_PLUS,5084.24,PREV_CLOSE_PROXY,,NEUTRAL
True,False,True,True,11.385,27.983352,0.0,0.0,171.6,1.5,4952.346593,4960.96,8.613407,False,False,MICRO_OFFSET | MID_GAP | ORIGINAL_CLUSTER | QUARTER_ROUNDING | RESIDUAL_LEVEL,adjacent_cluster_midpoint | base_cluster | base_plus_+11 | base_plus_+13 | base_plus_+3 | base_plus_+5 | base_plus_+8 | base_plus_-11 | base_plus_-13 | base_plus_-3 | base_plus_-5 | base_plus_-8 | nearest_quarter_variant | prior_level_median_residual,4927.77,4914.19,13.58,False,False,MICRO_OFFSET | MID_GAP | ORIGINAL_CLUSTER | QUARTER_ROUNDING | RESIDUAL_LEVEL,adjacent_cluster_midpoint | base_cluster | base_plus_+11 | base_plus_+13 | base_plus_+3 | base_plus_+5 | base_plus_+8 | base_plus_-11 | base_plus_-13 | base_plus_-3 | base_plus_-5 | base_plus_-8 | nearest_quarter_variant | prior_level_median_residual,4879.98,4870.79,9.19,False,False,MICRO_OFFSET | MID_GAP | ORIGINAL_CLUSTER | QUARTER_ROUNDING | RESIDUAL_LEVEL,adjacent_cluster_midpoint | base_cluster | base_plus_+11 | base_plus_+13 | base_plus_+3 | base_plus_+5 | base_plus_+8 | base_plus_-11 | base_plus_-13 | base_plus_-3 | base_plus_-5 | base_plus_-8 | nearest_quarter_variant | prior_level_median_residual,4906.23,4825.68,80.55,False,False,MICRO_OFFSET | MID_GAP | ORIGINAL_CLUSTER | QUARTER_ROUNDING | RESIDUAL_LEVEL,adjacent_cluster_midpoint | base_cluster | base_plus_+11 | base_plus_+13 | base_plus_+3 | base_plus_+5 | base_plus_+8 | base_plus_-11 | base_plus_-13 | base_plus_-3 | base_plus_-5 | base_plus_-8 | nearest_quarter_variant | prior_level_median_residual,2026-02-13,2026-02-12,RANGE_EXTREME_220_PLUS,CLOSE_POS_LOWER_THIRD,ROWS_SPARSE_1_8,4921.64,PREV_CLOSE_PROXY,,NEUTRAL
True,True,False,False,18.42625,17.150625,0.0,25.0,95.65,1.25,5027.2375,5039.88,12.6425,False,False,MICRO_OFFSET | MID_GAP | ORIGINAL_CLUSTER | QUARTER_ROUNDING | RESIDUAL_LEVEL | RESIDUAL_REGIME_LEVEL,adjacent_cluster_midpoint | base_cluster | base_plus_+11 | base_plus_+13 | base_plus_+3 | base_plus_+5 | base_plus_+8 | base_plus_-11 | base_plus_-13 | base_plus_-3 | base_plus_-5 | base_plus_-8 | nearest_quarter_variant | prior_level_median_residual | prior_regime_level_median_residual,5004.625,5001.35,3.275,False,True,MICRO_OFFSET | MID_GAP | ORIGINAL_CLUSTER | QUARTER_ROUNDING | RESIDUAL_LEVEL | RESIDUAL_REGIME_LEVEL,adjacent_cluster_midpoint | base_cluster | base_plus_+11 | base_plus_+13 | base_plus_+3 | base_plus_+5 | base_plus_+8 | base_plus_-11 | base_plus_-13 | base_plus_-3 | base_plus_-5 | base_plus_-8 | nearest_quarter_variant | prior_level_median_residual | prior_regime_level_median_residual,4989.625,4961.15,28.475,False,False,MICRO_OFFSET | MID_GAP | ORIGINAL_CLUSTER | QUARTER_ROUNDING | RESIDUAL_LEVEL,adjacent_cluster_midpoint | base_cluster | base_plus_+11 | base_plus_+13 | base_plus_+3 | base_plus_+5 | base_plus_+8 | base_plus_-11 | base_plus_-13 | base_plus_-3 | base_plus_-5 | base_plus_-8 | nearest_quarter_variant | prior_level_median_residual,4938.4,4914.19,24.21,False,False,RESIDUAL_REGIME_LEVEL,prior_regime_level_median_residual,2026-02-16,2026-02-13,RANGE_WIDE_120_220,CLOSE_POS_UPPER_THIRD,ROWS_SPARSE_1_8,5042.46,PREV_CLOSE_PROXY,,NEUTRAL
True,True,False,True,22.320312,22.414375,0.0,0.0,213.935,1.25,5023.035625,5037.25,14.214375,False,False,MICRO_OFFSET | MID_GAP | ORIGINAL_CLUSTER | QUARTER_ROUNDING | RESIDUAL_LEVEL | RESIDUAL_REGIME_LEVEL,adjacent_cluster_midpoint | base_cluster | base_plus_+11 | base_plus_+13 | base_plus_+3 | base_plus_+5 | base_plus_+8 | base_plus_-11 | base_plus_-13 | base_plus_-3 | base_plus_-5 | base_plus_-8 | nearest_quarter_variant | prior_level_median_residual | prior_regime_level_median_residual,5008.380625,4997.56,10.820625,False,False,MICRO_OFFSET | MID_GAP | ORIGINAL_CLUSTER | QUARTER_ROUNDING | RESIDUAL_LEVEL | RESIDUAL_REGIME_LEVEL,adjacent_cluster_midpoint | base_cluster | base_plus_+11 | base_plus_+13 | base_plus_+3 | base_plus_+5 | base_plus_+8 | base_plus_-11 | base_plus_-13 | base_plus_-3 | base_plus_-5 | base_plus_-8 | nearest_quarter_variant | prior_level_median_residual | prior_regime_level_median_residual,4997.26625,4963.07,34.19625,False,False,MICRO_OFFSET | MID_GAP | ORIGINAL_CLUSTER | QUARTER_ROUNDING | RESIDUAL_LEVEL | RESIDUAL_REGIME_LEVEL,adjacent_cluster_midpoint | base_cluster | base_plus_+11 | base_plus_+13 | base_plus_+3 | base_plus_+5 | base_plus_+8 | base_plus_-11 | base_plus_-13 | base_plus_-3 | base_plus_-5 | base_plus_-8 | nearest_quarter_variant | prior_level_median_residual | prior_regime_level_median_residual,4890.14375,4920.57,30.42625,False,False,MICRO_OFFSET | MID_GAP | ORIGINAL_CLUSTER | QUARTER_ROUNDING | RESIDUAL_LEVEL | RESIDUAL_REGIME_LEVEL,adjacent_cluster_midpoint | base_cluster | base_plus_+11 | base_plus_+13 | base_plus_+3 | base_plus_+5 | base_plus_+8 | base_plus_-11 | base_plus_-13 | base_plus_-3 | base_plus_-5 | base_plus_-8 | nearest_quarter_variant | prior_level_median_residual | prior_regime_level_median_residual,2026-02-17,2026-02-16,RANGE_NORMAL_60_120,CLOSE_POS_MIDDLE_THIRD,ROWS_STANDARD_9_10,4993.64,PREV_CLOSE_PROXY,,NEUTRAL
True,True,True,True,11.07516,11.056643,0.0,0.0,173.25314,1.0,4926.53032,4912.68,13.85032,False,False,MICRO_OFFSET | MID_GAP | ORIGINAL_CLUSTER | QUARTER_ROUNDING | RESIDUAL_LEVEL | RESIDUAL_REGIME_LEVEL,adjacent_cluster_midpoint | base_cluster | base_plus_+11 | base_plus_+13 | base_plus_+3 | base_plus_+5 | base_plus_+8 | base_plus_-11 | base_plus_-13 | base_plus_-3 | base_plus_-5 | base_plus_-8 | nearest_quarter_variant | prior_level_median_residual | prior_regime_level_median_residual,4894.27625,4878.73,15.54625,False,False,MICRO_OFFSET | MID_GAP | ORIGINAL_CLUSTER | QUARTER_ROUNDING | RESIDUAL_LEVEL | RESIDUAL_REGIME_LEVEL,adjacent_cluster_midpoint | base_cluster | base_plus_+11 | base_plus_+13 | base_plus_+3 | base_plus_+5 | base_plus_+8 | base_plus_-11 | base_plus_-13 | base_plus_-3 | base_plus_-5 | base_plus_-8 | nearest_quarter_variant | prior_level_median_residual | prior_regime_level_median_residual,4850.78,4842.48,8.3,False,False,MICRO_OFFSET | MID_GAP | ORIGINAL_CLUSTER | QUARTER_ROUNDING | RESIDUAL_LEVEL | RESIDUAL_REGIME_LEVEL,adjacent_cluster_midpoint | base_cluster | base_plus_+11 | base_plus_+13 | base_plus_+3 | base_plus_+5 | base_plus_+8 | base_plus_-11 | base_plus_-13 | base_plus_-3 | base_plus_-5 | base_plus_-8 | nearest_quarter_variant | prior_level_median_residual | prior_regime_level_median_residual,4812.22,4805.69,6.53,False,False,MICRO_OFFSET | MID_GAP | ORIGINAL_CLUSTER | QUARTER_ROUNDING | RESIDUAL_LEVEL | RESIDUAL_REGIME_LEVEL,adjacent_cluster_midpoint | base_cluster | base_plus_+11 | base_plus_+13 | base_plus_+3 | base_plus_+5 | base_plus_+8 | base_plus_-11 | base_plus_-13 | base_plus_-3 | base_plus_-5 | base_plus_-8 | nearest_quarter_variant | prior_level_median_residual | prior_regime_level_median_residual,2026-02-18,2026-02-17,RANGE_WIDE_120_220,CLOSE_POS_LOWER_THIRD,ROWS_STANDARD_9_10,4877.1,PREV_CLOSE_PROXY,,NEUTRAL
True,True,False,False,30.946875,34.242656,0.0,0.0,112.35375,1.0,4967.608125,5030.72,63.111875,False,False,MICRO_OFFSET | MID_GAP | ORIGINAL_CLUSTER | QUARTER_ROUNDING | RESIDUAL_LEVEL | RESIDUAL_REGIME_LEVEL,adjacent_cluster_midpoint | base_cluster | base_plus_+11 | base_plus_+13 | base_plus_+3 | base_plus_+5 | base_plus_+8 | base_plus_-11 | base_plus_-13 | base_plus_-3 | base_plus_-5 | base_plus_-8 | nearest_quarter_variant | prior_level_median_residual | prior_regime_level_median_residual,4964.2825,5000.02,35.7375,False,False,MICRO_OFFSET | MID_GAP | ORIGINAL_CLUSTER | QUARTER_ROUNDING | RESIDUAL_LEVEL | RESIDUAL_REGIME_LEVEL,adjacent_cluster_midpoint | base_cluster | base_plus_+11 | base_plus_+13 | base_plus_+3 | base_plus_+5 | base_plus_+8 | base_plus_-11 | base_plus_-13 | base_plus_-3 | base_plus_-5 | base_plus_-8 | nearest_quarter_variant | prior_level_median_residual | prior_regime_level_median_residual,4946.73375,4972.89,26.15625,False,False,MICRO_OFFSET | MID_GAP | ORIGINAL_CLUSTER | QUARTER_ROUNDING | RESIDUAL_LEVEL | RESIDUAL_REGIME_LEVEL,adjacent_cluster_midpoint | base_cluster | base_plus_+11 | base_plus_+13 | base_plus_+3 | base_plus_+5 | base_plus_+8 | base_plus_-11 | base_plus_-13 | base_plus_-3 | base_plus_-5 | base_plus_-8 | nearest_quarter_variant | prior_level_median_residual | prior_regime_level_median_residual,4932.585,4944.55,11.965,False,False,MICRO_OFFSET | MID_GAP | ORIGINAL_CLUSTER | QUARTER_ROUNDING | RESIDUAL_LEVEL | RESIDUAL_REGIME_LEVEL,adjacent_cluster_midpoint | base_cluster | base_plus_+11 | base_plus_+13 | base_plus_+3 | base_plus_+5 | base_plus_+8 | base_plus_-11 | base_plus_-13 | base_plus_-3 | base_plus_-5 | base_plus_-8 | nearest_quarter_variant | prior_level_median_residual | prior_regime_level_median_residual,2026-02-19,2026-02-18,RANGE_WIDE_120_220,CLOSE_POS_UPPER_THIRD,ROWS_EXTENDED_11_PLUS,4977.24,PREV_CLOSE_PROXY,,NEUTRAL
True,True,False,True,12.107812,13.144211,25.0,25.0,200.32381,1.25,5012.65625,5017.88,5.22375,False,False,MICRO_OFFSET | MID_GAP | ORIGINAL_CLUSTER | QUARTER_ROUNDING | RESIDUAL_LEVEL | RESIDUAL_REGIME_LEVEL,adjacent_cluster_midpoint | base_cluster | base_plus_+11 | base_plus_+13 | base_plus_+3 | base_plus_+5 | base_plus_+8 | base_plus_-11 | base_plus_-13 | base_plus_-3 | base_plus_-5 | base_plus_-8 | nearest_quarter_variant | prior_level_median_residual | prior_regime_level_median_residual,4995.16372,4995.03,0.13372,True,True,MICRO_OFFSET | MID_GAP | ORIGINAL_CLUSTER | QUARTER_ROUNDING | RESIDUAL_LEVEL | RESIDUAL_REGIME_LEVEL,adjacent_cluster_midpoint | base_cluster | base_plus_+11 | base_plus_+13 | base_plus_+3 | base_plus_+5 | base_plus_+8 | base_plus_-11 | base_plus_-13 | base_plus_-3 | base_plus_-5 | base_plus_-8 | nearest_quarter_variant | prior_level_median_residual | prior_regime_level_median_residual,4984.981875,4965.99,18.991875,False,False,MICRO_OFFSET | MID_GAP | ORIGINAL_CLUSTER | QUARTER_ROUNDING | RESIDUAL_LEVEL | RESIDUAL_REGIME_LEVEL,adjacent_cluster_midpoint | base_cluster | base_plus_+11 | base_plus_+13 | base_plus_+3 | base_plus_+5 | base_plus_+8 | base_plus_-11 | base_plus_-13 | base_plus_-3 | base_plus_-5 | base_plus_-8 | nearest_quarter_variant | prior_level_median_residual | prior_regime_level_median_residual,4907.7625,4935.99,28.2275,False,False,MICRO_OFFSET | MID_GAP | ORIGINAL_CLUSTER | QUARTER_ROUNDING | RESIDUAL_LEVEL | RESIDUAL_REGIME_LEVEL,adjacent_cluster_midpoint | base_cluster | base_plus_+11 | base_plus_+13 | base_plus_+3 | base_plus_+5 | base_plus_+8 | base_plus_-11 | base_plus_-13 | base_plus_-3 | base_plus_-5 | base_plus_-8 | nearest_quarter_variant | prior_level_median_residual | prior_regime_level_median_residual,2026-02-20,2026-02-19,RANGE_NORMAL_60_120,CLOSE_POS_MIDDLE_THIRD,ROWS_STANDARD_9_10,4995.96,PREV_CLOSE_PROXY,,NEUTRAL
True,True,False,True,29.582291,31.536146,0.0,0.0,197.255833,1.0,5137.96,5150.72,12.76,False,False,MICRO_OFFSET | MID_GAP | ORIGINAL_CLUSTER | QUARTER_ROUNDING | RESIDUAL_LEVEL | RESIDUAL_REGIME_LEVEL,adjacent_cluster_midpoint | base_cluster | base_plus_+11 | base_plus_+13 | base_plus_+3 | base_plus_+5 | base_plus_+8 | base_plus_-11 | base_plus_-13 | base_plus_-3 | base_plus_-5 | base_plus_-8 | nearest_quarter_variant | prior_level_median_residual | prior_regime_level_median_residual,5071.9,5126.12,54.22,False,False,MICRO_OFFSET | MID_GAP | ORIGINAL_CLUSTER | QUARTER_ROUNDING | RESIDUAL_LEVEL | RESIDUAL_REGIME_LEVEL,adjacent_cluster_midpoint | base_cluster | base_plus_+11 | base_plus_+13 | base_plus_+3 | base_plus_+5 | base_plus_+8 | base_plus_-11 | base_plus_-13 | base_plus_-3 | base_plus_-5 | base_plus_-8 | nearest_quarter_variant | prior_level_median_residual | prior_regime_level_median_residual,5067.29875,5102.34,35.04125,False,False,MICRO_OFFSET | MID_GAP | ORIGINAL_CLUSTER | QUARTER_ROUNDING | RESIDUAL_LEVEL | RESIDUAL_REGIME_LEVEL,adjacent_cluster_midpoint | base_cluster | base_plus_+11 | base_plus_+13 | base_plus_+3 | base_plus_+5 | base_plus_+8 | base_plus_-11 | base_plus_-13 | base_plus_-3 | base_plus_-5 | base_plus_-8 | nearest_quarter_variant | prior_level_median_residual | prior_regime_level_median_residual,5055.366667,5079.49,24.123333,False,False,MICRO_OFFSET | MID_GAP | ORIGINAL_CLUSTER | QUARTER_ROUNDING | RESIDUAL_LEVEL | RESIDUAL_REGIME_LEVEL,adjacent_cluster_midpoint | base_cluster | base_plus_+11 | base_plus_+13 | base_plus_+3 | base_plus_+5 | base_plus_+8 | base_plus_-11 | base_plus_-13 | base_plus_-3 | base_plus_-5 | base_plus_-8 | nearest_quarter_variant | prior_level_median_residual | prior_regime_level_median_residual,2026-02-23,2026-02-20,RANGE_WIDE_120_220,CLOSE_POS_UPPER_THIRD,ROWS_EXTENDED_11_PLUS,5107.8,PREV_CLOSE_PROXY,,NEUTRAL
True,True,False,True,12.386875,13.348281,25.0,25.0,283.18375,1.0,5278.354375,5263.54,14.814375,False,False,MICRO_OFFSET | MID_GAP | ORIGINAL_CLUSTER | QUARTER_ROUNDING | RESIDUAL_LEVEL | RESIDUAL_REGIME_LEVEL,adjacent_cluster_midpoint | base_cluster | base_plus_+11 | base_plus_+13 | base_plus_+3 | base_plus_+5 | base_plus_+8 | base_plus_-11 | base_plus_-13 | base_plus_-3 | base_plus_-5 | base_plus_-8 | nearest_quarter_variant | prior_level_median_residual | prior_regime_level_median_residual,5207.648125,5234.73,27.081875,False,False,MICRO_OFFSET | MID_GAP | ORIGINAL_CLUSTER | QUARTER_ROUNDING | RESIDUAL_LEVEL | RESIDUAL_REGIME_LEVEL,adjacent_cluster_midpoint | base_cluster | base_plus_+11 | base_plus_+13 | base_plus_+3 | base_plus_+5 | base_plus_+8 | base_plus_-11 | base_plus_-13 | base_plus_-3 | base_plus_-5 | base_plus_-8 | nearest_quarter_variant | prior_level_median_residual | prior_regime_level_median_residual,5203.7625,5205.3,1.5375,True,True,MICRO_OFFSET | MID_GAP | ORIGINAL_CLUSTER | QUARTER_ROUNDING | RESIDUAL_LEVEL | RESIDUAL_REGIME_LEVEL,adjacent_cluster_midpoint | base_cluster | base_plus_+11 | base_plus_+13 | base_plus_+3 | base_plus_+5 | base_plus_+8 | base_plus_-11 | base_plus_-13 | base_plus_-3 | base_plus_-5 | base_plus_-8 | nearest_quarter_variant | prior_level_median_residual | prior_regime_level_median_residual,5186.579375,5176.62,9.959375,False,False,MICRO_OFFSET | MID_GAP | ORIGINAL_CLUSTER | QUARTER_ROUNDING | RESIDUAL_LEVEL | RESIDUAL_REGIME_LEVEL,adjacent_cluster_midpoint | base_cluster | base_plus_+11 | base_plus_+13 | base_plus_+3 | base_plus_+5 | base_plus_+8 | base_plus_-11 | base_plus_-13 | base_plus_-3 | base_plus_-5 | base_plus_-8 | nearest_quarter_variant | prior_level_median_residual | prior_regime_level_median_residual,2026-02-24,2026-02-23,RANGE_WIDE_120_220,CLOSE_POS_UPPER_THIRD,ROWS_EXTENDED_11_PLUS,5227.5,PREV_CLOSE_PROXY,,NEUTRAL
True,True,False,False,17.022545,19.214398,0.0,0.0,106.255,1.0,5280.8075,5252.87,27.9375,False,False,MICRO_OFFSET | MID_GAP | ORIGINAL_CLUSTER | QUARTER_ROUNDING | RESIDUAL_LEVEL | RESIDUAL_REGIME_LEVEL,adjacent_cluster_midpoint | base_cluster | base_plus_+11 | base_plus_+13 | base_plus_+3 | base_plus_+5 | base_plus_+8 | base_plus_-11 | base_plus_-13 | base_plus_-3 | base_plus_-5 | base_plus_-8 | nearest_quarter_variant | prior_level_median_residual | prior_regime_level_median_residual,5230.03875,5210.99,19.04875,False,False,MICRO_OFFSET | MID_GAP | ORIGINAL_CLUSTER | QUARTER_ROUNDING | RESIDUAL_LEVEL | RESIDUAL_REGIME_LEVEL,adjacent_cluster_midpoint | base_cluster | base_plus_+11 | base_plus_+13 | base_plus_+3 | base_plus_+5 | base_plus_+8 | base_plus_-11 | base_plus_-13 | base_plus_-3 | base_plus_-5 | base_plus_-8 | nearest_quarter_variant | prior_level_median_residual | prior_regime_level_median_residual,5189.65634,5174.66,14.99634,False,False,MICRO_OFFSET | MID_GAP | ORIGINAL_CLUSTER | QUARTER_ROUNDING | RESIDUAL_LEVEL | RESIDUAL_REGIME_LEVEL,adjacent_cluster_midpoint | base_cluster | base_plus_+11 | base_plus_+13 | base_plus_+3 | base_plus_+5 | base_plus_+8 | base_plus_-11 | base_plus_-13 | base_plus_-3 | base_plus_-5 | base_plus_-8 | nearest_quarter_variant | prior_level_median_residual | prior_regime_level_median_residual,5156.115,5141.24,14.875,False,False,MICRO_OFFSET | MID_GAP | ORIGINAL_CLUSTER | QUARTER_ROUNDING | RESIDUAL_LEVEL | RESIDUAL_REGIME_LEVEL,adjacent_cluster_midpoint | base_cluster | base_plus_+11 | base_plus_+13 | base_plus_+3 | base_plus_+5 | base_plus_+8 | base_plus_-11 | base_plus_-13 | base_plus_-3 | base_plus_-5 | base_plus_-8 | nearest_quarter_variant | prior_level_median_residual | prior_regime_level_median_residual,2026-02-25,2026-02-24,RANGE_WIDE_120_220,CLOSE_POS_LOWER_THIRD,ROWS_EXTENDED_11_PLUS,5143.76,PREV_CLOSE_PROXY,,NEUTRAL
True,True,False,True,34.044687,39.048676,0.0,0.0,188.833157,1.0,5177.556578,5167.75,9.806578,False,False,MICRO_OFFSET | MID_GAP | ORIGINAL_CLUSTER | QUARTER_ROUNDING | RESIDUAL_LEVEL | RESIDUAL_REGIME_LEVEL,adjacent_cluster_midpoint | base_cluster | base_plus_+11 | base_plus_+13 | base_plus_+3 | base_plus_+5 | base_plus_+8 | base_plus_-11 | base_plus_-13 | base_plus_-3 | base_plus_-5 | base_plus_-8 | nearest_quarter_variant | prior_level_median_residual | prior_regime_level_median_residual,5155.32375,5128.94,26.38375,False,False,MICRO_OFFSET | MID_GAP | ORIGINAL_CLUSTER | QUARTER_ROUNDING | RESIDUAL_LEVEL | RESIDUAL_REGIME_LEVEL,adjacent_cluster_midpoint | base_cluster | base_plus_+11 | base_plus_+13 | base_plus_+3 | base_plus_+5 | base_plus_+8 | base_plus_-11 | base_plus_-13 | base_plus_-3 | base_plus_-5 | base_plus_-8 | nearest_quarter_variant | prior_level_median_residual | prior_regime_level_median_residual,5134.195625,5092.49,41.705625,False,False,MICRO_OFFSET | MID_GAP | ORIGINAL_CLUSTER | QUARTER_ROUNDING | RESIDUAL_LEVEL | RESIDUAL_REGIME_LEVEL,adjacent_cluster_midpoint | base_cluster | base_plus_+11 | base_plus_+13 | base_plus_+3 | base_plus_+5 | base_plus_+8 | base_plus_-11 | base_plus_-13 | base_plus_-3 | base_plus_-5 | base_plus_-8 | nearest_quarter_variant | prior_level_median_residual | prior_regime_level_median_residual,5120.70875,5042.41,78.29875,False,False,MICRO_OFFSET | MID_GAP | ORIGINAL_CLUSTER | QUARTER_ROUNDING | RESIDUAL_LEVEL | RESIDUAL_REGIME_LEVEL,adjacent_cluster_midpoint | base_cluster | base_plus_+11 | base_plus_+13 | base_plus_+3 | base_plus_+5 | base_plus_+8 | base_plus_-11 | base_plus_-13 | base_plus_-3 | base_plus_-5 | base_plus_-8 | nearest_quarter_variant | prior_level_median_residual | prior_regime_level_median_residual,2026-02-26,2026-02-25,RANGE_NORMAL_60_120,CLOSE_POS_MIDDLE_THIRD,ROWS_SPARSE_1_8,5164.84,PREV_CLOSE_PROXY,,NEUTRAL
True,True,False,True,39.43563,37.083437,0.0,0.0,201.942455,1.0,5193.875013,5200.74,6.864987,False,False,MICRO_OFFSET | MID_GAP | ORIGINAL_CLUSTER | QUARTER_ROUNDING | RESIDUAL_LEVEL | RESIDUAL_REGIME_LEVEL,adjacent_cluster_midpoint | base_cluster | base_plus_+11 | base_plus_+13 | base_plus_+3 | base_plus_+5 | base_plus_+8 | base_plus_-11 | base_plus_-13 | base_plus_-3 | base_plus_-5 | base_plus_-8 | nearest_quarter_variant | prior_level_median_residual | prior_regime_level_median_residual,5181.0325,5159.15,21.8825,False,False,MICRO_OFFSET | MID_GAP | ORIGINAL_CLUSTER | QUARTER_ROUNDING | RESIDUAL_LEVEL | RESIDUAL_REGIME_LEVEL,adjacent_cluster_midpoint | base_cluster | base_plus_+11 | base_plus_+13 | base_plus_+3 | base_plus_+5 | base_plus_+8 | base_plus_-11 | base_plus_-13 | base_plus_-3 | base_plus_-5 | base_plus_-8 | nearest_quarter_variant | prior_level_median_residual | prior_regime_level_median_residual,5177.47876,5120.49,56.98876,False,False,MICRO_OFFSET | MID_GAP | ORIGINAL_CLUSTER | QUARTER_ROUNDING | RESIDUAL_LEVEL | RESIDUAL_REGIME_LEVEL,adjacent_cluster_midpoint | base_cluster | base_plus_+11 | base_plus_+13 | base_plus_+3 | base_plus_+5 | base_plus_+8 | base_plus_-11 | base_plus_-13 | base_plus_-3 | base_plus_-5 | base_plus_-8 | nearest_quarter_variant | prior_level_median_residual | prior_regime_level_median_residual,5145.2275,5082.63,62.5975,False,False,MICRO_OFFSET | MID_GAP | ORIGINAL_CLUSTER | QUARTER_ROUNDING | RESIDUAL_LEVEL | RESIDUAL_REGIME_LEVEL,adjacent_cluster_midpoint | base_cluster | base_plus_+11 | base_plus_+13 | base_plus_+3 | base_plus_+5 | base_plus_+8 | base_plus_-11 | base_plus_-13 | base_plus_-3 | base_plus_-5 | base_plus_-8 | nearest_quarter_variant | prior_level_median_residual | prior_regime_level_median_residual,2026-02-27,2026-02-26,RANGE_NORMAL_60_120,CLOSE_POS_UPPER_THIRD,ROWS_STANDARD_9_10,5185.0,PREV_CLOSE_PROXY,,NEUTRAL
True,True,False,True,8.835,10.650781,25.0,25.0,140.47375,1.0,5373.845,5367.98,5.865,False,False,MICRO_OFFSET | MID_GAP | ORIGINAL_CLUSTER | QUARTER_ROUNDING | RESIDUAL_LEVEL | RESIDUAL_REGIME_LEVEL,adjacent_cluster_midpoint | base_cluster | base_plus_+11 | base_plus_+13 | base_plus_+3 | base_plus_+5 | base_plus_+8 | base_plus_-11 | base_plus_-13 | base_plus_-3 | base_plus_-5 | base_plus_-8 | nearest_quarter_variant | prior_level_median_residual | prior_regime_level_median_residual,5337.865,5326.06,11.805,False,False,MICRO_OFFSET | MID_GAP | ORIGINAL_CLUSTER | QUARTER_ROUNDING | RESIDUAL_LEVEL | RESIDUAL_REGIME_LEVEL,adjacent_cluster_midpoint | base_cluster | base_plus_+11 | base_plus_+13 | base_plus_+3 | base_plus_+5 | base_plus_+8 | base_plus_-11 | base_plus_-13 | base_plus_-3 | base_plus_-5 | base_plus_-8 | nearest_quarter_variant | prior_level_median_residual | prior_regime_level_median_residual,5292.643125,5290.73,1.913125,True,True,MICRO_OFFSET | MID_GAP | ORIGINAL_CLUSTER | QUARTER_ROUNDING | RESIDUAL_LEVEL | RESIDUAL_REGIME_LEVEL,adjacent_cluster_midpoint | base_cluster | base_plus_+11 | base_plus_+13 | base_plus_+3 | base_plus_+5 | base_plus_+8 | base_plus_-11 | base_plus_-13 | base_plus_-3 | base_plus_-5 | base_plus_-8 | nearest_quarter_variant | prior_level_median_residual | prior_regime_level_median_residual,5280.0,5256.98,23.02,False,False,MICRO_OFFSET | MID_GAP | ORIGINAL_CLUSTER | QUARTER_ROUNDING | RESIDUAL_LEVEL | RESIDUAL_REGIME_LEVEL,adjacent_cluster_midpoint | base_cluster | base_plus_+11 | base_plus_+13 | base_plus_+3 | base_plus_+5 | base_plus_+8 | base_plus_-11 | base_plus_-13 | base_plus_-3 | base_plus_-5 | base_plus_-8 | nearest_quarter_variant | prior_level_median_residual | prior_regime_level_median_residual,2026-03-02,2026-02-27,RANGE_NORMAL_60_120,CLOSE_POS_UPPER_THIRD,ROWS_EXTENDED_11_PLUS,5280.0,PREV_CLOSE_PROXY,,NEUTRAL
True,True,False,True,31.031641,34.25207,0.0,0.0,127.51,1.75,5340.1,5324.04,16.06,False,False,MICRO_OFFSET | MID_GAP | ORIGINAL_CLUSTER | QUARTER_ROUNDING | RESIDUAL_LEVEL,adjacent_cluster_midpoint | base_cluster | base_plus_+11 | base_plus_+13 | base_plus_+3 | base_plus_+5 | base_plus_+8 | base_plus_-11 | base_plus_-13 | base_plus_-3 | base_plus_-5 | base_plus_-8 | nearest_quarter_variant | prior_level_median_residual,5313.753281,5286.64,27.113281,False,False,MICRO_OFFSET | MID_GAP | ORIGINAL_CLUSTER | QUARTER_ROUNDING | RESIDUAL_LEVEL | RESIDUAL_REGIME_LEVEL,adjacent_cluster_midpoint | base_cluster | base_plus_+11 | base_plus_+13 | base_plus_+3 | base_plus_+5 | base_plus_+8 | base_plus_-11 | base_plus_-13 | base_plus_-3 | base_plus_-5 | base_plus_-8 | nearest_quarter_variant | prior_level_median_residual | prior_regime_level_median_residual,5284.57,5249.62,34.95,False,False,MICRO_OFFSET | MID_GAP | ORIGINAL_CLUSTER | QUARTER_ROUNDING | RESIDUAL_LEVEL,adjacent_cluster_midpoint | base_cluster | base_plus_+11 | base_plus_+13 | base_plus_+3 | base_plus_+5 | base_plus_+8 | base_plus_-11 | base_plus_-13 | base_plus_-3 | base_plus_-5 | base_plus_-8 | nearest_quarter_variant | prior_level_median_residual,5272.815,5213.93,58.885,False,False,MICRO_OFFSET | MID_GAP | ORIGINAL_CLUSTER | QUARTER_ROUNDING | RESIDUAL_LEVEL,adjacent_cluster_midpoint | base_cluster | base_plus_+11 | base_plus_+13 | base_plus_+3 | base_plus_+5 | base_plus_+8 | base_plus_-11 | base_plus_-13 | base_plus_-3 | base_plus_-5 | base_plus_-8 | nearest_quarter_variant | prior_level_median_residual,2026-03-03,2026-03-02,RANGE_WIDE_120_220,CLOSE_POS_MIDDLE_THIRD,ROWS_STANDARD_9_10,5321.84,PREV_CLOSE_PROXY,,NEUTRAL
True,False,True,False,20.705625,23.423437,0.0,0.0,104.0,1.0,5069.6675,5112.47,42.8025,False,False,MICRO_OFFSET | MID_GAP | ORIGINAL_CLUSTER | QUARTER_ROUNDING | RESIDUAL_LEVEL,adjacent_cluster_midpoint | base_cluster | base_plus_+11 | base_plus_+13 | base_plus_+3 | base_plus_+5 | base_plus_+8 | base_plus_-11 | base_plus_-13 | base_plus_-3 | base_plus_-5 | base_plus_-8 | nearest_quarter_variant | prior_level_median_residual,5088.24,5078.76,9.48,False,False,MICRO_OFFSET | MID_GAP | ORIGINAL_CLUSTER | QUARTER_ROUNDING | RESIDUAL_LEVEL,adjacent_cluster_midpoint | base_cluster | base_plus_+11 | base_plus_+13 | base_plus_+3 | base_plus_+5 | base_plus_+8 | base_plus_-11 | base_plus_-13 | base_plus_-3 | base_plus_-5 | base_plus_-8 | nearest_quarter_variant | prior_level_median_residual,5017.96875,5043.41,25.44125,False,False,MICRO_OFFSET | MID_GAP | ORIGINAL_CLUSTER | QUARTER_ROUNDING | RESIDUAL_LEVEL,adjacent_cluster_midpoint | base_cluster | base_plus_+11 | base_plus_+13 | base_plus_+3 | base_plus_+5 | base_plus_+8 | base_plus_-11 | base_plus_-13 | base_plus_-3 | base_plus_-5 | base_plus_-8 | nearest_quarter_variant | prior_level_median_residual,4996.27,5012.24,15.97,False,False,MICRO_OFFSET | MID_GAP | ORIGINAL_CLUSTER | QUARTER_ROUNDING | RESIDUAL_LEVEL,adjacent_cluster_midpoint | base_cluster | base_plus_+11 | base_plus_+13 | base_plus_+3 | base_plus_+5 | base_plus_+8 | base_plus_-11 | base_plus_-13 | base_plus_-3 | base_plus_-5 | base_plus_-8 | nearest_quarter_variant | prior_level_median_residual,2026-03-04,2026-03-03,RANGE_EXTREME_220_PLUS,CLOSE_POS_LOWER_THIRD,ROWS_STANDARD_9_10,5088.24,PREV_CLOSE_PROXY,,NEUTRAL
True,False,False,True,17.965,17.434375,25.0,25.0,256.1,1.25,5175.565,5173.51,2.055,True,True,MICRO_OFFSET | MID_GAP | ORIGINAL_CLUSTER | QUARTER_ROUNDING | RESIDUAL_LEVEL,adjacent_cluster_midpoint | base_cluster | base_plus_+11 | base_plus_+13 | base_plus_+3 | base_plus_+5 | base_plus_+8 | base_plus_-11 | base_plus_-13 | base_plus_-3 | base_plus_-5 | base_plus_-8 | nearest_quarter_variant | prior_level_median_residual,5126.0275,5139.59,13.5625,False,False,MICRO_OFFSET | MID_GAP | ORIGINAL_CLUSTER | QUARTER_ROUNDING | RESIDUAL_LEVEL | RESIDUAL_REGIME_LEVEL,adjacent_cluster_midpoint | base_cluster | base_plus_+11 | base_plus_+13 | base_plus_+3 | base_plus_+5 | base_plus_+8 | base_plus_-11 | base_plus_-13 | base_plus_-3 | base_plus_-5 | base_plus_-8 | nearest_quarter_variant | prior_level_median_residual | prior_regime_level_median_residual,5126.0275,5103.66,22.3675,False,False,MICRO_OFFSET | MID_GAP | ORIGINAL_CLUSTER | QUARTER_ROUNDING | RESIDUAL_LEVEL | RESIDUAL_REGIME_LEVEL,adjacent_cluster_midpoint | base_cluster | base_plus_+11 | base_plus_+13 | base_plus_+3 | base_plus_+5 | base_plus_+8 | base_plus_-11 | base_plus_-13 | base_plus_-3 | base_plus_-5 | base_plus_-8 | nearest_quarter_variant | prior_level_median_residual | prior_regime_level_median_residual,5034.9775,5066.73,31.7525,False,False,MICRO_OFFSET | MID_GAP | ORIGINAL_CLUSTER | QUARTER_ROUNDING | RESIDUAL_LEVEL,adjacent_cluster_midpoint | base_cluster | base_plus_+11 | base_plus_+13 | base_plus_+3 | base_plus_+5 | base_plus_+8 | base_plus_-11 | base_plus_-13 | base_plus_-3 | base_plus_-5 | base_plus_-8 | nearest_quarter_variant | prior_level_median_residual,2026-03-05,2026-03-04,RANGE_WIDE_120_220,CLOSE_POS_MIDDLE_THIRD,ROWS_STANDARD_9_10,5141.1,PREV_CLOSE_PROXY,,NEUTRAL
True,True,True,True,20.47821,20.176605,0.0,0.0,168.16284,1.0,5128.12142,5105.9,22.22142,False,False,MICRO_OFFSET | MID_GAP | ORIGINAL_CLUSTER | QUARTER_ROUNDING | RESIDUAL_LEVEL,adjacent_cluster_midpoint | base_cluster | base_plus_+11 | base_plus_+13 | base_plus_+3 | base_plus_+5 | base_plus_+8 | base_plus_-11 | base_plus_-13 | base_plus_-3 | base_plus_-5 | base_plus_-8 | nearest_quarter_variant | prior_level_median_residual,5094.51,5070.97,23.54,False,False,MICRO_OFFSET | MID_GAP | ORIGINAL_CLUSTER | QUARTER_ROUNDING | RESIDUAL_LEVEL,adjacent_cluster_midpoint | base_cluster | base_plus_+11 | base_plus_+13 | base_plus_+3 | base_plus_+5 | base_plus_+8 | base_plus_-11 | base_plus_-13 | base_plus_-3 | base_plus_-5 | base_plus_-8 | nearest_quarter_variant | prior_level_median_residual,5057.795,5039.06,18.735,False,False,MICRO_OFFSET | MID_GAP | ORIGINAL_CLUSTER | QUARTER_ROUNDING | RESIDUAL_LEVEL,adjacent_cluster_midpoint | base_cluster | base_plus_+11 | base_plus_+13 | base_plus_+3 | base_plus_+5 | base_plus_+8 | base_plus_-11 | base_plus_-13 | base_plus_-3 | base_plus_-5 | base_plus_-8 | nearest_quarter_variant | prior_level_median_residual,5021.06,5004.85,16.21,False,False,MICRO_OFFSET | MID_GAP | ORIGINAL_CLUSTER | QUARTER_ROUNDING | RESIDUAL_LEVEL,adjacent_cluster_midpoint | base_cluster | base_plus_+11 | base_plus_+13 | base_plus_+3 | base_plus_+5 | base_plus_+8 | base_plus_-11 | base_plus_-13 | base_plus_-3 | base_plus_-5 | base_plus_-8 | nearest_quarter_variant | prior_level_median_residual,2026-03-06,2026-03-05,RANGE_WIDE_120_220,CLOSE_POS_LOWER_THIRD,ROWS_SPARSE_1_8,5081.02,PREV_CLOSE_PROXY,,NEUTRAL
True,True,False,False,31.36496,29.433289,0.0,0.0,251.496309,1.25,5155.966685,5198.3,42.333315,False,False,MICRO_OFFSET | MID_GAP | ORIGINAL_CLUSTER | QUARTER_ROUNDING | RESIDUAL_LEVEL | RESIDUAL_REGIME_LEVEL,adjacent_cluster_midpoint | base_cluster | base_plus_+11 | base_plus_+13 | base_plus_+3 | base_plus_+5 | base_plus_+8 | base_plus_-11 | base_plus_-13 | base_plus_-3 | base_plus_-5 | base_plus_-8 | nearest_quarter_variant | prior_level_median_residual | prior_regime_level_median_residual,5131.90758,5168.78,36.87242,False,False,MICRO_OFFSET | MID_GAP | ORIGINAL_CLUSTER | QUARTER_ROUNDING | RESIDUAL_LEVEL | RESIDUAL_REGIME_LEVEL,adjacent_cluster_midpoint | base_cluster | base_plus_+11 | base_plus_+13 | base_plus_+3 | base_plus_+5 | base_plus_+8 | base_plus_-11 | base_plus_-13 | base_plus_-3 | base_plus_-5 | base_plus_-8 | nearest_quarter_variant | prior_level_median_residual | prior_regime_level_median_residual,5128.11008,5140.78,12.66992,False,False,MICRO_OFFSET | MID_GAP | ORIGINAL_CLUSTER | QUARTER_ROUNDING | RESIDUAL_LEVEL | RESIDUAL_REGIME_LEVEL,adjacent_cluster_midpoint | base_cluster | base_plus_+11 | base_plus_+13 | base_plus_+3 | base_plus_+5 | base_plus_+8 | base_plus_-11 | base_plus_-13 | base_plus_-3 | base_plus_-5 | base_plus_-8 | nearest_quarter_variant | prior_level_median_residual | prior_regime_level_median_residual,5082.8425,5108.7,25.8575,False,False,MICRO_OFFSET | MID_GAP | ORIGINAL_CLUSTER | QUARTER_ROUNDING | RESIDUAL_LEVEL | RESIDUAL_REGIME_LEVEL,adjacent_cluster_midpoint | base_cluster | base_plus_+11 | base_plus_+13 | base_plus_+3 | base_plus_+5 | base_plus_+8 | base_plus_-11 | base_plus_-13 | base_plus_-3 | base_plus_-5 | base_plus_-8 | nearest_quarter_variant | prior_level_median_residual | prior_regime_level_median_residual,2026-03-09,2026-03-06,RANGE_NORMAL_60_120,CLOSE_POS_UPPER_THIRD,ROWS_STANDARD_9_10,5174.64,PREV_CLOSE_PROXY,,NEUTRAL
True,False,False,True,21.951678,26.867565,0.0,0.0,140.147101,2.25,5152.1675,5174.89,22.7225,False,False,MICRO_OFFSET | MID_GAP | ORIGINAL_CLUSTER | QUARTER_ROUNDING | RESIDUAL_LEVEL | RESIDUAL_REGIME_LEVEL,adjacent_cluster_midpoint | base_cluster | base_plus_+11 | base_plus_+13 | base_plus_+3 | base_plus_+5 | base_plus_+8 | base_plus_-11 | base_plus_-13 | base_plus_-3 | base_plus_-5 | base_plus_-8 | nearest_quarter_variant | prior_level_median_residual | prior_regime_level_median_residual,5096.988095,5145.87,48.881905,False,False,MICRO_OFFSET | MID_GAP | ORIGINAL_CLUSTER | QUARTER_ROUNDING | RESIDUAL_LEVEL | RESIDUAL_REGIME_LEVEL,adjacent_cluster_midpoint | base_cluster | base_plus_+11 | base_plus_+13 | base_plus_+3 | base_plus_+5 | base_plus_+8 | base_plus_-11 | base_plus_-13 | base_plus_-3 | base_plus_-5 | base_plus_-8 | nearest_quarter_variant | prior_level_median_residual | prior_regime_level_median_residual,5138.030855,5116.85,21.180855,False,False,MICRO_OFFSET | MID_GAP | ORIGINAL_CLUSTER | QUARTER_ROUNDING | RESIDUAL_LEVEL | RESIDUAL_REGIME_LEVEL,adjacent_cluster_midpoint | base_cluster | base_plus_+11 | base_plus_+13 | base_plus_+3 | base_plus_+5 | base_plus_+8 | base_plus_-11 | base_plus_-13 | base_plus_-3 | base_plus_-5 | base_plus_-8 | nearest_quarter_variant | prior_level_median_residual | prior_regime_level_median_residual,5074.165,5088.85,14.685,False,False,RESIDUAL_REGIME_LEVEL,prior_regime_level_median_residual,2026-03-10,2026-03-09,RANGE_WIDE_120_220,CLOSE_POS_MIDDLE_THIRD,ROWS_STANDARD_9_10,5136.66,PREV_CLOSE_PROXY,,NEUTRAL
True,True,True,True,19.034375,21.214375,0.0,0.0,285.07,1.25,5268.59,5249.95,18.64,False,False,MICRO_OFFSET | MID_GAP | ORIGINAL_CLUSTER | QUARTER_ROUNDING | RESIDUAL_LEVEL | RESIDUAL_REGIME_LEVEL,adjacent_cluster_midpoint | base_cluster | base_plus_+11 | base_plus_+13 | base_plus_+3 | base_plus_+5 | base_plus_+8 | base_plus_-11 | base_plus_-13 | base_plus_-3 | base_plus_-5 | base_plus_-8 | nearest_quarter_variant | prior_level_median_residual | prior_regime_level_median_residual,5238.59,5222.07,16.52,False,False,MICRO_OFFSET | MID_GAP | ORIGINAL_CLUSTER | QUARTER_ROUNDING | RESIDUAL_LEVEL | RESIDUAL_REGIME_LEVEL,adjacent_cluster_midpoint | base_cluster | base_plus_+11 | base_plus_+13 | base_plus_+3 | base_plus_+5 | base_plus_+8 | base_plus_-11 | base_plus_-13 | base_plus_-3 | base_plus_-5 | base_plus_-8 | nearest_quarter_variant | prior_level_median_residual | prior_regime_level_median_residual,5159.17125,5189.44,30.26875,False,False,MICRO_OFFSET | MID_GAP | ORIGINAL_CLUSTER | QUARTER_ROUNDING | RESIDUAL_LEVEL | RESIDUAL_REGIME_LEVEL,adjacent_cluster_midpoint | base_cluster | base_plus_+11 | base_plus_+13 | base_plus_+3 | base_plus_+5 | base_plus_+8 | base_plus_-11 | base_plus_-13 | base_plus_-3 | base_plus_-5 | base_plus_-8 | nearest_quarter_variant | prior_level_median_residual | prior_regime_level_median_residual,5144.17125,5163.6,19.42875,False,False,MICRO_OFFSET | MID_GAP | ORIGINAL_CLUSTER | QUARTER_ROUNDING | RESIDUAL_LEVEL | RESIDUAL_REGIME_LEVEL,adjacent_cluster_midpoint | base_cluster | base_plus_+11 | base_plus_+13 | base_plus_+3 | base_plus_+5 | base_plus_+8 | base_plus_-11 | base_plus_-13 | base_plus_-3 | base_plus_-5 | base_plus_-8 | nearest_quarter_variant | prior_level_median_residual | prior_regime_level_median_residual,2026-03-11,2026-03-10,RANGE_WIDE_120_220,CLOSE_POS_MIDDLE_THIRD,ROWS_STANDARD_9_10,5192.64,PREV_CLOSE_PROXY,,NEUTRAL
True,True,False,True,17.475545,19.533358,0.0,0.0,202.59186,1.0,5201.5075,5238.21,36.7025,False,False,MICRO_OFFSET | MID_GAP | ORIGINAL_CLUSTER | QUARTER_ROUNDING | RESIDUAL_LEVEL | RESIDUAL_REGIME_LEVEL,adjacent_cluster_midpoint | base_cluster | base_plus_+11 | base_plus_+13 | base_plus_+3 | base_plus_+5 | base_plus_+8 | base_plus_-11 | base_plus_-13 | base_plus_-3 | base_plus_-5 | base_plus_-8 | nearest_quarter_variant | prior_level_median_residual | prior_regime_level_median_residual,5187.61641,5214.48,26.86359,False,False,MICRO_OFFSET | MID_GAP | ORIGINAL_CLUSTER | QUARTER_ROUNDING | RESIDUAL_LEVEL | RESIDUAL_REGIME_LEVEL,adjacent_cluster_midpoint | base_cluster | base_plus_+11 | base_plus_+13 | base_plus_+3 | base_plus_+5 | base_plus_+8 | base_plus_-11 | base_plus_-13 | base_plus_-3 | base_plus_-5 | base_plus_-8 | nearest_quarter_variant | prior_level_median_residual | prior_regime_level_median_residual,5179.24016,5185.72,6.47984,False,False,MICRO_OFFSET | MID_GAP | ORIGINAL_CLUSTER | QUARTER_ROUNDING | RESIDUAL_LEVEL | RESIDUAL_REGIME_LEVEL,adjacent_cluster_midpoint | base_cluster | base_plus_+11 | base_plus_+13 | base_plus_+3 | base_plus_+5 | base_plus_+8 | base_plus_-11 | base_plus_-13 | base_plus_-3 | base_plus_-5 | base_plus_-8 | nearest_quarter_variant | prior_level_median_residual | prior_regime_level_median_residual,5165.5475,5157.46,8.0875,False,False,MICRO_OFFSET | MID_GAP | ORIGINAL_CLUSTER | QUARTER_ROUNDING | RESIDUAL_LEVEL | RESIDUAL_REGIME_LEVEL,adjacent_cluster_midpoint | base_cluster | base_plus_+11 | base_plus_+13 | base_plus_+3 | base_plus_+5 | base_plus_+8 | base_plus_-11 | base_plus_-13 | base_plus_-3 | base_plus_-5 | base_plus_-8 | nearest_quarter_variant | prior_level_median_residual | prior_regime_level_median_residual,2026-03-12,2026-03-11,RANGE_NORMAL_60_120,CLOSE_POS_MIDDLE_THIRD,ROWS_STANDARD_9_10,5175.96,PREV_CLOSE_PROXY,,NEUTRAL
True,True,True,True,10.393125,11.004511,25.0,25.0,166.96359,1.0,5128.541795,5106.89,21.651795,False,False,MICRO_OFFSET | MID_GAP | ORIGINAL_CLUSTER | QUARTER_ROUNDING | RESIDUAL_LEVEL | RESIDUAL_REGIME_LEVEL,adjacent_cluster_midpoint | base_cluster | base_plus_+11 | base_plus_+13 | base_plus_+3 | base_plus_+5 | base_plus_+8 | base_plus_-11 | base_plus_-13 | base_plus_-3 | base_plus_-5 | base_plus_-8 | nearest_quarter_variant | prior_level_median_residual | prior_regime_level_median_residual,5093.7175,5079.86,13.8575,False,False,MICRO_OFFSET | MID_GAP | ORIGINAL_CLUSTER | QUARTER_ROUNDING | RESIDUAL_LEVEL | RESIDUAL_REGIME_LEVEL,adjacent_cluster_midpoint | base_cluster | base_plus_+11 | base_plus_+13 | base_plus_+3 | base_plus_+5 | base_plus_+8 | base_plus_-11 | base_plus_-13 | base_plus_-3 | base_plus_-5 | base_plus_-8 | nearest_quarter_variant | prior_level_median_residual | prior_regime_level_median_residual,5060.90875,5053.98,6.92875,False,False,MICRO_OFFSET | MID_GAP | ORIGINAL_CLUSTER | QUARTER_ROUNDING | RESIDUAL_LEVEL | RESIDUAL_REGIME_LEVEL,adjacent_cluster_midpoint | base_cluster | base_plus_+11 | base_plus_+13 | base_plus_+3 | base_plus_+5 | base_plus_+8 | base_plus_-11 | base_plus_-13 | base_plus_-3 | base_plus_-5 | base_plus_-8 | nearest_quarter_variant | prior_level_median_residual | prior_regime_level_median_residual,5025.08,5023.5,1.58,True,True,MICRO_OFFSET | MID_GAP | ORIGINAL_CLUSTER | QUARTER_ROUNDING | RESIDUAL_LEVEL | RESIDUAL_REGIME_LEVEL,adjacent_cluster_midpoint | base_cluster | base_plus_+11 | base_plus_+13 | base_plus_+3 | base_plus_+5 | base_plus_+8 | base_plus_-11 | base_plus_-13 | base_plus_-3 | base_plus_-5 | base_plus_-8 | nearest_quarter_variant | prior_level_median_residual | prior_regime_level_median_residual,2026-03-13,2026-03-12,RANGE_WIDE_120_220,CLOSE_POS_LOWER_THIRD,ROWS_STANDARD_9_10,5079.04,PREV_CLOSE_PROXY,,NEUTRAL
True,True,True,True,10.97,11.115417,0.0,0.0,196.85,1.0,5071.746667,5080.85,9.103334,False,False,MICRO_OFFSET | MID_GAP | ORIGINAL_CLUSTER | QUARTER_ROUNDING | RESIDUAL_LEVEL | RESIDUAL_REGIME_LEVEL,adjacent_cluster_midpoint | base_cluster | base_plus_+11 | base_plus_+13 | base_plus_+3 | base_plus_+5 | base_plus_+8 | base_plus_-11 | base_plus_-13 | base_plus_-3 | base_plus_-5 | base_plus_-8 | nearest_quarter_variant | prior_level_median_residual | prior_regime_level_median_residual,5043.891666,5057.31,13.418334,False,False,MICRO_OFFSET | MID_GAP | ORIGINAL_CLUSTER | QUARTER_ROUNDING | RESIDUAL_LEVEL | RESIDUAL_REGIME_LEVEL,adjacent_cluster_midpoint | base_cluster | base_plus_+11 | base_plus_+13 | base_plus_+3 | base_plus_+5 | base_plus_+8 | base_plus_-11 | base_plus_-13 | base_plus_-3 | base_plus_-5 | base_plus_-8 | nearest_quarter_variant | prior_level_median_residual | prior_regime_level_median_residual,5016.94,5028.51,11.57,False,False,MICRO_OFFSET | MID_GAP | ORIGINAL_CLUSTER | QUARTER_ROUNDING | RESIDUAL_LEVEL | RESIDUAL_REGIME_LEVEL,adjacent_cluster_midpoint | base_cluster | base_plus_+11 | base_plus_+13 | base_plus_+3 | base_plus_+5 | base_plus_+8 | base_plus_-11 | base_plus_-13 | base_plus_-3 | base_plus_-5 | base_plus_-8 | nearest_quarter_variant | prior_level_median_residual | prior_regime_level_median_residual,5009.8,4999.43,10.37,False,False,MICRO_OFFSET | MID_GAP | ORIGINAL_CLUSTER | QUARTER_ROUNDING | RESIDUAL_LEVEL | RESIDUAL_REGIME_LEVEL,adjacent_cluster_midpoint | base_cluster | base_plus_+11 | base_plus_+13 | base_plus_+3 | base_plus_+5 | base_plus_+8 | base_plus_-11 | base_plus_-13 | base_plus_-3 | base_plus_-5 | base_plus_-8 | nearest_quarter_variant | prior_level_median_residual | prior_regime_level_median_residual,2026-03-16,2026-03-13,RANGE_NORMAL_60_120,CLOSE_POS_LOWER_THIRD,ROWS_STANDARD_9_10,5018.66,PREV_CLOSE_PROXY,,NEUTRAL
True,False,False,True,13.0025,15.057341,0.0,0.0,218.363773,1.0,5009.214386,5032.61,23.395613,False,False,MICRO_OFFSET | MID_GAP | ORIGINAL_CLUSTER | QUARTER_ROUNDING | RESIDUAL_LEVEL | RESIDUAL_REGIME_LEVEL,adjacent_cluster_midpoint | base_cluster | base_plus_+11 | base_plus_+13 | base_plus_+3 | base_plus_+5 | base_plus_+8 | base_plus_-11 | base_plus_-13 | base_plus_-3 | base_plus_-5 | base_plus_-8 | nearest_quarter_variant | prior_level_median_residual | prior_regime_level_median_residual,4991.27125,5002.1,10.82875,False,False,MICRO_OFFSET | MID_GAP | ORIGINAL_CLUSTER | QUARTER_ROUNDING | RESIDUAL_LEVEL | RESIDUAL_REGIME_LEVEL,adjacent_cluster_midpoint | base_cluster | base_plus_+11 | base_plus_+13 | base_plus_+3 | base_plus_+5 | base_plus_+8 | base_plus_-11 | base_plus_-13 | base_plus_-3 | base_plus_-5 | base_plus_-8 | nearest_quarter_variant | prior_level_median_residual | prior_regime_level_median_residual,4961.2925,4972.65,11.3575,False,False,MICRO_OFFSET | MID_GAP | ORIGINAL_CLUSTER | QUARTER_ROUNDING | RESIDUAL_LEVEL | RESIDUAL_REGIME_LEVEL,adjacent_cluster_midpoint | base_cluster | base_plus_+11 | base_plus_+13 | base_plus_+3 | base_plus_+5 | base_plus_+8 | base_plus_-11 | base_plus_-13 | base_plus_-3 | base_plus_-5 | base_plus_-8 | nearest_quarter_variant | prior_level_median_residual | prior_regime_level_median_residual,4963.1675,4948.52,14.6475,False,False,MICRO_OFFSET | MID_GAP | ORIGINAL_CLUSTER | QUARTER_ROUNDING | RESIDUAL_LEVEL | RESIDUAL_REGIME_LEVEL,adjacent_cluster_midpoint | base_cluster | base_plus_+11 | base_plus_+13 | base_plus_+3 | base_plus_+5 | base_plus_+8 | base_plus_-11 | base_plus_-13 | base_plus_-3 | base_plus_-5 | base_plus_-8 | nearest_quarter_variant | prior_level_median_residual | prior_regime_level_median_residual,2026-03-17,2026-03-16,RANGE_NORMAL_60_120,CLOSE_POS_MIDDLE_THIRD,ROWS_SPARSE_1_8,5006.25,PREV_CLOSE_PROXY,,NEUTRAL
True,True,True,True,7.05,7.4275,25.0,25.0,104.0,1.0,5046.84,5033.04,13.8,False,False,MICRO_OFFSET | MID_GAP | ORIGINAL_CLUSTER | QUARTER_ROUNDING | RESIDUAL_LEVEL | RESIDUAL_REGIME_LEVEL,adjacent_cluster_midpoint | base_cluster | base_plus_+11 | base_plus_+13 | base_plus_+3 | base_plus_+5 | base_plus_+8 | base_plus_-11 | base_plus_-13 | base_plus_-3 | base_plus_-5 | base_plus_-8 | nearest_quarter_variant | prior_level_median_residual | prior_regime_level_median_residual,5009.41,5007.6,1.81,True,True,MICRO_OFFSET | MID_GAP | ORIGINAL_CLUSTER | QUARTER_ROUNDING | RESIDUAL_LEVEL | RESIDUAL_REGIME_LEVEL,adjacent_cluster_midpoint | base_cluster | base_plus_+11 | base_plus_+13 | base_plus_+3 | base_plus_+5 | base_plus_+8 | base_plus_-11 | base_plus_-13 | base_plus_-3 | base_plus_-5 | base_plus_-8 | nearest_quarter_variant | prior_level_median_residual | prior_regime_level_median_residual,4983.44,4976.45,6.99,False,False,MICRO_OFFSET | MID_GAP | ORIGINAL_CLUSTER | QUARTER_ROUNDING | RESIDUAL_LEVEL | RESIDUAL_REGIME_LEVEL,adjacent_cluster_midpoint | base_cluster | base_plus_+11 | base_plus_+13 | base_plus_+3 | base_plus_+5 | base_plus_+8 | base_plus_-11 | base_plus_-13 | base_plus_-3 | base_plus_-5 | base_plus_-8 | nearest_quarter_variant | prior_level_median_residual | prior_regime_level_median_residual,4955.76,4948.65,7.11,False,False,MICRO_OFFSET | MID_GAP | ORIGINAL_CLUSTER | QUARTER_ROUNDING | RESIDUAL_LEVEL | RESIDUAL_REGIME_LEVEL,adjacent_cluster_midpoint | base_cluster | base_plus_+11 | base_plus_+13 | base_plus_+3 | base_plus_+5 | base_plus_+8 | base_plus_-11 | base_plus_-13 | base_plus_-3 | base_plus_-5 | base_plus_-8 | nearest_quarter_variant | prior_level_median_residual | prior_regime_level_median_residual,2026-03-18,2026-03-17,RANGE_NORMAL_60_120,CLOSE_POS_MIDDLE_THIRD,ROWS_EXTENDED_11_PLUS,5005.5,PREV_CLOSE_PROXY,,NEUTRAL
True,True,False,False,125.561762,128.847444,0.0,0.0,218.83955,1.0,5032.5075,4854.69,177.8175,False,False,MICRO_OFFSET | MID_GAP | ORIGINAL_CLUSTER | QUARTER_ROUNDING | RESIDUAL_LEVEL | RESIDUAL_REGIME_LEVEL,adjacent_cluster_midpoint | base_cluster | base_plus_+11 | base_plus_+13 | base_plus_+3 | base_plus_+5 | base_plus_+8 | base_plus_-11 | base_plus_-13 | base_plus_-3 | base_plus_-5 | base_plus_-8 | nearest_quarter_variant | prior_level_median_residual | prior_regime_level_median_residual,4977.126875,4835.57,141.556875,False,False,MICRO_OFFSET | MID_GAP | ORIGINAL_CLUSTER | QUARTER_ROUNDING | RESIDUAL_LEVEL | RESIDUAL_REGIME_LEVEL,adjacent_cluster_midpoint | base_cluster | base_plus_+11 | base_plus_+13 | base_plus_+3 | base_plus_+5 | base_plus_+8 | base_plus_-11 | base_plus_-13 | base_plus_-3 | base_plus_-5 | base_plus_-8 | nearest_quarter_variant | prior_level_median_residual | prior_regime_level_median_residual,4924.05665,4814.49,109.56665,False,False,MICRO_OFFSET | MID_GAP | ORIGINAL_CLUSTER | QUARTER_ROUNDING | RESIDUAL_LEVEL | RESIDUAL_REGIME_LEVEL,adjacent_cluster_midpoint | base_cluster | base_plus_+11 | base_plus_+13 | base_plus_+3 | base_plus_+5 | base_plus_+8 | base_plus_-11 | base_plus_-13 | base_plus_-3 | base_plus_-5 | base_plus_-8 | nearest_quarter_variant | prior_level_median_residual | prior_regime_level_median_residual,4880.84875,4794.4,86.44875,False,False,MICRO_OFFSET | MID_GAP | ORIGINAL_CLUSTER | QUARTER_ROUNDING | RESIDUAL_LEVEL | RESIDUAL_REGIME_LEVEL,adjacent_cluster_midpoint | base_cluster | base_plus_+11 | base_plus_+13 | base_plus_+3 | base_plus_+5 | base_plus_+8 | base_plus_-11 | base_plus_-13 | base_plus_-3 | base_plus_-5 | base_plus_-8 | nearest_quarter_variant | prior_level_median_residual | prior_regime_level_median_residual,2026-03-19,2026-03-18,RANGE_WIDE_120_220,CLOSE_POS_LOWER_THIRD,ROWS_EXTENDED_11_PLUS,4818.64,PREV_CLOSE_PROXY,,NEUTRAL
True,True,False,False,89.59,88.42,0.0,0.0,104.0,1.0,4798.64,4687.79,110.85,False,False,MICRO_OFFSET | MID_GAP | ORIGINAL_CLUSTER | QUARTER_ROUNDING | RESIDUAL_LEVEL,adjacent_cluster_midpoint | base_cluster | base_plus_+11 | base_plus_+13 | base_plus_+3 | base_plus_+5 | base_plus_+8 | base_plus_-11 | base_plus_-13 | base_plus_-3 | base_plus_-5 | base_plus_-8 | nearest_quarter_variant | prior_level_median_residual,4768.64,4666.39,102.25,False,False,MICRO_OFFSET | MID_GAP | ORIGINAL_CLUSTER | QUARTER_ROUNDING | RESIDUAL_LEVEL,adjacent_cluster_midpoint | base_cluster | base_plus_+11 | base_plus_+13 | base_plus_+3 | base_plus_+5 | base_plus_+8 | base_plus_-11 | base_plus_-13 | base_plus_-3 | base_plus_-5 | base_plus_-8 | nearest_quarter_variant | prior_level_median_residual,4719.36,4642.43,76.93,False,False,MICRO_OFFSET | MID_GAP | ORIGINAL_CLUSTER | QUARTER_ROUNDING | RESIDUAL_LEVEL,adjacent_cluster_midpoint | base_cluster | base_plus_+11 | base_plus_+13 | base_plus_+3 | base_plus_+5 | base_plus_+8 | base_plus_-11 | base_plus_-13 | base_plus_-3 | base_plus_-5 | base_plus_-8 | nearest_quarter_variant | prior_level_median_residual,4685.08,4621.43,63.65,False,False,MICRO_OFFSET | MID_GAP | ORIGINAL_CLUSTER | QUARTER_ROUNDING | RESIDUAL_LEVEL,adjacent_cluster_midpoint | base_cluster | base_plus_+11 | base_plus_+13 | base_plus_+3 | base_plus_+5 | base_plus_+8 | base_plus_-11 | base_plus_-13 | base_plus_-3 | base_plus_-5 | base_plus_-8 | nearest_quarter_variant | prior_level_median_residual,2026-03-20,2026-03-19,RANGE_EXTREME_220_PLUS,CLOSE_POS_MIDDLE_THIRD,ROWS_STANDARD_9_10,4650.38,PREV_CLOSE_PROXY,,NEUTRAL
True,True,True,True,22.1625,22.269375,0.0,25.0,160.685,1.25,4519.47,4524.06,4.59,False,True,MICRO_OFFSET | MID_GAP | ORIGINAL_CLUSTER | QUARTER_ROUNDING | RESIDUAL_LEVEL,adjacent_cluster_midpoint | base_cluster | base_plus_+11 | base_plus_+13 | base_plus_+3 | base_plus_+5 | base_plus_+8 | base_plus_-11 | base_plus_-13 | base_plus_-3 | base_plus_-5 | base_plus_-8 | nearest_quarter_variant | prior_level_median_residual,4508.765,4495.38,13.385,False,False,MICRO_OFFSET | MID_GAP | ORIGINAL_CLUSTER | QUARTER_ROUNDING | RESIDUAL_LEVEL | RESIDUAL_REGIME_LEVEL,adjacent_cluster_midpoint | base_cluster | base_plus_+11 | base_plus_+13 | base_plus_+3 | base_plus_+5 | base_plus_+8 | base_plus_-11 | base_plus_-13 | base_plus_-3 | base_plus_-5 | base_plus_-8 | nearest_quarter_variant | prior_level_median_residual | prior_regime_level_median_residual,4496.54,4465.6,30.94,False,False,MICRO_OFFSET | MID_GAP | ORIGINAL_CLUSTER | QUARTER_ROUNDING | RESIDUAL_LEVEL,adjacent_cluster_midpoint | base_cluster | base_plus_+11 | base_plus_+13 | base_plus_+3 | base_plus_+5 | base_plus_+8 | base_plus_-11 | base_plus_-13 | base_plus_-3 | base_plus_-5 | base_plus_-8 | nearest_quarter_variant | prior_level_median_residual,4481.8725,4441.71,40.1625,False,False,MICRO_OFFSET | MID_GAP | ORIGINAL_CLUSTER | QUARTER_ROUNDING | RESIDUAL_LEVEL | RESIDUAL_REGIME_LEVEL,adjacent_cluster_midpoint | base_cluster | base_plus_+11 | base_plus_+13 | base_plus_+3 | base_plus_+5 | base_plus_+8 | base_plus_-11 | base_plus_-13 | base_plus_-3 | base_plus_-5 | base_plus_-8 | nearest_quarter_variant | prior_level_median_residual | prior_regime_level_median_residual,2026-03-23,2026-03-20,RANGE_EXTREME_220_PLUS,CLOSE_POS_LOWER_THIRD,ROWS_STANDARD_9_10,4498.06,PREV_CLOSE_PROXY,,NEUTRAL
True,True,True,True,43.932223,43.87283,0.0,0.0,192.6325,1.0,4521.351875,4445.82,75.531875,False,False,MICRO_OFFSET | MID_GAP | ORIGINAL_CLUSTER | QUARTER_ROUNDING | RESIDUAL_LEVEL | RESIDUAL_REGIME_LEVEL,adjacent_cluster_midpoint | base_cluster | base_plus_+11 | base_plus_+13 | base_plus_+3 | base_plus_+5 | base_plus_+8 | base_plus_-11 | base_plus_-13 | base_plus_-3 | base_plus_-5 | base_plus_-8 | nearest_quarter_variant | prior_level_median_residual | prior_regime_level_median_residual,4463.795625,4395.52,68.275625,False,False,MICRO_OFFSET | MID_GAP | ORIGINAL_CLUSTER | QUARTER_ROUNDING | RESIDUAL_LEVEL,adjacent_cluster_midpoint | base_cluster | base_plus_+11 | base_plus_+13 | base_plus_+3 | base_plus_+5 | base_plus_+8 | base_plus_-11 | base_plus_-13 | base_plus_-3 | base_plus_-5 | base_plus_-8 | nearest_quarter_variant | prior_level_median_residual,4369.32882,4349.74,19.58882,False,False,MICRO_OFFSET | MID_GAP | ORIGINAL_CLUSTER | QUARTER_ROUNDING | RESIDUAL_LEVEL,adjacent_cluster_midpoint | base_cluster | base_plus_+11 | base_plus_+13 | base_plus_+3 | base_plus_+5 | base_plus_+8 | base_plus_-11 | base_plus_-13 | base_plus_-3 | base_plus_-5 | base_plus_-8 | nearest_quarter_variant | prior_level_median_residual,4317.705,4305.61,12.095,False,False,MICRO_OFFSET | MID_GAP | ORIGINAL_CLUSTER | QUARTER_ROUNDING | RESIDUAL_LEVEL,adjacent_cluster_midpoint | base_cluster | base_plus_+11 | base_plus_+13 | base_plus_+3 | base_plus_+5 | base_plus_+8 | base_plus_-11 | base_plus_-13 | base_plus_-3 | base_plus_-5 | base_plus_-8 | nearest_quarter_variant | prior_level_median_residual,2026-03-24,2026-03-23,RANGE_EXTREME_220_PLUS,CLOSE_POS_UPPER_THIRD,ROWS_STANDARD_9_10,4406.68,PREV_CLOSE_PROXY,,NEUTRAL
True,False,False,True,17.194584,23.858229,0.0,0.0,104.0,1.5,4540.08625,4530.5,9.58625,False,False,MICRO_OFFSET | MID_GAP | ORIGINAL_CLUSTER | QUARTER_ROUNDING | RESIDUAL_LEVEL | RESIDUAL_REGIME_LEVEL,adjacent_cluster_midpoint | base_cluster | base_plus_+11 | base_plus_+13 | base_plus_+3 | base_plus_+5 | base_plus_+8 | base_plus_-11 | base_plus_-13 | base_plus_-3 | base_plus_-5 | base_plus_-8 | nearest_quarter_variant | prior_level_median_residual | prior_regime_level_median_residual,4462.0975,4480.55,18.4525,False,False,MICRO_OFFSET | MID_GAP | ORIGINAL_CLUSTER | QUARTER_ROUNDING | RESIDUAL_LEVEL,adjacent_cluster_midpoint | base_cluster | base_plus_+11 | base_plus_+13 | base_plus_+3 | base_plus_+5 | base_plus_+8 | base_plus_-11 | base_plus_-13 | base_plus_-3 | base_plus_-5 | base_plus_-8 | nearest_quarter_variant | prior_level_median_residual,4421.523333,4437.46,15.936667,False,False,MICRO_OFFSET | MID_GAP | ORIGINAL_CLUSTER | QUARTER_ROUNDING | RESIDUAL_LEVEL,adjacent_cluster_midpoint | base_cluster | base_plus_+11 | base_plus_+13 | base_plus_+3 | base_plus_+5 | base_plus_+8 | base_plus_-11 | base_plus_-13 | base_plus_-3 | base_plus_-5 | base_plus_-8 | nearest_quarter_variant | prior_level_median_residual,4439.5975,4388.14,51.4575,False,False,MICRO_OFFSET | MID_GAP | ORIGINAL_CLUSTER | QUARTER_ROUNDING | RESIDUAL_LEVEL,adjacent_cluster_midpoint | base_cluster | base_plus_+11 | base_plus_+13 | base_plus_+3 | base_plus_+5 | base_plus_+8 | base_plus_-11 | base_plus_-13 | base_plus_-3 | base_plus_-5 | base_plus_-8 | nearest_quarter_variant | prior_level_median_residual,2026-03-25,2026-03-24,RANGE_WIDE_120_220,CLOSE_POS_UPPER_THIRD,ROWS_STANDARD_9_10,4474.36,PREV_CLOSE_PROXY,,NEUTRAL
True,False,True,True,13.625,17.2275,0.0,0.0,180.3,1.25,4549.84,4563.01,13.17,False,False,RESIDUAL_REGIME_LEVEL,prior_regime_level_median_residual,4562.375,4529.99,32.385,False,False,MICRO_OFFSET | MID_GAP | ORIGINAL_CLUSTER | QUARTER_ROUNDING | RESIDUAL_LEVEL | RESIDUAL_REGIME_LEVEL,adjacent_cluster_midpoint | base_cluster | base_plus_+11 | base_plus_+13 | base_plus_+3 | base_plus_+5 | base_plus_+8 | base_plus_-11 | base_plus_-13 | base_plus_-3 | base_plus_-5 | base_plus_-8 | nearest_quarter_variant | prior_level_median_residual | prior_regime_level_median_residual,4478.15,4492.23,14.08,False,False,MICRO_OFFSET | MID_GAP | ORIGINAL_CLUSTER | QUARTER_ROUNDING | RESIDUAL_LEVEL | RESIDUAL_REGIME_LEVEL,adjacent_cluster_midpoint | base_cluster | base_plus_+11 | base_plus_+13 | base_plus_+3 | base_plus_+5 | base_plus_+8 | base_plus_-11 | base_plus_-13 | base_plus_-3 | base_plus_-5 | base_plus_-8 | nearest_quarter_variant | prior_level_median_residual | prior_regime_level_median_residual,4467.125,4457.85,9.275,False,False,MICRO_OFFSET | MID_GAP | ORIGINAL_CLUSTER | QUARTER_ROUNDING | RESIDUAL_LEVEL | RESIDUAL_REGIME_LEVEL,adjacent_cluster_midpoint | base_cluster | base_plus_+11 | base_plus_+13 | base_plus_+3 | base_plus_+5 | base_plus_+8 | base_plus_-11 | base_plus_-13 | base_plus_-3 | base_plus_-5 | base_plus_-8 | nearest_quarter_variant | prior_level_median_residual | prior_regime_level_median_residual,2026-03-26,2026-03-25,RANGE_WIDE_120_220,CLOSE_POS_MIDDLE_THIRD,ROWS_STANDARD_9_10,4506.28,PREV_CLOSE_PROXY,,NEUTRAL
True,True,True,True,21.87478,23.34239,0.0,0.0,129.73,1.25,4470.40456,4456.11,14.29456,False,False,MICRO_OFFSET | MID_GAP | ORIGINAL_CLUSTER | QUARTER_ROUNDING | RESIDUAL_LEVEL | RESIDUAL_REGIME_LEVEL,adjacent_cluster_midpoint | base_cluster | base_plus_+11 | base_plus_+13 | base_plus_+3 | base_plus_+5 | base_plus_+8 | base_plus_-11 | base_plus_-13 | base_plus_-3 | base_plus_-5 | base_plus_-8 | nearest_quarter_variant | prior_level_median_residual | prior_regime_level_median_residual,4432.64,4424.34,8.3,False,False,MICRO_OFFSET | MID_GAP | ORIGINAL_CLUSTER | QUARTER_ROUNDING | RESIDUAL_LEVEL | RESIDUAL_REGIME_LEVEL,adjacent_cluster_midpoint | base_cluster | base_plus_+11 | base_plus_+13 | base_plus_+3 | base_plus_+5 | base_plus_+8 | base_plus_-11 | base_plus_-13 | base_plus_-3 | base_plus_-5 | base_plus_-8 | nearest_quarter_variant | prior_level_median_residual | prior_regime_level_median_residual,4364.045,4393.5,29.455,False,False,MICRO_OFFSET | MID_GAP | ORIGINAL_CLUSTER | QUARTER_ROUNDING | RESIDUAL_LEVEL | RESIDUAL_REGIME_LEVEL,adjacent_cluster_midpoint | base_cluster | base_plus_+11 | base_plus_+13 | base_plus_+3 | base_plus_+5 | base_plus_+8 | base_plus_-11 | base_plus_-13 | base_plus_-3 | base_plus_-5 | base_plus_-8 | nearest_quarter_variant | prior_level_median_residual | prior_regime_level_median_residual,4321.18,4362.5,41.32,False,False,MICRO_OFFSET | MID_GAP | ORIGINAL_CLUSTER | QUARTER_ROUNDING | RESIDUAL_LEVEL | RESIDUAL_REGIME_LEVEL,adjacent_cluster_midpoint | base_cluster | base_plus_+11 | base_plus_+13 | base_plus_+3 | base_plus_+5 | base_plus_+8 | base_plus_-11 | base_plus_-13 | base_plus_-3 | base_plus_-5 | base_plus_-8 | nearest_quarter_variant | prior_level_median_residual | prior_regime_level_median_residual,2026-03-27,2026-03-26,RANGE_WIDE_120_220,CLOSE_POS_LOWER_THIRD,ROWS_STANDARD_9_10,4378.0,PREV_CLOSE_PROXY,,NEUTRAL
True,True,False,True,8.667931,11.236622,0.0,0.0,263.79036,1.25,4534.828125,4543.04,8.211875,False,False,MICRO_OFFSET | MID_GAP | ORIGINAL_CLUSTER | QUARTER_ROUNDING | RESIDUAL_LEVEL | RESIDUAL_REGIME_LEVEL,adjacent_cluster_midpoint | base_cluster | base_plus_+11 | base_plus_+13 | base_plus_+3 | base_plus_+5 | base_plus_+8 | base_plus_-11 | base_plus_-13 | base_plus_-3 | base_plus_-5 | base_plus_-8 | nearest_quarter_variant | prior_level_median_residual | prior_regime_level_median_residual,4493.62125,4513.02,19.39875,False,False,MICRO_OFFSET | MID_GAP | ORIGINAL_CLUSTER | QUARTER_ROUNDING | RESIDUAL_LEVEL | RESIDUAL_REGIME_LEVEL,adjacent_cluster_midpoint | base_cluster | base_plus_+11 | base_plus_+13 | base_plus_+3 | base_plus_+5 | base_plus_+8 | base_plus_-11 | base_plus_-13 | base_plus_-3 | base_plus_-5 | base_plus_-8 | nearest_quarter_variant | prior_level_median_residual | prior_regime_level_median_residual,4475.503333,4484.03,8.526667,False,False,MICRO_OFFSET | MID_GAP | ORIGINAL_CLUSTER | QUARTER_ROUNDING | RESIDUAL_LEVEL | RESIDUAL_REGIME_LEVEL,adjacent_cluster_midpoint | base_cluster | base_plus_+11 | base_plus_+13 | base_plus_+3 | base_plus_+5 | base_plus_+8 | base_plus_-11 | base_plus_-13 | base_plus_-3 | base_plus_-5 | base_plus_-8 | nearest_quarter_variant | prior_level_median_residual | prior_regime_level_median_residual,4460.529195,4451.72,8.809195,False,False,MICRO_OFFSET | MID_GAP | ORIGINAL_CLUSTER | QUARTER_ROUNDING | RESIDUAL_LEVEL | RESIDUAL_REGIME_LEVEL,adjacent_cluster_midpoint | base_cluster | base_plus_+11 | base_plus_+13 | base_plus_+3 | base_plus_+5 | base_plus_+8 | base_plus_-11 | base_plus_-13 | base_plus_-3 | base_plus_-5 | base_plus_-8 | nearest_quarter_variant | prior_level_median_residual | prior_regime_level_median_residual,2026-03-30,2026-03-27,RANGE_WIDE_120_220,CLOSE_POS_MIDDLE_THIRD,ROWS_STANDARD_9_10,4495.46,PREV_CLOSE_PROXY,,NEUTRAL
True,True,True,True,17.992812,19.284062,0.0,0.0,321.28,1.0,4563.581875,4538.28,25.301875,False,False,MICRO_OFFSET | MID_GAP | ORIGINAL_CLUSTER | QUARTER_ROUNDING | RESIDUAL_LEVEL,adjacent_cluster_midpoint | base_cluster | base_plus_+11 | base_plus_+13 | base_plus_+3 | base_plus_+5 | base_plus_+8 | base_plus_-11 | base_plus_-13 | base_plus_-3 | base_plus_-5 | base_plus_-8 | nearest_quarter_variant | prior_level_median_residual,4525.88875,4510.04,15.84875,False,False,MICRO_OFFSET | MID_GAP | ORIGINAL_CLUSTER | QUARTER_ROUNDING | RESIDUAL_LEVEL,adjacent_cluster_midpoint | base_cluster | base_plus_+11 | base_plus_+13 | base_plus_+3 | base_plus_+5 | base_plus_+8 | base_plus_-11 | base_plus_-13 | base_plus_-3 | base_plus_-5 | base_plus_-8 | nearest_quarter_variant | prior_level_median_residual,4500.135,4480.75,19.385,False,False,MICRO_OFFSET | MID_GAP | ORIGINAL_CLUSTER | QUARTER_ROUNDING | RESIDUAL_LEVEL,adjacent_cluster_midpoint | base_cluster | base_plus_+11 | base_plus_+13 | base_plus_+3 | base_plus_+5 | base_plus_+8 | base_plus_-11 | base_plus_-13 | base_plus_-3 | base_plus_-5 | base_plus_-8 | nearest_quarter_variant | prior_level_median_residual,4431.559375,4448.16,16.600625,False,False,MICRO_OFFSET | MID_GAP | ORIGINAL_CLUSTER | QUARTER_ROUNDING | RESIDUAL_LEVEL,adjacent_cluster_midpoint | base_cluster | base_plus_+11 | base_plus_+13 | base_plus_+3 | base_plus_+5 | base_plus_+8 | base_plus_-11 | base_plus_-13 | base_plus_-3 | base_plus_-5 | base_plus_-8 | nearest_quarter_variant | prior_level_median_residual,2026-03-31,2026-03-30,RANGE_WIDE_120_220,CLOSE_POS_MIDDLE_THIRD,ROWS_SPARSE_1_8,4511.02,PREV_CLOSE_PROXY,,NEUTRAL
True,True,False,True,6.061666,14.485833,0.0,50.0,165.641667,1.5,4746.6725,4705.0,41.6725,False,False,MICRO_OFFSET | MID_GAP | ORIGINAL_CLUSTER | QUARTER_ROUNDING | RESIDUAL_LEVEL | RESIDUAL_REGIME_LEVEL,adjacent_cluster_midpoint | base_cluster | base_plus_+11 | base_plus_+13 | base_plus_+3 | base_plus_+5 | base_plus_+8 | base_plus_-11 | base_plus_-13 | base_plus_-3 | base_plus_-5 | base_plus_-8 | nearest_quarter_variant | prior_level_median_residual | prior_regime_level_median_residual,4687.9675,4683.82,4.1475,False,True,MICRO_OFFSET | MID_GAP | ORIGINAL_CLUSTER | QUARTER_ROUNDING | RESIDUAL_LEVEL | RESIDUAL_REGIME_LEVEL,adjacent_cluster_midpoint | base_cluster | base_plus_+11 | base_plus_+13 | base_plus_+3 | base_plus_+5 | base_plus_+8 | base_plus_-11 | base_plus_-13 | base_plus_-3 | base_plus_-5 | base_plus_-8 | nearest_quarter_variant | prior_level_median_residual | prior_regime_level_median_residual,4668.588333,4661.39,7.198333,False,False,MICRO_OFFSET | MID_GAP | ORIGINAL_CLUSTER | QUARTER_ROUNDING | RESIDUAL_LEVEL | RESIDUAL_REGIME_LEVEL,adjacent_cluster_midpoint | base_cluster | base_plus_+11 | base_plus_+13 | base_plus_+3 | base_plus_+5 | base_plus_+8 | base_plus_-11 | base_plus_-13 | base_plus_-3 | base_plus_-5 | base_plus_-8 | nearest_quarter_variant | prior_level_median_residual | prior_regime_level_median_residual,4636.115,4641.04,4.925,False,True,MICRO_OFFSET | MID_GAP | ORIGINAL_CLUSTER | QUARTER_ROUNDING | RESIDUAL_LEVEL,adjacent_cluster_midpoint | base_cluster | base_plus_+11 | base_plus_+13 | base_plus_+3 | base_plus_+5 | base_plus_+8 | base_plus_-11 | base_plus_-13 | base_plus_-3 | base_plus_-5 | base_plus_-8 | nearest_quarter_variant | prior_level_median_residual,2026-04-01,2026-03-31,RANGE_WIDE_120_220,CLOSE_POS_UPPER_THIRD,ROWS_STANDARD_9_10,4667.12,PREV_CLOSE_PROXY,,NEUTRAL
True,True,False,True,20.96,21.28375,0.0,0.0,274.91,1.5,4832.845,4810.02,22.825,False,False,MICRO_OFFSET | MID_GAP | ORIGINAL_CLUSTER | QUARTER_ROUNDING | RESIDUAL_LEVEL | RESIDUAL_REGIME_LEVEL,adjacent_cluster_midpoint | base_cluster | base_plus_+11 | base_plus_+13 | base_plus_+3 | base_plus_+5 | base_plus_+8 | base_plus_-11 | base_plus_-13 | base_plus_-3 | base_plus_-5 | base_plus_-8 | nearest_quarter_variant | prior_level_median_residual | prior_regime_level_median_residual,4764.955,4784.05,19.095,False,False,MICRO_OFFSET | MID_GAP | ORIGINAL_CLUSTER | QUARTER_ROUNDING | RESIDUAL_LEVEL | RESIDUAL_REGIME_LEVEL,adjacent_cluster_midpoint | base_cluster | base_plus_+11 | base_plus_+13 | base_plus_+3 | base_plus_+5 | base_plus_+8 | base_plus_-11 | base_plus_-13 | base_plus_-3 | base_plus_-5 | base_plus_-8 | nearest_quarter_variant | prior_level_median_residual | prior_regime_level_median_residual,4762.39,4749.81,12.58,False,False,MICRO_OFFSET | MID_GAP | ORIGINAL_CLUSTER | QUARTER_ROUNDING | RESIDUAL_LEVEL | RESIDUAL_REGIME_LEVEL,adjacent_cluster_midpoint | base_cluster | base_plus_+11 | base_plus_+13 | base_plus_+3 | base_plus_+5 | base_plus_+8 | base_plus_-11 | base_plus_-13 | base_plus_-3 | base_plus_-5 | base_plus_-8 | nearest_quarter_variant | prior_level_median_residual | prior_regime_level_median_residual,4744.825,4714.19,30.635,False,False,MICRO_OFFSET | MID_GAP | ORIGINAL_CLUSTER | QUARTER_ROUNDING | RESIDUAL_LEVEL | RESIDUAL_REGIME_LEVEL,adjacent_cluster_midpoint | base_cluster | base_plus_+11 | base_plus_+13 | base_plus_+3 | base_plus_+5 | base_plus_+8 | base_plus_-11 | base_plus_-13 | base_plus_-3 | base_plus_-5 | base_plus_-8 | nearest_quarter_variant | prior_level_median_residual | prior_regime_level_median_residual,2026-04-02,2026-04-01,RANGE_WIDE_120_220,CLOSE_POS_UPPER_THIRD,ROWS_EXTENDED_11_PLUS,4758.18,PREV_CLOSE_PROXY,,NEUTRAL
True,True,False,True,19.1025,21.21335,0.0,0.0,104.0,1.5,4677.3,4712.91,35.61,False,False,MICRO_OFFSET | MID_GAP | ORIGINAL_CLUSTER | QUARTER_ROUNDING | RESIDUAL_LEVEL,adjacent_cluster_midpoint | base_cluster | base_plus_+11 | base_plus_+13 | base_plus_+3 | base_plus_+5 | base_plus_+8 | base_plus_-11 | base_plus_-13 | base_plus_-3 | base_plus_-5 | base_plus_-8 | nearest_quarter_variant | prior_level_median_residual,4662.3,4676.39,14.09,False,False,MICRO_OFFSET | MID_GAP | ORIGINAL_CLUSTER | QUARTER_ROUNDING | RESIDUAL_LEVEL,adjacent_cluster_midpoint | base_cluster | base_plus_+11 | base_plus_+13 | base_plus_+3 | base_plus_+5 | base_plus_+8 | base_plus_-11 | base_plus_-13 | base_plus_-3 | base_plus_-5 | base_plus_-8 | nearest_quarter_variant | prior_level_median_residual,4648.2484,4637.21,11.0384,False,False,MICRO_OFFSET | MID_GAP | ORIGINAL_CLUSTER | QUARTER_ROUNDING | RESIDUAL_LEVEL,adjacent_cluster_midpoint | base_cluster | base_plus_+11 | base_plus_+13 | base_plus_+3 | base_plus_+5 | base_plus_+8 | base_plus_-11 | base_plus_-13 | base_plus_-3 | base_plus_-5 | base_plus_-8 | nearest_quarter_variant | prior_level_median_residual,4627.775,4603.66,24.115,False,False,MICRO_OFFSET | MID_GAP | ORIGINAL_CLUSTER | QUARTER_ROUNDING | RESIDUAL_LEVEL,adjacent_cluster_midpoint | base_cluster | base_plus_+11 | base_plus_+13 | base_plus_+3 | base_plus_+5 | base_plus_+8 | base_plus_-11 | base_plus_-13 | base_plus_-3 | base_plus_-5 | base_plus_-8 | nearest_quarter_variant | prior_level_median_residual,2026-04-03,2026-04-02,RANGE_EXTREME_220_PLUS,CLOSE_POS_MIDDLE_THIRD,ROWS_STANDARD_9_10,4676.04,PREV_CLOSE_PROXY,,NEUTRAL
True,True,False,True,6.049207,6.888977,0.0,0.0,130.811815,2.0,4718.333415,4712.91,5.423415,False,False,MICRO_OFFSET | MID_GAP | ORIGINAL_CLUSTER | QUARTER_ROUNDING | RESIDUAL_LEVEL,adjacent_cluster_midpoint | base_cluster | base_plus_+11 | base_plus_+13 | base_plus_+3 | base_plus_+5 | base_plus_+8 | base_plus_-11 | base_plus_-13 | base_plus_-3 | base_plus_-5 | base_plus_-8 | nearest_quarter_variant | prior_level_median_residual,4669.715,4676.39,6.675,False,False,MICRO_OFFSET | MID_GAP | ORIGINAL_CLUSTER | QUARTER_ROUNDING | RESIDUAL_LEVEL | RESIDUAL_REGIME_LEVEL,adjacent_cluster_midpoint | base_cluster | base_plus_+11 | base_plus_+13 | base_plus_+3 | base_plus_+5 | base_plus_+8 | base_plus_-11 | base_plus_-13 | base_plus_-3 | base_plus_-5 | base_plus_-8 | nearest_quarter_variant | prior_level_median_residual | prior_regime_level_median_residual,4642.257493,4637.21,5.047493,False,False,MICRO_OFFSET | MID_GAP | ORIGINAL_CLUSTER | QUARTER_ROUNDING | RESIDUAL_LEVEL | RESIDUAL_REGIME_LEVEL,adjacent_cluster_midpoint | base_cluster | base_plus_+11 | base_plus_+13 | base_plus_+3 | base_plus_+5 | base_plus_+8 | base_plus_-11 | base_plus_-13 | base_plus_-3 | base_plus_-5 | base_plus_-8 | nearest_quarter_variant | prior_level_median_residual | prior_regime_level_median_residual,4593.25,4603.66,10.41,False,False,MICRO_OFFSET | MID_GAP | ORIGINAL_CLUSTER | QUARTER_ROUNDING | RESIDUAL_LEVEL,adjacent_cluster_midpoint | base_cluster | base_plus_+11 | base_plus_+13 | base_plus_+3 | base_plus_+5 | base_plus_+8 | base_plus_-11 | base_plus_-13 | base_plus_-3 | base_plus_-5 | base_plus_-8 | nearest_quarter_variant | prior_level_median_residual,2026-04-06,2026-04-02,RANGE_EXTREME_220_PLUS,CLOSE_POS_MIDDLE_THIRD,ROWS_STANDARD_9_10,4676.04,PREV_CLOSE_PROXY,,NEUTRAL
True,True,True,True,11.125,14.68875,0.0,25.0,214.92,1.25,4676.595,4686.47,9.875,False,False,MICRO_OFFSET | MID_GAP | ORIGINAL_CLUSTER | QUARTER_ROUNDING | RESIDUAL_LEVEL | RESIDUAL_REGIME_LEVEL,adjacent_cluster_midpoint | base_cluster | base_plus_+11 | base_plus_+13 | base_plus_+3 | base_plus_+5 | base_plus_+8 | base_plus_-11 | base_plus_-13 | base_plus_-3 | base_plus_-5 | base_plus_-8 | nearest_quarter_variant | prior_level_median_residual | prior_regime_level_median_residual,4651.795,4647.73,4.065,False,True,MICRO_OFFSET | MID_GAP | ORIGINAL_CLUSTER | QUARTER_ROUNDING | RESIDUAL_LEVEL | RESIDUAL_REGIME_LEVEL,adjacent_cluster_midpoint | base_cluster | base_plus_+11 | base_plus_+13 | base_plus_+3 | base_plus_+5 | base_plus_+8 | base_plus_-11 | base_plus_-13 | base_plus_-3 | base_plus_-5 | base_plus_-8 | nearest_quarter_variant | prior_level_median_residual | prior_regime_level_median_residual,4639.73,4607.29,32.44,False,False,MICRO_OFFSET | MID_GAP | ORIGINAL_CLUSTER | QUARTER_ROUNDING | RESIDUAL_LEVEL | RESIDUAL_REGIME_LEVEL,adjacent_cluster_midpoint | base_cluster | base_plus_+11 | base_plus_+13 | base_plus_+3 | base_plus_+5 | base_plus_+8 | base_plus_-11 | base_plus_-13 | base_plus_-3 | base_plus_-5 | base_plus_-8 | nearest_quarter_variant | prior_level_median_residual | prior_regime_level_median_residual,4553.935,4566.31,12.375,False,False,MICRO_OFFSET | MID_GAP | ORIGINAL_CLUSTER | QUARTER_ROUNDING | RESIDUAL_LEVEL | RESIDUAL_REGIME_LEVEL,adjacent_cluster_midpoint | base_cluster | base_plus_+11 | base_plus_+13 | base_plus_+3 | base_plus_+5 | base_plus_+8 | base_plus_-11 | base_plus_-13 | base_plus_-3 | base_plus_-5 | base_plus_-8 | nearest_quarter_variant | prior_level_median_residual | prior_regime_level_median_residual,2026-04-07,2026-04-06,RANGE_NORMAL_60_120,CLOSE_POS_MIDDLE_THIRD,ROWS_STANDARD_9_10,4650.5,PREV_CLOSE_PROXY,,NEUTRAL
True,True,False,False,21.040009,18.34104,25.0,25.0,237.704875,1.25,4700.126685,4713.5,13.373315,False,False,MICRO_OFFSET | MID_GAP | ORIGINAL_CLUSTER | QUARTER_ROUNDING | RESIDUAL_LEVEL | RESIDUAL_REGIME_LEVEL,adjacent_cluster_midpoint | base_cluster | base_plus_+11 | base_plus_+13 | base_plus_+3 | base_plus_+5 | base_plus_+8 | base_plus_-11 | base_plus_-13 | base_plus_-3 | base_plus_-5 | base_plus_-8 | nearest_quarter_variant | prior_level_median_residual | prior_regime_level_median_residual,4676.46086,4677.93,1.46914,True,True,MICRO_OFFSET | MID_GAP | ORIGINAL_CLUSTER | QUARTER_ROUNDING | RESIDUAL_LEVEL | RESIDUAL_REGIME_LEVEL,adjacent_cluster_midpoint | base_cluster | base_plus_+11 | base_plus_+13 | base_plus_+3 | base_plus_+5 | base_plus_+8 | base_plus_-11 | base_plus_-13 | base_plus_-3 | base_plus_-5 | base_plus_-8 | nearest_quarter_variant | prior_level_median_residual | prior_regime_level_median_residual,4666.276703,4637.57,28.706703,False,False,MICRO_OFFSET | MID_GAP | ORIGINAL_CLUSTER | QUARTER_ROUNDING | RESIDUAL_LEVEL | RESIDUAL_REGIME_LEVEL,adjacent_cluster_midpoint | base_cluster | base_plus_+11 | base_plus_+13 | base_plus_+3 | base_plus_+5 | base_plus_+8 | base_plus_-11 | base_plus_-13 | base_plus_-3 | base_plus_-5 | base_plus_-8 | nearest_quarter_variant | prior_level_median_residual | prior_regime_level_median_residual,4627.245,4597.43,29.815,False,False,MICRO_OFFSET | MID_GAP | ORIGINAL_CLUSTER | QUARTER_ROUNDING | RESIDUAL_LEVEL | RESIDUAL_REGIME_LEVEL,adjacent_cluster_midpoint | base_cluster | base_plus_+11 | base_plus_+13 | base_plus_+3 | base_plus_+5 | base_plus_+8 | base_plus_-11 | base_plus_-13 | base_plus_-3 | base_plus_-5 | base_plus_-8 | nearest_quarter_variant | prior_level_median_residual | prior_regime_level_median_residual,2026-04-08,2026-04-07,RANGE_NORMAL_60_120,CLOSE_POS_UPPER_THIRD,ROWS_STANDARD_9_10,4705.73,PREV_CLOSE_PROXY,,NEUTRAL
True,True,False,True,18.691875,19.348542,0.0,0.0,252.454054,1.0,4778.685,4767.19,11.495,False,False,MICRO_OFFSET | MID_GAP | ORIGINAL_CLUSTER | QUARTER_ROUNDING | RESIDUAL_LEVEL | RESIDUAL_REGIME_LEVEL,adjacent_cluster_midpoint | base_cluster | base_plus_+11 | base_plus_+13 | base_plus_+3 | base_plus_+5 | base_plus_+8 | base_plus_-11 | base_plus_-13 | base_plus_-3 | base_plus_-5 | base_plus_-8 | nearest_quarter_variant | prior_level_median_residual | prior_regime_level_median_residual,4740.270417,4733.49,6.780417,False,False,MICRO_OFFSET | MID_GAP | ORIGINAL_CLUSTER | QUARTER_ROUNDING | RESIDUAL_LEVEL | RESIDUAL_REGIME_LEVEL,adjacent_cluster_midpoint | base_cluster | base_plus_+11 | base_plus_+13 | base_plus_+3 | base_plus_+5 | base_plus_+8 | base_plus_-11 | base_plus_-13 | base_plus_-3 | base_plus_-5 | base_plus_-8 | nearest_quarter_variant | prior_level_median_residual | prior_regime_level_median_residual,4719.70875,4693.82,25.88875,False,False,MICRO_OFFSET | MID_GAP | ORIGINAL_CLUSTER | QUARTER_ROUNDING | RESIDUAL_LEVEL | RESIDUAL_REGIME_LEVEL,adjacent_cluster_midpoint | base_cluster | base_plus_+11 | base_plus_+13 | base_plus_+3 | base_plus_+5 | base_plus_+8 | base_plus_-11 | base_plus_-13 | base_plus_-3 | base_plus_-5 | base_plus_-8 | nearest_quarter_variant | prior_level_median_residual | prior_regime_level_median_residual,4685.05,4651.82,33.23,False,False,MICRO_OFFSET | MID_GAP | ORIGINAL_CLUSTER | QUARTER_ROUNDING | RESIDUAL_LEVEL | RESIDUAL_REGIME_LEVEL,adjacent_cluster_midpoint | base_cluster | base_plus_+11 | base_plus_+13 | base_plus_+3 | base_plus_+5 | base_plus_+8 | base_plus_-11 | base_plus_-13 | base_plus_-3 | base_plus_-5 | base_plus_-8 | nearest_quarter_variant | prior_level_median_residual | prior_regime_level_median_residual,2026-04-09,2026-04-08,RANGE_WIDE_120_220,CLOSE_POS_LOWER_THIRD,ROWS_STANDARD_9_10,4719.26,PREV_CLOSE_PROXY,,NEUTRAL
True,True,False,True,12.61375,16.183125,25.0,25.0,211.435,1.25,4781.5475,4787.01,5.4625,False,False,MICRO_OFFSET | MID_GAP | ORIGINAL_CLUSTER | QUARTER_ROUNDING | RESIDUAL_LEVEL | RESIDUAL_REGIME_LEVEL,adjacent_cluster_midpoint | base_cluster | base_plus_+11 | base_plus_+13 | base_plus_+3 | base_plus_+5 | base_plus_+8 | base_plus_-11 | base_plus_-13 | base_plus_-3 | base_plus_-5 | base_plus_-8 | nearest_quarter_variant | prior_level_median_residual | prior_regime_level_median_residual,4748.175,4746.82,1.355,True,True,MICRO_OFFSET | MID_GAP | ORIGINAL_CLUSTER | QUARTER_ROUNDING | RESIDUAL_LEVEL | RESIDUAL_REGIME_LEVEL,adjacent_cluster_midpoint | base_cluster | base_plus_+11 | base_plus_+13 | base_plus_+3 | base_plus_+5 | base_plus_+8 | base_plus_-11 | base_plus_-13 | base_plus_-3 | base_plus_-5 | base_plus_-8 | nearest_quarter_variant | prior_level_median_residual | prior_regime_level_median_residual,4744.79,4706.64,38.15,False,False,MICRO_OFFSET | MID_GAP | ORIGINAL_CLUSTER | QUARTER_ROUNDING | RESIDUAL_LEVEL | RESIDUAL_REGIME_LEVEL,adjacent_cluster_midpoint | base_cluster | base_plus_+11 | base_plus_+13 | base_plus_+3 | base_plus_+5 | base_plus_+8 | base_plus_-11 | base_plus_-13 | base_plus_-3 | base_plus_-5 | base_plus_-8 | nearest_quarter_variant | prior_level_median_residual | prior_regime_level_median_residual,4651.795,4671.56,19.765,False,False,MICRO_OFFSET | MID_GAP | ORIGINAL_CLUSTER | QUARTER_ROUNDING | RESIDUAL_LEVEL | RESIDUAL_REGIME_LEVEL,adjacent_cluster_midpoint | base_cluster | base_plus_+11 | base_plus_+13 | base_plus_+3 | base_plus_+5 | base_plus_+8 | base_plus_-11 | base_plus_-13 | base_plus_-3 | base_plus_-5 | base_plus_-8 | nearest_quarter_variant | prior_level_median_residual | prior_regime_level_median_residual,2026-04-10,2026-04-09,RANGE_NORMAL_60_120,CLOSE_POS_MIDDLE_THIRD,ROWS_STANDARD_9_10,4765.5,PREV_CLOSE_PROXY,,NEUTRAL
True,True,False,True,18.550729,19.564323,0.0,0.0,164.692083,1.25,4763.663542,4777.03,13.366458,False,False,MICRO_OFFSET | MID_GAP | ORIGINAL_CLUSTER | QUARTER_ROUNDING | RESIDUAL_LEVEL | RESIDUAL_REGIME_LEVEL,adjacent_cluster_midpoint | base_cluster | base_plus_+11 | base_plus_+13 | base_plus_+3 | base_plus_+5 | base_plus_+8 | base_plus_-11 | base_plus_-13 | base_plus_-3 | base_plus_-5 | base_plus_-8 | nearest_quarter_variant | prior_level_median_residual | prior_regime_level_median_residual,4746.358333,4737.6,8.758333,False,False,MICRO_OFFSET | MID_GAP | ORIGINAL_CLUSTER | QUARTER_ROUNDING | RESIDUAL_LEVEL | RESIDUAL_REGIME_LEVEL,adjacent_cluster_midpoint | base_cluster | base_plus_+11 | base_plus_+13 | base_plus_+3 | base_plus_+5 | base_plus_+8 | base_plus_-11 | base_plus_-13 | base_plus_-3 | base_plus_-5 | base_plus_-8 | nearest_quarter_variant | prior_level_median_residual | prior_regime_level_median_residual,4727.7275,4695.33,32.3975,False,False,MICRO_OFFSET | MID_GAP | ORIGINAL_CLUSTER | QUARTER_ROUNDING | RESIDUAL_LEVEL | RESIDUAL_REGIME_LEVEL,adjacent_cluster_midpoint | base_cluster | base_plus_+11 | base_plus_+13 | base_plus_+3 | base_plus_+5 | base_plus_+8 | base_plus_-11 | base_plus_-13 | base_plus_-3 | base_plus_-5 | base_plus_-8 | nearest_quarter_variant | prior_level_median_residual | prior_regime_level_median_residual,4677.425,4653.69,23.735,False,False,MICRO_OFFSET | MID_GAP | ORIGINAL_CLUSTER | QUARTER_ROUNDING | RESIDUAL_LEVEL | RESIDUAL_REGIME_LEVEL,adjacent_cluster_midpoint | base_cluster | base_plus_+11 | base_plus_+13 | base_plus_+3 | base_plus_+5 | base_plus_+8 | base_plus_-11 | base_plus_-13 | base_plus_-3 | base_plus_-5 | base_plus_-8 | nearest_quarter_variant | prior_level_median_residual | prior_regime_level_median_residual,2026-04-13,2026-04-10,RANGE_NORMAL_60_120,CLOSE_POS_LOWER_THIRD,ROWS_STANDARD_9_10,4749.18,PREV_CLOSE_PROXY,,NEUTRAL
True,True,False,False,23.77896,23.904477,0.0,0.0,256.614995,1.0,4731.453559,4768.21,36.756441,False,False,MICRO_OFFSET | MID_GAP | ORIGINAL_CLUSTER | QUARTER_ROUNDING | RESIDUAL_LEVEL | RESIDUAL_REGIME_LEVEL,adjacent_cluster_midpoint | base_cluster | base_plus_+11 | base_plus_+13 | base_plus_+3 | base_plus_+5 | base_plus_+8 | base_plus_-11 | base_plus_-13 | base_plus_-3 | base_plus_-5 | base_plus_-8 | nearest_quarter_variant | prior_level_median_residual | prior_regime_level_median_residual,4708.847705,4728.16,19.312295,False,False,MICRO_OFFSET | MID_GAP | ORIGINAL_CLUSTER | QUARTER_ROUNDING | RESIDUAL_LEVEL | RESIDUAL_REGIME_LEVEL,adjacent_cluster_midpoint | base_cluster | base_plus_+11 | base_plus_+13 | base_plus_+3 | base_plus_+5 | base_plus_+8 | base_plus_-11 | base_plus_-13 | base_plus_-3 | base_plus_-5 | base_plus_-8 | nearest_quarter_variant | prior_level_median_residual | prior_regime_level_median_residual,4700.003547,4688.7,11.303547,False,False,MICRO_OFFSET | MID_GAP | ORIGINAL_CLUSTER | QUARTER_ROUNDING | RESIDUAL_LEVEL | RESIDUAL_REGIME_LEVEL,adjacent_cluster_midpoint | base_cluster | base_plus_+11 | base_plus_+13 | base_plus_+3 | base_plus_+5 | base_plus_+8 | base_plus_-11 | base_plus_-13 | base_plus_-3 | base_plus_-5 | base_plus_-8 | nearest_quarter_variant | prior_level_median_residual | prior_regime_level_median_residual,4677.185625,4648.94,28.245625,False,False,MICRO_OFFSET | MID_GAP | ORIGINAL_CLUSTER | QUARTER_ROUNDING | RESIDUAL_LEVEL | RESIDUAL_REGIME_LEVEL,adjacent_cluster_midpoint | base_cluster | base_plus_+11 | base_plus_+13 | base_plus_+3 | base_plus_+5 | base_plus_+8 | base_plus_-11 | base_plus_-13 | base_plus_-3 | base_plus_-5 | base_plus_-8 | nearest_quarter_variant | prior_level_median_residual | prior_regime_level_median_residual,2026-04-14,2026-04-13,RANGE_NORMAL_60_120,CLOSE_POS_UPPER_THIRD,ROWS_STANDARD_9_10,4740.3,PREV_CLOSE_PROXY,,NEUTRAL
True,False,False,False,22.114385,23.526615,0.0,0.0,266.785423,1.0,4836.120434,4871.18,35.059567,False,False,MICRO_OFFSET | MID_GAP | ORIGINAL_CLUSTER | QUARTER_ROUNDING | RESIDUAL_LEVEL | RESIDUAL_REGIME_LEVEL,adjacent_cluster_midpoint | base_cluster | base_plus_+11 | base_plus_+13 | base_plus_+3 | base_plus_+5 | base_plus_+8 | base_plus_-11 | base_plus_-13 | base_plus_-3 | base_plus_-5 | base_plus_-8 | nearest_quarter_variant | prior_level_median_residual | prior_regime_level_median_residual,4805.89748,4833.44,27.54252,False,False,MICRO_OFFSET | MID_GAP | ORIGINAL_CLUSTER | QUARTER_ROUNDING | RESIDUAL_LEVEL | RESIDUAL_REGIME_LEVEL,adjacent_cluster_midpoint | base_cluster | base_plus_+11 | base_plus_+13 | base_plus_+3 | base_plus_+5 | base_plus_+8 | base_plus_-11 | base_plus_-13 | base_plus_-3 | base_plus_-5 | base_plus_-8 | nearest_quarter_variant | prior_level_median_residual | prior_regime_level_median_residual,4810.798125,4795.98,14.818125,False,False,MICRO_OFFSET | MID_GAP | ORIGINAL_CLUSTER | QUARTER_ROUNDING | RESIDUAL_LEVEL | RESIDUAL_REGIME_LEVEL,adjacent_cluster_midpoint | base_cluster | base_plus_+11 | base_plus_+13 | base_plus_+3 | base_plus_+5 | base_plus_+8 | base_plus_-11 | base_plus_-13 | base_plus_-3 | base_plus_-5 | base_plus_-8 | nearest_quarter_variant | prior_level_median_residual | prior_regime_level_median_residual,4776.34625,4759.66,16.68625,False,False,MICRO_OFFSET | MID_GAP | ORIGINAL_CLUSTER | QUARTER_ROUNDING | RESIDUAL_LEVEL | RESIDUAL_REGIME_LEVEL,adjacent_cluster_midpoint | base_cluster | base_plus_+11 | base_plus_+13 | base_plus_+3 | base_plus_+5 | base_plus_+8 | base_plus_-11 | base_plus_-13 | base_plus_-3 | base_plus_-5 | base_plus_-8 | nearest_quarter_variant | prior_level_median_residual | prior_regime_level_median_residual,2026-04-15,2026-04-14,RANGE_NORMAL_60_120,CLOSE_POS_UPPER_THIRD,ROWS_STANDARD_9_10,4841.68,PREV_CLOSE_PROXY,,NEUTRAL
True,False,True,True,22.62409,24.326875,0.0,0.0,206.155,1.0,4828.59318,4866.37,37.77682,False,False,MICRO_OFFSET | MID_GAP | ORIGINAL_CLUSTER | QUARTER_ROUNDING | RESIDUAL_LEVEL | RESIDUAL_REGIME_LEVEL,adjacent_cluster_midpoint | base_cluster | base_plus_+11 | base_plus_+13 | base_plus_+3 | base_plus_+5 | base_plus_+8 | base_plus_-11 | base_plus_-13 | base_plus_-3 | base_plus_-5 | base_plus_-8 | nearest_quarter_variant | prior_level_median_residual | prior_regime_level_median_residual,4807.83682,4833.82,25.98318,False,False,MICRO_OFFSET | MID_GAP | ORIGINAL_CLUSTER | QUARTER_ROUNDING | RESIDUAL_LEVEL | RESIDUAL_REGIME_LEVEL,adjacent_cluster_midpoint | base_cluster | base_plus_+11 | base_plus_+13 | base_plus_+3 | base_plus_+5 | base_plus_+8 | base_plus_-11 | base_plus_-13 | base_plus_-3 | base_plus_-5 | base_plus_-8 | nearest_quarter_variant | prior_level_median_residual | prior_regime_level_median_residual,4777.615,4796.88,19.265,False,False,MICRO_OFFSET | MID_GAP | ORIGINAL_CLUSTER | QUARTER_ROUNDING | RESIDUAL_LEVEL | RESIDUAL_REGIME_LEVEL,adjacent_cluster_midpoint | base_cluster | base_plus_+11 | base_plus_+13 | base_plus_+3 | base_plus_+5 | base_plus_+8 | base_plus_-11 | base_plus_-13 | base_plus_-3 | base_plus_-5 | base_plus_-8 | nearest_quarter_variant | prior_level_median_residual | prior_regime_level_median_residual,4777.8625,4763.58,14.2825,False,False,MICRO_OFFSET | MID_GAP | ORIGINAL_CLUSTER | QUARTER_ROUNDING | RESIDUAL_LEVEL | RESIDUAL_REGIME_LEVEL,adjacent_cluster_midpoint | base_cluster | base_plus_+11 | base_plus_+13 | base_plus_+3 | base_plus_+5 | base_plus_+8 | base_plus_-11 | base_plus_-13 | base_plus_-3 | base_plus_-5 | base_plus_-8 | nearest_quarter_variant | prior_level_median_residual | prior_regime_level_median_residual,2026-04-16,2026-04-15,RANGE_NORMAL_60_120,CLOSE_POS_LOWER_THIRD,ROWS_STANDARD_9_10,4790.68,PREV_CLOSE_PROXY,,NEUTRAL
True,False,True,True,28.2625,30.343177,0.0,0.0,210.865417,1.0,4810.334166,4859.83,49.495834,False,False,MICRO_OFFSET | MID_GAP | ORIGINAL_CLUSTER | QUARTER_ROUNDING | RESIDUAL_LEVEL | RESIDUAL_REGIME_LEVEL,adjacent_cluster_midpoint | base_cluster | base_plus_+11 | base_plus_+13 | base_plus_+3 | base_plus_+5 | base_plus_+8 | base_plus_-11 | base_plus_-13 | base_plus_-3 | base_plus_-5 | base_plus_-8 | nearest_quarter_variant | prior_level_median_residual | prior_regime_level_median_residual,4793.20125,4822.32,29.11875,False,False,MICRO_OFFSET | MID_GAP | ORIGINAL_CLUSTER | QUARTER_ROUNDING | RESIDUAL_LEVEL | RESIDUAL_REGIME_LEVEL,adjacent_cluster_midpoint | base_cluster | base_plus_+11 | base_plus_+13 | base_plus_+3 | base_plus_+5 | base_plus_+8 | base_plus_-11 | base_plus_-13 | base_plus_-3 | base_plus_-5 | base_plus_-8 | nearest_quarter_variant | prior_level_median_residual | prior_regime_level_median_residual,4761.61375,4789.02,27.40625,False,False,MICRO_OFFSET | MID_GAP | ORIGINAL_CLUSTER | QUARTER_ROUNDING | RESIDUAL_LEVEL | RESIDUAL_REGIME_LEVEL,adjacent_cluster_midpoint | base_cluster | base_plus_+11 | base_plus_+13 | base_plus_+3 | base_plus_+5 | base_plus_+8 | base_plus_-11 | base_plus_-13 | base_plus_-3 | base_plus_-5 | base_plus_-8 | nearest_quarter_variant | prior_level_median_residual | prior_regime_level_median_residual,4763.091875,4747.74,15.351875,False,False,MICRO_OFFSET | MID_GAP | ORIGINAL_CLUSTER | QUARTER_ROUNDING | RESIDUAL_LEVEL | RESIDUAL_REGIME_LEVEL,adjacent_cluster_midpoint | base_cluster | base_plus_+11 | base_plus_+13 | base_plus_+3 | base_plus_+5 | base_plus_+8 | base_plus_-11 | base_plus_-13 | base_plus_-3 | base_plus_-5 | base_plus_-8 | nearest_quarter_variant | prior_level_median_residual | prior_regime_level_median_residual,2026-04-17,2026-04-16,RANGE_NORMAL_60_120,CLOSE_POS_LOWER_THIRD,ROWS_STANDARD_9_10,4790.78,PREV_CLOSE_PROXY,,NEUTRAL
True,True,True,True,13.62375,14.549375,25.0,25.0,327.275,1.0,4881.4575,4884.09,2.6325,True,True,MICRO_OFFSET | MID_GAP | ORIGINAL_CLUSTER | QUARTER_ROUNDING | RESIDUAL_LEVEL | RESIDUAL_REGIME_LEVEL,adjacent_cluster_midpoint | base_cluster | base_plus_+11 | base_plus_+13 | base_plus_+3 | base_plus_+5 | base_plus_+8 | base_plus_-11 | base_plus_-13 | base_plus_-3 | base_plus_-5 | base_plus_-8 | nearest_quarter_variant | prior_level_median_residual | prior_regime_level_median_residual,4852.8075,4846.45,6.3575,False,False,MICRO_OFFSET | MID_GAP | ORIGINAL_CLUSTER | QUARTER_ROUNDING | RESIDUAL_LEVEL | RESIDUAL_REGIME_LEVEL,adjacent_cluster_midpoint | base_cluster | base_plus_+11 | base_plus_+13 | base_plus_+3 | base_plus_+5 | base_plus_+8 | base_plus_-11 | base_plus_-13 | base_plus_-3 | base_plus_-5 | base_plus_-8 | nearest_quarter_variant | prior_level_median_residual | prior_regime_level_median_residual,4829.52,4808.63,20.89,False,False,MICRO_OFFSET | MID_GAP | ORIGINAL_CLUSTER | QUARTER_ROUNDING | RESIDUAL_LEVEL | RESIDUAL_REGIME_LEVEL,adjacent_cluster_midpoint | base_cluster | base_plus_+11 | base_plus_+13 | base_plus_+3 | base_plus_+5 | base_plus_+8 | base_plus_-11 | base_plus_-13 | base_plus_-3 | base_plus_-5 | base_plus_-8 | nearest_quarter_variant | prior_level_median_residual | prior_regime_level_median_residual,4800.6075,4772.29,28.3175,False,False,MICRO_OFFSET | MID_GAP | ORIGINAL_CLUSTER | QUARTER_ROUNDING | RESIDUAL_LEVEL | RESIDUAL_REGIME_LEVEL,adjacent_cluster_midpoint | base_cluster | base_plus_+11 | base_plus_+13 | base_plus_+3 | base_plus_+5 | base_plus_+8 | base_plus_-11 | base_plus_-13 | base_plus_-3 | base_plus_-5 | base_plus_-8 | nearest_quarter_variant | prior_level_median_residual | prior_regime_level_median_residual,2026-04-20,2026-04-17,RANGE_WIDE_120_220,CLOSE_POS_MIDDLE_THIRD,ROWS_STANDARD_9_10,4832.42,PREV_CLOSE_PROXY,,NEUTRAL
True,False,False,False,25.811867,29.656243,0.0,0.0,231.28244,1.0,4819.976265,4875.42,55.443735,False,False,MICRO_OFFSET | MID_GAP | ORIGINAL_CLUSTER | QUARTER_ROUNDING | RESIDUAL_LEVEL | RESIDUAL_REGIME_LEVEL,adjacent_cluster_midpoint | base_cluster | base_plus_+11 | base_plus_+13 | base_plus_+3 | base_plus_+5 | base_plus_+8 | base_plus_-11 | base_plus_-13 | base_plus_-3 | base_plus_-5 | base_plus_-8 | nearest_quarter_variant | prior_level_median_residual | prior_regime_level_median_residual,4792.99314,4831.95,38.95686,False,False,MICRO_OFFSET | MID_GAP | ORIGINAL_CLUSTER | QUARTER_ROUNDING | RESIDUAL_LEVEL | RESIDUAL_REGIME_LEVEL,adjacent_cluster_midpoint | base_cluster | base_plus_+11 | base_plus_+13 | base_plus_+3 | base_plus_+5 | base_plus_+8 | base_plus_-11 | base_plus_-13 | base_plus_-3 | base_plus_-5 | base_plus_-8 | nearest_quarter_variant | prior_level_median_residual | prior_regime_level_median_residual,4797.346875,4784.68,12.666875,False,False,MICRO_OFFSET | MID_GAP | ORIGINAL_CLUSTER | QUARTER_ROUNDING | RESIDUAL_LEVEL | RESIDUAL_REGIME_LEVEL,adjacent_cluster_midpoint | base_cluster | base_plus_+11 | base_plus_+13 | base_plus_+3 | base_plus_+5 | base_plus_+8 | base_plus_-11 | base_plus_-13 | base_plus_-3 | base_plus_-5 | base_plus_-8 | nearest_quarter_variant | prior_level_median_residual | prior_regime_level_median_residual,4755.0075,4743.45,11.5575,False,False,MICRO_OFFSET | MID_GAP | ORIGINAL_CLUSTER | QUARTER_ROUNDING | RESIDUAL_LEVEL | RESIDUAL_REGIME_LEVEL,adjacent_cluster_midpoint | base_cluster | base_plus_+11 | base_plus_+13 | base_plus_+3 | base_plus_+5 | base_plus_+8 | base_plus_-11 | base_plus_-13 | base_plus_-3 | base_plus_-5 | base_plus_-8 | nearest_quarter_variant | prior_level_median_residual | prior_regime_level_median_residual,2026-04-21,2026-04-20,RANGE_NORMAL_60_120,CLOSE_POS_UPPER_THIRD,ROWS_STANDARD_9_10,4820.66,PREV_CLOSE_PROXY,,NEUTRAL
True,True,True,True,12.376458,14.741667,0.0,25.0,272.669187,1.0,4750.89,4780.53,29.64,False,False,MICRO_OFFSET | MID_GAP | ORIGINAL_CLUSTER | QUARTER_ROUNDING | RESIDUAL_LEVEL | RESIDUAL_REGIME_LEVEL,adjacent_cluster_midpoint | base_cluster | base_plus_+11 | base_plus_+13 | base_plus_+3 | base_plus_+5 | base_plus_+8 | base_plus_-11 | base_plus_-13 | base_plus_-3 | base_plus_-5 | base_plus_-8 | nearest_quarter_variant | prior_level_median_residual | prior_regime_level_median_residual,4723.968334,4740.11,16.141666,False,False,MICRO_OFFSET | MID_GAP | ORIGINAL_CLUSTER | QUARTER_ROUNDING | RESIDUAL_LEVEL | RESIDUAL_REGIME_LEVEL,adjacent_cluster_midpoint | base_cluster | base_plus_+11 | base_plus_+13 | base_plus_+3 | base_plus_+5 | base_plus_+8 | base_plus_-11 | base_plus_-13 | base_plus_-3 | base_plus_-5 | base_plus_-8 | nearest_quarter_variant | prior_level_median_residual | prior_regime_level_median_residual,4686.25875,4694.87,8.61125,False,False,MICRO_OFFSET | MID_GAP | ORIGINAL_CLUSTER | QUARTER_ROUNDING | RESIDUAL_LEVEL | RESIDUAL_REGIME_LEVEL,adjacent_cluster_midpoint | base_cluster | base_plus_+11 | base_plus_+13 | base_plus_+3 | base_plus_+5 | base_plus_+8 | base_plus_-11 | base_plus_-13 | base_plus_-3 | base_plus_-5 | base_plus_-8 | nearest_quarter_variant | prior_level_median_residual | prior_regime_level_median_residual,4641.30375,4636.73,4.57375,False,True,MICRO_OFFSET | MID_GAP | ORIGINAL_CLUSTER | QUARTER_ROUNDING | RESIDUAL_LEVEL | RESIDUAL_REGIME_LEVEL,adjacent_cluster_midpoint | base_cluster | base_plus_+11 | base_plus_+13 | base_plus_+3 | base_plus_+5 | base_plus_+8 | base_plus_-11 | base_plus_-13 | base_plus_-3 | base_plus_-5 | base_plus_-8 | nearest_quarter_variant | prior_level_median_residual | prior_regime_level_median_residual,2026-04-22,2026-04-21,RANGE_WIDE_120_220,CLOSE_POS_LOWER_THIRD,ROWS_STANDARD_9_10,4720.06,PREV_CLOSE_PROXY,,NEUTRAL
True,True,False,True,88.5,92.85669,0.0,0.0,251.15352,1.0,4761.50324,4873.73,112.22676,False,False,MICRO_OFFSET | MID_GAP | ORIGINAL_CLUSTER | QUARTER_ROUNDING | RESIDUAL_LEVEL,adjacent_cluster_midpoint | base_cluster | base_plus_+11 | base_plus_+13 | base_plus_+3 | base_plus_+5 | base_plus_+8 | base_plus_-11 | base_plus_-13 | base_plus_-3 | base_plus_-5 | base_plus_-8 | nearest_quarter_variant | prior_level_median_residual,4738.15,4832.75,94.6,False,False,MICRO_OFFSET | MID_GAP | ORIGINAL_CLUSTER | QUARTER_ROUNDING | RESIDUAL_LEVEL,adjacent_cluster_midpoint | base_cluster | base_plus_+11 | base_plus_+13 | base_plus_+3 | base_plus_+5 | base_plus_+8 | base_plus_-11 | base_plus_-13 | base_plus_-3 | base_plus_-5 | base_plus_-8 | nearest_quarter_variant | prior_level_median_residual,4701.25,4783.45,82.2,False,False,MICRO_OFFSET | MID_GAP | ORIGINAL_CLUSTER | QUARTER_ROUNDING | RESIDUAL_LEVEL,adjacent_cluster_midpoint | base_cluster | base_plus_+11 | base_plus_+13 | base_plus_+3 | base_plus_+5 | base_plus_+8 | base_plus_-11 | base_plus_-13 | base_plus_-3 | base_plus_-5 | base_plus_-8 | nearest_quarter_variant | prior_level_median_residual,4658.52,4740.92,82.4,False,False,MICRO_OFFSET | MID_GAP | ORIGINAL_CLUSTER | QUARTER_ROUNDING | RESIDUAL_LEVEL,adjacent_cluster_midpoint | base_cluster | base_plus_+11 | base_plus_+13 | base_plus_+3 | base_plus_+5 | base_plus_+8 | base_plus_-11 | base_plus_-13 | base_plus_-3 | base_plus_-5 | base_plus_-8 | nearest_quarter_variant | prior_level_median_residual,2026-04-23,2026-04-22,RANGE_COMPRESSED_0_60,CLOSE_POS_MIDDLE_THIRD,ROWS_EXTENDED_11_PLUS,4740.18,PREV_CLOSE_PROXY,,NEUTRAL
True,True,False,True,49.8841,43.29955,0.0,0.0,198.9364,1.0,4739.05,4799.5,60.45,False,False,MICRO_OFFSET | MID_GAP | ORIGINAL_CLUSTER | QUARTER_ROUNDING | RESIDUAL_LEVEL | RESIDUAL_REGIME_LEVEL,adjacent_cluster_midpoint | base_cluster | base_plus_+11 | base_plus_+13 | base_plus_+3 | base_plus_+5 | base_plus_+8 | base_plus_-11 | base_plus_-13 | base_plus_-3 | base_plus_-5 | base_plus_-8 | nearest_quarter_variant | prior_level_median_residual | prior_regime_level_median_residual,4710.2318,4769.97,59.7382,False,False,MICRO_OFFSET | MID_GAP | ORIGINAL_CLUSTER | QUARTER_ROUNDING | RESIDUAL_LEVEL | RESIDUAL_REGIME_LEVEL,adjacent_cluster_midpoint | base_cluster | base_plus_+11 | base_plus_+13 | base_plus_+3 | base_plus_+5 | base_plus_+8 | base_plus_-11 | base_plus_-13 | base_plus_-3 | base_plus_-5 | base_plus_-8 | nearest_quarter_variant | prior_level_median_residual | prior_regime_level_median_residual,4697.9,4737.93,40.03,False,False,MICRO_OFFSET | MID_GAP | ORIGINAL_CLUSTER | QUARTER_ROUNDING | RESIDUAL_LEVEL | RESIDUAL_REGIME_LEVEL,adjacent_cluster_midpoint | base_cluster | base_plus_+11 | base_plus_+13 | base_plus_+3 | base_plus_+5 | base_plus_+8 | base_plus_-11 | base_plus_-13 | base_plus_-3 | base_plus_-5 | base_plus_-8 | nearest_quarter_variant | prior_level_median_residual | prior_regime_level_median_residual,4686.65,4699.63,12.98,False,False,MICRO_OFFSET | MID_GAP | ORIGINAL_CLUSTER | QUARTER_ROUNDING | RESIDUAL_LEVEL | RESIDUAL_REGIME_LEVEL,adjacent_cluster_midpoint | base_cluster | base_plus_+11 | base_plus_+13 | base_plus_+3 | base_plus_+5 | base_plus_+8 | base_plus_-11 | base_plus_-13 | base_plus_-3 | base_plus_-5 | base_plus_-8 | nearest_quarter_variant | prior_level_median_residual | prior_regime_level_median_residual,2026-04-24,2026-04-23,RANGE_NORMAL_60_120,CLOSE_POS_MIDDLE_THIRD,ROWS_STANDARD_9_10,4694.36,PREV_CLOSE_PROXY,,NEUTRAL
True,True,False,True,56.585417,56.308334,0.0,0.0,146.255,1.0,4733.815,4789.79,55.975,False,False,MICRO_OFFSET | MID_GAP | ORIGINAL_CLUSTER | QUARTER_ROUNDING | RESIDUAL_LEVEL | RESIDUAL_REGIME_LEVEL,adjacent_cluster_midpoint | base_cluster | base_plus_+11 | base_plus_+13 | base_plus_+3 | base_plus_+5 | base_plus_+8 | base_plus_-11 | base_plus_-13 | base_plus_-3 | base_plus_-5 | base_plus_-8 | nearest_quarter_variant | prior_level_median_residual | prior_regime_level_median_residual,4700.884166,4758.08,57.195834,False,False,MICRO_OFFSET | MID_GAP | ORIGINAL_CLUSTER | QUARTER_ROUNDING | RESIDUAL_LEVEL | RESIDUAL_REGIME_LEVEL,adjacent_cluster_midpoint | base_cluster | base_plus_+11 | base_plus_+13 | base_plus_+3 | base_plus_+5 | base_plus_+8 | base_plus_-11 | base_plus_-13 | base_plus_-3 | base_plus_-5 | base_plus_-8 | nearest_quarter_variant | prior_level_median_residual | prior_regime_level_median_residual,4664.305,4722.56,58.255,False,False,MICRO_OFFSET | MID_GAP | ORIGINAL_CLUSTER | QUARTER_ROUNDING | RESIDUAL_LEVEL | RESIDUAL_REGIME_LEVEL,adjacent_cluster_midpoint | base_cluster | base_plus_+11 | base_plus_+13 | base_plus_+3 | base_plus_+5 | base_plus_+8 | base_plus_-11 | base_plus_-13 | base_plus_-3 | base_plus_-5 | base_plus_-8 | nearest_quarter_variant | prior_level_median_residual | prior_regime_level_median_residual,4634.7625,4688.57,53.8075,False,False,MICRO_OFFSET | MID_GAP | ORIGINAL_CLUSTER | QUARTER_ROUNDING | RESIDUAL_LEVEL | RESIDUAL_REGIME_LEVEL,adjacent_cluster_midpoint | base_cluster | base_plus_+11 | base_plus_+13 | base_plus_+3 | base_plus_+5 | base_plus_+8 | base_plus_-11 | base_plus_-13 | base_plus_-3 | base_plus_-5 | base_plus_-8 | nearest_quarter_variant | prior_level_median_residual | prior_regime_level_median_residual,2026-04-27,2026-04-24,RANGE_NORMAL_60_120,CLOSE_POS_MIDDLE_THIRD,ROWS_EXTENDED_11_PLUS,4707.26,PREV_CLOSE_PROXY,,NEUTRAL
True,True,True,True,12.741875,13.083854,0.0,0.0,243.445833,1.25,4703.318333,4724.59,21.271667,False,False,MICRO_OFFSET | MID_GAP | ORIGINAL_CLUSTER | QUARTER_ROUNDING | RESIDUAL_LEVEL | RESIDUAL_REGIME_LEVEL,adjacent_cluster_midpoint | base_cluster | base_plus_+11 | base_plus_+13 | base_plus_+3 | base_plus_+5 | base_plus_+8 | base_plus_-11 | base_plus_-13 | base_plus_-3 | base_plus_-5 | base_plus_-8 | nearest_quarter_variant | prior_level_median_residual | prior_regime_level_median_residual,4693.18875,4687.0,6.18875,False,False,MICRO_OFFSET | MID_GAP | ORIGINAL_CLUSTER | QUARTER_ROUNDING | RESIDUAL_LEVEL | RESIDUAL_REGIME_LEVEL,adjacent_cluster_midpoint | base_cluster | base_plus_+11 | base_plus_+13 | base_plus_+3 | base_plus_+5 | base_plus_+8 | base_plus_-11 | base_plus_-13 | base_plus_-3 | base_plus_-5 | base_plus_-8 | nearest_quarter_variant | prior_level_median_residual | prior_regime_level_median_residual,4637.16,4642.74,5.58,False,False,MICRO_OFFSET | MID_GAP | ORIGINAL_CLUSTER | QUARTER_ROUNDING | RESIDUAL_LEVEL | RESIDUAL_REGIME_LEVEL,adjacent_cluster_midpoint | base_cluster | base_plus_+11 | base_plus_+13 | base_plus_+3 | base_plus_+5 | base_plus_+8 | base_plus_-11 | base_plus_-13 | base_plus_-3 | base_plus_-5 | base_plus_-8 | nearest_quarter_variant | prior_level_median_residual | prior_regime_level_median_residual,4628.925,4609.63,19.295,False,False,MICRO_OFFSET | MID_GAP | ORIGINAL_CLUSTER | QUARTER_ROUNDING | RESIDUAL_LEVEL | RESIDUAL_REGIME_LEVEL,adjacent_cluster_midpoint | base_cluster | base_plus_+11 | base_plus_+13 | base_plus_+3 | base_plus_+5 | base_plus_+8 | base_plus_-11 | base_plus_-13 | base_plus_-3 | base_plus_-5 | base_plus_-8 | nearest_quarter_variant | prior_level_median_residual | prior_regime_level_median_residual,2026-04-28,2026-04-27,RANGE_NORMAL_60_120,CLOSE_POS_LOWER_THIRD,ROWS_STANDARD_9_10,4681.76,PREV_CLOSE_PROXY,,NEUTRAL
True,True,True,True,4.15375,5.973056,50.0,50.0,266.397876,1.0,4631.667778,4646.78,15.112222,False,False,MICRO_OFFSET | MID_GAP | ORIGINAL_CLUSTER | QUARTER_ROUNDING | RESIDUAL_LEVEL | RESIDUAL_REGIME_LEVEL,adjacent_cluster_midpoint | base_cluster | base_plus_+11 | base_plus_+13 | base_plus_+3 | base_plus_+5 | base_plus_+8 | base_plus_-11 | base_plus_-13 | base_plus_-3 | base_plus_-5 | base_plus_-8 | nearest_quarter_variant | prior_level_median_residual | prior_regime_level_median_residual,4603.4475,4603.92,0.4725,True,True,MICRO_OFFSET | MID_GAP | ORIGINAL_CLUSTER | QUARTER_ROUNDING | RESIDUAL_LEVEL | RESIDUAL_REGIME_LEVEL,adjacent_cluster_midpoint | base_cluster | base_plus_+11 | base_plus_+13 | base_plus_+3 | base_plus_+5 | base_plus_+8 | base_plus_-11 | base_plus_-13 | base_plus_-3 | base_plus_-5 | base_plus_-8 | nearest_quarter_variant | prior_level_median_residual | prior_regime_level_median_residual,4569.15625,4561.81,7.34625,False,False,MICRO_OFFSET | MID_GAP | ORIGINAL_CLUSTER | QUARTER_ROUNDING | RESIDUAL_LEVEL | RESIDUAL_REGIME_LEVEL,adjacent_cluster_midpoint | base_cluster | base_plus_+11 | base_plus_+13 | base_plus_+3 | base_plus_+5 | base_plus_+8 | base_plus_-11 | base_plus_-13 | base_plus_-3 | base_plus_-5 | base_plus_-8 | nearest_quarter_variant | prior_level_median_residual | prior_regime_level_median_residual,4528.75125,4527.79,0.96125,True,True,MICRO_OFFSET | MID_GAP | ORIGINAL_CLUSTER | QUARTER_ROUNDING | RESIDUAL_LEVEL | RESIDUAL_REGIME_LEVEL,adjacent_cluster_midpoint | base_cluster | base_plus_+11 | base_plus_+13 | base_plus_+3 | base_plus_+5 | base_plus_+8 | base_plus_-11 | base_plus_-13 | base_plus_-3 | base_plus_-5 | base_plus_-8 | nearest_quarter_variant | prior_level_median_residual | prior_regime_level_median_residual,2026-04-29,2026-04-28,RANGE_WIDE_120_220,CLOSE_POS_LOWER_THIRD,ROWS_STANDARD_9_10,4597.2,PREV_CLOSE_PROXY,,NEUTRAL
True,False,True,True,25.46875,32.493958,0.0,0.0,178.051667,1.0,4574.201667,4639.2,64.998333,False,False,MICRO_OFFSET | MID_GAP | ORIGINAL_CLUSTER | QUARTER_ROUNDING | RESIDUAL_LEVEL | RESIDUAL_REGIME_LEVEL,adjacent_cluster_midpoint | base_cluster | base_plus_+11 | base_plus_+13 | base_plus_+3 | base_plus_+5 | base_plus_+8 | base_plus_-11 | base_plus_-13 | base_plus_-3 | base_plus_-5 | base_plus_-8 | nearest_quarter_variant | prior_level_median_residual | prior_regime_level_median_residual,4585.29,4599.33,14.04,False,False,MICRO_OFFSET | MID_GAP | ORIGINAL_CLUSTER | QUARTER_ROUNDING | RESIDUAL_LEVEL | RESIDUAL_REGIME_LEVEL,adjacent_cluster_midpoint | base_cluster | base_plus_+11 | base_plus_+13 | base_plus_+3 | base_plus_+5 | base_plus_+8 | base_plus_-11 | base_plus_-13 | base_plus_-3 | base_plus_-5 | base_plus_-8 | nearest_quarter_variant | prior_level_median_residual | prior_regime_level_median_residual,4530.6025,4555.58,24.9775,False,False,MICRO_OFFSET | MID_GAP | ORIGINAL_CLUSTER | QUARTER_ROUNDING | RESIDUAL_LEVEL | RESIDUAL_REGIME_LEVEL,adjacent_cluster_midpoint | base_cluster | base_plus_+11 | base_plus_+13 | base_plus_+3 | base_plus_+5 | base_plus_+8 | base_plus_-11 | base_plus_-13 | base_plus_-3 | base_plus_-5 | base_plus_-8 | nearest_quarter_variant | prior_level_median_residual | prior_regime_level_median_residual,4495.29,4521.25,25.96,False,False,MICRO_OFFSET | MID_GAP | ORIGINAL_CLUSTER | QUARTER_ROUNDING | RESIDUAL_LEVEL | RESIDUAL_REGIME_LEVEL,adjacent_cluster_midpoint | base_cluster | base_plus_+11 | base_plus_+13 | base_plus_+3 | base_plus_+5 | base_plus_+8 | base_plus_-11 | base_plus_-13 | base_plus_-3 | base_plus_-5 | base_plus_-8 | nearest_quarter_variant | prior_level_median_residual | prior_regime_level_median_residual,2026-04-30,2026-04-29,RANGE_NORMAL_60_120,CLOSE_POS_LOWER_THIRD,ROWS_STANDARD_9_10,4543.48,PREV_CLOSE_PROXY,,NEUTRAL
True,True,False,True,28.780408,27.06821,0.0,0.0,212.400955,1.25,4626.761684,4640.24,13.478316,False,False,MICRO_OFFSET | MID_GAP | ORIGINAL_CLUSTER | QUARTER_ROUNDING | RESIDUAL_LEVEL | RESIDUAL_REGIME_LEVEL,adjacent_cluster_midpoint | base_cluster | base_plus_+11 | base_plus_+13 | base_plus_+3 | base_plus_+5 | base_plus_+8 | base_plus_-11 | base_plus_-13 | base_plus_-3 | base_plus_-5 | base_plus_-8 | nearest_quarter_variant | prior_level_median_residual | prior_regime_level_median_residual,4604.90118,4599.79,5.11118,False,False,MICRO_OFFSET | MID_GAP | ORIGINAL_CLUSTER | QUARTER_ROUNDING | RESIDUAL_LEVEL | RESIDUAL_REGIME_LEVEL,adjacent_cluster_midpoint | base_cluster | base_plus_+11 | base_plus_+13 | base_plus_+3 | base_plus_+5 | base_plus_+8 | base_plus_-11 | base_plus_-13 | base_plus_-3 | base_plus_-5 | base_plus_-8 | nearest_quarter_variant | prior_level_median_residual | prior_regime_level_median_residual,4602.440842,4556.84,45.600842,False,False,MICRO_OFFSET | MID_GAP | ORIGINAL_CLUSTER | QUARTER_ROUNDING | RESIDUAL_LEVEL | RESIDUAL_REGIME_LEVEL,adjacent_cluster_midpoint | base_cluster | base_plus_+11 | base_plus_+13 | base_plus_+3 | base_plus_+5 | base_plus_+8 | base_plus_-11 | base_plus_-13 | base_plus_-3 | base_plus_-5 | base_plus_-8 | nearest_quarter_variant | prior_level_median_residual | prior_regime_level_median_residual,4561.5625,4517.48,44.0825,False,False,MICRO_OFFSET | MID_GAP | ORIGINAL_CLUSTER | QUARTER_ROUNDING | RESIDUAL_LEVEL | RESIDUAL_REGIME_LEVEL,adjacent_cluster_midpoint | base_cluster | base_plus_+11 | base_plus_+13 | base_plus_+3 | base_plus_+5 | base_plus_+8 | base_plus_-11 | base_plus_-13 | base_plus_-3 | base_plus_-5 | base_plus_-8 | nearest_quarter_variant | prior_level_median_residual | prior_regime_level_median_residual,2026-05-01,2026-04-30,RANGE_NORMAL_60_120,CLOSE_POS_UPPER_THIRD,ROWS_STANDARD_9_10,4621.76,PREV_CLOSE_PROXY,,NEUTRAL
True,False,False,True,6.5725,17.832747,0.0,50.0,216.17802,1.25,4641.55875,4645.95,4.39125,False,True,MICRO_OFFSET | MID_GAP | ORIGINAL_CLUSTER | QUARTER_ROUNDING | RESIDUAL_LEVEL | RESIDUAL_REGIME_LEVEL,adjacent_cluster_midpoint | base_cluster | base_plus_+11 | base_plus_+13 | base_plus_+3 | base_plus_+5 | base_plus_+8 | base_plus_-11 | base_plus_-13 | base_plus_-3 | base_plus_-5 | base_plus_-8 | nearest_quarter_variant | prior_level_median_residual | prior_regime_level_median_residual,4609.05125,4606.0,3.05125,False,True,MICRO_OFFSET | MID_GAP | ORIGINAL_CLUSTER | QUARTER_ROUNDING | RESIDUAL_LEVEL | RESIDUAL_REGIME_LEVEL,adjacent_cluster_midpoint | base_cluster | base_plus_+11 | base_plus_+13 | base_plus_+3 | base_plus_+5 | base_plus_+8 | base_plus_-11 | base_plus_-13 | base_plus_-3 | base_plus_-5 | base_plus_-8 | nearest_quarter_variant | prior_level_median_residual | prior_regime_level_median_residual,4620.48474,4565.35,55.13474,False,False,MICRO_OFFSET | MID_GAP | ORIGINAL_CLUSTER | QUARTER_ROUNDING | RESIDUAL_LEVEL | RESIDUAL_REGIME_LEVEL,adjacent_cluster_midpoint | base_cluster | base_plus_+11 | base_plus_+13 | base_plus_+3 | base_plus_+5 | base_plus_+8 | base_plus_-11 | base_plus_-13 | base_plus_-3 | base_plus_-5 | base_plus_-8 | nearest_quarter_variant | prior_level_median_residual | prior_regime_level_median_residual,4514.03625,4522.79,8.75375,False,False,MICRO_OFFSET | MID_GAP | ORIGINAL_CLUSTER | QUARTER_ROUNDING | RESIDUAL_LEVEL | RESIDUAL_REGIME_LEVEL,adjacent_cluster_midpoint | base_cluster | base_plus_+11 | base_plus_+13 | base_plus_+3 | base_plus_+5 | base_plus_+8 | base_plus_-11 | base_plus_-13 | base_plus_-3 | base_plus_-5 | base_plus_-8 | nearest_quarter_variant | prior_level_median_residual | prior_regime_level_median_residual,2026-05-04,2026-05-01,RANGE_NORMAL_60_120,CLOSE_POS_MIDDLE_THIRD,ROWS_STANDARD_9_10,4615.53,PREV_CLOSE_PROXY,,NEUTRAL
True,True,False,True,18.47534,19.761733,0.0,0.0,171.66886,1.75,4654.6275,4636.32,18.3075,False,False,MICRO_OFFSET | MID_GAP | ORIGINAL_CLUSTER | QUARTER_ROUNDING | RESIDUAL_LEVEL | RESIDUAL_REGIME_LEVEL,adjacent_cluster_midpoint | base_cluster | base_plus_+11 | base_plus_+13 | base_plus_+3 | base_plus_+5 | base_plus_+8 | base_plus_-11 | base_plus_-13 | base_plus_-3 | base_plus_-5 | base_plus_-8 | nearest_quarter_variant | prior_level_median_residual | prior_regime_level_median_residual,4612.62125,4598.4,14.22125,False,False,MICRO_OFFSET | MID_GAP | ORIGINAL_CLUSTER | QUARTER_ROUNDING | RESIDUAL_LEVEL | RESIDUAL_REGIME_LEVEL,adjacent_cluster_midpoint | base_cluster | base_plus_+11 | base_plus_+13 | base_plus_+3 | base_plus_+5 | base_plus_+8 | base_plus_-11 | base_plus_-13 | base_plus_-3 | base_plus_-5 | base_plus_-8 | nearest_quarter_variant | prior_level_median_residual | prior_regime_level_median_residual,4577.63318,4558.99,18.64318,False,False,MICRO_OFFSET | MID_GAP | ORIGINAL_CLUSTER | QUARTER_ROUNDING | RESIDUAL_LEVEL | RESIDUAL_REGIME_LEVEL,adjacent_cluster_midpoint | base_cluster | base_plus_+11 | base_plus_+13 | base_plus_+3 | base_plus_+5 | base_plus_+8 | base_plus_-11 | base_plus_-13 | base_plus_-3 | base_plus_-5 | base_plus_-8 | nearest_quarter_variant | prior_level_median_residual | prior_regime_level_median_residual,4490.545,4518.42,27.875,False,False,MICRO_OFFSET | MID_GAP | ORIGINAL_CLUSTER | QUARTER_ROUNDING | RESIDUAL_LEVEL | RESIDUAL_REGIME_LEVEL,adjacent_cluster_midpoint | base_cluster | base_plus_+11 | base_plus_+13 | base_plus_+3 | base_plus_+5 | base_plus_+8 | base_plus_-11 | base_plus_-13 | base_plus_-3 | base_plus_-5 | base_plus_-8 | nearest_quarter_variant | prior_level_median_residual | prior_regime_level_median_residual,2026-05-05,2026-05-04,RANGE_WIDE_120_220,CLOSE_POS_LOWER_THIRD,ROWS_EXTENDED_11_PLUS,4523.73,PREV_CLOSE_PROXY,,NEUTRAL
True,True,True,True,8.9775,10.447955,50.0,50.0,161.89364,1.5,4629.5575,4644.75,15.1925,False,False,MICRO_OFFSET | MID_GAP | ORIGINAL_CLUSTER | QUARTER_ROUNDING | RESIDUAL_LEVEL | RESIDUAL_REGIME_LEVEL,adjacent_cluster_midpoint | base_cluster | base_plus_+11 | base_plus_+13 | base_plus_+3 | base_plus_+5 | base_plus_+8 | base_plus_-11 | base_plus_-13 | base_plus_-3 | base_plus_-5 | base_plus_-8 | nearest_quarter_variant | prior_level_median_residual | prior_regime_level_median_residual,4603.8025,4601.04,2.7625,True,True,MICRO_OFFSET | MID_GAP | ORIGINAL_CLUSTER | QUARTER_ROUNDING | RESIDUAL_LEVEL | RESIDUAL_REGIME_LEVEL,adjacent_cluster_midpoint | base_cluster | base_plus_+11 | base_plus_+13 | base_plus_+3 | base_plus_+5 | base_plus_+8 | base_plus_-11 | base_plus_-13 | base_plus_-3 | base_plus_-5 | base_plus_-8 | nearest_quarter_variant | prior_level_median_residual | prior_regime_level_median_residual,4554.48625,4556.82,2.33375,True,True,MICRO_OFFSET | MID_GAP | ORIGINAL_CLUSTER | QUARTER_ROUNDING | RESIDUAL_LEVEL | RESIDUAL_REGIME_LEVEL,adjacent_cluster_midpoint | base_cluster | base_plus_+11 | base_plus_+13 | base_plus_+3 | base_plus_+5 | base_plus_+8 | base_plus_-11 | base_plus_-13 | base_plus_-3 | base_plus_-5 | base_plus_-8 | nearest_quarter_variant | prior_level_median_residual | prior_regime_level_median_residual,4531.92307,4510.42,21.50307,False,False,MICRO_OFFSET | MID_GAP | ORIGINAL_CLUSTER | QUARTER_ROUNDING | RESIDUAL_LEVEL | RESIDUAL_REGIME_LEVEL,adjacent_cluster_midpoint | base_cluster | base_plus_+11 | base_plus_+13 | base_plus_+3 | base_plus_+5 | base_plus_+8 | base_plus_-11 | base_plus_-13 | base_plus_-3 | base_plus_-5 | base_plus_-8 | nearest_quarter_variant | prior_level_median_residual | prior_regime_level_median_residual,2026-05-06,2026-05-05,RANGE_NORMAL_60_120,CLOSE_POS_MIDDLE_THIRD,ROWS_STANDARD_9_10,4557.19,PREV_CLOSE_PROXY,,NEUTRAL
True,True,True,True,38.1875,37.16,0.0,0.0,229.065,1.0,4765.97875,4728.08,37.89875,False,False,MICRO_OFFSET | MID_GAP | ORIGINAL_CLUSTER | QUARTER_ROUNDING | RESIDUAL_LEVEL | RESIDUAL_REGIME_LEVEL,adjacent_cluster_midpoint | base_cluster | base_plus_+11 | base_plus_+13 | base_plus_+3 | base_plus_+5 | base_plus_+8 | base_plus_-11 | base_plus_-13 | base_plus_-3 | base_plus_-5 | base_plus_-8 | nearest_quarter_variant | prior_level_median_residual | prior_regime_level_median_residual,4727.2225,4678.95,48.2725,False,False,MICRO_OFFSET | MID_GAP | ORIGINAL_CLUSTER | QUARTER_ROUNDING | RESIDUAL_LEVEL | RESIDUAL_REGIME_LEVEL,adjacent_cluster_midpoint | base_cluster | base_plus_+11 | base_plus_+13 | base_plus_+3 | base_plus_+5 | base_plus_+8 | base_plus_-11 | base_plus_-13 | base_plus_-3 | base_plus_-5 | base_plus_-8 | nearest_quarter_variant | prior_level_median_residual | prior_regime_level_median_residual,4677.19625,4638.72,38.47625,False,False,MICRO_OFFSET | MID_GAP | ORIGINAL_CLUSTER | QUARTER_ROUNDING | RESIDUAL_LEVEL | RESIDUAL_REGIME_LEVEL,adjacent_cluster_midpoint | base_cluster | base_plus_+11 | base_plus_+13 | base_plus_+3 | base_plus_+5 | base_plus_+8 | base_plus_-11 | base_plus_-13 | base_plus_-3 | base_plus_-5 | base_plus_-8 | nearest_quarter_variant | prior_level_median_residual | prior_regime_level_median_residual,4623.8725,4599.88,23.9925,False,False,MICRO_OFFSET | MID_GAP | ORIGINAL_CLUSTER | QUARTER_ROUNDING | RESIDUAL_LEVEL | RESIDUAL_REGIME_LEVEL,adjacent_cluster_midpoint | base_cluster | base_plus_+11 | base_plus_+13 | base_plus_+3 | base_plus_+5 | base_plus_+8 | base_plus_-11 | base_plus_-13 | base_plus_-3 | base_plus_-5 | base_plus_-8 | nearest_quarter_variant | prior_level_median_residual | prior_regime_level_median_residual,2026-05-07,2026-05-06,RANGE_WIDE_120_220,CLOSE_POS_UPPER_THIRD,ROWS_STANDARD_9_10,4690.84,PREV_CLOSE_PROXY,,NEUTRAL
True,False,False,True,20.391872,28.160623,25.0,25.0,203.934987,1.25,4733.041875,4730.4,2.641875,True,True,MICRO_OFFSET | MID_GAP | ORIGINAL_CLUSTER | QUARTER_ROUNDING | RESIDUAL_LEVEL | RESIDUAL_REGIME_LEVEL,adjacent_cluster_midpoint | base_cluster | base_plus_+11 | base_plus_+13 | base_plus_+3 | base_plus_+5 | base_plus_+8 | base_plus_-11 | base_plus_-13 | base_plus_-3 | base_plus_-5 | base_plus_-8 | nearest_quarter_variant | prior_level_median_residual | prior_regime_level_median_residual,4704.249993,4682.05,22.199993,False,False,MICRO_OFFSET | MID_GAP | ORIGINAL_CLUSTER | QUARTER_ROUNDING | RESIDUAL_LEVEL | RESIDUAL_REGIME_LEVEL,adjacent_cluster_midpoint | base_cluster | base_plus_+11 | base_plus_+13 | base_plus_+3 | base_plus_+5 | base_plus_+8 | base_plus_-11 | base_plus_-13 | base_plus_-3 | base_plus_-5 | base_plus_-8 | nearest_quarter_variant | prior_level_median_residual | prior_regime_level_median_residual,4704.706875,4635.49,69.216875,False,False,MICRO_OFFSET | MID_GAP | ORIGINAL_CLUSTER | QUARTER_ROUNDING | RESIDUAL_LEVEL | RESIDUAL_REGIME_LEVEL,adjacent_cluster_midpoint | base_cluster | base_plus_+11 | base_plus_+13 | base_plus_+3 | base_plus_+5 | base_plus_+8 | base_plus_-11 | base_plus_-13 | base_plus_-3 | base_plus_-5 | base_plus_-8 | nearest_quarter_variant | prior_level_median_residual | prior_regime_level_median_residual,4614.12375,4595.54,18.58375,False,False,MICRO_OFFSET | MID_GAP | ORIGINAL_CLUSTER | QUARTER_ROUNDING | RESIDUAL_LEVEL | RESIDUAL_REGIME_LEVEL,adjacent_cluster_midpoint | base_cluster | base_plus_+11 | base_plus_+13 | base_plus_+3 | base_plus_+5 | base_plus_+8 | base_plus_-11 | base_plus_-13 | base_plus_-3 | base_plus_-5 | base_plus_-8 | nearest_quarter_variant | prior_level_median_residual | prior_regime_level_median_residual,2026-05-08,2026-05-07,RANGE_NORMAL_60_120,CLOSE_POS_LOWER_THIRD,ROWS_STANDARD_9_10,4687.08,PREV_CLOSE_PROXY,,NEUTRAL
True,False,False,True,4.482648,12.670271,25.0,75.0,198.66217,1.25,4792.13375,4790.81,1.32375,True,True,MICRO_OFFSET | MID_GAP | ORIGINAL_CLUSTER | QUARTER_ROUNDING | RESIDUAL_LEVEL | RESIDUAL_REGIME_LEVEL,adjacent_cluster_midpoint | base_cluster | base_plus_+11 | base_plus_+13 | base_plus_+3 | base_plus_+5 | base_plus_+8 | base_plus_-11 | base_plus_-13 | base_plus_-3 | base_plus_-5 | base_plus_-8 | nearest_quarter_variant | prior_level_median_residual | prior_regime_level_median_residual,4716.22796,4756.62,40.39204,False,False,MICRO_OFFSET | MID_GAP | ORIGINAL_CLUSTER | QUARTER_ROUNDING | RESIDUAL_LEVEL | RESIDUAL_REGIME_LEVEL,adjacent_cluster_midpoint | base_cluster | base_plus_+11 | base_plus_+13 | base_plus_+3 | base_plus_+5 | base_plus_+8 | base_plus_-11 | base_plus_-13 | base_plus_-3 | base_plus_-5 | base_plus_-8 | nearest_quarter_variant | prior_level_median_residual | prior_regime_level_median_residual,4717.565625,4721.87,4.304375,False,True,MICRO_OFFSET | MID_GAP | ORIGINAL_CLUSTER | QUARTER_ROUNDING | RESIDUAL_LEVEL | RESIDUAL_REGIME_LEVEL,adjacent_cluster_midpoint | base_cluster | base_plus_+11 | base_plus_+13 | base_plus_+3 | base_plus_+5 | base_plus_+8 | base_plus_-11 | base_plus_-13 | base_plus_-3 | base_plus_-5 | base_plus_-8 | nearest_quarter_variant | prior_level_median_residual | prior_regime_level_median_residual,4688.99092,4684.33,4.66092,False,True,MICRO_OFFSET | MID_GAP | ORIGINAL_CLUSTER | QUARTER_ROUNDING | RESIDUAL_LEVEL | RESIDUAL_REGIME_LEVEL,adjacent_cluster_midpoint | base_cluster | base_plus_+11 | base_plus_+13 | base_plus_+3 | base_plus_+5 | base_plus_+8 | base_plus_-11 | base_plus_-13 | base_plus_-3 | base_plus_-5 | base_plus_-8 | nearest_quarter_variant | prior_level_median_residual | prior_regime_level_median_residual,2026-05-11,2026-05-08,RANGE_NORMAL_60_120,CLOSE_POS_MIDDLE_THIRD,ROWS_STANDARD_9_10,4715.62,PREV_CLOSE_PROXY,,NEUTRAL
True,True,False,True,11.14286,18.411263,0.0,0.0,176.198469,1.0,4794.82625,4786.09,8.73625,False,False,MICRO_OFFSET | MID_GAP | ORIGINAL_CLUSTER | QUARTER_ROUNDING | RESIDUAL_LEVEL | RESIDUAL_REGIME_LEVEL,adjacent_cluster_midpoint | base_cluster | base_plus_+11 | base_plus_+13 | base_plus_+3 | base_plus_+5 | base_plus_+8 | base_plus_-11 | base_plus_-13 | base_plus_-3 | base_plus_-5 | base_plus_-8 | nearest_quarter_variant | prior_level_median_residual | prior_regime_level_median_residual,4709.65692,4752.28,42.62308,False,False,MICRO_OFFSET | MID_GAP | ORIGINAL_CLUSTER | QUARTER_ROUNDING | RESIDUAL_LEVEL | RESIDUAL_REGIME_LEVEL,adjacent_cluster_midpoint | base_cluster | base_plus_+11 | base_plus_+13 | base_plus_+3 | base_plus_+5 | base_plus_+8 | base_plus_-11 | base_plus_-13 | base_plus_-3 | base_plus_-5 | base_plus_-8 | nearest_quarter_variant | prior_level_median_residual | prior_regime_level_median_residual,4707.249279,4717.37,10.120721,False,False,MICRO_OFFSET | MID_GAP | ORIGINAL_CLUSTER | QUARTER_ROUNDING | RESIDUAL_LEVEL | RESIDUAL_REGIME_LEVEL,adjacent_cluster_midpoint | base_cluster | base_plus_+11 | base_plus_+13 | base_plus_+3 | base_plus_+5 | base_plus_+8 | base_plus_-11 | base_plus_-13 | base_plus_-3 | base_plus_-5 | base_plus_-8 | nearest_quarter_variant | prior_level_median_residual | prior_regime_level_median_residual,4668.565,4680.73,12.165,False,False,MICRO_OFFSET | MID_GAP | ORIGINAL_CLUSTER | QUARTER_ROUNDING | RESIDUAL_LEVEL | RESIDUAL_REGIME_LEVEL,adjacent_cluster_midpoint | base_cluster | base_plus_+11 | base_plus_+13 | base_plus_+3 | base_plus_+5 | base_plus_+8 | base_plus_-11 | base_plus_-13 | base_plus_-3 | base_plus_-5 | base_plus_-8 | nearest_quarter_variant | prior_level_median_residual | prior_regime_level_median_residual,2026-05-12,2026-05-11,RANGE_NORMAL_60_120,CLOSE_POS_UPPER_THIRD,ROWS_STANDARD_9_10,4734.64,PREV_CLOSE_PROXY,,NEUTRAL
True,True,True,True,19.934375,20.640937,0.0,0.0,262.9525,1.0,4761.24375,4786.09,24.84625,False,False,MICRO_OFFSET | MID_GAP | ORIGINAL_CLUSTER | QUARTER_ROUNDING | RESIDUAL_LEVEL | RESIDUAL_REGIME_LEVEL,adjacent_cluster_midpoint | base_cluster | base_plus_+11 | base_plus_+13 | base_plus_+3 | base_plus_+5 | base_plus_+8 | base_plus_-11 | base_plus_-13 | base_plus_-3 | base_plus_-5 | base_plus_-8 | nearest_quarter_variant | prior_level_median_residual | prior_regime_level_median_residual,4728.3825,4746.53,18.1475,False,False,MICRO_OFFSET | MID_GAP | ORIGINAL_CLUSTER | QUARTER_ROUNDING | RESIDUAL_LEVEL | RESIDUAL_REGIME_LEVEL,adjacent_cluster_midpoint | base_cluster | base_plus_+11 | base_plus_+13 | base_plus_+3 | base_plus_+5 | base_plus_+8 | base_plus_-11 | base_plus_-13 | base_plus_-3 | base_plus_-5 | base_plus_-8 | nearest_quarter_variant | prior_level_median_residual | prior_regime_level_median_residual,4689.57125,4707.42,17.84875,False,False,MICRO_OFFSET | MID_GAP | ORIGINAL_CLUSTER | QUARTER_ROUNDING | RESIDUAL_LEVEL | RESIDUAL_REGIME_LEVEL,adjacent_cluster_midpoint | base_cluster | base_plus_+11 | base_plus_+13 | base_plus_+3 | base_plus_+5 | base_plus_+8 | base_plus_-11 | base_plus_-13 | base_plus_-3 | base_plus_-5 | base_plus_-8 | nearest_quarter_variant | prior_level_median_residual | prior_regime_level_median_residual,4648.54875,4670.27,21.72125,False,False,MICRO_OFFSET | MID_GAP | ORIGINAL_CLUSTER | QUARTER_ROUNDING | RESIDUAL_LEVEL | RESIDUAL_REGIME_LEVEL,adjacent_cluster_midpoint | base_cluster | base_plus_+11 | base_plus_+13 | base_plus_+3 | base_plus_+5 | base_plus_+8 | base_plus_-11 | base_plus_-13 | base_plus_-3 | base_plus_-5 | base_plus_-8 | nearest_quarter_variant | prior_level_median_residual | prior_regime_level_median_residual,2026-05-13,2026-05-12,RANGE_WIDE_120_220,CLOSE_POS_MIDDLE_THIRD,ROWS_STANDARD_9_10,4715.15,PREV_CLOSE_PROXY,,NEUTRAL
True,True,True,True,37.4475,37.63875,0.0,0.0,193.3275,1.0,4730.86625,4768.67,37.80375,False,False,MICRO_OFFSET | MID_GAP | ORIGINAL_CLUSTER | QUARTER_ROUNDING | RESIDUAL_LEVEL | RESIDUAL_REGIME_LEVEL,adjacent_cluster_midpoint | base_cluster | base_plus_+11 | base_plus_+13 | base_plus_+3 | base_plus_+5 | base_plus_+8 | base_plus_-11 | base_plus_-13 | base_plus_-3 | base_plus_-5 | base_plus_-8 | nearest_quarter_variant | prior_level_median_residual | prior_regime_level_median_residual,4697.78875,4734.88,37.09125,False,False,MICRO_OFFSET | MID_GAP | ORIGINAL_CLUSTER | QUARTER_ROUNDING | RESIDUAL_LEVEL | RESIDUAL_REGIME_LEVEL,adjacent_cluster_midpoint | base_cluster | base_plus_+11 | base_plus_+13 | base_plus_+3 | base_plus_+5 | base_plus_+8 | base_plus_-11 | base_plus_-13 | base_plus_-3 | base_plus_-5 | base_plus_-8 | nearest_quarter_variant | prior_level_median_residual | prior_regime_level_median_residual,4654.47,4699.33,44.86,False,False,MICRO_OFFSET | MID_GAP | ORIGINAL_CLUSTER | QUARTER_ROUNDING | RESIDUAL_LEVEL | RESIDUAL_REGIME_LEVEL,adjacent_cluster_midpoint | base_cluster | base_plus_+11 | base_plus_+13 | base_plus_+3 | base_plus_+5 | base_plus_+8 | base_plus_-11 | base_plus_-13 | base_plus_-3 | base_plus_-5 | base_plus_-8 | nearest_quarter_variant | prior_level_median_residual | prior_regime_level_median_residual,4639.47,4670.27,30.8,False,False,MICRO_OFFSET | MID_GAP | ORIGINAL_CLUSTER | QUARTER_ROUNDING | RESIDUAL_LEVEL | RESIDUAL_REGIME_LEVEL,adjacent_cluster_midpoint | base_cluster | base_plus_+11 | base_plus_+13 | base_plus_+3 | base_plus_+5 | base_plus_+8 | base_plus_-11 | base_plus_-13 | base_plus_-3 | base_plus_-5 | base_plus_-8 | nearest_quarter_variant | prior_level_median_residual | prior_regime_level_median_residual,2026-05-14,2026-05-13,RANGE_COMPRESSED_0_60,CLOSE_POS_MIDDLE_THIRD,ROWS_STANDARD_9_10,4688.78,PREV_CLOSE_PROXY,,NEUTRAL
True,False,False,True,18.054173,16.859274,25.0,25.0,212.935809,1.25,4690.75875,4693.67,2.91125,True,True,MICRO_OFFSET | MID_GAP | ORIGINAL_CLUSTER | QUARTER_ROUNDING | RESIDUAL_LEVEL | RESIDUAL_REGIME_LEVEL,adjacent_cluster_midpoint | base_cluster | base_plus_+11 | base_plus_+13 | base_plus_+3 | base_plus_+5 | base_plus_+8 | base_plus_-11 | base_plus_-13 | base_plus_-3 | base_plus_-5 | base_plus_-8 | nearest_quarter_variant | prior_level_median_residual | prior_regime_level_median_residual,4654.864155,4665.63,10.765846,False,False,MICRO_OFFSET | MID_GAP | ORIGINAL_CLUSTER | QUARTER_ROUNDING | RESIDUAL_LEVEL | RESIDUAL_REGIME_LEVEL,adjacent_cluster_midpoint | base_cluster | base_plus_+11 | base_plus_+13 | base_plus_+3 | base_plus_+5 | base_plus_+8 | base_plus_-11 | base_plus_-13 | base_plus_-3 | base_plus_-5 | base_plus_-8 | nearest_quarter_variant | prior_level_median_residual | prior_regime_level_median_residual,4663.6875,4635.27,28.4175,False,False,MICRO_OFFSET | MID_GAP | ORIGINAL_CLUSTER | QUARTER_ROUNDING | RESIDUAL_LEVEL | RESIDUAL_REGIME_LEVEL,adjacent_cluster_midpoint | base_cluster | base_plus_+11 | base_plus_+13 | base_plus_+3 | base_plus_+5 | base_plus_+8 | base_plus_-11 | base_plus_-13 | base_plus_-3 | base_plus_-5 | base_plus_-8 | nearest_quarter_variant | prior_level_median_residual | prior_regime_level_median_residual,4575.2775,4600.62,25.3425,False,False,MICRO_OFFSET | MID_GAP | ORIGINAL_CLUSTER | QUARTER_ROUNDING | RESIDUAL_LEVEL | RESIDUAL_REGIME_LEVEL,adjacent_cluster_midpoint | base_cluster | base_plus_+11 | base_plus_+13 | base_plus_+3 | base_plus_+5 | base_plus_+8 | base_plus_-11 | base_plus_-13 | base_plus_-3 | base_plus_-5 | base_plus_-8 | nearest_quarter_variant | prior_level_median_residual | prior_regime_level_median_residual,2026-05-15,2026-05-14,RANGE_NORMAL_60_120,CLOSE_POS_LOWER_THIRD,ROWS_STANDARD_9_10,4652.36,PREV_CLOSE_PROXY,,NEUTRAL
True,True,True,True,15.880313,15.780269,0.0,25.0,280.327951,1.0,4592.143576,4564.33,27.813576,False,False,MICRO_OFFSET | MID_GAP | ORIGINAL_CLUSTER | QUARTER_ROUNDING | RESIDUAL_LEVEL | RESIDUAL_REGIME_LEVEL,adjacent_cluster_midpoint | base_cluster | base_plus_+11 | base_plus_+13 | base_plus_+3 | base_plus_+5 | base_plus_+8 | base_plus_-11 | base_plus_-13 | base_plus_-3 | base_plus_-5 | base_plus_-8 | nearest_quarter_variant | prior_level_median_residual | prior_regime_level_median_residual,4555.62125,4539.06,16.56125,False,False,MICRO_OFFSET | MID_GAP | ORIGINAL_CLUSTER | QUARTER_ROUNDING | RESIDUAL_LEVEL | RESIDUAL_REGIME_LEVEL,adjacent_cluster_midpoint | base_cluster | base_plus_+11 | base_plus_+13 | base_plus_+3 | base_plus_+5 | base_plus_+8 | base_plus_-11 | base_plus_-13 | base_plus_-3 | base_plus_-5 | base_plus_-8 | nearest_quarter_variant | prior_level_median_residual | prior_regime_level_median_residual,4527.129375,4511.93,15.199375,False,False,MICRO_OFFSET | MID_GAP | ORIGINAL_CLUSTER | QUARTER_ROUNDING | RESIDUAL_LEVEL | RESIDUAL_REGIME_LEVEL,adjacent_cluster_midpoint | base_cluster | base_plus_+11 | base_plus_+13 | base_plus_+3 | base_plus_+5 | base_plus_+8 | base_plus_-11 | base_plus_-13 | base_plus_-3 | base_plus_-5 | base_plus_-8 | nearest_quarter_variant | prior_level_median_residual | prior_regime_level_median_residual,4484.866875,4481.32,3.546875,False,True,MICRO_OFFSET | MID_GAP | ORIGINAL_CLUSTER | QUARTER_ROUNDING | RESIDUAL_LEVEL | RESIDUAL_REGIME_LEVEL,adjacent_cluster_midpoint | base_cluster | base_plus_+11 | base_plus_+13 | base_plus_+3 | base_plus_+5 | base_plus_+8 | base_plus_-11 | base_plus_-13 | base_plus_-3 | base_plus_-5 | base_plus_-8 | nearest_quarter_variant | prior_level_median_residual | prior_regime_level_median_residual,2026-05-18,2026-05-15,RANGE_WIDE_120_220,CLOSE_POS_LOWER_THIRD,ROWS_STANDARD_9_10,4538.64,PREV_CLOSE_PROXY,,NEUTRAL
True,True,False,True,25.74875,27.759625,0.0,0.0,185.440364,1.0,4630.96,4606.82,24.14,False,False,MICRO_OFFSET | MID_GAP | ORIGINAL_CLUSTER | QUARTER_ROUNDING | RESIDUAL_LEVEL | RESIDUAL_REGIME_LEVEL,adjacent_cluster_midpoint | base_cluster | base_plus_+11 | base_plus_+13 | base_plus_+3 | base_plus_+5 | base_plus_+8 | base_plus_-11 | base_plus_-13 | base_plus_-3 | base_plus_-5 | base_plus_-8 | nearest_quarter_variant | prior_level_median_residual | prior_regime_level_median_residual,4543.89566,4586.21,42.31434,False,False,MICRO_OFFSET | MID_GAP | ORIGINAL_CLUSTER | QUARTER_ROUNDING | RESIDUAL_LEVEL | RESIDUAL_REGIME_LEVEL,adjacent_cluster_midpoint | base_cluster | base_plus_+11 | base_plus_+13 | base_plus_+3 | base_plus_+5 | base_plus_+8 | base_plus_-11 | base_plus_-13 | base_plus_-3 | base_plus_-5 | base_plus_-8 | nearest_quarter_variant | prior_level_median_residual | prior_regime_level_median_residual,4541.723342,4558.95,17.226658,False,False,MICRO_OFFSET | MID_GAP | ORIGINAL_CLUSTER | QUARTER_ROUNDING | RESIDUAL_LEVEL | RESIDUAL_REGIME_LEVEL,adjacent_cluster_midpoint | base_cluster | base_plus_+11 | base_plus_+13 | base_plus_+3 | base_plus_+5 | base_plus_+8 | base_plus_-11 | base_plus_-13 | base_plus_-3 | base_plus_-5 | base_plus_-8 | nearest_quarter_variant | prior_level_median_residual | prior_regime_level_median_residual,4505.4825,4532.84,27.3575,False,False,MICRO_OFFSET | MID_GAP | ORIGINAL_CLUSTER | QUARTER_ROUNDING | RESIDUAL_LEVEL | RESIDUAL_REGIME_LEVEL,adjacent_cluster_midpoint | base_cluster | base_plus_+11 | base_plus_+13 | base_plus_+3 | base_plus_+5 | base_plus_+8 | base_plus_-11 | base_plus_-13 | base_plus_-3 | base_plus_-5 | base_plus_-8 | nearest_quarter_variant | prior_level_median_residual | prior_regime_level_median_residual,2026-05-19,2026-05-18,RANGE_NORMAL_60_120,CLOSE_POS_UPPER_THIRD,ROWS_STANDARD_9_10,4566.12,PREV_CLOSE_PROXY,,NEUTRAL
True,True,True,True,11.90625,12.69125,0.0,25.0,267.210084,1.0,4526.32,4529.64,3.32,False,True,MICRO_OFFSET | MID_GAP | ORIGINAL_CLUSTER | QUARTER_ROUNDING | RESIDUAL_LEVEL | RESIDUAL_REGIME_LEVEL,adjacent_cluster_midpoint | base_cluster | base_plus_+11 | base_plus_+13 | base_plus_+3 | base_plus_+5 | base_plus_+8 | base_plus_-11 | base_plus_-13 | base_plus_-3 | base_plus_-5 | base_plus_-8 | nearest_quarter_variant | prior_level_median_residual | prior_regime_level_median_residual,4496.67,4506.6,9.93,False,False,MICRO_OFFSET | MID_GAP | ORIGINAL_CLUSTER | QUARTER_ROUNDING | RESIDUAL_LEVEL | RESIDUAL_REGIME_LEVEL,adjacent_cluster_midpoint | base_cluster | base_plus_+11 | base_plus_+13 | base_plus_+3 | base_plus_+5 | base_plus_+8 | base_plus_-11 | base_plus_-13 | base_plus_-3 | base_plus_-5 | base_plus_-8 | nearest_quarter_variant | prior_level_median_residual | prior_regime_level_median_residual,4473.7075,4487.59,13.8825,False,False,MICRO_OFFSET | MID_GAP | ORIGINAL_CLUSTER | QUARTER_ROUNDING | RESIDUAL_LEVEL | RESIDUAL_REGIME_LEVEL,adjacent_cluster_midpoint | base_cluster | base_plus_+11 | base_plus_+13 | base_plus_+3 | base_plus_+5 | base_plus_+8 | base_plus_-11 | base_plus_-13 | base_plus_-3 | base_plus_-5 | base_plus_-8 | nearest_quarter_variant | prior_level_median_residual | prior_regime_level_median_residual,4438.3675,4462.0,23.6325,False,False,MICRO_OFFSET | MID_GAP | ORIGINAL_CLUSTER | QUARTER_ROUNDING | RESIDUAL_LEVEL | RESIDUAL_REGIME_LEVEL,adjacent_cluster_midpoint | base_cluster | base_plus_+11 | base_plus_+13 | base_plus_+3 | base_plus_+5 | base_plus_+8 | base_plus_-11 | base_plus_-13 | base_plus_-3 | base_plus_-5 | base_plus_-8 | nearest_quarter_variant | prior_level_median_residual | prior_regime_level_median_residual,2026-05-20,2026-05-19,RANGE_WIDE_120_220,CLOSE_POS_LOWER_THIRD,ROWS_STANDARD_9_10,4481.92,PREV_CLOSE_PROXY,,NEUTRAL
True,False,False,True,24.366875,31.474172,0.0,0.0,174.08338,1.25,4598.845,4608.29,9.445,False,False,MICRO_OFFSET | MID_GAP | ORIGINAL_CLUSTER | QUARTER_ROUNDING | RESIDUAL_LEVEL | RESIDUAL_REGIME_LEVEL,adjacent_cluster_midpoint | base_cluster | base_plus_+11 | base_plus_+13 | base_plus_+3 | base_plus_+5 | base_plus_+8 | base_plus_-11 | base_plus_-13 | base_plus_-3 | base_plus_-5 | base_plus_-8 | nearest_quarter_variant | prior_level_median_residual | prior_regime_level_median_residual,4514.35206,4582.07,67.71794,False,False,MICRO_OFFSET | MID_GAP | ORIGINAL_CLUSTER | QUARTER_ROUNDING | RESIDUAL_LEVEL | RESIDUAL_REGIME_LEVEL,adjacent_cluster_midpoint | base_cluster | base_plus_+11 | base_plus_+13 | base_plus_+3 | base_plus_+5 | base_plus_+8 | base_plus_-11 | base_plus_-13 | base_plus_-3 | base_plus_-5 | base_plus_-8 | nearest_quarter_variant | prior_level_median_residual | prior_regime_level_median_residual,4515.80125,4554.33,38.52875,False,False,MICRO_OFFSET | MID_GAP | ORIGINAL_CLUSTER | QUARTER_ROUNDING | RESIDUAL_LEVEL | RESIDUAL_REGIME_LEVEL,adjacent_cluster_midpoint | base_cluster | base_plus_+11 | base_plus_+13 | base_plus_+3 | base_plus_+5 | base_plus_+8 | base_plus_-11 | base_plus_-13 | base_plus_-3 | base_plus_-5 | base_plus_-8 | nearest_quarter_variant | prior_level_median_residual | prior_regime_level_median_residual,4534.265,4524.06,10.205,False,False,MICRO_OFFSET | MID_GAP | ORIGINAL_CLUSTER | QUARTER_ROUNDING | RESIDUAL_LEVEL | RESIDUAL_REGIME_LEVEL,adjacent_cluster_midpoint | base_cluster | base_plus_+11 | base_plus_+13 | base_plus_+3 | base_plus_+5 | base_plus_+8 | base_plus_-11 | base_plus_-13 | base_plus_-3 | base_plus_-5 | base_plus_-8 | nearest_quarter_variant | prior_level_median_residual | prior_regime_level_median_residual,2026-05-21,2026-05-20,RANGE_NORMAL_60_120,CLOSE_POS_UPPER_THIRD,ROWS_STANDARD_9_10,4543.62,PREV_CLOSE_PROXY,,NEUTRAL
True,False,False,True,16.992757,21.463396,25.0,25.0,206.15261,1.25,4614.77875,4614.22,0.55875,True,True,MICRO_OFFSET | MID_GAP | ORIGINAL_CLUSTER | QUARTER_ROUNDING | RESIDUAL_LEVEL | RESIDUAL_REGIME_LEVEL,adjacent_cluster_midpoint | base_cluster | base_plus_+11 | base_plus_+13 | base_plus_+3 | base_plus_+5 | base_plus_+8 | base_plus_-11 | base_plus_-13 | base_plus_-3 | base_plus_-5 | base_plus_-8 | nearest_quarter_variant | prior_level_median_residual | prior_regime_level_median_residual,4531.10068,4582.41,51.30932,False,False,MICRO_OFFSET | MID_GAP | ORIGINAL_CLUSTER | QUARTER_ROUNDING | RESIDUAL_LEVEL | RESIDUAL_REGIME_LEVEL,adjacent_cluster_midpoint | base_cluster | base_plus_+11 | base_plus_+13 | base_plus_+3 | base_plus_+5 | base_plus_+8 | base_plus_-11 | base_plus_-13 | base_plus_-3 | base_plus_-5 | base_plus_-8 | nearest_quarter_variant | prior_level_median_residual | prior_regime_level_median_residual,4535.468125,4551.77,16.301875,False,False,MICRO_OFFSET | MID_GAP | ORIGINAL_CLUSTER | QUARTER_ROUNDING | RESIDUAL_LEVEL | RESIDUAL_REGIME_LEVEL,adjacent_cluster_midpoint | base_cluster | base_plus_+11 | base_plus_+13 | base_plus_+3 | base_plus_+5 | base_plus_+8 | base_plus_-11 | base_plus_-13 | base_plus_-3 | base_plus_-5 | base_plus_-8 | nearest_quarter_variant | prior_level_median_residual | prior_regime_level_median_residual,4502.86636,4520.55,17.68364,False,False,MICRO_OFFSET | MID_GAP | ORIGINAL_CLUSTER | QUARTER_ROUNDING | RESIDUAL_LEVEL | RESIDUAL_REGIME_LEVEL,adjacent_cluster_midpoint | base_cluster | base_plus_+11 | base_plus_+13 | base_plus_+3 | base_plus_+5 | base_plus_+8 | base_plus_-11 | base_plus_-13 | base_plus_-3 | base_plus_-5 | base_plus_-8 | nearest_quarter_variant | prior_level_median_residual | prior_regime_level_median_residual,2026-05-22,2026-05-21,RANGE_NORMAL_60_120,CLOSE_POS_MIDDLE_THIRD,ROWS_STANDARD_9_10,4543.05,PREV_CLOSE_PROXY,,NEUTRAL
True,True,False,True,33.93875,32.381772,0.0,0.0,152.744176,1.0,4514.201662,4556.09,41.888338,False,False,MICRO_OFFSET | MID_GAP | ORIGINAL_CLUSTER | QUARTER_ROUNDING | RESIDUAL_LEVEL,adjacent_cluster_midpoint | base_cluster | base_plus_+11 | base_plus_+13 | base_plus_+3 | base_plus_+5 | base_plus_+8 | base_plus_-11 | base_plus_-13 | base_plus_-3 | base_plus_-5 | base_plus_-8 | nearest_quarter_variant | prior_level_median_residual,4486.75875,4524.91,38.15125,False,False,MICRO_OFFSET | MID_GAP | ORIGINAL_CLUSTER | QUARTER_ROUNDING | RESIDUAL_LEVEL,adjacent_cluster_midpoint | base_cluster | base_plus_+11 | base_plus_+13 | base_plus_+3 | base_plus_+5 | base_plus_+8 | base_plus_-11 | base_plus_-13 | base_plus_-3 | base_plus_-5 | base_plus_-8 | nearest_quarter_variant | prior_level_median_residual,4464.94375,4494.67,29.72625,False,False,MICRO_OFFSET | MID_GAP | ORIGINAL_CLUSTER | QUARTER_ROUNDING | RESIDUAL_LEVEL,adjacent_cluster_midpoint | base_cluster | base_plus_+11 | base_plus_+13 | base_plus_+3 | base_plus_+5 | base_plus_+8 | base_plus_-11 | base_plus_-13 | base_plus_-3 | base_plus_-5 | base_plus_-8 | nearest_quarter_variant | prior_level_median_residual,4443.12875,4462.89,19.76125,False,False,MICRO_OFFSET | MID_GAP | ORIGINAL_CLUSTER | QUARTER_ROUNDING | RESIDUAL_LEVEL,adjacent_cluster_midpoint | base_cluster | base_plus_+11 | base_plus_+13 | base_plus_+3 | base_plus_+5 | base_plus_+8 | base_plus_-11 | base_plus_-13 | base_plus_-3 | base_plus_-5 | base_plus_-8 | nearest_quarter_variant | prior_level_median_residual,2026-05-25,2026-05-22,RANGE_COMPRESSED_0_60,CLOSE_POS_LOWER_THIRD,ROWS_EXTENDED_11_PLUS,4507.9,PREV_CLOSE_PROXY,,NEUTRAL
True,True,False,True,15.964592,17.638207,0.0,0.0,106.697708,1.0,4581.478854,4593.58,12.101146,False,False,MICRO_OFFSET | MID_GAP | ORIGINAL_CLUSTER | QUARTER_ROUNDING | RESIDUAL_LEVEL | RESIDUAL_REGIME_LEVEL,adjacent_cluster_midpoint | base_cluster | base_plus_+11 | base_plus_+13 | base_plus_+3 | base_plus_+5 | base_plus_+8 | base_plus_-11 | base_plus_-13 | base_plus_-3 | base_plus_-5 | base_plus_-8 | nearest_quarter_variant | prior_level_median_residual | prior_regime_level_median_residual,4548.303317,4562.44,14.136683,False,False,MICRO_OFFSET | MID_GAP | ORIGINAL_CLUSTER | QUARTER_ROUNDING | RESIDUAL_LEVEL | RESIDUAL_REGIME_LEVEL,adjacent_cluster_midpoint | base_cluster | base_plus_+11 | base_plus_+13 | base_plus_+3 | base_plus_+5 | base_plus_+8 | base_plus_-11 | base_plus_-13 | base_plus_-3 | base_plus_-5 | base_plus_-8 | nearest_quarter_variant | prior_level_median_residual | prior_regime_level_median_residual,4512.1075,4529.9,17.7925,False,False,MICRO_OFFSET | MID_GAP | ORIGINAL_CLUSTER | QUARTER_ROUNDING | RESIDUAL_LEVEL | RESIDUAL_REGIME_LEVEL,adjacent_cluster_midpoint | base_cluster | base_plus_+11 | base_plus_+13 | base_plus_+3 | base_plus_+5 | base_plus_+8 | base_plus_-11 | base_plus_-13 | base_plus_-3 | base_plus_-5 | base_plus_-8 | nearest_quarter_variant | prior_level_median_residual | prior_regime_level_median_residual,4473.2375,4499.76,26.5225,False,False,MICRO_OFFSET | MID_GAP | ORIGINAL_CLUSTER | QUARTER_ROUNDING | RESIDUAL_LEVEL,adjacent_cluster_midpoint | base_cluster | base_plus_+11 | base_plus_+13 | base_plus_+3 | base_plus_+5 | base_plus_+8 | base_plus_-11 | base_plus_-13 | base_plus_-3 | base_plus_-5 | base_plus_-8 | nearest_quarter_variant | prior_level_median_residual,2026-05-26,2026-05-25,RANGE_COMPRESSED_0_60,CLOSE_POS_UPPER_THIRD,ROWS_STANDARD_9_10,4570.94,PREV_CLOSE_PROXY,,NEUTRAL
True,True,False,True,10.0386,9.44055,25.0,25.0,180.4556,1.25,4525.4928,4530.95,5.4572,False,False,MICRO_OFFSET | MID_GAP | ORIGINAL_CLUSTER | QUARTER_ROUNDING | RESIDUAL_LEVEL | RESIDUAL_REGIME_LEVEL,adjacent_cluster_midpoint | base_cluster | base_plus_+11 | base_plus_+13 | base_plus_+3 | base_plus_+5 | base_plus_+8 | base_plus_-11 | base_plus_-13 | base_plus_-3 | base_plus_-5 | base_plus_-8 | nearest_quarter_variant | prior_level_median_residual | prior_regime_level_median_residual,4495.29,4496.68,1.39,True,True,MICRO_OFFSET | MID_GAP | ORIGINAL_CLUSTER | QUARTER_ROUNDING | RESIDUAL_LEVEL | RESIDUAL_REGIME_LEVEL,adjacent_cluster_midpoint | base_cluster | base_plus_+11 | base_plus_+13 | base_plus_+3 | base_plus_+5 | base_plus_+8 | base_plus_-11 | base_plus_-13 | base_plus_-3 | base_plus_-5 | base_plus_-8 | nearest_quarter_variant | prior_level_median_residual | prior_regime_level_median_residual,4476.015,4459.72,16.295,False,False,MICRO_OFFSET | MID_GAP | ORIGINAL_CLUSTER | QUARTER_ROUNDING | RESIDUAL_LEVEL | RESIDUAL_REGIME_LEVEL,adjacent_cluster_midpoint | base_cluster | base_plus_+11 | base_plus_+13 | base_plus_+3 | base_plus_+5 | base_plus_+8 | base_plus_-11 | base_plus_-13 | base_plus_-3 | base_plus_-5 | base_plus_-8 | nearest_quarter_variant | prior_level_median_residual | prior_regime_level_median_residual,4435.89,4421.27,14.62,False,False,MICRO_OFFSET | MID_GAP | ORIGINAL_CLUSTER | QUARTER_ROUNDING | RESIDUAL_LEVEL | RESIDUAL_REGIME_LEVEL,adjacent_cluster_midpoint | base_cluster | base_plus_+11 | base_plus_+13 | base_plus_+3 | base_plus_+5 | base_plus_+8 | base_plus_-11 | base_plus_-13 | base_plus_-3 | base_plus_-5 | base_plus_-8 | nearest_quarter_variant | prior_level_median_residual | prior_regime_level_median_residual,2026-05-27,2026-05-26,RANGE_NORMAL_60_120,CLOSE_POS_LOWER_THIRD,ROWS_SPARSE_1_8,4507.47,PREV_CLOSE_PROXY,,NEUTRAL
True,True,True,True,28.03875,37.77125,0.0,0.0,288.7,1.0,4525.4175,4495.53,29.8875,False,False,MICRO_OFFSET | MID_GAP | ORIGINAL_CLUSTER | QUARTER_ROUNDING | RESIDUAL_LEVEL | RESIDUAL_REGIME_LEVEL,adjacent_cluster_midpoint | base_cluster | base_plus_+11 | base_plus_+13 | base_plus_+3 | base_plus_+5 | base_plus_+8 | base_plus_-11 | base_plus_-13 | base_plus_-3 | base_plus_-5 | base_plus_-8 | nearest_quarter_variant | prior_level_median_residual | prior_regime_level_median_residual,4492.35,4466.16,26.19,False,False,MICRO_OFFSET | MID_GAP | ORIGINAL_CLUSTER | QUARTER_ROUNDING | RESIDUAL_LEVEL | RESIDUAL_REGIME_LEVEL,adjacent_cluster_midpoint | base_cluster | base_plus_+11 | base_plus_+13 | base_plus_+3 | base_plus_+5 | base_plus_+8 | base_plus_-11 | base_plus_-13 | base_plus_-3 | base_plus_-5 | base_plus_-8 | nearest_quarter_variant | prior_level_median_residual | prior_regime_level_median_residual,4449.5325,4424.0,25.5325,False,False,MICRO_OFFSET | MID_GAP | ORIGINAL_CLUSTER | QUARTER_ROUNDING | RESIDUAL_LEVEL | RESIDUAL_REGIME_LEVEL,adjacent_cluster_midpoint | base_cluster | base_plus_+11 | base_plus_+13 | base_plus_+3 | base_plus_+5 | base_plus_+8 | base_plus_-11 | base_plus_-13 | base_plus_-3 | base_plus_-5 | base_plus_-8 | nearest_quarter_variant | prior_level_median_residual | prior_regime_level_median_residual,4448.885,4379.41,69.475,False,False,MICRO_OFFSET | MID_GAP | ORIGINAL_CLUSTER | QUARTER_ROUNDING | RESIDUAL_LEVEL | RESIDUAL_REGIME_LEVEL,adjacent_cluster_midpoint | base_cluster | base_plus_+11 | base_plus_+13 | base_plus_+3 | base_plus_+5 | base_plus_+8 | base_plus_-11 | base_plus_-13 | base_plus_-3 | base_plus_-5 | base_plus_-8 | nearest_quarter_variant | prior_level_median_residual | prior_regime_level_median_residual,2026-05-28,2026-05-27,RANGE_WIDE_120_220,CLOSE_POS_MIDDLE_THIRD,ROWS_STANDARD_9_10,4456.18,PREV_CLOSE_PROXY,,NEUTRAL
True,False,False,True,43.289987,50.352494,0.0,0.0,318.99995,1.0,4546.55,4586.39,39.84,False,False,MICRO_OFFSET | MID_GAP | ORIGINAL_CLUSTER | QUARTER_ROUNDING | RESIDUAL_LEVEL | RESIDUAL_REGIME_LEVEL,adjacent_cluster_midpoint | base_cluster | base_plus_+11 | base_plus_+13 | base_plus_+3 | base_plus_+5 | base_plus_+8 | base_plus_-11 | base_plus_-13 | base_plus_-3 | base_plus_-5 | base_plus_-8 | nearest_quarter_variant | prior_level_median_residual | prior_regime_level_median_residual,4482.8,4557.79,74.99,False,False,MICRO_OFFSET | MID_GAP | ORIGINAL_CLUSTER | QUARTER_ROUNDING | RESIDUAL_LEVEL | RESIDUAL_REGIME_LEVEL,adjacent_cluster_midpoint | base_cluster | base_plus_+11 | base_plus_+13 | base_plus_+3 | base_plus_+5 | base_plus_+8 | base_plus_-11 | base_plus_-13 | base_plus_-3 | base_plus_-5 | base_plus_-8 | nearest_quarter_variant | prior_level_median_residual | prior_regime_level_median_residual,4484.050025,4527.81,43.759975,False,False,MICRO_OFFSET | MID_GAP | ORIGINAL_CLUSTER | QUARTER_ROUNDING | RESIDUAL_LEVEL | RESIDUAL_REGIME_LEVEL,adjacent_cluster_midpoint | base_cluster | base_plus_+11 | base_plus_+13 | base_plus_+3 | base_plus_+5 | base_plus_+8 | base_plus_-11 | base_plus_-13 | base_plus_-3 | base_plus_-5 | base_plus_-8 | nearest_quarter_variant | prior_level_median_residual | prior_regime_level_median_residual,4452.8,4495.62,42.82,False,False,MICRO_OFFSET | MID_GAP | ORIGINAL_CLUSTER | QUARTER_ROUNDING | RESIDUAL_LEVEL | RESIDUAL_REGIME_LEVEL,adjacent_cluster_midpoint | base_cluster | base_plus_+11 | base_plus_+13 | base_plus_+3 | base_plus_+5 | base_plus_+8 | base_plus_-11 | base_plus_-13 | base_plus_-3 | base_plus_-5 | base_plus_-8 | nearest_quarter_variant | prior_level_median_residual | prior_regime_level_median_residual,2026-05-29,2026-05-28,RANGE_WIDE_120_220,CLOSE_POS_UPPER_THIRD,ROWS_EXTENDED_11_PLUS,4495.64,PREV_CLOSE_PROXY,,NEUTRAL
True,False,False,True,21.53625,19.76276,0.0,0.0,119.0,1.5,4585.8225,4607.94,22.1175,False,False,MICRO_OFFSET | MID_GAP | ORIGINAL_CLUSTER | QUARTER_ROUNDING | RESIDUAL_LEVEL | RESIDUAL_REGIME_LEVEL,adjacent_cluster_midpoint | base_cluster | base_plus_+11 | base_plus_+13 | base_plus_+3 | base_plus_+5 | base_plus_+8 | base_plus_-11 | base_plus_-13 | base_plus_-3 | base_plus_-5 | base_plus_-8 | nearest_quarter_variant | prior_level_median_residual | prior_regime_level_median_residual,4608.3225,4580.08,28.2425,False,False,MICRO_OFFSET | MID_GAP | ORIGINAL_CLUSTER | QUARTER_ROUNDING | RESIDUAL_LEVEL | RESIDUAL_REGIME_LEVEL,adjacent_cluster_midpoint | base_cluster | base_plus_+11 | base_plus_+13 | base_plus_+3 | base_plus_+5 | base_plus_+8 | base_plus_-11 | base_plus_-13 | base_plus_-3 | base_plus_-5 | base_plus_-8 | nearest_quarter_variant | prior_level_median_residual | prior_regime_level_median_residual,4568.795,4547.84,20.955,False,False,MICRO_OFFSET | MID_GAP | ORIGINAL_CLUSTER | QUARTER_ROUNDING | RESIDUAL_LEVEL | RESIDUAL_REGIME_LEVEL,adjacent_cluster_midpoint | base_cluster | base_plus_+11 | base_plus_+13 | base_plus_+3 | base_plus_+5 | base_plus_+8 | base_plus_-11 | base_plus_-13 | base_plus_-3 | base_plus_-5 | base_plus_-8 | nearest_quarter_variant | prior_level_median_residual | prior_regime_level_median_residual,4529.70604,4521.97,7.73604,False,False,MICRO_OFFSET | MID_GAP | ORIGINAL_CLUSTER | QUARTER_ROUNDING | RESIDUAL_LEVEL | RESIDUAL_REGIME_LEVEL,adjacent_cluster_midpoint | base_cluster | base_plus_+11 | base_plus_+13 | base_plus_+3 | base_plus_+5 | base_plus_+8 | base_plus_-11 | base_plus_-13 | base_plus_-3 | base_plus_-5 | base_plus_-8 | nearest_quarter_variant | prior_level_median_residual | prior_regime_level_median_residual,2026-06-01,2026-05-29,RANGE_NORMAL_60_120,CLOSE_POS_MIDDLE_THIRD,ROWS_EXTENDED_11_PLUS,4541.13,PREV_CLOSE_PROXY,,NEUTRAL
True,True,False,True,21.323334,22.071667,0.0,0.0,228.906667,1.25,4511.359167,4489.47,21.889167,False,False,MICRO_OFFSET | MID_GAP | ORIGINAL_CLUSTER | QUARTER_ROUNDING | RESIDUAL_LEVEL | RESIDUAL_REGIME_LEVEL,adjacent_cluster_midpoint | base_cluster | base_plus_+11 | base_plus_+13 | base_plus_+3 | base_plus_+5 | base_plus_+8 | base_plus_-11 | base_plus_-13 | base_plus_-3 | base_plus_-5 | base_plus_-8 | nearest_quarter_variant | prior_level_median_residual | prior_regime_level_median_residual,4478.2875,4457.53,20.7575,False,False,MICRO_OFFSET | MID_GAP | ORIGINAL_CLUSTER | QUARTER_ROUNDING | RESIDUAL_LEVEL | RESIDUAL_REGIME_LEVEL,adjacent_cluster_midpoint | base_cluster | base_plus_+11 | base_plus_+13 | base_plus_+3 | base_plus_+5 | base_plus_+8 | base_plus_-11 | base_plus_-13 | base_plus_-3 | base_plus_-5 | base_plus_-8 | nearest_quarter_variant | prior_level_median_residual | prior_regime_level_median_residual,4444.755,4426.17,18.585,False,False,MICRO_OFFSET | MID_GAP | ORIGINAL_CLUSTER | QUARTER_ROUNDING | RESIDUAL_LEVEL | RESIDUAL_REGIME_LEVEL,adjacent_cluster_midpoint | base_cluster | base_plus_+11 | base_plus_+13 | base_plus_+3 | base_plus_+5 | base_plus_+8 | base_plus_-11 | base_plus_-13 | base_plus_-3 | base_plus_-5 | base_plus_-8 | nearest_quarter_variant | prior_level_median_residual | prior_regime_level_median_residual,4369.085,4396.14,27.055,False,False,MICRO_OFFSET | MID_GAP | ORIGINAL_CLUSTER | QUARTER_ROUNDING | RESIDUAL_LEVEL | RESIDUAL_REGIME_LEVEL,adjacent_cluster_midpoint | base_cluster | base_plus_+11 | base_plus_+13 | base_plus_+3 | base_plus_+5 | base_plus_+8 | base_plus_-11 | base_plus_-13 | base_plus_-3 | base_plus_-5 | base_plus_-8 | nearest_quarter_variant | prior_level_median_residual | prior_regime_level_median_residual,2026-06-02,2026-06-01,RANGE_NORMAL_60_120,CLOSE_POS_MIDDLE_THIRD,ROWS_SPARSE_1_8,4484.66,PREV_CLOSE_PROXY,,NEUTRAL
True,False,True,True,9.20875,10.955625,25.0,25.0,213.5375,1.0,4514.110209,4539.09,24.979791,False,False,MICRO_OFFSET | MID_GAP | ORIGINAL_CLUSTER | QUARTER_ROUNDING | RESIDUAL_LEVEL | RESIDUAL_REGIME_LEVEL,adjacent_cluster_midpoint | base_cluster | base_plus_+11 | base_plus_+13 | base_plus_+3 | base_plus_+5 | base_plus_+8 | base_plus_-11 | base_plus_-13 | base_plus_-3 | base_plus_-5 | base_plus_-8 | nearest_quarter_variant | prior_level_median_residual | prior_regime_level_median_residual,4521.8625,4513.17,8.6925,False,False,MICRO_OFFSET | MID_GAP | ORIGINAL_CLUSTER | QUARTER_ROUNDING | RESIDUAL_LEVEL | RESIDUAL_REGIME_LEVEL,adjacent_cluster_midpoint | base_cluster | base_plus_+11 | base_plus_+13 | base_plus_+3 | base_plus_+5 | base_plus_+8 | base_plus_-11 | base_plus_-13 | base_plus_-3 | base_plus_-5 | base_plus_-8 | nearest_quarter_variant | prior_level_median_residual | prior_regime_level_median_residual,4486.035208,4485.61,0.425208,True,True,MICRO_OFFSET | MID_GAP | ORIGINAL_CLUSTER | QUARTER_ROUNDING | RESIDUAL_LEVEL | RESIDUAL_REGIME_LEVEL,adjacent_cluster_midpoint | base_cluster | base_plus_+11 | base_plus_+13 | base_plus_+3 | base_plus_+5 | base_plus_+8 | base_plus_-11 | base_plus_-13 | base_plus_-3 | base_plus_-5 | base_plus_-8 | nearest_quarter_variant | prior_level_median_residual | prior_regime_level_median_residual,4446.075,4455.8,9.725,False,False,MICRO_OFFSET | MID_GAP | ORIGINAL_CLUSTER | QUARTER_ROUNDING | RESIDUAL_LEVEL | RESIDUAL_REGIME_LEVEL,adjacent_cluster_midpoint | base_cluster | base_plus_+11 | base_plus_+13 | base_plus_+3 | base_plus_+5 | base_plus_+8 | base_plus_-11 | base_plus_-13 | base_plus_-3 | base_plus_-5 | base_plus_-8 | nearest_quarter_variant | prior_level_median_residual | prior_regime_level_median_residual,2026-06-03,2026-06-02,RANGE_NORMAL_60_120,CLOSE_POS_LOWER_THIRD,ROWS_STANDARD_9_10,4487.83,PREV_CLOSE_PROXY,,NEUTRAL
True,True,False,True,7.371875,8.949219,25.0,50.0,221.92875,1.0,4460.31375,4457.9,2.41375,True,True,MICRO_OFFSET | MID_GAP | ORIGINAL_CLUSTER | QUARTER_ROUNDING | RESIDUAL_LEVEL | RESIDUAL_REGIME_LEVEL,adjacent_cluster_midpoint | base_cluster | base_plus_+11 | base_plus_+13 | base_plus_+3 | base_plus_+5 | base_plus_+8 | base_plus_-11 | base_plus_-13 | base_plus_-3 | base_plus_-5 | base_plus_-8 | nearest_quarter_variant | prior_level_median_residual | prior_regime_level_median_residual,4432.7525,4427.93,4.8225,False,True,MICRO_OFFSET | MID_GAP | ORIGINAL_CLUSTER | QUARTER_ROUNDING | RESIDUAL_LEVEL | RESIDUAL_REGIME_LEVEL,adjacent_cluster_midpoint | base_cluster | base_plus_+11 | base_plus_+13 | base_plus_+3 | base_plus_+5 | base_plus_+8 | base_plus_-11 | base_plus_-13 | base_plus_-3 | base_plus_-5 | base_plus_-8 | nearest_quarter_variant | prior_level_median_residual | prior_regime_level_median_residual,4408.94125,4399.02,9.92125,False,False,MICRO_OFFSET | MID_GAP | ORIGINAL_CLUSTER | QUARTER_ROUNDING | RESIDUAL_LEVEL | RESIDUAL_REGIME_LEVEL,adjacent_cluster_midpoint | base_cluster | base_plus_+11 | base_plus_+13 | base_plus_+3 | base_plus_+5 | base_plus_+8 | base_plus_-11 | base_plus_-13 | base_plus_-3 | base_plus_-5 | base_plus_-8 | nearest_quarter_variant | prior_level_median_residual | prior_regime_level_median_residual,4390.099375,4371.46,18.639375,False,False,MICRO_OFFSET | MID_GAP | ORIGINAL_CLUSTER | QUARTER_ROUNDING | RESIDUAL_LEVEL | RESIDUAL_REGIME_LEVEL,adjacent_cluster_midpoint | base_cluster | base_plus_+11 | base_plus_+13 | base_plus_+3 | base_plus_+5 | base_plus_+8 | base_plus_-11 | base_plus_-13 | base_plus_-3 | base_plus_-5 | base_plus_-8 | nearest_quarter_variant | prior_level_median_residual | prior_regime_level_median_residual,2026-06-04,2026-06-03,RANGE_NORMAL_60_120,CLOSE_POS_LOWER_THIRD,ROWS_SPARSE_1_8,4434.35,PREV_CLOSE_PROXY,,NEUTRAL
True,False,False,True,15.46375,14.5125,0.0,0.0,240.56,1.0,4499.865,4514.07,14.205,False,False,MICRO_OFFSET | MID_GAP | ORIGINAL_CLUSTER | QUARTER_ROUNDING | RESIDUAL_LEVEL | RESIDUAL_REGIME_LEVEL,adjacent_cluster_midpoint | base_cluster | base_plus_+11 | base_plus_+13 | base_plus_+3 | base_plus_+5 | base_plus_+8 | base_plus_-11 | base_plus_-13 | base_plus_-3 | base_plus_-5 | base_plus_-8 | nearest_quarter_variant | prior_level_median_residual | prior_regime_level_median_residual,4470.62148,4489.65,19.02852,False,False,MICRO_OFFSET | MID_GAP | ORIGINAL_CLUSTER | QUARTER_ROUNDING | RESIDUAL_LEVEL | RESIDUAL_REGIME_LEVEL,adjacent_cluster_midpoint | base_cluster | base_plus_+11 | base_plus_+13 | base_plus_+3 | base_plus_+5 | base_plus_+8 | base_plus_-11 | base_plus_-13 | base_plus_-3 | base_plus_-5 | base_plus_-8 | nearest_quarter_variant | prior_level_median_residual | prior_regime_level_median_residual,4477.4625,4460.74,16.7225,False,False,MICRO_OFFSET | MID_GAP | ORIGINAL_CLUSTER | QUARTER_ROUNDING | RESIDUAL_LEVEL | RESIDUAL_REGIME_LEVEL,adjacent_cluster_midpoint | base_cluster | base_plus_+11 | base_plus_+13 | base_plus_+3 | base_plus_+5 | base_plus_+8 | base_plus_-11 | base_plus_-13 | base_plus_-3 | base_plus_-5 | base_plus_-8 | nearest_quarter_variant | prior_level_median_residual | prior_regime_level_median_residual,4440.52398,4432.43,8.09398,False,False,MICRO_OFFSET | MID_GAP | ORIGINAL_CLUSTER | QUARTER_ROUNDING | RESIDUAL_LEVEL | RESIDUAL_REGIME_LEVEL,adjacent_cluster_midpoint | base_cluster | base_plus_+11 | base_plus_+13 | base_plus_+3 | base_plus_+5 | base_plus_+8 | base_plus_-11 | base_plus_-13 | base_plus_-3 | base_plus_-5 | base_plus_-8 | nearest_quarter_variant | prior_level_median_residual | prior_regime_level_median_residual,2026-06-05,2026-06-04,RANGE_NORMAL_60_120,CLOSE_POS_MIDDLE_THIRD,ROWS_STANDARD_9_10,4475.16,PREV_CLOSE_PROXY,,NEUTRAL
True,True,False,True,6.072486,9.559993,0.0,50.0,280.660057,1.25,4378.379972,4373.8,4.579972,False,True,MICRO_OFFSET | MID_GAP | ORIGINAL_CLUSTER | QUARTER_ROUNDING | RESIDUAL_LEVEL | RESIDUAL_REGIME_LEVEL,adjacent_cluster_midpoint | base_cluster | base_plus_+11 | base_plus_+13 | base_plus_+3 | base_plus_+5 | base_plus_+8 | base_plus_-11 | base_plus_-13 | base_plus_-3 | base_plus_-5 | base_plus_-8 | nearest_quarter_variant | prior_level_median_residual | prior_regime_level_median_residual,4355.435,4347.87,7.565,False,False,MICRO_OFFSET | MID_GAP | ORIGINAL_CLUSTER | QUARTER_ROUNDING | RESIDUAL_LEVEL | RESIDUAL_REGIME_LEVEL,adjacent_cluster_midpoint | base_cluster | base_plus_+11 | base_plus_+13 | base_plus_+3 | base_plus_+5 | base_plus_+8 | base_plus_-11 | base_plus_-13 | base_plus_-3 | base_plus_-5 | base_plus_-8 | nearest_quarter_variant | prior_level_median_residual | prior_regime_level_median_residual,4333.515,4310.51,23.005,False,False,MICRO_OFFSET | MID_GAP | ORIGINAL_CLUSTER | QUARTER_ROUNDING | RESIDUAL_LEVEL | RESIDUAL_REGIME_LEVEL,adjacent_cluster_midpoint | base_cluster | base_plus_+11 | base_plus_+13 | base_plus_+3 | base_plus_+5 | base_plus_+8 | base_plus_-11 | base_plus_-13 | base_plus_-3 | base_plus_-5 | base_plus_-8 | nearest_quarter_variant | prior_level_median_residual | prior_regime_level_median_residual,4284.18,4281.09,3.09,False,True,MICRO_OFFSET | MID_GAP | ORIGINAL_CLUSTER | QUARTER_ROUNDING | RESIDUAL_LEVEL | RESIDUAL_REGIME_LEVEL,adjacent_cluster_midpoint | base_cluster | base_plus_+11 | base_plus_+13 | base_plus_+3 | base_plus_+5 | base_plus_+8 | base_plus_-11 | base_plus_-13 | base_plus_-3 | base_plus_-5 | base_plus_-8 | nearest_quarter_variant | prior_level_median_residual | prior_regime_level_median_residual,2026-06-08,2026-06-05,RANGE_WIDE_120_220,CLOSE_POS_LOWER_THIRD,ROWS_STANDARD_9_10,4328.02,PREV_CLOSE_PROXY,,NEUTRAL
True,True,False,True,16.774375,19.812813,0.0,0.0,172.1375,1.0,4335.895,4370.04,34.145,False,False,MICRO_OFFSET | MID_GAP | ORIGINAL_CLUSTER | QUARTER_ROUNDING | RESIDUAL_LEVEL | RESIDUAL_REGIME_LEVEL,adjacent_cluster_midpoint | base_cluster | base_plus_+11 | base_plus_+13 | base_plus_+3 | base_plus_+5 | base_plus_+8 | base_plus_-11 | base_plus_-13 | base_plus_-3 | base_plus_-5 | base_plus_-8 | nearest_quarter_variant | prior_level_median_residual | prior_regime_level_median_residual,4321.5175,4342.11,20.5925,False,False,MICRO_OFFSET | MID_GAP | ORIGINAL_CLUSTER | QUARTER_ROUNDING | RESIDUAL_LEVEL | RESIDUAL_REGIME_LEVEL,adjacent_cluster_midpoint | base_cluster | base_plus_+11 | base_plus_+13 | base_plus_+3 | base_plus_+5 | base_plus_+8 | base_plus_-11 | base_plus_-13 | base_plus_-3 | base_plus_-5 | base_plus_-8 | nearest_quarter_variant | prior_level_median_residual | prior_regime_level_median_residual,4300.57375,4313.53,12.95625,False,False,MICRO_OFFSET | MID_GAP | ORIGINAL_CLUSTER | QUARTER_ROUNDING | RESIDUAL_LEVEL | RESIDUAL_REGIME_LEVEL,adjacent_cluster_midpoint | base_cluster | base_plus_+11 | base_plus_+13 | base_plus_+3 | base_plus_+5 | base_plus_+8 | base_plus_-11 | base_plus_-13 | base_plus_-3 | base_plus_-5 | base_plus_-8 | nearest_quarter_variant | prior_level_median_residual | prior_regime_level_median_residual,4273.3825,4284.94,11.5575,False,False,MICRO_OFFSET | MID_GAP | ORIGINAL_CLUSTER | QUARTER_ROUNDING | RESIDUAL_LEVEL | RESIDUAL_REGIME_LEVEL,adjacent_cluster_midpoint | base_cluster | base_plus_+11 | base_plus_+13 | base_plus_+3 | base_plus_+5 | base_plus_+8 | base_plus_-11 | base_plus_-13 | base_plus_-3 | base_plus_-5 | base_plus_-8 | nearest_quarter_variant | prior_level_median_residual | prior_regime_level_median_residual,2026-06-09,2026-06-08,RANGE_NORMAL_60_120,CLOSE_POS_UPPER_THIRD,ROWS_SPARSE_1_8,4329.71,PREV_CLOSE_PROXY,,NEUTRAL
True,True,True,True,54.771666,55.311422,0.0,0.0,255.504795,1.0,4297.191106,4253.47,43.721105,False,False,MICRO_OFFSET | MID_GAP | ORIGINAL_CLUSTER | QUARTER_ROUNDING | RESIDUAL_LEVEL | RESIDUAL_REGIME_LEVEL,adjacent_cluster_midpoint | base_cluster | base_plus_+11 | base_plus_+13 | base_plus_+3 | base_plus_+5 | base_plus_+8 | base_plus_-11 | base_plus_-13 | base_plus_-3 | base_plus_-5 | base_plus_-8 | nearest_quarter_variant | prior_level_median_residual | prior_regime_level_median_residual,4272.718333,4222.84,49.878333,False,False,MICRO_OFFSET | MID_GAP | ORIGINAL_CLUSTER | QUARTER_ROUNDING | RESIDUAL_LEVEL | RESIDUAL_REGIME_LEVEL,adjacent_cluster_midpoint | base_cluster | base_plus_+11 | base_plus_+13 | base_plus_+3 | base_plus_+5 | base_plus_+8 | base_plus_-11 | base_plus_-13 | base_plus_-3 | base_plus_-5 | base_plus_-8 | nearest_quarter_variant | prior_level_median_residual | prior_regime_level_median_residual,4246.045,4186.38,59.665,False,False,MICRO_OFFSET | MID_GAP | ORIGINAL_CLUSTER | QUARTER_ROUNDING | RESIDUAL_LEVEL | RESIDUAL_REGIME_LEVEL,adjacent_cluster_midpoint | base_cluster | base_plus_+11 | base_plus_+13 | base_plus_+3 | base_plus_+5 | base_plus_+8 | base_plus_-11 | base_plus_-13 | base_plus_-3 | base_plus_-5 | base_plus_-8 | nearest_quarter_variant | prior_level_median_residual | prior_regime_level_median_residual,4212.00125,4144.02,67.98125,False,False,MICRO_OFFSET | MID_GAP | ORIGINAL_CLUSTER | QUARTER_ROUNDING | RESIDUAL_LEVEL | RESIDUAL_REGIME_LEVEL,adjacent_cluster_midpoint | base_cluster | base_plus_+11 | base_plus_+13 | base_plus_+3 | base_plus_+5 | base_plus_+8 | base_plus_-11 | base_plus_-13 | base_plus_-3 | base_plus_-5 | base_plus_-8 | nearest_quarter_variant | prior_level_median_residual | prior_regime_level_median_residual,2026-06-10,2026-06-09,RANGE_WIDE_120_220,CLOSE_POS_LOWER_THIRD,ROWS_STANDARD_9_10,4259.46,PREV_CLOSE_PROXY,,NEUTRAL
True,True,False,False,44.96846,47.157355,0.0,0.0,228.61884,1.75,4272.92,4194.64,78.28,False,False,MICRO_OFFSET | MID_GAP | ORIGINAL_CLUSTER | QUARTER_ROUNDING | RESIDUAL_LEVEL | RESIDUAL_REGIME_LEVEL,adjacent_cluster_midpoint | base_cluster | base_plus_+11 | base_plus_+13 | base_plus_+3 | base_plus_+5 | base_plus_+8 | base_plus_-11 | base_plus_-13 | base_plus_-3 | base_plus_-5 | base_plus_-8 | nearest_quarter_variant | prior_level_median_residual | prior_regime_level_median_residual,4218.38,4165.1,53.28,False,False,MICRO_OFFSET | MID_GAP | ORIGINAL_CLUSTER | QUARTER_ROUNDING | RESIDUAL_LEVEL | RESIDUAL_REGIME_LEVEL,adjacent_cluster_midpoint | base_cluster | base_plus_+11 | base_plus_+13 | base_plus_+3 | base_plus_+5 | base_plus_+8 | base_plus_-11 | base_plus_-13 | base_plus_-3 | base_plus_-5 | base_plus_-8 | nearest_quarter_variant | prior_level_median_residual | prior_regime_level_median_residual,4167.43692,4130.78,36.65692,False,False,MICRO_OFFSET | MID_GAP | ORIGINAL_CLUSTER | QUARTER_ROUNDING | RESIDUAL_LEVEL | RESIDUAL_REGIME_LEVEL,adjacent_cluster_midpoint | base_cluster | base_plus_+11 | base_plus_+13 | base_plus_+3 | base_plus_+5 | base_plus_+8 | base_plus_-11 | base_plus_-13 | base_plus_-3 | base_plus_-5 | base_plus_-8 | nearest_quarter_variant | prior_level_median_residual | prior_regime_level_median_residual,4076.8375,4097.25,20.4125,False,False,MICRO_OFFSET | MID_GAP | ORIGINAL_CLUSTER | QUARTER_ROUNDING | RESIDUAL_LEVEL | RESIDUAL_REGIME_LEVEL,adjacent_cluster_midpoint | base_cluster | base_plus_+11 | base_plus_+13 | base_plus_+3 | base_plus_+5 | base_plus_+8 | base_plus_-11 | base_plus_-13 | base_plus_-3 | base_plus_-5 | base_plus_-8 | nearest_quarter_variant | prior_level_median_residual | prior_regime_level_median_residual,2026-06-11,2026-06-10,RANGE_WIDE_120_220,CLOSE_POS_LOWER_THIRD,ROWS_EXTENDED_11_PLUS,4071.32,PREV_CLOSE_PROXY,,NEUTRAL
True,False,False,False,6.301094,17.524045,25.0,25.0,236.065143,1.25,4164.430625,4220.33,55.899375,False,False,MICRO_OFFSET | MID_GAP | ORIGINAL_CLUSTER | QUARTER_ROUNDING | RESIDUAL_LEVEL | RESIDUAL_REGIME_LEVEL,adjacent_cluster_midpoint | base_cluster | base_plus_+11 | base_plus_+13 | base_plus_+3 | base_plus_+5 | base_plus_+8 | base_plus_-11 | base_plus_-13 | base_plus_-3 | base_plus_-5 | base_plus_-8 | nearest_quarter_variant | prior_level_median_residual | prior_regime_level_median_residual,4192.285313,4184.94,7.345313,False,False,MICRO_OFFSET | MID_GAP | ORIGINAL_CLUSTER | QUARTER_ROUNDING | RESIDUAL_LEVEL | RESIDUAL_REGIME_LEVEL,adjacent_cluster_midpoint | base_cluster | base_plus_+11 | base_plus_+13 | base_plus_+3 | base_plus_+5 | base_plus_+8 | base_plus_-11 | base_plus_-13 | base_plus_-3 | base_plus_-5 | base_plus_-8 | nearest_quarter_variant | prior_level_median_residual | prior_regime_level_median_residual,4162.894616,4161.3,1.594616,True,True,MICRO_OFFSET | MID_GAP | ORIGINAL_CLUSTER | QUARTER_ROUNDING | RESIDUAL_LEVEL | RESIDUAL_REGIME_LEVEL,adjacent_cluster_midpoint | base_cluster | base_plus_+11 | base_plus_+13 | base_plus_+3 | base_plus_+5 | base_plus_+8 | base_plus_-11 | base_plus_-13 | base_plus_-3 | base_plus_-5 | base_plus_-8 | nearest_quarter_variant | prior_level_median_residual | prior_regime_level_median_residual,4136.146875,4130.89,5.256875,False,False,MICRO_OFFSET | MID_GAP | ORIGINAL_CLUSTER | QUARTER_ROUNDING | RESIDUAL_LEVEL | RESIDUAL_REGIME_LEVEL,adjacent_cluster_midpoint | base_cluster | base_plus_+11 | base_plus_+13 | base_plus_+3 | base_plus_+5 | base_plus_+8 | base_plus_-11 | base_plus_-13 | base_plus_-3 | base_plus_-5 | base_plus_-8 | nearest_quarter_variant | prior_level_median_residual | prior_regime_level_median_residual,2026-06-12,2026-06-11,RANGE_WIDE_120_220,CLOSE_POS_UPPER_THIRD,ROWS_EXTENDED_11_PLUS,4210.77,PREV_CLOSE_PROXY,,NEUTRAL
True,True,True,True,79.536198,73.199609,0.0,0.0,270.149792,1.0,4261.63,4345.41,83.78,False,False,MICRO_OFFSET | MID_GAP | ORIGINAL_CLUSTER | QUARTER_ROUNDING | RESIDUAL_LEVEL | RESIDUAL_REGIME_LEVEL,adjacent_cluster_midpoint | base_cluster | base_plus_+11 | base_plus_+13 | base_plus_+3 | base_plus_+5 | base_plus_+8 | base_plus_-11 | base_plus_-13 | base_plus_-3 | base_plus_-5 | base_plus_-8 | nearest_quarter_variant | prior_level_median_residual | prior_regime_level_median_residual,4237.171354,4313.94,76.768646,False,False,MICRO_OFFSET | MID_GAP | ORIGINAL_CLUSTER | QUARTER_ROUNDING | RESIDUAL_LEVEL | RESIDUAL_REGIME_LEVEL,adjacent_cluster_midpoint | base_cluster | base_plus_+11 | base_plus_+13 | base_plus_+3 | base_plus_+5 | base_plus_+8 | base_plus_-11 | base_plus_-13 | base_plus_-3 | base_plus_-5 | base_plus_-8 | nearest_quarter_variant | prior_level_median_residual | prior_regime_level_median_residual,4198.93625,4281.24,82.30375,False,False,MICRO_OFFSET | MID_GAP | ORIGINAL_CLUSTER | QUARTER_ROUNDING | RESIDUAL_LEVEL | RESIDUAL_REGIME_LEVEL,adjacent_cluster_midpoint | base_cluster | base_plus_+11 | base_plus_+13 | base_plus_+3 | base_plus_+5 | base_plus_+8 | base_plus_-11 | base_plus_-13 | base_plus_-3 | base_plus_-5 | base_plus_-8 | nearest_quarter_variant | prior_level_median_residual | prior_regime_level_median_residual,4198.18396,4248.13,49.94604,False,False,MICRO_OFFSET | MID_GAP | ORIGINAL_CLUSTER | QUARTER_ROUNDING | RESIDUAL_LEVEL | RESIDUAL_REGIME_LEVEL,adjacent_cluster_midpoint | base_cluster | base_plus_+11 | base_plus_+13 | base_plus_+3 | base_plus_+5 | base_plus_+8 | base_plus_-11 | base_plus_-13 | base_plus_-3 | base_plus_-5 | base_plus_-8 | nearest_quarter_variant | prior_level_median_residual | prior_regime_level_median_residual,2026-06-15,2026-06-12,RANGE_NORMAL_60_120,CLOSE_POS_MIDDLE_THIRD,ROWS_EXTENDED_11_PLUS,4218.5,PREV_CLOSE_PROXY,,NEUTRAL
True,True,True,True,10.943772,11.67346,0.0,0.0,223.6175,1.0,4347.31125,4358.15,10.83875,False,False,MICRO_OFFSET | MID_GAP | ORIGINAL_CLUSTER | QUARTER_ROUNDING | RESIDUAL_LEVEL | RESIDUAL_REGIME_LEVEL,adjacent_cluster_midpoint | base_cluster | base_plus_+11 | base_plus_+13 | base_plus_+3 | base_plus_+5 | base_plus_+8 | base_plus_-11 | base_plus_-13 | base_plus_-3 | base_plus_-5 | base_plus_-8 | nearest_quarter_variant | prior_level_median_residual | prior_regime_level_median_residual,4312.43875,4329.57,17.13125,False,False,MICRO_OFFSET | MID_GAP | ORIGINAL_CLUSTER | QUARTER_ROUNDING | RESIDUAL_LEVEL | RESIDUAL_REGIME_LEVEL,adjacent_cluster_midpoint | base_cluster | base_plus_+11 | base_plus_+13 | base_plus_+3 | base_plus_+5 | base_plus_+8 | base_plus_-11 | base_plus_-13 | base_plus_-3 | base_plus_-5 | base_plus_-8 | nearest_quarter_variant | prior_level_median_residual | prior_regime_level_median_residual,4307.895045,4300.22,7.675045,False,False,MICRO_OFFSET | MID_GAP | ORIGINAL_CLUSTER | QUARTER_ROUNDING | RESIDUAL_LEVEL | RESIDUAL_REGIME_LEVEL,adjacent_cluster_midpoint | base_cluster | base_plus_+11 | base_plus_+13 | base_plus_+3 | base_plus_+5 | base_plus_+8 | base_plus_-11 | base_plus_-13 | base_plus_-3 | base_plus_-5 | base_plus_-8 | nearest_quarter_variant | prior_level_median_residual | prior_regime_level_median_residual,4282.958795,4271.91,11.048795,False,False,MICRO_OFFSET | MID_GAP | ORIGINAL_CLUSTER | QUARTER_ROUNDING | RESIDUAL_LEVEL | RESIDUAL_REGIME_LEVEL,adjacent_cluster_midpoint | base_cluster | base_plus_+11 | base_plus_+13 | base_plus_+3 | base_plus_+5 | base_plus_+8 | base_plus_-11 | base_plus_-13 | base_plus_-3 | base_plus_-5 | base_plus_-8 | nearest_quarter_variant | prior_level_median_residual | prior_regime_level_median_residual,2026-06-16,2026-06-15,RANGE_NORMAL_60_120,CLOSE_POS_MIDDLE_THIRD,ROWS_STANDARD_9_10,4309.03,PREV_CLOSE_PROXY,,NEUTRAL
True,True,True,True,13.14125,11.479375,25.0,25.0,288.34,1.0,4369.95,4385.49,15.54,False,False,MICRO_OFFSET | MID_GAP | ORIGINAL_CLUSTER | QUARTER_ROUNDING | RESIDUAL_LEVEL | RESIDUAL_REGIME_LEVEL,adjacent_cluster_midpoint | base_cluster | base_plus_+11 | base_plus_+13 | base_plus_+3 | base_plus_+5 | base_plus_+8 | base_plus_-11 | base_plus_-13 | base_plus_-3 | base_plus_-5 | base_plus_-8 | nearest_quarter_variant | prior_level_median_residual | prior_regime_level_median_residual,4340.1975,4350.94,10.7425,False,False,MICRO_OFFSET | MID_GAP | ORIGINAL_CLUSTER | QUARTER_ROUNDING | RESIDUAL_LEVEL | RESIDUAL_REGIME_LEVEL,adjacent_cluster_midpoint | base_cluster | base_plus_+11 | base_plus_+13 | base_plus_+3 | base_plus_+5 | base_plus_+8 | base_plus_-11 | base_plus_-13 | base_plus_-3 | base_plus_-5 | base_plus_-8 | nearest_quarter_variant | prior_level_median_residual | prior_regime_level_median_residual,4302.945,4322.25,19.305,False,False,MICRO_OFFSET | MID_GAP | ORIGINAL_CLUSTER | QUARTER_ROUNDING | RESIDUAL_LEVEL | RESIDUAL_REGIME_LEVEL,adjacent_cluster_midpoint | base_cluster | base_plus_+11 | base_plus_+13 | base_plus_+3 | base_plus_+5 | base_plus_+8 | base_plus_-11 | base_plus_-13 | base_plus_-3 | base_plus_-5 | base_plus_-8 | nearest_quarter_variant | prior_level_median_residual | prior_regime_level_median_residual,4290.61,4290.28,0.33,True,True,MICRO_OFFSET | MID_GAP | ORIGINAL_CLUSTER | QUARTER_ROUNDING | RESIDUAL_LEVEL | RESIDUAL_REGIME_LEVEL,adjacent_cluster_midpoint | base_cluster | base_plus_+11 | base_plus_+13 | base_plus_+3 | base_plus_+5 | base_plus_+8 | base_plus_-11 | base_plus_-13 | base_plus_-3 | base_plus_-5 | base_plus_-8 | nearest_quarter_variant | prior_level_median_residual | prior_regime_level_median_residual,2026-06-17,2026-06-16,RANGE_COMPRESSED_0_60,CLOSE_POS_MIDDLE_THIRD,ROWS_STANDARD_9_10,4331.14,PREV_CLOSE_PROXY,,NEUTRAL
True,True,False,True,21.03625,23.30082,0.0,0.0,104.055,1.0,4281.47172,4293.9,12.42828,False,False,MICRO_OFFSET | MID_GAP | ORIGINAL_CLUSTER | QUARTER_ROUNDING | RESIDUAL_LEVEL | RESIDUAL_REGIME_LEVEL,adjacent_cluster_midpoint | base_cluster | base_plus_+11 | base_plus_+13 | base_plus_+3 | base_plus_+5 | base_plus_+8 | base_plus_-11 | base_plus_-13 | base_plus_-3 | base_plus_-5 | base_plus_-8 | nearest_quarter_variant | prior_level_median_residual | prior_regime_level_median_residual,4243.185,4262.79,19.605,False,False,MICRO_OFFSET | MID_GAP | ORIGINAL_CLUSTER | QUARTER_ROUNDING | RESIDUAL_LEVEL | RESIDUAL_REGIME_LEVEL,adjacent_cluster_midpoint | base_cluster | base_plus_+11 | base_plus_+13 | base_plus_+3 | base_plus_+5 | base_plus_+8 | base_plus_-11 | base_plus_-13 | base_plus_-3 | base_plus_-5 | base_plus_-8 | nearest_quarter_variant | prior_level_median_residual | prior_regime_level_median_residual,4213.2125,4235.68,22.4675,False,False,MICRO_OFFSET | MID_GAP | ORIGINAL_CLUSTER | QUARTER_ROUNDING | RESIDUAL_LEVEL | RESIDUAL_REGIME_LEVEL,adjacent_cluster_midpoint | base_cluster | base_plus_+11 | base_plus_+13 | base_plus_+3 | base_plus_+5 | base_plus_+8 | base_plus_-11 | base_plus_-13 | base_plus_-3 | base_plus_-5 | base_plus_-8 | nearest_quarter_variant | prior_level_median_residual | prior_regime_level_median_residual,4164.8475,4203.55,38.7025,False,False,MICRO_OFFSET | MID_GAP | ORIGINAL_CLUSTER | QUARTER_ROUNDING | RESIDUAL_LEVEL,adjacent_cluster_midpoint | base_cluster | base_plus_+11 | base_plus_+13 | base_plus_+3 | base_plus_+5 | base_plus_+8 | base_plus_-11 | base_plus_-13 | base_plus_-3 | base_plus_-5 | base_plus_-8 | nearest_quarter_variant | prior_level_median_residual,2026-06-18,2026-06-17,RANGE_WIDE_120_220,CLOSE_POS_LOWER_THIRD,ROWS_SPARSE_1_8,4257.74,PREV_CLOSE_PROXY,,NEUTRAL
True,True,True,True,59.367302,58.689462,0.0,0.0,183.80125,1.0,4280.91738,4332.32,51.40262,False,False,MICRO_OFFSET | MID_GAP | ORIGINAL_CLUSTER | QUARTER_ROUNDING | RESIDUAL_LEVEL | RESIDUAL_REGIME_LEVEL,adjacent_cluster_midpoint | base_cluster | base_plus_+11 | base_plus_+13 | base_plus_+3 | base_plus_+5 | base_plus_+8 | base_plus_-11 | base_plus_-13 | base_plus_-3 | base_plus_-5 | base_plus_-8 | nearest_quarter_variant | prior_level_median_residual | prior_regime_level_median_residual,4247.564146,4301.82,54.255854,False,False,MICRO_OFFSET | MID_GAP | ORIGINAL_CLUSTER | QUARTER_ROUNDING | RESIDUAL_LEVEL | RESIDUAL_REGIME_LEVEL,adjacent_cluster_midpoint | base_cluster | base_plus_+11 | base_plus_+13 | base_plus_+3 | base_plus_+5 | base_plus_+8 | base_plus_-11 | base_plus_-13 | base_plus_-3 | base_plus_-5 | base_plus_-8 | nearest_quarter_variant | prior_level_median_residual | prior_regime_level_median_residual,4206.36125,4270.84,64.47875,False,False,MICRO_OFFSET | MID_GAP | ORIGINAL_CLUSTER | QUARTER_ROUNDING | RESIDUAL_LEVEL | RESIDUAL_REGIME_LEVEL,adjacent_cluster_midpoint | base_cluster | base_plus_+11 | base_plus_+13 | base_plus_+3 | base_plus_+5 | base_plus_+8 | base_plus_-11 | base_plus_-13 | base_plus_-3 | base_plus_-5 | base_plus_-8 | nearest_quarter_variant | prior_level_median_residual | prior_regime_level_median_residual,4176.659375,4241.28,64.620625,False,False,MICRO_OFFSET | MID_GAP | ORIGINAL_CLUSTER | QUARTER_ROUNDING | RESIDUAL_LEVEL | RESIDUAL_REGIME_LEVEL,adjacent_cluster_midpoint | base_cluster | base_plus_+11 | base_plus_+13 | base_plus_+3 | base_plus_+5 | base_plus_+8 | base_plus_-11 | base_plus_-13 | base_plus_-3 | base_plus_-5 | base_plus_-8 | nearest_quarter_variant | prior_level_median_residual | prior_regime_level_median_residual,2026-06-19,2026-06-18,RANGE_WIDE_120_220,CLOSE_POS_LOWER_THIRD,ROWS_STANDARD_9_10,4209.04,PREV_CLOSE_PROXY,,NEUTRAL
True,True,False,True,19.456947,20.204568,0.0,0.0,207.96596,1.0,4197.91625,4216.38,18.46375,False,False,MICRO_OFFSET | MID_GAP | ORIGINAL_CLUSTER | QUARTER_ROUNDING | RESIDUAL_LEVEL | RESIDUAL_REGIME_LEVEL,adjacent_cluster_midpoint | base_cluster | base_plus_+11 | base_plus_+13 | base_plus_+3 | base_plus_+5 | base_plus_+8 | base_plus_-11 | base_plus_-13 | base_plus_-3 | base_plus_-5 | base_plus_-8 | nearest_quarter_variant | prior_level_median_residual | prior_regime_level_median_residual,4168.64452,4178.43,9.78548,False,False,MICRO_OFFSET | MID_GAP | ORIGINAL_CLUSTER | QUARTER_ROUNDING | RESIDUAL_LEVEL | RESIDUAL_REGIME_LEVEL,adjacent_cluster_midpoint | base_cluster | base_plus_+11 | base_plus_+13 | base_plus_+3 | base_plus_+5 | base_plus_+8 | base_plus_-11 | base_plus_-13 | base_plus_-3 | base_plus_-5 | base_plus_-8 | nearest_quarter_variant | prior_level_median_residual | prior_regime_level_median_residual,4161.250145,4140.8,20.450145,False,False,MICRO_OFFSET | MID_GAP | ORIGINAL_CLUSTER | QUARTER_ROUNDING | RESIDUAL_LEVEL | RESIDUAL_REGIME_LEVEL,adjacent_cluster_midpoint | base_cluster | base_plus_+11 | base_plus_+13 | base_plus_+3 | base_plus_+5 | base_plus_+8 | base_plus_-11 | base_plus_-13 | base_plus_-3 | base_plus_-5 | base_plus_-8 | nearest_quarter_variant | prior_level_median_residual | prior_regime_level_median_residual,4138.538895,4106.42,32.118895,False,False,MICRO_OFFSET | MID_GAP | ORIGINAL_CLUSTER | QUARTER_ROUNDING | RESIDUAL_LEVEL | RESIDUAL_REGIME_LEVEL,adjacent_cluster_midpoint | base_cluster | base_plus_+11 | base_plus_+13 | base_plus_+3 | base_plus_+5 | base_plus_+8 | base_plus_-11 | base_plus_-13 | base_plus_-3 | base_plus_-5 | base_plus_-8 | nearest_quarter_variant | prior_level_median_residual | prior_regime_level_median_residual,2026-06-22,2026-06-19,RANGE_NORMAL_60_120,CLOSE_POS_MIDDLE_THIRD,ROWS_STANDARD_9_10,4155.81,PREV_CLOSE_PROXY,,NEUTRAL
True,False,False,True,22.230702,24.617109,0.0,25.0,195.85751,1.25,4207.97875,4212.81,4.83125,False,True,MICRO_OFFSET | MID_GAP | ORIGINAL_CLUSTER | QUARTER_ROUNDING | RESIDUAL_LEVEL | RESIDUAL_REGIME_LEVEL,adjacent_cluster_midpoint | base_cluster | base_plus_+11 | base_plus_+13 | base_plus_+3 | base_plus_+5 | base_plus_+8 | base_plus_-11 | base_plus_-13 | base_plus_-3 | base_plus_-5 | base_plus_-8 | nearest_quarter_variant | prior_level_median_residual | prior_regime_level_median_residual,4179.860155,4174.21,5.650155,False,False,MICRO_OFFSET | MID_GAP | ORIGINAL_CLUSTER | QUARTER_ROUNDING | RESIDUAL_LEVEL | RESIDUAL_REGIME_LEVEL,adjacent_cluster_midpoint | base_cluster | base_plus_+11 | base_plus_+13 | base_plus_+3 | base_plus_+5 | base_plus_+8 | base_plus_-11 | base_plus_-13 | base_plus_-3 | base_plus_-5 | base_plus_-8 | nearest_quarter_variant | prior_level_median_residual | prior_regime_level_median_residual,4186.40578,4137.23,49.17578,False,False,MICRO_OFFSET | MID_GAP | ORIGINAL_CLUSTER | QUARTER_ROUNDING | RESIDUAL_LEVEL | RESIDUAL_REGIME_LEVEL,adjacent_cluster_midpoint | base_cluster | base_plus_+11 | base_plus_+13 | base_plus_+3 | base_plus_+5 | base_plus_+8 | base_plus_-11 | base_plus_-13 | base_plus_-3 | base_plus_-5 | base_plus_-8 | nearest_quarter_variant | prior_level_median_residual | prior_regime_level_median_residual,4063.06875,4101.88,38.81125,False,False,MICRO_OFFSET | MID_GAP | ORIGINAL_CLUSTER | QUARTER_ROUNDING | RESIDUAL_LEVEL | RESIDUAL_REGIME_LEVEL,adjacent_cluster_midpoint | base_cluster | base_plus_+11 | base_plus_+13 | base_plus_+3 | base_plus_+5 | base_plus_+8 | base_plus_-11 | base_plus_-13 | base_plus_-3 | base_plus_-5 | base_plus_-8 | nearest_quarter_variant | prior_level_median_residual | prior_regime_level_median_residual,2026-06-23,2026-06-22,RANGE_NORMAL_60_120,CLOSE_POS_MIDDLE_THIRD,ROWS_STANDARD_9_10,4191.26,PREV_CLOSE_PROXY,,NEUTRAL
True,False,False,False,17.12375,21.793355,0.0,0.0,104.0,2.0,4058.29158,4098.68,40.38842,False,False,MICRO_OFFSET | MID_GAP | ORIGINAL_CLUSTER | QUARTER_ROUNDING | RESIDUAL_LEVEL | RESIDUAL_REGIME_LEVEL,adjacent_cluster_midpoint | base_cluster | base_plus_+11 | base_plus_+13 | base_plus_+3 | base_plus_+5 | base_plus_+8 | base_plus_-11 | base_plus_-13 | base_plus_-3 | base_plus_-5 | base_plus_-8 | nearest_quarter_variant | prior_level_median_residual | prior_regime_level_median_residual,4078.16375,4062.96,15.20375,False,False,MICRO_OFFSET | MID_GAP | ORIGINAL_CLUSTER | QUARTER_ROUNDING | RESIDUAL_LEVEL | RESIDUAL_REGIME_LEVEL,adjacent_cluster_midpoint | base_cluster | base_plus_+11 | base_plus_+13 | base_plus_+3 | base_plus_+5 | base_plus_+8 | base_plus_-11 | base_plus_-13 | base_plus_-3 | base_plus_-5 | base_plus_-8 | nearest_quarter_variant | prior_level_median_residual | prior_regime_level_median_residual,4048.16375,4029.12,19.04375,False,False,MICRO_OFFSET | MID_GAP | ORIGINAL_CLUSTER | QUARTER_ROUNDING | RESIDUAL_LEVEL | RESIDUAL_REGIME_LEVEL,adjacent_cluster_midpoint | base_cluster | base_plus_+11 | base_plus_+13 | base_plus_+3 | base_plus_+5 | base_plus_+8 | base_plus_-11 | base_plus_-13 | base_plus_-3 | base_plus_-5 | base_plus_-8 | nearest_quarter_variant | prior_level_median_residual | prior_regime_level_median_residual,4006.7975,3994.26,12.5375,False,False,MICRO_OFFSET | MID_GAP | ORIGINAL_CLUSTER | QUARTER_ROUNDING | RESIDUAL_LEVEL | RESIDUAL_REGIME_LEVEL,adjacent_cluster_midpoint | base_cluster | base_plus_+11 | base_plus_+13 | base_plus_+3 | base_plus_+5 | base_plus_+8 | base_plus_-11 | base_plus_-13 | base_plus_-3 | base_plus_-5 | base_plus_-8 | nearest_quarter_variant | prior_level_median_residual | prior_regime_level_median_residual,2026-06-25,2026-06-24,RANGE_WIDE_120_220,CLOSE_POS_LOWER_THIRD,ROWS_STANDARD_9_10,3999.01,PREV_CLOSE_PROXY,,NEUTRAL
True,False,True,True,9.246875,13.800937,25.0,50.0,207.67,1.5,4088.15625,4103.3,15.14375,False,False,MICRO_OFFSET | MID_GAP | ORIGINAL_CLUSTER | QUARTER_ROUNDING | RESIDUAL_LEVEL | RESIDUAL_REGIME_LEVEL,adjacent_cluster_midpoint | base_cluster | base_plus_+11 | base_plus_+13 | base_plus_+3 | base_plus_+5 | base_plus_+8 | base_plus_-11 | base_plus_-13 | base_plus_-3 | base_plus_-5 | base_plus_-8 | nearest_quarter_variant | prior_level_median_residual | prior_regime_level_median_residual,4074.26,4070.91,3.35,False,True,MICRO_OFFSET | MID_GAP | ORIGINAL_CLUSTER | QUARTER_ROUNDING | RESIDUAL_LEVEL | RESIDUAL_REGIME_LEVEL,adjacent_cluster_midpoint | base_cluster | base_plus_+11 | base_plus_+13 | base_plus_+3 | base_plus_+5 | base_plus_+8 | base_plus_-11 | base_plus_-13 | base_plus_-3 | base_plus_-5 | base_plus_-8 | nearest_quarter_variant | prior_level_median_residual | prior_regime_level_median_residual,4000.476875,4036.2,35.723125,False,False,MICRO_OFFSET | MID_GAP | ORIGINAL_CLUSTER | QUARTER_ROUNDING | RESIDUAL_LEVEL | RESIDUAL_REGIME_LEVEL,adjacent_cluster_midpoint | base_cluster | base_plus_+11 | base_plus_+13 | base_plus_+3 | base_plus_+5 | base_plus_+8 | base_plus_-11 | base_plus_-13 | base_plus_-3 | base_plus_-5 | base_plus_-8 | nearest_quarter_variant | prior_level_median_residual | prior_regime_level_median_residual,4004.226875,4003.24,0.986875,True,True,MICRO_OFFSET | MID_GAP | ORIGINAL_CLUSTER | QUARTER_ROUNDING | RESIDUAL_LEVEL | RESIDUAL_REGIME_LEVEL,adjacent_cluster_midpoint | base_cluster | base_plus_+11 | base_plus_+13 | base_plus_+3 | base_plus_+5 | base_plus_+8 | base_plus_-11 | base_plus_-13 | base_plus_-3 | base_plus_-5 | base_plus_-8 | nearest_quarter_variant | prior_level_median_residual | prior_regime_level_median_residual,2026-06-26,2026-06-25,RANGE_NORMAL_60_120,CLOSE_POS_UPPER_THIRD,ROWS_STANDARD_9_10,4026.59,PREV_CLOSE_PROXY,,NEUTRAL
True,False,False,False,15.571719,16.950583,0.0,0.0,255.108411,1.25,4074.342102,4097.6,23.257898,False,False,MICRO_OFFSET | MID_GAP | ORIGINAL_CLUSTER | QUARTER_ROUNDING | RESIDUAL_LEVEL | RESIDUAL_REGIME_LEVEL,adjacent_cluster_midpoint | base_cluster | base_plus_+11 | base_plus_+13 | base_plus_+3 | base_plus_+5 | base_plus_+8 | base_plus_-11 | base_plus_-13 | base_plus_-3 | base_plus_-5 | base_plus_-8 | nearest_quarter_variant | prior_level_median_residual | prior_regime_level_median_residual,4053.139005,4066.54,13.400995,False,False,MICRO_OFFSET | MID_GAP | ORIGINAL_CLUSTER | QUARTER_ROUNDING | RESIDUAL_LEVEL | RESIDUAL_REGIME_LEVEL,adjacent_cluster_midpoint | base_cluster | base_plus_+11 | base_plus_+13 | base_plus_+3 | base_plus_+5 | base_plus_+8 | base_plus_-11 | base_plus_-13 | base_plus_-3 | base_plus_-5 | base_plus_-8 | nearest_quarter_variant | prior_level_median_residual | prior_regime_level_median_residual,4054.397813,4039.56,14.837813,False,False,MICRO_OFFSET | MID_GAP | ORIGINAL_CLUSTER | QUARTER_ROUNDING | RESIDUAL_LEVEL | RESIDUAL_REGIME_LEVEL,adjacent_cluster_midpoint | base_cluster | base_plus_+11 | base_plus_+13 | base_plus_+3 | base_plus_+5 | base_plus_+8 | base_plus_-11 | base_plus_-13 | base_plus_-3 | base_plus_-5 | base_plus_-8 | nearest_quarter_variant | prior_level_median_residual | prior_regime_level_median_residual,4020.265625,4003.96,16.305625,False,False,MICRO_OFFSET | MID_GAP | ORIGINAL_CLUSTER | QUARTER_ROUNDING | RESIDUAL_LEVEL | RESIDUAL_REGIME_LEVEL,adjacent_cluster_midpoint | base_cluster | base_plus_+11 | base_plus_+13 | base_plus_+3 | base_plus_+5 | base_plus_+8 | base_plus_-11 | base_plus_-13 | base_plus_-3 | base_plus_-5 | base_plus_-8 | nearest_quarter_variant | prior_level_median_residual | prior_regime_level_median_residual,2026-06-29,2026-06-26,RANGE_NORMAL_60_120,CLOSE_POS_UPPER_THIRD,ROWS_STANDARD_9_10,4088.41,PREV_CLOSE_PROXY,,NEUTRAL
True,True,False,False,16.60448,14.795,0.0,0.0,285.8875,1.25,4053.433958,4071.63,18.196042,False,False,MICRO_OFFSET | MID_GAP | ORIGINAL_CLUSTER | QUARTER_ROUNDING | RESIDUAL_LEVEL | RESIDUAL_REGIME_LEVEL,adjacent_cluster_midpoint | base_cluster | base_plus_+11 | base_plus_+13 | base_plus_+3 | base_plus_+5 | base_plus_+8 | base_plus_-11 | base_plus_-13 | base_plus_-3 | base_plus_-5 | base_plus_-8 | nearest_quarter_variant | prior_level_median_residual | prior_regime_level_median_residual,4031.785,4039.56,7.775,False,False,MICRO_OFFSET | MID_GAP | ORIGINAL_CLUSTER | QUARTER_ROUNDING | RESIDUAL_LEVEL | RESIDUAL_REGIME_LEVEL,adjacent_cluster_midpoint | base_cluster | base_plus_+11 | base_plus_+13 | base_plus_+3 | base_plus_+5 | base_plus_+8 | base_plus_-11 | base_plus_-13 | base_plus_-3 | base_plus_-5 | base_plus_-8 | nearest_quarter_variant | prior_level_median_residual | prior_regime_level_median_residual,4023.243959,4005.44,17.803959,False,False,MICRO_OFFSET | MID_GAP | ORIGINAL_CLUSTER | QUARTER_ROUNDING | RESIDUAL_LEVEL | RESIDUAL_REGIME_LEVEL,adjacent_cluster_midpoint | base_cluster | base_plus_+11 | base_plus_+13 | base_plus_+3 | base_plus_+5 | base_plus_+8 | base_plus_-11 | base_plus_-13 | base_plus_-3 | base_plus_-5 | base_plus_-8 | nearest_quarter_variant | prior_level_median_residual | prior_regime_level_median_residual,3982.655,3967.25,15.405,False,False,MICRO_OFFSET | MID_GAP | ORIGINAL_CLUSTER | QUARTER_ROUNDING | RESIDUAL_LEVEL | RESIDUAL_REGIME_LEVEL,adjacent_cluster_midpoint | base_cluster | base_plus_+11 | base_plus_+13 | base_plus_+3 | base_plus_+5 | base_plus_+8 | base_plus_-11 | base_plus_-13 | base_plus_-3 | base_plus_-5 | base_plus_-8 | nearest_quarter_variant | prior_level_median_residual | prior_regime_level_median_residual,2026-06-30,2026-06-29,RANGE_NORMAL_60_120,CLOSE_POS_LOWER_THIRD,ROWS_STANDARD_9_10,4178.97,AUTO_JSON,ema_proxy_up,UP
