level_date,level_name,published_rank_low_to_high,published_rank_high_to_low,published_level,formula_source,formula_anchor_family,formula_anchor_name,formula_candidate_score,reconstructed_level,signed_reconstruction_error,abs_reconstruction_error,reconstruction_within_3,reconstruction_within_5,nearest_anchor_family,nearest_anchor_name,nearest_anchor_abs_distance
2025-10-01,L10,1,10,3740.83,level_name,red_box_midline,red_mid_4,81.46875,3681.775,59.055,59.055,False,False,red_box_midline,red_mid_3,4.785
2025-10-01,L9,2,9,3762.36,level_name,red_box_quarter,red_box_4_25pct,70.301562,3695.3425,67.0175,67.0175,False,False,red_box_edge,red_edge_2,0.82
2025-10-01,L8,3,8,3784.19,level_name,prior_range_fraction,prev_range_0.25,80.7125,3812.815,-28.625,28.625,False,False,red_box_midline,red_mid_2,6.125
2025-10-01,L7,4,7,3803.98,level_name,red_box_quarter,red_box_2_25pct,94.43125,3803.8825,0.0975,0.0975,True,True,red_box_quarter,red_box_2_25pct,0.0975
2025-10-01,L6,5,6,3820.29,level_name,prior_hlc,previous_pivot_hlc3,92.570834,3841.06,-20.77,20.77,False,False,green_box_midline,green_mid_1,0.025
2025-10-01,L5,6,5,3838.65,level_name,green_box_edge,green_edge_1,94.7375,3847.45,-8.8,8.8,False,False,prior_hlc,previous_pivot_hlc3,2.41
2025-10-01,L4,7,4,3853.16,level_name,green_box_edge,green_edge_1,95.25,3847.45,5.71,5.71,False,False,prior_range_fraction,prev_range_0.75,1.075
2025-10-01,L3,8,3,3869.29,level_name,prior_range_fraction,prev_range_0.875,85.240625,3861.9025,7.3875,7.3875,False,False,prior_hlc,previous_high,2.43
2025-10-01,L2,9,2,3883.9,level_name,prior_range_fraction,prev_range_0.875,91.7625,3861.9025,21.9975,21.9975,False,False,green_box_quarter,green_box_2_75pct,4.2525
2025-10-01,L1,10,1,3901.14,level_name,green_box_quarter,green_box_2_75pct,74.274816,3888.1525,12.9875,12.9875,False,False,green_box_edge,green_edge_2,0.58
2025-10-02,L10,1,10,3762.36,level_name,red_box_midline,red_mid_4,81.46875,3769.2475,-6.8875,6.8875,False,False,red_box_quarter,red_box_4_75pct,2.12125
2025-10-02,L9,2,9,3780.91,level_name,red_box_quarter,red_box_4_25pct,70.301562,3778.25625,2.65375,2.65375,True,True,red_box_quarter,red_box_4_25pct,2.65375
2025-10-02,L8,3,8,3799.0,level_name,prior_range_fraction,prev_range_0.25,80.7125,3863.8175,-64.8175,64.8175,False,False,red_box_quarter,red_box_3_75pct,2.72625
2025-10-02,L7,4,7,3817.0,level_name,red_box_quarter,red_box_2_25pct,94.43125,3850.32625,-33.32625,33.32625,False,False,red_box_quarter,red_box_3_25pct,2.70875
2025-10-02,L6,5,6,3832.79,level_name,prior_hlc,previous_pivot_hlc3,92.570834,3871.403333,-38.613333,38.613333,False,False,red_box_quarter,red_box_2_75pct,0.48125
2025-10-02,L5,6,5,3849.38,level_name,green_box_edge,green_edge_1,94.7375,3889.335,-39.955,39.955,False,False,red_box_quarter,red_box_2_25pct,0.94625
2025-10-02,L4,7,4,3867.44,level_name,green_box_edge,green_edge_1,95.25,3889.335,-21.895,21.895,False,False,prior_range_fraction,prev_range_0.333333,0.116681
2025-10-02,L3,8,3,3883.17,level_name,prior_range_fraction,prev_range_0.875,85.240625,3890.11125,-6.94125,6.94125,False,False,prior_range_fraction,prev_range_0.75,1.6825
2025-10-02,L2,9,2,3899.89,level_name,prior_range_fraction,prev_range_0.875,91.7625,3890.11125,9.77875,9.77875,False,False,green_box_quarter,green_box_2_25pct,1.54625
2025-10-02,L1,10,1,3914.45,level_name,green_box_quarter,green_box_2_75pct,74.274816,3916.36125,-1.91125,1.91125,True,True,green_box_quarter,green_box_2_75pct,1.91125
2025-10-03,L10,1,10,3736.63,level_name,red_box_midline,red_mid_4,81.46875,3708.9775,27.6525,27.6525,False,False,red_box_edge,red_edge_3,0.845
2025-10-03,L9,2,9,3756.16,level_name,red_box_quarter,red_box_4_25pct,70.301562,3722.38125,33.77875,33.77875,False,False,red_box_midline,red_mid_3,6.4325
2025-10-03,L8,3,8,3778.1,level_name,prior_range_fraction,prev_range_0.25,80.7125,3838.7075,-60.6075,60.6075,False,False,red_box_quarter,red_box_3_25pct,2.10375
2025-10-03,L7,4,7,3794.9,level_name,red_box_quarter,red_box_2_25pct,94.43125,3829.61125,-34.71125,34.71125,False,False,red_box_edge,red_edge_2,5.5
2025-10-03,L6,5,6,3813.75,level_name,prior_hlc,previous_pivot_hlc3,92.570834,3857.423333,-43.673333,43.673333,False,False,red_box_midline,red_mid_2,2.4575
2025-10-03,L5,6,5,3833.88,level_name,green_box_edge,green_edge_1,94.7375,3873.015,-39.135,39.135,False,False,green_box_quarter,green_box_1_25pct,1.07625
2025-10-03,L4,7,4,3854.23,level_name,green_box_edge,green_edge_1,95.25,3873.015,-18.785,18.785,False,False,prior_hlc,previous_close,2.01
2025-10-03,L3,8,3,3871.96,level_name,prior_range_fraction,prev_range_0.875,85.240625,3886.97625,-15.01625,15.01625,False,False,green_box_edge,green_edge_1,1.055
2025-10-03,L2,9,2,3889.78,level_name,prior_range_fraction,prev_range_0.875,91.7625,3886.97625,2.80375,2.80375,True,True,prior_range_fraction,prev_range_0.875,2.80375
2025-10-03,L1,10,1,3907.81,level_name,green_box_quarter,green_box_2_75pct,74.274816,3913.22625,-5.41625,5.41625,False,False,green_box_quarter,green_box_2_75pct,5.41625
2025-10-06,L7,1,7,3810.83,level_name,red_box_quarter,red_box_2_25pct,94.43125,3839.41375,-28.58375,28.58375,False,False,red_box_edge,red_edge_2,2.77
2025-10-06,L6,2,6,3830.61,level_name,prior_hlc,previous_pivot_hlc3,92.570834,3872.053333,-41.443333,41.443333,False,False,red_box_midline,red_mid_2,1.6475
2025-10-06,L5,3,5,3851.28,level_name,green_box_edge,green_edge_1,94.7375,3879.865,-28.585,28.585,False,False,prior_range_fraction,prev_range_0.25,0.1825
2025-10-06,L4,4,4,3872.61,level_name,green_box_edge,green_edge_1,95.25,3879.865,-7.255,7.255,False,False,prior_hlc,previous_pivot_hlc3,0.556667
2025-10-06,L3,5,3,3892.39,level_name,prior_range_fraction,prev_range_0.875,85.240625,3884.96875,7.42125,7.42125,False,False,prior_hlc,previous_high,0.72
2025-10-06,L2,6,2,3911.19,level_name,prior_range_fraction,prev_range_0.875,91.7625,3884.96875,26.22125,26.22125,False,False,green_box_quarter,green_box_2_75pct,0.02875
2025-10-06,L1,7,1,3932.0,level_name,green_box_quarter,green_box_2_75pct,74.274816,3911.21875,20.78125,20.78125,False,False,green_box_quarter,green_box_3_25pct,0.12125
2025-10-07,L7,1,8,3710.52,level_name,red_box_quarter,red_box_2_25pct,94.43125,3897.74625,-187.22625,187.22625,False,False,red_box_edge,red_edge_4,28.18
2025-10-07,L8,2,7,3895.71,level_name,prior_range_fraction,prev_range_0.25,80.7125,3905.7875,-10.0775,10.0775,False,False,prior_range_fraction,prev_range_0.125,0.63125
2025-10-07,L6,3,6,3927.93,level_name,prior_hlc,previous_pivot_hlc3,92.570834,3938.47,-10.54,10.54,False,False,green_box_quarter,green_box_1_75pct,0.18375
2025-10-07,L5,4,5,3946.24,level_name,green_box_edge,green_edge_1,94.7375,3942.205,4.035,4.035,False,True,prior_range_fraction,prev_range_0.75,2.3825
2025-10-07,L4,5,4,3964.13,level_name,green_box_edge,green_edge_1,95.25,3942.205,21.925,21.925,False,False,prior_hlc,previous_close,3.13
2025-10-07,L3,6,3,3978.02,level_name,prior_range_fraction,prev_range_0.875,85.240625,3959.33125,18.68875,18.68875,False,False,green_box_midline,green_mid_2,6.8975
2025-10-07,L2,7,2,3992.54,level_name,prior_range_fraction,prev_range_0.875,91.7625,3959.33125,33.20875,33.20875,False,False,green_box_quarter,green_box_2_75pct,6.95875
2025-10-07,L1,8,1,4005.93,level_name,green_box_quarter,green_box_2_75pct,74.274816,3985.58125,20.34875,20.34875,False,False,green_box_edge,green_edge_2,5.89
2025-10-08,L2,1,7,400.59,level_name,prior_range_fraction,prev_range_0.875,91.7625,3984.7775,-3584.1875,3584.1875,False,False,red_box_edge,red_edge_4,3429.95
2025-10-08,L7,2,6,3910.27,level_name,red_box_quarter,red_box_2_25pct,94.43125,3940.8975,-30.6275,30.6275,False,False,red_box_edge,red_edge_2,0.53
2025-10-08,L6,3,5,3929.69,level_name,prior_hlc,previous_pivot_hlc3,92.570834,3972.06,-42.37,42.37,False,False,red_box_midline,red_mid_2,1.175
2025-10-08,L5,4,4,3949.74,level_name,green_box_edge,green_edge_1,94.7375,3980.93,-31.19,31.19,False,False,green_box_quarter,green_box_1_25pct,1.0925
2025-10-08,L4,5,3,3970.41,level_name,green_box_edge,green_edge_1,95.25,3980.93,-10.52,10.52,False,False,green_box_quarter,green_box_1_75pct,0.4875
2025-10-08,L3,6,2,3986.53,level_name,prior_range_fraction,prev_range_0.875,85.240625,3984.7775,1.7525,1.7525,True,True,prior_range_fraction,prev_range_0.875,1.7525
2025-10-08,L1,7,1,4016.4,level_name,green_box_quarter,green_box_2_75pct,74.274816,4011.0275,5.3725,5.3725,False,False,green_box_edge,green_edge_2,4.66
2025-10-09,L8,1,8,3966.3,level_name,prior_range_fraction,prev_range_0.25,80.7125,4002.31,-36.01,36.01,False,False,red_box_quarter,red_box_2_75pct,0.285
2025-10-09,L7,2,7,3985.35,level_name,red_box_quarter,red_box_2_25pct,94.43125,3993.035,-7.685,7.685,False,False,prior_hlc,previous_low,1.99
2025-10-09,L6,3,6,4001.52,level_name,prior_hlc,previous_pivot_hlc3,92.570834,4027.966667,-26.446667,26.446667,False,False,prior_range_fraction,prev_range_0.25,0.79
2025-10-09,L5,4,5,4019.13,level_name,green_box_edge,green_edge_1,94.7375,4036.26,-17.13,17.13,False,False,red_box_quarter,red_box_1_75pct,0.355
2025-10-09,L4,5,4,4038.76,level_name,green_box_edge,green_edge_1,95.25,4036.26,2.5,2.5,True,True,prior_range_fraction,prev_range_0.75,1.45
2025-10-09,L3,6,3,4057.81,level_name,prior_range_fraction,prev_range_0.875,85.240625,4049.685,8.125,8.125,False,False,prior_hlc,previous_high,1.35
2025-10-09,L2,7,2,4074.84,level_name,prior_range_fraction,prev_range_0.875,91.7625,4049.685,25.155,25.155,False,False,green_box_quarter,green_box_2_75pct,1.095
2025-10-09,L1,8,1,4090.89,level_name,green_box_quarter,green_box_2_75pct,74.274816,4075.935,14.955,14.955,False,False,green_box_edge,green_edge_2,1.73
2025-10-10,L10,1,10,3869.71,level_name,red_box_midline,red_mid_4,81.46875,3807.4775,62.2325,62.2325,False,False,red_box_quarter,red_box_3_75pct,8.55125
2025-10-10,L9,2,9,3892.28,level_name,red_box_quarter,red_box_4_25pct,70.301562,3825.37125,66.90875,66.90875,False,False,red_box_quarter,red_box_3_25pct,4.66625
2025-10-10,L8,3,8,3918.25,level_name,prior_range_fraction,prev_range_0.25,80.7125,3973.1275,-54.8775,54.8775,False,False,red_box_edge,red_edge_2,3.41
2025-10-10,L7,4,7,3943.24,level_name,red_box_quarter,red_box_2_25pct,94.43125,3968.52125,-25.28125,25.28125,False,False,prior_hlc,previous_low,1.6
2025-10-10,L6,5,6,3961.97,level_name,prior_hlc,previous_pivot_hlc3,92.570834,3992.93,-30.96,30.96,False,False,green_box_quarter,green_box_1_25pct,0.76375
2025-10-10,L5,6,5,3980.31,level_name,green_box_edge,green_edge_1,94.7375,4016.415,-36.105,36.105,False,False,green_box_midline,green_mid_1,0.3175
2025-10-10,L4,7,4,3999.31,level_name,green_box_edge,green_edge_1,95.25,4016.415,-17.105,17.105,False,False,green_box_quarter,green_box_1_75pct,0.78875
2025-10-10,L3,8,3,4016.17,level_name,prior_range_fraction,prev_range_0.875,85.240625,4043.84625,-27.67625,27.67625,False,False,green_box_edge,green_edge_1,0.245
2025-10-10,L2,9,2,4033.96,level_name,prior_range_fraction,prev_range_0.875,91.7625,4043.84625,-9.88625,9.88625,False,False,green_box_quarter,green_box_2_25pct,0.34875
2025-10-10,L1,10,1,4054.84,level_name,green_box_quarter,green_box_2_75pct,74.274816,4070.09625,-15.25625,15.25625,False,False,green_box_midline,green_mid_2,2.6375
2025-10-13,L10,1,10,3893.93,level_name,red_box_midline,red_mid_4,81.46875,3837.5125,56.4175,56.4175,False,False,red_box_midline,red_mid_3,3.4725
2025-10-13,L9,2,9,3918.25,level_name,red_box_quarter,red_box_4_25pct,70.301562,3850.74875,67.50125,67.50125,False,False,red_box_edge,red_edge_2,1.32
2025-10-13,L8,3,8,3938.34,level_name,prior_range_fraction,prev_range_0.25,80.7125,3965.9025,-27.5625,27.5625,False,False,red_box_midline,red_mid_2,5.0625
2025-10-13,L7,4,7,3956.47,level_name,red_box_quarter,red_box_2_25pct,94.43125,3956.63875,-0.16875,0.16875,True,True,prior_range_fraction,prev_range_0.125,0.05375
2025-10-13,L6,5,6,3974.97,level_name,prior_hlc,previous_pivot_hlc3,92.570834,3994.056667,-19.086667,19.086667,False,False,prior_range_fraction,prev_range_0.382,0.94998
2025-10-13,L5,6,5,3994.06,level_name,green_box_edge,green_edge_1,94.7375,3999.875,-5.815,5.815,False,False,prior_hlc,previous_pivot_hlc3,0.003333
2025-10-13,L4,7,4,4010.88,level_name,green_box_edge,green_edge_1,95.25,3999.875,11.005,11.005,False,False,red_box_quarter,red_box_1_25pct,1.29625
2025-10-13,L3,8,3,4028.3,level_name,prior_range_fraction,prev_range_0.875,85.240625,4013.33375,14.96625,14.96625,False,False,green_box_midline,green_mid_2,1.9525
2025-10-13,L2,9,2,4047.29,level_name,prior_range_fraction,prev_range_0.875,91.7625,4013.33375,33.95625,33.95625,False,False,green_box_edge,green_edge_2,5.53
2025-10-13,L1,10,1,4064.42,level_name,green_box_quarter,green_box_2_75pct,74.274816,4039.58375,24.83625,24.83625,False,False,green_box_quarter,green_box_3_25pct,1.63625
2025-10-14,L8,1,8,4043.2,level_name,prior_range_fraction,prev_range_0.25,80.7125,4026.2175,16.9825,16.9825,False,False,prior_range_fraction,prev_range_0.382,1.00126
2025-10-14,L7,2,7,4061.81,level_name,red_box_quarter,red_box_2_25pct,94.43125,4022.60125,39.20875,39.20875,False,False,red_box_quarter,red_box_1_75pct,1.44125
2025-10-14,L6,3,6,4078.18,level_name,prior_hlc,previous_pivot_hlc3,92.570834,4074.46,3.72,3.72,False,True,red_box_midline,red_mid_1,1.0725
2025-10-14,L5,4,5,4093.64,level_name,green_box_edge,green_edge_1,94.7375,4071.485,22.155,22.155,False,False,green_box_quarter,green_box_2_25pct,3.27125
2025-10-14,L4,5,4,4108.96,level_name,green_box_edge,green_edge_1,95.25,4071.485,37.475,37.475,False,False,green_box_midline,green_mid_2,0.2925
2025-10-14,L3,6,3,4124.18,level_name,prior_range_fraction,prev_range_0.875,85.240625,4101.88625,22.29375,22.29375,False,False,green_box_quarter,green_box_2_75pct,3.95625
2025-10-14,L2,7,2,4137.5,level_name,prior_range_fraction,prev_range_0.875,91.7625,4101.88625,35.61375,35.61375,False,False,green_box_quarter,green_box_2_75pct,9.36375
2025-10-14,L1,8,1,4152.18,level_name,green_box_quarter,green_box_2_75pct,74.274816,4128.13625,24.04375,24.04375,False,False,green_box_edge,green_edge_2,5.16
2025-10-15,L10,1,10,4061.81,level_name,red_box_midline,red_mid_4,81.46875,3970.965,90.845,90.845,False,False,red_box_edge,red_edge_2,1.37
2025-10-15,L9,2,9,4075.93,level_name,red_box_quarter,red_box_4_25pct,70.301562,3985.8775,90.0525,90.0525,False,False,red_box_quarter,red_box_2_75pct,0.5775
2025-10-15,L8,3,8,4090.06,level_name,prior_range_fraction,prev_range_0.25,80.7125,4112.765,-22.705,22.705,False,False,red_box_midline,red_mid_2,0.205
2025-10-15,L7,4,7,4105.05,level_name,red_box_quarter,red_box_2_25pct,94.43125,4105.1775,-0.1275,0.1275,True,True,red_box_quarter,red_box_2_25pct,0.1275
2025-10-15,L6,5,6,4119.47,level_name,prior_hlc,previous_pivot_hlc3,92.570834,4137.44,-17.97,17.97,False,False,red_box_edge,red_edge_1,0.62
2025-10-15,L5,6,5,4135.03,level_name,green_box_edge,green_edge_1,94.7375,4150.09,-15.06,15.06,False,False,red_box_quarter,red_box_1_75pct,0.0275
2025-10-15,L4,7,4,4150.06,level_name,green_box_edge,green_edge_1,95.25,4150.09,-0.03,0.03,True,True,green_box_edge,green_edge_1,0.03
2025-10-15,L3,8,3,4165.0,level_name,prior_range_fraction,prev_range_0.875,85.240625,4168.5775,-3.5775,3.5775,False,True,green_box_quarter,green_box_2_25pct,0.0025
2025-10-15,L2,9,2,4178.01,level_name,prior_range_fraction,prev_range_0.875,91.7625,4168.5775,9.4325,9.4325,False,False,prior_hlc,previous_high,1.73
2025-10-15,L1,10,1,4192.43,level_name,green_box_quarter,green_box_2_75pct,74.274816,4194.8275,-2.3975,2.3975,True,True,green_box_quarter,green_box_2_75pct,2.3975
2025-10-16,L10,1,10,4119.47,level_name,red_box_midline,red_mid_4,81.46875,4030.125,89.345,89.345,False,False,red_box_quarter,red_box_2_75pct,4.7525
2025-10-16,L9,2,9,4134.22,level_name,red_box_quarter,red_box_4_25pct,70.301562,4043.5675,90.6525,90.6525,False,False,red_box_midline,red_mid_2,3.445
2025-10-16,L8,3,8,4148.3,level_name,prior_range_fraction,prev_range_0.25,80.7125,4160.165,-11.865,11.865,False,False,prior_range_fraction,prev_range_0.125,2.1725
2025-10-16,L7,4,7,4162.99,level_name,red_box_quarter,red_box_2_25pct,94.43125,4151.1075,11.8825,11.8825,False,False,red_box_edge,red_edge_1,1.56
2025-10-16,L6,5,6,4177.27,level_name,prior_hlc,previous_pivot_hlc3,92.570834,4189.07,-11.8,11.8,False,False,red_box_quarter,red_box_1_75pct,0.7225
2025-10-16,L5,6,5,4189.9,level_name,green_box_edge,green_edge_1,94.7375,4194.55,-4.65,4.65,False,True,prior_hlc,previous_pivot_hlc3,0.83
2025-10-16,L4,7,4,4201.69,level_name,green_box_edge,green_edge_1,95.25,4194.55,7.14,7.14,False,False,prior_range_fraction,prev_range_0.75,2.755
2025-10-16,L3,8,3,4213.7,level_name,prior_range_fraction,prev_range_0.875,85.240625,4208.6275,5.0725,5.0725,False,False,prior_hlc,previous_high,4.62
2025-10-16,L2,9,2,4226.2,level_name,prior_range_fraction,prev_range_0.875,91.7625,4208.6275,17.5725,17.5725,False,False,green_box_midline,green_mid_2,4.765
2025-10-16,L1,10,1,4240.67,level_name,green_box_quarter,green_box_2_75pct,74.274816,4234.8775,5.7925,5.7925,False,False,green_box_quarter,green_box_2_75pct,5.7925
2025-10-17,L11,1,11,4204.95,level_name,red_box_quarter,red_box_3_75pct,61.475,4109.65875,95.29125,95.29125,False,False,prior_hlc,previous_low,5.04
2025-10-17,L10,2,10,4220.3,level_name,red_box_midline,red_mid_4,81.46875,4049.4075,170.8925,170.8925,False,False,green_box_quarter,green_box_1_25pct,0.30625
2025-10-17,L9,3,9,4236.63,level_name,red_box_quarter,red_box_4_25pct,70.301562,4069.49125,167.13875,167.13875,False,False,green_box_midline,green_mid_1,3.4475
2025-10-17,L8,4,8,4252.4,level_name,prior_range_fraction,prev_range_0.25,80.7125,4232.5775,19.8225,19.8225,False,False,red_box_edge,red_edge_1,2.155
2025-10-17,L7,5,7,4263.05,level_name,red_box_quarter,red_box_2_25pct,94.43125,4230.16125,32.88875,32.88875,False,False,prior_hlc,previous_mid,2.195
2025-10-17,L6,6,6,4275.71,level_name,prior_hlc,previous_pivot_hlc3,92.570834,4285.47,-9.76,9.76,False,False,green_box_edge,green_edge_1,4.535
2025-10-17,L5,7,5,4289.52,level_name,green_box_edge,green_edge_1,94.7375,4280.245,9.275,9.275,False,False,red_box_midline,red_mid_1,0.8925
2025-10-17,L4,8,4,4305.21,level_name,green_box_edge,green_edge_1,95.25,4280.245,24.965,24.965,False,False,green_box_quarter,green_box_2_25pct,4.88125
2025-10-17,L3,9,3,4319.48,level_name,prior_range_fraction,prev_range_0.875,85.240625,4314.24625,5.23375,5.23375,False,False,green_box_midline,green_mid_2,0.9325
2025-10-17,L2,10,2,4334.89,level_name,prior_range_fraction,prev_range_0.875,91.7625,4314.24625,20.64375,20.64375,False,False,prior_hlc,previous_high,4.31
2025-10-17,L1,11,1,4347.11,level_name,green_box_quarter,green_box_2_75pct,74.274816,4340.49625,6.61375,6.61375,False,False,green_box_quarter,green_box_2_75pct,6.61375
2025-10-20,L10,1,10,4095.21,level_name,red_box_midline,red_mid_4,81.46875,3988.8075,106.4025,106.4025,False,False,red_box_midline,red_mid_3,5.2525
2025-10-20,L9,2,9,4123.25,level_name,red_box_quarter,red_box_4_25pct,70.301562,4016.72125,106.52875,106.52875,False,False,red_box_quarter,red_box_3_25pct,5.12625
2025-10-20,L8,3,8,4155.54,level_name,prior_range_fraction,prev_range_0.25,80.7125,4234.6175,-79.0775,79.0775,False,False,red_box_edge,red_edge_2,0.75
2025-10-20,L7,4,7,4188.96,level_name,red_box_quarter,red_box_2_25pct,94.43125,4240.03125,-51.07125,51.07125,False,False,prior_hlc,previous_low,2.67
2025-10-20,L6,5,6,4218.98,level_name,prior_hlc,previous_pivot_hlc3,92.570834,4272.856667,-53.876667,53.876667,False,False,green_box_quarter,green_box_1_25pct,4.77625
2025-10-20,L5,6,5,4249.57,level_name,green_box_edge,green_edge_1,94.7375,4297.945,-48.375,48.375,False,False,prior_range_fraction,prev_range_0.333333,1.156602
2025-10-20,L4,7,4,4286.39,level_name,green_box_edge,green_edge_1,95.25,4297.945,-11.555,11.555,False,False,prior_hlc,previous_mid,3.445
2025-10-20,L3,8,3,4311.03,level_name,prior_range_fraction,prev_range_0.875,85.240625,4355.43625,-44.40625,44.40625,False,False,prior_range_fraction,prev_range_0.666667,4.133398
2025-10-20,L2,9,2,4340.55,level_name,prior_range_fraction,prev_range_0.875,91.7625,4355.43625,-14.88625,14.88625,False,False,prior_range_fraction,prev_range_0.75,9.2775
2025-10-20,L1,10,1,4365.41,level_name,green_box_quarter,green_box_2_75pct,74.274816,4381.68625,-16.27625,16.27625,False,False,prior_range_fraction,prev_range_0.875,9.97375
2025-10-21,L13,1,13,4056.23,rank_low_to_high,red_box_midline,red_mid_2,72.727679,4237.19,-180.96,180.96,False,False,red_box_midline,red_mid_4,11.28
2025-10-21,L12,2,12,4088.92,rank_low_to_high,red_box_quarter,red_box_4_25pct,75.695312,4068.98,19.94,19.94,False,False,red_box_edge,red_edge_3,4.09
2025-10-21,L11,3,11,4119.45,level_name,red_box_quarter,red_box_3_75pct,61.475,4117.04,2.41,2.41,True,True,red_box_quarter,red_box_3_75pct,2.41
2025-10-21,L10,4,10,4150.87,level_name,red_box_midline,red_mid_4,81.46875,4044.95,105.92,105.92,False,False,red_box_midline,red_mid_3,9.8
2025-10-21,L9,5,9,4183.07,level_name,red_box_quarter,red_box_4_25pct,70.301562,4068.98,114.09,114.09,False,False,red_box_edge,red_edge_2,6.06
2025-10-21,L8,6,8,4211.93,level_name,prior_range_fraction,prev_range_0.25,80.7125,4259.69,-47.76,47.76,False,False,red_box_quarter,red_box_2_75pct,1.23
2025-10-21,L7,7,7,4241.47,level_name,red_box_quarter,red_box_2_25pct,94.43125,4261.22,-19.75,19.75,False,False,green_box_quarter,green_box_1_25pct,1.69
2025-10-21,L6,8,6,4275.67,level_name,prior_hlc,previous_pivot_hlc3,92.570834,4318.933333,-43.263333,43.263333,False,False,prior_range_fraction,prev_range_0.333333,2.460054
2025-10-21,L5,9,5,4302.55,level_name,green_box_edge,green_edge_1,94.7375,4315.25,-12.7,12.7,False,False,prior_hlc,previous_mid,2.3
2025-10-21,L4,10,4,4336.24,level_name,green_box_edge,green_edge_1,95.25,4315.25,20.99,20.99,False,False,red_box_midline,red_mid_1,2.93
2025-10-21,L3,11,3,4370.45,level_name,prior_range_fraction,prev_range_0.875,85.240625,4361.09,9.36,9.36,False,False,green_box_midline,green_mid_2,7.14
2025-10-21,L2,12,2,4397.41,level_name,prior_range_fraction,prev_range_0.875,91.7625,4361.09,36.32,36.32,False,False,green_box_quarter,green_box_2_75pct,10.07
2025-10-21,L1,13,1,4429.11,level_name,green_box_quarter,green_box_2_75pct,74.274816,4387.34,41.77,41.77,False,False,green_box_quarter,green_box_3_25pct,6.29
2025-10-22,L12,1,12,3953.61,rank_low_to_high,red_box_midline,red_mid_2,72.727679,4133.1525,-179.5425,179.5425,False,False,red_box_midline,red_mid_3,18.0375
2025-10-22,L11,2,11,3995.56,level_name,red_box_quarter,red_box_3_75pct,61.475,3931.27125,64.28875,64.28875,False,False,red_box_quarter,red_box_3_25pct,16.46375
2025-10-22,L10,3,10,4037.7,level_name,red_box_midline,red_mid_4,81.46875,3810.1425,227.5575,227.5575,False,False,red_box_edge,red_edge_2,14.7
2025-10-22,L9,4,9,4077.24,level_name,red_box_quarter,red_box_4_25pct,70.301562,3850.51875,226.72125,226.72125,False,False,prior_hlc,previous_low,5.16
2025-10-22,L8,5,8,4107.28,level_name,prior_range_fraction,prev_range_0.25,80.7125,4155.6525,-48.3725,48.3725,False,False,prior_range_fraction,prev_range_0.125,11.74625
2025-10-22,L7,6,7,4144.81,level_name,red_box_quarter,red_box_2_25pct,94.43125,4173.52875,-28.71875,28.71875,False,False,prior_range_fraction,prev_range_0.25,10.8425
2025-10-22,L6,7,6,4182.91,level_name,prior_hlc,previous_pivot_hlc3,92.570834,4194.236667,-11.326667,11.326667,False,False,prior_range_fraction,prev_range_0.333333,2.840098
2025-10-22,L5,8,5,4216.07,level_name,green_box_edge,green_edge_1,94.7375,4243.905,-27.835,27.835,False,False,red_box_edge,red_edge_1,2.165
2025-10-22,L4,9,4,4243.57,level_name,green_box_edge,green_edge_1,95.25,4243.905,-0.335,0.335,True,True,green_box_edge,green_edge_1,0.335
2025-10-22,L3,10,3,4270.89,level_name,prior_range_fraction,prev_range_0.875,85.240625,4338.78375,-67.89375,67.89375,False,False,prior_range_fraction,prev_range_0.666667,6.850098
2025-10-22,L2,11,2,4299.19,level_name,prior_range_fraction,prev_range_0.875,91.7625,4338.78375,-39.59375,39.59375,False,False,prior_range_fraction,prev_range_0.75,2.9675
2025-10-22,L1,12,1,4332.27,level_name,green_box_quarter,green_box_2_75pct,74.274816,4365.03375,-32.76375,32.76375,False,False,red_box_quarter,red_box_1_25pct,2.76375
2025-10-23,L10,1,10,3950.64,level_name,red_box_midline,red_mid_4,81.46875,3834.6875,115.9525,115.9525,False,False,red_box_quarter,red_box_3_25pct,0.69125
2025-10-23,L9,2,9,3990.15,level_name,red_box_quarter,red_box_4_25pct,70.301562,3858.01625,132.13375,132.13375,False,False,red_box_quarter,red_box_2_75pct,7.83875
2025-10-23,L8,3,8,4026.86,level_name,prior_range_fraction,prev_range_0.25,80.7125,4043.8175,-16.9575,16.9575,False,False,green_box_quarter,green_box_1_25pct,1.12875
2025-10-23,L7,4,7,4068.85,level_name,red_box_quarter,red_box_2_25pct,94.43125,4044.64625,24.20375,24.20375,False,False,red_box_edge,red_edge_1,0.875
2025-10-23,L6,5,6,4104.93,level_name,prior_hlc,previous_pivot_hlc3,92.570834,4088.11,16.82,16.82,False,False,prior_range_fraction,prev_range_0.618,3.47266
2025-10-23,L5,6,5,4147.32,level_name,green_box_edge,green_edge_1,94.7375,4097.975,49.345,49.345,False,False,green_box_midline,green_mid_2,2.6875
2025-10-23,L4,7,4,4177.89,level_name,green_box_edge,green_edge_1,95.25,4097.975,79.915,79.915,False,False,green_box_quarter,green_box_2_75pct,9.92875
2025-10-23,L3,8,3,4207.88,level_name,prior_range_fraction,prev_range_0.875,85.240625,4141.71125,66.16875,66.16875,False,False,green_box_quarter,green_box_3_25pct,6.73875
2025-10-23,L2,9,2,4240.46,level_name,prior_range_fraction,prev_range_0.875,91.7625,4141.71125,98.74875,98.74875,False,False,green_box_midline,green_mid_3,2.5125
2025-10-23,L1,10,1,4270.89,level_name,green_box_quarter,green_box_2_75pct,74.274816,4167.96125,102.92875,102.92875,False,False,green_box_quarter,green_box_3_75pct,9.61375
2025-10-24,L10,1,10,3951.82,level_name,red_box_midline,red_mid_4,81.46875,3947.1375,4.6825,4.6825,False,True,red_box_midline,red_mid_4,4.6825
2025-10-24,L9,2,9,3986.41,level_name,red_box_quarter,red_box_4_25pct,70.301562,3961.96625,24.44375,24.44375,False,False,red_box_quarter,red_box_3_75pct,5.21375
2025-10-24,L8,3,8,4021.92,level_name,prior_range_fraction,prev_range_0.25,80.7125,4088.2675,-66.3475,66.3475,False,False,red_box_quarter,red_box_3_25pct,0.63875
2025-10-24,L7,4,7,4061.44,level_name,red_box_quarter,red_box_2_25pct,94.43125,4080.59625,-19.15625,19.15625,False,False,red_box_midline,red_mid_2,4.3275
2025-10-24,L6,5,6,4099.72,level_name,prior_hlc,previous_pivot_hlc3,92.570834,4115.61,-15.89,15.89,False,False,prior_range_fraction,prev_range_0.382,0.24666
2025-10-24,L5,6,5,4135.65,level_name,green_box_edge,green_edge_1,94.7375,4125.425,10.225,10.225,False,False,prior_range_fraction,prev_range_0.75,3.0675
2025-10-24,L4,7,4,4171.67,level_name,green_box_edge,green_edge_1,95.25,4125.425,46.245,46.245,False,False,green_box_quarter,green_box_2_75pct,1.75875
2025-10-24,L3,8,3,4203.98,level_name,prior_range_fraction,prev_range_0.875,85.240625,4143.66125,60.31875,60.31875,False,False,green_box_quarter,green_box_3_25pct,4.41125
2025-10-24,L2,9,2,4238.0,level_name,prior_range_fraction,prev_range_0.875,91.7625,4143.66125,94.33875,94.33875,False,False,green_box_edge,green_edge_3,6.055
2025-10-24,L1,10,1,4267.73,level_name,green_box_quarter,green_box_2_75pct,74.274816,4169.91125,97.81875,97.81875,False,False,green_box_midline,green_mid_4,5.9825
2025-10-27,L10,1,10,3943.97,level_name,red_box_midline,red_mid_4,81.46875,3916.9125,27.0575,27.0575,False,False,red_box_edge,red_edge_3,5.455
2025-10-27,L9,2,9,3979.85,level_name,red_box_quarter,red_box_4_25pct,70.301562,3933.16875,46.68125,46.68125,False,False,red_box_midline,red_mid_3,2.0875
2025-10-27,L8,3,8,4016.74,level_name,prior_range_fraction,prev_range_0.25,80.7125,4069.4625,-52.7225,52.7225,False,False,red_box_edge,red_edge_2,2.29
2025-10-27,L7,4,7,4056.5,level_name,red_box_quarter,red_box_2_25pct,94.43125,4063.21875,-6.71875,6.71875,False,False,prior_range_fraction,prev_range_0.125,0.45625
2025-10-27,L6,5,6,4091.91,level_name,prior_hlc,previous_pivot_hlc3,92.570834,4100.403333,-8.493333,8.493333,False,False,green_box_quarter,green_box_1_75pct,1.30875
2025-10-27,L5,6,5,4129.36,level_name,green_box_edge,green_edge_1,94.7375,4109.475,19.885,19.885,False,False,red_box_quarter,red_box_1_25pct,1.11625
2025-10-27,L4,7,4,4166.24,level_name,green_box_edge,green_edge_1,95.25,4109.475,56.765,56.765,False,False,green_box_quarter,green_box_2_75pct,7.99625
2025-10-27,L3,8,3,4201.4,level_name,prior_range_fraction,prev_range_0.875,85.240625,4131.99375,69.40625,69.40625,False,False,green_box_midline,green_mid_3,5.6125
2025-10-27,L2,9,2,4233.42,level_name,prior_range_fraction,prev_range_0.875,91.7625,4131.99375,101.42625,101.42625,False,False,green_box_edge,green_edge_3,6.105
2025-10-27,L1,10,1,4264.3,level_name,green_box_quarter,green_box_2_75pct,74.274816,4158.24375,106.05625,106.05625,False,False,green_box_midline,green_mid_4,7.7375
2025-10-28,L13,1,13,3803.59,rank_low_to_high,red_box_midline,red_mid_2,72.727679,3983.48,-179.89,179.89,False,False,red_box_quarter,red_box_4_75pct,8.705
2025-10-28,L12,2,12,3840.56,rank_low_to_high,red_box_quarter,red_box_4_25pct,75.695312,3836.795,3.765,3.765,False,True,red_box_quarter,red_box_4_25pct,3.765
2025-10-28,L11,3,11,3880.23,level_name,red_box_quarter,red_box_3_75pct,61.475,3878.705,1.525,1.525,True,True,red_box_quarter,red_box_3_75pct,1.525
2025-10-28,L10,4,10,3922.61,level_name,red_box_midline,red_mid_4,81.46875,3815.84,106.77,106.77,False,False,red_box_quarter,red_box_3_25pct,1.995
2025-10-28,L9,5,9,3948.47,level_name,red_box_quarter,red_box_4_25pct,70.301562,3836.795,111.675,111.675,False,False,red_box_edge,red_edge_2,6.9
2025-10-28,L8,6,8,3986.58,level_name,prior_range_fraction,prev_range_0.25,80.7125,4005.98,-19.4,19.4,False,False,prior_range_fraction,prev_range_0.125,2.195
2025-10-28,L7,7,7,4025.25,level_name,red_box_quarter,red_box_2_25pct,94.43125,4004.435,20.815,20.815,False,False,red_box_edge,red_edge_1,0.14
2025-10-28,L6,8,6,4059.5,level_name,prior_hlc,previous_pivot_hlc3,92.570834,4020.616667,38.883333,38.883333,False,False,prior_range_fraction,prev_range_0.618,2.86848
2025-10-28,L5,9,5,4092.09,level_name,green_box_edge,green_edge_1,94.7375,4055.39,36.7,36.7,False,False,prior_range_fraction,prev_range_0.875,0.085
2025-10-28,L4,10,4,4133.51,level_name,green_box_edge,green_edge_1,95.25,4055.39,78.12,78.12,False,False,green_box_edge,green_edge_2,5.7
2025-10-28,L3,11,3,4169.97,level_name,prior_range_fraction,prev_range_0.875,85.240625,4092.005,77.965,77.965,False,False,green_box_quarter,green_box_3_25pct,9.805
2025-10-28,L2,12,2,4203.67,level_name,prior_range_fraction,prev_range_0.875,91.7625,4092.005,111.665,111.665,False,False,green_box_quarter,green_box_3_75pct,1.595
2025-10-28,L1,13,1,4236.81,level_name,green_box_quarter,green_box_2_75pct,74.274816,4118.255,118.555,118.555,False,False,green_box_quarter,green_box_4_25pct,7.175
2025-10-29,L10,1,10,3862.83,level_name,red_box_midline,red_mid_4,81.46875,3734.295,128.535,128.535,False,False,red_box_edge,red_edge_2,6.21
2025-10-29,L9,2,9,3894.41,level_name,red_box_quarter,red_box_4_25pct,70.301562,3754.6825,139.7275,139.7275,False,False,red_box_midline,red_mid_2,2.985
2025-10-29,L8,3,8,3927.38,level_name,prior_range_fraction,prev_range_0.25,80.7125,3919.895,7.485,7.485,False,False,green_box_midline,green_mid_1,0.015
2025-10-29,L7,4,7,3960.38,level_name,red_box_quarter,red_box_2_25pct,94.43125,3917.7825,42.5975,42.5975,False,False,red_box_quarter,red_box_1_75pct,1.8225
2025-10-29,L6,5,6,3988.68,level_name,prior_hlc,previous_pivot_hlc3,92.570834,3953.0,35.68,35.68,False,False,green_box_quarter,green_box_2_25pct,0.1225
2025-10-29,L5,6,5,4020.72,level_name,green_box_edge,green_edge_1,94.7375,3968.17,52.55,52.55,False,False,prior_hlc,previous_high,1.0
2025-10-29,L4,7,4,4053.69,level_name,green_box_edge,green_edge_1,95.25,3968.17,85.52,85.52,False,False,green_box_edge,green_edge_2,3.97
2025-10-29,L3,8,3,4086.66,level_name,prior_range_fraction,prev_range_0.875,85.240625,4003.0825,83.5775,83.5775,False,False,green_box_midline,green_mid_3,3.835
2025-10-29,L2,9,2,4114.99,level_name,prior_range_fraction,prev_range_0.875,91.7625,4003.0825,111.9075,111.9075,False,False,green_box_quarter,green_box_3_75pct,4.1075
2025-10-29,L1,10,1,4151.21,level_name,green_box_quarter,green_box_2_75pct,74.274816,4029.3325,121.8775,121.8775,False,False,green_box_quarter,green_box_4_25pct,0.4475
2025-10-30,L13,1,13,3806.11,rank_low_to_high,red_box_midline,red_mid_2,72.727679,3920.6725,-114.5625,114.5625,False,False,red_box_edge,red_edge_3,5.085
2025-10-30,L12,2,12,3835.68,rank_low_to_high,red_box_quarter,red_box_4_25pct,75.695312,3792.94875,42.73125,42.73125,False,False,red_box_quarter,red_box_3_75pct,6.23875
2025-10-30,L11,3,11,3868.44,level_name,red_box_quarter,red_box_3_75pct,61.475,3829.44125,38.99875,38.99875,False,False,red_box_quarter,red_box_3_25pct,2.50625
2025-10-30,L10,4,10,3898.53,level_name,red_box_midline,red_mid_4,81.46875,3774.7025,123.8275,123.8275,False,False,red_box_quarter,red_box_2_75pct,3.89625
2025-10-30,L9,5,9,3931.35,level_name,red_box_quarter,red_box_4_25pct,70.301562,3792.94875,138.40125,138.40125,False,False,green_box_quarter,green_box_1_25pct,1.07625
2025-10-30,L8,6,8,3963.72,level_name,prior_range_fraction,prev_range_0.25,80.7125,3943.1725,20.5475,20.5475,False,False,green_box_quarter,green_box_1_75pct,5.19875
2025-10-30,L7,7,7,3991.27,level_name,red_box_quarter,red_box_2_25pct,94.43125,3938.91875,52.35125,52.35125,False,False,prior_range_fraction,prev_range_0.666667,0.223372
2025-10-30,L6,8,6,4023.85,level_name,prior_hlc,previous_pivot_hlc3,92.570834,3958.15,65.7,65.7,False,False,green_box_midline,green_mid_2,0.1925
2025-10-30,L5,9,5,4056.8,level_name,green_box_edge,green_edge_1,94.7375,3987.165,69.635,69.635,False,False,green_box_edge,green_edge_2,3.35
2025-10-30,L4,10,4,4090.3,level_name,green_box_edge,green_edge_1,95.25,3987.165,103.135,103.135,False,False,green_box_midline,green_mid_3,6.3425
2025-10-30,L3,11,3,4127.53,level_name,prior_range_fraction,prev_range_0.875,85.240625,4015.65375,111.87625,111.87625,False,False,green_box_edge,green_edge_3,5.605
2025-10-30,L2,12,2,4155.78,level_name,prior_range_fraction,prev_range_0.875,91.7625,4015.65375,140.12625,140.12625,False,False,green_box_quarter,green_box_4_25pct,4.39875
2025-10-30,L1,13,1,4182.25,level_name,green_box_quarter,green_box_2_75pct,74.274816,4041.90375,140.34625,140.34625,False,False,green_box_quarter,green_box_4_75pct,5.62375
2025-10-31,L10,1,10,3866.57,level_name,red_box_midline,red_mid_4,81.46875,3779.1225,87.4475,87.4475,False,False,red_box_quarter,red_box_3_25pct,1.15875
2025-10-31,L9,2,9,3895.84,level_name,red_box_quarter,red_box_4_25pct,70.301562,3796.84375,98.99625,98.99625,False,False,red_box_quarter,red_box_2_75pct,7.33125
2025-10-31,L8,3,8,3928.48,level_name,prior_range_fraction,prev_range_0.25,80.7125,3943.3925,-14.9125,14.9125,False,False,prior_range_fraction,prev_range_0.125,0.94125
2025-10-31,L7,4,7,3959.89,level_name,red_box_quarter,red_box_2_25pct,94.43125,3938.61375,21.27625,21.27625,False,False,prior_range_fraction,prev_range_0.382,1.74386
2025-10-31,L6,5,6,3988.15,level_name,prior_hlc,previous_pivot_hlc3,92.570834,3988.983333,-0.833333,0.833333,True,True,prior_hlc,previous_pivot_hlc3,0.833333
2025-10-31,L5,6,5,4020.43,level_name,green_box_edge,green_edge_1,94.7375,3986.335,34.095,34.095,False,False,green_box_midline,green_mid_2,1.3475
2025-10-31,L4,7,4,4053.95,level_name,green_box_edge,green_edge_1,95.25,3986.335,67.615,67.615,False,False,green_box_edge,green_edge_2,3.27
2025-10-31,L3,8,3,4086.07,level_name,prior_range_fraction,prev_range_0.875,85.240625,4013.24875,72.82125,72.82125,False,False,green_box_midline,green_mid_3,6.5925
2025-10-31,L2,9,2,4122.76,level_name,prior_range_fraction,prev_range_0.875,91.7625,4013.24875,109.51125,109.51125,False,False,green_box_edge,green_edge_3,5.345
2025-10-31,L1,10,1,4152.19,level_name,green_box_quarter,green_box_2_75pct,74.274816,4039.49875,112.69125,112.69125,False,False,green_box_quarter,green_box_4_25pct,6.36375
2025-11-03,L11,1,11,3837.35,level_name,red_box_quarter,red_box_3_75pct,61.475,3903.22375,-65.87375,65.87375,False,False,red_box_edge,red_edge_4,0.88
2025-11-03,L10,2,10,3866.57,level_name,red_box_midline,red_mid_4,81.46875,3864.2275,2.3425,2.3425,True,True,red_box_midline,red_mid_4,2.3425
2025-11-03,L9,3,9,3893.67,level_name,red_box_quarter,red_box_4_25pct,70.301562,3877.22625,16.44375,16.44375,False,False,red_box_edge,red_edge_3,3.445
2025-11-03,L8,4,8,3922.86,level_name,prior_range_fraction,prev_range_0.25,80.7125,3990.7175,-67.8575,67.8575,False,False,red_box_quarter,red_box_3_25pct,6.36125
2025-11-03,L7,5,7,3953.24,level_name,red_box_quarter,red_box_2_25pct,94.43125,3981.21625,-27.97625,27.97625,False,False,red_box_quarter,red_box_2_75pct,1.97875
2025-11-03,L6,6,6,3985.4,level_name,prior_hlc,previous_pivot_hlc3,92.570834,4006.873333,-21.473333,21.473333,False,False,green_box_quarter,green_box_1_25pct,0.18125
2025-11-03,L5,7,5,4013.99,level_name,green_box_edge,green_edge_1,94.7375,4024.215,-10.225,10.225,False,False,green_box_quarter,green_box_1_75pct,2.77375
2025-11-03,L4,8,4,4042.58,level_name,green_box_edge,green_edge_1,95.25,4024.215,18.365,18.365,False,False,prior_hlc,previous_high,3.63
2025-11-03,L3,9,3,4069.98,level_name,prior_range_fraction,prev_range_0.875,85.240625,4036.96125,33.01875,33.01875,False,False,green_box_edge,green_edge_2,6.23
2025-11-03,L2,10,2,4097.98,level_name,prior_range_fraction,prev_range_0.875,91.7625,4036.96125,61.01875,61.01875,False,False,green_box_midline,green_mid_3,4.2275
2025-11-03,L1,11,1,4127.76,level_name,green_box_quarter,green_box_2_75pct,74.274816,4063.21125,64.54875,64.54875,False,False,green_box_edge,green_edge_3,0.445
2025-11-04,L10,1,10,3866.57,level_name,red_box_midline,red_mid_4,81.46875,3858.4725,8.0975,8.0975,False,False,red_box_quarter,red_box_4_25pct,4.19875
2025-11-04,L9,2,9,3896.95,level_name,red_box_quarter,red_box_4_25pct,70.301562,3870.76875,26.18125,26.18125,False,False,red_box_quarter,red_box_3_75pct,1.58875
2025-11-04,L8,3,8,3921.79,level_name,prior_range_fraction,prev_range_0.25,80.7125,3979.3425,-57.5525,57.5525,False,False,red_box_quarter,red_box_3_25pct,1.83625
2025-11-04,L7,4,7,3947.62,level_name,red_box_quarter,red_box_2_25pct,94.43125,3969.13875,-21.51875,21.51875,False,False,red_box_quarter,red_box_2_75pct,3.07375
2025-11-04,L6,5,6,3978.19,level_name,prior_hlc,previous_pivot_hlc3,92.570834,3998.043333,-19.853333,19.853333,False,False,prior_range_fraction,prev_range_0.25,1.1525
2025-11-04,L5,6,5,4011.32,level_name,green_box_edge,green_edge_1,94.7375,4011.435,-0.115,0.115,True,True,green_box_edge,green_edge_1,0.115
2025-11-04,L4,7,4,4037.15,level_name,green_box_edge,green_edge_1,95.25,4011.435,25.715,25.715,False,False,green_box_midline,green_mid_2,1.1225
2025-11-04,L3,8,3,4065.22,level_name,prior_range_fraction,prev_range_0.875,85.240625,4022.07375,43.14625,43.14625,False,False,green_box_edge,green_edge_2,4.6
2025-11-04,L2,9,2,4093.21,level_name,prior_range_fraction,prev_range_0.875,91.7625,4022.07375,71.13625,71.13625,False,False,green_box_quarter,green_box_3_75pct,4.29875
2025-11-04,L1,10,1,4121.8,level_name,green_box_quarter,green_box_2_75pct,74.274816,4048.32375,73.47625,73.47625,False,False,green_box_quarter,green_box_4_25pct,0.30125
2025-11-05,L8,1,8,3861.69,level_name,prior_range_fraction,prev_range_0.25,80.7125,3948.0775,-86.3875,86.3875,False,False,red_box_quarter,red_box_3_75pct,2.98125
2025-11-05,L7,2,7,3888.49,level_name,red_box_quarter,red_box_2_25pct,94.43125,3938.95125,-50.46125,50.46125,False,False,red_box_quarter,red_box_3_25pct,3.03375
2025-11-05,L6,3,6,3916.74,level_name,prior_hlc,previous_pivot_hlc3,92.570834,3955.516667,-38.776667,38.776667,False,False,red_box_quarter,red_box_2_75pct,4.53625
2025-11-05,L5,4,5,3944.85,level_name,green_box_edge,green_edge_1,94.7375,3982.325,-37.475,37.475,False,False,green_box_quarter,green_box_1_25pct,2.64625
2025-11-05,L4,5,4,3973.68,level_name,green_box_edge,green_edge_1,95.25,3982.325,-8.645,8.645,False,False,prior_range_fraction,prev_range_0.618,2.72982
2025-11-05,L3,6,3,4004.12,level_name,prior_range_fraction,prev_range_0.875,85.240625,3996.19625,7.92375,7.92375,False,False,prior_hlc,previous_high,1.7
2025-11-05,L2,7,2,4032.63,level_name,prior_range_fraction,prev_range_0.875,91.7625,3996.19625,36.43375,36.43375,False,False,green_box_edge,green_edge_2,3.19
2025-11-05,L1,8,1,4059.19,level_name,green_box_quarter,green_box_2_75pct,74.274816,4022.44625,36.74375,36.74375,False,False,green_box_midline,green_mid_3,3.3775
2025-11-06,L10,1,10,3863.9,level_name,red_box_midline,red_mid_4,81.46875,3830.735,33.165,33.165,False,False,red_box_quarter,red_box_3_75pct,1.0725
2025-11-06,L9,2,9,3893.08,level_name,red_box_quarter,red_box_4_25pct,70.301562,3842.1475,50.9325,50.9325,False,False,red_box_quarter,red_box_3_25pct,5.2825
2025-11-06,L8,3,8,3919.88,level_name,prior_range_fraction,prev_range_0.25,80.7125,3944.535,-24.655,24.655,False,False,red_box_midline,red_mid_2,2.155
2025-11-06,L7,4,7,3946.09,level_name,red_box_quarter,red_box_2_25pct,94.43125,3933.4475,12.6425,12.6425,False,False,red_box_edge,red_edge_1,1.23
2025-11-06,L6,5,6,3971.33,level_name,prior_hlc,previous_pivot_hlc3,92.570834,3966.253333,5.076667,5.076667,False,False,prior_range_fraction,prev_range_0.666667,1.253313
2025-11-06,L5,6,5,3999.38,level_name,green_box_edge,green_edge_1,94.7375,3974.86,24.52,24.52,False,False,green_box_midline,green_mid_2,1.695
2025-11-06,L4,7,4,4026.17,level_name,green_box_edge,green_edge_1,95.25,3974.86,51.31,51.31,False,False,green_box_edge,green_edge_2,5.66
2025-11-06,L3,8,3,4052.11,level_name,prior_range_fraction,prev_range_0.875,85.240625,3982.8475,69.2625,69.2625,False,False,green_box_quarter,green_box_3_75pct,2.6375
2025-11-06,L2,9,2,4075.94,level_name,prior_range_fraction,prev_range_0.875,91.7625,3982.8475,93.0925,93.0925,False,False,green_box_quarter,green_box_4_25pct,1.6325
2025-11-06,L1,10,1,4103.34,level_name,green_box_quarter,green_box_2_75pct,74.274816,4009.0975,94.2425,94.2425,False,False,green_box_quarter,green_box_4_75pct,2.9425
2025-11-07,L8,1,8,3890.11,level_name,prior_range_fraction,prev_range_0.25,80.7125,3978.3225,-88.2125,88.2125,False,False,red_box_edge,red_edge_3,1.925
2025-11-07,L7,2,7,3916.67,level_name,red_box_quarter,red_box_2_25pct,94.43125,3966.45375,-49.78375,49.78375,False,False,red_box_midline,red_mid_3,3.3725
2025-11-07,L6,3,6,3939.99,level_name,prior_hlc,previous_pivot_hlc3,92.570834,3987.033333,-47.043333,47.043333,False,False,red_box_quarter,red_box_2_75pct,5.20125
2025-11-07,L5,4,5,3965.9,level_name,green_box_edge,green_edge_1,94.7375,4007.085,-41.185,41.185,False,False,red_box_quarter,red_box_2_25pct,0.55375
2025-11-07,L4,5,4,3994.41,level_name,green_box_edge,green_edge_1,95.25,4007.085,-12.675,12.675,False,False,green_box_quarter,green_box_1_75pct,2.04375
2025-11-07,L3,6,3,4023.24,level_name,prior_range_fraction,prev_range_0.875,85.240625,4012.72875,10.51125,10.51125,False,False,prior_hlc,previous_high,3.63
2025-11-07,L2,7,2,4047.2,level_name,prior_range_fraction,prev_range_0.875,91.7625,4012.72875,34.47125,34.47125,False,False,green_box_edge,green_edge_2,2.41
2025-11-07,L1,8,1,4071.5,level_name,green_box_quarter,green_box_2_75pct,74.274816,4038.97875,32.52125,32.52125,False,False,green_box_midline,green_mid_3,0.6275
2025-11-10,L9,1,9,3896.35,level_name,red_box_quarter,red_box_4_25pct,70.301562,3892.68375,3.66625,3.66625,False,True,red_box_quarter,red_box_4_25pct,3.66625
2025-11-10,L8,2,8,3919.53,level_name,prior_range_fraction,prev_range_0.25,80.7125,3987.7825,-68.2525,68.2525,False,False,red_box_midline,red_mid_3,4.2675
2025-11-10,L7,3,7,3943.22,level_name,red_box_quarter,red_box_2_25pct,94.43125,3975.65375,-32.43375,32.43375,False,False,red_box_edge,red_edge_2,1.32
2025-11-10,L6,4,6,3968.14,level_name,prior_hlc,previous_pivot_hlc3,92.570834,4000.963333,-32.823333,32.823333,False,False,red_box_midline,red_mid_2,2.8575
2025-11-10,L5,5,5,3992.42,level_name,green_box_edge,green_edge_1,94.7375,4016.025,-23.605,23.605,False,False,prior_range_fraction,prev_range_0.333333,0.223351
2025-11-10,L4,6,4,4017.8,level_name,green_box_edge,green_edge_1,95.25,4016.025,1.775,1.775,True,True,red_box_quarter,red_box_1_25pct,0.66125
2025-11-10,L3,7,3,4045.7,level_name,prior_range_fraction,prev_range_0.875,85.240625,4020.88875,24.81125,24.81125,False,False,green_box_quarter,green_box_2_75pct,1.43875
2025-11-10,L2,8,2,4073.44,level_name,prior_range_fraction,prev_range_0.875,91.7625,4020.88875,52.55125,52.55125,False,False,green_box_midline,green_mid_3,4.8125
2025-11-10,L1,9,1,4103.24,level_name,green_box_quarter,green_box_2_75pct,74.274816,4047.13875,56.10125,56.10125,False,False,green_box_edge,green_edge_3,4.245
2025-11-11,L10,1,10,3982.4,level_name,red_box_midline,red_mid_4,81.46875,3856.385,126.015,126.015,False,False,red_box_quarter,red_box_2_75pct,4.0275
2025-11-11,L9,2,9,4012.08,level_name,red_box_quarter,red_box_4_25pct,70.301562,3874.9625,137.1175,137.1175,False,False,prior_range_fraction,prev_range_0.125,0.5975
2025-11-11,L8,3,8,4037.22,level_name,prior_range_fraction,prev_range_0.25,80.7125,4027.505,9.715,9.715,False,False,prior_range_fraction,prev_range_0.333333,0.16996
2025-11-11,L7,4,7,4067.01,level_name,red_box_quarter,red_box_2_25pct,94.43125,4023.5825,43.4275,43.4275,False,False,prior_range_fraction,prev_range_0.618,4.14716
2025-11-11,L6,5,6,4099.17,level_name,prior_hlc,previous_pivot_hlc3,92.570834,4076.7,22.47,22.47,False,False,red_box_quarter,red_box_1_25pct,1.2775
2025-11-11,L5,6,5,4131.74,level_name,green_box_edge,green_edge_1,94.7375,4072.16,59.58,59.58,False,False,green_box_quarter,green_box_2_75pct,3.8475
2025-11-11,L4,7,4,4158.14,level_name,green_box_edge,green_edge_1,95.25,4072.16,85.98,85.98,False,False,green_box_quarter,green_box_3_25pct,6.9075
2025-11-11,L3,8,3,4185.54,level_name,prior_range_fraction,prev_range_0.875,85.240625,4101.6425,83.8975,83.8975,False,False,green_box_midline,green_mid_3,1.915
2025-11-11,L2,9,2,4210.56,level_name,prior_range_fraction,prev_range_0.875,91.7625,4101.6425,108.9175,108.9175,False,False,green_box_quarter,green_box_3_75pct,8.3575
2025-11-11,L1,10,1,4238.55,level_name,green_box_quarter,green_box_2_75pct,74.274816,4127.8925,110.6575,110.6575,False,False,green_box_quarter,green_box_4_25pct,0.8075
2025-11-12,L8,1,8,4005.8,level_name,prior_range_fraction,prev_range_0.25,80.7125,4110.1025,-104.3025,104.3025,False,False,red_box_midline,red_mid_4,0.0875
2025-11-12,L7,2,7,4034.75,level_name,red_box_quarter,red_box_2_25pct,94.43125,4097.83875,-63.08875,63.08875,False,False,red_box_quarter,red_box_3_75pct,1.67125
2025-11-12,L6,3,6,4064.25,level_name,prior_hlc,previous_pivot_hlc3,92.570834,4124.25,-60.0,60.0,False,False,red_box_edge,red_edge_2,2.88
2025-11-12,L5,4,5,4097.81,level_name,green_box_edge,green_edge_1,94.7375,4138.075,-40.265,40.265,False,False,red_box_quarter,red_box_2_25pct,0.02875
2025-11-12,L4,5,4,4129.0,level_name,green_box_edge,green_edge_1,95.25,4138.075,-9.075,9.075,False,False,prior_range_fraction,prev_range_0.618,0.19802
2025-11-12,L3,6,3,4153.97,level_name,prior_range_fraction,prev_range_0.875,85.240625,4142.53375,11.43625,11.43625,False,False,green_box_midline,green_mid_2,4.5775
2025-11-12,L2,7,2,4181.37,level_name,prior_range_fraction,prev_range_0.875,91.7625,4142.53375,38.83625,38.83625,False,False,green_box_edge,green_edge_2,2.35
2025-11-12,L1,8,1,4210.56,level_name,green_box_quarter,green_box_2_75pct,74.274816,4168.78375,41.77625,41.77625,False,False,green_box_quarter,green_box_3_75pct,0.83125
2025-11-13,L10,1,10,4058.67,level_name,red_box_midline,red_mid_4,81.46875,3961.78,96.89,96.89,False,False,red_box_quarter,red_box_3_25pct,7.615
2025-11-13,L9,2,9,4093.11,level_name,red_box_quarter,red_box_4_25pct,70.301562,3979.635,113.475,113.475,False,False,prior_hlc,previous_low,5.8
2025-11-13,L8,3,8,4119.69,level_name,prior_range_fraction,prev_range_0.25,80.7125,4127.12,-7.43,7.43,False,False,red_box_quarter,red_box_2_25pct,2.785
2025-11-13,L7,4,7,4146.28,level_name,red_box_quarter,red_box_2_25pct,94.43125,4122.475,23.805,23.805,False,False,prior_range_fraction,prev_range_0.382,4.26512
2025-11-13,L6,5,6,4175.81,level_name,prior_hlc,previous_pivot_hlc3,92.570834,4168.66,7.15,7.15,False,False,red_box_midline,red_mid_1,0.23
2025-11-13,L5,6,5,4204.6,level_name,green_box_edge,green_edge_1,94.7375,4170.33,34.27,34.27,False,False,green_box_midline,green_mid_2,1.44
2025-11-13,L4,7,4,4233.19,level_name,green_box_edge,green_edge_1,95.25,4170.33,62.86,62.86,False,False,green_box_edge,green_edge_2,8.56
2025-11-13,L3,8,3,4259.99,level_name,prior_range_fraction,prev_range_0.875,85.240625,4197.645,62.345,62.345,False,False,green_box_quarter,green_box_3_25pct,0.385
2025-11-13,L2,9,2,4290.97,level_name,prior_range_fraction,prev_range_0.875,91.7625,4197.645,93.325,93.325,False,False,green_box_quarter,green_box_3_75pct,4.345
2025-11-13,L1,10,1,4320.18,level_name,green_box_quarter,green_box_2_75pct,74.274816,4223.895,96.285,96.285,False,False,green_box_edge,green_edge_3,7.01
2025-11-14,L11,1,11,4028.01,level_name,red_box_quarter,red_box_3_75pct,61.475,4066.85,-38.84,38.84,False,False,red_box_quarter,red_box_4_25pct,6.44
2025-11-14,L10,2,10,4066.88,level_name,red_box_midline,red_mid_4,81.46875,4018.25,48.63,48.63,False,False,red_box_quarter,red_box_3_75pct,0.03
2025-11-14,L9,3,9,4104.48,level_name,red_box_quarter,red_box_4_25pct,70.301562,4034.45,70.03,70.03,False,False,red_box_quarter,red_box_3_25pct,5.23
2025-11-14,L8,4,8,4139.67,level_name,prior_range_fraction,prev_range_0.25,80.7125,4170.35,-30.68,30.68,False,False,prior_hlc,previous_low,5.78
2025-11-14,L7,5,7,4177.38,level_name,red_box_quarter,red_box_2_25pct,94.43125,4164.05,13.33,13.33,False,False,green_box_midline,green_mid_1,0.47
2025-11-14,L6,6,6,4205.65,level_name,prior_hlc,previous_pivot_hlc3,92.570834,4187.253333,18.396667,18.396667,False,False,prior_range_fraction,prev_range_0.618,1.3528
2025-11-14,L5,7,5,4239.31,level_name,green_box_edge,green_edge_1,94.7375,4210.25,29.06,29.06,False,False,green_box_midline,green_mid_2,3.34
2025-11-14,L4,8,4,4270.12,level_name,green_box_edge,green_edge_1,95.25,4210.25,59.87,59.87,False,False,green_box_edge,green_edge_2,4.93
2025-11-14,L3,9,3,4302.28,level_name,prior_range_fraction,prev_range_0.875,85.240625,4232.6,69.68,69.68,False,False,green_box_midline,green_mid_3,5.17
2025-11-14,L2,10,2,4335.64,level_name,prior_range_fraction,prev_range_0.875,91.7625,4232.6,103.04,103.04,False,False,green_box_edge,green_edge_3,4.21
2025-11-14,L1,11,1,4369.0,level_name,green_box_quarter,green_box_2_75pct,74.274816,4258.85,110.15,110.15,False,False,green_box_midline,green_mid_4,3.25
2025-11-17,L9,1,9,3937.75,level_name,red_box_quarter,red_box_4_25pct,70.301562,3871.6775,66.0725,66.0725,False,False,red_box_midline,red_mid_3,12.295
2025-11-17,L8,2,8,3974.08,level_name,prior_range_fraction,prev_range_0.25,80.7125,4077.035,-102.955,102.955,False,False,red_box_quarter,red_box_3_25pct,2.0875
2025-11-17,L7,3,7,4009.23,level_name,red_box_quarter,red_box_2_25pct,94.43125,4080.6575,-71.4275,71.4275,False,False,red_box_edge,red_edge_2,6.94
2025-11-17,L6,4,6,4041.59,level_name,prior_hlc,previous_pivot_hlc3,92.570834,4109.553333,-67.963333,67.963333,False,False,prior_hlc,previous_low,9.3
2025-11-17,L5,5,5,4076.11,level_name,green_box_edge,green_edge_1,94.7375,4136.78,-60.67,60.67,False,False,prior_range_fraction,prev_range_0.25,0.925
2025-11-17,L4,6,4,4111.02,level_name,green_box_edge,green_edge_1,95.25,4136.78,-25.76,25.76,False,False,green_box_quarter,green_box_1_75pct,0.3625
2025-11-17,L3,7,3,4146.72,level_name,prior_range_fraction,prev_range_0.875,85.240625,4188.8975,-42.1775,42.1775,False,False,prior_range_fraction,prev_range_0.618,3.82036
2025-11-17,L2,8,2,4181.24,level_name,prior_range_fraction,prev_range_0.875,91.7625,4188.8975,-7.6575,7.6575,False,False,red_box_quarter,red_box_1_25pct,3.9075
2025-11-17,L1,9,1,4214.56,level_name,green_box_quarter,green_box_2_75pct,74.274816,4215.1475,-0.5875,0.5875,True,True,green_box_quarter,green_box_2_75pct,0.5875
2025-11-18,L10,1,10,3903.2,level_name,red_box_midline,red_mid_4,81.46875,3879.6475,23.5525,23.5525,False,False,red_box_quarter,red_box_4_25pct,7.33375
2025-11-18,L9,2,9,3932.5,level_name,red_box_quarter,red_box_4_25pct,70.301562,3895.86625,36.63375,36.63375,False,False,red_box_quarter,red_box_3_75pct,4.19625
2025-11-18,L8,3,8,3965.82,level_name,prior_range_fraction,prev_range_0.25,80.7125,4031.8975,-66.0775,66.0775,False,False,red_box_quarter,red_box_3_25pct,5.07875
2025-11-18,L7,4,7,4005.49,level_name,red_box_quarter,red_box_2_25pct,94.43125,4025.61625,-20.12625,20.12625,False,False,prior_hlc,previous_low,1.47
2025-11-18,L6,5,6,4036.18,level_name,prior_hlc,previous_pivot_hlc3,92.570834,4053.063333,-16.883333,16.883333,False,False,green_box_midline,green_mid_1,3.2175
2025-11-18,L5,6,5,4069.43,level_name,green_box_edge,green_edge_1,94.7375,4071.835,-2.405,2.405,True,True,prior_range_fraction,prev_range_0.618,0.8245
2025-11-18,L4,7,4,4104.67,level_name,green_box_edge,green_edge_1,95.25,4071.835,32.835,32.835,False,False,green_box_midline,green_mid_2,0.3975
2025-11-18,L3,8,3,4140.81,level_name,prior_range_fraction,prev_range_0.875,85.240625,4094.24125,46.56875,46.56875,False,False,green_box_edge,green_edge_2,4.1
2025-11-18,L2,9,2,4175.78,level_name,prior_range_fraction,prev_range_0.875,91.7625,4094.24125,81.53875,81.53875,False,False,green_box_midline,green_mid_3,6.6325
2025-11-18,L1,10,1,4206.73,level_name,green_box_quarter,green_box_2_75pct,74.274816,4120.49125,86.23875,86.23875,False,False,green_box_edge,green_edge_3,5.145
2025-11-19,L9,1,9,3937.54,level_name,red_box_quarter,red_box_4_25pct,70.301562,3896.63,40.91,40.91,False,False,red_box_midline,red_mid_3,1.96
2025-11-19,L8,2,8,3968.27,level_name,prior_range_fraction,prev_range_0.25,80.7125,4019.16,-50.89,50.89,False,False,red_box_edge,red_edge_2,0.19
2025-11-19,L7,3,7,4008.31,level_name,red_box_quarter,red_box_2_25pct,94.43125,4010.95,-2.64,2.64,True,True,prior_range_fraction,prev_range_0.125,0.31
2025-11-19,L6,4,6,4040.63,level_name,prior_hlc,previous_pivot_hlc3,92.570834,4049.26,-8.63,8.63,False,False,green_box_quarter,green_box_1_75pct,0.32
2025-11-19,L5,5,5,4070.7,level_name,green_box_edge,green_edge_1,94.7375,4055.24,15.46,15.46,False,False,prior_range_fraction,prev_range_0.875,1.16
2025-11-19,L4,6,4,4105.38,level_name,green_box_edge,green_edge_1,95.25,4055.24,50.14,50.14,False,False,green_box_edge,green_edge_2,7.02
2025-11-19,L3,7,3,4143.37,level_name,prior_range_fraction,prev_range_0.875,85.240625,4071.86,71.51,71.51,False,False,green_box_midline,green_mid_3,2.39
2025-11-19,L2,8,2,4178.64,level_name,prior_range_fraction,prev_range_0.875,91.7625,4071.86,106.78,106.78,False,False,green_box_quarter,green_box_4_25pct,5.21
2025-11-19,L1,9,1,4206.73,level_name,green_box_quarter,green_box_2_75pct,74.274816,4098.11,108.62,108.62,False,False,green_box_quarter,green_box_4_75pct,5.7
2025-11-20,L8,1,8,3973.86,level_name,prior_range_fraction,prev_range_0.25,80.7125,4074.945,-101.085,101.085,False,False,red_box_edge,red_edge_3,1.77
2025-11-20,L7,2,7,4011.09,level_name,red_box_quarter,red_box_2_25pct,94.43125,4065.8375,-54.7475,54.7475,False,False,red_box_quarter,red_box_3_25pct,1.1775
2025-11-20,L6,3,6,4040.63,level_name,prior_hlc,previous_pivot_hlc3,92.570834,4088.756667,-48.126667,48.126667,False,False,red_box_quarter,red_box_2_75pct,1.5775
2025-11-20,L5,4,5,4074.15,level_name,green_box_edge,green_edge_1,94.7375,4109.23,-35.08,35.08,False,False,prior_range_fraction,prev_range_0.25,0.795
2025-11-20,L4,5,4,4109.29,level_name,green_box_edge,green_edge_1,95.25,4109.23,0.06,0.06,True,True,green_box_edge,green_edge_1,0.06
2025-11-20,L3,6,3,4146.16,level_name,prior_range_fraction,prev_range_0.875,85.240625,4123.1575,23.0025,23.0025,False,False,green_box_quarter,green_box_2_75pct,3.2475
2025-11-20,L2,7,2,4181.57,level_name,prior_range_fraction,prev_range_0.875,91.7625,4123.1575,58.4125,58.4125,False,False,green_box_quarter,green_box_3_25pct,5.3775
2025-11-20,L1,8,1,4211.8,level_name,green_box_quarter,green_box_2_75pct,74.274816,4149.4075,62.3925,62.3925,False,False,green_box_edge,green_edge_3,4.57
2025-11-21,L9,1,9,3932.86,level_name,red_box_quarter,red_box_4_25pct,70.301562,3945.6575,-12.7975,12.7975,False,False,red_box_midline,red_mid_4,0.135
2025-11-21,L8,2,8,3968.89,level_name,prior_range_fraction,prev_range_0.25,80.7125,4056.795,-87.905,87.905,False,False,red_box_quarter,red_box_3_75pct,2.0925
2025-11-21,L7,3,7,4008.63,level_name,red_box_quarter,red_box_2_25pct,94.43125,4046.9575,-38.3275,38.3275,False,False,red_box_edge,red_edge_2,0.34
2025-11-21,L6,4,6,4043.38,level_name,prior_hlc,previous_pivot_hlc3,92.570834,4075.48,-32.1,32.1,False,False,red_box_quarter,red_box_2_25pct,3.5775
2025-11-21,L5,5,5,4075.93,level_name,green_box_edge,green_edge_1,94.7375,4089.62,-13.69,13.69,False,False,prior_hlc,previous_pivot_hlc3,0.45
2025-11-21,L4,6,4,4109.29,level_name,green_box_edge,green_edge_1,95.25,4089.62,19.67,19.67,False,False,prior_hlc,previous_high,0.98
2025-11-21,L3,7,3,4145.46,level_name,prior_range_fraction,prev_range_0.875,85.240625,4101.3575,44.1025,44.1025,False,False,green_box_edge,green_edge_2,5.19
2025-11-21,L2,8,2,4179.01,level_name,prior_range_fraction,prev_range_0.875,91.7625,4101.3575,77.6525,77.6525,False,False,green_box_quarter,green_box_3_75pct,0.7525
2025-11-21,L1,9,1,4211.14,level_name,green_box_quarter,green_box_2_75pct,74.274816,4127.6075,83.5325,83.5325,False,False,green_box_midline,green_mid_4,5.105
2025-11-24,L9,1,9,3935.76,level_name,red_box_quarter,red_box_4_25pct,70.301562,3923.97375,11.78625,11.78625,False,False,red_box_edge,red_edge_3,1.835
2025-11-24,L8,2,8,3972.83,level_name,prior_range_fraction,prev_range_0.25,80.7125,4041.8225,-68.9925,68.9925,False,False,red_box_quarter,red_box_3_25pct,5.62875
2025-11-24,L7,3,7,4010.46,level_name,red_box_quarter,red_box_2_25pct,94.43125,4032.94375,-22.48375,22.48375,False,False,red_box_quarter,red_box_2_75pct,4.75875
2025-11-24,L6,4,6,4047.0,level_name,prior_hlc,previous_pivot_hlc3,92.570834,4062.796667,-15.796667,15.796667,False,False,red_box_edge,red_edge_1,0.435
2025-11-24,L5,5,5,4079.5,level_name,green_box_edge,green_edge_1,94.7375,4076.565,2.935,2.935,True,True,prior_range_fraction,prev_range_0.75,1.8075
2025-11-24,L4,6,4,4112.0,level_name,green_box_edge,green_edge_1,95.25,4076.565,35.435,35.435,False,False,green_box_quarter,green_box_2_75pct,5.42875
2025-11-24,L3,7,3,4147.81,level_name,prior_range_fraction,prev_range_0.875,85.240625,4091.17875,56.63125,56.63125,False,False,green_box_quarter,green_box_3_25pct,3.13875
2025-11-24,L2,8,2,4179.01,level_name,prior_range_fraction,prev_range_0.875,91.7625,4091.17875,87.83125,87.83125,False,False,green_box_edge,green_edge_3,6.525
2025-11-24,L1,9,1,4211.14,level_name,green_box_quarter,green_box_2_75pct,74.274816,4117.42875,93.71125,93.71125,False,False,green_box_midline,green_mid_4,1.6375
2025-11-25,L10,1,10,3931.79,level_name,red_box_midline,red_mid_4,81.46875,3912.9725,18.8175,18.8175,False,False,red_box_quarter,red_box_4_25pct,2.61125
2025-11-25,L9,2,9,3971.7,level_name,red_box_quarter,red_box_4_25pct,70.301562,3929.17875,42.52125,42.52125,False,False,red_box_midline,red_mid_3,6.0975
2025-11-25,L8,3,8,4010.55,level_name,prior_range_fraction,prev_range_0.25,80.7125,4065.1225,-54.5725,54.5725,False,False,red_box_edge,red_edge_2,0.34
2025-11-25,L7,4,7,4045.41,level_name,red_box_quarter,red_box_2_25pct,94.43125,4058.82875,-13.41875,13.41875,False,False,red_box_midline,red_mid_2,2.7875
2025-11-25,L6,5,6,4078.21,level_name,prior_hlc,previous_pivot_hlc3,92.570834,4104.896667,-26.686667,26.686667,False,False,prior_range_fraction,prev_range_0.382,0.0663
2025-11-25,L5,6,5,4108.27,level_name,green_box_edge,green_edge_1,94.7375,4105.035,3.235,3.235,False,True,red_box_midline,red_mid_1,0.8225
2025-11-25,L4,7,4,4143.47,level_name,green_box_edge,green_edge_1,95.25,4105.035,38.435,38.435,False,False,prior_hlc,previous_high,3.61
2025-11-25,L3,8,3,4174.22,level_name,prior_range_fraction,prev_range_0.875,85.240625,4127.40375,46.81625,46.81625,False,False,green_box_edge,green_edge_2,4.36
2025-11-25,L2,9,2,4207.19,level_name,prior_range_fraction,prev_range_0.875,91.7625,4127.40375,79.78625,79.78625,False,False,green_box_midline,green_mid_3,4.9175
2025-11-25,L1,10,1,4238.11,level_name,green_box_quarter,green_box_2_75pct,74.274816,4153.65375,84.45625,84.45625,False,False,green_box_edge,green_edge_3,3.425
2025-11-26,L10,1,10,3979.03,level_name,red_box_midline,red_mid_4,81.46875,4019.95,-40.92,40.92,False,False,red_box_edge,red_edge_4,21.01
2025-11-26,L9,2,9,4012.76,level_name,red_box_quarter,red_box_4_25pct,70.301562,4029.905,-17.145,17.145,False,False,red_box_quarter,red_box_4_75pct,2.765
2025-11-26,L8,3,8,4044.63,level_name,prior_range_fraction,prev_range_0.25,80.7125,4122.09,-77.46,77.46,False,False,red_box_edge,red_edge_3,4.77
2025-11-26,L7,4,7,4082.04,level_name,red_box_quarter,red_box_2_25pct,94.43125,4109.545,-27.505,27.505,False,False,red_box_edge,red_edge_2,2.36
2025-11-26,L6,5,6,4111.42,level_name,prior_hlc,previous_pivot_hlc3,92.570834,4133.213333,-21.793333,21.793333,False,False,prior_hlc,previous_low,1.74
2025-11-26,L5,6,5,4146.58,level_name,green_box_edge,green_edge_1,94.7375,4149.5,-2.92,2.92,True,True,prior_range_fraction,prev_range_0.75,0.33
2025-11-26,L4,7,4,4181.28,level_name,green_box_edge,green_edge_1,95.25,4149.5,31.78,31.78,False,False,green_box_quarter,green_box_2_75pct,1.915
2025-11-26,L3,8,3,4212.35,level_name,prior_range_fraction,prev_range_0.875,85.240625,4153.115,59.235,59.235,False,False,green_box_midline,green_mid_3,3.12
2025-11-26,L2,9,2,4242.4,level_name,prior_range_fraction,prev_range_0.875,91.7625,4153.115,89.285,89.285,False,False,green_box_quarter,green_box_4_25pct,3.305
2025-11-26,L1,10,1,4273.69,level_name,green_box_quarter,green_box_2_75pct,74.274816,4179.365,94.325,94.325,False,False,green_box_edge,green_edge_4,4.73
2025-11-27,L9,1,9,4008.04,level_name,red_box_quarter,red_box_4_25pct,70.301562,4053.81125,-45.77125,45.77125,False,False,red_box_edge,red_edge_4,18.16
2025-11-27,L8,2,8,4041.66,level_name,prior_range_fraction,prev_range_0.25,80.7125,4140.7375,-99.0775,99.0775,False,False,red_box_midline,red_mid_4,2.9475
2025-11-27,L7,3,7,4073.19,level_name,red_box_quarter,red_box_2_25pct,94.43125,4127.44125,-54.25125,54.25125,False,False,red_box_quarter,red_box_3_75pct,0.97125
2025-11-27,L6,4,6,4108.29,level_name,prior_hlc,previous_pivot_hlc3,92.570834,4155.663333,-47.373333,47.373333,False,False,red_box_quarter,red_box_2_75pct,0.74375
2025-11-27,L5,5,5,4143.1,level_name,green_box_edge,green_edge_1,94.7375,4166.645,-23.545,23.545,False,False,prior_range_fraction,prev_range_0.333333,1.273319
2025-11-27,L4,6,4,4172.25,level_name,green_box_edge,green_edge_1,95.25,4166.645,5.605,5.605,False,False,prior_hlc,previous_high,1.21
2025-11-27,L3,7,3,4207.35,level_name,prior_range_fraction,prev_range_0.875,85.240625,4168.00625,39.34375,39.34375,False,False,green_box_edge,green_edge_2,3.89
2025-11-27,L2,8,2,4240.08,level_name,prior_range_fraction,prev_range_0.875,91.7625,4168.00625,72.07375,72.07375,False,False,green_box_edge,green_edge_3,0.195
2025-11-27,L1,9,1,4273.69,level_name,green_box_quarter,green_box_2_75pct,74.274816,4194.25625,79.43375,79.43375,False,False,green_box_edge,green_edge_4,3.4
2025-11-28,L9,1,9,4010.83,level_name,red_box_quarter,red_box_4_25pct,70.301562,4077.6625,-66.8325,66.8325,False,False,red_box_edge,red_edge_4,45.81
2025-11-28,L8,2,8,4043.2,level_name,prior_range_fraction,prev_range_0.25,80.7125,4149.215,-106.015,106.015,False,False,red_box_edge,red_edge_4,13.44
2025-11-28,L7,3,7,4078.58,level_name,red_box_quarter,red_box_2_25pct,94.43125,4133.7225,-55.1425,55.1425,False,False,red_box_quarter,red_box_4_25pct,0.9175
2025-11-28,L6,4,6,4110.09,level_name,prior_hlc,previous_pivot_hlc3,92.570834,4156.276667,-46.186667,46.186667,False,False,red_box_edge,red_edge_2,2.61
2025-11-28,L5,5,5,4139.9,level_name,green_box_edge,green_edge_1,94.7375,4170.73,-30.83,30.83,False,False,red_box_edge,red_edge_1,0.83
2025-11-28,L4,6,4,4169.5,level_name,green_box_edge,green_edge_1,95.25,4170.73,-1.23,1.23,True,True,prior_hlc,previous_high,0.74
2025-11-28,L3,7,3,4193.67,level_name,prior_range_fraction,prev_range_0.875,85.240625,4165.5025,28.1675,28.1675,False,False,green_box_quarter,green_box_2_75pct,1.9175
2025-11-28,L2,8,2,4216.68,level_name,prior_range_fraction,prev_range_0.875,91.7625,4165.5025,51.1775,51.1775,False,False,green_box_quarter,green_box_3_75pct,3.1025
2025-11-28,L1,9,1,4241.28,level_name,green_box_quarter,green_box_2_75pct,74.274816,4191.7525,49.5275,49.5275,False,False,green_box_midline,green_mid_4,0.475
2025-12-01,L9,1,9,4111.5,level_name,red_box_quarter,red_box_4_25pct,70.301562,4060.3175,51.1825,51.1825,False,False,red_box_quarter,red_box_3_25pct,0.0675
2025-12-01,L8,2,8,4140.77,level_name,prior_range_fraction,prev_range_0.25,80.7125,4172.505,-31.735,31.735,False,False,red_box_quarter,red_box_2_75pct,3.5775
2025-12-01,L7,3,7,4164.44,level_name,red_box_quarter,red_box_2_25pct,94.43125,4162.8175,1.6225,1.6225,True,True,prior_range_fraction,prev_range_0.125,0.9975
2025-12-01,L6,4,6,4188.77,level_name,prior_hlc,previous_pivot_hlc3,92.570834,4200.256667,-11.486667,11.486667,False,False,red_box_quarter,red_box_1_75pct,0.3275
2025-12-01,L5,5,5,4209.18,level_name,green_box_edge,green_edge_1,94.7375,4205.63,3.55,3.55,False,True,prior_range_fraction,prev_range_0.75,0.425
2025-12-01,L4,6,4,4237.83,level_name,green_box_edge,green_edge_1,95.25,4205.63,32.2,32.2,False,False,green_box_quarter,green_box_2_75pct,6.2375
2025-12-01,L3,7,3,4267.61,level_name,prior_range_fraction,prev_range_0.875,85.240625,4217.8175,49.7925,49.7925,False,False,green_box_quarter,green_box_3_25pct,2.0825
2025-12-01,L2,8,2,4296.17,level_name,prior_range_fraction,prev_range_0.875,91.7625,4217.8175,78.3525,78.3525,False,False,green_box_quarter,green_box_3_75pct,0.8525
2025-12-01,L1,9,1,4324.57,level_name,green_box_quarter,green_box_2_75pct,74.274816,4244.0675,80.5025,80.5025,False,False,green_box_quarter,green_box_4_25pct,3.6275
2025-12-02,L7,1,7,4167.18,level_name,red_box_quarter,red_box_2_25pct,94.43125,4208.86,-41.68,41.68,False,False,red_box_quarter,red_box_3_25pct,2.88
2025-12-02,L6,2,6,4187.32,level_name,prior_hlc,previous_pivot_hlc3,92.570834,4234.04,-46.72,46.72,False,False,red_box_quarter,red_box_2_75pct,0.74
2025-12-02,L5,3,5,4209.81,level_name,green_box_edge,green_edge_1,94.7375,4250.0,-40.19,40.19,False,False,red_box_quarter,red_box_2_25pct,0.95
2025-12-02,L4,4,4,4229.6,level_name,green_box_edge,green_edge_1,95.25,4250.0,-20.4,20.4,False,False,red_box_quarter,red_box_1_75pct,1.54
2025-12-02,L3,5,3,4255.96,level_name,prior_range_fraction,prev_range_0.875,85.240625,4257.17,-1.21,1.21,True,True,prior_range_fraction,prev_range_0.875,1.21
2025-12-02,L2,6,2,4278.24,level_name,prior_range_fraction,prev_range_0.875,91.7625,4257.17,21.07,21.07,False,False,green_box_quarter,green_box_2_75pct,5.18
2025-12-02,L1,7,1,4299.17,level_name,green_box_quarter,green_box_2_75pct,74.274816,4283.42,15.75,15.75,False,False,green_box_edge,green_edge_2,4.61
2025-12-03,L9,1,9,4121.11,level_name,red_box_quarter,red_box_4_25pct,70.301562,4069.645,51.465,51.465,False,False,red_box_quarter,red_box_3_25pct,0.285
2025-12-03,L8,2,8,4144.88,level_name,prior_range_fraction,prev_range_0.25,80.7125,4181.71,-36.83,36.83,False,False,red_box_quarter,red_box_2_75pct,1.535
2025-12-03,L7,3,7,4170.01,level_name,red_box_quarter,red_box_2_25pct,94.43125,4172.005,-1.995,1.995,True,True,red_box_quarter,red_box_2_25pct,1.995
2025-12-03,L6,4,6,4192.7,level_name,prior_hlc,previous_pivot_hlc3,92.570834,4201.746667,-9.046667,9.046667,False,False,prior_range_fraction,prev_range_0.382,1.43848
2025-12-03,L5,5,5,4213.24,level_name,green_box_edge,green_edge_1,94.7375,4214.8,-1.56,1.56,True,True,prior_range_fraction,prev_range_0.666667,1.379976
2025-12-03,L4,6,4,4233.23,level_name,green_box_edge,green_edge_1,95.25,4214.8,18.43,18.43,False,False,prior_hlc,previous_high,2.75
2025-12-03,L3,7,3,4254.85,level_name,prior_range_fraction,prev_range_0.875,85.240625,4226.935,27.915,27.915,False,False,green_box_quarter,green_box_2_75pct,1.665
2025-12-03,L2,8,2,4275.65,level_name,prior_range_fraction,prev_range_0.875,91.7625,4226.935,48.715,48.715,False,False,green_box_quarter,green_box_3_25pct,3.125
2025-12-03,L1,9,1,4299.17,level_name,green_box_quarter,green_box_2_75pct,74.274816,4253.185,45.985,45.985,False,False,green_box_quarter,green_box_3_75pct,5.195
2025-12-04,L8,1,8,4119.88,level_name,prior_range_fraction,prev_range_0.25,80.7125,4206.33,-86.45,86.45,False,False,red_box_quarter,red_box_4_25pct,3.495
2025-12-04,L7,2,7,4144.41,level_name,red_box_quarter,red_box_2_25pct,94.43125,4193.465,-49.055,49.055,False,False,red_box_midline,red_mid_3,0.88
2025-12-04,L6,3,6,4167.92,level_name,prior_hlc,previous_pivot_hlc3,92.570834,4213.06,-45.14,45.14,False,False,red_box_edge,red_edge_2,3.36
2025-12-04,L5,4,5,4188.05,level_name,green_box_edge,green_edge_1,94.7375,4233.1,-45.05,45.05,False,False,red_box_midline,red_mid_2,4.22
2025-12-04,L4,5,4,4205.73,level_name,green_box_edge,green_edge_1,95.25,4233.1,-27.37,27.37,False,False,prior_range_fraction,prev_range_0.25,0.6
2025-12-04,L3,6,3,4227.56,level_name,prior_range_fraction,prev_range_0.875,85.240625,4235.755,-8.195,8.195,False,False,prior_range_fraction,prev_range_0.666667,1.613318
2025-12-04,L2,7,2,4251.23,level_name,prior_range_fraction,prev_range_0.875,91.7625,4235.755,15.475,15.475,False,False,green_box_midline,green_mid_2,1.14
2025-12-04,L1,8,1,4275.79,level_name,green_box_quarter,green_box_2_75pct,74.274816,4262.005,13.785,13.785,False,False,green_box_edge,green_edge_2,4.15
2025-12-05,L8,1,8,4120.52,level_name,prior_range_fraction,prev_range_0.25,80.7125,4186.1675,-65.6475,65.6475,False,False,red_box_quarter,red_box_3_75pct,3.34625
2025-12-05,L7,2,7,4143.27,level_name,red_box_quarter,red_box_2_25pct,94.43125,4172.96625,-29.69625,29.69625,False,False,red_box_edge,red_edge_2,1.8
2025-12-05,L6,3,6,4164.02,level_name,prior_hlc,previous_pivot_hlc3,92.570834,4201.056667,-37.036667,37.036667,False,False,red_box_midline,red_mid_2,0.3525
2025-12-05,L5,4,5,4183.25,level_name,green_box_edge,green_edge_1,94.7375,4212.265,-29.015,29.015,False,False,red_box_edge,red_edge_1,0.985
2025-12-05,L4,5,4,4205.56,level_name,green_box_edge,green_edge_1,95.25,4212.265,-6.705,6.705,False,False,prior_range_fraction,prev_range_0.666667,0.896652
2025-12-05,L3,6,3,4230.06,level_name,prior_range_fraction,prev_range_0.875,85.240625,4213.91125,16.14875,16.14875,False,False,green_box_midline,green_mid_2,0.8025
2025-12-05,L2,7,2,4254.72,level_name,prior_range_fraction,prev_range_0.875,91.7625,4213.91125,40.80875,40.80875,False,False,green_box_quarter,green_box_3_25pct,4.03875
2025-12-05,L1,8,1,4275.15,level_name,green_box_quarter,green_box_2_75pct,74.274816,4240.16125,34.98875,34.98875,False,False,green_box_quarter,green_box_3_75pct,2.20625
2025-12-08,L8,1,8,4122.65,level_name,prior_range_fraction,prev_range_0.25,80.7125,4208.8725,-86.2225,86.2225,False,False,red_box_quarter,red_box_3_75pct,2.94125
2025-12-08,L7,2,7,4144.37,level_name,red_box_quarter,red_box_2_25pct,94.43125,4198.52875,-54.15875,54.15875,False,False,red_box_quarter,red_box_3_25pct,5.53375
2025-12-08,L6,3,6,4168.88,level_name,prior_hlc,previous_pivot_hlc3,92.570834,4216.82,-47.94,47.94,False,False,red_box_quarter,red_box_2_75pct,5.33625
2025-12-08,L5,4,5,4188.47,level_name,green_box_edge,green_edge_1,94.7375,4240.685,-52.215,52.215,False,False,red_box_midline,red_mid_2,2.0975
2025-12-08,L4,5,4,4209.43,level_name,green_box_edge,green_edge_1,95.25,4240.685,-31.255,31.255,False,False,prior_range_fraction,prev_range_0.25,0.5575
2025-12-08,L3,6,3,4228.41,level_name,prior_range_fraction,prev_range_0.875,85.240625,4250.90375,-22.49375,22.49375,False,False,green_box_quarter,green_box_1_75pct,0.11875
2025-12-08,L2,7,2,4250.6,level_name,prior_range_fraction,prev_range_0.875,91.7625,4250.90375,-0.30375,0.30375,True,True,prior_range_fraction,prev_range_0.875,0.30375
2025-12-08,L1,8,1,4271.06,level_name,green_box_quarter,green_box_2_75pct,74.274816,4277.15375,-6.09375,6.09375,False,False,green_box_midline,green_mid_2,6.0625
2025-12-09,L8,1,8,4128.71,level_name,prior_range_fraction,prev_range_0.25,80.7125,4186.855,-58.145,58.145,False,False,red_box_midline,red_mid_3,0.745
2025-12-09,L7,2,7,4149.41,level_name,red_box_quarter,red_box_2_25pct,94.43125,4173.4525,-24.0425,24.0425,False,False,red_box_edge,red_edge_2,3.25
2025-12-09,L6,3,6,4169.53,level_name,prior_hlc,previous_pivot_hlc3,92.570834,4195.22,-25.69,25.69,False,False,red_box_quarter,red_box_2_25pct,3.9225
2025-12-09,L5,4,5,4191.11,level_name,green_box_edge,green_edge_1,94.7375,4212.55,-21.44,21.44,False,False,red_box_quarter,red_box_1_75pct,0.5375
2025-12-09,L4,5,4,4214.14,level_name,green_box_edge,green_edge_1,95.25,4212.55,1.59,1.59,True,True,prior_range_fraction,prev_range_0.875,0.5475
2025-12-09,L3,6,3,4234.84,level_name,prior_range_fraction,prev_range_0.875,85.240625,4213.5925,21.2475,21.2475,False,False,green_box_midline,green_mid_2,4.095
2025-12-09,L2,7,2,4254.67,level_name,prior_range_fraction,prev_range_0.875,91.7625,4213.5925,41.0775,41.0775,False,False,green_box_quarter,green_box_3_25pct,3.3675
2025-12-09,L1,8,1,4271.87,level_name,green_box_quarter,green_box_2_75pct,74.274816,4239.8425,32.0275,32.0275,False,False,green_box_quarter,green_box_3_75pct,4.3625
2025-12-10,L8,1,8,4133.08,level_name,prior_range_fraction,prev_range_0.25,80.7125,4182.865,-49.785,49.785,False,False,red_box_quarter,red_box_3_25pct,3.1875
2025-12-10,L7,2,7,4152.33,level_name,red_box_quarter,red_box_2_25pct,94.43125,4170.5225,-18.1925,18.1925,False,False,red_box_quarter,red_box_2_75pct,2.1225
2025-12-10,L6,3,6,4173.28,level_name,prior_hlc,previous_pivot_hlc3,92.570834,4199.82,-26.54,26.54,False,False,red_box_quarter,red_box_2_25pct,2.7575
2025-12-10,L5,4,5,4194.44,level_name,green_box_edge,green_edge_1,94.7375,4210.68,-16.24,16.24,False,False,prior_hlc,previous_mid,1.24
2025-12-10,L4,5,4,4215.84,level_name,green_box_edge,green_edge_1,95.25,4210.68,5.16,5.16,False,False,prior_range_fraction,prev_range_0.875,0.9375
2025-12-10,L3,6,3,4236.26,level_name,prior_range_fraction,prev_range_0.875,85.240625,4214.9025,21.3575,21.3575,False,False,green_box_quarter,green_box_2_75pct,4.8925
2025-12-10,L2,7,2,4256.93,level_name,prior_range_fraction,prev_range_0.875,91.7625,4214.9025,42.0275,42.0275,False,False,green_box_quarter,green_box_3_25pct,4.5375
2025-12-10,L1,8,1,4277.55,level_name,green_box_quarter,green_box_2_75pct,74.274816,4241.1525,36.3975,36.3975,False,False,green_box_quarter,green_box_3_75pct,4.2325
2025-12-11,L8,1,8,4137.75,level_name,prior_range_fraction,prev_range_0.25,80.7125,4196.0775,-58.3275,58.3275,False,False,red_box_quarter,red_box_3_25pct,3.22125
2025-12-11,L7,2,7,4154.37,level_name,red_box_quarter,red_box_2_25pct,94.43125,4184.44625,-30.07625,30.07625,False,False,red_box_edge,red_edge_2,2.53
2025-12-11,L6,3,6,4173.9,level_name,prior_hlc,previous_pivot_hlc3,92.570834,4216.39,-42.49,42.49,False,False,red_box_midline,red_mid_2,0.3225
2025-12-11,L5,4,5,4192.13,level_name,green_box_edge,green_edge_1,94.7375,4225.315,-33.185,33.185,False,False,green_box_quarter,green_box_1_25pct,0.57875
2025-12-11,L4,5,4,4212.52,level_name,green_box_edge,green_edge_1,95.25,4225.315,-12.795,12.795,False,False,green_box_quarter,green_box_1_75pct,1.92625
2025-12-11,L3,6,3,4231.18,level_name,prior_range_fraction,prev_range_0.875,85.240625,4231.67125,-0.49125,0.49125,True,True,prior_range_fraction,prev_range_0.875,0.49125
2025-12-11,L2,7,2,4250.88,level_name,prior_range_fraction,prev_range_0.875,91.7625,4231.67125,19.20875,19.20875,False,False,green_box_midline,green_mid_2,3.8275
2025-12-11,L1,8,1,4269.25,level_name,green_box_quarter,green_box_2_75pct,74.274816,4257.92125,11.32875,11.32875,False,False,green_box_edge,green_edge_2,0.46
2025-12-12,L9,1,9,4182.6,level_name,red_box_quarter,red_box_4_25pct,70.301562,4104.65875,77.94125,77.94125,False,False,red_box_quarter,red_box_2_75pct,5.73625
2025-12-12,L8,2,8,4198.88,level_name,prior_range_fraction,prev_range_0.25,80.7125,4224.7825,-25.9025,25.9025,False,False,red_box_midline,red_mid_2,3.4025
2025-12-12,L7,3,7,4215.76,level_name,red_box_quarter,red_box_2_25pct,94.43125,4216.22875,-0.46875,0.46875,True,True,red_box_quarter,red_box_2_25pct,0.46875
2025-12-12,L6,4,6,4231.66,level_name,prior_hlc,previous_pivot_hlc3,92.570834,4256.646667,-24.986667,24.986667,False,False,prior_range_fraction,prev_range_0.333333,0.080027
2025-12-12,L5,5,5,4245.23,level_name,green_box_edge,green_edge_1,94.7375,4260.175,-14.945,14.945,False,False,prior_hlc,previous_mid,0.055
2025-12-12,L4,6,4,4258.86,level_name,green_box_edge,green_edge_1,95.25,4260.175,-1.315,1.315,True,True,prior_range_fraction,prev_range_0.666667,0.089973
2025-12-12,L3,7,3,4275.19,level_name,prior_range_fraction,prev_range_0.875,85.240625,4275.76375,-0.57375,0.57375,True,True,prior_range_fraction,prev_range_0.875,0.57375
2025-12-12,L2,8,2,4289.14,level_name,prior_range_fraction,prev_range_0.875,91.7625,4275.76375,13.37625,13.37625,False,False,green_box_midline,green_mid_2,1.0725
2025-12-12,L1,9,1,4302.86,level_name,green_box_quarter,green_box_2_75pct,74.274816,4302.01375,0.84625,0.84625,True,True,green_box_quarter,green_box_2_75pct,0.84625
2025-12-15,L8,1,8,4227.04,level_name,prior_range_fraction,prev_range_0.25,80.7125,4281.7575,-54.7175,54.7175,False,False,red_box_edge,red_edge_2,0.78
2025-12-15,L7,2,7,4244.2,level_name,red_box_quarter,red_box_2_25pct,94.43125,4274.97625,-30.77625,30.77625,False,False,red_box_quarter,red_box_2_75pct,0.66125
2025-12-15,L6,3,6,4264.18,level_name,prior_hlc,previous_pivot_hlc3,92.570834,4303.703333,-39.523333,39.523333,False,False,red_box_midline,red_mid_2,4.9225
2025-12-15,L5,4,5,4285.43,level_name,green_box_edge,green_edge_1,94.7375,4320.695,-35.265,35.265,False,False,prior_range_fraction,prev_range_0.25,3.6725
2025-12-15,L4,5,4,4304.36,level_name,green_box_edge,green_edge_1,95.25,4320.695,-16.335,16.335,False,False,green_box_quarter,green_box_1_75pct,0.61625
2025-12-15,L3,6,3,4324.81,level_name,prior_range_fraction,prev_range_0.875,85.240625,4341.60125,-16.79125,16.79125,False,False,red_box_midline,red_mid_1,2.6775
2025-12-15,L2,7,2,4341.09,level_name,prior_range_fraction,prev_range_0.875,91.7625,4341.60125,-0.51125,0.51125,True,True,prior_range_fraction,prev_range_0.875,0.51125
2025-12-15,L1,8,1,4343.16,level_name,green_box_quarter,green_box_2_75pct,74.274816,4367.85125,-24.69125,24.69125,False,False,prior_range_fraction,prev_range_0.875,1.55875
2025-12-16,L8,1,8,4243.18,level_name,prior_range_fraction,prev_range_0.25,80.7125,4301.5575,-58.3775,58.3775,False,False,red_box_quarter,red_box_3_25pct,0.22625
2025-12-16,L7,2,7,4264.18,level_name,red_box_quarter,red_box_2_25pct,94.43125,4290.94125,-26.76125,26.76125,False,False,red_box_quarter,red_box_2_75pct,2.99375
2025-12-16,L6,3,6,4281.92,level_name,prior_hlc,previous_pivot_hlc3,92.570834,4313.52,-31.6,31.6,False,False,red_box_midline,red_mid_2,2.8625
2025-12-16,L5,4,5,4301.91,level_name,green_box_edge,green_edge_1,94.7375,4332.825,-30.915,30.915,False,False,prior_range_fraction,prev_range_0.25,0.3525
2025-12-16,L4,5,4,4320.99,level_name,green_box_edge,green_edge_1,95.25,4332.825,-11.835,11.835,False,False,green_box_quarter,green_box_1_75pct,0.04875
2025-12-16,L3,6,3,4339.52,level_name,prior_range_fraction,prev_range_0.875,85.240625,4342.22625,-2.70625,2.70625,True,True,red_box_quarter,red_box_1_25pct,1.04375
2025-12-16,L2,7,2,4357.6,level_name,prior_range_fraction,prev_range_0.875,91.7625,4342.22625,15.37375,15.37375,False,False,green_box_midline,green_mid_2,1.0075
2025-12-16,L1,8,1,4377.89,level_name,green_box_quarter,green_box_2_75pct,74.274816,4368.47625,9.41375,9.41375,False,False,green_box_edge,green_edge_2,2.47
2025-12-17,L8,1,8,4239.93,level_name,prior_range_fraction,prev_range_0.25,80.7125,4287.4425,-47.5125,47.5125,False,False,red_box_edge,red_edge_2,1.63
2025-12-17,L7,2,7,4258.9,level_name,red_box_quarter,red_box_2_25pct,94.43125,4276.63375,-17.73375,17.73375,False,False,red_box_quarter,red_box_2_75pct,5.64875
2025-12-17,L6,3,6,4278.84,level_name,prior_hlc,previous_pivot_hlc3,92.570834,4302.896667,-24.056667,24.056667,False,False,prior_range_fraction,prev_range_0.125,0.66125
2025-12-17,L5,4,5,4297.24,level_name,green_box_edge,green_edge_1,94.7375,4318.325,-21.085,21.085,False,False,prior_range_fraction,prev_range_0.382,1.41154
2025-12-17,L4,5,4,4315.01,level_name,green_box_edge,green_edge_1,95.25,4318.325,-3.315,3.315,False,True,prior_range_fraction,prev_range_0.666667,1.096645
2025-12-17,L3,6,3,4334.9,level_name,prior_range_fraction,prev_range_0.875,85.240625,4327.14875,7.75125,7.75125,False,False,prior_hlc,previous_high,0.19
2025-12-17,L2,7,2,4351.68,level_name,prior_range_fraction,prev_range_0.875,91.7625,4327.14875,24.53125,24.53125,False,False,green_box_quarter,green_box_2_75pct,1.71875
2025-12-17,L1,8,1,4369.77,level_name,green_box_quarter,green_box_2_75pct,74.274816,4353.39875,16.37125,16.37125,False,False,green_box_edge,green_edge_2,4.68
2025-12-19,L8,1,8,4274.94,level_name,prior_range_fraction,prev_range_0.25,80.7125,4324.8675,-49.9275,49.9275,False,False,red_box_edge,red_edge_2,3.35
2025-12-19,L7,2,7,4290.25,level_name,red_box_quarter,red_box_2_25pct,94.43125,4314.40625,-24.15625,24.15625,False,False,red_box_quarter,red_box_2_75pct,0.07875
2025-12-19,L6,3,6,4306.94,level_name,prior_hlc,previous_pivot_hlc3,92.570834,4338.41,-31.47,31.47,False,False,prior_hlc,previous_low,1.35
2025-12-19,L5,4,5,4323.86,level_name,green_box_edge,green_edge_1,94.7375,4356.445,-32.585,32.585,False,False,prior_range_fraction,prev_range_0.25,1.0075
2025-12-19,L4,5,4,4340.32,level_name,green_box_edge,green_edge_1,95.25,4356.445,-16.125,16.125,False,False,prior_hlc,previous_mid,1.125
2025-12-19,L3,6,3,4357.02,level_name,prior_range_fraction,prev_range_0.875,85.240625,4366.31125,-9.29125,9.29125,False,False,green_box_edge,green_edge_1,0.575
2025-12-19,L2,7,2,4371.86,level_name,prior_range_fraction,prev_range_0.875,91.7625,4366.31125,5.54875,5.54875,False,False,prior_hlc,previous_high,2.74
2025-12-19,L1,8,1,4385.07,level_name,green_box_quarter,green_box_2_75pct,74.274816,4392.56125,-7.49125,7.49125,False,False,green_box_midline,green_mid_2,4.5475
2025-12-22,L8,1,8,4264.39,level_name,prior_range_fraction,prev_range_0.25,80.7125,4321.125,-56.735,56.735,False,False,red_box_midline,red_mid_3,4.395
2025-12-22,L7,2,7,4283.27,level_name,red_box_quarter,red_box_2_25pct,94.43125,4308.2825,-25.0125,25.0125,False,False,red_box_edge,red_edge_2,3.96
2025-12-22,L6,3,6,4300.17,level_name,prior_hlc,previous_pivot_hlc3,92.570834,4334.68,-34.51,34.51,False,False,red_box_midline,red_mid_2,1.545
2025-12-22,L5,4,5,4317.56,level_name,green_box_edge,green_edge_1,94.7375,4347.94,-30.38,30.38,False,False,red_box_edge,red_edge_1,0.38
2025-12-22,L4,5,4,4336.01,level_name,green_box_edge,green_edge_1,95.25,4347.94,-11.93,11.93,False,False,red_box_midline,red_mid_1,1.245
2025-12-22,L3,6,3,4353.98,level_name,prior_range_fraction,prev_range_0.875,85.240625,4350.6625,3.3175,3.3175,False,True,prior_hlc,previous_high,2.59
2025-12-22,L2,7,2,4369.93,level_name,prior_range_fraction,prev_range_0.875,91.7625,4350.6625,19.2675,19.2675,False,False,green_box_midline,green_mid_2,2.675
2025-12-22,L1,8,1,4385.93,level_name,green_box_quarter,green_box_2_75pct,74.274816,4376.9125,9.0175,9.0175,False,False,green_box_edge,green_edge_2,0.64
2025-12-23,L10,1,10,4382.63,level_name,red_box_midline,red_mid_4,81.46875,4202.225,180.405,180.405,False,False,prior_range_fraction,prev_range_0.382,2.04924
2025-12-23,L9,2,9,4397.75,level_name,red_box_quarter,red_box_4_25pct,70.301562,4219.8725,177.8775,177.8775,False,False,red_box_quarter,red_box_1_75pct,1.4025
2025-12-23,L8,3,8,4412.2,level_name,prior_range_fraction,prev_range_0.25,80.7125,4365.905,46.295,46.295,False,False,prior_range_fraction,prev_range_0.666667,0.030037
2025-12-23,L7,4,7,4426.21,level_name,red_box_quarter,red_box_2_25pct,94.43125,4361.0525,65.1575,65.1575,False,False,green_box_quarter,green_box_2_25pct,0.1375
2025-12-23,L6,5,6,4440.6,level_name,prior_hlc,previous_pivot_hlc3,92.570834,4410.33,30.27,30.27,False,False,prior_hlc,previous_close,2.99
2025-12-23,L5,6,5,4453.37,level_name,green_box_edge,green_edge_1,94.7375,4408.7,44.67,44.67,False,False,prior_hlc,previous_high,4.08
2025-12-23,L4,7,4,4467.13,level_name,green_box_edge,green_edge_1,95.25,4408.7,58.43,58.43,False,False,green_box_quarter,green_box_2_75pct,5.4875
2025-12-23,L3,8,3,4483.13,level_name,prior_range_fraction,prev_range_0.875,85.240625,4435.3925,47.7375,47.7375,False,False,green_box_edge,green_edge_2,3.84
2025-12-23,L2,9,2,4498.74,level_name,prior_range_fraction,prev_range_0.875,91.7625,4435.3925,63.3475,63.3475,False,False,green_box_quarter,green_box_3_25pct,1.8025
2025-12-23,L1,10,1,4511.17,level_name,green_box_quarter,green_box_2_75pct,74.274816,4461.6425,49.5275,49.5275,False,False,green_box_midline,green_mid_3,3.415
2025-12-24,L6,1,6,4455.68,level_name,prior_hlc,previous_pivot_hlc3,92.570834,4471.49,-15.81,15.81,False,False,green_box_midline,green_mid_1,0.6425
2025-12-24,L5,2,5,4467.74,level_name,green_box_edge,green_edge_1,94.7375,4479.965,-12.225,12.225,False,False,green_box_quarter,green_box_1_75pct,0.23875
2025-12-24,L4,3,4,4479.79,level_name,green_box_edge,green_edge_1,95.25,4479.965,-0.175,0.175,True,True,green_box_edge,green_edge_1,0.175
2025-12-24,L3,4,3,4492.35,level_name,prior_range_fraction,prev_range_0.875,85.240625,4491.10625,1.24375,1.24375,True,True,green_box_quarter,green_box_2_25pct,0.07875
2025-12-24,L2,5,2,4504.32,level_name,prior_range_fraction,prev_range_0.875,91.7625,4491.10625,13.21375,13.21375,False,False,green_box_midline,green_mid_2,0.5725
2025-12-24,L1,6,1,4516.3,level_name,green_box_quarter,green_box_2_75pct,74.274816,4517.35625,-1.05625,1.05625,True,True,green_box_quarter,green_box_2_75pct,1.05625
2025-12-26,L8,1,8,4442.65,level_name,prior_range_fraction,prev_range_0.25,80.7125,4467.7675,-25.1175,25.1175,False,False,red_box_midline,red_mid_2,2.6175
2025-12-26,L7,2,7,4454.16,level_name,red_box_quarter,red_box_2_25pct,94.43125,4458.68125,-4.52125,4.52125,False,True,prior_range_fraction,prev_range_0.125,3.94375
2025-12-26,L6,3,6,4466.22,level_name,prior_hlc,previous_pivot_hlc3,92.570834,4484.59,-18.37,18.37,False,False,prior_range_fraction,prev_range_0.25,1.5475
2025-12-26,L5,4,5,4479.11,level_name,green_box_edge,green_edge_1,94.7375,4502.095,-22.985,22.985,False,False,prior_hlc,previous_close,0.47
2025-12-26,L4,5,4,4492.12,level_name,green_box_edge,green_edge_1,95.25,4502.095,-9.975,9.975,False,False,green_box_quarter,green_box_1_75pct,3.43875
2025-12-26,L3,6,3,4504.92,level_name,prior_range_fraction,prev_range_0.875,85.240625,4516.08625,-11.16625,11.16625,False,False,prior_range_fraction,prev_range_0.75,1.5025
2025-12-26,L2,7,2,4518.59,level_name,prior_range_fraction,prev_range_0.875,91.7625,4516.08625,2.50375,2.50375,True,True,prior_range_fraction,prev_range_0.875,2.50375
2025-12-26,L1,8,1,4530.77,level_name,green_box_quarter,green_box_2_75pct,74.274816,4542.33625,-11.56625,11.56625,False,False,green_box_midline,green_mid_2,1.8475
2025-12-29,L11,1,11,4432.71,level_name,red_box_quarter,red_box_3_75pct,61.475,4413.80375,18.90625,18.90625,False,False,red_box_quarter,red_box_3_25pct,5.83125
2025-12-29,L10,2,10,4443.73,level_name,red_box_midline,red_mid_4,81.46875,4376.6975,67.0325,67.0325,False,False,red_box_quarter,red_box_3_25pct,5.18875
2025-12-29,L9,3,9,4455.34,level_name,red_box_quarter,red_box_4_25pct,70.301562,4389.06625,66.27375,66.27375,False,False,red_box_edge,red_edge_2,4.43
2025-12-29,L8,4,8,4467.35,level_name,prior_range_fraction,prev_range_0.25,80.7125,4498.1475,-30.7975,30.7975,False,False,red_box_quarter,red_box_2_75pct,4.07125
2025-12-29,L7,5,7,4482.36,level_name,red_box_quarter,red_box_2_25pct,94.43125,4488.01625,-5.65625,5.65625,False,False,prior_hlc,previous_low,1.45
2025-12-29,L6,6,6,4499.26,level_name,prior_hlc,previous_pivot_hlc3,92.570834,4520.59,-21.33,21.33,False,False,prior_range_fraction,prev_range_0.25,1.1125
2025-12-29,L5,7,5,4515.32,level_name,green_box_edge,green_edge_1,94.7375,4530.385,-15.065,15.065,False,False,prior_hlc,previous_mid,0.065
2025-12-29,L4,8,4,4530.28,level_name,green_box_edge,green_edge_1,95.25,4530.385,-0.105,0.105,True,True,green_box_edge,green_edge_1,0.105
2025-12-29,L3,9,3,4543.3,level_name,prior_range_fraction,prev_range_0.875,85.240625,4541.24125,2.05875,2.05875,True,True,green_box_quarter,green_box_2_25pct,0.54625
2025-12-29,L2,10,2,4557.97,level_name,prior_range_fraction,prev_range_0.875,91.7625,4541.24125,16.72875,16.72875,False,False,green_box_midline,green_mid_2,2.8475
2025-12-29,L1,11,1,4571.27,level_name,green_box_quarter,green_box_2_75pct,74.274816,4567.49125,3.77875,3.77875,False,True,green_box_quarter,green_box_2_75pct,3.77875
2025-12-30,L9,1,9,4262.82,level_name,red_box_quarter,red_box_4_25pct,70.301562,4099.195,163.625,163.625,False,False,red_box_edge,red_edge_2,9.65
2025-12-30,L8,2,8,4279.3,level_name,prior_range_fraction,prev_range_0.25,80.7125,4364.28,-84.98,84.98,False,False,red_box_edge,red_edge_2,6.83
2025-12-30,L7,3,7,4296.74,level_name,red_box_quarter,red_box_2_25pct,94.43125,4376.435,-79.695,79.695,False,False,prior_hlc,previous_low,5.73
2025-12-30,L6,4,6,4312.71,level_name,prior_hlc,previous_pivot_hlc3,92.570834,4394.74,-82.03,82.03,False,False,red_box_quarter,red_box_2_75pct,5.585
2025-12-30,L5,5,5,4329.56,level_name,green_box_edge,green_edge_1,94.7375,4441.09,-111.53,111.53,False,False,prior_hlc,previous_close,2.48
2025-12-30,L4,6,4,4350.13,level_name,green_box_edge,green_edge_1,95.25,4441.09,-90.96,90.96,False,False,red_box_midline,red_mid_2,8.35
2025-12-30,L3,7,3,4368.33,level_name,prior_range_fraction,prev_range_0.875,85.240625,4518.805,-150.475,150.475,False,False,green_box_midline,green_mid_1,3.45
2025-12-30,L2,8,2,4385.33,level_name,prior_range_fraction,prev_range_0.875,91.7625,4518.805,-133.475,133.475,False,False,prior_range_fraction,prev_range_0.333333,0.446749
2025-12-30,L1,9,1,4401.73,level_name,green_box_quarter,green_box_2_75pct,74.274816,4545.055,-143.325,143.325,False,False,green_box_quarter,green_box_1_75pct,4.705
2026-01-01,L9,1,9,4276.23,level_name,red_box_quarter,red_box_4_25pct,70.301562,4164.2825,111.9475,111.9475,False,False,red_box_midline,red_mid_2,0.525
2026-01-01,L8,2,8,4292.45,level_name,prior_range_fraction,prev_range_0.25,80.7125,4299.255,-6.805,6.805,False,False,red_box_quarter,red_box_2_25pct,0.3725
2026-01-01,L7,3,7,4308.35,level_name,red_box_quarter,red_box_2_25pct,94.43125,4292.8225,15.5275,15.5275,False,False,red_box_edge,red_edge_1,0.54
2026-01-01,L6,4,6,4324.37,level_name,prior_hlc,previous_pivot_hlc3,92.570834,4322.216667,2.153333,2.153333,True,True,prior_hlc,previous_mid,0.48
2026-01-01,L5,5,5,4342.0,level_name,green_box_edge,green_edge_1,94.7375,4338.89,3.11,3.11,False,True,red_box_midline,red_mid_1,0.975
2026-01-01,L4,6,4,4359.13,level_name,green_box_edge,green_edge_1,95.25,4338.89,20.24,20.24,False,False,prior_range_fraction,prev_range_0.875,1.7125
2026-01-01,L3,7,3,4380.53,level_name,prior_range_fraction,prev_range_0.875,85.240625,4360.8425,19.6875,19.6875,False,False,green_box_quarter,green_box_2_75pct,6.5625
2026-01-01,L2,8,2,4398.05,level_name,prior_range_fraction,prev_range_0.875,91.7625,4360.8425,37.2075,37.2075,False,False,green_box_edge,green_edge_2,5.11
2026-01-01,L1,9,1,4415.29,level_name,green_box_quarter,green_box_2_75pct,74.274816,4387.0925,28.1975,28.1975,False,False,green_box_quarter,green_box_3_25pct,3.9375
2026-01-02,L10,1,10,4243.41,level_name,red_box_midline,red_mid_4,81.46875,4148.215,95.195,95.195,False,False,red_box_edge,red_edge_2,1.21
2026-01-02,L9,2,9,4265.0,level_name,red_box_quarter,red_box_4_25pct,70.301562,4164.2825,100.7175,100.7175,False,False,red_box_quarter,red_box_2_75pct,4.3125
2026-01-02,L8,3,8,4287.02,level_name,prior_range_fraction,prev_range_0.25,80.7125,4299.255,-12.235,12.235,False,False,prior_range_fraction,prev_range_0.125,0.0825
2026-01-02,L7,4,7,4308.24,level_name,red_box_quarter,red_box_2_25pct,94.43125,4292.8225,15.4175,15.4175,False,False,red_box_edge,red_edge_1,0.65
2026-01-02,L6,5,6,4330.45,level_name,prior_hlc,previous_pivot_hlc3,92.570834,4322.216667,8.233333,8.233333,False,False,prior_range_fraction,prev_range_0.618,5.06772
2026-01-02,L5,6,5,4352.91,level_name,green_box_edge,green_edge_1,94.7375,4338.89,14.02,14.02,False,False,green_box_quarter,green_box_2_25pct,2.0475
2026-01-02,L4,7,4,4376.66,level_name,green_box_edge,green_edge_1,95.25,4338.89,37.77,37.77,False,False,prior_hlc,previous_high,3.5
2026-01-02,L3,8,3,4401.03,level_name,prior_range_fraction,prev_range_0.875,85.240625,4360.8425,40.1875,40.1875,False,False,green_box_edge,green_edge_2,2.13
2026-01-02,L2,9,2,4421.64,level_name,prior_range_fraction,prev_range_0.875,91.7625,4360.8425,60.7975,60.7975,False,False,green_box_quarter,green_box_3_25pct,2.4125
2026-01-02,L1,10,1,4442.58,level_name,green_box_quarter,green_box_2_75pct,74.274816,4387.0925,55.4875,55.4875,False,False,green_box_midline,green_mid_3,7.285
2026-01-05,L10,1,10,4237.22,level_name,red_box_midline,red_mid_4,81.46875,4188.2325,48.9875,48.9875,False,False,red_box_quarter,red_box_3_75pct,3.09875
2026-01-05,L9,2,9,4258.32,level_name,red_box_quarter,red_box_4_25pct,70.301562,4203.52875,54.79125,54.79125,False,False,red_box_quarter,red_box_3_25pct,6.39375
2026-01-05,L8,3,8,4282.92,level_name,prior_range_fraction,prev_range_0.25,80.7125,4333.1025,-50.1825,50.1825,False,False,red_box_edge,red_edge_2,2.91
2026-01-05,L7,4,7,4303.29,level_name,red_box_quarter,red_box_2_25pct,94.43125,4325.89875,-22.60875,22.60875,False,False,prior_hlc,previous_low,6.72
2026-01-05,L6,5,6,4326.31,level_name,prior_hlc,previous_pivot_hlc3,92.570834,4348.37,-22.06,22.06,False,False,red_box_quarter,red_box_2_25pct,0.41125
2026-01-05,L5,6,5,4350.66,level_name,green_box_edge,green_edge_1,94.7375,4371.195,-20.535,20.535,False,False,prior_hlc,previous_pivot_hlc3,2.29
2026-01-05,L4,7,4,4375.02,level_name,green_box_edge,green_edge_1,95.25,4371.195,3.825,3.825,False,True,red_box_midline,red_mid_1,3.2325
2026-01-05,L3,8,3,4398.84,level_name,prior_range_fraction,prev_range_0.875,85.240625,4390.83375,8.00625,8.00625,False,False,green_box_midline,green_mid_2,2.9475
2026-01-05,L2,9,2,4421.64,level_name,prior_range_fraction,prev_range_0.875,91.7625,4390.83375,30.80625,30.80625,False,False,green_box_quarter,green_box_2_75pct,4.55625
2026-01-05,L1,10,1,4445.0,level_name,green_box_quarter,green_box_2_75pct,74.274816,4417.08375,27.91625,27.91625,False,False,green_box_quarter,green_box_3_25pct,2.67625
2026-01-06,L9,1,9,4352.32,level_name,red_box_quarter,red_box_4_25pct,70.301562,4225.2575,127.0625,127.0625,False,False,red_box_midline,red_mid_2,2.935
2026-01-06,L8,2,8,4374.2,level_name,prior_range_fraction,prev_range_0.25,80.7125,4371.885,2.315,2.315,True,True,prior_range_fraction,prev_range_0.25,2.315
2026-01-06,L7,3,7,4398.56,level_name,red_box_quarter,red_box_2_25pct,94.43125,4367.1175,31.4425,31.4425,False,False,prior_hlc,previous_mid,1.29
2026-01-06,L6,4,6,4417.98,level_name,prior_hlc,previous_pivot_hlc3,92.570834,4416.196667,1.783333,1.783333,True,True,prior_range_fraction,prev_range_0.666667,0.513371
2026-01-06,L5,5,5,4437.39,level_name,green_box_edge,green_edge_1,94.7375,4414.85,22.54,22.54,False,False,red_box_quarter,red_box_1_25pct,0.6575
2026-01-06,L4,6,4,4459.82,level_name,green_box_edge,green_edge_1,95.25,4414.85,44.97,44.97,False,False,prior_hlc,previous_high,4.04
2026-01-06,L3,7,3,4477.56,level_name,prior_range_fraction,prev_range_0.875,85.240625,4441.7975,35.7625,35.7625,False,False,green_box_edge,green_edge_2,8.22
2026-01-06,L2,8,2,4493.63,level_name,prior_range_fraction,prev_range_0.875,91.7625,4441.7975,51.8325,51.8325,False,False,green_box_edge,green_edge_2,7.85
2026-01-06,L1,9,1,4510.37,level_name,green_box_quarter,green_box_2_75pct,74.274816,4468.0475,42.3225,42.3225,False,False,green_box_quarter,green_box_3_25pct,6.8575
2026-01-07,L10,1,10,4398.56,level_name,red_box_midline,red_mid_4,81.46875,4322.755,75.805,75.805,False,False,red_box_edge,red_edge_2,0.94
2026-01-07,L9,2,9,4417.29,level_name,red_box_quarter,red_box_4_25pct,70.301562,4335.2325,82.0575,82.0575,False,False,red_box_midline,red_mid_2,5.285
2026-01-07,L8,3,8,4435.52,level_name,prior_range_fraction,prev_range_0.25,80.7125,4445.075,-9.555,9.555,False,False,red_box_quarter,red_box_2_25pct,0.4675
2026-01-07,L7,4,7,4455.74,level_name,red_box_quarter,red_box_2_25pct,94.43125,4435.0525,20.6875,20.6875,False,False,prior_range_fraction,prev_range_0.382,1.44876
2026-01-07,L6,5,6,4475.3,level_name,prior_hlc,previous_pivot_hlc3,92.570834,4473.2,2.1,2.1,True,True,prior_range_fraction,prev_range_0.666667,1.13331
2026-01-07,L5,6,5,4491.87,level_name,green_box_edge,green_edge_1,94.7375,4477.53,14.34,14.34,False,False,green_box_quarter,green_box_2_25pct,1.8625
2026-01-07,L4,7,4,4510.43,level_name,green_box_edge,green_edge_1,95.25,4477.53,32.9,32.9,False,False,green_box_quarter,green_box_2_75pct,4.5325
2026-01-07,L3,8,3,4526.67,level_name,prior_range_fraction,prev_range_0.875,85.240625,4488.7125,37.9575,37.9575,False,False,green_box_edge,green_edge_2,0.77
2026-01-07,L2,9,2,4544.57,level_name,prior_range_fraction,prev_range_0.875,91.7625,4488.7125,55.8575,55.8575,False,False,green_box_quarter,green_box_3_25pct,4.6525
2026-01-07,L1,10,1,4561.48,level_name,green_box_quarter,green_box_2_75pct,74.274816,4514.9625,46.5175,46.5175,False,False,green_box_quarter,green_box_3_75pct,3.3925
2026-01-08,L10,1,10,4378.84,level_name,red_box_midline,red_mid_4,81.46875,4313.1825,65.6575,65.6575,False,False,red_box_quarter,red_box_3_25pct,1.27375
2026-01-08,L9,2,9,4399.85,level_name,red_box_quarter,red_box_4_25pct,70.301562,4326.56875,73.28125,73.28125,False,False,red_box_edge,red_edge_2,6.35
2026-01-08,L8,3,8,4419.71,level_name,prior_range_fraction,prev_range_0.25,80.7125,4442.7725,-23.0625,23.0625,False,False,red_box_midline,red_mid_2,0.5625
2026-01-08,L7,4,7,4438.21,level_name,red_box_quarter,red_box_2_25pct,94.43125,4433.65875,4.55125,4.55125,False,True,green_box_quarter,green_box_1_25pct,1.32375
2026-01-08,L6,5,6,4457.79,level_name,prior_hlc,previous_pivot_hlc3,92.570834,4460.15,-2.36,2.36,True,True,prior_hlc,previous_close,1.43
2026-01-08,L5,6,5,4477.38,level_name,green_box_edge,green_edge_1,94.7375,4477.045,0.335,0.335,True,True,green_box_edge,green_edge_1,0.335
2026-01-08,L4,7,4,4494.25,level_name,green_box_edge,green_edge_1,95.25,4477.045,17.205,17.205,False,False,prior_range_fraction,prev_range_0.875,3.29625
2026-01-08,L3,8,3,4509.75,level_name,prior_range_fraction,prev_range_0.875,85.240625,4490.95375,18.79625,18.79625,False,False,green_box_midline,green_mid_2,5.9325
2026-01-08,L2,9,2,4526.67,level_name,prior_range_fraction,prev_range_0.875,91.7625,4490.95375,35.71625,35.71625,False,False,green_box_edge,green_edge_2,3.92
2026-01-08,L1,10,1,4544.57,level_name,green_box_quarter,green_box_2_75pct,74.274816,4517.20375,27.36625,27.36625,False,False,green_box_quarter,green_box_3_25pct,0.59375
2026-01-09,L9,1,9,4380.2,level_name,red_box_quarter,red_box_4_25pct,70.301562,4314.21,65.99,65.99,False,False,red_box_edge,red_edge_2,2.44
2026-01-09,L8,2,8,4403.67,level_name,prior_range_fraction,prev_range_0.25,80.7125,4425.68,-22.01,22.01,False,False,red_box_midline,red_mid_2,0.49
2026-01-09,L7,3,7,4426.62,level_name,red_box_quarter,red_box_2_25pct,94.43125,4415.89,10.73,10.73,False,False,prior_range_fraction,prev_range_0.25,0.94
2026-01-09,L6,4,6,4447.13,level_name,prior_hlc,previous_pivot_hlc3,92.570834,4454.826667,-7.696667,7.696667,False,False,green_box_quarter,green_box_1_75pct,1.24
2026-01-09,L5,5,5,4468.29,level_name,green_box_edge,green_edge_1,94.7375,4458.6,9.69,9.69,False,False,red_box_quarter,red_box_1_25pct,1.56
2026-01-09,L4,6,4,4487.52,level_name,green_box_edge,green_edge_1,95.25,4458.6,28.92,28.92,False,False,green_box_midline,green_mid_2,3.5
2026-01-09,L3,7,3,4506.45,level_name,prior_range_fraction,prev_range_0.875,85.240625,4470.48,35.97,35.97,False,False,green_box_edge,green_edge_2,2.99
2026-01-09,L2,8,2,4526.67,level_name,prior_range_fraction,prev_range_0.875,91.7625,4470.48,56.19,56.19,False,False,green_box_quarter,green_box_3_25pct,4.52
2026-01-09,L1,9,1,4546.56,level_name,green_box_quarter,green_box_2_75pct,74.274816,4496.73,49.83,49.83,False,False,green_box_quarter,green_box_3_75pct,1.01
2026-01-12,L10,1,10,4433.53,level_name,red_box_midline,red_mid_4,81.46875,4352.3175,81.2125,81.2125,False,False,red_box_quarter,red_box_2_75pct,1.20375
2026-01-12,L9,2,9,4451.97,level_name,red_box_quarter,red_box_4_25pct,70.301562,4364.09125,87.87875,87.87875,False,False,prior_hlc,previous_low,0.99
2026-01-12,L8,3,8,4473.7,level_name,prior_range_fraction,prev_range_0.25,80.7125,4469.0075,4.6925,4.6925,False,True,prior_range_fraction,prev_range_0.333333,0.656645
2026-01-12,L7,4,7,4491.48,level_name,red_box_quarter,red_box_2_25pct,94.43125,4458.28125,33.19875,33.19875,False,False,prior_range_fraction,prev_range_0.618,1.14942
2026-01-12,L6,5,6,4511.6,level_name,prior_hlc,previous_pivot_hlc3,92.570834,4493.136667,18.463333,18.463333,False,False,green_box_quarter,green_box_2_25pct,0.22875
2026-01-12,L5,6,5,4528.66,level_name,green_box_edge,green_edge_1,94.7375,4500.055,28.605,28.605,False,False,green_box_midline,green_mid_2,5.0575
2026-01-12,L4,7,4,4544.9,level_name,green_box_edge,green_edge_1,95.25,4500.055,44.845,44.845,False,False,green_box_edge,green_edge_2,2.25
2026-01-12,L3,8,3,4564.46,level_name,prior_range_fraction,prev_range_0.875,85.240625,4509.12625,55.33375,55.33375,False,False,green_box_quarter,green_box_3_25pct,5.53625
2026-01-12,L2,9,2,4603.9,level_name,prior_range_fraction,prev_range_0.875,91.7625,4509.12625,94.77375,94.77375,False,False,green_box_quarter,green_box_4_25pct,2.11875
2026-01-12,L1,10,1,4623.53,level_name,green_box_quarter,green_box_2_75pct,74.274816,4535.37625,88.15375,88.15375,False,False,green_box_midline,green_mid_4,5.7375
2026-01-13,L7,1,7,4518.09,level_name,red_box_quarter,red_box_2_25pct,94.43125,4537.83625,-19.74625,19.74625,False,False,red_box_midline,red_mid_2,1.2675
2026-01-13,L6,2,6,4546.29,level_name,prior_hlc,previous_pivot_hlc3,92.570834,4580.003333,-33.713333,33.713333,False,False,green_box_midline,green_mid_1,3.0675
2026-01-13,L5,3,5,4572.9,level_name,green_box_edge,green_edge_1,94.7375,4586.315,-13.415,13.415,False,False,prior_hlc,previous_mid,1.585
2026-01-13,L4,4,4,4600.74,level_name,green_box_edge,green_edge_1,95.25,4586.315,14.425,14.425,False,False,prior_range_fraction,prev_range_0.75,0.0325
2026-01-13,L3,5,3,4621.9,level_name,prior_range_fraction,prev_range_0.875,85.240625,4615.50125,6.39875,6.39875,False,False,green_box_midline,green_mid_2,1.3725
2026-01-13,L2,6,2,4648.48,level_name,prior_range_fraction,prev_range_0.875,91.7625,4615.50125,32.97875,32.97875,False,False,green_box_quarter,green_box_2_75pct,6.72875
2026-01-13,L1,7,1,4672.29,level_name,green_box_quarter,green_box_2_75pct,74.274816,4641.75125,30.53875,30.53875,False,False,green_box_quarter,green_box_3_25pct,6.41875
2026-01-14,L9,1,9,4459.75,level_name,red_box_quarter,red_box_4_25pct,70.301562,4480.37625,-20.62625,20.62625,False,False,red_box_quarter,red_box_4_75pct,3.11125
2026-01-14,L8,2,8,4489.69,level_name,prior_range_fraction,prev_range_0.25,80.7125,4585.9575,-96.2675,96.2675,False,False,red_box_edge,red_edge_3,2.555
2026-01-14,L7,3,7,4519.14,level_name,red_box_quarter,red_box_2_25pct,94.43125,4575.32625,-56.18625,56.18625,False,False,red_box_midline,red_mid_3,3.1575
2026-01-14,L6,4,6,4546.5,level_name,prior_hlc,previous_pivot_hlc3,92.570834,4596.896667,-50.396667,50.396667,False,False,red_box_quarter,red_box_2_75pct,5.08875
2026-01-14,L5,5,5,4575.27,level_name,green_box_edge,green_edge_1,94.7375,4617.195,-41.925,41.925,False,False,red_box_quarter,red_box_2_25pct,0.05625
2026-01-14,L4,6,4,4597.86,level_name,green_box_edge,green_edge_1,95.25,4617.195,-19.335,19.335,False,False,prior_hlc,previous_pivot_hlc3,0.963333
2026-01-14,L3,7,3,4619.82,level_name,prior_range_fraction,prev_range_0.875,85.240625,4626.55125,-6.73125,6.73125,False,False,prior_range_fraction,prev_range_0.75,1.3875
2026-01-14,L2,8,2,4643.65,level_name,prior_range_fraction,prev_range_0.875,91.7625,4626.55125,17.09875,17.09875,False,False,green_box_midline,green_mid_2,2.7175
2026-01-14,L1,9,1,4670.48,level_name,green_box_quarter,green_box_2_75pct,74.274816,4652.80125,17.67875,17.67875,False,False,green_box_edge,green_edge_2,5.81
2026-01-15,L8,1,8,4488.65,level_name,prior_range_fraction,prev_range_0.25,80.7125,4602.165,-113.515,113.515,False,False,red_box_quarter,red_box_4_75pct,3.8225
2026-01-15,L7,2,7,4516.94,level_name,red_box_quarter,red_box_2_25pct,94.43125,4590.2025,-73.2625,73.2625,False,False,red_box_edge,red_edge_3,0.5
2026-01-15,L6,3,6,4549.19,level_name,prior_hlc,previous_pivot_hlc3,92.570834,4619.29,-70.1,70.1,False,False,red_box_quarter,red_box_3_25pct,1.1375
2026-01-15,L5,4,5,4574.22,level_name,green_box_edge,green_edge_1,94.7375,4630.74,-56.52,56.52,False,False,red_box_quarter,red_box_2_75pct,5.0925
2026-01-15,L4,5,4,4597.72,level_name,green_box_edge,green_edge_1,95.25,4630.74,-33.02,33.02,False,False,green_box_quarter,green_box_1_25pct,1.4075
2026-01-15,L3,6,3,4621.54,level_name,prior_range_fraction,prev_range_0.875,85.240625,4636.1025,-14.5625,14.5625,False,False,red_box_midline,red_mid_1,0.275
2026-01-15,L2,7,2,4643.65,level_name,prior_range_fraction,prev_range_0.875,91.7625,4636.1025,7.5475,7.5475,False,False,prior_hlc,previous_high,0.76
2026-01-15,L1,8,1,4670.48,level_name,green_box_quarter,green_box_2_75pct,74.274816,4662.3525,8.1275,8.1275,False,False,green_box_edge,green_edge_2,2.41
2026-01-16,L7,1,7,4541.12,level_name,red_box_quarter,red_box_2_25pct,94.43125,4581.69625,-40.57625,40.57625,False,False,red_box_quarter,red_box_3_25pct,0.09875
2026-01-16,L6,2,6,4566.81,level_name,prior_hlc,previous_pivot_hlc3,92.570834,4609.83,-43.02,43.02,False,False,red_box_midline,red_mid_2,4.7175
2026-01-16,L5,3,5,4591.17,level_name,green_box_edge,green_edge_1,94.7375,4621.865,-30.695,30.695,False,False,green_box_quarter,green_box_1_25pct,0.18875
2026-01-16,L4,4,4,4618.64,level_name,green_box_edge,green_edge_1,95.25,4621.865,-3.225,3.225,False,True,prior_range_fraction,prev_range_0.75,1.0625
2026-01-16,L3,5,3,4639.9,level_name,prior_range_fraction,prev_range_0.875,85.240625,4626.12125,13.77875,13.77875,False,False,green_box_midline,green_mid_2,2.3025
2026-01-16,L2,6,2,4662.91,level_name,prior_range_fraction,prev_range_0.875,91.7625,4626.12125,36.78875,36.78875,False,False,green_box_edge,green_edge_2,0.37
2026-01-16,L1,7,1,4685.17,level_name,green_box_quarter,green_box_2_75pct,74.274816,4652.37125,32.79875,32.79875,False,False,green_box_midline,green_mid_3,2.2925
2026-01-19,L7,1,7,4546.84,level_name,red_box_quarter,red_box_2_25pct,94.43125,4549.4975,-2.6575,2.6575,True,True,prior_range_fraction,prev_range_0.125,0.4025
2026-01-19,L6,2,6,4569.99,level_name,prior_hlc,previous_pivot_hlc3,92.570834,4584.386667,-14.396667,14.396667,False,False,prior_range_fraction,prev_range_0.382,1.15436
2026-01-19,L5,3,5,4592.49,level_name,green_box_edge,green_edge_1,94.7375,4593.75,-1.26,1.26,True,True,red_box_midline,red_mid_1,0.235
2026-01-19,L4,4,4,4615.0,level_name,green_box_edge,green_edge_1,95.25,4593.75,21.25,21.25,False,False,prior_range_fraction,prev_range_0.875,4.7425
2026-01-19,L3,5,3,4637.12,level_name,prior_range_fraction,prev_range_0.875,85.240625,4610.2575,26.8625,26.8625,False,False,green_box_quarter,green_box_2_75pct,0.6125
2026-01-19,L2,6,2,4660.05,level_name,prior_range_fraction,prev_range_0.875,91.7625,4610.2575,49.7925,49.7925,False,False,green_box_quarter,green_box_3_25pct,4.9625
2026-01-19,L1,7,1,4685.17,level_name,green_box_quarter,green_box_2_75pct,74.274816,4636.5075,48.6625,48.6625,False,False,green_box_midline,green_mid_3,5.905
2026-01-20,L9,1,9,4590.23,level_name,red_box_quarter,red_box_4_25pct,70.301562,4526.16875,64.06125,64.06125,False,False,red_box_edge,red_edge_2,0.73
2026-01-20,L8,2,8,4612.46,level_name,prior_range_fraction,prev_range_0.25,80.7125,4637.3325,-24.8725,24.8725,False,False,red_box_midline,red_mid_2,2.3725
2026-01-20,L7,3,7,4633.67,level_name,red_box_quarter,red_box_2_25pct,94.43125,4627.49875,6.17125,6.17125,False,False,green_box_quarter,green_box_1_25pct,1.50375
2026-01-20,L6,4,6,4655.27,level_name,prior_hlc,previous_pivot_hlc3,92.570834,4660.396667,-5.126667,5.126667,False,False,prior_hlc,previous_mid,0.105
2026-01-20,L5,5,5,4677.12,level_name,green_box_edge,green_edge_1,94.7375,4670.165,6.955,6.955,False,False,red_box_quarter,red_box_1_25pct,1.04375
2026-01-20,L4,6,4,4696.99,level_name,green_box_edge,green_edge_1,95.25,4670.165,26.825,26.825,False,False,green_box_midline,green_mid_2,1.4925
2026-01-20,L3,7,3,4719.43,level_name,prior_range_fraction,prev_range_0.875,85.240625,4681.91375,37.51625,37.51625,False,False,green_box_edge,green_edge_2,1.4
2026-01-20,L2,8,2,4736.87,level_name,prior_range_fraction,prev_range_0.875,91.7625,4681.91375,54.95625,54.95625,False,False,green_box_quarter,green_box_3_25pct,3.37375
2026-01-20,L1,9,1,4757.25,level_name,green_box_quarter,green_box_2_75pct,74.274816,4708.16375,49.08625,49.08625,False,False,green_box_quarter,green_box_3_75pct,1.57875
2026-01-21,L12,1,12,4693.31,rank_low_to_high,red_box_midline,red_mid_2,72.727679,4663.7225,29.5875,29.5875,False,False,green_box_midline,green_mid_1,0.4125
2026-01-21,L11,2,11,4715.24,level_name,red_box_quarter,red_box_3_75pct,61.475,4578.24125,136.99875,136.99875,False,False,red_box_quarter,red_box_1_75pct,0.22875
2026-01-21,L10,3,10,4733.72,level_name,red_box_midline,red_mid_4,81.46875,4526.9525,206.7675,206.7675,False,False,red_box_midline,red_mid_1,1.6125
2026-01-21,L9,4,9,4753.1,level_name,red_box_quarter,red_box_4_25pct,70.301562,4544.04875,209.05125,209.05125,False,False,prior_range_fraction,prev_range_0.875,0.14625
2026-01-21,L8,5,8,4772.38,level_name,prior_range_fraction,prev_range_0.25,80.7125,4686.2225,86.1575,86.1575,False,False,prior_hlc,previous_high,6.08
2026-01-21,L7,6,7,4792.89,level_name,red_box_quarter,red_box_2_25pct,94.43125,4680.81875,112.07125,112.07125,False,False,green_box_edge,green_edge_2,3.41
2026-01-21,L6,7,6,4812.42,level_name,prior_hlc,previous_pivot_hlc3,92.570834,4729.71,82.71,82.71,False,False,green_box_quarter,green_box_3_25pct,0.97625
2026-01-21,L5,8,5,4833.04,level_name,green_box_edge,green_edge_1,94.7375,4727.915,105.125,105.125,False,False,green_box_midline,green_mid_3,2.5475
2026-01-21,L4,9,4,4856.21,level_name,green_box_edge,green_edge_1,95.25,4727.915,128.295,128.295,False,False,green_box_edge,green_edge_3,8.475
2026-01-21,L3,10,3,4874.07,level_name,prior_range_fraction,prev_range_0.875,85.240625,4752.95375,121.11625,121.11625,False,False,green_box_quarter,green_box_4_25pct,7.71125
2026-01-21,L2,11,2,4894.21,level_name,prior_range_fraction,prev_range_0.875,91.7625,4752.95375,141.25625,141.25625,False,False,green_box_midline,green_mid_4,4.6675
2026-01-21,L1,12,1,4913.91,level_name,green_box_quarter,green_box_2_75pct,74.274816,4779.20375,134.70625,134.70625,False,False,green_box_quarter,green_box_4_75pct,2.06375
2026-01-22,L9,1,9,4721.69,level_name,red_box_quarter,red_box_4_25pct,70.301562,4624.33625,97.35375,97.35375,False,False,red_box_edge,red_edge_2,4.19
2026-01-22,L8,2,8,4750.47,level_name,prior_range_fraction,prev_range_0.25,80.7125,4788.9975,-38.5275,38.5275,False,False,red_box_quarter,red_box_2_75pct,4.28125
2026-01-22,L7,3,7,4776.28,level_name,red_box_quarter,red_box_2_25pct,94.43125,4786.80625,-10.52625,10.52625,False,False,green_box_quarter,green_box_1_25pct,0.09125
2026-01-22,L6,4,6,4803.79,level_name,prior_hlc,previous_pivot_hlc3,92.570834,4825.086667,-21.296667,21.296667,False,False,prior_range_fraction,prev_range_0.382,2.69354
2026-01-22,L5,5,5,4828.22,level_name,green_box_edge,green_edge_1,94.7375,4837.115,-8.895,8.895,False,False,red_box_quarter,red_box_1_75pct,0.79625
2026-01-22,L4,6,4,4853.55,level_name,green_box_edge,green_edge_1,95.25,4837.115,16.435,16.435,False,False,prior_range_fraction,prev_range_0.75,1.6825
2026-01-22,L3,7,3,4877.37,level_name,prior_range_fraction,prev_range_0.875,85.240625,4871.79125,5.57875,5.57875,False,False,green_box_midline,green_mid_2,0.3625
2026-01-22,L2,8,2,4899.02,level_name,prior_range_fraction,prev_range_0.875,91.7625,4871.79125,27.22875,27.22875,False,False,green_box_quarter,green_box_2_75pct,0.97875
2026-01-22,L1,9,1,4921.03,level_name,green_box_quarter,green_box_2_75pct,74.274816,4898.04125,22.98875,22.98875,False,False,green_box_edge,green_edge_2,2.68
2026-01-23,L8,1,8,4821.6,level_name,prior_range_fraction,prev_range_0.25,80.7125,4814.41,7.19,7.19,False,False,green_box_midline,green_mid_1,0.31
2026-01-23,L7,2,7,4847.66,level_name,red_box_quarter,red_box_2_25pct,94.43125,4816.685,30.975,30.975,False,False,green_box_quarter,green_box_1_75pct,0.975
2026-01-23,L6,3,6,4870.76,level_name,prior_hlc,previous_pivot_hlc3,92.570834,4882.993333,-12.233333,12.233333,False,False,green_box_edge,green_edge_1,0.7
2026-01-23,L5,4,5,4895.71,level_name,green_box_edge,green_edge_1,94.7375,4871.46,24.25,24.25,False,False,green_box_quarter,green_box_2_25pct,0.525
2026-01-23,L4,5,4,4918.05,level_name,green_box_edge,green_edge_1,95.25,4871.46,46.59,46.59,False,False,prior_range_fraction,prev_range_0.875,1.485
2026-01-23,L3,6,3,4943.33,level_name,prior_range_fraction,prev_range_0.875,85.240625,4919.535,23.795,23.795,False,False,green_box_quarter,green_box_2_75pct,2.455
2026-01-23,L2,7,2,4966.95,level_name,prior_range_fraction,prev_range_0.875,91.7625,4919.535,47.415,47.415,False,False,green_box_edge,green_edge_2,3.61
2026-01-23,L1,8,1,4989.64,level_name,green_box_quarter,green_box_2_75pct,74.274816,4945.785,43.855,43.855,False,False,green_box_quarter,green_box_3_25pct,5.695
2026-01-26,L12,1,12,4851.31,rank_low_to_high,red_box_midline,red_mid_2,72.727679,4899.4875,-48.1775,48.1775,False,False,red_box_quarter,red_box_3_25pct,3.04625
2026-01-26,L11,2,11,4879.66,level_name,red_box_quarter,red_box_3_75pct,61.475,4824.26875,55.39125,55.39125,False,False,red_box_quarter,red_box_2_75pct,4.78375
2026-01-26,L10,3,10,4911.27,level_name,red_box_midline,red_mid_4,81.46875,4779.1375,132.1325,132.1325,False,False,prior_range_fraction,prev_range_0.125,0.57625
2026-01-26,L9,4,9,4936.91,level_name,red_box_quarter,red_box_4_25pct,70.301562,4794.18125,142.72875,142.72875,False,False,prior_range_fraction,prev_range_0.382,2.9963
2026-01-26,L8,5,8,4961.5,level_name,prior_range_fraction,prev_range_0.25,80.7125,4921.9875,39.5125,39.5125,False,False,red_box_midline,red_mid_1,1.8375
2026-01-26,L7,6,7,4984.24,level_name,red_box_quarter,red_box_2_25pct,94.43125,4914.53125,69.70875,69.70875,False,False,prior_hlc,previous_close,3.74
2026-01-26,L6,7,6,5007.82,level_name,prior_hlc,previous_pivot_hlc3,92.570834,4959.043333,48.776667,48.776667,False,False,green_box_quarter,green_box_2_75pct,3.11375
2026-01-26,L5,8,5,5031.93,level_name,green_box_edge,green_edge_1,94.7375,4959.575,72.355,72.355,False,False,green_box_quarter,green_box_3_25pct,2.86375
2026-01-26,L4,9,4,5057.59,level_name,green_box_edge,green_edge_1,95.25,4959.575,98.015,98.015,False,False,green_box_quarter,green_box_3_75pct,7.29125
2026-01-26,L3,10,3,5078.56,level_name,prior_range_fraction,prev_range_0.875,85.240625,4978.45625,100.10375,100.10375,False,False,green_box_edge,green_edge_3,1.365
2026-01-26,L2,11,2,5097.86,level_name,prior_range_fraction,prev_range_0.875,91.7625,4978.45625,119.40375,119.40375,False,False,green_box_quarter,green_box_4_25pct,2.89125
2026-01-26,L1,12,1,5115.08,level_name,green_box_quarter,green_box_2_75pct,74.274816,5004.70625,110.37375,110.37375,False,False,green_box_midline,green_mid_4,5.0675
2026-01-27,L10,1,10,4847.89,level_name,red_box_midline,red_mid_4,81.46875,4846.5975,1.2925,1.2925,True,True,red_box_midline,red_mid_4,1.2925
2026-01-27,L9,2,9,4881.7,level_name,red_box_quarter,red_box_4_25pct,70.301562,4865.48625,16.21375,16.21375,False,False,red_box_edge,red_edge_3,2.675
2026-01-27,L8,3,8,4919.77,level_name,prior_range_fraction,prev_range_0.25,80.7125,5020.2075,-100.4375,100.4375,False,False,red_box_midline,red_mid_3,2.3825
2026-01-27,L7,4,7,4958.82,level_name,red_box_quarter,red_box_2_25pct,94.43125,5016.59625,-57.77625,57.77625,False,False,red_box_edge,red_edge_2,1.11
2026-01-27,L6,5,6,4998.75,level_name,prior_hlc,previous_pivot_hlc3,92.570834,5036.38,-37.63,37.63,False,False,red_box_midline,red_mid_2,1.0425
2026-01-27,L5,6,5,5033.46,level_name,green_box_edge,green_edge_1,94.7375,5065.485,-32.025,32.025,False,False,red_box_edge,red_edge_1,2.025
2026-01-27,L4,7,4,5064.63,level_name,green_box_edge,green_edge_1,95.25,5065.485,-0.855,0.855,True,True,prior_range_fraction,prev_range_0.618,0.14598
2026-01-27,L3,8,3,5096.19,level_name,prior_range_fraction,prev_range_0.875,85.240625,5095.90125,0.28875,0.28875,True,True,prior_range_fraction,prev_range_0.875,0.28875
2026-01-27,L2,9,2,5125.23,level_name,prior_range_fraction,prev_range_0.875,91.7625,5095.90125,29.32875,29.32875,False,False,green_box_quarter,green_box_2_75pct,3.07875
2026-01-27,L1,10,1,5153.51,level_name,green_box_quarter,green_box_2_75pct,74.274816,5122.15125,31.35875,31.35875,False,False,green_box_quarter,green_box_3_25pct,6.41875
2026-01-28,L10,1,10,5061.98,level_name,red_box_midline,red_mid_4,81.46875,4827.4875,234.4925,234.4925,False,False,red_box_quarter,red_box_2_25pct,1.08875
2026-01-28,L9,2,9,5094.59,level_name,red_box_quarter,red_box_4_25pct,70.301562,4853.42125,241.16875,241.16875,False,False,green_box_quarter,green_box_1_75pct,3.69875
2026-01-28,L8,3,8,5123.58,level_name,prior_range_fraction,prev_range_0.25,80.7125,5057.4575,66.1225,66.1225,False,False,prior_range_fraction,prev_range_0.618,0.81354
2026-01-28,L7,4,7,5152.26,level_name,red_box_quarter,red_box_2_25pct,94.43125,5060.89125,91.36875,91.36875,False,False,prior_range_fraction,prev_range_0.75,6.0675
2026-01-28,L6,5,6,5180.87,level_name,prior_hlc,previous_pivot_hlc3,92.570834,5128.29,52.58,52.58,False,False,prior_hlc,previous_close,0.35
2026-01-28,L5,6,5,5212.86,level_name,green_box_edge,green_edge_1,94.7375,5116.825,96.035,96.035,False,False,green_box_edge,green_edge_2,7.7
2026-01-28,L4,7,4,5243.94,level_name,green_box_edge,green_edge_1,95.25,5116.825,127.115,127.115,False,False,green_box_quarter,green_box_3_25pct,2.55375
2026-01-28,L3,8,3,5271.51,level_name,prior_range_fraction,prev_range_0.875,85.240625,5168.37625,103.13375,103.13375,False,False,green_box_midline,green_mid_3,0.9175
2026-01-28,L2,9,2,5301.47,level_name,prior_range_fraction,prev_range_0.875,91.7625,5168.37625,133.09375,133.09375,False,False,green_box_quarter,green_box_3_75pct,3.10875
2026-01-28,L1,10,1,5328.23,level_name,green_box_quarter,green_box_2_75pct,74.274816,5194.62625,133.60375,133.60375,False,False,green_box_edge,green_edge_3,3.935
2026-01-29,L7,1,7,5202.3,level_name,red_box_quarter,red_box_2_25pct,94.43125,5236.7725,-34.4725,34.4725,False,False,red_box_midline,red_mid_2,1.985
2026-01-29,L6,2,6,5250.84,level_name,prior_hlc,previous_pivot_hlc3,92.570834,5331.193333,-80.353333,80.353333,False,False,prior_range_fraction,prev_range_0.333333,6.220087
2026-01-29,L5,3,5,5309.52,level_name,green_box_edge,green_edge_1,94.7375,5303.23,6.29,6.29,False,False,red_box_quarter,red_box_1_75pct,0.1675
2026-01-29,L4,4,4,5354.75,level_name,green_box_edge,green_edge_1,95.25,5303.23,51.52,51.52,False,False,prior_range_fraction,prev_range_0.75,1.105
2026-01-29,L3,5,3,5397.47,level_name,prior_range_fraction,prev_range_0.875,85.240625,5386.3525,11.1175,11.1175,False,False,prior_range_fraction,prev_range_0.875,11.1175
2026-01-29,L2,6,2,5445.75,level_name,prior_range_fraction,prev_range_0.875,91.7625,5386.3525,59.3975,59.3975,False,False,green_box_edge,green_edge_2,3.31
2026-01-29,L1,7,1,5498.92,level_name,green_box_quarter,green_box_2_75pct,74.274816,5412.6025,86.3175,86.3175,False,False,green_box_quarter,green_box_3_25pct,13.4025
2026-01-30,L10,1,10,5189.95,level_name,red_box_midline,red_mid_4,81.46875,4682.815,507.135,507.135,False,False,red_box_midline,red_mid_2,16.045
2026-01-30,L9,2,9,5244.1,level_name,red_box_quarter,red_box_4_25pct,70.301562,4748.2125,495.8875,495.8875,False,False,green_box_midline,green_mid_1,8.105
2026-01-30,L8,3,8,5301.02,level_name,prior_range_fraction,prev_range_0.25,80.7125,5228.495,72.525,72.525,False,False,green_box_quarter,green_box_1_75pct,0.3725
2026-01-30,L7,4,7,5349.51,level_name,red_box_quarter,red_box_2_25pct,94.43125,5271.3925,78.1175,78.1175,False,False,prior_hlc,previous_mid,2.28
2026-01-30,L6,5,6,5400.77,level_name,prior_hlc,previous_pivot_hlc3,92.570834,5358.166667,42.603333,42.603333,False,False,red_box_quarter,red_box_1_75pct,1.4175
2026-01-30,L5,6,5,5453.11,level_name,green_box_edge,green_edge_1,94.7375,5366.79,86.32,86.32,False,False,red_box_midline,red_mid_1,14.475
2026-01-30,L4,7,4,5502.93,level_name,green_box_edge,green_edge_1,95.25,5366.79,136.14,136.14,False,False,green_box_midline,green_mid_2,5.345
2026-01-30,L3,8,3,5556.89,level_name,prior_range_fraction,prev_range_0.875,85.240625,5536.7325,20.1575,20.1575,False,False,green_box_quarter,green_box_2_75pct,6.0925
2026-01-30,L2,9,2,5604.0,level_name,prior_range_fraction,prev_range_0.875,91.7625,5536.7325,67.2675,67.2675,False,False,prior_hlc,previous_high,5.62
2026-01-30,L1,10,1,5658.75,level_name,green_box_quarter,green_box_2_75pct,74.274816,5562.9825,95.7675,95.7675,False,False,green_box_edge,green_edge_2,30.37
2026-02-02,L16,1,16,4350.91,rank_low_to_high,red_box_midline,red_mid_2,72.727679,4855.2925,-504.3825,504.3825,False,False,red_box_quarter,red_box_3_75pct,8.02625
2026-02-02,L15,2,15,4392.32,rank_low_to_high,red_box_quarter,red_box_4_25pct,75.695312,4160.39375,231.92625,231.92625,False,False,red_box_quarter,red_box_3_75pct,33.38375
2026-02-02,L14,3,14,4433.74,rank_low_to_high,green_box_quarter,green_box_1_25pct,93.851562,4786.02125,-352.28125,352.28125,False,False,red_box_midline,red_mid_3,24.4675
2026-02-02,L13,4,13,4482.84,rank_low_to_high,prior_hlc,previous_mid,94.7,5068.835,-585.995,585.995,False,False,red_box_midline,red_mid_3,24.6325
2026-02-02,L12,5,12,4532.05,rank_low_to_high,prior_range_fraction,prev_range_0.333333,95.05821,4941.473079,-409.423079,409.423079,False,False,red_box_quarter,red_box_3_25pct,25.42875
2026-02-02,L11,6,11,4581.26,level_name,red_box_quarter,red_box_3_75pct,61.475,4358.93625,222.32375,222.32375,False,False,red_box_quarter,red_box_3_25pct,23.78125
2026-02-02,L10,7,10,4634.47,level_name,red_box_midline,red_mid_4,81.46875,4061.1225,573.3475,573.3475,False,False,red_box_edge,red_edge_2,22.28
2026-02-02,L9,8,9,4682.35,level_name,red_box_quarter,red_box_4_25pct,70.301562,4160.39375,521.95625,521.95625,False,False,prior_hlc,previous_low,4.4
2026-02-02,L8,9,8,4729.96,level_name,prior_range_fraction,prev_range_0.25,80.7125,4877.7925,-147.8325,147.8325,False,False,red_box_quarter,red_box_2_75pct,26.06125
2026-02-02,L7,10,7,4780.49,level_name,red_box_quarter,red_box_2_25pct,94.43125,4954.56375,-174.07375,174.07375,False,False,prior_range_fraction,prev_range_0.125,1.78125
2026-02-02,L6,11,6,4831.95,level_name,prior_hlc,previous_pivot_hlc3,92.570834,5007.616667,-175.666667,175.666667,False,False,red_box_midline,red_mid_2,23.3425
2026-02-02,L5,12,5,4879.19,level_name,green_box_edge,green_edge_1,94.7375,5083.835,-204.645,204.645,False,False,prior_range_fraction,prev_range_0.25,1.3975
2026-02-02,L4,13,4,4926.32,level_name,green_box_edge,green_edge_1,95.25,5083.835,-157.515,157.515,False,False,prior_range_fraction,prev_range_0.333333,15.153079
2026-02-02,L3,14,3,4964.64,level_name,prior_range_fraction,prev_range_0.875,85.240625,5355.39875,-390.75875,390.75875,False,False,red_box_quarter,red_box_2_25pct,10.07625
2026-02-02,L2,15,2,5002.96,level_name,prior_range_fraction,prev_range_0.875,91.7625,5355.39875,-352.43875,352.43875,False,False,prior_hlc,previous_pivot_hlc3,4.656667
2026-02-02,L1,16,1,5047.67,level_name,green_box_quarter,green_box_2_75pct,74.274816,5381.64875,-333.97875,333.97875,False,False,red_box_edge,red_edge_1,6.165
2026-02-03,L14,1,14,4416.63,rank_low_to_high,red_box_midline,red_mid_2,72.727679,4500.87,-84.24,84.24,False,False,prior_hlc,previous_low,13.65
2026-02-03,L13,2,13,4468.4,rank_low_to_high,red_box_quarter,red_box_4_25pct,75.695312,4053.255,415.145,415.145,False,False,green_box_quarter,green_box_1_25pct,1.475
2026-02-03,L12,3,12,4511.63,rank_low_to_high,green_box_quarter,green_box_1_25pct,93.851562,4466.925,44.705,44.705,False,False,red_box_midline,red_mid_2,10.76
2026-02-03,L11,4,11,4563.78,level_name,red_box_quarter,red_box_3_75pct,61.475,4181.145,382.635,382.635,False,False,prior_range_fraction,prev_range_0.333333,0.280161
2026-02-03,L10,5,10,4620.73,level_name,red_box_midline,red_mid_4,81.46875,3989.31,631.42,631.42,False,False,red_box_edge,red_edge_1,8.03
2026-02-03,L9,6,9,4672.88,level_name,red_box_quarter,red_box_4_25pct,70.301562,4053.255,619.625,619.625,False,False,prior_hlc,previous_close,11.92
2026-02-03,L8,7,8,4715.42,level_name,prior_range_fraction,prev_range_0.25,80.7125,4523.37,192.05,192.05,False,False,green_box_quarter,green_box_2_25pct,7.285
2026-02-03,L7,8,7,4768.25,level_name,red_box_quarter,red_box_2_25pct,94.43125,4564.815,203.435,203.435,False,False,prior_range_fraction,prev_range_0.75,4.1
2026-02-03,L6,9,6,4805.99,level_name,prior_hlc,previous_pivot_hlc3,92.570834,4649.493333,156.496667,156.496667,False,False,red_box_quarter,red_box_1_25pct,14.605
2026-02-03,L5,10,5,4848.53,level_name,green_box_edge,green_edge_1,94.7375,4658.76,189.77,189.77,False,False,green_box_quarter,green_box_2_75pct,2.065
2026-02-03,L4,11,4,4884.57,level_name,green_box_edge,green_edge_1,95.25,4658.76,225.81,225.81,False,False,prior_hlc,previous_high,0.03
2026-02-03,L3,12,3,4914.21,level_name,prior_range_fraction,prev_range_0.875,85.240625,4824.345,89.865,89.865,False,False,green_box_edge,green_edge_2,0.33
2026-02-03,L2,13,2,4952.65,level_name,prior_range_fraction,prev_range_0.875,91.7625,4824.345,128.305,128.305,False,False,green_box_quarter,green_box_3_25pct,25.835
2026-02-03,L1,14,1,4988.65,level_name,green_box_quarter,green_box_2_75pct,74.274816,4850.595,138.055,138.055,False,False,green_box_quarter,green_box_3_25pct,10.165
2026-02-04,L9,1,9,4758.08,level_name,red_box_quarter,red_box_4_25pct,70.301562,4412.3925,345.6875,345.6875,False,False,green_box_midline,green_mid_1,2.525
2026-02-04,L8,2,8,4800.66,level_name,prior_range_fraction,prev_range_0.25,80.7125,4748.055,52.605,52.605,False,False,green_box_quarter,green_box_1_75pct,0.3675
2026-02-04,L7,3,7,4851.46,level_name,red_box_quarter,red_box_2_25pct,94.43125,4770.2925,81.1675,81.1675,False,False,green_box_edge,green_edge_1,6.43
2026-02-04,L6,4,6,4900.2,level_name,prior_hlc,previous_pivot_hlc3,92.570834,4868.926667,31.273333,31.273333,False,False,red_box_midline,red_mid_1,4.305
2026-02-04,L5,5,5,4948.43,level_name,green_box_edge,green_edge_1,94.7375,4845.03,103.4,103.4,False,False,red_box_quarter,red_box_1_25pct,0.8125
2026-02-04,L4,6,4,4996.14,level_name,green_box_edge,green_edge_1,95.25,4845.03,151.11,151.11,False,False,prior_hlc,previous_high,2.16
2026-02-04,L3,7,3,5044.24,level_name,prior_range_fraction,prev_range_0.875,85.240625,4952.9925,91.2475,91.2475,False,False,green_box_edge,green_edge_2,20.26
2026-02-04,L2,8,2,5097.48,level_name,prior_range_fraction,prev_range_0.875,91.7625,4952.9925,144.4875,144.4875,False,False,green_box_midline,green_mid_3,15.975
2026-02-04,L1,9,1,5149.28,level_name,green_box_quarter,green_box_2_75pct,74.274816,4979.2425,170.0375,170.0375,False,False,green_box_quarter,green_box_3_75pct,8.9125
2026-02-05,L11,1,11,4638.87,level_name,red_box_quarter,red_box_3_75pct,61.475,4717.7275,-78.8575,78.8575,False,False,red_box_quarter,red_box_4_25pct,10.8225
2026-02-05,L10,2,10,4689.73,level_name,red_box_midline,red_mid_4,81.46875,4615.675,74.055,74.055,False,False,red_box_edge,red_edge_3,6.02
2026-02-05,L9,3,9,4742.94,level_name,red_box_quarter,red_box_4_25pct,70.301562,4649.6925,93.2475,93.2475,False,False,red_box_midline,red_mid_3,8.805
2026-02-05,L8,4,8,4793.8,level_name,prior_range_fraction,prev_range_0.25,80.7125,4910.315,-116.515,116.515,False,False,red_box_quarter,red_box_3_25pct,8.0375
2026-02-05,L7,5,7,4843.94,level_name,red_box_quarter,red_box_2_25pct,94.43125,4921.8325,-77.8925,77.8925,False,False,prior_hlc,previous_low,5.84
2026-02-05,L6,6,6,4896.2,level_name,prior_hlc,previous_pivot_hlc3,92.570834,4968.813333,-72.613333,72.613333,False,False,red_box_midline,red_mid_2,8.385
2026-02-05,L5,7,5,4944.86,level_name,green_box_edge,green_edge_1,94.7375,4985.85,-40.99,40.99,False,False,prior_range_fraction,prev_range_0.382,2.58252
2026-02-05,L4,8,4,4990.45,level_name,green_box_edge,green_edge_1,95.25,4985.85,4.6,4.6,False,True,red_box_quarter,red_box_1_75pct,0.5825
2026-02-05,L3,9,3,5039.79,level_name,prior_range_fraction,prev_range_0.875,85.240625,5061.6525,-21.8625,21.8625,False,False,prior_range_fraction,prev_range_0.75,8.405
2026-02-05,L2,10,2,5089.38,level_name,prior_range_fraction,prev_range_0.875,91.7625,5061.6525,27.7275,27.7275,False,False,green_box_quarter,green_box_2_75pct,1.4775
2026-02-05,L1,11,1,5138.1,level_name,green_box_quarter,green_box_2_75pct,74.274816,5087.9025,50.1975,50.1975,False,False,green_box_edge,green_edge_2,16.18
2026-02-06,L11,1,11,4540.27,level_name,red_box_quarter,red_box_3_75pct,61.475,4619.5925,-79.3225,79.3225,False,False,red_box_quarter,red_box_4_25pct,5.8375
2026-02-06,L10,2,10,4590.35,level_name,red_box_midline,red_mid_4,81.46875,4509.365,80.985,80.985,False,False,red_box_edge,red_edge_3,7.5
2026-02-06,L9,3,9,4638.87,level_name,red_box_quarter,red_box_4_25pct,70.301562,4546.1075,92.7625,92.7625,False,False,red_box_midline,red_mid_3,17.465
2026-02-06,L8,4,8,4693.43,level_name,prior_range_fraction,prev_range_0.25,80.7125,4825.805,-132.375,132.375,False,False,red_box_quarter,red_box_3_25pct,0.3525
2026-02-06,L7,5,7,4746.79,level_name,red_box_quarter,red_box_2_25pct,94.43125,4840.0475,-93.2575,93.2575,False,False,prior_hlc,previous_low,13.03
2026-02-06,L6,6,6,4803.0,level_name,prior_hlc,previous_pivot_hlc3,92.570834,4854.346667,-51.346667,51.346667,False,False,red_box_midline,red_mid_2,0.305
2026-02-06,L5,7,5,4854.08,level_name,green_box_edge,green_edge_1,94.7375,4906.79,-52.71,52.71,False,False,prior_hlc,previous_pivot_hlc3,0.266667
2026-02-06,L4,8,4,4897.44,level_name,green_box_edge,green_edge_1,95.25,4906.79,-9.35,9.35,False,False,prior_hlc,previous_mid,5.65
2026-02-06,L3,9,3,4940.41,level_name,prior_range_fraction,prev_range_0.875,85.240625,4990.7675,-50.3575,50.3575,False,False,green_box_quarter,green_box_2_25pct,3.1225
2026-02-06,L2,10,2,4984.76,level_name,prior_range_fraction,prev_range_0.875,91.7625,4990.7675,-6.0075,6.0075,False,False,red_box_quarter,red_box_1_25pct,2.2575
2026-02-06,L1,11,1,5028.17,level_name,green_box_quarter,green_box_2_75pct,74.274816,5017.0175,11.1525,11.1525,False,False,prior_hlc,previous_high,4.41
2026-02-09,L9,1,9,4680.18,level_name,red_box_quarter,red_box_4_25pct,70.301562,4409.13125,271.04875,271.04875,False,False,red_box_quarter,red_box_2_75pct,11.52625
2026-02-09,L8,2,8,4738.74,level_name,prior_range_fraction,prev_range_0.25,80.7125,4734.4075,4.3325,4.3325,False,True,green_box_midline,green_mid_1,3.1675
2026-02-09,L7,3,7,4803.35,level_name,red_box_quarter,red_box_2_25pct,94.43125,4755.16125,48.18875,48.18875,False,False,red_box_edge,red_edge_1,4.935
2026-02-09,L6,4,6,4853.78,level_name,prior_hlc,previous_pivot_hlc3,92.570834,4864.19,-10.41,10.41,False,False,prior_range_fraction,prev_range_0.618,3.07346
2026-02-09,L5,5,5,4905.52,level_name,green_box_edge,green_edge_1,94.7375,4828.415,77.105,77.105,False,False,green_box_midline,green_mid_2,9.4025
2026-02-09,L4,6,4,4956.67,level_name,green_box_edge,green_edge_1,95.25,4828.415,128.255,128.255,False,False,green_box_quarter,green_box_2_75pct,1.50625
2026-02-09,L3,7,3,5009.62,level_name,prior_range_fraction,prev_range_0.875,85.240625,4931.92625,77.69375,77.69375,False,False,green_box_edge,green_edge_2,8.19
2026-02-09,L2,8,2,5056.75,level_name,prior_range_fraction,prev_range_0.875,91.7625,4931.92625,124.82375,124.82375,False,False,green_box_quarter,green_box_3_25pct,12.06625
2026-02-09,L1,9,1,5109.05,level_name,green_box_quarter,green_box_2_75pct,74.274816,4958.17625,150.87375,150.87375,False,False,green_box_midline,green_mid_3,21.1125
2026-02-10,L10,1,10,4811.47,level_name,red_box_midline,red_mid_4,81.46875,4821.035,-9.565,9.565,False,False,red_box_quarter,red_box_4_75pct,9.4125
2026-02-10,L9,2,9,4875.35,level_name,red_box_quarter,red_box_4_25pct,70.301562,4840.0125,35.3375,35.3375,False,False,red_box_quarter,red_box_3_75pct,2.6175
2026-02-10,L8,3,8,4934.24,level_name,prior_range_fraction,prev_range_0.25,80.7125,4995.355,-61.115,61.115,False,False,red_box_edge,red_edge_2,0.66
2026-02-10,L7,4,7,4987.02,level_name,red_box_quarter,red_box_2_25pct,94.43125,4991.8325,-4.8125,4.8125,False,True,green_box_quarter,green_box_1_25pct,3.1425
2026-02-10,L6,5,6,5034.62,level_name,prior_hlc,previous_pivot_hlc3,92.570834,5036.52,-1.9,1.9,True,True,prior_hlc,previous_pivot_hlc3,1.9
2026-02-10,L5,6,5,5081.07,level_name,green_box_edge,green_edge_1,94.7375,5040.81,40.26,40.26,False,False,green_box_midline,green_mid_2,2.305
2026-02-10,L4,7,4,5139.66,level_name,green_box_edge,green_edge_1,95.25,5040.81,98.85,98.85,False,False,green_box_quarter,green_box_3_25pct,3.9625
2026-02-10,L3,8,3,5191.0,level_name,prior_range_fraction,prev_range_0.875,85.240625,5071.4925,119.5075,119.5075,False,False,green_box_edge,green_edge_3,1.63
2026-02-10,L2,9,2,5242.8,level_name,prior_range_fraction,prev_range_0.875,91.7625,5071.4925,171.3075,171.3075,False,False,green_box_quarter,green_box_4_75pct,6.7625
2026-02-10,L1,10,1,5294.6,level_name,green_box_quarter,green_box_2_75pct,74.274816,5097.7425,196.8575,196.8575,False,False,green_box_edge,green_edge_4,26.06
2026-02-11,L9,1,9,4805.51,level_name,red_box_quarter,red_box_4_25pct,70.301562,4881.675,-76.165,76.165,False,False,red_box_edge,red_edge_4,30.73
2026-02-11,L8,2,8,4855.0,level_name,prior_range_fraction,prev_range_0.25,80.7125,5010.19,-155.19,155.19,False,False,red_box_quarter,red_box_4_75pct,3.615
2026-02-11,L7,3,7,4912.29,level_name,red_box_quarter,red_box_2_25pct,94.43125,5002.835,-90.545,90.545,False,False,red_box_quarter,red_box_3_75pct,0.325
2026-02-11,L6,4,6,4967.33,level_name,prior_hlc,previous_pivot_hlc3,92.570834,5030.42,-63.09,63.09,False,False,red_box_quarter,red_box_2_75pct,5.215
2026-02-11,L5,5,5,5016.51,level_name,green_box_edge,green_edge_1,94.7375,5047.98,-31.47,31.47,False,False,green_box_midline,green_mid_1,1.18
2026-02-11,L4,6,4,5075.63,level_name,green_box_edge,green_edge_1,95.25,5047.98,27.65,27.65,False,False,green_box_midline,green_mid_2,2.64
2026-02-11,L3,7,3,5123.51,level_name,prior_range_fraction,prev_range_0.875,85.240625,5067.165,56.345,56.345,False,False,green_box_quarter,green_box_3_25pct,0.195
2026-02-11,L2,8,2,5181.93,level_name,prior_range_fraction,prev_range_0.875,91.7625,5067.165,114.765,114.765,False,False,green_box_quarter,green_box_4_25pct,2.355
2026-02-11,L1,9,1,5236.71,level_name,green_box_quarter,green_box_2_75pct,74.274816,5093.415,143.295,143.295,False,False,green_box_edge,green_edge_4,6.99
2026-02-12,L11,1,11,4812.17,level_name,red_box_quarter,red_box_3_75pct,61.475,4940.145,-127.975,127.975,False,False,red_box_edge,red_edge_4,46.65
2026-02-12,L10,2,10,4864.4,level_name,red_box_midline,red_mid_4,81.46875,4891.35,-26.95,26.95,False,False,red_box_edge,red_edge_4,5.58
2026-02-12,L9,3,9,4909.12,level_name,red_box_quarter,red_box_4_25pct,70.301562,4907.615,1.505,1.505,True,True,red_box_quarter,red_box_4_25pct,1.505
2026-02-12,L8,4,8,4958.92,level_name,prior_range_fraction,prev_range_0.25,80.7125,5043.97,-85.05,85.05,False,False,red_box_midline,red_mid_3,2.51
2026-02-12,L7,5,7,4999.12,level_name,red_box_quarter,red_box_2_25pct,94.43125,5037.735,-38.615,38.615,False,False,red_box_quarter,red_box_2_75pct,6.085
2026-02-12,L6,6,6,5037.65,level_name,prior_hlc,previous_pivot_hlc3,92.570834,5074.08,-36.43,36.43,False,False,red_box_quarter,red_box_2_25pct,0.085
2026-02-12,L5,7,5,5075.63,level_name,green_box_edge,green_edge_1,94.7375,5084.0,-8.37,8.37,False,False,prior_hlc,previous_pivot_hlc3,1.55
2026-02-12,L4,8,4,5117.76,level_name,green_box_edge,green_edge_1,95.25,5084.0,33.76,33.76,False,False,green_box_midline,green_mid_2,1.23
2026-02-12,L3,9,3,5159.24,level_name,prior_range_fraction,prev_range_0.875,85.240625,5106.545,52.695,52.695,False,False,green_box_quarter,green_box_3_25pct,6.085
2026-02-12,L2,10,2,5208.54,level_name,prior_range_fraction,prev_range_0.875,91.7625,5106.545,101.995,101.995,False,False,green_box_edge,green_edge_3,5.58
2026-02-12,L1,11,1,5265.82,level_name,green_box_quarter,green_box_2_75pct,74.274816,5132.795,133.025,133.025,False,False,green_box_quarter,green_box_4_75pct,2.905
2026-02-13,L8,1,8,4778.31,level_name,prior_range_fraction,prev_range_0.25,80.7125,4933.9,-155.59,155.59,False,False,red_box_midline,red_mid_3,7.41
2026-02-13,L7,2,7,4825.68,level_name,red_box_quarter,red_box_2_25pct,94.43125,4942.82,-117.14,117.14,False,False,red_box_quarter,red_box_3_25pct,8.54
2026-02-13,L6,3,6,4870.79,level_name,prior_hlc,previous_pivot_hlc3,92.570834,4966.706667,-95.916667,95.916667,False,False,prior_hlc,previous_low,7.77
2026-02-13,L5,4,5,4914.19,level_name,green_box_edge,green_edge_1,94.7375,5004.24,-90.05,90.05,False,False,red_box_midline,red_mid_2,2.79
2026-02-13,L4,5,4,4960.96,level_name,green_box_edge,green_edge_1,95.25,5004.24,-43.28,43.28,False,False,prior_range_fraction,prev_range_0.382,2.15952
2026-02-13,L3,6,3,5004.15,level_name,prior_range_fraction,prev_range_0.875,85.240625,5072.25,-68.1,68.1,False,False,green_box_edge,green_edge_1,0.09
2026-02-13,L2,7,2,5044.91,level_name,prior_range_fraction,prev_range_0.875,91.7625,5072.25,-27.34,27.34,False,False,prior_range_fraction,prev_range_0.75,0.33
2026-02-13,L1,8,1,5076.73,level_name,green_box_quarter,green_box_2_75pct,74.274816,5098.5,-21.77,21.77,False,False,prior_range_fraction,prev_range_0.875,4.48
2026-02-16,L8,1,8,4866.75,level_name,prior_range_fraction,prev_range_0.25,80.7125,4925.65,-58.9,58.9,False,False,red_box_edge,red_edge_2,11.25
2026-02-16,L7,2,7,4914.19,level_name,red_box_quarter,red_box_2_25pct,94.43125,4926.975,-12.785,12.785,False,False,green_box_quarter,green_box_1_25pct,4.865
2026-02-16,L6,3,6,4961.15,level_name,prior_hlc,previous_pivot_hlc3,92.570834,4991.353333,-30.203333,30.203333,False,False,green_box_quarter,green_box_1_75pct,4.175
2026-02-16,L5,4,5,5001.35,level_name,green_box_edge,green_edge_1,94.7375,4980.8,20.55,20.55,False,False,red_box_midline,red_mid_1,2.9
2026-02-16,L4,5,4,5039.88,level_name,green_box_edge,green_edge_1,95.25,4980.8,59.08,59.08,False,False,prior_hlc,previous_close,2.58
2026-02-16,L3,6,3,5075.62,level_name,prior_range_fraction,prev_range_0.875,85.240625,5026.025,49.595,49.595,False,False,green_box_edge,green_edge_2,0.48
2026-02-16,L2,7,2,5114.15,level_name,prior_range_fraction,prev_range_0.875,91.7625,5026.025,88.125,88.125,False,False,green_box_midline,green_mid_3,9.6
2026-02-16,L1,8,1,5155.03,level_name,green_box_quarter,green_box_2_75pct,74.274816,5052.275,102.755,102.755,False,False,green_box_quarter,green_box_3_75pct,7.455
2026-02-17,L10,1,10,4787.39,level_name,red_box_midline,red_mid_4,81.46875,4845.9575,-58.5675,58.5675,False,False,red_box_edge,red_edge_4,29.11
2026-02-17,L9,2,9,4837.35,level_name,red_box_quarter,red_box_4_25pct,70.301562,4860.68625,-23.33625,23.33625,False,False,red_box_quarter,red_box_4_75pct,6.12125
2026-02-17,L8,3,8,4878.73,level_name,prior_range_fraction,prev_range_0.25,80.7125,4986.2875,-107.5575,107.5575,False,False,red_box_edge,red_edge_3,3.315
2026-02-17,L7,4,7,4920.57,level_name,red_box_quarter,red_box_2_25pct,94.43125,4978.51625,-57.94625,57.94625,False,False,red_box_quarter,red_box_3_25pct,0.96875
2026-02-17,L6,5,6,4963.07,level_name,prior_hlc,previous_pivot_hlc3,92.570834,5003.376667,-40.306667,40.306667,False,False,red_box_midline,red_mid_2,0.7175
2026-02-17,L5,6,5,4997.56,level_name,green_box_edge,green_edge_1,94.7375,5023.245,-25.685,25.685,False,False,prior_range_fraction,prev_range_0.382,0.32106
2026-02-17,L4,7,4,5037.25,level_name,green_box_edge,green_edge_1,95.25,5023.245,14.005,14.005,False,False,red_box_quarter,red_box_1_25pct,0.18125
2026-02-17,L3,8,3,5074.27,level_name,prior_range_fraction,prev_range_0.875,85.240625,5041.18125,33.08875,33.08875,False,False,green_box_quarter,green_box_2_75pct,6.83875
2026-02-17,L2,9,2,5111.59,level_name,prior_range_fraction,prev_range_0.875,91.7625,5041.18125,70.40875,70.40875,False,False,green_box_midline,green_mid_3,0.0275
2026-02-17,L1,10,1,5149.85,level_name,green_box_quarter,green_box_2_75pct,74.274816,5067.43125,82.41875,82.41875,False,False,green_box_quarter,green_box_4_25pct,5.95375
2026-02-18,L9,1,9,4729.24,level_name,red_box_quarter,red_box_4_25pct,70.301562,4694.42,34.82,34.82,False,False,red_box_edge,red_edge_3,11.26
2026-02-18,L8,2,8,4768.9,level_name,prior_range_fraction,prev_range_0.25,80.7125,4881.84,-112.94,112.94,False,False,red_box_midline,red_mid_3,3.8
2026-02-18,L7,3,7,4805.69,level_name,red_box_quarter,red_box_2_25pct,94.43125,4882.9,-77.21,77.21,False,False,red_box_edge,red_edge_2,6.53
2026-02-18,L6,4,6,4842.48,level_name,prior_hlc,previous_pivot_hlc3,92.570834,4906.673333,-64.193333,64.193333,False,False,prior_hlc,previous_low,0.26
2026-02-18,L5,5,5,4878.73,level_name,green_box_edge,green_edge_1,94.7375,4936.46,-57.73,57.73,False,False,prior_hlc,previous_close,1.63
2026-02-18,L4,6,4,4912.68,level_name,green_box_edge,green_edge_1,95.25,4936.46,-23.78,23.78,False,False,green_box_quarter,green_box_1_75pct,0.22
2026-02-18,L3,7,3,4947.32,level_name,prior_range_fraction,prev_range_0.875,85.240625,4980.89,-33.57,33.57,False,False,prior_range_fraction,prev_range_0.666667,0.553386
2026-02-18,L2,8,2,4977.69,level_name,prior_range_fraction,prev_range_0.875,91.7625,4980.89,-3.2,3.2,False,True,red_box_quarter,red_box_1_25pct,0.55
2026-02-18,L1,9,1,5007.4,level_name,green_box_quarter,green_box_2_75pct,74.274816,5007.14,0.26,0.26,True,True,green_box_quarter,green_box_2_75pct,0.26
2026-02-19,L11,1,11,4811.56,level_name,red_box_quarter,red_box_3_75pct,61.475,4754.14375,57.41625,57.41625,False,False,red_box_quarter,red_box_3_25pct,10.71875
2026-02-19,L10,2,10,4847.09,level_name,red_box_midline,red_mid_4,81.46875,4684.0975,162.9925,162.9925,False,False,red_box_quarter,red_box_2_75pct,0.44875
2026-02-19,L9,3,9,4874.51,level_name,red_box_quarter,red_box_4_25pct,70.301562,4707.44625,167.06375,167.06375,False,False,prior_range_fraction,prev_range_0.125,0.72125
2026-02-19,L8,4,8,4910.85,level_name,prior_range_fraction,prev_range_0.25,80.7125,4893.3875,17.4625,17.4625,False,False,prior_range_fraction,prev_range_0.382,3.23378
2026-02-19,L7,5,7,4944.55,level_name,red_box_quarter,red_box_2_25pct,94.43125,4894.23625,50.31375,50.31375,False,False,prior_hlc,previous_pivot_hlc3,2.92
2026-02-19,L6,6,6,4972.89,level_name,prior_hlc,previous_pivot_hlc3,92.570834,4947.47,25.42,25.42,False,False,prior_range_fraction,prev_range_0.75,1.1075
2026-02-19,L5,7,5,5000.02,level_name,green_box_edge,green_edge_1,94.7375,4947.585,52.435,52.435,False,False,green_box_midline,green_mid_2,5.7375
2026-02-19,L4,8,4,5030.72,level_name,green_box_edge,green_edge_1,95.25,4947.585,83.135,83.135,False,False,green_box_edge,green_edge_2,10.26
2026-02-19,L3,9,3,5056.67,level_name,prior_range_fraction,prev_range_0.875,85.240625,4991.38125,65.28875,65.28875,False,False,green_box_quarter,green_box_3_25pct,7.65875
2026-02-19,L2,10,2,5079.43,level_name,prior_range_fraction,prev_range_0.875,91.7625,4991.38125,88.04875,88.04875,False,False,green_box_midline,green_mid_3,8.2475
2026-02-19,L1,11,1,5102.34,level_name,green_box_quarter,green_box_2_75pct,74.274816,5017.63125,84.70875,84.70875,False,False,green_box_quarter,green_box_3_75pct,8.68625
2026-02-20,L10,1,10,4847.09,level_name,red_box_midline,red_mid_4,81.46875,4861.9675,-14.8775,14.8775,False,False,red_box_quarter,red_box_4_75pct,3.42875
2026-02-20,L9,2,9,4874.51,level_name,red_box_quarter,red_box_4_25pct,70.301562,4873.41625,1.09375,1.09375,True,True,red_box_quarter,red_box_4_25pct,1.09375
2026-02-20,L8,3,8,4906.4,level_name,prior_range_fraction,prev_range_0.25,80.7125,4976.0575,-69.6575,69.6575,False,False,red_box_midline,red_mid_3,1.3625
2026-02-20,L7,4,7,4935.99,level_name,red_box_quarter,red_box_2_25pct,94.43125,4965.00625,-29.01625,29.01625,False,False,red_box_edge,red_edge_2,5.33
2026-02-20,L6,5,6,4965.99,level_name,prior_hlc,previous_pivot_hlc3,92.570834,4992.956667,-26.966667,26.966667,False,False,red_box_quarter,red_box_2_25pct,0.98375
2026-02-20,L5,6,5,4995.03,level_name,green_box_edge,green_edge_1,94.7375,5006.455,-11.425,11.425,False,False,green_box_quarter,green_box_1_75pct,0.02375
2026-02-20,L4,7,4,5017.88,level_name,green_box_edge,green_edge_1,95.25,5006.455,11.425,11.425,False,False,green_box_quarter,green_box_2_25pct,0.02375
2026-02-20,L3,8,3,5043.23,level_name,prior_range_fraction,prev_range_0.875,85.240625,5014.55125,28.67875,28.67875,False,False,green_box_quarter,green_box_2_75pct,2.42875
2026-02-20,L2,9,2,5071.15,level_name,prior_range_fraction,prev_range_0.875,91.7625,5014.55125,56.59875,56.59875,False,False,green_box_midline,green_mid_3,3.9975
2026-02-20,L1,10,1,5102.34,level_name,green_box_quarter,green_box_2_75pct,74.274816,5040.80125,61.53875,61.53875,False,False,green_box_edge,green_edge_3,4.295
2026-02-23,L11,1,11,4979.7,level_name,red_box_quarter,red_box_3_75pct,61.475,4893.24,86.46,86.46,False,False,prior_hlc,previous_low,2.1
2026-02-23,L10,2,10,5006.11,level_name,red_box_midline,red_mid_4,81.46875,4834.68,171.43,171.43,False,False,red_box_quarter,red_box_2_25pct,4.25
2026-02-23,L9,3,9,5029.86,level_name,red_box_quarter,red_box_4_25pct,70.301562,4854.2,175.66,175.66,False,False,red_box_edge,red_edge_1,0.02
2026-02-23,L8,4,8,5053.03,level_name,prior_range_fraction,prev_range_0.25,80.7125,5013.34,39.69,39.69,False,False,red_box_quarter,red_box_1_75pct,3.63
2026-02-23,L7,5,7,5079.49,level_name,red_box_quarter,red_box_2_25pct,94.43125,5010.36,69.13,69.13,False,False,green_box_quarter,green_box_2_25pct,0.09
2026-02-23,L6,6,6,5102.34,level_name,prior_hlc,previous_pivot_hlc3,92.570834,5065.853333,36.486667,36.486667,False,False,green_box_midline,green_mid_2,3.42
2026-02-23,L5,7,5,5126.12,level_name,green_box_edge,green_edge_1,94.7375,5059.88,66.24,66.24,False,False,green_box_quarter,green_box_2_75pct,7.68
2026-02-23,L4,8,4,5150.72,level_name,green_box_edge,green_edge_1,95.25,5059.88,90.84,90.84,False,False,green_box_quarter,green_box_3_25pct,6.76
2026-02-23,L3,9,3,5176.62,level_name,prior_range_fraction,prev_range_0.875,85.240625,5092.19,84.43,84.43,False,False,green_box_midline,green_mid_3,0.38
2026-02-23,L2,10,2,5202.51,level_name,prior_range_fraction,prev_range_0.875,91.7625,5092.19,110.32,110.32,False,False,green_box_quarter,green_box_3_75pct,5.99
2026-02-23,L1,11,1,5228.41,level_name,green_box_quarter,green_box_2_75pct,74.274816,5118.44,109.97,109.97,False,False,green_box_quarter,green_box_4_25pct,7.15
2026-02-24,L11,1,11,5058.76,level_name,red_box_quarter,red_box_3_75pct,61.475,5006.06375,52.69625,52.69625,False,False,red_box_edge,red_edge_2,10.51
2026-02-24,L10,2,10,5090.82,level_name,red_box_midline,red_mid_4,81.46875,4942.8575,147.9625,147.9625,False,False,red_box_quarter,red_box_2_75pct,0.48125
2026-02-24,L9,3,9,5123.03,level_name,red_box_quarter,red_box_4_25pct,70.301562,4963.92625,159.10375,159.10375,False,False,green_box_quarter,green_box_1_25pct,2.69125
2026-02-24,L8,4,8,5147.05,level_name,prior_range_fraction,prev_range_0.25,80.7125,5133.9075,13.1425,13.1425,False,False,prior_range_fraction,prev_range_0.333333,1.596713
2026-02-24,L7,5,7,5176.62,level_name,red_box_quarter,red_box_2_25pct,94.43125,5132.47625,44.14375,44.14375,False,False,red_box_quarter,red_box_1_75pct,2.00625
2026-02-24,L6,6,6,5205.3,level_name,prior_hlc,previous_pivot_hlc3,92.570834,5188.196667,17.103333,17.103333,False,False,green_box_quarter,green_box_2_25pct,0.68625
2026-02-24,L5,7,5,5234.73,level_name,green_box_edge,green_edge_1,94.7375,5183.545,51.185,51.185,False,False,prior_hlc,previous_high,3.09
2026-02-24,L4,8,4,5263.54,level_name,green_box_edge,green_edge_1,95.25,5183.545,79.995,79.995,False,False,green_box_edge,green_edge_2,4.28
2026-02-24,L3,9,3,5294.6,level_name,prior_range_fraction,prev_range_0.875,85.240625,5220.50125,74.09875,74.09875,False,False,green_box_quarter,green_box_3_25pct,5.71125
2026-02-24,L2,10,2,5327.69,level_name,prior_range_fraction,prev_range_0.875,91.7625,5220.50125,107.18875,107.18875,False,False,green_box_quarter,green_box_3_75pct,3.33625
2026-02-24,L1,11,1,5361.79,level_name,green_box_quarter,green_box_2_75pct,74.274816,5246.75125,115.03875,115.03875,False,False,green_box_edge,green_edge_3,9.695
2026-02-25,L11,1,11,5002.25,level_name,red_box_quarter,red_box_3_75pct,61.475,4992.37625,9.87375,9.87375,False,False,red_box_quarter,red_box_3_75pct,9.87375
2026-02-25,L10,2,10,5040.31,level_name,red_box_midline,red_mid_4,81.46875,4922.2025,118.1075,118.1075,False,False,red_box_quarter,red_box_3_25pct,1.15125
2026-02-25,L9,3,9,5076.9,level_name,red_box_quarter,red_box_4_25pct,70.301562,4945.59375,131.30625,131.30625,False,False,red_box_quarter,red_box_2_75pct,9.04125
2026-02-25,L8,4,8,5108.63,level_name,prior_range_fraction,prev_range_0.25,80.7125,5131.8325,-23.2025,23.2025,False,False,red_box_midline,red_mid_2,0.7025
2026-02-25,L7,5,7,5141.24,level_name,red_box_quarter,red_box_2_25pct,94.43125,5132.72375,8.51625,8.51625,False,False,green_box_midline,green_mid_1,1.9075
2026-02-25,L6,6,6,5174.66,level_name,prior_hlc,previous_pivot_hlc3,92.570834,5161.996667,12.663333,12.663333,False,False,prior_hlc,previous_mid,3.545
2026-02-25,L5,7,5,5210.99,level_name,green_box_edge,green_edge_1,94.7375,5186.115,24.875,24.875,False,False,prior_range_fraction,prev_range_0.75,0.5925
2026-02-25,L4,8,4,5252.87,level_name,green_box_edge,green_edge_1,95.25,5186.115,66.755,66.755,False,False,prior_hlc,previous_high,3.19
2026-02-25,L3,9,3,5291.72,level_name,prior_range_fraction,prev_range_0.875,85.240625,5230.03875,61.68125,61.68125,False,False,green_box_quarter,green_box_3_25pct,11.35125
2026-02-25,L2,10,2,5327.69,level_name,prior_range_fraction,prev_range_0.875,91.7625,5230.03875,97.65125,97.65125,False,False,green_box_midline,green_mid_3,1.2275
2026-02-25,L1,11,1,5361.79,level_name,green_box_quarter,green_box_2_75pct,74.274816,5256.28875,105.50125,105.50125,False,False,green_box_edge,green_edge_3,11.455
2026-02-26,L8,1,8,5002.56,level_name,prior_range_fraction,prev_range_0.25,80.7125,5145.8075,-143.2475,143.2475,False,False,red_box_midline,red_mid_4,5.0425
2026-02-26,L7,2,7,5042.41,level_name,red_box_quarter,red_box_2_25pct,94.43125,5139.03125,-96.62125,96.62125,False,False,red_box_quarter,red_box_3_75pct,2.27875
2026-02-26,L6,3,6,5092.49,level_name,prior_hlc,previous_pivot_hlc3,92.570834,5168.116667,-75.626667,75.626667,False,False,red_box_edge,red_edge_2,0.63
2026-02-26,L5,4,5,5128.94,level_name,green_box_edge,green_edge_1,94.7375,5184.755,-55.815,55.815,False,False,prior_range_fraction,prev_range_0.125,4.89375
2026-02-26,L4,5,4,5167.75,level_name,green_box_edge,green_edge_1,95.25,5184.755,-17.005,17.005,False,False,prior_hlc,previous_pivot_hlc3,0.366667
2026-02-26,L3,6,3,5206.55,level_name,prior_range_fraction,prev_range_0.875,85.240625,5205.67625,0.87375,0.87375,True,True,prior_range_fraction,prev_range_0.875,0.87375
2026-02-26,L2,7,2,5248.24,level_name,prior_range_fraction,prev_range_0.875,91.7625,5205.67625,42.56375,42.56375,False,False,green_box_edge,green_edge_2,0.59
2026-02-26,L1,8,1,5283.09,level_name,green_box_quarter,green_box_2_75pct,74.274816,5231.92625,51.16375,51.16375,False,False,green_box_midline,green_mid_3,3.9925
2026-02-27,L9,1,9,4988.52,level_name,red_box_quarter,red_box_4_25pct,70.301562,5034.31,-45.79,45.79,False,False,red_box_edge,red_edge_4,6.28
2026-02-27,L8,2,8,5035.58,level_name,prior_range_fraction,prev_range_0.25,80.7125,5149.0,-113.42,113.42,False,False,red_box_quarter,red_box_4_25pct,1.27
2026-02-27,L7,3,7,5082.63,level_name,red_box_quarter,red_box_2_25pct,94.43125,5139.67,-57.04,57.04,False,False,red_box_quarter,red_box_3_25pct,4.36
2026-02-27,L6,4,6,5120.49,level_name,prior_hlc,previous_pivot_hlc3,92.570834,5173.56,-53.07,53.07,False,False,red_box_midline,red_mid_2,6.01
2026-02-27,L5,5,5,5159.15,level_name,green_box_edge,green_edge_1,94.7375,5182.84,-23.69,23.69,False,False,prior_range_fraction,prev_range_0.382,0.20248
2026-02-27,L4,6,4,5200.74,level_name,green_box_edge,green_edge_1,95.25,5182.84,17.9,17.9,False,False,prior_range_fraction,prev_range_0.875,4.64
2026-02-27,L3,7,3,5239.14,level_name,prior_range_fraction,prev_range_0.875,85.240625,5196.1,43.04,43.04,False,False,green_box_edge,green_edge_2,3.62
2026-02-27,L2,8,2,5275.89,level_name,prior_range_fraction,prev_range_0.875,91.7625,5196.1,79.79,79.79,False,False,green_box_quarter,green_box_3_75pct,0.86
2026-02-27,L1,9,1,5314.74,level_name,green_box_quarter,green_box_2_75pct,74.274816,5222.35,92.39,92.39,False,False,green_box_midline,green_mid_4,0.2
2026-03-02,L11,1,11,5120.89,level_name,red_box_quarter,red_box_3_75pct,61.475,5082.99,37.9,37.9,False,False,red_box_quarter,red_box_3_25pct,1.92
2026-03-02,L10,2,10,5154.88,level_name,red_box_midline,red_mid_4,81.46875,5029.02,125.86,125.86,False,False,red_box_quarter,red_box_2_75pct,0.07
2026-03-02,L9,3,9,5191.24,level_name,red_box_quarter,red_box_4_25pct,70.301562,5047.01,144.23,144.23,False,False,red_box_quarter,red_box_2_25pct,0.31
2026-03-02,L8,4,8,5223.68,level_name,prior_range_fraction,prev_range_0.25,80.7125,5195.44,28.24,28.24,False,False,prior_hlc,previous_mid,0.24
2026-03-02,L7,5,7,5256.98,level_name,red_box_quarter,red_box_2_25pct,94.43125,5190.93,66.05,66.05,False,False,green_box_quarter,green_box_2_25pct,0.07
2026-03-02,L6,6,6,5290.73,level_name,prior_hlc,previous_pivot_hlc3,92.570834,5242.613333,48.116667,48.116667,False,False,green_box_quarter,green_box_2_75pct,2.16
2026-03-02,L5,7,5,5326.06,level_name,green_box_edge,green_edge_1,94.7375,5238.92,87.14,87.14,False,False,green_box_quarter,green_box_3_25pct,2.81
2026-03-02,L4,8,4,5367.98,level_name,green_box_edge,green_edge_1,95.25,5238.92,129.06,129.06,False,False,green_box_quarter,green_box_3_75pct,3.13
2026-03-02,L3,9,3,5417.34,level_name,prior_range_fraction,prev_range_0.875,85.240625,5266.64,150.7,150.7,False,False,green_box_midline,green_mid_4,1.48
2026-03-02,L2,10,2,5462.94,level_name,prior_range_fraction,prev_range_0.875,91.7625,5266.64,196.3,196.3,False,False,green_box_edge,green_edge_4,8.14
2026-03-02,L1,11,1,5510.63,level_name,green_box_quarter,green_box_2_75pct,74.274816,5292.89,217.74,217.74,False,False,green_box_edge,green_edge_4,55.83
2026-03-03,L10,1,10,5113.22,level_name,red_box_midline,red_mid_4,81.46875,5090.0,23.22,23.22,False,False,red_box_quarter,red_box_4_25pct,0.29
2026-03-03,L9,2,9,5143.6,level_name,red_box_quarter,red_box_4_25pct,70.301562,5113.51,30.09,30.09,False,False,red_box_edge,red_edge_3,6.58
2026-03-03,L8,3,8,5176.19,level_name,prior_range_fraction,prev_range_0.25,80.7125,5300.58,-124.39,124.39,False,False,red_box_midline,red_mid_3,7.85
2026-03-03,L7,4,7,5213.93,level_name,red_box_quarter,red_box_2_25pct,94.43125,5301.59,-87.66,87.66,False,False,red_box_quarter,red_box_3_25pct,6.38
2026-03-03,L6,5,6,5249.62,level_name,prior_hlc,previous_pivot_hlc3,92.570834,5334.013333,-84.393333,84.393333,False,False,red_box_quarter,red_box_2_75pct,4.95
2026-03-03,L5,6,5,5286.64,level_name,green_box_edge,green_edge_1,94.7375,5355.1,-68.46,68.46,False,False,green_box_quarter,green_box_1_25pct,2.07
2026-03-03,L4,7,4,5324.04,level_name,green_box_edge,green_edge_1,95.25,5355.1,-31.06,31.06,False,False,red_box_edge,red_edge_1,1.06
2026-03-03,L3,8,3,5365.22,level_name,prior_range_fraction,prev_range_0.875,85.240625,5399.38,-34.16,34.16,False,False,prior_range_fraction,prev_range_0.666667,1.226719
2026-03-03,L2,9,2,5408.18,level_name,prior_range_fraction,prev_range_0.875,91.7625,5399.38,8.8,8.8,False,False,green_box_midline,green_mid_2,6.06
2026-03-03,L1,10,1,5422.84,level_name,green_box_quarter,green_box_2_75pct,74.274816,5425.63,-2.79,2.79,True,True,green_box_quarter,green_box_2_75pct,2.79
2026-03-04,L9,1,9,4944.32,level_name,red_box_quarter,red_box_4_25pct,70.301562,4707.77625,236.54375,236.54375,False,False,red_box_edge,red_edge_2,21.95
2026-03-04,L8,2,8,4978.64,level_name,prior_range_fraction,prev_range_0.25,80.7125,5092.1675,-113.5275,113.5275,False,False,red_box_edge,red_edge_2,12.37
2026-03-04,L7,3,7,5012.24,level_name,red_box_quarter,red_box_2_25pct,94.43125,5121.36625,-109.12625,109.12625,False,False,red_box_quarter,red_box_2_75pct,5.72875
2026-03-04,L6,4,6,5043.41,level_name,prior_hlc,previous_pivot_hlc3,92.570834,5154.79,-111.38,111.38,False,False,prior_range_fraction,prev_range_0.125,0.80875
2026-03-04,L5,5,5,5078.76,level_name,green_box_edge,green_edge_1,94.7375,5203.065,-124.305,124.305,False,False,red_box_midline,red_mid_2,9.0925
2026-03-04,L4,6,4,5112.47,level_name,green_box_edge,green_edge_1,95.25,5203.065,-90.595,90.595,False,False,red_box_quarter,red_box_2_25pct,8.89625
2026-03-04,L3,7,3,5139.55,level_name,prior_range_fraction,prev_range_0.875,85.240625,5331.91125,-192.36125,192.36125,False,False,prior_range_fraction,prev_range_0.382,3.25138
2026-03-04,L2,8,2,5170.57,level_name,prior_range_fraction,prev_range_0.875,91.7625,5331.91125,-161.34125,161.34125,False,False,red_box_edge,red_edge_1,2.495
2026-03-04,L1,9,1,5205.18,level_name,green_box_quarter,green_box_2_75pct,74.274816,5358.16125,-152.98125,152.98125,False,False,green_box_edge,green_edge_1,2.115
2026-03-05,L9,1,9,5005.51,level_name,red_box_quarter,red_box_4_25pct,70.301562,4958.9275,46.5825,46.5825,False,False,red_box_quarter,red_box_3_75pct,8.5575
2026-03-05,L8,2,8,5033.87,level_name,prior_range_fraction,prev_range_0.25,80.7125,5114.515,-80.645,80.645,False,False,red_box_quarter,red_box_3_25pct,1.1075
2026-03-05,L7,3,7,5066.73,level_name,red_box_quarter,red_box_2_25pct,94.43125,5111.0275,-44.2975,44.2975,False,False,red_box_quarter,red_box_2_75pct,6.2725
2026-03-05,L6,4,6,5103.66,level_name,prior_hlc,previous_pivot_hlc3,92.570834,5143.726667,-40.066667,40.066667,False,False,green_box_quarter,green_box_1_25pct,0.6575
2026-03-05,L5,5,5,5139.59,level_name,green_box_edge,green_edge_1,94.7375,5160.04,-20.45,20.45,False,False,green_box_quarter,green_box_1_75pct,1.4375
2026-03-05,L4,6,4,5173.51,level_name,green_box_edge,green_edge_1,95.25,5160.04,13.47,13.47,False,False,prior_range_fraction,prev_range_0.75,2.055
2026-03-05,L3,7,3,5204.13,level_name,prior_range_fraction,prev_range_0.875,85.240625,5190.8275,13.3025,13.3025,False,False,prior_hlc,previous_high,1.96
2026-03-05,L2,8,2,5237.83,level_name,prior_range_fraction,prev_range_0.875,91.7625,5190.8275,47.0025,47.0025,False,False,green_box_edge,green_edge_2,1.74
2026-03-05,L1,9,1,5263.89,level_name,green_box_quarter,green_box_2_75pct,74.274816,5217.0775,46.8125,46.8125,False,False,green_box_quarter,green_box_3_25pct,8.7875
2026-03-06,L8,1,8,4975.77,level_name,prior_range_fraction,prev_range_0.25,80.7125,5087.03,-111.26,111.26,False,False,red_box_midline,red_mid_3,1.82
2026-03-06,L7,2,7,5004.85,level_name,red_box_quarter,red_box_2_25pct,94.43125,5086.265,-81.415,81.415,False,False,red_box_quarter,red_box_3_25pct,5.525
2026-03-06,L6,3,6,5039.06,level_name,prior_hlc,previous_pivot_hlc3,92.570834,5109.006667,-69.946667,69.946667,False,False,red_box_quarter,red_box_2_75pct,3.735
2026-03-06,L5,4,5,5070.97,level_name,green_box_edge,green_edge_1,94.7375,5138.0,-67.03,67.03,False,False,green_box_quarter,green_box_1_25pct,1.825
2026-03-06,L4,5,4,5105.9,level_name,green_box_edge,green_edge_1,95.25,5138.0,-32.1,32.1,False,False,prior_range_fraction,prev_range_0.382,0.12216
2026-03-06,L3,6,3,5139.25,level_name,prior_range_fraction,prev_range_0.875,85.240625,5176.955,-37.705,37.705,False,False,prior_range_fraction,prev_range_0.618,0.72784
2026-03-06,L2,7,2,5174.93,level_name,prior_range_fraction,prev_range_0.875,91.7625,5176.955,-2.025,2.025,True,True,red_box_quarter,red_box_1_25pct,1.725
2026-03-06,L1,8,1,5205.07,level_name,green_box_quarter,green_box_2_75pct,74.274816,5203.205,1.865,1.865,True,True,green_box_quarter,green_box_2_75pct,1.865
2026-03-09,L10,1,10,5013.5,level_name,red_box_midline,red_mid_4,81.46875,4924.74,88.76,88.76,False,False,red_box_quarter,red_box_3_25pct,0.54
2026-03-09,L9,2,9,5047.61,level_name,red_box_quarter,red_box_4_25pct,70.301562,4942.6,105.01,105.01,False,False,red_box_quarter,red_box_2_75pct,2.15
2026-03-09,L8,3,8,5080.19,level_name,prior_range_fraction,prev_range_0.25,80.7125,5090.12,-9.93,9.93,False,False,green_box_quarter,green_box_1_25pct,0.43
2026-03-09,L7,4,7,5108.7,level_name,red_box_quarter,red_box_2_25pct,94.43125,5085.48,23.22,23.22,False,False,prior_range_fraction,prev_range_0.382,3.67984
2026-03-09,L6,5,6,5140.78,level_name,prior_hlc,previous_pivot_hlc3,92.570834,5137.106667,3.673333,3.673333,False,True,red_box_midline,red_mid_1,1.72
2026-03-09,L5,6,5,5168.78,level_name,green_box_edge,green_edge_1,94.7375,5133.34,35.44,35.44,False,False,green_box_midline,green_mid_2,0.28
2026-03-09,L4,7,4,5198.3,level_name,green_box_edge,green_edge_1,95.25,5133.34,64.96,64.96,False,False,green_box_edge,green_edge_2,6.48
2026-03-09,L3,8,3,5226.3,level_name,prior_range_fraction,prev_range_0.875,85.240625,5160.67,65.63,65.63,False,False,green_box_quarter,green_box_3_25pct,3.66
2026-03-09,L2,9,2,5254.31,level_name,prior_range_fraction,prev_range_0.875,91.7625,5160.67,93.64,93.64,False,False,green_box_quarter,green_box_3_75pct,4.05
2026-03-09,L1,10,1,5282.82,level_name,green_box_quarter,green_box_2_75pct,74.274816,5186.92,95.9,95.9,False,False,green_box_edge,green_edge_3,6.6
2026-03-10,L9,1,9,5027.25,level_name,red_box_quarter,red_box_4_25pct,70.301562,4851.83375,175.41625,175.41625,False,False,prior_range_fraction,prev_range_0.125,10.56125
2026-03-10,L8,2,8,5057.79,level_name,prior_range_fraction,prev_range_0.25,80.7125,5060.6825,-2.8925,2.8925,True,True,prior_range_fraction,prev_range_0.25,2.8925
2026-03-10,L7,3,7,5088.85,level_name,red_box_quarter,red_box_2_25pct,94.43125,5064.80375,24.04625,24.04625,False,False,red_box_edge,red_edge_1,2.575
2026-03-10,L6,4,6,5116.85,level_name,prior_hlc,previous_pivot_hlc3,92.570834,5116.503333,0.346667,0.346667,True,True,prior_hlc,previous_pivot_hlc3,0.346667
2026-03-10,L5,5,5,5145.87,level_name,green_box_edge,green_edge_1,94.7375,5121.425,24.445,24.445,False,False,red_box_midline,red_mid_1,1.2025
2026-03-10,L4,6,4,5174.89,level_name,green_box_edge,green_edge_1,95.25,5121.425,53.465,53.465,False,False,prior_range_fraction,prev_range_0.875,0.14875
2026-03-10,L3,7,3,5202.38,level_name,prior_range_fraction,prev_range_0.875,85.240625,5175.03875,27.34125,27.34125,False,False,green_box_quarter,green_box_2_75pct,1.09125
2026-03-10,L2,8,2,5231.4,level_name,prior_range_fraction,prev_range_0.875,91.7625,5175.03875,56.36125,56.36125,False,False,green_box_edge,green_edge_2,3.49
2026-03-10,L1,9,1,5260.92,level_name,green_box_quarter,green_box_2_75pct,74.274816,5201.28875,59.63125,59.63125,False,False,green_box_quarter,green_box_3_25pct,6.38875
2026-03-11,L10,1,10,5083.36,level_name,red_box_midline,red_mid_4,81.46875,4974.2175,109.1425,109.1425,False,False,red_box_edge,red_edge_2,4.16
2026-03-11,L9,2,9,5109.2,level_name,red_box_quarter,red_box_4_25pct,70.301562,4993.10125,116.09875,116.09875,False,False,red_box_quarter,red_box_2_75pct,2.79625
2026-03-11,L8,3,8,5136.4,level_name,prior_range_fraction,prev_range_0.25,80.7125,5147.7875,-11.3875,11.3875,False,False,green_box_quarter,green_box_1_25pct,0.00375
2026-03-11,L7,4,7,5163.6,level_name,red_box_quarter,red_box_2_25pct,94.43125,5144.17125,19.42875,19.42875,False,False,prior_range_fraction,prev_range_0.382,0.16874
2026-03-11,L6,5,6,5189.44,level_name,prior_hlc,previous_pivot_hlc3,92.570834,5182.916667,6.523333,6.523333,False,False,prior_range_fraction,prev_range_0.618,2.90126
2026-03-11,L5,6,5,5222.07,level_name,green_box_edge,green_edge_1,94.7375,5193.055,29.015,29.015,False,False,prior_range_fraction,prev_range_0.875,1.38625
2026-03-11,L4,7,4,5249.95,level_name,green_box_edge,green_edge_1,95.25,5193.055,56.895,56.895,False,False,green_box_quarter,green_box_2_75pct,0.24375
2026-03-11,L3,8,3,5276.47,level_name,prior_range_fraction,prev_range_0.875,85.240625,5223.45625,53.01375,53.01375,False,False,green_box_edge,green_edge_2,7.88
2026-03-11,L2,9,2,5305.71,level_name,prior_range_fraction,prev_range_0.875,91.7625,5223.45625,82.25375,82.25375,False,False,green_box_midline,green_mid_3,0.6475
2026-03-11,L1,10,1,5334.27,level_name,green_box_quarter,green_box_2_75pct,74.274816,5249.70625,84.56375,84.56375,False,False,green_box_quarter,green_box_3_75pct,9.02875
2026-03-12,L10,1,10,5076.19,level_name,red_box_midline,red_mid_4,81.46875,5041.025,35.165,35.165,False,False,red_box_quarter,red_box_3_75pct,3.8425
2026-03-12,L9,2,9,5104.74,level_name,red_box_quarter,red_box_4_25pct,70.301562,5054.0275,50.7125,50.7125,False,False,red_box_quarter,red_box_3_25pct,1.2975
2026-03-12,L8,3,8,5126.27,level_name,prior_range_fraction,prev_range_0.25,80.7125,5167.545,-41.275,41.275,False,False,red_box_quarter,red_box_2_75pct,5.7725
2026-03-12,L7,4,7,5157.46,level_name,red_box_quarter,red_box_2_25pct,94.43125,5158.0475,-0.5875,0.5875,True,True,red_box_quarter,red_box_2_25pct,0.5875
2026-03-12,L6,5,6,5185.72,level_name,prior_hlc,previous_pivot_hlc3,92.570834,5182.686667,3.033333,3.033333,False,True,prior_hlc,previous_mid,0.33
2026-03-12,L5,6,5,5214.48,level_name,green_box_edge,green_edge_1,94.7375,5201.05,13.43,13.43,False,False,green_box_quarter,green_box_2_25pct,0.4275
2026-03-12,L4,7,4,5238.21,level_name,green_box_edge,green_edge_1,95.25,5201.05,37.16,37.16,False,False,green_box_quarter,green_box_2_75pct,1.8475
2026-03-12,L3,8,3,5264.16,level_name,prior_range_fraction,prev_range_0.875,85.240625,5213.8075,50.3525,50.3525,False,False,green_box_quarter,green_box_3_25pct,1.9025
2026-03-12,L2,9,2,5293.41,level_name,prior_range_fraction,prev_range_0.875,91.7625,5213.8075,79.6025,79.6025,False,False,green_box_quarter,green_box_3_75pct,1.3425
2026-03-12,L1,10,1,5319.91,level_name,green_box_quarter,green_box_2_75pct,74.274816,5240.0575,79.8525,79.8525,False,False,green_box_quarter,green_box_4_25pct,1.8375
2026-03-13,L9,1,9,4965.77,level_name,red_box_quarter,red_box_4_25pct,70.301562,4920.93625,44.83375,44.83375,False,False,red_box_quarter,red_box_3_75pct,3.17625
2026-03-13,L8,2,8,4989.28,level_name,prior_range_fraction,prev_range_0.25,80.7125,5089.2375,-99.9575,99.9575,False,False,red_box_midline,red_mid_3,5.8575
2026-03-13,L7,3,7,5023.5,level_name,red_box_quarter,red_box_2_25pct,94.43125,5087.56625,-64.06625,64.06625,False,False,red_box_edge,red_edge_2,1.58
2026-03-13,L6,4,6,5053.98,level_name,prior_hlc,previous_pivot_hlc3,92.570834,5108.61,-54.63,54.63,False,False,prior_hlc,previous_low,1.1
2026-03-13,L5,5,5,5079.86,level_name,green_box_edge,green_edge_1,94.7375,5138.395,-58.535,58.535,False,False,prior_hlc,previous_close,0.82
2026-03-13,L4,6,4,5106.89,level_name,green_box_edge,green_edge_1,95.25,5138.395,-31.505,31.505,False,False,prior_range_fraction,prev_range_0.382,0.38266
2026-03-13,L3,7,3,5132.75,level_name,prior_range_fraction,prev_range_0.875,85.240625,5174.63125,-41.88125,41.88125,False,False,red_box_quarter,red_box_1_75pct,3.52625
2026-03-13,L2,8,2,5155.89,level_name,prior_range_fraction,prev_range_0.875,91.7625,5174.63125,-18.74125,18.74125,False,False,prior_range_fraction,prev_range_0.75,1.6625
2026-03-13,L1,9,1,5182.75,level_name,green_box_quarter,green_box_2_75pct,74.274816,5200.88125,-18.13125,18.13125,False,False,green_box_midline,green_mid_2,2.6975
2026-03-16,L10,1,10,4911.09,level_name,red_box_midline,red_mid_4,81.46875,4868.38,42.71,42.71,False,False,red_box_edge,red_edge_3,5.57
2026-03-16,L9,2,9,4940.94,level_name,red_box_quarter,red_box_4_25pct,70.301562,4886.95,53.99,53.99,False,False,red_box_midline,red_mid_3,1.72
2026-03-16,L8,3,8,4969.25,level_name,prior_range_fraction,prev_range_0.25,80.7125,5039.44,-70.19,70.19,False,False,red_box_quarter,red_box_3_25pct,8.02
2026-03-16,L7,4,7,4999.43,level_name,red_box_quarter,red_box_2_25pct,94.43125,5035.51,-36.08,36.08,False,False,red_box_quarter,red_box_2_75pct,1.06
2026-03-16,L6,5,6,5028.51,level_name,prior_hlc,previous_pivot_hlc3,92.570834,5052.273333,-23.763333,23.763333,False,False,green_box_quarter,green_box_1_25pct,0.14
2026-03-16,L5,6,5,5057.31,level_name,green_box_edge,green_edge_1,94.7375,5084.08,-26.77,26.77,False,False,prior_range_fraction,prev_range_0.382,2.22008
2026-03-16,L4,7,4,5080.85,level_name,green_box_edge,green_edge_1,95.25,5084.08,-3.23,3.23,False,True,prior_range_fraction,prev_range_0.618,2.22008
2026-03-16,L3,8,3,5110.48,level_name,prior_range_fraction,prev_range_0.875,85.240625,5113.54,-3.06,3.06,False,True,red_box_quarter,red_box_1_25pct,0.69
2026-03-16,L2,9,2,5135.95,level_name,prior_range_fraction,prev_range_0.875,91.7625,5113.54,22.41,22.41,False,False,green_box_quarter,green_box_2_75pct,3.84
2026-03-16,L1,10,1,5159.77,level_name,green_box_quarter,green_box_2_75pct,74.274816,5139.79,19.98,19.98,False,False,green_box_edge,green_edge_2,1.41
2026-03-17,L8,1,8,4924.06,level_name,prior_range_fraction,prev_range_0.25,80.7125,4985.105,-61.045,61.045,False,False,red_box_quarter,red_box_3_25pct,0.8575
2026-03-17,L7,2,7,4948.52,level_name,red_box_quarter,red_box_2_25pct,94.43125,4975.1675,-26.6475,26.6475,False,False,red_box_quarter,red_box_2_75pct,1.5225
2026-03-17,L6,3,6,4972.65,level_name,prior_hlc,previous_pivot_hlc3,92.570834,5003.903333,-31.253333,31.253333,False,False,red_box_quarter,red_box_2_25pct,2.5175
2026-03-17,L5,4,5,5002.1,level_name,green_box_edge,green_edge_1,94.7375,5017.73,-15.63,15.63,False,False,prior_hlc,previous_mid,0.63
2026-03-17,L4,5,4,5032.61,level_name,green_box_edge,green_edge_1,95.25,5017.73,14.88,14.88,False,False,green_box_quarter,green_box_2_25pct,2.3175
2026-03-17,L3,6,3,5061.71,level_name,prior_range_fraction,prev_range_0.875,85.240625,5029.1675,32.5425,32.5425,False,False,green_box_edge,green_edge_2,6.27
2026-03-17,L2,7,2,5085.66,level_name,prior_range_fraction,prev_range_0.875,91.7625,5029.1675,56.4925,56.4925,False,False,green_box_quarter,green_box_3_25pct,5.1175
2026-03-17,L1,8,1,5114.41,level_name,green_box_quarter,green_box_2_75pct,74.274816,5055.4175,58.9925,58.9925,False,False,green_box_edge,green_edge_3,3.82
2026-03-18,L12,1,12,4837.64,rank_low_to_high,red_box_midline,red_mid_2,72.727679,4968.44,-130.8,130.8,False,False,red_box_edge,red_edge_4,4.0
2026-03-18,L11,2,11,4859.25,level_name,red_box_quarter,red_box_3_75pct,61.475,4905.04,-45.79,45.79,False,False,red_box_quarter,red_box_4_75pct,4.93
2026-03-18,L10,3,10,4881.24,level_name,red_box_midline,red_mid_4,81.46875,4867.0,14.24,14.24,False,False,red_box_quarter,red_box_4_25pct,1.56
2026-03-18,L9,4,9,4902.76,level_name,red_box_quarter,red_box_4_25pct,70.301562,4879.68,23.08,23.08,False,False,red_box_quarter,red_box_3_75pct,2.28
2026-03-18,L8,5,8,4924.06,level_name,prior_range_fraction,prev_range_0.25,80.7125,4990.94,-66.88,66.88,False,False,red_box_quarter,red_box_3_25pct,6.34
2026-03-18,L7,6,7,4948.65,level_name,red_box_quarter,red_box_2_25pct,94.43125,4981.12,-32.47,32.47,False,False,red_box_edge,red_edge_2,5.57
2026-03-18,L6,7,6,4976.45,level_name,prior_hlc,previous_pivot_hlc3,92.570834,5007.7,-31.25,31.25,False,False,prior_hlc,previous_low,3.37
2026-03-18,L5,8,5,5007.6,level_name,green_box_edge,green_edge_1,94.7375,5023.8,-16.2,16.2,False,False,prior_hlc,previous_pivot_hlc3,0.1
2026-03-18,L4,9,4,5033.04,level_name,green_box_edge,green_edge_1,95.25,5023.8,9.24,9.24,False,False,red_box_quarter,red_box_1_25pct,1.2
2026-03-18,L3,10,3,5065.3,level_name,prior_range_fraction,prev_range_0.875,85.240625,5035.59,29.71,29.71,False,False,green_box_quarter,green_box_2_75pct,3.46
2026-03-18,L2,11,2,5093.1,level_name,prior_range_fraction,prev_range_0.875,91.7625,5035.59,57.51,57.51,False,False,green_box_quarter,green_box_3_25pct,5.9
2026-03-18,L1,12,1,5118.42,level_name,green_box_quarter,green_box_2_75pct,74.274816,5061.84,56.58,56.58,False,False,green_box_quarter,green_box_3_75pct,5.86
2026-03-19,L11,1,11,4688.75,level_name,red_box_quarter,red_box_3_75pct,61.475,4687.27375,1.47625,1.47625,True,True,red_box_quarter,red_box_3_75pct,1.47625
2026-03-19,L10,2,10,4712.49,level_name,red_box_midline,red_mid_4,81.46875,4597.5175,114.9725,114.9725,False,False,red_box_midline,red_mid_3,4.7025
2026-03-19,L9,3,9,4742.77,level_name,red_box_quarter,red_box_4_25pct,70.301562,4627.43625,115.33375,115.33375,False,False,red_box_quarter,red_box_3_25pct,4.34125
2026-03-19,L8,4,8,4770.8,level_name,prior_range_fraction,prev_range_0.25,80.7125,4859.3675,-88.5675,88.5675,False,False,red_box_edge,red_edge_2,6.23
2026-03-19,L7,5,7,4794.4,level_name,red_box_quarter,red_box_2_25pct,94.43125,4866.78625,-72.38625,72.38625,False,False,red_box_quarter,red_box_2_75pct,12.54875
2026-03-19,L6,6,6,4814.49,level_name,prior_hlc,previous_pivot_hlc3,92.570834,4880.683333,-66.193333,66.193333,False,False,prior_hlc,previous_close,4.15
2026-03-19,L5,7,5,4835.57,level_name,green_box_edge,green_edge_1,94.7375,4926.705,-91.135,91.135,False,False,red_box_midline,red_mid_2,1.2975
2026-03-19,L4,8,4,4854.69,level_name,green_box_edge,green_edge_1,95.25,4926.705,-72.015,72.015,False,False,prior_range_fraction,prev_range_0.25,4.6775
2026-03-19,L3,9,3,4878.22,level_name,prior_range_fraction,prev_range_0.875,85.240625,4990.21125,-111.99125,111.99125,False,False,prior_range_fraction,prev_range_0.333333,1.406736
2026-03-19,L2,10,2,4899.3,level_name,prior_range_fraction,prev_range_0.875,91.7625,4990.21125,-90.91125,90.91125,False,False,green_box_quarter,green_box_1_75pct,2.51375
2026-03-19,L1,11,1,4919.89,level_name,green_box_quarter,green_box_2_75pct,74.274816,5016.46125,-96.57125,96.57125,False,False,red_box_quarter,red_box_1_75pct,6.73375
2026-03-20,L10,1,10,4567.47,level_name,red_box_midline,red_mid_4,81.46875,4177.28,390.19,390.19,False,False,red_box_midline,red_mid_2,4.05
2026-03-20,L9,2,9,4581.8,level_name,red_box_quarter,red_box_4_25pct,70.301562,4226.56,355.24,355.24,False,False,red_box_midline,red_mid_2,10.28
2026-03-20,L8,3,8,4599.46,level_name,prior_range_fraction,prev_range_0.25,80.7125,4594.02,5.44,5.44,False,False,green_box_midline,green_mid_1,2.06
2026-03-20,L7,4,7,4621.43,level_name,red_box_quarter,red_box_2_25pct,94.43125,4620.8,0.63,0.63,True,True,red_box_quarter,red_box_2_25pct,0.63
2026-03-20,L6,5,6,4642.43,level_name,prior_hlc,previous_pivot_hlc3,92.570834,4673.513333,-31.083333,31.083333,False,False,prior_range_fraction,prev_range_0.382,0.33032
2026-03-20,L5,6,5,4666.39,level_name,green_box_edge,green_edge_1,94.7375,4700.08,-33.69,33.69,False,False,red_box_edge,red_edge_1,3.69
2026-03-20,L4,7,4,4687.79,level_name,green_box_edge,green_edge_1,95.25,4700.08,-12.29,12.29,False,False,prior_hlc,previous_mid,2.71
2026-03-20,L3,8,3,4706.92,level_name,prior_range_fraction,prev_range_0.875,85.240625,4821.67,-114.75,114.75,False,False,green_box_edge,green_edge_1,6.84
2026-03-20,L2,9,2,4725.01,level_name,prior_range_fraction,prev_range_0.875,91.7625,4821.67,-96.66,96.66,False,False,prior_range_fraction,prev_range_0.618,3.05032
2026-03-20,L1,10,1,4745.56,level_name,green_box_quarter,green_box_2_75pct,74.274816,4847.92,-102.36,102.36,False,False,prior_range_fraction,prev_range_0.666667,0.226788
2026-03-23,L10,1,10,4345.48,level_name,red_box_midline,red_mid_4,81.46875,4231.03,114.45,114.45,False,False,red_box_quarter,red_box_3_75pct,6.285
2026-03-23,L9,2,9,4379.86,level_name,red_box_quarter,red_box_4_25pct,70.301562,4267.085,112.775,112.775,False,False,red_box_midline,red_mid_3,4.61
2026-03-23,L8,3,8,4413.03,level_name,prior_range_fraction,prev_range_0.25,80.7125,4541.97,-128.94,128.94,False,False,red_box_quarter,red_box_3_25pct,1.725
2026-03-23,L7,4,7,4441.71,level_name,red_box_quarter,red_box_2_25pct,94.43125,4555.525,-113.815,113.815,False,False,red_box_edge,red_edge_2,5.65
2026-03-23,L6,5,6,4465.6,level_name,prior_hlc,previous_pivot_hlc3,92.570834,4570.406667,-104.806667,104.806667,False,False,prior_hlc,previous_low,11.76
2026-03-23,L5,6,5,4495.38,level_name,green_box_edge,green_edge_1,94.7375,4621.58,-126.2,126.2,False,False,prior_hlc,previous_close,2.68
2026-03-23,L4,7,4,4524.06,level_name,green_box_edge,green_edge_1,95.25,4621.58,-97.52,97.52,False,False,red_box_midline,red_mid_2,4.59
2026-03-23,L3,8,3,4550.06,level_name,prior_range_fraction,prev_range_0.875,85.240625,4703.495,-153.435,153.435,False,False,green_box_midline,green_mid_1,0.59
2026-03-23,L2,9,2,4581.4,level_name,prior_range_fraction,prev_range_0.875,91.7625,4703.495,-122.095,122.095,False,False,green_box_quarter,green_box_1_75pct,4.125
2026-03-23,L1,10,1,4607.7,level_name,green_box_quarter,green_box_2_75pct,74.274816,4729.745,-122.045,122.045,False,False,prior_hlc,previous_mid,1.12
2026-03-24,L10,1,10,4152.58,level_name,red_box_midline,red_mid_4,81.46875,3718.3425,434.2375,434.2375,False,False,prior_range_fraction,prev_range_0.125,1.06625
2026-03-24,L9,2,9,4206.54,level_name,red_box_quarter,red_box_4_25pct,70.301562,3776.77875,429.76125,429.76125,False,False,prior_range_fraction,prev_range_0.25,1.7925
2026-03-24,L8,3,8,4260.22,level_name,prior_range_fraction,prev_range_0.25,80.7125,4208.3325,51.8875,51.8875,False,False,prior_range_fraction,prev_range_0.382,5.86118
2026-03-24,L7,4,7,4305.61,level_name,red_box_quarter,red_box_2_25pct,94.43125,4244.26875,61.34125,61.34125,False,False,red_box_edge,red_edge_1,2.905
2026-03-24,L6,5,6,4349.74,level_name,prior_hlc,previous_pivot_hlc3,92.570834,4347.363333,2.376667,2.376667,True,True,prior_hlc,previous_pivot_hlc3,2.376667
2026-03-24,L5,6,5,4395.52,level_name,green_box_edge,green_edge_1,94.7375,4332.705,62.815,62.815,False,False,green_box_quarter,green_box_2_25pct,4.37875
2026-03-24,L4,7,4,4445.82,level_name,green_box_edge,green_edge_1,95.25,4332.705,113.115,113.115,False,False,green_box_midline,green_mid_2,3.7575
2026-03-24,L3,8,3,4495.02,level_name,prior_range_fraction,prev_range_0.875,85.240625,4481.76375,13.25625,13.25625,False,False,green_box_quarter,green_box_2_75pct,12.99375
2026-03-24,L2,9,2,4539.51,level_name,prior_range_fraction,prev_range_0.875,91.7625,4481.76375,57.74625,57.74625,False,False,prior_hlc,previous_high,3.06
2026-03-24,L1,10,1,4584.55,level_name,green_box_quarter,green_box_2_75pct,74.274816,4508.01375,76.53625,76.53625,False,False,green_box_edge,green_edge_2,18.1
2026-03-25,L10,1,10,4262.05,level_name,red_box_midline,red_mid_4,81.46875,4120.1425,141.9075,141.9075,False,False,red_box_quarter,red_box_3_25pct,11.92625
2026-03-25,L9,2,9,4308.9,level_name,red_box_quarter,red_box_4_25pct,70.301562,4146.13875,162.76125,162.76125,False,False,prior_hlc,previous_low,2.78
2026-03-25,L8,3,8,4347.33,level_name,prior_range_fraction,prev_range_0.25,80.7125,4350.6125,-3.2825,3.2825,False,True,prior_range_fraction,prev_range_0.25,3.2825
2026-03-25,L7,4,7,4388.14,level_name,red_box_quarter,red_box_2_25pct,94.43125,4354.10875,34.03125,34.03125,False,False,green_box_quarter,green_box_1_75pct,4.03125
2026-03-25,L6,5,6,4437.46,level_name,prior_hlc,previous_pivot_hlc3,92.570834,4421.523333,15.936667,15.936667,False,False,green_box_quarter,green_box_2_25pct,1.35875
2026-03-25,L5,6,5,4480.55,level_name,green_box_edge,green_edge_1,94.7375,4410.105,70.445,70.445,False,False,prior_hlc,previous_high,3.54
2026-03-25,L4,7,4,4530.5,level_name,green_box_edge,green_edge_1,95.25,4410.105,120.395,120.395,False,False,green_box_quarter,green_box_3_25pct,9.58625
2026-03-25,L3,8,3,4576.14,level_name,prior_range_fraction,prev_range_0.875,85.240625,4461.84375,114.29625,114.29625,False,False,green_box_midline,green_mid_3,10.0575
2026-03-25,L2,9,2,4618.18,level_name,prior_range_fraction,prev_range_0.875,91.7625,4461.84375,156.33625,156.33625,False,False,green_box_edge,green_edge_3,0.105
2026-03-25,L1,10,1,4657.61,level_name,green_box_quarter,green_box_2_75pct,74.274816,4488.09375,169.51625,169.51625,False,False,green_box_midline,green_mid_4,12.4575
2026-03-26,L10,1,10,4346.84,level_name,red_box_midline,red_mid_4,81.46875,4293.8,53.04,53.04,False,False,red_box_edge,red_edge_3,8.94
2026-03-26,L9,2,9,4385.7,level_name,red_box_quarter,red_box_4_25pct,70.301562,4315.85,69.85,69.85,False,False,red_box_midline,red_mid_3,3.7
2026-03-26,L8,3,8,4420.31,level_name,prior_range_fraction,prev_range_0.25,80.7125,4492.7,-72.39,72.39,False,False,red_box_edge,red_edge_2,5.79
2026-03-26,L7,4,7,4457.85,level_name,red_box_quarter,red_box_2_25pct,94.43125,4492.25,-34.4,34.4,False,False,prior_hlc,previous_low,1.75
2026-03-26,L6,5,6,4492.23,level_name,prior_hlc,previous_pivot_hlc3,92.570834,4521.626667,-29.396667,29.396667,False,False,red_box_quarter,red_box_2_25pct,0.02
2026-03-26,L5,6,5,4529.99,level_name,green_box_edge,green_edge_1,94.7375,4544.3,-14.31,14.31,False,False,prior_hlc,previous_mid,0.69
2026-03-26,L4,7,4,4563.01,level_name,green_box_edge,green_edge_1,95.25,4544.3,18.71,18.71,False,False,prior_range_fraction,prev_range_0.75,2.89
2026-03-26,L3,8,3,4594.22,level_name,prior_range_fraction,prev_range_0.875,85.240625,4584.2,10.02,10.02,False,False,green_box_midline,green_mid_2,5.82
2026-03-26,L2,9,2,4627.4,level_name,prior_range_fraction,prev_range_0.875,91.7625,4584.2,43.2,43.2,False,False,green_box_edge,green_edge_2,5.1
2026-03-26,L1,10,1,4660.05,level_name,green_box_quarter,green_box_2_75pct,74.274816,4610.45,49.6,49.6,False,False,green_box_quarter,green_box_3_25pct,5.5
2026-03-27,L10,1,10,4272.01,level_name,red_box_midline,red_mid_4,81.46875,4153.99,118.02,118.02,False,False,red_box_midline,red_mid_3,6.56
2026-03-27,L9,2,9,4301.92,level_name,red_box_quarter,red_box_4_25pct,70.301562,4181.855,120.065,120.065,False,False,red_box_quarter,red_box_3_25pct,8.605
2026-03-27,L8,3,8,4332.59,level_name,prior_range_fraction,prev_range_0.25,80.7125,4399.41,-66.82,66.82,False,False,red_box_edge,red_edge_2,11.41
2026-03-27,L7,4,7,4362.5,level_name,red_box_quarter,red_box_2_25pct,94.43125,4404.775,-42.275,42.275,False,False,prior_hlc,previous_low,11.32
2026-03-27,L6,5,6,4393.5,level_name,prior_hlc,previous_pivot_hlc3,92.570834,4424.426667,-30.926667,30.926667,False,False,prior_range_fraction,prev_range_0.25,5.91
2026-03-27,L5,6,5,4424.34,level_name,green_box_edge,green_edge_1,94.7375,4462.64,-38.3,38.3,False,False,prior_hlc,previous_pivot_hlc3,0.086667
2026-03-27,L4,7,4,4456.11,level_name,green_box_edge,green_edge_1,95.25,4462.64,-6.53,6.53,False,False,red_box_quarter,red_box_1_75pct,4.395
2026-03-27,L3,8,3,4487.72,level_name,prior_range_fraction,prev_range_0.875,85.240625,4519.985,-32.265,32.265,False,False,red_box_midline,red_mid_1,0.65
2026-03-27,L2,9,2,4521.48,level_name,prior_range_fraction,prev_range_0.875,91.7625,4519.985,1.495,1.495,True,True,prior_range_fraction,prev_range_0.875,1.495
2026-03-27,L1,10,1,4549.62,level_name,green_box_quarter,green_box_2_75pct,74.274816,4546.235,3.385,3.385,False,True,green_box_quarter,green_box_2_75pct,3.385
2026-03-30,L10,1,10,4364.75,level_name,red_box_midline,red_mid_4,81.46875,4188.3125,176.4375,176.4375,False,False,red_box_quarter,red_box_2_75pct,7.11125
2026-03-30,L9,2,9,4389.87,level_name,red_box_quarter,red_box_4_25pct,70.301562,4214.53375,175.33625,175.33625,False,False,red_box_midline,red_mid_2,8.2125
2026-03-30,L8,3,8,4419.79,level_name,prior_range_fraction,prev_range_0.25,80.7125,4420.5825,-0.7925,0.7925,True,True,prior_range_fraction,prev_range_0.25,0.7925
2026-03-30,L7,4,7,4451.72,level_name,red_box_quarter,red_box_2_25pct,94.43125,4424.30375,27.41625,27.41625,False,False,red_box_edge,red_edge_1,1.195
2026-03-30,L6,5,6,4484.03,level_name,prior_hlc,previous_pivot_hlc3,92.570834,4475.503333,8.526667,8.526667,False,False,prior_range_fraction,prev_range_0.618,2.70786
2026-03-30,L5,6,5,4513.02,level_name,green_box_edge,green_edge_1,94.7375,4480.525,32.495,32.495,False,False,prior_range_fraction,prev_range_0.75,2.5525
2026-03-30,L4,7,4,4543.04,level_name,green_box_edge,green_edge_1,95.25,4480.525,62.515,62.515,False,False,green_box_midline,green_mid_2,10.0725
2026-03-30,L3,8,3,4569.1,level_name,prior_range_fraction,prev_range_0.875,85.240625,4532.93875,36.16125,36.16125,False,False,green_box_quarter,green_box_2_75pct,9.91125
2026-03-30,L2,9,2,4592.54,level_name,prior_range_fraction,prev_range_0.875,91.7625,4532.93875,59.60125,59.60125,False,False,green_box_edge,green_edge_2,7.13
2026-03-30,L1,10,1,4619.49,level_name,green_box_quarter,green_box_2_75pct,74.274816,4559.18875,60.30125,60.30125,False,False,green_box_quarter,green_box_3_25pct,7.85875
2026-03-31,L8,1,8,4422.6,level_name,prior_range_fraction,prev_range_0.25,80.7125,4459.8775,-37.2775,37.2775,False,False,prior_hlc,previous_low,2.98
2026-03-31,L7,2,7,4448.16,level_name,red_box_quarter,red_box_2_25pct,94.43125,4461.25625,-13.09625,13.09625,False,False,green_box_quarter,green_box_1_25pct,4.66125
2026-03-31,L6,3,6,4480.75,level_name,prior_hlc,previous_pivot_hlc3,92.570834,4503.763333,-23.013333,23.013333,False,False,prior_range_fraction,prev_range_0.382,0.38346
2026-03-31,L5,4,5,4510.04,level_name,green_box_edge,green_edge_1,94.7375,4515.135,-5.095,5.095,False,False,prior_hlc,previous_close,0.98
2026-03-31,L4,5,4,4538.28,level_name,green_box_edge,green_edge_1,95.25,4515.135,23.145,23.145,False,False,green_box_quarter,green_box_2_25pct,0.73375
2026-03-31,L3,6,3,4560.29,level_name,prior_range_fraction,prev_range_0.875,85.240625,4560.52125,-0.23125,0.23125,True,True,prior_range_fraction,prev_range_0.875,0.23125
2026-03-31,L2,7,2,4582.99,level_name,prior_range_fraction,prev_range_0.875,91.7625,4560.52125,22.46875,22.46875,False,False,prior_hlc,previous_high,2.34
2026-03-31,L1,8,1,4603.56,level_name,green_box_quarter,green_box_2_75pct,74.274816,4586.77125,16.78875,16.78875,False,False,green_box_edge,green_edge_2,7.09
2026-04-01,L10,1,10,4573.77,level_name,red_box_midline,red_mid_4,81.46875,4276.385,297.385,297.385,False,False,green_box_quarter,green_box_1_75pct,3.2125
2026-04-01,L9,2,9,4596.19,level_name,red_box_quarter,red_box_4_25pct,70.301562,4305.7375,290.4525,290.4525,False,False,red_box_quarter,red_box_1_75pct,3.0725
2026-04-01,L8,3,8,4619.03,level_name,prior_range_fraction,prev_range_0.25,80.7125,4533.705,85.325,85.325,False,False,prior_range_fraction,prev_range_0.666667,0.016735
2026-04-01,L7,4,7,4641.04,level_name,red_box_quarter,red_box_2_25pct,94.43125,4540.5575,100.4825,100.4825,False,False,prior_range_fraction,prev_range_0.75,4.925
2026-04-01,L6,5,6,4661.39,level_name,prior_hlc,previous_pivot_hlc3,92.570834,4612.313333,49.076667,49.076667,False,False,prior_range_fraction,prev_range_0.875,0.3275
2026-04-01,L5,6,5,4683.82,level_name,green_box_edge,green_edge_1,94.7375,4599.91,83.91,83.91,False,False,prior_hlc,previous_high,3.5
2026-04-01,L4,7,4,4705.0,level_name,green_box_edge,green_edge_1,95.25,4599.91,105.09,105.09,False,False,green_box_edge,green_edge_2,12.32
2026-04-01,L3,8,3,4722.94,level_name,prior_range_fraction,prev_range_0.875,85.240625,4661.7175,61.2225,61.2225,False,False,green_box_edge,green_edge_2,5.62
2026-04-01,L2,9,2,4741.44,level_name,prior_range_fraction,prev_range_0.875,91.7625,4661.7175,79.7225,79.7225,False,False,green_box_quarter,green_box_3_25pct,5.2325
2026-04-01,L1,10,1,4764.21,level_name,green_box_quarter,green_box_2_75pct,74.274816,4687.9675,76.2425,76.2425,False,False,green_box_midline,green_mid_3,11.815
2026-04-02,L12,1,12,4547.25,rank_low_to_high,red_box_midline,red_mid_2,72.727679,4672.0,-124.75,124.75,False,False,red_box_edge,red_edge_3,3.97
2026-04-02,L11,2,11,4577.83,level_name,red_box_quarter,red_box_3_75pct,61.475,4571.35,6.48,6.48,False,False,red_box_quarter,red_box_3_75pct,6.48
2026-04-02,L10,3,10,4608.31,level_name,red_box_midline,red_mid_4,81.46875,4510.96,97.35,97.35,False,False,red_box_quarter,red_box_3_25pct,3.3
2026-04-02,L9,4,9,4641.04,level_name,red_box_quarter,red_box_4_25pct,70.301562,4531.09,109.95,109.95,False,False,red_box_edge,red_edge_2,9.3
2026-04-02,L8,5,8,4679.11,level_name,prior_range_fraction,prev_range_0.25,80.7125,4694.5,-15.39,15.39,False,False,prior_range_fraction,prev_range_0.125,0.99
2026-04-02,L7,6,7,4714.19,level_name,red_box_quarter,red_box_2_25pct,94.43125,4692.13,22.06,22.06,False,False,red_box_edge,red_edge_1,1.93
2026-04-02,L6,7,6,4749.81,level_name,prior_hlc,previous_pivot_hlc3,92.570834,4737.566667,12.243333,12.243333,False,False,prior_range_fraction,prev_range_0.666667,0.709956
2026-04-02,L5,8,5,4784.05,level_name,green_box_edge,green_edge_1,94.7375,4742.26,41.79,41.79,False,False,green_box_midline,green_mid_2,1.53
2026-04-02,L4,9,4,4810.02,level_name,green_box_edge,green_edge_1,95.25,4742.26,67.76,67.76,False,False,green_box_quarter,green_box_2_75pct,7.37
2026-04-02,L3,10,3,4835.06,level_name,prior_range_fraction,prev_range_0.875,85.240625,4776.4,58.66,58.66,False,False,green_box_quarter,green_box_3_25pct,7.85
2026-04-02,L2,11,2,4865.79,level_name,prior_range_fraction,prev_range_0.875,91.7625,4776.4,89.39,89.39,False,False,green_box_midline,green_mid_3,2.75
2026-04-02,L1,12,1,4898.79,level_name,green_box_quarter,green_box_2_75pct,74.274816,4802.65,96.14,96.14,False,False,green_box_edge,green_edge_3,4.51
2026-04-03,L9,1,9,4532.6,level_name,red_box_quarter,red_box_4_25pct,70.301562,4351.575,181.025,181.025,False,False,red_box_edge,red_edge_2,8.4
2026-04-03,L8,2,8,4572.04,level_name,prior_range_fraction,prev_range_0.25,80.7125,4615.75,-43.71,43.71,False,False,prior_range_fraction,prev_range_0.125,12.935
2026-04-03,L7,3,7,4603.66,level_name,red_box_quarter,red_box_2_25pct,94.43125,4627.775,-24.115,24.115,False,False,red_box_midline,red_mid_2,10.41
2026-04-03,L6,4,6,4637.21,level_name,prior_hlc,previous_pivot_hlc3,92.570834,4676.88,-39.67,39.67,False,False,prior_range_fraction,prev_range_0.333333,0.943415
2026-04-03,L5,5,5,4676.39,level_name,green_box_edge,green_edge_1,94.7375,4692.3,-15.91,15.91,False,False,prior_hlc,previous_close,0.35
2026-04-03,L4,6,4,4712.91,level_name,green_box_edge,green_edge_1,95.25,4692.3,20.61,20.61,False,False,prior_range_fraction,prev_range_0.666667,5.423415
2026-04-03,L3,7,3,4749.68,level_name,prior_range_fraction,prev_range_0.875,85.240625,4769.625,-19.945,19.945,False,False,prior_range_fraction,prev_range_0.75,10.83
2026-04-03,L2,8,2,4787.21,level_name,prior_range_fraction,prev_range_0.875,91.7625,4769.625,17.585,17.585,False,False,green_box_quarter,green_box_2_75pct,8.665
2026-04-03,L1,9,1,4819.04,level_name,green_box_quarter,green_box_2_75pct,74.274816,4795.875,23.165,23.165,False,False,green_box_edge,green_edge_2,11.36
2026-04-06,L9,1,9,4532.6,level_name,red_box_quarter,red_box_4_25pct,70.301562,4351.575,181.025,181.025,False,False,red_box_edge,red_edge_2,8.4
2026-04-06,L8,2,8,4572.04,level_name,prior_range_fraction,prev_range_0.25,80.7125,4615.75,-43.71,43.71,False,False,prior_range_fraction,prev_range_0.125,12.935
2026-04-06,L7,3,7,4603.66,level_name,red_box_quarter,red_box_2_25pct,94.43125,4627.775,-24.115,24.115,False,False,red_box_midline,red_mid_2,10.41
2026-04-06,L6,4,6,4637.21,level_name,prior_hlc,previous_pivot_hlc3,92.570834,4676.88,-39.67,39.67,False,False,prior_range_fraction,prev_range_0.333333,0.943415
2026-04-06,L5,5,5,4676.39,level_name,green_box_edge,green_edge_1,94.7375,4692.3,-15.91,15.91,False,False,prior_hlc,previous_close,0.35
2026-04-06,L4,6,4,4712.91,level_name,green_box_edge,green_edge_1,95.25,4692.3,20.61,20.61,False,False,prior_range_fraction,prev_range_0.666667,5.423415
2026-04-06,L3,7,3,4749.68,level_name,prior_range_fraction,prev_range_0.875,85.240625,4769.625,-19.945,19.945,False,False,prior_range_fraction,prev_range_0.75,10.83
2026-04-06,L2,8,2,4787.21,level_name,prior_range_fraction,prev_range_0.875,91.7625,4769.625,17.585,17.585,False,False,green_box_quarter,green_box_2_75pct,8.665
2026-04-06,L1,9,1,4819.04,level_name,green_box_quarter,green_box_2_75pct,74.274816,4795.875,23.165,23.165,False,False,green_box_edge,green_edge_2,11.36
2026-04-07,L9,1,9,4485.66,level_name,red_box_quarter,red_box_4_25pct,70.301562,4486.075,-0.415,0.415,True,True,red_box_quarter,red_box_4_25pct,0.415
2026-04-07,L8,2,8,4528.09,level_name,prior_range_fraction,prev_range_0.25,80.7125,4627.33,-99.24,99.24,False,False,red_box_quarter,red_box_3_75pct,8.085
2026-04-07,L7,3,7,4566.31,level_name,red_box_quarter,red_box_2_25pct,94.43125,4621.795,-55.485,55.485,False,False,red_box_edge,red_edge_2,4.59
2026-04-07,L6,4,6,4607.29,level_name,prior_hlc,previous_pivot_hlc3,92.570834,4652.673333,-45.383333,45.383333,False,False,red_box_midline,red_mid_2,2.46
2026-04-07,L5,5,5,4647.73,level_name,green_box_edge,green_edge_1,94.7375,4668.76,-21.03,21.03,False,False,prior_hlc,previous_close,2.77
2026-04-07,L4,6,4,4686.47,level_name,green_box_edge,green_edge_1,95.25,4668.76,17.71,17.71,False,False,green_box_quarter,green_box_2_25pct,0.745
2026-04-07,L3,7,3,4721.94,level_name,prior_range_fraction,prev_range_0.875,85.240625,4693.405,28.535,28.535,False,False,green_box_quarter,green_box_2_75pct,2.285
2026-04-07,L2,8,2,4754.02,level_name,prior_range_fraction,prev_range_0.875,91.7625,4693.405,60.615,60.615,False,False,green_box_quarter,green_box_3_25pct,0.435
2026-04-07,L1,9,1,4790.33,level_name,green_box_quarter,green_box_2_75pct,74.274816,4719.655,70.675,70.675,False,False,green_box_quarter,green_box_3_75pct,2.815
2026-04-08,L9,1,9,4514.71,level_name,red_box_quarter,red_box_4_25pct,70.301562,4489.56,25.15,25.15,False,False,red_box_edge,red_edge_3,7.53
2026-04-08,L8,2,8,4556.2,level_name,prior_range_fraction,prev_range_0.25,80.7125,4635.4,-79.2,79.2,False,False,red_box_quarter,red_box_3_25pct,3.84
2026-04-08,L7,3,7,4597.43,level_name,red_box_quarter,red_box_2_25pct,94.43125,4630.52,-33.09,33.09,False,False,red_box_quarter,red_box_2_75pct,2.15
2026-04-08,L6,4,6,4637.57,level_name,prior_hlc,previous_pivot_hlc3,92.570834,4677.336667,-39.766667,39.766667,False,False,prior_range_fraction,prev_range_0.25,2.17
2026-04-08,L5,5,5,4677.93,level_name,green_box_edge,green_edge_1,94.7375,4678.14,-0.21,0.21,True,True,green_box_edge,green_edge_1,0.21
2026-04-08,L4,6,4,4713.5,level_name,green_box_edge,green_edge_1,95.25,4678.14,35.36,35.36,False,False,green_box_midline,green_mid_2,0.12
2026-04-08,L3,7,3,4750.17,level_name,prior_range_fraction,prev_range_0.875,85.240625,4704.75,45.42,45.42,False,False,green_box_edge,green_edge_2,1.55
2026-04-08,L2,8,2,4784.92,level_name,prior_range_fraction,prev_range_0.875,91.7625,4704.75,80.17,80.17,False,False,green_box_midline,green_mid_3,1.06
2026-04-08,L1,9,1,4819.05,level_name,green_box_quarter,green_box_2_75pct,74.274816,4731.0,88.05,88.05,False,False,green_box_edge,green_edge_3,0.05
2026-04-09,L10,1,10,4527.98,level_name,red_box_midline,red_mid_4,81.46875,4529.5975,-1.6175,1.6175,True,True,red_box_midline,red_mid_4,1.6175
2026-04-09,L9,2,9,4570.57,level_name,red_box_quarter,red_box_4_25pct,70.301562,4553.00625,17.56375,17.56375,False,False,red_box_edge,red_edge_3,5.845
2026-04-09,L8,3,8,4609.45,level_name,prior_range_fraction,prev_range_0.25,80.7125,4739.3675,-129.9175,129.9175,False,False,red_box_quarter,red_box_3_75pct,9.62625
2026-04-09,L7,4,7,4651.82,level_name,red_box_quarter,red_box_2_25pct,94.43125,4740.27625,-88.45625,88.45625,False,False,red_box_quarter,red_box_3_25pct,5.17875
2026-04-09,L6,5,6,4693.82,level_name,prior_hlc,previous_pivot_hlc3,92.570834,4758.876667,-65.056667,65.056667,False,False,red_box_quarter,red_box_2_75pct,0.36125
2026-04-09,L5,6,5,4733.49,level_name,green_box_edge,green_edge_1,94.7375,4793.685,-60.195,60.195,False,False,prior_range_fraction,prev_range_0.25,5.8775
2026-04-09,L4,7,4,4767.19,level_name,green_box_edge,green_edge_1,95.25,4793.685,-26.495,26.495,False,False,green_box_quarter,green_box_1_75pct,3.08625
2026-04-09,L3,8,3,4798.14,level_name,prior_range_fraction,prev_range_0.875,85.240625,4837.66125,-39.52125,39.52125,False,False,prior_range_fraction,prev_range_0.618,0.89714
2026-04-09,L2,9,2,4830.82,level_name,prior_range_fraction,prev_range_0.875,91.7625,4837.66125,-6.84125,6.84125,False,False,red_box_quarter,red_box_1_25pct,3.09125
2026-04-09,L1,10,1,4864.83,level_name,green_box_quarter,green_box_2_75pct,74.274816,4863.91125,0.91875,0.91875,True,True,green_box_quarter,green_box_2_75pct,0.91875
2026-04-10,L9,1,9,4591.19,level_name,red_box_quarter,red_box_4_25pct,70.301562,4585.415,5.775,5.775,False,False,red_box_quarter,red_box_4_25pct,5.775
2026-04-10,L8,2,8,4629.18,level_name,prior_range_fraction,prev_range_0.25,80.7125,4724.08,-94.9,94.9,False,False,red_box_midline,red_mid_3,6.02
2026-04-10,L7,3,7,4671.56,level_name,red_box_quarter,red_box_2_25pct,94.43125,4718.175,-46.615,46.615,False,False,red_box_edge,red_edge_2,3.17
2026-04-10,L6,4,6,4706.64,level_name,prior_hlc,previous_pivot_hlc3,92.570834,4755.013333,-48.373333,48.373333,False,False,prior_range_fraction,prev_range_0.125,4.595
2026-04-10,L5,5,5,4746.82,level_name,green_box_edge,green_edge_1,94.7375,4764.77,-17.95,17.95,False,False,green_box_quarter,green_box_1_75pct,1.355
2026-04-10,L4,6,4,4787.01,level_name,green_box_edge,green_edge_1,95.25,4764.77,22.24,22.24,False,False,prior_range_fraction,prev_range_0.875,1.295
2026-04-10,L3,7,3,4826.47,level_name,prior_range_fraction,prev_range_0.875,85.240625,4788.305,38.165,38.165,False,False,green_box_edge,green_edge_2,4.68
2026-04-10,L2,8,2,4863.99,level_name,prior_range_fraction,prev_range_0.875,91.7625,4788.305,75.685,75.685,False,False,green_box_midline,green_mid_3,0.35
2026-04-10,L1,9,1,4898.0,level_name,green_box_quarter,green_box_2_75pct,74.274816,4814.555,83.445,83.445,False,False,green_box_edge,green_edge_3,0.47
2026-04-13,L9,1,9,4578.3,level_name,red_box_quarter,red_box_4_25pct,70.301562,4642.1225,-63.8225,63.8225,False,False,red_box_edge,red_edge_4,28.52
2026-04-13,L8,2,8,4616.47,level_name,prior_range_fraction,prev_range_0.25,80.7125,4746.995,-130.525,130.525,False,False,red_box_quarter,red_box_4_75pct,2.1175
2026-04-13,L7,3,7,4653.69,level_name,red_box_quarter,red_box_2_25pct,94.43125,4736.2625,-82.5725,82.5725,False,False,red_box_edge,red_edge_3,0.2
2026-04-13,L6,4,6,4695.33,level_name,prior_hlc,previous_pivot_hlc3,92.570834,4758.413333,-63.083333,63.083333,False,False,red_box_edge,red_edge_2,5.63
2026-04-13,L5,5,5,4737.6,level_name,green_box_edge,green_edge_1,94.7375,4778.03,-40.43,40.43,False,False,red_box_quarter,red_box_2_25pct,1.3375
2026-04-13,L4,6,4,4777.03,level_name,green_box_edge,green_edge_1,95.25,4778.03,-1.0,1.0,True,True,green_box_edge,green_edge_1,1.0
2026-04-13,L3,7,3,4813.32,level_name,prior_range_fraction,prev_range_0.875,85.240625,4787.0825,26.2375,26.2375,False,False,green_box_quarter,green_box_2_75pct,0.0125
2026-04-13,L2,8,2,4853.14,level_name,prior_range_fraction,prev_range_0.875,91.7625,4787.0825,66.0575,66.0575,False,False,green_box_midline,green_mid_3,4.505
2026-04-13,L1,9,1,4895.21,level_name,green_box_quarter,green_box_2_75pct,74.274816,4813.3325,81.8775,81.8775,False,False,green_box_midline,green_mid_4,0.495
2026-04-14,L9,1,9,4567.06,level_name,red_box_quarter,red_box_4_25pct,70.301562,4528.93875,38.12125,38.12125,False,False,red_box_quarter,red_box_3_75pct,4.08875
2026-04-14,L8,2,8,4609.48,level_name,prior_range_fraction,prev_range_0.25,80.7125,4670.5525,-61.0725,61.0725,False,False,red_box_edge,red_edge_2,4.54
2026-04-14,L7,3,7,4648.94,level_name,red_box_quarter,red_box_2_25pct,94.43125,4665.06875,-16.12875,16.12875,False,False,red_box_midline,red_mid_2,0.8875
2026-04-14,L6,4,6,4688.7,level_name,prior_hlc,previous_pivot_hlc3,92.570834,4711.49,-22.79,22.79,False,False,prior_range_fraction,prev_range_0.382,4.13834
2026-04-14,L5,5,5,4728.16,level_name,green_box_edge,green_edge_1,94.7375,4712.085,16.075,16.075,False,False,green_box_quarter,green_box_2_25pct,0.94125
2026-04-14,L4,6,4,4768.21,level_name,green_box_edge,green_edge_1,95.25,4712.085,56.125,56.125,False,False,green_box_quarter,green_box_2_75pct,5.07625
2026-04-14,L3,7,3,4801.48,level_name,prior_range_fraction,prev_range_0.875,85.240625,4736.88375,64.59625,64.59625,False,False,green_box_quarter,green_box_3_25pct,4.31375
2026-04-14,L2,8,2,4838.52,level_name,prior_range_fraction,prev_range_0.875,91.7625,4736.88375,101.63625,101.63625,False,False,green_box_quarter,green_box_3_75pct,7.32125
2026-04-14,L1,9,1,4879.4,level_name,green_box_quarter,green_box_2_75pct,74.274816,4763.13375,116.26625,116.26625,False,False,green_box_midline,green_mid_4,2.8475
2026-04-15,L10,1,10,4643.9,level_name,red_box_midline,red_mid_4,81.46875,4615.705,28.195,28.195,False,False,red_box_edge,red_edge_3,4.75
2026-04-15,L9,2,9,4685.38,level_name,red_box_quarter,red_box_4_25pct,70.301562,4632.1775,53.2025,53.2025,False,False,red_box_midline,red_mid_3,3.785
2026-04-15,L8,3,8,4723.35,level_name,prior_range_fraction,prev_range_0.25,80.7125,4769.985,-46.635,46.635,False,False,red_box_quarter,red_box_2_75pct,7.6625
2026-04-15,L7,4,7,4759.66,level_name,red_box_quarter,red_box_2_25pct,94.43125,4763.9575,-4.2975,4.2975,False,True,green_box_quarter,green_box_1_25pct,1.3525
2026-04-15,L6,5,6,4795.98,level_name,prior_hlc,previous_pivot_hlc3,92.570834,4810.846667,-14.866667,14.866667,False,False,prior_hlc,previous_mid,0.55
2026-04-15,L5,6,5,4833.44,level_name,green_box_edge,green_edge_1,94.7375,4810.43,23.01,23.01,False,False,prior_range_fraction,prev_range_0.875,0.1575
2026-04-15,L4,7,4,4871.18,level_name,green_box_edge,green_edge_1,95.25,4810.43,60.75,60.75,False,False,green_box_edge,green_edge_2,5.14
2026-04-15,L3,8,3,4901.18,level_name,prior_range_fraction,prev_range_0.875,85.240625,4833.5975,67.5825,67.5825,False,False,green_box_midline,green_mid_3,8.085
2026-04-15,L2,9,2,4934.55,level_name,prior_range_fraction,prev_range_0.875,91.7625,4833.5975,100.9525,100.9525,False,False,green_box_edge,green_edge_3,7.66
2026-04-15,L1,10,1,4971.04,level_name,green_box_quarter,green_box_2_75pct,74.274816,4859.8475,111.1925,111.1925,False,False,green_box_midline,green_mid_4,4.115
2026-04-16,L10,1,10,4649.72,level_name,red_box_midline,red_mid_4,81.46875,4668.58,-18.86,18.86,False,False,red_box_quarter,red_box_4_75pct,4.355
2026-04-16,L9,2,9,4692.0,level_name,red_box_quarter,red_box_4_25pct,70.301562,4683.085,8.915,8.915,False,False,red_box_edge,red_edge_3,5.59
2026-04-16,L8,3,8,4727.57,level_name,prior_range_fraction,prev_range_0.25,80.7125,4807.12,-79.55,79.55,False,False,red_box_midline,red_mid_3,0.97
2026-04-16,L7,4,7,4763.58,level_name,red_box_quarter,red_box_2_25pct,94.43125,4799.125,-35.545,35.545,False,False,red_box_quarter,red_box_2_75pct,6.535
2026-04-16,L6,5,6,4796.88,level_name,prior_hlc,previous_pivot_hlc3,92.570834,4815.98,-19.1,19.1,False,False,prior_range_fraction,prev_range_0.125,0.515
2026-04-16,L5,6,5,4833.82,level_name,green_box_edge,green_edge_1,94.7375,4843.63,-9.81,9.81,False,False,green_box_quarter,green_box_1_75pct,4.695
2026-04-16,L4,7,4,4866.37,level_name,green_box_edge,green_edge_1,95.25,4843.63,22.74,22.74,False,False,prior_hlc,previous_high,5.28
2026-04-16,L3,8,3,4903.73,level_name,prior_range_fraction,prev_range_0.875,85.240625,4860.895,42.835,42.835,False,False,green_box_edge,green_edge_2,2.08
2026-04-16,L2,9,2,4936.61,level_name,prior_range_fraction,prev_range_0.875,91.7625,4860.895,75.715,75.715,False,False,green_box_midline,green_mid_3,5.95
2026-04-16,L1,10,1,4968.18,level_name,green_box_quarter,green_box_2_75pct,74.274816,4887.145,81.035,81.035,False,False,green_box_quarter,green_box_4_25pct,5.995
2026-04-17,L10,1,10,4617.26,level_name,red_box_midline,red_mid_4,81.46875,4669.8075,-52.5475,52.5475,False,False,red_box_edge,red_edge_4,28.46
2026-04-17,L9,2,9,4659.65,level_name,red_box_quarter,red_box_4_25pct,70.301562,4681.85125,-22.20125,22.20125,False,False,red_box_quarter,red_box_4_75pct,1.88625
2026-04-17,L8,3,8,4707.18,level_name,prior_range_fraction,prev_range_0.25,80.7125,4788.6575,-81.4775,81.4775,False,False,red_box_quarter,red_box_3_75pct,1.24125
2026-04-17,L7,4,7,4747.74,level_name,red_box_quarter,red_box_2_25pct,94.43125,4778.20125,-30.46125,30.46125,False,False,red_box_edge,red_edge_2,5.67
2026-04-17,L6,5,6,4789.02,level_name,prior_hlc,previous_pivot_hlc3,92.570834,4800.423333,-11.403333,11.403333,False,False,prior_range_fraction,prev_range_0.25,0.3625
2026-04-17,L5,6,5,4822.32,level_name,green_box_edge,green_edge_1,94.7375,4820.245,2.075,2.075,True,True,prior_range_fraction,prev_range_0.75,0.4875
2026-04-17,L4,7,4,4859.83,level_name,green_box_edge,green_edge_1,95.25,4820.245,39.585,39.585,False,False,green_box_quarter,green_box_2_75pct,3.45375
2026-04-17,L3,8,3,4903.73,level_name,prior_range_fraction,prev_range_0.875,85.240625,4830.12625,73.60375,73.60375,False,False,green_box_quarter,green_box_3_75pct,0.82125
2026-04-17,L2,9,2,4940.91,level_name,prior_range_fraction,prev_range_0.875,91.7625,4830.12625,110.78375,110.78375,False,False,green_box_midline,green_mid_4,0.2275
2026-04-17,L1,10,1,4979.05,level_name,green_box_quarter,green_box_2_75pct,74.274816,4856.37625,122.67375,122.67375,False,False,green_box_edge,green_edge_4,14.28
2026-04-20,L10,1,10,4643.92,level_name,red_box_midline,red_mid_4,81.46875,4621.77,22.15,22.15,False,False,red_box_quarter,red_box_4_25pct,2.875
2026-04-20,L9,2,9,4692.51,level_name,red_box_quarter,red_box_4_25pct,70.301562,4641.045,51.465,51.465,False,False,red_box_midline,red_mid_3,6.36
2026-04-20,L8,3,8,4735.56,level_name,prior_range_fraction,prev_range_0.25,80.7125,4798.47,-62.91,62.91,False,False,red_box_edge,red_edge_2,1.86
2026-04-20,L7,4,7,4772.29,level_name,red_box_quarter,red_box_2_25pct,94.43125,4795.245,-22.955,22.955,False,False,red_box_midline,red_mid_2,3.68
2026-04-20,L6,5,6,4808.63,level_name,prior_hlc,previous_pivot_hlc3,92.570834,4830.486667,-21.856667,21.856667,False,False,prior_range_fraction,prev_range_0.333333,0.189959
2026-04-20,L5,6,5,4846.45,level_name,green_box_edge,green_edge_1,94.7375,4844.52,1.93,1.93,True,True,green_box_edge,green_edge_1,1.93
2026-04-20,L4,7,4,4884.09,level_name,green_box_edge,green_edge_1,95.25,4844.52,39.57,39.57,False,False,green_box_midline,green_mid_2,1.02
2026-04-20,L3,8,3,4920.25,level_name,prior_range_fraction,prev_range_0.875,85.240625,4876.095,44.155,44.155,False,False,green_box_edge,green_edge_2,1.37
2026-04-20,L2,9,2,4961.42,level_name,prior_range_fraction,prev_range_0.875,91.7625,4876.095,85.325,85.325,False,False,green_box_midline,green_mid_3,1.25
2026-04-20,L1,10,1,4996.65,level_name,green_box_quarter,green_box_2_75pct,74.274816,4902.345,94.305,94.305,False,False,green_box_edge,green_edge_3,2.07
2026-04-21,L10,1,10,4607.75,level_name,red_box_midline,red_mid_4,81.46875,4616.655,-8.905,8.905,False,False,red_box_quarter,red_box_4_75pct,6.1625
2026-04-21,L9,2,9,4644.31,level_name,red_box_quarter,red_box_4_25pct,70.301562,4631.7225,12.5875,12.5875,False,False,red_box_edge,red_edge_3,2.48
2026-04-21,L8,3,8,4697.37,level_name,prior_range_fraction,prev_range_0.25,80.7125,4759.695,-62.325,62.325,False,False,red_box_quarter,red_box_3_25pct,5.3775
2026-04-21,L7,4,7,4743.45,level_name,red_box_quarter,red_box_2_25pct,94.43125,4752.2625,-8.8125,8.8125,False,False,prior_range_fraction,prev_range_0.125,4.9275
2026-04-21,L6,5,6,4784.68,level_name,prior_hlc,previous_pivot_hlc3,92.570834,4795.106667,-10.426667,10.426667,False,False,red_box_quarter,red_box_1_75pct,2.2825
2026-04-21,L5,6,5,4831.95,level_name,green_box_edge,green_edge_1,94.7375,4797.33,34.62,34.62,False,False,prior_hlc,previous_high,4.35
2026-04-21,L4,7,4,4875.42,level_name,green_box_edge,green_edge_1,95.25,4797.33,78.09,78.09,False,False,green_box_quarter,green_box_3_25pct,2.7525
2026-04-21,L3,8,3,4914.56,level_name,prior_range_fraction,prev_range_0.875,85.240625,4816.2825,98.2775,98.2775,False,False,green_box_edge,green_edge_3,3.31
2026-04-21,L2,9,2,4955.59,level_name,prior_range_fraction,prev_range_0.875,91.7625,4816.2825,139.3075,139.3075,False,False,green_box_quarter,green_box_4_75pct,7.4825
2026-04-21,L1,10,1,4996.65,level_name,green_box_quarter,green_box_2_75pct,74.274816,4842.5325,154.1175,154.1175,False,False,green_box_edge,green_edge_4,18.51
2026-04-22,L9,1,9,4532.6,level_name,red_box_quarter,red_box_4_25pct,70.301562,4516.7175,15.8825,15.8825,False,False,red_box_edge,red_edge_3,8.47
2026-04-22,L8,2,8,4580.82,level_name,prior_range_fraction,prev_range_0.25,80.7125,4709.685,-128.865,128.865,False,False,red_box_midline,red_mid_3,8.955
2026-04-22,L7,3,7,4636.73,level_name,red_box_quarter,red_box_2_25pct,94.43125,4711.5375,-74.8075,74.8075,False,False,red_box_edge,red_edge_2,1.75
2026-04-22,L6,4,6,4694.87,level_name,prior_hlc,previous_pivot_hlc3,92.570834,4740.613333,-45.743333,45.743333,False,False,green_box_quarter,green_box_1_25pct,2.0375
2026-04-22,L5,5,5,4740.11,level_name,green_box_edge,green_edge_1,94.7375,4765.89,-25.78,25.78,False,False,prior_hlc,previous_pivot_hlc3,0.503333
2026-04-22,L4,6,4,4780.53,level_name,green_box_edge,green_edge_1,95.25,4765.89,14.64,14.64,False,False,prior_range_fraction,prev_range_0.666667,2.169945
2026-04-22,L3,7,3,4827.08,level_name,prior_range_fraction,prev_range_0.875,85.240625,4812.6975,14.3825,14.3825,False,False,prior_hlc,previous_high,6.22
2026-04-22,L2,8,2,4869.81,level_name,prior_range_fraction,prev_range_0.875,91.7625,4812.6975,57.1125,57.1125,False,False,green_box_edge,green_edge_2,6.51
2026-04-22,L1,9,1,4914.56,level_name,green_box_quarter,green_box_2_75pct,74.274816,4838.9475,75.6125,75.6125,False,False,green_box_midline,green_mid_3,2.555
2026-04-23,L11,1,11,4610.04,level_name,red_box_quarter,red_box_3_75pct,61.475,4653.1,-43.06,43.06,False,False,red_box_quarter,red_box_4_75pct,0.3
2026-04-23,L10,2,10,4638.18,level_name,red_box_midline,red_mid_4,81.46875,4620.58,17.6,17.6,False,False,red_box_edge,red_edge_3,4.08
2026-04-23,L9,3,9,4672.83,level_name,red_box_quarter,red_box_4_25pct,70.301562,4631.42,41.41,41.41,False,False,red_box_quarter,red_box_3_25pct,1.95
2026-04-23,L8,4,8,4705.18,level_name,prior_range_fraction,prev_range_0.25,80.7125,4729.8,-24.62,24.62,False,False,red_box_midline,red_mid_2,2.12
2026-04-23,L7,5,7,4740.92,level_name,red_box_quarter,red_box_2_25pct,94.43125,4718.14,22.78,22.78,False,False,prior_hlc,previous_close,0.74
2026-04-23,L6,6,6,4783.45,level_name,prior_hlc,previous_pivot_hlc3,92.570834,4742.713333,40.736667,40.736667,False,False,green_box_midline,green_mid_2,2.79
2026-04-23,L5,7,5,4832.75,level_name,green_box_edge,green_edge_1,94.7375,4758.98,73.77,73.77,False,False,green_box_quarter,green_box_3_75pct,2.11
2026-04-23,L4,8,4,4873.73,level_name,green_box_edge,green_edge_1,95.25,4758.98,114.75,114.75,False,False,green_box_quarter,green_box_4_75pct,4.49
2026-04-23,L3,9,3,4914.72,level_name,prior_range_fraction,prev_range_0.875,85.240625,4765.25,149.47,149.47,False,False,green_box_edge,green_edge_4,25.66
2026-04-23,L2,10,2,4956.83,level_name,prior_range_fraction,prev_range_0.875,91.7625,4765.25,191.58,191.58,False,False,green_box_edge,green_edge_4,67.77
2026-04-23,L1,11,1,4992.32,level_name,green_box_quarter,green_box_2_75pct,74.274816,4791.5,200.82,200.82,False,False,green_box_edge,green_edge_4,103.26
2026-04-24,L10,1,10,4581.27,level_name,red_box_midline,red_mid_4,81.46875,4544.6,36.67,36.67,False,False,red_box_edge,red_edge_3,6.77
2026-04-24,L9,2,9,4623.49,level_name,red_box_quarter,red_box_4_25pct,70.301562,4559.55,63.94,63.94,False,False,red_box_quarter,red_box_3_25pct,4.14
2026-04-24,L8,3,8,4662.3,level_name,prior_range_fraction,prev_range_0.25,80.7125,4686.7,-24.4,24.4,False,False,red_box_midline,red_mid_2,1.9
2026-04-24,L7,4,7,4699.63,level_name,red_box_quarter,red_box_2_25pct,94.43125,4679.15,20.48,20.48,False,False,prior_range_fraction,prev_range_0.382,1.1028
2026-04-24,L6,5,6,4737.93,level_name,prior_hlc,previous_pivot_hlc3,92.570834,4704.186667,33.743333,33.743333,False,False,red_box_quarter,red_box_1_25pct,1.02
2026-04-24,L5,6,5,4769.97,level_name,green_box_edge,green_edge_1,94.7375,4724.1,45.87,45.87,False,False,green_box_quarter,green_box_2_75pct,1.02
2026-04-24,L4,7,4,4799.5,level_name,green_box_edge,green_edge_1,95.25,4724.1,75.4,75.4,False,False,green_box_quarter,green_box_3_25pct,0.65
2026-04-24,L3,8,3,4827.25,level_name,prior_range_fraction,prev_range_0.875,85.240625,4742.7,84.55,84.55,False,False,green_box_quarter,green_box_3_75pct,1.5
2026-04-24,L2,9,2,4870.31,level_name,prior_range_fraction,prev_range_0.875,91.7625,4742.7,127.61,127.61,False,False,green_box_midline,green_mid_4,3.29
2026-04-24,L1,10,1,4911.39,level_name,green_box_quarter,green_box_2_75pct,74.274816,4768.95,142.44,142.44,False,False,green_box_edge,green_edge_4,7.89
2026-04-27,L11,1,11,4529.97,level_name,red_box_quarter,red_box_3_75pct,61.475,4585.465,-55.495,55.495,False,False,red_box_quarter,red_box_4_75pct,0.845
2026-04-27,L10,2,10,4576.59,level_name,red_box_midline,red_mid_4,81.46875,4543.21,33.38,33.38,False,False,red_box_edge,red_edge_3,5.21
2026-04-27,L9,3,9,4618.29,level_name,red_box_quarter,red_box_4_25pct,70.301562,4557.295,60.995,60.995,False,False,red_box_quarter,red_box_3_25pct,4.655
2026-04-27,L8,4,8,4654.19,level_name,prior_range_fraction,prev_range_0.25,80.7125,4678.39,-24.2,24.2,False,False,red_box_midline,red_mid_2,1.7
2026-04-27,L7,5,7,4688.57,level_name,red_box_quarter,red_box_2_25pct,94.43125,4669.975,18.595,18.595,False,False,prior_range_fraction,prev_range_0.382,0.73376
2026-04-27,L6,6,6,4722.56,level_name,prior_hlc,previous_pivot_hlc3,92.570834,4701.793333,20.766667,20.766667,False,False,prior_range_fraction,prev_range_0.75,2.83
2026-04-27,L5,7,5,4758.08,level_name,green_box_edge,green_edge_1,94.7375,4714.06,44.02,44.02,False,False,green_box_quarter,green_box_2_75pct,1.765
2026-04-27,L4,8,4,4789.79,level_name,green_box_edge,green_edge_1,95.25,4714.06,75.73,75.73,False,False,green_box_quarter,green_box_3_25pct,5.305
2026-04-27,L3,9,3,4821.87,level_name,prior_range_fraction,prev_range_0.875,85.240625,4730.065,91.805,91.805,False,False,green_box_edge,green_edge_3,4.87
2026-04-27,L2,10,2,4857.78,level_name,prior_range_fraction,prev_range_0.875,91.7625,4730.065,127.715,127.715,False,False,green_box_midline,green_mid_4,2.87
2026-04-27,L1,11,1,4904.5,level_name,green_box_quarter,green_box_2_75pct,74.274816,4756.315,148.185,148.185,False,False,green_box_edge,green_edge_4,21.42
2026-04-28,L9,1,9,4529.97,level_name,red_box_quarter,red_box_4_25pct,70.301562,4579.0725,-49.1025,49.1025,False,False,red_box_edge,red_edge_4,14.25
2026-04-28,L8,2,8,4569.73,level_name,prior_range_fraction,prev_range_0.25,80.7125,4682.895,-113.165,113.165,False,False,red_box_midline,red_mid_4,2.275
2026-04-28,L7,3,7,4609.63,level_name,red_box_quarter,red_box_2_25pct,94.43125,4672.0125,-62.3825,62.3825,False,False,red_box_midline,red_mid_3,4.295
2026-04-28,L6,4,6,4642.74,level_name,prior_hlc,previous_pivot_hlc3,92.570834,4693.006667,-50.266667,50.266667,False,False,red_box_edge,red_edge_2,5.58
2026-04-28,L5,5,5,4687.0,level_name,green_box_edge,green_edge_1,94.7375,4713.63,-26.63,26.63,False,False,prior_range_fraction,prev_range_0.333333,1.139979
2026-04-28,L4,6,4,4724.59,level_name,green_box_edge,green_edge_1,95.25,4713.63,10.96,10.96,False,False,green_box_quarter,green_box_2_25pct,0.6575
2026-04-28,L3,7,3,4755.1,level_name,prior_range_fraction,prev_range_0.875,85.240625,4722.2325,32.8675,32.8675,False,False,green_box_edge,green_edge_2,5.0
2026-04-28,L2,8,2,4784.37,level_name,prior_range_fraction,prev_range_0.875,91.7625,4722.2325,62.1375,62.1375,False,False,green_box_midline,green_mid_3,1.035
2026-04-28,L1,9,1,4817.34,level_name,green_box_quarter,green_box_2_75pct,74.274816,4748.4825,68.8575,68.8575,False,False,green_box_quarter,green_box_4_25pct,0.8475
2026-04-29,L9,1,9,4458.71,level_name,red_box_quarter,red_box_4_25pct,70.301562,4414.4025,44.3075,44.3075,False,False,red_box_quarter,red_box_3_75pct,0.1525
2026-04-29,L8,2,8,4496.38,level_name,prior_range_fraction,prev_range_0.25,80.7125,4591.445,-95.065,95.065,False,False,red_box_quarter,red_box_3_25pct,6.3325
2026-04-29,L7,3,7,4527.79,level_name,red_box_quarter,red_box_2_25pct,94.43125,4591.0225,-63.2325,63.2325,False,False,red_box_edge,red_edge_2,3.0
2026-04-29,L6,4,6,4561.81,level_name,prior_hlc,previous_pivot_hlc3,92.570834,4617.8,-55.99,55.99,False,False,prior_hlc,previous_low,7.02
2026-04-29,L5,5,5,4603.92,level_name,green_box_edge,green_edge_1,94.7375,4643.1,-39.18,39.18,False,False,prior_range_fraction,prev_range_0.333333,0.256716
2026-04-29,L4,6,4,4646.78,level_name,green_box_edge,green_edge_1,95.25,4643.1,3.68,3.68,False,True,prior_range_fraction,prev_range_0.618,1.37884
2026-04-29,L3,7,3,4692.45,level_name,prior_range_fraction,prev_range_0.875,85.240625,4683.0825,9.3675,9.3675,False,False,green_box_midline,green_mid_2,5.195
2026-04-29,L2,8,2,4741.51,level_name,prior_range_fraction,prev_range_0.875,91.7625,4683.0825,58.4275,58.4275,False,False,green_box_edge,green_edge_2,10.1
2026-04-29,L1,9,1,4788.57,level_name,green_box_quarter,green_box_2_75pct,74.274816,4709.3325,79.2375,79.2375,False,False,green_box_quarter,green_box_3_75pct,9.0725
2026-04-30,L10,1,10,4408.11,level_name,red_box_midline,red_mid_4,81.46875,4382.79,25.32,25.32,False,False,red_box_edge,red_edge_3,7.18
2026-04-30,L9,2,9,4446.6,level_name,red_box_quarter,red_box_4_25pct,70.301562,4399.04,47.56,47.56,False,False,red_box_midline,red_mid_3,1.19
2026-04-30,L8,3,8,4486.35,level_name,prior_range_fraction,prev_range_0.25,80.7125,4535.29,-48.94,48.94,False,False,red_box_edge,red_edge_2,6.06
2026-04-30,L7,4,7,4521.25,level_name,red_box_quarter,red_box_2_25pct,94.43125,4529.04,-7.79,7.79,False,False,prior_range_fraction,prev_range_0.125,1.54
2026-04-30,L6,5,6,4555.58,level_name,prior_hlc,previous_pivot_hlc3,92.570834,4554.686667,0.893333,0.893333,True,True,prior_hlc,previous_pivot_hlc3,0.893333
2026-04-30,L5,6,5,4599.33,level_name,green_box_edge,green_edge_1,94.7375,4575.29,24.04,24.04,False,False,prior_range_fraction,prev_range_0.875,1.54
2026-04-30,L4,7,4,4639.2,level_name,green_box_edge,green_edge_1,95.25,4575.29,63.91,63.91,False,False,green_box_edge,green_edge_2,1.09
2026-04-30,L3,8,3,4680.73,level_name,prior_range_fraction,prev_range_0.875,85.240625,4597.79,82.94,82.94,False,False,green_box_midline,green_mid_3,7.94
2026-04-30,L2,9,2,4727.24,level_name,prior_range_fraction,prev_range_0.875,91.7625,4597.79,129.45,129.45,False,False,green_box_quarter,green_box_4_25pct,5.7
2026-04-30,L1,10,1,4771.82,level_name,green_box_quarter,green_box_2_75pct,74.274816,4624.04,147.78,147.78,False,False,green_box_edge,green_edge_4,1.53
2026-05-01,L9,1,9,4440.15,level_name,red_box_quarter,red_box_4_25pct,70.301562,4423.455,16.695,16.695,False,False,red_box_edge,red_edge_3,0.49
2026-05-01,L8,2,8,4486.35,level_name,prior_range_fraction,prev_range_0.25,80.7125,4566.25,-79.9,79.9,False,False,red_box_quarter,red_box_3_25pct,5.845
2026-05-01,L7,3,7,4517.48,level_name,red_box_quarter,red_box_2_25pct,94.43125,4560.935,-43.455,43.455,False,False,red_box_edge,red_edge_2,8.1
2026-05-01,L6,4,6,4556.84,level_name,prior_hlc,previous_pivot_hlc3,92.570834,4602.666667,-45.826667,45.826667,False,False,green_box_quarter,green_box_1_25pct,0.275
2026-05-01,L5,5,5,4599.79,level_name,green_box_edge,green_edge_1,94.7375,4608.12,-8.33,8.33,False,False,prior_hlc,previous_pivot_hlc3,2.876667
2026-05-01,L4,6,4,4640.24,level_name,green_box_edge,green_edge_1,95.25,4608.12,32.12,32.12,False,False,green_box_midline,green_mid_2,2.25
2026-05-01,L3,7,3,4678.08,level_name,prior_range_fraction,prev_range_0.875,85.240625,4633.425,44.655,44.655,False,False,green_box_edge,green_edge_2,1.22
2026-05-01,L2,8,2,4722.31,level_name,prior_range_fraction,prev_range_0.875,91.7625,4633.425,88.885,88.885,False,False,green_box_quarter,green_box_3_75pct,6.105
2026-05-01,L1,9,1,4766.84,level_name,green_box_quarter,green_box_2_75pct,74.274816,4659.675,107.165,107.165,False,False,green_box_quarter,green_box_4_25pct,4.055
2026-05-04,L10,1,10,4403.71,level_name,red_box_midline,red_mid_4,81.46875,4432.7675,-29.0575,29.0575,False,False,red_box_edge,red_edge_4,3.45
2026-05-04,L9,2,9,4448.93,level_name,red_box_quarter,red_box_4_25pct,70.301562,4449.02125,-0.09125,0.09125,True,True,red_box_quarter,red_box_4_25pct,0.09125
2026-05-04,L8,3,8,4484.55,level_name,prior_range_fraction,prev_range_0.25,80.7125,4585.2975,-100.7475,100.7475,False,False,red_box_quarter,red_box_3_75pct,3.02125
2026-05-04,L7,4,7,4522.79,level_name,red_box_quarter,red_box_2_25pct,94.43125,4579.05125,-56.26125,56.26125,False,False,red_box_edge,red_edge_2,7.5
2026-05-04,L6,5,6,4565.35,level_name,prior_hlc,previous_pivot_hlc3,92.570834,4612.046667,-46.696667,46.696667,False,False,red_box_midline,red_mid_2,2.5525
2026-05-04,L5,6,5,4606.0,level_name,green_box_edge,green_edge_1,94.7375,4625.305,-19.305,19.305,False,False,green_box_quarter,green_box_1_75pct,3.05125
2026-05-04,L4,7,4,4645.95,level_name,green_box_edge,green_edge_1,95.25,4625.305,20.645,20.645,False,False,prior_range_fraction,prev_range_0.875,1.86625
2026-05-04,L3,8,3,4688.15,level_name,prior_range_fraction,prev_range_0.875,85.240625,4647.81625,40.33375,40.33375,False,False,green_box_edge,green_edge_2,2.17
2026-05-04,L2,9,2,4734.2,level_name,prior_range_fraction,prev_range_0.875,91.7625,4647.81625,86.38375,86.38375,False,False,green_box_quarter,green_box_3_75pct,4.88125
2026-05-04,L1,10,1,4768.5,level_name,green_box_quarter,green_box_2_75pct,74.274816,4674.06625,94.43375,94.43375,False,False,green_box_quarter,green_box_4_25pct,3.08875
2026-05-05,L11,1,11,4364.06,level_name,red_box_quarter,red_box_3_75pct,61.475,4407.4725,-43.4125,43.4125,False,False,red_box_quarter,red_box_4_25pct,1.4075
2026-05-05,L10,2,10,4408.77,level_name,red_box_midline,red_mid_4,81.46875,4344.465,64.305,64.305,False,False,red_box_quarter,red_box_3_75pct,1.2975
2026-05-05,L9,3,9,4448.93,level_name,red_box_quarter,red_box_4_25pct,70.301562,4365.4675,83.4625,83.4625,False,False,red_box_quarter,red_box_3_25pct,0.5475
2026-05-05,L8,4,8,4484.55,level_name,prior_range_fraction,prev_range_0.25,80.7125,4534.985,-50.435,50.435,False,False,red_box_quarter,red_box_2_75pct,6.9325
2026-05-05,L7,5,7,4518.42,level_name,red_box_quarter,red_box_2_25pct,94.43125,4533.4875,-15.0675,15.0675,False,False,prior_range_fraction,prev_range_0.125,0.6875
2026-05-05,L6,6,6,4558.99,level_name,prior_hlc,previous_pivot_hlc3,92.570834,4554.236667,4.753333,4.753333,False,True,green_box_quarter,green_box_1_75pct,4.4975
2026-05-05,L5,7,5,4598.4,level_name,green_box_edge,green_edge_1,94.7375,4584.49,13.91,13.91,False,False,red_box_midline,red_mid_1,1.905
2026-05-05,L4,8,4,4636.32,level_name,green_box_edge,green_edge_1,95.25,4584.49,51.83,51.83,False,False,prior_hlc,previous_high,2.18
2026-05-05,L3,9,3,4678.85,level_name,prior_range_fraction,prev_range_0.875,85.240625,4621.2475,57.6025,57.6025,False,False,green_box_edge,green_edge_2,10.35
2026-05-05,L2,10,2,4725.0,level_name,prior_range_fraction,prev_range_0.875,91.7625,4621.2475,103.7525,103.7525,False,False,green_box_quarter,green_box_3_75pct,6.5075
2026-05-05,L1,11,1,4768.5,level_name,green_box_quarter,green_box_2_75pct,74.274816,4647.4975,121.0025,121.0025,False,False,green_box_quarter,green_box_4_25pct,5.0125
2026-05-06,L9,1,9,4415.14,level_name,red_box_quarter,red_box_4_25pct,70.301562,4419.2725,-4.1325,4.1325,False,True,red_box_quarter,red_box_4_25pct,4.1325
2026-05-06,L8,2,8,4463.83,level_name,prior_range_fraction,prev_range_0.25,80.7125,4531.915,-68.085,68.085,False,False,red_box_midline,red_mid_3,5.925
2026-05-06,L7,3,7,4510.42,level_name,red_box_quarter,red_box_2_25pct,94.43125,4522.2925,-11.8725,11.8725,False,False,red_box_midline,red_mid_2,1.005
2026-05-06,L6,4,6,4556.82,level_name,prior_hlc,previous_pivot_hlc3,92.570834,4552.51,4.31,4.31,False,True,prior_hlc,previous_close,0.37
2026-05-06,L5,5,5,4601.04,level_name,green_box_edge,green_edge_1,94.7375,4565.17,35.87,35.87,False,False,green_box_quarter,green_box_2_75pct,2.7625
2026-05-06,L4,6,4,4644.75,level_name,green_box_edge,green_edge_1,95.25,4565.17,79.58,79.58,False,False,green_box_midline,green_mid_3,2.315
2026-05-06,L3,7,3,4690.71,level_name,prior_range_fraction,prev_range_0.875,85.240625,4577.5525,113.1575,113.1575,False,False,green_box_midline,green_mid_4,3.235
2026-05-06,L2,8,2,4732.95,level_name,prior_range_fraction,prev_range_0.875,91.7625,4577.5525,155.3975,155.3975,False,False,green_box_edge,green_edge_4,13.25
2026-05-06,L1,9,1,4775.19,level_name,green_box_quarter,green_box_2_75pct,74.274816,4603.8025,171.3875,171.3875,False,False,green_box_edge,green_edge_4,55.49
2026-05-07,L10,1,10,4465.92,level_name,red_box_midline,red_mid_4,81.46875,4361.335,104.585,104.585,False,False,red_box_midline,red_mid_3,1.235
2026-05-07,L9,2,9,4516.14,level_name,red_box_quarter,red_box_4_25pct,70.301562,4387.1725,128.9675,128.9675,False,False,red_box_edge,red_edge_2,0.22
2026-05-07,L8,3,8,4551.69,level_name,prior_range_fraction,prev_range_0.25,80.7125,4590.535,-38.845,38.845,False,False,prior_hlc,previous_low,5.33
2026-05-07,L7,4,7,4599.88,level_name,red_box_quarter,red_box_2_25pct,94.43125,4593.8725,6.0075,6.0075,False,False,green_box_midline,green_mid_1,1.845
2026-05-07,L6,5,6,4638.72,level_name,prior_hlc,previous_pivot_hlc3,92.570834,4653.42,-14.7,14.7,False,False,prior_hlc,previous_mid,4.01
2026-05-07,L5,6,5,4678.95,level_name,green_box_edge,green_edge_1,94.7375,4649.71,29.24,29.24,False,False,prior_range_fraction,prev_range_0.75,0.065
2026-05-07,L4,7,4,4728.08,level_name,green_box_edge,green_edge_1,95.25,4649.71,78.37,78.37,False,False,green_box_quarter,green_box_2_75pct,0.8575
2026-05-07,L3,8,3,4779.54,level_name,prior_range_fraction,prev_range_0.875,85.240625,4700.9725,78.5675,78.5675,False,False,green_box_quarter,green_box_3_25pct,0.6425
2026-05-07,L2,9,2,4820.57,level_name,prior_range_fraction,prev_range_0.875,91.7625,4700.9725,119.5975,119.5975,False,False,green_box_quarter,green_box_3_75pct,10.0025
2026-05-07,L1,10,1,4866.78,level_name,green_box_quarter,green_box_2_75pct,74.274816,4727.2225,139.5575,139.5575,False,False,green_box_edge,green_edge_3,10.37
2026-05-08,L10,1,10,4470.86,level_name,red_box_midline,red_mid_4,81.46875,4573.0275,-102.1675,102.1675,False,False,red_box_edge,red_edge_4,74.77
2026-05-08,L9,2,9,4513.1,level_name,red_box_quarter,red_box_4_25pct,70.301562,4586.72625,-73.62625,73.62625,False,False,red_box_edge,red_edge_4,32.53
2026-05-08,L8,3,8,4554.06,level_name,prior_range_fraction,prev_range_0.25,80.7125,4705.1175,-151.0575,151.0575,False,False,red_box_quarter,red_box_4_75pct,5.26875
2026-05-08,L7,4,7,4595.54,level_name,red_box_quarter,red_box_2_25pct,94.43125,4696.31625,-100.77625,100.77625,False,False,red_box_edge,red_edge_3,4.885
2026-05-08,L6,5,6,4635.49,level_name,prior_hlc,previous_pivot_hlc3,92.570834,4712.37,-76.88,76.88,False,False,red_box_quarter,red_box_3_25pct,6.03125
2026-05-08,L5,6,5,4682.05,level_name,green_box_edge,green_edge_1,94.7375,4740.015,-57.965,57.965,False,False,red_box_midline,red_mid_2,0.5675
2026-05-08,L4,7,4,4730.4,level_name,green_box_edge,green_edge_1,95.25,4740.015,-9.615,9.615,False,False,prior_range_fraction,prev_range_0.618,4.00662
2026-05-08,L3,8,3,4775.19,level_name,prior_range_fraction,prev_range_0.875,85.240625,4754.86125,20.32875,20.32875,False,False,green_box_quarter,green_box_2_75pct,5.92125
2026-05-08,L2,9,2,4822.26,level_name,prior_range_fraction,prev_range_0.875,91.7625,4754.86125,67.39875,67.39875,False,False,green_box_midline,green_mid_3,0.0525
2026-05-08,L1,10,1,4867.3,level_name,green_box_quarter,green_box_2_75pct,74.274816,4781.11125,86.18875,86.18875,False,False,green_box_quarter,green_box_4_25pct,3.99625
2026-05-11,L10,1,10,4564.17,level_name,red_box_midline,red_mid_4,81.46875,4571.1275,-6.9575,6.9575,False,False,red_box_quarter,red_box_4_75pct,5.77625
2026-05-11,L9,2,9,4605.77,level_name,red_box_quarter,red_box_4_25pct,70.301562,4583.86125,21.90875,21.90875,False,False,red_box_quarter,red_box_3_75pct,3.55875
2026-05-11,L8,3,8,4646.51,level_name,prior_range_fraction,prev_range_0.25,80.7125,4695.4975,-48.9875,48.9875,False,False,red_box_edge,red_edge_2,1.02
2026-05-11,L7,4,7,4684.33,level_name,red_box_quarter,red_box_2_25pct,94.43125,4685.73125,-1.40125,1.40125,True,True,red_box_quarter,red_box_2_25pct,1.40125
2026-05-11,L6,5,6,4721.87,level_name,prior_hlc,previous_pivot_hlc3,92.570834,4714.183333,7.686667,7.686667,False,False,prior_range_fraction,prev_range_0.618,0.07566
2026-05-11,L5,6,5,4756.62,level_name,green_box_edge,green_edge_1,94.7375,4728.465,28.155,28.155,False,False,green_box_midline,green_mid_2,2.6875
2026-05-11,L4,7,4,4790.81,level_name,green_box_edge,green_edge_1,95.25,4728.465,62.345,62.345,False,False,green_box_quarter,green_box_3_25pct,1.32375
2026-05-11,L3,8,3,4822.26,level_name,prior_range_fraction,prev_range_0.875,85.240625,4740.41625,81.84375,81.84375,False,False,green_box_quarter,green_box_3_75pct,4.65875
2026-05-11,L2,9,2,4851.37,level_name,prior_range_fraction,prev_range_0.875,91.7625,4740.41625,110.95375,110.95375,False,False,green_box_midline,green_mid_4,4.4325
2026-05-11,L1,10,1,4886.24,level_name,green_box_quarter,green_box_2_75pct,74.274816,4766.66625,119.57375,119.57375,False,False,green_box_edge,green_edge_4,4.97
2026-05-12,L10,1,10,4565.08,level_name,red_box_midline,red_mid_4,81.46875,4520.3825,44.6975,44.6975,False,False,red_box_quarter,red_box_3_75pct,4.19125
2026-05-12,L9,2,9,4601.92,level_name,red_box_quarter,red_box_4_25pct,70.301562,4536.67875,65.24125,65.24125,False,False,red_box_quarter,red_box_3_25pct,0.05625
2026-05-12,L8,3,8,4643.4,level_name,prior_range_fraction,prev_range_0.25,80.7125,4673.2525,-29.8525,29.8525,False,False,prior_hlc,previous_low,4.76
2026-05-12,L7,4,7,4680.73,level_name,red_box_quarter,red_box_2_25pct,94.43125,4667.04875,13.68125,13.68125,False,False,green_box_midline,green_mid_1,0.0225
2026-05-12,L6,5,6,4717.37,level_name,prior_hlc,previous_pivot_hlc3,92.570834,4710.443333,6.926667,6.926667,False,False,red_box_midline,red_mid_1,1.4325
2026-05-12,L5,6,5,4752.28,level_name,green_box_edge,green_edge_1,94.7375,4713.345,38.935,38.935,False,False,prior_hlc,previous_high,3.75
2026-05-12,L4,7,4,4786.09,level_name,green_box_edge,green_edge_1,95.25,4713.345,72.745,72.745,False,False,green_box_edge,green_edge_2,7.56
2026-05-12,L3,8,3,4816.5,level_name,prior_range_fraction,prev_range_0.875,85.240625,4735.98375,80.51625,80.51625,False,False,green_box_midline,green_mid_3,5.3775
2026-05-12,L2,9,2,4845.04,level_name,prior_range_fraction,prev_range_0.875,91.7625,4735.98375,109.05625,109.05625,False,False,green_box_edge,green_edge_3,1.325
2026-05-12,L1,10,1,4879.69,level_name,green_box_quarter,green_box_2_75pct,74.274816,4762.23375,117.45625,117.45625,False,False,green_box_midline,green_mid_4,3.3825
2026-05-13,L10,1,10,4561.33,level_name,red_box_midline,red_mid_4,81.46875,4484.275,77.055,77.055,False,False,red_box_midline,red_mid_3,5.575
2026-05-13,L9,2,9,4599.37,level_name,red_box_quarter,red_box_4_25pct,70.301562,4504.9325,94.4375,94.4375,False,False,red_box_edge,red_edge_2,8.85
2026-05-13,L8,3,8,4634.55,level_name,prior_range_fraction,prev_range_0.25,80.7125,4672.035,-37.485,37.485,False,False,prior_hlc,previous_low,3.67
2026-05-13,L7,4,7,4670.27,level_name,red_box_quarter,red_box_2_25pct,94.43125,4670.1925,0.0775,0.0775,True,True,red_box_quarter,red_box_2_25pct,0.0775
2026-05-13,L6,5,6,4707.42,level_name,prior_hlc,previous_pivot_hlc3,92.570834,4708.95,-1.53,1.53,True,True,prior_hlc,previous_pivot_hlc3,1.53
2026-05-13,L5,6,5,4746.53,level_name,green_box_edge,green_edge_1,94.7375,4720.85,25.68,25.68,False,False,green_box_quarter,green_box_2_25pct,5.0225
2026-05-13,L4,7,4,4786.09,level_name,green_box_edge,green_edge_1,95.25,4720.85,65.24,65.24,False,False,green_box_quarter,green_box_2_75pct,3.2675
2026-05-13,L3,8,3,4821.41,level_name,prior_range_fraction,prev_range_0.875,85.240625,4756.5725,64.8375,64.8375,False,False,green_box_quarter,green_box_3_25pct,2.7275
2026-05-13,L2,9,2,4851.69,level_name,prior_range_fraction,prev_range_0.875,91.7625,4756.5725,95.1175,95.1175,False,False,green_box_midline,green_mid_3,6.895
2026-05-13,L1,10,1,4885.2,level_name,green_box_quarter,green_box_2_75pct,74.274816,4782.8225,102.3775,102.3775,False,False,green_box_edge,green_edge_3,0.91
2026-05-14,L10,1,10,4576.0,level_name,red_box_midline,red_mid_4,81.46875,4573.9875,2.0125,2.0125,True,True,red_box_midline,red_mid_4,2.0125
2026-05-14,L9,2,9,4607.45,level_name,red_box_quarter,red_box_4_25pct,70.301562,4584.90125,22.54875,22.54875,False,False,red_box_quarter,red_box_3_75pct,0.72125
2026-05-14,L8,3,8,4638.74,level_name,prior_range_fraction,prev_range_0.25,80.7125,4683.7975,-45.0575,45.0575,False,False,red_box_edge,red_edge_2,0.73
2026-05-14,L7,4,7,4670.27,level_name,red_box_quarter,red_box_2_25pct,94.43125,4672.21125,-1.94125,1.94125,True,True,prior_hlc,previous_low,0.8
2026-05-14,L6,5,6,4699.33,level_name,prior_hlc,previous_pivot_hlc3,92.570834,4695.01,4.32,4.32,False,True,prior_hlc,previous_mid,1.205
2026-05-14,L5,6,5,4734.88,level_name,green_box_edge,green_edge_1,94.7375,4713.125,21.755,21.755,False,False,green_box_midline,green_mid_2,0.0725
2026-05-14,L4,7,4,4768.67,level_name,green_box_edge,green_edge_1,95.25,4713.125,55.545,55.545,False,False,green_box_quarter,green_box_3_25pct,0.97625
2026-05-14,L3,8,3,4804.81,level_name,prior_range_fraction,prev_range_0.875,85.240625,4719.61625,85.19375,85.19375,False,False,green_box_edge,green_edge_3,4.375
2026-05-14,L2,9,2,4846.55,level_name,prior_range_fraction,prev_range_0.875,91.7625,4719.61625,126.93375,126.93375,False,False,green_box_edge,green_edge_4,2.46
2026-05-14,L1,10,1,4882.6,level_name,green_box_quarter,green_box_2_75pct,74.274816,4745.86625,136.73375,136.73375,False,False,green_box_edge,green_edge_4,38.51
2026-05-15,L10,1,10,4508.18,level_name,red_box_midline,red_mid_4,81.46875,4536.135,-27.955,27.955,False,False,red_box_edge,red_edge_4,1.86
2026-05-15,L9,2,9,4538.59,level_name,red_box_quarter,red_box_4_25pct,70.301562,4549.1825,-10.5925,10.5925,False,False,red_box_midline,red_mid_4,2.455
2026-05-15,L8,3,8,4567.23,level_name,prior_range_fraction,prev_range_0.25,80.7125,4663.015,-95.785,95.785,False,False,red_box_edge,red_edge_3,5.0
2026-05-15,L7,4,7,4600.62,level_name,red_box_quarter,red_box_2_25pct,94.43125,4653.5625,-52.9425,52.9425,False,False,red_box_quarter,red_box_3_25pct,0.7525
2026-05-15,L6,5,6,4635.27,level_name,prior_hlc,previous_pivot_hlc3,92.570834,4671.86,-36.59,36.59,False,False,red_box_midline,red_mid_2,5.245
2026-05-15,L5,6,5,4665.63,level_name,green_box_edge,green_edge_1,94.7375,4696.61,-30.98,30.98,False,False,red_box_edge,red_edge_1,0.98
2026-05-15,L4,7,4,4693.67,level_name,green_box_edge,green_edge_1,95.25,4696.61,-2.94,2.94,True,True,prior_range_fraction,prev_range_0.666667,0.336691
2026-05-15,L3,8,3,4730.45,level_name,prior_range_fraction,prev_range_0.875,85.240625,4709.5025,20.9475,20.9475,False,False,green_box_quarter,green_box_2_75pct,5.3025
2026-05-15,L2,9,2,4762.6,level_name,prior_range_fraction,prev_range_0.875,91.7625,4709.5025,53.0975,53.0975,False,False,green_box_quarter,green_box_3_25pct,0.7525
2026-05-15,L1,10,1,4797.79,level_name,green_box_quarter,green_box_2_75pct,74.274816,4735.7525,62.0375,62.0375,False,False,green_box_edge,green_edge_3,3.2
2026-05-18,L10,1,10,4410.68,level_name,red_box_midline,red_mid_4,81.46875,4343.3325,67.3475,67.3475,False,False,red_box_quarter,red_box_3_75pct,1.67125
2026-05-18,L9,2,9,4434.4,level_name,red_box_quarter,red_box_4_25pct,70.301562,4366.33875,68.06125,68.06125,False,False,red_box_midline,red_mid_3,0.9575
2026-05-18,L8,3,8,4457.13,level_name,prior_range_fraction,prev_range_0.25,80.7125,4549.8825,-92.7525,92.7525,False,False,red_box_quarter,red_box_3_25pct,1.23375
2026-05-18,L7,4,7,4481.32,level_name,red_box_quarter,red_box_2_25pct,94.43125,4550.38875,-69.06875,69.06875,False,False,red_box_edge,red_edge_2,0.05
2026-05-18,L6,5,6,4511.93,level_name,prior_hlc,previous_pivot_hlc3,92.570834,4571.81,-59.88,59.88,False,False,prior_hlc,previous_low,0.56
2026-05-18,L5,6,5,4539.06,level_name,green_box_edge,green_edge_1,94.7375,4603.395,-64.335,64.335,False,False,prior_hlc,previous_close,0.42
2026-05-18,L4,7,4,4564.33,level_name,green_box_edge,green_edge_1,95.25,4603.395,-39.065,39.065,False,False,prior_range_fraction,prev_range_0.333333,1.610051
2026-05-18,L3,8,3,4586.21,level_name,prior_range_fraction,prev_range_0.875,85.240625,4646.16375,-59.95375,59.95375,False,False,prior_hlc,previous_mid,2.185
2026-05-18,L2,9,2,4617.41,level_name,prior_range_fraction,prev_range_0.875,91.7625,4646.16375,-28.75375,28.75375,False,False,red_box_midline,red_mid_1,1.9975
2026-05-18,L1,10,1,4648.61,level_name,green_box_quarter,green_box_2_75pct,74.274816,4672.41375,-23.80375,23.80375,False,False,green_box_midline,green_mid_2,0.7975
2026-05-19,L10,1,10,4462.57,level_name,red_box_midline,red_mid_4,81.46875,4350.16,112.41,112.41,False,False,red_box_quarter,red_box_2_75pct,4.63
2026-05-19,L9,2,9,4484.49,level_name,red_box_quarter,red_box_4_25pct,70.301562,4366.88,117.61,117.61,False,False,red_box_midline,red_mid_2,0.57
2026-05-19,L8,3,8,4507.43,level_name,prior_range_fraction,prev_range_0.25,80.7125,4506.42,1.01,1.01,True,True,prior_range_fraction,prev_range_0.25,1.01
2026-05-19,L7,4,7,4532.84,level_name,red_box_quarter,red_box_2_25pct,94.43125,4500.64,32.2,32.2,False,False,prior_hlc,previous_mid,0.48
2026-05-19,L6,5,6,4558.95,level_name,prior_hlc,previous_pivot_hlc3,92.570834,4543.613333,15.336667,15.336667,False,False,prior_range_fraction,prev_range_0.75,0.65
2026-05-19,L5,6,5,4586.21,level_name,green_box_edge,green_edge_1,94.7375,4547.36,38.85,38.85,False,False,prior_hlc,previous_high,1.97
2026-05-19,L4,7,4,4606.82,level_name,green_box_edge,green_edge_1,95.25,4547.36,59.46,59.46,False,False,green_box_edge,green_edge_2,7.42
2026-05-19,L3,8,3,4631.35,level_name,prior_range_fraction,prev_range_0.875,85.240625,4571.27,60.08,60.08,False,False,green_box_quarter,green_box_3_25pct,0.39
2026-05-19,L2,9,2,4652.95,level_name,prior_range_fraction,prev_range_0.875,91.7625,4571.27,81.68,81.68,False,False,green_box_midline,green_mid_3,5.27
2026-05-19,L1,10,1,4674.56,level_name,green_box_quarter,green_box_2_75pct,74.274816,4597.52,77.04,77.04,False,False,green_box_edge,green_edge_3,6.56
2026-05-20,L9,1,9,4421.98,level_name,red_box_quarter,red_box_4_25pct,70.301562,4335.415,86.565,86.565,False,False,red_box_quarter,red_box_3_25pct,8.385
2026-05-20,L8,2,8,4441.45,level_name,prior_range_fraction,prev_range_0.25,80.7125,4494.73,-53.28,53.28,False,False,red_box_edge,red_edge_2,8.31
2026-05-20,L7,3,7,4462.0,level_name,red_box_quarter,red_box_2_25pct,94.43125,4491.775,-29.775,29.775,False,False,prior_hlc,previous_low,1.14
2026-05-20,L6,4,6,4487.59,level_name,prior_hlc,previous_pivot_hlc3,92.570834,4511.52,-23.93,23.93,False,False,red_box_quarter,red_box_2_25pct,4.185
2026-05-20,L5,5,5,4506.6,level_name,green_box_edge,green_edge_1,94.7375,4541.32,-34.72,34.72,False,False,prior_range_fraction,prev_range_0.333333,1.340042
2026-05-20,L4,6,4,4529.64,level_name,green_box_edge,green_edge_1,95.25,4541.32,-11.68,11.68,False,False,red_box_quarter,red_box_1_75pct,1.225
2026-05-20,L3,7,3,4556.71,level_name,prior_range_fraction,prev_range_0.875,85.240625,4573.705,-16.995,16.995,False,False,prior_range_fraction,prev_range_0.75,1.2
2026-05-20,L2,8,2,4579.14,level_name,prior_range_fraction,prev_range_0.875,91.7625,4573.705,5.435,5.435,False,False,green_box_midline,green_mid_2,1.27
2026-05-20,L1,9,1,4601.48,level_name,green_box_quarter,green_box_2_75pct,74.274816,4599.955,1.525,1.525,True,True,green_box_quarter,green_box_2_75pct,1.525
2026-05-21,L10,1,10,4418.2,level_name,red_box_midline,red_mid_4,81.46875,4326.67,91.53,91.53,False,False,red_box_edge,red_edge_2,5.34
2026-05-21,L9,2,9,4457.38,level_name,red_box_quarter,red_box_4_25pct,70.301562,4342.815,114.565,114.565,False,False,red_box_midline,red_mid_2,1.55
2026-05-21,L8,3,8,4493.34,level_name,prior_range_fraction,prev_range_0.25,80.7125,4478.33,15.01,15.01,False,False,prior_range_fraction,prev_range_0.382,1.92088
2026-05-21,L7,4,7,4524.06,level_name,red_box_quarter,red_box_2_25pct,94.43125,4471.975,52.085,52.085,False,False,red_box_midline,red_mid_1,3.65
2026-05-21,L6,5,6,4554.33,level_name,prior_hlc,previous_pivot_hlc3,92.570834,4516.62,37.71,37.71,False,False,prior_hlc,previous_high,1.63
2026-05-21,L5,6,5,4582.07,level_name,green_box_edge,green_edge_1,94.7375,4518.12,63.95,63.95,False,False,green_box_edge,green_edge_2,0.63
2026-05-21,L4,7,4,4608.29,level_name,green_box_edge,green_edge_1,95.25,4518.12,90.17,90.17,False,False,green_box_midline,green_mid_3,6.7
2026-05-21,L3,8,3,4638.67,level_name,prior_range_fraction,prev_range_0.875,85.240625,4540.305,98.365,98.365,False,False,green_box_quarter,green_box_3_75pct,7.535
2026-05-21,L2,9,2,4666.94,level_name,prior_range_fraction,prev_range_0.875,91.7625,4540.305,126.635,126.635,False,False,green_box_quarter,green_box_4_25pct,3.515
2026-05-21,L1,10,1,4692.27,level_name,green_box_quarter,green_box_2_75pct,74.274816,4566.555,125.715,125.715,False,False,green_box_quarter,green_box_4_75pct,3.445
2026-05-22,L10,1,10,4419.68,level_name,red_box_midline,red_mid_4,81.46875,4373.4475,46.2325,46.2325,False,False,red_box_quarter,red_box_3_75pct,3.96625
2026-05-22,L9,2,9,4452.68,level_name,red_box_quarter,red_box_4_25pct,70.301562,4387.53625,65.14375,65.14375,False,False,red_box_edge,red_edge_2,5.3
2026-05-22,L8,3,8,4487.96,level_name,prior_range_fraction,prev_range_0.25,80.7125,4508.6575,-20.6975,20.6975,False,False,prior_hlc,previous_low,0.02
2026-05-22,L7,4,7,4520.55,level_name,red_box_quarter,red_box_2_25pct,94.43125,4500.24625,20.30375,20.30375,False,False,prior_range_fraction,prev_range_0.382,0.97478
2026-05-22,L6,5,6,4551.77,level_name,prior_hlc,previous_pivot_hlc3,92.570834,4533.906667,17.863333,17.863333,False,False,prior_range_fraction,prev_range_0.75,1.7575
2026-05-22,L5,6,5,4582.41,level_name,green_box_edge,green_edge_1,94.7375,4544.335,38.075,38.075,False,False,green_box_quarter,green_box_2_75pct,4.19125
2026-05-22,L4,7,4,4614.22,level_name,green_box_edge,green_edge_1,95.25,4544.335,69.885,69.885,False,False,green_box_quarter,green_box_3_25pct,0.55875
2026-05-22,L3,8,3,4643.47,level_name,prior_range_fraction,prev_range_0.875,85.240625,4560.35125,83.11875,83.11875,False,False,green_box_quarter,green_box_3_75pct,0.51375
2026-05-22,L2,9,2,4669.36,level_name,prior_range_fraction,prev_range_0.875,91.7625,4560.35125,109.00875,109.00875,False,False,green_box_quarter,green_box_4_25pct,1.77375
2026-05-22,L1,10,1,4694.46,level_name,green_box_quarter,green_box_2_75pct,74.274816,4586.60125,107.85875,107.85875,False,False,green_box_quarter,green_box_4_75pct,4.85125
2026-05-25,L11,1,11,4319.19,level_name,red_box_quarter,red_box_3_75pct,61.475,4426.7675,-107.5775,107.5775,False,False,red_box_edge,red_edge_4,53.04
2026-05-25,L10,2,10,4353.62,level_name,red_box_midline,red_mid_4,81.46875,4394.045,-40.425,40.425,False,False,red_box_edge,red_edge_4,18.61
2026-05-25,L9,3,9,4388.95,level_name,red_box_quarter,red_box_4_25pct,70.301562,4404.9525,-16.0025,16.0025,False,False,red_box_midline,red_mid_4,5.095
2026-05-25,L8,4,8,4427.87,level_name,prior_range_fraction,prev_range_0.25,80.7125,4503.805,-75.935,75.935,False,False,red_box_quarter,red_box_3_75pct,1.1025
2026-05-25,L7,5,7,4462.89,level_name,red_box_quarter,red_box_2_25pct,94.43125,4492.2125,-29.3225,29.3225,False,False,red_box_edge,red_edge_2,3.4
2026-05-25,L6,6,6,4494.67,level_name,prior_hlc,previous_pivot_hlc3,92.570834,4514.713333,-20.043333,20.043333,False,False,prior_range_fraction,prev_range_0.125,1.9775
2026-05-25,L5,7,5,4524.91,level_name,green_box_edge,green_edge_1,94.7375,4533.12,-8.21,8.21,False,False,red_box_midline,red_mid_1,0.025
2026-05-25,L4,8,4,4556.09,level_name,green_box_edge,green_edge_1,95.25,4533.12,22.97,22.97,False,False,green_box_midline,green_mid_2,1.155
2026-05-25,L3,9,3,4586.31,level_name,prior_range_fraction,prev_range_0.875,85.240625,4539.5925,46.7175,46.7175,False,False,green_box_quarter,green_box_3_25pct,1.3475
2026-05-25,L2,10,2,4618.69,level_name,prior_range_fraction,prev_range_0.875,91.7625,4539.5925,79.0975,79.0975,False,False,green_box_edge,green_edge_3,1.69
2026-05-25,L1,11,1,4649.61,level_name,green_box_quarter,green_box_2_75pct,74.274816,4565.8425,83.7675,83.7675,False,False,green_box_quarter,green_box_4_75pct,3.4925
2026-05-26,L9,1,9,4430.17,level_name,red_box_quarter,red_box_4_25pct,70.301562,4453.8025,-23.6325,23.6325,False,False,red_box_quarter,red_box_4_75pct,4.1975
2026-05-26,L8,2,8,4467.81,level_name,prior_range_fraction,prev_range_0.25,80.7125,4544.325,-76.515,76.515,False,False,red_box_edge,red_edge_3,4.29
2026-05-26,L7,3,7,4499.76,level_name,red_box_quarter,red_box_2_25pct,94.43125,4531.5425,-31.7825,31.7825,False,False,red_box_edge,red_edge_2,2.63
2026-05-26,L6,4,6,4529.9,level_name,prior_hlc,previous_pivot_hlc3,92.570834,4561.153333,-31.253333,31.253333,False,False,red_box_quarter,red_box_2_25pct,1.6425
2026-05-26,L5,5,5,4562.44,level_name,green_box_edge,green_edge_1,94.7375,4571.26,-8.82,8.82,False,False,prior_range_fraction,prev_range_0.618,0.54668
2026-05-26,L4,6,4,4593.58,level_name,green_box_edge,green_edge_1,95.25,4571.26,22.32,22.32,False,False,green_box_midline,green_mid_2,2.885
2026-05-26,L3,7,3,4624.67,level_name,prior_range_fraction,prev_range_0.875,85.240625,4574.1625,50.5075,50.5075,False,False,green_box_quarter,green_box_3_25pct,4.8225
2026-05-26,L2,8,2,4652.19,level_name,prior_range_fraction,prev_range_0.875,91.7625,4574.1625,78.0275,78.0275,False,False,green_box_edge,green_edge_3,3.19
2026-05-26,L1,9,1,4679.03,level_name,green_box_quarter,green_box_2_75pct,74.274816,4600.4125,78.6175,78.6175,False,False,green_box_quarter,green_box_4_75pct,0.8775
2026-05-27,L8,1,8,4379.31,level_name,prior_range_fraction,prev_range_0.25,80.7125,4506.54,-127.23,127.23,False,False,red_box_quarter,red_box_4_25pct,7.62
2026-05-27,L7,2,7,4421.27,level_name,red_box_quarter,red_box_2_25pct,94.43125,4500.09,-78.82,78.82,False,False,red_box_midline,red_mid_3,1.43
2026-05-27,L6,3,6,4459.72,level_name,prior_hlc,previous_pivot_hlc3,92.570834,4523.25,-63.53,63.53,False,False,red_box_edge,red_edge_2,7.78
2026-05-27,L5,4,5,4496.68,level_name,green_box_edge,green_edge_1,94.7375,4546.14,-49.46,49.46,False,False,green_box_quarter,green_box_1_25pct,1.31
2026-05-27,L4,5,4,4530.95,level_name,green_box_edge,green_edge_1,95.25,4546.14,-15.19,15.19,False,False,prior_hlc,previous_mid,0.19
2026-05-27,L3,6,3,4559.52,level_name,prior_range_fraction,prev_range_0.875,85.240625,4568.04,-8.52,8.52,False,False,green_box_quarter,green_box_2_25pct,2.67
2026-05-27,L2,7,2,4590.29,level_name,prior_range_fraction,prev_range_0.875,91.7625,4568.04,22.25,22.25,False,False,green_box_quarter,green_box_2_75pct,4.0
2026-05-27,L1,8,1,4614.45,level_name,green_box_quarter,green_box_2_75pct,74.274816,4594.29,20.16,20.16,False,False,green_box_edge,green_edge_2,4.11
2026-05-28,L9,1,9,4305.28,level_name,red_box_quarter,red_box_4_25pct,70.301562,4267.525,37.755,37.755,False,False,red_box_quarter,red_box_3_75pct,3.835
2026-05-28,L8,2,8,4340.39,level_name,prior_range_fraction,prev_range_0.25,80.7125,4435.59,-95.2,95.2,False,False,red_box_quarter,red_box_3_25pct,10.315
2026-05-28,L7,3,7,4379.41,level_name,red_box_quarter,red_box_2_25pct,94.43125,4433.885,-54.475,54.475,False,False,red_box_edge,red_edge_2,7.91
2026-05-28,L6,4,6,4424.0,level_name,prior_hlc,previous_pivot_hlc3,92.570834,4465.18,-41.18,41.18,False,False,green_box_quarter,green_box_1_25pct,1.705
2026-05-28,L5,5,5,4466.16,level_name,green_box_edge,green_edge_1,94.7375,4484.68,-18.52,18.52,False,False,prior_hlc,previous_pivot_hlc3,0.98
2026-05-28,L4,6,4,4495.53,level_name,green_box_edge,green_edge_1,95.25,4484.68,10.85,10.85,False,False,red_box_midline,red_mid_1,0.74
2026-05-28,L3,7,3,4525.95,level_name,prior_range_fraction,prev_range_0.875,85.240625,4520.815,5.135,5.135,False,False,green_box_midline,green_mid_2,0.32
2026-05-28,L2,8,2,4554.61,level_name,prior_range_fraction,prev_range_0.875,91.7625,4520.815,33.795,33.795,False,False,green_box_quarter,green_box_2_75pct,7.545
2026-05-28,L1,9,1,4581.84,level_name,green_box_quarter,green_box_2_75pct,74.274816,4547.065,34.775,34.775,False,False,green_box_quarter,green_box_3_25pct,6.815
2026-05-29,L12,1,12,4315.48,rank_low_to_high,red_box_midline,red_mid_2,72.727679,4381.55,-66.07,66.07,False,False,red_box_quarter,red_box_3_25pct,1.43
2026-05-29,L11,2,11,4346.31,level_name,red_box_quarter,red_box_3_75pct,61.475,4269.05,77.26,77.26,False,False,red_box_edge,red_edge_2,9.76
2026-05-29,L10,3,10,4380.99,level_name,red_box_midline,red_mid_4,81.46875,4201.55,179.44,179.44,False,False,red_box_midline,red_mid_2,0.56
2026-05-29,L9,4,9,4424.27,level_name,red_box_quarter,red_box_4_25pct,70.301562,4224.05,200.22,200.22,False,False,prior_range_fraction,prev_range_0.382,0.42
2026-05-29,L8,5,8,4459.98,level_name,prior_range_fraction,prev_range_0.25,80.7125,4404.05,55.93,55.93,False,False,prior_hlc,previous_pivot_hlc3,0.4
2026-05-29,L7,6,7,4495.62,level_name,red_box_quarter,red_box_2_25pct,94.43125,4404.05,91.57,91.57,False,False,prior_hlc,previous_close,0.02
2026-05-29,L6,7,6,4527.81,level_name,prior_hlc,previous_pivot_hlc3,92.570834,4459.58,68.23,68.23,False,False,green_box_quarter,green_box_2_75pct,3.76
2026-05-29,L5,8,5,4557.79,level_name,green_box_edge,green_edge_1,94.7375,4456.55,101.24,101.24,False,False,green_box_edge,green_edge_2,11.24
2026-05-29,L4,9,4,4586.39,level_name,green_box_edge,green_edge_1,95.25,4456.55,129.84,129.84,False,False,green_box_midline,green_mid_3,5.16
2026-05-29,L3,10,3,4609.91,level_name,prior_range_fraction,prev_range_0.875,85.240625,4497.8,112.11,112.11,False,False,green_box_quarter,green_box_3_75pct,4.14
2026-05-29,L2,11,2,4635.45,level_name,prior_range_fraction,prev_range_0.875,91.7625,4497.8,137.65,137.65,False,False,green_box_edge,green_edge_3,1.1
2026-05-29,L1,12,1,4663.13,level_name,green_box_quarter,green_box_2_75pct,74.274816,4524.05,139.08,139.08,False,False,green_box_quarter,green_box_4_25pct,4.08
2026-06-01,L11,1,11,4393.05,level_name,red_box_quarter,red_box_3_75pct,61.475,4408.0475,-14.9975,14.9975,False,False,red_box_edge,red_edge_3,2.03
2026-06-01,L10,2,10,4426.55,level_name,red_box_midline,red_mid_4,81.46875,4356.965,69.585,69.585,False,False,red_box_midline,red_mid_3,1.475
2026-06-01,L9,3,9,4457.93,level_name,red_box_quarter,red_box_4_25pct,70.301562,4373.9925,83.9375,83.9375,False,False,red_box_edge,red_edge_2,1.2
2026-06-01,L8,4,8,4488.47,level_name,prior_range_fraction,prev_range_0.25,80.7125,4515.685,-27.215,27.215,False,False,prior_hlc,previous_low,0.66
2026-06-01,L7,5,7,4521.97,level_name,red_box_quarter,red_box_2_25pct,94.43125,4510.2125,11.7575,11.7575,False,False,green_box_midline,green_mid_1,1.215
2026-06-01,L6,6,6,4547.84,level_name,prior_hlc,previous_pivot_hlc3,92.570834,4541.87,5.97,5.97,False,False,red_box_quarter,red_box_1_75pct,3.5725
2026-06-01,L5,7,5,4580.08,level_name,green_box_edge,green_edge_1,94.7375,4557.24,22.84,22.84,False,False,red_box_quarter,red_box_1_25pct,1.7575
2026-06-01,L4,8,4,4607.94,level_name,green_box_edge,green_edge_1,95.25,4557.24,50.7,50.7,False,False,green_box_quarter,green_box_2_75pct,0.3825
2026-06-01,L3,9,3,4638.8,level_name,prior_range_fraction,prev_range_0.875,85.240625,4582.0725,56.7275,56.7275,False,False,green_box_quarter,green_box_3_25pct,3.5775
2026-06-01,L2,10,2,4670.16,level_name,prior_range_fraction,prev_range_0.875,91.7625,4582.0725,88.0875,88.0875,False,False,green_box_quarter,green_box_3_75pct,6.2725
2026-06-01,L1,11,1,4697.11,level_name,green_box_quarter,green_box_2_75pct,74.274816,4608.3225,88.7875,88.7875,False,False,green_box_edge,green_edge_3,3.65
2026-06-02,L8,1,8,4370.32,level_name,prior_range_fraction,prev_range_0.25,80.7125,4472.11,-101.79,101.79,False,False,red_box_quarter,red_box_3_75pct,1.235
2026-06-02,L7,2,7,4396.14,level_name,red_box_quarter,red_box_2_25pct,94.43125,4465.715,-69.575,69.575,False,False,red_box_quarter,red_box_3_25pct,5.155
2026-06-02,L6,3,6,4426.17,level_name,prior_hlc,previous_pivot_hlc3,92.570834,4492.766667,-66.596667,66.596667,False,False,red_box_quarter,red_box_2_75pct,7.335
2026-06-02,L5,4,5,4457.53,level_name,green_box_edge,green_edge_1,94.7375,4511.82,-54.29,54.29,False,False,prior_range_fraction,prev_range_0.125,2.225
2026-06-02,L4,5,4,4489.47,level_name,green_box_edge,green_edge_1,95.25,4511.82,-22.35,22.35,False,False,prior_hlc,previous_pivot_hlc3,3.296667
2026-06-02,L3,6,3,4518.38,level_name,prior_range_fraction,prev_range_0.875,85.240625,4533.885,-15.505,15.505,False,False,prior_range_fraction,prev_range_0.75,3.15
2026-06-02,L2,7,2,4543.71,level_name,prior_range_fraction,prev_range_0.875,91.7625,4533.885,9.825,9.825,False,False,green_box_midline,green_mid_2,0.32
2026-06-02,L1,8,1,4573.72,level_name,green_box_quarter,green_box_2_75pct,74.274816,4560.135,13.585,13.585,False,False,green_box_edge,green_edge_2,2.52
2026-06-03,L10,1,10,4369.72,level_name,red_box_midline,red_mid_4,81.46875,4351.5375,18.1825,18.1825,False,False,red_box_quarter,red_box_4_25pct,4.61375
2026-06-03,L9,2,9,4393.78,level_name,red_box_quarter,red_box_4_25pct,70.301562,4365.10625,28.67375,28.67375,False,False,red_box_quarter,red_box_3_75pct,1.53625
2026-06-03,L8,3,8,4423.59,level_name,prior_range_fraction,prev_range_0.25,80.7125,4482.5875,-58.9975,58.9975,False,False,red_box_quarter,red_box_3_25pct,4.20875
2026-06-03,L7,4,7,4455.8,level_name,red_box_quarter,red_box_2_25pct,94.43125,4473.65625,-17.85625,17.85625,False,False,red_box_midline,red_mid_2,4.2875
2026-06-03,L6,5,6,4485.61,level_name,prior_hlc,previous_pivot_hlc3,92.570834,4497.426667,-11.816667,11.816667,False,False,red_box_edge,red_edge_1,1.615
2026-06-03,L5,6,5,4513.17,level_name,green_box_edge,green_edge_1,94.7375,4517.225,-4.055,4.055,False,True,red_box_midline,red_mid_1,1.1925
2026-06-03,L4,7,4,4539.09,level_name,green_box_edge,green_edge_1,95.25,4517.225,21.865,21.865,False,False,prior_hlc,previous_high,2.41
2026-06-03,L3,8,3,4562.69,level_name,prior_range_fraction,prev_range_0.875,85.240625,4531.68125,31.00875,31.00875,False,False,green_box_quarter,green_box_2_75pct,4.75875
2026-06-03,L2,9,2,4586.86,level_name,prior_range_fraction,prev_range_0.875,91.7625,4531.68125,55.17875,55.17875,False,False,green_box_quarter,green_box_3_25pct,1.79125
2026-06-03,L1,10,1,4612.31,level_name,green_box_quarter,green_box_2_75pct,74.274816,4557.93125,54.37875,54.37875,False,False,green_box_quarter,green_box_3_75pct,0.10375
2026-06-04,L7,1,7,4371.46,level_name,red_box_quarter,red_box_2_25pct,94.43125,4434.06375,-62.60375,62.60375,False,False,red_box_midline,red_mid_3,0.2025
2026-06-04,L6,2,6,4399.02,level_name,prior_hlc,previous_pivot_hlc3,92.570834,4452.533333,-53.513333,53.513333,False,False,red_box_edge,red_edge_2,2.64
2026-06-04,L5,3,5,4427.93,level_name,green_box_edge,green_edge_1,94.7375,4476.625,-48.695,48.695,False,False,prior_hlc,previous_low,1.55
2026-06-04,L4,4,4,4457.9,level_name,green_box_edge,green_edge_1,95.25,4476.625,-18.725,18.725,False,False,red_box_quarter,red_box_1_75pct,1.28625
2026-06-04,L3,5,3,4483.96,level_name,prior_range_fraction,prev_range_0.875,85.240625,4488.05875,-4.09875,4.09875,False,True,red_box_quarter,red_box_1_25pct,0.34875
2026-06-04,L2,6,2,4510.78,level_name,prior_range_fraction,prev_range_0.875,91.7625,4488.05875,22.72125,22.72125,False,False,green_box_quarter,green_box_2_75pct,3.52875
2026-06-04,L1,7,1,4536.54,level_name,green_box_quarter,green_box_2_75pct,74.274816,4514.30875,22.23125,22.23125,False,False,green_box_quarter,green_box_3_25pct,2.89125
2026-06-05,L9,1,9,4377.67,level_name,red_box_quarter,red_box_4_25pct,70.301562,4317.915,59.755,59.755,False,False,red_box_quarter,red_box_3_25pct,1.025
2026-06-05,L8,2,8,4404.56,level_name,prior_range_fraction,prev_range_0.25,80.7125,4446.78,-42.22,42.22,False,False,red_box_quarter,red_box_2_75pct,4.525
2026-06-05,L7,3,7,4432.43,level_name,red_box_quarter,red_box_2_25pct,94.43125,4439.475,-7.045,7.045,False,False,prior_range_fraction,prev_range_0.125,2.905
2026-06-05,L6,4,6,4460.74,level_name,prior_hlc,previous_pivot_hlc3,92.570834,4471.5,-10.76,10.76,False,False,prior_range_fraction,prev_range_0.382,1.87408
2026-06-05,L5,5,5,4489.65,level_name,green_box_edge,green_edge_1,94.7375,4484.67,4.98,4.98,False,True,prior_range_fraction,prev_range_0.75,2.91
2026-06-05,L4,6,4,4514.07,level_name,green_box_edge,green_edge_1,95.25,4484.67,29.4,29.4,False,False,green_box_midline,green_mid_2,0.99
2026-06-05,L3,7,3,4540.44,level_name,prior_range_fraction,prev_range_0.875,85.240625,4504.005,36.435,36.435,False,False,green_box_edge,green_edge_2,5.01
2026-06-05,L2,8,2,4566.95,level_name,prior_range_fraction,prev_range_0.875,91.7625,4504.005,62.945,62.945,False,False,green_box_quarter,green_box_3_25pct,6.305
2026-06-05,L1,9,1,4591.77,level_name,green_box_quarter,green_box_2_75pct,74.274816,4530.255,61.515,61.515,False,False,green_box_quarter,green_box_3_75pct,0.735
2026-06-08,L9,1,9,4218.94,level_name,red_box_quarter,red_box_4_25pct,70.301562,4155.51,63.43,63.43,False,False,red_box_midline,red_mid_3,12.35
2026-06-08,L8,2,8,4248.47,level_name,prior_range_fraction,prev_range_0.25,80.7125,4354.83,-106.36,106.36,False,False,red_box_quarter,red_box_3_25pct,8.08
2026-06-08,L7,3,7,4281.09,level_name,red_box_quarter,red_box_2_25pct,94.43125,4357.59,-76.5,76.5,False,False,red_box_edge,red_edge_2,0.72
2026-06-08,L6,4,6,4310.51,level_name,prior_hlc,previous_pivot_hlc3,92.570834,4374.573333,-64.063333,64.063333,False,False,prior_hlc,previous_low,1.3
2026-06-08,L5,5,5,4347.87,level_name,green_box_edge,green_edge_1,94.7375,4412.85,-64.98,64.98,False,False,prior_range_fraction,prev_range_0.25,6.96
2026-06-08,L4,6,4,4373.8,level_name,green_box_edge,green_edge_1,95.25,4412.85,-39.05,39.05,False,False,prior_hlc,previous_pivot_hlc3,0.773333
2026-06-08,L3,7,3,4404.56,level_name,prior_range_fraction,prev_range_0.875,85.240625,4462.38,-57.82,57.82,False,False,red_box_quarter,red_box_1_75pct,3.55
2026-06-08,L2,8,2,4429.89,level_name,prior_range_fraction,prev_range_0.875,91.7625,4462.38,-32.49,32.49,False,False,prior_range_fraction,prev_range_0.666667,3.359943
2026-06-08,L1,9,1,4451.54,level_name,green_box_quarter,green_box_2_75pct,74.274816,4488.63,-37.09,37.09,False,False,red_box_quarter,red_box_1_25pct,7.09
2026-06-09,L8,1,8,4248.47,level_name,prior_range_fraction,prev_range_0.25,80.7125,4289.635,-41.165,41.165,False,False,red_box_quarter,red_box_2_75pct,4.2875
2026-06-09,L7,2,7,4284.94,level_name,red_box_quarter,red_box_2_25pct,94.43125,4281.5125,3.4275,3.4275,False,True,green_box_quarter,green_box_1_25pct,2.1825
2026-06-09,L6,3,6,4313.53,level_name,prior_hlc,previous_pivot_hlc3,92.570834,4317.163333,-3.633333,3.633333,False,True,green_box_quarter,green_box_1_75pct,2.0175
2026-06-09,L5,4,5,4342.11,level_name,green_box_edge,green_edge_1,94.7375,4325.89,16.22,16.22,False,False,prior_range_fraction,prev_range_0.875,0.6625
2026-06-09,L4,5,4,4370.04,level_name,green_box_edge,green_edge_1,95.25,4325.89,44.15,44.15,False,False,green_box_quarter,green_box_2_75pct,1.0175
2026-06-09,L3,6,3,4402.48,level_name,prior_range_fraction,prev_range_0.875,85.240625,4342.7725,59.7075,59.7075,False,False,green_box_quarter,green_box_3_25pct,4.7025
2026-06-09,L2,7,2,4427.53,level_name,prior_range_fraction,prev_range_0.875,91.7625,4342.7725,84.7575,84.7575,False,False,green_box_quarter,green_box_3_75pct,0.9975
2026-06-09,L1,8,1,4457.64,level_name,green_box_quarter,green_box_2_75pct,74.274816,4369.0225,88.6175,88.6175,False,False,green_box_quarter,green_box_4_25pct,2.3525
2026-06-10,L9,1,9,4066.36,level_name,red_box_quarter,red_box_4_25pct,70.301562,4108.7225,-42.3625,42.3625,False,False,red_box_quarter,red_box_4_75pct,3.1275
2026-06-10,L8,2,8,4104.27,level_name,prior_range_fraction,prev_range_0.25,80.7125,4268.545,-164.275,164.275,False,False,red_box_quarter,red_box_4_25pct,4.4525
2026-06-10,L7,3,7,4144.02,level_name,red_box_quarter,red_box_2_25pct,94.43125,4265.6625,-121.6425,121.6425,False,False,red_box_quarter,red_box_3_75pct,3.9375
2026-06-10,L6,4,6,4186.38,level_name,prior_hlc,previous_pivot_hlc3,92.570834,4286.673333,-100.293333,100.293333,False,False,red_box_quarter,red_box_3_25pct,0.8125
2026-06-10,L5,5,5,4222.84,level_name,green_box_edge,green_edge_1,94.7375,4315.28,-92.44,92.44,False,False,red_box_quarter,red_box_2_75pct,3.5875
2026-06-10,L4,6,4,4253.47,level_name,green_box_edge,green_edge_1,95.25,4315.28,-61.81,61.81,False,False,prior_range_fraction,prev_range_0.125,0.7925
2026-06-10,L3,7,3,4289.06,level_name,prior_range_fraction,prev_range_0.875,85.240625,4347.8825,-58.8225,58.8225,False,False,prior_hlc,previous_pivot_hlc3,2.386667
2026-06-10,L2,8,2,4319.78,level_name,prior_range_fraction,prev_range_0.875,91.7625,4347.8825,-28.1025,28.1025,False,False,prior_range_fraction,prev_range_0.666667,1.656709
2026-06-10,L1,9,1,4348.64,level_name,green_box_quarter,green_box_2_75pct,74.274816,4374.1325,-25.4925,25.4925,False,False,prior_range_fraction,prev_range_0.875,0.7575
2026-06-11,L12,1,12,3947.18,rank_low_to_high,red_box_midline,red_mid_2,72.727679,4092.26,-145.08,145.08,False,False,red_box_quarter,red_box_3_75pct,7.03
2026-06-11,L11,2,11,3975.91,level_name,red_box_quarter,red_box_3_75pct,61.475,3954.21,21.7,21.7,False,False,red_box_midline,red_mid_3,5.91
2026-06-11,L10,3,10,4009.44,level_name,red_box_midline,red_mid_4,81.46875,3871.38,138.06,138.06,False,False,red_box_quarter,red_box_3_25pct,0.01
2026-06-11,L9,4,9,4038.18,level_name,red_box_quarter,red_box_4_25pct,70.301562,3898.99,139.19,139.19,False,False,red_box_edge,red_edge_2,1.14
2026-06-11,L8,5,8,4066.36,level_name,prior_range_fraction,prev_range_0.25,80.7125,4114.76,-48.4,48.4,False,False,prior_hlc,previous_low,0.68
2026-06-11,L7,6,7,4097.25,level_name,red_box_quarter,red_box_2_25pct,94.43125,4119.87,-22.62,22.62,False,False,green_box_quarter,green_box_1_25pct,2.6
2026-06-11,L6,7,6,4130.78,level_name,prior_hlc,previous_pivot_hlc3,92.570834,4132.093333,-1.313333,1.313333,True,True,prior_range_fraction,prev_range_0.333333,0.113397
2026-06-11,L5,8,5,4165.1,level_name,green_box_edge,green_edge_1,94.7375,4177.48,-12.38,12.38,False,False,prior_hlc,previous_mid,2.62
2026-06-11,L4,9,4,4194.64,level_name,green_box_edge,green_edge_1,95.25,4177.48,17.16,17.16,False,False,prior_range_fraction,prev_range_0.666667,0.346603
2026-06-11,L3,10,3,4228.96,level_name,prior_range_fraction,prev_range_0.875,85.240625,4234.06,-5.1,5.1,False,False,red_box_quarter,red_box_1_25pct,1.35
2026-06-11,L2,11,2,4262.49,level_name,prior_range_fraction,prev_range_0.875,91.7625,4234.06,28.43,28.43,False,False,green_box_quarter,green_box_2_75pct,2.18
2026-06-11,L1,12,1,4294.42,level_name,green_box_quarter,green_box_2_75pct,74.274816,4260.31,34.11,34.11,False,False,green_box_edge,green_edge_2,6.5
2026-06-12,L12,1,12,3987.31,rank_low_to_high,red_box_midline,red_mid_2,72.727679,4050.4375,-63.1275,63.1275,False,False,red_box_edge,red_edge_2,6.56
2026-06-12,L11,2,11,4013.44,level_name,red_box_quarter,red_box_3_75pct,61.475,3909.01875,104.42125,104.42125,False,False,red_box_quarter,red_box_2_75pct,8.71375
2026-06-12,L10,3,10,4040.26,level_name,red_box_midline,red_mid_4,81.46875,3824.1675,216.0925,216.0925,False,False,prior_range_fraction,prev_range_0.125,8.14375
2026-06-12,L9,4,9,4064.93,level_name,red_box_quarter,red_box_4_25pct,70.301562,3852.45125,212.47875,212.47875,False,False,prior_range_fraction,prev_range_0.25,8.0075
2026-06-12,L8,5,8,4102.9,level_name,prior_range_fraction,prev_range_0.25,80.7125,4072.9375,29.9625,29.9625,False,False,prior_range_fraction,prev_range_0.382,4.05486
2026-06-12,L7,6,7,4130.89,level_name,red_box_quarter,red_box_2_25pct,94.43125,4078.72125,52.16875,52.16875,False,False,red_box_quarter,red_box_1_75pct,4.39875
2026-06-12,L6,7,6,4161.3,level_name,prior_hlc,previous_pivot_hlc3,92.570834,4151.593333,9.706667,9.706667,False,False,red_box_midline,red_mid_1,2.2725
2026-06-12,L5,8,5,4184.94,level_name,green_box_edge,green_edge_1,94.7375,4137.005,47.935,47.935,False,False,red_box_quarter,red_box_1_25pct,6.91625
2026-06-12,L4,9,4,4220.33,level_name,green_box_edge,green_edge_1,95.25,4137.005,83.325,83.325,False,False,prior_hlc,previous_high,0.19
2026-06-12,L3,10,3,4256.37,level_name,prior_range_fraction,prev_range_0.875,85.240625,4195.60625,60.76375,60.76375,False,False,green_box_edge,green_edge_2,6.23
2026-06-12,L2,11,2,4288.22,level_name,prior_range_fraction,prev_range_0.875,91.7625,4195.60625,92.61375,92.61375,False,False,green_box_quarter,green_box_3_25pct,9.79625
2026-06-12,L1,12,1,4325.8,level_name,green_box_quarter,green_box_2_75pct,74.274816,4221.85625,103.94375,103.94375,False,False,green_box_quarter,green_box_3_75pct,9.19125
2026-06-15,L12,1,12,4076.88,rank_low_to_high,red_box_midline,red_mid_2,72.727679,4166.8975,-90.0175,90.0175,False,False,red_box_quarter,red_box_4_25pct,3.00375
2026-06-15,L11,2,11,4115.71,level_name,red_box_quarter,red_box_3_75pct,61.475,4100.45375,15.25625,15.25625,False,False,red_box_midline,red_mid_3,1.9675
2026-06-15,L10,3,10,4147.18,level_name,red_box_midline,red_mid_4,81.46875,4060.5875,86.5925,86.5925,False,False,red_box_quarter,red_box_2_75pct,6.42875
2026-06-15,L9,4,9,4179.47,level_name,red_box_quarter,red_box_4_25pct,70.301562,4073.87625,105.59375,105.59375,False,False,prior_range_fraction,prev_range_0.125,0.38875
2026-06-15,L8,5,8,4209.71,level_name,prior_range_fraction,prev_range_0.25,80.7125,4189.3975,20.3125,20.3125,False,False,green_box_quarter,green_box_1_75pct,0.47625
2026-06-15,L7,6,7,4248.13,level_name,red_box_quarter,red_box_2_25pct,94.43125,4180.18625,67.94375,67.94375,False,False,prior_hlc,previous_high,1.5
2026-06-15,L6,7,6,4281.24,level_name,prior_hlc,previous_pivot_hlc3,92.570834,4211.816667,69.423333,69.423333,False,False,green_box_edge,green_edge_2,4.61
2026-06-15,L5,8,5,4313.94,level_name,green_box_edge,green_edge_1,94.7375,4223.475,90.465,90.465,False,False,green_box_quarter,green_box_3_75pct,2.55625
2026-06-15,L4,9,4,4345.41,level_name,green_box_edge,green_edge_1,95.25,4223.475,121.935,121.935,False,False,green_box_quarter,green_box_4_25pct,2.33625
2026-06-15,L3,10,3,4370.56,level_name,prior_range_fraction,prev_range_0.875,85.240625,4237.09125,133.46875,133.46875,False,False,green_box_quarter,green_box_4_75pct,0.90875
2026-06-15,L2,11,2,4396.2,level_name,prior_range_fraction,prev_range_0.875,91.7625,4237.09125,159.10875,159.10875,False,False,green_box_edge,green_edge_4,13.26
2026-06-15,L1,12,1,4428.24,level_name,green_box_quarter,green_box_2_75pct,74.274816,4263.34125,164.89875,164.89875,False,False,green_box_edge,green_edge_4,45.3
2026-06-16,L10,1,10,4175.52,level_name,red_box_midline,red_mid_4,81.46875,4125.5125,50.0075,50.0075,False,False,red_box_quarter,red_box_3_75pct,2.30125
2026-06-16,L9,2,9,4206.28,level_name,red_box_quarter,red_box_4_25pct,70.301562,4142.94875,63.33125,63.33125,False,False,red_box_quarter,red_box_3_25pct,6.41375
2026-06-16,L8,3,8,4242.06,level_name,prior_range_fraction,prev_range_0.25,80.7125,4287.5025,-45.4425,45.4425,False,False,red_box_quarter,red_box_2_75pct,5.50625
2026-06-16,L7,4,7,4271.91,level_name,red_box_quarter,red_box_2_25pct,94.43125,4282.43875,-10.52875,10.52875,False,False,prior_range_fraction,prev_range_0.125,1.90625
2026-06-16,L6,5,6,4300.22,level_name,prior_hlc,previous_pivot_hlc3,92.570834,4312.926667,-12.706667,12.706667,False,False,red_box_edge,red_edge_1,0.345
2026-06-16,L5,6,5,4329.57,level_name,green_box_edge,green_edge_1,94.7375,4329.875,-0.305,0.305,True,True,green_box_edge,green_edge_1,0.305
2026-06-16,L4,7,4,4358.15,level_name,green_box_edge,green_edge_1,95.25,4329.875,28.275,28.275,False,False,prior_range_fraction,prev_range_0.875,2.21625
2026-06-16,L3,8,3,4398.56,level_name,prior_range_fraction,prev_range_0.875,85.240625,4355.93375,42.62625,42.62625,False,False,green_box_edge,green_edge_2,1.06
2026-06-16,L2,9,2,4430.19,level_name,prior_range_fraction,prev_range_0.875,91.7625,4355.93375,74.25625,74.25625,False,False,green_box_midline,green_mid_3,4.3025
2026-06-16,L1,10,1,4460.45,level_name,green_box_quarter,green_box_2_75pct,74.274816,4382.18375,78.26625,78.26625,False,False,green_box_quarter,green_box_3_75pct,8.52125
2026-06-17,L10,1,10,4205.01,level_name,red_box_midline,red_mid_4,81.46875,4216.105,-11.095,11.095,False,False,red_box_quarter,red_box_4_75pct,1.1775
2026-06-17,L9,2,9,4237.43,level_name,red_box_quarter,red_box_4_25pct,70.301562,4226.0225,11.4075,11.4075,False,False,red_box_edge,red_edge_3,1.49
2026-06-17,L8,3,8,4266.95,level_name,prior_range_fraction,prev_range_0.25,80.7125,4317.945,-50.995,50.995,False,False,red_box_quarter,red_box_3_25pct,1.2575
2026-06-17,L7,4,7,4290.28,level_name,red_box_quarter,red_box_2_25pct,94.43125,4305.3625,-15.0825,15.0825,False,False,red_box_quarter,red_box_2_75pct,4.7525
2026-06-17,L6,5,6,4322.25,level_name,prior_hlc,previous_pivot_hlc3,92.570834,4330.566667,-8.316667,8.316667,False,False,prior_range_fraction,prev_range_0.333333,0.19335
2026-06-17,L5,6,5,4350.94,level_name,green_box_edge,green_edge_1,94.7375,4345.28,5.66,5.66,False,False,prior_range_fraction,prev_range_0.875,2.1575
2026-06-17,L4,7,4,4385.49,level_name,green_box_edge,green_edge_1,95.25,4345.28,40.21,40.21,False,False,green_box_edge,green_edge_2,0.54
2026-06-17,L3,8,3,4424.0,level_name,prior_range_fraction,prev_range_0.875,85.240625,4348.7825,75.2175,75.2175,False,False,green_box_edge,green_edge_3,0.62
2026-06-17,L2,9,2,4456.7,level_name,prior_range_fraction,prev_range_0.875,91.7625,4348.7825,107.9175,107.9175,False,False,green_box_quarter,green_box_4_75pct,2.3275
2026-06-17,L1,10,1,4488.36,level_name,green_box_quarter,green_box_2_75pct,74.274816,4375.0325,113.3275,113.3275,False,False,green_box_edge,green_edge_4,24.07
2026-06-18,L8,1,8,4174.15,level_name,prior_range_fraction,prev_range_0.25,80.7125,4259.895,-85.745,85.745,False,False,red_box_quarter,red_box_3_25pct,9.3025
2026-06-18,L7,2,7,4203.55,level_name,red_box_quarter,red_box_2_25pct,94.43125,4261.5775,-58.0275,58.0275,False,False,red_box_quarter,red_box_2_75pct,9.6625
2026-06-18,L6,3,6,4235.68,level_name,prior_hlc,previous_pivot_hlc3,92.570834,4286.42,-50.74,50.74,False,False,red_box_midline,red_mid_2,1.715
2026-06-18,L5,4,5,4262.79,level_name,green_box_edge,green_edge_1,94.7375,4315.76,-52.97,52.97,False,False,red_box_quarter,red_box_2_25pct,1.2125
2026-06-18,L4,5,4,4293.9,level_name,green_box_edge,green_edge_1,95.25,4315.76,-21.86,21.86,False,False,green_box_quarter,green_box_1_75pct,2.3225
2026-06-18,L3,6,3,4325.68,level_name,prior_range_fraction,prev_range_0.875,85.240625,4362.0575,-36.3775,36.3775,False,False,prior_range_fraction,prev_range_0.666667,2.323388
2026-06-18,L2,7,2,4351.96,level_name,prior_range_fraction,prev_range_0.875,91.7625,4362.0575,-10.0975,10.0975,False,False,red_box_quarter,red_box_1_25pct,6.3475
2026-06-18,L1,8,1,4386.56,level_name,green_box_quarter,green_box_2_75pct,74.274816,4388.3075,-1.7475,1.7475,True,True,green_box_quarter,green_box_2_75pct,1.7475
2026-06-19,L9,1,9,4176.73,level_name,red_box_quarter,red_box_4_25pct,70.301562,4072.55375,104.17625,104.17625,False,False,red_box_edge,red_edge_2,5.17
2026-06-19,L8,2,8,4207.94,level_name,prior_range_fraction,prev_range_0.25,80.7125,4233.6625,-25.7225,25.7225,False,False,prior_hlc,previous_close,1.1
2026-06-19,L7,3,7,4241.28,level_name,red_box_quarter,red_box_2_25pct,94.43125,4230.96375,10.31625,10.31625,False,False,green_box_midline,green_mid_1,0.1175
2026-06-19,L6,4,6,4270.84,level_name,prior_hlc,previous_pivot_hlc3,92.570834,4246.856667,23.983333,23.983333,False,False,red_box_quarter,red_box_1_75pct,0.27375
2026-06-19,L5,5,5,4301.82,level_name,green_box_edge,green_edge_1,94.7375,4280.765,21.055,21.055,False,False,green_box_quarter,green_box_2_25pct,1.25375
2026-06-19,L4,6,4,4332.32,level_name,green_box_edge,green_edge_1,95.25,4280.765,51.555,51.555,False,False,prior_hlc,previous_high,2.35
2026-06-19,L3,7,3,4356.24,level_name,prior_range_fraction,prev_range_0.875,85.240625,4313.91875,42.32125,42.32125,False,False,green_box_edge,green_edge_2,3.73
2026-06-19,L2,8,2,4381.66,level_name,prior_range_fraction,prev_range_0.875,91.7625,4313.91875,67.74125,67.74125,False,False,green_box_quarter,green_box_3_25pct,1.88875
2026-06-19,L1,9,1,4409.65,level_name,green_box_quarter,green_box_2_75pct,74.274816,4340.16875,69.48125,69.48125,False,False,green_box_quarter,green_box_3_75pct,9.72375
2026-06-22,L9,1,9,4035.58,level_name,red_box_quarter,red_box_4_25pct,70.301562,4015.80375,19.77625,19.77625,False,False,red_box_edge,red_edge_3,4.565
2026-06-22,L8,2,8,4069.12,level_name,prior_range_fraction,prev_range_0.25,80.7125,4144.7825,-75.6625,75.6625,False,False,red_box_quarter,red_box_3_25pct,7.52875
2026-06-22,L7,3,7,4106.42,level_name,red_box_quarter,red_box_2_25pct,94.43125,4137.49375,-31.07375,31.07375,False,False,red_box_quarter,red_box_2_75pct,0.65125
2026-06-22,L6,4,6,4140.8,level_name,prior_hlc,previous_pivot_hlc3,92.570834,4163.74,-22.94,22.94,False,False,red_box_quarter,red_box_2_25pct,3.30625
2026-06-22,L5,5,5,4178.43,level_name,green_box_edge,green_edge_1,94.7375,4182.705,-4.275,4.275,False,True,prior_range_fraction,prev_range_0.618,0.09442
2026-06-22,L4,6,4,4216.38,level_name,green_box_edge,green_edge_1,95.25,4182.705,33.675,33.675,False,False,prior_hlc,previous_high,2.83
2026-06-22,L3,7,3,4251.08,level_name,prior_range_fraction,prev_range_0.875,85.240625,4202.08875,48.99125,48.99125,False,False,green_box_edge,green_edge_2,7.53
2026-06-22,L2,8,2,4284.17,level_name,prior_range_fraction,prev_range_0.875,91.7625,4202.08875,82.08125,82.08125,False,False,green_box_quarter,green_box_3_75pct,5.01375
2026-06-22,L1,9,1,4312.71,level_name,green_box_quarter,green_box_2_75pct,74.274816,4228.33875,84.37125,84.37125,False,False,green_box_quarter,green_box_4_25pct,6.89625
2026-06-23,L9,1,9,4033.11,level_name,red_box_quarter,red_box_4_25pct,70.301562,4034.34125,-1.23125,1.23125,True,True,red_box_quarter,red_box_4_25pct,1.23125
2026-06-23,L8,2,8,4066.85,level_name,prior_range_fraction,prev_range_0.25,80.7125,4157.3875,-90.5375,90.5375,False,False,red_box_quarter,red_box_3_75pct,3.78125
2026-06-23,L7,3,7,4101.88,level_name,red_box_quarter,red_box_2_25pct,94.43125,4149.25125,-47.37125,47.37125,False,False,red_box_edge,red_edge_2,4.28
2026-06-23,L6,4,6,4137.23,level_name,prior_hlc,previous_pivot_hlc3,92.570834,4182.83,-45.6,45.6,False,False,prior_hlc,previous_low,1.07
2026-06-23,L5,5,5,4174.21,level_name,green_box_edge,green_edge_1,94.7375,4193.615,-19.405,19.405,False,False,red_box_quarter,red_box_1_75pct,3.76875
2026-06-23,L4,6,4,4212.81,level_name,green_box_edge,green_edge_1,95.25,4193.615,19.195,19.195,False,False,prior_range_fraction,prev_range_0.875,2.35375
2026-06-23,L3,7,3,4243.3,level_name,prior_range_fraction,prev_range_0.875,85.240625,4210.45625,32.84375,32.84375,False,False,green_box_quarter,green_box_2_75pct,6.59375
2026-06-23,L2,8,2,4275.08,level_name,prior_range_fraction,prev_range_0.875,91.7625,4210.45625,64.62375,64.62375,False,False,green_box_midline,green_mid_3,4.7175
2026-06-23,L1,9,1,4310.12,level_name,green_box_quarter,green_box_2_75pct,74.274816,4236.70625,73.41375,73.41375,False,False,green_box_edge,green_edge_3,1.595
2026-06-24,L1,1,10,4033.4,level_name,green_box_quarter,green_box_2_75pct,74.274816,4211.10625,-177.70625,177.70625,False,False,red_box_midline,red_mid_3,6.7675
2026-06-24,L1,2,9,4068.58,level_name,green_box_quarter,green_box_2_75pct,74.274816,4211.10625,-142.52625,142.52625,False,False,red_box_edge,red_edge_2,7.62
2026-06-24,L1,3,8,4106.78,level_name,green_box_quarter,green_box_2_75pct,74.274816,4211.10625,-104.32625,104.32625,False,False,green_box_quarter,green_box_1_25pct,1.34375
2026-06-24,L1,4,7,4142.26,level_name,green_box_quarter,green_box_2_75pct,74.274816,4211.10625,-68.84625,68.84625,False,False,green_box_quarter,green_box_1_75pct,0.19125
2026-06-24,L1,5,6,4177.13,level_name,green_box_quarter,green_box_2_75pct,74.274816,4211.10625,-33.97625,33.97625,False,False,green_box_quarter,green_box_2_25pct,0.35125
2026-06-24,L1,6,5,4213.22,level_name,green_box_quarter,green_box_2_75pct,74.274816,4211.10625,2.11375,2.11375,True,True,green_box_quarter,green_box_2_75pct,2.11375
2026-06-24,L1,7,4,4249.3,level_name,green_box_quarter,green_box_2_75pct,74.274816,4211.10625,38.19375,38.19375,False,False,green_box_quarter,green_box_3_25pct,3.86625
2026-06-24,L1,8,3,4313.29,level_name,green_box_quarter,green_box_2_75pct,74.274816,4211.10625,102.18375,102.18375,False,False,green_box_quarter,green_box_4_25pct,0.79875
2026-06-24,L1,9,2,4351.19,level_name,green_box_quarter,green_box_2_75pct,74.274816,4211.10625,140.08375,140.08375,False,False,green_box_quarter,green_box_4_75pct,2.77375
2026-06-24,L1,10,1,4381.51,level_name,green_box_quarter,green_box_2_75pct,74.274816,4211.10625,170.40375,170.40375,False,False,green_box_edge,green_edge_4,15.93
2026-06-25,L10,1,10,3886.83,level_name,red_box_midline,red_mid_4,81.46875,3786.4875,100.3425,100.3425,False,False,red_box_midline,red_mid_3,5.1875
2026-06-25,L9,2,9,3922.3,level_name,red_box_quarter,red_box_4_25pct,70.301562,3810.27625,112.02375,112.02375,False,False,red_box_edge,red_edge_2,6.92
2026-06-25,L8,3,8,3957.18,level_name,prior_range_fraction,prev_range_0.25,80.7125,3999.2975,-42.1175,42.1175,False,False,prior_hlc,previous_low,2.04
2026-06-25,L7,4,7,3994.26,level_name,red_box_quarter,red_box_2_25pct,94.43125,4000.58625,-6.32625,6.32625,False,False,prior_hlc,previous_close,4.75
2026-06-25,L6,5,6,4029.12,level_name,prior_hlc,previous_pivot_hlc3,92.570834,4025.92,3.2,3.2,False,True,green_box_quarter,green_box_1_75pct,1.46625
2026-06-25,L5,6,5,4062.96,level_name,green_box_edge,green_edge_1,94.7375,4054.375,8.585,8.585,False,False,prior_range_fraction,prev_range_0.666667,3.133387
2026-06-25,L4,7,4,4098.68,level_name,green_box_edge,green_edge_1,95.25,4054.375,44.305,44.305,False,False,prior_range_fraction,prev_range_0.875,0.81125
2026-06-25,L3,8,3,4137.48,level_name,prior_range_fraction,prev_range_0.875,85.240625,4099.49125,37.98875,37.98875,False,False,green_box_quarter,green_box_2_75pct,11.73875
2026-06-25,L2,9,2,4170.41,level_name,prior_range_fraction,prev_range_0.875,91.7625,4099.49125,70.91875,70.91875,False,False,green_box_quarter,green_box_3_25pct,2.90875
2026-06-25,L1,10,1,4204.74,level_name,green_box_quarter,green_box_2_75pct,74.274816,4125.74125,78.99875,78.99875,False,False,green_box_midline,green_mid_3,7.6325
2026-06-26,L10,1,10,3883.65,level_name,red_box_midline,red_mid_4,81.46875,3849.7125,33.9375,33.9375,False,False,red_box_edge,red_edge_3,6.145
2026-06-26,L9,2,9,3922.3,level_name,red_box_quarter,red_box_4_25pct,70.301562,3863.60875,58.69125,58.69125,False,False,red_box_quarter,red_box_3_25pct,3.10625
2026-06-26,L8,3,8,3966.23,level_name,prior_range_fraction,prev_range_0.25,80.7125,3983.3825,-17.1525,17.1525,False,False,prior_hlc,previous_low,3.14
2026-06-26,L7,4,7,4003.24,level_name,red_box_quarter,red_box_2_25pct,94.43125,3974.77875,28.46125,28.46125,False,False,prior_hlc,previous_mid,0.435
2026-06-26,L6,5,6,4036.2,level_name,prior_hlc,previous_pivot_hlc3,92.570834,4011.313333,24.886667,24.886667,False,False,prior_range_fraction,prev_range_0.875,2.08625
2026-06-26,L5,6,5,4070.91,level_name,green_box_edge,green_edge_1,94.7375,4018.675,52.235,52.235,False,False,green_box_edge,green_edge_2,3.35
2026-06-26,L4,7,4,4103.3,level_name,green_box_edge,green_edge_1,95.25,4018.675,84.625,84.625,False,False,green_box_midline,green_mid_3,1.2475
2026-06-26,L3,8,3,4139.74,level_name,prior_range_fraction,prev_range_0.875,85.240625,4034.11375,105.62625,105.62625,False,False,green_box_quarter,green_box_4_25pct,4.00125
2026-06-26,L2,9,2,4174.16,level_name,prior_range_fraction,prev_range_0.875,91.7625,4034.11375,140.04625,140.04625,False,False,green_box_quarter,green_box_4_75pct,2.62625
2026-06-26,L1,10,1,4208.88,level_name,green_box_quarter,green_box_2_75pct,74.274816,4060.36375,148.51625,148.51625,False,False,green_box_edge,green_edge_4,23.45
2026-06-29,L9,1,9,3927.83,level_name,red_box_quarter,red_box_4_25pct,70.301562,3863.76875,64.06125,64.06125,False,False,red_box_quarter,red_box_3_25pct,7.40375
2026-06-29,L8,2,8,3965.24,level_name,prior_range_fraction,prev_range_0.25,80.7125,4011.3325,-46.0925,46.0925,False,False,red_box_quarter,red_box_2_75pct,5.72625
2026-06-29,L7,3,7,4003.96,level_name,red_box_quarter,red_box_2_25pct,94.43125,4006.69875,-2.73875,2.73875,True,True,red_box_quarter,red_box_2_25pct,2.73875
2026-06-29,L6,4,6,4039.56,level_name,prior_hlc,previous_pivot_hlc3,92.570834,4055.846667,-16.286667,16.286667,False,False,prior_hlc,previous_mid,0.005
2026-06-29,L5,5,5,4066.54,level_name,green_box_edge,green_edge_1,94.7375,4054.565,11.975,11.975,False,False,prior_range_fraction,prev_range_0.75,1.2575
2026-06-29,L4,6,4,4097.6,level_name,green_box_edge,green_edge_1,95.25,4054.565,43.035,43.035,False,False,prior_hlc,previous_high,1.57
2026-06-29,L3,7,3,4134.78,level_name,prior_range_fraction,prev_range_0.875,85.240625,4081.91375,52.86625,52.86625,False,False,green_box_edge,green_edge_2,8.75
2026-06-29,L2,8,2,4168.38,level_name,prior_range_fraction,prev_range_0.875,91.7625,4081.91375,86.46625,86.46625,False,False,green_box_midline,green_mid_3,6.6175
2026-06-29,L1,9,1,4198.93,level_name,green_box_quarter,green_box_2_75pct,74.274816,4108.16375,90.76625,90.76625,False,False,green_box_edge,green_edge_3,1.435
2026-06-30,L9,1,9,3892.27,level_name,red_box_quarter,red_box_4_25pct,70.301562,3896.39875,-4.12875,4.12875,False,True,red_box_quarter,red_box_4_25pct,4.12875
2026-06-30,L8,2,8,3929.57,level_name,prior_range_fraction,prev_range_0.25,80.7125,4021.2825,-91.7125,91.7125,False,False,red_box_quarter,red_box_3_75pct,3.91875
2026-06-30,L7,3,7,3967.25,level_name,red_box_quarter,red_box_2_25pct,94.43125,4013.40875,-46.15875,46.15875,False,False,red_box_edge,red_edge_2,2.28
2026-06-30,L6,4,6,4005.44,level_name,prior_hlc,previous_pivot_hlc3,92.570834,4034.206667,-28.766667,28.766667,False,False,prior_range_fraction,prev_range_0.125,4.96625
2026-06-30,L5,5,5,4039.56,level_name,green_box_edge,green_edge_1,94.7375,4058.035,-18.475,18.475,False,False,red_box_quarter,red_box_1_75pct,3.10125
2026-06-30,L4,6,4,4071.63,level_name,green_box_edge,green_edge_1,95.25,4058.035,13.595,13.595,False,False,red_box_quarter,red_box_1_25pct,0.28375
2026-06-30,L3,7,3,4101.68,level_name,prior_range_fraction,prev_range_0.875,85.240625,4075.66375,26.01625,26.01625,False,False,green_box_quarter,green_box_2_75pct,0.23375
2026-06-30,L2,8,2,4137.32,level_name,prior_range_fraction,prev_range_0.875,91.7625,4075.66375,61.65625,61.65625,False,False,green_box_quarter,green_box_3_25pct,6.15375
2026-06-30,L1,9,1,4169.4,level_name,green_box_quarter,green_box_2_75pct,74.274816,4101.91375,67.48625,67.48625,False,False,green_box_edge,green_edge_3,5.645
